[LightGBM] [Warning] min_data_in_leaf is set=3, min_child_samples=20 will be ignored. Current value: min_data_in_leaf=3
[LightGBM] [Warning] feature_fraction is set=0.9, colsample_bytree=1.0 will be ignored. Current value: feature_fraction=0.9
[LightGBM] [Warning] min_data_in_leaf is set=3, min_child_samples=20 will be ignored. Current value: min_data_in_leaf=3
[LightGBM] [Warning] feature_fraction is set=0.9, colsample_bytree=1.0 will be ignored. Current value: feature_fraction=0.9
[LightGBM] [Warning] min_data_in_leaf is set=3, min_child_samples=20 will be ignored. Current value: min_data_in_leaf=3
[LightGBM] [Warning] feature_fraction is set=0.9, colsample_bytree=1.0 will be ignored. Current value: feature_fraction=0.9
[LightGBM] [Warning] min_data_in_leaf is set=3, min_child_samples=20 will be ignored. Current value: min_data_in_leaf=3
[LightGBM] [Warning] feature_fraction is set=0.9, colsample_bytree=1.0 will be ignored. Current value: feature_fraction=0.9
[LightGBM] [Warning] min_data_in_leaf is set=3, min_child_samples=20 will be ignored. Current value: min_data_in_leaf=3
[LightGBM] [Warning] feature_fraction is set=0.9, colsample_bytree=1.0 will be ignored. Current value: feature_fraction=0.9
[LightGBM] [Warning] min_data_in_leaf is set=3, min_child_samples=20 will be ignored. Current value: min_data_in_leaf=3
[LightGBM] [Warning] feature_fraction is set=0.9, colsample_bytree=1.0 will be ignored. Current value: feature_fraction=0.9
[LightGBM] [Warning] min_data_in_leaf is set=3, min_child_samples=20 will be ignored. Current value: min_data_in_leaf=3
[LightGBM] [Warning] feature_fraction is set=0.9, colsample_bytree=1.0 will be ignored. Current value: feature_fraction=0.9
[LightGBM] [Warning] min_data_in_leaf is set=3, min_child_samples=20 will be ignored. Current value: min_data_in_leaf=3
[LightGBM] [Warning] feature_fraction is set=0.9, colsample_bytree=1.0 will be ignored. Current value: feature_fraction=0.9
[LightGBM] [Warning] min_data_in_leaf is set=3, min_child_samples=20 will be ignored. Current value: min_data_in_leaf=3
[LightGBM] [Warning] feature_fraction is set=0.9, colsample_bytree=1.0 will be ignored. Current value: feature_fraction=0.9
[LightGBM] [Warning] min_data_in_leaf is set=3, min_child_samples=20 will be ignored. Current value: min_data_in_leaf=3
[LightGBM] [Warning] feature_fraction is set=0.9, colsample_bytree=1.0 will be ignored. Current value: feature_fraction=0.9
[LightGBM] [Warning] min_data_in_leaf is set=3, min_child_samples=20 will be ignored. Current value: min_data_in_leaf=3
[LightGBM] [Warning] feature_fraction is set=0.9, colsample_bytree=1.0 will be ignored. Current value: feature_fraction=0.9
[LightGBM] [Warning] min_data_in_leaf is set=3, min_child_samples=20 will be ignored. Current value: min_data_in_leaf=3
[LightGBM] [Warning] feature_fraction is set=0.9, colsample_bytree=1.0 will be ignored. Current value: feature_fraction=0.9
[LightGBM] [Warning] min_data_in_leaf is set=3, min_child_samples=20 will be ignored. Current value: min_data_in_leaf=3
[LightGBM] [Warning] feature_fraction is set=0.9, colsample_bytree=1.0 will be ignored. Current value: feature_fraction=0.9
[LightGBM] [Warning] min_data_in_leaf is set=3, min_child_samples=20 will be ignored. Current value: min_data_in_leaf=3
[LightGBM] [Warning] feature_fraction is set=0.9, colsample_bytree=1.0 will be ignored. Current value: feature_fraction=0.9
[ERROR] [2026-07-28 16:00:55,242:Client-AutoPyTorch:CICIoT2023_multiclasse34:42] Prediction for lgb failed with run state StatusType.TIMEOUT.
Additional info:
error: Timeout
configuration_origin: traditional
[WARNING] [2026-07-28 16:00:55,243:Client-AutoPyTorch:CICIoT2023_multiclasse34:42] Not enough time to fit all machine learning models.Please consider increasing the run time to further improve performance.
[ERROR] [2026-07-28 16:12:01,221:Client-AutoPyTorch:RefitLogger:42] Prediction for Configuration(values={
  'coalescer:__choice__': 'NoCoalescer',
  'data_loader:batch_size': 190,
  'encoder:__choice__': 'NoEncoder',
  'feature_preprocessor:PCA:keep_variance': 0.6899271710129055,
  'feature_preprocessor:PCA:whiten': False,
  'feature_preprocessor:__choice__': 'PCA',
  'imputer:numerical_strategy': 'mean',
  'lr_scheduler:ReduceLROnPlateau:factor': 0.2059915620039457,
  'lr_scheduler:ReduceLROnPlateau:mode': 'min',
  'lr_scheduler:ReduceLROnPlateau:patience': 8,
  'lr_scheduler:__choice__': 'ReduceLROnPlateau',
  'network_backbone:ShapedMLPBackbone:activation': 'tanh',
  'network_backbone:ShapedMLPBackbone:max_units': 609,
  'network_backbone:ShapedMLPBackbone:mlp_shape': 'hexagon',
  'network_backbone:ShapedMLPBackbone:num_groups': 2,
  'network_backbone:ShapedMLPBackbone:output_dim': 216,
  'network_backbone:ShapedMLPBackbone:use_dropout': False,
  'network_backbone:__choice__': 'ShapedMLPBackbone',
  'network_embedding:__choice__': 'NoEmbedding',
  'network_head:__choice__': 'fully_connected',
  'network_head:fully_connected:num_layers': 1,
  'network_init:SparseInit:bias_strategy': 'Normal',
  'network_init:__choice__': 'SparseInit',
  'optimizer:AdamWOptimizer:beta1': 0.9049849436510105,
  'optimizer:AdamWOptimizer:beta2': 0.9552872287159965,
  'optimizer:AdamWOptimizer:lr': 0.030651104186151776,
  'optimizer:AdamWOptimizer:weight_decay': 0.06897626258143057,
  'optimizer:__choice__': 'AdamWOptimizer',
  'scaler:__choice__': 'StandardScaler',
  'trainer:StandardTrainer:weighted_loss': True,
  'trainer:__choice__': 'StandardTrainer',
})
 failed with run state StatusType.TIMEOUT.
Additional info:
error: Timeout
configuration_origin: Random Search
[WARNING] [2026-07-28 16:12:01,223:Client-AutoPyTorch:RefitLogger:42] Not enough time to fit all machine learning models.Please consider increasing the run time to further improve performance.
[WARNING] [2026-07-28 16:12:31,565:matplotlib.font_manager] findfont: Font family 'Times New Roman' not found.
[WARNING] [2026-07-28 16:12:31,583:matplotlib.font_manager] findfont: Font family 'Times New Roman' not found.
[WARNING] [2026-07-28 16:12:31,584:matplotlib.font_manager] findfont: Font family 'Times New Roman' not found.
[WARNING] [2026-07-28 16:12:31,585:matplotlib.font_manager] findfont: Font family 'Times New Roman' not found.
[WARNING] [2026-07-28 16:12:31,585:matplotlib.font_manager] findfont: Font family 'Times New Roman' not found.
[WARNING] [2026-07-28 16:12:31,586:matplotlib.font_manager] findfont: Font family 'Times New Roman' not found.
[WARNING] [2026-07-28 16:12:31,587:matplotlib.font_manager] findfont: Font family 'Times New Roman' not found.
[WARNING] [2026-07-28 16:12:31,597:matplotlib.font_manager] findfont: Font family 'Times New Roman' not found.
[WARNING] [2026-07-28 16:12:31,601:matplotlib.font_manager] findfont: Font family 'Times New Roman' not found.
[WARNING] [2026-07-28 16:12:31,639:matplotlib.font_manager] findfont: Font family 'Times New Roman' not found.
[WARNING] [2026-07-28 16:12:31,640:matplotlib.font_manager] findfont: Font family 'Times New Roman' not found.
[WARNING] [2026-07-28 16:12:31,640:matplotlib.font_manager] findfont: Font family 'Times New Roman' not found.
[WARNING] [2026-07-28 16:12:31,641:matplotlib.font_manager] findfont: Font family 'Times New Roman' not found.
[WARNING] [2026-07-28 16:12:31,642:matplotlib.font_manager] findfont: Font family 'Times New Roman' not found.
[WARNING] [2026-07-28 16:12:31,643:matplotlib.font_manager] findfont: Font family 'Times New Roman' not found.
[WARNING] [2026-07-28 16:12:31,643:matplotlib.font_manager] findfont: Font family 'Times New Roman' not found.
[WARNING] [2026-07-28 16:12:31,648:matplotlib.font_manager] findfont: Font family 'Times New Roman' not found.
[WARNING] [2026-07-28 16:12:31,649:matplotlib.font_manager] findfont: Font family 'Times New Roman' not found.
[WARNING] [2026-07-28 16:12:31,667:matplotlib.font_manager] findfont: Font family 'Times New Roman' not found.
[WARNING] [2026-07-28 16:12:31,672:matplotlib.font_manager] findfont: Font family 'Times New Roman' not found.
[WARNING] [2026-07-28 16:12:31,674:matplotlib.font_manager] findfont: Font family 'Times New Roman' not found.
[WARNING] [2026-07-28 16:12:31,676:matplotlib.font_manager] findfont: Font family 'Times New Roman' not found.
[WARNING] [2026-07-28 16:12:31,677:matplotlib.font_manager] findfont: Font family 'Times New Roman' not found.
[WARNING] [2026-07-28 16:12:31,679:matplotlib.font_manager] findfont: Font family 'Times New Roman' not found.
[WARNING] [2026-07-28 16:12:31,680:matplotlib.font_manager] findfont: Font family 'Times New Roman' not found.
[WARNING] [2026-07-28 16:12:31,683:matplotlib.font_manager] findfont: Font family 'Times New Roman' not found.
[WARNING] [2026-07-28 16:12:31,685:matplotlib.font_manager] findfont: Font family 'Times New Roman' not found.
[WARNING] [2026-07-28 16:12:31,688:matplotlib.font_manager] findfont: Font family 'Times New Roman' not found.
[WARNING] [2026-07-28 16:12:31,690:matplotlib.font_manager] findfont: Font family 'Times New Roman' not found.
[WARNING] [2026-07-28 16:12:31,692:matplotlib.font_manager] findfont: Font family 'Times New Roman' not found.
[WARNING] [2026-07-28 16:12:31,696:matplotlib.font_manager] findfont: Font family 'Times New Roman' not found.
[WARNING] [2026-07-28 16:12:31,698:matplotlib.font_manager] findfont: Font family 'Times New Roman' not found.
[WARNING] [2026-07-28 16:12:31,701:matplotlib.font_manager] findfont: Font family 'Times New Roman' not found.
[WARNING] [2026-07-28 16:12:31,702:matplotlib.font_manager] findfont: Font family 'Times New Roman' not found.
[WARNING] [2026-07-28 16:12:31,705:matplotlib.font_manager] findfont: Font family 'Times New Roman' not found.
[WARNING] [2026-07-28 16:12:31,707:matplotlib.font_manager] findfont: Font family 'Times New Roman' not found.
[WARNING] [2026-07-28 16:12:31,710:matplotlib.font_manager] findfont: Font family 'Times New Roman' not found.
[WARNING] [2026-07-28 16:12:31,711:matplotlib.font_manager] findfont: Font family 'Times New Roman' not found.
[WARNING] [2026-07-28 16:12:31,714:matplotlib.font_manager] findfont: Font family 'Times New Roman' not found.
[WARNING] [2026-07-28 16:12:31,825:matplotlib.font_manager] findfont: Font family 'Times New Roman' not found.
[WARNING] [2026-07-28 16:12:31,826:matplotlib.font_manager] findfont: Font family 'Times New Roman' not found.
[WARNING] [2026-07-28 16:12:31,827:matplotlib.font_manager] findfont: Font family 'Times New Roman' not found.
[WARNING] [2026-07-28 16:12:31,827:matplotlib.font_manager] findfont: Font family 'Times New Roman' not found.
[WARNING] [2026-07-28 16:12:31,828:matplotlib.font_manager] findfont: Font family 'Times New Roman' not found.
[WARNING] [2026-07-28 16:12:31,829:matplotlib.font_manager] findfont: Font family 'Times New Roman' not found.
[WARNING] [2026-07-28 16:12:31,830:matplotlib.font_manager] findfont: Font family 'Times New Roman' not found.
[WARNING] [2026-07-28 16:12:31,835:matplotlib.font_manager] findfont: Font family 'Times New Roman' not found.
[WARNING] [2026-07-28 16:12:31,835:matplotlib.font_manager] findfont: Font family 'Times New Roman' not found.
[WARNING] [2026-07-28 16:12:31,850:matplotlib.font_manager] findfont: Font family 'Times New Roman' not found.
[WARNING] [2026-07-28 16:12:31,853:matplotlib.font_manager] findfont: Font family 'Times New Roman' not found.
[WARNING] [2026-07-28 16:12:31,854:matplotlib.font_manager] findfont: Font family 'Times New Roman' not found.
[WARNING] [2026-07-28 16:12:31,856:matplotlib.font_manager] findfont: Font family 'Times New Roman' not found.
[WARNING] [2026-07-28 16:12:31,857:matplotlib.font_manager] findfont: Font family 'Times New Roman' not found.
[WARNING] [2026-07-28 16:12:31,859:matplotlib.font_manager] findfont: Font family 'Times New Roman' not found.
[WARNING] [2026-07-28 16:12:31,861:matplotlib.font_manager] findfont: Font family 'Times New Roman' not found.
[WARNING] [2026-07-28 16:12:31,863:matplotlib.font_manager] findfont: Font family 'Times New Roman' not found.
[WARNING] [2026-07-28 16:12:31,864:matplotlib.font_manager] findfont: Font family 'Times New Roman' not found.
[WARNING] [2026-07-28 16:12:31,866:matplotlib.font_manager] findfont: Font family 'Times New Roman' not found.
[WARNING] [2026-07-28 16:12:31,867:matplotlib.font_manager] findfont: Font family 'Times New Roman' not found.
[WARNING] [2026-07-28 16:12:31,869:matplotlib.font_manager] findfont: Font family 'Times New Roman' not found.
[WARNING] [2026-07-28 16:12:31,871:matplotlib.font_manager] findfont: Font family 'Times New Roman' not found.
[WARNING] [2026-07-28 16:12:31,873:matplotlib.font_manager] findfont: Font family 'Times New Roman' not found.
[WARNING] [2026-07-28 16:12:31,877:matplotlib.font_manager] findfont: Font family 'Times New Roman' not found.
[WARNING] [2026-07-28 16:12:31,878:matplotlib.font_manager] findfont: Font family 'Times New Roman' not found.
[WARNING] [2026-07-28 16:12:31,881:matplotlib.font_manager] findfont: Font family 'Times New Roman' not found.
[WARNING] [2026-07-28 16:12:31,882:matplotlib.font_manager] findfont: Font family 'Times New Roman' not found.
[WARNING] [2026-07-28 16:12:31,886:matplotlib.font_manager] findfont: Font family 'Times New Roman' not found.
[WARNING] [2026-07-28 16:12:31,888:matplotlib.font_manager] findfont: Font family 'Times New Roman' not found.
[WARNING] [2026-07-28 16:12:31,889:matplotlib.font_manager] findfont: Font family 'Times New Roman' not found.
[WARNING] [2026-07-28 16:12:31,891:matplotlib.font_manager] findfont: Font family 'Times New Roman' not found.
[WARNING] [2026-07-28 16:12:31,892:matplotlib.font_manager] findfont: Font family 'Times New Roman' not found.
[WARNING] [2026-07-28 16:12:31,893:matplotlib.font_manager] findfont: Font family 'Times New Roman' not found.
[WARNING] [2026-07-28 16:12:31,895:matplotlib.font_manager] findfont: Font family 'Times New Roman' not found.
[WARNING] [2026-07-28 16:12:31,896:matplotlib.font_manager] findfont: Font family 'Times New Roman' not found.
[WARNING] [2026-07-28 16:12:31,898:matplotlib.font_manager] findfont: Font family 'Times New Roman' not found.
[WARNING] [2026-07-28 16:12:31,900:matplotlib.font_manager] findfont: Font family 'Times New Roman' not found.
[WARNING] [2026-07-28 16:12:31,902:matplotlib.font_manager] findfont: Font family 'Times New Roman' not found.
[WARNING] [2026-07-28 16:12:31,903:matplotlib.font_manager] findfont: Font family 'Times New Roman' not found.
[WARNING] [2026-07-28 16:12:31,905:matplotlib.font_manager] findfont: Font family 'Times New Roman' not found.
[WARNING] [2026-07-28 16:12:31,906:matplotlib.font_manager] findfont: Font family 'Times New Roman' not found.
[WARNING] [2026-07-28 16:12:31,908:matplotlib.font_manager] findfont: Font family 'Times New Roman' not found.
[WARNING] [2026-07-28 16:12:31,910:matplotlib.font_manager] findfont: Font family 'Times New Roman' not found.
[WARNING] [2026-07-28 16:12:31,911:matplotlib.font_manager] findfont: Font family 'Times New Roman' not found.
[WARNING] [2026-07-28 16:12:31,913:matplotlib.font_manager] findfont: Font family 'Times New Roman' not found.
[WARNING] [2026-07-28 16:12:31,914:matplotlib.font_manager] findfont: Font family 'Times New Roman' not found.
[WARNING] [2026-07-28 16:12:31,916:matplotlib.font_manager] findfont: Font family 'Times New Roman' not found.
[WARNING] [2026-07-28 16:12:31,918:matplotlib.font_manager] findfont: Font family 'Times New Roman' not found.
[WARNING] [2026-07-28 16:12:31,919:matplotlib.font_manager] findfont: Font family 'Times New Roman' not found.
[WARNING] [2026-07-28 16:12:31,920:matplotlib.font_manager] findfont: Font family 'Times New Roman' not found.
[WARNING] [2026-07-28 16:12:31,921:matplotlib.font_manager] findfont: Font family 'Times New Roman' not found.
[WARNING] [2026-07-28 16:12:31,923:matplotlib.font_manager] findfont: Font family 'Times New Roman' not found.
[WARNING] [2026-07-28 16:12:31,925:matplotlib.font_manager] findfont: Font family 'Times New Roman' not found.
[WARNING] [2026-07-28 16:12:31,926:matplotlib.font_manager] findfont: Font family 'Times New Roman' not found.
[WARNING] [2026-07-28 16:12:31,928:matplotlib.font_manager] findfont: Font family 'Times New Roman' not found.
[WARNING] [2026-07-28 16:12:31,928:matplotlib.font_manager] findfont: Font family 'Times New Roman' not found.
[WARNING] [2026-07-28 16:12:31,930:matplotlib.font_manager] findfont: Font family 'Times New Roman' not found.
[WARNING] [2026-07-28 16:12:31,932:matplotlib.font_manager] findfont: Font family 'Times New Roman' not found.
[WARNING] [2026-07-28 16:12:31,933:matplotlib.font_manager] findfont: Font family 'Times New Roman' not found.
[WARNING] [2026-07-28 16:12:31,936:matplotlib.font_manager] findfont: Font family 'Times New Roman' not found.
[WARNING] [2026-07-28 16:12:31,937:matplotlib.font_manager] findfont: Font family 'Times New Roman' not found.
[WARNING] [2026-07-28 16:12:33,160:matplotlib.font_manager] findfont: Font family 'Times New Roman' not found.
[WARNING] [2026-07-28 16:12:33,161:matplotlib.font_manager] findfont: Font family 'Times New Roman' not found.
[WARNING] [2026-07-28 16:12:33,162:matplotlib.font_manager] findfont: Font family 'Times New Roman' not found.
[WARNING] [2026-07-28 16:12:33,163:matplotlib.font_manager] findfont: Font family 'Times New Roman' not found.
[WARNING] [2026-07-28 16:12:33,164:matplotlib.font_manager] findfont: Font family 'Times New Roman' not found.
[WARNING] [2026-07-28 16:12:33,164:matplotlib.font_manager] findfont: Font family 'Times New Roman' not found.
[WARNING] [2026-07-28 16:12:33,165:matplotlib.font_manager] findfont: Font family 'Times New Roman' not found.
[WARNING] [2026-07-28 16:12:33,170:matplotlib.font_manager] findfont: Font family 'Times New Roman' not found.
[WARNING] [2026-07-28 16:12:33,171:matplotlib.font_manager] findfont: Font family 'Times New Roman' not found.
[WARNING] [2026-07-28 16:12:33,311:matplotlib.font_manager] findfont: Font family 'Times New Roman' not found.
[WARNING] [2026-07-28 16:12:33,312:matplotlib.font_manager] findfont: Font family 'Times New Roman' not found.
[WARNING] [2026-07-28 16:12:33,313:matplotlib.font_manager] findfont: Font family 'Times New Roman' not found.
[WARNING] [2026-07-28 16:12:33,314:matplotlib.font_manager] findfont: Font family 'Times New Roman' not found.
[WARNING] [2026-07-28 16:12:33,315:matplotlib.font_manager] findfont: Font family 'Times New Roman' not found.
[WARNING] [2026-07-28 16:12:33,316:matplotlib.font_manager] findfont: Font family 'Times New Roman' not found.
[WARNING] [2026-07-28 16:12:33,317:matplotlib.font_manager] findfont: Font family 'Times New Roman' not found.
[WARNING] [2026-07-28 16:12:33,322:matplotlib.font_manager] findfont: Font family 'Times New Roman' not found.
[WARNING] [2026-07-28 16:12:33,323:matplotlib.font_manager] findfont: Font family 'Times New Roman' not found.
[WARNING] [2026-07-28 16:12:33,394:matplotlib.font_manager] findfont: Font family 'Times New Roman' not found.
[WARNING] [2026-07-28 16:12:33,395:matplotlib.font_manager] findfont: Font family 'Times New Roman' not found.
[WARNING] [2026-07-28 16:12:33,397:matplotlib.font_manager] findfont: Font family 'Times New Roman' not found.
[WARNING] [2026-07-28 16:12:33,399:matplotlib.font_manager] findfont: Font family 'Times New Roman' not found.
[WARNING] [2026-07-28 16:12:33,401:matplotlib.font_manager] findfont: Font family 'Times New Roman' not found.
[WARNING] [2026-07-28 16:12:33,402:matplotlib.font_manager] findfont: Font family 'Times New Roman' not found.
[WARNING] [2026-07-28 16:12:33,404:matplotlib.font_manager] findfont: Font family 'Times New Roman' not found.
[WARNING] [2026-07-28 16:12:33,406:matplotlib.font_manager] findfont: Font family 'Times New Roman' not found.
[WARNING] [2026-07-28 16:12:33,408:matplotlib.font_manager] findfont: Font family 'Times New Roman' not found.
[WARNING] [2026-07-28 16:12:33,409:matplotlib.font_manager] findfont: Font family 'Times New Roman' not found.
[WARNING] [2026-07-28 16:12:33,411:matplotlib.font_manager] findfont: Font family 'Times New Roman' not found.
[WARNING] [2026-07-28 16:12:33,413:matplotlib.font_manager] findfont: Font family 'Times New Roman' not found.
[WARNING] [2026-07-28 16:12:33,415:matplotlib.font_manager] findfont: Font family 'Times New Roman' not found.
[WARNING] [2026-07-28 16:12:33,416:matplotlib.font_manager] findfont: Font family 'Times New Roman' not found.
[WARNING] [2026-07-28 16:12:33,418:matplotlib.font_manager] findfont: Font family 'Times New Roman' not found.
[WARNING] [2026-07-28 16:12:33,421:matplotlib.font_manager] findfont: Font family 'Times New Roman' not found.
[WARNING] [2026-07-28 16:12:33,423:matplotlib.font_manager] findfont: Font family 'Times New Roman' not found.
[WARNING] [2026-07-28 16:12:33,424:matplotlib.font_manager] findfont: Font family 'Times New Roman' not found.
[WARNING] [2026-07-28 16:12:33,426:matplotlib.font_manager] findfont: Font family 'Times New Roman' not found.
[WARNING] [2026-07-28 16:12:33,429:matplotlib.font_manager] findfont: Font family 'Times New Roman' not found.
[WARNING] [2026-07-28 16:12:33,431:matplotlib.font_manager] findfont: Font family 'Times New Roman' not found.
[WARNING] [2026-07-28 16:12:33,433:matplotlib.font_manager] findfont: Font family 'Times New Roman' not found.
[WARNING] [2026-07-28 16:12:33,435:matplotlib.font_manager] findfont: Font family 'Times New Roman' not found.
[WARNING] [2026-07-28 16:12:33,437:matplotlib.font_manager] findfont: Font family 'Times New Roman' not found.
[WARNING] [2026-07-28 16:12:33,439:matplotlib.font_manager] findfont: Font family 'Times New Roman' not found.
[WARNING] [2026-07-28 16:12:33,441:matplotlib.font_manager] findfont: Font family 'Times New Roman' not found.
[WARNING] [2026-07-28 16:12:33,443:matplotlib.font_manager] findfont: Font family 'Times New Roman' not found.
[WARNING] [2026-07-28 16:12:33,446:matplotlib.font_manager] findfont: Font family 'Times New Roman' not found.
[WARNING] [2026-07-28 16:12:33,448:matplotlib.font_manager] findfont: Font family 'Times New Roman' not found.
[WARNING] [2026-07-28 16:12:33,449:matplotlib.font_manager] findfont: Font family 'Times New Roman' not found.
[WARNING] [2026-07-28 16:12:33,451:matplotlib.font_manager] findfont: Font family 'Times New Roman' not found.
[WARNING] [2026-07-28 16:12:33,454:matplotlib.font_manager] findfont: Font family 'Times New Roman' not found.
[WARNING] [2026-07-28 16:12:33,456:matplotlib.font_manager] findfont: Font family 'Times New Roman' not found.
[WARNING] [2026-07-28 16:12:33,460:matplotlib.font_manager] findfont: Font family 'Times New Roman' not found.
[WARNING] [2026-07-28 16:12:33,462:matplotlib.font_manager] findfont: Font family 'Times New Roman' not found.
[WARNING] [2026-07-28 16:12:33,464:matplotlib.font_manager] findfont: Font family 'Times New Roman' not found.
[WARNING] [2026-07-28 16:12:33,466:matplotlib.font_manager] findfont: Font family 'Times New Roman' not found.
[WARNING] [2026-07-28 16:12:33,469:matplotlib.font_manager] findfont: Font family 'Times New Roman' not found.
[WARNING] [2026-07-28 16:12:33,472:matplotlib.font_manager] findfont: Font family 'Times New Roman' not found.
[WARNING] [2026-07-28 16:12:33,477:matplotlib.font_manager] findfont: Font family 'Times New Roman' not found.
[WARNING] [2026-07-28 16:12:33,484:matplotlib.font_manager] findfont: Font family 'Times New Roman' not found.
[WARNING] [2026-07-28 16:12:33,486:matplotlib.font_manager] findfont: Font family 'Times New Roman' not found.
[WARNING] [2026-07-28 16:12:33,489:matplotlib.font_manager] findfont: Font family 'Times New Roman' not found.
[WARNING] [2026-07-28 16:12:33,491:matplotlib.font_manager] findfont: Font family 'Times New Roman' not found.
[WARNING] [2026-07-28 16:12:33,495:matplotlib.font_manager] findfont: Font family 'Times New Roman' not found.
[WARNING] [2026-07-28 16:12:33,497:matplotlib.font_manager] findfont: Font family 'Times New Roman' not found.
[WARNING] [2026-07-28 16:12:33,499:matplotlib.font_manager] findfont: Font family 'Times New Roman' not found.
[WARNING] [2026-07-28 16:12:33,501:matplotlib.font_manager] findfont: Font family 'Times New Roman' not found.
[WARNING] [2026-07-28 16:12:33,504:matplotlib.font_manager] findfont: Font family 'Times New Roman' not found.
[WARNING] [2026-07-28 16:12:33,507:matplotlib.font_manager] findfont: Font family 'Times New Roman' not found.
[WARNING] [2026-07-28 16:12:33,509:matplotlib.font_manager] findfont: Font family 'Times New Roman' not found.
[WARNING] [2026-07-28 16:12:33,511:matplotlib.font_manager] findfont: Font family 'Times New Roman' not found.
[WARNING] [2026-07-28 16:12:33,514:matplotlib.font_manager] findfont: Font family 'Times New Roman' not found.
[WARNING] [2026-07-28 16:12:33,516:matplotlib.font_manager] findfont: Font family 'Times New Roman' not found.
[WARNING] [2026-07-28 16:12:33,518:matplotlib.font_manager] findfont: Font family 'Times New Roman' not found.
[WARNING] [2026-07-28 16:12:33,520:matplotlib.font_manager] findfont: Font family 'Times New Roman' not found.
[WARNING] [2026-07-28 16:12:33,524:matplotlib.font_manager] findfont: Font family 'Times New Roman' not found.
[WARNING] [2026-07-28 16:12:33,526:matplotlib.font_manager] findfont: Font family 'Times New Roman' not found.
[WARNING] [2026-07-28 16:12:33,528:matplotlib.font_manager] findfont: Font family 'Times New Roman' not found.
[WARNING] [2026-07-28 16:12:33,530:matplotlib.font_manager] findfont: Font family 'Times New Roman' not found.
[WARNING] [2026-07-28 16:12:33,535:matplotlib.font_manager] findfont: Font family 'Times New Roman' not found.
[WARNING] [2026-07-28 16:12:33,538:matplotlib.font_manager] findfont: Font family 'Times New Roman' not found.
[WARNING] [2026-07-28 16:12:33,543:matplotlib.font_manager] findfont: Font family 'Times New Roman' not found.
[WARNING] [2026-07-28 16:12:33,545:matplotlib.font_manager] findfont: Font family 'Times New Roman' not found.
[WARNING] [2026-07-28 16:12:33,547:matplotlib.font_manager] findfont: Font family 'Times New Roman' not found.
[WARNING] [2026-07-28 16:12:33,548:matplotlib.font_manager] findfont: Font family 'Times New Roman' not found.
[WARNING] [2026-07-28 16:12:33,551:matplotlib.font_manager] findfont: Font family 'Times New Roman' not found.
[WARNING] [2026-07-28 16:12:33,553:matplotlib.font_manager] findfont: Font family 'Times New Roman' not found.
[WARNING] [2026-07-28 16:12:33,555:matplotlib.font_manager] findfont: Font family 'Times New Roman' not found.
[WARNING] [2026-07-28 16:12:33,557:matplotlib.font_manager] findfont: Font family 'Times New Roman' not found.
[WARNING] [2026-07-28 16:12:33,560:matplotlib.font_manager] findfont: Font family 'Times New Roman' not found.
[WARNING] [2026-07-28 16:12:33,562:matplotlib.font_manager] findfont: Font family 'Times New Roman' not found.
[WARNING] [2026-07-28 16:12:33,564:matplotlib.font_manager] findfont: Font family 'Times New Roman' not found.
[WARNING] [2026-07-28 16:12:33,565:matplotlib.font_manager] findfont: Font family 'Times New Roman' not found.
[WARNING] [2026-07-28 16:12:33,570:matplotlib.font_manager] findfont: Font family 'Times New Roman' not found.
[WARNING] [2026-07-28 16:12:33,572:matplotlib.font_manager] findfont: Font family 'Times New Roman' not found.
[WARNING] [2026-07-28 16:12:33,574:matplotlib.font_manager] findfont: Font family 'Times New Roman' not found.
[WARNING] [2026-07-28 16:12:33,576:matplotlib.font_manager] findfont: Font family 'Times New Roman' not found.
[WARNING] [2026-07-28 16:12:33,579:matplotlib.font_manager] findfont: Font family 'Times New Roman' not found.
[WARNING] [2026-07-28 16:12:33,581:matplotlib.font_manager] findfont: Font family 'Times New Roman' not found.
[WARNING] [2026-07-28 16:12:33,583:matplotlib.font_manager] findfont: Font family 'Times New Roman' not found.
[WARNING] [2026-07-28 16:12:33,585:matplotlib.font_manager] findfont: Font family 'Times New Roman' not found.
[WARNING] [2026-07-28 16:12:33,588:matplotlib.font_manager] findfont: Font family 'Times New Roman' not found.
[WARNING] [2026-07-28 16:12:33,591:matplotlib.font_manager] findfont: Font family 'Times New Roman' not found.
[WARNING] [2026-07-28 16:12:33,594:matplotlib.font_manager] findfont: Font family 'Times New Roman' not found.
[WARNING] [2026-07-28 16:12:33,596:matplotlib.font_manager] findfont: Font family 'Times New Roman' not found.
[WARNING] [2026-07-28 16:12:33,602:matplotlib.font_manager] findfont: Font family 'Times New Roman' not found.
[WARNING] [2026-07-28 16:12:33,604:matplotlib.font_manager] findfont: Font family 'Times New Roman' not found.
[WARNING] [2026-07-28 16:12:33,605:matplotlib.font_manager] findfont: Font family 'Times New Roman' not found.
[WARNING] [2026-07-28 16:12:33,609:matplotlib.font_manager] findfont: Font family 'Times New Roman' not found.
[WARNING] [2026-07-28 16:12:33,612:matplotlib.font_manager] findfont: Font family 'Times New Roman' not found.
[WARNING] [2026-07-28 16:12:33,614:matplotlib.font_manager] findfont: Font family 'Times New Roman' not found.
[WARNING] [2026-07-28 16:12:33,617:matplotlib.font_manager] findfont: Font family 'Times New Roman' not found.
[WARNING] [2026-07-28 16:12:33,620:matplotlib.font_manager] findfont: Font family 'Times New Roman' not found.
[WARNING] [2026-07-28 16:12:33,625:matplotlib.font_manager] findfont: Font family 'Times New Roman' not found.
[WARNING] [2026-07-28 16:12:33,629:matplotlib.font_manager] findfont: Font family 'Times New Roman' not found.
[WARNING] [2026-07-28 16:12:33,631:matplotlib.font_manager] findfont: Font family 'Times New Roman' not found.
[WARNING] [2026-07-28 16:12:33,633:matplotlib.font_manager] findfont: Font family 'Times New Roman' not found.
[WARNING] [2026-07-28 16:12:33,638:matplotlib.font_manager] findfont: Font family 'Times New Roman' not found.
[WARNING] [2026-07-28 16:12:33,640:matplotlib.font_manager] findfont: Font family 'Times New Roman' not found.
[WARNING] [2026-07-28 16:12:33,642:matplotlib.font_manager] findfont: Font family 'Times New Roman' not found.
[WARNING] [2026-07-28 16:12:33,644:matplotlib.font_manager] findfont: Font family 'Times New Roman' not found.
[WARNING] [2026-07-28 16:12:33,648:matplotlib.font_manager] findfont: Font family 'Times New Roman' not found.
[WARNING] [2026-07-28 16:12:33,650:matplotlib.font_manager] findfont: Font family 'Times New Roman' not found.
[WARNING] [2026-07-28 16:12:33,652:matplotlib.font_manager] findfont: Font family 'Times New Roman' not found.
[WARNING] [2026-07-28 16:12:33,654:matplotlib.font_manager] findfont: Font family 'Times New Roman' not found.
[WARNING] [2026-07-28 16:12:33,659:matplotlib.font_manager] findfont: Font family 'Times New Roman' not found.
[WARNING] [2026-07-28 16:12:33,661:matplotlib.font_manager] findfont: Font family 'Times New Roman' not found.
[WARNING] [2026-07-28 16:12:33,663:matplotlib.font_manager] findfont: Font family 'Times New Roman' not found.
[WARNING] [2026-07-28 16:12:33,666:matplotlib.font_manager] findfont: Font family 'Times New Roman' not found.
[WARNING] [2026-07-28 16:12:33,669:matplotlib.font_manager] findfont: Font family 'Times New Roman' not found.
[WARNING] [2026-07-28 16:12:33,671:matplotlib.font_manager] findfont: Font family 'Times New Roman' not found.
[WARNING] [2026-07-28 16:12:33,674:matplotlib.font_manager] findfont: Font family 'Times New Roman' not found.
[WARNING] [2026-07-28 16:12:33,675:matplotlib.font_manager] findfont: Font family 'Times New Roman' not found.
[WARNING] [2026-07-28 16:12:33,678:matplotlib.font_manager] findfont: Font family 'Times New Roman' not found.
[WARNING] [2026-07-28 16:12:33,682:matplotlib.font_manager] findfont: Font family 'Times New Roman' not found.
[WARNING] [2026-07-28 16:12:33,684:matplotlib.font_manager] findfont: Font family 'Times New Roman' not found.
[WARNING] [2026-07-28 16:12:33,686:matplotlib.font_manager] findfont: Font family 'Times New Roman' not found.
[WARNING] [2026-07-28 16:12:34,175:matplotlib.font_manager] findfont: Font family 'Times New Roman' not found.
[WARNING] [2026-07-28 16:12:34,176:matplotlib.font_manager] findfont: Font family 'Times New Roman' not found.
[WARNING] [2026-07-28 16:12:34,177:matplotlib.font_manager] findfont: Font family 'Times New Roman' not found.
[WARNING] [2026-07-28 16:12:34,178:matplotlib.font_manager] findfont: Font family 'Times New Roman' not found.
[WARNING] [2026-07-28 16:12:34,178:matplotlib.font_manager] findfont: Font family 'Times New Roman' not found.
[WARNING] [2026-07-28 16:12:34,179:matplotlib.font_manager] findfont: Font family 'Times New Roman' not found.
[WARNING] [2026-07-28 16:12:34,180:matplotlib.font_manager] findfont: Font family 'Times New Roman' not found.
[WARNING] [2026-07-28 16:12:34,186:matplotlib.font_manager] findfont: Font family 'Times New Roman' not found.
[WARNING] [2026-07-28 16:12:34,187:matplotlib.font_manager] findfont: Font family 'Times New Roman' not found.
[WARNING] [2026-07-28 16:12:34,260:matplotlib.font_manager] findfont: Font family 'Times New Roman' not found.
[WARNING] [2026-07-28 16:12:34,260:matplotlib.font_manager] findfont: Font family 'Times New Roman' not found.
[WARNING] [2026-07-28 16:12:34,262:matplotlib.font_manager] findfont: Font family 'Times New Roman' not found.
[WARNING] [2026-07-28 16:12:34,264:matplotlib.font_manager] findfont: Font family 'Times New Roman' not found.
[WARNING] [2026-07-28 16:12:34,265:matplotlib.font_manager] findfont: Font family 'Times New Roman' not found.
[WARNING] [2026-07-28 16:12:34,266:matplotlib.font_manager] findfont: Font family 'Times New Roman' not found.
[WARNING] [2026-07-28 16:12:34,267:matplotlib.font_manager] findfont: Font family 'Times New Roman' not found.
[WARNING] [2026-07-28 16:12:34,269:matplotlib.font_manager] findfont: Font family 'Times New Roman' not found.
[WARNING] [2026-07-28 16:12:34,270:matplotlib.font_manager] findfont: Font family 'Times New Roman' not found.
[WARNING] [2026-07-28 16:12:34,272:matplotlib.font_manager] findfont: Font family 'Times New Roman' not found.
[WARNING] [2026-07-28 16:12:34,273:matplotlib.font_manager] findfont: Font family 'Times New Roman' not found.
[WARNING] [2026-07-28 16:12:34,274:matplotlib.font_manager] findfont: Font family 'Times New Roman' not found.
[WARNING] [2026-07-28 16:12:34,276:matplotlib.font_manager] findfont: Font family 'Times New Roman' not found.
[WARNING] [2026-07-28 16:12:34,278:matplotlib.font_manager] findfont: Font family 'Times New Roman' not found.
[WARNING] [2026-07-28 16:12:34,279:matplotlib.font_manager] findfont: Font family 'Times New Roman' not found.
[WARNING] [2026-07-28 16:12:34,281:matplotlib.font_manager] findfont: Font family 'Times New Roman' not found.
[WARNING] [2026-07-28 16:12:34,281:matplotlib.font_manager] findfont: Font family 'Times New Roman' not found.
[WARNING] [2026-07-28 16:12:34,283:matplotlib.font_manager] findfont: Font family 'Times New Roman' not found.
[WARNING] [2026-07-28 16:12:34,284:matplotlib.font_manager] findfont: Font family 'Times New Roman' not found.
[WARNING] [2026-07-28 16:12:34,286:matplotlib.font_manager] findfont: Font family 'Times New Roman' not found.
[WARNING] [2026-07-28 16:12:34,287:matplotlib.font_manager] findfont: Font family 'Times New Roman' not found.
[WARNING] [2026-07-28 16:12:34,288:matplotlib.font_manager] findfont: Font family 'Times New Roman' not found.
[WARNING] [2026-07-28 16:12:34,289:matplotlib.font_manager] findfont: Font family 'Times New Roman' not found.
[WARNING] [2026-07-28 16:12:34,291:matplotlib.font_manager] findfont: Font family 'Times New Roman' not found.
[WARNING] [2026-07-28 16:12:34,292:matplotlib.font_manager] findfont: Font family 'Times New Roman' not found.
[WARNING] [2026-07-28 16:12:34,294:matplotlib.font_manager] findfont: Font family 'Times New Roman' not found.
[WARNING] [2026-07-28 16:12:34,295:matplotlib.font_manager] findfont: Font family 'Times New Roman' not found.
[WARNING] [2026-07-28 16:12:34,297:matplotlib.font_manager] findfont: Font family 'Times New Roman' not found.
[WARNING] [2026-07-28 16:12:34,298:matplotlib.font_manager] findfont: Font family 'Times New Roman' not found.
[WARNING] [2026-07-28 16:12:34,300:matplotlib.font_manager] findfont: Font family 'Times New Roman' not found.
[WARNING] [2026-07-28 16:12:34,301:matplotlib.font_manager] findfont: Font family 'Times New Roman' not found.
[WARNING] [2026-07-28 16:12:34,302:matplotlib.font_manager] findfont: Font family 'Times New Roman' not found.
[WARNING] [2026-07-28 16:12:34,304:matplotlib.font_manager] findfont: Font family 'Times New Roman' not found.
[WARNING] [2026-07-28 16:12:34,305:matplotlib.font_manager] findfont: Font family 'Times New Roman' not found.
[WARNING] [2026-07-28 16:12:34,307:matplotlib.font_manager] findfont: Font family 'Times New Roman' not found.
[WARNING] [2026-07-28 16:12:34,308:matplotlib.font_manager] findfont: Font family 'Times New Roman' not found.
[WARNING] [2026-07-28 16:12:34,310:matplotlib.font_manager] findfont: Font family 'Times New Roman' not found.
[WARNING] [2026-07-28 16:12:34,311:matplotlib.font_manager] findfont: Font family 'Times New Roman' not found.
[WARNING] [2026-07-28 16:12:34,313:matplotlib.font_manager] findfont: Font family 'Times New Roman' not found.
[WARNING] [2026-07-28 16:12:34,314:matplotlib.font_manager] findfont: Font family 'Times New Roman' not found.
[WARNING] [2026-07-28 16:12:34,315:matplotlib.font_manager] findfont: Font family 'Times New Roman' not found.
[WARNING] [2026-07-28 16:12:34,318:matplotlib.font_manager] findfont: Font family 'Times New Roman' not found.
[WARNING] [2026-07-28 16:12:34,318:matplotlib.font_manager] findfont: Font family 'Times New Roman' not found.
[WARNING] [2026-07-28 16:12:34,320:matplotlib.font_manager] findfont: Font family 'Times New Roman' not found.
[WARNING] [2026-07-28 16:12:34,321:matplotlib.font_manager] findfont: Font family 'Times New Roman' not found.
[WARNING] [2026-07-28 16:12:34,323:matplotlib.font_manager] findfont: Font family 'Times New Roman' not found.
[WARNING] [2026-07-28 16:12:34,324:matplotlib.font_manager] findfont: Font family 'Times New Roman' not found.
[WARNING] [2026-07-28 16:12:34,326:matplotlib.font_manager] findfont: Font family 'Times New Roman' not found.
[WARNING] [2026-07-28 16:12:34,327:matplotlib.font_manager] findfont: Font family 'Times New Roman' not found.
[WARNING] [2026-07-28 16:12:34,329:matplotlib.font_manager] findfont: Font family 'Times New Roman' not found.
[WARNING] [2026-07-28 16:12:34,331:matplotlib.font_manager] findfont: Font family 'Times New Roman' not found.
[WARNING] [2026-07-28 16:12:34,332:matplotlib.font_manager] findfont: Font family 'Times New Roman' not found.
[WARNING] [2026-07-28 16:12:34,334:matplotlib.font_manager] findfont: Font family 'Times New Roman' not found.
[WARNING] [2026-07-28 16:12:34,335:matplotlib.font_manager] findfont: Font family 'Times New Roman' not found.
[WARNING] [2026-07-28 16:12:34,336:matplotlib.font_manager] findfont: Font family 'Times New Roman' not found.
[WARNING] [2026-07-28 16:12:34,337:matplotlib.font_manager] findfont: Font family 'Times New Roman' not found.
[WARNING] [2026-07-28 16:12:34,339:matplotlib.font_manager] findfont: Font family 'Times New Roman' not found.
[WARNING] [2026-07-28 16:12:34,341:matplotlib.font_manager] findfont: Font family 'Times New Roman' not found.
[WARNING] [2026-07-28 16:12:34,342:matplotlib.font_manager] findfont: Font family 'Times New Roman' not found.
[WARNING] [2026-07-28 16:12:34,344:matplotlib.font_manager] findfont: Font family 'Times New Roman' not found.
[WARNING] [2026-07-28 16:12:34,345:matplotlib.font_manager] findfont: Font family 'Times New Roman' not found.
[WARNING] [2026-07-28 16:12:34,347:matplotlib.font_manager] findfont: Font family 'Times New Roman' not found.
[WARNING] [2026-07-28 16:12:34,348:matplotlib.font_manager] findfont: Font family 'Times New Roman' not found.
[WARNING] [2026-07-28 16:12:34,349:matplotlib.font_manager] findfont: Font family 'Times New Roman' not found.
[WARNING] [2026-07-28 16:12:34,350:matplotlib.font_manager] findfont: Font family 'Times New Roman' not found.
[WARNING] [2026-07-28 16:12:34,352:matplotlib.font_manager] findfont: Font family 'Times New Roman' not found.
[WARNING] [2026-07-28 16:12:34,354:matplotlib.font_manager] findfont: Font family 'Times New Roman' not found.
[WARNING] [2026-07-28 16:12:34,355:matplotlib.font_manager] findfont: Font family 'Times New Roman' not found.
[WARNING] [2026-07-28 16:12:34,357:matplotlib.font_manager] findfont: Font family 'Times New Roman' not found.
[WARNING] [2026-07-28 16:12:34,358:matplotlib.font_manager] findfont: Font family 'Times New Roman' not found.
[WARNING] [2026-07-28 16:12:34,360:matplotlib.font_manager] findfont: Font family 'Times New Roman' not found.
[WARNING] [2026-07-28 16:12:34,361:matplotlib.font_manager] findfont: Font family 'Times New Roman' not found.
[WARNING] [2026-07-28 16:12:34,363:matplotlib.font_manager] findfont: Font family 'Times New Roman' not found.
[WARNING] [2026-07-28 16:12:34,365:matplotlib.font_manager] findfont: Font family 'Times New Roman' not found.
[WARNING] [2026-07-28 16:12:34,366:matplotlib.font_manager] findfont: Font family 'Times New Roman' not found.
[WARNING] [2026-07-28 16:12:34,368:matplotlib.font_manager] findfont: Font family 'Times New Roman' not found.
[WARNING] [2026-07-28 16:12:34,369:matplotlib.font_manager] findfont: Font family 'Times New Roman' not found.
[WARNING] [2026-07-28 16:12:34,371:matplotlib.font_manager] findfont: Font family 'Times New Roman' not found.
[WARNING] [2026-07-28 16:12:34,372:matplotlib.font_manager] findfont: Font family 'Times New Roman' not found.
[WARNING] [2026-07-28 16:12:34,376:matplotlib.font_manager] findfont: Font family 'Times New Roman' not found.
[WARNING] [2026-07-28 16:12:34,377:matplotlib.font_manager] findfont: Font family 'Times New Roman' not found.
[WARNING] [2026-07-28 16:12:34,381:matplotlib.font_manager] findfont: Font family 'Times New Roman' not found.
[WARNING] [2026-07-28 16:12:34,383:matplotlib.font_manager] findfont: Font family 'Times New Roman' not found.
[WARNING] [2026-07-28 16:12:34,384:matplotlib.font_manager] findfont: Font family 'Times New Roman' not found.
[WARNING] [2026-07-28 16:12:34,386:matplotlib.font_manager] findfont: Font family 'Times New Roman' not found.
[WARNING] [2026-07-28 16:12:34,387:matplotlib.font_manager] findfont: Font family 'Times New Roman' not found.
[WARNING] [2026-07-28 16:12:34,391:matplotlib.font_manager] findfont: Font family 'Times New Roman' not found.
[WARNING] [2026-07-28 16:12:34,394:matplotlib.font_manager] findfont: Font family 'Times New Roman' not found.
[WARNING] [2026-07-28 16:12:34,397:matplotlib.font_manager] findfont: Font family 'Times New Roman' not found.
[WARNING] [2026-07-28 16:12:34,400:matplotlib.font_manager] findfont: Font family 'Times New Roman' not found.
[WARNING] [2026-07-28 16:12:34,401:matplotlib.font_manager] findfont: Font family 'Times New Roman' not found.
[WARNING] [2026-07-28 16:12:34,406:matplotlib.font_manager] findfont: Font family 'Times New Roman' not found.
[WARNING] [2026-07-28 16:12:34,408:matplotlib.font_manager] findfont: Font family 'Times New Roman' not found.
[WARNING] [2026-07-28 16:12:34,411:matplotlib.font_manager] findfont: Font family 'Times New Roman' not found.
[WARNING] [2026-07-28 16:12:34,413:matplotlib.font_manager] findfont: Font family 'Times New Roman' not found.
[WARNING] [2026-07-28 16:12:34,416:matplotlib.font_manager] findfont: Font family 'Times New Roman' not found.
[WARNING] [2026-07-28 16:12:34,417:matplotlib.font_manager] findfont: Font family 'Times New Roman' not found.
[WARNING] [2026-07-28 16:12:34,420:matplotlib.font_manager] findfont: Font family 'Times New Roman' not found.
[WARNING] [2026-07-28 16:12:34,421:matplotlib.font_manager] findfont: Font family 'Times New Roman' not found.
[WARNING] [2026-07-28 16:12:34,424:matplotlib.font_manager] findfont: Font family 'Times New Roman' not found.
[WARNING] [2026-07-28 16:12:34,425:matplotlib.font_manager] findfont: Font family 'Times New Roman' not found.
[WARNING] [2026-07-28 16:12:34,427:matplotlib.font_manager] findfont: Font family 'Times New Roman' not found.
[WARNING] [2026-07-28 16:12:34,428:matplotlib.font_manager] findfont: Font family 'Times New Roman' not found.
[WARNING] [2026-07-28 16:12:34,431:matplotlib.font_manager] findfont: Font family 'Times New Roman' not found.
[WARNING] [2026-07-28 16:12:34,433:matplotlib.font_manager] findfont: Font family 'Times New Roman' not found.
[WARNING] [2026-07-28 16:12:34,435:matplotlib.font_manager] findfont: Font family 'Times New Roman' not found.
[WARNING] [2026-07-28 16:12:34,437:matplotlib.font_manager] findfont: Font family 'Times New Roman' not found.
[WARNING] [2026-07-28 16:12:34,438:matplotlib.font_manager] findfont: Font family 'Times New Roman' not found.
[WARNING] [2026-07-28 16:12:34,440:matplotlib.font_manager] findfont: Font family 'Times New Roman' not found.
[WARNING] [2026-07-28 16:12:34,440:matplotlib.font_manager] findfont: Font family 'Times New Roman' not found.
[WARNING] [2026-07-28 16:12:34,442:matplotlib.font_manager] findfont: Font family 'Times New Roman' not found.
[WARNING] [2026-07-28 16:12:34,443:matplotlib.font_manager] findfont: Font family 'Times New Roman' not found.
[WARNING] [2026-07-28 16:12:34,445:matplotlib.font_manager] findfont: Font family 'Times New Roman' not found.
[WARNING] [2026-07-28 16:12:34,447:matplotlib.font_manager] findfont: Font family 'Times New Roman' not found.
[WARNING] [2026-07-28 16:12:34,448:matplotlib.font_manager] findfont: Font family 'Times New Roman' not found.
[WARNING] [2026-07-28 16:12:34,451:matplotlib.font_manager] findfont: Font family 'Times New Roman' not found.
[WARNING] [2026-07-28 16:12:34,452:matplotlib.font_manager] findfont: Font family 'Times New Roman' not found.
[WARNING] [2026-07-28 16:12:34,454:matplotlib.font_manager] findfont: Font family 'Times New Roman' not found.
[WARNING] [2026-07-28 16:12:34,455:matplotlib.font_manager] findfont: Font family 'Times New Roman' not found.
[WARNING] [2026-07-28 16:12:34,457:matplotlib.font_manager] findfont: Font family 'Times New Roman' not found.
[WARNING] [2026-07-28 16:12:34,458:matplotlib.font_manager] findfont: Font family 'Times New Roman' not found.
[WARNING] [2026-07-28 16:12:34,462:matplotlib.font_manager] findfont: Font family 'Times New Roman' not found.
[WARNING] [2026-07-28 16:12:34,463:matplotlib.font_manager] findfont: Font family 'Times New Roman' not found.
[WARNING] [2026-07-28 16:12:34,465:matplotlib.font_manager] findfont: Font family 'Times New Roman' not found.
[WARNING] [2026-07-28 16:12:34,469:matplotlib.font_manager] findfont: Font family 'Times New Roman' not found.
[WARNING] [2026-07-28 16:12:34,470:matplotlib.font_manager] findfont: Font family 'Times New Roman' not found.
[WARNING] [2026-07-28 16:12:34,472:matplotlib.font_manager] findfont: Font family 'Times New Roman' not found.
[WARNING] [2026-07-28 16:12:34,474:matplotlib.font_manager] findfont: Font family 'Times New Roman' not found.
[WARNING] [2026-07-28 16:12:34,476:matplotlib.font_manager] findfont: Font family 'Times New Roman' not found.
[WARNING] [2026-07-28 16:12:34,477:matplotlib.font_manager] findfont: Font family 'Times New Roman' not found.
[WARNING] [2026-07-28 16:12:34,481:matplotlib.font_manager] findfont: Font family 'Times New Roman' not found.
[WARNING] [2026-07-28 16:12:34,483:matplotlib.font_manager] findfont: Font family 'Times New Roman' not found.
[WARNING] [2026-07-28 16:12:34,484:matplotlib.font_manager] findfont: Font family 'Times New Roman' not found.
[WARNING] [2026-07-28 16:12:34,488:matplotlib.font_manager] findfont: Font family 'Times New Roman' not found.
[WARNING] [2026-07-28 16:12:34,489:matplotlib.font_manager] findfont: Font family 'Times New Roman' not found.
[WARNING] [2026-07-28 16:12:34,491:matplotlib.font_manager] findfont: Font family 'Times New Roman' not found.
[WARNING] [2026-07-28 16:12:34,492:matplotlib.font_manager] findfont: Font family 'Times New Roman' not found.
[WARNING] [2026-07-28 16:12:34,496:matplotlib.font_manager] findfont: Font family 'Times New Roman' not found.
[WARNING] [2026-07-28 16:12:34,497:matplotlib.font_manager] findfont: Font family 'Times New Roman' not found.
[WARNING] [2026-07-28 16:12:34,501:matplotlib.font_manager] findfont: Font family 'Times New Roman' not found.
[WARNING] [2026-07-28 16:12:34,503:matplotlib.font_manager] findfont: Font family 'Times New Roman' not found.
[WARNING] [2026-07-28 16:12:34,504:matplotlib.font_manager] findfont: Font family 'Times New Roman' not found.
[WARNING] [2026-07-28 16:12:34,507:matplotlib.font_manager] findfont: Font family 'Times New Roman' not found.
[WARNING] [2026-07-28 16:12:34,507:matplotlib.font_manager] findfont: Font family 'Times New Roman' not found.
[WARNING] [2026-07-28 16:12:34,510:matplotlib.font_manager] findfont: Font family 'Times New Roman' not found.
[WARNING] [2026-07-28 16:12:34,514:matplotlib.font_manager] findfont: Font family 'Times New Roman' not found.
[WARNING] [2026-07-28 16:12:34,516:matplotlib.font_manager] findfont: Font family 'Times New Roman' not found.
[WARNING] [2026-07-28 16:12:34,518:matplotlib.font_manager] findfont: Font family 'Times New Roman' not found.
[WARNING] [2026-07-28 16:12:34,519:matplotlib.font_manager] findfont: Font family 'Times New Roman' not found.
[WARNING] [2026-07-28 16:12:34,522:matplotlib.font_manager] findfont: Font family 'Times New Roman' not found.
[WARNING] [2026-07-28 16:12:34,522:matplotlib.font_manager] findfont: Font family 'Times New Roman' not found.
[WARNING] [2026-07-28 16:12:34,524:matplotlib.font_manager] findfont: Font family 'Times New Roman' not found.
[WARNING] [2026-07-28 16:12:34,525:matplotlib.font_manager] findfont: Font family 'Times New Roman' not found.
[WARNING] [2026-07-28 16:12:34,527:matplotlib.font_manager] findfont: Font family 'Times New Roman' not found.
[WARNING] [2026-07-28 16:12:34,528:matplotlib.font_manager] findfont: Font family 'Times New Roman' not found.
[WARNING] [2026-07-28 16:12:34,533:matplotlib.font_manager] findfont: Font family 'Times New Roman' not found.
[WARNING] [2026-07-28 16:12:34,535:matplotlib.font_manager] findfont: Font family 'Times New Roman' not found.
[WARNING] [2026-07-28 16:12:34,536:matplotlib.font_manager] findfont: Font family 'Times New Roman' not found.
[WARNING] [2026-07-28 16:12:34,538:matplotlib.font_manager] findfont: Font family 'Times New Roman' not found.
[WARNING] [2026-07-28 16:12:34,539:matplotlib.font_manager] findfont: Font family 'Times New Roman' not found.
[WARNING] [2026-07-28 16:12:34,541:matplotlib.font_manager] findfont: Font family 'Times New Roman' not found.
[WARNING] [2026-07-28 16:12:34,542:matplotlib.font_manager] findfont: Font family 'Times New Roman' not found.
[WARNING] [2026-07-28 16:12:34,544:matplotlib.font_manager] findfont: Font family 'Times New Roman' not found.
[WARNING] [2026-07-28 16:12:34,544:matplotlib.font_manager] findfont: Font family 'Times New Roman' not found.
[WARNING] [2026-07-28 16:12:34,546:matplotlib.font_manager] findfont: Font family 'Times New Roman' not found.
[WARNING] [2026-07-28 16:12:34,548:matplotlib.font_manager] findfont: Font family 'Times New Roman' not found.
[WARNING] [2026-07-28 16:12:34,549:matplotlib.font_manager] findfont: Font family 'Times New Roman' not found.
[WARNING] [2026-07-28 16:12:34,551:matplotlib.font_manager] findfont: Font family 'Times New Roman' not found.
[WARNING] [2026-07-28 16:12:34,552:matplotlib.font_manager] findfont: Font family 'Times New Roman' not found.
[WARNING] [2026-07-28 16:12:34,554:matplotlib.font_manager] findfont: Font family 'Times New Roman' not found.
[WARNING] [2026-07-28 16:12:34,555:matplotlib.font_manager] findfont: Font family 'Times New Roman' not found.
[WARNING] [2026-07-28 16:12:34,557:matplotlib.font_manager] findfont: Font family 'Times New Roman' not found.
[WARNING] [2026-07-28 16:12:34,558:matplotlib.font_manager] findfont: Font family 'Times New Roman' not found.
[WARNING] [2026-07-28 16:12:34,560:matplotlib.font_manager] findfont: Font family 'Times New Roman' not found.
[WARNING] [2026-07-28 16:12:34,562:matplotlib.font_manager] findfont: Font family 'Times New Roman' not found.
[WARNING] [2026-07-28 16:12:34,564:matplotlib.font_manager] findfont: Font family 'Times New Roman' not found.
[WARNING] [2026-07-28 16:12:34,566:matplotlib.font_manager] findfont: Font family 'Times New Roman' not found.
[WARNING] [2026-07-28 16:12:34,567:matplotlib.font_manager] findfont: Font family 'Times New Roman' not found.
[WARNING] [2026-07-28 16:12:34,569:matplotlib.font_manager] findfont: Font family 'Times New Roman' not found.
[WARNING] [2026-07-28 16:12:34,570:matplotlib.font_manager] findfont: Font family 'Times New Roman' not found.
[WARNING] [2026-07-28 16:12:34,571:matplotlib.font_manager] findfont: Font family 'Times New Roman' not found.
[WARNING] [2026-07-28 16:12:34,572:matplotlib.font_manager] findfont: Font family 'Times New Roman' not found.
[WARNING] [2026-07-28 16:12:34,573:matplotlib.font_manager] findfont: Font family 'Times New Roman' not found.
[WARNING] [2026-07-28 16:12:34,574:matplotlib.font_manager] findfont: Font family 'Times New Roman' not found.
[WARNING] [2026-07-28 16:12:34,575:matplotlib.font_manager] findfont: Font family 'Times New Roman' not found.
[WARNING] [2026-07-28 16:12:34,577:matplotlib.font_manager] findfont: Font family 'Times New Roman' not found.
[WARNING] [2026-07-28 16:12:34,577:matplotlib.font_manager] findfont: Font family 'Times New Roman' not found.
[WARNING] [2026-07-28 16:12:34,578:matplotlib.font_manager] findfont: Font family 'Times New Roman' not found.
[WARNING] [2026-07-28 16:12:34,579:matplotlib.font_manager] findfont: Font family 'Times New Roman' not found.
[WARNING] [2026-07-28 16:12:34,580:matplotlib.font_manager] findfont: Font family 'Times New Roman' not found.
[WARNING] [2026-07-28 16:12:34,581:matplotlib.font_manager] findfont: Font family 'Times New Roman' not found.
[WARNING] [2026-07-28 16:12:34,583:matplotlib.font_manager] findfont: Font family 'Times New Roman' not found.
[WARNING] [2026-07-28 16:12:34,585:matplotlib.font_manager] findfont: Font family 'Times New Roman' not found.
[WARNING] [2026-07-28 16:12:34,586:matplotlib.font_manager] findfont: Font family 'Times New Roman' not found.
[WARNING] [2026-07-28 16:12:34,588:matplotlib.font_manager] findfont: Font family 'Times New Roman' not found.
[WARNING] [2026-07-28 16:12:34,589:matplotlib.font_manager] findfont: Font family 'Times New Roman' not found.
[WARNING] [2026-07-28 16:12:34,591:matplotlib.font_manager] findfont: Font family 'Times New Roman' not found.
[WARNING] [2026-07-28 16:12:34,592:matplotlib.font_manager] findfont: Font family 'Times New Roman' not found.
[WARNING] [2026-07-28 16:12:34,593:matplotlib.font_manager] findfont: Font family 'Times New Roman' not found.
[WARNING] [2026-07-28 16:12:34,594:matplotlib.font_manager] findfont: Font family 'Times New Roman' not found.
[WARNING] [2026-07-28 16:12:34,596:matplotlib.font_manager] findfont: Font family 'Times New Roman' not found.
[WARNING] [2026-07-28 16:12:34,598:matplotlib.font_manager] findfont: Font family 'Times New Roman' not found.
[WARNING] [2026-07-28 16:12:34,599:matplotlib.font_manager] findfont: Font family 'Times New Roman' not found.
[WARNING] [2026-07-28 16:12:34,601:matplotlib.font_manager] findfont: Font family 'Times New Roman' not found.
[WARNING] [2026-07-28 16:12:34,602:matplotlib.font_manager] findfont: Font family 'Times New Roman' not found.
[WARNING] [2026-07-28 16:12:34,604:matplotlib.font_manager] findfont: Font family 'Times New Roman' not found.
[WARNING] [2026-07-28 16:12:34,605:matplotlib.font_manager] findfont: Font family 'Times New Roman' not found.
[WARNING] [2026-07-28 16:12:34,607:matplotlib.font_manager] findfont: Font family 'Times New Roman' not found.
[WARNING] [2026-07-28 16:12:34,608:matplotlib.font_manager] findfont: Font family 'Times New Roman' not found.
[WARNING] [2026-07-28 16:12:34,610:matplotlib.font_manager] findfont: Font family 'Times New Roman' not found.
[WARNING] [2026-07-28 16:12:34,612:matplotlib.font_manager] findfont: Font family 'Times New Roman' not found.
[WARNING] [2026-07-28 16:12:34,613:matplotlib.font_manager] findfont: Font family 'Times New Roman' not found.
[WARNING] [2026-07-28 16:12:34,617:matplotlib.font_manager] findfont: Font family 'Times New Roman' not found.
[WARNING] [2026-07-28 16:12:34,617:matplotlib.font_manager] findfont: Font family 'Times New Roman' not found.
[WARNING] [2026-07-28 16:12:34,620:matplotlib.font_manager] findfont: Font family 'Times New Roman' not found.
[WARNING] [2026-07-28 16:12:34,621:matplotlib.font_manager] findfont: Font family 'Times New Roman' not found.
[WARNING] [2026-07-28 16:12:34,623:matplotlib.font_manager] findfont: Font family 'Times New Roman' not found.
[WARNING] [2026-07-28 16:12:34,624:matplotlib.font_manager] findfont: Font family 'Times New Roman' not found.
[WARNING] [2026-07-28 16:12:34,626:matplotlib.font_manager] findfont: Font family 'Times New Roman' not found.
[WARNING] [2026-07-28 16:12:34,628:matplotlib.font_manager] findfont: Font family 'Times New Roman' not found.
[WARNING] [2026-07-28 16:12:34,629:matplotlib.font_manager] findfont: Font family 'Times New Roman' not found.
[WARNING] [2026-07-28 16:12:34,631:matplotlib.font_manager] findfont: Font family 'Times New Roman' not found.
[WARNING] [2026-07-28 16:12:34,632:matplotlib.font_manager] findfont: Font family 'Times New Roman' not found.
[WARNING] [2026-07-28 16:12:34,634:matplotlib.font_manager] findfont: Font family 'Times New Roman' not found.
[WARNING] [2026-07-28 16:12:34,634:matplotlib.font_manager] findfont: Font family 'Times New Roman' not found.
[WARNING] [2026-07-28 16:12:34,636:matplotlib.font_manager] findfont: Font family 'Times New Roman' not found.
[WARNING] [2026-07-28 16:12:34,637:matplotlib.font_manager] findfont: Font family 'Times New Roman' not found.
[WARNING] [2026-07-28 16:12:34,639:matplotlib.font_manager] findfont: Font family 'Times New Roman' not found.
[WARNING] [2026-07-28 16:12:34,640:matplotlib.font_manager] findfont: Font family 'Times New Roman' not found.
[WARNING] [2026-07-28 16:12:34,641:matplotlib.font_manager] findfont: Font family 'Times New Roman' not found.
[WARNING] [2026-07-28 16:12:34,644:matplotlib.font_manager] findfont: Font family 'Times New Roman' not found.
[WARNING] [2026-07-28 16:12:34,645:matplotlib.font_manager] findfont: Font family 'Times New Roman' not found.
[WARNING] [2026-07-28 16:12:34,647:matplotlib.font_manager] findfont: Font family 'Times New Roman' not found.
[WARNING] [2026-07-28 16:12:34,648:matplotlib.font_manager] findfont: Font family 'Times New Roman' not found.
[WARNING] [2026-07-28 16:12:34,650:matplotlib.font_manager] findfont: Font family 'Times New Roman' not found.
[WARNING] [2026-07-28 16:12:34,650:matplotlib.font_manager] findfont: Font family 'Times New Roman' not found.
[WARNING] [2026-07-28 16:12:34,653:matplotlib.font_manager] findfont: Font family 'Times New Roman' not found.
[WARNING] [2026-07-28 16:12:34,654:matplotlib.font_manager] findfont: Font family 'Times New Roman' not found.
[WARNING] [2026-07-28 16:12:34,656:matplotlib.font_manager] findfont: Font family 'Times New Roman' not found.
[WARNING] [2026-07-28 16:12:34,658:matplotlib.font_manager] findfont: Font family 'Times New Roman' not found.
[WARNING] [2026-07-28 16:12:34,659:matplotlib.font_manager] findfont: Font family 'Times New Roman' not found.
[WARNING] [2026-07-28 16:12:34,661:matplotlib.font_manager] findfont: Font family 'Times New Roman' not found.
[WARNING] [2026-07-28 16:12:34,662:matplotlib.font_manager] findfont: Font family 'Times New Roman' not found.
[WARNING] [2026-07-28 16:12:34,664:matplotlib.font_manager] findfont: Font family 'Times New Roman' not found.
[WARNING] [2026-07-28 16:12:34,664:matplotlib.font_manager] findfont: Font family 'Times New Roman' not found.
[WARNING] [2026-07-28 16:12:34,666:matplotlib.font_manager] findfont: Font family 'Times New Roman' not found.
[WARNING] [2026-07-28 16:12:34,668:matplotlib.font_manager] findfont: Font family 'Times New Roman' not found.
[WARNING] [2026-07-28 16:12:34,669:matplotlib.font_manager] findfont: Font family 'Times New Roman' not found.
[WARNING] [2026-07-28 16:12:34,671:matplotlib.font_manager] findfont: Font family 'Times New Roman' not found.
[WARNING] [2026-07-28 16:12:34,672:matplotlib.font_manager] findfont: Font family 'Times New Roman' not found.
[WARNING] [2026-07-28 16:12:34,674:matplotlib.font_manager] findfont: Font family 'Times New Roman' not found.
[WARNING] [2026-07-28 16:12:34,674:matplotlib.font_manager] findfont: Font family 'Times New Roman' not found.
[WARNING] [2026-07-28 16:12:34,676:matplotlib.font_manager] findfont: Font family 'Times New Roman' not found.
[WARNING] [2026-07-28 16:12:34,677:matplotlib.font_manager] findfont: Font family 'Times New Roman' not found.
[WARNING] [2026-07-28 16:12:34,679:matplotlib.font_manager] findfont: Font family 'Times New Roman' not found.
[WARNING] [2026-07-28 16:12:34,680:matplotlib.font_manager] findfont: Font family 'Times New Roman' not found.
[WARNING] [2026-07-28 16:12:34,681:matplotlib.font_manager] findfont: Font family 'Times New Roman' not found.
[WARNING] [2026-07-28 16:12:34,683:matplotlib.font_manager] findfont: Font family 'Times New Roman' not found.
[WARNING] [2026-07-28 16:12:34,684:matplotlib.font_manager] findfont: Font family 'Times New Roman' not found.
[WARNING] [2026-07-28 16:12:34,685:matplotlib.font_manager] findfont: Font family 'Times New Roman' not found.
[WARNING] [2026-07-28 16:12:34,686:matplotlib.font_manager] findfont: Font family 'Times New Roman' not found.
[WARNING] [2026-07-28 16:12:34,687:matplotlib.font_manager] findfont: Font family 'Times New Roman' not found.
[WARNING] [2026-07-28 16:12:34,687:matplotlib.font_manager] findfont: Font family 'Times New Roman' not found.
[WARNING] [2026-07-28 16:12:34,689:matplotlib.font_manager] findfont: Font family 'Times New Roman' not found.
[WARNING] [2026-07-28 16:12:34,690:matplotlib.font_manager] findfont: Font family 'Times New Roman' not found.
[WARNING] [2026-07-28 16:12:34,691:matplotlib.font_manager] findfont: Font family 'Times New Roman' not found.
[WARNING] [2026-07-28 16:12:34,693:matplotlib.font_manager] findfont: Font family 'Times New Roman' not found.
[WARNING] [2026-07-28 16:12:34,693:matplotlib.font_manager] findfont: Font family 'Times New Roman' not found.
[WARNING] [2026-07-28 16:12:34,695:matplotlib.font_manager] findfont: Font family 'Times New Roman' not found.
[WARNING] [2026-07-28 16:12:34,695:matplotlib.font_manager] findfont: Font family 'Times New Roman' not found.
[WARNING] [2026-07-28 16:12:34,696:matplotlib.font_manager] findfont: Font family 'Times New Roman' not found.
[WARNING] [2026-07-28 16:12:34,697:matplotlib.font_manager] findfont: Font family 'Times New Roman' not found.
[WARNING] [2026-07-28 16:12:34,699:matplotlib.font_manager] findfont: Font family 'Times New Roman' not found.
[WARNING] [2026-07-28 16:12:34,699:matplotlib.font_manager] findfont: Font family 'Times New Roman' not found.
[WARNING] [2026-07-28 16:12:35,696:matplotlib.font_manager] findfont: Font family 'Times New Roman' not found.
[WARNING] [2026-07-28 16:12:35,696:matplotlib.font_manager] findfont: Font family 'Times New Roman' not found.
[WARNING] [2026-07-28 16:12:35,698:matplotlib.font_manager] findfont: Font family 'Times New Roman' not found.
[WARNING] [2026-07-28 16:12:35,698:matplotlib.font_manager] findfont: Font family 'Times New Roman' not found.
[WARNING] [2026-07-28 16:12:35,699:matplotlib.font_manager] findfont: Font family 'Times New Roman' not found.
[WARNING] [2026-07-28 16:12:35,700:matplotlib.font_manager] findfont: Font family 'Times New Roman' not found.
[WARNING] [2026-07-28 16:12:35,701:matplotlib.font_manager] findfont: Font family 'Times New Roman' not found.
[WARNING] [2026-07-28 16:12:35,702:matplotlib.font_manager] findfont: Font family 'Times New Roman' not found.
[WARNING] [2026-07-28 16:12:35,703:matplotlib.font_manager] findfont: Font family 'Times New Roman' not found.
[WARNING] [2026-07-28 16:12:35,704:matplotlib.font_manager] findfont: Font family 'Times New Roman' not found.
[WARNING] [2026-07-28 16:12:35,705:matplotlib.font_manager] findfont: Font family 'Times New Roman' not found.
[WARNING] [2026-07-28 16:12:35,706:matplotlib.font_manager] findfont: Font family 'Times New Roman' not found.
[WARNING] [2026-07-28 16:12:35,707:matplotlib.font_manager] findfont: Font family 'Times New Roman' not found.
[WARNING] [2026-07-28 16:12:35,708:matplotlib.font_manager] findfont: Font family 'Times New Roman' not found.
[WARNING] [2026-07-28 16:12:35,709:matplotlib.font_manager] findfont: Font family 'Times New Roman' not found.
[WARNING] [2026-07-28 16:12:35,709:matplotlib.font_manager] findfont: Font family 'Times New Roman' not found.
[WARNING] [2026-07-28 16:12:35,710:matplotlib.font_manager] findfont: Font family 'Times New Roman' not found.
[WARNING] [2026-07-28 16:12:35,711:matplotlib.font_manager] findfont: Font family 'Times New Roman' not found.
[WARNING] [2026-07-28 16:12:35,712:matplotlib.font_manager] findfont: Font family 'Times New Roman' not found.
[WARNING] [2026-07-28 16:12:35,713:matplotlib.font_manager] findfont: Font family 'Times New Roman' not found.
[WARNING] [2026-07-28 16:12:35,714:matplotlib.font_manager] findfont: Font family 'Times New Roman' not found.
[WARNING] [2026-07-28 16:12:35,714:matplotlib.font_manager] findfont: Font family 'Times New Roman' not found.
[WARNING] [2026-07-28 16:12:35,715:matplotlib.font_manager] findfont: Font family 'Times New Roman' not found.
[WARNING] [2026-07-28 16:12:35,716:matplotlib.font_manager] findfont: Font family 'Times New Roman' not found.
[WARNING] [2026-07-28 16:12:35,717:matplotlib.font_manager] findfont: Font family 'Times New Roman' not found.
[WARNING] [2026-07-28 16:12:35,719:matplotlib.font_manager] findfont: Font family 'Times New Roman' not found.
[WARNING] [2026-07-28 16:12:35,720:matplotlib.font_manager] findfont: Font family 'Times New Roman' not found.
[WARNING] [2026-07-28 16:12:35,721:matplotlib.font_manager] findfont: Font family 'Times New Roman' not found.
[WARNING] [2026-07-28 16:12:35,722:matplotlib.font_manager] findfont: Font family 'Times New Roman' not found.
[WARNING] [2026-07-28 16:12:35,722:matplotlib.font_manager] findfont: Font family 'Times New Roman' not found.
[WARNING] [2026-07-28 16:12:35,723:matplotlib.font_manager] findfont: Font family 'Times New Roman' not found.
[WARNING] [2026-07-28 16:12:35,724:matplotlib.font_manager] findfont: Font family 'Times New Roman' not found.
[WARNING] [2026-07-28 16:12:35,725:matplotlib.font_manager] findfont: Font family 'Times New Roman' not found.
[WARNING] [2026-07-28 16:12:35,726:matplotlib.font_manager] findfont: Font family 'Times New Roman' not found.
[WARNING] [2026-07-28 16:12:35,727:matplotlib.font_manager] findfont: Font family 'Times New Roman' not found.
[WARNING] [2026-07-28 16:12:35,735:matplotlib.font_manager] findfont: Font family 'Times New Roman' not found.
[WARNING] [2026-07-28 16:12:35,751:matplotlib.font_manager] findfont: Font family 'Times New Roman' not found.
[WARNING] [2026-07-28 16:12:35,772:matplotlib.font_manager] findfont: Font family 'Times New Roman' not found.
[WARNING] [2026-07-28 16:12:35,776:matplotlib.font_manager] findfont: Font family 'Times New Roman' not found.
[WARNING] [2026-07-28 16:12:35,781:matplotlib.font_manager] findfont: Font family 'Times New Roman' not found.
[WARNING] [2026-07-28 16:12:35,782:matplotlib.font_manager] findfont: Font family 'Times New Roman' not found.
[WARNING] [2026-07-28 16:12:35,782:matplotlib.font_manager] findfont: Font family 'Times New Roman' not found.
[WARNING] [2026-07-28 16:12:35,783:matplotlib.font_manager] findfont: Font family 'Times New Roman' not found.
[WARNING] [2026-07-28 16:12:35,785:matplotlib.font_manager] findfont: Font family 'Times New Roman' not found.
[WARNING] [2026-07-28 16:12:35,786:matplotlib.font_manager] findfont: Font family 'Times New Roman' not found.
[WARNING] [2026-07-28 16:12:35,786:matplotlib.font_manager] findfont: Font family 'Times New Roman' not found.
[WARNING] [2026-07-28 16:12:35,788:matplotlib.font_manager] findfont: Font family 'Times New Roman' not found.
[WARNING] [2026-07-28 16:12:35,789:matplotlib.font_manager] findfont: Font family 'Times New Roman' not found.
[WARNING] [2026-07-28 16:12:35,789:matplotlib.font_manager] findfont: Font family 'Times New Roman' not found.
[WARNING] [2026-07-28 16:12:35,790:matplotlib.font_manager] findfont: Font family 'Times New Roman' not found.
[WARNING] [2026-07-28 16:12:35,791:matplotlib.font_manager] findfont: Font family 'Times New Roman' not found.
[WARNING] [2026-07-28 16:12:35,791:matplotlib.font_manager] findfont: Font family 'Times New Roman' not found.
[WARNING] [2026-07-28 16:12:35,792:matplotlib.font_manager] findfont: Font family 'Times New Roman' not found.
[WARNING] [2026-07-28 16:12:35,792:matplotlib.font_manager] findfont: Font family 'Times New Roman' not found.
[WARNING] [2026-07-28 16:12:35,793:matplotlib.font_manager] findfont: Font family 'Times New Roman' not found.
[WARNING] [2026-07-28 16:12:35,794:matplotlib.font_manager] findfont: Font family 'Times New Roman' not found.
[WARNING] [2026-07-28 16:12:35,794:matplotlib.font_manager] findfont: Font family 'Times New Roman' not found.
[WARNING] [2026-07-28 16:12:35,797:matplotlib.font_manager] findfont: Font family 'Times New Roman' not found.
[WARNING] [2026-07-28 16:12:35,797:matplotlib.font_manager] findfont: Font family 'Times New Roman' not found.
[WARNING] [2026-07-28 16:12:35,799:matplotlib.font_manager] findfont: Font family 'Times New Roman' not found.
[WARNING] [2026-07-28 16:12:35,800:matplotlib.font_manager] findfont: Font family 'Times New Roman' not found.
[WARNING] [2026-07-28 16:12:35,801:matplotlib.font_manager] findfont: Font family 'Times New Roman' not found.
[WARNING] [2026-07-28 16:12:35,801:matplotlib.font_manager] findfont: Font family 'Times New Roman' not found.
[WARNING] [2026-07-28 16:12:35,802:matplotlib.font_manager] findfont: Font family 'Times New Roman' not found.
[WARNING] [2026-07-28 16:12:35,803:matplotlib.font_manager] findfont: Font family 'Times New Roman' not found.
[WARNING] [2026-07-28 16:12:35,803:matplotlib.font_manager] findfont: Font family 'Times New Roman' not found.
[WARNING] [2026-07-28 16:12:35,804:matplotlib.font_manager] findfont: Font family 'Times New Roman' not found.
[WARNING] [2026-07-28 16:12:35,804:matplotlib.font_manager] findfont: Font family 'Times New Roman' not found.
[WARNING] [2026-07-28 16:12:35,805:matplotlib.font_manager] findfont: Font family 'Times New Roman' not found.
[WARNING] [2026-07-28 16:12:35,808:matplotlib.font_manager] findfont: Font family 'Times New Roman' not found.
[WARNING] [2026-07-28 16:12:35,810:matplotlib.font_manager] findfont: Font family 'Times New Roman' not found.
[WARNING] [2026-07-28 16:12:35,811:matplotlib.font_manager] findfont: Font family 'Times New Roman' not found.
[WARNING] [2026-07-28 16:12:35,812:matplotlib.font_manager] findfont: Font family 'Times New Roman' not found.
[WARNING] [2026-07-28 16:12:35,813:matplotlib.font_manager] findfont: Font family 'Times New Roman' not found.
[WARNING] [2026-07-28 16:12:35,815:matplotlib.font_manager] findfont: Font family 'Times New Roman' not found.
[WARNING] [2026-07-28 16:12:35,818:matplotlib.font_manager] findfont: Font family 'Times New Roman' not found.
[WARNING] [2026-07-28 16:12:35,818:matplotlib.font_manager] findfont: Font family 'Times New Roman' not found.
[WARNING] [2026-07-28 16:12:35,819:matplotlib.font_manager] findfont: Font family 'Times New Roman' not found.
[WARNING] [2026-07-28 16:12:35,821:matplotlib.font_manager] findfont: Font family 'Times New Roman' not found.
[WARNING] [2026-07-28 16:12:35,826:matplotlib.font_manager] findfont: Font family 'Times New Roman' not found.
[WARNING] [2026-07-28 16:12:35,829:matplotlib.font_manager] findfont: Font family 'Times New Roman' not found.
[WARNING] [2026-07-28 16:12:35,833:matplotlib.font_manager] findfont: Font family 'Times New Roman' not found.
[WARNING] [2026-07-28 16:12:35,839:matplotlib.font_manager] findfont: Font family 'Times New Roman' not found.
[WARNING] [2026-07-28 16:12:35,845:matplotlib.font_manager] findfont: Font family 'Times New Roman' not found.
[WARNING] [2026-07-28 16:12:35,856:matplotlib.font_manager] findfont: Font family 'Times New Roman' not found.
[WARNING] [2026-07-28 16:12:35,857:matplotlib.font_manager] findfont: Font family 'Times New Roman' not found.
[WARNING] [2026-07-28 16:12:35,862:matplotlib.font_manager] findfont: Font family 'Times New Roman' not found.
[WARNING] [2026-07-28 16:12:35,864:matplotlib.font_manager] findfont: Font family 'Times New Roman' not found.
[WARNING] [2026-07-28 16:12:35,868:matplotlib.font_manager] findfont: Font family 'Times New Roman' not found.
[WARNING] [2026-07-28 16:12:35,869:matplotlib.font_manager] findfont: Font family 'Times New Roman' not found.
[WARNING] [2026-07-28 16:12:35,875:matplotlib.font_manager] findfont: Font family 'Times New Roman' not found.
[WARNING] [2026-07-28 16:12:35,877:matplotlib.font_manager] findfont: Font family 'Times New Roman' not found.
[WARNING] [2026-07-28 16:12:35,881:matplotlib.font_manager] findfont: Font family 'Times New Roman' not found.
[WARNING] [2026-07-28 16:12:35,883:matplotlib.font_manager] findfont: Font family 'Times New Roman' not found.
[WARNING] [2026-07-28 16:12:35,887:matplotlib.font_manager] findfont: Font family 'Times New Roman' not found.
[WARNING] [2026-07-28 16:12:35,891:matplotlib.font_manager] findfont: Font family 'Times New Roman' not found.
[WARNING] [2026-07-28 16:12:35,894:matplotlib.font_manager] findfont: Font family 'Times New Roman' not found.
[WARNING] [2026-07-28 16:12:35,894:matplotlib.font_manager] findfont: Font family 'Times New Roman' not found.
[WARNING] [2026-07-28 16:12:35,897:matplotlib.font_manager] findfont: Font family 'Times New Roman' not found.
[WARNING] [2026-07-28 16:12:35,900:matplotlib.font_manager] findfont: Font family 'Times New Roman' not found.
[WARNING] [2026-07-28 16:12:35,905:matplotlib.font_manager] findfont: Font family 'Times New Roman' not found.
[WARNING] [2026-07-28 16:12:35,907:matplotlib.font_manager] findfont: Font family 'Times New Roman' not found.
[WARNING] [2026-07-28 16:12:35,912:matplotlib.font_manager] findfont: Font family 'Times New Roman' not found.
[WARNING] [2026-07-28 16:12:35,916:matplotlib.font_manager] findfont: Font family 'Times New Roman' not found.
[WARNING] [2026-07-28 16:12:35,923:matplotlib.font_manager] findfont: Font family 'Times New Roman' not found.
[WARNING] [2026-07-28 16:12:35,926:matplotlib.font_manager] findfont: Font family 'Times New Roman' not found.
[WARNING] [2026-07-28 16:12:35,934:matplotlib.font_manager] findfont: Font family 'Times New Roman' not found.
[WARNING] [2026-07-28 16:12:35,936:matplotlib.font_manager] findfont: Font family 'Times New Roman' not found.
[WARNING] [2026-07-28 16:12:35,944:matplotlib.font_manager] findfont: Font family 'Times New Roman' not found.
[WARNING] [2026-07-28 16:12:35,946:matplotlib.font_manager] findfont: Font family 'Times New Roman' not found.
[WARNING] [2026-07-28 16:12:35,953:matplotlib.font_manager] findfont: Font family 'Times New Roman' not found.
[WARNING] [2026-07-28 16:12:35,955:matplotlib.font_manager] findfont: Font family 'Times New Roman' not found.
[WARNING] [2026-07-28 16:12:35,964:matplotlib.font_manager] findfont: Font family 'Times New Roman' not found.
[WARNING] [2026-07-28 16:12:35,965:matplotlib.font_manager] findfont: Font family 'Times New Roman' not found.
[WARNING] [2026-07-28 16:12:35,972:matplotlib.font_manager] findfont: Font family 'Times New Roman' not found.
[WARNING] [2026-07-28 16:12:35,978:matplotlib.font_manager] findfont: Font family 'Times New Roman' not found.
[WARNING] [2026-07-28 16:12:35,984:matplotlib.font_manager] findfont: Font family 'Times New Roman' not found.
[WARNING] [2026-07-28 16:12:35,986:matplotlib.font_manager] findfont: Font family 'Times New Roman' not found.
[WARNING] [2026-07-28 16:12:35,991:matplotlib.font_manager] findfont: Font family 'Times New Roman' not found.
[WARNING] [2026-07-28 16:12:35,991:matplotlib.font_manager] findfont: Font family 'Times New Roman' not found.
[WARNING] [2026-07-28 16:12:35,992:matplotlib.font_manager] findfont: Font family 'Times New Roman' not found.
[WARNING] [2026-07-28 16:12:35,993:matplotlib.font_manager] findfont: Font family 'Times New Roman' not found.
[WARNING] [2026-07-28 16:12:35,998:matplotlib.font_manager] findfont: Font family 'Times New Roman' not found.
[WARNING] [2026-07-28 16:12:35,998:matplotlib.font_manager] findfont: Font family 'Times New Roman' not found.
[WARNING] [2026-07-28 16:12:36,004:matplotlib.font_manager] findfont: Font family 'Times New Roman' not found.
[WARNING] [2026-07-28 16:12:36,004:matplotlib.font_manager] findfont: Font family 'Times New Roman' not found.
[WARNING] [2026-07-28 16:12:36,010:matplotlib.font_manager] findfont: Font family 'Times New Roman' not found.
[WARNING] [2026-07-28 16:12:36,011:matplotlib.font_manager] findfont: Font family 'Times New Roman' not found.
[WARNING] [2026-07-28 16:12:36,016:matplotlib.font_manager] findfont: Font family 'Times New Roman' not found.
[WARNING] [2026-07-28 16:12:36,017:matplotlib.font_manager] findfont: Font family 'Times New Roman' not found.
[WARNING] [2026-07-28 16:12:36,022:matplotlib.font_manager] findfont: Font family 'Times New Roman' not found.
[WARNING] [2026-07-28 16:12:36,029:matplotlib.font_manager] findfont: Font family 'Times New Roman' not found.
[WARNING] [2026-07-28 16:12:36,029:matplotlib.font_manager] findfont: Font family 'Times New Roman' not found.
[WARNING] [2026-07-28 16:12:36,073:matplotlib.font_manager] findfont: Font family 'Times New Roman' not found.
[WARNING] [2026-07-28 16:12:36,074:matplotlib.font_manager] findfont: Font family 'Times New Roman' not found.
[WARNING] [2026-07-28 16:12:36,075:matplotlib.font_manager] findfont: Font family 'Times New Roman' not found.
[WARNING] [2026-07-28 16:12:36,075:matplotlib.font_manager] findfont: Font family 'Times New Roman' not found.
[WARNING] [2026-07-28 16:12:36,076:matplotlib.font_manager] findfont: Font family 'Times New Roman' not found.
[WARNING] [2026-07-28 16:12:36,076:matplotlib.font_manager] findfont: Font family 'Times New Roman' not found.
[WARNING] [2026-07-28 16:12:36,094:matplotlib.font_manager] findfont: Font family 'Times New Roman' not found.
[WARNING] [2026-07-28 16:12:36,095:matplotlib.font_manager] findfont: Font family 'Times New Roman' not found.
[WARNING] [2026-07-28 16:12:36,096:matplotlib.font_manager] findfont: Font family 'Times New Roman' not found.
[WARNING] [2026-07-28 16:12:36,097:matplotlib.font_manager] findfont: Font family 'Times New Roman' not found.
[WARNING] [2026-07-28 16:12:36,097:matplotlib.font_manager] findfont: Font family 'Times New Roman' not found.
[WARNING] [2026-07-28 16:12:36,098:matplotlib.font_manager] findfont: Font family 'Times New Roman' not found.
[WARNING] [2026-07-28 16:12:36,099:matplotlib.font_manager] findfont: Font family 'Times New Roman' not found.
[WARNING] [2026-07-28 16:12:36,101:matplotlib.font_manager] findfont: Font family 'Times New Roman' not found.
[WARNING] [2026-07-28 16:12:36,102:matplotlib.font_manager] findfont: Font family 'Times New Roman' not found.
[WARNING] [2026-07-28 16:12:36,103:matplotlib.font_manager] findfont: Font family 'Times New Roman' not found.
[WARNING] [2026-07-28 16:12:36,104:matplotlib.font_manager] findfont: Font family 'Times New Roman' not found.
[WARNING] [2026-07-28 16:12:36,106:matplotlib.font_manager] findfont: Font family 'Times New Roman' not found.
[WARNING] [2026-07-28 16:12:36,107:matplotlib.font_manager] findfont: Font family 'Times New Roman' not found.
[WARNING] [2026-07-28 16:12:36,108:matplotlib.font_manager] findfont: Font family 'Times New Roman' not found.
[WARNING] [2026-07-28 16:12:36,110:matplotlib.font_manager] findfont: Font family 'Times New Roman' not found.
[WARNING] [2026-07-28 16:12:36,111:matplotlib.font_manager] findfont: Font family 'Times New Roman' not found.
[WARNING] [2026-07-28 16:12:36,112:matplotlib.font_manager] findfont: Font family 'Times New Roman' not found.
[WARNING] [2026-07-28 16:12:36,113:matplotlib.font_manager] findfont: Font family 'Times New Roman' not found.
[WARNING] [2026-07-28 16:12:36,115:matplotlib.font_manager] findfont: Font family 'Times New Roman' not found.
[WARNING] [2026-07-28 16:12:36,116:matplotlib.font_manager] findfont: Font family 'Times New Roman' not found.
[WARNING] [2026-07-28 16:12:36,117:matplotlib.font_manager] findfont: Font family 'Times New Roman' not found.
[WARNING] [2026-07-28 16:12:36,118:matplotlib.font_manager] findfont: Font family 'Times New Roman' not found.
[WARNING] [2026-07-28 16:12:36,119:matplotlib.font_manager] findfont: Font family 'Times New Roman' not found.
[WARNING] [2026-07-28 16:12:36,120:matplotlib.font_manager] findfont: Font family 'Times New Roman' not found.
[WARNING] [2026-07-28 16:12:36,121:matplotlib.font_manager] findfont: Font family 'Times New Roman' not found.
[WARNING] [2026-07-28 16:12:36,123:matplotlib.font_manager] findfont: Font family 'Times New Roman' not found.
[WARNING] [2026-07-28 16:12:36,124:matplotlib.font_manager] findfont: Font family 'Times New Roman' not found.
[WARNING] [2026-07-28 16:12:36,125:matplotlib.font_manager] findfont: Font family 'Times New Roman' not found.
[WARNING] [2026-07-28 16:12:36,126:matplotlib.font_manager] findfont: Font family 'Times New Roman' not found.
[WARNING] [2026-07-28 16:12:36,127:matplotlib.font_manager] findfont: Font family 'Times New Roman' not found.
[WARNING] [2026-07-28 16:12:36,129:matplotlib.font_manager] findfont: Font family 'Times New Roman' not found.
[WARNING] [2026-07-28 16:12:36,130:matplotlib.font_manager] findfont: Font family 'Times New Roman' not found.
[WARNING] [2026-07-28 16:12:36,131:matplotlib.font_manager] findfont: Font family 'Times New Roman' not found.
[WARNING] [2026-07-28 16:12:36,132:matplotlib.font_manager] findfont: Font family 'Times New Roman' not found.
[WARNING] [2026-07-28 16:12:36,133:matplotlib.font_manager] findfont: Font family 'Times New Roman' not found.
[WARNING] [2026-07-28 16:12:36,145:matplotlib.font_manager] findfont: Font family 'Times New Roman' not found.
[WARNING] [2026-07-28 16:12:36,148:matplotlib.font_manager] findfont: Font family 'Times New Roman' not found.
[WARNING] [2026-07-28 16:12:36,148:matplotlib.font_manager] findfont: Font family 'Times New Roman' not found.
[WARNING] [2026-07-28 16:12:36,209:matplotlib.font_manager] findfont: Font family 'Times New Roman' not found.
[WARNING] [2026-07-28 16:12:36,241:matplotlib.font_manager] findfont: Font family 'Times New Roman' not found.
[WARNING] [2026-07-28 16:12:36,242:matplotlib.font_manager] findfont: Font family 'Times New Roman' not found.
[WARNING] [2026-07-28 16:12:36,242:matplotlib.font_manager] findfont: Font family 'Times New Roman' not found.
[WARNING] [2026-07-28 16:12:36,243:matplotlib.font_manager] findfont: Font family 'Times New Roman' not found.
[WARNING] [2026-07-28 16:12:36,246:matplotlib.font_manager] findfont: Font family 'Times New Roman' not found.
[WARNING] [2026-07-28 16:12:36,247:matplotlib.font_manager] findfont: Font family 'Times New Roman' not found.
[WARNING] [2026-07-28 16:12:36,248:matplotlib.font_manager] findfont: Font family 'Times New Roman' not found.
[WARNING] [2026-07-28 16:12:36,250:matplotlib.font_manager] findfont: Font family 'Times New Roman' not found.
[WARNING] [2026-07-28 16:12:36,251:matplotlib.font_manager] findfont: Font family 'Times New Roman' not found.
[WARNING] [2026-07-28 16:12:36,252:matplotlib.font_manager] findfont: Font family 'Times New Roman' not found.
[WARNING] [2026-07-28 16:12:36,252:matplotlib.font_manager] findfont: Font family 'Times New Roman' not found.
[WARNING] [2026-07-28 16:12:36,254:matplotlib.font_manager] findfont: Font family 'Times New Roman' not found.
[WARNING] [2026-07-28 16:12:36,254:matplotlib.font_manager] findfont: Font family 'Times New Roman' not found.
[WARNING] [2026-07-28 16:12:36,255:matplotlib.font_manager] findfont: Font family 'Times New Roman' not found.
[WARNING] [2026-07-28 16:12:36,256:matplotlib.font_manager] findfont: Font family 'Times New Roman' not found.
[WARNING] [2026-07-28 16:12:36,256:matplotlib.font_manager] findfont: Font family 'Times New Roman' not found.
[WARNING] [2026-07-28 16:12:36,257:matplotlib.font_manager] findfont: Font family 'Times New Roman' not found.
[WARNING] [2026-07-28 16:12:36,258:matplotlib.font_manager] findfont: Font family 'Times New Roman' not found.
[WARNING] [2026-07-28 16:12:36,263:matplotlib.font_manager] findfont: Font family 'Times New Roman' not found.
[WARNING] [2026-07-28 16:12:36,264:matplotlib.font_manager] findfont: Font family 'Times New Roman' not found.
[WARNING] [2026-07-28 16:12:36,266:matplotlib.font_manager] findfont: Font family 'Times New Roman' not found.
[WARNING] [2026-07-28 16:12:36,269:matplotlib.font_manager] findfont: Font family 'Times New Roman' not found.
[WARNING] [2026-07-28 16:12:36,270:matplotlib.font_manager] findfont: Font family 'Times New Roman' not found.
[WARNING] [2026-07-28 16:12:36,271:matplotlib.font_manager] findfont: Font family 'Times New Roman' not found.
[WARNING] [2026-07-28 16:12:36,272:matplotlib.font_manager] findfont: Font family 'Times New Roman' not found.
[WARNING] [2026-07-28 16:12:36,273:matplotlib.font_manager] findfont: Font family 'Times New Roman' not found.
[WARNING] [2026-07-28 16:12:36,274:matplotlib.font_manager] findfont: Font family 'Times New Roman' not found.
[WARNING] [2026-07-28 16:12:36,275:matplotlib.font_manager] findfont: Font family 'Times New Roman' not found.
[WARNING] [2026-07-28 16:12:36,276:matplotlib.font_manager] findfont: Font family 'Times New Roman' not found.
[WARNING] [2026-07-28 16:12:36,276:matplotlib.font_manager] findfont: Font family 'Times New Roman' not found.
[WARNING] [2026-07-28 16:12:36,283:matplotlib.font_manager] findfont: Font family 'Times New Roman' not found.
[WARNING] [2026-07-28 16:12:36,286:matplotlib.font_manager] findfont: Font family 'Times New Roman' not found.
[WARNING] [2026-07-28 16:12:36,288:matplotlib.font_manager] findfont: Font family 'Times New Roman' not found.
[WARNING] [2026-07-28 16:12:36,289:matplotlib.font_manager] findfont: Font family 'Times New Roman' not found.
[WARNING] [2026-07-28 16:12:36,290:matplotlib.font_manager] findfont: Font family 'Times New Roman' not found.
[WARNING] [2026-07-28 16:12:36,292:matplotlib.font_manager] findfont: Font family 'Times New Roman' not found.
[WARNING] [2026-07-28 16:12:36,298:matplotlib.font_manager] findfont: Font family 'Times New Roman' not found.
[WARNING] [2026-07-28 16:12:36,298:matplotlib.font_manager] findfont: Font family 'Times New Roman' not found.
[WARNING] [2026-07-28 16:12:36,299:matplotlib.font_manager] findfont: Font family 'Times New Roman' not found.
[WARNING] [2026-07-28 16:12:36,301:matplotlib.font_manager] findfont: Font family 'Times New Roman' not found.
[WARNING] [2026-07-28 16:12:36,318:matplotlib.font_manager] findfont: Font family 'Times New Roman' not found.
[WARNING] [2026-07-28 16:12:36,325:matplotlib.font_manager] findfont: Font family 'Times New Roman' not found.
[WARNING] [2026-07-28 16:12:36,334:matplotlib.font_manager] findfont: Font family 'Times New Roman' not found.
[WARNING] [2026-07-28 16:12:36,349:matplotlib.font_manager] findfont: Font family 'Times New Roman' not found.
[WARNING] [2026-07-28 16:12:36,364:matplotlib.font_manager] findfont: Font family 'Times New Roman' not found.
[WARNING] [2026-07-28 16:12:36,385:matplotlib.font_manager] findfont: Font family 'Times New Roman' not found.
[WARNING] [2026-07-28 16:12:36,386:matplotlib.font_manager] findfont: Font family 'Times New Roman' not found.
[WARNING] [2026-07-28 16:12:36,395:matplotlib.font_manager] findfont: Font family 'Times New Roman' not found.
[WARNING] [2026-07-28 16:12:36,398:matplotlib.font_manager] findfont: Font family 'Times New Roman' not found.
[WARNING] [2026-07-28 16:12:36,405:matplotlib.font_manager] findfont: Font family 'Times New Roman' not found.
[WARNING] [2026-07-28 16:12:36,406:matplotlib.font_manager] findfont: Font family 'Times New Roman' not found.
[WARNING] [2026-07-28 16:12:36,416:matplotlib.font_manager] findfont: Font family 'Times New Roman' not found.
[WARNING] [2026-07-28 16:12:36,418:matplotlib.font_manager] findfont: Font family 'Times New Roman' not found.
[WARNING] [2026-07-28 16:12:36,426:matplotlib.font_manager] findfont: Font family 'Times New Roman' not found.
[WARNING] [2026-07-28 16:12:36,428:matplotlib.font_manager] findfont: Font family 'Times New Roman' not found.
[WARNING] [2026-07-28 16:12:36,436:matplotlib.font_manager] findfont: Font family 'Times New Roman' not found.
[WARNING] [2026-07-28 16:12:36,441:matplotlib.font_manager] findfont: Font family 'Times New Roman' not found.
[WARNING] [2026-07-28 16:12:36,446:matplotlib.font_manager] findfont: Font family 'Times New Roman' not found.
[WARNING] [2026-07-28 16:12:36,446:matplotlib.font_manager] findfont: Font family 'Times New Roman' not found.
[WARNING] [2026-07-28 16:12:36,450:matplotlib.font_manager] findfont: Font family 'Times New Roman' not found.
[WARNING] [2026-07-28 16:12:36,452:matplotlib.font_manager] findfont: Font family 'Times New Roman' not found.
[WARNING] [2026-07-28 16:12:36,456:matplotlib.font_manager] findfont: Font family 'Times New Roman' not found.
[WARNING] [2026-07-28 16:12:36,458:matplotlib.font_manager] findfont: Font family 'Times New Roman' not found.
[WARNING] [2026-07-28 16:12:36,463:matplotlib.font_manager] findfont: Font family 'Times New Roman' not found.
[WARNING] [2026-07-28 16:12:36,466:matplotlib.font_manager] findfont: Font family 'Times New Roman' not found.
[WARNING] [2026-07-28 16:12:36,473:matplotlib.font_manager] findfont: Font family 'Times New Roman' not found.
[WARNING] [2026-07-28 16:12:36,476:matplotlib.font_manager] findfont: Font family 'Times New Roman' not found.
[WARNING] [2026-07-28 16:12:36,483:matplotlib.font_manager] findfont: Font family 'Times New Roman' not found.
[WARNING] [2026-07-28 16:12:36,486:matplotlib.font_manager] findfont: Font family 'Times New Roman' not found.
[WARNING] [2026-07-28 16:12:36,493:matplotlib.font_manager] findfont: Font family 'Times New Roman' not found.
[WARNING] [2026-07-28 16:12:36,495:matplotlib.font_manager] findfont: Font family 'Times New Roman' not found.
[WARNING] [2026-07-28 16:12:36,503:matplotlib.font_manager] findfont: Font family 'Times New Roman' not found.
[WARNING] [2026-07-28 16:12:36,505:matplotlib.font_manager] findfont: Font family 'Times New Roman' not found.
[WARNING] [2026-07-28 16:12:36,514:matplotlib.font_manager] findfont: Font family 'Times New Roman' not found.
[WARNING] [2026-07-28 16:12:36,515:matplotlib.font_manager] findfont: Font family 'Times New Roman' not found.
[WARNING] [2026-07-28 16:12:36,524:matplotlib.font_manager] findfont: Font family 'Times New Roman' not found.
[WARNING] [2026-07-28 16:12:36,544:matplotlib.font_manager] findfont: Font family 'Times New Roman' not found.
[WARNING] [2026-07-28 16:12:36,559:matplotlib.font_manager] findfont: Font family 'Times New Roman' not found.
[WARNING] [2026-07-28 16:12:36,563:matplotlib.font_manager] findfont: Font family 'Times New Roman' not found.
[WARNING] [2026-07-28 16:12:36,582:matplotlib.font_manager] findfont: Font family 'Times New Roman' not found.
[WARNING] [2026-07-28 16:12:36,583:matplotlib.font_manager] findfont: Font family 'Times New Roman' not found.
[WARNING] [2026-07-28 16:12:36,585:matplotlib.font_manager] findfont: Font family 'Times New Roman' not found.
[WARNING] [2026-07-28 16:12:36,588:matplotlib.font_manager] findfont: Font family 'Times New Roman' not found.
[WARNING] [2026-07-28 16:12:36,602:matplotlib.font_manager] findfont: Font family 'Times New Roman' not found.
[WARNING] [2026-07-28 16:12:36,604:matplotlib.font_manager] findfont: Font family 'Times New Roman' not found.
[WARNING] [2026-07-28 16:12:36,627:matplotlib.font_manager] findfont: Font family 'Times New Roman' not found.
[WARNING] [2026-07-28 16:12:36,628:matplotlib.font_manager] findfont: Font family 'Times New Roman' not found.
[WARNING] [2026-07-28 16:12:36,651:matplotlib.font_manager] findfont: Font family 'Times New Roman' not found.
[WARNING] [2026-07-28 16:12:36,653:matplotlib.font_manager] findfont: Font family 'Times New Roman' not found.
[WARNING] [2026-07-28 16:12:36,663:matplotlib.font_manager] findfont: Font family 'Times New Roman' not found.
[WARNING] [2026-07-28 16:12:36,665:matplotlib.font_manager] findfont: Font family 'Times New Roman' not found.
[WARNING] [2026-07-28 16:12:36,673:matplotlib.font_manager] findfont: Font family 'Times New Roman' not found.
[WARNING] [2026-07-28 16:12:36,682:matplotlib.font_manager] findfont: Font family 'Times New Roman' not found.
[WARNING] [2026-07-28 16:12:36,682:matplotlib.font_manager] findfont: Font family 'Times New Roman' not found.
[WARNING] [2026-07-28 16:12:36,688:matplotlib.font_manager] findfont: Font family 'Times New Roman' not found.
[WARNING] [2026-07-28 16:12:36,689:matplotlib.font_manager] findfont: Font family 'Times New Roman' not found.
[WARNING] [2026-07-28 16:12:36,690:matplotlib.font_manager] findfont: Font family 'Times New Roman' not found.
[WARNING] [2026-07-28 16:12:37,469:matplotlib.font_manager] findfont: Font family 'Times New Roman' not found.
[WARNING] [2026-07-28 16:12:37,469:matplotlib.font_manager] findfont: Font family 'Times New Roman' not found.
[WARNING] [2026-07-28 16:12:37,470:matplotlib.font_manager] findfont: Font family 'Times New Roman' not found.
[WARNING] [2026-07-28 16:12:37,471:matplotlib.font_manager] findfont: Font family 'Times New Roman' not found.
[WARNING] [2026-07-28 16:12:37,472:matplotlib.font_manager] findfont: Font family 'Times New Roman' not found.
[WARNING] [2026-07-28 16:12:37,473:matplotlib.font_manager] findfont: Font family 'Times New Roman' not found.
[WARNING] [2026-07-28 16:12:37,474:matplotlib.font_manager] findfont: Font family 'Times New Roman' not found.
[WARNING] [2026-07-28 16:12:37,475:matplotlib.font_manager] findfont: Font family 'Times New Roman' not found.
[WARNING] [2026-07-28 16:12:37,476:matplotlib.font_manager] findfont: Font family 'Times New Roman' not found.
[WARNING] [2026-07-28 16:12:37,477:matplotlib.font_manager] findfont: Font family 'Times New Roman' not found.
[WARNING] [2026-07-28 16:12:37,477:matplotlib.font_manager] findfont: Font family 'Times New Roman' not found.
[WARNING] [2026-07-28 16:12:37,478:matplotlib.font_manager] findfont: Font family 'Times New Roman' not found.
[WARNING] [2026-07-28 16:12:37,479:matplotlib.font_manager] findfont: Font family 'Times New Roman' not found.
[WARNING] [2026-07-28 16:12:37,480:matplotlib.font_manager] findfont: Font family 'Times New Roman' not found.
[WARNING] [2026-07-28 16:12:37,481:matplotlib.font_manager] findfont: Font family 'Times New Roman' not found.
[WARNING] [2026-07-28 16:12:37,482:matplotlib.font_manager] findfont: Font family 'Times New Roman' not found.
[WARNING] [2026-07-28 16:12:37,482:matplotlib.font_manager] findfont: Font family 'Times New Roman' not found.
[WARNING] [2026-07-28 16:12:37,483:matplotlib.font_manager] findfont: Font family 'Times New Roman' not found.
[WARNING] [2026-07-28 16:12:37,484:matplotlib.font_manager] findfont: Font family 'Times New Roman' not found.
[WARNING] [2026-07-28 16:12:37,485:matplotlib.font_manager] findfont: Font family 'Times New Roman' not found.
[WARNING] [2026-07-28 16:12:37,486:matplotlib.font_manager] findfont: Font family 'Times New Roman' not found.
[WARNING] [2026-07-28 16:12:37,487:matplotlib.font_manager] findfont: Font family 'Times New Roman' not found.
[WARNING] [2026-07-28 16:12:37,487:matplotlib.font_manager] findfont: Font family 'Times New Roman' not found.
[WARNING] [2026-07-28 16:12:37,488:matplotlib.font_manager] findfont: Font family 'Times New Roman' not found.
[WARNING] [2026-07-28 16:12:37,489:matplotlib.font_manager] findfont: Font family 'Times New Roman' not found.
[WARNING] [2026-07-28 16:12:37,490:matplotlib.font_manager] findfont: Font family 'Times New Roman' not found.
[WARNING] [2026-07-28 16:12:37,491:matplotlib.font_manager] findfont: Font family 'Times New Roman' not found.
[WARNING] [2026-07-28 16:12:37,492:matplotlib.font_manager] findfont: Font family 'Times New Roman' not found.
[WARNING] [2026-07-28 16:12:37,492:matplotlib.font_manager] findfont: Font family 'Times New Roman' not found.
[WARNING] [2026-07-28 16:12:37,493:matplotlib.font_manager] findfont: Font family 'Times New Roman' not found.
[WARNING] [2026-07-28 16:12:37,494:matplotlib.font_manager] findfont: Font family 'Times New Roman' not found.
[WARNING] [2026-07-28 16:12:37,495:matplotlib.font_manager] findfont: Font family 'Times New Roman' not found.
[WARNING] [2026-07-28 16:12:37,496:matplotlib.font_manager] findfont: Font family 'Times New Roman' not found.
[WARNING] [2026-07-28 16:12:37,496:matplotlib.font_manager] findfont: Font family 'Times New Roman' not found.
[WARNING] [2026-07-28 16:12:37,497:matplotlib.font_manager] findfont: Font family 'Times New Roman' not found.
[WARNING] [2026-07-28 16:12:37,505:matplotlib.font_manager] findfont: Font family 'Times New Roman' not found.
[WARNING] [2026-07-28 16:12:37,507:matplotlib.font_manager] findfont: Font family 'Times New Roman' not found.
[WARNING] [2026-07-28 16:12:37,507:matplotlib.font_manager] findfont: Font family 'Times New Roman' not found.
[WARNING] [2026-07-28 16:12:37,530:matplotlib.font_manager] findfont: Font family 'Times New Roman' not found.
[WARNING] [2026-07-28 16:12:37,536:matplotlib.font_manager] findfont: Font family 'Times New Roman' not found.
[WARNING] [2026-07-28 16:12:37,540:matplotlib.font_manager] findfont: Font family 'Times New Roman' not found.
[WARNING] [2026-07-28 16:12:37,546:matplotlib.font_manager] findfont: Font family 'Times New Roman' not found.
[WARNING] [2026-07-28 16:12:37,553:matplotlib.font_manager] findfont: Font family 'Times New Roman' not found.
[WARNING] [2026-07-28 16:12:37,561:matplotlib.font_manager] findfont: Font family 'Times New Roman' not found.
[WARNING] [2026-07-28 16:12:37,567:matplotlib.font_manager] findfont: Font family 'Times New Roman' not found.
[WARNING] [2026-07-28 16:12:37,572:matplotlib.font_manager] findfont: Font family 'Times New Roman' not found.
[WARNING] [2026-07-28 16:12:37,579:matplotlib.font_manager] findfont: Font family 'Times New Roman' not found.
[WARNING] [2026-07-28 16:12:37,585:matplotlib.font_manager] findfont: Font family 'Times New Roman' not found.
[WARNING] [2026-07-28 16:12:37,590:matplotlib.font_manager] findfont: Font family 'Times New Roman' not found.
[WARNING] [2026-07-28 16:12:37,595:matplotlib.font_manager] findfont: Font family 'Times New Roman' not found.
[WARNING] [2026-07-28 16:12:37,599:matplotlib.font_manager] findfont: Font family 'Times New Roman' not found.
[WARNING] [2026-07-28 16:12:37,607:matplotlib.font_manager] findfont: Font family 'Times New Roman' not found.
[WARNING] [2026-07-28 16:12:37,611:matplotlib.font_manager] findfont: Font family 'Times New Roman' not found.
[WARNING] [2026-07-28 16:12:37,616:matplotlib.font_manager] findfont: Font family 'Times New Roman' not found.
[WARNING] [2026-07-28 16:12:37,624:matplotlib.font_manager] findfont: Font family 'Times New Roman' not found.
[WARNING] [2026-07-28 16:12:37,630:matplotlib.font_manager] findfont: Font family 'Times New Roman' not found.
[WARNING] [2026-07-28 16:12:37,636:matplotlib.font_manager] findfont: Font family 'Times New Roman' not found.
[WARNING] [2026-07-28 16:12:37,642:matplotlib.font_manager] findfont: Font family 'Times New Roman' not found.
[WARNING] [2026-07-28 16:12:37,650:matplotlib.font_manager] findfont: Font family 'Times New Roman' not found.
[WARNING] [2026-07-28 16:12:37,656:matplotlib.font_manager] findfont: Font family 'Times New Roman' not found.
[WARNING] [2026-07-28 16:12:37,664:matplotlib.font_manager] findfont: Font family 'Times New Roman' not found.
[WARNING] [2026-07-28 16:12:37,674:matplotlib.font_manager] findfont: Font family 'Times New Roman' not found.
[WARNING] [2026-07-28 16:12:37,683:matplotlib.font_manager] findfont: Font family 'Times New Roman' not found.
[WARNING] [2026-07-28 16:12:37,691:matplotlib.font_manager] findfont: Font family 'Times New Roman' not found.
[WARNING] [2026-07-28 16:12:37,699:matplotlib.font_manager] findfont: Font family 'Times New Roman' not found.
[WARNING] [2026-07-28 16:12:37,710:matplotlib.font_manager] findfont: Font family 'Times New Roman' not found.
[WARNING] [2026-07-28 16:12:37,718:matplotlib.font_manager] findfont: Font family 'Times New Roman' not found.
[WARNING] [2026-07-28 16:12:37,727:matplotlib.font_manager] findfont: Font family 'Times New Roman' not found.
[WARNING] [2026-07-28 16:12:37,734:matplotlib.font_manager] findfont: Font family 'Times New Roman' not found.
[WARNING] [2026-07-28 16:12:37,741:matplotlib.font_manager] findfont: Font family 'Times New Roman' not found.
[WARNING] [2026-07-28 16:12:37,750:matplotlib.font_manager] findfont: Font family 'Times New Roman' not found.
[WARNING] [2026-07-28 16:12:37,760:matplotlib.font_manager] findfont: Font family 'Times New Roman' not found.
[WARNING] [2026-07-28 16:12:37,775:matplotlib.font_manager] findfont: Font family 'Times New Roman' not found.
[WARNING] [2026-07-28 16:12:37,777:matplotlib.font_manager] findfont: Font family 'Times New Roman' not found.
[WARNING] [2026-07-28 16:12:37,791:matplotlib.font_manager] findfont: Font family 'Times New Roman' not found.
[WARNING] [2026-07-28 16:12:37,793:matplotlib.font_manager] findfont: Font family 'Times New Roman' not found.
[WARNING] [2026-07-28 16:12:37,795:matplotlib.font_manager] findfont: Font family 'Times New Roman' not found.
[WARNING] [2026-07-28 16:12:37,797:matplotlib.font_manager] findfont: Font family 'Times New Roman' not found.
[WARNING] [2026-07-28 16:12:37,798:matplotlib.font_manager] findfont: Font family 'Times New Roman' not found.
[WARNING] [2026-07-28 16:12:37,800:matplotlib.font_manager] findfont: Font family 'Times New Roman' not found.
[WARNING] [2026-07-28 16:12:37,803:matplotlib.font_manager] findfont: Font family 'Times New Roman' not found.
[WARNING] [2026-07-28 16:12:37,805:matplotlib.font_manager] findfont: Font family 'Times New Roman' not found.
[WARNING] [2026-07-28 16:12:37,807:matplotlib.font_manager] findfont: Font family 'Times New Roman' not found.
[WARNING] [2026-07-28 16:12:37,809:matplotlib.font_manager] findfont: Font family 'Times New Roman' not found.
[WARNING] [2026-07-28 16:12:37,810:matplotlib.font_manager] findfont: Font family 'Times New Roman' not found.
[WARNING] [2026-07-28 16:12:37,812:matplotlib.font_manager] findfont: Font family 'Times New Roman' not found.
[WARNING] [2026-07-28 16:12:37,813:matplotlib.font_manager] findfont: Font family 'Times New Roman' not found.
[WARNING] [2026-07-28 16:12:37,815:matplotlib.font_manager] findfont: Font family 'Times New Roman' not found.
[WARNING] [2026-07-28 16:12:37,816:matplotlib.font_manager] findfont: Font family 'Times New Roman' not found.
[WARNING] [2026-07-28 16:12:37,818:matplotlib.font_manager] findfont: Font family 'Times New Roman' not found.
[WARNING] [2026-07-28 16:12:37,820:matplotlib.font_manager] findfont: Font family 'Times New Roman' not found.
[WARNING] [2026-07-28 16:12:37,822:matplotlib.font_manager] findfont: Font family 'Times New Roman' not found.
[WARNING] [2026-07-28 16:12:37,823:matplotlib.font_manager] findfont: Font family 'Times New Roman' not found.
[WARNING] [2026-07-28 16:12:37,825:matplotlib.font_manager] findfont: Font family 'Times New Roman' not found.
[WARNING] [2026-07-28 16:12:37,826:matplotlib.font_manager] findfont: Font family 'Times New Roman' not found.
[WARNING] [2026-07-28 16:12:37,827:matplotlib.font_manager] findfont: Font family 'Times New Roman' not found.
[WARNING] [2026-07-28 16:12:37,829:matplotlib.font_manager] findfont: Font family 'Times New Roman' not found.
[WARNING] [2026-07-28 16:12:37,831:matplotlib.font_manager] findfont: Font family 'Times New Roman' not found.
[WARNING] [2026-07-28 16:12:37,832:matplotlib.font_manager] findfont: Font family 'Times New Roman' not found.
[WARNING] [2026-07-28 16:12:37,834:matplotlib.font_manager] findfont: Font family 'Times New Roman' not found.
[WARNING] [2026-07-28 16:12:37,835:matplotlib.font_manager] findfont: Font family 'Times New Roman' not found.
[WARNING] [2026-07-28 16:12:37,837:matplotlib.font_manager] findfont: Font family 'Times New Roman' not found.
[WARNING] [2026-07-28 16:12:37,839:matplotlib.font_manager] findfont: Font family 'Times New Roman' not found.
[WARNING] [2026-07-28 16:12:37,840:matplotlib.font_manager] findfont: Font family 'Times New Roman' not found.
[WARNING] [2026-07-28 16:12:37,842:matplotlib.font_manager] findfont: Font family 'Times New Roman' not found.
[WARNING] [2026-07-28 16:12:37,843:matplotlib.font_manager] findfont: Font family 'Times New Roman' not found.
[WARNING] [2026-07-28 16:12:37,845:matplotlib.font_manager] findfont: Font family 'Times New Roman' not found.
[WARNING] [2026-07-28 16:12:37,846:matplotlib.font_manager] findfont: Font family 'Times New Roman' not found.
[WARNING] [2026-07-28 16:12:37,855:matplotlib.font_manager] findfont: Font family 'Times New Roman' not found.
[WARNING] [2026-07-28 16:12:37,859:matplotlib.font_manager] findfont: Font family 'Times New Roman' not found.
[WARNING] [2026-07-28 16:12:37,859:matplotlib.font_manager] findfont: Font family 'Times New Roman' not found.
[WARNING] [2026-07-28 16:12:37,860:matplotlib.font_manager] findfont: Font family 'Times New Roman' not found.
[WARNING] [2026-07-28 16:12:37,860:matplotlib.font_manager] findfont: Font family 'Times New Roman' not found.
[WARNING] [2026-07-28 16:12:37,861:matplotlib.font_manager] findfont: Font family 'Times New Roman' not found.
[WARNING] [2026-07-28 16:12:37,862:matplotlib.font_manager] findfont: Font family 'Times New Roman' not found.
[WARNING] [2026-07-28 16:12:37,862:matplotlib.font_manager] findfont: Font family 'Times New Roman' not found.
[WARNING] [2026-07-28 16:12:37,863:matplotlib.font_manager] findfont: Font family 'Times New Roman' not found.
[WARNING] [2026-07-28 16:12:37,863:matplotlib.font_manager] findfont: Font family 'Times New Roman' not found.
[WARNING] [2026-07-28 16:12:37,864:matplotlib.font_manager] findfont: Font family 'Times New Roman' not found.
[WARNING] [2026-07-28 16:12:37,865:matplotlib.font_manager] findfont: Font family 'Times New Roman' not found.
[WARNING] [2026-07-28 16:12:37,865:matplotlib.font_manager] findfont: Font family 'Times New Roman' not found.
[WARNING] [2026-07-28 16:12:37,866:matplotlib.font_manager] findfont: Font family 'Times New Roman' not found.
[WARNING] [2026-07-28 16:12:37,867:matplotlib.font_manager] findfont: Font family 'Times New Roman' not found.
[WARNING] [2026-07-28 16:12:37,868:matplotlib.font_manager] findfont: Font family 'Times New Roman' not found.
[WARNING] [2026-07-28 16:12:37,868:matplotlib.font_manager] findfont: Font family 'Times New Roman' not found.
[WARNING] [2026-07-28 16:12:37,869:matplotlib.font_manager] findfont: Font family 'Times New Roman' not found.
[WARNING] [2026-07-28 16:12:37,869:matplotlib.font_manager] findfont: Font family 'Times New Roman' not found.
[WARNING] [2026-07-28 16:12:37,870:matplotlib.font_manager] findfont: Font family 'Times New Roman' not found.
[WARNING] [2026-07-28 16:12:37,871:matplotlib.font_manager] findfont: Font family 'Times New Roman' not found.
[WARNING] [2026-07-28 16:12:37,871:matplotlib.font_manager] findfont: Font family 'Times New Roman' not found.
[WARNING] [2026-07-28 16:12:37,872:matplotlib.font_manager] findfont: Font family 'Times New Roman' not found.
[WARNING] [2026-07-28 16:12:37,872:matplotlib.font_manager] findfont: Font family 'Times New Roman' not found.
[WARNING] [2026-07-28 16:12:37,873:matplotlib.font_manager] findfont: Font family 'Times New Roman' not found.
[WARNING] [2026-07-28 16:12:37,873:matplotlib.font_manager] findfont: Font family 'Times New Roman' not found.
[WARNING] [2026-07-28 16:12:37,874:matplotlib.font_manager] findfont: Font family 'Times New Roman' not found.
[WARNING] [2026-07-28 16:12:37,875:matplotlib.font_manager] findfont: Font family 'Times New Roman' not found.
[WARNING] [2026-07-28 16:12:37,876:matplotlib.font_manager] findfont: Font family 'Times New Roman' not found.
[WARNING] [2026-07-28 16:12:37,876:matplotlib.font_manager] findfont: Font family 'Times New Roman' not found.
[WARNING] [2026-07-28 16:12:37,877:matplotlib.font_manager] findfont: Font family 'Times New Roman' not found.
[WARNING] [2026-07-28 16:12:37,878:matplotlib.font_manager] findfont: Font family 'Times New Roman' not found.
[WARNING] [2026-07-28 16:12:37,879:matplotlib.font_manager] findfont: Font family 'Times New Roman' not found.
[WARNING] [2026-07-28 16:12:37,880:matplotlib.font_manager] findfont: Font family 'Times New Roman' not found.
[WARNING] [2026-07-28 16:12:37,880:matplotlib.font_manager] findfont: Font family 'Times New Roman' not found.
[WARNING] [2026-07-28 16:12:37,881:matplotlib.font_manager] findfont: Font family 'Times New Roman' not found.
[WARNING] [2026-07-28 16:12:37,882:matplotlib.font_manager] findfont: Font family 'Times New Roman' not found.
[WARNING] [2026-07-28 16:12:37,882:matplotlib.font_manager] findfont: Font family 'Times New Roman' not found.
[WARNING] [2026-07-28 16:12:37,883:matplotlib.font_manager] findfont: Font family 'Times New Roman' not found.
[WARNING] [2026-07-28 16:12:37,884:matplotlib.font_manager] findfont: Font family 'Times New Roman' not found.
[WARNING] [2026-07-28 16:12:37,885:matplotlib.font_manager] findfont: Font family 'Times New Roman' not found.
[WARNING] [2026-07-28 16:12:37,886:matplotlib.font_manager] findfont: Font family 'Times New Roman' not found.
[WARNING] [2026-07-28 16:12:37,886:matplotlib.font_manager] findfont: Font family 'Times New Roman' not found.
[WARNING] [2026-07-28 16:12:37,887:matplotlib.font_manager] findfont: Font family 'Times New Roman' not found.
[WARNING] [2026-07-28 16:12:37,888:matplotlib.font_manager] findfont: Font family 'Times New Roman' not found.
[WARNING] [2026-07-28 16:12:37,888:matplotlib.font_manager] findfont: Font family 'Times New Roman' not found.
[WARNING] [2026-07-28 16:12:37,889:matplotlib.font_manager] findfont: Font family 'Times New Roman' not found.
[WARNING] [2026-07-28 16:12:37,890:matplotlib.font_manager] findfont: Font family 'Times New Roman' not found.
[WARNING] [2026-07-28 16:12:37,890:matplotlib.font_manager] findfont: Font family 'Times New Roman' not found.
[WARNING] [2026-07-28 16:12:37,891:matplotlib.font_manager] findfont: Font family 'Times New Roman' not found.
[WARNING] [2026-07-28 16:12:37,892:matplotlib.font_manager] findfont: Font family 'Times New Roman' not found.
[WARNING] [2026-07-28 16:12:37,892:matplotlib.font_manager] findfont: Font family 'Times New Roman' not found.
[WARNING] [2026-07-28 16:12:37,893:matplotlib.font_manager] findfont: Font family 'Times New Roman' not found.
[WARNING] [2026-07-28 16:12:37,894:matplotlib.font_manager] findfont: Font family 'Times New Roman' not found.
[WARNING] [2026-07-28 16:12:37,894:matplotlib.font_manager] findfont: Font family 'Times New Roman' not found.
[WARNING] [2026-07-28 16:12:37,895:matplotlib.font_manager] findfont: Font family 'Times New Roman' not found.
[WARNING] [2026-07-28 16:12:37,896:matplotlib.font_manager] findfont: Font family 'Times New Roman' not found.
[WARNING] [2026-07-28 16:12:37,897:matplotlib.font_manager] findfont: Font family 'Times New Roman' not found.
[WARNING] [2026-07-28 16:12:37,898:matplotlib.font_manager] findfont: Font family 'Times New Roman' not found.
[WARNING] [2026-07-28 16:12:37,899:matplotlib.font_manager] findfont: Font family 'Times New Roman' not found.
[WARNING] [2026-07-28 16:12:37,900:matplotlib.font_manager] findfont: Font family 'Times New Roman' not found.
[WARNING] [2026-07-28 16:12:37,900:matplotlib.font_manager] findfont: Font family 'Times New Roman' not found.
[WARNING] [2026-07-28 16:12:37,901:matplotlib.font_manager] findfont: Font family 'Times New Roman' not found.
[WARNING] [2026-07-28 16:12:37,902:matplotlib.font_manager] findfont: Font family 'Times New Roman' not found.
[WARNING] [2026-07-28 16:12:37,903:matplotlib.font_manager] findfont: Font family 'Times New Roman' not found.
[WARNING] [2026-07-28 16:12:37,904:matplotlib.font_manager] findfont: Font family 'Times New Roman' not found.
[WARNING] [2026-07-28 16:12:37,905:matplotlib.font_manager] findfont: Font family 'Times New Roman' not found.
[WARNING] [2026-07-28 16:12:37,906:matplotlib.font_manager] findfont: Font family 'Times New Roman' not found.
[WARNING] [2026-07-28 16:12:37,907:matplotlib.font_manager] findfont: Font family 'Times New Roman' not found.
[WARNING] [2026-07-28 16:12:37,907:matplotlib.font_manager] findfont: Font family 'Times New Roman' not found.
[WARNING] [2026-07-28 16:12:37,908:matplotlib.font_manager] findfont: Font family 'Times New Roman' not found.
[WARNING] [2026-07-28 16:12:37,909:matplotlib.font_manager] findfont: Font family 'Times New Roman' not found.
[WARNING] [2026-07-28 16:12:37,909:matplotlib.font_manager] findfont: Font family 'Times New Roman' not found.
[WARNING] [2026-07-28 16:12:37,910:matplotlib.font_manager] findfont: Font family 'Times New Roman' not found.
[WARNING] [2026-07-28 16:12:37,911:matplotlib.font_manager] findfont: Font family 'Times New Roman' not found.
[WARNING] [2026-07-28 16:12:37,912:matplotlib.font_manager] findfont: Font family 'Times New Roman' not found.
[WARNING] [2026-07-28 16:12:37,913:matplotlib.font_manager] findfont: Font family 'Times New Roman' not found.
[WARNING] [2026-07-28 16:12:37,913:matplotlib.font_manager] findfont: Font family 'Times New Roman' not found.
[WARNING] [2026-07-28 16:12:37,914:matplotlib.font_manager] findfont: Font family 'Times New Roman' not found.
[WARNING] [2026-07-28 16:12:37,915:matplotlib.font_manager] findfont: Font family 'Times New Roman' not found.
[WARNING] [2026-07-28 16:12:37,916:matplotlib.font_manager] findfont: Font family 'Times New Roman' not found.
[WARNING] [2026-07-28 16:12:37,917:matplotlib.font_manager] findfont: Font family 'Times New Roman' not found.
[WARNING] [2026-07-28 16:12:37,918:matplotlib.font_manager] findfont: Font family 'Times New Roman' not found.
[WARNING] [2026-07-28 16:12:37,918:matplotlib.font_manager] findfont: Font family 'Times New Roman' not found.
[WARNING] [2026-07-28 16:12:37,919:matplotlib.font_manager] findfont: Font family 'Times New Roman' not found.
[WARNING] [2026-07-28 16:12:37,919:matplotlib.font_manager] findfont: Font family 'Times New Roman' not found.
[WARNING] [2026-07-28 16:12:37,920:matplotlib.font_manager] findfont: Font family 'Times New Roman' not found.
[WARNING] [2026-07-28 16:12:37,921:matplotlib.font_manager] findfont: Font family 'Times New Roman' not found.
[WARNING] [2026-07-28 16:12:37,921:matplotlib.font_manager] findfont: Font family 'Times New Roman' not found.
[WARNING] [2026-07-28 16:12:37,922:matplotlib.font_manager] findfont: Font family 'Times New Roman' not found.
[WARNING] [2026-07-28 16:12:37,922:matplotlib.font_manager] findfont: Font family 'Times New Roman' not found.
[WARNING] [2026-07-28 16:12:37,923:matplotlib.font_manager] findfont: Font family 'Times New Roman' not found.
[WARNING] [2026-07-28 16:12:37,924:matplotlib.font_manager] findfont: Font family 'Times New Roman' not found.
[WARNING] [2026-07-28 16:12:37,925:matplotlib.font_manager] findfont: Font family 'Times New Roman' not found.
[WARNING] [2026-07-28 16:12:37,925:matplotlib.font_manager] findfont: Font family 'Times New Roman' not found.
[WARNING] [2026-07-28 16:12:37,926:matplotlib.font_manager] findfont: Font family 'Times New Roman' not found.
[WARNING] [2026-07-28 16:12:37,926:matplotlib.font_manager] findfont: Font family 'Times New Roman' not found.
[WARNING] [2026-07-28 16:12:37,927:matplotlib.font_manager] findfont: Font family 'Times New Roman' not found.
[WARNING] [2026-07-28 16:12:37,928:matplotlib.font_manager] findfont: Font family 'Times New Roman' not found.
[WARNING] [2026-07-28 16:12:37,928:matplotlib.font_manager] findfont: Font family 'Times New Roman' not found.
[WARNING] [2026-07-28 16:12:37,929:matplotlib.font_manager] findfont: Font family 'Times New Roman' not found.
[WARNING] [2026-07-28 16:12:37,930:matplotlib.font_manager] findfont: Font family 'Times New Roman' not found.
[WARNING] [2026-07-28 16:12:37,931:matplotlib.font_manager] findfont: Font family 'Times New Roman' not found.
[WARNING] [2026-07-28 16:12:37,932:matplotlib.font_manager] findfont: Font family 'Times New Roman' not found.
[WARNING] [2026-07-28 16:12:37,932:matplotlib.font_manager] findfont: Font family 'Times New Roman' not found.
[WARNING] [2026-07-28 16:12:37,933:matplotlib.font_manager] findfont: Font family 'Times New Roman' not found.
[WARNING] [2026-07-28 16:12:37,934:matplotlib.font_manager] findfont: Font family 'Times New Roman' not found.
[WARNING] [2026-07-28 16:12:37,935:matplotlib.font_manager] findfont: Font family 'Times New Roman' not found.
[WARNING] [2026-07-28 16:12:37,936:matplotlib.font_manager] findfont: Font family 'Times New Roman' not found.
[WARNING] [2026-07-28 16:12:37,937:matplotlib.font_manager] findfont: Font family 'Times New Roman' not found.
[WARNING] [2026-07-28 16:12:37,938:matplotlib.font_manager] findfont: Font family 'Times New Roman' not found.
[WARNING] [2026-07-28 16:12:37,939:matplotlib.font_manager] findfont: Font family 'Times New Roman' not found.
[WARNING] [2026-07-28 16:12:37,940:matplotlib.font_manager] findfont: Font family 'Times New Roman' not found.
[WARNING] [2026-07-28 16:12:37,941:matplotlib.font_manager] findfont: Font family 'Times New Roman' not found.
[WARNING] [2026-07-28 16:12:37,942:matplotlib.font_manager] findfont: Font family 'Times New Roman' not found.
[WARNING] [2026-07-28 16:12:37,942:matplotlib.font_manager] findfont: Font family 'Times New Roman' not found.
[WARNING] [2026-07-28 16:12:37,943:matplotlib.font_manager] findfont: Font family 'Times New Roman' not found.
[WARNING] [2026-07-28 16:12:37,944:matplotlib.font_manager] findfont: Font family 'Times New Roman' not found.
[WARNING] [2026-07-28 16:12:37,945:matplotlib.font_manager] findfont: Font family 'Times New Roman' not found.
[WARNING] [2026-07-28 16:12:37,945:matplotlib.font_manager] findfont: Font family 'Times New Roman' not found.
[WARNING] [2026-07-28 16:12:37,946:matplotlib.font_manager] findfont: Font family 'Times New Roman' not found.
[WARNING] [2026-07-28 16:12:37,947:matplotlib.font_manager] findfont: Font family 'Times New Roman' not found.
[WARNING] [2026-07-28 16:12:37,948:matplotlib.font_manager] findfont: Font family 'Times New Roman' not found.
[WARNING] [2026-07-28 16:12:37,949:matplotlib.font_manager] findfont: Font family 'Times New Roman' not found.
[WARNING] [2026-07-28 16:12:37,950:matplotlib.font_manager] findfont: Font family 'Times New Roman' not found.
[WARNING] [2026-07-28 16:12:37,951:matplotlib.font_manager] findfont: Font family 'Times New Roman' not found.
[WARNING] [2026-07-28 16:12:37,952:matplotlib.font_manager] findfont: Font family 'Times New Roman' not found.
[WARNING] [2026-07-28 16:12:37,952:matplotlib.font_manager] findfont: Font family 'Times New Roman' not found.
[WARNING] [2026-07-28 16:12:37,953:matplotlib.font_manager] findfont: Font family 'Times New Roman' not found.
[WARNING] [2026-07-28 16:12:37,953:matplotlib.font_manager] findfont: Font family 'Times New Roman' not found.
[WARNING] [2026-07-28 16:12:37,954:matplotlib.font_manager] findfont: Font family 'Times New Roman' not found.
[WARNING] [2026-07-28 16:12:37,955:matplotlib.font_manager] findfont: Font family 'Times New Roman' not found.
[WARNING] [2026-07-28 16:12:37,956:matplotlib.font_manager] findfont: Font family 'Times New Roman' not found.
[WARNING] [2026-07-28 16:12:37,956:matplotlib.font_manager] findfont: Font family 'Times New Roman' not found.
[WARNING] [2026-07-28 16:12:37,957:matplotlib.font_manager] findfont: Font family 'Times New Roman' not found.
[WARNING] [2026-07-28 16:12:37,957:matplotlib.font_manager] findfont: Font family 'Times New Roman' not found.
[WARNING] [2026-07-28 16:12:37,958:matplotlib.font_manager] findfont: Font family 'Times New Roman' not found.
[WARNING] [2026-07-28 16:12:37,959:matplotlib.font_manager] findfont: Font family 'Times New Roman' not found.
[WARNING] [2026-07-28 16:12:37,959:matplotlib.font_manager] findfont: Font family 'Times New Roman' not found.
[WARNING] [2026-07-28 16:12:37,960:matplotlib.font_manager] findfont: Font family 'Times New Roman' not found.
[WARNING] [2026-07-28 16:12:37,960:matplotlib.font_manager] findfont: Font family 'Times New Roman' not found.
[WARNING] [2026-07-28 16:12:37,961:matplotlib.font_manager] findfont: Font family 'Times New Roman' not found.
[WARNING] [2026-07-28 16:12:37,962:matplotlib.font_manager] findfont: Font family 'Times New Roman' not found.
[WARNING] [2026-07-28 16:12:37,962:matplotlib.font_manager] findfont: Font family 'Times New Roman' not found.
[WARNING] [2026-07-28 16:12:37,963:matplotlib.font_manager] findfont: Font family 'Times New Roman' not found.
[WARNING] [2026-07-28 16:12:37,964:matplotlib.font_manager] findfont: Font family 'Times New Roman' not found.
[WARNING] [2026-07-28 16:12:37,964:matplotlib.font_manager] findfont: Font family 'Times New Roman' not found.
[WARNING] [2026-07-28 16:12:37,965:matplotlib.font_manager] findfont: Font family 'Times New Roman' not found.
[WARNING] [2026-07-28 16:12:37,966:matplotlib.font_manager] findfont: Font family 'Times New Roman' not found.
[WARNING] [2026-07-28 16:12:37,966:matplotlib.font_manager] findfont: Font family 'Times New Roman' not found.
[WARNING] [2026-07-28 16:12:37,967:matplotlib.font_manager] findfont: Font family 'Times New Roman' not found.
[WARNING] [2026-07-28 16:12:37,968:matplotlib.font_manager] findfont: Font family 'Times New Roman' not found.
[WARNING] [2026-07-28 16:12:37,968:matplotlib.font_manager] findfont: Font family 'Times New Roman' not found.
[WARNING] [2026-07-28 16:12:37,969:matplotlib.font_manager] findfont: Font family 'Times New Roman' not found.
[WARNING] [2026-07-28 16:12:37,970:matplotlib.font_manager] findfont: Font family 'Times New Roman' not found.
[WARNING] [2026-07-28 16:12:37,970:matplotlib.font_manager] findfont: Font family 'Times New Roman' not found.
[WARNING] [2026-07-28 16:12:37,971:matplotlib.font_manager] findfont: Font family 'Times New Roman' not found.
[WARNING] [2026-07-28 16:12:37,972:matplotlib.font_manager] findfont: Font family 'Times New Roman' not found.
[WARNING] [2026-07-28 16:12:37,972:matplotlib.font_manager] findfont: Font family 'Times New Roman' not found.
[WARNING] [2026-07-28 16:12:37,973:matplotlib.font_manager] findfont: Font family 'Times New Roman' not found.
[WARNING] [2026-07-28 16:12:37,974:matplotlib.font_manager] findfont: Font family 'Times New Roman' not found.
[WARNING] [2026-07-28 16:12:37,975:matplotlib.font_manager] findfont: Font family 'Times New Roman' not found.
[WARNING] [2026-07-28 16:12:37,975:matplotlib.font_manager] findfont: Font family 'Times New Roman' not found.
[WARNING] [2026-07-28 16:12:37,976:matplotlib.font_manager] findfont: Font family 'Times New Roman' not found.
[WARNING] [2026-07-28 16:12:37,977:matplotlib.font_manager] findfont: Font family 'Times New Roman' not found.
[WARNING] [2026-07-28 16:12:37,977:matplotlib.font_manager] findfont: Font family 'Times New Roman' not found.
[WARNING] [2026-07-28 16:12:37,978:matplotlib.font_manager] findfont: Font family 'Times New Roman' not found.
[WARNING] [2026-07-28 16:12:37,979:matplotlib.font_manager] findfont: Font family 'Times New Roman' not found.
[WARNING] [2026-07-28 16:12:37,980:matplotlib.font_manager] findfont: Font family 'Times New Roman' not found.
[WARNING] [2026-07-28 16:12:37,980:matplotlib.font_manager] findfont: Font family 'Times New Roman' not found.
[WARNING] [2026-07-28 16:12:37,981:matplotlib.font_manager] findfont: Font family 'Times New Roman' not found.
[WARNING] [2026-07-28 16:12:37,981:matplotlib.font_manager] findfont: Font family 'Times New Roman' not found.
[WARNING] [2026-07-28 16:12:37,982:matplotlib.font_manager] findfont: Font family 'Times New Roman' not found.
[WARNING] [2026-07-28 16:12:37,982:matplotlib.font_manager] findfont: Font family 'Times New Roman' not found.
[WARNING] [2026-07-28 16:12:37,983:matplotlib.font_manager] findfont: Font family 'Times New Roman' not found.
[WARNING] [2026-07-28 16:12:37,984:matplotlib.font_manager] findfont: Font family 'Times New Roman' not found.
[WARNING] [2026-07-28 16:12:37,984:matplotlib.font_manager] findfont: Font family 'Times New Roman' not found.
[WARNING] [2026-07-28 16:12:37,985:matplotlib.font_manager] findfont: Font family 'Times New Roman' not found.
[WARNING] [2026-07-28 16:12:37,986:matplotlib.font_manager] findfont: Font family 'Times New Roman' not found.
[WARNING] [2026-07-28 16:12:37,987:matplotlib.font_manager] findfont: Font family 'Times New Roman' not found.
[WARNING] [2026-07-28 16:12:37,987:matplotlib.font_manager] findfont: Font family 'Times New Roman' not found.
[WARNING] [2026-07-28 16:12:37,988:matplotlib.font_manager] findfont: Font family 'Times New Roman' not found.
[WARNING] [2026-07-28 16:12:37,988:matplotlib.font_manager] findfont: Font family 'Times New Roman' not found.
[WARNING] [2026-07-28 16:12:37,989:matplotlib.font_manager] findfont: Font family 'Times New Roman' not found.
[WARNING] [2026-07-28 16:12:37,990:matplotlib.font_manager] findfont: Font family 'Times New Roman' not found.
[WARNING] [2026-07-28 16:12:37,991:matplotlib.font_manager] findfont: Font family 'Times New Roman' not found.
[WARNING] [2026-07-28 16:12:37,991:matplotlib.font_manager] findfont: Font family 'Times New Roman' not found.
[WARNING] [2026-07-28 16:12:37,992:matplotlib.font_manager] findfont: Font family 'Times New Roman' not found.
[WARNING] [2026-07-28 16:12:37,993:matplotlib.font_manager] findfont: Font family 'Times New Roman' not found.
[WARNING] [2026-07-28 16:12:37,993:matplotlib.font_manager] findfont: Font family 'Times New Roman' not found.
[WARNING] [2026-07-28 16:12:37,994:matplotlib.font_manager] findfont: Font family 'Times New Roman' not found.
[WARNING] [2026-07-28 16:12:37,995:matplotlib.font_manager] findfont: Font family 'Times New Roman' not found.
[WARNING] [2026-07-28 16:12:37,995:matplotlib.font_manager] findfont: Font family 'Times New Roman' not found.
[WARNING] [2026-07-28 16:12:37,996:matplotlib.font_manager] findfont: Font family 'Times New Roman' not found.
[WARNING] [2026-07-28 16:12:37,997:matplotlib.font_manager] findfont: Font family 'Times New Roman' not found.
[WARNING] [2026-07-28 16:12:37,997:matplotlib.font_manager] findfont: Font family 'Times New Roman' not found.
[WARNING] [2026-07-28 16:12:37,998:matplotlib.font_manager] findfont: Font family 'Times New Roman' not found.
[WARNING] [2026-07-28 16:12:37,999:matplotlib.font_manager] findfont: Font family 'Times New Roman' not found.
[WARNING] [2026-07-28 16:12:37,999:matplotlib.font_manager] findfont: Font family 'Times New Roman' not found.
[WARNING] [2026-07-28 16:12:38,000:matplotlib.font_manager] findfont: Font family 'Times New Roman' not found.
[WARNING] [2026-07-28 16:12:38,001:matplotlib.font_manager] findfont: Font family 'Times New Roman' not found.
[WARNING] [2026-07-28 16:12:38,002:matplotlib.font_manager] findfont: Font family 'Times New Roman' not found.
[WARNING] [2026-07-28 16:12:38,002:matplotlib.font_manager] findfont: Font family 'Times New Roman' not found.
[WARNING] [2026-07-28 16:12:38,003:matplotlib.font_manager] findfont: Font family 'Times New Roman' not found.
[WARNING] [2026-07-28 16:12:38,004:matplotlib.font_manager] findfont: Font family 'Times New Roman' not found.
[WARNING] [2026-07-28 16:12:38,004:matplotlib.font_manager] findfont: Font family 'Times New Roman' not found.
[WARNING] [2026-07-28 16:12:38,005:matplotlib.font_manager] findfont: Font family 'Times New Roman' not found.
[WARNING] [2026-07-28 16:12:38,006:matplotlib.font_manager] findfont: Font family 'Times New Roman' not found.
[WARNING] [2026-07-28 16:12:38,006:matplotlib.font_manager] findfont: Font family 'Times New Roman' not found.
[WARNING] [2026-07-28 16:12:38,007:matplotlib.font_manager] findfont: Font family 'Times New Roman' not found.
[WARNING] [2026-07-28 16:12:38,008:matplotlib.font_manager] findfont: Font family 'Times New Roman' not found.
[WARNING] [2026-07-28 16:12:38,008:matplotlib.font_manager] findfont: Font family 'Times New Roman' not found.
[WARNING] [2026-07-28 16:12:38,009:matplotlib.font_manager] findfont: Font family 'Times New Roman' not found.
[WARNING] [2026-07-28 16:12:38,010:matplotlib.font_manager] findfont: Font family 'Times New Roman' not found.
[WARNING] [2026-07-28 16:12:38,011:matplotlib.font_manager] findfont: Font family 'Times New Roman' not found.
[WARNING] [2026-07-28 16:12:38,011:matplotlib.font_manager] findfont: Font family 'Times New Roman' not found.
[WARNING] [2026-07-28 16:12:38,012:matplotlib.font_manager] findfont: Font family 'Times New Roman' not found.
[WARNING] [2026-07-28 16:12:38,013:matplotlib.font_manager] findfont: Font family 'Times New Roman' not found.
[WARNING] [2026-07-28 16:12:38,014:matplotlib.font_manager] findfont: Font family 'Times New Roman' not found.
[WARNING] [2026-07-28 16:12:38,014:matplotlib.font_manager] findfont: Font family 'Times New Roman' not found.
[WARNING] [2026-07-28 16:12:38,015:matplotlib.font_manager] findfont: Font family 'Times New Roman' not found.
[WARNING] [2026-07-28 16:12:38,016:matplotlib.font_manager] findfont: Font family 'Times New Roman' not found.
[WARNING] [2026-07-28 16:12:38,017:matplotlib.font_manager] findfont: Font family 'Times New Roman' not found.
[WARNING] [2026-07-28 16:12:38,018:matplotlib.font_manager] findfont: Font family 'Times New Roman' not found.
[WARNING] [2026-07-28 16:12:38,019:matplotlib.font_manager] findfont: Font family 'Times New Roman' not found.
[WARNING] [2026-07-28 16:12:38,019:matplotlib.font_manager] findfont: Font family 'Times New Roman' not found.
[WARNING] [2026-07-28 16:12:38,020:matplotlib.font_manager] findfont: Font family 'Times New Roman' not found.
[WARNING] [2026-07-28 16:12:38,021:matplotlib.font_manager] findfont: Font family 'Times New Roman' not found.
[WARNING] [2026-07-28 16:12:38,022:matplotlib.font_manager] findfont: Font family 'Times New Roman' not found.
[WARNING] [2026-07-28 16:12:38,023:matplotlib.font_manager] findfont: Font family 'Times New Roman' not found.
[WARNING] [2026-07-28 16:12:38,023:matplotlib.font_manager] findfont: Font family 'Times New Roman' not found.
[WARNING] [2026-07-28 16:12:38,024:matplotlib.font_manager] findfont: Font family 'Times New Roman' not found.
[WARNING] [2026-07-28 16:12:38,025:matplotlib.font_manager] findfont: Font family 'Times New Roman' not found.
[WARNING] [2026-07-28 16:12:38,026:matplotlib.font_manager] findfont: Font family 'Times New Roman' not found.
[WARNING] [2026-07-28 16:12:38,026:matplotlib.font_manager] findfont: Font family 'Times New Roman' not found.
[WARNING] [2026-07-28 16:12:38,027:matplotlib.font_manager] findfont: Font family 'Times New Roman' not found.
[WARNING] [2026-07-28 16:12:38,028:matplotlib.font_manager] findfont: Font family 'Times New Roman' not found.
[WARNING] [2026-07-28 16:12:38,029:matplotlib.font_manager] findfont: Font family 'Times New Roman' not found.
[WARNING] [2026-07-28 16:12:38,030:matplotlib.font_manager] findfont: Font family 'Times New Roman' not found.
[WARNING] [2026-07-28 16:12:38,031:matplotlib.font_manager] findfont: Font family 'Times New Roman' not found.
[WARNING] [2026-07-28 16:12:38,032:matplotlib.font_manager] findfont: Font family 'Times New Roman' not found.
[WARNING] [2026-07-28 16:12:38,032:matplotlib.font_manager] findfont: Font family 'Times New Roman' not found.
[WARNING] [2026-07-28 16:12:38,033:matplotlib.font_manager] findfont: Font family 'Times New Roman' not found.
[WARNING] [2026-07-28 16:12:38,034:matplotlib.font_manager] findfont: Font family 'Times New Roman' not found.
[WARNING] [2026-07-28 16:12:38,035:matplotlib.font_manager] findfont: Font family 'Times New Roman' not found.
[WARNING] [2026-07-28 16:12:38,036:matplotlib.font_manager] findfont: Font family 'Times New Roman' not found.
[WARNING] [2026-07-28 16:12:38,036:matplotlib.font_manager] findfont: Font family 'Times New Roman' not found.
[WARNING] [2026-07-28 16:12:38,037:matplotlib.font_manager] findfont: Font family 'Times New Roman' not found.
[WARNING] [2026-07-28 16:12:38,038:matplotlib.font_manager] findfont: Font family 'Times New Roman' not found.
[WARNING] [2026-07-28 16:12:38,039:matplotlib.font_manager] findfont: Font family 'Times New Roman' not found.
[WARNING] [2026-07-28 16:12:38,039:matplotlib.font_manager] findfont: Font family 'Times New Roman' not found.
[WARNING] [2026-07-28 16:12:38,040:matplotlib.font_manager] findfont: Font family 'Times New Roman' not found.
[WARNING] [2026-07-28 16:12:38,041:matplotlib.font_manager] findfont: Font family 'Times New Roman' not found.
[WARNING] [2026-07-28 16:12:38,041:matplotlib.font_manager] findfont: Font family 'Times New Roman' not found.
[WARNING] [2026-07-28 16:12:38,042:matplotlib.font_manager] findfont: Font family 'Times New Roman' not found.
[WARNING] [2026-07-28 16:12:38,042:matplotlib.font_manager] findfont: Font family 'Times New Roman' not found.
[WARNING] [2026-07-28 16:12:38,043:matplotlib.font_manager] findfont: Font family 'Times New Roman' not found.
[WARNING] [2026-07-28 16:12:38,044:matplotlib.font_manager] findfont: Font family 'Times New Roman' not found.
[WARNING] [2026-07-28 16:12:38,045:matplotlib.font_manager] findfont: Font family 'Times New Roman' not found.
[WARNING] [2026-07-28 16:12:38,045:matplotlib.font_manager] findfont: Font family 'Times New Roman' not found.
[WARNING] [2026-07-28 16:12:38,046:matplotlib.font_manager] findfont: Font family 'Times New Roman' not found.
[WARNING] [2026-07-28 16:12:38,047:matplotlib.font_manager] findfont: Font family 'Times New Roman' not found.
[WARNING] [2026-07-28 16:12:38,047:matplotlib.font_manager] findfont: Font family 'Times New Roman' not found.
[WARNING] [2026-07-28 16:12:38,048:matplotlib.font_manager] findfont: Font family 'Times New Roman' not found.
[WARNING] [2026-07-28 16:12:38,049:matplotlib.font_manager] findfont: Font family 'Times New Roman' not found.
[WARNING] [2026-07-28 16:12:38,050:matplotlib.font_manager] findfont: Font family 'Times New Roman' not found.
[WARNING] [2026-07-28 16:12:38,050:matplotlib.font_manager] findfont: Font family 'Times New Roman' not found.
[WARNING] [2026-07-28 16:12:38,051:matplotlib.font_manager] findfont: Font family 'Times New Roman' not found.
[WARNING] [2026-07-28 16:12:38,052:matplotlib.font_manager] findfont: Font family 'Times New Roman' not found.
[WARNING] [2026-07-28 16:12:38,052:matplotlib.font_manager] findfont: Font family 'Times New Roman' not found.
[WARNING] [2026-07-28 16:12:38,053:matplotlib.font_manager] findfont: Font family 'Times New Roman' not found.
[WARNING] [2026-07-28 16:12:38,054:matplotlib.font_manager] findfont: Font family 'Times New Roman' not found.
[WARNING] [2026-07-28 16:12:38,054:matplotlib.font_manager] findfont: Font family 'Times New Roman' not found.
[WARNING] [2026-07-28 16:12:38,055:matplotlib.font_manager] findfont: Font family 'Times New Roman' not found.
[WARNING] [2026-07-28 16:12:38,056:matplotlib.font_manager] findfont: Font family 'Times New Roman' not found.
[WARNING] [2026-07-28 16:12:38,057:matplotlib.font_manager] findfont: Font family 'Times New Roman' not found.
[WARNING] [2026-07-28 16:12:38,057:matplotlib.font_manager] findfont: Font family 'Times New Roman' not found.
[WARNING] [2026-07-28 16:12:38,058:matplotlib.font_manager] findfont: Font family 'Times New Roman' not found.
[WARNING] [2026-07-28 16:12:38,059:matplotlib.font_manager] findfont: Font family 'Times New Roman' not found.
[WARNING] [2026-07-28 16:12:38,059:matplotlib.font_manager] findfont: Font family 'Times New Roman' not found.
[WARNING] [2026-07-28 16:12:38,060:matplotlib.font_manager] findfont: Font family 'Times New Roman' not found.
[WARNING] [2026-07-28 16:12:38,061:matplotlib.font_manager] findfont: Font family 'Times New Roman' not found.
[WARNING] [2026-07-28 16:12:38,061:matplotlib.font_manager] findfont: Font family 'Times New Roman' not found.
[WARNING] [2026-07-28 16:12:38,062:matplotlib.font_manager] findfont: Font family 'Times New Roman' not found.
[WARNING] [2026-07-28 16:12:38,063:matplotlib.font_manager] findfont: Font family 'Times New Roman' not found.
[WARNING] [2026-07-28 16:12:38,064:matplotlib.font_manager] findfont: Font family 'Times New Roman' not found.
[WARNING] [2026-07-28 16:12:38,064:matplotlib.font_manager] findfont: Font family 'Times New Roman' not found.
[WARNING] [2026-07-28 16:12:38,065:matplotlib.font_manager] findfont: Font family 'Times New Roman' not found.
[WARNING] [2026-07-28 16:12:38,066:matplotlib.font_manager] findfont: Font family 'Times New Roman' not found.
[WARNING] [2026-07-28 16:12:38,066:matplotlib.font_manager] findfont: Font family 'Times New Roman' not found.
[WARNING] [2026-07-28 16:12:38,067:matplotlib.font_manager] findfont: Font family 'Times New Roman' not found.
[WARNING] [2026-07-28 16:12:38,068:matplotlib.font_manager] findfont: Font family 'Times New Roman' not found.
[WARNING] [2026-07-28 16:12:38,068:matplotlib.font_manager] findfont: Font family 'Times New Roman' not found.
[WARNING] [2026-07-28 16:12:38,069:matplotlib.font_manager] findfont: Font family 'Times New Roman' not found.
[WARNING] [2026-07-28 16:12:38,070:matplotlib.font_manager] findfont: Font family 'Times New Roman' not found.
[WARNING] [2026-07-28 16:12:38,070:matplotlib.font_manager] findfont: Font family 'Times New Roman' not found.
[WARNING] [2026-07-28 16:12:38,071:matplotlib.font_manager] findfont: Font family 'Times New Roman' not found.
[WARNING] [2026-07-28 16:12:38,072:matplotlib.font_manager] findfont: Font family 'Times New Roman' not found.
[WARNING] [2026-07-28 16:12:38,072:matplotlib.font_manager] findfont: Font family 'Times New Roman' not found.
[WARNING] [2026-07-28 16:12:38,073:matplotlib.font_manager] findfont: Font family 'Times New Roman' not found.
[WARNING] [2026-07-28 16:12:38,074:matplotlib.font_manager] findfont: Font family 'Times New Roman' not found.
[WARNING] [2026-07-28 16:12:38,075:matplotlib.font_manager] findfont: Font family 'Times New Roman' not found.
[WARNING] [2026-07-28 16:12:38,075:matplotlib.font_manager] findfont: Font family 'Times New Roman' not found.
[WARNING] [2026-07-28 16:12:38,076:matplotlib.font_manager] findfont: Font family 'Times New Roman' not found.
[WARNING] [2026-07-28 16:12:38,077:matplotlib.font_manager] findfont: Font family 'Times New Roman' not found.
[WARNING] [2026-07-28 16:12:38,078:matplotlib.font_manager] findfont: Font family 'Times New Roman' not found.
[WARNING] [2026-07-28 16:12:38,078:matplotlib.font_manager] findfont: Font family 'Times New Roman' not found.
[WARNING] [2026-07-28 16:12:38,080:matplotlib.font_manager] findfont: Font family 'Times New Roman' not found.
[WARNING] [2026-07-28 16:12:38,081:matplotlib.font_manager] findfont: Font family 'Times New Roman' not found.
[WARNING] [2026-07-28 16:12:38,083:matplotlib.font_manager] findfont: Font family 'Times New Roman' not found.
[WARNING] [2026-07-28 16:12:38,083:matplotlib.font_manager] findfont: Font family 'Times New Roman' not found.
[WARNING] [2026-07-28 16:12:38,084:matplotlib.font_manager] findfont: Font family 'Times New Roman' not found.
[WARNING] [2026-07-28 16:12:38,085:matplotlib.font_manager] findfont: Font family 'Times New Roman' not found.
[WARNING] [2026-07-28 16:12:38,086:matplotlib.font_manager] findfont: Font family 'Times New Roman' not found.
[WARNING] [2026-07-28 16:12:38,087:matplotlib.font_manager] findfont: Font family 'Times New Roman' not found.
[WARNING] [2026-07-28 16:12:38,088:matplotlib.font_manager] findfont: Font family 'Times New Roman' not found.
[WARNING] [2026-07-28 16:12:38,089:matplotlib.font_manager] findfont: Font family 'Times New Roman' not found.
[WARNING] [2026-07-28 16:12:38,090:matplotlib.font_manager] findfont: Font family 'Times New Roman' not found.
[WARNING] [2026-07-28 16:12:38,091:matplotlib.font_manager] findfont: Font family 'Times New Roman' not found.
[WARNING] [2026-07-28 16:12:38,092:matplotlib.font_manager] findfont: Font family 'Times New Roman' not found.
[WARNING] [2026-07-28 16:12:38,093:matplotlib.font_manager] findfont: Font family 'Times New Roman' not found.
[WARNING] [2026-07-28 16:12:38,094:matplotlib.font_manager] findfont: Font family 'Times New Roman' not found.
[WARNING] [2026-07-28 16:12:38,095:matplotlib.font_manager] findfont: Font family 'Times New Roman' not found.
[WARNING] [2026-07-28 16:12:38,096:matplotlib.font_manager] findfont: Font family 'Times New Roman' not found.
[WARNING] [2026-07-28 16:12:38,096:matplotlib.font_manager] findfont: Font family 'Times New Roman' not found.
[WARNING] [2026-07-28 16:12:38,097:matplotlib.font_manager] findfont: Font family 'Times New Roman' not found.
[WARNING] [2026-07-28 16:12:38,098:matplotlib.font_manager] findfont: Font family 'Times New Roman' not found.
[WARNING] [2026-07-28 16:12:38,099:matplotlib.font_manager] findfont: Font family 'Times New Roman' not found.
[WARNING] [2026-07-28 16:12:38,100:matplotlib.font_manager] findfont: Font family 'Times New Roman' not found.
[WARNING] [2026-07-28 16:12:38,101:matplotlib.font_manager] findfont: Font family 'Times New Roman' not found.
[WARNING] [2026-07-28 16:12:38,102:matplotlib.font_manager] findfont: Font family 'Times New Roman' not found.
[WARNING] [2026-07-28 16:12:38,103:matplotlib.font_manager] findfont: Font family 'Times New Roman' not found.
[WARNING] [2026-07-28 16:12:38,104:matplotlib.font_manager] findfont: Font family 'Times New Roman' not found.
[WARNING] [2026-07-28 16:12:38,105:matplotlib.font_manager] findfont: Font family 'Times New Roman' not found.
[WARNING] [2026-07-28 16:12:38,105:matplotlib.font_manager] findfont: Font family 'Times New Roman' not found.
[WARNING] [2026-07-28 16:12:38,106:matplotlib.font_manager] findfont: Font family 'Times New Roman' not found.
[WARNING] [2026-07-28 16:12:38,107:matplotlib.font_manager] findfont: Font family 'Times New Roman' not found.
[WARNING] [2026-07-28 16:12:38,108:matplotlib.font_manager] findfont: Font family 'Times New Roman' not found.
[WARNING] [2026-07-28 16:12:38,109:matplotlib.font_manager] findfont: Font family 'Times New Roman' not found.
[WARNING] [2026-07-28 16:12:38,110:matplotlib.font_manager] findfont: Font family 'Times New Roman' not found.
[WARNING] [2026-07-28 16:12:38,111:matplotlib.font_manager] findfont: Font family 'Times New Roman' not found.
[WARNING] [2026-07-28 16:12:38,112:matplotlib.font_manager] findfont: Font family 'Times New Roman' not found.
[WARNING] [2026-07-28 16:12:38,112:matplotlib.font_manager] findfont: Font family 'Times New Roman' not found.
[WARNING] [2026-07-28 16:12:38,113:matplotlib.font_manager] findfont: Font family 'Times New Roman' not found.
[WARNING] [2026-07-28 16:12:38,114:matplotlib.font_manager] findfont: Font family 'Times New Roman' not found.
[WARNING] [2026-07-28 16:12:38,115:matplotlib.font_manager] findfont: Font family 'Times New Roman' not found.
[WARNING] [2026-07-28 16:12:38,116:matplotlib.font_manager] findfont: Font family 'Times New Roman' not found.
[WARNING] [2026-07-28 16:12:38,117:matplotlib.font_manager] findfont: Font family 'Times New Roman' not found.
[WARNING] [2026-07-28 16:12:38,118:matplotlib.font_manager] findfont: Font family 'Times New Roman' not found.
[WARNING] [2026-07-28 16:12:38,119:matplotlib.font_manager] findfont: Font family 'Times New Roman' not found.
[WARNING] [2026-07-28 16:12:38,120:matplotlib.font_manager] findfont: Font family 'Times New Roman' not found.
[WARNING] [2026-07-28 16:12:38,120:matplotlib.font_manager] findfont: Font family 'Times New Roman' not found.
[WARNING] [2026-07-28 16:12:38,121:matplotlib.font_manager] findfont: Font family 'Times New Roman' not found.
[WARNING] [2026-07-28 16:12:38,122:matplotlib.font_manager] findfont: Font family 'Times New Roman' not found.
[WARNING] [2026-07-28 16:12:38,123:matplotlib.font_manager] findfont: Font family 'Times New Roman' not found.
[WARNING] [2026-07-28 16:12:38,124:matplotlib.font_manager] findfont: Font family 'Times New Roman' not found.
[WARNING] [2026-07-28 16:12:38,125:matplotlib.font_manager] findfont: Font family 'Times New Roman' not found.
[WARNING] [2026-07-28 16:12:38,126:matplotlib.font_manager] findfont: Font family 'Times New Roman' not found.
[WARNING] [2026-07-28 16:12:38,127:matplotlib.font_manager] findfont: Font family 'Times New Roman' not found.
[WARNING] [2026-07-28 16:12:38,127:matplotlib.font_manager] findfont: Font family 'Times New Roman' not found.
[WARNING] [2026-07-28 16:12:38,128:matplotlib.font_manager] findfont: Font family 'Times New Roman' not found.
[WARNING] [2026-07-28 16:12:38,129:matplotlib.font_manager] findfont: Font family 'Times New Roman' not found.
[WARNING] [2026-07-28 16:12:38,130:matplotlib.font_manager] findfont: Font family 'Times New Roman' not found.
[WARNING] [2026-07-28 16:12:38,131:matplotlib.font_manager] findfont: Font family 'Times New Roman' not found.
[WARNING] [2026-07-28 16:12:38,132:matplotlib.font_manager] findfont: Font family 'Times New Roman' not found.
[WARNING] [2026-07-28 16:12:38,133:matplotlib.font_manager] findfont: Font family 'Times New Roman' not found.
[WARNING] [2026-07-28 16:12:38,133:matplotlib.font_manager] findfont: Font family 'Times New Roman' not found.
[WARNING] [2026-07-28 16:12:38,134:matplotlib.font_manager] findfont: Font family 'Times New Roman' not found.
[WARNING] [2026-07-28 16:12:38,135:matplotlib.font_manager] findfont: Font family 'Times New Roman' not found.
[WARNING] [2026-07-28 16:12:38,136:matplotlib.font_manager] findfont: Font family 'Times New Roman' not found.
[WARNING] [2026-07-28 16:12:38,137:matplotlib.font_manager] findfont: Font family 'Times New Roman' not found.
[WARNING] [2026-07-28 16:12:38,138:matplotlib.font_manager] findfont: Font family 'Times New Roman' not found.
[WARNING] [2026-07-28 16:12:38,139:matplotlib.font_manager] findfont: Font family 'Times New Roman' not found.
[WARNING] [2026-07-28 16:12:38,140:matplotlib.font_manager] findfont: Font family 'Times New Roman' not found.
[WARNING] [2026-07-28 16:12:38,141:matplotlib.font_manager] findfont: Font family 'Times New Roman' not found.
[WARNING] [2026-07-28 16:12:38,142:matplotlib.font_manager] findfont: Font family 'Times New Roman' not found.
[WARNING] [2026-07-28 16:12:38,142:matplotlib.font_manager] findfont: Font family 'Times New Roman' not found.
[WARNING] [2026-07-28 16:12:38,143:matplotlib.font_manager] findfont: Font family 'Times New Roman' not found.
[WARNING] [2026-07-28 16:12:38,144:matplotlib.font_manager] findfont: Font family 'Times New Roman' not found.
[WARNING] [2026-07-28 16:12:38,145:matplotlib.font_manager] findfont: Font family 'Times New Roman' not found.
[WARNING] [2026-07-28 16:12:38,146:matplotlib.font_manager] findfont: Font family 'Times New Roman' not found.
[WARNING] [2026-07-28 16:12:38,147:matplotlib.font_manager] findfont: Font family 'Times New Roman' not found.
[WARNING] [2026-07-28 16:12:38,148:matplotlib.font_manager] findfont: Font family 'Times New Roman' not found.
[WARNING] [2026-07-28 16:12:38,148:matplotlib.font_manager] findfont: Font family 'Times New Roman' not found.
[WARNING] [2026-07-28 16:12:38,149:matplotlib.font_manager] findfont: Font family 'Times New Roman' not found.
[WARNING] [2026-07-28 16:12:38,150:matplotlib.font_manager] findfont: Font family 'Times New Roman' not found.
[WARNING] [2026-07-28 16:12:38,151:matplotlib.font_manager] findfont: Font family 'Times New Roman' not found.
[WARNING] [2026-07-28 16:12:38,152:matplotlib.font_manager] findfont: Font family 'Times New Roman' not found.
[WARNING] [2026-07-28 16:12:38,153:matplotlib.font_manager] findfont: Font family 'Times New Roman' not found.
[WARNING] [2026-07-28 16:12:38,153:matplotlib.font_manager] findfont: Font family 'Times New Roman' not found.
[WARNING] [2026-07-28 16:12:38,154:matplotlib.font_manager] findfont: Font family 'Times New Roman' not found.
[WARNING] [2026-07-28 16:12:38,155:matplotlib.font_manager] findfont: Font family 'Times New Roman' not found.
[WARNING] [2026-07-28 16:12:38,156:matplotlib.font_manager] findfont: Font family 'Times New Roman' not found.
[WARNING] [2026-07-28 16:12:38,156:matplotlib.font_manager] findfont: Font family 'Times New Roman' not found.
[WARNING] [2026-07-28 16:12:38,157:matplotlib.font_manager] findfont: Font family 'Times New Roman' not found.
[WARNING] [2026-07-28 16:12:38,158:matplotlib.font_manager] findfont: Font family 'Times New Roman' not found.
[WARNING] [2026-07-28 16:12:38,158:matplotlib.font_manager] findfont: Font family 'Times New Roman' not found.
[WARNING] [2026-07-28 16:12:38,159:matplotlib.font_manager] findfont: Font family 'Times New Roman' not found.
[WARNING] [2026-07-28 16:12:38,159:matplotlib.font_manager] findfont: Font family 'Times New Roman' not found.
[WARNING] [2026-07-28 16:12:38,160:matplotlib.font_manager] findfont: Font family 'Times New Roman' not found.
[WARNING] [2026-07-28 16:12:38,161:matplotlib.font_manager] findfont: Font family 'Times New Roman' not found.
[WARNING] [2026-07-28 16:12:38,161:matplotlib.font_manager] findfont: Font family 'Times New Roman' not found.
[WARNING] [2026-07-28 16:12:38,162:matplotlib.font_manager] findfont: Font family 'Times New Roman' not found.
[WARNING] [2026-07-28 16:12:38,163:matplotlib.font_manager] findfont: Font family 'Times New Roman' not found.
[WARNING] [2026-07-28 16:12:38,163:matplotlib.font_manager] findfont: Font family 'Times New Roman' not found.
[WARNING] [2026-07-28 16:12:38,164:matplotlib.font_manager] findfont: Font family 'Times New Roman' not found.
[WARNING] [2026-07-28 16:12:38,165:matplotlib.font_manager] findfont: Font family 'Times New Roman' not found.
[WARNING] [2026-07-28 16:12:38,166:matplotlib.font_manager] findfont: Font family 'Times New Roman' not found.
[WARNING] [2026-07-28 16:12:38,166:matplotlib.font_manager] findfont: Font family 'Times New Roman' not found.
[WARNING] [2026-07-28 16:12:38,167:matplotlib.font_manager] findfont: Font family 'Times New Roman' not found.
[WARNING] [2026-07-28 16:12:38,168:matplotlib.font_manager] findfont: Font family 'Times New Roman' not found.
[WARNING] [2026-07-28 16:12:38,168:matplotlib.font_manager] findfont: Font family 'Times New Roman' not found.
[WARNING] [2026-07-28 16:12:38,169:matplotlib.font_manager] findfont: Font family 'Times New Roman' not found.
[WARNING] [2026-07-28 16:12:38,170:matplotlib.font_manager] findfont: Font family 'Times New Roman' not found.
[WARNING] [2026-07-28 16:12:38,170:matplotlib.font_manager] findfont: Font family 'Times New Roman' not found.
[WARNING] [2026-07-28 16:12:38,171:matplotlib.font_manager] findfont: Font family 'Times New Roman' not found.
[WARNING] [2026-07-28 16:12:38,172:matplotlib.font_manager] findfont: Font family 'Times New Roman' not found.
[WARNING] [2026-07-28 16:12:38,173:matplotlib.font_manager] findfont: Font family 'Times New Roman' not found.
[WARNING] [2026-07-28 16:12:38,173:matplotlib.font_manager] findfont: Font family 'Times New Roman' not found.
[WARNING] [2026-07-28 16:12:38,174:matplotlib.font_manager] findfont: Font family 'Times New Roman' not found.
[WARNING] [2026-07-28 16:12:38,175:matplotlib.font_manager] findfont: Font family 'Times New Roman' not found.
[WARNING] [2026-07-28 16:12:38,175:matplotlib.font_manager] findfont: Font family 'Times New Roman' not found.
[WARNING] [2026-07-28 16:12:38,176:matplotlib.font_manager] findfont: Font family 'Times New Roman' not found.
[WARNING] [2026-07-28 16:12:38,177:matplotlib.font_manager] findfont: Font family 'Times New Roman' not found.
[WARNING] [2026-07-28 16:12:38,178:matplotlib.font_manager] findfont: Font family 'Times New Roman' not found.
[WARNING] [2026-07-28 16:12:38,178:matplotlib.font_manager] findfont: Font family 'Times New Roman' not found.
[WARNING] [2026-07-28 16:12:38,179:matplotlib.font_manager] findfont: Font family 'Times New Roman' not found.
[WARNING] [2026-07-28 16:12:38,180:matplotlib.font_manager] findfont: Font family 'Times New Roman' not found.
[WARNING] [2026-07-28 16:12:38,181:matplotlib.font_manager] findfont: Font family 'Times New Roman' not found.
[WARNING] [2026-07-28 16:12:38,181:matplotlib.font_manager] findfont: Font family 'Times New Roman' not found.
[WARNING] [2026-07-28 16:12:38,182:matplotlib.font_manager] findfont: Font family 'Times New Roman' not found.
[WARNING] [2026-07-28 16:12:38,183:matplotlib.font_manager] findfont: Font family 'Times New Roman' not found.
[WARNING] [2026-07-28 16:12:38,183:matplotlib.font_manager] findfont: Font family 'Times New Roman' not found.
[WARNING] [2026-07-28 16:12:38,184:matplotlib.font_manager] findfont: Font family 'Times New Roman' not found.
[WARNING] [2026-07-28 16:12:38,184:matplotlib.font_manager] findfont: Font family 'Times New Roman' not found.
[WARNING] [2026-07-28 16:12:38,185:matplotlib.font_manager] findfont: Font family 'Times New Roman' not found.
[WARNING] [2026-07-28 16:12:38,186:matplotlib.font_manager] findfont: Font family 'Times New Roman' not found.
[WARNING] [2026-07-28 16:12:38,187:matplotlib.font_manager] findfont: Font family 'Times New Roman' not found.
[WARNING] [2026-07-28 16:12:38,187:matplotlib.font_manager] findfont: Font family 'Times New Roman' not found.
[WARNING] [2026-07-28 16:12:38,188:matplotlib.font_manager] findfont: Font family 'Times New Roman' not found.
[WARNING] [2026-07-28 16:12:38,189:matplotlib.font_manager] findfont: Font family 'Times New Roman' not found.
[WARNING] [2026-07-28 16:12:38,189:matplotlib.font_manager] findfont: Font family 'Times New Roman' not found.
[WARNING] [2026-07-28 16:12:38,190:matplotlib.font_manager] findfont: Font family 'Times New Roman' not found.
[WARNING] [2026-07-28 16:12:38,190:matplotlib.font_manager] findfont: Font family 'Times New Roman' not found.
[WARNING] [2026-07-28 16:12:38,191:matplotlib.font_manager] findfont: Font family 'Times New Roman' not found.
[WARNING] [2026-07-28 16:12:38,192:matplotlib.font_manager] findfont: Font family 'Times New Roman' not found.
[WARNING] [2026-07-28 16:12:38,192:matplotlib.font_manager] findfont: Font family 'Times New Roman' not found.
[WARNING] [2026-07-28 16:12:38,193:matplotlib.font_manager] findfont: Font family 'Times New Roman' not found.
[WARNING] [2026-07-28 16:12:38,194:matplotlib.font_manager] findfont: Font family 'Times New Roman' not found.
[WARNING] [2026-07-28 16:12:38,194:matplotlib.font_manager] findfont: Font family 'Times New Roman' not found.
[WARNING] [2026-07-28 16:12:38,195:matplotlib.font_manager] findfont: Font family 'Times New Roman' not found.
[WARNING] [2026-07-28 16:12:38,196:matplotlib.font_manager] findfont: Font family 'Times New Roman' not found.
[WARNING] [2026-07-28 16:12:38,196:matplotlib.font_manager] findfont: Font family 'Times New Roman' not found.
[WARNING] [2026-07-28 16:12:38,197:matplotlib.font_manager] findfont: Font family 'Times New Roman' not found.
[WARNING] [2026-07-28 16:12:38,198:matplotlib.font_manager] findfont: Font family 'Times New Roman' not found.
[WARNING] [2026-07-28 16:12:38,198:matplotlib.font_manager] findfont: Font family 'Times New Roman' not found.
[WARNING] [2026-07-28 16:12:38,199:matplotlib.font_manager] findfont: Font family 'Times New Roman' not found.
[WARNING] [2026-07-28 16:12:38,200:matplotlib.font_manager] findfont: Font family 'Times New Roman' not found.
[WARNING] [2026-07-28 16:12:38,201:matplotlib.font_manager] findfont: Font family 'Times New Roman' not found.
[WARNING] [2026-07-28 16:12:38,201:matplotlib.font_manager] findfont: Font family 'Times New Roman' not found.
[WARNING] [2026-07-28 16:12:38,202:matplotlib.font_manager] findfont: Font family 'Times New Roman' not found.
[WARNING] [2026-07-28 16:12:38,203:matplotlib.font_manager] findfont: Font family 'Times New Roman' not found.
[WARNING] [2026-07-28 16:12:38,203:matplotlib.font_manager] findfont: Font family 'Times New Roman' not found.
[WARNING] [2026-07-28 16:12:38,204:matplotlib.font_manager] findfont: Font family 'Times New Roman' not found.
[WARNING] [2026-07-28 16:12:38,205:matplotlib.font_manager] findfont: Font family 'Times New Roman' not found.
[WARNING] [2026-07-28 16:12:38,206:matplotlib.font_manager] findfont: Font family 'Times New Roman' not found.
[WARNING] [2026-07-28 16:12:38,206:matplotlib.font_manager] findfont: Font family 'Times New Roman' not found.
[WARNING] [2026-07-28 16:12:38,207:matplotlib.font_manager] findfont: Font family 'Times New Roman' not found.
[WARNING] [2026-07-28 16:12:38,208:matplotlib.font_manager] findfont: Font family 'Times New Roman' not found.
[WARNING] [2026-07-28 16:12:38,208:matplotlib.font_manager] findfont: Font family 'Times New Roman' not found.
[WARNING] [2026-07-28 16:12:38,209:matplotlib.font_manager] findfont: Font family 'Times New Roman' not found.
[WARNING] [2026-07-28 16:12:38,209:matplotlib.font_manager] findfont: Font family 'Times New Roman' not found.
[WARNING] [2026-07-28 16:12:38,210:matplotlib.font_manager] findfont: Font family 'Times New Roman' not found.
[WARNING] [2026-07-28 16:12:38,211:matplotlib.font_manager] findfont: Font family 'Times New Roman' not found.
[WARNING] [2026-07-28 16:12:38,211:matplotlib.font_manager] findfont: Font family 'Times New Roman' not found.
[WARNING] [2026-07-28 16:12:38,212:matplotlib.font_manager] findfont: Font family 'Times New Roman' not found.
[WARNING] [2026-07-28 16:12:38,213:matplotlib.font_manager] findfont: Font family 'Times New Roman' not found.
[WARNING] [2026-07-28 16:12:38,214:matplotlib.font_manager] findfont: Font family 'Times New Roman' not found.
[WARNING] [2026-07-28 16:12:38,214:matplotlib.font_manager] findfont: Font family 'Times New Roman' not found.
[WARNING] [2026-07-28 16:12:38,215:matplotlib.font_manager] findfont: Font family 'Times New Roman' not found.
[WARNING] [2026-07-28 16:12:38,216:matplotlib.font_manager] findfont: Font family 'Times New Roman' not found.
[WARNING] [2026-07-28 16:12:38,216:matplotlib.font_manager] findfont: Font family 'Times New Roman' not found.
[WARNING] [2026-07-28 16:12:38,217:matplotlib.font_manager] findfont: Font family 'Times New Roman' not found.
[WARNING] [2026-07-28 16:12:38,218:matplotlib.font_manager] findfont: Font family 'Times New Roman' not found.
[WARNING] [2026-07-28 16:12:38,219:matplotlib.font_manager] findfont: Font family 'Times New Roman' not found.
[WARNING] [2026-07-28 16:12:38,219:matplotlib.font_manager] findfont: Font family 'Times New Roman' not found.
[WARNING] [2026-07-28 16:12:38,220:matplotlib.font_manager] findfont: Font family 'Times New Roman' not found.
[WARNING] [2026-07-28 16:12:38,221:matplotlib.font_manager] findfont: Font family 'Times New Roman' not found.
[WARNING] [2026-07-28 16:12:38,221:matplotlib.font_manager] findfont: Font family 'Times New Roman' not found.
[WARNING] [2026-07-28 16:12:38,222:matplotlib.font_manager] findfont: Font family 'Times New Roman' not found.
[WARNING] [2026-07-28 16:12:38,223:matplotlib.font_manager] findfont: Font family 'Times New Roman' not found.
[WARNING] [2026-07-28 16:12:38,224:matplotlib.font_manager] findfont: Font family 'Times New Roman' not found.
[WARNING] [2026-07-28 16:12:38,224:matplotlib.font_manager] findfont: Font family 'Times New Roman' not found.
[WARNING] [2026-07-28 16:12:38,225:matplotlib.font_manager] findfont: Font family 'Times New Roman' not found.
[WARNING] [2026-07-28 16:12:38,226:matplotlib.font_manager] findfont: Font family 'Times New Roman' not found.
[WARNING] [2026-07-28 16:12:38,226:matplotlib.font_manager] findfont: Font family 'Times New Roman' not found.
[WARNING] [2026-07-28 16:12:38,227:matplotlib.font_manager] findfont: Font family 'Times New Roman' not found.
[WARNING] [2026-07-28 16:12:38,228:matplotlib.font_manager] findfont: Font family 'Times New Roman' not found.
[WARNING] [2026-07-28 16:12:38,229:matplotlib.font_manager] findfont: Font family 'Times New Roman' not found.
[WARNING] [2026-07-28 16:12:38,229:matplotlib.font_manager] findfont: Font family 'Times New Roman' not found.
[WARNING] [2026-07-28 16:12:38,230:matplotlib.font_manager] findfont: Font family 'Times New Roman' not found.
[WARNING] [2026-07-28 16:12:38,231:matplotlib.font_manager] findfont: Font family 'Times New Roman' not found.
[WARNING] [2026-07-28 16:12:38,231:matplotlib.font_manager] findfont: Font family 'Times New Roman' not found.
[WARNING] [2026-07-28 16:12:38,232:matplotlib.font_manager] findfont: Font family 'Times New Roman' not found.
[WARNING] [2026-07-28 16:12:38,233:matplotlib.font_manager] findfont: Font family 'Times New Roman' not found.
[WARNING] [2026-07-28 16:12:38,233:matplotlib.font_manager] findfont: Font family 'Times New Roman' not found.
[WARNING] [2026-07-28 16:12:38,234:matplotlib.font_manager] findfont: Font family 'Times New Roman' not found.
[WARNING] [2026-07-28 16:12:38,235:matplotlib.font_manager] findfont: Font family 'Times New Roman' not found.
[WARNING] [2026-07-28 16:12:38,235:matplotlib.font_manager] findfont: Font family 'Times New Roman' not found.
[WARNING] [2026-07-28 16:12:38,236:matplotlib.font_manager] findfont: Font family 'Times New Roman' not found.
[WARNING] [2026-07-28 16:12:38,237:matplotlib.font_manager] findfont: Font family 'Times New Roman' not found.
[WARNING] [2026-07-28 16:12:38,237:matplotlib.font_manager] findfont: Font family 'Times New Roman' not found.
[WARNING] [2026-07-28 16:12:38,238:matplotlib.font_manager] findfont: Font family 'Times New Roman' not found.
[WARNING] [2026-07-28 16:12:38,239:matplotlib.font_manager] findfont: Font family 'Times New Roman' not found.
[WARNING] [2026-07-28 16:12:38,240:matplotlib.font_manager] findfont: Font family 'Times New Roman' not found.
[WARNING] [2026-07-28 16:12:38,240:matplotlib.font_manager] findfont: Font family 'Times New Roman' not found.
[WARNING] [2026-07-28 16:12:38,241:matplotlib.font_manager] findfont: Font family 'Times New Roman' not found.
[WARNING] [2026-07-28 16:12:38,241:matplotlib.font_manager] findfont: Font family 'Times New Roman' not found.
[WARNING] [2026-07-28 16:12:38,242:matplotlib.font_manager] findfont: Font family 'Times New Roman' not found.
[WARNING] [2026-07-28 16:12:38,243:matplotlib.font_manager] findfont: Font family 'Times New Roman' not found.
[WARNING] [2026-07-28 16:12:38,243:matplotlib.font_manager] findfont: Font family 'Times New Roman' not found.
[WARNING] [2026-07-28 16:12:38,244:matplotlib.font_manager] findfont: Font family 'Times New Roman' not found.
[WARNING] [2026-07-28 16:12:38,245:matplotlib.font_manager] findfont: Font family 'Times New Roman' not found.
[WARNING] [2026-07-28 16:12:38,246:matplotlib.font_manager] findfont: Font family 'Times New Roman' not found.
[WARNING] [2026-07-28 16:12:38,246:matplotlib.font_manager] findfont: Font family 'Times New Roman' not found.
[WARNING] [2026-07-28 16:12:38,247:matplotlib.font_manager] findfont: Font family 'Times New Roman' not found.
[WARNING] [2026-07-28 16:12:38,248:matplotlib.font_manager] findfont: Font family 'Times New Roman' not found.
[WARNING] [2026-07-28 16:12:38,248:matplotlib.font_manager] findfont: Font family 'Times New Roman' not found.
[WARNING] [2026-07-28 16:12:38,249:matplotlib.font_manager] findfont: Font family 'Times New Roman' not found.
[WARNING] [2026-07-28 16:12:38,250:matplotlib.font_manager] findfont: Font family 'Times New Roman' not found.
[WARNING] [2026-07-28 16:12:38,250:matplotlib.font_manager] findfont: Font family 'Times New Roman' not found.
[WARNING] [2026-07-28 16:12:38,251:matplotlib.font_manager] findfont: Font family 'Times New Roman' not found.
[WARNING] [2026-07-28 16:12:38,252:matplotlib.font_manager] findfont: Font family 'Times New Roman' not found.
[WARNING] [2026-07-28 16:12:38,252:matplotlib.font_manager] findfont: Font family 'Times New Roman' not found.
[WARNING] [2026-07-28 16:12:38,253:matplotlib.font_manager] findfont: Font family 'Times New Roman' not found.
[WARNING] [2026-07-28 16:12:38,254:matplotlib.font_manager] findfont: Font family 'Times New Roman' not found.
[WARNING] [2026-07-28 16:12:38,255:matplotlib.font_manager] findfont: Font family 'Times New Roman' not found.
[WARNING] [2026-07-28 16:12:38,255:matplotlib.font_manager] findfont: Font family 'Times New Roman' not found.
[WARNING] [2026-07-28 16:12:38,256:matplotlib.font_manager] findfont: Font family 'Times New Roman' not found.
[WARNING] [2026-07-28 16:12:38,257:matplotlib.font_manager] findfont: Font family 'Times New Roman' not found.
[WARNING] [2026-07-28 16:12:38,257:matplotlib.font_manager] findfont: Font family 'Times New Roman' not found.
[WARNING] [2026-07-28 16:12:38,258:matplotlib.font_manager] findfont: Font family 'Times New Roman' not found.
[WARNING] [2026-07-28 16:12:38,259:matplotlib.font_manager] findfont: Font family 'Times New Roman' not found.
[WARNING] [2026-07-28 16:12:38,259:matplotlib.font_manager] findfont: Font family 'Times New Roman' not found.
[WARNING] [2026-07-28 16:12:38,260:matplotlib.font_manager] findfont: Font family 'Times New Roman' not found.
[WARNING] [2026-07-28 16:12:38,260:matplotlib.font_manager] findfont: Font family 'Times New Roman' not found.
[WARNING] [2026-07-28 16:12:38,261:matplotlib.font_manager] findfont: Font family 'Times New Roman' not found.
[WARNING] [2026-07-28 16:12:38,262:matplotlib.font_manager] findfont: Font family 'Times New Roman' not found.
[WARNING] [2026-07-28 16:12:38,263:matplotlib.font_manager] findfont: Font family 'Times New Roman' not found.
[WARNING] [2026-07-28 16:12:38,263:matplotlib.font_manager] findfont: Font family 'Times New Roman' not found.
[WARNING] [2026-07-28 16:12:38,264:matplotlib.font_manager] findfont: Font family 'Times New Roman' not found.
[WARNING] [2026-07-28 16:12:38,265:matplotlib.font_manager] findfont: Font family 'Times New Roman' not found.
[WARNING] [2026-07-28 16:12:38,265:matplotlib.font_manager] findfont: Font family 'Times New Roman' not found.
[WARNING] [2026-07-28 16:12:38,266:matplotlib.font_manager] findfont: Font family 'Times New Roman' not found.
[WARNING] [2026-07-28 16:12:38,266:matplotlib.font_manager] findfont: Font family 'Times New Roman' not found.
[WARNING] [2026-07-28 16:12:38,267:matplotlib.font_manager] findfont: Font family 'Times New Roman' not found.
[WARNING] [2026-07-28 16:12:38,268:matplotlib.font_manager] findfont: Font family 'Times New Roman' not found.
[WARNING] [2026-07-28 16:12:38,269:matplotlib.font_manager] findfont: Font family 'Times New Roman' not found.
[WARNING] [2026-07-28 16:12:38,269:matplotlib.font_manager] findfont: Font family 'Times New Roman' not found.
[WARNING] [2026-07-28 16:12:38,270:matplotlib.font_manager] findfont: Font family 'Times New Roman' not found.
[WARNING] [2026-07-28 16:12:38,271:matplotlib.font_manager] findfont: Font family 'Times New Roman' not found.
[WARNING] [2026-07-28 16:12:38,271:matplotlib.font_manager] findfont: Font family 'Times New Roman' not found.
[WARNING] [2026-07-28 16:12:38,272:matplotlib.font_manager] findfont: Font family 'Times New Roman' not found.
[WARNING] [2026-07-28 16:12:38,273:matplotlib.font_manager] findfont: Font family 'Times New Roman' not found.
[WARNING] [2026-07-28 16:12:38,274:matplotlib.font_manager] findfont: Font family 'Times New Roman' not found.
[WARNING] [2026-07-28 16:12:38,274:matplotlib.font_manager] findfont: Font family 'Times New Roman' not found.
[WARNING] [2026-07-28 16:12:38,275:matplotlib.font_manager] findfont: Font family 'Times New Roman' not found.
[WARNING] [2026-07-28 16:12:38,276:matplotlib.font_manager] findfont: Font family 'Times New Roman' not found.
[WARNING] [2026-07-28 16:12:38,276:matplotlib.font_manager] findfont: Font family 'Times New Roman' not found.
[WARNING] [2026-07-28 16:12:38,277:matplotlib.font_manager] findfont: Font family 'Times New Roman' not found.
[WARNING] [2026-07-28 16:12:38,278:matplotlib.font_manager] findfont: Font family 'Times New Roman' not found.
[WARNING] [2026-07-28 16:12:38,279:matplotlib.font_manager] findfont: Font family 'Times New Roman' not found.
[WARNING] [2026-07-28 16:12:38,279:matplotlib.font_manager] findfont: Font family 'Times New Roman' not found.
[WARNING] [2026-07-28 16:12:38,280:matplotlib.font_manager] findfont: Font family 'Times New Roman' not found.
[WARNING] [2026-07-28 16:12:38,281:matplotlib.font_manager] findfont: Font family 'Times New Roman' not found.
[WARNING] [2026-07-28 16:12:38,282:matplotlib.font_manager] findfont: Font family 'Times New Roman' not found.
[WARNING] [2026-07-28 16:12:38,283:matplotlib.font_manager] findfont: Font family 'Times New Roman' not found.
[WARNING] [2026-07-28 16:12:38,284:matplotlib.font_manager] findfont: Font family 'Times New Roman' not found.
[WARNING] [2026-07-28 16:12:38,285:matplotlib.font_manager] findfont: Font family 'Times New Roman' not found.
[WARNING] [2026-07-28 16:12:38,286:matplotlib.font_manager] findfont: Font family 'Times New Roman' not found.
[WARNING] [2026-07-28 16:12:38,287:matplotlib.font_manager] findfont: Font family 'Times New Roman' not found.
[WARNING] [2026-07-28 16:12:38,288:matplotlib.font_manager] findfont: Font family 'Times New Roman' not found.
[WARNING] [2026-07-28 16:12:38,289:matplotlib.font_manager] findfont: Font family 'Times New Roman' not found.
[WARNING] [2026-07-28 16:12:38,290:matplotlib.font_manager] findfont: Font family 'Times New Roman' not found.
[WARNING] [2026-07-28 16:12:38,291:matplotlib.font_manager] findfont: Font family 'Times New Roman' not found.
[WARNING] [2026-07-28 16:12:38,292:matplotlib.font_manager] findfont: Font family 'Times New Roman' not found.
[WARNING] [2026-07-28 16:12:38,293:matplotlib.font_manager] findfont: Font family 'Times New Roman' not found.
[WARNING] [2026-07-28 16:12:38,294:matplotlib.font_manager] findfont: Font family 'Times New Roman' not found.
[WARNING] [2026-07-28 16:12:38,295:matplotlib.font_manager] findfont: Font family 'Times New Roman' not found.
[WARNING] [2026-07-28 16:12:38,296:matplotlib.font_manager] findfont: Font family 'Times New Roman' not found.
[WARNING] [2026-07-28 16:12:38,296:matplotlib.font_manager] findfont: Font family 'Times New Roman' not found.
[WARNING] [2026-07-28 16:12:38,297:matplotlib.font_manager] findfont: Font family 'Times New Roman' not found.
[WARNING] [2026-07-28 16:12:38,298:matplotlib.font_manager] findfont: Font family 'Times New Roman' not found.
[WARNING] [2026-07-28 16:12:38,299:matplotlib.font_manager] findfont: Font family 'Times New Roman' not found.
[WARNING] [2026-07-28 16:12:38,300:matplotlib.font_manager] findfont: Font family 'Times New Roman' not found.
[WARNING] [2026-07-28 16:12:38,301:matplotlib.font_manager] findfont: Font family 'Times New Roman' not found.
[WARNING] [2026-07-28 16:12:38,302:matplotlib.font_manager] findfont: Font family 'Times New Roman' not found.
[WARNING] [2026-07-28 16:12:38,303:matplotlib.font_manager] findfont: Font family 'Times New Roman' not found.
[WARNING] [2026-07-28 16:12:38,304:matplotlib.font_manager] findfont: Font family 'Times New Roman' not found.
[WARNING] [2026-07-28 16:12:38,304:matplotlib.font_manager] findfont: Font family 'Times New Roman' not found.
[WARNING] [2026-07-28 16:12:38,305:matplotlib.font_manager] findfont: Font family 'Times New Roman' not found.
[WARNING] [2026-07-28 16:12:38,306:matplotlib.font_manager] findfont: Font family 'Times New Roman' not found.
[WARNING] [2026-07-28 16:12:38,307:matplotlib.font_manager] findfont: Font family 'Times New Roman' not found.
[WARNING] [2026-07-28 16:12:38,308:matplotlib.font_manager] findfont: Font family 'Times New Roman' not found.
[WARNING] [2026-07-28 16:12:38,309:matplotlib.font_manager] findfont: Font family 'Times New Roman' not found.
[WARNING] [2026-07-28 16:12:38,310:matplotlib.font_manager] findfont: Font family 'Times New Roman' not found.
[WARNING] [2026-07-28 16:12:38,311:matplotlib.font_manager] findfont: Font family 'Times New Roman' not found.
[WARNING] [2026-07-28 16:12:38,312:matplotlib.font_manager] findfont: Font family 'Times New Roman' not found.
[WARNING] [2026-07-28 16:12:38,312:matplotlib.font_manager] findfont: Font family 'Times New Roman' not found.
[WARNING] [2026-07-28 16:12:38,316:matplotlib.font_manager] findfont: Font family 'Times New Roman' not found.
[WARNING] [2026-07-28 16:12:38,318:matplotlib.font_manager] findfont: Font family 'Times New Roman' not found.
[WARNING] [2026-07-28 16:12:38,320:matplotlib.font_manager] findfont: Font family 'Times New Roman' not found.
[WARNING] [2026-07-28 16:12:38,322:matplotlib.font_manager] findfont: Font family 'Times New Roman' not found.
[WARNING] [2026-07-28 16:12:38,323:matplotlib.font_manager] findfont: Font family 'Times New Roman' not found.
[WARNING] [2026-07-28 16:12:38,324:matplotlib.font_manager] findfont: Font family 'Times New Roman' not found.
[WARNING] [2026-07-28 16:12:38,324:matplotlib.font_manager] findfont: Font family 'Times New Roman' not found.
[WARNING] [2026-07-28 16:12:38,325:matplotlib.font_manager] findfont: Font family 'Times New Roman' not found.
[WARNING] [2026-07-28 16:12:38,326:matplotlib.font_manager] findfont: Font family 'Times New Roman' not found.
[WARNING] [2026-07-28 16:12:38,327:matplotlib.font_manager] findfont: Font family 'Times New Roman' not found.
[WARNING] [2026-07-28 16:12:38,328:matplotlib.font_manager] findfont: Font family 'Times New Roman' not found.
[WARNING] [2026-07-28 16:12:38,329:matplotlib.font_manager] findfont: Font family 'Times New Roman' not found.
[WARNING] [2026-07-28 16:12:38,330:matplotlib.font_manager] findfont: Font family 'Times New Roman' not found.
[WARNING] [2026-07-28 16:12:38,331:matplotlib.font_manager] findfont: Font family 'Times New Roman' not found.
[WARNING] [2026-07-28 16:12:38,332:matplotlib.font_manager] findfont: Font family 'Times New Roman' not found.
[WARNING] [2026-07-28 16:12:38,333:matplotlib.font_manager] findfont: Font family 'Times New Roman' not found.
[WARNING] [2026-07-28 16:12:38,334:matplotlib.font_manager] findfont: Font family 'Times New Roman' not found.
[WARNING] [2026-07-28 16:12:38,335:matplotlib.font_manager] findfont: Font family 'Times New Roman' not found.
[WARNING] [2026-07-28 16:12:38,336:matplotlib.font_manager] findfont: Font family 'Times New Roman' not found.
[WARNING] [2026-07-28 16:12:38,337:matplotlib.font_manager] findfont: Font family 'Times New Roman' not found.
[WARNING] [2026-07-28 16:12:38,338:matplotlib.font_manager] findfont: Font family 'Times New Roman' not found.
[WARNING] [2026-07-28 16:12:38,339:matplotlib.font_manager] findfont: Font family 'Times New Roman' not found.
[WARNING] [2026-07-28 16:12:38,340:matplotlib.font_manager] findfont: Font family 'Times New Roman' not found.
[WARNING] [2026-07-28 16:12:38,341:matplotlib.font_manager] findfont: Font family 'Times New Roman' not found.
[WARNING] [2026-07-28 16:12:38,342:matplotlib.font_manager] findfont: Font family 'Times New Roman' not found.
[WARNING] [2026-07-28 16:12:38,343:matplotlib.font_manager] findfont: Font family 'Times New Roman' not found.
[WARNING] [2026-07-28 16:12:38,344:matplotlib.font_manager] findfont: Font family 'Times New Roman' not found.
[WARNING] [2026-07-28 16:12:38,345:matplotlib.font_manager] findfont: Font family 'Times New Roman' not found.
[WARNING] [2026-07-28 16:12:38,346:matplotlib.font_manager] findfont: Font family 'Times New Roman' not found.
[WARNING] [2026-07-28 16:12:38,348:matplotlib.font_manager] findfont: Font family 'Times New Roman' not found.
[WARNING] [2026-07-28 16:12:38,349:matplotlib.font_manager] findfont: Font family 'Times New Roman' not found.
[WARNING] [2026-07-28 16:12:38,350:matplotlib.font_manager] findfont: Font family 'Times New Roman' not found.
[WARNING] [2026-07-28 16:12:38,351:matplotlib.font_manager] findfont: Font family 'Times New Roman' not found.
[WARNING] [2026-07-28 16:12:38,351:matplotlib.font_manager] findfont: Font family 'Times New Roman' not found.
[WARNING] [2026-07-28 16:12:38,352:matplotlib.font_manager] findfont: Font family 'Times New Roman' not found.
[WARNING] [2026-07-28 16:12:38,353:matplotlib.font_manager] findfont: Font family 'Times New Roman' not found.
[WARNING] [2026-07-28 16:12:38,353:matplotlib.font_manager] findfont: Font family 'Times New Roman' not found.
[WARNING] [2026-07-28 16:12:38,354:matplotlib.font_manager] findfont: Font family 'Times New Roman' not found.
[WARNING] [2026-07-28 16:12:38,355:matplotlib.font_manager] findfont: Font family 'Times New Roman' not found.
[WARNING] [2026-07-28 16:12:38,356:matplotlib.font_manager] findfont: Font family 'Times New Roman' not found.
[WARNING] [2026-07-28 16:12:38,356:matplotlib.font_manager] findfont: Font family 'Times New Roman' not found.
[WARNING] [2026-07-28 16:12:38,357:matplotlib.font_manager] findfont: Font family 'Times New Roman' not found.
[WARNING] [2026-07-28 16:12:38,358:matplotlib.font_manager] findfont: Font family 'Times New Roman' not found.
[WARNING] [2026-07-28 16:12:38,358:matplotlib.font_manager] findfont: Font family 'Times New Roman' not found.
[WARNING] [2026-07-28 16:12:38,359:matplotlib.font_manager] findfont: Font family 'Times New Roman' not found.
[WARNING] [2026-07-28 16:12:38,360:matplotlib.font_manager] findfont: Font family 'Times New Roman' not found.
[WARNING] [2026-07-28 16:12:38,361:matplotlib.font_manager] findfont: Font family 'Times New Roman' not found.
[WARNING] [2026-07-28 16:12:38,361:matplotlib.font_manager] findfont: Font family 'Times New Roman' not found.
[WARNING] [2026-07-28 16:12:38,362:matplotlib.font_manager] findfont: Font family 'Times New Roman' not found.
[WARNING] [2026-07-28 16:12:38,362:matplotlib.font_manager] findfont: Font family 'Times New Roman' not found.
[WARNING] [2026-07-28 16:12:38,363:matplotlib.font_manager] findfont: Font family 'Times New Roman' not found.
[WARNING] [2026-07-28 16:12:38,364:matplotlib.font_manager] findfont: Font family 'Times New Roman' not found.
[WARNING] [2026-07-28 16:12:38,365:matplotlib.font_manager] findfont: Font family 'Times New Roman' not found.
[WARNING] [2026-07-28 16:12:38,365:matplotlib.font_manager] findfont: Font family 'Times New Roman' not found.
[WARNING] [2026-07-28 16:12:38,366:matplotlib.font_manager] findfont: Font family 'Times New Roman' not found.
[WARNING] [2026-07-28 16:12:38,366:matplotlib.font_manager] findfont: Font family 'Times New Roman' not found.
[WARNING] [2026-07-28 16:12:38,367:matplotlib.font_manager] findfont: Font family 'Times New Roman' not found.
[WARNING] [2026-07-28 16:12:38,368:matplotlib.font_manager] findfont: Font family 'Times New Roman' not found.
[WARNING] [2026-07-28 16:12:38,368:matplotlib.font_manager] findfont: Font family 'Times New Roman' not found.
[WARNING] [2026-07-28 16:12:38,369:matplotlib.font_manager] findfont: Font family 'Times New Roman' not found.
[WARNING] [2026-07-28 16:12:38,370:matplotlib.font_manager] findfont: Font family 'Times New Roman' not found.
[WARNING] [2026-07-28 16:12:38,371:matplotlib.font_manager] findfont: Font family 'Times New Roman' not found.
[WARNING] [2026-07-28 16:12:38,371:matplotlib.font_manager] findfont: Font family 'Times New Roman' not found.
[WARNING] [2026-07-28 16:12:38,372:matplotlib.font_manager] findfont: Font family 'Times New Roman' not found.
[WARNING] [2026-07-28 16:12:38,373:matplotlib.font_manager] findfont: Font family 'Times New Roman' not found.
[WARNING] [2026-07-28 16:12:38,374:matplotlib.font_manager] findfont: Font family 'Times New Roman' not found.
[WARNING] [2026-07-28 16:12:38,374:matplotlib.font_manager] findfont: Font family 'Times New Roman' not found.
[WARNING] [2026-07-28 16:12:38,375:matplotlib.font_manager] findfont: Font family 'Times New Roman' not found.
[WARNING] [2026-07-28 16:12:38,376:matplotlib.font_manager] findfont: Font family 'Times New Roman' not found.
[WARNING] [2026-07-28 16:12:38,376:matplotlib.font_manager] findfont: Font family 'Times New Roman' not found.
[WARNING] [2026-07-28 16:12:38,377:matplotlib.font_manager] findfont: Font family 'Times New Roman' not found.
[WARNING] [2026-07-28 16:12:38,378:matplotlib.font_manager] findfont: Font family 'Times New Roman' not found.
[WARNING] [2026-07-28 16:12:38,378:matplotlib.font_manager] findfont: Font family 'Times New Roman' not found.
[WARNING] [2026-07-28 16:12:38,379:matplotlib.font_manager] findfont: Font family 'Times New Roman' not found.
[WARNING] [2026-07-28 16:12:38,380:matplotlib.font_manager] findfont: Font family 'Times New Roman' not found.
[WARNING] [2026-07-28 16:12:38,381:matplotlib.font_manager] findfont: Font family 'Times New Roman' not found.
[WARNING] [2026-07-28 16:12:38,381:matplotlib.font_manager] findfont: Font family 'Times New Roman' not found.
[WARNING] [2026-07-28 16:12:38,382:matplotlib.font_manager] findfont: Font family 'Times New Roman' not found.
[WARNING] [2026-07-28 16:12:38,383:matplotlib.font_manager] findfont: Font family 'Times New Roman' not found.
[WARNING] [2026-07-28 16:12:38,383:matplotlib.font_manager] findfont: Font family 'Times New Roman' not found.
[WARNING] [2026-07-28 16:12:38,384:matplotlib.font_manager] findfont: Font family 'Times New Roman' not found.
[WARNING] [2026-07-28 16:12:38,385:matplotlib.font_manager] findfont: Font family 'Times New Roman' not found.
[WARNING] [2026-07-28 16:12:38,385:matplotlib.font_manager] findfont: Font family 'Times New Roman' not found.
[WARNING] [2026-07-28 16:12:38,386:matplotlib.font_manager] findfont: Font family 'Times New Roman' not found.
[WARNING] [2026-07-28 16:12:38,387:matplotlib.font_manager] findfont: Font family 'Times New Roman' not found.
[WARNING] [2026-07-28 16:12:38,388:matplotlib.font_manager] findfont: Font family 'Times New Roman' not found.
[WARNING] [2026-07-28 16:12:38,388:matplotlib.font_manager] findfont: Font family 'Times New Roman' not found.
[WARNING] [2026-07-28 16:12:38,389:matplotlib.font_manager] findfont: Font family 'Times New Roman' not found.
[WARNING] [2026-07-28 16:12:38,389:matplotlib.font_manager] findfont: Font family 'Times New Roman' not found.
[WARNING] [2026-07-28 16:12:38,390:matplotlib.font_manager] findfont: Font family 'Times New Roman' not found.
[WARNING] [2026-07-28 16:12:38,391:matplotlib.font_manager] findfont: Font family 'Times New Roman' not found.
[WARNING] [2026-07-28 16:12:38,392:matplotlib.font_manager] findfont: Font family 'Times New Roman' not found.
[WARNING] [2026-07-28 16:12:38,392:matplotlib.font_manager] findfont: Font family 'Times New Roman' not found.
[WARNING] [2026-07-28 16:12:38,393:matplotlib.font_manager] findfont: Font family 'Times New Roman' not found.
[WARNING] [2026-07-28 16:12:38,394:matplotlib.font_manager] findfont: Font family 'Times New Roman' not found.
[WARNING] [2026-07-28 16:12:38,394:matplotlib.font_manager] findfont: Font family 'Times New Roman' not found.
[WARNING] [2026-07-28 16:12:38,395:matplotlib.font_manager] findfont: Font family 'Times New Roman' not found.
[WARNING] [2026-07-28 16:12:38,396:matplotlib.font_manager] findfont: Font family 'Times New Roman' not found.
[WARNING] [2026-07-28 16:12:38,396:matplotlib.font_manager] findfont: Font family 'Times New Roman' not found.
[WARNING] [2026-07-28 16:12:38,397:matplotlib.font_manager] findfont: Font family 'Times New Roman' not found.
[WARNING] [2026-07-28 16:12:38,398:matplotlib.font_manager] findfont: Font family 'Times New Roman' not found.
[WARNING] [2026-07-28 16:12:38,399:matplotlib.font_manager] findfont: Font family 'Times New Roman' not found.
[WARNING] [2026-07-28 16:12:38,399:matplotlib.font_manager] findfont: Font family 'Times New Roman' not found.
[WARNING] [2026-07-28 16:12:38,400:matplotlib.font_manager] findfont: Font family 'Times New Roman' not found.
[WARNING] [2026-07-28 16:12:38,401:matplotlib.font_manager] findfont: Font family 'Times New Roman' not found.
[WARNING] [2026-07-28 16:12:38,401:matplotlib.font_manager] findfont: Font family 'Times New Roman' not found.
[WARNING] [2026-07-28 16:12:38,402:matplotlib.font_manager] findfont: Font family 'Times New Roman' not found.
[WARNING] [2026-07-28 16:12:38,403:matplotlib.font_manager] findfont: Font family 'Times New Roman' not found.
[WARNING] [2026-07-28 16:12:38,403:matplotlib.font_manager] findfont: Font family 'Times New Roman' not found.
[WARNING] [2026-07-28 16:12:38,404:matplotlib.font_manager] findfont: Font family 'Times New Roman' not found.
[WARNING] [2026-07-28 16:12:38,405:matplotlib.font_manager] findfont: Font family 'Times New Roman' not found.
[WARNING] [2026-07-28 16:12:38,406:matplotlib.font_manager] findfont: Font family 'Times New Roman' not found.
[WARNING] [2026-07-28 16:12:38,406:matplotlib.font_manager] findfont: Font family 'Times New Roman' not found.
[WARNING] [2026-07-28 16:12:38,407:matplotlib.font_manager] findfont: Font family 'Times New Roman' not found.
[WARNING] [2026-07-28 16:12:38,407:matplotlib.font_manager] findfont: Font family 'Times New Roman' not found.
[WARNING] [2026-07-28 16:12:38,408:matplotlib.font_manager] findfont: Font family 'Times New Roman' not found.
[WARNING] [2026-07-28 16:12:38,409:matplotlib.font_manager] findfont: Font family 'Times New Roman' not found.
[WARNING] [2026-07-28 16:12:38,410:matplotlib.font_manager] findfont: Font family 'Times New Roman' not found.
[WARNING] [2026-07-28 16:12:38,410:matplotlib.font_manager] findfont: Font family 'Times New Roman' not found.
[WARNING] [2026-07-28 16:12:38,411:matplotlib.font_manager] findfont: Font family 'Times New Roman' not found.
[WARNING] [2026-07-28 16:12:38,412:matplotlib.font_manager] findfont: Font family 'Times New Roman' not found.
[WARNING] [2026-07-28 16:12:38,412:matplotlib.font_manager] findfont: Font family 'Times New Roman' not found.
[WARNING] [2026-07-28 16:12:38,413:matplotlib.font_manager] findfont: Font family 'Times New Roman' not found.
[WARNING] [2026-07-28 16:12:38,414:matplotlib.font_manager] findfont: Font family 'Times New Roman' not found.
[WARNING] [2026-07-28 16:12:38,414:matplotlib.font_manager] findfont: Font family 'Times New Roman' not found.
[WARNING] [2026-07-28 16:12:38,415:matplotlib.font_manager] findfont: Font family 'Times New Roman' not found.
[WARNING] [2026-07-28 16:12:38,416:matplotlib.font_manager] findfont: Font family 'Times New Roman' not found.
[WARNING] [2026-07-28 16:12:38,416:matplotlib.font_manager] findfont: Font family 'Times New Roman' not found.
[WARNING] [2026-07-28 16:12:38,417:matplotlib.font_manager] findfont: Font family 'Times New Roman' not found.
[WARNING] [2026-07-28 16:12:38,418:matplotlib.font_manager] findfont: Font family 'Times New Roman' not found.
[WARNING] [2026-07-28 16:12:38,418:matplotlib.font_manager] findfont: Font family 'Times New Roman' not found.
[WARNING] [2026-07-28 16:12:38,419:matplotlib.font_manager] findfont: Font family 'Times New Roman' not found.
[WARNING] [2026-07-28 16:12:38,420:matplotlib.font_manager] findfont: Font family 'Times New Roman' not found.
[WARNING] [2026-07-28 16:12:38,421:matplotlib.font_manager] findfont: Font family 'Times New Roman' not found.
[WARNING] [2026-07-28 16:12:38,421:matplotlib.font_manager] findfont: Font family 'Times New Roman' not found.
[WARNING] [2026-07-28 16:12:38,422:matplotlib.font_manager] findfont: Font family 'Times New Roman' not found.
[WARNING] [2026-07-28 16:12:38,423:matplotlib.font_manager] findfont: Font family 'Times New Roman' not found.
[WARNING] [2026-07-28 16:12:38,423:matplotlib.font_manager] findfont: Font family 'Times New Roman' not found.
[WARNING] [2026-07-28 16:12:38,424:matplotlib.font_manager] findfont: Font family 'Times New Roman' not found.
[WARNING] [2026-07-28 16:12:38,425:matplotlib.font_manager] findfont: Font family 'Times New Roman' not found.
[WARNING] [2026-07-28 16:12:38,426:matplotlib.font_manager] findfont: Font family 'Times New Roman' not found.
[WARNING] [2026-07-28 16:12:38,426:matplotlib.font_manager] findfont: Font family 'Times New Roman' not found.
[WARNING] [2026-07-28 16:12:38,427:matplotlib.font_manager] findfont: Font family 'Times New Roman' not found.
[WARNING] [2026-07-28 16:12:38,428:matplotlib.font_manager] findfont: Font family 'Times New Roman' not found.
[WARNING] [2026-07-28 16:12:38,428:matplotlib.font_manager] findfont: Font family 'Times New Roman' not found.
[WARNING] [2026-07-28 16:12:38,429:matplotlib.font_manager] findfont: Font family 'Times New Roman' not found.
[WARNING] [2026-07-28 16:12:38,430:matplotlib.font_manager] findfont: Font family 'Times New Roman' not found.
[WARNING] [2026-07-28 16:12:38,430:matplotlib.font_manager] findfont: Font family 'Times New Roman' not found.
[WARNING] [2026-07-28 16:12:38,431:matplotlib.font_manager] findfont: Font family 'Times New Roman' not found.
[WARNING] [2026-07-28 16:12:38,432:matplotlib.font_manager] findfont: Font family 'Times New Roman' not found.
[WARNING] [2026-07-28 16:12:38,433:matplotlib.font_manager] findfont: Font family 'Times New Roman' not found.
[WARNING] [2026-07-28 16:12:38,433:matplotlib.font_manager] findfont: Font family 'Times New Roman' not found.
[WARNING] [2026-07-28 16:12:38,434:matplotlib.font_manager] findfont: Font family 'Times New Roman' not found.
[WARNING] [2026-07-28 16:12:38,434:matplotlib.font_manager] findfont: Font family 'Times New Roman' not found.
[WARNING] [2026-07-28 16:12:38,435:matplotlib.font_manager] findfont: Font family 'Times New Roman' not found.
[WARNING] [2026-07-28 16:12:38,436:matplotlib.font_manager] findfont: Font family 'Times New Roman' not found.
[WARNING] [2026-07-28 16:12:38,437:matplotlib.font_manager] findfont: Font family 'Times New Roman' not found.
[WARNING] [2026-07-28 16:12:38,438:matplotlib.font_manager] findfont: Font family 'Times New Roman' not found.
[WARNING] [2026-07-28 16:12:38,438:matplotlib.font_manager] findfont: Font family 'Times New Roman' not found.
[WARNING] [2026-07-28 16:12:38,439:matplotlib.font_manager] findfont: Font family 'Times New Roman' not found.
[WARNING] [2026-07-28 16:12:38,439:matplotlib.font_manager] findfont: Font family 'Times New Roman' not found.
[WARNING] [2026-07-28 16:12:38,440:matplotlib.font_manager] findfont: Font family 'Times New Roman' not found.
[WARNING] [2026-07-28 16:12:38,441:matplotlib.font_manager] findfont: Font family 'Times New Roman' not found.
[WARNING] [2026-07-28 16:12:38,441:matplotlib.font_manager] findfont: Font family 'Times New Roman' not found.
[WARNING] [2026-07-28 16:12:38,442:matplotlib.font_manager] findfont: Font family 'Times New Roman' not found.
[WARNING] [2026-07-28 16:12:38,443:matplotlib.font_manager] findfont: Font family 'Times New Roman' not found.
[WARNING] [2026-07-28 16:12:38,444:matplotlib.font_manager] findfont: Font family 'Times New Roman' not found.
[WARNING] [2026-07-28 16:12:38,444:matplotlib.font_manager] findfont: Font family 'Times New Roman' not found.
[WARNING] [2026-07-28 16:12:38,445:matplotlib.font_manager] findfont: Font family 'Times New Roman' not found.
[WARNING] [2026-07-28 16:12:38,446:matplotlib.font_manager] findfont: Font family 'Times New Roman' not found.
[WARNING] [2026-07-28 16:12:38,446:matplotlib.font_manager] findfont: Font family 'Times New Roman' not found.
[WARNING] [2026-07-28 16:12:38,447:matplotlib.font_manager] findfont: Font family 'Times New Roman' not found.
[WARNING] [2026-07-28 16:12:38,448:matplotlib.font_manager] findfont: Font family 'Times New Roman' not found.
[WARNING] [2026-07-28 16:12:38,449:matplotlib.font_manager] findfont: Font family 'Times New Roman' not found.
[WARNING] [2026-07-28 16:12:38,449:matplotlib.font_manager] findfont: Font family 'Times New Roman' not found.
[WARNING] [2026-07-28 16:12:38,450:matplotlib.font_manager] findfont: Font family 'Times New Roman' not found.
[WARNING] [2026-07-28 16:12:38,451:matplotlib.font_manager] findfont: Font family 'Times New Roman' not found.
[WARNING] [2026-07-28 16:12:38,451:matplotlib.font_manager] findfont: Font family 'Times New Roman' not found.
[WARNING] [2026-07-28 16:12:38,452:matplotlib.font_manager] findfont: Font family 'Times New Roman' not found.
[WARNING] [2026-07-28 16:12:38,453:matplotlib.font_manager] findfont: Font family 'Times New Roman' not found.
[WARNING] [2026-07-28 16:12:38,453:matplotlib.font_manager] findfont: Font family 'Times New Roman' not found.
[WARNING] [2026-07-28 16:12:38,454:matplotlib.font_manager] findfont: Font family 'Times New Roman' not found.
[WARNING] [2026-07-28 16:12:38,455:matplotlib.font_manager] findfont: Font family 'Times New Roman' not found.
[WARNING] [2026-07-28 16:12:38,456:matplotlib.font_manager] findfont: Font family 'Times New Roman' not found.
[WARNING] [2026-07-28 16:12:38,456:matplotlib.font_manager] findfont: Font family 'Times New Roman' not found.
[WARNING] [2026-07-28 16:12:38,457:matplotlib.font_manager] findfont: Font family 'Times New Roman' not found.
[WARNING] [2026-07-28 16:12:38,458:matplotlib.font_manager] findfont: Font family 'Times New Roman' not found.
[WARNING] [2026-07-28 16:12:38,458:matplotlib.font_manager] findfont: Font family 'Times New Roman' not found.
[WARNING] [2026-07-28 16:12:38,459:matplotlib.font_manager] findfont: Font family 'Times New Roman' not found.
[WARNING] [2026-07-28 16:12:38,460:matplotlib.font_manager] findfont: Font family 'Times New Roman' not found.
[WARNING] [2026-07-28 16:12:38,460:matplotlib.font_manager] findfont: Font family 'Times New Roman' not found.
[WARNING] [2026-07-28 16:12:38,461:matplotlib.font_manager] findfont: Font family 'Times New Roman' not found.
[WARNING] [2026-07-28 16:12:38,461:matplotlib.font_manager] findfont: Font family 'Times New Roman' not found.
[WARNING] [2026-07-28 16:12:38,462:matplotlib.font_manager] findfont: Font family 'Times New Roman' not found.
[WARNING] [2026-07-28 16:12:38,463:matplotlib.font_manager] findfont: Font family 'Times New Roman' not found.
[WARNING] [2026-07-28 16:12:38,464:matplotlib.font_manager] findfont: Font family 'Times New Roman' not found.
[WARNING] [2026-07-28 16:12:38,464:matplotlib.font_manager] findfont: Font family 'Times New Roman' not found.
[WARNING] [2026-07-28 16:12:38,465:matplotlib.font_manager] findfont: Font family 'Times New Roman' not found.
[WARNING] [2026-07-28 16:12:38,465:matplotlib.font_manager] findfont: Font family 'Times New Roman' not found.
[WARNING] [2026-07-28 16:12:38,466:matplotlib.font_manager] findfont: Font family 'Times New Roman' not found.
[WARNING] [2026-07-28 16:12:38,467:matplotlib.font_manager] findfont: Font family 'Times New Roman' not found.
[WARNING] [2026-07-28 16:12:38,468:matplotlib.font_manager] findfont: Font family 'Times New Roman' not found.
[WARNING] [2026-07-28 16:12:38,468:matplotlib.font_manager] findfont: Font family 'Times New Roman' not found.
[WARNING] [2026-07-28 16:12:38,469:matplotlib.font_manager] findfont: Font family 'Times New Roman' not found.
[WARNING] [2026-07-28 16:12:38,470:matplotlib.font_manager] findfont: Font family 'Times New Roman' not found.
[WARNING] [2026-07-28 16:12:38,470:matplotlib.font_manager] findfont: Font family 'Times New Roman' not found.
[WARNING] [2026-07-28 16:12:38,471:matplotlib.font_manager] findfont: Font family 'Times New Roman' not found.
[WARNING] [2026-07-28 16:12:38,472:matplotlib.font_manager] findfont: Font family 'Times New Roman' not found.
[WARNING] [2026-07-28 16:12:38,473:matplotlib.font_manager] findfont: Font family 'Times New Roman' not found.
[WARNING] [2026-07-28 16:12:38,473:matplotlib.font_manager] findfont: Font family 'Times New Roman' not found.
[WARNING] [2026-07-28 16:12:38,474:matplotlib.font_manager] findfont: Font family 'Times New Roman' not found.
[WARNING] [2026-07-28 16:12:38,475:matplotlib.font_manager] findfont: Font family 'Times New Roman' not found.
[WARNING] [2026-07-28 16:12:38,475:matplotlib.font_manager] findfont: Font family 'Times New Roman' not found.
[WARNING] [2026-07-28 16:12:38,476:matplotlib.font_manager] findfont: Font family 'Times New Roman' not found.
[WARNING] [2026-07-28 16:12:38,477:matplotlib.font_manager] findfont: Font family 'Times New Roman' not found.
[WARNING] [2026-07-28 16:12:38,478:matplotlib.font_manager] findfont: Font family 'Times New Roman' not found.
[WARNING] [2026-07-28 16:12:38,478:matplotlib.font_manager] findfont: Font family 'Times New Roman' not found.
[WARNING] [2026-07-28 16:12:38,479:matplotlib.font_manager] findfont: Font family 'Times New Roman' not found.
[WARNING] [2026-07-28 16:12:38,480:matplotlib.font_manager] findfont: Font family 'Times New Roman' not found.
[WARNING] [2026-07-28 16:12:38,480:matplotlib.font_manager] findfont: Font family 'Times New Roman' not found.
[WARNING] [2026-07-28 16:12:38,481:matplotlib.font_manager] findfont: Font family 'Times New Roman' not found.
[WARNING] [2026-07-28 16:12:38,482:matplotlib.font_manager] findfont: Font family 'Times New Roman' not found.
[WARNING] [2026-07-28 16:12:38,482:matplotlib.font_manager] findfont: Font family 'Times New Roman' not found.
[WARNING] [2026-07-28 16:12:38,483:matplotlib.font_manager] findfont: Font family 'Times New Roman' not found.
[WARNING] [2026-07-28 16:12:38,484:matplotlib.font_manager] findfont: Font family 'Times New Roman' not found.
[WARNING] [2026-07-28 16:12:38,485:matplotlib.font_manager] findfont: Font family 'Times New Roman' not found.
[WARNING] [2026-07-28 16:12:38,486:matplotlib.font_manager] findfont: Font family 'Times New Roman' not found.
[WARNING] [2026-07-28 16:12:38,487:matplotlib.font_manager] findfont: Font family 'Times New Roman' not found.
[WARNING] [2026-07-28 16:12:38,488:matplotlib.font_manager] findfont: Font family 'Times New Roman' not found.
[WARNING] [2026-07-28 16:12:38,488:matplotlib.font_manager] findfont: Font family 'Times New Roman' not found.
[WARNING] [2026-07-28 16:12:38,489:matplotlib.font_manager] findfont: Font family 'Times New Roman' not found.
[WARNING] [2026-07-28 16:12:38,490:matplotlib.font_manager] findfont: Font family 'Times New Roman' not found.
[WARNING] [2026-07-28 16:12:38,491:matplotlib.font_manager] findfont: Font family 'Times New Roman' not found.
[WARNING] [2026-07-28 16:12:38,492:matplotlib.font_manager] findfont: Font family 'Times New Roman' not found.
[WARNING] [2026-07-28 16:12:38,493:matplotlib.font_manager] findfont: Font family 'Times New Roman' not found.
[WARNING] [2026-07-28 16:12:38,494:matplotlib.font_manager] findfont: Font family 'Times New Roman' not found.
[WARNING] [2026-07-28 16:12:38,495:matplotlib.font_manager] findfont: Font family 'Times New Roman' not found.
[WARNING] [2026-07-28 16:12:38,496:matplotlib.font_manager] findfont: Font family 'Times New Roman' not found.
[WARNING] [2026-07-28 16:12:38,497:matplotlib.font_manager] findfont: Font family 'Times New Roman' not found.
[WARNING] [2026-07-28 16:12:38,498:matplotlib.font_manager] findfont: Font family 'Times New Roman' not found.
[WARNING] [2026-07-28 16:12:38,498:matplotlib.font_manager] findfont: Font family 'Times New Roman' not found.
[WARNING] [2026-07-28 16:12:38,499:matplotlib.font_manager] findfont: Font family 'Times New Roman' not found.
[WARNING] [2026-07-28 16:12:38,500:matplotlib.font_manager] findfont: Font family 'Times New Roman' not found.
[WARNING] [2026-07-28 16:12:38,501:matplotlib.font_manager] findfont: Font family 'Times New Roman' not found.
[WARNING] [2026-07-28 16:12:38,502:matplotlib.font_manager] findfont: Font family 'Times New Roman' not found.
[WARNING] [2026-07-28 16:12:38,503:matplotlib.font_manager] findfont: Font family 'Times New Roman' not found.
[WARNING] [2026-07-28 16:12:38,504:matplotlib.font_manager] findfont: Font family 'Times New Roman' not found.
[WARNING] [2026-07-28 16:12:38,504:matplotlib.font_manager] findfont: Font family 'Times New Roman' not found.
[WARNING] [2026-07-28 16:12:38,505:matplotlib.font_manager] findfont: Font family 'Times New Roman' not found.
[WARNING] [2026-07-28 16:12:38,506:matplotlib.font_manager] findfont: Font family 'Times New Roman' not found.
[WARNING] [2026-07-28 16:12:38,507:matplotlib.font_manager] findfont: Font family 'Times New Roman' not found.
[WARNING] [2026-07-28 16:12:38,508:matplotlib.font_manager] findfont: Font family 'Times New Roman' not found.
[WARNING] [2026-07-28 16:12:38,509:matplotlib.font_manager] findfont: Font family 'Times New Roman' not found.
[WARNING] [2026-07-28 16:12:38,510:matplotlib.font_manager] findfont: Font family 'Times New Roman' not found.
[WARNING] [2026-07-28 16:12:38,510:matplotlib.font_manager] findfont: Font family 'Times New Roman' not found.
[WARNING] [2026-07-28 16:12:38,511:matplotlib.font_manager] findfont: Font family 'Times New Roman' not found.
[WARNING] [2026-07-28 16:12:38,512:matplotlib.font_manager] findfont: Font family 'Times New Roman' not found.
[WARNING] [2026-07-28 16:12:38,513:matplotlib.font_manager] findfont: Font family 'Times New Roman' not found.
[WARNING] [2026-07-28 16:12:38,514:matplotlib.font_manager] findfont: Font family 'Times New Roman' not found.
[WARNING] [2026-07-28 16:12:38,515:matplotlib.font_manager] findfont: Font family 'Times New Roman' not found.
[WARNING] [2026-07-28 16:12:38,516:matplotlib.font_manager] findfont: Font family 'Times New Roman' not found.
[WARNING] [2026-07-28 16:12:38,516:matplotlib.font_manager] findfont: Font family 'Times New Roman' not found.
[WARNING] [2026-07-28 16:12:38,517:matplotlib.font_manager] findfont: Font family 'Times New Roman' not found.
[WARNING] [2026-07-28 16:12:38,518:matplotlib.font_manager] findfont: Font family 'Times New Roman' not found.
[WARNING] [2026-07-28 16:12:38,519:matplotlib.font_manager] findfont: Font family 'Times New Roman' not found.
[WARNING] [2026-07-28 16:12:38,520:matplotlib.font_manager] findfont: Font family 'Times New Roman' not found.
[WARNING] [2026-07-28 16:12:38,521:matplotlib.font_manager] findfont: Font family 'Times New Roman' not found.
[WARNING] [2026-07-28 16:12:38,522:matplotlib.font_manager] findfont: Font family 'Times New Roman' not found.
[WARNING] [2026-07-28 16:12:38,522:matplotlib.font_manager] findfont: Font family 'Times New Roman' not found.
[WARNING] [2026-07-28 16:12:38,523:matplotlib.font_manager] findfont: Font family 'Times New Roman' not found.
[WARNING] [2026-07-28 16:12:38,524:matplotlib.font_manager] findfont: Font family 'Times New Roman' not found.
[WARNING] [2026-07-28 16:12:38,525:matplotlib.font_manager] findfont: Font family 'Times New Roman' not found.
[WARNING] [2026-07-28 16:12:38,525:matplotlib.font_manager] findfont: Font family 'Times New Roman' not found.
[WARNING] [2026-07-28 16:12:38,526:matplotlib.font_manager] findfont: Font family 'Times New Roman' not found.
[WARNING] [2026-07-28 16:12:38,527:matplotlib.font_manager] findfont: Font family 'Times New Roman' not found.
[WARNING] [2026-07-28 16:12:38,528:matplotlib.font_manager] findfont: Font family 'Times New Roman' not found.
[WARNING] [2026-07-28 16:12:38,529:matplotlib.font_manager] findfont: Font family 'Times New Roman' not found.
[WARNING] [2026-07-28 16:12:38,530:matplotlib.font_manager] findfont: Font family 'Times New Roman' not found.
[WARNING] [2026-07-28 16:12:38,531:matplotlib.font_manager] findfont: Font family 'Times New Roman' not found.
[WARNING] [2026-07-28 16:12:38,532:matplotlib.font_manager] findfont: Font family 'Times New Roman' not found.
[WARNING] [2026-07-28 16:12:38,533:matplotlib.font_manager] findfont: Font family 'Times New Roman' not found.
[WARNING] [2026-07-28 16:12:38,534:matplotlib.font_manager] findfont: Font family 'Times New Roman' not found.
[WARNING] [2026-07-28 16:12:38,535:matplotlib.font_manager] findfont: Font family 'Times New Roman' not found.
[WARNING] [2026-07-28 16:12:38,536:matplotlib.font_manager] findfont: Font family 'Times New Roman' not found.
[WARNING] [2026-07-28 16:12:38,537:matplotlib.font_manager] findfont: Font family 'Times New Roman' not found.
[WARNING] [2026-07-28 16:12:38,538:matplotlib.font_manager] findfont: Font family 'Times New Roman' not found.
[WARNING] [2026-07-28 16:12:38,539:matplotlib.font_manager] findfont: Font family 'Times New Roman' not found.
[WARNING] [2026-07-28 16:12:38,540:matplotlib.font_manager] findfont: Font family 'Times New Roman' not found.
[WARNING] [2026-07-28 16:12:38,541:matplotlib.font_manager] findfont: Font family 'Times New Roman' not found.
[WARNING] [2026-07-28 16:12:38,542:matplotlib.font_manager] findfont: Font family 'Times New Roman' not found.
[WARNING] [2026-07-28 16:12:38,543:matplotlib.font_manager] findfont: Font family 'Times New Roman' not found.
[WARNING] [2026-07-28 16:12:38,544:matplotlib.font_manager] findfont: Font family 'Times New Roman' not found.
[WARNING] [2026-07-28 16:12:38,545:matplotlib.font_manager] findfont: Font family 'Times New Roman' not found.
[WARNING] [2026-07-28 16:12:38,546:matplotlib.font_manager] findfont: Font family 'Times New Roman' not found.
[WARNING] [2026-07-28 16:12:38,547:matplotlib.font_manager] findfont: Font family 'Times New Roman' not found.
[WARNING] [2026-07-28 16:12:38,548:matplotlib.font_manager] findfont: Font family 'Times New Roman' not found.
[WARNING] [2026-07-28 16:12:38,548:matplotlib.font_manager] findfont: Font family 'Times New Roman' not found.
[WARNING] [2026-07-28 16:12:38,549:matplotlib.font_manager] findfont: Font family 'Times New Roman' not found.
[WARNING] [2026-07-28 16:12:38,550:matplotlib.font_manager] findfont: Font family 'Times New Roman' not found.
[WARNING] [2026-07-28 16:12:38,551:matplotlib.font_manager] findfont: Font family 'Times New Roman' not found.
[WARNING] [2026-07-28 16:12:38,552:matplotlib.font_manager] findfont: Font family 'Times New Roman' not found.
[WARNING] [2026-07-28 16:12:38,553:matplotlib.font_manager] findfont: Font family 'Times New Roman' not found.
[WARNING] [2026-07-28 16:12:38,554:matplotlib.font_manager] findfont: Font family 'Times New Roman' not found.
[WARNING] [2026-07-28 16:12:38,555:matplotlib.font_manager] findfont: Font family 'Times New Roman' not found.
[WARNING] [2026-07-28 16:12:38,556:matplotlib.font_manager] findfont: Font family 'Times New Roman' not found.
[WARNING] [2026-07-28 16:12:38,557:matplotlib.font_manager] findfont: Font family 'Times New Roman' not found.
[WARNING] [2026-07-28 16:12:38,558:matplotlib.font_manager] findfont: Font family 'Times New Roman' not found.
[WARNING] [2026-07-28 16:12:38,559:matplotlib.font_manager] findfont: Font family 'Times New Roman' not found.
[WARNING] [2026-07-28 16:12:38,560:matplotlib.font_manager] findfont: Font family 'Times New Roman' not found.
[WARNING] [2026-07-28 16:12:38,561:matplotlib.font_manager] findfont: Font family 'Times New Roman' not found.
[WARNING] [2026-07-28 16:12:38,562:matplotlib.font_manager] findfont: Font family 'Times New Roman' not found.
[WARNING] [2026-07-28 16:12:38,563:matplotlib.font_manager] findfont: Font family 'Times New Roman' not found.
[WARNING] [2026-07-28 16:12:38,564:matplotlib.font_manager] findfont: Font family 'Times New Roman' not found.
[WARNING] [2026-07-28 16:12:38,565:matplotlib.font_manager] findfont: Font family 'Times New Roman' not found.
[WARNING] [2026-07-28 16:12:38,566:matplotlib.font_manager] findfont: Font family 'Times New Roman' not found.
[WARNING] [2026-07-28 16:12:38,567:matplotlib.font_manager] findfont: Font family 'Times New Roman' not found.
[WARNING] [2026-07-28 16:12:38,568:matplotlib.font_manager] findfont: Font family 'Times New Roman' not found.
[WARNING] [2026-07-28 16:12:38,568:matplotlib.font_manager] findfont: Font family 'Times New Roman' not found.
[WARNING] [2026-07-28 16:12:38,569:matplotlib.font_manager] findfont: Font family 'Times New Roman' not found.
[WARNING] [2026-07-28 16:12:38,570:matplotlib.font_manager] findfont: Font family 'Times New Roman' not found.
[WARNING] [2026-07-28 16:12:38,571:matplotlib.font_manager] findfont: Font family 'Times New Roman' not found.
[WARNING] [2026-07-28 16:12:38,571:matplotlib.font_manager] findfont: Font family 'Times New Roman' not found.
[WARNING] [2026-07-28 16:12:38,572:matplotlib.font_manager] findfont: Font family 'Times New Roman' not found.
[WARNING] [2026-07-28 16:12:38,573:matplotlib.font_manager] findfont: Font family 'Times New Roman' not found.
[WARNING] [2026-07-28 16:12:38,574:matplotlib.font_manager] findfont: Font family 'Times New Roman' not found.
[WARNING] [2026-07-28 16:12:38,574:matplotlib.font_manager] findfont: Font family 'Times New Roman' not found.
[WARNING] [2026-07-28 16:12:38,575:matplotlib.font_manager] findfont: Font family 'Times New Roman' not found.
[WARNING] [2026-07-28 16:12:38,576:matplotlib.font_manager] findfont: Font family 'Times New Roman' not found.
[WARNING] [2026-07-28 16:12:38,577:matplotlib.font_manager] findfont: Font family 'Times New Roman' not found.
[WARNING] [2026-07-28 16:12:38,577:matplotlib.font_manager] findfont: Font family 'Times New Roman' not found.
[WARNING] [2026-07-28 16:12:38,578:matplotlib.font_manager] findfont: Font family 'Times New Roman' not found.
[WARNING] [2026-07-28 16:12:38,579:matplotlib.font_manager] findfont: Font family 'Times New Roman' not found.
[WARNING] [2026-07-28 16:12:38,580:matplotlib.font_manager] findfont: Font family 'Times New Roman' not found.
[WARNING] [2026-07-28 16:12:38,581:matplotlib.font_manager] findfont: Font family 'Times New Roman' not found.
[WARNING] [2026-07-28 16:12:38,581:matplotlib.font_manager] findfont: Font family 'Times New Roman' not found.
[WARNING] [2026-07-28 16:12:38,582:matplotlib.font_manager] findfont: Font family 'Times New Roman' not found.
[WARNING] [2026-07-28 16:12:38,583:matplotlib.font_manager] findfont: Font family 'Times New Roman' not found.
[WARNING] [2026-07-28 16:12:38,584:matplotlib.font_manager] findfont: Font family 'Times New Roman' not found.
[WARNING] [2026-07-28 16:12:38,585:matplotlib.font_manager] findfont: Font family 'Times New Roman' not found.
[WARNING] [2026-07-28 16:12:38,585:matplotlib.font_manager] findfont: Font family 'Times New Roman' not found.
[WARNING] [2026-07-28 16:12:38,586:matplotlib.font_manager] findfont: Font family 'Times New Roman' not found.
[WARNING] [2026-07-28 16:12:38,587:matplotlib.font_manager] findfont: Font family 'Times New Roman' not found.
[WARNING] [2026-07-28 16:12:38,588:matplotlib.font_manager] findfont: Font family 'Times New Roman' not found.
[WARNING] [2026-07-28 16:12:38,588:matplotlib.font_manager] findfont: Font family 'Times New Roman' not found.
[WARNING] [2026-07-28 16:12:38,589:matplotlib.font_manager] findfont: Font family 'Times New Roman' not found.
[WARNING] [2026-07-28 16:12:38,590:matplotlib.font_manager] findfont: Font family 'Times New Roman' not found.
[WARNING] [2026-07-28 16:12:38,590:matplotlib.font_manager] findfont: Font family 'Times New Roman' not found.
[WARNING] [2026-07-28 16:12:38,591:matplotlib.font_manager] findfont: Font family 'Times New Roman' not found.
[WARNING] [2026-07-28 16:12:38,592:matplotlib.font_manager] findfont: Font family 'Times New Roman' not found.
[WARNING] [2026-07-28 16:12:38,592:matplotlib.font_manager] findfont: Font family 'Times New Roman' not found.
[WARNING] [2026-07-28 16:12:38,593:matplotlib.font_manager] findfont: Font family 'Times New Roman' not found.
[WARNING] [2026-07-28 16:12:38,594:matplotlib.font_manager] findfont: Font family 'Times New Roman' not found.
[WARNING] [2026-07-28 16:12:38,595:matplotlib.font_manager] findfont: Font family 'Times New Roman' not found.
[WARNING] [2026-07-28 16:12:38,595:matplotlib.font_manager] findfont: Font family 'Times New Roman' not found.
[WARNING] [2026-07-28 16:12:38,596:matplotlib.font_manager] findfont: Font family 'Times New Roman' not found.
[WARNING] [2026-07-28 16:12:38,597:matplotlib.font_manager] findfont: Font family 'Times New Roman' not found.
[WARNING] [2026-07-28 16:12:38,598:matplotlib.font_manager] findfont: Font family 'Times New Roman' not found.
[WARNING] [2026-07-28 16:12:38,599:matplotlib.font_manager] findfont: Font family 'Times New Roman' not found.
[WARNING] [2026-07-28 16:12:38,599:matplotlib.font_manager] findfont: Font family 'Times New Roman' not found.
[WARNING] [2026-07-28 16:12:38,600:matplotlib.font_manager] findfont: Font family 'Times New Roman' not found.
[WARNING] [2026-07-28 16:12:38,601:matplotlib.font_manager] findfont: Font family 'Times New Roman' not found.
[WARNING] [2026-07-28 16:12:38,601:matplotlib.font_manager] findfont: Font family 'Times New Roman' not found.
[WARNING] [2026-07-28 16:12:38,602:matplotlib.font_manager] findfont: Font family 'Times New Roman' not found.
[WARNING] [2026-07-28 16:12:38,603:matplotlib.font_manager] findfont: Font family 'Times New Roman' not found.
[WARNING] [2026-07-28 16:12:38,604:matplotlib.font_manager] findfont: Font family 'Times New Roman' not found.
[WARNING] [2026-07-28 16:12:38,605:matplotlib.font_manager] findfont: Font family 'Times New Roman' not found.
[WARNING] [2026-07-28 16:12:38,605:matplotlib.font_manager] findfont: Font family 'Times New Roman' not found.
[WARNING] [2026-07-28 16:12:38,606:matplotlib.font_manager] findfont: Font family 'Times New Roman' not found.
[WARNING] [2026-07-28 16:12:38,607:matplotlib.font_manager] findfont: Font family 'Times New Roman' not found.
[WARNING] [2026-07-28 16:12:38,608:matplotlib.font_manager] findfont: Font family 'Times New Roman' not found.
[WARNING] [2026-07-28 16:12:38,608:matplotlib.font_manager] findfont: Font family 'Times New Roman' not found.
[WARNING] [2026-07-28 16:12:38,609:matplotlib.font_manager] findfont: Font family 'Times New Roman' not found.
[WARNING] [2026-07-28 16:12:38,610:matplotlib.font_manager] findfont: Font family 'Times New Roman' not found.
[WARNING] [2026-07-28 16:12:38,611:matplotlib.font_manager] findfont: Font family 'Times New Roman' not found.
[WARNING] [2026-07-28 16:12:38,611:matplotlib.font_manager] findfont: Font family 'Times New Roman' not found.
[WARNING] [2026-07-28 16:12:38,612:matplotlib.font_manager] findfont: Font family 'Times New Roman' not found.
[WARNING] [2026-07-28 16:12:38,613:matplotlib.font_manager] findfont: Font family 'Times New Roman' not found.
[WARNING] [2026-07-28 16:12:38,614:matplotlib.font_manager] findfont: Font family 'Times New Roman' not found.
[WARNING] [2026-07-28 16:12:38,614:matplotlib.font_manager] findfont: Font family 'Times New Roman' not found.
[WARNING] [2026-07-28 16:12:38,615:matplotlib.font_manager] findfont: Font family 'Times New Roman' not found.
[WARNING] [2026-07-28 16:12:38,615:matplotlib.font_manager] findfont: Font family 'Times New Roman' not found.
[WARNING] [2026-07-28 16:12:38,616:matplotlib.font_manager] findfont: Font family 'Times New Roman' not found.
[WARNING] [2026-07-28 16:12:38,617:matplotlib.font_manager] findfont: Font family 'Times New Roman' not found.
[WARNING] [2026-07-28 16:12:38,618:matplotlib.font_manager] findfont: Font family 'Times New Roman' not found.
[WARNING] [2026-07-28 16:12:38,618:matplotlib.font_manager] findfont: Font family 'Times New Roman' not found.
[WARNING] [2026-07-28 16:12:38,619:matplotlib.font_manager] findfont: Font family 'Times New Roman' not found.
[WARNING] [2026-07-28 16:12:38,620:matplotlib.font_manager] findfont: Font family 'Times New Roman' not found.
[WARNING] [2026-07-28 16:12:38,621:matplotlib.font_manager] findfont: Font family 'Times New Roman' not found.
[WARNING] [2026-07-28 16:12:38,622:matplotlib.font_manager] findfont: Font family 'Times New Roman' not found.
[WARNING] [2026-07-28 16:12:38,622:matplotlib.font_manager] findfont: Font family 'Times New Roman' not found.
[WARNING] [2026-07-28 16:12:38,623:matplotlib.font_manager] findfont: Font family 'Times New Roman' not found.
[WARNING] [2026-07-28 16:12:38,624:matplotlib.font_manager] findfont: Font family 'Times New Roman' not found.
[WARNING] [2026-07-28 16:12:38,624:matplotlib.font_manager] findfont: Font family 'Times New Roman' not found.
[WARNING] [2026-07-28 16:12:38,625:matplotlib.font_manager] findfont: Font family 'Times New Roman' not found.
[WARNING] [2026-07-28 16:12:38,626:matplotlib.font_manager] findfont: Font family 'Times New Roman' not found.
[WARNING] [2026-07-28 16:12:38,627:matplotlib.font_manager] findfont: Font family 'Times New Roman' not found.
[WARNING] [2026-07-28 16:12:38,627:matplotlib.font_manager] findfont: Font family 'Times New Roman' not found.
[WARNING] [2026-07-28 16:12:38,628:matplotlib.font_manager] findfont: Font family 'Times New Roman' not found.
[WARNING] [2026-07-28 16:12:38,629:matplotlib.font_manager] findfont: Font family 'Times New Roman' not found.
[WARNING] [2026-07-28 16:12:38,629:matplotlib.font_manager] findfont: Font family 'Times New Roman' not found.
[WARNING] [2026-07-28 16:12:38,630:matplotlib.font_manager] findfont: Font family 'Times New Roman' not found.
[WARNING] [2026-07-28 16:12:38,631:matplotlib.font_manager] findfont: Font family 'Times New Roman' not found.
[WARNING] [2026-07-28 16:12:38,632:matplotlib.font_manager] findfont: Font family 'Times New Roman' not found.
[WARNING] [2026-07-28 16:12:38,632:matplotlib.font_manager] findfont: Font family 'Times New Roman' not found.
[WARNING] [2026-07-28 16:12:38,633:matplotlib.font_manager] findfont: Font family 'Times New Roman' not found.
[WARNING] [2026-07-28 16:12:38,634:matplotlib.font_manager] findfont: Font family 'Times New Roman' not found.
[WARNING] [2026-07-28 16:12:38,634:matplotlib.font_manager] findfont: Font family 'Times New Roman' not found.
[WARNING] [2026-07-28 16:12:38,635:matplotlib.font_manager] findfont: Font family 'Times New Roman' not found.
[WARNING] [2026-07-28 16:12:38,636:matplotlib.font_manager] findfont: Font family 'Times New Roman' not found.
[WARNING] [2026-07-28 16:12:38,637:matplotlib.font_manager] findfont: Font family 'Times New Roman' not found.
[WARNING] [2026-07-28 16:12:38,638:matplotlib.font_manager] findfont: Font family 'Times New Roman' not found.
[WARNING] [2026-07-28 16:12:38,638:matplotlib.font_manager] findfont: Font family 'Times New Roman' not found.
[WARNING] [2026-07-28 16:12:38,639:matplotlib.font_manager] findfont: Font family 'Times New Roman' not found.
[WARNING] [2026-07-28 16:12:38,640:matplotlib.font_manager] findfont: Font family 'Times New Roman' not found.
[WARNING] [2026-07-28 16:12:38,641:matplotlib.font_manager] findfont: Font family 'Times New Roman' not found.
[WARNING] [2026-07-28 16:12:38,641:matplotlib.font_manager] findfont: Font family 'Times New Roman' not found.
[WARNING] [2026-07-28 16:12:38,642:matplotlib.font_manager] findfont: Font family 'Times New Roman' not found.
[WARNING] [2026-07-28 16:12:38,643:matplotlib.font_manager] findfont: Font family 'Times New Roman' not found.
[WARNING] [2026-07-28 16:12:38,643:matplotlib.font_manager] findfont: Font family 'Times New Roman' not found.
[WARNING] [2026-07-28 16:12:38,644:matplotlib.font_manager] findfont: Font family 'Times New Roman' not found.
[WARNING] [2026-07-28 16:12:38,644:matplotlib.font_manager] findfont: Font family 'Times New Roman' not found.
[WARNING] [2026-07-28 16:12:38,645:matplotlib.font_manager] findfont: Font family 'Times New Roman' not found.
[WARNING] [2026-07-28 16:12:38,645:matplotlib.font_manager] findfont: Font family 'Times New Roman' not found.
[WARNING] [2026-07-28 16:12:38,646:matplotlib.font_manager] findfont: Font family 'Times New Roman' not found.
[WARNING] [2026-07-28 16:12:38,647:matplotlib.font_manager] findfont: Font family 'Times New Roman' not found.
[WARNING] [2026-07-28 16:12:38,648:matplotlib.font_manager] findfont: Font family 'Times New Roman' not found.
[WARNING] [2026-07-28 16:12:38,649:matplotlib.font_manager] findfont: Font family 'Times New Roman' not found.
[WARNING] [2026-07-28 16:12:38,649:matplotlib.font_manager] findfont: Font family 'Times New Roman' not found.
[WARNING] [2026-07-28 16:12:38,650:matplotlib.font_manager] findfont: Font family 'Times New Roman' not found.
[WARNING] [2026-07-28 16:12:38,651:matplotlib.font_manager] findfont: Font family 'Times New Roman' not found.
[WARNING] [2026-07-28 16:12:38,652:matplotlib.font_manager] findfont: Font family 'Times New Roman' not found.
[WARNING] [2026-07-28 16:12:38,653:matplotlib.font_manager] findfont: Font family 'Times New Roman' not found.
[WARNING] [2026-07-28 16:12:38,654:matplotlib.font_manager] findfont: Font family 'Times New Roman' not found.
[WARNING] [2026-07-28 16:12:38,655:matplotlib.font_manager] findfont: Font family 'Times New Roman' not found.
[WARNING] [2026-07-28 16:12:38,656:matplotlib.font_manager] findfont: Font family 'Times New Roman' not found.
[WARNING] [2026-07-28 16:12:38,657:matplotlib.font_manager] findfont: Font family 'Times New Roman' not found.
[WARNING] [2026-07-28 16:12:38,657:matplotlib.font_manager] findfont: Font family 'Times New Roman' not found.
[WARNING] [2026-07-28 16:12:38,658:matplotlib.font_manager] findfont: Font family 'Times New Roman' not found.
[WARNING] [2026-07-28 16:12:38,659:matplotlib.font_manager] findfont: Font family 'Times New Roman' not found.
[WARNING] [2026-07-28 16:12:38,659:matplotlib.font_manager] findfont: Font family 'Times New Roman' not found.
[WARNING] [2026-07-28 16:12:38,660:matplotlib.font_manager] findfont: Font family 'Times New Roman' not found.
[WARNING] [2026-07-28 16:12:38,661:matplotlib.font_manager] findfont: Font family 'Times New Roman' not found.
[WARNING] [2026-07-28 16:12:38,662:matplotlib.font_manager] findfont: Font family 'Times New Roman' not found.
[WARNING] [2026-07-28 16:12:38,662:matplotlib.font_manager] findfont: Font family 'Times New Roman' not found.
[WARNING] [2026-07-28 16:12:38,663:matplotlib.font_manager] findfont: Font family 'Times New Roman' not found.
[WARNING] [2026-07-28 16:12:38,664:matplotlib.font_manager] findfont: Font family 'Times New Roman' not found.
[WARNING] [2026-07-28 16:12:38,665:matplotlib.font_manager] findfont: Font family 'Times New Roman' not found.
[WARNING] [2026-07-28 16:12:38,665:matplotlib.font_manager] findfont: Font family 'Times New Roman' not found.
[WARNING] [2026-07-28 16:12:38,666:matplotlib.font_manager] findfont: Font family 'Times New Roman' not found.
[WARNING] [2026-07-28 16:12:38,667:matplotlib.font_manager] findfont: Font family 'Times New Roman' not found.
[WARNING] [2026-07-28 16:12:38,668:matplotlib.font_manager] findfont: Font family 'Times New Roman' not found.
[WARNING] [2026-07-28 16:12:38,668:matplotlib.font_manager] findfont: Font family 'Times New Roman' not found.
[WARNING] [2026-07-28 16:12:38,669:matplotlib.font_manager] findfont: Font family 'Times New Roman' not found.
[WARNING] [2026-07-28 16:12:38,670:matplotlib.font_manager] findfont: Font family 'Times New Roman' not found.
[WARNING] [2026-07-28 16:12:38,671:matplotlib.font_manager] findfont: Font family 'Times New Roman' not found.
[WARNING] [2026-07-28 16:12:38,671:matplotlib.font_manager] findfont: Font family 'Times New Roman' not found.
[WARNING] [2026-07-28 16:12:38,672:matplotlib.font_manager] findfont: Font family 'Times New Roman' not found.
[WARNING] [2026-07-28 16:12:38,673:matplotlib.font_manager] findfont: Font family 'Times New Roman' not found.
[WARNING] [2026-07-28 16:12:38,673:matplotlib.font_manager] findfont: Font family 'Times New Roman' not found.
[WARNING] [2026-07-28 16:12:38,674:matplotlib.font_manager] findfont: Font family 'Times New Roman' not found.
[WARNING] [2026-07-28 16:12:38,675:matplotlib.font_manager] findfont: Font family 'Times New Roman' not found.
[WARNING] [2026-07-28 16:12:38,675:matplotlib.font_manager] findfont: Font family 'Times New Roman' not found.
[WARNING] [2026-07-28 16:12:38,676:matplotlib.font_manager] findfont: Font family 'Times New Roman' not found.
[WARNING] [2026-07-28 16:12:38,677:matplotlib.font_manager] findfont: Font family 'Times New Roman' not found.
[WARNING] [2026-07-28 16:12:38,678:matplotlib.font_manager] findfont: Font family 'Times New Roman' not found.
[WARNING] [2026-07-28 16:12:38,678:matplotlib.font_manager] findfont: Font family 'Times New Roman' not found.
[WARNING] [2026-07-28 16:12:38,679:matplotlib.font_manager] findfont: Font family 'Times New Roman' not found.
[WARNING] [2026-07-28 16:12:38,680:matplotlib.font_manager] findfont: Font family 'Times New Roman' not found.
[WARNING] [2026-07-28 16:12:38,681:matplotlib.font_manager] findfont: Font family 'Times New Roman' not found.
[WARNING] [2026-07-28 16:12:38,681:matplotlib.font_manager] findfont: Font family 'Times New Roman' not found.
[WARNING] [2026-07-28 16:12:38,682:matplotlib.font_manager] findfont: Font family 'Times New Roman' not found.
[WARNING] [2026-07-28 16:12:38,683:matplotlib.font_manager] findfont: Font family 'Times New Roman' not found.
[WARNING] [2026-07-28 16:12:38,683:matplotlib.font_manager] findfont: Font family 'Times New Roman' not found.
[WARNING] [2026-07-28 16:12:38,684:matplotlib.font_manager] findfont: Font family 'Times New Roman' not found.
[WARNING] [2026-07-28 16:12:38,685:matplotlib.font_manager] findfont: Font family 'Times New Roman' not found.
[WARNING] [2026-07-28 16:12:38,686:matplotlib.font_manager] findfont: Font family 'Times New Roman' not found.
[WARNING] [2026-07-28 16:12:38,687:matplotlib.font_manager] findfont: Font family 'Times New Roman' not found.
[WARNING] [2026-07-28 16:12:38,688:matplotlib.font_manager] findfont: Font family 'Times New Roman' not found.
[WARNING] [2026-07-28 16:12:38,689:matplotlib.font_manager] findfont: Font family 'Times New Roman' not found.
[WARNING] [2026-07-28 16:12:38,690:matplotlib.font_manager] findfont: Font family 'Times New Roman' not found.
[WARNING] [2026-07-28 16:12:38,691:matplotlib.font_manager] findfont: Font family 'Times New Roman' not found.
[WARNING] [2026-07-28 16:12:38,692:matplotlib.font_manager] findfont: Font family 'Times New Roman' not found.
[WARNING] [2026-07-28 16:12:38,693:matplotlib.font_manager] findfont: Font family 'Times New Roman' not found.
[WARNING] [2026-07-28 16:12:38,695:matplotlib.font_manager] findfont: Font family 'Times New Roman' not found.
[WARNING] [2026-07-28 16:12:38,696:matplotlib.font_manager] findfont: Font family 'Times New Roman' not found.
[WARNING] [2026-07-28 16:12:38,697:matplotlib.font_manager] findfont: Font family 'Times New Roman' not found.
[WARNING] [2026-07-28 16:12:38,697:matplotlib.font_manager] findfont: Font family 'Times New Roman' not found.
[WARNING] [2026-07-28 16:12:38,698:matplotlib.font_manager] findfont: Font family 'Times New Roman' not found.
[WARNING] [2026-07-28 16:12:38,699:matplotlib.font_manager] findfont: Font family 'Times New Roman' not found.
[WARNING] [2026-07-28 16:12:38,700:matplotlib.font_manager] findfont: Font family 'Times New Roman' not found.
[WARNING] [2026-07-28 16:12:38,701:matplotlib.font_manager] findfont: Font family 'Times New Roman' not found.
[WARNING] [2026-07-28 16:12:38,702:matplotlib.font_manager] findfont: Font family 'Times New Roman' not found.
[WARNING] [2026-07-28 16:12:38,703:matplotlib.font_manager] findfont: Font family 'Times New Roman' not found.
[WARNING] [2026-07-28 16:12:38,703:matplotlib.font_manager] findfont: Font family 'Times New Roman' not found.
[WARNING] [2026-07-28 16:12:38,704:matplotlib.font_manager] findfont: Font family 'Times New Roman' not found.
[WARNING] [2026-07-28 16:12:38,705:matplotlib.font_manager] findfont: Font family 'Times New Roman' not found.
[WARNING] [2026-07-28 16:12:38,706:matplotlib.font_manager] findfont: Font family 'Times New Roman' not found.
[WARNING] [2026-07-28 16:12:38,708:matplotlib.font_manager] findfont: Font family 'Times New Roman' not found.
[WARNING] [2026-07-28 16:12:38,709:matplotlib.font_manager] findfont: Font family 'Times New Roman' not found.
[WARNING] [2026-07-28 16:12:38,710:matplotlib.font_manager] findfont: Font family 'Times New Roman' not found.
[WARNING] [2026-07-28 16:12:38,711:matplotlib.font_manager] findfont: Font family 'Times New Roman' not found.
[WARNING] [2026-07-28 16:12:38,712:matplotlib.font_manager] findfont: Font family 'Times New Roman' not found.
[WARNING] [2026-07-28 16:12:38,713:matplotlib.font_manager] findfont: Font family 'Times New Roman' not found.
[WARNING] [2026-07-28 16:12:38,714:matplotlib.font_manager] findfont: Font family 'Times New Roman' not found.
[WARNING] [2026-07-28 16:12:38,715:matplotlib.font_manager] findfont: Font family 'Times New Roman' not found.
[WARNING] [2026-07-28 16:12:38,716:matplotlib.font_manager] findfont: Font family 'Times New Roman' not found.
[WARNING] [2026-07-28 16:12:38,717:matplotlib.font_manager] findfont: Font family 'Times New Roman' not found.
[WARNING] [2026-07-28 16:12:38,718:matplotlib.font_manager] findfont: Font family 'Times New Roman' not found.
[WARNING] [2026-07-28 16:12:38,719:matplotlib.font_manager] findfont: Font family 'Times New Roman' not found.
[WARNING] [2026-07-28 16:12:38,720:matplotlib.font_manager] findfont: Font family 'Times New Roman' not found.
[WARNING] [2026-07-28 16:12:38,721:matplotlib.font_manager] findfont: Font family 'Times New Roman' not found.
[WARNING] [2026-07-28 16:12:38,721:matplotlib.font_manager] findfont: Font family 'Times New Roman' not found.
[WARNING] [2026-07-28 16:12:38,722:matplotlib.font_manager] findfont: Font family 'Times New Roman' not found.
[WARNING] [2026-07-28 16:12:38,723:matplotlib.font_manager] findfont: Font family 'Times New Roman' not found.
[WARNING] [2026-07-28 16:12:38,724:matplotlib.font_manager] findfont: Font family 'Times New Roman' not found.
[WARNING] [2026-07-28 16:12:38,726:matplotlib.font_manager] findfont: Font family 'Times New Roman' not found.
[WARNING] [2026-07-28 16:12:38,728:matplotlib.font_manager] findfont: Font family 'Times New Roman' not found.
[WARNING] [2026-07-28 16:12:38,729:matplotlib.font_manager] findfont: Font family 'Times New Roman' not found.
[WARNING] [2026-07-28 16:12:38,730:matplotlib.font_manager] findfont: Font family 'Times New Roman' not found.
[WARNING] [2026-07-28 16:12:38,733:matplotlib.font_manager] findfont: Font family 'Times New Roman' not found.
[WARNING] [2026-07-28 16:12:38,734:matplotlib.font_manager] findfont: Font family 'Times New Roman' not found.
[WARNING] [2026-07-28 16:12:38,735:matplotlib.font_manager] findfont: Font family 'Times New Roman' not found.
[WARNING] [2026-07-28 16:12:38,735:matplotlib.font_manager] findfont: Font family 'Times New Roman' not found.
[WARNING] [2026-07-28 16:12:38,736:matplotlib.font_manager] findfont: Font family 'Times New Roman' not found.
[WARNING] [2026-07-28 16:12:38,737:matplotlib.font_manager] findfont: Font family 'Times New Roman' not found.
[WARNING] [2026-07-28 16:12:38,739:matplotlib.font_manager] findfont: Font family 'Times New Roman' not found.
[WARNING] [2026-07-28 16:12:38,740:matplotlib.font_manager] findfont: Font family 'Times New Roman' not found.
[WARNING] [2026-07-28 16:12:38,741:matplotlib.font_manager] findfont: Font family 'Times New Roman' not found.
[WARNING] [2026-07-28 16:12:38,742:matplotlib.font_manager] findfont: Font family 'Times New Roman' not found.
[WARNING] [2026-07-28 16:12:38,742:matplotlib.font_manager] findfont: Font family 'Times New Roman' not found.
[WARNING] [2026-07-28 16:12:38,743:matplotlib.font_manager] findfont: Font family 'Times New Roman' not found.
[WARNING] [2026-07-28 16:12:38,744:matplotlib.font_manager] findfont: Font family 'Times New Roman' not found.
[WARNING] [2026-07-28 16:12:38,745:matplotlib.font_manager] findfont: Font family 'Times New Roman' not found.
[WARNING] [2026-07-28 16:12:38,746:matplotlib.font_manager] findfont: Font family 'Times New Roman' not found.
[WARNING] [2026-07-28 16:12:38,747:matplotlib.font_manager] findfont: Font family 'Times New Roman' not found.
[WARNING] [2026-07-28 16:12:38,747:matplotlib.font_manager] findfont: Font family 'Times New Roman' not found.
[WARNING] [2026-07-28 16:12:38,748:matplotlib.font_manager] findfont: Font family 'Times New Roman' not found.
[WARNING] [2026-07-28 16:12:38,749:matplotlib.font_manager] findfont: Font family 'Times New Roman' not found.
[WARNING] [2026-07-28 16:12:38,750:matplotlib.font_manager] findfont: Font family 'Times New Roman' not found.
[WARNING] [2026-07-28 16:12:38,751:matplotlib.font_manager] findfont: Font family 'Times New Roman' not found.
[WARNING] [2026-07-28 16:12:38,752:matplotlib.font_manager] findfont: Font family 'Times New Roman' not found.
[WARNING] [2026-07-28 16:12:38,753:matplotlib.font_manager] findfont: Font family 'Times New Roman' not found.
[WARNING] [2026-07-28 16:12:38,754:matplotlib.font_manager] findfont: Font family 'Times New Roman' not found.
[WARNING] [2026-07-28 16:12:38,755:matplotlib.font_manager] findfont: Font family 'Times New Roman' not found.
[WARNING] [2026-07-28 16:12:38,756:matplotlib.font_manager] findfont: Font family 'Times New Roman' not found.
[WARNING] [2026-07-28 16:12:38,757:matplotlib.font_manager] findfont: Font family 'Times New Roman' not found.
[WARNING] [2026-07-28 16:12:38,758:matplotlib.font_manager] findfont: Font family 'Times New Roman' not found.
[WARNING] [2026-07-28 16:12:38,759:matplotlib.font_manager] findfont: Font family 'Times New Roman' not found.
[WARNING] [2026-07-28 16:12:38,759:matplotlib.font_manager] findfont: Font family 'Times New Roman' not found.
[WARNING] [2026-07-28 16:12:38,761:matplotlib.font_manager] findfont: Font family 'Times New Roman' not found.
[WARNING] [2026-07-28 16:12:38,762:matplotlib.font_manager] findfont: Font family 'Times New Roman' not found.
[WARNING] [2026-07-28 16:12:38,763:matplotlib.font_manager] findfont: Font family 'Times New Roman' not found.
[WARNING] [2026-07-28 16:12:38,764:matplotlib.font_manager] findfont: Font family 'Times New Roman' not found.
[WARNING] [2026-07-28 16:12:38,766:matplotlib.font_manager] findfont: Font family 'Times New Roman' not found.
[WARNING] [2026-07-28 16:12:38,766:matplotlib.font_manager] findfont: Font family 'Times New Roman' not found.
[WARNING] [2026-07-28 16:12:38,767:matplotlib.font_manager] findfont: Font family 'Times New Roman' not found.
[WARNING] [2026-07-28 16:12:38,768:matplotlib.font_manager] findfont: Font family 'Times New Roman' not found.
[WARNING] [2026-07-28 16:12:38,769:matplotlib.font_manager] findfont: Font family 'Times New Roman' not found.
[WARNING] [2026-07-28 16:12:38,771:matplotlib.font_manager] findfont: Font family 'Times New Roman' not found.
[WARNING] [2026-07-28 16:12:38,771:matplotlib.font_manager] findfont: Font family 'Times New Roman' not found.
[WARNING] [2026-07-28 16:12:38,773:matplotlib.font_manager] findfont: Font family 'Times New Roman' not found.
[WARNING] [2026-07-28 16:12:38,773:matplotlib.font_manager] findfont: Font family 'Times New Roman' not found.
[WARNING] [2026-07-28 16:12:38,774:matplotlib.font_manager] findfont: Font family 'Times New Roman' not found.
[WARNING] [2026-07-28 16:12:38,775:matplotlib.font_manager] findfont: Font family 'Times New Roman' not found.
[WARNING] [2026-07-28 16:12:38,776:matplotlib.font_manager] findfont: Font family 'Times New Roman' not found.
[WARNING] [2026-07-28 16:12:38,777:matplotlib.font_manager] findfont: Font family 'Times New Roman' not found.
[WARNING] [2026-07-28 16:12:38,778:matplotlib.font_manager] findfont: Font family 'Times New Roman' not found.
[WARNING] [2026-07-28 16:12:38,778:matplotlib.font_manager] findfont: Font family 'Times New Roman' not found.
[WARNING] [2026-07-28 16:12:38,779:matplotlib.font_manager] findfont: Font family 'Times New Roman' not found.
[WARNING] [2026-07-28 16:12:38,780:matplotlib.font_manager] findfont: Font family 'Times New Roman' not found.
[WARNING] [2026-07-28 16:12:38,781:matplotlib.font_manager] findfont: Font family 'Times New Roman' not found.
[WARNING] [2026-07-28 16:12:38,782:matplotlib.font_manager] findfont: Font family 'Times New Roman' not found.
[WARNING] [2026-07-28 16:12:38,783:matplotlib.font_manager] findfont: Font family 'Times New Roman' not found.
[WARNING] [2026-07-28 16:12:38,784:matplotlib.font_manager] findfont: Font family 'Times New Roman' not found.
[WARNING] [2026-07-28 16:12:38,785:matplotlib.font_manager] findfont: Font family 'Times New Roman' not found.
[WARNING] [2026-07-28 16:12:38,786:matplotlib.font_manager] findfont: Font family 'Times New Roman' not found.
[WARNING] [2026-07-28 16:12:38,787:matplotlib.font_manager] findfont: Font family 'Times New Roman' not found.
[WARNING] [2026-07-28 16:12:38,788:matplotlib.font_manager] findfont: Font family 'Times New Roman' not found.
[WARNING] [2026-07-28 16:12:38,789:matplotlib.font_manager] findfont: Font family 'Times New Roman' not found.
[WARNING] [2026-07-28 16:12:38,790:matplotlib.font_manager] findfont: Font family 'Times New Roman' not found.
[WARNING] [2026-07-28 16:12:38,791:matplotlib.font_manager] findfont: Font family 'Times New Roman' not found.
[WARNING] [2026-07-28 16:12:38,794:matplotlib.font_manager] findfont: Font family 'Times New Roman' not found.
[WARNING] [2026-07-28 16:12:38,795:matplotlib.font_manager] findfont: Font family 'Times New Roman' not found.
[WARNING] [2026-07-28 16:12:38,795:matplotlib.font_manager] findfont: Font family 'Times New Roman' not found.
[WARNING] [2026-07-28 16:12:38,796:matplotlib.font_manager] findfont: Font family 'Times New Roman' not found.
[WARNING] [2026-07-28 16:12:38,797:matplotlib.font_manager] findfont: Font family 'Times New Roman' not found.
[WARNING] [2026-07-28 16:12:38,800:matplotlib.font_manager] findfont: Font family 'Times New Roman' not found.
[WARNING] [2026-07-28 16:12:38,801:matplotlib.font_manager] findfont: Font family 'Times New Roman' not found.
[WARNING] [2026-07-28 16:12:38,802:matplotlib.font_manager] findfont: Font family 'Times New Roman' not found.
[WARNING] [2026-07-28 16:12:38,805:matplotlib.font_manager] findfont: Font family 'Times New Roman' not found.
[WARNING] [2026-07-28 16:12:38,806:matplotlib.font_manager] findfont: Font family 'Times New Roman' not found.
[WARNING] [2026-07-28 16:12:38,807:matplotlib.font_manager] findfont: Font family 'Times New Roman' not found.
[WARNING] [2026-07-28 16:12:38,808:matplotlib.font_manager] findfont: Font family 'Times New Roman' not found.
[WARNING] [2026-07-28 16:12:38,809:matplotlib.font_manager] findfont: Font family 'Times New Roman' not found.
[WARNING] [2026-07-28 16:12:38,810:matplotlib.font_manager] findfont: Font family 'Times New Roman' not found.
[WARNING] [2026-07-28 16:12:38,811:matplotlib.font_manager] findfont: Font family 'Times New Roman' not found.
[WARNING] [2026-07-28 16:12:38,812:matplotlib.font_manager] findfont: Font family 'Times New Roman' not found.
[WARNING] [2026-07-28 16:12:38,813:matplotlib.font_manager] findfont: Font family 'Times New Roman' not found.
[WARNING] [2026-07-28 16:12:38,814:matplotlib.font_manager] findfont: Font family 'Times New Roman' not found.
[WARNING] [2026-07-28 16:12:38,815:matplotlib.font_manager] findfont: Font family 'Times New Roman' not found.
[WARNING] [2026-07-28 16:12:38,816:matplotlib.font_manager] findfont: Font family 'Times New Roman' not found.
[WARNING] [2026-07-28 16:12:38,817:matplotlib.font_manager] findfont: Font family 'Times New Roman' not found.
[WARNING] [2026-07-28 16:12:38,818:matplotlib.font_manager] findfont: Font family 'Times New Roman' not found.
[WARNING] [2026-07-28 16:12:38,819:matplotlib.font_manager] findfont: Font family 'Times New Roman' not found.
[WARNING] [2026-07-28 16:12:38,819:matplotlib.font_manager] findfont: Font family 'Times New Roman' not found.
[WARNING] [2026-07-28 16:12:38,820:matplotlib.font_manager] findfont: Font family 'Times New Roman' not found.
[WARNING] [2026-07-28 16:12:38,821:matplotlib.font_manager] findfont: Font family 'Times New Roman' not found.
[WARNING] [2026-07-28 16:12:38,822:matplotlib.font_manager] findfont: Font family 'Times New Roman' not found.
[WARNING] [2026-07-28 16:12:38,823:matplotlib.font_manager] findfont: Font family 'Times New Roman' not found.
[WARNING] [2026-07-28 16:12:38,823:matplotlib.font_manager] findfont: Font family 'Times New Roman' not found.
[WARNING] [2026-07-28 16:12:38,824:matplotlib.font_manager] findfont: Font family 'Times New Roman' not found.
[WARNING] [2026-07-28 16:12:38,825:matplotlib.font_manager] findfont: Font family 'Times New Roman' not found.
[WARNING] [2026-07-28 16:12:38,826:matplotlib.font_manager] findfont: Font family 'Times New Roman' not found.
[WARNING] [2026-07-28 16:12:38,826:matplotlib.font_manager] findfont: Font family 'Times New Roman' not found.
[WARNING] [2026-07-28 16:12:38,827:matplotlib.font_manager] findfont: Font family 'Times New Roman' not found.
[WARNING] [2026-07-28 16:12:38,828:matplotlib.font_manager] findfont: Font family 'Times New Roman' not found.
[WARNING] [2026-07-28 16:12:38,828:matplotlib.font_manager] findfont: Font family 'Times New Roman' not found.
[WARNING] [2026-07-28 16:12:38,829:matplotlib.font_manager] findfont: Font family 'Times New Roman' not found.
[WARNING] [2026-07-28 16:12:38,830:matplotlib.font_manager] findfont: Font family 'Times New Roman' not found.
[WARNING] [2026-07-28 16:12:38,831:matplotlib.font_manager] findfont: Font family 'Times New Roman' not found.
[WARNING] [2026-07-28 16:12:38,831:matplotlib.font_manager] findfont: Font family 'Times New Roman' not found.
[WARNING] [2026-07-28 16:12:38,832:matplotlib.font_manager] findfont: Font family 'Times New Roman' not found.
[WARNING] [2026-07-28 16:12:38,833:matplotlib.font_manager] findfont: Font family 'Times New Roman' not found.
[WARNING] [2026-07-28 16:12:38,834:matplotlib.font_manager] findfont: Font family 'Times New Roman' not found.
[WARNING] [2026-07-28 16:12:38,834:matplotlib.font_manager] findfont: Font family 'Times New Roman' not found.
[WARNING] [2026-07-28 16:12:38,835:matplotlib.font_manager] findfont: Font family 'Times New Roman' not found.
[WARNING] [2026-07-28 16:12:38,836:matplotlib.font_manager] findfont: Font family 'Times New Roman' not found.
[WARNING] [2026-07-28 16:12:38,836:matplotlib.font_manager] findfont: Font family 'Times New Roman' not found.
[WARNING] [2026-07-28 16:12:38,837:matplotlib.font_manager] findfont: Font family 'Times New Roman' not found.
[WARNING] [2026-07-28 16:12:38,838:matplotlib.font_manager] findfont: Font family 'Times New Roman' not found.
[WARNING] [2026-07-28 16:12:38,839:matplotlib.font_manager] findfont: Font family 'Times New Roman' not found.
[WARNING] [2026-07-28 16:12:38,839:matplotlib.font_manager] findfont: Font family 'Times New Roman' not found.
[WARNING] [2026-07-28 16:12:38,840:matplotlib.font_manager] findfont: Font family 'Times New Roman' not found.
[WARNING] [2026-07-28 16:12:38,841:matplotlib.font_manager] findfont: Font family 'Times New Roman' not found.
[WARNING] [2026-07-28 16:12:38,842:matplotlib.font_manager] findfont: Font family 'Times New Roman' not found.
[WARNING] [2026-07-28 16:12:38,842:matplotlib.font_manager] findfont: Font family 'Times New Roman' not found.
[WARNING] [2026-07-28 16:12:38,843:matplotlib.font_manager] findfont: Font family 'Times New Roman' not found.
[WARNING] [2026-07-28 16:12:38,843:matplotlib.font_manager] findfont: Font family 'Times New Roman' not found.
[WARNING] [2026-07-28 16:12:38,844:matplotlib.font_manager] findfont: Font family 'Times New Roman' not found.
[WARNING] [2026-07-28 16:12:38,844:matplotlib.font_manager] findfont: Font family 'Times New Roman' not found.
[WARNING] [2026-07-28 16:12:38,845:matplotlib.font_manager] findfont: Font family 'Times New Roman' not found.
[WARNING] [2026-07-28 16:12:38,846:matplotlib.font_manager] findfont: Font family 'Times New Roman' not found.
[WARNING] [2026-07-28 16:12:38,847:matplotlib.font_manager] findfont: Font family 'Times New Roman' not found.
[WARNING] [2026-07-28 16:12:38,854:matplotlib.font_manager] findfont: Font family 'Times New Roman' not found.
[WARNING] [2026-07-28 16:12:38,854:matplotlib.font_manager] findfont: Font family 'Times New Roman' not found.
[WARNING] [2026-07-28 16:12:38,855:matplotlib.font_manager] findfont: Font family 'Times New Roman' not found.
[WARNING] [2026-07-28 16:12:38,856:matplotlib.font_manager] findfont: Font family 'Times New Roman' not found.
[WARNING] [2026-07-28 16:12:38,857:matplotlib.font_manager] findfont: Font family 'Times New Roman' not found.
[WARNING] [2026-07-28 16:12:38,858:matplotlib.font_manager] findfont: Font family 'Times New Roman' not found.
[WARNING] [2026-07-28 16:12:38,859:matplotlib.font_manager] findfont: Font family 'Times New Roman' not found.
[WARNING] [2026-07-28 16:12:38,861:matplotlib.font_manager] findfont: Font family 'Times New Roman' not found.
[WARNING] [2026-07-28 16:12:39,808:matplotlib.font_manager] findfont: Font family 'Times New Roman' not found.
[WARNING] [2026-07-28 16:12:39,809:matplotlib.font_manager] findfont: Font family 'Times New Roman' not found.
[WARNING] [2026-07-28 16:12:39,810:matplotlib.font_manager] findfont: Font family 'Times New Roman' not found.
[WARNING] [2026-07-28 16:12:39,811:matplotlib.font_manager] findfont: Font family 'Times New Roman' not found.
[WARNING] [2026-07-28 16:12:39,812:matplotlib.font_manager] findfont: Font family 'Times New Roman' not found.
[WARNING] [2026-07-28 16:12:39,813:matplotlib.font_manager] findfont: Font family 'Times New Roman' not found.
[WARNING] [2026-07-28 16:12:39,814:matplotlib.font_manager] findfont: Font family 'Times New Roman' not found.
[WARNING] [2026-07-28 16:12:39,815:matplotlib.font_manager] findfont: Font family 'Times New Roman' not found.
[WARNING] [2026-07-28 16:12:39,816:matplotlib.font_manager] findfont: Font family 'Times New Roman' not found.
[WARNING] [2026-07-28 16:12:39,817:matplotlib.font_manager] findfont: Font family 'Times New Roman' not found.
[WARNING] [2026-07-28 16:12:39,818:matplotlib.font_manager] findfont: Font family 'Times New Roman' not found.
[WARNING] [2026-07-28 16:12:39,819:matplotlib.font_manager] findfont: Font family 'Times New Roman' not found.
[WARNING] [2026-07-28 16:12:39,820:matplotlib.font_manager] findfont: Font family 'Times New Roman' not found.
[WARNING] [2026-07-28 16:12:39,821:matplotlib.font_manager] findfont: Font family 'Times New Roman' not found.
[WARNING] [2026-07-28 16:12:39,823:matplotlib.font_manager] findfont: Font family 'Times New Roman' not found.
[WARNING] [2026-07-28 16:12:39,824:matplotlib.font_manager] findfont: Font family 'Times New Roman' not found.
[WARNING] [2026-07-28 16:12:39,825:matplotlib.font_manager] findfont: Font family 'Times New Roman' not found.
[WARNING] [2026-07-28 16:12:39,826:matplotlib.font_manager] findfont: Font family 'Times New Roman' not found.
[WARNING] [2026-07-28 16:12:39,828:matplotlib.font_manager] findfont: Font family 'Times New Roman' not found.
[WARNING] [2026-07-28 16:12:39,829:matplotlib.font_manager] findfont: Font family 'Times New Roman' not found.
[WARNING] [2026-07-28 16:12:39,830:matplotlib.font_manager] findfont: Font family 'Times New Roman' not found.
[WARNING] [2026-07-28 16:12:39,831:matplotlib.font_manager] findfont: Font family 'Times New Roman' not found.
[WARNING] [2026-07-28 16:12:39,832:matplotlib.font_manager] findfont: Font family 'Times New Roman' not found.
[WARNING] [2026-07-28 16:12:39,833:matplotlib.font_manager] findfont: Font family 'Times New Roman' not found.
[WARNING] [2026-07-28 16:12:39,834:matplotlib.font_manager] findfont: Font family 'Times New Roman' not found.
[WARNING] [2026-07-28 16:12:39,836:matplotlib.font_manager] findfont: Font family 'Times New Roman' not found.
[WARNING] [2026-07-28 16:12:39,837:matplotlib.font_manager] findfont: Font family 'Times New Roman' not found.
[WARNING] [2026-07-28 16:12:39,838:matplotlib.font_manager] findfont: Font family 'Times New Roman' not found.
[WARNING] [2026-07-28 16:12:39,839:matplotlib.font_manager] findfont: Font family 'Times New Roman' not found.
[WARNING] [2026-07-28 16:12:39,840:matplotlib.font_manager] findfont: Font family 'Times New Roman' not found.
[WARNING] [2026-07-28 16:12:39,842:matplotlib.font_manager] findfont: Font family 'Times New Roman' not found.
[WARNING] [2026-07-28 16:12:39,843:matplotlib.font_manager] findfont: Font family 'Times New Roman' not found.
[WARNING] [2026-07-28 16:12:39,844:matplotlib.font_manager] findfont: Font family 'Times New Roman' not found.
[WARNING] [2026-07-28 16:12:39,845:matplotlib.font_manager] findfont: Font family 'Times New Roman' not found.
[WARNING] [2026-07-28 16:12:39,846:matplotlib.font_manager] findfont: Font family 'Times New Roman' not found.
[WARNING] [2026-07-28 16:12:39,863:matplotlib.font_manager] findfont: Font family 'Times New Roman' not found.
[WARNING] [2026-07-28 16:12:39,880:matplotlib.font_manager] findfont: Font family 'Times New Roman' not found.
[WARNING] [2026-07-28 16:12:39,896:matplotlib.font_manager] findfont: Font family 'Times New Roman' not found.
[WARNING] [2026-07-28 16:12:39,897:matplotlib.font_manager] findfont: Font family 'Times New Roman' not found.
[WARNING] [2026-07-28 16:12:39,902:matplotlib.font_manager] findfont: Font family 'Times New Roman' not found.
[WARNING] [2026-07-28 16:12:39,903:matplotlib.font_manager] findfont: Font family 'Times New Roman' not found.
[WARNING] [2026-07-28 16:12:39,903:matplotlib.font_manager] findfont: Font family 'Times New Roman' not found.
[WARNING] [2026-07-28 16:12:39,904:matplotlib.font_manager] findfont: Font family 'Times New Roman' not found.
[WARNING] [2026-07-28 16:12:39,906:matplotlib.font_manager] findfont: Font family 'Times New Roman' not found.
[WARNING] [2026-07-28 16:12:39,907:matplotlib.font_manager] findfont: Font family 'Times New Roman' not found.
[WARNING] [2026-07-28 16:12:39,908:matplotlib.font_manager] findfont: Font family 'Times New Roman' not found.
[WARNING] [2026-07-28 16:12:39,909:matplotlib.font_manager] findfont: Font family 'Times New Roman' not found.
[WARNING] [2026-07-28 16:12:39,910:matplotlib.font_manager] findfont: Font family 'Times New Roman' not found.
[WARNING] [2026-07-28 16:12:39,911:matplotlib.font_manager] findfont: Font family 'Times New Roman' not found.
[WARNING] [2026-07-28 16:12:39,912:matplotlib.font_manager] findfont: Font family 'Times New Roman' not found.
[WARNING] [2026-07-28 16:12:39,913:matplotlib.font_manager] findfont: Font family 'Times New Roman' not found.
[WARNING] [2026-07-28 16:12:39,913:matplotlib.font_manager] findfont: Font family 'Times New Roman' not found.
[WARNING] [2026-07-28 16:12:39,914:matplotlib.font_manager] findfont: Font family 'Times New Roman' not found.
[WARNING] [2026-07-28 16:12:39,915:matplotlib.font_manager] findfont: Font family 'Times New Roman' not found.
[WARNING] [2026-07-28 16:12:39,915:matplotlib.font_manager] findfont: Font family 'Times New Roman' not found.
[WARNING] [2026-07-28 16:12:39,916:matplotlib.font_manager] findfont: Font family 'Times New Roman' not found.
[WARNING] [2026-07-28 16:12:39,916:matplotlib.font_manager] findfont: Font family 'Times New Roman' not found.
[WARNING] [2026-07-28 16:12:39,919:matplotlib.font_manager] findfont: Font family 'Times New Roman' not found.
[WARNING] [2026-07-28 16:12:39,920:matplotlib.font_manager] findfont: Font family 'Times New Roman' not found.
[WARNING] [2026-07-28 16:12:39,921:matplotlib.font_manager] findfont: Font family 'Times New Roman' not found.
[WARNING] [2026-07-28 16:12:39,923:matplotlib.font_manager] findfont: Font family 'Times New Roman' not found.
[WARNING] [2026-07-28 16:12:39,923:matplotlib.font_manager] findfont: Font family 'Times New Roman' not found.
[WARNING] [2026-07-28 16:12:39,924:matplotlib.font_manager] findfont: Font family 'Times New Roman' not found.
[WARNING] [2026-07-28 16:12:39,925:matplotlib.font_manager] findfont: Font family 'Times New Roman' not found.
[WARNING] [2026-07-28 16:12:39,926:matplotlib.font_manager] findfont: Font family 'Times New Roman' not found.
[WARNING] [2026-07-28 16:12:39,926:matplotlib.font_manager] findfont: Font family 'Times New Roman' not found.
[WARNING] [2026-07-28 16:12:39,927:matplotlib.font_manager] findfont: Font family 'Times New Roman' not found.
[WARNING] [2026-07-28 16:12:39,928:matplotlib.font_manager] findfont: Font family 'Times New Roman' not found.
[WARNING] [2026-07-28 16:12:39,928:matplotlib.font_manager] findfont: Font family 'Times New Roman' not found.
[WARNING] [2026-07-28 16:12:39,934:matplotlib.font_manager] findfont: Font family 'Times New Roman' not found.
[WARNING] [2026-07-28 16:12:39,938:matplotlib.font_manager] findfont: Font family 'Times New Roman' not found.
[WARNING] [2026-07-28 16:12:39,941:matplotlib.font_manager] findfont: Font family 'Times New Roman' not found.
[WARNING] [2026-07-28 16:12:39,942:matplotlib.font_manager] findfont: Font family 'Times New Roman' not found.
[WARNING] [2026-07-28 16:12:39,943:matplotlib.font_manager] findfont: Font family 'Times New Roman' not found.
[WARNING] [2026-07-28 16:12:39,945:matplotlib.font_manager] findfont: Font family 'Times New Roman' not found.
[WARNING] [2026-07-28 16:12:39,948:matplotlib.font_manager] findfont: Font family 'Times New Roman' not found.
[WARNING] [2026-07-28 16:12:39,949:matplotlib.font_manager] findfont: Font family 'Times New Roman' not found.
[WARNING] [2026-07-28 16:12:39,950:matplotlib.font_manager] findfont: Font family 'Times New Roman' not found.
[WARNING] [2026-07-28 16:12:39,951:matplotlib.font_manager] findfont: Font family 'Times New Roman' not found.
[WARNING] [2026-07-28 16:12:39,957:matplotlib.font_manager] findfont: Font family 'Times New Roman' not found.
[WARNING] [2026-07-28 16:12:39,960:matplotlib.font_manager] findfont: Font family 'Times New Roman' not found.
[WARNING] [2026-07-28 16:12:39,963:matplotlib.font_manager] findfont: Font family 'Times New Roman' not found.
[WARNING] [2026-07-28 16:12:39,969:matplotlib.font_manager] findfont: Font family 'Times New Roman' not found.
[WARNING] [2026-07-28 16:12:39,975:matplotlib.font_manager] findfont: Font family 'Times New Roman' not found.
[WARNING] [2026-07-28 16:12:39,986:matplotlib.font_manager] findfont: Font family 'Times New Roman' not found.
[WARNING] [2026-07-28 16:12:39,987:matplotlib.font_manager] findfont: Font family 'Times New Roman' not found.
[WARNING] [2026-07-28 16:12:39,992:matplotlib.font_manager] findfont: Font family 'Times New Roman' not found.
[WARNING] [2026-07-28 16:12:39,994:matplotlib.font_manager] findfont: Font family 'Times New Roman' not found.
[WARNING] [2026-07-28 16:12:39,998:matplotlib.font_manager] findfont: Font family 'Times New Roman' not found.
[WARNING] [2026-07-28 16:12:39,999:matplotlib.font_manager] findfont: Font family 'Times New Roman' not found.
[WARNING] [2026-07-28 16:12:40,005:matplotlib.font_manager] findfont: Font family 'Times New Roman' not found.
[WARNING] [2026-07-28 16:12:40,006:matplotlib.font_manager] findfont: Font family 'Times New Roman' not found.
[WARNING] [2026-07-28 16:12:40,013:matplotlib.font_manager] findfont: Font family 'Times New Roman' not found.
[WARNING] [2026-07-28 16:12:40,016:matplotlib.font_manager] findfont: Font family 'Times New Roman' not found.
[WARNING] [2026-07-28 16:12:40,025:matplotlib.font_manager] findfont: Font family 'Times New Roman' not found.
[WARNING] [2026-07-28 16:12:40,031:matplotlib.font_manager] findfont: Font family 'Times New Roman' not found.
[WARNING] [2026-07-28 16:12:40,036:matplotlib.font_manager] findfont: Font family 'Times New Roman' not found.
[WARNING] [2026-07-28 16:12:40,037:matplotlib.font_manager] findfont: Font family 'Times New Roman' not found.
[WARNING] [2026-07-28 16:12:40,040:matplotlib.font_manager] findfont: Font family 'Times New Roman' not found.
[WARNING] [2026-07-28 16:12:40,043:matplotlib.font_manager] findfont: Font family 'Times New Roman' not found.
[WARNING] [2026-07-28 16:12:40,047:matplotlib.font_manager] findfont: Font family 'Times New Roman' not found.
[WARNING] [2026-07-28 16:12:40,049:matplotlib.font_manager] findfont: Font family 'Times New Roman' not found.
[WARNING] [2026-07-28 16:12:40,053:matplotlib.font_manager] findfont: Font family 'Times New Roman' not found.
[WARNING] [2026-07-28 16:12:40,057:matplotlib.font_manager] findfont: Font family 'Times New Roman' not found.
[WARNING] [2026-07-28 16:12:40,064:matplotlib.font_manager] findfont: Font family 'Times New Roman' not found.
[WARNING] [2026-07-28 16:12:40,067:matplotlib.font_manager] findfont: Font family 'Times New Roman' not found.
[WARNING] [2026-07-28 16:12:40,074:matplotlib.font_manager] findfont: Font family 'Times New Roman' not found.
[WARNING] [2026-07-28 16:12:40,076:matplotlib.font_manager] findfont: Font family 'Times New Roman' not found.
[WARNING] [2026-07-28 16:12:40,081:matplotlib.font_manager] findfont: Font family 'Times New Roman' not found.
[WARNING] [2026-07-28 16:12:40,082:matplotlib.font_manager] findfont: Font family 'Times New Roman' not found.
[WARNING] [2026-07-28 16:12:40,087:matplotlib.font_manager] findfont: Font family 'Times New Roman' not found.
[WARNING] [2026-07-28 16:12:40,089:matplotlib.font_manager] findfont: Font family 'Times New Roman' not found.
[WARNING] [2026-07-28 16:12:40,095:matplotlib.font_manager] findfont: Font family 'Times New Roman' not found.
[WARNING] [2026-07-28 16:12:40,095:matplotlib.font_manager] findfont: Font family 'Times New Roman' not found.
[WARNING] [2026-07-28 16:12:40,101:matplotlib.font_manager] findfont: Font family 'Times New Roman' not found.
[WARNING] [2026-07-28 16:12:40,107:matplotlib.font_manager] findfont: Font family 'Times New Roman' not found.
[WARNING] [2026-07-28 16:12:40,113:matplotlib.font_manager] findfont: Font family 'Times New Roman' not found.
[WARNING] [2026-07-28 16:12:40,115:matplotlib.font_manager] findfont: Font family 'Times New Roman' not found.
[WARNING] [2026-07-28 16:12:40,119:matplotlib.font_manager] findfont: Font family 'Times New Roman' not found.
[WARNING] [2026-07-28 16:12:40,120:matplotlib.font_manager] findfont: Font family 'Times New Roman' not found.
[WARNING] [2026-07-28 16:12:40,121:matplotlib.font_manager] findfont: Font family 'Times New Roman' not found.
[WARNING] [2026-07-28 16:12:40,122:matplotlib.font_manager] findfont: Font family 'Times New Roman' not found.
[WARNING] [2026-07-28 16:12:40,126:matplotlib.font_manager] findfont: Font family 'Times New Roman' not found.
[WARNING] [2026-07-28 16:12:40,127:matplotlib.font_manager] findfont: Font family 'Times New Roman' not found.
[WARNING] [2026-07-28 16:12:40,133:matplotlib.font_manager] findfont: Font family 'Times New Roman' not found.
[WARNING] [2026-07-28 16:12:40,133:matplotlib.font_manager] findfont: Font family 'Times New Roman' not found.
[WARNING] [2026-07-28 16:12:40,139:matplotlib.font_manager] findfont: Font family 'Times New Roman' not found.
[WARNING] [2026-07-28 16:12:40,140:matplotlib.font_manager] findfont: Font family 'Times New Roman' not found.
[WARNING] [2026-07-28 16:12:40,141:matplotlib.font_manager] findfont: Font family 'Times New Roman' not found.
[WARNING] [2026-07-28 16:12:40,141:matplotlib.font_manager] findfont: Font family 'Times New Roman' not found.
[WARNING] [2026-07-28 16:12:40,142:matplotlib.font_manager] findfont: Font family 'Times New Roman' not found.
[WARNING] [2026-07-28 16:12:40,145:matplotlib.font_manager] findfont: Font family 'Times New Roman' not found.
[WARNING] [2026-07-28 16:12:40,146:matplotlib.font_manager] findfont: Font family 'Times New Roman' not found.
[WARNING] [2026-07-28 16:12:40,147:matplotlib.font_manager] findfont: Font family 'Times New Roman' not found.
[WARNING] [2026-07-28 16:12:40,148:matplotlib.font_manager] findfont: Font family 'Times New Roman' not found.
[WARNING] [2026-07-28 16:12:40,149:matplotlib.font_manager] findfont: Font family 'Times New Roman' not found.
[WARNING] [2026-07-28 16:12:40,150:matplotlib.font_manager] findfont: Font family 'Times New Roman' not found.
[WARNING] [2026-07-28 16:12:40,151:matplotlib.font_manager] findfont: Font family 'Times New Roman' not found.
[WARNING] [2026-07-28 16:12:40,155:matplotlib.font_manager] findfont: Font family 'Times New Roman' not found.
[WARNING] [2026-07-28 16:12:40,161:matplotlib.font_manager] findfont: Font family 'Times New Roman' not found.
[WARNING] [2026-07-28 16:12:40,162:matplotlib.font_manager] findfont: Font family 'Times New Roman' not found.
[WARNING] [2026-07-28 16:12:40,202:matplotlib.font_manager] findfont: Font family 'Times New Roman' not found.
[WARNING] [2026-07-28 16:12:40,203:matplotlib.font_manager] findfont: Font family 'Times New Roman' not found.
[WARNING] [2026-07-28 16:12:40,203:matplotlib.font_manager] findfont: Font family 'Times New Roman' not found.
[WARNING] [2026-07-28 16:12:40,204:matplotlib.font_manager] findfont: Font family 'Times New Roman' not found.
[WARNING] [2026-07-28 16:12:40,204:matplotlib.font_manager] findfont: Font family 'Times New Roman' not found.
[WARNING] [2026-07-28 16:12:40,205:matplotlib.font_manager] findfont: Font family 'Times New Roman' not found.
[WARNING] [2026-07-28 16:12:40,227:matplotlib.font_manager] findfont: Font family 'Times New Roman' not found.
[WARNING] [2026-07-28 16:12:40,227:matplotlib.font_manager] findfont: Font family 'Times New Roman' not found.
[WARNING] [2026-07-28 16:12:40,229:matplotlib.font_manager] findfont: Font family 'Times New Roman' not found.
[WARNING] [2026-07-28 16:12:40,230:matplotlib.font_manager] findfont: Font family 'Times New Roman' not found.
[WARNING] [2026-07-28 16:12:40,231:matplotlib.font_manager] findfont: Font family 'Times New Roman' not found.
[WARNING] [2026-07-28 16:12:40,233:matplotlib.font_manager] findfont: Font family 'Times New Roman' not found.
[WARNING] [2026-07-28 16:12:40,234:matplotlib.font_manager] findfont: Font family 'Times New Roman' not found.
[WARNING] [2026-07-28 16:12:40,235:matplotlib.font_manager] findfont: Font family 'Times New Roman' not found.
[WARNING] [2026-07-28 16:12:40,236:matplotlib.font_manager] findfont: Font family 'Times New Roman' not found.
[WARNING] [2026-07-28 16:12:40,238:matplotlib.font_manager] findfont: Font family 'Times New Roman' not found.
[WARNING] [2026-07-28 16:12:40,239:matplotlib.font_manager] findfont: Font family 'Times New Roman' not found.
[WARNING] [2026-07-28 16:12:40,240:matplotlib.font_manager] findfont: Font family 'Times New Roman' not found.
[WARNING] [2026-07-28 16:12:40,242:matplotlib.font_manager] findfont: Font family 'Times New Roman' not found.
[WARNING] [2026-07-28 16:12:40,243:matplotlib.font_manager] findfont: Font family 'Times New Roman' not found.
[WARNING] [2026-07-28 16:12:40,244:matplotlib.font_manager] findfont: Font family 'Times New Roman' not found.
[WARNING] [2026-07-28 16:12:40,246:matplotlib.font_manager] findfont: Font family 'Times New Roman' not found.
[WARNING] [2026-07-28 16:12:40,247:matplotlib.font_manager] findfont: Font family 'Times New Roman' not found.
[WARNING] [2026-07-28 16:12:40,248:matplotlib.font_manager] findfont: Font family 'Times New Roman' not found.
[WARNING] [2026-07-28 16:12:40,250:matplotlib.font_manager] findfont: Font family 'Times New Roman' not found.
[WARNING] [2026-07-28 16:12:40,251:matplotlib.font_manager] findfont: Font family 'Times New Roman' not found.
[WARNING] [2026-07-28 16:12:40,252:matplotlib.font_manager] findfont: Font family 'Times New Roman' not found.
[WARNING] [2026-07-28 16:12:40,253:matplotlib.font_manager] findfont: Font family 'Times New Roman' not found.
[WARNING] [2026-07-28 16:12:40,254:matplotlib.font_manager] findfont: Font family 'Times New Roman' not found.
[WARNING] [2026-07-28 16:12:40,255:matplotlib.font_manager] findfont: Font family 'Times New Roman' not found.
[WARNING] [2026-07-28 16:12:40,256:matplotlib.font_manager] findfont: Font family 'Times New Roman' not found.
[WARNING] [2026-07-28 16:12:40,257:matplotlib.font_manager] findfont: Font family 'Times New Roman' not found.
[WARNING] [2026-07-28 16:12:40,259:matplotlib.font_manager] findfont: Font family 'Times New Roman' not found.
[WARNING] [2026-07-28 16:12:40,260:matplotlib.font_manager] findfont: Font family 'Times New Roman' not found.
[WARNING] [2026-07-28 16:12:40,261:matplotlib.font_manager] findfont: Font family 'Times New Roman' not found.
[WARNING] [2026-07-28 16:12:40,262:matplotlib.font_manager] findfont: Font family 'Times New Roman' not found.
[WARNING] [2026-07-28 16:12:40,264:matplotlib.font_manager] findfont: Font family 'Times New Roman' not found.
[WARNING] [2026-07-28 16:12:40,265:matplotlib.font_manager] findfont: Font family 'Times New Roman' not found.
[WARNING] [2026-07-28 16:12:40,266:matplotlib.font_manager] findfont: Font family 'Times New Roman' not found.
[WARNING] [2026-07-28 16:12:40,267:matplotlib.font_manager] findfont: Font family 'Times New Roman' not found.
[WARNING] [2026-07-28 16:12:40,268:matplotlib.font_manager] findfont: Font family 'Times New Roman' not found.
[WARNING] [2026-07-28 16:12:40,285:matplotlib.font_manager] findfont: Font family 'Times New Roman' not found.
[WARNING] [2026-07-28 16:12:40,288:matplotlib.font_manager] findfont: Font family 'Times New Roman' not found.
[WARNING] [2026-07-28 16:12:40,289:matplotlib.font_manager] findfont: Font family 'Times New Roman' not found.
[WARNING] [2026-07-28 16:12:40,401:matplotlib.font_manager] findfont: Font family 'Times New Roman' not found.
[WARNING] [2026-07-28 16:12:40,472:matplotlib.font_manager] findfont: Font family 'Times New Roman' not found.
[WARNING] [2026-07-28 16:12:40,474:matplotlib.font_manager] findfont: Font family 'Times New Roman' not found.
[WARNING] [2026-07-28 16:12:40,475:matplotlib.font_manager] findfont: Font family 'Times New Roman' not found.
[WARNING] [2026-07-28 16:12:40,476:matplotlib.font_manager] findfont: Font family 'Times New Roman' not found.
[WARNING] [2026-07-28 16:12:40,480:matplotlib.font_manager] findfont: Font family 'Times New Roman' not found.
[WARNING] [2026-07-28 16:12:40,482:matplotlib.font_manager] findfont: Font family 'Times New Roman' not found.
[WARNING] [2026-07-28 16:12:40,483:matplotlib.font_manager] findfont: Font family 'Times New Roman' not found.
[WARNING] [2026-07-28 16:12:40,486:matplotlib.font_manager] findfont: Font family 'Times New Roman' not found.
[WARNING] [2026-07-28 16:12:40,488:matplotlib.font_manager] findfont: Font family 'Times New Roman' not found.
[WARNING] [2026-07-28 16:12:40,489:matplotlib.font_manager] findfont: Font family 'Times New Roman' not found.
[WARNING] [2026-07-28 16:12:40,490:matplotlib.font_manager] findfont: Font family 'Times New Roman' not found.
[WARNING] [2026-07-28 16:12:40,492:matplotlib.font_manager] findfont: Font family 'Times New Roman' not found.
[WARNING] [2026-07-28 16:12:40,493:matplotlib.font_manager] findfont: Font family 'Times New Roman' not found.
[WARNING] [2026-07-28 16:12:40,494:matplotlib.font_manager] findfont: Font family 'Times New Roman' not found.
[WARNING] [2026-07-28 16:12:40,495:matplotlib.font_manager] findfont: Font family 'Times New Roman' not found.
[WARNING] [2026-07-28 16:12:40,496:matplotlib.font_manager] findfont: Font family 'Times New Roman' not found.
[WARNING] [2026-07-28 16:12:40,498:matplotlib.font_manager] findfont: Font family 'Times New Roman' not found.
[WARNING] [2026-07-28 16:12:40,499:matplotlib.font_manager] findfont: Font family 'Times New Roman' not found.
[WARNING] [2026-07-28 16:12:40,509:matplotlib.font_manager] findfont: Font family 'Times New Roman' not found.
[WARNING] [2026-07-28 16:12:40,510:matplotlib.font_manager] findfont: Font family 'Times New Roman' not found.
[WARNING] [2026-07-28 16:12:40,516:matplotlib.font_manager] findfont: Font family 'Times New Roman' not found.
[WARNING] [2026-07-28 16:12:40,520:matplotlib.font_manager] findfont: Font family 'Times New Roman' not found.
[WARNING] [2026-07-28 16:12:40,522:matplotlib.font_manager] findfont: Font family 'Times New Roman' not found.
[WARNING] [2026-07-28 16:12:40,523:matplotlib.font_manager] findfont: Font family 'Times New Roman' not found.
[WARNING] [2026-07-28 16:12:40,525:matplotlib.font_manager] findfont: Font family 'Times New Roman' not found.
[WARNING] [2026-07-28 16:12:40,526:matplotlib.font_manager] findfont: Font family 'Times New Roman' not found.
[WARNING] [2026-07-28 16:12:40,527:matplotlib.font_manager] findfont: Font family 'Times New Roman' not found.
[WARNING] [2026-07-28 16:12:40,528:matplotlib.font_manager] findfont: Font family 'Times New Roman' not found.
[WARNING] [2026-07-28 16:12:40,529:matplotlib.font_manager] findfont: Font family 'Times New Roman' not found.
[WARNING] [2026-07-28 16:12:40,530:matplotlib.font_manager] findfont: Font family 'Times New Roman' not found.
[WARNING] [2026-07-28 16:12:40,534:matplotlib.font_manager] findfont: Font family 'Times New Roman' not found.
[WARNING] [2026-07-28 16:12:40,537:matplotlib.font_manager] findfont: Font family 'Times New Roman' not found.
[WARNING] [2026-07-28 16:12:40,539:matplotlib.font_manager] findfont: Font family 'Times New Roman' not found.
[WARNING] [2026-07-28 16:12:40,540:matplotlib.font_manager] findfont: Font family 'Times New Roman' not found.
[WARNING] [2026-07-28 16:12:40,541:matplotlib.font_manager] findfont: Font family 'Times New Roman' not found.
[WARNING] [2026-07-28 16:12:40,544:matplotlib.font_manager] findfont: Font family 'Times New Roman' not found.
[WARNING] [2026-07-28 16:12:40,549:matplotlib.font_manager] findfont: Font family 'Times New Roman' not found.
[WARNING] [2026-07-28 16:12:40,550:matplotlib.font_manager] findfont: Font family 'Times New Roman' not found.
[WARNING] [2026-07-28 16:12:40,551:matplotlib.font_manager] findfont: Font family 'Times New Roman' not found.
[WARNING] [2026-07-28 16:12:40,553:matplotlib.font_manager] findfont: Font family 'Times New Roman' not found.
[WARNING] [2026-07-28 16:12:40,565:matplotlib.font_manager] findfont: Font family 'Times New Roman' not found.
[WARNING] [2026-07-28 16:12:40,569:matplotlib.font_manager] findfont: Font family 'Times New Roman' not found.
[WARNING] [2026-07-28 16:12:40,575:matplotlib.font_manager] findfont: Font family 'Times New Roman' not found.
[WARNING] [2026-07-28 16:12:40,585:matplotlib.font_manager] findfont: Font family 'Times New Roman' not found.
[WARNING] [2026-07-28 16:12:40,594:matplotlib.font_manager] findfont: Font family 'Times New Roman' not found.
[WARNING] [2026-07-28 16:12:40,612:matplotlib.font_manager] findfont: Font family 'Times New Roman' not found.
[WARNING] [2026-07-28 16:12:40,613:matplotlib.font_manager] findfont: Font family 'Times New Roman' not found.
[WARNING] [2026-07-28 16:12:40,622:matplotlib.font_manager] findfont: Font family 'Times New Roman' not found.
[WARNING] [2026-07-28 16:12:40,625:matplotlib.font_manager] findfont: Font family 'Times New Roman' not found.
[WARNING] [2026-07-28 16:12:40,633:matplotlib.font_manager] findfont: Font family 'Times New Roman' not found.
[WARNING] [2026-07-28 16:12:40,634:matplotlib.font_manager] findfont: Font family 'Times New Roman' not found.
[WARNING] [2026-07-28 16:12:40,652:matplotlib.font_manager] findfont: Font family 'Times New Roman' not found.
[WARNING] [2026-07-28 16:12:40,654:matplotlib.font_manager] findfont: Font family 'Times New Roman' not found.
[WARNING] [2026-07-28 16:12:40,665:matplotlib.font_manager] findfont: Font family 'Times New Roman' not found.
[WARNING] [2026-07-28 16:12:40,670:matplotlib.font_manager] findfont: Font family 'Times New Roman' not found.
[WARNING] [2026-07-28 16:12:40,684:matplotlib.font_manager] findfont: Font family 'Times New Roman' not found.
[WARNING] [2026-07-28 16:12:40,694:matplotlib.font_manager] findfont: Font family 'Times New Roman' not found.
[WARNING] [2026-07-28 16:12:40,708:matplotlib.font_manager] findfont: Font family 'Times New Roman' not found.
[WARNING] [2026-07-28 16:12:40,709:matplotlib.font_manager] findfont: Font family 'Times New Roman' not found.
[WARNING] [2026-07-28 16:12:40,715:matplotlib.font_manager] findfont: Font family 'Times New Roman' not found.
[WARNING] [2026-07-28 16:12:40,719:matplotlib.font_manager] findfont: Font family 'Times New Roman' not found.
[WARNING] [2026-07-28 16:12:40,728:matplotlib.font_manager] findfont: Font family 'Times New Roman' not found.
[WARNING] [2026-07-28 16:12:40,731:matplotlib.font_manager] findfont: Font family 'Times New Roman' not found.
[WARNING] [2026-07-28 16:12:40,738:matplotlib.font_manager] findfont: Font family 'Times New Roman' not found.
[WARNING] [2026-07-28 16:12:40,744:matplotlib.font_manager] findfont: Font family 'Times New Roman' not found.
[WARNING] [2026-07-28 16:12:40,755:matplotlib.font_manager] findfont: Font family 'Times New Roman' not found.
[WARNING] [2026-07-28 16:12:40,758:matplotlib.font_manager] findfont: Font family 'Times New Roman' not found.
[WARNING] [2026-07-28 16:12:40,765:matplotlib.font_manager] findfont: Font family 'Times New Roman' not found.
[WARNING] [2026-07-28 16:12:40,768:matplotlib.font_manager] findfont: Font family 'Times New Roman' not found.
[WARNING] [2026-07-28 16:12:40,775:matplotlib.font_manager] findfont: Font family 'Times New Roman' not found.
[WARNING] [2026-07-28 16:12:40,778:matplotlib.font_manager] findfont: Font family 'Times New Roman' not found.
[WARNING] [2026-07-28 16:12:40,786:matplotlib.font_manager] findfont: Font family 'Times New Roman' not found.
[WARNING] [2026-07-28 16:12:40,787:matplotlib.font_manager] findfont: Font family 'Times New Roman' not found.
[WARNING] [2026-07-28 16:12:40,797:matplotlib.font_manager] findfont: Font family 'Times New Roman' not found.
[WARNING] [2026-07-28 16:12:40,797:matplotlib.font_manager] findfont: Font family 'Times New Roman' not found.
[WARNING] [2026-07-28 16:12:40,806:matplotlib.font_manager] findfont: Font family 'Times New Roman' not found.
[WARNING] [2026-07-28 16:12:40,815:matplotlib.font_manager] findfont: Font family 'Times New Roman' not found.
[WARNING] [2026-07-28 16:12:40,825:matplotlib.font_manager] findfont: Font family 'Times New Roman' not found.
[WARNING] [2026-07-28 16:12:40,828:matplotlib.font_manager] findfont: Font family 'Times New Roman' not found.
[WARNING] [2026-07-28 16:12:40,835:matplotlib.font_manager] findfont: Font family 'Times New Roman' not found.
[WARNING] [2026-07-28 16:12:40,836:matplotlib.font_manager] findfont: Font family 'Times New Roman' not found.
[WARNING] [2026-07-28 16:12:40,837:matplotlib.font_manager] findfont: Font family 'Times New Roman' not found.
[WARNING] [2026-07-28 16:12:40,839:matplotlib.font_manager] findfont: Font family 'Times New Roman' not found.
[WARNING] [2026-07-28 16:12:40,846:matplotlib.font_manager] findfont: Font family 'Times New Roman' not found.
[WARNING] [2026-07-28 16:12:40,847:matplotlib.font_manager] findfont: Font family 'Times New Roman' not found.
[WARNING] [2026-07-28 16:12:40,855:matplotlib.font_manager] findfont: Font family 'Times New Roman' not found.
[WARNING] [2026-07-28 16:12:40,856:matplotlib.font_manager] findfont: Font family 'Times New Roman' not found.
[WARNING] [2026-07-28 16:12:40,865:matplotlib.font_manager] findfont: Font family 'Times New Roman' not found.
[WARNING] [2026-07-28 16:12:40,868:matplotlib.font_manager] findfont: Font family 'Times New Roman' not found.
[WARNING] [2026-07-28 16:12:40,869:matplotlib.font_manager] findfont: Font family 'Times New Roman' not found.
[WARNING] [2026-07-28 16:12:40,870:matplotlib.font_manager] findfont: Font family 'Times New Roman' not found.
[WARNING] [2026-07-28 16:12:40,871:matplotlib.font_manager] findfont: Font family 'Times New Roman' not found.
[WARNING] [2026-07-28 16:12:40,877:matplotlib.font_manager] findfont: Font family 'Times New Roman' not found.
[WARNING] [2026-07-28 16:12:40,881:matplotlib.font_manager] findfont: Font family 'Times New Roman' not found.
[WARNING] [2026-07-28 16:12:40,884:matplotlib.font_manager] findfont: Font family 'Times New Roman' not found.
[WARNING] [2026-07-28 16:12:40,885:matplotlib.font_manager] findfont: Font family 'Times New Roman' not found.
[WARNING] [2026-07-28 16:12:40,887:matplotlib.font_manager] findfont: Font family 'Times New Roman' not found.
[WARNING] [2026-07-28 16:12:40,888:matplotlib.font_manager] findfont: Font family 'Times New Roman' not found.
[WARNING] [2026-07-28 16:12:40,890:matplotlib.font_manager] findfont: Font family 'Times New Roman' not found.
[WARNING] [2026-07-28 16:12:40,905:matplotlib.font_manager] findfont: Font family 'Times New Roman' not found.
[WARNING] [2026-07-28 16:12:40,920:matplotlib.font_manager] findfont: Font family 'Times New Roman' not found.
[WARNING] [2026-07-28 16:12:40,921:matplotlib.font_manager] findfont: Font family 'Times New Roman' not found.
[WARNING] [2026-07-28 16:12:40,930:matplotlib.font_manager] findfont: Font family 'Times New Roman' not found.
[WARNING] [2026-07-28 16:12:40,931:matplotlib.font_manager] findfont: Font family 'Times New Roman' not found.
[WARNING] [2026-07-28 16:12:40,932:matplotlib.font_manager] findfont: Font family 'Times New Roman' not found.
[WARNING] [2026-07-28 16:12:40,933:matplotlib.font_manager] findfont: Font family 'Times New Roman' not found.
[WARNING] [2026-07-28 16:12:40,933:matplotlib.font_manager] findfont: Font family 'Times New Roman' not found.
[WARNING] [2026-07-28 16:12:40,934:matplotlib.font_manager] findfont: Font family 'Times New Roman' not found.
[WARNING] [2026-07-28 16:12:41,742:matplotlib.font_manager] findfont: Font family 'Times New Roman' not found.
[WARNING] [2026-07-28 16:12:41,743:matplotlib.font_manager] findfont: Font family 'Times New Roman' not found.
[WARNING] [2026-07-28 16:12:41,744:matplotlib.font_manager] findfont: Font family 'Times New Roman' not found.
[WARNING] [2026-07-28 16:12:41,745:matplotlib.font_manager] findfont: Font family 'Times New Roman' not found.
[WARNING] [2026-07-28 16:12:41,746:matplotlib.font_manager] findfont: Font family 'Times New Roman' not found.
[WARNING] [2026-07-28 16:12:41,747:matplotlib.font_manager] findfont: Font family 'Times New Roman' not found.
[WARNING] [2026-07-28 16:12:41,748:matplotlib.font_manager] findfont: Font family 'Times New Roman' not found.
[WARNING] [2026-07-28 16:12:41,749:matplotlib.font_manager] findfont: Font family 'Times New Roman' not found.
[WARNING] [2026-07-28 16:12:41,749:matplotlib.font_manager] findfont: Font family 'Times New Roman' not found.
[WARNING] [2026-07-28 16:12:41,750:matplotlib.font_manager] findfont: Font family 'Times New Roman' not found.
[WARNING] [2026-07-28 16:12:41,751:matplotlib.font_manager] findfont: Font family 'Times New Roman' not found.
[WARNING] [2026-07-28 16:12:41,752:matplotlib.font_manager] findfont: Font family 'Times New Roman' not found.
[WARNING] [2026-07-28 16:12:41,753:matplotlib.font_manager] findfont: Font family 'Times New Roman' not found.
[WARNING] [2026-07-28 16:12:41,754:matplotlib.font_manager] findfont: Font family 'Times New Roman' not found.
[WARNING] [2026-07-28 16:12:41,755:matplotlib.font_manager] findfont: Font family 'Times New Roman' not found.
[WARNING] [2026-07-28 16:12:41,755:matplotlib.font_manager] findfont: Font family 'Times New Roman' not found.
[WARNING] [2026-07-28 16:12:41,756:matplotlib.font_manager] findfont: Font family 'Times New Roman' not found.
[WARNING] [2026-07-28 16:12:41,757:matplotlib.font_manager] findfont: Font family 'Times New Roman' not found.
[WARNING] [2026-07-28 16:12:41,758:matplotlib.font_manager] findfont: Font family 'Times New Roman' not found.
[WARNING] [2026-07-28 16:12:41,759:matplotlib.font_manager] findfont: Font family 'Times New Roman' not found.
[WARNING] [2026-07-28 16:12:41,760:matplotlib.font_manager] findfont: Font family 'Times New Roman' not found.
[WARNING] [2026-07-28 16:12:41,761:matplotlib.font_manager] findfont: Font family 'Times New Roman' not found.
[WARNING] [2026-07-28 16:12:41,761:matplotlib.font_manager] findfont: Font family 'Times New Roman' not found.
[WARNING] [2026-07-28 16:12:41,762:matplotlib.font_manager] findfont: Font family 'Times New Roman' not found.
[WARNING] [2026-07-28 16:12:41,763:matplotlib.font_manager] findfont: Font family 'Times New Roman' not found.
[WARNING] [2026-07-28 16:12:41,764:matplotlib.font_manager] findfont: Font family 'Times New Roman' not found.
[WARNING] [2026-07-28 16:12:41,765:matplotlib.font_manager] findfont: Font family 'Times New Roman' not found.
[WARNING] [2026-07-28 16:12:41,766:matplotlib.font_manager] findfont: Font family 'Times New Roman' not found.
[WARNING] [2026-07-28 16:12:41,767:matplotlib.font_manager] findfont: Font family 'Times New Roman' not found.
[WARNING] [2026-07-28 16:12:41,767:matplotlib.font_manager] findfont: Font family 'Times New Roman' not found.
[WARNING] [2026-07-28 16:12:41,768:matplotlib.font_manager] findfont: Font family 'Times New Roman' not found.
[WARNING] [2026-07-28 16:12:41,769:matplotlib.font_manager] findfont: Font family 'Times New Roman' not found.
[WARNING] [2026-07-28 16:12:41,770:matplotlib.font_manager] findfont: Font family 'Times New Roman' not found.
[WARNING] [2026-07-28 16:12:41,771:matplotlib.font_manager] findfont: Font family 'Times New Roman' not found.
[WARNING] [2026-07-28 16:12:41,771:matplotlib.font_manager] findfont: Font family 'Times New Roman' not found.
[WARNING] [2026-07-28 16:12:41,780:matplotlib.font_manager] findfont: Font family 'Times New Roman' not found.
[WARNING] [2026-07-28 16:12:41,783:matplotlib.font_manager] findfont: Font family 'Times New Roman' not found.
[WARNING] [2026-07-28 16:12:41,783:matplotlib.font_manager] findfont: Font family 'Times New Roman' not found.
[WARNING] [2026-07-28 16:12:41,813:matplotlib.font_manager] findfont: Font family 'Times New Roman' not found.
[WARNING] [2026-07-28 16:12:41,819:matplotlib.font_manager] findfont: Font family 'Times New Roman' not found.
[WARNING] [2026-07-28 16:12:41,823:matplotlib.font_manager] findfont: Font family 'Times New Roman' not found.
[WARNING] [2026-07-28 16:12:41,828:matplotlib.font_manager] findfont: Font family 'Times New Roman' not found.
[WARNING] [2026-07-28 16:12:41,834:matplotlib.font_manager] findfont: Font family 'Times New Roman' not found.
[WARNING] [2026-07-28 16:12:41,841:matplotlib.font_manager] findfont: Font family 'Times New Roman' not found.
[WARNING] [2026-07-28 16:12:41,846:matplotlib.font_manager] findfont: Font family 'Times New Roman' not found.
[WARNING] [2026-07-28 16:12:41,852:matplotlib.font_manager] findfont: Font family 'Times New Roman' not found.
[WARNING] [2026-07-28 16:12:41,859:matplotlib.font_manager] findfont: Font family 'Times New Roman' not found.
[WARNING] [2026-07-28 16:12:41,865:matplotlib.font_manager] findfont: Font family 'Times New Roman' not found.
[WARNING] [2026-07-28 16:12:41,870:matplotlib.font_manager] findfont: Font family 'Times New Roman' not found.
[WARNING] [2026-07-28 16:12:41,875:matplotlib.font_manager] findfont: Font family 'Times New Roman' not found.
[WARNING] [2026-07-28 16:12:41,879:matplotlib.font_manager] findfont: Font family 'Times New Roman' not found.
[WARNING] [2026-07-28 16:12:41,887:matplotlib.font_manager] findfont: Font family 'Times New Roman' not found.
[WARNING] [2026-07-28 16:12:41,892:matplotlib.font_manager] findfont: Font family 'Times New Roman' not found.
[WARNING] [2026-07-28 16:12:41,897:matplotlib.font_manager] findfont: Font family 'Times New Roman' not found.
[WARNING] [2026-07-28 16:12:41,904:matplotlib.font_manager] findfont: Font family 'Times New Roman' not found.
[WARNING] [2026-07-28 16:12:41,911:matplotlib.font_manager] findfont: Font family 'Times New Roman' not found.
[WARNING] [2026-07-28 16:12:41,915:matplotlib.font_manager] findfont: Font family 'Times New Roman' not found.
[WARNING] [2026-07-28 16:12:41,920:matplotlib.font_manager] findfont: Font family 'Times New Roman' not found.
[WARNING] [2026-07-28 16:12:41,925:matplotlib.font_manager] findfont: Font family 'Times New Roman' not found.
[WARNING] [2026-07-28 16:12:41,929:matplotlib.font_manager] findfont: Font family 'Times New Roman' not found.
[WARNING] [2026-07-28 16:12:41,934:matplotlib.font_manager] findfont: Font family 'Times New Roman' not found.
[WARNING] [2026-07-28 16:12:41,939:matplotlib.font_manager] findfont: Font family 'Times New Roman' not found.
[WARNING] [2026-07-28 16:12:41,949:matplotlib.font_manager] findfont: Font family 'Times New Roman' not found.
[WARNING] [2026-07-28 16:12:41,958:matplotlib.font_manager] findfont: Font family 'Times New Roman' not found.
[WARNING] [2026-07-28 16:12:41,966:matplotlib.font_manager] findfont: Font family 'Times New Roman' not found.
[WARNING] [2026-07-28 16:12:41,980:matplotlib.font_manager] findfont: Font family 'Times New Roman' not found.
[WARNING] [2026-07-28 16:12:41,990:matplotlib.font_manager] findfont: Font family 'Times New Roman' not found.
[WARNING] [2026-07-28 16:12:42,003:matplotlib.font_manager] findfont: Font family 'Times New Roman' not found.
[WARNING] [2026-07-28 16:12:42,013:matplotlib.font_manager] findfont: Font family 'Times New Roman' not found.
[WARNING] [2026-07-28 16:12:42,024:matplotlib.font_manager] findfont: Font family 'Times New Roman' not found.
[WARNING] [2026-07-28 16:12:42,036:matplotlib.font_manager] findfont: Font family 'Times New Roman' not found.
[WARNING] [2026-07-28 16:12:42,042:matplotlib.font_manager] findfont: Font family 'Times New Roman' not found.
[WARNING] [2026-07-28 16:12:42,052:matplotlib.font_manager] findfont: Font family 'Times New Roman' not found.
[WARNING] [2026-07-28 16:12:42,053:matplotlib.font_manager] findfont: Font family 'Times New Roman' not found.
[WARNING] [2026-07-28 16:12:42,061:matplotlib.font_manager] findfont: Font family 'Times New Roman' not found.
[WARNING] [2026-07-28 16:12:42,063:matplotlib.font_manager] findfont: Font family 'Times New Roman' not found.
[WARNING] [2026-07-28 16:12:42,065:matplotlib.font_manager] findfont: Font family 'Times New Roman' not found.
[WARNING] [2026-07-28 16:12:42,066:matplotlib.font_manager] findfont: Font family 'Times New Roman' not found.
[WARNING] [2026-07-28 16:12:42,068:matplotlib.font_manager] findfont: Font family 'Times New Roman' not found.
[WARNING] [2026-07-28 16:12:42,070:matplotlib.font_manager] findfont: Font family 'Times New Roman' not found.
[WARNING] [2026-07-28 16:12:42,071:matplotlib.font_manager] findfont: Font family 'Times New Roman' not found.
[WARNING] [2026-07-28 16:12:42,073:matplotlib.font_manager] findfont: Font family 'Times New Roman' not found.
[WARNING] [2026-07-28 16:12:42,075:matplotlib.font_manager] findfont: Font family 'Times New Roman' not found.
[WARNING] [2026-07-28 16:12:42,077:matplotlib.font_manager] findfont: Font family 'Times New Roman' not found.
[WARNING] [2026-07-28 16:12:42,078:matplotlib.font_manager] findfont: Font family 'Times New Roman' not found.
[WARNING] [2026-07-28 16:12:42,080:matplotlib.font_manager] findfont: Font family 'Times New Roman' not found.
[WARNING] [2026-07-28 16:12:42,081:matplotlib.font_manager] findfont: Font family 'Times New Roman' not found.
[WARNING] [2026-07-28 16:12:42,083:matplotlib.font_manager] findfont: Font family 'Times New Roman' not found.
[WARNING] [2026-07-28 16:12:42,085:matplotlib.font_manager] findfont: Font family 'Times New Roman' not found.
[WARNING] [2026-07-28 16:12:42,086:matplotlib.font_manager] findfont: Font family 'Times New Roman' not found.
[WARNING] [2026-07-28 16:12:42,088:matplotlib.font_manager] findfont: Font family 'Times New Roman' not found.
[WARNING] [2026-07-28 16:12:42,090:matplotlib.font_manager] findfont: Font family 'Times New Roman' not found.
[WARNING] [2026-07-28 16:12:42,091:matplotlib.font_manager] findfont: Font family 'Times New Roman' not found.
[WARNING] [2026-07-28 16:12:42,093:matplotlib.font_manager] findfont: Font family 'Times New Roman' not found.
[WARNING] [2026-07-28 16:12:42,094:matplotlib.font_manager] findfont: Font family 'Times New Roman' not found.
[WARNING] [2026-07-28 16:12:42,096:matplotlib.font_manager] findfont: Font family 'Times New Roman' not found.
[WARNING] [2026-07-28 16:12:42,097:matplotlib.font_manager] findfont: Font family 'Times New Roman' not found.
[WARNING] [2026-07-28 16:12:42,099:matplotlib.font_manager] findfont: Font family 'Times New Roman' not found.
[WARNING] [2026-07-28 16:12:42,100:matplotlib.font_manager] findfont: Font family 'Times New Roman' not found.
[WARNING] [2026-07-28 16:12:42,102:matplotlib.font_manager] findfont: Font family 'Times New Roman' not found.
[WARNING] [2026-07-28 16:12:42,103:matplotlib.font_manager] findfont: Font family 'Times New Roman' not found.
[WARNING] [2026-07-28 16:12:42,105:matplotlib.font_manager] findfont: Font family 'Times New Roman' not found.
[WARNING] [2026-07-28 16:12:42,107:matplotlib.font_manager] findfont: Font family 'Times New Roman' not found.
[WARNING] [2026-07-28 16:12:42,108:matplotlib.font_manager] findfont: Font family 'Times New Roman' not found.
[WARNING] [2026-07-28 16:12:42,110:matplotlib.font_manager] findfont: Font family 'Times New Roman' not found.
[WARNING] [2026-07-28 16:12:42,112:matplotlib.font_manager] findfont: Font family 'Times New Roman' not found.
[WARNING] [2026-07-28 16:12:42,113:matplotlib.font_manager] findfont: Font family 'Times New Roman' not found.
[WARNING] [2026-07-28 16:12:42,115:matplotlib.font_manager] findfont: Font family 'Times New Roman' not found.
[WARNING] [2026-07-28 16:12:42,124:matplotlib.font_manager] findfont: Font family 'Times New Roman' not found.
[WARNING] [2026-07-28 16:12:42,127:matplotlib.font_manager] findfont: Font family 'Times New Roman' not found.
[WARNING] [2026-07-28 16:12:42,128:matplotlib.font_manager] findfont: Font family 'Times New Roman' not found.
[WARNING] [2026-07-28 16:12:42,128:matplotlib.font_manager] findfont: Font family 'Times New Roman' not found.
[WARNING] [2026-07-28 16:12:42,129:matplotlib.font_manager] findfont: Font family 'Times New Roman' not found.
[WARNING] [2026-07-28 16:12:42,130:matplotlib.font_manager] findfont: Font family 'Times New Roman' not found.
[WARNING] [2026-07-28 16:12:42,130:matplotlib.font_manager] findfont: Font family 'Times New Roman' not found.
[WARNING] [2026-07-28 16:12:42,131:matplotlib.font_manager] findfont: Font family 'Times New Roman' not found.
[WARNING] [2026-07-28 16:12:42,132:matplotlib.font_manager] findfont: Font family 'Times New Roman' not found.
[WARNING] [2026-07-28 16:12:42,133:matplotlib.font_manager] findfont: Font family 'Times New Roman' not found.
[WARNING] [2026-07-28 16:12:42,134:matplotlib.font_manager] findfont: Font family 'Times New Roman' not found.
[WARNING] [2026-07-28 16:12:42,135:matplotlib.font_manager] findfont: Font family 'Times New Roman' not found.
[WARNING] [2026-07-28 16:12:42,135:matplotlib.font_manager] findfont: Font family 'Times New Roman' not found.
[WARNING] [2026-07-28 16:12:42,136:matplotlib.font_manager] findfont: Font family 'Times New Roman' not found.
[WARNING] [2026-07-28 16:12:42,137:matplotlib.font_manager] findfont: Font family 'Times New Roman' not found.
[WARNING] [2026-07-28 16:12:42,138:matplotlib.font_manager] findfont: Font family 'Times New Roman' not found.
[WARNING] [2026-07-28 16:12:42,139:matplotlib.font_manager] findfont: Font family 'Times New Roman' not found.
[WARNING] [2026-07-28 16:12:42,140:matplotlib.font_manager] findfont: Font family 'Times New Roman' not found.
[WARNING] [2026-07-28 16:12:42,141:matplotlib.font_manager] findfont: Font family 'Times New Roman' not found.
[WARNING] [2026-07-28 16:12:42,141:matplotlib.font_manager] findfont: Font family 'Times New Roman' not found.
[WARNING] [2026-07-28 16:12:42,142:matplotlib.font_manager] findfont: Font family 'Times New Roman' not found.
[WARNING] [2026-07-28 16:12:42,143:matplotlib.font_manager] findfont: Font family 'Times New Roman' not found.
[WARNING] [2026-07-28 16:12:42,144:matplotlib.font_manager] findfont: Font family 'Times New Roman' not found.
[WARNING] [2026-07-28 16:12:42,145:matplotlib.font_manager] findfont: Font family 'Times New Roman' not found.
[WARNING] [2026-07-28 16:12:42,145:matplotlib.font_manager] findfont: Font family 'Times New Roman' not found.
[WARNING] [2026-07-28 16:12:42,146:matplotlib.font_manager] findfont: Font family 'Times New Roman' not found.
[WARNING] [2026-07-28 16:12:42,147:matplotlib.font_manager] findfont: Font family 'Times New Roman' not found.
[WARNING] [2026-07-28 16:12:42,148:matplotlib.font_manager] findfont: Font family 'Times New Roman' not found.
[WARNING] [2026-07-28 16:12:42,149:matplotlib.font_manager] findfont: Font family 'Times New Roman' not found.
[WARNING] [2026-07-28 16:12:42,150:matplotlib.font_manager] findfont: Font family 'Times New Roman' not found.
[WARNING] [2026-07-28 16:12:42,151:matplotlib.font_manager] findfont: Font family 'Times New Roman' not found.
[WARNING] [2026-07-28 16:12:42,152:matplotlib.font_manager] findfont: Font family 'Times New Roman' not found.
[WARNING] [2026-07-28 16:12:42,153:matplotlib.font_manager] findfont: Font family 'Times New Roman' not found.
[WARNING] [2026-07-28 16:12:42,154:matplotlib.font_manager] findfont: Font family 'Times New Roman' not found.
[WARNING] [2026-07-28 16:12:42,155:matplotlib.font_manager] findfont: Font family 'Times New Roman' not found.
[WARNING] [2026-07-28 16:12:42,156:matplotlib.font_manager] findfont: Font family 'Times New Roman' not found.
[WARNING] [2026-07-28 16:12:42,157:matplotlib.font_manager] findfont: Font family 'Times New Roman' not found.
[WARNING] [2026-07-28 16:12:42,158:matplotlib.font_manager] findfont: Font family 'Times New Roman' not found.
[WARNING] [2026-07-28 16:12:42,159:matplotlib.font_manager] findfont: Font family 'Times New Roman' not found.
[WARNING] [2026-07-28 16:12:42,159:matplotlib.font_manager] findfont: Font family 'Times New Roman' not found.
[WARNING] [2026-07-28 16:12:42,161:matplotlib.font_manager] findfont: Font family 'Times New Roman' not found.
[WARNING] [2026-07-28 16:12:42,162:matplotlib.font_manager] findfont: Font family 'Times New Roman' not found.
[WARNING] [2026-07-28 16:12:42,163:matplotlib.font_manager] findfont: Font family 'Times New Roman' not found.
[WARNING] [2026-07-28 16:12:42,164:matplotlib.font_manager] findfont: Font family 'Times New Roman' not found.
[WARNING] [2026-07-28 16:12:42,164:matplotlib.font_manager] findfont: Font family 'Times New Roman' not found.
[WARNING] [2026-07-28 16:12:42,165:matplotlib.font_manager] findfont: Font family 'Times New Roman' not found.
[WARNING] [2026-07-28 16:12:42,166:matplotlib.font_manager] findfont: Font family 'Times New Roman' not found.
[WARNING] [2026-07-28 16:12:42,167:matplotlib.font_manager] findfont: Font family 'Times New Roman' not found.
[WARNING] [2026-07-28 16:12:42,168:matplotlib.font_manager] findfont: Font family 'Times New Roman' not found.
[WARNING] [2026-07-28 16:12:42,169:matplotlib.font_manager] findfont: Font family 'Times New Roman' not found.
[WARNING] [2026-07-28 16:12:42,170:matplotlib.font_manager] findfont: Font family 'Times New Roman' not found.
[WARNING] [2026-07-28 16:12:42,171:matplotlib.font_manager] findfont: Font family 'Times New Roman' not found.
[WARNING] [2026-07-28 16:12:42,172:matplotlib.font_manager] findfont: Font family 'Times New Roman' not found.
[WARNING] [2026-07-28 16:12:42,172:matplotlib.font_manager] findfont: Font family 'Times New Roman' not found.
[WARNING] [2026-07-28 16:12:42,173:matplotlib.font_manager] findfont: Font family 'Times New Roman' not found.
[WARNING] [2026-07-28 16:12:42,174:matplotlib.font_manager] findfont: Font family 'Times New Roman' not found.
[WARNING] [2026-07-28 16:12:42,175:matplotlib.font_manager] findfont: Font family 'Times New Roman' not found.
[WARNING] [2026-07-28 16:12:42,177:matplotlib.font_manager] findfont: Font family 'Times New Roman' not found.
[WARNING] [2026-07-28 16:12:42,178:matplotlib.font_manager] findfont: Font family 'Times New Roman' not found.
[WARNING] [2026-07-28 16:12:42,179:matplotlib.font_manager] findfont: Font family 'Times New Roman' not found.
[WARNING] [2026-07-28 16:12:42,180:matplotlib.font_manager] findfont: Font family 'Times New Roman' not found.
[WARNING] [2026-07-28 16:12:42,181:matplotlib.font_manager] findfont: Font family 'Times New Roman' not found.
[WARNING] [2026-07-28 16:12:42,183:matplotlib.font_manager] findfont: Font family 'Times New Roman' not found.
[WARNING] [2026-07-28 16:12:42,184:matplotlib.font_manager] findfont: Font family 'Times New Roman' not found.
[WARNING] [2026-07-28 16:12:42,185:matplotlib.font_manager] findfont: Font family 'Times New Roman' not found.
[WARNING] [2026-07-28 16:12:42,186:matplotlib.font_manager] findfont: Font family 'Times New Roman' not found.
[WARNING] [2026-07-28 16:12:42,187:matplotlib.font_manager] findfont: Font family 'Times New Roman' not found.
[WARNING] [2026-07-28 16:12:42,189:matplotlib.font_manager] findfont: Font family 'Times New Roman' not found.
[WARNING] [2026-07-28 16:12:42,190:matplotlib.font_manager] findfont: Font family 'Times New Roman' not found.
[WARNING] [2026-07-28 16:12:42,191:matplotlib.font_manager] findfont: Font family 'Times New Roman' not found.
[WARNING] [2026-07-28 16:12:42,192:matplotlib.font_manager] findfont: Font family 'Times New Roman' not found.
[WARNING] [2026-07-28 16:12:42,193:matplotlib.font_manager] findfont: Font family 'Times New Roman' not found.
[WARNING] [2026-07-28 16:12:42,193:matplotlib.font_manager] findfont: Font family 'Times New Roman' not found.
[WARNING] [2026-07-28 16:12:42,194:matplotlib.font_manager] findfont: Font family 'Times New Roman' not found.
[WARNING] [2026-07-28 16:12:42,196:matplotlib.font_manager] findfont: Font family 'Times New Roman' not found.
[WARNING] [2026-07-28 16:12:42,197:matplotlib.font_manager] findfont: Font family 'Times New Roman' not found.
[WARNING] [2026-07-28 16:12:42,198:matplotlib.font_manager] findfont: Font family 'Times New Roman' not found.
[WARNING] [2026-07-28 16:12:42,199:matplotlib.font_manager] findfont: Font family 'Times New Roman' not found.
[WARNING] [2026-07-28 16:12:42,200:matplotlib.font_manager] findfont: Font family 'Times New Roman' not found.
[WARNING] [2026-07-28 16:12:42,201:matplotlib.font_manager] findfont: Font family 'Times New Roman' not found.
[WARNING] [2026-07-28 16:12:42,202:matplotlib.font_manager] findfont: Font family 'Times New Roman' not found.
[WARNING] [2026-07-28 16:12:42,204:matplotlib.font_manager] findfont: Font family 'Times New Roman' not found.
[WARNING] [2026-07-28 16:12:42,205:matplotlib.font_manager] findfont: Font family 'Times New Roman' not found.
[WARNING] [2026-07-28 16:12:42,206:matplotlib.font_manager] findfont: Font family 'Times New Roman' not found.
[WARNING] [2026-07-28 16:12:42,207:matplotlib.font_manager] findfont: Font family 'Times New Roman' not found.
[WARNING] [2026-07-28 16:12:42,208:matplotlib.font_manager] findfont: Font family 'Times New Roman' not found.
[WARNING] [2026-07-28 16:12:42,208:matplotlib.font_manager] findfont: Font family 'Times New Roman' not found.
[WARNING] [2026-07-28 16:12:42,209:matplotlib.font_manager] findfont: Font family 'Times New Roman' not found.
[WARNING] [2026-07-28 16:12:42,210:matplotlib.font_manager] findfont: Font family 'Times New Roman' not found.
[WARNING] [2026-07-28 16:12:42,211:matplotlib.font_manager] findfont: Font family 'Times New Roman' not found.
[WARNING] [2026-07-28 16:12:42,212:matplotlib.font_manager] findfont: Font family 'Times New Roman' not found.
[WARNING] [2026-07-28 16:12:42,213:matplotlib.font_manager] findfont: Font family 'Times New Roman' not found.
[WARNING] [2026-07-28 16:12:42,214:matplotlib.font_manager] findfont: Font family 'Times New Roman' not found.
[WARNING] [2026-07-28 16:12:42,215:matplotlib.font_manager] findfont: Font family 'Times New Roman' not found.
[WARNING] [2026-07-28 16:12:42,216:matplotlib.font_manager] findfont: Font family 'Times New Roman' not found.
[WARNING] [2026-07-28 16:12:42,216:matplotlib.font_manager] findfont: Font family 'Times New Roman' not found.
[WARNING] [2026-07-28 16:12:42,217:matplotlib.font_manager] findfont: Font family 'Times New Roman' not found.
[WARNING] [2026-07-28 16:12:42,218:matplotlib.font_manager] findfont: Font family 'Times New Roman' not found.
[WARNING] [2026-07-28 16:12:42,219:matplotlib.font_manager] findfont: Font family 'Times New Roman' not found.
[WARNING] [2026-07-28 16:12:42,220:matplotlib.font_manager] findfont: Font family 'Times New Roman' not found.
[WARNING] [2026-07-28 16:12:42,220:matplotlib.font_manager] findfont: Font family 'Times New Roman' not found.
[WARNING] [2026-07-28 16:12:42,221:matplotlib.font_manager] findfont: Font family 'Times New Roman' not found.
[WARNING] [2026-07-28 16:12:42,222:matplotlib.font_manager] findfont: Font family 'Times New Roman' not found.
[WARNING] [2026-07-28 16:12:42,223:matplotlib.font_manager] findfont: Font family 'Times New Roman' not found.
[WARNING] [2026-07-28 16:12:42,224:matplotlib.font_manager] findfont: Font family 'Times New Roman' not found.
[WARNING] [2026-07-28 16:12:42,225:matplotlib.font_manager] findfont: Font family 'Times New Roman' not found.
[WARNING] [2026-07-28 16:12:42,226:matplotlib.font_manager] findfont: Font family 'Times New Roman' not found.
[WARNING] [2026-07-28 16:12:42,227:matplotlib.font_manager] findfont: Font family 'Times New Roman' not found.
[WARNING] [2026-07-28 16:12:42,228:matplotlib.font_manager] findfont: Font family 'Times New Roman' not found.
[WARNING] [2026-07-28 16:12:42,229:matplotlib.font_manager] findfont: Font family 'Times New Roman' not found.
[WARNING] [2026-07-28 16:12:42,229:matplotlib.font_manager] findfont: Font family 'Times New Roman' not found.
[WARNING] [2026-07-28 16:12:42,230:matplotlib.font_manager] findfont: Font family 'Times New Roman' not found.
[WARNING] [2026-07-28 16:12:42,231:matplotlib.font_manager] findfont: Font family 'Times New Roman' not found.
[WARNING] [2026-07-28 16:12:42,232:matplotlib.font_manager] findfont: Font family 'Times New Roman' not found.
[WARNING] [2026-07-28 16:12:42,233:matplotlib.font_manager] findfont: Font family 'Times New Roman' not found.
[WARNING] [2026-07-28 16:12:42,234:matplotlib.font_manager] findfont: Font family 'Times New Roman' not found.
[WARNING] [2026-07-28 16:12:42,235:matplotlib.font_manager] findfont: Font family 'Times New Roman' not found.
[WARNING] [2026-07-28 16:12:42,235:matplotlib.font_manager] findfont: Font family 'Times New Roman' not found.
[WARNING] [2026-07-28 16:12:42,236:matplotlib.font_manager] findfont: Font family 'Times New Roman' not found.
[WARNING] [2026-07-28 16:12:42,237:matplotlib.font_manager] findfont: Font family 'Times New Roman' not found.
[WARNING] [2026-07-28 16:12:42,238:matplotlib.font_manager] findfont: Font family 'Times New Roman' not found.
[WARNING] [2026-07-28 16:12:42,239:matplotlib.font_manager] findfont: Font family 'Times New Roman' not found.
[WARNING] [2026-07-28 16:12:42,240:matplotlib.font_manager] findfont: Font family 'Times New Roman' not found.
[WARNING] [2026-07-28 16:12:42,241:matplotlib.font_manager] findfont: Font family 'Times New Roman' not found.
[WARNING] [2026-07-28 16:12:42,242:matplotlib.font_manager] findfont: Font family 'Times New Roman' not found.
[WARNING] [2026-07-28 16:12:42,243:matplotlib.font_manager] findfont: Font family 'Times New Roman' not found.
[WARNING] [2026-07-28 16:12:42,244:matplotlib.font_manager] findfont: Font family 'Times New Roman' not found.
[WARNING] [2026-07-28 16:12:42,244:matplotlib.font_manager] findfont: Font family 'Times New Roman' not found.
[WARNING] [2026-07-28 16:12:42,245:matplotlib.font_manager] findfont: Font family 'Times New Roman' not found.
[WARNING] [2026-07-28 16:12:42,246:matplotlib.font_manager] findfont: Font family 'Times New Roman' not found.
[WARNING] [2026-07-28 16:12:42,247:matplotlib.font_manager] findfont: Font family 'Times New Roman' not found.
[WARNING] [2026-07-28 16:12:42,248:matplotlib.font_manager] findfont: Font family 'Times New Roman' not found.
[WARNING] [2026-07-28 16:12:42,249:matplotlib.font_manager] findfont: Font family 'Times New Roman' not found.
[WARNING] [2026-07-28 16:12:42,249:matplotlib.font_manager] findfont: Font family 'Times New Roman' not found.
[WARNING] [2026-07-28 16:12:42,250:matplotlib.font_manager] findfont: Font family 'Times New Roman' not found.
[WARNING] [2026-07-28 16:12:42,251:matplotlib.font_manager] findfont: Font family 'Times New Roman' not found.
[WARNING] [2026-07-28 16:12:42,252:matplotlib.font_manager] findfont: Font family 'Times New Roman' not found.
[WARNING] [2026-07-28 16:12:42,253:matplotlib.font_manager] findfont: Font family 'Times New Roman' not found.
[WARNING] [2026-07-28 16:12:42,254:matplotlib.font_manager] findfont: Font family 'Times New Roman' not found.
[WARNING] [2026-07-28 16:12:42,255:matplotlib.font_manager] findfont: Font family 'Times New Roman' not found.
[WARNING] [2026-07-28 16:12:42,255:matplotlib.font_manager] findfont: Font family 'Times New Roman' not found.
[WARNING] [2026-07-28 16:12:42,256:matplotlib.font_manager] findfont: Font family 'Times New Roman' not found.
[WARNING] [2026-07-28 16:12:42,257:matplotlib.font_manager] findfont: Font family 'Times New Roman' not found.
[WARNING] [2026-07-28 16:12:42,258:matplotlib.font_manager] findfont: Font family 'Times New Roman' not found.
[WARNING] [2026-07-28 16:12:42,259:matplotlib.font_manager] findfont: Font family 'Times New Roman' not found.
[WARNING] [2026-07-28 16:12:42,260:matplotlib.font_manager] findfont: Font family 'Times New Roman' not found.
[WARNING] [2026-07-28 16:12:42,261:matplotlib.font_manager] findfont: Font family 'Times New Roman' not found.
[WARNING] [2026-07-28 16:12:42,262:matplotlib.font_manager] findfont: Font family 'Times New Roman' not found.
[WARNING] [2026-07-28 16:12:42,263:matplotlib.font_manager] findfont: Font family 'Times New Roman' not found.
[WARNING] [2026-07-28 16:12:42,264:matplotlib.font_manager] findfont: Font family 'Times New Roman' not found.
[WARNING] [2026-07-28 16:12:42,265:matplotlib.font_manager] findfont: Font family 'Times New Roman' not found.
[WARNING] [2026-07-28 16:12:42,266:matplotlib.font_manager] findfont: Font family 'Times New Roman' not found.
[WARNING] [2026-07-28 16:12:42,267:matplotlib.font_manager] findfont: Font family 'Times New Roman' not found.
[WARNING] [2026-07-28 16:12:42,268:matplotlib.font_manager] findfont: Font family 'Times New Roman' not found.
[WARNING] [2026-07-28 16:12:42,269:matplotlib.font_manager] findfont: Font family 'Times New Roman' not found.
[WARNING] [2026-07-28 16:12:42,271:matplotlib.font_manager] findfont: Font family 'Times New Roman' not found.
[WARNING] [2026-07-28 16:12:42,272:matplotlib.font_manager] findfont: Font family 'Times New Roman' not found.
[WARNING] [2026-07-28 16:12:42,273:matplotlib.font_manager] findfont: Font family 'Times New Roman' not found.
[WARNING] [2026-07-28 16:12:42,274:matplotlib.font_manager] findfont: Font family 'Times New Roman' not found.
[WARNING] [2026-07-28 16:12:42,276:matplotlib.font_manager] findfont: Font family 'Times New Roman' not found.
[WARNING] [2026-07-28 16:12:42,277:matplotlib.font_manager] findfont: Font family 'Times New Roman' not found.
[WARNING] [2026-07-28 16:12:42,278:matplotlib.font_manager] findfont: Font family 'Times New Roman' not found.
[WARNING] [2026-07-28 16:12:42,279:matplotlib.font_manager] findfont: Font family 'Times New Roman' not found.
[WARNING] [2026-07-28 16:12:42,280:matplotlib.font_manager] findfont: Font family 'Times New Roman' not found.
[WARNING] [2026-07-28 16:12:42,282:matplotlib.font_manager] findfont: Font family 'Times New Roman' not found.
[WARNING] [2026-07-28 16:12:42,283:matplotlib.font_manager] findfont: Font family 'Times New Roman' not found.
[WARNING] [2026-07-28 16:12:42,284:matplotlib.font_manager] findfont: Font family 'Times New Roman' not found.
[WARNING] [2026-07-28 16:12:42,285:matplotlib.font_manager] findfont: Font family 'Times New Roman' not found.
[WARNING] [2026-07-28 16:12:42,286:matplotlib.font_manager] findfont: Font family 'Times New Roman' not found.
[WARNING] [2026-07-28 16:12:42,287:matplotlib.font_manager] findfont: Font family 'Times New Roman' not found.
[WARNING] [2026-07-28 16:12:42,287:matplotlib.font_manager] findfont: Font family 'Times New Roman' not found.
[WARNING] [2026-07-28 16:12:42,288:matplotlib.font_manager] findfont: Font family 'Times New Roman' not found.
[WARNING] [2026-07-28 16:12:42,289:matplotlib.font_manager] findfont: Font family 'Times New Roman' not found.
[WARNING] [2026-07-28 16:12:42,289:matplotlib.font_manager] findfont: Font family 'Times New Roman' not found.
[WARNING] [2026-07-28 16:12:42,290:matplotlib.font_manager] findfont: Font family 'Times New Roman' not found.
[WARNING] [2026-07-28 16:12:42,291:matplotlib.font_manager] findfont: Font family 'Times New Roman' not found.
[WARNING] [2026-07-28 16:12:42,292:matplotlib.font_manager] findfont: Font family 'Times New Roman' not found.
[WARNING] [2026-07-28 16:12:42,293:matplotlib.font_manager] findfont: Font family 'Times New Roman' not found.
[WARNING] [2026-07-28 16:12:42,294:matplotlib.font_manager] findfont: Font family 'Times New Roman' not found.
[WARNING] [2026-07-28 16:12:42,295:matplotlib.font_manager] findfont: Font family 'Times New Roman' not found.
[WARNING] [2026-07-28 16:12:42,296:matplotlib.font_manager] findfont: Font family 'Times New Roman' not found.
[WARNING] [2026-07-28 16:12:42,296:matplotlib.font_manager] findfont: Font family 'Times New Roman' not found.
[WARNING] [2026-07-28 16:12:42,297:matplotlib.font_manager] findfont: Font family 'Times New Roman' not found.
[WARNING] [2026-07-28 16:12:42,299:matplotlib.font_manager] findfont: Font family 'Times New Roman' not found.
[WARNING] [2026-07-28 16:12:42,299:matplotlib.font_manager] findfont: Font family 'Times New Roman' not found.
[WARNING] [2026-07-28 16:12:42,300:matplotlib.font_manager] findfont: Font family 'Times New Roman' not found.
[WARNING] [2026-07-28 16:12:42,301:matplotlib.font_manager] findfont: Font family 'Times New Roman' not found.
[WARNING] [2026-07-28 16:12:42,302:matplotlib.font_manager] findfont: Font family 'Times New Roman' not found.
[WARNING] [2026-07-28 16:12:42,303:matplotlib.font_manager] findfont: Font family 'Times New Roman' not found.
[WARNING] [2026-07-28 16:12:42,304:matplotlib.font_manager] findfont: Font family 'Times New Roman' not found.
[WARNING] [2026-07-28 16:12:42,305:matplotlib.font_manager] findfont: Font family 'Times New Roman' not found.
[WARNING] [2026-07-28 16:12:42,306:matplotlib.font_manager] findfont: Font family 'Times New Roman' not found.
[WARNING] [2026-07-28 16:12:42,307:matplotlib.font_manager] findfont: Font family 'Times New Roman' not found.
[WARNING] [2026-07-28 16:12:42,308:matplotlib.font_manager] findfont: Font family 'Times New Roman' not found.
[WARNING] [2026-07-28 16:12:42,309:matplotlib.font_manager] findfont: Font family 'Times New Roman' not found.
[WARNING] [2026-07-28 16:12:42,310:matplotlib.font_manager] findfont: Font family 'Times New Roman' not found.
[WARNING] [2026-07-28 16:12:42,311:matplotlib.font_manager] findfont: Font family 'Times New Roman' not found.
[WARNING] [2026-07-28 16:12:42,312:matplotlib.font_manager] findfont: Font family 'Times New Roman' not found.
[WARNING] [2026-07-28 16:12:42,313:matplotlib.font_manager] findfont: Font family 'Times New Roman' not found.
[WARNING] [2026-07-28 16:12:42,314:matplotlib.font_manager] findfont: Font family 'Times New Roman' not found.
[WARNING] [2026-07-28 16:12:42,315:matplotlib.font_manager] findfont: Font family 'Times New Roman' not found.
[WARNING] [2026-07-28 16:12:42,316:matplotlib.font_manager] findfont: Font family 'Times New Roman' not found.
[WARNING] [2026-07-28 16:12:42,317:matplotlib.font_manager] findfont: Font family 'Times New Roman' not found.
[WARNING] [2026-07-28 16:12:42,317:matplotlib.font_manager] findfont: Font family 'Times New Roman' not found.
[WARNING] [2026-07-28 16:12:42,318:matplotlib.font_manager] findfont: Font family 'Times New Roman' not found.
[WARNING] [2026-07-28 16:12:42,319:matplotlib.font_manager] findfont: Font family 'Times New Roman' not found.
[WARNING] [2026-07-28 16:12:42,320:matplotlib.font_manager] findfont: Font family 'Times New Roman' not found.
[WARNING] [2026-07-28 16:12:42,321:matplotlib.font_manager] findfont: Font family 'Times New Roman' not found.
[WARNING] [2026-07-28 16:12:42,322:matplotlib.font_manager] findfont: Font family 'Times New Roman' not found.
[WARNING] [2026-07-28 16:12:42,323:matplotlib.font_manager] findfont: Font family 'Times New Roman' not found.
[WARNING] [2026-07-28 16:12:42,324:matplotlib.font_manager] findfont: Font family 'Times New Roman' not found.
[WARNING] [2026-07-28 16:12:42,325:matplotlib.font_manager] findfont: Font family 'Times New Roman' not found.
[WARNING] [2026-07-28 16:12:42,326:matplotlib.font_manager] findfont: Font family 'Times New Roman' not found.
[WARNING] [2026-07-28 16:12:42,327:matplotlib.font_manager] findfont: Font family 'Times New Roman' not found.
[WARNING] [2026-07-28 16:12:42,328:matplotlib.font_manager] findfont: Font family 'Times New Roman' not found.
[WARNING] [2026-07-28 16:12:42,329:matplotlib.font_manager] findfont: Font family 'Times New Roman' not found.
[WARNING] [2026-07-28 16:12:42,330:matplotlib.font_manager] findfont: Font family 'Times New Roman' not found.
[WARNING] [2026-07-28 16:12:42,330:matplotlib.font_manager] findfont: Font family 'Times New Roman' not found.
[WARNING] [2026-07-28 16:12:42,331:matplotlib.font_manager] findfont: Font family 'Times New Roman' not found.
[WARNING] [2026-07-28 16:12:42,332:matplotlib.font_manager] findfont: Font family 'Times New Roman' not found.
[WARNING] [2026-07-28 16:12:42,333:matplotlib.font_manager] findfont: Font family 'Times New Roman' not found.
[WARNING] [2026-07-28 16:12:42,334:matplotlib.font_manager] findfont: Font family 'Times New Roman' not found.
[WARNING] [2026-07-28 16:12:42,335:matplotlib.font_manager] findfont: Font family 'Times New Roman' not found.
[WARNING] [2026-07-28 16:12:42,336:matplotlib.font_manager] findfont: Font family 'Times New Roman' not found.
[WARNING] [2026-07-28 16:12:42,337:matplotlib.font_manager] findfont: Font family 'Times New Roman' not found.
[WARNING] [2026-07-28 16:12:42,338:matplotlib.font_manager] findfont: Font family 'Times New Roman' not found.
[WARNING] [2026-07-28 16:12:42,339:matplotlib.font_manager] findfont: Font family 'Times New Roman' not found.
[WARNING] [2026-07-28 16:12:42,340:matplotlib.font_manager] findfont: Font family 'Times New Roman' not found.
[WARNING] [2026-07-28 16:12:42,341:matplotlib.font_manager] findfont: Font family 'Times New Roman' not found.
[WARNING] [2026-07-28 16:12:42,341:matplotlib.font_manager] findfont: Font family 'Times New Roman' not found.
[WARNING] [2026-07-28 16:12:42,342:matplotlib.font_manager] findfont: Font family 'Times New Roman' not found.
[WARNING] [2026-07-28 16:12:42,343:matplotlib.font_manager] findfont: Font family 'Times New Roman' not found.
[WARNING] [2026-07-28 16:12:42,344:matplotlib.font_manager] findfont: Font family 'Times New Roman' not found.
[WARNING] [2026-07-28 16:12:42,345:matplotlib.font_manager] findfont: Font family 'Times New Roman' not found.
[WARNING] [2026-07-28 16:12:42,346:matplotlib.font_manager] findfont: Font family 'Times New Roman' not found.
[WARNING] [2026-07-28 16:12:42,347:matplotlib.font_manager] findfont: Font family 'Times New Roman' not found.
[WARNING] [2026-07-28 16:12:42,347:matplotlib.font_manager] findfont: Font family 'Times New Roman' not found.
[WARNING] [2026-07-28 16:12:42,348:matplotlib.font_manager] findfont: Font family 'Times New Roman' not found.
[WARNING] [2026-07-28 16:12:42,349:matplotlib.font_manager] findfont: Font family 'Times New Roman' not found.
[WARNING] [2026-07-28 16:12:42,350:matplotlib.font_manager] findfont: Font family 'Times New Roman' not found.
[WARNING] [2026-07-28 16:12:42,351:matplotlib.font_manager] findfont: Font family 'Times New Roman' not found.
[WARNING] [2026-07-28 16:12:42,353:matplotlib.font_manager] findfont: Font family 'Times New Roman' not found.
[WARNING] [2026-07-28 16:12:42,354:matplotlib.font_manager] findfont: Font family 'Times New Roman' not found.
[WARNING] [2026-07-28 16:12:42,355:matplotlib.font_manager] findfont: Font family 'Times New Roman' not found.
[WARNING] [2026-07-28 16:12:42,356:matplotlib.font_manager] findfont: Font family 'Times New Roman' not found.
[WARNING] [2026-07-28 16:12:42,358:matplotlib.font_manager] findfont: Font family 'Times New Roman' not found.
[WARNING] [2026-07-28 16:12:42,359:matplotlib.font_manager] findfont: Font family 'Times New Roman' not found.
[WARNING] [2026-07-28 16:12:42,360:matplotlib.font_manager] findfont: Font family 'Times New Roman' not found.
[WARNING] [2026-07-28 16:12:42,361:matplotlib.font_manager] findfont: Font family 'Times New Roman' not found.
[WARNING] [2026-07-28 16:12:42,363:matplotlib.font_manager] findfont: Font family 'Times New Roman' not found.
[WARNING] [2026-07-28 16:12:42,364:matplotlib.font_manager] findfont: Font family 'Times New Roman' not found.
[WARNING] [2026-07-28 16:12:42,365:matplotlib.font_manager] findfont: Font family 'Times New Roman' not found.
[WARNING] [2026-07-28 16:12:42,366:matplotlib.font_manager] findfont: Font family 'Times New Roman' not found.
[WARNING] [2026-07-28 16:12:42,367:matplotlib.font_manager] findfont: Font family 'Times New Roman' not found.
[WARNING] [2026-07-28 16:12:42,368:matplotlib.font_manager] findfont: Font family 'Times New Roman' not found.
[WARNING] [2026-07-28 16:12:42,369:matplotlib.font_manager] findfont: Font family 'Times New Roman' not found.
[WARNING] [2026-07-28 16:12:42,371:matplotlib.font_manager] findfont: Font family 'Times New Roman' not found.
[WARNING] [2026-07-28 16:12:42,372:matplotlib.font_manager] findfont: Font family 'Times New Roman' not found.
[WARNING] [2026-07-28 16:12:42,373:matplotlib.font_manager] findfont: Font family 'Times New Roman' not found.
[WARNING] [2026-07-28 16:12:42,374:matplotlib.font_manager] findfont: Font family 'Times New Roman' not found.
[WARNING] [2026-07-28 16:12:42,375:matplotlib.font_manager] findfont: Font family 'Times New Roman' not found.
[WARNING] [2026-07-28 16:12:42,377:matplotlib.font_manager] findfont: Font family 'Times New Roman' not found.
[WARNING] [2026-07-28 16:12:42,378:matplotlib.font_manager] findfont: Font family 'Times New Roman' not found.
[WARNING] [2026-07-28 16:12:42,379:matplotlib.font_manager] findfont: Font family 'Times New Roman' not found.
[WARNING] [2026-07-28 16:12:42,380:matplotlib.font_manager] findfont: Font family 'Times New Roman' not found.
[WARNING] [2026-07-28 16:12:42,381:matplotlib.font_manager] findfont: Font family 'Times New Roman' not found.
[WARNING] [2026-07-28 16:12:42,383:matplotlib.font_manager] findfont: Font family 'Times New Roman' not found.
[WARNING] [2026-07-28 16:12:42,384:matplotlib.font_manager] findfont: Font family 'Times New Roman' not found.
[WARNING] [2026-07-28 16:12:42,385:matplotlib.font_manager] findfont: Font family 'Times New Roman' not found.
[WARNING] [2026-07-28 16:12:42,387:matplotlib.font_manager] findfont: Font family 'Times New Roman' not found.
[WARNING] [2026-07-28 16:12:42,388:matplotlib.font_manager] findfont: Font family 'Times New Roman' not found.
[WARNING] [2026-07-28 16:12:42,389:matplotlib.font_manager] findfont: Font family 'Times New Roman' not found.
[WARNING] [2026-07-28 16:12:42,390:matplotlib.font_manager] findfont: Font family 'Times New Roman' not found.
[WARNING] [2026-07-28 16:12:42,392:matplotlib.font_manager] findfont: Font family 'Times New Roman' not found.
[WARNING] [2026-07-28 16:12:42,393:matplotlib.font_manager] findfont: Font family 'Times New Roman' not found.
[WARNING] [2026-07-28 16:12:42,394:matplotlib.font_manager] findfont: Font family 'Times New Roman' not found.
[WARNING] [2026-07-28 16:12:42,395:matplotlib.font_manager] findfont: Font family 'Times New Roman' not found.
[WARNING] [2026-07-28 16:12:42,397:matplotlib.font_manager] findfont: Font family 'Times New Roman' not found.
[WARNING] [2026-07-28 16:12:42,398:matplotlib.font_manager] findfont: Font family 'Times New Roman' not found.
[WARNING] [2026-07-28 16:12:42,399:matplotlib.font_manager] findfont: Font family 'Times New Roman' not found.
[WARNING] [2026-07-28 16:12:42,400:matplotlib.font_manager] findfont: Font family 'Times New Roman' not found.
[WARNING] [2026-07-28 16:12:42,402:matplotlib.font_manager] findfont: Font family 'Times New Roman' not found.
[WARNING] [2026-07-28 16:12:42,403:matplotlib.font_manager] findfont: Font family 'Times New Roman' not found.
[WARNING] [2026-07-28 16:12:42,404:matplotlib.font_manager] findfont: Font family 'Times New Roman' not found.
[WARNING] [2026-07-28 16:12:42,405:matplotlib.font_manager] findfont: Font family 'Times New Roman' not found.
[WARNING] [2026-07-28 16:12:42,406:matplotlib.font_manager] findfont: Font family 'Times New Roman' not found.
[WARNING] [2026-07-28 16:12:42,408:matplotlib.font_manager] findfont: Font family 'Times New Roman' not found.
[WARNING] [2026-07-28 16:12:42,409:matplotlib.font_manager] findfont: Font family 'Times New Roman' not found.
[WARNING] [2026-07-28 16:12:42,410:matplotlib.font_manager] findfont: Font family 'Times New Roman' not found.
[WARNING] [2026-07-28 16:12:42,411:matplotlib.font_manager] findfont: Font family 'Times New Roman' not found.
[WARNING] [2026-07-28 16:12:42,412:matplotlib.font_manager] findfont: Font family 'Times New Roman' not found.
[WARNING] [2026-07-28 16:12:42,413:matplotlib.font_manager] findfont: Font family 'Times New Roman' not found.
[WARNING] [2026-07-28 16:12:42,414:matplotlib.font_manager] findfont: Font family 'Times New Roman' not found.
[WARNING] [2026-07-28 16:12:42,416:matplotlib.font_manager] findfont: Font family 'Times New Roman' not found.
[WARNING] [2026-07-28 16:12:42,417:matplotlib.font_manager] findfont: Font family 'Times New Roman' not found.
[WARNING] [2026-07-28 16:12:42,418:matplotlib.font_manager] findfont: Font family 'Times New Roman' not found.
[WARNING] [2026-07-28 16:12:42,419:matplotlib.font_manager] findfont: Font family 'Times New Roman' not found.
[WARNING] [2026-07-28 16:12:42,420:matplotlib.font_manager] findfont: Font family 'Times New Roman' not found.
[WARNING] [2026-07-28 16:12:42,422:matplotlib.font_manager] findfont: Font family 'Times New Roman' not found.
[WARNING] [2026-07-28 16:12:42,423:matplotlib.font_manager] findfont: Font family 'Times New Roman' not found.
[WARNING] [2026-07-28 16:12:42,424:matplotlib.font_manager] findfont: Font family 'Times New Roman' not found.
[WARNING] [2026-07-28 16:12:42,425:matplotlib.font_manager] findfont: Font family 'Times New Roman' not found.
[WARNING] [2026-07-28 16:12:42,427:matplotlib.font_manager] findfont: Font family 'Times New Roman' not found.
[WARNING] [2026-07-28 16:12:42,428:matplotlib.font_manager] findfont: Font family 'Times New Roman' not found.
[WARNING] [2026-07-28 16:12:42,429:matplotlib.font_manager] findfont: Font family 'Times New Roman' not found.
[WARNING] [2026-07-28 16:12:42,431:matplotlib.font_manager] findfont: Font family 'Times New Roman' not found.
[WARNING] [2026-07-28 16:12:42,432:matplotlib.font_manager] findfont: Font family 'Times New Roman' not found.
[WARNING] [2026-07-28 16:12:42,433:matplotlib.font_manager] findfont: Font family 'Times New Roman' not found.
[WARNING] [2026-07-28 16:12:42,434:matplotlib.font_manager] findfont: Font family 'Times New Roman' not found.
[WARNING] [2026-07-28 16:12:42,436:matplotlib.font_manager] findfont: Font family 'Times New Roman' not found.
[WARNING] [2026-07-28 16:12:42,437:matplotlib.font_manager] findfont: Font family 'Times New Roman' not found.
[WARNING] [2026-07-28 16:12:42,438:matplotlib.font_manager] findfont: Font family 'Times New Roman' not found.
[WARNING] [2026-07-28 16:12:42,439:matplotlib.font_manager] findfont: Font family 'Times New Roman' not found.
[WARNING] [2026-07-28 16:12:42,440:matplotlib.font_manager] findfont: Font family 'Times New Roman' not found.
[WARNING] [2026-07-28 16:12:42,441:matplotlib.font_manager] findfont: Font family 'Times New Roman' not found.
[WARNING] [2026-07-28 16:12:42,442:matplotlib.font_manager] findfont: Font family 'Times New Roman' not found.
[WARNING] [2026-07-28 16:12:42,443:matplotlib.font_manager] findfont: Font family 'Times New Roman' not found.
[WARNING] [2026-07-28 16:12:42,444:matplotlib.font_manager] findfont: Font family 'Times New Roman' not found.
[WARNING] [2026-07-28 16:12:42,445:matplotlib.font_manager] findfont: Font family 'Times New Roman' not found.
[WARNING] [2026-07-28 16:12:42,446:matplotlib.font_manager] findfont: Font family 'Times New Roman' not found.
[WARNING] [2026-07-28 16:12:42,447:matplotlib.font_manager] findfont: Font family 'Times New Roman' not found.
[WARNING] [2026-07-28 16:12:42,448:matplotlib.font_manager] findfont: Font family 'Times New Roman' not found.
[WARNING] [2026-07-28 16:12:42,449:matplotlib.font_manager] findfont: Font family 'Times New Roman' not found.
[WARNING] [2026-07-28 16:12:42,450:matplotlib.font_manager] findfont: Font family 'Times New Roman' not found.
[WARNING] [2026-07-28 16:12:42,451:matplotlib.font_manager] findfont: Font family 'Times New Roman' not found.
[WARNING] [2026-07-28 16:12:42,451:matplotlib.font_manager] findfont: Font family 'Times New Roman' not found.
[WARNING] [2026-07-28 16:12:42,452:matplotlib.font_manager] findfont: Font family 'Times New Roman' not found.
[WARNING] [2026-07-28 16:12:42,453:matplotlib.font_manager] findfont: Font family 'Times New Roman' not found.
[WARNING] [2026-07-28 16:12:42,454:matplotlib.font_manager] findfont: Font family 'Times New Roman' not found.
[WARNING] [2026-07-28 16:12:42,455:matplotlib.font_manager] findfont: Font family 'Times New Roman' not found.
[WARNING] [2026-07-28 16:12:42,456:matplotlib.font_manager] findfont: Font family 'Times New Roman' not found.
[WARNING] [2026-07-28 16:12:42,457:matplotlib.font_manager] findfont: Font family 'Times New Roman' not found.
[WARNING] [2026-07-28 16:12:42,457:matplotlib.font_manager] findfont: Font family 'Times New Roman' not found.
[WARNING] [2026-07-28 16:12:42,458:matplotlib.font_manager] findfont: Font family 'Times New Roman' not found.
[WARNING] [2026-07-28 16:12:42,459:matplotlib.font_manager] findfont: Font family 'Times New Roman' not found.
[WARNING] [2026-07-28 16:12:42,460:matplotlib.font_manager] findfont: Font family 'Times New Roman' not found.
[WARNING] [2026-07-28 16:12:42,461:matplotlib.font_manager] findfont: Font family 'Times New Roman' not found.
[WARNING] [2026-07-28 16:12:42,462:matplotlib.font_manager] findfont: Font family 'Times New Roman' not found.
[WARNING] [2026-07-28 16:12:42,463:matplotlib.font_manager] findfont: Font family 'Times New Roman' not found.
[WARNING] [2026-07-28 16:12:42,464:matplotlib.font_manager] findfont: Font family 'Times New Roman' not found.
[WARNING] [2026-07-28 16:12:42,465:matplotlib.font_manager] findfont: Font family 'Times New Roman' not found.
[WARNING] [2026-07-28 16:12:42,466:matplotlib.font_manager] findfont: Font family 'Times New Roman' not found.
[WARNING] [2026-07-28 16:12:42,467:matplotlib.font_manager] findfont: Font family 'Times New Roman' not found.
[WARNING] [2026-07-28 16:12:42,468:matplotlib.font_manager] findfont: Font family 'Times New Roman' not found.
[WARNING] [2026-07-28 16:12:42,469:matplotlib.font_manager] findfont: Font family 'Times New Roman' not found.
[WARNING] [2026-07-28 16:12:42,469:matplotlib.font_manager] findfont: Font family 'Times New Roman' not found.
[WARNING] [2026-07-28 16:12:42,470:matplotlib.font_manager] findfont: Font family 'Times New Roman' not found.
[WARNING] [2026-07-28 16:12:42,471:matplotlib.font_manager] findfont: Font family 'Times New Roman' not found.
[WARNING] [2026-07-28 16:12:42,472:matplotlib.font_manager] findfont: Font family 'Times New Roman' not found.
[WARNING] [2026-07-28 16:12:42,473:matplotlib.font_manager] findfont: Font family 'Times New Roman' not found.
[WARNING] [2026-07-28 16:12:42,474:matplotlib.font_manager] findfont: Font family 'Times New Roman' not found.
[WARNING] [2026-07-28 16:12:42,475:matplotlib.font_manager] findfont: Font family 'Times New Roman' not found.
[WARNING] [2026-07-28 16:12:42,476:matplotlib.font_manager] findfont: Font family 'Times New Roman' not found.
[WARNING] [2026-07-28 16:12:42,477:matplotlib.font_manager] findfont: Font family 'Times New Roman' not found.
[WARNING] [2026-07-28 16:12:42,478:matplotlib.font_manager] findfont: Font family 'Times New Roman' not found.
[WARNING] [2026-07-28 16:12:42,479:matplotlib.font_manager] findfont: Font family 'Times New Roman' not found.
[WARNING] [2026-07-28 16:12:42,480:matplotlib.font_manager] findfont: Font family 'Times New Roman' not found.
[WARNING] [2026-07-28 16:12:42,480:matplotlib.font_manager] findfont: Font family 'Times New Roman' not found.
[WARNING] [2026-07-28 16:12:42,481:matplotlib.font_manager] findfont: Font family 'Times New Roman' not found.
[WARNING] [2026-07-28 16:12:42,482:matplotlib.font_manager] findfont: Font family 'Times New Roman' not found.
[WARNING] [2026-07-28 16:12:42,483:matplotlib.font_manager] findfont: Font family 'Times New Roman' not found.
[WARNING] [2026-07-28 16:12:42,484:matplotlib.font_manager] findfont: Font family 'Times New Roman' not found.
[WARNING] [2026-07-28 16:12:42,485:matplotlib.font_manager] findfont: Font family 'Times New Roman' not found.
[WARNING] [2026-07-28 16:12:42,486:matplotlib.font_manager] findfont: Font family 'Times New Roman' not found.
[WARNING] [2026-07-28 16:12:42,487:matplotlib.font_manager] findfont: Font family 'Times New Roman' not found.
[WARNING] [2026-07-28 16:12:42,488:matplotlib.font_manager] findfont: Font family 'Times New Roman' not found.
[WARNING] [2026-07-28 16:12:42,489:matplotlib.font_manager] findfont: Font family 'Times New Roman' not found.
[WARNING] [2026-07-28 16:12:42,490:matplotlib.font_manager] findfont: Font family 'Times New Roman' not found.
[WARNING] [2026-07-28 16:12:42,490:matplotlib.font_manager] findfont: Font family 'Times New Roman' not found.
[WARNING] [2026-07-28 16:12:42,491:matplotlib.font_manager] findfont: Font family 'Times New Roman' not found.
[WARNING] [2026-07-28 16:12:42,492:matplotlib.font_manager] findfont: Font family 'Times New Roman' not found.
[WARNING] [2026-07-28 16:12:42,493:matplotlib.font_manager] findfont: Font family 'Times New Roman' not found.
[WARNING] [2026-07-28 16:12:42,494:matplotlib.font_manager] findfont: Font family 'Times New Roman' not found.
[WARNING] [2026-07-28 16:12:42,495:matplotlib.font_manager] findfont: Font family 'Times New Roman' not found.
[WARNING] [2026-07-28 16:12:42,496:matplotlib.font_manager] findfont: Font family 'Times New Roman' not found.
[WARNING] [2026-07-28 16:12:42,497:matplotlib.font_manager] findfont: Font family 'Times New Roman' not found.
[WARNING] [2026-07-28 16:12:42,498:matplotlib.font_manager] findfont: Font family 'Times New Roman' not found.
[WARNING] [2026-07-28 16:12:42,499:matplotlib.font_manager] findfont: Font family 'Times New Roman' not found.
[WARNING] [2026-07-28 16:12:42,500:matplotlib.font_manager] findfont: Font family 'Times New Roman' not found.
[WARNING] [2026-07-28 16:12:42,501:matplotlib.font_manager] findfont: Font family 'Times New Roman' not found.
[WARNING] [2026-07-28 16:12:42,501:matplotlib.font_manager] findfont: Font family 'Times New Roman' not found.
[WARNING] [2026-07-28 16:12:42,502:matplotlib.font_manager] findfont: Font family 'Times New Roman' not found.
[WARNING] [2026-07-28 16:12:42,503:matplotlib.font_manager] findfont: Font family 'Times New Roman' not found.
[WARNING] [2026-07-28 16:12:42,504:matplotlib.font_manager] findfont: Font family 'Times New Roman' not found.
[WARNING] [2026-07-28 16:12:42,505:matplotlib.font_manager] findfont: Font family 'Times New Roman' not found.
[WARNING] [2026-07-28 16:12:42,506:matplotlib.font_manager] findfont: Font family 'Times New Roman' not found.
[WARNING] [2026-07-28 16:12:42,507:matplotlib.font_manager] findfont: Font family 'Times New Roman' not found.
[WARNING] [2026-07-28 16:12:42,508:matplotlib.font_manager] findfont: Font family 'Times New Roman' not found.
[WARNING] [2026-07-28 16:12:42,509:matplotlib.font_manager] findfont: Font family 'Times New Roman' not found.
[WARNING] [2026-07-28 16:12:42,510:matplotlib.font_manager] findfont: Font family 'Times New Roman' not found.
[WARNING] [2026-07-28 16:12:42,511:matplotlib.font_manager] findfont: Font family 'Times New Roman' not found.
[WARNING] [2026-07-28 16:12:42,512:matplotlib.font_manager] findfont: Font family 'Times New Roman' not found.
[WARNING] [2026-07-28 16:12:42,513:matplotlib.font_manager] findfont: Font family 'Times New Roman' not found.
[WARNING] [2026-07-28 16:12:42,514:matplotlib.font_manager] findfont: Font family 'Times New Roman' not found.
[WARNING] [2026-07-28 16:12:42,515:matplotlib.font_manager] findfont: Font family 'Times New Roman' not found.
[WARNING] [2026-07-28 16:12:42,516:matplotlib.font_manager] findfont: Font family 'Times New Roman' not found.
[WARNING] [2026-07-28 16:12:42,517:matplotlib.font_manager] findfont: Font family 'Times New Roman' not found.
[WARNING] [2026-07-28 16:12:42,517:matplotlib.font_manager] findfont: Font family 'Times New Roman' not found.
[WARNING] [2026-07-28 16:12:42,518:matplotlib.font_manager] findfont: Font family 'Times New Roman' not found.
[WARNING] [2026-07-28 16:12:42,519:matplotlib.font_manager] findfont: Font family 'Times New Roman' not found.
[WARNING] [2026-07-28 16:12:42,519:matplotlib.font_manager] findfont: Font family 'Times New Roman' not found.
[WARNING] [2026-07-28 16:12:42,520:matplotlib.font_manager] findfont: Font family 'Times New Roman' not found.
[WARNING] [2026-07-28 16:12:42,521:matplotlib.font_manager] findfont: Font family 'Times New Roman' not found.
[WARNING] [2026-07-28 16:12:42,522:matplotlib.font_manager] findfont: Font family 'Times New Roman' not found.
[WARNING] [2026-07-28 16:12:42,523:matplotlib.font_manager] findfont: Font family 'Times New Roman' not found.
[WARNING] [2026-07-28 16:12:42,524:matplotlib.font_manager] findfont: Font family 'Times New Roman' not found.
[WARNING] [2026-07-28 16:12:42,525:matplotlib.font_manager] findfont: Font family 'Times New Roman' not found.
[WARNING] [2026-07-28 16:12:42,526:matplotlib.font_manager] findfont: Font family 'Times New Roman' not found.
[WARNING] [2026-07-28 16:12:42,527:matplotlib.font_manager] findfont: Font family 'Times New Roman' not found.
[WARNING] [2026-07-28 16:12:42,528:matplotlib.font_manager] findfont: Font family 'Times New Roman' not found.
[WARNING] [2026-07-28 16:12:42,529:matplotlib.font_manager] findfont: Font family 'Times New Roman' not found.
[WARNING] [2026-07-28 16:12:42,530:matplotlib.font_manager] findfont: Font family 'Times New Roman' not found.
[WARNING] [2026-07-28 16:12:42,530:matplotlib.font_manager] findfont: Font family 'Times New Roman' not found.
[WARNING] [2026-07-28 16:12:42,531:matplotlib.font_manager] findfont: Font family 'Times New Roman' not found.
[WARNING] [2026-07-28 16:12:42,532:matplotlib.font_manager] findfont: Font family 'Times New Roman' not found.
[WARNING] [2026-07-28 16:12:42,533:matplotlib.font_manager] findfont: Font family 'Times New Roman' not found.
[WARNING] [2026-07-28 16:12:42,534:matplotlib.font_manager] findfont: Font family 'Times New Roman' not found.
[WARNING] [2026-07-28 16:12:42,535:matplotlib.font_manager] findfont: Font family 'Times New Roman' not found.
[WARNING] [2026-07-28 16:12:42,536:matplotlib.font_manager] findfont: Font family 'Times New Roman' not found.
[WARNING] [2026-07-28 16:12:42,537:matplotlib.font_manager] findfont: Font family 'Times New Roman' not found.
[WARNING] [2026-07-28 16:12:42,538:matplotlib.font_manager] findfont: Font family 'Times New Roman' not found.
[WARNING] [2026-07-28 16:12:42,539:matplotlib.font_manager] findfont: Font family 'Times New Roman' not found.
[WARNING] [2026-07-28 16:12:42,540:matplotlib.font_manager] findfont: Font family 'Times New Roman' not found.
[WARNING] [2026-07-28 16:12:42,541:matplotlib.font_manager] findfont: Font family 'Times New Roman' not found.
[WARNING] [2026-07-28 16:12:42,542:matplotlib.font_manager] findfont: Font family 'Times New Roman' not found.
[WARNING] [2026-07-28 16:12:42,543:matplotlib.font_manager] findfont: Font family 'Times New Roman' not found.
[WARNING] [2026-07-28 16:12:42,544:matplotlib.font_manager] findfont: Font family 'Times New Roman' not found.
[WARNING] [2026-07-28 16:12:42,545:matplotlib.font_manager] findfont: Font family 'Times New Roman' not found.
[WARNING] [2026-07-28 16:12:42,546:matplotlib.font_manager] findfont: Font family 'Times New Roman' not found.
[WARNING] [2026-07-28 16:12:42,547:matplotlib.font_manager] findfont: Font family 'Times New Roman' not found.
[WARNING] [2026-07-28 16:12:42,548:matplotlib.font_manager] findfont: Font family 'Times New Roman' not found.
[WARNING] [2026-07-28 16:12:42,549:matplotlib.font_manager] findfont: Font family 'Times New Roman' not found.
[WARNING] [2026-07-28 16:12:42,550:matplotlib.font_manager] findfont: Font family 'Times New Roman' not found.
[WARNING] [2026-07-28 16:12:42,551:matplotlib.font_manager] findfont: Font family 'Times New Roman' not found.
[WARNING] [2026-07-28 16:12:42,551:matplotlib.font_manager] findfont: Font family 'Times New Roman' not found.
[WARNING] [2026-07-28 16:12:42,552:matplotlib.font_manager] findfont: Font family 'Times New Roman' not found.
[WARNING] [2026-07-28 16:12:42,553:matplotlib.font_manager] findfont: Font family 'Times New Roman' not found.
[WARNING] [2026-07-28 16:12:42,554:matplotlib.font_manager] findfont: Font family 'Times New Roman' not found.
[WARNING] [2026-07-28 16:12:42,556:matplotlib.font_manager] findfont: Font family 'Times New Roman' not found.
[WARNING] [2026-07-28 16:12:42,557:matplotlib.font_manager] findfont: Font family 'Times New Roman' not found.
[WARNING] [2026-07-28 16:12:42,558:matplotlib.font_manager] findfont: Font family 'Times New Roman' not found.
[WARNING] [2026-07-28 16:12:42,559:matplotlib.font_manager] findfont: Font family 'Times New Roman' not found.
[WARNING] [2026-07-28 16:12:42,560:matplotlib.font_manager] findfont: Font family 'Times New Roman' not found.
[WARNING] [2026-07-28 16:12:42,561:matplotlib.font_manager] findfont: Font family 'Times New Roman' not found.
[WARNING] [2026-07-28 16:12:42,563:matplotlib.font_manager] findfont: Font family 'Times New Roman' not found.
[WARNING] [2026-07-28 16:12:42,564:matplotlib.font_manager] findfont: Font family 'Times New Roman' not found.
[WARNING] [2026-07-28 16:12:42,565:matplotlib.font_manager] findfont: Font family 'Times New Roman' not found.
[WARNING] [2026-07-28 16:12:42,566:matplotlib.font_manager] findfont: Font family 'Times New Roman' not found.
[WARNING] [2026-07-28 16:12:42,567:matplotlib.font_manager] findfont: Font family 'Times New Roman' not found.
[WARNING] [2026-07-28 16:12:42,569:matplotlib.font_manager] findfont: Font family 'Times New Roman' not found.
[WARNING] [2026-07-28 16:12:42,570:matplotlib.font_manager] findfont: Font family 'Times New Roman' not found.
[WARNING] [2026-07-28 16:12:42,571:matplotlib.font_manager] findfont: Font family 'Times New Roman' not found.
[WARNING] [2026-07-28 16:12:42,573:matplotlib.font_manager] findfont: Font family 'Times New Roman' not found.
[WARNING] [2026-07-28 16:12:42,574:matplotlib.font_manager] findfont: Font family 'Times New Roman' not found.
[WARNING] [2026-07-28 16:12:42,575:matplotlib.font_manager] findfont: Font family 'Times New Roman' not found.
[WARNING] [2026-07-28 16:12:42,576:matplotlib.font_manager] findfont: Font family 'Times New Roman' not found.
[WARNING] [2026-07-28 16:12:42,577:matplotlib.font_manager] findfont: Font family 'Times New Roman' not found.
[WARNING] [2026-07-28 16:12:42,579:matplotlib.font_manager] findfont: Font family 'Times New Roman' not found.
[WARNING] [2026-07-28 16:12:42,580:matplotlib.font_manager] findfont: Font family 'Times New Roman' not found.
[WARNING] [2026-07-28 16:12:42,581:matplotlib.font_manager] findfont: Font family 'Times New Roman' not found.
[WARNING] [2026-07-28 16:12:42,582:matplotlib.font_manager] findfont: Font family 'Times New Roman' not found.
[WARNING] [2026-07-28 16:12:42,583:matplotlib.font_manager] findfont: Font family 'Times New Roman' not found.
[WARNING] [2026-07-28 16:12:42,585:matplotlib.font_manager] findfont: Font family 'Times New Roman' not found.
[WARNING] [2026-07-28 16:12:42,586:matplotlib.font_manager] findfont: Font family 'Times New Roman' not found.
[WARNING] [2026-07-28 16:12:42,587:matplotlib.font_manager] findfont: Font family 'Times New Roman' not found.
[WARNING] [2026-07-28 16:12:42,588:matplotlib.font_manager] findfont: Font family 'Times New Roman' not found.
[WARNING] [2026-07-28 16:12:42,590:matplotlib.font_manager] findfont: Font family 'Times New Roman' not found.
[WARNING] [2026-07-28 16:12:42,591:matplotlib.font_manager] findfont: Font family 'Times New Roman' not found.
[WARNING] [2026-07-28 16:12:42,592:matplotlib.font_manager] findfont: Font family 'Times New Roman' not found.
[WARNING] [2026-07-28 16:12:42,592:matplotlib.font_manager] findfont: Font family 'Times New Roman' not found.
[WARNING] [2026-07-28 16:12:42,594:matplotlib.font_manager] findfont: Font family 'Times New Roman' not found.
[WARNING] [2026-07-28 16:12:42,595:matplotlib.font_manager] findfont: Font family 'Times New Roman' not found.
[WARNING] [2026-07-28 16:12:42,595:matplotlib.font_manager] findfont: Font family 'Times New Roman' not found.
[WARNING] [2026-07-28 16:12:42,597:matplotlib.font_manager] findfont: Font family 'Times New Roman' not found.
[WARNING] [2026-07-28 16:12:42,598:matplotlib.font_manager] findfont: Font family 'Times New Roman' not found.
[WARNING] [2026-07-28 16:12:42,599:matplotlib.font_manager] findfont: Font family 'Times New Roman' not found.
[WARNING] [2026-07-28 16:12:42,600:matplotlib.font_manager] findfont: Font family 'Times New Roman' not found.
[WARNING] [2026-07-28 16:12:42,601:matplotlib.font_manager] findfont: Font family 'Times New Roman' not found.
[WARNING] [2026-07-28 16:12:42,603:matplotlib.font_manager] findfont: Font family 'Times New Roman' not found.
[WARNING] [2026-07-28 16:12:42,604:matplotlib.font_manager] findfont: Font family 'Times New Roman' not found.
[WARNING] [2026-07-28 16:12:42,605:matplotlib.font_manager] findfont: Font family 'Times New Roman' not found.
[WARNING] [2026-07-28 16:12:42,607:matplotlib.font_manager] findfont: Font family 'Times New Roman' not found.
[WARNING] [2026-07-28 16:12:42,608:matplotlib.font_manager] findfont: Font family 'Times New Roman' not found.
[WARNING] [2026-07-28 16:12:42,609:matplotlib.font_manager] findfont: Font family 'Times New Roman' not found.
[WARNING] [2026-07-28 16:12:42,610:matplotlib.font_manager] findfont: Font family 'Times New Roman' not found.
[WARNING] [2026-07-28 16:12:42,611:matplotlib.font_manager] findfont: Font family 'Times New Roman' not found.
[WARNING] [2026-07-28 16:12:42,612:matplotlib.font_manager] findfont: Font family 'Times New Roman' not found.
[WARNING] [2026-07-28 16:12:42,613:matplotlib.font_manager] findfont: Font family 'Times New Roman' not found.
[WARNING] [2026-07-28 16:12:42,614:matplotlib.font_manager] findfont: Font family 'Times New Roman' not found.
[WARNING] [2026-07-28 16:12:42,615:matplotlib.font_manager] findfont: Font family 'Times New Roman' not found.
[WARNING] [2026-07-28 16:12:42,616:matplotlib.font_manager] findfont: Font family 'Times New Roman' not found.
[WARNING] [2026-07-28 16:12:42,617:matplotlib.font_manager] findfont: Font family 'Times New Roman' not found.
[WARNING] [2026-07-28 16:12:42,618:matplotlib.font_manager] findfont: Font family 'Times New Roman' not found.
[WARNING] [2026-07-28 16:12:42,619:matplotlib.font_manager] findfont: Font family 'Times New Roman' not found.
[WARNING] [2026-07-28 16:12:42,620:matplotlib.font_manager] findfont: Font family 'Times New Roman' not found.
[WARNING] [2026-07-28 16:12:42,620:matplotlib.font_manager] findfont: Font family 'Times New Roman' not found.
[WARNING] [2026-07-28 16:12:42,621:matplotlib.font_manager] findfont: Font family 'Times New Roman' not found.
[WARNING] [2026-07-28 16:12:42,622:matplotlib.font_manager] findfont: Font family 'Times New Roman' not found.
[WARNING] [2026-07-28 16:12:42,623:matplotlib.font_manager] findfont: Font family 'Times New Roman' not found.
[WARNING] [2026-07-28 16:12:42,624:matplotlib.font_manager] findfont: Font family 'Times New Roman' not found.
[WARNING] [2026-07-28 16:12:42,625:matplotlib.font_manager] findfont: Font family 'Times New Roman' not found.
[WARNING] [2026-07-28 16:12:42,626:matplotlib.font_manager] findfont: Font family 'Times New Roman' not found.
[WARNING] [2026-07-28 16:12:42,627:matplotlib.font_manager] findfont: Font family 'Times New Roman' not found.
[WARNING] [2026-07-28 16:12:42,628:matplotlib.font_manager] findfont: Font family 'Times New Roman' not found.
[WARNING] [2026-07-28 16:12:42,629:matplotlib.font_manager] findfont: Font family 'Times New Roman' not found.
[WARNING] [2026-07-28 16:12:42,630:matplotlib.font_manager] findfont: Font family 'Times New Roman' not found.
[WARNING] [2026-07-28 16:12:42,631:matplotlib.font_manager] findfont: Font family 'Times New Roman' not found.
[WARNING] [2026-07-28 16:12:42,632:matplotlib.font_manager] findfont: Font family 'Times New Roman' not found.
[WARNING] [2026-07-28 16:12:42,632:matplotlib.font_manager] findfont: Font family 'Times New Roman' not found.
[WARNING] [2026-07-28 16:12:42,633:matplotlib.font_manager] findfont: Font family 'Times New Roman' not found.
[WARNING] [2026-07-28 16:12:42,634:matplotlib.font_manager] findfont: Font family 'Times New Roman' not found.
[WARNING] [2026-07-28 16:12:42,635:matplotlib.font_manager] findfont: Font family 'Times New Roman' not found.
[WARNING] [2026-07-28 16:12:42,636:matplotlib.font_manager] findfont: Font family 'Times New Roman' not found.
[WARNING] [2026-07-28 16:12:42,637:matplotlib.font_manager] findfont: Font family 'Times New Roman' not found.
[WARNING] [2026-07-28 16:12:42,638:matplotlib.font_manager] findfont: Font family 'Times New Roman' not found.
[WARNING] [2026-07-28 16:12:42,639:matplotlib.font_manager] findfont: Font family 'Times New Roman' not found.
[WARNING] [2026-07-28 16:12:42,639:matplotlib.font_manager] findfont: Font family 'Times New Roman' not found.
[WARNING] [2026-07-28 16:12:42,640:matplotlib.font_manager] findfont: Font family 'Times New Roman' not found.
[WARNING] [2026-07-28 16:12:42,641:matplotlib.font_manager] findfont: Font family 'Times New Roman' not found.
[WARNING] [2026-07-28 16:12:42,642:matplotlib.font_manager] findfont: Font family 'Times New Roman' not found.
[WARNING] [2026-07-28 16:12:42,643:matplotlib.font_manager] findfont: Font family 'Times New Roman' not found.
[WARNING] [2026-07-28 16:12:42,644:matplotlib.font_manager] findfont: Font family 'Times New Roman' not found.
[WARNING] [2026-07-28 16:12:42,645:matplotlib.font_manager] findfont: Font family 'Times New Roman' not found.
[WARNING] [2026-07-28 16:12:42,646:matplotlib.font_manager] findfont: Font family 'Times New Roman' not found.
[WARNING] [2026-07-28 16:12:42,647:matplotlib.font_manager] findfont: Font family 'Times New Roman' not found.
[WARNING] [2026-07-28 16:12:42,648:matplotlib.font_manager] findfont: Font family 'Times New Roman' not found.
[WARNING] [2026-07-28 16:12:42,649:matplotlib.font_manager] findfont: Font family 'Times New Roman' not found.
[WARNING] [2026-07-28 16:12:42,649:matplotlib.font_manager] findfont: Font family 'Times New Roman' not found.
[WARNING] [2026-07-28 16:12:42,650:matplotlib.font_manager] findfont: Font family 'Times New Roman' not found.
[WARNING] [2026-07-28 16:12:42,651:matplotlib.font_manager] findfont: Font family 'Times New Roman' not found.
[WARNING] [2026-07-28 16:12:42,652:matplotlib.font_manager] findfont: Font family 'Times New Roman' not found.
[WARNING] [2026-07-28 16:12:42,653:matplotlib.font_manager] findfont: Font family 'Times New Roman' not found.
[WARNING] [2026-07-28 16:12:42,654:matplotlib.font_manager] findfont: Font family 'Times New Roman' not found.
[WARNING] [2026-07-28 16:12:42,655:matplotlib.font_manager] findfont: Font family 'Times New Roman' not found.
[WARNING] [2026-07-28 16:12:42,656:matplotlib.font_manager] findfont: Font family 'Times New Roman' not found.
[WARNING] [2026-07-28 16:12:42,657:matplotlib.font_manager] findfont: Font family 'Times New Roman' not found.
[WARNING] [2026-07-28 16:12:42,658:matplotlib.font_manager] findfont: Font family 'Times New Roman' not found.
[WARNING] [2026-07-28 16:12:42,659:matplotlib.font_manager] findfont: Font family 'Times New Roman' not found.
[WARNING] [2026-07-28 16:12:42,660:matplotlib.font_manager] findfont: Font family 'Times New Roman' not found.
[WARNING] [2026-07-28 16:12:42,661:matplotlib.font_manager] findfont: Font family 'Times New Roman' not found.
[WARNING] [2026-07-28 16:12:42,662:matplotlib.font_manager] findfont: Font family 'Times New Roman' not found.
[WARNING] [2026-07-28 16:12:42,662:matplotlib.font_manager] findfont: Font family 'Times New Roman' not found.
[WARNING] [2026-07-28 16:12:42,663:matplotlib.font_manager] findfont: Font family 'Times New Roman' not found.
[WARNING] [2026-07-28 16:12:42,664:matplotlib.font_manager] findfont: Font family 'Times New Roman' not found.
[WARNING] [2026-07-28 16:12:42,665:matplotlib.font_manager] findfont: Font family 'Times New Roman' not found.
[WARNING] [2026-07-28 16:12:42,666:matplotlib.font_manager] findfont: Font family 'Times New Roman' not found.
[WARNING] [2026-07-28 16:12:42,667:matplotlib.font_manager] findfont: Font family 'Times New Roman' not found.
[WARNING] [2026-07-28 16:12:42,668:matplotlib.font_manager] findfont: Font family 'Times New Roman' not found.
[WARNING] [2026-07-28 16:12:42,668:matplotlib.font_manager] findfont: Font family 'Times New Roman' not found.
[WARNING] [2026-07-28 16:12:42,669:matplotlib.font_manager] findfont: Font family 'Times New Roman' not found.
[WARNING] [2026-07-28 16:12:42,670:matplotlib.font_manager] findfont: Font family 'Times New Roman' not found.
[WARNING] [2026-07-28 16:12:42,672:matplotlib.font_manager] findfont: Font family 'Times New Roman' not found.
[WARNING] [2026-07-28 16:12:42,673:matplotlib.font_manager] findfont: Font family 'Times New Roman' not found.
[WARNING] [2026-07-28 16:12:42,674:matplotlib.font_manager] findfont: Font family 'Times New Roman' not found.
[WARNING] [2026-07-28 16:12:42,675:matplotlib.font_manager] findfont: Font family 'Times New Roman' not found.
[WARNING] [2026-07-28 16:12:42,676:matplotlib.font_manager] findfont: Font family 'Times New Roman' not found.
[WARNING] [2026-07-28 16:12:42,677:matplotlib.font_manager] findfont: Font family 'Times New Roman' not found.
[WARNING] [2026-07-28 16:12:42,678:matplotlib.font_manager] findfont: Font family 'Times New Roman' not found.
[WARNING] [2026-07-28 16:12:42,679:matplotlib.font_manager] findfont: Font family 'Times New Roman' not found.
[WARNING] [2026-07-28 16:12:42,680:matplotlib.font_manager] findfont: Font family 'Times New Roman' not found.
[WARNING] [2026-07-28 16:12:42,681:matplotlib.font_manager] findfont: Font family 'Times New Roman' not found.
[WARNING] [2026-07-28 16:12:42,682:matplotlib.font_manager] findfont: Font family 'Times New Roman' not found.
[WARNING] [2026-07-28 16:12:42,683:matplotlib.font_manager] findfont: Font family 'Times New Roman' not found.
[WARNING] [2026-07-28 16:12:42,684:matplotlib.font_manager] findfont: Font family 'Times New Roman' not found.
[WARNING] [2026-07-28 16:12:42,685:matplotlib.font_manager] findfont: Font family 'Times New Roman' not found.
[WARNING] [2026-07-28 16:12:42,686:matplotlib.font_manager] findfont: Font family 'Times New Roman' not found.
[WARNING] [2026-07-28 16:12:42,687:matplotlib.font_manager] findfont: Font family 'Times New Roman' not found.
[WARNING] [2026-07-28 16:12:42,688:matplotlib.font_manager] findfont: Font family 'Times New Roman' not found.
[WARNING] [2026-07-28 16:12:42,689:matplotlib.font_manager] findfont: Font family 'Times New Roman' not found.
[WARNING] [2026-07-28 16:12:42,689:matplotlib.font_manager] findfont: Font family 'Times New Roman' not found.
[WARNING] [2026-07-28 16:12:42,690:matplotlib.font_manager] findfont: Font family 'Times New Roman' not found.
[WARNING] [2026-07-28 16:12:42,691:matplotlib.font_manager] findfont: Font family 'Times New Roman' not found.
[WARNING] [2026-07-28 16:12:42,692:matplotlib.font_manager] findfont: Font family 'Times New Roman' not found.
[WARNING] [2026-07-28 16:12:42,693:matplotlib.font_manager] findfont: Font family 'Times New Roman' not found.
[WARNING] [2026-07-28 16:12:42,694:matplotlib.font_manager] findfont: Font family 'Times New Roman' not found.
[WARNING] [2026-07-28 16:12:42,695:matplotlib.font_manager] findfont: Font family 'Times New Roman' not found.
[WARNING] [2026-07-28 16:12:42,696:matplotlib.font_manager] findfont: Font family 'Times New Roman' not found.
[WARNING] [2026-07-28 16:12:42,697:matplotlib.font_manager] findfont: Font family 'Times New Roman' not found.
[WARNING] [2026-07-28 16:12:42,698:matplotlib.font_manager] findfont: Font family 'Times New Roman' not found.
[WARNING] [2026-07-28 16:12:42,699:matplotlib.font_manager] findfont: Font family 'Times New Roman' not found.
[WARNING] [2026-07-28 16:12:42,700:matplotlib.font_manager] findfont: Font family 'Times New Roman' not found.
[WARNING] [2026-07-28 16:12:42,701:matplotlib.font_manager] findfont: Font family 'Times New Roman' not found.
[WARNING] [2026-07-28 16:12:42,701:matplotlib.font_manager] findfont: Font family 'Times New Roman' not found.
[WARNING] [2026-07-28 16:12:42,702:matplotlib.font_manager] findfont: Font family 'Times New Roman' not found.
[WARNING] [2026-07-28 16:12:42,703:matplotlib.font_manager] findfont: Font family 'Times New Roman' not found.
[WARNING] [2026-07-28 16:12:42,704:matplotlib.font_manager] findfont: Font family 'Times New Roman' not found.
[WARNING] [2026-07-28 16:12:42,705:matplotlib.font_manager] findfont: Font family 'Times New Roman' not found.
[WARNING] [2026-07-28 16:12:42,706:matplotlib.font_manager] findfont: Font family 'Times New Roman' not found.
[WARNING] [2026-07-28 16:12:42,707:matplotlib.font_manager] findfont: Font family 'Times New Roman' not found.
[WARNING] [2026-07-28 16:12:42,709:matplotlib.font_manager] findfont: Font family 'Times New Roman' not found.
[WARNING] [2026-07-28 16:12:42,710:matplotlib.font_manager] findfont: Font family 'Times New Roman' not found.
[WARNING] [2026-07-28 16:12:42,711:matplotlib.font_manager] findfont: Font family 'Times New Roman' not found.
[WARNING] [2026-07-28 16:12:42,712:matplotlib.font_manager] findfont: Font family 'Times New Roman' not found.
[WARNING] [2026-07-28 16:12:42,713:matplotlib.font_manager] findfont: Font family 'Times New Roman' not found.
[WARNING] [2026-07-28 16:12:42,714:matplotlib.font_manager] findfont: Font family 'Times New Roman' not found.
[WARNING] [2026-07-28 16:12:42,715:matplotlib.font_manager] findfont: Font family 'Times New Roman' not found.
[WARNING] [2026-07-28 16:12:42,716:matplotlib.font_manager] findfont: Font family 'Times New Roman' not found.
[WARNING] [2026-07-28 16:12:42,717:matplotlib.font_manager] findfont: Font family 'Times New Roman' not found.
[WARNING] [2026-07-28 16:12:42,718:matplotlib.font_manager] findfont: Font family 'Times New Roman' not found.
[WARNING] [2026-07-28 16:12:42,719:matplotlib.font_manager] findfont: Font family 'Times New Roman' not found.
[WARNING] [2026-07-28 16:12:42,719:matplotlib.font_manager] findfont: Font family 'Times New Roman' not found.
[WARNING] [2026-07-28 16:12:42,720:matplotlib.font_manager] findfont: Font family 'Times New Roman' not found.
[WARNING] [2026-07-28 16:12:42,721:matplotlib.font_manager] findfont: Font family 'Times New Roman' not found.
[WARNING] [2026-07-28 16:12:42,722:matplotlib.font_manager] findfont: Font family 'Times New Roman' not found.
[WARNING] [2026-07-28 16:12:42,723:matplotlib.font_manager] findfont: Font family 'Times New Roman' not found.
[WARNING] [2026-07-28 16:12:42,724:matplotlib.font_manager] findfont: Font family 'Times New Roman' not found.
[WARNING] [2026-07-28 16:12:42,725:matplotlib.font_manager] findfont: Font family 'Times New Roman' not found.
[WARNING] [2026-07-28 16:12:42,725:matplotlib.font_manager] findfont: Font family 'Times New Roman' not found.
[WARNING] [2026-07-28 16:12:42,726:matplotlib.font_manager] findfont: Font family 'Times New Roman' not found.
[WARNING] [2026-07-28 16:12:42,727:matplotlib.font_manager] findfont: Font family 'Times New Roman' not found.
[WARNING] [2026-07-28 16:12:42,728:matplotlib.font_manager] findfont: Font family 'Times New Roman' not found.
[WARNING] [2026-07-28 16:12:42,729:matplotlib.font_manager] findfont: Font family 'Times New Roman' not found.
[WARNING] [2026-07-28 16:12:42,730:matplotlib.font_manager] findfont: Font family 'Times New Roman' not found.
[WARNING] [2026-07-28 16:12:42,731:matplotlib.font_manager] findfont: Font family 'Times New Roman' not found.
[WARNING] [2026-07-28 16:12:42,732:matplotlib.font_manager] findfont: Font family 'Times New Roman' not found.
[WARNING] [2026-07-28 16:12:42,733:matplotlib.font_manager] findfont: Font family 'Times New Roman' not found.
[WARNING] [2026-07-28 16:12:42,734:matplotlib.font_manager] findfont: Font family 'Times New Roman' not found.
[WARNING] [2026-07-28 16:12:42,735:matplotlib.font_manager] findfont: Font family 'Times New Roman' not found.
[WARNING] [2026-07-28 16:12:42,736:matplotlib.font_manager] findfont: Font family 'Times New Roman' not found.
[WARNING] [2026-07-28 16:12:42,736:matplotlib.font_manager] findfont: Font family 'Times New Roman' not found.
[WARNING] [2026-07-28 16:12:42,737:matplotlib.font_manager] findfont: Font family 'Times New Roman' not found.
[WARNING] [2026-07-28 16:12:42,738:matplotlib.font_manager] findfont: Font family 'Times New Roman' not found.
[WARNING] [2026-07-28 16:12:42,739:matplotlib.font_manager] findfont: Font family 'Times New Roman' not found.
[WARNING] [2026-07-28 16:12:42,739:matplotlib.font_manager] findfont: Font family 'Times New Roman' not found.
[WARNING] [2026-07-28 16:12:42,740:matplotlib.font_manager] findfont: Font family 'Times New Roman' not found.
[WARNING] [2026-07-28 16:12:42,741:matplotlib.font_manager] findfont: Font family 'Times New Roman' not found.
[WARNING] [2026-07-28 16:12:42,742:matplotlib.font_manager] findfont: Font family 'Times New Roman' not found.
[WARNING] [2026-07-28 16:12:42,743:matplotlib.font_manager] findfont: Font family 'Times New Roman' not found.
[WARNING] [2026-07-28 16:12:42,744:matplotlib.font_manager] findfont: Font family 'Times New Roman' not found.
[WARNING] [2026-07-28 16:12:42,745:matplotlib.font_manager] findfont: Font family 'Times New Roman' not found.
[WARNING] [2026-07-28 16:12:42,746:matplotlib.font_manager] findfont: Font family 'Times New Roman' not found.
[WARNING] [2026-07-28 16:12:42,747:matplotlib.font_manager] findfont: Font family 'Times New Roman' not found.
[WARNING] [2026-07-28 16:12:42,748:matplotlib.font_manager] findfont: Font family 'Times New Roman' not found.
[WARNING] [2026-07-28 16:12:42,748:matplotlib.font_manager] findfont: Font family 'Times New Roman' not found.
[WARNING] [2026-07-28 16:12:42,749:matplotlib.font_manager] findfont: Font family 'Times New Roman' not found.
[WARNING] [2026-07-28 16:12:42,750:matplotlib.font_manager] findfont: Font family 'Times New Roman' not found.
[WARNING] [2026-07-28 16:12:42,751:matplotlib.font_manager] findfont: Font family 'Times New Roman' not found.
[WARNING] [2026-07-28 16:12:42,752:matplotlib.font_manager] findfont: Font family 'Times New Roman' not found.
[WARNING] [2026-07-28 16:12:42,753:matplotlib.font_manager] findfont: Font family 'Times New Roman' not found.
[WARNING] [2026-07-28 16:12:42,754:matplotlib.font_manager] findfont: Font family 'Times New Roman' not found.
[WARNING] [2026-07-28 16:12:42,755:matplotlib.font_manager] findfont: Font family 'Times New Roman' not found.
[WARNING] [2026-07-28 16:12:42,756:matplotlib.font_manager] findfont: Font family 'Times New Roman' not found.
[WARNING] [2026-07-28 16:12:42,757:matplotlib.font_manager] findfont: Font family 'Times New Roman' not found.
[WARNING] [2026-07-28 16:12:42,758:matplotlib.font_manager] findfont: Font family 'Times New Roman' not found.
[WARNING] [2026-07-28 16:12:42,759:matplotlib.font_manager] findfont: Font family 'Times New Roman' not found.
[WARNING] [2026-07-28 16:12:42,761:matplotlib.font_manager] findfont: Font family 'Times New Roman' not found.
[WARNING] [2026-07-28 16:12:42,762:matplotlib.font_manager] findfont: Font family 'Times New Roman' not found.
[WARNING] [2026-07-28 16:12:42,764:matplotlib.font_manager] findfont: Font family 'Times New Roman' not found.
[WARNING] [2026-07-28 16:12:42,765:matplotlib.font_manager] findfont: Font family 'Times New Roman' not found.
[WARNING] [2026-07-28 16:12:42,766:matplotlib.font_manager] findfont: Font family 'Times New Roman' not found.
[WARNING] [2026-07-28 16:12:42,767:matplotlib.font_manager] findfont: Font family 'Times New Roman' not found.
[WARNING] [2026-07-28 16:12:42,769:matplotlib.font_manager] findfont: Font family 'Times New Roman' not found.
[WARNING] [2026-07-28 16:12:42,770:matplotlib.font_manager] findfont: Font family 'Times New Roman' not found.
[WARNING] [2026-07-28 16:12:42,771:matplotlib.font_manager] findfont: Font family 'Times New Roman' not found.
[WARNING] [2026-07-28 16:12:42,772:matplotlib.font_manager] findfont: Font family 'Times New Roman' not found.
[WARNING] [2026-07-28 16:12:42,773:matplotlib.font_manager] findfont: Font family 'Times New Roman' not found.
[WARNING] [2026-07-28 16:12:42,775:matplotlib.font_manager] findfont: Font family 'Times New Roman' not found.
[WARNING] [2026-07-28 16:12:42,776:matplotlib.font_manager] findfont: Font family 'Times New Roman' not found.
[WARNING] [2026-07-28 16:12:42,776:matplotlib.font_manager] findfont: Font family 'Times New Roman' not found.
[WARNING] [2026-07-28 16:12:42,778:matplotlib.font_manager] findfont: Font family 'Times New Roman' not found.
[WARNING] [2026-07-28 16:12:42,779:matplotlib.font_manager] findfont: Font family 'Times New Roman' not found.
[WARNING] [2026-07-28 16:12:42,780:matplotlib.font_manager] findfont: Font family 'Times New Roman' not found.
[WARNING] [2026-07-28 16:12:42,781:matplotlib.font_manager] findfont: Font family 'Times New Roman' not found.
[WARNING] [2026-07-28 16:12:42,782:matplotlib.font_manager] findfont: Font family 'Times New Roman' not found.
[WARNING] [2026-07-28 16:12:42,783:matplotlib.font_manager] findfont: Font family 'Times New Roman' not found.
[WARNING] [2026-07-28 16:12:42,784:matplotlib.font_manager] findfont: Font family 'Times New Roman' not found.
[WARNING] [2026-07-28 16:12:42,785:matplotlib.font_manager] findfont: Font family 'Times New Roman' not found.
[WARNING] [2026-07-28 16:12:42,786:matplotlib.font_manager] findfont: Font family 'Times New Roman' not found.
[WARNING] [2026-07-28 16:12:42,788:matplotlib.font_manager] findfont: Font family 'Times New Roman' not found.
[WARNING] [2026-07-28 16:12:42,789:matplotlib.font_manager] findfont: Font family 'Times New Roman' not found.
[WARNING] [2026-07-28 16:12:42,790:matplotlib.font_manager] findfont: Font family 'Times New Roman' not found.
[WARNING] [2026-07-28 16:12:42,791:matplotlib.font_manager] findfont: Font family 'Times New Roman' not found.
[WARNING] [2026-07-28 16:12:42,793:matplotlib.font_manager] findfont: Font family 'Times New Roman' not found.
[WARNING] [2026-07-28 16:12:42,794:matplotlib.font_manager] findfont: Font family 'Times New Roman' not found.
[WARNING] [2026-07-28 16:12:42,795:matplotlib.font_manager] findfont: Font family 'Times New Roman' not found.
[WARNING] [2026-07-28 16:12:42,797:matplotlib.font_manager] findfont: Font family 'Times New Roman' not found.
[WARNING] [2026-07-28 16:12:42,798:matplotlib.font_manager] findfont: Font family 'Times New Roman' not found.
[WARNING] [2026-07-28 16:12:42,799:matplotlib.font_manager] findfont: Font family 'Times New Roman' not found.
[WARNING] [2026-07-28 16:12:42,800:matplotlib.font_manager] findfont: Font family 'Times New Roman' not found.
[WARNING] [2026-07-28 16:12:42,801:matplotlib.font_manager] findfont: Font family 'Times New Roman' not found.
[WARNING] [2026-07-28 16:12:42,803:matplotlib.font_manager] findfont: Font family 'Times New Roman' not found.
[WARNING] [2026-07-28 16:12:42,804:matplotlib.font_manager] findfont: Font family 'Times New Roman' not found.
[WARNING] [2026-07-28 16:12:42,805:matplotlib.font_manager] findfont: Font family 'Times New Roman' not found.
[WARNING] [2026-07-28 16:12:42,806:matplotlib.font_manager] findfont: Font family 'Times New Roman' not found.
[WARNING] [2026-07-28 16:12:42,807:matplotlib.font_manager] findfont: Font family 'Times New Roman' not found.
[WARNING] [2026-07-28 16:12:42,808:matplotlib.font_manager] findfont: Font family 'Times New Roman' not found.
[WARNING] [2026-07-28 16:12:42,810:matplotlib.font_manager] findfont: Font family 'Times New Roman' not found.
[WARNING] [2026-07-28 16:12:42,811:matplotlib.font_manager] findfont: Font family 'Times New Roman' not found.
[WARNING] [2026-07-28 16:12:42,812:matplotlib.font_manager] findfont: Font family 'Times New Roman' not found.
[WARNING] [2026-07-28 16:12:42,813:matplotlib.font_manager] findfont: Font family 'Times New Roman' not found.
[WARNING] [2026-07-28 16:12:42,814:matplotlib.font_manager] findfont: Font family 'Times New Roman' not found.
[WARNING] [2026-07-28 16:12:42,816:matplotlib.font_manager] findfont: Font family 'Times New Roman' not found.
[WARNING] [2026-07-28 16:12:42,817:matplotlib.font_manager] findfont: Font family 'Times New Roman' not found.
[WARNING] [2026-07-28 16:12:42,818:matplotlib.font_manager] findfont: Font family 'Times New Roman' not found.
[WARNING] [2026-07-28 16:12:42,819:matplotlib.font_manager] findfont: Font family 'Times New Roman' not found.
[WARNING] [2026-07-28 16:12:42,820:matplotlib.font_manager] findfont: Font family 'Times New Roman' not found.
[WARNING] [2026-07-28 16:12:42,821:matplotlib.font_manager] findfont: Font family 'Times New Roman' not found.
[WARNING] [2026-07-28 16:12:42,823:matplotlib.font_manager] findfont: Font family 'Times New Roman' not found.
[WARNING] [2026-07-28 16:12:42,824:matplotlib.font_manager] findfont: Font family 'Times New Roman' not found.
[WARNING] [2026-07-28 16:12:42,825:matplotlib.font_manager] findfont: Font family 'Times New Roman' not found.
[WARNING] [2026-07-28 16:12:42,826:matplotlib.font_manager] findfont: Font family 'Times New Roman' not found.
[WARNING] [2026-07-28 16:12:42,828:matplotlib.font_manager] findfont: Font family 'Times New Roman' not found.
[WARNING] [2026-07-28 16:12:42,829:matplotlib.font_manager] findfont: Font family 'Times New Roman' not found.
[WARNING] [2026-07-28 16:12:42,830:matplotlib.font_manager] findfont: Font family 'Times New Roman' not found.
[WARNING] [2026-07-28 16:12:42,831:matplotlib.font_manager] findfont: Font family 'Times New Roman' not found.
[WARNING] [2026-07-28 16:12:42,833:matplotlib.font_manager] findfont: Font family 'Times New Roman' not found.
[WARNING] [2026-07-28 16:12:42,834:matplotlib.font_manager] findfont: Font family 'Times New Roman' not found.
[WARNING] [2026-07-28 16:12:42,835:matplotlib.font_manager] findfont: Font family 'Times New Roman' not found.
[WARNING] [2026-07-28 16:12:42,837:matplotlib.font_manager] findfont: Font family 'Times New Roman' not found.
[WARNING] [2026-07-28 16:12:42,838:matplotlib.font_manager] findfont: Font family 'Times New Roman' not found.
[WARNING] [2026-07-28 16:12:42,839:matplotlib.font_manager] findfont: Font family 'Times New Roman' not found.
[WARNING] [2026-07-28 16:12:42,840:matplotlib.font_manager] findfont: Font family 'Times New Roman' not found.
[WARNING] [2026-07-28 16:12:42,841:matplotlib.font_manager] findfont: Font family 'Times New Roman' not found.
[WARNING] [2026-07-28 16:12:42,843:matplotlib.font_manager] findfont: Font family 'Times New Roman' not found.
[WARNING] [2026-07-28 16:12:42,844:matplotlib.font_manager] findfont: Font family 'Times New Roman' not found.
[WARNING] [2026-07-28 16:12:42,845:matplotlib.font_manager] findfont: Font family 'Times New Roman' not found.
[WARNING] [2026-07-28 16:12:42,846:matplotlib.font_manager] findfont: Font family 'Times New Roman' not found.
[WARNING] [2026-07-28 16:12:42,847:matplotlib.font_manager] findfont: Font family 'Times New Roman' not found.
[WARNING] [2026-07-28 16:12:42,848:matplotlib.font_manager] findfont: Font family 'Times New Roman' not found.
[WARNING] [2026-07-28 16:12:42,849:matplotlib.font_manager] findfont: Font family 'Times New Roman' not found.
[WARNING] [2026-07-28 16:12:42,850:matplotlib.font_manager] findfont: Font family 'Times New Roman' not found.
[WARNING] [2026-07-28 16:12:42,851:matplotlib.font_manager] findfont: Font family 'Times New Roman' not found.
[WARNING] [2026-07-28 16:12:42,851:matplotlib.font_manager] findfont: Font family 'Times New Roman' not found.
[WARNING] [2026-07-28 16:12:42,852:matplotlib.font_manager] findfont: Font family 'Times New Roman' not found.
[WARNING] [2026-07-28 16:12:42,853:matplotlib.font_manager] findfont: Font family 'Times New Roman' not found.
[WARNING] [2026-07-28 16:12:42,854:matplotlib.font_manager] findfont: Font family 'Times New Roman' not found.
[WARNING] [2026-07-28 16:12:42,855:matplotlib.font_manager] findfont: Font family 'Times New Roman' not found.
[WARNING] [2026-07-28 16:12:42,856:matplotlib.font_manager] findfont: Font family 'Times New Roman' not found.
[WARNING] [2026-07-28 16:12:42,857:matplotlib.font_manager] findfont: Font family 'Times New Roman' not found.
[WARNING] [2026-07-28 16:12:42,857:matplotlib.font_manager] findfont: Font family 'Times New Roman' not found.
[WARNING] [2026-07-28 16:12:42,858:matplotlib.font_manager] findfont: Font family 'Times New Roman' not found.
[WARNING] [2026-07-28 16:12:42,859:matplotlib.font_manager] findfont: Font family 'Times New Roman' not found.
[WARNING] [2026-07-28 16:12:42,860:matplotlib.font_manager] findfont: Font family 'Times New Roman' not found.
[WARNING] [2026-07-28 16:12:42,861:matplotlib.font_manager] findfont: Font family 'Times New Roman' not found.
[WARNING] [2026-07-28 16:12:42,862:matplotlib.font_manager] findfont: Font family 'Times New Roman' not found.
[WARNING] [2026-07-28 16:12:42,862:matplotlib.font_manager] findfont: Font family 'Times New Roman' not found.
[WARNING] [2026-07-28 16:12:42,863:matplotlib.font_manager] findfont: Font family 'Times New Roman' not found.
[WARNING] [2026-07-28 16:12:42,864:matplotlib.font_manager] findfont: Font family 'Times New Roman' not found.
[WARNING] [2026-07-28 16:12:42,865:matplotlib.font_manager] findfont: Font family 'Times New Roman' not found.
[WARNING] [2026-07-28 16:12:42,866:matplotlib.font_manager] findfont: Font family 'Times New Roman' not found.
[WARNING] [2026-07-28 16:12:42,867:matplotlib.font_manager] findfont: Font family 'Times New Roman' not found.
[WARNING] [2026-07-28 16:12:42,868:matplotlib.font_manager] findfont: Font family 'Times New Roman' not found.
[WARNING] [2026-07-28 16:12:42,869:matplotlib.font_manager] findfont: Font family 'Times New Roman' not found.
[WARNING] [2026-07-28 16:12:42,870:matplotlib.font_manager] findfont: Font family 'Times New Roman' not found.
[WARNING] [2026-07-28 16:12:42,871:matplotlib.font_manager] findfont: Font family 'Times New Roman' not found.
[WARNING] [2026-07-28 16:12:42,872:matplotlib.font_manager] findfont: Font family 'Times New Roman' not found.
[WARNING] [2026-07-28 16:12:42,873:matplotlib.font_manager] findfont: Font family 'Times New Roman' not found.
[WARNING] [2026-07-28 16:12:42,874:matplotlib.font_manager] findfont: Font family 'Times New Roman' not found.
[WARNING] [2026-07-28 16:12:42,875:matplotlib.font_manager] findfont: Font family 'Times New Roman' not found.
[WARNING] [2026-07-28 16:12:42,876:matplotlib.font_manager] findfont: Font family 'Times New Roman' not found.
[WARNING] [2026-07-28 16:12:42,877:matplotlib.font_manager] findfont: Font family 'Times New Roman' not found.
[WARNING] [2026-07-28 16:12:42,877:matplotlib.font_manager] findfont: Font family 'Times New Roman' not found.
[WARNING] [2026-07-28 16:12:42,878:matplotlib.font_manager] findfont: Font family 'Times New Roman' not found.
[WARNING] [2026-07-28 16:12:42,879:matplotlib.font_manager] findfont: Font family 'Times New Roman' not found.
[WARNING] [2026-07-28 16:12:42,880:matplotlib.font_manager] findfont: Font family 'Times New Roman' not found.
[WARNING] [2026-07-28 16:12:42,881:matplotlib.font_manager] findfont: Font family 'Times New Roman' not found.
[WARNING] [2026-07-28 16:12:42,882:matplotlib.font_manager] findfont: Font family 'Times New Roman' not found.
[WARNING] [2026-07-28 16:12:42,883:matplotlib.font_manager] findfont: Font family 'Times New Roman' not found.
[WARNING] [2026-07-28 16:12:42,884:matplotlib.font_manager] findfont: Font family 'Times New Roman' not found.
[WARNING] [2026-07-28 16:12:42,885:matplotlib.font_manager] findfont: Font family 'Times New Roman' not found.
[WARNING] [2026-07-28 16:12:42,886:matplotlib.font_manager] findfont: Font family 'Times New Roman' not found.
[WARNING] [2026-07-28 16:12:42,887:matplotlib.font_manager] findfont: Font family 'Times New Roman' not found.
[WARNING] [2026-07-28 16:12:42,887:matplotlib.font_manager] findfont: Font family 'Times New Roman' not found.
[WARNING] [2026-07-28 16:12:42,888:matplotlib.font_manager] findfont: Font family 'Times New Roman' not found.
[WARNING] [2026-07-28 16:12:42,889:matplotlib.font_manager] findfont: Font family 'Times New Roman' not found.
[WARNING] [2026-07-28 16:12:42,890:matplotlib.font_manager] findfont: Font family 'Times New Roman' not found.
[WARNING] [2026-07-28 16:12:42,891:matplotlib.font_manager] findfont: Font family 'Times New Roman' not found.
[WARNING] [2026-07-28 16:12:42,892:matplotlib.font_manager] findfont: Font family 'Times New Roman' not found.
[WARNING] [2026-07-28 16:12:42,893:matplotlib.font_manager] findfont: Font family 'Times New Roman' not found.
[WARNING] [2026-07-28 16:12:42,894:matplotlib.font_manager] findfont: Font family 'Times New Roman' not found.
[WARNING] [2026-07-28 16:12:42,894:matplotlib.font_manager] findfont: Font family 'Times New Roman' not found.
[WARNING] [2026-07-28 16:12:42,895:matplotlib.font_manager] findfont: Font family 'Times New Roman' not found.
[WARNING] [2026-07-28 16:12:42,896:matplotlib.font_manager] findfont: Font family 'Times New Roman' not found.
[WARNING] [2026-07-28 16:12:42,897:matplotlib.font_manager] findfont: Font family 'Times New Roman' not found.
[WARNING] [2026-07-28 16:12:42,898:matplotlib.font_manager] findfont: Font family 'Times New Roman' not found.
[WARNING] [2026-07-28 16:12:42,899:matplotlib.font_manager] findfont: Font family 'Times New Roman' not found.
[WARNING] [2026-07-28 16:12:42,900:matplotlib.font_manager] findfont: Font family 'Times New Roman' not found.
[WARNING] [2026-07-28 16:12:42,901:matplotlib.font_manager] findfont: Font family 'Times New Roman' not found.
[WARNING] [2026-07-28 16:12:42,902:matplotlib.font_manager] findfont: Font family 'Times New Roman' not found.
[WARNING] [2026-07-28 16:12:42,903:matplotlib.font_manager] findfont: Font family 'Times New Roman' not found.
[WARNING] [2026-07-28 16:12:42,904:matplotlib.font_manager] findfont: Font family 'Times New Roman' not found.
[WARNING] [2026-07-28 16:12:42,904:matplotlib.font_manager] findfont: Font family 'Times New Roman' not found.
[WARNING] [2026-07-28 16:12:42,905:matplotlib.font_manager] findfont: Font family 'Times New Roman' not found.
[WARNING] [2026-07-28 16:12:42,906:matplotlib.font_manager] findfont: Font family 'Times New Roman' not found.
[WARNING] [2026-07-28 16:12:42,907:matplotlib.font_manager] findfont: Font family 'Times New Roman' not found.
[WARNING] [2026-07-28 16:12:42,908:matplotlib.font_manager] findfont: Font family 'Times New Roman' not found.
[WARNING] [2026-07-28 16:12:42,909:matplotlib.font_manager] findfont: Font family 'Times New Roman' not found.
[WARNING] [2026-07-28 16:12:42,910:matplotlib.font_manager] findfont: Font family 'Times New Roman' not found.
[WARNING] [2026-07-28 16:12:42,911:matplotlib.font_manager] findfont: Font family 'Times New Roman' not found.
[WARNING] [2026-07-28 16:12:42,912:matplotlib.font_manager] findfont: Font family 'Times New Roman' not found.
[WARNING] [2026-07-28 16:12:42,913:matplotlib.font_manager] findfont: Font family 'Times New Roman' not found.
[WARNING] [2026-07-28 16:12:42,914:matplotlib.font_manager] findfont: Font family 'Times New Roman' not found.
[WARNING] [2026-07-28 16:12:42,915:matplotlib.font_manager] findfont: Font family 'Times New Roman' not found.
[WARNING] [2026-07-28 16:12:42,916:matplotlib.font_manager] findfont: Font family 'Times New Roman' not found.
[WARNING] [2026-07-28 16:12:42,917:matplotlib.font_manager] findfont: Font family 'Times New Roman' not found.
[WARNING] [2026-07-28 16:12:42,918:matplotlib.font_manager] findfont: Font family 'Times New Roman' not found.
[WARNING] [2026-07-28 16:12:42,919:matplotlib.font_manager] findfont: Font family 'Times New Roman' not found.
[WARNING] [2026-07-28 16:12:42,920:matplotlib.font_manager] findfont: Font family 'Times New Roman' not found.
[WARNING] [2026-07-28 16:12:42,921:matplotlib.font_manager] findfont: Font family 'Times New Roman' not found.
[WARNING] [2026-07-28 16:12:42,921:matplotlib.font_manager] findfont: Font family 'Times New Roman' not found.
[WARNING] [2026-07-28 16:12:42,922:matplotlib.font_manager] findfont: Font family 'Times New Roman' not found.
[WARNING] [2026-07-28 16:12:42,923:matplotlib.font_manager] findfont: Font family 'Times New Roman' not found.
[WARNING] [2026-07-28 16:12:42,924:matplotlib.font_manager] findfont: Font family 'Times New Roman' not found.
[WARNING] [2026-07-28 16:12:42,925:matplotlib.font_manager] findfont: Font family 'Times New Roman' not found.
[WARNING] [2026-07-28 16:12:42,926:matplotlib.font_manager] findfont: Font family 'Times New Roman' not found.
[WARNING] [2026-07-28 16:12:42,927:matplotlib.font_manager] findfont: Font family 'Times New Roman' not found.
[WARNING] [2026-07-28 16:12:42,927:matplotlib.font_manager] findfont: Font family 'Times New Roman' not found.
[WARNING] [2026-07-28 16:12:42,928:matplotlib.font_manager] findfont: Font family 'Times New Roman' not found.
[WARNING] [2026-07-28 16:12:42,929:matplotlib.font_manager] findfont: Font family 'Times New Roman' not found.
[WARNING] [2026-07-28 16:12:42,930:matplotlib.font_manager] findfont: Font family 'Times New Roman' not found.
[WARNING] [2026-07-28 16:12:42,931:matplotlib.font_manager] findfont: Font family 'Times New Roman' not found.
[WARNING] [2026-07-28 16:12:42,932:matplotlib.font_manager] findfont: Font family 'Times New Roman' not found.
[WARNING] [2026-07-28 16:12:42,933:matplotlib.font_manager] findfont: Font family 'Times New Roman' not found.
[WARNING] [2026-07-28 16:12:42,934:matplotlib.font_manager] findfont: Font family 'Times New Roman' not found.
[WARNING] [2026-07-28 16:12:42,935:matplotlib.font_manager] findfont: Font family 'Times New Roman' not found.
[WARNING] [2026-07-28 16:12:42,936:matplotlib.font_manager] findfont: Font family 'Times New Roman' not found.
[WARNING] [2026-07-28 16:12:42,937:matplotlib.font_manager] findfont: Font family 'Times New Roman' not found.
[WARNING] [2026-07-28 16:12:42,938:matplotlib.font_manager] findfont: Font family 'Times New Roman' not found.
[WARNING] [2026-07-28 16:12:42,938:matplotlib.font_manager] findfont: Font family 'Times New Roman' not found.
[WARNING] [2026-07-28 16:12:42,939:matplotlib.font_manager] findfont: Font family 'Times New Roman' not found.
[WARNING] [2026-07-28 16:12:42,940:matplotlib.font_manager] findfont: Font family 'Times New Roman' not found.
[WARNING] [2026-07-28 16:12:42,941:matplotlib.font_manager] findfont: Font family 'Times New Roman' not found.
[WARNING] [2026-07-28 16:12:42,942:matplotlib.font_manager] findfont: Font family 'Times New Roman' not found.
[WARNING] [2026-07-28 16:12:42,943:matplotlib.font_manager] findfont: Font family 'Times New Roman' not found.
[WARNING] [2026-07-28 16:12:42,944:matplotlib.font_manager] findfont: Font family 'Times New Roman' not found.
[WARNING] [2026-07-28 16:12:42,945:matplotlib.font_manager] findfont: Font family 'Times New Roman' not found.
[WARNING] [2026-07-28 16:12:42,946:matplotlib.font_manager] findfont: Font family 'Times New Roman' not found.
[WARNING] [2026-07-28 16:12:42,947:matplotlib.font_manager] findfont: Font family 'Times New Roman' not found.
[WARNING] [2026-07-28 16:12:42,948:matplotlib.font_manager] findfont: Font family 'Times New Roman' not found.
[WARNING] [2026-07-28 16:12:42,949:matplotlib.font_manager] findfont: Font family 'Times New Roman' not found.
[WARNING] [2026-07-28 16:12:42,950:matplotlib.font_manager] findfont: Font family 'Times New Roman' not found.
[WARNING] [2026-07-28 16:12:42,951:matplotlib.font_manager] findfont: Font family 'Times New Roman' not found.
[WARNING] [2026-07-28 16:12:42,952:matplotlib.font_manager] findfont: Font family 'Times New Roman' not found.
[WARNING] [2026-07-28 16:12:42,953:matplotlib.font_manager] findfont: Font family 'Times New Roman' not found.
[WARNING] [2026-07-28 16:12:42,953:matplotlib.font_manager] findfont: Font family 'Times New Roman' not found.
[WARNING] [2026-07-28 16:12:42,954:matplotlib.font_manager] findfont: Font family 'Times New Roman' not found.
[WARNING] [2026-07-28 16:12:42,955:matplotlib.font_manager] findfont: Font family 'Times New Roman' not found.
[WARNING] [2026-07-28 16:12:42,956:matplotlib.font_manager] findfont: Font family 'Times New Roman' not found.
[WARNING] [2026-07-28 16:12:42,957:matplotlib.font_manager] findfont: Font family 'Times New Roman' not found.
[WARNING] [2026-07-28 16:12:42,958:matplotlib.font_manager] findfont: Font family 'Times New Roman' not found.
[WARNING] [2026-07-28 16:12:42,959:matplotlib.font_manager] findfont: Font family 'Times New Roman' not found.
[WARNING] [2026-07-28 16:12:42,960:matplotlib.font_manager] findfont: Font family 'Times New Roman' not found.
[WARNING] [2026-07-28 16:12:42,962:matplotlib.font_manager] findfont: Font family 'Times New Roman' not found.
[WARNING] [2026-07-28 16:12:42,962:matplotlib.font_manager] findfont: Font family 'Times New Roman' not found.
[WARNING] [2026-07-28 16:12:42,963:matplotlib.font_manager] findfont: Font family 'Times New Roman' not found.
[WARNING] [2026-07-28 16:12:42,965:matplotlib.font_manager] findfont: Font family 'Times New Roman' not found.
[WARNING] [2026-07-28 16:12:42,966:matplotlib.font_manager] findfont: Font family 'Times New Roman' not found.
[WARNING] [2026-07-28 16:12:42,967:matplotlib.font_manager] findfont: Font family 'Times New Roman' not found.
[WARNING] [2026-07-28 16:12:42,969:matplotlib.font_manager] findfont: Font family 'Times New Roman' not found.
[WARNING] [2026-07-28 16:12:42,970:matplotlib.font_manager] findfont: Font family 'Times New Roman' not found.
[WARNING] [2026-07-28 16:12:42,971:matplotlib.font_manager] findfont: Font family 'Times New Roman' not found.
[WARNING] [2026-07-28 16:12:42,972:matplotlib.font_manager] findfont: Font family 'Times New Roman' not found.
[WARNING] [2026-07-28 16:12:42,973:matplotlib.font_manager] findfont: Font family 'Times New Roman' not found.
[WARNING] [2026-07-28 16:12:42,975:matplotlib.font_manager] findfont: Font family 'Times New Roman' not found.
[WARNING] [2026-07-28 16:12:42,976:matplotlib.font_manager] findfont: Font family 'Times New Roman' not found.
[WARNING] [2026-07-28 16:12:42,977:matplotlib.font_manager] findfont: Font family 'Times New Roman' not found.
[WARNING] [2026-07-28 16:12:42,978:matplotlib.font_manager] findfont: Font family 'Times New Roman' not found.
[WARNING] [2026-07-28 16:12:42,979:matplotlib.font_manager] findfont: Font family 'Times New Roman' not found.
[WARNING] [2026-07-28 16:12:42,981:matplotlib.font_manager] findfont: Font family 'Times New Roman' not found.
[WARNING] [2026-07-28 16:12:42,982:matplotlib.font_manager] findfont: Font family 'Times New Roman' not found.
[WARNING] [2026-07-28 16:12:42,983:matplotlib.font_manager] findfont: Font family 'Times New Roman' not found.
[WARNING] [2026-07-28 16:12:42,984:matplotlib.font_manager] findfont: Font family 'Times New Roman' not found.
[WARNING] [2026-07-28 16:12:42,986:matplotlib.font_manager] findfont: Font family 'Times New Roman' not found.
[WARNING] [2026-07-28 16:12:42,987:matplotlib.font_manager] findfont: Font family 'Times New Roman' not found.
[WARNING] [2026-07-28 16:12:42,988:matplotlib.font_manager] findfont: Font family 'Times New Roman' not found.
[WARNING] [2026-07-28 16:12:42,989:matplotlib.font_manager] findfont: Font family 'Times New Roman' not found.
[WARNING] [2026-07-28 16:12:42,990:matplotlib.font_manager] findfont: Font family 'Times New Roman' not found.
[WARNING] [2026-07-28 16:12:42,992:matplotlib.font_manager] findfont: Font family 'Times New Roman' not found.
[WARNING] [2026-07-28 16:12:42,993:matplotlib.font_manager] findfont: Font family 'Times New Roman' not found.
[WARNING] [2026-07-28 16:12:42,994:matplotlib.font_manager] findfont: Font family 'Times New Roman' not found.
[WARNING] [2026-07-28 16:12:42,995:matplotlib.font_manager] findfont: Font family 'Times New Roman' not found.
[WARNING] [2026-07-28 16:12:42,996:matplotlib.font_manager] findfont: Font family 'Times New Roman' not found.
[WARNING] [2026-07-28 16:12:42,998:matplotlib.font_manager] findfont: Font family 'Times New Roman' not found.
[WARNING] [2026-07-28 16:12:42,999:matplotlib.font_manager] findfont: Font family 'Times New Roman' not found.
[WARNING] [2026-07-28 16:12:43,000:matplotlib.font_manager] findfont: Font family 'Times New Roman' not found.
[WARNING] [2026-07-28 16:12:43,001:matplotlib.font_manager] findfont: Font family 'Times New Roman' not found.
[WARNING] [2026-07-28 16:12:43,002:matplotlib.font_manager] findfont: Font family 'Times New Roman' not found.
[WARNING] [2026-07-28 16:12:43,004:matplotlib.font_manager] findfont: Font family 'Times New Roman' not found.
[WARNING] [2026-07-28 16:12:43,005:matplotlib.font_manager] findfont: Font family 'Times New Roman' not found.
[WARNING] [2026-07-28 16:12:43,006:matplotlib.font_manager] findfont: Font family 'Times New Roman' not found.
[WARNING] [2026-07-28 16:12:43,007:matplotlib.font_manager] findfont: Font family 'Times New Roman' not found.
[WARNING] [2026-07-28 16:12:43,007:matplotlib.font_manager] findfont: Font family 'Times New Roman' not found.
[WARNING] [2026-07-28 16:12:43,008:matplotlib.font_manager] findfont: Font family 'Times New Roman' not found.
[WARNING] [2026-07-28 16:12:43,009:matplotlib.font_manager] findfont: Font family 'Times New Roman' not found.
[WARNING] [2026-07-28 16:12:43,010:matplotlib.font_manager] findfont: Font family 'Times New Roman' not found.
[WARNING] [2026-07-28 16:12:43,011:matplotlib.font_manager] findfont: Font family 'Times New Roman' not found.
[WARNING] [2026-07-28 16:12:43,013:matplotlib.font_manager] findfont: Font family 'Times New Roman' not found.
[WARNING] [2026-07-28 16:12:43,014:matplotlib.font_manager] findfont: Font family 'Times New Roman' not found.
[WARNING] [2026-07-28 16:12:43,015:matplotlib.font_manager] findfont: Font family 'Times New Roman' not found.
[WARNING] [2026-07-28 16:12:43,016:matplotlib.font_manager] findfont: Font family 'Times New Roman' not found.
[WARNING] [2026-07-28 16:12:43,018:matplotlib.font_manager] findfont: Font family 'Times New Roman' not found.
[WARNING] [2026-07-28 16:12:43,019:matplotlib.font_manager] findfont: Font family 'Times New Roman' not found.
[WARNING] [2026-07-28 16:12:43,020:matplotlib.font_manager] findfont: Font family 'Times New Roman' not found.
[WARNING] [2026-07-28 16:12:43,021:matplotlib.font_manager] findfont: Font family 'Times New Roman' not found.
[WARNING] [2026-07-28 16:12:43,023:matplotlib.font_manager] findfont: Font family 'Times New Roman' not found.
[WARNING] [2026-07-28 16:12:43,024:matplotlib.font_manager] findfont: Font family 'Times New Roman' not found.
[WARNING] [2026-07-28 16:12:43,025:matplotlib.font_manager] findfont: Font family 'Times New Roman' not found.
[WARNING] [2026-07-28 16:12:43,026:matplotlib.font_manager] findfont: Font family 'Times New Roman' not found.
[WARNING] [2026-07-28 16:12:43,027:matplotlib.font_manager] findfont: Font family 'Times New Roman' not found.
[WARNING] [2026-07-28 16:12:43,029:matplotlib.font_manager] findfont: Font family 'Times New Roman' not found.
[WARNING] [2026-07-28 16:12:43,030:matplotlib.font_manager] findfont: Font family 'Times New Roman' not found.
[WARNING] [2026-07-28 16:12:43,031:matplotlib.font_manager] findfont: Font family 'Times New Roman' not found.
[WARNING] [2026-07-28 16:12:43,032:matplotlib.font_manager] findfont: Font family 'Times New Roman' not found.
[WARNING] [2026-07-28 16:12:43,033:matplotlib.font_manager] findfont: Font family 'Times New Roman' not found.
[WARNING] [2026-07-28 16:12:43,034:matplotlib.font_manager] findfont: Font family 'Times New Roman' not found.
[WARNING] [2026-07-28 16:12:43,035:matplotlib.font_manager] findfont: Font family 'Times New Roman' not found.
[WARNING] [2026-07-28 16:12:43,036:matplotlib.font_manager] findfont: Font family 'Times New Roman' not found.
[WARNING] [2026-07-28 16:12:43,037:matplotlib.font_manager] findfont: Font family 'Times New Roman' not found.
[WARNING] [2026-07-28 16:12:43,039:matplotlib.font_manager] findfont: Font family 'Times New Roman' not found.
[WARNING] [2026-07-28 16:12:43,041:matplotlib.font_manager] findfont: Font family 'Times New Roman' not found.
[WARNING] [2026-07-28 16:12:43,043:matplotlib.font_manager] findfont: Font family 'Times New Roman' not found.
[WARNING] [2026-07-28 16:12:43,044:matplotlib.font_manager] findfont: Font family 'Times New Roman' not found.
[WARNING] [2026-07-28 16:12:43,045:matplotlib.font_manager] findfont: Font family 'Times New Roman' not found.
[WARNING] [2026-07-28 16:12:43,046:matplotlib.font_manager] findfont: Font family 'Times New Roman' not found.
[WARNING] [2026-07-28 16:12:43,048:matplotlib.font_manager] findfont: Font family 'Times New Roman' not found.
[WARNING] [2026-07-28 16:12:43,049:matplotlib.font_manager] findfont: Font family 'Times New Roman' not found.
[WARNING] [2026-07-28 16:12:43,050:matplotlib.font_manager] findfont: Font family 'Times New Roman' not found.
[WARNING] [2026-07-28 16:12:43,051:matplotlib.font_manager] findfont: Font family 'Times New Roman' not found.
[WARNING] [2026-07-28 16:12:43,052:matplotlib.font_manager] findfont: Font family 'Times New Roman' not found.
[WARNING] [2026-07-28 16:12:43,054:matplotlib.font_manager] findfont: Font family 'Times New Roman' not found.
[WARNING] [2026-07-28 16:12:43,055:matplotlib.font_manager] findfont: Font family 'Times New Roman' not found.
[WARNING] [2026-07-28 16:12:43,056:matplotlib.font_manager] findfont: Font family 'Times New Roman' not found.
[WARNING] [2026-07-28 16:12:43,058:matplotlib.font_manager] findfont: Font family 'Times New Roman' not found.
[WARNING] [2026-07-28 16:12:43,059:matplotlib.font_manager] findfont: Font family 'Times New Roman' not found.
[WARNING] [2026-07-28 16:12:43,060:matplotlib.font_manager] findfont: Font family 'Times New Roman' not found.
[WARNING] [2026-07-28 16:12:43,062:matplotlib.font_manager] findfont: Font family 'Times New Roman' not found.
[WARNING] [2026-07-28 16:12:43,063:matplotlib.font_manager] findfont: Font family 'Times New Roman' not found.
[WARNING] [2026-07-28 16:12:43,064:matplotlib.font_manager] findfont: Font family 'Times New Roman' not found.
[WARNING] [2026-07-28 16:12:43,066:matplotlib.font_manager] findfont: Font family 'Times New Roman' not found.
[WARNING] [2026-07-28 16:12:43,067:matplotlib.font_manager] findfont: Font family 'Times New Roman' not found.
[WARNING] [2026-07-28 16:12:43,068:matplotlib.font_manager] findfont: Font family 'Times New Roman' not found.
[WARNING] [2026-07-28 16:12:43,070:matplotlib.font_manager] findfont: Font family 'Times New Roman' not found.
[WARNING] [2026-07-28 16:12:43,071:matplotlib.font_manager] findfont: Font family 'Times New Roman' not found.
[WARNING] [2026-07-28 16:12:43,072:matplotlib.font_manager] findfont: Font family 'Times New Roman' not found.
[WARNING] [2026-07-28 16:12:43,074:matplotlib.font_manager] findfont: Font family 'Times New Roman' not found.
[WARNING] [2026-07-28 16:12:43,075:matplotlib.font_manager] findfont: Font family 'Times New Roman' not found.
[WARNING] [2026-07-28 16:12:43,077:matplotlib.font_manager] findfont: Font family 'Times New Roman' not found.
[WARNING] [2026-07-28 16:12:43,078:matplotlib.font_manager] findfont: Font family 'Times New Roman' not found.
[WARNING] [2026-07-28 16:12:43,080:matplotlib.font_manager] findfont: Font family 'Times New Roman' not found.
[WARNING] [2026-07-28 16:12:43,081:matplotlib.font_manager] findfont: Font family 'Times New Roman' not found.
[WARNING] [2026-07-28 16:12:43,082:matplotlib.font_manager] findfont: Font family 'Times New Roman' not found.
[WARNING] [2026-07-28 16:12:43,083:matplotlib.font_manager] findfont: Font family 'Times New Roman' not found.
[WARNING] [2026-07-28 16:12:43,084:matplotlib.font_manager] findfont: Font family 'Times New Roman' not found.
[WARNING] [2026-07-28 16:12:43,085:matplotlib.font_manager] findfont: Font family 'Times New Roman' not found.
[WARNING] [2026-07-28 16:12:43,086:matplotlib.font_manager] findfont: Font family 'Times New Roman' not found.
[WARNING] [2026-07-28 16:12:43,087:matplotlib.font_manager] findfont: Font family 'Times New Roman' not found.
[WARNING] [2026-07-28 16:12:43,088:matplotlib.font_manager] findfont: Font family 'Times New Roman' not found.
[WARNING] [2026-07-28 16:12:43,089:matplotlib.font_manager] findfont: Font family 'Times New Roman' not found.
[WARNING] [2026-07-28 16:12:43,090:matplotlib.font_manager] findfont: Font family 'Times New Roman' not found.
[WARNING] [2026-07-28 16:12:43,091:matplotlib.font_manager] findfont: Font family 'Times New Roman' not found.
[WARNING] [2026-07-28 16:12:43,092:matplotlib.font_manager] findfont: Font family 'Times New Roman' not found.
[WARNING] [2026-07-28 16:12:43,093:matplotlib.font_manager] findfont: Font family 'Times New Roman' not found.
[WARNING] [2026-07-28 16:12:43,094:matplotlib.font_manager] findfont: Font family 'Times New Roman' not found.
[WARNING] [2026-07-28 16:12:43,094:matplotlib.font_manager] findfont: Font family 'Times New Roman' not found.
[WARNING] [2026-07-28 16:12:43,095:matplotlib.font_manager] findfont: Font family 'Times New Roman' not found.
[WARNING] [2026-07-28 16:12:43,096:matplotlib.font_manager] findfont: Font family 'Times New Roman' not found.
[WARNING] [2026-07-28 16:12:43,097:matplotlib.font_manager] findfont: Font family 'Times New Roman' not found.
[WARNING] [2026-07-28 16:12:43,098:matplotlib.font_manager] findfont: Font family 'Times New Roman' not found.
[WARNING] [2026-07-28 16:12:43,099:matplotlib.font_manager] findfont: Font family 'Times New Roman' not found.
[WARNING] [2026-07-28 16:12:43,100:matplotlib.font_manager] findfont: Font family 'Times New Roman' not found.
[WARNING] [2026-07-28 16:12:43,101:matplotlib.font_manager] findfont: Font family 'Times New Roman' not found.
[WARNING] [2026-07-28 16:12:43,102:matplotlib.font_manager] findfont: Font family 'Times New Roman' not found.
[WARNING] [2026-07-28 16:12:43,103:matplotlib.font_manager] findfont: Font family 'Times New Roman' not found.
[WARNING] [2026-07-28 16:12:43,104:matplotlib.font_manager] findfont: Font family 'Times New Roman' not found.
[WARNING] [2026-07-28 16:12:43,105:matplotlib.font_manager] findfont: Font family 'Times New Roman' not found.
[WARNING] [2026-07-28 16:12:43,106:matplotlib.font_manager] findfont: Font family 'Times New Roman' not found.
[WARNING] [2026-07-28 16:12:43,107:matplotlib.font_manager] findfont: Font family 'Times New Roman' not found.
[WARNING] [2026-07-28 16:12:43,108:matplotlib.font_manager] findfont: Font family 'Times New Roman' not found.
[WARNING] [2026-07-28 16:12:43,109:matplotlib.font_manager] findfont: Font family 'Times New Roman' not found.
[WARNING] [2026-07-28 16:12:43,109:matplotlib.font_manager] findfont: Font family 'Times New Roman' not found.
[WARNING] [2026-07-28 16:12:43,110:matplotlib.font_manager] findfont: Font family 'Times New Roman' not found.
[WARNING] [2026-07-28 16:12:43,111:matplotlib.font_manager] findfont: Font family 'Times New Roman' not found.
[WARNING] [2026-07-28 16:12:43,112:matplotlib.font_manager] findfont: Font family 'Times New Roman' not found.
[WARNING] [2026-07-28 16:12:43,113:matplotlib.font_manager] findfont: Font family 'Times New Roman' not found.
[WARNING] [2026-07-28 16:12:43,114:matplotlib.font_manager] findfont: Font family 'Times New Roman' not found.
[WARNING] [2026-07-28 16:12:43,115:matplotlib.font_manager] findfont: Font family 'Times New Roman' not found.
[WARNING] [2026-07-28 16:12:43,116:matplotlib.font_manager] findfont: Font family 'Times New Roman' not found.
[WARNING] [2026-07-28 16:12:43,117:matplotlib.font_manager] findfont: Font family 'Times New Roman' not found.
[WARNING] [2026-07-28 16:12:43,118:matplotlib.font_manager] findfont: Font family 'Times New Roman' not found.
[WARNING] [2026-07-28 16:12:43,119:matplotlib.font_manager] findfont: Font family 'Times New Roman' not found.
[WARNING] [2026-07-28 16:12:43,120:matplotlib.font_manager] findfont: Font family 'Times New Roman' not found.
[WARNING] [2026-07-28 16:12:43,121:matplotlib.font_manager] findfont: Font family 'Times New Roman' not found.
[WARNING] [2026-07-28 16:12:43,121:matplotlib.font_manager] findfont: Font family 'Times New Roman' not found.
[WARNING] [2026-07-28 16:12:43,122:matplotlib.font_manager] findfont: Font family 'Times New Roman' not found.
[WARNING] [2026-07-28 16:12:43,123:matplotlib.font_manager] findfont: Font family 'Times New Roman' not found.
[WARNING] [2026-07-28 16:12:43,124:matplotlib.font_manager] findfont: Font family 'Times New Roman' not found.
[WARNING] [2026-07-28 16:12:43,125:matplotlib.font_manager] findfont: Font family 'Times New Roman' not found.
[WARNING] [2026-07-28 16:12:43,126:matplotlib.font_manager] findfont: Font family 'Times New Roman' not found.
[WARNING] [2026-07-28 16:12:43,127:matplotlib.font_manager] findfont: Font family 'Times New Roman' not found.
[WARNING] [2026-07-28 16:12:43,127:matplotlib.font_manager] findfont: Font family 'Times New Roman' not found.
[WARNING] [2026-07-28 16:12:43,128:matplotlib.font_manager] findfont: Font family 'Times New Roman' not found.
[WARNING] [2026-07-28 16:12:43,129:matplotlib.font_manager] findfont: Font family 'Times New Roman' not found.
[WARNING] [2026-07-28 16:12:43,130:matplotlib.font_manager] findfont: Font family 'Times New Roman' not found.
[WARNING] [2026-07-28 16:12:43,131:matplotlib.font_manager] findfont: Font family 'Times New Roman' not found.
[WARNING] [2026-07-28 16:12:43,132:matplotlib.font_manager] findfont: Font family 'Times New Roman' not found.
[WARNING] [2026-07-28 16:12:43,133:matplotlib.font_manager] findfont: Font family 'Times New Roman' not found.
[WARNING] [2026-07-28 16:12:43,134:matplotlib.font_manager] findfont: Font family 'Times New Roman' not found.
[WARNING] [2026-07-28 16:12:43,135:matplotlib.font_manager] findfont: Font family 'Times New Roman' not found.
[WARNING] [2026-07-28 16:12:43,136:matplotlib.font_manager] findfont: Font family 'Times New Roman' not found.
[WARNING] [2026-07-28 16:12:43,136:matplotlib.font_manager] findfont: Font family 'Times New Roman' not found.
[WARNING] [2026-07-28 16:12:43,137:matplotlib.font_manager] findfont: Font family 'Times New Roman' not found.
[WARNING] [2026-07-28 16:12:43,138:matplotlib.font_manager] findfont: Font family 'Times New Roman' not found.
[WARNING] [2026-07-28 16:12:43,139:matplotlib.font_manager] findfont: Font family 'Times New Roman' not found.
[WARNING] [2026-07-28 16:12:43,140:matplotlib.font_manager] findfont: Font family 'Times New Roman' not found.
[WARNING] [2026-07-28 16:12:43,141:matplotlib.font_manager] findfont: Font family 'Times New Roman' not found.
[WARNING] [2026-07-28 16:12:43,142:matplotlib.font_manager] findfont: Font family 'Times New Roman' not found.
[WARNING] [2026-07-28 16:12:43,143:matplotlib.font_manager] findfont: Font family 'Times New Roman' not found.
[WARNING] [2026-07-28 16:12:43,144:matplotlib.font_manager] findfont: Font family 'Times New Roman' not found.
[WARNING] [2026-07-28 16:12:43,145:matplotlib.font_manager] findfont: Font family 'Times New Roman' not found.
[WARNING] [2026-07-28 16:12:43,146:matplotlib.font_manager] findfont: Font family 'Times New Roman' not found.
[WARNING] [2026-07-28 16:12:43,147:matplotlib.font_manager] findfont: Font family 'Times New Roman' not found.
[WARNING] [2026-07-28 16:12:43,147:matplotlib.font_manager] findfont: Font family 'Times New Roman' not found.
[WARNING] [2026-07-28 16:12:43,148:matplotlib.font_manager] findfont: Font family 'Times New Roman' not found.
[WARNING] [2026-07-28 16:12:43,149:matplotlib.font_manager] findfont: Font family 'Times New Roman' not found.
[WARNING] [2026-07-28 16:12:43,150:matplotlib.font_manager] findfont: Font family 'Times New Roman' not found.
[WARNING] [2026-07-28 16:12:43,151:matplotlib.font_manager] findfont: Font family 'Times New Roman' not found.
[WARNING] [2026-07-28 16:12:43,152:matplotlib.font_manager] findfont: Font family 'Times New Roman' not found.
[WARNING] [2026-07-28 16:12:43,153:matplotlib.font_manager] findfont: Font family 'Times New Roman' not found.
[WARNING] [2026-07-28 16:12:43,154:matplotlib.font_manager] findfont: Font family 'Times New Roman' not found.
[WARNING] [2026-07-28 16:12:43,155:matplotlib.font_manager] findfont: Font family 'Times New Roman' not found.
[WARNING] [2026-07-28 16:12:43,156:matplotlib.font_manager] findfont: Font family 'Times New Roman' not found.
[WARNING] [2026-07-28 16:12:43,157:matplotlib.font_manager] findfont: Font family 'Times New Roman' not found.
[WARNING] [2026-07-28 16:12:43,158:matplotlib.font_manager] findfont: Font family 'Times New Roman' not found.
[WARNING] [2026-07-28 16:12:43,158:matplotlib.font_manager] findfont: Font family 'Times New Roman' not found.
[WARNING] [2026-07-28 16:12:43,159:matplotlib.font_manager] findfont: Font family 'Times New Roman' not found.
[WARNING] [2026-07-28 16:12:43,160:matplotlib.font_manager] findfont: Font family 'Times New Roman' not found.
[WARNING] [2026-07-28 16:12:43,161:matplotlib.font_manager] findfont: Font family 'Times New Roman' not found.
[WARNING] [2026-07-28 16:12:43,162:matplotlib.font_manager] findfont: Font family 'Times New Roman' not found.
[WARNING] [2026-07-28 16:12:43,163:matplotlib.font_manager] findfont: Font family 'Times New Roman' not found.
[WARNING] [2026-07-28 16:12:43,164:matplotlib.font_manager] findfont: Font family 'Times New Roman' not found.
[WARNING] [2026-07-28 16:12:43,165:matplotlib.font_manager] findfont: Font family 'Times New Roman' not found.
[WARNING] [2026-07-28 16:12:43,167:matplotlib.font_manager] findfont: Font family 'Times New Roman' not found.
[WARNING] [2026-07-28 16:12:43,168:matplotlib.font_manager] findfont: Font family 'Times New Roman' not found.
[WARNING] [2026-07-28 16:12:43,169:matplotlib.font_manager] findfont: Font family 'Times New Roman' not found.
[WARNING] [2026-07-28 16:12:43,171:matplotlib.font_manager] findfont: Font family 'Times New Roman' not found.
[WARNING] [2026-07-28 16:12:43,172:matplotlib.font_manager] findfont: Font family 'Times New Roman' not found.
[WARNING] [2026-07-28 16:12:43,173:matplotlib.font_manager] findfont: Font family 'Times New Roman' not found.
[WARNING] [2026-07-28 16:12:43,174:matplotlib.font_manager] findfont: Font family 'Times New Roman' not found.
[WARNING] [2026-07-28 16:12:43,175:matplotlib.font_manager] findfont: Font family 'Times New Roman' not found.
[WARNING] [2026-07-28 16:12:43,176:matplotlib.font_manager] findfont: Font family 'Times New Roman' not found.
[WARNING] [2026-07-28 16:12:43,177:matplotlib.font_manager] findfont: Font family 'Times New Roman' not found.
[WARNING] [2026-07-28 16:12:43,179:matplotlib.font_manager] findfont: Font family 'Times New Roman' not found.
[WARNING] [2026-07-28 16:12:43,180:matplotlib.font_manager] findfont: Font family 'Times New Roman' not found.
[WARNING] [2026-07-28 16:12:43,181:matplotlib.font_manager] findfont: Font family 'Times New Roman' not found.
[WARNING] [2026-07-28 16:12:43,183:matplotlib.font_manager] findfont: Font family 'Times New Roman' not found.
[WARNING] [2026-07-28 16:12:43,184:matplotlib.font_manager] findfont: Font family 'Times New Roman' not found.
[WARNING] [2026-07-28 16:12:43,185:matplotlib.font_manager] findfont: Font family 'Times New Roman' not found.
[WARNING] [2026-07-28 16:12:43,186:matplotlib.font_manager] findfont: Font family 'Times New Roman' not found.
[WARNING] [2026-07-28 16:12:43,188:matplotlib.font_manager] findfont: Font family 'Times New Roman' not found.
[WARNING] [2026-07-28 16:12:43,189:matplotlib.font_manager] findfont: Font family 'Times New Roman' not found.
[WARNING] [2026-07-28 16:12:43,190:matplotlib.font_manager] findfont: Font family 'Times New Roman' not found.
[WARNING] [2026-07-28 16:12:43,192:matplotlib.font_manager] findfont: Font family 'Times New Roman' not found.
[WARNING] [2026-07-28 16:12:43,193:matplotlib.font_manager] findfont: Font family 'Times New Roman' not found.
[WARNING] [2026-07-28 16:12:43,194:matplotlib.font_manager] findfont: Font family 'Times New Roman' not found.
[WARNING] [2026-07-28 16:12:43,195:matplotlib.font_manager] findfont: Font family 'Times New Roman' not found.
[WARNING] [2026-07-28 16:12:43,197:matplotlib.font_manager] findfont: Font family 'Times New Roman' not found.
[WARNING] [2026-07-28 16:12:43,198:matplotlib.font_manager] findfont: Font family 'Times New Roman' not found.
[WARNING] [2026-07-28 16:12:43,199:matplotlib.font_manager] findfont: Font family 'Times New Roman' not found.
[WARNING] [2026-07-28 16:12:43,201:matplotlib.font_manager] findfont: Font family 'Times New Roman' not found.
[WARNING] [2026-07-28 16:12:43,202:matplotlib.font_manager] findfont: Font family 'Times New Roman' not found.
[WARNING] [2026-07-28 16:12:43,203:matplotlib.font_manager] findfont: Font family 'Times New Roman' not found.
[WARNING] [2026-07-28 16:12:43,205:matplotlib.font_manager] findfont: Font family 'Times New Roman' not found.
[WARNING] [2026-07-28 16:12:43,206:matplotlib.font_manager] findfont: Font family 'Times New Roman' not found.
[WARNING] [2026-07-28 16:12:43,207:matplotlib.font_manager] findfont: Font family 'Times New Roman' not found.
[WARNING] [2026-07-28 16:12:43,208:matplotlib.font_manager] findfont: Font family 'Times New Roman' not found.
[WARNING] [2026-07-28 16:12:43,209:matplotlib.font_manager] findfont: Font family 'Times New Roman' not found.
[WARNING] [2026-07-28 16:12:43,210:matplotlib.font_manager] findfont: Font family 'Times New Roman' not found.
[WARNING] [2026-07-28 16:12:43,211:matplotlib.font_manager] findfont: Font family 'Times New Roman' not found.
[WARNING] [2026-07-28 16:12:43,212:matplotlib.font_manager] findfont: Font family 'Times New Roman' not found.
[WARNING] [2026-07-28 16:12:43,213:matplotlib.font_manager] findfont: Font family 'Times New Roman' not found.
[WARNING] [2026-07-28 16:12:43,215:matplotlib.font_manager] findfont: Font family 'Times New Roman' not found.
[WARNING] [2026-07-28 16:12:43,216:matplotlib.font_manager] findfont: Font family 'Times New Roman' not found.
[WARNING] [2026-07-28 16:12:43,217:matplotlib.font_manager] findfont: Font family 'Times New Roman' not found.
[WARNING] [2026-07-28 16:12:43,219:matplotlib.font_manager] findfont: Font family 'Times New Roman' not found.
[WARNING] [2026-07-28 16:12:43,220:matplotlib.font_manager] findfont: Font family 'Times New Roman' not found.
[WARNING] [2026-07-28 16:12:43,221:matplotlib.font_manager] findfont: Font family 'Times New Roman' not found.
[WARNING] [2026-07-28 16:12:43,223:matplotlib.font_manager] findfont: Font family 'Times New Roman' not found.
[WARNING] [2026-07-28 16:12:43,224:matplotlib.font_manager] findfont: Font family 'Times New Roman' not found.
[WARNING] [2026-07-28 16:12:43,225:matplotlib.font_manager] findfont: Font family 'Times New Roman' not found.
[WARNING] [2026-07-28 16:12:43,226:matplotlib.font_manager] findfont: Font family 'Times New Roman' not found.
[WARNING] [2026-07-28 16:12:43,227:matplotlib.font_manager] findfont: Font family 'Times New Roman' not found.
[WARNING] [2026-07-28 16:12:43,228:matplotlib.font_manager] findfont: Font family 'Times New Roman' not found.
[WARNING] [2026-07-28 16:12:43,229:matplotlib.font_manager] findfont: Font family 'Times New Roman' not found.
[WARNING] [2026-07-28 16:12:43,230:matplotlib.font_manager] findfont: Font family 'Times New Roman' not found.
[WARNING] [2026-07-28 16:12:43,231:matplotlib.font_manager] findfont: Font family 'Times New Roman' not found.
[WARNING] [2026-07-28 16:12:43,232:matplotlib.font_manager] findfont: Font family 'Times New Roman' not found.
[WARNING] [2026-07-28 16:12:43,233:matplotlib.font_manager] findfont: Font family 'Times New Roman' not found.
[WARNING] [2026-07-28 16:12:43,234:matplotlib.font_manager] findfont: Font family 'Times New Roman' not found.
[WARNING] [2026-07-28 16:12:43,235:matplotlib.font_manager] findfont: Font family 'Times New Roman' not found.
[WARNING] [2026-07-28 16:12:43,236:matplotlib.font_manager] findfont: Font family 'Times New Roman' not found.
[WARNING] [2026-07-28 16:12:43,237:matplotlib.font_manager] findfont: Font family 'Times New Roman' not found.
[WARNING] [2026-07-28 16:12:43,238:matplotlib.font_manager] findfont: Font family 'Times New Roman' not found.
[WARNING] [2026-07-28 16:12:43,239:matplotlib.font_manager] findfont: Font family 'Times New Roman' not found.
[WARNING] [2026-07-28 16:12:43,240:matplotlib.font_manager] findfont: Font family 'Times New Roman' not found.
[WARNING] [2026-07-28 16:12:43,241:matplotlib.font_manager] findfont: Font family 'Times New Roman' not found.
[WARNING] [2026-07-28 16:12:43,242:matplotlib.font_manager] findfont: Font family 'Times New Roman' not found.
[WARNING] [2026-07-28 16:12:43,243:matplotlib.font_manager] findfont: Font family 'Times New Roman' not found.
[WARNING] [2026-07-28 16:12:43,244:matplotlib.font_manager] findfont: Font family 'Times New Roman' not found.
[WARNING] [2026-07-28 16:12:43,245:matplotlib.font_manager] findfont: Font family 'Times New Roman' not found.
[WARNING] [2026-07-28 16:12:43,246:matplotlib.font_manager] findfont: Font family 'Times New Roman' not found.
[WARNING] [2026-07-28 16:12:43,247:matplotlib.font_manager] findfont: Font family 'Times New Roman' not found.
[WARNING] [2026-07-28 16:12:43,247:matplotlib.font_manager] findfont: Font family 'Times New Roman' not found.
[WARNING] [2026-07-28 16:12:43,248:matplotlib.font_manager] findfont: Font family 'Times New Roman' not found.
[WARNING] [2026-07-28 16:12:43,249:matplotlib.font_manager] findfont: Font family 'Times New Roman' not found.
[WARNING] [2026-07-28 16:12:43,249:matplotlib.font_manager] findfont: Font family 'Times New Roman' not found.
[WARNING] [2026-07-28 16:12:43,250:matplotlib.font_manager] findfont: Font family 'Times New Roman' not found.
[WARNING] [2026-07-28 16:12:43,251:matplotlib.font_manager] findfont: Font family 'Times New Roman' not found.
[WARNING] [2026-07-28 16:12:43,252:matplotlib.font_manager] findfont: Font family 'Times New Roman' not found.
[WARNING] [2026-07-28 16:12:43,253:matplotlib.font_manager] findfont: Font family 'Times New Roman' not found.
[WARNING] [2026-07-28 16:12:43,254:matplotlib.font_manager] findfont: Font family 'Times New Roman' not found.
[WARNING] [2026-07-28 16:12:43,255:matplotlib.font_manager] findfont: Font family 'Times New Roman' not found.
[WARNING] [2026-07-28 16:12:43,256:matplotlib.font_manager] findfont: Font family 'Times New Roman' not found.
[WARNING] [2026-07-28 16:12:43,257:matplotlib.font_manager] findfont: Font family 'Times New Roman' not found.
[WARNING] [2026-07-28 16:12:43,258:matplotlib.font_manager] findfont: Font family 'Times New Roman' not found.
[WARNING] [2026-07-28 16:12:43,259:matplotlib.font_manager] findfont: Font family 'Times New Roman' not found.
[WARNING] [2026-07-28 16:12:43,260:matplotlib.font_manager] findfont: Font family 'Times New Roman' not found.
[WARNING] [2026-07-28 16:12:43,261:matplotlib.font_manager] findfont: Font family 'Times New Roman' not found.
[WARNING] [2026-07-28 16:12:43,261:matplotlib.font_manager] findfont: Font family 'Times New Roman' not found.
[WARNING] [2026-07-28 16:12:43,262:matplotlib.font_manager] findfont: Font family 'Times New Roman' not found.
[WARNING] [2026-07-28 16:12:43,263:matplotlib.font_manager] findfont: Font family 'Times New Roman' not found.
[WARNING] [2026-07-28 16:12:43,264:matplotlib.font_manager] findfont: Font family 'Times New Roman' not found.
[WARNING] [2026-07-28 16:12:43,265:matplotlib.font_manager] findfont: Font family 'Times New Roman' not found.
[WARNING] [2026-07-28 16:12:43,266:matplotlib.font_manager] findfont: Font family 'Times New Roman' not found.
[WARNING] [2026-07-28 16:12:43,267:matplotlib.font_manager] findfont: Font family 'Times New Roman' not found.
[WARNING] [2026-07-28 16:12:43,268:matplotlib.font_manager] findfont: Font family 'Times New Roman' not found.
[WARNING] [2026-07-28 16:12:43,269:matplotlib.font_manager] findfont: Font family 'Times New Roman' not found.
[WARNING] [2026-07-28 16:12:43,270:matplotlib.font_manager] findfont: Font family 'Times New Roman' not found.
[WARNING] [2026-07-28 16:12:43,271:matplotlib.font_manager] findfont: Font family 'Times New Roman' not found.
[WARNING] [2026-07-28 16:12:43,272:matplotlib.font_manager] findfont: Font family 'Times New Roman' not found.
[WARNING] [2026-07-28 16:12:43,273:matplotlib.font_manager] findfont: Font family 'Times New Roman' not found.
[WARNING] [2026-07-28 16:12:43,274:matplotlib.font_manager] findfont: Font family 'Times New Roman' not found.
[WARNING] [2026-07-28 16:12:43,275:matplotlib.font_manager] findfont: Font family 'Times New Roman' not found.
[WARNING] [2026-07-28 16:12:43,276:matplotlib.font_manager] findfont: Font family 'Times New Roman' not found.
[WARNING] [2026-07-28 16:12:43,277:matplotlib.font_manager] findfont: Font family 'Times New Roman' not found.
[WARNING] [2026-07-28 16:12:43,277:matplotlib.font_manager] findfont: Font family 'Times New Roman' not found.
[WARNING] [2026-07-28 16:12:43,278:matplotlib.font_manager] findfont: Font family 'Times New Roman' not found.
[WARNING] [2026-07-28 16:12:43,279:matplotlib.font_manager] findfont: Font family 'Times New Roman' not found.
[WARNING] [2026-07-28 16:12:43,281:matplotlib.font_manager] findfont: Font family 'Times New Roman' not found.
[WARNING] [2026-07-28 16:12:43,281:matplotlib.font_manager] findfont: Font family 'Times New Roman' not found.
[WARNING] [2026-07-28 16:12:43,282:matplotlib.font_manager] findfont: Font family 'Times New Roman' not found.
[WARNING] [2026-07-28 16:12:43,283:matplotlib.font_manager] findfont: Font family 'Times New Roman' not found.
[WARNING] [2026-07-28 16:12:43,284:matplotlib.font_manager] findfont: Font family 'Times New Roman' not found.
[WARNING] [2026-07-28 16:12:43,285:matplotlib.font_manager] findfont: Font family 'Times New Roman' not found.
[WARNING] [2026-07-28 16:12:43,286:matplotlib.font_manager] findfont: Font family 'Times New Roman' not found.
[WARNING] [2026-07-28 16:12:43,286:matplotlib.font_manager] findfont: Font family 'Times New Roman' not found.
[WARNING] [2026-07-28 16:12:43,287:matplotlib.font_manager] findfont: Font family 'Times New Roman' not found.
[WARNING] [2026-07-28 16:12:43,288:matplotlib.font_manager] findfont: Font family 'Times New Roman' not found.
[WARNING] [2026-07-28 16:12:43,288:matplotlib.font_manager] findfont: Font family 'Times New Roman' not found.
[WARNING] [2026-07-28 16:12:43,289:matplotlib.font_manager] findfont: Font family 'Times New Roman' not found.
[WARNING] [2026-07-28 16:12:43,290:matplotlib.font_manager] findfont: Font family 'Times New Roman' not found.
[WARNING] [2026-07-28 16:12:43,291:matplotlib.font_manager] findfont: Font family 'Times New Roman' not found.
[WARNING] [2026-07-28 16:12:43,292:matplotlib.font_manager] findfont: Font family 'Times New Roman' not found.
[WARNING] [2026-07-28 16:12:43,293:matplotlib.font_manager] findfont: Font family 'Times New Roman' not found.
[WARNING] [2026-07-28 16:12:43,294:matplotlib.font_manager] findfont: Font family 'Times New Roman' not found.
[WARNING] [2026-07-28 16:12:43,294:matplotlib.font_manager] findfont: Font family 'Times New Roman' not found.
[WARNING] [2026-07-28 16:12:43,295:matplotlib.font_manager] findfont: Font family 'Times New Roman' not found.
[WARNING] [2026-07-28 16:12:43,296:matplotlib.font_manager] findfont: Font family 'Times New Roman' not found.
[WARNING] [2026-07-28 16:12:43,297:matplotlib.font_manager] findfont: Font family 'Times New Roman' not found.
[WARNING] [2026-07-28 16:12:43,298:matplotlib.font_manager] findfont: Font family 'Times New Roman' not found.
[WARNING] [2026-07-28 16:12:43,299:matplotlib.font_manager] findfont: Font family 'Times New Roman' not found.
[WARNING] [2026-07-28 16:12:43,300:matplotlib.font_manager] findfont: Font family 'Times New Roman' not found.
[WARNING] [2026-07-28 16:12:43,301:matplotlib.font_manager] findfont: Font family 'Times New Roman' not found.
[WARNING] [2026-07-28 16:12:43,302:matplotlib.font_manager] findfont: Font family 'Times New Roman' not found.
[WARNING] [2026-07-28 16:12:43,303:matplotlib.font_manager] findfont: Font family 'Times New Roman' not found.
[WARNING] [2026-07-28 16:12:43,303:matplotlib.font_manager] findfont: Font family 'Times New Roman' not found.
[WARNING] [2026-07-28 16:12:43,304:matplotlib.font_manager] findfont: Font family 'Times New Roman' not found.
[WARNING] [2026-07-28 16:12:43,305:matplotlib.font_manager] findfont: Font family 'Times New Roman' not found.
[WARNING] [2026-07-28 16:12:43,306:matplotlib.font_manager] findfont: Font family 'Times New Roman' not found.
[WARNING] [2026-07-28 16:12:43,307:matplotlib.font_manager] findfont: Font family 'Times New Roman' not found.
[WARNING] [2026-07-28 16:12:43,308:matplotlib.font_manager] findfont: Font family 'Times New Roman' not found.
[WARNING] [2026-07-28 16:12:43,309:matplotlib.font_manager] findfont: Font family 'Times New Roman' not found.
[WARNING] [2026-07-28 16:12:43,309:matplotlib.font_manager] findfont: Font family 'Times New Roman' not found.
[WARNING] [2026-07-28 16:12:43,310:matplotlib.font_manager] findfont: Font family 'Times New Roman' not found.
[WARNING] [2026-07-28 16:12:43,311:matplotlib.font_manager] findfont: Font family 'Times New Roman' not found.
[WARNING] [2026-07-28 16:12:43,312:matplotlib.font_manager] findfont: Font family 'Times New Roman' not found.
[WARNING] [2026-07-28 16:12:43,313:matplotlib.font_manager] findfont: Font family 'Times New Roman' not found.
[WARNING] [2026-07-28 16:12:43,314:matplotlib.font_manager] findfont: Font family 'Times New Roman' not found.
[WARNING] [2026-07-28 16:12:43,315:matplotlib.font_manager] findfont: Font family 'Times New Roman' not found.
[WARNING] [2026-07-28 16:12:43,316:matplotlib.font_manager] findfont: Font family 'Times New Roman' not found.
[WARNING] [2026-07-28 16:12:43,316:matplotlib.font_manager] findfont: Font family 'Times New Roman' not found.
[WARNING] [2026-07-28 16:12:43,317:matplotlib.font_manager] findfont: Font family 'Times New Roman' not found.
[WARNING] [2026-07-28 16:12:43,318:matplotlib.font_manager] findfont: Font family 'Times New Roman' not found.
[WARNING] [2026-07-28 16:12:43,319:matplotlib.font_manager] findfont: Font family 'Times New Roman' not found.
[WARNING] [2026-07-28 16:12:43,320:matplotlib.font_manager] findfont: Font family 'Times New Roman' not found.
[WARNING] [2026-07-28 16:12:43,321:matplotlib.font_manager] findfont: Font family 'Times New Roman' not found.
[WARNING] [2026-07-28 16:12:43,322:matplotlib.font_manager] findfont: Font family 'Times New Roman' not found.
[WARNING] [2026-07-28 16:12:43,322:matplotlib.font_manager] findfont: Font family 'Times New Roman' not found.
[WARNING] [2026-07-28 16:12:43,323:matplotlib.font_manager] findfont: Font family 'Times New Roman' not found.
[WARNING] [2026-07-28 16:12:43,324:matplotlib.font_manager] findfont: Font family 'Times New Roman' not found.
[WARNING] [2026-07-28 16:12:43,325:matplotlib.font_manager] findfont: Font family 'Times New Roman' not found.
[WARNING] [2026-07-28 16:12:43,326:matplotlib.font_manager] findfont: Font family 'Times New Roman' not found.
[WARNING] [2026-07-28 16:12:43,327:matplotlib.font_manager] findfont: Font family 'Times New Roman' not found.
[WARNING] [2026-07-28 16:12:43,328:matplotlib.font_manager] findfont: Font family 'Times New Roman' not found.
[WARNING] [2026-07-28 16:12:43,329:matplotlib.font_manager] findfont: Font family 'Times New Roman' not found.
[WARNING] [2026-07-28 16:12:43,330:matplotlib.font_manager] findfont: Font family 'Times New Roman' not found.
[WARNING] [2026-07-28 16:12:43,330:matplotlib.font_manager] findfont: Font family 'Times New Roman' not found.
[WARNING] [2026-07-28 16:12:43,331:matplotlib.font_manager] findfont: Font family 'Times New Roman' not found.
[WARNING] [2026-07-28 16:12:43,332:matplotlib.font_manager] findfont: Font family 'Times New Roman' not found.
[WARNING] [2026-07-28 16:12:43,333:matplotlib.font_manager] findfont: Font family 'Times New Roman' not found.
[WARNING] [2026-07-28 16:12:43,334:matplotlib.font_manager] findfont: Font family 'Times New Roman' not found.
[WARNING] [2026-07-28 16:12:43,335:matplotlib.font_manager] findfont: Font family 'Times New Roman' not found.
[WARNING] [2026-07-28 16:12:43,336:matplotlib.font_manager] findfont: Font family 'Times New Roman' not found.
[WARNING] [2026-07-28 16:12:43,337:matplotlib.font_manager] findfont: Font family 'Times New Roman' not found.
[WARNING] [2026-07-28 16:12:43,338:matplotlib.font_manager] findfont: Font family 'Times New Roman' not found.
[WARNING] [2026-07-28 16:12:43,339:matplotlib.font_manager] findfont: Font family 'Times New Roman' not found.
[WARNING] [2026-07-28 16:12:43,340:matplotlib.font_manager] findfont: Font family 'Times New Roman' not found.
[WARNING] [2026-07-28 16:12:43,341:matplotlib.font_manager] findfont: Font family 'Times New Roman' not found.
[WARNING] [2026-07-28 16:12:43,342:matplotlib.font_manager] findfont: Font family 'Times New Roman' not found.
[WARNING] [2026-07-28 16:12:43,343:matplotlib.font_manager] findfont: Font family 'Times New Roman' not found.
[WARNING] [2026-07-28 16:12:43,344:matplotlib.font_manager] findfont: Font family 'Times New Roman' not found.
[WARNING] [2026-07-28 16:12:43,345:matplotlib.font_manager] findfont: Font family 'Times New Roman' not found.
[WARNING] [2026-07-28 16:12:43,346:matplotlib.font_manager] findfont: Font family 'Times New Roman' not found.
[WARNING] [2026-07-28 16:12:43,347:matplotlib.font_manager] findfont: Font family 'Times New Roman' not found.
[WARNING] [2026-07-28 16:12:43,348:matplotlib.font_manager] findfont: Font family 'Times New Roman' not found.
[WARNING] [2026-07-28 16:12:43,349:matplotlib.font_manager] findfont: Font family 'Times New Roman' not found.
[WARNING] [2026-07-28 16:12:43,349:matplotlib.font_manager] findfont: Font family 'Times New Roman' not found.
[WARNING] [2026-07-28 16:12:43,350:matplotlib.font_manager] findfont: Font family 'Times New Roman' not found.
[WARNING] [2026-07-28 16:12:43,351:matplotlib.font_manager] findfont: Font family 'Times New Roman' not found.
[WARNING] [2026-07-28 16:12:43,352:matplotlib.font_manager] findfont: Font family 'Times New Roman' not found.
[WARNING] [2026-07-28 16:12:43,353:matplotlib.font_manager] findfont: Font family 'Times New Roman' not found.
[WARNING] [2026-07-28 16:12:43,354:matplotlib.font_manager] findfont: Font family 'Times New Roman' not found.
[WARNING] [2026-07-28 16:12:43,355:matplotlib.font_manager] findfont: Font family 'Times New Roman' not found.
[WARNING] [2026-07-28 16:12:43,356:matplotlib.font_manager] findfont: Font family 'Times New Roman' not found.
[WARNING] [2026-07-28 16:12:43,357:matplotlib.font_manager] findfont: Font family 'Times New Roman' not found.
[WARNING] [2026-07-28 16:12:43,357:matplotlib.font_manager] findfont: Font family 'Times New Roman' not found.
[WARNING] [2026-07-28 16:12:43,358:matplotlib.font_manager] findfont: Font family 'Times New Roman' not found.
[WARNING] [2026-07-28 16:12:43,359:matplotlib.font_manager] findfont: Font family 'Times New Roman' not found.
[WARNING] [2026-07-28 16:12:43,360:matplotlib.font_manager] findfont: Font family 'Times New Roman' not found.
[WARNING] [2026-07-28 16:12:43,361:matplotlib.font_manager] findfont: Font family 'Times New Roman' not found.
[WARNING] [2026-07-28 16:12:43,362:matplotlib.font_manager] findfont: Font family 'Times New Roman' not found.
[WARNING] [2026-07-28 16:12:43,363:matplotlib.font_manager] findfont: Font family 'Times New Roman' not found.
[WARNING] [2026-07-28 16:12:43,364:matplotlib.font_manager] findfont: Font family 'Times New Roman' not found.
[WARNING] [2026-07-28 16:12:43,366:matplotlib.font_manager] findfont: Font family 'Times New Roman' not found.
[WARNING] [2026-07-28 16:12:43,367:matplotlib.font_manager] findfont: Font family 'Times New Roman' not found.
[WARNING] [2026-07-28 16:12:43,368:matplotlib.font_manager] findfont: Font family 'Times New Roman' not found.
[WARNING] [2026-07-28 16:12:43,369:matplotlib.font_manager] findfont: Font family 'Times New Roman' not found.
[WARNING] [2026-07-28 16:12:43,371:matplotlib.font_manager] findfont: Font family 'Times New Roman' not found.
[WARNING] [2026-07-28 16:12:43,372:matplotlib.font_manager] findfont: Font family 'Times New Roman' not found.
[WARNING] [2026-07-28 16:12:43,373:matplotlib.font_manager] findfont: Font family 'Times New Roman' not found.
[WARNING] [2026-07-28 16:12:43,375:matplotlib.font_manager] findfont: Font family 'Times New Roman' not found.
[WARNING] [2026-07-28 16:12:43,376:matplotlib.font_manager] findfont: Font family 'Times New Roman' not found.
[WARNING] [2026-07-28 16:12:43,377:matplotlib.font_manager] findfont: Font family 'Times New Roman' not found.
[WARNING] [2026-07-28 16:12:43,378:matplotlib.font_manager] findfont: Font family 'Times New Roman' not found.
[WARNING] [2026-07-28 16:12:43,379:matplotlib.font_manager] findfont: Font family 'Times New Roman' not found.
[WARNING] [2026-07-28 16:12:43,381:matplotlib.font_manager] findfont: Font family 'Times New Roman' not found.
[WARNING] [2026-07-28 16:12:43,382:matplotlib.font_manager] findfont: Font family 'Times New Roman' not found.
[WARNING] [2026-07-28 16:12:43,383:matplotlib.font_manager] findfont: Font family 'Times New Roman' not found.
[WARNING] [2026-07-28 16:12:43,384:matplotlib.font_manager] findfont: Font family 'Times New Roman' not found.
[WARNING] [2026-07-28 16:12:43,386:matplotlib.font_manager] findfont: Font family 'Times New Roman' not found.
[WARNING] [2026-07-28 16:12:43,387:matplotlib.font_manager] findfont: Font family 'Times New Roman' not found.
[WARNING] [2026-07-28 16:12:43,388:matplotlib.font_manager] findfont: Font family 'Times New Roman' not found.
[WARNING] [2026-07-28 16:12:43,389:matplotlib.font_manager] findfont: Font family 'Times New Roman' not found.
[WARNING] [2026-07-28 16:12:43,390:matplotlib.font_manager] findfont: Font family 'Times New Roman' not found.
[WARNING] [2026-07-28 16:12:43,391:matplotlib.font_manager] findfont: Font family 'Times New Roman' not found.
[WARNING] [2026-07-28 16:12:43,392:matplotlib.font_manager] findfont: Font family 'Times New Roman' not found.
[WARNING] [2026-07-28 16:12:43,393:matplotlib.font_manager] findfont: Font family 'Times New Roman' not found.
[WARNING] [2026-07-28 16:12:43,394:matplotlib.font_manager] findfont: Font family 'Times New Roman' not found.
[WARNING] [2026-07-28 16:12:43,395:matplotlib.font_manager] findfont: Font family 'Times New Roman' not found.
[WARNING] [2026-07-28 16:12:43,396:matplotlib.font_manager] findfont: Font family 'Times New Roman' not found.
[WARNING] [2026-07-28 16:12:43,397:matplotlib.font_manager] findfont: Font family 'Times New Roman' not found.
[WARNING] [2026-07-28 16:12:43,408:matplotlib.font_manager] findfont: Font family 'Times New Roman' not found.
[WARNING] [2026-07-28 16:12:43,408:matplotlib.font_manager] findfont: Font family 'Times New Roman' not found.
[WARNING] [2026-07-28 16:12:43,409:matplotlib.font_manager] findfont: Font family 'Times New Roman' not found.
[WARNING] [2026-07-28 16:12:43,410:matplotlib.font_manager] findfont: Font family 'Times New Roman' not found.
[WARNING] [2026-07-28 16:12:43,411:matplotlib.font_manager] findfont: Font family 'Times New Roman' not found.
[WARNING] [2026-07-28 16:12:43,411:matplotlib.font_manager] findfont: Font family 'Times New Roman' not found.
[WARNING] [2026-07-28 16:12:43,413:matplotlib.font_manager] findfont: Font family 'Times New Roman' not found.
[WARNING] [2026-07-28 16:12:43,414:matplotlib.font_manager] findfont: Font family 'Times New Roman' not found.
[WARNING] [2026-07-28 16:12:43,415:matplotlib.font_manager] findfont: Font family 'Times New Roman' not found.
[WARNING] [2026-07-28 16:12:43,417:matplotlib.font_manager] findfont: Font family 'Times New Roman' not found.
[WARNING] [2026-07-28 16:12:43,418:matplotlib.font_manager] findfont: Font family 'Times New Roman' not found.
[WARNING] [2026-07-28 16:12:43,419:matplotlib.font_manager] findfont: Font family 'Times New Roman' not found.
[WARNING] [2026-07-28 16:12:43,833:matplotlib.font_manager] findfont: Font family 'Times New Roman' not found.
[WARNING] [2026-07-28 16:12:43,834:matplotlib.font_manager] findfont: Font family 'Times New Roman' not found.
[WARNING] [2026-07-28 16:12:43,835:matplotlib.font_manager] findfont: Font family 'Times New Roman' not found.
[WARNING] [2026-07-28 16:12:43,835:matplotlib.font_manager] findfont: Font family 'Times New Roman' not found.
[WARNING] [2026-07-28 16:12:43,836:matplotlib.font_manager] findfont: Font family 'Times New Roman' not found.
[WARNING] [2026-07-28 16:12:43,837:matplotlib.font_manager] findfont: Font family 'Times New Roman' not found.
[WARNING] [2026-07-28 16:12:43,837:matplotlib.font_manager] findfont: Font family 'Times New Roman' not found.
[WARNING] [2026-07-28 16:12:43,840:matplotlib.font_manager] findfont: Font family 'Times New Roman' not found.
[WARNING] [2026-07-28 16:12:43,841:matplotlib.font_manager] findfont: Font family 'Times New Roman' not found.
[WARNING] [2026-07-28 16:12:43,850:matplotlib.font_manager] findfont: Font family 'Times New Roman' not found.
[WARNING] [2026-07-28 16:12:43,850:matplotlib.font_manager] findfont: Font family 'Times New Roman' not found.
[WARNING] [2026-07-28 16:12:43,851:matplotlib.font_manager] findfont: Font family 'Times New Roman' not found.
[WARNING] [2026-07-28 16:12:43,852:matplotlib.font_manager] findfont: Font family 'Times New Roman' not found.
[WARNING] [2026-07-28 16:12:43,852:matplotlib.font_manager] findfont: Font family 'Times New Roman' not found.
[WARNING] [2026-07-28 16:12:43,853:matplotlib.font_manager] findfont: Font family 'Times New Roman' not found.
[WARNING] [2026-07-28 16:12:43,853:matplotlib.font_manager] findfont: Font family 'Times New Roman' not found.
[WARNING] [2026-07-28 16:12:43,857:matplotlib.font_manager] findfont: Font family 'Times New Roman' not found.
[WARNING] [2026-07-28 16:12:43,857:matplotlib.font_manager] findfont: Font family 'Times New Roman' not found.
[WARNING] [2026-07-28 16:12:43,860:matplotlib.font_manager] findfont: Font family 'Times New Roman' not found.
[WARNING] [2026-07-28 16:12:43,860:matplotlib.font_manager] findfont: Font family 'Times New Roman' not found.
[WARNING] [2026-07-28 16:12:43,861:matplotlib.font_manager] findfont: Font family 'Times New Roman' not found.
[WARNING] [2026-07-28 16:12:43,862:matplotlib.font_manager] findfont: Font family 'Times New Roman' not found.
[WARNING] [2026-07-28 16:12:43,864:matplotlib.font_manager] findfont: Font family 'Times New Roman' not found.
[WARNING] [2026-07-28 16:12:43,865:matplotlib.font_manager] findfont: Font family 'Times New Roman' not found.
[WARNING] [2026-07-28 16:12:43,866:matplotlib.font_manager] findfont: Font family 'Times New Roman' not found.
[WARNING] [2026-07-28 16:12:43,867:matplotlib.font_manager] findfont: Font family 'Times New Roman' not found.
[WARNING] [2026-07-28 16:12:43,868:matplotlib.font_manager] findfont: Font family 'Times New Roman' not found.
[WARNING] [2026-07-28 16:12:43,870:matplotlib.font_manager] findfont: Font family 'Times New Roman' not found.
[WARNING] [2026-07-28 16:12:43,871:matplotlib.font_manager] findfont: Font family 'Times New Roman' not found.
[WARNING] [2026-07-28 16:12:43,899:matplotlib.font_manager] findfont: Font family 'Times New Roman' not found.
[WARNING] [2026-07-28 16:12:43,900:matplotlib.font_manager] findfont: Font family 'Times New Roman' not found.
[WARNING] [2026-07-28 16:12:43,900:matplotlib.font_manager] findfont: Font family 'Times New Roman' not found.
[WARNING] [2026-07-28 16:12:43,901:matplotlib.font_manager] findfont: Font family 'Times New Roman' not found.
[WARNING] [2026-07-28 16:12:43,902:matplotlib.font_manager] findfont: Font family 'Times New Roman' not found.
[WARNING] [2026-07-28 16:12:43,902:matplotlib.font_manager] findfont: Font family 'Times New Roman' not found.
[WARNING] [2026-07-28 16:12:43,903:matplotlib.font_manager] findfont: Font family 'Times New Roman' not found.
[WARNING] [2026-07-28 16:12:43,906:matplotlib.font_manager] findfont: Font family 'Times New Roman' not found.
[WARNING] [2026-07-28 16:12:43,906:matplotlib.font_manager] findfont: Font family 'Times New Roman' not found.
[WARNING] [2026-07-28 16:12:43,910:matplotlib.font_manager] findfont: Font family 'Times New Roman' not found.
[WARNING] [2026-07-28 16:12:43,910:matplotlib.font_manager] findfont: Font family 'Times New Roman' not found.
[WARNING] [2026-07-28 16:12:43,911:matplotlib.font_manager] findfont: Font family 'Times New Roman' not found.
[WARNING] [2026-07-28 16:12:43,912:matplotlib.font_manager] findfont: Font family 'Times New Roman' not found.
[WARNING] [2026-07-28 16:12:43,913:matplotlib.font_manager] findfont: Font family 'Times New Roman' not found.
[WARNING] [2026-07-28 16:12:43,915:matplotlib.font_manager] findfont: Font family 'Times New Roman' not found.
[WARNING] [2026-07-28 16:12:43,916:matplotlib.font_manager] findfont: Font family 'Times New Roman' not found.
[WARNING] [2026-07-28 16:12:43,917:matplotlib.font_manager] findfont: Font family 'Times New Roman' not found.
[WARNING] [2026-07-28 16:12:43,918:matplotlib.font_manager] findfont: Font family 'Times New Roman' not found.
[WARNING] [2026-07-28 16:12:43,919:matplotlib.font_manager] findfont: Font family 'Times New Roman' not found.
[WARNING] [2026-07-28 16:12:43,920:matplotlib.font_manager] findfont: Font family 'Times New Roman' not found.
[WARNING] [2026-07-28 16:12:43,922:matplotlib.font_manager] findfont: Font family 'Times New Roman' not found.
[WARNING] [2026-07-28 16:12:43,924:matplotlib.font_manager] findfont: Font family 'Times New Roman' not found.
[WARNING] [2026-07-28 16:12:43,925:matplotlib.font_manager] findfont: Font family 'Times New Roman' not found.
[WARNING] [2026-07-28 16:12:43,927:matplotlib.font_manager] findfont: Font family 'Times New Roman' not found.
[WARNING] [2026-07-28 16:12:43,928:matplotlib.font_manager] findfont: Font family 'Times New Roman' not found.
[WARNING] [2026-07-28 16:12:43,929:matplotlib.font_manager] findfont: Font family 'Times New Roman' not found.
[WARNING] [2026-07-28 16:12:43,931:matplotlib.font_manager] findfont: Font family 'Times New Roman' not found.
[WARNING] [2026-07-28 16:12:43,932:matplotlib.font_manager] findfont: Font family 'Times New Roman' not found.
[WARNING] [2026-07-28 16:12:43,934:matplotlib.font_manager] findfont: Font family 'Times New Roman' not found.
[WARNING] [2026-07-28 16:12:43,936:matplotlib.font_manager] findfont: Font family 'Times New Roman' not found.
[WARNING] [2026-07-28 16:12:43,937:matplotlib.font_manager] findfont: Font family 'Times New Roman' not found.
[WARNING] [2026-07-28 16:12:43,938:matplotlib.font_manager] findfont: Font family 'Times New Roman' not found.
