y_real,y_pred,score_malicious
Malicious,Malicious,0.9992172904312611
Malicious,Malicious,0.9992172904312611
Malicious,Malicious,0.9992172904312611
Malicious,Malicious,0.9992172904312611
Malicious,Malicious,0.9992172904312611
Malicious,Malicious,0.9992172904312611
Malicious,Malicious,0.9992174692451954
Malicious,Malicious,0.9992172904312611
Malicious,Malicious,0.9992172904312611
Malicious,Malicious,0.9992172904312611
Malicious,Malicious,0.9992172904312611
Malicious,Malicious,0.9992172904312611
Malicious,Malicious,0.9991945810616016
Malicious,Malicious,0.9992172904312611
Malicious,Malicious,0.9992172904312611
Malicious,Malicious,0.9992171116173267
Malicious,Malicious,0.9992172904312611
Malicious,Malicious,0.9992172904312611
Malicious,Malicious,0.9992172904312611
Malicious,Malicious,0.9992174692451954
Malicious,Malicious,0.9992172904312611
Malicious,Malicious,0.9992172904312611
Malicious,Malicious,0.9992172904312611
Malicious,Malicious,0.9992172904312611
Malicious,Malicious,0.9992174692451954
Malicious,Malicious,0.9992172904312611
Malicious,Malicious,0.9992172904312611
Malicious,Malicious,0.9992172904312611
Malicious,Malicious,0.9992171116173267
Malicious,Malicious,0.9992172904312611
Malicious,Malicious,0.9992171116173267
Malicious,Malicious,0.9992172904312611
Malicious,Malicious,0.9992172904312611
Malicious,Malicious,0.9992172904312611
Malicious,Malicious,0.9992172904312611
Malicious,Malicious,0.9992172904312611
Malicious,Malicious,0.9992172904312611
Malicious,Malicious,0.9992172904312611
Malicious,Malicious,0.9992172904312611
Malicious,Malicious,0.9992172904312611
Malicious,Malicious,0.9992172904312611
Malicious,Malicious,0.9992172904312611
Malicious,Malicious,0.9992172904312611
Malicious,Malicious,0.9992172904312611
Malicious,Malicious,0.9992171116173267
Malicious,Malicious,0.9992172904312611
Malicious,Malicious,0.9992171116173267
Malicious,Malicious,0.9992174692451954
Malicious,Malicious,0.9992172904312611
Malicious,Malicious,0.9992172904312611
Malicious,Malicious,0.9992078132927418
Malicious,Malicious,0.9992172904312611
Malicious,Malicious,0.9992172904312611
Malicious,Benign,0.026880443561822176
Malicious,Malicious,0.9992172904312611
Malicious,Malicious,0.9992172904312611
Malicious,Malicious,0.9992172904312611
Malicious,Malicious,0.9992172904312611
Malicious,Malicious,0.9992172904312611
Malicious,Malicious,0.9992172904312611
Malicious,Malicious,0.9992172904312611
Malicious,Malicious,0.9992172904312611
Malicious,Benign,0.001044522039592266
Malicious,Malicious,0.9992172904312611
Malicious,Malicious,0.9992172904312611
Malicious,Malicious,0.9992172904312611
Malicious,Malicious,0.9992174692451954
Malicious,Malicious,0.9992171116173267
Malicious,Malicious,0.9992172904312611
Malicious,Malicious,0.9992172904312611
Malicious,Malicious,0.9992174692451954
Malicious,Malicious,0.9991803951561451
Malicious,Malicious,0.9992172904312611
Malicious,Malicious,0.9992172904312611
Malicious,Malicious,0.9992172904312611
Malicious,Malicious,0.9992174692451954
Malicious,Malicious,0.9966526105999947
Malicious,Malicious,0.9992172904312611
Malicious,Malicious,0.9992174692451954
Malicious,Malicious,0.9992174692451954
Malicious,Malicious,0.9992172904312611
Malicious,Malicious,0.9992172904312611
Malicious,Malicious,0.9992172904312611
Malicious,Malicious,0.9992076344788074
Malicious,Malicious,0.9992172904312611
Malicious,Malicious,0.9992172904312611
Malicious,Malicious,0.9992172904312611
Malicious,Malicious,0.9992172904312611
Malicious,Malicious,0.9992172904312611
Malicious,Malicious,0.9992172904312611
Malicious,Malicious,0.9992171116173267
Malicious,Malicious,0.9992172904312611
Malicious,Malicious,0.9992171116173267
Malicious,Malicious,0.9992172904312611
Malicious,Malicious,0.9992172904312611
Malicious,Malicious,0.9992172904312611
Malicious,Malicious,0.9992171116173267
Malicious,Malicious,0.9992172904312611
Malicious,Malicious,0.9992174692451954
Malicious,Malicious,0.9992172904312611
Malicious,Malicious,0.9992172904312611
Malicious,Malicious,0.9992172904312611
Malicious,Malicious,0.9992172904312611
Malicious,Malicious,0.9992172904312611
Malicious,Malicious,0.9992172904312611
Malicious,Malicious,0.9992172904312611
Malicious,Malicious,0.9992172904312611
Malicious,Malicious,0.9992174692451954
Malicious,Malicious,0.9992172904312611
Malicious,Malicious,0.9992174692451954
Malicious,Malicious,0.9992172904312611
Malicious,Malicious,0.9992172904312611
Malicious,Malicious,0.9992172904312611
Malicious,Malicious,0.9992172904312611
Malicious,Malicious,0.9992172904312611
Malicious,Malicious,0.9992172904312611
Malicious,Benign,0.018906948040239513
Malicious,Malicious,0.9992174692451954
Malicious,Benign,0.027091918513178825
Malicious,Malicious,0.9992172904312611
Malicious,Malicious,0.9992172904312611
Malicious,Malicious,0.9992172904312611
Malicious,Malicious,0.9992172904312611
Malicious,Malicious,0.9992172904312611
Malicious,Benign,0.01563996629556641
Malicious,Malicious,0.9992172904312611
Malicious,Malicious,0.9992172904312611
Malicious,Malicious,0.9992078132927418
Malicious,Malicious,0.9992172904312611
Malicious,Malicious,0.9992172904312611
Malicious,Malicious,0.9992172904312611
Malicious,Malicious,0.9992172904312611
Malicious,Malicious,0.9992172904312611
Malicious,Benign,0.0610055064316839
Malicious,Malicious,0.9992174692451954
Malicious,Malicious,0.9992172904312611
Malicious,Malicious,0.99805061891675
Malicious,Malicious,0.9992172904312611
Malicious,Malicious,0.9992172904312611
Malicious,Malicious,0.9992156811058521
Malicious,Malicious,0.9992172904312611
Malicious,Malicious,0.9992172904312611
Malicious,Malicious,0.9992172904312611
Malicious,Malicious,0.9992172904312611
Malicious,Malicious,0.9992172904312611
Malicious,Malicious,0.9977861531078815
Malicious,Malicious,0.9992172904312611
Malicious,Malicious,0.9992174692451954
Malicious,Malicious,0.9992172904312611
Malicious,Malicious,0.9992172904312611
Malicious,Malicious,0.9992172904312611
Malicious,Malicious,0.9992172904312611
Malicious,Malicious,0.9992172904312611
Malicious,Malicious,0.9992172904312611
Malicious,Malicious,0.9992172904312611
Malicious,Malicious,0.9992172904312611
Malicious,Malicious,0.9992172904312611
Malicious,Malicious,0.9992171116173267
Malicious,Malicious,0.9992172904312611
Malicious,Malicious,0.9992172904312611
Malicious,Malicious,0.9992172904312611
Malicious,Malicious,0.9992172904312611
Malicious,Malicious,0.9992172904312611
Malicious,Malicious,0.9992172904312611
Malicious,Malicious,0.9992172904312611
Malicious,Malicious,0.9992172308266163
Malicious,Malicious,0.9992172904312611
Malicious,Malicious,0.9992172904312611
Malicious,Malicious,0.9992172904312611
Malicious,Malicious,0.9992172904312611
Malicious,Malicious,0.9992172904312611
Malicious,Malicious,0.9992172904312611
Malicious,Malicious,0.9992172904312611
Malicious,Malicious,0.9992172904312611
Malicious,Malicious,0.9992172904312611
Malicious,Malicious,0.9992172904312611
Malicious,Malicious,0.9992172904312611
Malicious,Malicious,0.9992174692451954
Malicious,Malicious,0.9992172904312611
Malicious,Malicious,0.9992172904312611
Malicious,Malicious,0.9992172904312611
Malicious,Malicious,0.9992172904312611
Malicious,Malicious,0.9992172904312611
Malicious,Malicious,0.9992172904312611
Malicious,Malicious,0.9992172904312611
Malicious,Malicious,0.9992172904312611
Malicious,Malicious,0.9992172904312611
Malicious,Malicious,0.9992172904312611
Malicious,Malicious,0.9992172904312611
Malicious,Malicious,0.9992172904312611
Malicious,Malicious,0.999209601432085
Malicious,Malicious,0.9992172904312611
Malicious,Malicious,0.9992172904312611
Malicious,Malicious,0.9980003722012043
Malicious,Malicious,0.9992172904312611
Malicious,Malicious,0.9992172904312611
Malicious,Malicious,0.9992172904312611
Malicious,Malicious,0.9992172904312611
Malicious,Malicious,0.9463426824659109
Malicious,Malicious,0.9992172904312611
Malicious,Malicious,0.9992172904312611
Malicious,Malicious,0.9992172904312611
Malicious,Malicious,0.9992172904312611
Malicious,Malicious,0.9968839474022388
Malicious,Malicious,0.9992172308266163
Malicious,Malicious,0.9992172904312611
Malicious,Malicious,0.9992172904312611
Malicious,Malicious,0.9992172904312611
Malicious,Malicious,0.9992174692451954
Malicious,Malicious,0.9992172904312611
Malicious,Malicious,0.9992172904312611
Malicious,Malicious,0.9992174692451954
Malicious,Malicious,0.9992172904312611
Malicious,Malicious,0.9992172904312611
Malicious,Malicious,0.9991803951561451
Malicious,Malicious,0.9991945810616016
Malicious,Malicious,0.9992172904312611
Malicious,Malicious,0.9992174692451954
Malicious,Malicious,0.9992172904312611
Malicious,Malicious,0.9992172904312611
Malicious,Malicious,0.9992172904312611
Malicious,Malicious,0.9992172904312611
Malicious,Malicious,0.9992172904312611
Malicious,Malicious,0.9992172904312611
Malicious,Malicious,0.9992172904312611
Malicious,Malicious,0.9992171116173267
Malicious,Malicious,0.9992174692451954
Malicious,Malicious,0.9992172904312611
Malicious,Malicious,0.7751157414168119
Malicious,Malicious,0.9992172904312611
Malicious,Malicious,0.9992174692451954
Malicious,Malicious,0.9992174692451954
Malicious,Malicious,0.9992172904312611
Malicious,Malicious,0.9992172904312611
Malicious,Malicious,0.9992172904312611
Malicious,Malicious,0.9992172904312611
Malicious,Malicious,0.9992172904312611
Malicious,Malicious,0.9992172904312611
Malicious,Malicious,0.9992172904312611
Malicious,Malicious,0.9992172904312611
Malicious,Malicious,0.9992172904312611
Malicious,Malicious,0.9992174692451954
Malicious,Malicious,0.9992172904312611
Malicious,Malicious,0.9992172904312611
Malicious,Malicious,0.9992172904312611
Malicious,Malicious,0.9992171116173267
Malicious,Malicious,0.9992174692451954
Malicious,Malicious,0.9992172904312611
Malicious,Malicious,0.9992171116173267
Malicious,Malicious,0.9992172904312611
Malicious,Malicious,0.9992171116173267
Malicious,Malicious,0.9992172904312611
Malicious,Malicious,0.9992171116173267
Malicious,Malicious,0.9992172904312611
Malicious,Malicious,0.9992171116173267
Malicious,Malicious,0.9992172904312611
Malicious,Malicious,0.9992172904312611
Malicious,Malicious,0.9992172904312611
Malicious,Malicious,0.9991945810616016
Malicious,Malicious,0.9992172904312611
Malicious,Malicious,0.9992172904312611
Malicious,Malicious,0.9992172904312611
Malicious,Malicious,0.9992172904312611
Malicious,Malicious,0.9992172904312611
Malicious,Malicious,0.9992172904312611
Malicious,Malicious,0.9992172904312611
Malicious,Malicious,0.9992174692451954
Malicious,Malicious,0.9992171116173267
Malicious,Malicious,0.9992172904312611
Malicious,Malicious,0.9992174692451954
Malicious,Malicious,0.9992172904312611
Malicious,Malicious,0.9992172904312611
Malicious,Malicious,0.9991945810616016
Malicious,Malicious,0.9992172904312611
Malicious,Malicious,0.9992172904312611
Malicious,Malicious,0.9992172904312611
Malicious,Malicious,0.9992172904312611
Malicious,Malicious,0.9992172904312611
Malicious,Malicious,0.9992172904312611
Malicious,Malicious,0.9992172904312611
Malicious,Malicious,0.9992172904312611
Malicious,Malicious,0.9992172904312611
Malicious,Malicious,0.9992156811058521
Malicious,Malicious,0.9992172904312611
Malicious,Malicious,0.9992174692451954
Malicious,Malicious,0.9992172904312611
Malicious,Malicious,0.9992174692451954
Malicious,Malicious,0.9992172904312611
Malicious,Malicious,0.9992172904312611
Malicious,Malicious,0.9992171116173267
Malicious,Malicious,0.9992172904312611
Malicious,Malicious,0.9992172904312611
Malicious,Malicious,0.9992171116173267
Malicious,Malicious,0.9992076344788074
Malicious,Malicious,0.9992172904312611
Malicious,Malicious,0.9992172904312611
Malicious,Malicious,0.9992172904312611
Malicious,Malicious,0.9992172904312611
Malicious,Malicious,0.9992172904312611
Malicious,Malicious,0.9992172904312611
Malicious,Malicious,0.9992172904312611
Malicious,Malicious,0.9992172904312611
Malicious,Malicious,0.9992172904312611
Malicious,Malicious,0.9992174692451954
Malicious,Malicious,0.9992172904312611
Malicious,Malicious,0.9992172904312611
Malicious,Malicious,0.9992172904312611
Malicious,Malicious,0.9992172904312611
Malicious,Malicious,0.9992172904312611
Malicious,Malicious,0.9992174692451954
Malicious,Malicious,0.9992172904312611
Malicious,Malicious,0.9968837685883045
Malicious,Malicious,0.9992174692451954
Malicious,Benign,0.043775350553914905
Malicious,Malicious,0.9992172904312611
Malicious,Malicious,0.9992172904312611
Malicious,Malicious,0.9992172904312611
Malicious,Malicious,0.9992172904312611
Malicious,Malicious,0.9992172904312611
Malicious,Malicious,0.9992172904312611
Malicious,Malicious,0.9992172904312611
Malicious,Malicious,0.9992172904312611
Malicious,Malicious,0.9992172904312611
Malicious,Malicious,0.9992171116173267
Malicious,Malicious,0.9991739578545094
Malicious,Malicious,0.9992172904312611
Malicious,Malicious,0.9992172904312611
Malicious,Malicious,0.9992172904312611
Malicious,Malicious,0.9992172904312611
Malicious,Malicious,0.9992172904312611
Malicious,Malicious,0.9992174692451954
Malicious,Malicious,0.9992172904312611
Malicious,Malicious,0.9992172904312611
Malicious,Malicious,0.9992172904312611
Malicious,Malicious,0.9992172904312611
Malicious,Malicious,0.9992174692451954
Malicious,Malicious,0.9992172904312611
Malicious,Malicious,0.9992172904312611
Malicious,Malicious,0.9992180056869984
Malicious,Malicious,0.9992171116173267
Malicious,Malicious,0.9992172904312611
Malicious,Malicious,0.9992172904312611
Malicious,Malicious,0.9992172904312611
Malicious,Malicious,0.9992172904312611
Malicious,Malicious,0.9991994090378284
Malicious,Malicious,0.9992172904312611
Malicious,Malicious,0.9992172904312611
Malicious,Malicious,0.9992171116173267
Malicious,Malicious,0.9992172904312611
Malicious,Malicious,0.9992174692451954
Malicious,Malicious,0.9992172904312611
Malicious,Malicious,0.9992172904312611
Malicious,Malicious,0.9992172904312611
Malicious,Malicious,0.9992172904312611
Malicious,Malicious,0.9992172904312611
Malicious,Malicious,0.9992172904312611
Malicious,Malicious,0.9992172904312611
Malicious,Malicious,0.9992171116173267
Malicious,Malicious,0.9992172904312611
Malicious,Malicious,0.9992174692451954
Malicious,Malicious,0.9992172904312611
Malicious,Malicious,0.9992172904312611
Malicious,Malicious,0.9992172904312611
Malicious,Malicious,0.9992171116173267
Malicious,Malicious,0.9992171116173267
Malicious,Malicious,0.9992174692451954
Malicious,Malicious,0.9992174692451954
Malicious,Malicious,0.9992174692451954
Malicious,Malicious,0.9992172904312611
Malicious,Malicious,0.9992172904312611
Malicious,Malicious,0.9992174692451954
Malicious,Malicious,0.9992172904312611
Malicious,Malicious,0.9992172904312611
Malicious,Malicious,0.9992156811058521
Malicious,Malicious,0.9992172904312611
Malicious,Malicious,0.9992172904312611
Malicious,Malicious,0.9992172904312611
Malicious,Malicious,0.9992172904312611
Malicious,Malicious,0.9992172904312611
Malicious,Malicious,0.9992172904312611
Malicious,Malicious,0.9992172904312611
Malicious,Malicious,0.9340293342247605
Malicious,Malicious,0.9992172904312611
Malicious,Malicious,0.9992172904312611
Malicious,Malicious,0.9992172904312611
Malicious,Malicious,0.9992172904312611
Malicious,Malicious,0.9992076344788074
Malicious,Malicious,0.9992172904312611
Malicious,Malicious,0.9992172904312611
Malicious,Malicious,0.9992172904312611
Malicious,Malicious,0.9992172904312611
Malicious,Malicious,0.9992172904312611
Malicious,Malicious,0.9992172904312611
Malicious,Malicious,0.9992172904312611
Malicious,Malicious,0.9992172904312611
Malicious,Malicious,0.725794842466712
Malicious,Malicious,0.9991945810616016
Malicious,Malicious,0.9992172904312611
Malicious,Malicious,0.9992172904312611
Malicious,Malicious,0.9992172904312611
Malicious,Benign,0.008043409558013082
Malicious,Malicious,0.9991945810616016
Malicious,Malicious,0.9992172904312611
Malicious,Malicious,0.9992172904312611
Malicious,Malicious,0.9992172904312611
Malicious,Malicious,0.9992156811058521
Malicious,Malicious,0.9992172904312611
Malicious,Malicious,0.9992172904312611
Malicious,Malicious,0.9992172904312611
Malicious,Malicious,0.9929957948625088
Malicious,Malicious,0.9992172904312611
Malicious,Malicious,0.9992172904312611
Malicious,Malicious,0.9992172904312611
Malicious,Malicious,0.9992172904312611
Malicious,Malicious,0.9992172904312611
Malicious,Malicious,0.9992172904312611
Malicious,Malicious,0.9992172904312611
Malicious,Malicious,0.9992172904312611
Malicious,Malicious,0.9992172904312611
Malicious,Malicious,0.9992172904312611
Malicious,Malicious,0.9992156811058521
Malicious,Malicious,0.9991803951561451
Malicious,Malicious,0.9991586394608021
Malicious,Malicious,0.9992172308266163
Malicious,Malicious,0.9992172904312611
Malicious,Malicious,0.9992172904312611
Malicious,Malicious,0.9991803951561451
Malicious,Malicious,0.9992172904312611
Malicious,Malicious,0.9992172904312611
Malicious,Malicious,0.9992172904312611
Malicious,Malicious,0.9992172904312611
Malicious,Malicious,0.9992174692451954
Malicious,Malicious,0.9992172904312611
Malicious,Malicious,0.9992172904312611
Malicious,Malicious,0.9992172904312611
Malicious,Malicious,0.9992172904312611
Malicious,Malicious,0.9992156811058521
Malicious,Malicious,0.9992172904312611
Malicious,Malicious,0.9992172904312611
Malicious,Malicious,0.9992172904312611
Malicious,Malicious,0.9992174692451954
Malicious,Malicious,0.9992172904312611
Malicious,Malicious,0.9992172904312611
Malicious,Malicious,0.9992136545479298
Malicious,Benign,0.017546049290103838
Malicious,Malicious,0.9992136545479298
Malicious,Malicious,0.9992172904312611
Malicious,Malicious,0.9992172904312611
Malicious,Malicious,0.9992172904312611
Malicious,Malicious,0.9992172904312611
Malicious,Malicious,0.9991945810616016
Malicious,Malicious,0.9992174692451954
Malicious,Malicious,0.9992172904312611
Malicious,Malicious,0.9992172904312611
Malicious,Malicious,0.9991945810616016
Malicious,Malicious,0.9992172904312611
Malicious,Malicious,0.9992172904312611
Malicious,Malicious,0.9992172904312611
Malicious,Malicious,0.9992172904312611
Malicious,Malicious,0.9992172904312611
Malicious,Malicious,0.9992172904312611
Malicious,Malicious,0.9992172904312611
Malicious,Malicious,0.9992172904312611
Malicious,Malicious,0.9992172904312611
Malicious,Malicious,0.9992172904312611
Malicious,Malicious,0.9992172904312611
Malicious,Malicious,0.9992180056869984
Malicious,Benign,0.141369984485209
Malicious,Malicious,0.9992172904312611
Malicious,Malicious,0.9992172904312611
Malicious,Malicious,0.9992172904312611
Malicious,Malicious,0.9992172904312611
Malicious,Malicious,0.9992172904312611
Malicious,Malicious,0.9992172904312611
Malicious,Malicious,0.9608496353030205
Malicious,Malicious,0.9992174692451954
Malicious,Malicious,0.9992172904312611
Malicious,Malicious,0.9992174692451954
Malicious,Malicious,0.9992172904312611
Malicious,Malicious,0.9992172904312611
Malicious,Malicious,0.9992172904312611
Malicious,Malicious,0.9992172904312611
Malicious,Malicious,0.986328985542059
Malicious,Malicious,0.9992172904312611
Malicious,Malicious,0.9992174692451954
Malicious,Malicious,0.9992172904312611
Malicious,Benign,0.05355053930543363
Malicious,Malicious,0.9992171116173267
Malicious,Malicious,0.9992172904312611
Malicious,Malicious,0.9992172904312611
Malicious,Malicious,0.9992172904312611
Malicious,Malicious,0.9992171116173267
Malicious,Malicious,0.9992174692451954
Malicious,Malicious,0.9992171116173267
Malicious,Malicious,0.9992172904312611
Malicious,Malicious,0.9992172904312611
Malicious,Malicious,0.9992174692451954
Malicious,Malicious,0.999209601432085
Malicious,Malicious,0.9991945810616016
Malicious,Malicious,0.9992172904312611
Malicious,Malicious,0.9992172904312611
Malicious,Malicious,0.9992172904312611
Malicious,Malicious,0.9992171116173267
Malicious,Malicious,0.9992172904312611
Malicious,Malicious,0.9992172904312611
Malicious,Malicious,0.9992172904312611
Malicious,Malicious,0.9992172904312611
Malicious,Malicious,0.9992172904312611
Malicious,Malicious,0.9991633482277393
Malicious,Malicious,0.9992156811058521
Malicious,Malicious,0.9992172904312611
Malicious,Malicious,0.9992172904312611
Malicious,Malicious,0.9992156811058521
Malicious,Malicious,0.9992172904312611
Malicious,Malicious,0.9992172904312611
Malicious,Malicious,0.9991945810616016
Malicious,Malicious,0.9992172904312611
Malicious,Malicious,0.9992171116173267
Malicious,Malicious,0.9992172904312611
Malicious,Malicious,0.9992181845009327
Malicious,Malicious,0.9992172904312611
Malicious,Malicious,0.9992172904312611
Malicious,Malicious,0.9992172904312611
Malicious,Malicious,0.9992172904312611
Malicious,Malicious,0.9992171116173267
Malicious,Malicious,0.9992180056869984
Malicious,Malicious,0.9992172904312611
Malicious,Malicious,0.9992172904312611
Malicious,Malicious,0.9992172904312611
Malicious,Malicious,0.9992172904312611
Malicious,Malicious,0.9992171116173267
Malicious,Malicious,0.9992172904312611
Malicious,Malicious,0.9992174692451954
Malicious,Malicious,0.9992172904312611
Malicious,Malicious,0.9992172904312611
Malicious,Malicious,0.9992172904312611
Malicious,Malicious,0.9992172904312611
Malicious,Malicious,0.9992172904312611
Malicious,Malicious,0.9992172904312611
Malicious,Malicious,0.9992172904312611
Malicious,Malicious,0.9992171116173267
Malicious,Malicious,0.9992172904312611
Malicious,Malicious,0.9992172904312611
Malicious,Malicious,0.9971366412937641
Malicious,Malicious,0.9991805739700794
Malicious,Malicious,0.9991805739700794
Malicious,Malicious,0.9992172904312611
Malicious,Malicious,0.999200601130724
Malicious,Malicious,0.9992172904312611
Malicious,Malicious,0.9992156811058521
Malicious,Malicious,0.9992172904312611
Malicious,Malicious,0.9992172904312611
Malicious,Malicious,0.9992174692451954
Malicious,Malicious,0.9991803951561451
Malicious,Malicious,0.9992172904312611
Malicious,Malicious,0.9992172904312611
Malicious,Malicious,0.9992172904312611
Malicious,Malicious,0.9992172904312611
Malicious,Malicious,0.9992172904312611
Malicious,Malicious,0.9992172904312611
Malicious,Malicious,0.9992174692451954
Malicious,Malicious,0.9992171116173267
Malicious,Malicious,0.9992172904312611
Malicious,Malicious,0.9992172904312611
Malicious,Malicious,0.9992172904312611
Malicious,Malicious,0.9992156811058521
Malicious,Malicious,0.9992172904312611
Malicious,Malicious,0.9992172904312611
Malicious,Malicious,0.9992172904312611
Malicious,Malicious,0.9992171116173267
Malicious,Malicious,0.9992172904312611
Malicious,Malicious,0.9992172904312611
Malicious,Malicious,0.9992172904312611
Malicious,Malicious,0.9992172904312611
Malicious,Malicious,0.9991725869476795
Malicious,Malicious,0.9992172904312611
Malicious,Malicious,0.9992172904312611
Malicious,Malicious,0.9992172904312611
Malicious,Malicious,0.9992171116173267
Malicious,Malicious,0.9992174692451954
Malicious,Malicious,0.9992172904312611
Malicious,Malicious,0.9992172904312611
Malicious,Malicious,0.9226113371551037
Malicious,Malicious,0.9992171116173267
Malicious,Malicious,0.9992171116173267
Malicious,Malicious,0.877020703162998
Malicious,Malicious,0.9992172904312611
Malicious,Malicious,0.9992172904312611
Malicious,Malicious,0.9992172904312611
Malicious,Malicious,0.9992172904312611
Malicious,Malicious,0.9992172904312611
Malicious,Malicious,0.9992172904312611
Malicious,Malicious,0.9992171116173267
Malicious,Malicious,0.9992172904312611
Malicious,Malicious,0.9992172904312611
Malicious,Malicious,0.9992172904312611
Malicious,Malicious,0.9992172904312611
Malicious,Malicious,0.7804622799158096
Malicious,Malicious,0.9992172904312611
Malicious,Malicious,0.9992172904312611
Malicious,Malicious,0.9992174692451954
Malicious,Malicious,0.9992172904312611
Malicious,Malicious,0.9992172904312611
Malicious,Malicious,0.9992172904312611
Malicious,Malicious,0.9992171116173267
Malicious,Malicious,0.9992172904312611
Malicious,Malicious,0.9992172904312611
Malicious,Malicious,0.9992171116173267
Malicious,Benign,0.04938327334821224
Malicious,Malicious,0.9992174692451954
Malicious,Malicious,0.9992172904312611
Malicious,Malicious,0.999189455062151
Malicious,Malicious,0.9992172904312611
Malicious,Malicious,0.9992172904312611
Malicious,Malicious,0.9992172904312611
Malicious,Malicious,0.9992172904312611
Malicious,Malicious,0.9992172904312611
Malicious,Malicious,0.9992171116173267
Malicious,Malicious,0.9992172904312611
Malicious,Malicious,0.9992172904312611
Malicious,Malicious,0.5921196229173802
Malicious,Malicious,0.9992172904312611
Malicious,Malicious,0.9992172904312611
Malicious,Malicious,0.9992172904312611
Malicious,Malicious,0.9992174692451954
Malicious,Malicious,0.9992172904312611
Malicious,Malicious,0.9992172904312611
Malicious,Malicious,0.9992172904312611
Malicious,Malicious,0.9992172904312611
Malicious,Malicious,0.9992172904312611
Malicious,Malicious,0.999200601130724
Malicious,Malicious,0.9992171116173267
Malicious,Malicious,0.9992172904312611
Malicious,Malicious,0.9992172904312611
Malicious,Malicious,0.9992172904312611
Malicious,Malicious,0.9992172904312611
Malicious,Malicious,0.9992172904312611
Malicious,Malicious,0.9992172904312611
Malicious,Malicious,0.9992172904312611
Malicious,Malicious,0.9992171116173267
Malicious,Malicious,0.9992171116173267
Malicious,Malicious,0.9992172904312611
Malicious,Malicious,0.9992172904312611
Malicious,Malicious,0.9992172904312611
Malicious,Malicious,0.9992171116173267
Malicious,Malicious,0.9992172904312611
Malicious,Malicious,0.9992172904312611
Malicious,Malicious,0.9992172904312611
Malicious,Malicious,0.9919620528817177
Malicious,Malicious,0.9992172904312611
Malicious,Malicious,0.9991945810616016
Malicious,Malicious,0.9991945810616016
Malicious,Malicious,0.9992172904312611
Malicious,Malicious,0.9992172904312611
Malicious,Malicious,0.9992174692451954
Malicious,Malicious,0.9992172904312611
Malicious,Malicious,0.9992172904312611
Malicious,Malicious,0.99805061891675
Malicious,Malicious,0.9992172904312611
Malicious,Malicious,0.9992172904312611
Malicious,Malicious,0.9992174692451954
Malicious,Malicious,0.9992172904312611
Malicious,Benign,0.06965433247387409
Malicious,Malicious,0.9992171116173267
Malicious,Malicious,0.9992172904312611
Malicious,Malicious,0.999203521758318
Malicious,Malicious,0.9992172904312611
Malicious,Malicious,0.9992172904312611
Malicious,Malicious,0.9992172904312611
Malicious,Malicious,0.9992172904312611
Malicious,Malicious,0.9992172904312611
Malicious,Malicious,0.9992174692451954
Malicious,Malicious,0.9992172904312611
Malicious,Malicious,0.9992172904312611
Malicious,Malicious,0.9992180056869984
Malicious,Malicious,0.9992172904312611
Malicious,Malicious,0.9992172904312611
Malicious,Benign,0.07461937516927719
Malicious,Malicious,0.9992172904312611
Malicious,Malicious,0.9992172904312611
Malicious,Malicious,0.9992174692451954
Malicious,Malicious,0.9992172904312611
Malicious,Malicious,0.9992172904312611
Malicious,Malicious,0.9992172904312611
Malicious,Malicious,0.9837773442268372
Malicious,Malicious,0.9992172904312611
Malicious,Malicious,0.9992172904312611
Malicious,Malicious,0.9992172904312611
Malicious,Malicious,0.9992171116173267
Malicious,Malicious,0.9992172904312611
Malicious,Malicious,0.9992172904312611
Malicious,Malicious,0.9992172904312611
Malicious,Malicious,0.9992172904312611
Malicious,Malicious,0.9992172904312611
Malicious,Malicious,0.9992172904312611
Malicious,Malicious,0.9992172904312611
Malicious,Malicious,0.9992172904312611
Malicious,Malicious,0.9992172904312611
Malicious,Malicious,0.9992172904312611
Malicious,Malicious,0.9992172904312611
Malicious,Malicious,0.9992172904312611
Malicious,Malicious,0.9992172904312611
Malicious,Malicious,0.9992172904312611
Malicious,Malicious,0.9992174692451954
Malicious,Malicious,0.9992172904312611
Malicious,Malicious,0.9992172904312611
Malicious,Malicious,0.9992172904312611
Malicious,Malicious,0.9992172904312611
Malicious,Malicious,0.9806567840278149
Malicious,Malicious,0.9992171116173267
Malicious,Malicious,0.9955339506268501
Malicious,Malicious,0.9992172904312611
Malicious,Malicious,0.9992172904312611
Malicious,Malicious,0.9992172904312611
Malicious,Malicious,0.7774672862142324
Malicious,Malicious,0.9992172904312611
Malicious,Malicious,0.9992172904312611
Malicious,Malicious,0.9992156811058521
Malicious,Malicious,0.9992172904312611
Malicious,Malicious,0.9992172904312611
Malicious,Malicious,0.9992171116173267
Malicious,Malicious,0.9992172904312611
Malicious,Malicious,0.9992172904312611
Malicious,Malicious,0.9992172904312611
Malicious,Malicious,0.9992172904312611
Malicious,Malicious,0.9992156811058521
Malicious,Malicious,0.9992172904312611
Malicious,Malicious,0.9992156811058521
Malicious,Malicious,0.9992172904312611
Malicious,Malicious,0.9992172904312611
Malicious,Malicious,0.9991910643875599
Malicious,Malicious,0.9992172904312611
Malicious,Malicious,0.9992172904312611
Malicious,Malicious,0.9992172904312611
Malicious,Malicious,0.9992171116173267
Malicious,Malicious,0.9992156811058521
Malicious,Malicious,0.9992172904312611
Malicious,Malicious,0.9992172904312611
Malicious,Malicious,0.9992172904312611
Malicious,Malicious,0.9992172904312611
Malicious,Malicious,0.9991027899086475
Malicious,Malicious,0.9992172904312611
Malicious,Malicious,0.9992172904312611
Malicious,Malicious,0.9992172904312611
Malicious,Malicious,0.9992172904312611
Malicious,Malicious,0.9992172904312611
Malicious,Malicious,0.9992172904312611
Malicious,Malicious,0.9992172904312611
Malicious,Malicious,0.9992174692451954
Malicious,Malicious,0.9992172904312611
Malicious,Malicious,0.9992172904312611
Malicious,Malicious,0.9992156811058521
Malicious,Malicious,0.9992172904312611
Malicious,Malicious,0.9992172904312611
Malicious,Malicious,0.9992172904312611
Malicious,Malicious,0.9992172904312611
Malicious,Malicious,0.9992172904312611
Malicious,Malicious,0.9992172904312611
Malicious,Malicious,0.9991670437157154
Malicious,Malicious,0.9992174692451954
Malicious,Malicious,0.9992171116173267
Malicious,Malicious,0.9992156811058521
Malicious,Malicious,0.9992172904312611
Malicious,Malicious,0.9992172904312611
Malicious,Malicious,0.9992172904312611
Malicious,Malicious,0.9992172904312611
Malicious,Malicious,0.9992172904312611
Malicious,Malicious,0.9992174692451954
Malicious,Malicious,0.9992171116173267
Malicious,Malicious,0.9992174692451954
Malicious,Malicious,0.9992172904312611
Malicious,Malicious,0.9992172904312611
Malicious,Malicious,0.9992172904312611
Malicious,Malicious,0.9992172904312611
Malicious,Malicious,0.9992172904312611
Malicious,Malicious,0.9991945810616016
Malicious,Malicious,0.9992172904312611
Malicious,Malicious,0.9992172904312611
Malicious,Malicious,0.9992172904312611
Malicious,Malicious,0.9992172904312611
Malicious,Malicious,0.9992172904312611
Malicious,Malicious,0.9992172904312611
Malicious,Malicious,0.9992172904312611
Malicious,Malicious,0.9965101517736912
Malicious,Malicious,0.9992172904312611
Malicious,Malicious,0.9991945810616016
Malicious,Malicious,0.9992171116173267
Malicious,Malicious,0.9992172904312611
Malicious,Malicious,0.9992172904312611
Malicious,Malicious,0.9992171116173267
Malicious,Malicious,0.9992172904312611
Malicious,Malicious,0.9992172904312611
Malicious,Malicious,0.9992172904312611
Malicious,Malicious,0.9992172904312611
Malicious,Malicious,0.9992172904312611
Malicious,Malicious,0.9477614387869835
Malicious,Malicious,0.9992172904312611
Malicious,Malicious,0.9992174692451954
Malicious,Malicious,0.9992171116173267
Malicious,Malicious,0.9992172904312611
Malicious,Malicious,0.9992172904312611
Malicious,Malicious,0.9992172904312611
Malicious,Malicious,0.9992172904312611
Malicious,Malicious,0.9992174692451954
Malicious,Benign,0.019184713368304074
Malicious,Malicious,0.9992172904312611
Malicious,Malicious,0.9992172904312611
Malicious,Malicious,0.9992172904312611
Malicious,Malicious,0.9992172904312611
Malicious,Malicious,0.9992172904312611
Malicious,Malicious,0.9992172904312611
Malicious,Malicious,0.9992172904312611
Malicious,Malicious,0.9992174692451954
Malicious,Malicious,0.9992171116173267
Malicious,Malicious,0.9992172904312611
Malicious,Malicious,0.9992172904312611
Malicious,Malicious,0.9992172904312611
Malicious,Malicious,0.9992172904312611
Malicious,Malicious,0.9992174692451954
Malicious,Malicious,0.9992172904312611
Malicious,Malicious,0.9992172904312611
Malicious,Malicious,0.9992172904312611
Malicious,Malicious,0.9992172904312611
Malicious,Malicious,0.9992172904312611
Malicious,Malicious,0.9992172904312611
Malicious,Malicious,0.9992172904312611
Malicious,Malicious,0.9992172904312611
Malicious,Malicious,0.9992174692451954
Malicious,Malicious,0.9992172904312611
Malicious,Malicious,0.9992172904312611
Malicious,Malicious,0.9988838993012905
Malicious,Malicious,0.9992172904312611
Malicious,Malicious,0.9992172904312611
Malicious,Malicious,0.9992174692451954
Malicious,Malicious,0.9992174692451954
Malicious,Malicious,0.9992174692451954
Malicious,Malicious,0.9499374851584435
Malicious,Malicious,0.9992172904312611
Malicious,Malicious,0.9992172904312611
Malicious,Malicious,0.9992171116173267
Malicious,Malicious,0.9992171116173267
Malicious,Malicious,0.9992174692451954
Malicious,Malicious,0.9992172904312611
Malicious,Malicious,0.9992172904312611
Malicious,Malicious,0.9992172904312611
Malicious,Malicious,0.9992172904312611
Malicious,Malicious,0.9992172904312611
Malicious,Malicious,0.504090053960681
Malicious,Malicious,0.9992172904312611
Malicious,Malicious,0.9992174692451954
Malicious,Malicious,0.9992172904312611
Malicious,Malicious,0.9992172904312611
Malicious,Malicious,0.9992172904312611
Malicious,Malicious,0.9992172904312611
Malicious,Malicious,0.9992172904312611
Malicious,Malicious,0.9992172904312611
Malicious,Malicious,0.9992174692451954
Malicious,Malicious,0.9992172904312611
Malicious,Malicious,0.9992172904312611
Malicious,Malicious,0.9992174692451954
Malicious,Malicious,0.9992172904312611
Malicious,Malicious,0.9992172904312611
Malicious,Malicious,0.9992172904312611
Malicious,Malicious,0.9992172904312611
Malicious,Malicious,0.9992172904312611
Malicious,Malicious,0.9992172904312611
Malicious,Malicious,0.9992172904312611
Malicious,Malicious,0.9992172904312611
Malicious,Malicious,0.9992172904312611
Malicious,Malicious,0.9992172904312611
Malicious,Malicious,0.9992172904312611
Malicious,Malicious,0.9992172904312611
Malicious,Malicious,0.9992172904312611
Malicious,Malicious,0.9992172904312611
Malicious,Malicious,0.9992172904312611
Malicious,Malicious,0.9992172904312611
Malicious,Malicious,0.9992172904312611
Malicious,Malicious,0.9992172904312611
Malicious,Malicious,0.99805061891675
Malicious,Malicious,0.9992172904312611
Malicious,Malicious,0.9971280582249165
Malicious,Malicious,0.9992172904312611
Malicious,Malicious,0.9992172904312611
Malicious,Malicious,0.9992172904312611
Malicious,Malicious,0.9992174692451954
Malicious,Malicious,0.9991945810616016
Malicious,Malicious,0.9992172904312611
Malicious,Malicious,0.9992172904312611
Malicious,Malicious,0.9992172904312611
Malicious,Malicious,0.9992172904312611
Malicious,Malicious,0.9992172904312611
Malicious,Malicious,0.9992172904312611
Malicious,Malicious,0.9991803951561451
Malicious,Malicious,0.9992172904312611
Malicious,Malicious,0.9992172904312611
Malicious,Malicious,0.9992172904312611
Malicious,Malicious,0.9992172904312611
Malicious,Malicious,0.9992172904312611
Malicious,Malicious,0.9992172904312611
Malicious,Malicious,0.9992172904312611
Malicious,Malicious,0.9991945810616016
Malicious,Malicious,0.9992172904312611
Malicious,Malicious,0.9992171116173267
Malicious,Malicious,0.9992172904312611
Malicious,Malicious,0.9992172904312611
Malicious,Malicious,0.9992171116173267
Malicious,Malicious,0.9992172904312611
Malicious,Malicious,0.9992172904312611
Malicious,Malicious,0.9992171116173267
Malicious,Malicious,0.9992172904312611
Malicious,Malicious,0.9992172904312611
Malicious,Malicious,0.9992172904312611
Malicious,Malicious,0.9992172904312611
Malicious,Malicious,0.9992172904312611
Malicious,Malicious,0.9992172904312611
Malicious,Malicious,0.9992171116173267
Malicious,Malicious,0.9992172904312611
Malicious,Malicious,0.9992172904312611
Malicious,Malicious,0.9992172904312611
Malicious,Malicious,0.9992172904312611
Malicious,Malicious,0.9992172904312611
Malicious,Malicious,0.9992172904312611
Malicious,Malicious,0.9992172904312611
Malicious,Malicious,0.9990825839340687
Malicious,Malicious,0.9992172904312611
Malicious,Malicious,0.9992172904312611
Malicious,Malicious,0.9978312030434608
Malicious,Malicious,0.9992172904312611
Malicious,Malicious,0.9992172904312611
Malicious,Malicious,0.9992172904312611
Malicious,Malicious,0.9992172904312611
Malicious,Malicious,0.9992172904312611
Malicious,Malicious,0.9992172904312611
Malicious,Malicious,0.9992172904312611
Malicious,Malicious,0.9991877265274525
Malicious,Malicious,0.9990508034825325
Malicious,Malicious,0.9992172904312611
Malicious,Malicious,0.9992172904312611
Malicious,Malicious,0.9992172904312611
Malicious,Malicious,0.9992172904312611
Malicious,Malicious,0.9992172904312611
Malicious,Malicious,0.9992172904312611
Malicious,Malicious,0.9992172904312611
Malicious,Malicious,0.9992172904312611
Malicious,Malicious,0.9992172904312611
Malicious,Malicious,0.9992172904312611
Malicious,Benign,0.02279907907359302
Malicious,Malicious,0.9982454478740692
Malicious,Malicious,0.9992172904312611
Malicious,Malicious,0.9992172904312611
Malicious,Malicious,0.9992172904312611
Malicious,Malicious,0.9992172904312611
Malicious,Malicious,0.9992172904312611
Malicious,Malicious,0.9991945810616016
Malicious,Malicious,0.9992174692451954
Malicious,Malicious,0.9992172904312611
Malicious,Malicious,0.9992172904312611
Malicious,Malicious,0.9992174692451954
Malicious,Malicious,0.9992172904312611
Malicious,Malicious,0.9992174692451954
Malicious,Malicious,0.9992172904312611
Malicious,Malicious,0.9992172904312611
Malicious,Malicious,0.9992172904312611
Malicious,Malicious,0.9992171116173267
Malicious,Malicious,0.9992172904312611
Malicious,Malicious,0.9992172904312611
Malicious,Malicious,0.9992172904312611
Malicious,Malicious,0.9992172904312611
Malicious,Malicious,0.9992172904312611
Malicious,Malicious,0.9991945810616016
Malicious,Malicious,0.9992172904312611
Malicious,Malicious,0.9992172904312611
Malicious,Malicious,0.9992172904312611
Malicious,Malicious,0.9991945810616016
Malicious,Malicious,0.9992172904312611
Malicious,Malicious,0.9992172904312611
Malicious,Malicious,0.9992172904312611
Malicious,Malicious,0.9992172904312611
Malicious,Malicious,0.9992174692451954
Malicious,Malicious,0.9992171116173267
Malicious,Malicious,0.9992171116173267
Malicious,Malicious,0.9992172904312611
Malicious,Malicious,0.9992172904312611
Malicious,Malicious,0.9992174692451954
Malicious,Malicious,0.9992172904312611
Malicious,Malicious,0.9992172904312611
Malicious,Malicious,0.9992174692451954
Malicious,Malicious,0.9992172904312611
Malicious,Malicious,0.9992172904312611
Malicious,Malicious,0.9992172904312611
Malicious,Malicious,0.9992172904312611
Malicious,Malicious,0.9992172904312611
Malicious,Malicious,0.9992174692451954
Malicious,Malicious,0.9992172904312611
Malicious,Malicious,0.9992172904312611
Malicious,Malicious,0.9992174692451954
Malicious,Malicious,0.9992172904312611
Malicious,Malicious,0.9992171116173267
Malicious,Malicious,0.9991945810616016
Malicious,Malicious,0.9992172904312611
Malicious,Malicious,0.9992172904312611
Malicious,Malicious,0.9992172904312611
Malicious,Malicious,0.9992174692451954
Malicious,Malicious,0.9992172904312611
Malicious,Malicious,0.9992174692451954
Malicious,Malicious,0.9992172904312611
Malicious,Malicious,0.9992172904312611
Malicious,Malicious,0.9992172904312611
Malicious,Malicious,0.9992171116173267
Malicious,Malicious,0.9992172904312611
Malicious,Malicious,0.999203521758318
Malicious,Malicious,0.9992172904312611
Malicious,Malicious,0.9992172904312611
Malicious,Malicious,0.9992172904312611
Malicious,Malicious,0.9992172904312611
Malicious,Malicious,0.9992172904312611
Malicious,Malicious,0.9944260008633137
Malicious,Malicious,0.9992174692451954
Malicious,Malicious,0.9992172904312611
Malicious,Malicious,0.9992172904312611
Malicious,Malicious,0.8802952822297812
Malicious,Malicious,0.9992172904312611
Malicious,Benign,0.009874140610918403
Malicious,Malicious,0.9992171116173267
Malicious,Malicious,0.9992172904312611
Malicious,Malicious,0.9992172904312611
Malicious,Malicious,0.9992171116173267
Malicious,Malicious,0.9992172904312611
Malicious,Malicious,0.9992156811058521
Malicious,Malicious,0.9992174692451954
Malicious,Malicious,0.9992171116173267
Malicious,Malicious,0.9992172904312611
Malicious,Malicious,0.9992174692451954
Malicious,Malicious,0.9992172904312611
Malicious,Malicious,0.9992172904312611
Malicious,Malicious,0.9992172904312611
Malicious,Malicious,0.9992172904312611
Malicious,Malicious,0.9992172904312611
Malicious,Malicious,0.9992171116173267
Malicious,Malicious,0.9992172904312611
Malicious,Malicious,0.9992172904312611
Malicious,Malicious,0.9992172904312611
Malicious,Malicious,0.9991803951561451
Malicious,Malicious,0.9992172904312611
Malicious,Malicious,0.9992172904312611
Malicious,Malicious,0.9992172904312611
Malicious,Malicious,0.9992172904312611
Malicious,Malicious,0.9992172904312611
Malicious,Malicious,0.9992172904312611
Malicious,Malicious,0.9992172904312611
Malicious,Malicious,0.9992172904312611
Malicious,Malicious,0.9992172904312611
Malicious,Malicious,0.9992172904312611
Malicious,Malicious,0.9992172904312611
Malicious,Benign,0.02548748324625194
Malicious,Malicious,0.9991945810616016
Malicious,Malicious,0.9991633482277393
Malicious,Malicious,0.9992172904312611
Malicious,Malicious,0.9992171116173267
Malicious,Malicious,0.9992172904312611
Malicious,Malicious,0.9992172904312611
Malicious,Malicious,0.9992172904312611
Malicious,Malicious,0.9992172904312611
Malicious,Malicious,0.9992172904312611
Malicious,Malicious,0.9992174692451954
Malicious,Malicious,0.9992172904312611
Malicious,Malicious,0.9992172904312611
Malicious,Malicious,0.9992172904312611
Malicious,Malicious,0.9992174692451954
Malicious,Malicious,0.9992172904312611
Malicious,Malicious,0.9992172904312611
Malicious,Malicious,0.9992172904312611
Malicious,Benign,0.03425918146967888
Malicious,Malicious,0.9992172904312611
Malicious,Benign,0.004422310259542428
Malicious,Malicious,0.9992171116173267
Malicious,Malicious,0.9992172904312611
Malicious,Malicious,0.9992172904312611
Malicious,Malicious,0.9992174692451954
Malicious,Malicious,0.9992172904312611
Malicious,Malicious,0.9992172904312611
Malicious,Malicious,0.9992172904312611
Malicious,Malicious,0.9992171116173267
Malicious,Malicious,0.9992172904312611
Malicious,Malicious,0.9991945810616016
Malicious,Malicious,0.9992172904312611
Malicious,Malicious,0.9992172904312611
Malicious,Malicious,0.9992172904312611
Malicious,Malicious,0.9992174692451954
Malicious,Malicious,0.9992172904312611
Malicious,Malicious,0.9992172904312611
Malicious,Malicious,0.9992171116173267
Malicious,Malicious,0.9992172904312611
Malicious,Malicious,0.9992172904312611
Malicious,Malicious,0.9992172904312611
Malicious,Malicious,0.9992174692451954
Malicious,Malicious,0.9992174692451954
Malicious,Malicious,0.9992172904312611
Malicious,Malicious,0.9992172904312611
Malicious,Malicious,0.9992172904312611
Malicious,Malicious,0.9992174692451954
Malicious,Malicious,0.9991803951561451
Malicious,Malicious,0.9992172904312611
Malicious,Malicious,0.9992172904312611
Malicious,Malicious,0.9992172904312611
Malicious,Malicious,0.9992172904312611
Malicious,Malicious,0.9992172904312611
Malicious,Malicious,0.9992172904312611
Malicious,Malicious,0.9992174692451954
Malicious,Malicious,0.9992172904312611
Malicious,Malicious,0.9992156811058521
Malicious,Malicious,0.9992172904312611
Malicious,Malicious,0.9992172904312611
Malicious,Benign,0.09202325716614723
Malicious,Malicious,0.9992172904312611
Malicious,Malicious,0.9992172904312611
Malicious,Malicious,0.9992174692451954
Malicious,Malicious,0.9992172904312611
Malicious,Malicious,0.9992171116173267
Malicious,Malicious,0.9992172904312611
Malicious,Malicious,0.9968837685883045
Malicious,Malicious,0.9992171116173267
Malicious,Malicious,0.9992172904312611
Malicious,Malicious,0.9991945810616016
Malicious,Malicious,0.9992172904312611
Malicious,Malicious,0.9992172904312611
Malicious,Malicious,0.9992174692451954
Malicious,Malicious,0.9992172904312611
Malicious,Malicious,0.9992172904312611
Malicious,Malicious,0.9992172904312611
Malicious,Malicious,0.9992172904312611
Malicious,Malicious,0.9991803951561451
Malicious,Malicious,0.9992172904312611
Malicious,Malicious,0.9992172904312611
Malicious,Malicious,0.9992172904312611
Malicious,Malicious,0.9992172904312611
Malicious,Malicious,0.9992172904312611
Malicious,Malicious,0.9963281564414501
Malicious,Malicious,0.9992172904312611
Malicious,Malicious,0.9991945810616016
Malicious,Benign,0.03770729899406433
Malicious,Malicious,0.9992172904312611
Malicious,Malicious,0.9992172904312611
Malicious,Malicious,0.9990515187382698
Malicious,Malicious,0.9992174692451954
Malicious,Malicious,0.9992156811058521
Malicious,Malicious,0.9992174692451954
Malicious,Malicious,0.9992172904312611
Malicious,Malicious,0.9992172904312611
Malicious,Malicious,0.9992171116173267
Malicious,Malicious,0.9992172904312611
Malicious,Malicious,0.9992172308266163
Malicious,Malicious,0.9992172904312611
Malicious,Malicious,0.9992156811058521
Malicious,Malicious,0.9992172904312611
Malicious,Malicious,0.9992172904312611
Malicious,Malicious,0.9992172904312611
Malicious,Malicious,0.9992172904312611
Malicious,Malicious,0.9992172904312611
Malicious,Malicious,0.9992172904312611
Malicious,Malicious,0.9992172904312611
Malicious,Malicious,0.9992172904312611
Malicious,Malicious,0.9992172904312611
Malicious,Malicious,0.9992174692451954
Malicious,Malicious,0.9992171116173267
Malicious,Malicious,0.9992172904312611
Malicious,Malicious,0.9991633482277393
Malicious,Malicious,0.9992172904312611
Malicious,Malicious,0.9992172904312611
Malicious,Malicious,0.9992172904312611
Malicious,Malicious,0.9992172904312611
Malicious,Malicious,0.9992172904312611
Malicious,Malicious,0.9992172904312611
Malicious,Malicious,0.9992156811058521
Malicious,Malicious,0.9992174692451954
Malicious,Malicious,0.9992172904312611
Malicious,Malicious,0.9992172904312611
Malicious,Malicious,0.9992172904312611
Malicious,Malicious,0.9992172904312611
Malicious,Malicious,0.9992172904312611
Malicious,Malicious,0.9992172904312611
Malicious,Malicious,0.9992172904312611
Malicious,Malicious,0.9992172904312611
Malicious,Malicious,0.9992172904312611
Malicious,Malicious,0.9992174692451954
Malicious,Malicious,0.9992156811058521
Malicious,Malicious,0.9992172904312611
Malicious,Malicious,0.9992171116173267
Malicious,Malicious,0.9992172904312611
Malicious,Malicious,0.9992171116173267
Malicious,Malicious,0.9992172904312611
Malicious,Malicious,0.9992172904312611
Malicious,Malicious,0.9992172904312611
Malicious,Malicious,0.9992171116173267
Malicious,Malicious,0.9992172904312611
Malicious,Malicious,0.9992172904312611
Malicious,Malicious,0.9992172904312611
Malicious,Malicious,0.9992172904312611
Malicious,Malicious,0.9992172904312611
Malicious,Malicious,0.9992172904312611
Malicious,Malicious,0.9992172904312611
Malicious,Malicious,0.9992172308266163
Malicious,Malicious,0.9992172904312611
Malicious,Malicious,0.9992172904312611
Malicious,Malicious,0.9992174692451954
Malicious,Malicious,0.9992172904312611
Malicious,Malicious,0.9992172904312611
Malicious,Malicious,0.9992174692451954
Malicious,Malicious,0.9992174692451954
Malicious,Malicious,0.9992172904312611
Malicious,Malicious,0.9992172904312611
Malicious,Malicious,0.9992156811058521
Malicious,Malicious,0.9992172904312611
Malicious,Malicious,0.9992174692451954
Malicious,Malicious,0.9992172904312611
Malicious,Malicious,0.9992172904312611
Malicious,Malicious,0.9992156811058521
Malicious,Malicious,0.9992172904312611
Malicious,Malicious,0.9992172904312611
Malicious,Malicious,0.9992172904312611
Malicious,Malicious,0.9992172904312611
Malicious,Malicious,0.9980279095470905
Malicious,Malicious,0.9992172904312611
Malicious,Benign,0.049865593668073416
Malicious,Malicious,0.9992171116173267
Malicious,Malicious,0.9992172904312611
Malicious,Malicious,0.9992174692451954
Malicious,Malicious,0.9992172904312611
Malicious,Malicious,0.9992174692451954
Malicious,Malicious,0.9992172904312611
Malicious,Malicious,0.9992172904312611
Malicious,Malicious,0.9992172904312611
Malicious,Malicious,0.9992172904312611
Malicious,Malicious,0.9992172904312611
Malicious,Malicious,0.9992172904312611
Malicious,Malicious,0.8149112593382597
Malicious,Malicious,0.9992174692451954
Malicious,Malicious,0.9992172904312611
Malicious,Malicious,0.9992172904312611
Malicious,Malicious,0.9992172904312611
Malicious,Malicious,0.9992172904312611
Malicious,Malicious,0.9992172904312611
Malicious,Malicious,0.9992156811058521
Malicious,Malicious,0.9992172904312611
Malicious,Malicious,0.9992172904312611
Malicious,Malicious,0.9992172904312611
Malicious,Malicious,0.9992172904312611
Malicious,Malicious,0.9992172904312611
Malicious,Malicious,0.9992172904312611
Malicious,Malicious,0.9992172904312611
Malicious,Malicious,0.9992171116173267
Malicious,Malicious,0.9992171116173267
Malicious,Malicious,0.9992172904312611
Malicious,Malicious,0.9992172904312611
Malicious,Malicious,0.9992174692451954
Malicious,Malicious,0.997898805886507
Malicious,Malicious,0.9992172904312611
Malicious,Malicious,0.9992172904312611
Malicious,Malicious,0.9992171116173267
Malicious,Malicious,0.9992172904312611
Malicious,Malicious,0.9992172904312611
Malicious,Malicious,0.9992172904312611
Malicious,Malicious,0.9992172904312611
Malicious,Malicious,0.9992172904312611
Malicious,Malicious,0.9992172904312611
Malicious,Malicious,0.9992171116173267
Malicious,Malicious,0.9992174692451954
Malicious,Malicious,0.9992156811058521
Malicious,Malicious,0.9992172904312611
Malicious,Malicious,0.9992172904312611
Malicious,Malicious,0.9992172904312611
Malicious,Malicious,0.9992172904312611
Malicious,Malicious,0.9992172904312611
Malicious,Malicious,0.9992172904312611
Malicious,Malicious,0.9992172904312611
Malicious,Malicious,0.9992172904312611
Malicious,Malicious,0.9992172904312611
Malicious,Malicious,0.9992172904312611
Malicious,Malicious,0.9992172904312611
Malicious,Malicious,0.9992172904312611
Malicious,Malicious,0.9991945810616016
Malicious,Malicious,0.9992156811058521
Malicious,Malicious,0.9992172904312611
Malicious,Malicious,0.9992172904312611
Malicious,Malicious,0.9992172904312611
Malicious,Malicious,0.9992172904312611
Malicious,Malicious,0.9992174692451954
Malicious,Malicious,0.9967689886689186
Malicious,Malicious,0.9992174692451954
Malicious,Malicious,0.9992172904312611
Malicious,Malicious,0.9992172904312611
Malicious,Malicious,0.9992174692451954
Malicious,Malicious,0.9992172904312611
Malicious,Malicious,0.9992172904312611
Malicious,Malicious,0.7762600108981133
Malicious,Malicious,0.9992172904312611
Malicious,Malicious,0.9992172904312611
Malicious,Malicious,0.9992172904312611
Malicious,Malicious,0.9992172904312611
Malicious,Malicious,0.9992172904312611
Malicious,Malicious,0.9992172904312611
Malicious,Malicious,0.9992172904312611
Malicious,Malicious,0.9490047004073858
Malicious,Malicious,0.9992172904312611
Malicious,Malicious,0.9992171116173267
Malicious,Malicious,0.9992174692451954
Malicious,Malicious,0.9992171116173267
Malicious,Malicious,0.9992172904312611
Malicious,Malicious,0.9992172904312611
Malicious,Malicious,0.9992181845009327
Malicious,Malicious,0.9992172904312611
Malicious,Malicious,0.9992172904312611
Malicious,Malicious,0.9992172904312611
Malicious,Malicious,0.9992171116173267
Malicious,Malicious,0.9992172904312611
Malicious,Malicious,0.9992172904312611
Malicious,Malicious,0.9992172904312611
Malicious,Malicious,0.9992172904312611
Malicious,Malicious,0.9992172904312611
Malicious,Malicious,0.9992172904312611
Malicious,Malicious,0.9992172904312611
Malicious,Malicious,0.9992172904312611
Malicious,Malicious,0.9992174692451954
Malicious,Malicious,0.9992172904312611
Malicious,Malicious,0.9992078132927418
Malicious,Malicious,0.9992172904312611
Malicious,Malicious,0.9992172904312611
Malicious,Malicious,0.9991803951561451
Malicious,Malicious,0.9992172904312611
Malicious,Malicious,0.9992172904312611
Malicious,Malicious,0.9992172904312611
Malicious,Malicious,0.9992172904312611
Malicious,Malicious,0.9992172904312611
Malicious,Malicious,0.9992172904312611
Malicious,Malicious,0.9992172904312611
Malicious,Malicious,0.9992172904312611
Malicious,Malicious,0.9992172904312611
Malicious,Malicious,0.9992172904312611
Malicious,Malicious,0.9992172904312611
Malicious,Malicious,0.9992171116173267
Malicious,Malicious,0.9992172904312611
Malicious,Malicious,0.9992171116173267
Malicious,Malicious,0.9992172904312611
Malicious,Malicious,0.9992172904312611
Malicious,Malicious,0.9992172904312611
Malicious,Malicious,0.9992172904312611
Malicious,Malicious,0.9438306428492069
Malicious,Malicious,0.9992172904312611
Malicious,Malicious,0.9992172904312611
Malicious,Malicious,0.9992172904312611
Malicious,Malicious,0.9992172904312611
Malicious,Malicious,0.9992172904312611
Malicious,Malicious,0.9991945810616016
Malicious,Malicious,0.9992174692451954
Malicious,Malicious,0.9992172904312611
Malicious,Malicious,0.9992172904312611
Malicious,Malicious,0.9992174692451954
Malicious,Benign,0.07564402977004647
Malicious,Malicious,0.9992172904312611
Malicious,Malicious,0.9991823025047779
Malicious,Malicious,0.9992171116173267
Malicious,Malicious,0.9992172904312611
Malicious,Malicious,0.9992172904312611
Malicious,Malicious,0.9992172904312611
Malicious,Malicious,0.9992172904312611
Malicious,Malicious,0.9992172904312611
Malicious,Malicious,0.9992172904312611
Malicious,Malicious,0.9992172904312611
Malicious,Malicious,0.9992174692451954
Malicious,Malicious,0.9992172904312611
Malicious,Malicious,0.9992172904312611
Malicious,Malicious,0.9992172904312611
Malicious,Malicious,0.9992172904312611
Malicious,Malicious,0.9992172904312611
Malicious,Malicious,0.9992174692451954
Malicious,Malicious,0.9992171116173267
Malicious,Malicious,0.9356259685009718
Malicious,Malicious,0.9992172904312611
Malicious,Malicious,0.9992172904312611
Malicious,Malicious,0.9992172904312611
Malicious,Malicious,0.9992172904312611
Malicious,Malicious,0.9992172904312611
Malicious,Malicious,0.9992172904312611
Malicious,Malicious,0.9992171116173267
Malicious,Malicious,0.9992172904312611
Malicious,Malicious,0.9992172904312611
Malicious,Malicious,0.9992171116173267
Malicious,Malicious,0.9992172904312611
Malicious,Malicious,0.9992172904312611
Malicious,Malicious,0.9992156811058521
Malicious,Malicious,0.9992172904312611
Malicious,Malicious,0.9992172904312611
Malicious,Malicious,0.9992172904312611
Malicious,Malicious,0.9992172904312611
Malicious,Malicious,0.9992172904312611
Malicious,Malicious,0.9992171116173267
Malicious,Malicious,0.9992172904312611
Malicious,Malicious,0.9992172904312611
Malicious,Malicious,0.9992172904312611
Malicious,Malicious,0.9992172904312611
Malicious,Malicious,0.9992172904312611
Malicious,Malicious,0.9991803951561451
Malicious,Malicious,0.9992172904312611
Malicious,Malicious,0.9992172904312611
Malicious,Malicious,0.9992172904312611
Malicious,Malicious,0.9992172904312611
Malicious,Malicious,0.9992172904312611
Malicious,Malicious,0.9992172904312611
Malicious,Malicious,0.9992172904312611
Malicious,Malicious,0.998013723641634
Malicious,Malicious,0.9992174692451954
Malicious,Malicious,0.9992172904312611
Malicious,Malicious,0.9992172904312611
Malicious,Malicious,0.9992172904312611
Malicious,Malicious,0.9992172904312611
Malicious,Malicious,0.9992172904312611
Malicious,Malicious,0.9992172904312611
Malicious,Malicious,0.9992172904312611
Malicious,Malicious,0.9992172904312611
Malicious,Malicious,0.9992172904312611
Malicious,Malicious,0.9992172904312611
Malicious,Malicious,0.9991803951561451
Malicious,Malicious,0.9991725869476795
Malicious,Malicious,0.9992174692451954
Malicious,Malicious,0.99805061891675
Malicious,Malicious,0.9991276450455189
Malicious,Malicious,0.9992172904312611
Malicious,Malicious,0.9992172904312611
Malicious,Malicious,0.9992172904312611
Malicious,Malicious,0.9992172904312611
Malicious,Malicious,0.9992172904312611
Malicious,Malicious,0.9992156811058521
Malicious,Malicious,0.9992172904312611
Malicious,Malicious,0.9992172904312611
Malicious,Malicious,0.9992174692451954
Malicious,Malicious,0.9992172904312611
Malicious,Malicious,0.9992171116173267
Malicious,Malicious,0.9992171116173267
Malicious,Malicious,0.9992172904312611
Malicious,Malicious,0.9992156811058521
Malicious,Malicious,0.9992172904312611
Malicious,Malicious,0.9991803951561451
Malicious,Malicious,0.9991945810616016
Malicious,Malicious,0.9992172904312611
Malicious,Malicious,0.9992171116173267
Malicious,Malicious,0.9992171116173267
Malicious,Malicious,0.9992172904312611
Malicious,Malicious,0.9991945810616016
Malicious,Malicious,0.9992172904312611
Malicious,Malicious,0.9992172904312611
Malicious,Malicious,0.9992172904312611
Malicious,Malicious,0.9992172904312611
Malicious,Malicious,0.9992172904312611
Malicious,Malicious,0.9992172904312611
Malicious,Malicious,0.9992172904312611
Malicious,Malicious,0.9992172904312611
Malicious,Malicious,0.9522689469158649
Malicious,Malicious,0.9992172904312611
Malicious,Malicious,0.9992174692451954
Malicious,Malicious,0.9992172904312611
Malicious,Malicious,0.9992156811058521
Malicious,Malicious,0.9992172904312611
Malicious,Malicious,0.9992172904312611
Malicious,Malicious,0.9992172904312611
Malicious,Malicious,0.9992172904312611
Malicious,Malicious,0.9992172904312611
Malicious,Malicious,0.9992172904312611
Malicious,Malicious,0.9992172904312611
Malicious,Malicious,0.9992171116173267
Malicious,Malicious,0.9992172904312611
Malicious,Malicious,0.9992172904312611
Malicious,Malicious,0.9991945810616016
Malicious,Malicious,0.9992172904312611
Malicious,Malicious,0.9992172904312611
Malicious,Malicious,0.9992172904312611
Malicious,Malicious,0.9992172904312611
Malicious,Malicious,0.9992172904312611
Malicious,Malicious,0.9992172904312611
Malicious,Malicious,0.9992172904312611
Malicious,Malicious,0.9992156811058521
Malicious,Malicious,0.9992171116173267
Malicious,Malicious,0.9992172904312611
Malicious,Malicious,0.9992172904312611
Malicious,Malicious,0.9992174692451954
Malicious,Malicious,0.9992174692451954
Malicious,Malicious,0.9992172904312611
Malicious,Malicious,0.9992172904312611
Malicious,Malicious,0.9992172904312611
Malicious,Malicious,0.9991945810616016
Malicious,Malicious,0.9992171116173267
Malicious,Malicious,0.9992171116173267
Malicious,Malicious,0.9992171116173267
Malicious,Malicious,0.9992172904312611
Malicious,Malicious,0.8601582404226065
Malicious,Malicious,0.9992172904312611
Malicious,Malicious,0.9992172904312611
Malicious,Malicious,0.9992174692451954
Malicious,Malicious,0.9992171116173267
Malicious,Malicious,0.9992172904312611
Malicious,Malicious,0.9992172904312611
Malicious,Malicious,0.9992172904312611
Malicious,Malicious,0.9992172904312611
Malicious,Benign,0.04094975418411195
Malicious,Malicious,0.9991805739700794
Malicious,Malicious,0.9991945810616016
Malicious,Malicious,0.9992172904312611
Malicious,Malicious,0.9992172904312611
Malicious,Malicious,0.9992172904312611
Malicious,Malicious,0.9992174692451954
Malicious,Malicious,0.9992171116173267
Malicious,Malicious,0.9992172904312611
Malicious,Malicious,0.9992172904312611
Malicious,Malicious,0.9992172904312611
Malicious,Malicious,0.9968839474022388
Malicious,Malicious,0.9992172904312611
Malicious,Malicious,0.9992171116173267
Malicious,Malicious,0.9992174692451954
Malicious,Malicious,0.9992172904312611
Malicious,Malicious,0.9992172904312611
Malicious,Malicious,0.9980505593121052
Malicious,Malicious,0.9992174692451954
Malicious,Malicious,0.9992172904312611
Malicious,Malicious,0.9992172904312611
Malicious,Malicious,0.9992172904312611
Malicious,Malicious,0.9992174692451954
Malicious,Malicious,0.9992172904312611
Malicious,Malicious,0.9992172904312611
Malicious,Malicious,0.9992172904312611
Malicious,Malicious,0.9992172904312611
Malicious,Malicious,0.9992172904312611
Malicious,Malicious,0.9992172904312611
Malicious,Malicious,0.9992172904312611
Malicious,Malicious,0.9992156811058521
Malicious,Malicious,0.9992172904312611
Malicious,Malicious,0.9992172904312611
Malicious,Malicious,0.9992172904312611
Malicious,Malicious,0.9992172904312611
Malicious,Malicious,0.9992172904312611
Malicious,Malicious,0.9992172904312611
Malicious,Malicious,0.9992172904312611
Malicious,Malicious,0.9992172904312611
Malicious,Malicious,0.9980504401028156
Malicious,Malicious,0.9992172904312611
Malicious,Malicious,0.9992172904312611
Malicious,Malicious,0.9992174692451954
Malicious,Malicious,0.9992172904312611
Malicious,Malicious,0.9992172904312611
Malicious,Malicious,0.9992174692451954
Malicious,Malicious,0.9992172904312611
Malicious,Malicious,0.9992156811058521
Malicious,Malicious,0.9992172904312611
Malicious,Malicious,0.9992156811058521
Malicious,Malicious,0.9992172904312611
Malicious,Malicious,0.9992172904312611
Malicious,Malicious,0.9992172904312611
Malicious,Malicious,0.9992172904312611
Malicious,Malicious,0.9992172904312611
Malicious,Malicious,0.9979434497654438
Malicious,Malicious,0.9992172904312611
Malicious,Malicious,0.9992172904312611
Malicious,Malicious,0.9992172904312611
Malicious,Malicious,0.9991803951561451
Malicious,Malicious,0.9992172904312611
Malicious,Malicious,0.9992174692451954
Malicious,Benign,0.10471054422669113
Malicious,Malicious,0.9992172904312611
Malicious,Malicious,0.9992172904312611
Malicious,Malicious,0.9992172904312611
Malicious,Malicious,0.9992171116173267
Malicious,Malicious,0.9992172904312611
Malicious,Malicious,0.9992172904312611
Malicious,Malicious,0.9992172904312611
Malicious,Malicious,0.9992172904312611
Malicious,Malicious,0.9992172904312611
Malicious,Malicious,0.9992156811058521
Malicious,Malicious,0.9992172904312611
Malicious,Malicious,0.9992172904312611
Malicious,Malicious,0.9992172904312611
Malicious,Malicious,0.9992174692451954
Malicious,Malicious,0.9992172904312611
Malicious,Malicious,0.9992172904312611
Malicious,Malicious,0.9992172904312611
Malicious,Malicious,0.9992172904312611
Malicious,Malicious,0.9992172904312611
Malicious,Malicious,0.9992172904312611
Malicious,Malicious,0.9992172904312611
Malicious,Malicious,0.9992172904312611
Malicious,Malicious,0.9992172904312611
Malicious,Malicious,0.9992172904312611
Malicious,Malicious,0.9992172904312611
Malicious,Malicious,0.9992172904312611
Malicious,Malicious,0.9992171116173267
Malicious,Malicious,0.9992174692451954
Malicious,Malicious,0.9992172904312611
Malicious,Malicious,0.9992171116173267
Malicious,Malicious,0.9992174692451954
Malicious,Malicious,0.9992172904312611
Malicious,Malicious,0.9992172904312611
Malicious,Malicious,0.9992172904312611
Malicious,Malicious,0.9992172904312611
Malicious,Malicious,0.9992174692451954
Malicious,Malicious,0.9992172904312611
Malicious,Malicious,0.9992172904312611
Malicious,Malicious,0.9992172904312611
Malicious,Malicious,0.9992172904312611
Malicious,Malicious,0.9992172904312611
Malicious,Malicious,0.9992172904312611
Malicious,Malicious,0.9992171116173267
Malicious,Malicious,0.9992172904312611
Malicious,Malicious,0.9992180056869984
Malicious,Malicious,0.9992172904312611
Malicious,Malicious,0.9992172904312611
Malicious,Malicious,0.9992156811058521
Malicious,Malicious,0.9992172904312611
Malicious,Malicious,0.9931951239705086
Malicious,Malicious,0.9992172904312611
Malicious,Malicious,0.9992172904312611
Malicious,Malicious,0.9992172904312611
Malicious,Malicious,0.9992172904312611
Malicious,Malicious,0.9992172904312611
Malicious,Malicious,0.9992172904312611
Malicious,Malicious,0.9992172904312611
Malicious,Malicious,0.9992172904312611
Malicious,Malicious,0.9992172904312611
Malicious,Malicious,0.9992172904312611
Malicious,Malicious,0.9992172904312611
Malicious,Malicious,0.9992172904312611
Malicious,Malicious,0.9992172904312611
Malicious,Malicious,0.9992172904312611
Malicious,Malicious,0.9992172904312611
Malicious,Malicious,0.9992172904312611
Malicious,Malicious,0.9992174692451954
Malicious,Malicious,0.9992172904312611
Malicious,Malicious,0.9992172904312611
Malicious,Malicious,0.9992172904312611
Malicious,Malicious,0.9992172904312611
Malicious,Malicious,0.9992172904312611
Malicious,Malicious,0.9992172904312611
Malicious,Malicious,0.9992172904312611
Malicious,Malicious,0.9992171116173267
Malicious,Malicious,0.9992172904312611
Malicious,Malicious,0.9992171116173267
Malicious,Malicious,0.9992172904312611
Malicious,Malicious,0.9809818901121616
Malicious,Malicious,0.9992172904312611
Malicious,Malicious,0.9992172904312611
Malicious,Malicious,0.9992172904312611
Malicious,Malicious,0.9992172904312611
Malicious,Malicious,0.9992171116173267
Malicious,Malicious,0.9992172904312611
Malicious,Malicious,0.9992172904312611
Malicious,Malicious,0.9992172904312611
Malicious,Malicious,0.9991945810616016
Malicious,Malicious,0.9992172904312611
Malicious,Malicious,0.9992172904312611
Malicious,Malicious,0.9992172904312611
Malicious,Malicious,0.9992174692451954
Malicious,Malicious,0.9992172904312611
Malicious,Malicious,0.9992172904312611
Malicious,Malicious,0.9991803951561451
Malicious,Malicious,0.9992174692451954
Malicious,Malicious,0.9992172904312611
Malicious,Malicious,0.9992172904312611
Malicious,Malicious,0.9992172904312611
Malicious,Malicious,0.9992172904312611
Malicious,Malicious,0.9992171116173267
Malicious,Malicious,0.9992172904312611
Malicious,Malicious,0.9992172904312611
Malicious,Malicious,0.9992174692451954
Malicious,Malicious,0.9992181845009327
Malicious,Malicious,0.9991945810616016
Malicious,Malicious,0.9992172904312611
Malicious,Malicious,0.9992172904312611
Malicious,Malicious,0.9992172904312611
Malicious,Malicious,0.9992172904312611
Malicious,Malicious,0.9992172904312611
Malicious,Malicious,0.9992136545479298
Malicious,Malicious,0.9992172904312611
Malicious,Malicious,0.9992172904312611
Malicious,Malicious,0.9992172904312611
Malicious,Malicious,0.903856061398983
Malicious,Malicious,0.9991945810616016
Malicious,Malicious,0.9992172904312611
Malicious,Malicious,0.9992172904312611
Malicious,Malicious,0.9912772960960865
Malicious,Malicious,0.9992172904312611
Malicious,Malicious,0.99869030341506
Malicious,Malicious,0.9992172904312611
Malicious,Malicious,0.9992172904312611
Malicious,Malicious,0.9992174692451954
Malicious,Malicious,0.9992172904312611
Malicious,Malicious,0.9992172904312611
Malicious,Malicious,0.9992172904312611
Malicious,Malicious,0.9992174692451954
Malicious,Malicious,0.9992172904312611
Malicious,Malicious,0.9992172904312611
Malicious,Malicious,0.9992172904312611
Malicious,Malicious,0.9992172904312611
Malicious,Malicious,0.9992172904312611
Malicious,Malicious,0.9992172904312611
Malicious,Malicious,0.9992172904312611
Malicious,Malicious,0.9992172904312611
Malicious,Malicious,0.9992172904312611
Malicious,Malicious,0.9992172904312611
Malicious,Malicious,0.9991945810616016
Malicious,Malicious,0.9992172904312611
Malicious,Malicious,0.9992172904312611
Malicious,Malicious,0.9992172904312611
Malicious,Malicious,0.9992171116173267
Malicious,Malicious,0.9992172904312611
Malicious,Malicious,0.9992172904312611
Malicious,Malicious,0.9992172904312611
Malicious,Malicious,0.9991066046059132
Malicious,Malicious,0.9992172904312611
Malicious,Malicious,0.9992172904312611
Malicious,Malicious,0.9992172904312611
Malicious,Malicious,0.9992172904312611
Malicious,Malicious,0.9992172904312611
Malicious,Malicious,0.9992172904312611
Malicious,Malicious,0.9992172904312611
Malicious,Malicious,0.9992172904312611
Malicious,Malicious,0.9992172904312611
Malicious,Malicious,0.9992172904312611
Malicious,Malicious,0.9992172904312611
Malicious,Malicious,0.9992172904312611
Malicious,Malicious,0.9992172904312611
Malicious,Malicious,0.9992078132927418
Malicious,Malicious,0.9992172904312611
Malicious,Malicious,0.9992172904312611
Malicious,Malicious,0.9992172904312611
Malicious,Malicious,0.9992172904312611
Malicious,Malicious,0.9992172904312611
Malicious,Malicious,0.9992172904312611
Malicious,Malicious,0.9992172904312611
Malicious,Malicious,0.9992172904312611
Malicious,Malicious,0.9992172904312611
Malicious,Malicious,0.9992172904312611
Malicious,Malicious,0.9992172904312611
Malicious,Malicious,0.9992174692451954
Malicious,Malicious,0.9992172904312611
Malicious,Malicious,0.9992172904312611
Malicious,Malicious,0.9992172904312611
Malicious,Malicious,0.9992172904312611
Malicious,Malicious,0.9992172904312611
Malicious,Malicious,0.9992172904312611
Malicious,Malicious,0.9992172904312611
Malicious,Benign,0.0034063514176523313
Malicious,Malicious,0.9992172904312611
Malicious,Malicious,0.9992172308266163
Malicious,Malicious,0.9992172904312611
Malicious,Malicious,0.9992156811058521
Malicious,Malicious,0.9992172904312611
Malicious,Malicious,0.9992172904312611
Malicious,Malicious,0.9992172904312611
Malicious,Malicious,0.9992172904312611
Malicious,Malicious,0.9968289919197559
Malicious,Malicious,0.9992172904312611
Malicious,Malicious,0.9992172904312611
Malicious,Malicious,0.9992172904312611
Malicious,Malicious,0.9992171116173267
Malicious,Malicious,0.9992172904312611
Malicious,Malicious,0.9992172904312611
Malicious,Malicious,0.9992172904312611
Malicious,Malicious,0.9992171116173267
Malicious,Malicious,0.9992174692451954
Malicious,Malicious,0.9992172904312611
Malicious,Malicious,0.9992172904312611
Malicious,Malicious,0.9992172904312611
Malicious,Malicious,0.9992171116173267
Malicious,Malicious,0.9992076344788074
Malicious,Malicious,0.9992172904312611
Malicious,Malicious,0.9992172904312611
Malicious,Malicious,0.9992171116173267
Malicious,Malicious,0.9992172904312611
Malicious,Malicious,0.9992172904312611
Malicious,Malicious,0.9992172904312611
Malicious,Malicious,0.9992171116173267
Malicious,Malicious,0.9992172904312611
Malicious,Malicious,0.9992172904312611
Malicious,Malicious,0.9992172904312611
Malicious,Malicious,0.9992172904312611
Malicious,Malicious,0.9992172904312611
Malicious,Malicious,0.9992172904312611
Malicious,Malicious,0.9992172904312611
Malicious,Malicious,0.9992172904312611
Malicious,Malicious,0.9992172904312611
Malicious,Malicious,0.9991945810616016
Malicious,Malicious,0.9992171116173267
Malicious,Malicious,0.9992174692451954
Malicious,Malicious,0.9992172904312611
Malicious,Malicious,0.9992172904312611
Malicious,Malicious,0.9992171116173267
Malicious,Malicious,0.9992172904312611
Malicious,Malicious,0.9992172904312611
Malicious,Malicious,0.9992174692451954
Malicious,Malicious,0.9992172904312611
Malicious,Malicious,0.8768886625766754
Malicious,Malicious,0.9992172904312611
Malicious,Malicious,0.9992171116173267
Malicious,Malicious,0.9992172904312611
Malicious,Malicious,0.9992172904312611
Malicious,Malicious,0.9992174692451954
Malicious,Malicious,0.9992171116173267
Malicious,Malicious,0.9992171116173267
Malicious,Malicious,0.9992171116173267
Malicious,Malicious,0.9992172904312611
Malicious,Malicious,0.9886242412030697
Malicious,Malicious,0.9992172904312611
Malicious,Malicious,0.9992172904312611
Malicious,Malicious,0.9850307889282703
Malicious,Malicious,0.9992172904312611
Malicious,Malicious,0.9992172904312611
Malicious,Malicious,0.9992172904312611
Malicious,Malicious,0.9992172904312611
Malicious,Malicious,0.9992172904312611
Malicious,Malicious,0.9992172904312611
Malicious,Malicious,0.9992172904312611
Malicious,Malicious,0.9992171116173267
Malicious,Malicious,0.9992174692451954
Malicious,Malicious,0.9992172904312611
Malicious,Malicious,0.9992172904312611
Malicious,Malicious,0.9992172904312611
Malicious,Malicious,0.9992174692451954
Malicious,Malicious,0.9992172904312611
Malicious,Malicious,0.9991803951561451
Malicious,Malicious,0.9992171116173267
Malicious,Malicious,0.9992174692451954
Malicious,Malicious,0.9992172904312611
Malicious,Malicious,0.9992172904312611
Malicious,Malicious,0.9992172904312611
Malicious,Malicious,0.9992171116173267
Malicious,Malicious,0.9992172904312611
Malicious,Malicious,0.9992172904312611
Malicious,Malicious,0.9992172904312611
Malicious,Benign,0.0032499791122972965
Malicious,Malicious,0.9992172904312611
Malicious,Malicious,0.9992172904312611
Malicious,Malicious,0.9992172904312611
Malicious,Malicious,0.9992172904312611
Malicious,Malicious,0.9991945810616016
Malicious,Malicious,0.9992171116173267
Malicious,Malicious,0.9992174692451954
Malicious,Malicious,0.9992171116173267
Malicious,Malicious,0.9992172904312611
Malicious,Malicious,0.9992172904312611
Malicious,Malicious,0.9992172904312611
Malicious,Malicious,0.9992172904312611
Malicious,Malicious,0.9992172904312611
Malicious,Malicious,0.9992171116173267
Malicious,Malicious,0.9992172904312611
Malicious,Malicious,0.9992172904312611
Malicious,Malicious,0.9992172904312611
Malicious,Malicious,0.9992172904312611
Malicious,Malicious,0.9992180056869984
Malicious,Malicious,0.9992172904312611
Malicious,Malicious,0.9992171116173267
Malicious,Malicious,0.9992172904312611
Malicious,Malicious,0.9992172904312611
Malicious,Malicious,0.9992172904312611
Malicious,Malicious,0.9992172904312611
Malicious,Malicious,0.9992172904312611
Malicious,Malicious,0.9992172904312611
Malicious,Malicious,0.9992172904312611
Malicious,Malicious,0.9880594126880169
Malicious,Malicious,0.9992156811058521
Malicious,Malicious,0.9992174692451954
Malicious,Malicious,0.9992172904312611
Malicious,Malicious,0.9992172904312611
Malicious,Malicious,0.9992172904312611
Malicious,Malicious,0.9992172904312611
Malicious,Malicious,0.9992174692451954
Malicious,Malicious,0.9992172904312611
Malicious,Malicious,0.9992172904312611
Malicious,Malicious,0.9992136545479298
Malicious,Malicious,0.9992172308266163
Malicious,Malicious,0.9992172904312611
Malicious,Malicious,0.9992172904312611
Malicious,Malicious,0.9992172904312611
Malicious,Malicious,0.9992172904312611
Malicious,Malicious,0.9992172904312611
Malicious,Malicious,0.9992172904312611
Malicious,Malicious,0.9992172904312611
Malicious,Malicious,0.9992174692451954
Malicious,Malicious,0.9992172904312611
Malicious,Malicious,0.9992172904312611
Malicious,Malicious,0.9992172904312611
Malicious,Malicious,0.9992172904312611
Malicious,Malicious,0.9992172904312611
Malicious,Malicious,0.9992172904312611
Malicious,Malicious,0.9992172904312611
Malicious,Malicious,0.9992076344788074
Malicious,Malicious,0.9992172904312611
Malicious,Malicious,0.9992174692451954
Malicious,Malicious,0.9992172904312611
Malicious,Malicious,0.9992172904312611
Malicious,Malicious,0.9992172904312611
Malicious,Malicious,0.9992172904312611
Malicious,Malicious,0.9992172904312611
Malicious,Malicious,0.9992171116173267
Malicious,Malicious,0.9991823025047779
Malicious,Malicious,0.9991945810616016
Malicious,Malicious,0.9992078132927418
Malicious,Malicious,0.9992156811058521
Malicious,Malicious,0.9992171116173267
Malicious,Malicious,0.9992172904312611
Malicious,Malicious,0.9992172904312611
Malicious,Malicious,0.9992172904312611
Malicious,Malicious,0.9992172904312611
Malicious,Malicious,0.9992171116173267
Malicious,Malicious,0.9992172904312611
Malicious,Malicious,0.9991633482277393
Malicious,Malicious,0.9992172904312611
Malicious,Malicious,0.9992172904312611
Malicious,Malicious,0.9992172904312611
Malicious,Malicious,0.9992172904312611
Malicious,Malicious,0.9992172904312611
Malicious,Malicious,0.9992172904312611
Malicious,Malicious,0.9992172904312611
Malicious,Malicious,0.9992172904312611
Malicious,Malicious,0.998013723641634
Malicious,Malicious,0.9992172904312611
Malicious,Malicious,0.9992172904312611
Malicious,Malicious,0.9992172904312611
Malicious,Malicious,0.9992172904312611
Malicious,Malicious,0.9992172904312611
Malicious,Malicious,0.9992174692451954
Malicious,Malicious,0.9992172904312611
Malicious,Malicious,0.9992174692451954
Malicious,Malicious,0.9992172904312611
Malicious,Malicious,0.9992172904312611
Malicious,Malicious,0.9992156811058521
Malicious,Malicious,0.9992171116173267
Malicious,Malicious,0.9992172904312611
Malicious,Malicious,0.9992172904312611
Malicious,Malicious,0.9992172904312611
Malicious,Malicious,0.9992172904312611
Malicious,Malicious,0.9992174692451954
Malicious,Malicious,0.9992174692451954
Malicious,Malicious,0.9992172904312611
Malicious,Malicious,0.9992172904312611
Malicious,Malicious,0.9992172904312611
Malicious,Malicious,0.9989842250943184
Malicious,Malicious,0.9992172904312611
Malicious,Malicious,0.9992156811058521
Malicious,Malicious,0.9992172904312611
Malicious,Malicious,0.9992172904312611
Malicious,Malicious,0.9992174692451954
Malicious,Malicious,0.9992174692451954
Malicious,Malicious,0.9992172904312611
Malicious,Malicious,0.9992172904312611
Malicious,Benign,0.10354387760162354
Malicious,Malicious,0.9992172904312611
Malicious,Malicious,0.9992172904312611
Malicious,Malicious,0.9992172904312611
Malicious,Malicious,0.9992172904312611
Malicious,Malicious,0.9992136545479298
Malicious,Malicious,0.9992172904312611
Malicious,Malicious,0.9992172904312611
Malicious,Malicious,0.9992172904312611
Malicious,Malicious,0.9992172904312611
Malicious,Malicious,0.9992172904312611
Malicious,Malicious,0.9992172904312611
Malicious,Malicious,0.9992172904312611
Malicious,Malicious,0.9992171116173267
Malicious,Malicious,0.9992172904312611
Malicious,Malicious,0.9992172904312611
Malicious,Malicious,0.9992172904312611
Malicious,Malicious,0.9992171116173267
Malicious,Malicious,0.9992172904312611
Malicious,Malicious,0.9992171116173267
Malicious,Malicious,0.9992172904312611
Malicious,Malicious,0.9992172904312611
Malicious,Malicious,0.9992172904312611
Malicious,Malicious,0.9992171116173267
Malicious,Malicious,0.9992171116173267
Malicious,Malicious,0.9992172904312611
Malicious,Malicious,0.9992172904312611
Malicious,Malicious,0.9992172904312611
Malicious,Malicious,0.9992174692451954
Malicious,Malicious,0.9992172904312611
Malicious,Malicious,0.9992172904312611
Malicious,Malicious,0.9992172904312611
Malicious,Malicious,0.9992171116173267
Malicious,Malicious,0.9992171116173267
Malicious,Malicious,0.9992172904312611
Malicious,Malicious,0.9992172904312611
Malicious,Malicious,0.9992172904312611
Malicious,Malicious,0.9992174692451954
Malicious,Malicious,0.9992174692451954
Malicious,Malicious,0.9992172904312611
Malicious,Malicious,0.9992172904312611
Malicious,Malicious,0.9992172904312611
Malicious,Malicious,0.9992172904312611
Malicious,Malicious,0.9992172904312611
Malicious,Malicious,0.9992172904312611
Malicious,Malicious,0.9992171116173267
Malicious,Malicious,0.9992078132927418
Malicious,Malicious,0.9992171116173267
Malicious,Malicious,0.9992171116173267
Malicious,Malicious,0.9992172904312611
Malicious,Malicious,0.9992172904312611
Malicious,Malicious,0.9992172904312611
Malicious,Malicious,0.9992172904312611
Malicious,Malicious,0.9992172904312611
Malicious,Malicious,0.9992172904312611
Malicious,Malicious,0.9992172904312611
Malicious,Malicious,0.9992172904312611
Malicious,Malicious,0.9992171116173267
Malicious,Malicious,0.9992172904312611
Malicious,Malicious,0.9992174692451954
Malicious,Malicious,0.9992172904312611
Malicious,Benign,0.026062944176374003
Malicious,Malicious,0.9992172904312611
Malicious,Malicious,0.9992171116173267
Malicious,Malicious,0.9992174692451954
Malicious,Malicious,0.9992172904312611
Malicious,Malicious,0.9992172904312611
Malicious,Malicious,0.9992172904312611
Malicious,Malicious,0.9992156811058521
Malicious,Malicious,0.9992171116173267
Malicious,Malicious,0.9992172904312611
Malicious,Malicious,0.9992172904312611
Malicious,Malicious,0.9992174692451954
Malicious,Malicious,0.9992172904312611
Malicious,Malicious,0.9992172904312611
Malicious,Malicious,0.9992172904312611
Malicious,Malicious,0.9992172904312611
Malicious,Malicious,0.9992172904312611
Malicious,Malicious,0.9992172904312611
Malicious,Malicious,0.9992172904312611
Malicious,Malicious,0.9992171116173267
Malicious,Malicious,0.9992172904312611
Malicious,Malicious,0.9992172904312611
Malicious,Malicious,0.9044060260057449
Malicious,Malicious,0.9992172904312611
Malicious,Malicious,0.9992172904312611
Malicious,Malicious,0.9992172904312611
Malicious,Malicious,0.9992156811058521
Malicious,Malicious,0.9992172904312611
Malicious,Malicious,0.9992172904312611
Malicious,Malicious,0.9992172904312611
Malicious,Malicious,0.9992172904312611
Malicious,Malicious,0.9992172904312611
Malicious,Malicious,0.9992172904312611
Malicious,Malicious,0.9898837991058826
Malicious,Malicious,0.9992172904312611
Malicious,Malicious,0.9992172904312611
Malicious,Malicious,0.9992174692451954
Malicious,Malicious,0.9992172904312611
Malicious,Malicious,0.9862623810768127
Malicious,Malicious,0.9991945810616016
Malicious,Malicious,0.9992172904312611
Malicious,Malicious,0.9992172904312611
Malicious,Malicious,0.9992172904312611
Malicious,Malicious,0.9992172904312611
Malicious,Malicious,0.9992172904312611
Malicious,Malicious,0.9992172904312611
Malicious,Malicious,0.9992172904312611
Malicious,Malicious,0.9992171116173267
Malicious,Malicious,0.9992174692451954
Malicious,Malicious,0.9992171116173267
Malicious,Malicious,0.9992172904312611
Malicious,Malicious,0.9992172904312611
Malicious,Malicious,0.9992172904312611
Malicious,Malicious,0.9992172904312611
Malicious,Malicious,0.9992172904312611
Malicious,Malicious,0.9992172904312611
Malicious,Malicious,0.9992172904312611
Malicious,Malicious,0.9992172904312611
Malicious,Malicious,0.9992172904312611
Malicious,Benign,0.015237011422868818
Malicious,Malicious,0.9992172904312611
Malicious,Malicious,0.9992172904312611
Malicious,Malicious,0.9991803951561451
Malicious,Malicious,0.9992172904312611
Malicious,Malicious,0.9992172904312611
Malicious,Malicious,0.9992174692451954
Malicious,Malicious,0.9992172904312611
Malicious,Malicious,0.9992172904312611
Malicious,Malicious,0.9991803951561451
Malicious,Malicious,0.9992172904312611
Malicious,Malicious,0.9992172904312611
Malicious,Malicious,0.9992172904312611
Malicious,Malicious,0.9992172904312611
Malicious,Malicious,0.9992172904312611
Malicious,Malicious,0.9992172904312611
Malicious,Malicious,0.9992156811058521
Malicious,Malicious,0.9992172904312611
Malicious,Malicious,0.9992174692451954
Malicious,Malicious,0.9992172904312611
Malicious,Malicious,0.9992172904312611
Malicious,Malicious,0.9992172904312611
Malicious,Malicious,0.9992172904312611
Malicious,Malicious,0.9992172904312611
Malicious,Malicious,0.9992172904312611
Malicious,Malicious,0.9992172904312611
Malicious,Malicious,0.9992172904312611
Malicious,Malicious,0.9992172904312611
Malicious,Malicious,0.9980504401028156
Malicious,Malicious,0.9992172904312611
Malicious,Malicious,0.9992172904312611
Malicious,Malicious,0.9992172904312611
Malicious,Malicious,0.9992172904312611
Malicious,Malicious,0.9992172904312611
Malicious,Malicious,0.9992172904312611
Malicious,Malicious,0.9992174692451954
Malicious,Benign,0.007135460153222084
Malicious,Malicious,0.9992174692451954
Malicious,Malicious,0.9992172904312611
Malicious,Malicious,0.9992172904312611
Malicious,Malicious,0.9992156811058521
Malicious,Malicious,0.9992174692451954
Malicious,Malicious,0.9991945810616016
Malicious,Malicious,0.9992172904312611
Malicious,Malicious,0.9992172904312611
Malicious,Malicious,0.9992172904312611
Malicious,Malicious,0.9992156811058521
Malicious,Malicious,0.998856958001852
Malicious,Malicious,0.9992172904312611
Malicious,Malicious,0.9992174692451954
Malicious,Benign,0.06627827184274793
Malicious,Malicious,0.9992172904312611
Malicious,Malicious,0.9992171116173267
Malicious,Malicious,0.9992156811058521
Malicious,Malicious,0.9992172904312611
Malicious,Malicious,0.9992172904312611
Malicious,Malicious,0.9992172904312611
Malicious,Malicious,0.9992172904312611
Malicious,Malicious,0.9992172904312611
Malicious,Malicious,0.9992172904312611
Malicious,Malicious,0.9992172904312611
Malicious,Malicious,0.9992172904312611
Malicious,Malicious,0.9992172904312611
Malicious,Malicious,0.9992172904312611
Malicious,Malicious,0.9992172904312611
Malicious,Malicious,0.9992172904312611
Malicious,Malicious,0.9992172904312611
Malicious,Malicious,0.9992172904312611
Malicious,Malicious,0.9992172904312611
Malicious,Malicious,0.9992172308266163
Malicious,Malicious,0.9992172308266163
Malicious,Malicious,0.9992172904312611
Malicious,Malicious,0.9992171116173267
Malicious,Malicious,0.9992172904312611
Malicious,Malicious,0.9992172904312611
Malicious,Malicious,0.9992171116173267
Malicious,Malicious,0.9992172904312611
Malicious,Malicious,0.9992172904312611
Malicious,Malicious,0.9992172904312611
Malicious,Malicious,0.9992172904312611
Malicious,Malicious,0.9992172904312611
Malicious,Malicious,0.9992172904312611
Malicious,Malicious,0.9992172904312611
Malicious,Malicious,0.9886320643126965
Malicious,Malicious,0.9992172904312611
Malicious,Malicious,0.9992172904312611
Malicious,Malicious,0.9992172904312611
Malicious,Malicious,0.9992172904312611
Malicious,Malicious,0.9992172904312611
Malicious,Malicious,0.9992172904312611
Malicious,Malicious,0.9992171116173267
Malicious,Malicious,0.9992172904312611
Malicious,Malicious,0.9992172904312611
Malicious,Malicious,0.9992172904312611
Malicious,Malicious,0.9991803951561451
Malicious,Malicious,0.9992174692451954
Malicious,Malicious,0.9992172904312611
Malicious,Malicious,0.9992172904312611
Malicious,Malicious,0.9992078132927418
Malicious,Malicious,0.9992172308266163
Malicious,Malicious,0.9992172904312611
Malicious,Malicious,0.9992172904312611
Malicious,Malicious,0.9992172904312611
Malicious,Malicious,0.9992171116173267
Malicious,Malicious,0.9992172904312611
Malicious,Malicious,0.9992172904312611
Malicious,Malicious,0.9992172904312611
Malicious,Malicious,0.9992171116173267
Malicious,Malicious,0.9992172904312611
Malicious,Malicious,0.9992172904312611
Malicious,Malicious,0.9992172904312611
Malicious,Malicious,0.9992172904312611
Malicious,Malicious,0.9992172904312611
Malicious,Malicious,0.9992172904312611
Malicious,Malicious,0.9992172904312611
Malicious,Malicious,0.9992172904312611
Malicious,Malicious,0.9992174692451954
Malicious,Malicious,0.9992172904312611
Malicious,Malicious,0.9991392083466053
Malicious,Malicious,0.9992172904312611
Malicious,Malicious,0.9992172904312611
Malicious,Malicious,0.9992172904312611
Malicious,Malicious,0.9992172904312611
Malicious,Malicious,0.9992172904312611
Malicious,Malicious,0.9992172904312611
Malicious,Malicious,0.9992172904312611
Malicious,Malicious,0.9992172904312611
Malicious,Malicious,0.9992172904312611
Malicious,Malicious,0.9992172904312611
Malicious,Malicious,0.9992172904312611
Malicious,Malicious,0.9992172904312611
Malicious,Malicious,0.9992174692451954
Malicious,Malicious,0.9992172904312611
Malicious,Malicious,0.9992172904312611
Malicious,Malicious,0.9992171116173267
Malicious,Malicious,0.9992172904312611
Malicious,Malicious,0.9992172904312611
Malicious,Malicious,0.9992172904312611
Malicious,Malicious,0.9992172904312611
Malicious,Benign,0.014578192494809628
Malicious,Malicious,0.9992171116173267
Malicious,Malicious,0.9992174692451954
Malicious,Malicious,0.9992174692451954
Malicious,Malicious,0.9992174692451954
Malicious,Malicious,0.9992171116173267
Malicious,Malicious,0.9992172904312611
Malicious,Malicious,0.9992172904312611
Malicious,Benign,0.004250406724167988
Malicious,Malicious,0.9992172904312611
Malicious,Malicious,0.9992172904312611
Malicious,Malicious,0.9992172904312611
Malicious,Malicious,0.9992172904312611
Malicious,Malicious,0.9992172904312611
Malicious,Malicious,0.9992172904312611
Malicious,Malicious,0.9992172904312611
Malicious,Malicious,0.9992078132927418
Malicious,Malicious,0.9992171116173267
Malicious,Malicious,0.9992156811058521
Malicious,Malicious,0.9992172904312611
Malicious,Malicious,0.9992174692451954
Malicious,Malicious,0.9992172904312611
Malicious,Malicious,0.9992171116173267
Malicious,Malicious,0.9992172904312611
Malicious,Malicious,0.9992172904312611
Malicious,Malicious,0.9992172904312611
Malicious,Malicious,0.9992172904312611
Malicious,Malicious,0.9992172904312611
Malicious,Malicious,0.9992171116173267
Malicious,Malicious,0.9992172904312611
Malicious,Malicious,0.9992172904312611
Malicious,Malicious,0.9992172904312611
Malicious,Malicious,0.9992172904312611
Malicious,Malicious,0.9992172904312611
Malicious,Malicious,0.9992172904312611
Malicious,Malicious,0.9992172904312611
Malicious,Malicious,0.9992172904312611
Malicious,Malicious,0.9992172904312611
Malicious,Malicious,0.9992172904312611
Malicious,Malicious,0.9992172904312611
Malicious,Malicious,0.9992171116173267
Malicious,Malicious,0.9991803951561451
Malicious,Malicious,0.9992172904312611
Malicious,Malicious,0.9992172904312611
Malicious,Malicious,0.7924084104597569
Malicious,Malicious,0.9992172904312611
Malicious,Malicious,0.9992172904312611
Malicious,Malicious,0.9992172904312611
Malicious,Malicious,0.9992172904312611
Malicious,Malicious,0.9992172904312611
Malicious,Malicious,0.9992171116173267
Malicious,Malicious,0.9992172904312611
Malicious,Malicious,0.9992172904312611
Malicious,Malicious,0.9992172904312611
Malicious,Malicious,0.9992172904312611
Malicious,Malicious,0.9992172904312611
Malicious,Malicious,0.9992172904312611
Malicious,Malicious,0.9992172904312611
Malicious,Malicious,0.9992172904312611
Malicious,Malicious,0.9992172904312611
Malicious,Malicious,0.9992172904312611
Malicious,Malicious,0.9992172904312611
Malicious,Malicious,0.9992078132927418
Malicious,Malicious,0.9992172904312611
Malicious,Malicious,0.9992172904312611
Malicious,Malicious,0.9992136545479298
Malicious,Malicious,0.9992172904312611
Malicious,Malicious,0.9992172904312611
Malicious,Malicious,0.9992156811058521
Malicious,Malicious,0.9992172904312611
Malicious,Malicious,0.9992172904312611
Malicious,Malicious,0.9992156811058521
Malicious,Malicious,0.9992172904312611
Malicious,Malicious,0.9992172904312611
Malicious,Malicious,0.9992174692451954
Malicious,Malicious,0.9992172904312611
Malicious,Malicious,0.9992172904312611
Malicious,Malicious,0.9992174692451954
Malicious,Malicious,0.9992172904312611
Malicious,Malicious,0.9992172904312611
Malicious,Malicious,0.9992172904312611
Malicious,Malicious,0.9992172904312611
Malicious,Malicious,0.9991945810616016
Malicious,Malicious,0.9991945810616016
Malicious,Malicious,0.9992172904312611
Malicious,Malicious,0.9992174692451954
Malicious,Malicious,0.9992172904312611
Malicious,Malicious,0.9992172904312611
Malicious,Malicious,0.9992172904312611
Malicious,Malicious,0.9992172904312611
Malicious,Malicious,0.9992172904312611
Malicious,Malicious,0.9992174692451954
Malicious,Malicious,0.9992172904312611
Malicious,Malicious,0.9992172904312611
Malicious,Malicious,0.9992172904312611
Malicious,Malicious,0.9990574307739735
Malicious,Malicious,0.9992174692451954
Malicious,Malicious,0.9992172904312611
Malicious,Malicious,0.9992172904312611
Malicious,Malicious,0.9992172904312611
Malicious,Malicious,0.9992172904312611
Malicious,Malicious,0.9992172904312611
Malicious,Malicious,0.9992174692451954
Malicious,Malicious,0.9992172904312611
Malicious,Malicious,0.9992174692451954
Malicious,Malicious,0.9989862628281116
Malicious,Malicious,0.9990959353744984
Malicious,Malicious,0.9992172904312611
Malicious,Malicious,0.9992156811058521
Malicious,Malicious,0.9992174692451954
Malicious,Malicious,0.9992172904312611
Malicious,Malicious,0.9992172904312611
Malicious,Malicious,0.9992172904312611
Malicious,Malicious,0.9992172904312611
Malicious,Malicious,0.9992172904312611
Malicious,Malicious,0.9992172904312611
Malicious,Malicious,0.9992172904312611
Malicious,Malicious,0.9992172904312611
Malicious,Malicious,0.9992172904312611
Malicious,Malicious,0.9992172904312611
Malicious,Malicious,0.9992172904312611
Malicious,Malicious,0.9991945810616016
Malicious,Malicious,0.9992174692451954
Malicious,Malicious,0.9992172904312611
Malicious,Malicious,0.9992172904312611
Malicious,Malicious,0.9992174692451954
Malicious,Malicious,0.9992172904312611
Malicious,Malicious,0.9992172904312611
Malicious,Malicious,0.9991821832954884
Malicious,Malicious,0.9992172904312611
Malicious,Malicious,0.9992172904312611
Malicious,Malicious,0.9992172904312611
Malicious,Malicious,0.9992172904312611
Malicious,Malicious,0.9992172904312611
Malicious,Malicious,0.9992172904312611
Malicious,Malicious,0.9992156811058521
Malicious,Malicious,0.9992172904312611
Malicious,Malicious,0.9992172904312611
Malicious,Malicious,0.9992174692451954
Malicious,Malicious,0.9992174692451954
Malicious,Malicious,0.9992172904312611
Malicious,Malicious,0.9992171116173267
Malicious,Malicious,0.9992172904312611
Malicious,Malicious,0.9992172904312611
Malicious,Malicious,0.9992172904312611
Malicious,Malicious,0.9992172904312611
Malicious,Malicious,0.99805061891675
Malicious,Malicious,0.9992172904312611
Malicious,Malicious,0.9992174692451954
Malicious,Malicious,0.9991945810616016
Malicious,Malicious,0.9991945810616016
Malicious,Malicious,0.9992171116173267
Malicious,Malicious,0.9992172904312611
Malicious,Malicious,0.9992172904312611
Malicious,Malicious,0.9992172904312611
Malicious,Malicious,0.9992171116173267
Malicious,Malicious,0.9992174692451954
Malicious,Malicious,0.9992171116173267
Malicious,Malicious,0.9992171116173267
Malicious,Malicious,0.9992156811058521
Malicious,Malicious,0.9992172904312611
Malicious,Malicious,0.9992172904312611
Malicious,Malicious,0.9992078132927418
Malicious,Malicious,0.9992172904312611
Malicious,Malicious,0.9992156811058521
Malicious,Malicious,0.9992172904312611
Malicious,Malicious,0.9992172904312611
Malicious,Malicious,0.9992172904312611
Malicious,Malicious,0.9992171116173267
Malicious,Malicious,0.9992172904312611
Malicious,Malicious,0.9992172904312611
Malicious,Malicious,0.9992172904312611
Malicious,Malicious,0.9992172904312611
Malicious,Malicious,0.9992172904312611
Malicious,Malicious,0.9992172904312611
Malicious,Malicious,0.9992172904312611
Malicious,Malicious,0.9992171116173267
Malicious,Malicious,0.9992172904312611
Malicious,Malicious,0.9992172904312611
Malicious,Malicious,0.9992172904312611
Malicious,Malicious,0.9992172904312611
Malicious,Malicious,0.9992172904312611
Malicious,Malicious,0.9992172904312611
Malicious,Malicious,0.9992172904312611
Malicious,Malicious,0.9992172904312611
Malicious,Malicious,0.9992156811058521
Malicious,Malicious,0.9992172904312611
Malicious,Malicious,0.9992172904312611
Malicious,Malicious,0.9992172904312611
Malicious,Malicious,0.9991945810616016
Malicious,Malicious,0.9992172904312611
Malicious,Malicious,0.9991945810616016
Malicious,Malicious,0.9992172904312611
Malicious,Malicious,0.9992172904312611
Malicious,Malicious,0.9991803951561451
Malicious,Malicious,0.9992172904312611
Malicious,Malicious,0.9992172904312611
Malicious,Malicious,0.9992172904312611
Malicious,Malicious,0.9992172904312611
Malicious,Malicious,0.9991566725075245
Malicious,Malicious,0.9992171116173267
Malicious,Malicious,0.9992171116173267
Malicious,Malicious,0.9992172904312611
Malicious,Malicious,0.9992172904312611
Malicious,Malicious,0.9992172904312611
Malicious,Malicious,0.9992172904312611
Malicious,Malicious,0.9992172904312611
Malicious,Benign,0.029495587572455406
Malicious,Malicious,0.9992171116173267
Malicious,Malicious,0.9992171116173267
Malicious,Malicious,0.9992171116173267
Malicious,Malicious,0.9992172904312611
Malicious,Malicious,0.9992172904312611
Malicious,Malicious,0.9992172904312611
Malicious,Malicious,0.9992156811058521
Malicious,Malicious,0.9992172904312611
Malicious,Malicious,0.9992172904312611
Malicious,Malicious,0.9992156811058521
Malicious,Malicious,0.9992172904312611
Malicious,Malicious,0.9992172904312611
Malicious,Malicious,0.9992172904312611
Malicious,Malicious,0.9992172904312611
Malicious,Malicious,0.9992171116173267
Malicious,Malicious,0.9992174692451954
Malicious,Malicious,0.9992076344788074
Malicious,Malicious,0.9992172904312611
Malicious,Malicious,0.9992172904312611
Malicious,Malicious,0.9992172904312611
Malicious,Malicious,0.9992172904312611
Malicious,Malicious,0.9992172904312611
Malicious,Malicious,0.9992172904312611
Malicious,Malicious,0.7728034434840083
Malicious,Malicious,0.9992172904312611
Malicious,Malicious,0.9992172904312611
Malicious,Malicious,0.9992172904312611
Malicious,Malicious,0.9992171116173267
Malicious,Malicious,0.9992172904312611
Malicious,Malicious,0.9992172904312611
Malicious,Malicious,0.9992174692451954
Malicious,Malicious,0.9992171116173267
Malicious,Malicious,0.9991945810616016
Malicious,Malicious,0.9992172904312611
Malicious,Malicious,0.9992172904312611
Malicious,Malicious,0.9992172904312611
Malicious,Malicious,0.9992172904312611
Malicious,Benign,0.031526732025668025
Malicious,Malicious,0.9992172904312611
Malicious,Malicious,0.9991945810616016
Malicious,Malicious,0.9992076344788074
Malicious,Malicious,0.9992174692451954
Malicious,Malicious,0.9992172904312611
Malicious,Malicious,0.9992172904312611
Malicious,Malicious,0.9992172904312611
Malicious,Malicious,0.9992172904312611
Malicious,Malicious,0.9992172904312611
Malicious,Malicious,0.9992172904312611
Malicious,Malicious,0.9992172904312611
Malicious,Malicious,0.9992172904312611
Malicious,Malicious,0.9992131777107716
Malicious,Malicious,0.9992172904312611
Malicious,Malicious,0.9992172904312611
Malicious,Malicious,0.9992172904312611
Malicious,Malicious,0.9992172904312611
Malicious,Malicious,0.9992174692451954
Malicious,Malicious,0.9991758652031422
Malicious,Malicious,0.9992172904312611
Malicious,Malicious,0.9992171116173267
Malicious,Malicious,0.9992172904312611
Malicious,Malicious,0.9992174692451954
Malicious,Malicious,0.9992172904312611
Malicious,Malicious,0.9992174692451954
Malicious,Malicious,0.9992172904312611
Malicious,Malicious,0.9992172904312611
Malicious,Malicious,0.9992174692451954
Malicious,Malicious,0.9992172904312611
Malicious,Malicious,0.9992172904312611
Malicious,Malicious,0.9992172904312611
Malicious,Malicious,0.9992172904312611
Malicious,Malicious,0.999200601130724
Malicious,Malicious,0.9992172904312611
Malicious,Malicious,0.9992180056869984
Malicious,Malicious,0.9992172904312611
Malicious,Malicious,0.9992172904312611
Malicious,Malicious,0.9992172904312611
Malicious,Malicious,0.9992172904312611
Malicious,Malicious,0.9992174692451954
Malicious,Malicious,0.9992156811058521
Malicious,Malicious,0.9992174692451954
Malicious,Malicious,0.9992172904312611
Malicious,Malicious,0.9992172904312611
Malicious,Malicious,0.9992172904312611
Malicious,Malicious,0.9992094226181507
Malicious,Malicious,0.9992172904312611
Malicious,Malicious,0.9992174692451954
Malicious,Malicious,0.9992172904312611
Malicious,Malicious,0.9992172904312611
Malicious,Malicious,0.9992172904312611
Malicious,Malicious,0.9991910643875599
Malicious,Malicious,0.9992172904312611
Malicious,Malicious,0.9992172904312611
Malicious,Malicious,0.9992172904312611
Malicious,Malicious,0.9992172904312611
Malicious,Malicious,0.9992172904312611
Malicious,Malicious,0.9992172904312611
Malicious,Malicious,0.9992172904312611
Malicious,Malicious,0.9992171116173267
Malicious,Malicious,0.9992136545479298
Malicious,Malicious,0.9992171116173267
Malicious,Malicious,0.9992172904312611
Malicious,Malicious,0.9992172904312611
Malicious,Malicious,0.9992172904312611
Malicious,Malicious,0.9992172904312611
Malicious,Malicious,0.9992171116173267
Malicious,Malicious,0.9992172904312611
Malicious,Malicious,0.9992172904312611
Malicious,Malicious,0.9992171116173267
Malicious,Malicious,0.9992174692451954
Malicious,Malicious,0.9992172904312611
Malicious,Malicious,0.9992172308266163
Malicious,Malicious,0.9992172904312611
Malicious,Malicious,0.9992172904312611
Malicious,Malicious,0.9992174692451954
Malicious,Malicious,0.9992172904312611
Malicious,Malicious,0.9992172904312611
Malicious,Malicious,0.9992172904312611
Malicious,Malicious,0.9992172904312611
Malicious,Malicious,0.9992172904312611
Malicious,Malicious,0.9992171116173267
Malicious,Malicious,0.9992172904312611
Malicious,Malicious,0.9992172904312611
Malicious,Malicious,0.9992172904312611
Malicious,Malicious,0.9992172904312611
Malicious,Malicious,0.9992172904312611
Malicious,Malicious,0.9992172904312611
Malicious,Malicious,0.9992172904312611
Malicious,Malicious,0.9992172904312611
Malicious,Malicious,0.9992172904312611
Malicious,Malicious,0.9992172904312611
Malicious,Malicious,0.9992172904312611
Malicious,Malicious,0.9992174692451954
Malicious,Malicious,0.9992172904312611
Malicious,Malicious,0.9955467060208321
Malicious,Malicious,0.9992172904312611
Malicious,Malicious,0.9992172904312611
Malicious,Malicious,0.9992172904312611
Malicious,Malicious,0.9992172904312611
Malicious,Malicious,0.9992174692451954
Malicious,Benign,0.004768335245898925
Malicious,Malicious,0.9992172904312611
Malicious,Malicious,0.9992172904312611
Malicious,Malicious,0.99805061891675
Malicious,Malicious,0.9992172904312611
Malicious,Malicious,0.9992172904312611
Malicious,Malicious,0.9992172904312611
Malicious,Malicious,0.9992172904312611
Malicious,Malicious,0.9992172904312611
Malicious,Malicious,0.9992172904312611
Malicious,Malicious,0.9992172904312611
Malicious,Malicious,0.9992172904312611
Malicious,Malicious,0.9992172904312611
Malicious,Malicious,0.9992171116173267
Malicious,Malicious,0.9992172904312611
Malicious,Malicious,0.9992172904312611
Malicious,Malicious,0.9992172904312611
Malicious,Malicious,0.9992172904312611
Malicious,Malicious,0.9992172904312611
Malicious,Malicious,0.9992156811058521
Malicious,Malicious,0.9992172904312611
Malicious,Malicious,0.9992172904312611
Malicious,Malicious,0.9992172904312611
Malicious,Malicious,0.9992172904312611
Malicious,Malicious,0.9992172904312611
Malicious,Malicious,0.9992172904312611
Malicious,Malicious,0.9992172904312611
Malicious,Malicious,0.9992172904312611
Malicious,Malicious,0.9992172904312611
Malicious,Malicious,0.9992171116173267
Malicious,Malicious,0.9991945810616016
Malicious,Malicious,0.9992172904312611
Malicious,Malicious,0.9992172904312611
Malicious,Malicious,0.9992172904312611
Malicious,Malicious,0.9992172904312611
Malicious,Malicious,0.9992172904312611
Malicious,Malicious,0.9992172904312611
Malicious,Malicious,0.9992172904312611
Malicious,Malicious,0.9992172904312611
Malicious,Malicious,0.9992172904312611
Malicious,Malicious,0.9992172904312611
Malicious,Malicious,0.9992172904312611
Malicious,Malicious,0.9992171116173267
Malicious,Malicious,0.9992172904312611
Malicious,Malicious,0.9992172904312611
Malicious,Malicious,0.9992172904312611
Malicious,Malicious,0.9992172904312611
Malicious,Malicious,0.9992171116173267
Malicious,Malicious,0.9992172904312611
Malicious,Malicious,0.9992172904312611
Malicious,Malicious,0.9992172904312611
Malicious,Malicious,0.9992172904312611
Malicious,Malicious,0.9992172904312611
Malicious,Malicious,0.9992172904312611
Malicious,Malicious,0.9992172904312611
Malicious,Malicious,0.9992171116173267
Malicious,Malicious,0.9992172904312611
Malicious,Malicious,0.9992172904312611
Malicious,Malicious,0.9992172904312611
Malicious,Malicious,0.9992172904312611
Malicious,Malicious,0.9992156811058521
Malicious,Malicious,0.9992172904312611
Malicious,Malicious,0.9992166347801685
Malicious,Malicious,0.9991945810616016
Malicious,Malicious,0.9992172904312611
Malicious,Malicious,0.9992172904312611
Malicious,Malicious,0.9992172904312611
Malicious,Malicious,0.9992172904312611
Malicious,Malicious,0.9992171116173267
Malicious,Malicious,0.9992156811058521
Malicious,Malicious,0.9992172904312611
Malicious,Malicious,0.9992171116173267
Malicious,Malicious,0.9992172904312611
Malicious,Malicious,0.9992172904312611
Malicious,Malicious,0.9992172904312611
Malicious,Malicious,0.9992174692451954
Malicious,Malicious,0.9992171116173267
Malicious,Malicious,0.9992172904312611
Malicious,Malicious,0.9992172904312611
Malicious,Malicious,0.9992174692451954
Malicious,Benign,0.15929791424423456
Malicious,Malicious,0.9992078132927418
Malicious,Malicious,0.9992172904312611
Malicious,Malicious,0.9992172904312611
Malicious,Malicious,0.9992174692451954
Malicious,Malicious,0.9992171116173267
Malicious,Malicious,0.9992172904312611
Malicious,Malicious,0.9992174692451954
Malicious,Malicious,0.9992172904312611
Malicious,Malicious,0.9992172904312611
Malicious,Malicious,0.9992174692451954
Malicious,Malicious,0.9992172904312611
Malicious,Malicious,0.9992172904312611
Malicious,Malicious,0.9992172904312611
Malicious,Malicious,0.9992172904312611
Malicious,Malicious,0.9992171116173267
Malicious,Malicious,0.9992172904312611
Malicious,Malicious,0.9992172904312611
Malicious,Malicious,0.9992172904312611
Malicious,Malicious,0.9992172904312611
Malicious,Malicious,0.9992172904312611
Malicious,Malicious,0.9992076344788074
Malicious,Malicious,0.9992172904312611
Malicious,Malicious,0.9992172904312611
Malicious,Malicious,0.9991945810616016
Malicious,Malicious,0.9992172904312611
Malicious,Malicious,0.9992172904312611
Malicious,Malicious,0.9980507977306843
Malicious,Malicious,0.9992172904312611
Malicious,Malicious,0.9992172904312611
Malicious,Malicious,0.9992172904312611
Malicious,Malicious,0.9992171116173267
Malicious,Malicious,0.9992171116173267
Malicious,Malicious,0.9992172904312611
Malicious,Malicious,0.9992172904312611
Malicious,Malicious,0.9991633482277393
Malicious,Malicious,0.9992172904312611
Malicious,Malicious,0.9992172904312611
Malicious,Malicious,0.9992172904312611
Malicious,Malicious,0.9992172904312611
Malicious,Malicious,0.9992180056869984
Malicious,Malicious,0.9992172904312611
Malicious,Malicious,0.9992171116173267
Malicious,Malicious,0.9992172904312611
Malicious,Malicious,0.9992172904312611
Malicious,Malicious,0.9992172904312611
Malicious,Malicious,0.9992172904312611
Malicious,Malicious,0.9992172904312611
Malicious,Malicious,0.9992172904312611
Malicious,Malicious,0.9992171116173267
Malicious,Malicious,0.9992172904312611
Malicious,Malicious,0.9992172904312611
Malicious,Malicious,0.9992172904312611
Malicious,Malicious,0.9992172904312611
Malicious,Malicious,0.9992172904312611
Malicious,Benign,0.011344628757797182
Malicious,Malicious,0.9992172904312611
Malicious,Malicious,0.9992171116173267
Malicious,Malicious,0.9992172904312611
Malicious,Malicious,0.9980505593121052
Malicious,Malicious,0.9992172904312611
Malicious,Malicious,0.9992172904312611
Malicious,Malicious,0.9992172904312611
Malicious,Malicious,0.9992172904312611
Malicious,Malicious,0.9992172904312611
Malicious,Malicious,0.9992172904312611
Malicious,Malicious,0.9992171116173267
Malicious,Malicious,0.9992171116173267
Malicious,Malicious,0.9992172904312611
Malicious,Malicious,0.9992171116173267
Malicious,Malicious,0.9992172904312611
Malicious,Malicious,0.9992172904312611
Malicious,Malicious,0.9992172904312611
Malicious,Malicious,0.9992172904312611
Malicious,Malicious,0.9992172904312611
Malicious,Malicious,0.9992172904312611
Malicious,Malicious,0.9992174692451954
Malicious,Malicious,0.9992172904312611
Malicious,Malicious,0.9992172904312611
Malicious,Malicious,0.9992156811058521
Malicious,Malicious,0.9992172904312611
Malicious,Malicious,0.9992172904312611
Malicious,Malicious,0.9992172904312611
Malicious,Malicious,0.9992172904312611
Malicious,Malicious,0.9992172904312611
Malicious,Malicious,0.9992172904312611
Malicious,Malicious,0.9992172904312611
Malicious,Malicious,0.9992174692451954
Malicious,Malicious,0.9992172904312611
Malicious,Malicious,0.9992172904312611
Malicious,Malicious,0.9992172904312611
Malicious,Malicious,0.9992172904312611
Malicious,Malicious,0.9992172904312611
Malicious,Malicious,0.9992172904312611
Malicious,Malicious,0.9992174692451954
Malicious,Malicious,0.9992172904312611
Malicious,Malicious,0.9992156811058521
Malicious,Malicious,0.9992172904312611
Malicious,Malicious,0.9992174692451954
Malicious,Benign,0.024138662731274962
Malicious,Malicious,0.9992171116173267
Malicious,Malicious,0.9992172904312611
Malicious,Malicious,0.9992172904312611
Malicious,Malicious,0.9992172904312611
Malicious,Malicious,0.9992174692451954
Malicious,Malicious,0.9992172904312611
Malicious,Malicious,0.9992172904312611
Malicious,Malicious,0.9992172904312611
Malicious,Malicious,0.9992172904312611
Malicious,Malicious,0.9992172904312611
Malicious,Malicious,0.9992172904312611
Malicious,Malicious,0.9992172904312611
Malicious,Malicious,0.9992172904312611
Malicious,Malicious,0.9992174692451954
Malicious,Malicious,0.9992172904312611
Malicious,Malicious,0.9992172904312611
Malicious,Malicious,0.9992172904312611
Malicious,Malicious,0.9992172904312611
Malicious,Malicious,0.9992156811058521
Malicious,Malicious,0.9992174692451954
Malicious,Malicious,0.9992171116173267
Malicious,Malicious,0.9992172904312611
Malicious,Malicious,0.9992172904312611
Malicious,Malicious,0.9992174692451954
Malicious,Malicious,0.9992171116173267
Malicious,Malicious,0.9992172904312611
Malicious,Malicious,0.9992172904312611
Malicious,Malicious,0.9992171116173267
Malicious,Malicious,0.9992171116173267
Malicious,Malicious,0.9992172904312611
Malicious,Malicious,0.9991945810616016
Malicious,Malicious,0.9992172904312611
Malicious,Malicious,0.9992172904312611
Malicious,Malicious,0.9992172904312611
Malicious,Malicious,0.9992172904312611
Malicious,Malicious,0.9992172904312611
Malicious,Malicious,0.9992172904312611
Malicious,Malicious,0.9991586394608021
Malicious,Malicious,0.9992172904312611
Malicious,Malicious,0.9992172904312611
Malicious,Malicious,0.9992172904312611
Malicious,Malicious,0.9992174692451954
Malicious,Malicious,0.999189455062151
Malicious,Malicious,0.9992171116173267
Malicious,Malicious,0.9992172904312611
Malicious,Malicious,0.9992174692451954
Malicious,Malicious,0.9992172904312611
Malicious,Malicious,0.9992174692451954
Malicious,Malicious,0.9992172904312611
Malicious,Malicious,0.9992156811058521
Malicious,Malicious,0.9992172904312611
Malicious,Malicious,0.9992172904312611
Malicious,Malicious,0.9992172904312611
Malicious,Malicious,0.9992172904312611
Malicious,Malicious,0.9992172904312611
Malicious,Malicious,0.9992172904312611
Malicious,Malicious,0.9992174692451954
Malicious,Malicious,0.9992180056869984
Malicious,Malicious,0.9992172904312611
Malicious,Malicious,0.9992172904312611
Malicious,Malicious,0.9992171116173267
Malicious,Malicious,0.9992116875946522
Malicious,Malicious,0.9992172904312611
Malicious,Malicious,0.9992172904312611
Malicious,Malicious,0.9992172904312611
Malicious,Malicious,0.9992172904312611
Malicious,Malicious,0.9992172904312611
Malicious,Malicious,0.9992172904312611
Malicious,Malicious,0.9992172904312611
Malicious,Malicious,0.9992172904312611
Malicious,Malicious,0.9992172904312611
Malicious,Malicious,0.9992172904312611
Malicious,Malicious,0.9992172904312611
Malicious,Malicious,0.9992172904312611
Malicious,Malicious,0.9992172904312611
Malicious,Malicious,0.9992171116173267
Malicious,Malicious,0.9992172904312611
Malicious,Malicious,0.9992174692451954
Malicious,Malicious,0.9866462163627148
Malicious,Malicious,0.9992172904312611
Malicious,Malicious,0.9992156811058521
Malicious,Malicious,0.9992172904312611
Malicious,Malicious,0.9992172904312611
Malicious,Malicious,0.9992172904312611
Malicious,Malicious,0.9936478659510612
Malicious,Malicious,0.9992172904312611
Malicious,Malicious,0.9992172904312611
Malicious,Malicious,0.9992171116173267
Malicious,Malicious,0.9992172904312611
Malicious,Malicious,0.9992172904312611
Malicious,Malicious,0.9992172904312611
Malicious,Malicious,0.9992172904312611
Malicious,Malicious,0.9992172904312611
Malicious,Malicious,0.9980339296162128
Malicious,Malicious,0.9992172904312611
Malicious,Malicious,0.9992172904312611
Malicious,Malicious,0.9992172904312611
Malicious,Malicious,0.9992172904312611
Malicious,Malicious,0.9992172904312611
Malicious,Benign,0.027447028318420053
Malicious,Malicious,0.9992172904312611
Malicious,Malicious,0.9992174692451954
Malicious,Malicious,0.9992172904312611
Malicious,Malicious,0.9992172904312611
Malicious,Malicious,0.9992172904312611
Malicious,Malicious,0.9992172904312611
Malicious,Malicious,0.9992172904312611
Malicious,Malicious,0.9912763349711895
Malicious,Malicious,0.9992172904312611
Malicious,Malicious,0.9992174692451954
Malicious,Malicious,0.9559588395059109
Malicious,Malicious,0.9992171116173267
Malicious,Malicious,0.9992172904312611
Malicious,Malicious,0.9992174692451954
Malicious,Malicious,0.9992172904312611
Malicious,Malicious,0.9992172904312611
Malicious,Malicious,0.9992172904312611
Malicious,Malicious,0.9992172904312611
Malicious,Malicious,0.999209601432085
Malicious,Malicious,0.9992172904312611
Malicious,Malicious,0.9992171116173267
Malicious,Malicious,0.9992174692451954
Malicious,Malicious,0.9992172904312611
Malicious,Malicious,0.9992172904312611
Malicious,Malicious,0.9992172904312611
Malicious,Malicious,0.9991805739700794
Malicious,Malicious,0.9992174692451954
Malicious,Malicious,0.9992172904312611
Malicious,Malicious,0.9992172904312611
Malicious,Malicious,0.9992172904312611
Malicious,Malicious,0.9992172904312611
Malicious,Malicious,0.9992172904312611
Malicious,Malicious,0.9992172904312611
Malicious,Malicious,0.9992171116173267
Malicious,Malicious,0.9992172904312611
Malicious,Malicious,0.9992172904312611
Malicious,Malicious,0.9992172904312611
Malicious,Malicious,0.9992174692451954
Malicious,Malicious,0.9992172904312611
Malicious,Benign,0.3362790700048208
Malicious,Malicious,0.9992172904312611
Malicious,Malicious,0.9992174692451954
Malicious,Malicious,0.9992172904312611
Malicious,Malicious,0.9992172904312611
Malicious,Malicious,0.9992172904312611
Malicious,Malicious,0.9992172904312611
Malicious,Malicious,0.9992172904312611
Malicious,Malicious,0.9992171116173267
Malicious,Malicious,0.9992172904312611
Malicious,Malicious,0.9992172904312611
Malicious,Malicious,0.9992171116173267
Malicious,Malicious,0.9992172904312611
Malicious,Malicious,0.9992172904312611
Malicious,Malicious,0.9992174692451954
Malicious,Malicious,0.9992172904312611
Malicious,Malicious,0.9992172904312611
Malicious,Malicious,0.9992171116173267
Malicious,Malicious,0.9992172904312611
Malicious,Malicious,0.9992172904312611
Malicious,Malicious,0.9992172904312611
Malicious,Malicious,0.9992172904312611
Malicious,Malicious,0.9992156811058521
Malicious,Malicious,0.9992172904312611
Malicious,Malicious,0.9992171116173267
Malicious,Malicious,0.9992172904312611
Malicious,Malicious,0.9992171116173267
Malicious,Malicious,0.9992172904312611
Malicious,Malicious,0.9992172904312611
Malicious,Malicious,0.9992172904312611
Malicious,Malicious,0.9992171116173267
Malicious,Malicious,0.9992172904312611
Malicious,Malicious,0.9992172904312611
Malicious,Malicious,0.9992172904312611
Malicious,Malicious,0.9992171116173267
Malicious,Malicious,0.9992174692451954
Malicious,Malicious,0.9992172904312611
Malicious,Malicious,0.9992172904312611
Malicious,Malicious,0.9992156811058521
Malicious,Malicious,0.9965507946908474
Malicious,Malicious,0.9992172904312611
Malicious,Malicious,0.9992172904312611
Malicious,Malicious,0.9992172904312611
Malicious,Malicious,0.9992172904312611
Malicious,Benign,0.11055031139403582
Malicious,Malicious,0.9992156811058521
Malicious,Malicious,0.9992172904312611
Malicious,Malicious,0.9992172904312611
Malicious,Malicious,0.9992156811058521
Malicious,Malicious,0.9992172904312611
Malicious,Malicious,0.9992172904312611
Malicious,Malicious,0.9992172904312611
Malicious,Malicious,0.9991586394608021
Malicious,Malicious,0.9992172904312611
Malicious,Malicious,0.9992172904312611
Malicious,Malicious,0.9992174692451954
Malicious,Malicious,0.9992172904312611
Malicious,Malicious,0.9992174692451954
Malicious,Malicious,0.9992172904312611
Malicious,Malicious,0.9992172904312611
Malicious,Malicious,0.9992172904312611
Malicious,Malicious,0.9992172904312611
Malicious,Malicious,0.9992172904312611
Malicious,Malicious,0.9992171116173267
Malicious,Malicious,0.95776092633605
Malicious,Malicious,0.9992172904312611
Malicious,Malicious,0.9992172904312611
Malicious,Malicious,0.9992172904312611
Malicious,Malicious,0.9992172904312611
Malicious,Malicious,0.9992172904312611
Malicious,Malicious,0.9992171116173267
Malicious,Malicious,0.9992172904312611
Malicious,Malicious,0.9992172904312611
Malicious,Malicious,0.9992174692451954
Malicious,Malicious,0.9992171116173267
Malicious,Malicious,0.9992172904312611
Malicious,Malicious,0.9992172904312611
Malicious,Malicious,0.9992172904312611
Malicious,Malicious,0.9992172904312611
Malicious,Malicious,0.9992172904312611
Malicious,Malicious,0.9992174692451954
Malicious,Malicious,0.9992172904312611
Malicious,Malicious,0.9992172904312611
Malicious,Malicious,0.9992172904312611
Malicious,Malicious,0.9992156811058521
Malicious,Malicious,0.9992172904312611
Malicious,Malicious,0.9992172904312611
Malicious,Malicious,0.9992172904312611
Malicious,Malicious,0.9992172904312611
Malicious,Malicious,0.9992172904312611
Malicious,Malicious,0.9992171116173267
Malicious,Malicious,0.9992172904312611
Malicious,Malicious,0.9992172904312611
Malicious,Malicious,0.9992172904312611
Malicious,Malicious,0.9992078132927418
Malicious,Malicious,0.7228542231023312
Malicious,Malicious,0.9992172904312611
Malicious,Malicious,0.9992171116173267
Malicious,Malicious,0.9992172904312611
Malicious,Malicious,0.9992172904312611
Malicious,Malicious,0.9992172904312611
Malicious,Malicious,0.9992172904312611
Malicious,Malicious,0.9992156811058521
Malicious,Malicious,0.9992172904312611
Malicious,Malicious,0.9992172904312611
Malicious,Malicious,0.9992156811058521
Malicious,Malicious,0.9992172904312611
Malicious,Malicious,0.9992172904312611
Malicious,Malicious,0.9959461875259876
Malicious,Malicious,0.9992172904312611
Malicious,Malicious,0.956210907548666
Malicious,Malicious,0.9992172904312611
Malicious,Malicious,0.9992172904312611
Malicious,Malicious,0.9992172904312611
Malicious,Malicious,0.9992172904312611
Malicious,Malicious,0.9992174692451954
Malicious,Malicious,0.9992171116173267
Malicious,Malicious,0.9992172904312611
Malicious,Malicious,0.9992172904312611
Malicious,Malicious,0.9992174692451954
Malicious,Malicious,0.9992172308266163
Malicious,Malicious,0.9992172904312611
Malicious,Malicious,0.9992172904312611
Malicious,Malicious,0.9992172904312611
Malicious,Malicious,0.9992172904312611
Malicious,Malicious,0.9992172904312611
Malicious,Malicious,0.9992172308266163
Malicious,Malicious,0.9992172904312611
Malicious,Malicious,0.9992172904312611
Malicious,Malicious,0.9992172904312611
Malicious,Malicious,0.9992172904312611
Malicious,Malicious,0.9992172904312611
Malicious,Malicious,0.9992172904312611
Malicious,Malicious,0.9992172904312611
Malicious,Malicious,0.9992172904312611
Malicious,Malicious,0.9992172904312611
Malicious,Malicious,0.9991945810616016
Malicious,Malicious,0.9992172904312611
Malicious,Malicious,0.9992172904312611
Malicious,Malicious,0.9992172904312611
Malicious,Malicious,0.9926428981125355
Malicious,Malicious,0.9992172904312611
Malicious,Malicious,0.9991805739700794
Malicious,Malicious,0.9992172904312611
Malicious,Malicious,0.9992172904312611
Malicious,Malicious,0.9992172904312611
Malicious,Malicious,0.9992174692451954
Malicious,Malicious,0.9992172904312611
Malicious,Malicious,0.9992174692451954
Malicious,Malicious,0.9992172904312611
Malicious,Malicious,0.9992172904312611
Malicious,Malicious,0.9992172904312611
Malicious,Malicious,0.9991910643875599
Malicious,Malicious,0.9992172904312611
Malicious,Malicious,0.9992172904312611
Malicious,Malicious,0.9992172904312611
Malicious,Malicious,0.9992172904312611
Malicious,Malicious,0.9992174692451954
Malicious,Malicious,0.9992156811058521
Malicious,Malicious,0.9992172904312611
Malicious,Malicious,0.9992172904312611
Malicious,Malicious,0.9992172904312611
Malicious,Malicious,0.9992172904312611
Malicious,Malicious,0.9992172904312611
Malicious,Malicious,0.9992172904312611
Malicious,Malicious,0.9992172904312611
Malicious,Malicious,0.9992172904312611
Malicious,Malicious,0.9992174692451954
Malicious,Malicious,0.9992171116173267
Malicious,Malicious,0.9992174692451954
Malicious,Malicious,0.9992172904312611
Malicious,Malicious,0.9992172904312611
Malicious,Malicious,0.9992172904312611
Malicious,Malicious,0.9992172904312611
Malicious,Malicious,0.9992172904312611
Malicious,Malicious,0.9992172904312611
Malicious,Benign,0.3602256700396538
Malicious,Malicious,0.9992174692451954
Malicious,Malicious,0.9992174692451954
Malicious,Malicious,0.9910584576427937
Malicious,Malicious,0.9992172904312611
Malicious,Malicious,0.9992078132927418
Malicious,Malicious,0.9992156811058521
Malicious,Malicious,0.9992172904312611
Malicious,Malicious,0.9992172904312611
Malicious,Malicious,0.9992180056869984
Malicious,Malicious,0.9992172904312611
Malicious,Malicious,0.9992172904312611
Malicious,Malicious,0.9992172904312611
Malicious,Malicious,0.9992174692451954
Malicious,Malicious,0.9992172904312611
Malicious,Malicious,0.9992078132927418
Malicious,Malicious,0.9992172904312611
Malicious,Malicious,0.9992172904312611
Malicious,Malicious,0.9992174692451954
Malicious,Malicious,0.9992174692451954
Malicious,Malicious,0.9992171116173267
Malicious,Malicious,0.9992172904312611
Malicious,Malicious,0.9992172904312611
Malicious,Malicious,0.9929029308259487
Malicious,Malicious,0.9992172904312611
Malicious,Malicious,0.999189455062151
Malicious,Malicious,0.9992172904312611
Malicious,Benign,0.044539288501255214
Malicious,Malicious,0.9992171116173267
Malicious,Malicious,0.9980507977306843
Malicious,Benign,0.043349405284971
Malicious,Malicious,0.9992172904312611
Malicious,Malicious,0.9992172904312611
Malicious,Malicious,0.9992180056869984
Malicious,Malicious,0.9992172904312611
Malicious,Malicious,0.9992172904312611
Malicious,Malicious,0.9992172904312611
Malicious,Malicious,0.9992172904312611
Malicious,Malicious,0.9992172904312611
Malicious,Malicious,0.9992172904312611
Malicious,Malicious,0.9992171116173267
Malicious,Malicious,0.9992172904312611
Malicious,Malicious,0.9992172904312611
Malicious,Malicious,0.9992172904312611
Malicious,Malicious,0.9992171116173267
Malicious,Malicious,0.9992172904312611
Malicious,Malicious,0.9992172904312611
Malicious,Malicious,0.9992172904312611
Malicious,Malicious,0.9992172904312611
Malicious,Malicious,0.9992172904312611
Malicious,Malicious,0.9992172904312611
Malicious,Malicious,0.9992171116173267
Malicious,Malicious,0.9992172904312611
Malicious,Malicious,0.9992172904312611
Malicious,Malicious,0.9992156811058521
Malicious,Malicious,0.9992172904312611
Malicious,Malicious,0.999203521758318
Malicious,Malicious,0.9992172904312611
Malicious,Malicious,0.9992172904312611
Malicious,Malicious,0.9992172904312611
Malicious,Malicious,0.9992172904312611
Malicious,Malicious,0.9992172904312611
Malicious,Malicious,0.9992172904312611
Malicious,Malicious,0.9992172904312611
Malicious,Malicious,0.9992172904312611
Malicious,Malicious,0.9992171116173267
Malicious,Malicious,0.9992172904312611
Malicious,Malicious,0.9992171116173267
Malicious,Malicious,0.9992172904312611
Malicious,Malicious,0.9992172904312611
Malicious,Malicious,0.9992172904312611
Malicious,Malicious,0.9940490238368511
Malicious,Malicious,0.9992172904312611
Malicious,Malicious,0.9992174692451954
Malicious,Malicious,0.9992172904312611
Malicious,Malicious,0.9992174692451954
Malicious,Malicious,0.9992172904312611
Malicious,Malicious,0.9992172904312611
Malicious,Malicious,0.9992172904312611
Malicious,Malicious,0.9992172904312611
Malicious,Malicious,0.9992172904312611
Malicious,Malicious,0.9992172904312611
Malicious,Malicious,0.9992172904312611
Malicious,Malicious,0.9992172904312611
Malicious,Malicious,0.9992172904312611
Malicious,Malicious,0.9992172904312611
Malicious,Malicious,0.9992172904312611
Malicious,Malicious,0.9992172904312611
Malicious,Malicious,0.9992172904312611
Malicious,Malicious,0.9992172904312611
Malicious,Malicious,0.9992174692451954
Malicious,Malicious,0.9992171116173267
Malicious,Malicious,0.9992172904312611
Malicious,Malicious,0.9992172904312611
Malicious,Malicious,0.9992172904312611
Malicious,Malicious,0.9992172904312611
Malicious,Malicious,0.9992171116173267
Malicious,Malicious,0.9968470521271229
Malicious,Malicious,0.9992172904312611
Malicious,Malicious,0.9992172904312611
Malicious,Malicious,0.9992172904312611
Malicious,Malicious,0.9992172904312611
Malicious,Malicious,0.9992172904312611
Malicious,Malicious,0.9992172904312611
Malicious,Malicious,0.9992171116173267
Malicious,Malicious,0.9992174692451954
Malicious,Malicious,0.9992172904312611
Malicious,Malicious,0.9992172904312611
Malicious,Malicious,0.9991945810616016
Malicious,Malicious,0.9414507560431957
Malicious,Malicious,0.9992172904312611
Malicious,Malicious,0.9992172904312611
Malicious,Malicious,0.9992172904312611
Malicious,Malicious,0.9992172904312611
Malicious,Benign,0.2104439188260585
Malicious,Malicious,0.9992172904312611
Malicious,Malicious,0.9992172904312611
Malicious,Malicious,0.9992131777107716
Malicious,Malicious,0.9992172904312611
Malicious,Malicious,0.9992174692451954
Malicious,Malicious,0.9992172904312611
Malicious,Malicious,0.9992172904312611
Malicious,Malicious,0.9992174692451954
Malicious,Malicious,0.9992172904312611
Malicious,Malicious,0.9992172904312611
Malicious,Malicious,0.9992172904312611
Malicious,Malicious,0.9992172904312611
Malicious,Malicious,0.9992172904312611
Malicious,Malicious,0.9992172904312611
Malicious,Malicious,0.9992172904312611
Malicious,Malicious,0.9992172904312611
Malicious,Malicious,0.9992172904312611
Malicious,Malicious,0.9992156811058521
Malicious,Malicious,0.9992171116173267
Malicious,Malicious,0.9992174692451954
Malicious,Malicious,0.9992172904312611
Malicious,Malicious,0.9992172904312611
Malicious,Malicious,0.9992172904312611
Malicious,Malicious,0.9992172904312611
Malicious,Malicious,0.7745904307812452
Malicious,Malicious,0.9992171116173267
Malicious,Malicious,0.9992172904312611
Malicious,Malicious,0.9992172904312611
Malicious,Malicious,0.9992172904312611
Malicious,Malicious,0.9992172904312611
Malicious,Malicious,0.9992172904312611
Malicious,Malicious,0.9992172904312611
Malicious,Malicious,0.9992172904312611
Malicious,Malicious,0.9991201348602772
Malicious,Malicious,0.9992172904312611
Malicious,Malicious,0.9992172904312611
Malicious,Malicious,0.9992172904312611
Malicious,Malicious,0.9992172904312611
Malicious,Malicious,0.9992172904312611
Malicious,Malicious,0.9992172904312611
Malicious,Malicious,0.9992172904312611
Malicious,Malicious,0.9992172904312611
Malicious,Malicious,0.9992172904312611
Malicious,Malicious,0.9992174692451954
Malicious,Malicious,0.9992172904312611
Malicious,Malicious,0.9992174692451954
Malicious,Malicious,0.9992172904312611
Malicious,Malicious,0.9992172904312611
Malicious,Malicious,0.9992172904312611
Malicious,Malicious,0.9992172904312611
Malicious,Benign,0.0735467504709959
Malicious,Malicious,0.9991922564804554
Malicious,Malicious,0.9992174692451954
Malicious,Malicious,0.9992172904312611
Malicious,Malicious,0.9992172904312611
Malicious,Malicious,0.9992172904312611
Malicious,Malicious,0.9992172904312611
Malicious,Malicious,0.8170236683799885
Malicious,Malicious,0.9992172904312611
Malicious,Malicious,0.9992172904312611
Malicious,Malicious,0.9992172904312611
Malicious,Malicious,0.9992172904312611
Malicious,Malicious,0.9992172904312611
Malicious,Malicious,0.9991586394608021
Malicious,Malicious,0.9991803951561451
Malicious,Malicious,0.9992172904312611
Malicious,Malicious,0.9992172904312611
Malicious,Malicious,0.9992172904312611
Malicious,Malicious,0.9992172904312611
Malicious,Malicious,0.9992172904312611
Malicious,Malicious,0.9992172904312611
Malicious,Malicious,0.9992172904312611
Malicious,Malicious,0.9992172904312611
Malicious,Malicious,0.9992156811058521
Malicious,Malicious,0.9991803951561451
Malicious,Malicious,0.9992171116173267
Malicious,Malicious,0.9992172904312611
Malicious,Malicious,0.9991633482277393
Malicious,Malicious,0.9991758652031422
Malicious,Malicious,0.9992172904312611
Malicious,Malicious,0.9992172904312611
Malicious,Malicious,0.9992078132927418
Malicious,Malicious,0.9992171116173267
Malicious,Malicious,0.9992172904312611
Malicious,Malicious,0.9992174692451954
Malicious,Malicious,0.9992172904312611
Malicious,Malicious,0.9992172904312611
Malicious,Malicious,0.9992172904312611
Malicious,Malicious,0.9992172904312611
Malicious,Malicious,0.9992172904312611
Malicious,Malicious,0.9992172904312611
Malicious,Malicious,0.9992172904312611
Malicious,Malicious,0.9992172904312611
Malicious,Malicious,0.9992172308266163
Malicious,Malicious,0.9992174692451954
Malicious,Malicious,0.9992172904312611
Malicious,Malicious,0.9992172904312611
Malicious,Malicious,0.9992171116173267
Malicious,Malicious,0.9992172904312611
Malicious,Malicious,0.9992172904312611
Malicious,Malicious,0.9992172904312611
Malicious,Malicious,0.9992172904312611
Malicious,Malicious,0.9992172904312611
Malicious,Malicious,0.9992174692451954
Malicious,Malicious,0.9992172904312611
Malicious,Malicious,0.9992172904312611
Malicious,Malicious,0.9992174692451954
Malicious,Malicious,0.9992172904312611
Malicious,Malicious,0.9956695027649403
Malicious,Malicious,0.9992172904312611
Malicious,Malicious,0.9992174692451954
Malicious,Malicious,0.9992172904312611
Malicious,Malicious,0.9992172904312611
Malicious,Malicious,0.9992172904312611
Malicious,Malicious,0.9992174692451954
Malicious,Malicious,0.9992172904312611
Malicious,Malicious,0.9992174692451954
Malicious,Malicious,0.9991945810616016
Malicious,Malicious,0.9992172904312611
Malicious,Malicious,0.9992172904312611
Malicious,Malicious,0.9992172904312611
Malicious,Malicious,0.9992174692451954
Malicious,Malicious,0.9992172904312611
Malicious,Malicious,0.9992172904312611
Malicious,Malicious,0.9992172904312611
Malicious,Malicious,0.9992172904312611
Malicious,Benign,0.3588890861719847
Malicious,Malicious,0.9992172904312611
Malicious,Malicious,0.9992174692451954
Malicious,Malicious,0.9992172904312611
Malicious,Malicious,0.9992172904312611
Malicious,Malicious,0.9992171116173267
Malicious,Malicious,0.9992172904312611
Malicious,Malicious,0.9992174692451954
Malicious,Malicious,0.9992156811058521
Malicious,Malicious,0.9992172904312611
Malicious,Malicious,0.9992174692451954
Malicious,Malicious,0.9992172904312611
Malicious,Malicious,0.9992172904312611
Malicious,Malicious,0.9992172904312611
Malicious,Malicious,0.9992171116173267
Malicious,Malicious,0.9992172904312611
Malicious,Malicious,0.9992172904312611
Malicious,Malicious,0.9992174692451954
Malicious,Malicious,0.9992172904312611
Malicious,Malicious,0.9992172904312611
Malicious,Malicious,0.9992172904312611
Malicious,Malicious,0.9992172904312611
Malicious,Malicious,0.9992172904312611
Malicious,Malicious,0.9992172904312611
Malicious,Malicious,0.9992172904312611
Malicious,Malicious,0.9992172904312611
Malicious,Malicious,0.9992172904312611
Malicious,Malicious,0.9992172904312611
Malicious,Malicious,0.9992172904312611
Malicious,Malicious,0.9991820640861988
Malicious,Malicious,0.9992172904312611
Malicious,Malicious,0.9992172904312611
Malicious,Malicious,0.9992172904312611
Malicious,Malicious,0.9992172904312611
Malicious,Benign,0.0014295971486717463
Malicious,Malicious,0.8415646981447935
Malicious,Benign,0.24012662144377828
Malicious,Malicious,0.9992171116173267
Malicious,Malicious,0.9992172904312611
Malicious,Malicious,0.9992171116173267
Malicious,Malicious,0.9992172904312611
Malicious,Malicious,0.9992172904312611
Malicious,Malicious,0.9992172904312611
Malicious,Malicious,0.9992171116173267
Malicious,Malicious,0.9992172904312611
Malicious,Malicious,0.9992172904312611
Malicious,Malicious,0.9992172904312611
Malicious,Malicious,0.9992172904312611
Malicious,Malicious,0.9992172904312611
Malicious,Malicious,0.9992172904312611
Malicious,Malicious,0.9992172904312611
Malicious,Malicious,0.9992172904312611
Malicious,Malicious,0.9992172904312611
Malicious,Malicious,0.9992172904312611
Malicious,Malicious,0.9992171116173267
Malicious,Malicious,0.9891259856522083
Malicious,Malicious,0.9992174692451954
Malicious,Malicious,0.9992171116173267
Malicious,Malicious,0.9873111136257648
Malicious,Malicious,0.9992172904312611
Malicious,Malicious,0.9955072812736034
Malicious,Malicious,0.9992171116173267
Malicious,Malicious,0.9992172904312611
Malicious,Malicious,0.9992172904312611
Malicious,Malicious,0.9992172904312611
Malicious,Malicious,0.9992172904312611
Malicious,Malicious,0.9992171116173267
Malicious,Malicious,0.9992172904312611
Malicious,Malicious,0.9977966919541359
Malicious,Malicious,0.9992172904312611
Malicious,Malicious,0.9992172904312611
Malicious,Malicious,0.9992172904312611
Malicious,Malicious,0.9992174692451954
Malicious,Malicious,0.9992174692451954
Malicious,Malicious,0.9992172904312611
Malicious,Malicious,0.9992172904312611
Malicious,Malicious,0.9992172904312611
Malicious,Malicious,0.9992172904312611
Malicious,Malicious,0.9992172904312611
Malicious,Malicious,0.9992171116173267
Malicious,Malicious,0.9992172904312611
Malicious,Malicious,0.9992172904312611
Malicious,Malicious,0.9992172904312611
Malicious,Malicious,0.9992172904312611
Malicious,Malicious,0.9992131777107716
Malicious,Malicious,0.9992172904312611
Malicious,Benign,0.04285715881269425
Malicious,Malicious,0.9992172904312611
Malicious,Malicious,0.9992156811058521
Malicious,Malicious,0.9992172904312611
Malicious,Malicious,0.9992172904312611
Malicious,Malicious,0.9992172904312611
Malicious,Malicious,0.9992172904312611
Malicious,Malicious,0.9992171116173267
Malicious,Malicious,0.9992172904312611
Malicious,Malicious,0.9992172904312611
Malicious,Malicious,0.9992172904312611
Malicious,Malicious,0.9992172904312611
Malicious,Malicious,0.9992172904312611
Malicious,Malicious,0.9992172904312611
Malicious,Malicious,0.9992172904312611
Malicious,Malicious,0.9992171116173267
Malicious,Malicious,0.9992156811058521
Malicious,Malicious,0.9992172904312611
Malicious,Malicious,0.9992172904312611
Malicious,Malicious,0.9992172904312611
Malicious,Malicious,0.9992174692451954
Malicious,Malicious,0.9992172904312611
Malicious,Malicious,0.9992172904312611
Malicious,Malicious,0.9992172904312611
Malicious,Malicious,0.9992172904312611
Malicious,Malicious,0.9992172904312611
Malicious,Malicious,0.9992172904312611
Malicious,Malicious,0.9992172904312611
Malicious,Malicious,0.9992172904312611
Malicious,Malicious,0.9992172904312611
Malicious,Benign,0.0366885126568377
Malicious,Malicious,0.9992172904312611
Malicious,Malicious,0.9992174692451954
Malicious,Malicious,0.9992172904312611
Malicious,Malicious,0.9992172904312611
Malicious,Malicious,0.9992172904312611
Malicious,Malicious,0.9992156811058521
Malicious,Malicious,0.9992172904312611
Malicious,Malicious,0.9992172904312611
Malicious,Malicious,0.9992172904312611
Malicious,Malicious,0.9992172904312611
Malicious,Malicious,0.9992172904312611
Malicious,Malicious,0.9992172904312611
Malicious,Malicious,0.9992172904312611
Malicious,Malicious,0.9992172904312611
Malicious,Malicious,0.9992172904312611
Malicious,Malicious,0.9992172904312611
Malicious,Malicious,0.9992181845009327
Malicious,Malicious,0.9992174692451954
Malicious,Malicious,0.9992172904312611
Malicious,Benign,0.001448555151000619
Malicious,Malicious,0.9992172904312611
Malicious,Malicious,0.9992172904312611
Malicious,Malicious,0.9992172904312611
Malicious,Malicious,0.9992172904312611
Malicious,Malicious,0.9992172904312611
Malicious,Malicious,0.9992172904312611
Malicious,Malicious,0.9992172904312611
Malicious,Malicious,0.9992172904312611
Malicious,Malicious,0.9992172904312611
Malicious,Malicious,0.9992172904312611
Malicious,Malicious,0.9991803951561451
Malicious,Malicious,0.9992171116173267
Malicious,Benign,0.06744414428249002
Malicious,Malicious,0.9992172904312611
Malicious,Malicious,0.9992172904312611
Malicious,Malicious,0.9992172904312611
Malicious,Malicious,0.9992172904312611
Malicious,Malicious,0.9992172904312611
Malicious,Malicious,0.9992172904312611
Malicious,Malicious,0.9908848479390144
Malicious,Malicious,0.9992172904312611
Malicious,Malicious,0.9992172904312611
Malicious,Malicious,0.9992172904312611
Malicious,Malicious,0.9992172904312611
Malicious,Malicious,0.9991945810616016
Malicious,Malicious,0.9992174692451954
Malicious,Malicious,0.9992172904312611
Malicious,Malicious,0.9991633482277393
Malicious,Malicious,0.9992172904312611
Malicious,Malicious,0.9992172904312611
Malicious,Malicious,0.9992172904312611
Malicious,Malicious,0.9992172904312611
Malicious,Malicious,0.9992172904312611
Malicious,Malicious,0.9991407580673695
Malicious,Malicious,0.9992172904312611
Malicious,Malicious,0.9991945810616016
Malicious,Malicious,0.9992172904312611
Malicious,Malicious,0.9992172904312611
Malicious,Malicious,0.9992172904312611
Malicious,Malicious,0.9992172904312611
Malicious,Malicious,0.9991803951561451
Malicious,Malicious,0.9992172904312611
Malicious,Malicious,0.9992172904312611
Malicious,Malicious,0.9992174692451954
Malicious,Malicious,0.9992172904312611
Malicious,Malicious,0.9992172904312611
Malicious,Malicious,0.9992172904312611
Malicious,Malicious,0.9992172904312611
Malicious,Malicious,0.9992174692451954
Malicious,Benign,0.4976344797760248
Malicious,Malicious,0.9992172904312611
Malicious,Malicious,0.9992172904312611
Malicious,Malicious,0.9992174692451954
Malicious,Malicious,0.9992174692451954
Malicious,Malicious,0.9992172904312611
Malicious,Malicious,0.9992171116173267
Malicious,Malicious,0.9992172904312611
Malicious,Malicious,0.9992172904312611
Malicious,Malicious,0.9992172904312611
Malicious,Malicious,0.9992172904312611
Malicious,Malicious,0.9992171116173267
Malicious,Malicious,0.9992172904312611
Malicious,Malicious,0.9992174692451954
Malicious,Malicious,0.9992172904312611
Malicious,Malicious,0.9992172904312611
Malicious,Malicious,0.9992172904312611
Malicious,Malicious,0.9991945810616016
Malicious,Malicious,0.9992172904312611
Malicious,Malicious,0.9992172904312611
Malicious,Malicious,0.9992174692451954
Malicious,Malicious,0.9980505593121052
Malicious,Malicious,0.9992171116173267
Malicious,Malicious,0.9992172904312611
Malicious,Malicious,0.9992172904312611
Malicious,Malicious,0.9992172904312611
Malicious,Malicious,0.9992172904312611
Malicious,Malicious,0.9992172904312611
Malicious,Malicious,0.9992172904312611
Malicious,Malicious,0.9992174692451954
Malicious,Malicious,0.9992172904312611
Malicious,Malicious,0.9992172904312611
Malicious,Malicious,0.9992172904312611
Malicious,Malicious,0.9992172904312611
Malicious,Malicious,0.99805061891675
Malicious,Malicious,0.9992172904312611
Malicious,Malicious,0.9992156811058521
Malicious,Malicious,0.9992172904312611
Malicious,Malicious,0.9992172904312611
Malicious,Malicious,0.9393973117694259
Malicious,Malicious,0.9992172904312611
Malicious,Malicious,0.9992172904312611
Malicious,Malicious,0.9992172904312611
Malicious,Malicious,0.9992172904312611
Malicious,Malicious,0.9992172904312611
Malicious,Malicious,0.9992172904312611
Malicious,Malicious,0.9992174692451954
Malicious,Malicious,0.9906310029327869
Malicious,Malicious,0.9992172904312611
Malicious,Malicious,0.9992172904312611
Malicious,Malicious,0.9992172904312611
Malicious,Malicious,0.9992172904312611
Malicious,Malicious,0.9992172904312611
Malicious,Malicious,0.9992172904312611
Malicious,Malicious,0.9992172904312611
Malicious,Malicious,0.9992171116173267
Malicious,Malicious,0.9992172904312611
Malicious,Malicious,0.9992172904312611
Malicious,Malicious,0.9992172904312611
Malicious,Malicious,0.9992172904312611
Malicious,Malicious,0.9992172904312611
Malicious,Malicious,0.9992172904312611
Malicious,Malicious,0.9992076344788074
Malicious,Malicious,0.9992172904312611
Malicious,Malicious,0.9992172904312611
Malicious,Malicious,0.9992171116173267
Malicious,Malicious,0.9992172904312611
Malicious,Malicious,0.9992172904312611
Malicious,Malicious,0.9992172904312611
Malicious,Malicious,0.9992172904312611
Malicious,Malicious,0.9992174692451954
Malicious,Malicious,0.9992172904312611
Malicious,Malicious,0.9992172904312611
Malicious,Malicious,0.9992172904312611
Malicious,Malicious,0.9992172904312611
Malicious,Malicious,0.9992172904312611
Malicious,Malicious,0.9992172904312611
Malicious,Malicious,0.9992172904312611
Malicious,Malicious,0.9992172904312611
Malicious,Malicious,0.9992172904312611
Malicious,Malicious,0.9992172904312611
Malicious,Malicious,0.9992172904312611
Malicious,Malicious,0.9992171116173267
Malicious,Malicious,0.9992172904312611
Malicious,Malicious,0.9992172904312611
Malicious,Malicious,0.9992174692451954
Malicious,Malicious,0.9992172904312611
Malicious,Malicious,0.9992172904312611
Malicious,Malicious,0.9992172904312611
Malicious,Malicious,0.9992172904312611
Malicious,Malicious,0.9992172904312611
Malicious,Malicious,0.9992172904312611
Malicious,Malicious,0.9992172904312611
Malicious,Malicious,0.9992172904312611
Malicious,Malicious,0.9992174692451954
Malicious,Malicious,0.9992172904312611
Malicious,Malicious,0.9992172904312611
Malicious,Malicious,0.9992172904312611
Malicious,Malicious,0.9991945810616016
Malicious,Malicious,0.9992172904312611
Malicious,Malicious,0.9992172904312611
Malicious,Malicious,0.9992172904312611
Malicious,Malicious,0.9992156811058521
Malicious,Malicious,0.9992172904312611
Malicious,Malicious,0.9992172904312611
Malicious,Malicious,0.9992172904312611
Malicious,Malicious,0.9992172904312611
Malicious,Malicious,0.9992172904312611
Malicious,Malicious,0.9992172904312611
Malicious,Malicious,0.9992172904312611
Malicious,Malicious,0.9992171116173267
Malicious,Malicious,0.9501352868974209
Malicious,Benign,0.038682028418406844
Malicious,Malicious,0.9992171116173267
Malicious,Malicious,0.9992172904312611
Malicious,Malicious,0.9992172904312611
Malicious,Malicious,0.9992172904312611
Malicious,Malicious,0.9992172904312611
Malicious,Malicious,0.9992174692451954
Malicious,Malicious,0.9992180056869984
Malicious,Malicious,0.9992172904312611
Malicious,Malicious,0.9992172904312611
Malicious,Malicious,0.9992172904312611
Malicious,Malicious,0.9992172904312611
Malicious,Malicious,0.9992172904312611
Malicious,Malicious,0.9992174692451954
Malicious,Malicious,0.9992172904312611
Malicious,Malicious,0.9992172904312611
Malicious,Malicious,0.9991945810616016
Malicious,Malicious,0.9992172904312611
Malicious,Malicious,0.9992172904312611
Malicious,Malicious,0.9992172904312611
Malicious,Malicious,0.9992172904312611
Malicious,Malicious,0.9992172904312611
Malicious,Malicious,0.9992174692451954
Malicious,Malicious,0.9992172904312611
Malicious,Malicious,0.9992174692451954
Malicious,Malicious,0.9992172904312611
Malicious,Malicious,0.9992171116173267
Malicious,Malicious,0.9992171116173267
Malicious,Malicious,0.9992172904312611
Malicious,Malicious,0.9992172904312611
Malicious,Malicious,0.9992174692451954
Malicious,Malicious,0.9992172904312611
Malicious,Malicious,0.9992172904312611
Malicious,Malicious,0.9992174692451954
Malicious,Malicious,0.9992172904312611
Malicious,Malicious,0.9992172904312611
Malicious,Malicious,0.9992172904312611
Malicious,Malicious,0.9992172904312611
Malicious,Malicious,0.9992172904312611
Malicious,Benign,0.168126180768013
Malicious,Malicious,0.9992172904312611
Malicious,Malicious,0.9992174692451954
Malicious,Malicious,0.9992172904312611
Malicious,Malicious,0.9992172904312611
Malicious,Malicious,0.9992172904312611
Malicious,Malicious,0.9992156811058521
Malicious,Malicious,0.9992172904312611
Malicious,Malicious,0.9992171116173267
Malicious,Malicious,0.9992172904312611
Malicious,Malicious,0.9992172904312611
Malicious,Malicious,0.9992172904312611
Malicious,Malicious,0.9992174692451954
Malicious,Malicious,0.9992156811058521
Malicious,Malicious,0.9992172904312611
Malicious,Malicious,0.9992172904312611
Malicious,Malicious,0.9624363519251347
Malicious,Malicious,0.9189670495688915
Malicious,Malicious,0.9992172904312611
Malicious,Malicious,0.9992172904312611
Malicious,Malicious,0.9992172904312611
Malicious,Malicious,0.9992172904312611
Malicious,Malicious,0.9992172904312611
Malicious,Malicious,0.9992172904312611
Malicious,Malicious,0.9992172904312611
Malicious,Malicious,0.9992172904312611
Malicious,Malicious,0.9992172904312611
Malicious,Malicious,0.9992172904312611
Malicious,Malicious,0.9992172904312611
Malicious,Malicious,0.9992172904312611
Malicious,Malicious,0.9992172904312611
Malicious,Malicious,0.9992174692451954
Malicious,Malicious,0.9992172904312611
Malicious,Malicious,0.9992172904312611
Malicious,Malicious,0.9992174692451954
Malicious,Malicious,0.9992172904312611
Malicious,Malicious,0.9992172904312611
Malicious,Malicious,0.9992172904312611
Malicious,Malicious,0.9992172904312611
Malicious,Malicious,0.9992172904312611
Malicious,Malicious,0.9992174692451954
Malicious,Malicious,0.9992172904312611
Malicious,Malicious,0.9992172904312611
Malicious,Malicious,0.9992171116173267
Malicious,Malicious,0.9992172904312611
Malicious,Malicious,0.9992172904312611
Malicious,Malicious,0.9992156811058521
Malicious,Malicious,0.9992174692451954
Malicious,Benign,0.012348445132374763
Malicious,Malicious,0.9992172904312611
Malicious,Malicious,0.9992172904312611
Malicious,Malicious,0.9992174692451954
Malicious,Malicious,0.9992172904312611
Malicious,Malicious,0.9992172904312611
Malicious,Malicious,0.9992172904312611
Malicious,Malicious,0.9992172904312611
Malicious,Malicious,0.9992174692451954
Malicious,Malicious,0.9992172904312611
Malicious,Malicious,0.9992172904312611
Malicious,Malicious,0.9992172904312611
Malicious,Malicious,0.9992174692451954
Malicious,Malicious,0.9992172904312611
Malicious,Malicious,0.9992172904312611
Malicious,Malicious,0.9992172904312611
Malicious,Malicious,0.9992172904312611
Malicious,Malicious,0.9992172904312611
Malicious,Malicious,0.9992174692451954
Malicious,Malicious,0.9992172904312611
Malicious,Malicious,0.9992174692451954
Malicious,Malicious,0.9992172904312611
Malicious,Malicious,0.9992172904312611
Malicious,Benign,0.05383555218577385
Malicious,Malicious,0.9992172904312611
Malicious,Malicious,0.9992156811058521
Malicious,Malicious,0.9992174692451954
Malicious,Benign,0.0871856790035963
Malicious,Malicious,0.9992172904312611
Malicious,Malicious,0.9992172904312611
Malicious,Malicious,0.9992172904312611
Malicious,Malicious,0.9992172904312611
Malicious,Malicious,0.9992172904312611
Malicious,Malicious,0.9992172904312611
Malicious,Malicious,0.9992172904312611
Malicious,Malicious,0.9992172904312611
Malicious,Malicious,0.9992172904312611
Malicious,Malicious,0.9992172904312611
Malicious,Malicious,0.9992172904312611
Malicious,Malicious,0.9992172904312611
Malicious,Malicious,0.9992172904312611
Malicious,Malicious,0.9992172904312611
Malicious,Malicious,0.9992172904312611
Malicious,Malicious,0.9992172904312611
Malicious,Malicious,0.9992172904312611
Malicious,Malicious,0.9992172904312611
Malicious,Malicious,0.9992172904312611
Malicious,Malicious,0.9992172904312611
Malicious,Malicious,0.9992172904312611
Malicious,Malicious,0.9992172904312611
Malicious,Malicious,0.9992172904312611
Malicious,Malicious,0.9992172904312611
Malicious,Malicious,0.9992172904312611
Malicious,Malicious,0.9992172904312611
Malicious,Malicious,0.9992172904312611
Malicious,Malicious,0.9992174692451954
Malicious,Malicious,0.9992172904312611
Malicious,Malicious,0.9992172904312611
Malicious,Malicious,0.9992172904312611
Malicious,Malicious,0.9992172904312611
Malicious,Malicious,0.9992174692451954
Malicious,Malicious,0.9992172904312611
Malicious,Malicious,0.9992172904312611
Malicious,Malicious,0.9992172904312611
Malicious,Malicious,0.9992172904312611
Malicious,Malicious,0.9992172904312611
Malicious,Malicious,0.9992172904312611
Malicious,Malicious,0.9992172904312611
Malicious,Malicious,0.9992174692451954
Malicious,Malicious,0.9992172904312611
Malicious,Malicious,0.9992172904312611
Malicious,Malicious,0.9992172904312611
Malicious,Malicious,0.9992172904312611
Malicious,Malicious,0.9991945810616016
Malicious,Malicious,0.9992172904312611
Malicious,Malicious,0.9992172904312611
Malicious,Malicious,0.9992172904312611
Malicious,Malicious,0.9992172904312611
Malicious,Malicious,0.8601458016782999
Malicious,Malicious,0.9992172904312611
Malicious,Malicious,0.9992172904312611
Malicious,Malicious,0.9992172904312611
Malicious,Malicious,0.9992172904312611
Malicious,Malicious,0.9992172904312611
Malicious,Malicious,0.9992172904312611
Malicious,Malicious,0.9992172904312611
Malicious,Malicious,0.9992171116173267
Malicious,Malicious,0.9992172904312611
Malicious,Malicious,0.9992172904312611
Malicious,Malicious,0.9992172904312611
Malicious,Malicious,0.9992174692451954
Malicious,Malicious,0.9992172904312611
Malicious,Malicious,0.9992172904312611
Malicious,Malicious,0.9992172308266163
Malicious,Malicious,0.9992172904312611
Malicious,Malicious,0.9992172904312611
Malicious,Malicious,0.9992172904312611
Malicious,Malicious,0.9992172904312611
Malicious,Malicious,0.9992172904312611
Malicious,Malicious,0.9992172904312611
Malicious,Malicious,0.9992172904312611
Malicious,Malicious,0.9992172904312611
Malicious,Malicious,0.9992172904312611
Malicious,Malicious,0.9992172904312611
Malicious,Malicious,0.9992172904312611
Malicious,Malicious,0.9992156811058521
Malicious,Malicious,0.9992172904312611
Malicious,Malicious,0.9992076344788074
Malicious,Malicious,0.9992172904312611
Malicious,Malicious,0.9992171116173267
Malicious,Malicious,0.9992172904312611
Malicious,Malicious,0.9992172904312611
Malicious,Malicious,0.9992172904312611
Malicious,Malicious,0.9992174692451954
Malicious,Malicious,0.9992172904312611
Malicious,Malicious,0.9992172904312611
Malicious,Malicious,0.9992172904312611
Malicious,Malicious,0.9992172904312611
Malicious,Malicious,0.9992156811058521
Malicious,Malicious,0.9992172904312611
Malicious,Malicious,0.9992172904312611
Malicious,Malicious,0.9992174692451954
Malicious,Malicious,0.9992171116173267
Malicious,Malicious,0.9992172904312611
Malicious,Malicious,0.9992174692451954
Malicious,Benign,0.01607099617831409
Malicious,Malicious,0.9992172904312611
Malicious,Malicious,0.9991820640861988
Malicious,Malicious,0.9992156811058521
Malicious,Malicious,0.9992171116173267
Malicious,Malicious,0.9991945810616016
Malicious,Malicious,0.9992172904312611
Malicious,Malicious,0.9992172904312611
Malicious,Malicious,0.9992172904312611
Malicious,Malicious,0.9992172904312611
Malicious,Malicious,0.9992174692451954
Malicious,Malicious,0.9992156811058521
Malicious,Malicious,0.9992172904312611
Malicious,Malicious,0.9992172904312611
Malicious,Malicious,0.9992172904312611
Malicious,Benign,0.010070325573906302
Malicious,Malicious,0.9992174692451954
Malicious,Malicious,0.9992172904312611
Malicious,Malicious,0.9992172904312611
Malicious,Malicious,0.9992171116173267
Malicious,Malicious,0.9992172904312611
Malicious,Malicious,0.9992156811058521
Malicious,Malicious,0.9992172904312611
Malicious,Malicious,0.9992174692451954
Malicious,Malicious,0.9992172904312611
Malicious,Malicious,0.9992172904312611
Malicious,Malicious,0.9992172904312611
Malicious,Malicious,0.9992172904312611
Malicious,Malicious,0.9992172904312611
Malicious,Malicious,0.9992172904312611
Malicious,Malicious,0.9992172904312611
Malicious,Malicious,0.9992078132927418
Malicious,Malicious,0.9992172904312611
Malicious,Malicious,0.9992171116173267
Malicious,Malicious,0.9992172904312611
Malicious,Malicious,0.9992172904312611
Malicious,Malicious,0.9992172904312611
Malicious,Malicious,0.9992172904312611
Malicious,Malicious,0.9992172904312611
Malicious,Malicious,0.9992172904312611
Malicious,Malicious,0.9992172904312611
Malicious,Malicious,0.9992172904312611
Malicious,Malicious,0.9992172904312611
Malicious,Malicious,0.9992171116173267
Malicious,Malicious,0.9992172904312611
Malicious,Malicious,0.9992172904312611
Malicious,Malicious,0.9992172904312611
Malicious,Malicious,0.9992172904312611
Malicious,Malicious,0.9992172904312611
Malicious,Malicious,0.9992174692451954
Malicious,Malicious,0.9992171116173267
Malicious,Malicious,0.9992172904312611
Malicious,Malicious,0.9992171116173267
Malicious,Malicious,0.9992051310837269
Malicious,Malicious,0.9992172904312611
Malicious,Malicious,0.9992174692451954
Malicious,Malicious,0.9992174692451954
Malicious,Malicious,0.9992172904312611
Malicious,Malicious,0.9992174692451954
Malicious,Benign,0.006220886003575288
Malicious,Malicious,0.9980328567326069
Malicious,Malicious,0.9992172904312611
Malicious,Malicious,0.9992172904312611
Malicious,Malicious,0.9992172904312611
Malicious,Benign,0.25535212084650993
Malicious,Malicious,0.9965069256722927
Malicious,Malicious,0.9992171116173267
Malicious,Malicious,0.9992172904312611
Malicious,Malicious,0.9992172904312611
Malicious,Malicious,0.9992172904312611
Malicious,Malicious,0.9992172904312611
Malicious,Malicious,0.9991666860878468
Malicious,Malicious,0.9992172904312611
Malicious,Malicious,0.9991803951561451
Malicious,Malicious,0.9992172904312611
Malicious,Malicious,0.9992172904312611
Malicious,Malicious,0.9992172904312611
Malicious,Malicious,0.9992172904312611
Malicious,Malicious,0.9992172904312611
Malicious,Malicious,0.9992172904312611
Malicious,Malicious,0.9992172904312611
Malicious,Malicious,0.9992174692451954
Malicious,Malicious,0.9992172904312611
Malicious,Malicious,0.9992171116173267
Malicious,Malicious,0.9992172904312611
Malicious,Malicious,0.8636555578559637
Malicious,Malicious,0.9992172904312611
Malicious,Malicious,0.9992172904312611
Malicious,Malicious,0.9992172904312611
Malicious,Malicious,0.9992174692451954
Malicious,Malicious,0.9992174692451954
Malicious,Malicious,0.9992172904312611
Malicious,Malicious,0.9992172904312611
Malicious,Malicious,0.9992172904312611
Malicious,Malicious,0.9992172904312611
Malicious,Malicious,0.9992172904312611
Malicious,Malicious,0.9992172904312611
Malicious,Malicious,0.9991805739700794
Malicious,Malicious,0.9992172904312611
Malicious,Malicious,0.9992172904312611
Malicious,Benign,0.05985121487174183
Malicious,Malicious,0.9992172904312611
Malicious,Malicious,0.9992172904312611
Malicious,Malicious,0.9992172904312611
Malicious,Malicious,0.9992172904312611
Malicious,Malicious,0.9992172904312611
Malicious,Malicious,0.9992172904312611
Malicious,Malicious,0.9992172904312611
Malicious,Malicious,0.9992172904312611
Malicious,Malicious,0.9992172904312611
Malicious,Malicious,0.9992172904312611
Malicious,Malicious,0.9992172904312611
Malicious,Malicious,0.9992172904312611
Malicious,Malicious,0.9992172904312611
Malicious,Malicious,0.9992172904312611
Malicious,Malicious,0.9992172904312611
Malicious,Malicious,0.9992172904312611
Malicious,Malicious,0.9992172904312611
Malicious,Malicious,0.9992172904312611
Malicious,Malicious,0.9992172904312611
Malicious,Malicious,0.9991945810616016
Malicious,Malicious,0.9992172904312611
Malicious,Malicious,0.9992171116173267
Malicious,Malicious,0.9992172904312611
Malicious,Malicious,0.9992172904312611
Malicious,Malicious,0.9858639501035213
Malicious,Malicious,0.9992172904312611
Malicious,Malicious,0.9992116875946522
Malicious,Malicious,0.9992172904312611
Malicious,Malicious,0.9992172904312611
Malicious,Malicious,0.9992156811058521
Malicious,Malicious,0.9992174692451954
Malicious,Malicious,0.9992172904312611
Malicious,Malicious,0.9992172904312611
Malicious,Malicious,0.9992171116173267
Malicious,Malicious,0.9992171116173267
Malicious,Malicious,0.9992172904312611
Malicious,Benign,0.06588244112208486
Malicious,Malicious,0.9992172904312611
Malicious,Malicious,0.9992172904312611
Malicious,Malicious,0.9992171116173267
Malicious,Malicious,0.9992172904312611
Malicious,Malicious,0.9992172904312611
Malicious,Malicious,0.9990976639091969
Malicious,Malicious,0.9992172904312611
Malicious,Malicious,0.9992174692451954
Malicious,Malicious,0.9992172904312611
Malicious,Malicious,0.9992172904312611
Malicious,Malicious,0.9992172904312611
Malicious,Malicious,0.9992172904312611
Malicious,Malicious,0.9992172904312611
Malicious,Malicious,0.9992172904312611
Malicious,Malicious,0.9992172904312611
Malicious,Malicious,0.9992172904312611
Malicious,Malicious,0.9992172904312611
Malicious,Malicious,0.9992172904312611
Malicious,Malicious,0.99913664534688
Malicious,Malicious,0.9992172904312611
Malicious,Malicious,0.9992172904312611
Malicious,Malicious,0.9992172904312611
Malicious,Malicious,0.9992172904312611
Malicious,Malicious,0.9980504401028156
Malicious,Malicious,0.9992172904312611
Malicious,Malicious,0.9992172904312611
Malicious,Malicious,0.9992172904312611
Malicious,Malicious,0.9992172904312611
Malicious,Malicious,0.9992156811058521
Malicious,Malicious,0.9992174692451954
Malicious,Malicious,0.9992172904312611
Malicious,Malicious,0.9987530671060085
Malicious,Malicious,0.9992172904312611
Malicious,Malicious,0.9992172904312611
Malicious,Malicious,0.9992172904312611
Malicious,Malicious,0.9992174692451954
Malicious,Malicious,0.9992172904312611
Malicious,Malicious,0.9992172904312611
Malicious,Malicious,0.9992171116173267
Malicious,Malicious,0.9992172904312611
Malicious,Malicious,0.9992174692451954
Malicious,Malicious,0.9992172904312611
Malicious,Malicious,0.9992172904312611
Malicious,Malicious,0.9992174692451954
Malicious,Malicious,0.9992172904312611
Malicious,Malicious,0.9992172904312611
Malicious,Malicious,0.9992172904312611
Malicious,Malicious,0.9992172904312611
Malicious,Malicious,0.9992172904312611
Malicious,Malicious,0.9992172904312611
Malicious,Malicious,0.9992174692451954
Malicious,Malicious,0.9992172904312611
Malicious,Malicious,0.9992172904312611
Malicious,Malicious,0.9992078132927418
Malicious,Malicious,0.9992172904312611
Malicious,Malicious,0.9992172904312611
Malicious,Malicious,0.9992172904312611
Malicious,Malicious,0.9992174692451954
Malicious,Malicious,0.9992172904312611
Malicious,Malicious,0.9992172904312611
Malicious,Malicious,0.9992172904312611
Malicious,Malicious,0.9992172904312611
Malicious,Malicious,0.9992172904312611
Malicious,Malicious,0.9992172904312611
Malicious,Malicious,0.9992172904312611
Malicious,Malicious,0.9992172904312611
Malicious,Malicious,0.9992172904312611
Malicious,Malicious,0.9992156811058521
Malicious,Malicious,0.9992172904312611
Malicious,Malicious,0.9992172904312611
Malicious,Malicious,0.9992172904312611
Malicious,Malicious,0.9992172904312611
Malicious,Malicious,0.9992172904312611
Malicious,Malicious,0.9992172904312611
Malicious,Malicious,0.9992174692451954
Malicious,Malicious,0.9991945810616016
Malicious,Malicious,0.9992172904312611
Malicious,Malicious,0.9992172904312611
Malicious,Malicious,0.9992174692451954
Malicious,Malicious,0.9992172904312611
Malicious,Malicious,0.9992172904312611
Malicious,Malicious,0.9992172904312611
Malicious,Malicious,0.9992172904312611
Malicious,Malicious,0.9992172904312611
Malicious,Malicious,0.9992174692451954
Malicious,Malicious,0.9991945810616016
Malicious,Malicious,0.9992171116173267
Malicious,Malicious,0.9992172904312611
Malicious,Malicious,0.9992172904312611
Malicious,Malicious,0.9992172904312611
Malicious,Malicious,0.8868645578622818
Malicious,Malicious,0.9992172904312611
Malicious,Malicious,0.9992172904312611
Malicious,Malicious,0.9992172904312611
Malicious,Malicious,0.9992172904312611
Malicious,Malicious,0.9992078132927418
Malicious,Malicious,0.9992172904312611
Malicious,Malicious,0.9992174692451954
Malicious,Malicious,0.9992171116173267
Malicious,Malicious,0.9992172904312611
Malicious,Malicious,0.9992172904312611
Malicious,Malicious,0.9992172904312611
Malicious,Malicious,0.9992171116173267
Malicious,Malicious,0.9992172904312611
Malicious,Malicious,0.9992172904312611
Malicious,Malicious,0.9992172904312611
Malicious,Malicious,0.9992172904312611
Malicious,Malicious,0.9992172904312611
Malicious,Malicious,0.9992172904312611
Malicious,Malicious,0.9992172904312611
Malicious,Malicious,0.9992172904312611
Malicious,Malicious,0.9992172904312611
Malicious,Malicious,0.9992172904312611
Malicious,Malicious,0.999200601130724
Malicious,Malicious,0.9992172904312611
Malicious,Malicious,0.9992172904312611
Malicious,Malicious,0.9992172904312611
Malicious,Malicious,0.9992172904312611
Malicious,Malicious,0.9992172904312611
Malicious,Malicious,0.9992174692451954
Malicious,Malicious,0.9992172904312611
Malicious,Malicious,0.9968192763626575
Malicious,Malicious,0.9992172904312611
Malicious,Malicious,0.9992172904312611
Malicious,Malicious,0.9992172904312611
Malicious,Malicious,0.9992172904312611
Malicious,Malicious,0.9992172904312611
Malicious,Malicious,0.9992172904312611
Malicious,Malicious,0.9992172904312611
Malicious,Malicious,0.9992172904312611
Malicious,Malicious,0.9992174692451954
Malicious,Malicious,0.9992172904312611
Malicious,Malicious,0.9992172904312611
Malicious,Malicious,0.9992172904312611
Malicious,Malicious,0.9992172904312611
Malicious,Malicious,0.9992172904312611
Malicious,Malicious,0.9992172904312611
Malicious,Malicious,0.9992171116173267
Malicious,Malicious,0.9992174692451954
Malicious,Malicious,0.9980504401028156
Malicious,Malicious,0.9992171116173267
Malicious,Malicious,0.9992172904312611
Malicious,Benign,0.001083996845409274
Malicious,Malicious,0.9992172904312611
Malicious,Malicious,0.9992172904312611
Malicious,Malicious,0.9992172904312611
Malicious,Malicious,0.9992174692451954
Malicious,Benign,0.008473120135022327
Malicious,Malicious,0.9936106093227863
Malicious,Malicious,0.9992172904312611
Malicious,Malicious,0.9992172904312611
Malicious,Malicious,0.9992172904312611
Malicious,Malicious,0.9992172904312611
Malicious,Malicious,0.9992172904312611
Malicious,Malicious,0.9992172904312611
Malicious,Malicious,0.9992172904312611
Malicious,Malicious,0.9992172904312611
Malicious,Malicious,0.9992171116173267
Malicious,Malicious,0.996229525655508
Malicious,Malicious,0.9992172904312611
Malicious,Malicious,0.9992172904312611
Malicious,Malicious,0.9992172904312611
Malicious,Malicious,0.9992172904312611
Malicious,Malicious,0.9992172904312611
Malicious,Malicious,0.9992172904312611
Malicious,Malicious,0.9992172904312611
Malicious,Malicious,0.9992171116173267
Malicious,Malicious,0.9992172904312611
Malicious,Malicious,0.9992172904312611
Malicious,Malicious,0.9992172904312611
Malicious,Malicious,0.9992171116173267
Malicious,Malicious,0.9914565794169903
Malicious,Malicious,0.9992172904312611
Malicious,Malicious,0.9954196177423
Malicious,Malicious,0.9992172904312611
Malicious,Malicious,0.9992172904312611
Malicious,Malicious,0.9992172904312611
Malicious,Malicious,0.9992172904312611
Malicious,Malicious,0.9992172904312611
Malicious,Malicious,0.9992172904312611
Malicious,Malicious,0.9992172904312611
Malicious,Malicious,0.9992174692451954
Malicious,Malicious,0.9992172904312611
Malicious,Malicious,0.9992172904312611
Malicious,Malicious,0.9992172904312611
Malicious,Malicious,0.9992172904312611
Malicious,Malicious,0.9992172904312611
Malicious,Malicious,0.9992172904312611
Malicious,Malicious,0.9992172904312611
Malicious,Malicious,0.9992172904312611
Malicious,Malicious,0.9992172904312611
Malicious,Malicious,0.9992172904312611
Malicious,Malicious,0.9992172904312611
Malicious,Malicious,0.9992172904312611
Malicious,Malicious,0.9992172904312611
Malicious,Benign,0.024853609735146165
Malicious,Benign,0.009556668752338737
Malicious,Malicious,0.9992174692451954
Malicious,Benign,0.013288717469549738
Malicious,Malicious,0.9992172904312611
Malicious,Benign,0.08466853457503021
Malicious,Malicious,0.9992172904312611
Malicious,Malicious,0.9992174692451954
Malicious,Malicious,0.9992174692451954
Malicious,Malicious,0.9992172904312611
Malicious,Malicious,0.9353237636387348
Malicious,Malicious,0.9992172904312611
Malicious,Malicious,0.9992172904312611
Malicious,Malicious,0.9992172904312611
Malicious,Malicious,0.9992174692451954
Malicious,Malicious,0.9992171116173267
Malicious,Malicious,0.9992172904312611
Malicious,Malicious,0.9992172904312611
Malicious,Malicious,0.9992171116173267
Malicious,Malicious,0.9992172904312611
Malicious,Malicious,0.9992171116173267
Malicious,Malicious,0.9992172904312611
Malicious,Malicious,0.9979699738323689
Malicious,Malicious,0.9992172904312611
Malicious,Malicious,0.9992172904312611
Malicious,Malicious,0.9992172904312611
Malicious,Malicious,0.9992172904312611
Malicious,Malicious,0.9992174692451954
Malicious,Malicious,0.9992172904312611
Malicious,Malicious,0.9992172904312611
Malicious,Malicious,0.9992172904312611
Malicious,Malicious,0.9992172904312611
Malicious,Malicious,0.9992172904312611
Malicious,Malicious,0.9992172904312611
Malicious,Malicious,0.9992136545479298
Malicious,Malicious,0.9992172904312611
Malicious,Malicious,0.9992174692451954
Malicious,Malicious,0.9992172904312611
Malicious,Malicious,0.9992172904312611
Malicious,Malicious,0.9992172904312611
Malicious,Malicious,0.9992172904312611
Malicious,Malicious,0.9992172904312611
Malicious,Malicious,0.9992172904312611
Malicious,Malicious,0.9992172904312611
Malicious,Malicious,0.9992131777107716
Malicious,Benign,0.08140160422772169
Malicious,Malicious,0.9992172904312611
Malicious,Malicious,0.9992172904312611
Malicious,Malicious,0.9992172904312611
Malicious,Malicious,0.9992174692451954
Malicious,Malicious,0.9992172904312611
Malicious,Malicious,0.9991945810616016
Malicious,Malicious,0.9992172904312611
Malicious,Malicious,0.9992172904312611
Malicious,Malicious,0.9992172904312611
Malicious,Malicious,0.9992172904312611
Malicious,Malicious,0.9992172904312611
Malicious,Malicious,0.9992172904312611
Malicious,Malicious,0.9992172904312611
Malicious,Malicious,0.9992172904312611
Malicious,Malicious,0.9991820640861988
Malicious,Malicious,0.9992174692451954
Malicious,Malicious,0.9992172904312611
Malicious,Malicious,0.9992172904312611
Malicious,Malicious,0.9992172904312611
Malicious,Malicious,0.9992174692451954
Malicious,Malicious,0.9992172904312611
Malicious,Malicious,0.9992172904312611
Malicious,Malicious,0.9992172904312611
Malicious,Malicious,0.9992172904312611
Malicious,Malicious,0.9992171116173267
Malicious,Malicious,0.9992172904312611
Malicious,Malicious,0.9992172904312611
Malicious,Malicious,0.9992174692451954
Malicious,Malicious,0.9992172904312611
Malicious,Malicious,0.9992172904312611
Malicious,Malicious,0.9992172904312611
Malicious,Malicious,0.9992172904312611
Malicious,Malicious,0.9992172904312611
Malicious,Malicious,0.9992174692451954
Malicious,Malicious,0.9992172904312611
Malicious,Malicious,0.9992174692451954
Malicious,Malicious,0.99913664534688
Malicious,Malicious,0.9992171116173267
Malicious,Malicious,0.9992172904312611
Malicious,Malicious,0.9992171116173267
Malicious,Malicious,0.9992172904312611
Malicious,Malicious,0.9992172904312611
Malicious,Malicious,0.9992172904312611
Malicious,Malicious,0.9992174692451954
Malicious,Malicious,0.9991805739700794
Malicious,Malicious,0.9992172904312611
Malicious,Malicious,0.9992172904312611
Malicious,Malicious,0.9992174692451954
Malicious,Malicious,0.9992172904312611
Malicious,Malicious,0.999203521758318
Malicious,Malicious,0.9992172904312611
Malicious,Malicious,0.9992174692451954
Malicious,Malicious,0.9992172904312611
Malicious,Malicious,0.9992172904312611
Malicious,Malicious,0.9992172904312611
Malicious,Malicious,0.9992172904312611
Malicious,Malicious,0.9992172904312611
Malicious,Malicious,0.9992172308266163
Malicious,Malicious,0.9992171116173267
Malicious,Malicious,0.9992174692451954
Malicious,Malicious,0.9992172904312611
Malicious,Malicious,0.9991805739700794
Malicious,Malicious,0.9992172904312611
Malicious,Malicious,0.9992174692451954
Malicious,Malicious,0.9992174692451954
Malicious,Malicious,0.9992172904312611
Malicious,Malicious,0.9992172904312611
Malicious,Malicious,0.9964726530015469
Malicious,Malicious,0.9992172904312611
Malicious,Malicious,0.9992172904312611
Malicious,Malicious,0.9992172904312611
Malicious,Malicious,0.9992171116173267
Malicious,Malicious,0.9992172904312611
Malicious,Malicious,0.9992172904312611
Malicious,Malicious,0.9992172904312611
Malicious,Malicious,0.9992172904312611
Malicious,Malicious,0.9992172904312611
Malicious,Malicious,0.9992171116173267
Malicious,Malicious,0.9992174692451954
Malicious,Malicious,0.9992172904312611
Malicious,Malicious,0.9992156811058521
Malicious,Malicious,0.9992172904312611
Malicious,Malicious,0.9992174692451954
Malicious,Malicious,0.9992172904312611
Malicious,Malicious,0.9992172904312611
Malicious,Malicious,0.9992172904312611
Malicious,Benign,0.36948521155864
Malicious,Malicious,0.9992172904312611
Malicious,Malicious,0.9992172904312611
Malicious,Malicious,0.9992172904312611
Malicious,Malicious,0.9992172904312611
Malicious,Malicious,0.9992172904312611
Malicious,Malicious,0.9992172904312611
Malicious,Malicious,0.999189455062151
Malicious,Malicious,0.9992172308266163
Malicious,Malicious,0.9992172904312611
Malicious,Malicious,0.9992172904312611
Malicious,Malicious,0.9992172904312611
Malicious,Malicious,0.9992172904312611
Malicious,Malicious,0.9992172904312611
Malicious,Malicious,0.9992172904312611
Malicious,Malicious,0.9992172904312611
Malicious,Malicious,0.9992172904312611
Malicious,Malicious,0.9992172904312611
Malicious,Malicious,0.9992172904312611
Malicious,Malicious,0.9992172904312611
Malicious,Malicious,0.9992172904312611
Malicious,Malicious,0.9992171116173267
Malicious,Malicious,0.9992174692451954
Malicious,Malicious,0.9992172904312611
Malicious,Malicious,0.9992172904312611
Malicious,Malicious,0.9992172904312611
Malicious,Malicious,0.9992172904312611
Malicious,Malicious,0.9980139024555683
Malicious,Malicious,0.9992172904312611
Malicious,Malicious,0.9992174692451954
Malicious,Malicious,0.9992172904312611
Malicious,Malicious,0.9992172904312611
Malicious,Malicious,0.9992174692451954
Malicious,Malicious,0.9992172904312611
Malicious,Malicious,0.9992172904312611
Malicious,Malicious,0.9992174692451954
Malicious,Malicious,0.9989981837570667
Malicious,Malicious,0.9992156811058521
Malicious,Malicious,0.9992174692451954
Malicious,Malicious,0.9992172904312611
Malicious,Malicious,0.9992172904312611
Malicious,Malicious,0.9992172904312611
Malicious,Malicious,0.9992172904312611
Malicious,Malicious,0.9992172904312611
Malicious,Malicious,0.9992174692451954
Malicious,Malicious,0.9992174692451954
Malicious,Malicious,0.9992172904312611
Malicious,Malicious,0.9992171116173267
Malicious,Malicious,0.9992172904312611
Malicious,Malicious,0.9992172904312611
Malicious,Malicious,0.9992172904312611
Malicious,Malicious,0.9991803951561451
Malicious,Malicious,0.9992172904312611
Malicious,Malicious,0.9992172904312611
Malicious,Malicious,0.9992172904312611
Malicious,Malicious,0.9992172904312611
Malicious,Malicious,0.9992172904312611
Malicious,Malicious,0.9992172904312611
Malicious,Malicious,0.9992172904312611
Malicious,Malicious,0.9992172904312611
Malicious,Malicious,0.9992172904312611
Malicious,Malicious,0.9992172904312611
Malicious,Malicious,0.9992172904312611
Malicious,Malicious,0.9992172904312611
Malicious,Malicious,0.9992172904312611
Malicious,Malicious,0.9992172904312611
Malicious,Malicious,0.9992172904312611
Malicious,Malicious,0.9992172904312611
Malicious,Malicious,0.9992172904312611
Malicious,Malicious,0.9992172904312611
Malicious,Malicious,0.9992172904312611
Malicious,Malicious,0.9992172904312611
Malicious,Malicious,0.9992172904312611
Malicious,Malicious,0.9992172904312611
Malicious,Malicious,0.9992172904312611
Malicious,Malicious,0.9992172904312611
Malicious,Malicious,0.9992172904312611
Malicious,Malicious,0.9992078132927418
Malicious,Malicious,0.9992172904312611
Malicious,Malicious,0.9992172904312611
Malicious,Malicious,0.9992078132927418
Malicious,Malicious,0.9992174692451954
Malicious,Malicious,0.9992172904312611
Malicious,Malicious,0.9992172904312611
Malicious,Malicious,0.9992172904312611
Malicious,Malicious,0.9992172904312611
Malicious,Malicious,0.9992172904312611
Malicious,Malicious,0.9992172904312611
Malicious,Malicious,0.9992174692451954
Malicious,Malicious,0.919504776597023
Malicious,Malicious,0.9992078132927418
Malicious,Malicious,0.9992172904312611
Malicious,Malicious,0.9991945810616016
Malicious,Malicious,0.9992171116173267
Malicious,Malicious,0.9992156811058521
Malicious,Malicious,0.9992172904312611
Malicious,Malicious,0.9992172904312611
Malicious,Malicious,0.9992172904312611
Malicious,Malicious,0.9992172904312611
Malicious,Malicious,0.9992172904312611
Malicious,Malicious,0.9992172904312611
Malicious,Malicious,0.9992156811058521
Malicious,Malicious,0.9992172904312611
Malicious,Malicious,0.9992172904312611
Malicious,Malicious,0.9992172904312611
Malicious,Malicious,0.9992172904312611
Malicious,Malicious,0.9992172904312611
Malicious,Malicious,0.9992174692451954
Malicious,Malicious,0.9992172904312611
Malicious,Malicious,0.9992172904312611
Malicious,Malicious,0.9992171116173267
Malicious,Malicious,0.9980227835476398
Malicious,Malicious,0.9992172904312611
Malicious,Malicious,0.9992172904312611
Malicious,Malicious,0.9992172904312611
Malicious,Malicious,0.9992172904312611
Malicious,Malicious,0.9992172904312611
Malicious,Malicious,0.9992172904312611
Malicious,Malicious,0.9992172308266163
Malicious,Malicious,0.9992172904312611
Malicious,Malicious,0.9992172904312611
Malicious,Malicious,0.9992172904312611
Malicious,Malicious,0.9992172904312611
Malicious,Malicious,0.9992172904312611
Malicious,Malicious,0.9992172904312611
Malicious,Malicious,0.9992171116173267
Malicious,Malicious,0.9992172904312611
Malicious,Malicious,0.9992172904312611
Malicious,Malicious,0.9992156811058521
Malicious,Malicious,0.9992172904312611
Malicious,Malicious,0.9992172904312611
Malicious,Malicious,0.9992172904312611
Malicious,Malicious,0.9992172904312611
Malicious,Malicious,0.9992171116173267
Malicious,Malicious,0.9992172904312611
Malicious,Malicious,0.9992172904312611
Malicious,Malicious,0.9992172904312611
Malicious,Benign,0.04953935602679849
Malicious,Malicious,0.9992172904312611
Malicious,Malicious,0.9992172904312611
Malicious,Malicious,0.9992172904312611
Malicious,Malicious,0.9992172904312611
Malicious,Malicious,0.9992172904312611
Malicious,Malicious,0.9991820640861988
Malicious,Malicious,0.9992172904312611
Malicious,Malicious,0.9992172308266163
Malicious,Malicious,0.9992172904312611
Malicious,Malicious,0.9992172904312611
Malicious,Malicious,0.9992172904312611
Malicious,Malicious,0.9992172904312611
Malicious,Malicious,0.9992172904312611
Malicious,Malicious,0.9992174692451954
Malicious,Malicious,0.9992171116173267
Malicious,Malicious,0.9992172904312611
Malicious,Malicious,0.9992172904312611
Malicious,Malicious,0.9979689605534077
Malicious,Malicious,0.9992172904312611
Malicious,Malicious,0.9992180056869984
Malicious,Malicious,0.9992136545479298
Malicious,Malicious,0.9992172904312611
Malicious,Malicious,0.9992172904312611
Malicious,Malicious,0.9992172904312611
Malicious,Malicious,0.9992172904312611
Malicious,Malicious,0.9992172904312611
Malicious,Malicious,0.9992172904312611
Malicious,Benign,0.05336590064689517
Malicious,Malicious,0.9992174692451954
Malicious,Malicious,0.9992172904312611
Malicious,Malicious,0.9991803951561451
Malicious,Malicious,0.9992172904312611
Malicious,Malicious,0.9992172904312611
Malicious,Malicious,0.9992172904312611
Malicious,Malicious,0.9992172904312611
Malicious,Malicious,0.9992172904312611
Malicious,Malicious,0.9992172904312611
Malicious,Malicious,0.9992172904312611
Malicious,Malicious,0.9992172904312611
Malicious,Malicious,0.9992171116173267
Malicious,Malicious,0.9992171116173267
Malicious,Malicious,0.9992174692451954
Malicious,Malicious,0.9992174692451954
Malicious,Malicious,0.9992171116173267
Malicious,Malicious,0.9992172904312611
Malicious,Malicious,0.9992172904312611
Malicious,Malicious,0.9992172904312611
Malicious,Malicious,0.9992172904312611
Malicious,Malicious,0.999209601432085
Malicious,Malicious,0.9992174692451954
Malicious,Malicious,0.9992172904312611
Malicious,Malicious,0.9992172904312611
Malicious,Malicious,0.9992172904312611
Malicious,Malicious,0.9992172904312611
Malicious,Malicious,0.9992172904312611
Malicious,Malicious,0.9992156811058521
Malicious,Malicious,0.9992172904312611
Malicious,Malicious,0.9992172904312611
Malicious,Malicious,0.9992172904312611
Malicious,Malicious,0.9992172904312611
Malicious,Malicious,0.9992172904312611
Malicious,Malicious,0.9992156811058521
Malicious,Malicious,0.9992172904312611
Malicious,Malicious,0.9992076344788074
Malicious,Malicious,0.9992156811058521
Malicious,Malicious,0.9992172904312611
Malicious,Malicious,0.9992172904312611
Malicious,Malicious,0.9992156811058521
Malicious,Malicious,0.9992172904312611
Malicious,Malicious,0.9992172904312611
Malicious,Malicious,0.9965264163911343
Malicious,Malicious,0.9992172904312611
Malicious,Malicious,0.9992172904312611
Malicious,Malicious,0.9992172904312611
Malicious,Malicious,0.9992172904312611
Malicious,Malicious,0.7363494299352169
Malicious,Malicious,0.9992172904312611
Malicious,Malicious,0.9992172904312611
Malicious,Malicious,0.9992172904312611
Malicious,Malicious,0.9991945810616016
Malicious,Malicious,0.9992174692451954
Malicious,Malicious,0.9992172904312611
Malicious,Malicious,0.9992172904312611
Malicious,Malicious,0.9992172904312611
Malicious,Malicious,0.9992172904312611
Malicious,Malicious,0.9992172904312611
Malicious,Malicious,0.9992172904312611
Malicious,Malicious,0.9992172904312611
Malicious,Malicious,0.9992172904312611
Malicious,Malicious,0.9992172904312611
Malicious,Malicious,0.9992172904312611
Malicious,Malicious,0.9992172904312611
Malicious,Benign,0.06821456644684076
Malicious,Malicious,0.9992172904312611
Malicious,Malicious,0.9992172904312611
Malicious,Malicious,0.9992172904312611
Malicious,Malicious,0.9992172904312611
Malicious,Malicious,0.9992172904312611
Malicious,Malicious,0.9992174692451954
Malicious,Malicious,0.9992172904312611
Malicious,Malicious,0.9992172904312611
Malicious,Malicious,0.9992172904312611
Malicious,Malicious,0.9992172904312611
Malicious,Malicious,0.9992156811058521
Malicious,Malicious,0.9992172904312611
Malicious,Malicious,0.9992172904312611
Malicious,Malicious,0.9992171116173267
Malicious,Malicious,0.9992172904312611
Malicious,Malicious,0.9992172904312611
Malicious,Malicious,0.9992172904312611
Malicious,Malicious,0.9992172904312611
Malicious,Malicious,0.9992172904312611
Malicious,Malicious,0.9992172904312611
Malicious,Malicious,0.9992172904312611
Malicious,Malicious,0.9992172904312611
Malicious,Malicious,0.9992172904312611
Malicious,Malicious,0.9992172904312611
Malicious,Malicious,0.9992172904312611
Malicious,Malicious,0.9992172904312611
Malicious,Malicious,0.9992172904312611
Malicious,Malicious,0.9992172904312611
Malicious,Benign,0.001332371961325407
Malicious,Malicious,0.9992156811058521
Malicious,Malicious,0.9992172904312611
Malicious,Malicious,0.9992172904312611
Malicious,Malicious,0.9992172904312611
Malicious,Malicious,0.9992172904312611
Malicious,Malicious,0.9992172904312611
Malicious,Malicious,0.9992172904312611
Malicious,Malicious,0.9991803951561451
Malicious,Malicious,0.9992171116173267
Malicious,Malicious,0.9992076344788074
Malicious,Malicious,0.9992172904312611
Malicious,Malicious,0.9992172904312611
Malicious,Malicious,0.9992172904312611
Malicious,Malicious,0.9992172904312611
Malicious,Malicious,0.9992181845009327
Malicious,Malicious,0.9992172904312611
Malicious,Malicious,0.9992172904312611
Malicious,Malicious,0.9992172904312611
Malicious,Malicious,0.9992172904312611
Malicious,Malicious,0.9992172904312611
Malicious,Malicious,0.9992172904312611
Malicious,Malicious,0.9992172904312611
Malicious,Malicious,0.9992172904312611
Malicious,Malicious,0.9992171116173267
Malicious,Malicious,0.9992172904312611
Malicious,Malicious,0.9992172904312611
Malicious,Malicious,0.9992172904312611
Malicious,Malicious,0.9992172904312611
Malicious,Malicious,0.9992172904312611
Malicious,Malicious,0.9992172904312611
Malicious,Malicious,0.9992172904312611
Malicious,Malicious,0.9496537111699581
Malicious,Malicious,0.9992172904312611
Malicious,Malicious,0.9992172904312611
Malicious,Malicious,0.9992172904312611
Malicious,Malicious,0.9992172904312611
Malicious,Malicious,0.9992171116173267
Malicious,Malicious,0.9992172904312611
Malicious,Malicious,0.9992156811058521
Malicious,Malicious,0.9992172904312611
Malicious,Malicious,0.9928904362022877
Malicious,Malicious,0.9992172904312611
Malicious,Malicious,0.9992172904312611
Malicious,Malicious,0.9992172904312611
Malicious,Malicious,0.9992172904312611
Malicious,Malicious,0.9992172904312611
Malicious,Malicious,0.9992172904312611
Malicious,Malicious,0.9992174692451954
Malicious,Malicious,0.9992156811058521
Malicious,Malicious,0.9991392083466053
Malicious,Malicious,0.9991805739700794
Malicious,Malicious,0.9992172904312611
Malicious,Malicious,0.9992172904312611
Malicious,Malicious,0.9992172904312611
Malicious,Malicious,0.9904416613280773
Malicious,Malicious,0.9992174692451954
Malicious,Malicious,0.9992172904312611
Malicious,Malicious,0.9992172904312611
Malicious,Malicious,0.9992172904312611
Malicious,Malicious,0.9992172904312611
Malicious,Malicious,0.9992172904312611
Malicious,Malicious,0.9992172904312611
Malicious,Malicious,0.9750220216810703
Malicious,Malicious,0.9992172904312611
Malicious,Malicious,0.9991417713463306
Malicious,Malicious,0.9992172904312611
Malicious,Malicious,0.9992156811058521
Malicious,Malicious,0.9992172904312611
Malicious,Malicious,0.9992172904312611
Malicious,Malicious,0.9992172904312611
Malicious,Malicious,0.9991803951561451
Malicious,Malicious,0.9992172904312611
Malicious,Malicious,0.9992171116173267
Malicious,Malicious,0.9992172904312611
Malicious,Malicious,0.9992172904312611
Malicious,Malicious,0.9992172904312611
Malicious,Malicious,0.9992180056869984
Malicious,Malicious,0.9992172904312611
Malicious,Malicious,0.9992172904312611
Malicious,Malicious,0.9992174692451954
Malicious,Malicious,0.9992172904312611
Malicious,Malicious,0.9992172904312611
Malicious,Malicious,0.9992172904312611
Malicious,Malicious,0.9992174692451954
Malicious,Malicious,0.9992172904312611
Malicious,Malicious,0.9992172904312611
Malicious,Malicious,0.9992172904312611
Malicious,Malicious,0.9992172904312611
Malicious,Malicious,0.9992172904312611
Malicious,Malicious,0.9992172904312611
Malicious,Malicious,0.9979434497654438
Malicious,Benign,0.0193573748547351
Malicious,Malicious,0.9992172904312611
Malicious,Malicious,0.9992172904312611
Malicious,Malicious,0.9992172904312611
Malicious,Malicious,0.9992156811058521
Malicious,Malicious,0.9992172904312611
Malicious,Malicious,0.9992172904312611
Malicious,Malicious,0.9992172904312611
Malicious,Malicious,0.9992171116173267
Malicious,Malicious,0.9992171116173267
Malicious,Malicious,0.9992172904312611
Malicious,Malicious,0.9992172904312611
Malicious,Malicious,0.9992172904312611
Malicious,Malicious,0.9992172904312611
Malicious,Malicious,0.9992172904312611
Malicious,Malicious,0.9992172308266163
Malicious,Malicious,0.9992172904312611
Malicious,Malicious,0.9992172904312611
Malicious,Malicious,0.9992172904312611
Malicious,Malicious,0.9992156811058521
Malicious,Malicious,0.9992174692451954
Malicious,Malicious,0.9938020817935467
Malicious,Malicious,0.9992174692451954
Malicious,Malicious,0.9992172904312611
Malicious,Malicious,0.9992172904312611
Malicious,Malicious,0.9992172904312611
Malicious,Malicious,0.9992172904312611
Malicious,Malicious,0.9992172904312611
Malicious,Malicious,0.9992172904312611
Malicious,Malicious,0.9992172904312611
Malicious,Malicious,0.9992172904312611
Malicious,Malicious,0.9992172904312611
Malicious,Malicious,0.9992172904312611
Malicious,Malicious,0.9992172904312611
Malicious,Malicious,0.9992172904312611
Malicious,Malicious,0.9992156811058521
Malicious,Malicious,0.9992156811058521
Malicious,Malicious,0.9992172904312611
Malicious,Malicious,0.9992172904312611
Malicious,Malicious,0.9968472309410572
Malicious,Malicious,0.9991945810616016
Malicious,Malicious,0.9992171116173267
Malicious,Malicious,0.9992172904312611
Malicious,Malicious,0.9992172904312611
Malicious,Malicious,0.9992172904312611
Malicious,Malicious,0.9992172904312611
Malicious,Malicious,0.9992076344788074
Malicious,Malicious,0.9992172904312611
Malicious,Malicious,0.9992172904312611
Malicious,Malicious,0.9992172904312611
Malicious,Malicious,0.9992172904312611
Malicious,Malicious,0.9992172904312611
Malicious,Malicious,0.9992174692451954
Malicious,Malicious,0.9992172904312611
Malicious,Malicious,0.9992174692451954
Malicious,Malicious,0.9992172904312611
Malicious,Malicious,0.9992172904312611
Malicious,Malicious,0.9992174692451954
Malicious,Malicious,0.9992172904312611
Malicious,Malicious,0.9992172904312611
Malicious,Malicious,0.9992172904312611
Malicious,Malicious,0.9992172904312611
Malicious,Malicious,0.9992172904312611
Malicious,Malicious,0.9992172904312611
Malicious,Malicious,0.9992174692451954
Malicious,Malicious,0.9992172904312611
Malicious,Malicious,0.9992172904312611
Malicious,Malicious,0.9992172904312611
Malicious,Malicious,0.9992172904312611
Malicious,Malicious,0.9992172904312611
Malicious,Malicious,0.9992172904312611
Malicious,Malicious,0.9992172904312611
Malicious,Malicious,0.9992172904312611
Malicious,Malicious,0.9992172904312611
Malicious,Malicious,0.9992172904312611
Malicious,Malicious,0.9992172904312611
Malicious,Malicious,0.8928063437342644
Malicious,Malicious,0.9992156811058521
Malicious,Malicious,0.9874922409653664
Malicious,Malicious,0.9991820640861988
Malicious,Malicious,0.9992172904312611
Malicious,Malicious,0.9992172904312611
Malicious,Malicious,0.9992172904312611
Malicious,Malicious,0.9992172904312611
Malicious,Malicious,0.9992172904312611
Malicious,Malicious,0.9992172904312611
Malicious,Malicious,0.9992172904312611
Malicious,Malicious,0.9544272162020206
Malicious,Malicious,0.9992172904312611
Malicious,Malicious,0.9992174692451954
Malicious,Malicious,0.9992172904312611
Malicious,Malicious,0.9992172904312611
Malicious,Malicious,0.9992172904312611
Malicious,Malicious,0.9992172904312611
Malicious,Malicious,0.9992172904312611
Malicious,Malicious,0.9992172904312611
Malicious,Malicious,0.9992172904312611
Malicious,Malicious,0.9992172904312611
Malicious,Malicious,0.9992172904312611
Malicious,Malicious,0.9992172904312611
Malicious,Malicious,0.9992174692451954
Malicious,Malicious,0.9992172904312611
Malicious,Malicious,0.9992172904312611
Malicious,Malicious,0.9992171116173267
Malicious,Malicious,0.9992172904312611
Malicious,Malicious,0.9992172904312611
Malicious,Malicious,0.9992172904312611
Malicious,Malicious,0.9992172904312611
Malicious,Malicious,0.9992172904312611
Malicious,Malicious,0.9992172904312611
Malicious,Malicious,0.9992172904312611
Malicious,Malicious,0.9992172904312611
Malicious,Malicious,0.9992172904312611
Malicious,Malicious,0.9992172904312611
Malicious,Malicious,0.9992172904312611
Malicious,Malicious,0.9992172904312611
Malicious,Malicious,0.9992172904312611
Malicious,Malicious,0.9992172904312611
Malicious,Malicious,0.9992172904312611
Malicious,Malicious,0.9992172904312611
Malicious,Malicious,0.9992174692451954
Malicious,Malicious,0.9992172904312611
Malicious,Malicious,0.9992172904312611
Malicious,Malicious,0.9991803951561451
Malicious,Malicious,0.9992172904312611
Malicious,Malicious,0.9992172904312611
Malicious,Malicious,0.9992172904312611
Malicious,Malicious,0.9957069344818592
Malicious,Malicious,0.9992172904312611
Malicious,Malicious,0.9992172904312611
Malicious,Malicious,0.9992174692451954
Malicious,Malicious,0.9992076344788074
Malicious,Malicious,0.9992174692451954
Malicious,Malicious,0.9992171116173267
Malicious,Malicious,0.9992172904312611
Malicious,Malicious,0.9992172904312611
Malicious,Malicious,0.9992171116173267
Malicious,Malicious,0.9992172904312611
Malicious,Benign,0.35574182495474815
Malicious,Malicious,0.9992172904312611
Malicious,Malicious,0.9992172904312611
Malicious,Malicious,0.9992172904312611
Malicious,Malicious,0.9992174692451954
Malicious,Malicious,0.9991566725075245
Malicious,Malicious,0.9992172904312611
Malicious,Malicious,0.9992174692451954
Malicious,Malicious,0.9992171116173267
Malicious,Malicious,0.9992172904312611
Malicious,Malicious,0.9992172904312611
Malicious,Malicious,0.9992172904312611
Malicious,Malicious,0.9992172904312611
Malicious,Malicious,0.9992171116173267
Malicious,Malicious,0.9992174692451954
Malicious,Malicious,0.9992172904312611
Malicious,Malicious,0.9992172904312611
Malicious,Malicious,0.9991803951561451
Malicious,Malicious,0.9992171116173267
Malicious,Malicious,0.9992172904312611
Malicious,Malicious,0.9992172904312611
Malicious,Malicious,0.9992172904312611
Malicious,Malicious,0.9992174692451954
Malicious,Malicious,0.9992171116173267
Malicious,Malicious,0.9992180056869984
Malicious,Malicious,0.9992172904312611
Malicious,Malicious,0.9992172904312611
Malicious,Malicious,0.9992174692451954
Malicious,Malicious,0.9992172904312611
Malicious,Malicious,0.9992171116173267
Malicious,Malicious,0.9991566725075245
Malicious,Malicious,0.9992172904312611
Malicious,Malicious,0.9992172904312611
Malicious,Malicious,0.9992172904312611
Malicious,Malicious,0.9992172904312611
Malicious,Malicious,0.9992172904312611
Malicious,Malicious,0.9992172904312611
Malicious,Malicious,0.9992171116173267
Malicious,Malicious,0.9992172904312611
Malicious,Malicious,0.9992172904312611
Malicious,Malicious,0.9992172904312611
Malicious,Malicious,0.9992172904312611
Malicious,Malicious,0.9992172904312611
Malicious,Malicious,0.9992172904312611
Malicious,Malicious,0.9992172904312611
Malicious,Malicious,0.9992172904312611
Malicious,Malicious,0.9991945810616016
Malicious,Malicious,0.9992174692451954
Malicious,Malicious,0.9992076344788074
Malicious,Malicious,0.9992172904312611
Malicious,Malicious,0.9992171116173267
Malicious,Malicious,0.9992172904312611
Malicious,Malicious,0.9992172308266163
Malicious,Malicious,0.9992172904312611
Malicious,Malicious,0.9992172904312611
Malicious,Malicious,0.9992172904312611
Malicious,Malicious,0.9992172904312611
Malicious,Malicious,0.9992172904312611
Malicious,Malicious,0.9992172904312611
Malicious,Malicious,0.9992172904312611
Malicious,Malicious,0.9992172904312611
Malicious,Malicious,0.9992172904312611
Malicious,Malicious,0.9992172904312611
Malicious,Malicious,0.9992172904312611
Malicious,Malicious,0.9992172904312611
Malicious,Malicious,0.9992174692451954
Malicious,Malicious,0.9992172904312611
Malicious,Malicious,0.9992172904312611
Malicious,Malicious,0.9992172904312611
Malicious,Malicious,0.9992172904312611
Malicious,Malicious,0.9992156811058521
Malicious,Malicious,0.9992172904312611
Malicious,Malicious,0.9992172904312611
Malicious,Malicious,0.9992156811058521
Malicious,Malicious,0.9992172904312611
Malicious,Malicious,0.9992172904312611
Malicious,Malicious,0.9992172904312611
Malicious,Malicious,0.9992172904312611
Malicious,Malicious,0.9992172904312611
Malicious,Malicious,0.9992174692451954
Malicious,Malicious,0.9992174692451954
Malicious,Malicious,0.9992172904312611
Malicious,Malicious,0.9992172904312611
Malicious,Malicious,0.9992172904312611
Malicious,Malicious,0.9992172904312611
Malicious,Malicious,0.9992172904312611
Malicious,Malicious,0.9992172904312611
Malicious,Malicious,0.9992172904312611
Malicious,Malicious,0.9992174692451954
Malicious,Malicious,0.9991829581558704
Malicious,Malicious,0.9991823025047779
Malicious,Malicious,0.9992172904312611
Malicious,Malicious,0.9991821832954884
Malicious,Malicious,0.9992172904312611
Malicious,Malicious,0.9992172904312611
Malicious,Malicious,0.9992174692451954
Malicious,Malicious,0.9992174692451954
Malicious,Malicious,0.9992172904312611
Malicious,Malicious,0.9992174692451954
Malicious,Malicious,0.9992174692451954
Malicious,Malicious,0.9992172904312611
Malicious,Malicious,0.8655892722308636
Malicious,Malicious,0.9992172904312611
Malicious,Malicious,0.9992172904312611
Malicious,Malicious,0.9992172904312611
Malicious,Malicious,0.9992172904312611
Malicious,Malicious,0.9992172904312611
Malicious,Malicious,0.9992174692451954
Malicious,Malicious,0.9992172904312611
Malicious,Malicious,0.9992172904312611
Malicious,Malicious,0.9992171116173267
Malicious,Malicious,0.9991803951561451
Malicious,Malicious,0.9992172904312611
Malicious,Malicious,0.9992172904312611
Malicious,Malicious,0.9992172904312611
Malicious,Malicious,0.9992172904312611
Malicious,Malicious,0.9992172904312611
Malicious,Malicious,0.9992172904312611
Malicious,Malicious,0.9992174692451954
Malicious,Malicious,0.9992156811058521
Malicious,Malicious,0.9992172904312611
Malicious,Malicious,0.9992172904312611
Malicious,Malicious,0.9992172904312611
Malicious,Malicious,0.9989728406071663
Malicious,Malicious,0.9992171116173267
Malicious,Malicious,0.9992172904312611
Malicious,Malicious,0.9992172904312611
Malicious,Malicious,0.9992172904312611
Malicious,Malicious,0.9992171116173267
Malicious,Malicious,0.9992174692451954
Malicious,Malicious,0.9992172904312611
Malicious,Malicious,0.9992172904312611
Malicious,Malicious,0.9992172904312611
Malicious,Malicious,0.9992172904312611
Malicious,Malicious,0.9992172904312611
Malicious,Malicious,0.9992172904312611
Malicious,Malicious,0.9992172904312611
Malicious,Malicious,0.9991758652031422
Malicious,Malicious,0.9992172904312611
Malicious,Malicious,0.9992172904312611
Malicious,Malicious,0.9992172904312611
Malicious,Malicious,0.9992172904312611
Malicious,Malicious,0.9992172904312611
Malicious,Malicious,0.9992172904312611
Malicious,Malicious,0.9992172904312611
Malicious,Malicious,0.9992172904312611
Malicious,Malicious,0.9992172904312611
Malicious,Malicious,0.9992174692451954
Malicious,Malicious,0.9992172904312611
Malicious,Malicious,0.9992172904312611
Malicious,Malicious,0.9992174692451954
Malicious,Malicious,0.9992172904312611
Malicious,Malicious,0.9991945810616016
Malicious,Malicious,0.9992172904312611
Malicious,Malicious,0.9992171116173267
Malicious,Malicious,0.9992171116173267
Malicious,Malicious,0.9992172904312611
Malicious,Malicious,0.9992172904312611
Malicious,Malicious,0.9992172904312611
Malicious,Malicious,0.9992172904312611
Malicious,Malicious,0.9992172904312611
Malicious,Malicious,0.9992172904312611
Malicious,Malicious,0.9992172904312611
Malicious,Malicious,0.9992172904312611
Malicious,Malicious,0.9992174692451954
Malicious,Malicious,0.9992172904312611
Malicious,Malicious,0.9992172904312611
Malicious,Malicious,0.9992171116173267
Malicious,Malicious,0.9992172904312611
Malicious,Malicious,0.9992171116173267
Malicious,Malicious,0.9992172904312611
Malicious,Malicious,0.9992172904312611
Malicious,Malicious,0.9992172904312611
Malicious,Malicious,0.9992174692451954
Malicious,Malicious,0.9992172904312611
Malicious,Malicious,0.9992172904312611
Malicious,Malicious,0.9992172904312611
Malicious,Benign,0.14128155633807182
Malicious,Malicious,0.9992172904312611
Malicious,Malicious,0.9992172904312611
Malicious,Malicious,0.9992172904312611
Malicious,Malicious,0.9992172904312611
Malicious,Malicious,0.9856299869716167
Malicious,Malicious,0.9992172904312611
Malicious,Malicious,0.9992172904312611
Malicious,Malicious,0.9992172904312611
Malicious,Malicious,0.9992172904312611
Malicious,Malicious,0.9992172904312611
Malicious,Malicious,0.9992172904312611
Malicious,Malicious,0.9992172904312611
Malicious,Malicious,0.9992172904312611
Malicious,Malicious,0.9992172904312611
Malicious,Malicious,0.9992172904312611
Malicious,Malicious,0.9992172904312611
Malicious,Malicious,0.9992172904312611
Malicious,Malicious,0.9992174692451954
Malicious,Malicious,0.9992172904312611
Malicious,Malicious,0.9992172904312611
Malicious,Malicious,0.9992171116173267
Malicious,Benign,0.12763637444004416
Malicious,Malicious,0.9992172904312611
Malicious,Malicious,0.9992172904312611
Malicious,Malicious,0.9992172904312611
Malicious,Malicious,0.9992172904312611
Malicious,Malicious,0.9992172904312611
Malicious,Malicious,0.9992172904312611
Malicious,Malicious,0.9992172904312611
Malicious,Malicious,0.9992172904312611
Malicious,Malicious,0.9992172904312611
Malicious,Malicious,0.9992172904312611
Malicious,Malicious,0.9992172904312611
Malicious,Malicious,0.9992172904312611
Malicious,Malicious,0.9992174692451954
Malicious,Malicious,0.9992171116173267
Malicious,Malicious,0.9992174692451954
Malicious,Malicious,0.9992172904312611
Malicious,Malicious,0.9992171116173267
Malicious,Malicious,0.9992172904312611
Malicious,Malicious,0.9992172904312611
Malicious,Malicious,0.9992172904312611
Malicious,Malicious,0.9992172904312611
Malicious,Malicious,0.9992171116173267
Malicious,Malicious,0.9992172904312611
Malicious,Malicious,0.9992172904312611
Malicious,Malicious,0.9844119437038898
Malicious,Malicious,0.9990074820816517
Malicious,Malicious,0.9992172904312611
Malicious,Malicious,0.9992172904312611
Malicious,Malicious,0.9992172904312611
Malicious,Malicious,0.9992172904312611
Malicious,Malicious,0.9992156811058521
Malicious,Malicious,0.9992172904312611
Malicious,Malicious,0.9992172904312611
Malicious,Malicious,0.9931027963757515
Malicious,Malicious,0.9992172904312611
Malicious,Malicious,0.9992174692451954
Malicious,Malicious,0.9992131777107716
Malicious,Malicious,0.9992174692451954
Malicious,Malicious,0.9992172904312611
Malicious,Benign,0.015697678900323808
Malicious,Malicious,0.9992172904312611
Malicious,Malicious,0.9992174692451954
Malicious,Malicious,0.9992172904312611
Malicious,Malicious,0.9992172904312611
Malicious,Malicious,0.9992172904312611
Malicious,Malicious,0.9992172904312611
Malicious,Malicious,0.9992172904312611
Malicious,Malicious,0.9992172904312611
Malicious,Malicious,0.9992172904312611
Malicious,Malicious,0.9992172904312611
Malicious,Malicious,0.9992172904312611
Malicious,Malicious,0.9992172904312611
Malicious,Malicious,0.9992172904312611
Malicious,Malicious,0.9992171116173267
Malicious,Malicious,0.9992172904312611
Malicious,Malicious,0.9992171116173267
Malicious,Malicious,0.9991945810616016
Malicious,Malicious,0.9992171116173267
Malicious,Malicious,0.9992174692451954
Malicious,Malicious,0.9992172904312611
Malicious,Malicious,0.9992172904312611
Malicious,Malicious,0.9992172904312611
Malicious,Malicious,0.9992171116173267
Malicious,Malicious,0.9992172904312611
Malicious,Malicious,0.9992172904312611
Malicious,Malicious,0.9992172904312611
Malicious,Malicious,0.9992172904312611
Malicious,Malicious,0.8819604720920324
Malicious,Malicious,0.9992172904312611
Malicious,Malicious,0.9992172904312611
Malicious,Malicious,0.998854286968708
Malicious,Malicious,0.9992172904312611
Malicious,Malicious,0.9992172904312611
Malicious,Malicious,0.9992172904312611
Malicious,Malicious,0.9991945810616016
Malicious,Malicious,0.9992172904312611
Malicious,Malicious,0.9992172904312611
Malicious,Malicious,0.9992172904312611
Malicious,Malicious,0.9992172904312611
Malicious,Malicious,0.9992172904312611
Malicious,Malicious,0.9992172904312611
Malicious,Malicious,0.9992172904312611
Malicious,Malicious,0.9992172904312611
Malicious,Malicious,0.9992172904312611
Malicious,Malicious,0.9992172904312611
Malicious,Malicious,0.9992172904312611
Malicious,Malicious,0.9992172904312611
Malicious,Malicious,0.9992172904312611
Malicious,Malicious,0.9992174692451954
Malicious,Malicious,0.9992172904312611
Malicious,Malicious,0.9992172904312611
Malicious,Malicious,0.9992172904312611
Malicious,Malicious,0.9991910643875599
Malicious,Malicious,0.9992172904312611
Malicious,Malicious,0.9992172904312611
Malicious,Malicious,0.9992172904312611
Malicious,Malicious,0.9992172904312611
Malicious,Malicious,0.9992172904312611
Malicious,Malicious,0.9992172904312611
Malicious,Malicious,0.9307857938110828
Malicious,Malicious,0.9992172904312611
Malicious,Malicious,0.9992172904312611
Malicious,Malicious,0.9992172904312611
Malicious,Malicious,0.9992172904312611
Malicious,Malicious,0.9992172904312611
Malicious,Malicious,0.9992171116173267
Malicious,Malicious,0.9992174692451954
Malicious,Benign,0.007984827723703347
Malicious,Malicious,0.9992172904312611
Malicious,Malicious,0.9992172904312611
Malicious,Malicious,0.9992172904312611
Malicious,Malicious,0.9992172904312611
Malicious,Malicious,0.9992174692451954
Malicious,Malicious,0.9992172904312611
Malicious,Malicious,0.9992172904312611
Malicious,Malicious,0.9992172904312611
Malicious,Malicious,0.9992172904312611
Malicious,Malicious,0.9992174692451954
Malicious,Malicious,0.9992172904312611
Malicious,Malicious,0.9991803951561451
Malicious,Malicious,0.9992172904312611
Malicious,Malicious,0.9992172904312611
Malicious,Malicious,0.9992172904312611
Malicious,Malicious,0.9992171116173267
Malicious,Malicious,0.9992172904312611
Malicious,Malicious,0.9992171116173267
Malicious,Malicious,0.9992171116173267
Malicious,Malicious,0.9992174692451954
Malicious,Malicious,0.9992076344788074
Malicious,Malicious,0.9992172904312611
Malicious,Malicious,0.9992172904312611
Malicious,Malicious,0.9992174692451954
Malicious,Malicious,0.9992172904312611
Malicious,Malicious,0.9980088360607624
Malicious,Malicious,0.9992171116173267
Malicious,Malicious,0.9992172904312611
Malicious,Malicious,0.9992172904312611
Malicious,Malicious,0.9992172904312611
Malicious,Malicious,0.9992172904312611
Malicious,Malicious,0.9991945810616016
Malicious,Malicious,0.9992171116173267
Malicious,Malicious,0.9992171116173267
Malicious,Malicious,0.9992171116173267
Malicious,Malicious,0.9992172904312611
Malicious,Malicious,0.9992174692451954
Malicious,Malicious,0.9992172904312611
Malicious,Malicious,0.9992172904312611
Malicious,Malicious,0.9992172904312611
Malicious,Malicious,0.9992172904312611
Malicious,Malicious,0.9992172904312611
Malicious,Malicious,0.9992180056869984
Malicious,Malicious,0.9992172904312611
Malicious,Malicious,0.9992172904312611
Malicious,Malicious,0.9992174692451954
Malicious,Malicious,0.9992174692451954
Malicious,Malicious,0.9992172904312611
Malicious,Malicious,0.9992172904312611
Malicious,Malicious,0.9992172904312611
Malicious,Malicious,0.9992172904312611
Malicious,Malicious,0.9992172904312611
Malicious,Malicious,0.9992172904312611
Malicious,Malicious,0.9992172904312611
Malicious,Malicious,0.9992172904312611
Malicious,Malicious,0.9992172904312611
Malicious,Malicious,0.9992172904312611
Malicious,Malicious,0.9992172904312611
Malicious,Malicious,0.9992172904312611
Malicious,Malicious,0.9992174692451954
Malicious,Malicious,0.9992172904312611
Malicious,Malicious,0.9992174692451954
Malicious,Malicious,0.9992172904312611
Malicious,Malicious,0.9992172904312611
Malicious,Malicious,0.9992171116173267
Malicious,Malicious,0.9992171116173267
Malicious,Malicious,0.9992172904312611
Malicious,Malicious,0.9992174692451954
Malicious,Malicious,0.9992172904312611
Malicious,Malicious,0.9992172904312611
Malicious,Malicious,0.9992171116173267
Malicious,Malicious,0.9992174692451954
Malicious,Malicious,0.9992172904312611
Malicious,Malicious,0.9992172904312611
Malicious,Malicious,0.9992172904312611
Malicious,Malicious,0.9991945810616016
Malicious,Malicious,0.9992172904312611
Malicious,Malicious,0.9992172904312611
Malicious,Malicious,0.9992172904312611
Malicious,Malicious,0.9992172904312611
Malicious,Malicious,0.9992172904312611
Malicious,Malicious,0.9992172904312611
Malicious,Malicious,0.9992174692451954
Malicious,Malicious,0.9992172308266163
Malicious,Malicious,0.9992174692451954
Malicious,Malicious,0.9992172904312611
Malicious,Malicious,0.9992172904312611
Malicious,Malicious,0.9992172904312611
Malicious,Benign,0.0685843676328659
Malicious,Malicious,0.9992172904312611
Malicious,Malicious,0.9992172904312611
Malicious,Malicious,0.9399163573980331
Malicious,Malicious,0.9992172904312611
Malicious,Malicious,0.9992174692451954
Malicious,Malicious,0.9992172904312611
Malicious,Malicious,0.9992172904312611
Malicious,Malicious,0.9992172904312611
Malicious,Malicious,0.9992156811058521
Malicious,Malicious,0.9992174692451954
Malicious,Malicious,0.9992172904312611
Malicious,Malicious,0.9992172904312611
Malicious,Malicious,0.9992172904312611
Malicious,Malicious,0.9992172904312611
Malicious,Malicious,0.9992156811058521
Malicious,Malicious,0.9992174692451954
Malicious,Malicious,0.9992172904312611
Malicious,Malicious,0.9992174692451954
Malicious,Malicious,0.9992172904312611
Malicious,Malicious,0.9992172904312611
Malicious,Malicious,0.9992171116173267
Malicious,Malicious,0.9992172904312611
Malicious,Malicious,0.9992172904312611
Malicious,Malicious,0.9992172904312611
Malicious,Malicious,0.9992172904312611
Malicious,Malicious,0.9992172904312611
Malicious,Malicious,0.9992174692451954
Malicious,Malicious,0.9992172904312611
Malicious,Malicious,0.9992172904312611
Malicious,Malicious,0.9992172904312611
Malicious,Malicious,0.9992172904312611
Malicious,Malicious,0.9992172904312611
Malicious,Malicious,0.9992172904312611
Malicious,Malicious,0.9992172904312611
Malicious,Malicious,0.9992172904312611
Malicious,Malicious,0.9992174692451954
Malicious,Malicious,0.9992172904312611
Malicious,Malicious,0.9992171116173267
Malicious,Malicious,0.9992172904312611
Malicious,Malicious,0.9992172904312611
Malicious,Malicious,0.9992172904312611
Malicious,Malicious,0.9992172904312611
Malicious,Malicious,0.9992172904312611
Malicious,Malicious,0.9992172904312611
Malicious,Malicious,0.9992172904312611
Malicious,Malicious,0.9992172904312611
Malicious,Malicious,0.9992174692451954
Malicious,Malicious,0.9992172904312611
Malicious,Malicious,0.9992172904312611
Malicious,Malicious,0.9992172904312611
Malicious,Malicious,0.9992174692451954
Malicious,Malicious,0.9992174692451954
Malicious,Malicious,0.9916229993104935
Malicious,Malicious,0.9992172904312611
Malicious,Malicious,0.9992171116173267
Malicious,Benign,0.01629025297006592
Malicious,Malicious,0.9992174692451954
Malicious,Malicious,0.9992172904312611
Malicious,Malicious,0.9992172904312611
Malicious,Malicious,0.9992172904312611
Malicious,Malicious,0.9992172904312611
Malicious,Malicious,0.9992172904312611
Malicious,Malicious,0.9992172904312611
Malicious,Malicious,0.9992171116173267
Malicious,Malicious,0.9992172904312611
Malicious,Malicious,0.9992172904312611
Malicious,Malicious,0.9992172904312611
Malicious,Benign,0.04830987565219402
Malicious,Malicious,0.9992172904312611
Malicious,Malicious,0.995391495525837
Malicious,Malicious,0.9992172904312611
Malicious,Malicious,0.9992174692451954
Malicious,Malicious,0.9992174692451954
Malicious,Malicious,0.9992172904312611
Malicious,Malicious,0.9992156811058521
Malicious,Malicious,0.9992171116173267
Malicious,Malicious,0.9992172904312611
Malicious,Malicious,0.9992172904312611
Malicious,Malicious,0.9990255311131477
Malicious,Malicious,0.9992172904312611
Malicious,Malicious,0.9992172904312611
Malicious,Malicious,0.9992172904312611
Malicious,Malicious,0.9992172904312611
Malicious,Malicious,0.9992076344788074
Malicious,Malicious,0.9992171116173267
Malicious,Malicious,0.9992172904312611
Malicious,Malicious,0.9992156811058521
Malicious,Malicious,0.9992172904312611
Malicious,Malicious,0.9992171116173267
Malicious,Malicious,0.9992172904312611
Malicious,Malicious,0.9992174692451954
Malicious,Malicious,0.9992172904312611
Malicious,Malicious,0.9992171116173267
Malicious,Malicious,0.9992172904312611
Malicious,Malicious,0.9992174692451954
Malicious,Malicious,0.9992171116173267
Malicious,Malicious,0.9992174692451954
Malicious,Malicious,0.9992172904312611
Malicious,Malicious,0.9992172904312611
Malicious,Malicious,0.9992172904312611
Malicious,Malicious,0.9992172904312611
Malicious,Malicious,0.9992172904312611
Malicious,Malicious,0.9992172904312611
Malicious,Malicious,0.9992172904312611
Malicious,Malicious,0.9992172904312611
Malicious,Malicious,0.9991739578545094
Malicious,Malicious,0.9992171116173267
Malicious,Malicious,0.9992172904312611
Malicious,Malicious,0.9992172904312611
Malicious,Malicious,0.9991670437157154
Malicious,Malicious,0.9992172904312611
Malicious,Malicious,0.9992172904312611
Malicious,Malicious,0.9992174692451954
Malicious,Malicious,0.9992172904312611
Malicious,Malicious,0.9992174692451954
Malicious,Malicious,0.9992172904312611
Malicious,Malicious,0.9992172904312611
Malicious,Malicious,0.9992172904312611
Malicious,Benign,0.28521054796874523
Malicious,Malicious,0.9992171116173267
Malicious,Malicious,0.9992172904312611
Malicious,Malicious,0.9992172904312611
Malicious,Malicious,0.9992172904312611
Malicious,Malicious,0.9992172904312611
Malicious,Malicious,0.9992172904312611
Malicious,Malicious,0.9992172904312611
Malicious,Malicious,0.9992172904312611
Malicious,Malicious,0.9992174692451954
Malicious,Malicious,0.9992172904312611
Malicious,Malicious,0.9992172904312611
Malicious,Malicious,0.9992172904312611
Malicious,Malicious,0.9992171116173267
Malicious,Malicious,0.9992172904312611
Malicious,Malicious,0.9976123832166195
Malicious,Malicious,0.9992172904312611
Malicious,Malicious,0.9992172904312611
Malicious,Malicious,0.9992172904312611
Malicious,Malicious,0.9992174692451954
Malicious,Malicious,0.9992172904312611
Malicious,Benign,0.17436391860246658
Malicious,Malicious,0.9992172904312611
Malicious,Malicious,0.9992172904312611
Malicious,Malicious,0.9992156811058521
Malicious,Malicious,0.9992172904312611
Malicious,Malicious,0.9992172904312611
Malicious,Malicious,0.9992172904312611
Malicious,Malicious,0.9992172904312611
Malicious,Malicious,0.9992174692451954
Malicious,Malicious,0.9992172904312611
Malicious,Malicious,0.9992172904312611
Malicious,Malicious,0.9992174692451954
Malicious,Malicious,0.9992172904312611
Malicious,Malicious,0.9992172904312611
Malicious,Malicious,0.9992172904312611
Malicious,Malicious,0.9990465119481087
Malicious,Malicious,0.9992172904312611
Malicious,Malicious,0.9992172904312611
Malicious,Malicious,0.9992172904312611
Malicious,Malicious,0.9992172904312611
Malicious,Malicious,0.9992174692451954
Malicious,Malicious,0.9992172904312611
Malicious,Malicious,0.9992172904312611
Malicious,Malicious,0.9992172904312611
Malicious,Malicious,0.9992172904312611
Malicious,Malicious,0.9992172904312611
Malicious,Malicious,0.9992172904312611
Malicious,Malicious,0.9992171116173267
Malicious,Malicious,0.9992171116173267
Malicious,Malicious,0.9992172904312611
Malicious,Malicious,0.9992172904312611
Malicious,Benign,0.13308342825621367
Malicious,Malicious,0.9992172904312611
Malicious,Malicious,0.9992171116173267
Malicious,Malicious,0.9992172904312611
Malicious,Malicious,0.9992172904312611
Malicious,Malicious,0.9992172904312611
Malicious,Malicious,0.9992172904312611
Malicious,Benign,0.2335438784211874
Malicious,Malicious,0.9992172904312611
Malicious,Malicious,0.9992172904312611
Malicious,Malicious,0.9992172904312611
Malicious,Malicious,0.9992171116173267
Malicious,Malicious,0.9992172904312611
Malicious,Malicious,0.9992172904312611
Malicious,Malicious,0.9992172904312611
Malicious,Malicious,0.9992172904312611
Malicious,Malicious,0.9992172904312611
Malicious,Malicious,0.9992172904312611
Malicious,Malicious,0.9992172904312611
Malicious,Malicious,0.9991803951561451
Malicious,Malicious,0.9992171116173267
Malicious,Malicious,0.9992174692451954
Malicious,Malicious,0.9992156811058521
Malicious,Malicious,0.9992172904312611
Malicious,Malicious,0.9992172904312611
Malicious,Malicious,0.999203521758318
Malicious,Malicious,0.9992172904312611
Malicious,Malicious,0.9992172904312611
Malicious,Malicious,0.9992172904312611
Malicious,Malicious,0.9992172904312611
Malicious,Malicious,0.9888045266270638
Malicious,Malicious,0.9992172904312611
Malicious,Malicious,0.9992172904312611
Malicious,Malicious,0.9992172904312611
Malicious,Malicious,0.9992172904312611
Malicious,Malicious,0.9992172904312611
Malicious,Malicious,0.9992171116173267
Malicious,Malicious,0.9968749471008778
Malicious,Malicious,0.9992172904312611
Malicious,Malicious,0.9992172904312611
Malicious,Malicious,0.9992172904312611
Malicious,Malicious,0.9992172904312611
Malicious,Malicious,0.9992172904312611
Malicious,Malicious,0.9992172904312611
Malicious,Malicious,0.9992172904312611
Malicious,Malicious,0.9992174692451954
Malicious,Malicious,0.9992172904312611
Malicious,Malicious,0.9992174692451954
Malicious,Malicious,0.9992172904312611
Malicious,Malicious,0.9992172904312611
Malicious,Malicious,0.9992172904312611
Malicious,Malicious,0.9992172904312611
Malicious,Malicious,0.9992172904312611
Malicious,Malicious,0.9992172904312611
Malicious,Malicious,0.9992172904312611
Malicious,Malicious,0.9991758652031422
Malicious,Malicious,0.9992172904312611
Malicious,Malicious,0.9992172904312611
Malicious,Malicious,0.9992172904312611
Malicious,Malicious,0.9992171116173267
Malicious,Malicious,0.9992156811058521
Malicious,Malicious,0.9949888996779919
Malicious,Malicious,0.9992156811058521
Malicious,Malicious,0.9992172904312611
Malicious,Malicious,0.999209601432085
Malicious,Malicious,0.9992172904312611
Malicious,Malicious,0.9992172904312611
Malicious,Malicious,0.9992174692451954
Malicious,Malicious,0.9992172904312611
Malicious,Malicious,0.9992171116173267
Malicious,Malicious,0.9992171116173267
Malicious,Malicious,0.9992172904312611
Malicious,Malicious,0.9992172904312611
Malicious,Malicious,0.9992172904312611
Malicious,Malicious,0.9992172904312611
Malicious,Malicious,0.9992172904312611
Malicious,Malicious,0.9992172904312611
Malicious,Malicious,0.9992172904312611
Malicious,Malicious,0.9992172904312611
Malicious,Malicious,0.9992172904312611
Malicious,Malicious,0.9992156811058521
Malicious,Malicious,0.9992172904312611
Malicious,Benign,0.09050492895767093
Malicious,Malicious,0.9992172904312611
Malicious,Malicious,0.9992172904312611
Malicious,Malicious,0.9992172904312611
Malicious,Malicious,0.9992172904312611
Malicious,Malicious,0.9992172904312611
Malicious,Malicious,0.9992172904312611
Malicious,Malicious,0.9992174692451954
Malicious,Malicious,0.9992172904312611
Malicious,Malicious,0.9992172904312611
Malicious,Malicious,0.9992172904312611
Malicious,Malicious,0.9992172904312611
Malicious,Malicious,0.9992172904312611
Malicious,Malicious,0.9992172904312611
Malicious,Malicious,0.9992174692451954
Malicious,Malicious,0.9992172904312611
Malicious,Malicious,0.9992172904312611
Malicious,Malicious,0.9992172904312611
Malicious,Malicious,0.9992172904312611
Malicious,Malicious,0.9992174692451954
Malicious,Malicious,0.983515091240406
Malicious,Malicious,0.9992172904312611
Malicious,Malicious,0.9992172904312611
Malicious,Malicious,0.9992172904312611
Malicious,Malicious,0.999189455062151
Malicious,Malicious,0.9992172904312611
Malicious,Malicious,0.9992171116173267
Malicious,Malicious,0.9992172904312611
Malicious,Malicious,0.9992174692451954
Malicious,Malicious,0.9992172904312611
Malicious,Benign,0.12378508504480124
Malicious,Malicious,0.9992156811058521
Malicious,Malicious,0.9992172904312611
Malicious,Malicious,0.9992172904312611
Malicious,Malicious,0.9992172904312611
Malicious,Malicious,0.9992172904312611
Malicious,Malicious,0.9992171116173267
Malicious,Malicious,0.9992156811058521
Malicious,Malicious,0.9992172904312611
Malicious,Malicious,0.9992172904312611
Malicious,Malicious,0.9992172904312611
Malicious,Malicious,0.9945330508053303
Malicious,Malicious,0.9992131777107716
Malicious,Malicious,0.9992172904312611
Malicious,Malicious,0.9991265721619129
Malicious,Benign,0.11056017875671387
Malicious,Malicious,0.9992172904312611
Malicious,Malicious,0.9992172904312611
Malicious,Malicious,0.9992172904312611
Malicious,Malicious,0.9992172904312611
Malicious,Malicious,0.9992172904312611
Malicious,Malicious,0.9992172904312611
Malicious,Malicious,0.9992172904312611
Malicious,Malicious,0.9992172904312611
Malicious,Malicious,0.9992171116173267
Malicious,Malicious,0.9992172904312611
Malicious,Malicious,0.9992172904312611
Malicious,Malicious,0.9992174692451954
Malicious,Malicious,0.9992172904312611
Malicious,Malicious,0.9992172904312611
Malicious,Malicious,0.9992172904312611
Malicious,Malicious,0.9992172904312611
Malicious,Malicious,0.9992174692451954
Malicious,Malicious,0.9992172904312611
Malicious,Malicious,0.9992172904312611
Malicious,Malicious,0.9992172904312611
Malicious,Malicious,0.9992172904312611
Malicious,Malicious,0.9992172904312611
Malicious,Malicious,0.9992172904312611
Malicious,Malicious,0.9992172904312611
Malicious,Malicious,0.9992172904312611
Malicious,Malicious,0.9992172904312611
Malicious,Malicious,0.9992172904312611
Malicious,Malicious,0.9992174692451954
Malicious,Malicious,0.9992172904312611
Malicious,Malicious,0.9992172904312611
Malicious,Malicious,0.9992172904312611
Malicious,Malicious,0.9992172904312611
Malicious,Malicious,0.9990490153431892
Malicious,Malicious,0.9992172904312611
Malicious,Malicious,0.9992172904312611
Malicious,Malicious,0.9992172904312611
Malicious,Malicious,0.9992172904312611
Malicious,Malicious,0.9992174692451954
Malicious,Malicious,0.9992174692451954
Malicious,Malicious,0.9932171180844307
Malicious,Malicious,0.9992172904312611
Malicious,Malicious,0.9992172904312611
Malicious,Malicious,0.9992172904312611
Malicious,Malicious,0.9992172904312611
Malicious,Malicious,0.9992172904312611
Malicious,Malicious,0.9992174692451954
Malicious,Malicious,0.9992172904312611
Malicious,Malicious,0.9992172904312611
Malicious,Malicious,0.9992172904312611
Malicious,Malicious,0.9992172904312611
Malicious,Malicious,0.9992172904312611
Malicious,Malicious,0.9992172904312611
Malicious,Malicious,0.9992172904312611
Malicious,Malicious,0.9992172904312611
Malicious,Malicious,0.9992172904312611
Malicious,Malicious,0.9992172904312611
Malicious,Malicious,0.9992172904312611
Malicious,Malicious,0.9992174692451954
Malicious,Malicious,0.9992172904312611
Malicious,Malicious,0.9992172904312611
Malicious,Malicious,0.9992156811058521
Malicious,Malicious,0.9992172904312611
Malicious,Malicious,0.9992174692451954
Malicious,Malicious,0.9992172904312611
Malicious,Malicious,0.9992172904312611
Malicious,Malicious,0.9992172904312611
Malicious,Malicious,0.9992172904312611
Malicious,Malicious,0.9992172904312611
Malicious,Malicious,0.9992172904312611
Malicious,Malicious,0.9992172904312611
Malicious,Malicious,0.9992172904312611
Malicious,Malicious,0.9992172904312611
Malicious,Malicious,0.9992172904312611
Malicious,Malicious,0.9992172904312611
Malicious,Malicious,0.9992172904312611
Malicious,Malicious,0.9992171116173267
Malicious,Malicious,0.9992171116173267
Malicious,Malicious,0.9992174692451954
Malicious,Malicious,0.9992172904312611
Malicious,Malicious,0.9992180056869984
Malicious,Benign,0.061177965020760894
Malicious,Malicious,0.9992172904312611
Malicious,Malicious,0.9992172904312611
Malicious,Malicious,0.9992156811058521
Malicious,Malicious,0.9992172904312611
Malicious,Malicious,0.9992174692451954
Malicious,Malicious,0.9992172904312611
Malicious,Malicious,0.9992172904312611
Malicious,Malicious,0.9992172904312611
Malicious,Malicious,0.9992172904312611
Malicious,Malicious,0.9992172904312611
Malicious,Malicious,0.9992172904312611
Malicious,Malicious,0.9992172904312611
Malicious,Malicious,0.9992172904312611
Malicious,Malicious,0.9992172904312611
Malicious,Malicious,0.9992172904312611
Malicious,Malicious,0.9992172904312611
Malicious,Malicious,0.9992172904312611
Malicious,Malicious,0.9992171116173267
Malicious,Malicious,0.9992174692451954
Malicious,Malicious,0.9992172904312611
Malicious,Malicious,0.9992172904312611
Malicious,Malicious,0.9992172904312611
Malicious,Malicious,0.9992172904312611
Malicious,Malicious,0.9992172904312611
Malicious,Malicious,0.9992172904312611
Malicious,Malicious,0.9992174692451954
Malicious,Malicious,0.9992171116173267
Malicious,Malicious,0.9992172904312611
Malicious,Malicious,0.9992172904312611
Malicious,Malicious,0.9992156811058521
Malicious,Malicious,0.9992171116173267
Malicious,Malicious,0.7767383996106219
Malicious,Malicious,0.9992172904312611
Malicious,Malicious,0.9992172904312611
Malicious,Malicious,0.9992171116173267
Malicious,Malicious,0.9992172904312611
Malicious,Malicious,0.9991407580673695
Malicious,Malicious,0.8946158960461617
Malicious,Malicious,0.9992172904312611
Malicious,Malicious,0.9992172904312611
Malicious,Malicious,0.9992172904312611
Malicious,Malicious,0.9992172904312611
Malicious,Malicious,0.9992172904312611
Malicious,Malicious,0.9992172904312611
Malicious,Malicious,0.9992172904312611
Malicious,Malicious,0.9992172904312611
Malicious,Malicious,0.9992172904312611
Malicious,Malicious,0.9992172904312611
Malicious,Malicious,0.9992136545479298
Malicious,Malicious,0.9992172904312611
Malicious,Benign,0.02980230818502605
Malicious,Malicious,0.9992172904312611
Malicious,Malicious,0.9992172904312611
Malicious,Malicious,0.9992172904312611
Malicious,Malicious,0.9992172904312611
Malicious,Malicious,0.9992172904312611
Malicious,Malicious,0.9992172904312611
Malicious,Malicious,0.9992172904312611
Malicious,Malicious,0.9992172904312611
Malicious,Malicious,0.9992172904312611
Malicious,Malicious,0.9992172904312611
Malicious,Malicious,0.9992172904312611
Malicious,Malicious,0.9992172904312611
Malicious,Malicious,0.9992172904312611
Malicious,Malicious,0.9992174692451954
Malicious,Malicious,0.9992172904312611
Malicious,Malicious,0.9991805739700794
Malicious,Malicious,0.9992172904312611
Malicious,Malicious,0.9992172904312611
Malicious,Malicious,0.9992172904312611
Malicious,Malicious,0.9992171116173267
Malicious,Malicious,0.9992172904312611
Malicious,Malicious,0.9992172904312611
Malicious,Malicious,0.9992172904312611
Malicious,Malicious,0.9992172904312611
Malicious,Malicious,0.9991803951561451
Malicious,Malicious,0.9992172904312611
Malicious,Malicious,0.9992172904312611
Malicious,Malicious,0.9992172904312611
Malicious,Malicious,0.9992172904312611
Malicious,Malicious,0.9992172904312611
Malicious,Malicious,0.9992172904312611
Malicious,Malicious,0.9992172904312611
Malicious,Malicious,0.9992172904312611
Malicious,Malicious,0.9992172904312611
Malicious,Malicious,0.9992172904312611
Malicious,Malicious,0.9992180056869984
Malicious,Malicious,0.9992174692451954
Malicious,Malicious,0.9992172904312611
Malicious,Malicious,0.9992172904312611
Malicious,Malicious,0.9992171116173267
Malicious,Malicious,0.9992171116173267
Malicious,Malicious,0.9992172904312611
Malicious,Malicious,0.9992172904312611
Malicious,Malicious,0.9992172904312611
Malicious,Malicious,0.9992172904312611
Malicious,Malicious,0.9991633482277393
Malicious,Malicious,0.9992172904312611
Malicious,Malicious,0.9992172904312611
Malicious,Malicious,0.9992172904312611
Malicious,Malicious,0.9992172904312611
Malicious,Malicious,0.9992156811058521
Malicious,Malicious,0.9992174692451954
Malicious,Malicious,0.9992172904312611
Malicious,Malicious,0.9992156811058521
Malicious,Malicious,0.9992171116173267
Malicious,Malicious,0.9992172904312611
Malicious,Malicious,0.9992174692451954
Malicious,Malicious,0.9992156811058521
Malicious,Malicious,0.9991144128143787
Malicious,Malicious,0.9992172904312611
Malicious,Malicious,0.9992172904312611
Malicious,Malicious,0.9992171116173267
Malicious,Malicious,0.9992172904312611
Malicious,Malicious,0.9992172904312611
Malicious,Malicious,0.9992172904312611
Malicious,Malicious,0.9992172904312611
Malicious,Malicious,0.9992174692451954
Malicious,Malicious,0.9773639179766178
Malicious,Malicious,0.9992174692451954
Malicious,Malicious,0.9992174692451954
Malicious,Malicious,0.9992172904312611
Malicious,Malicious,0.9992172904312611
Malicious,Malicious,0.9992172904312611
Malicious,Malicious,0.9992172904312611
Malicious,Malicious,0.9992172904312611
Malicious,Malicious,0.9992172904312611
Malicious,Malicious,0.9992172904312611
Malicious,Malicious,0.9992172904312611
Malicious,Malicious,0.9992174692451954
Malicious,Malicious,0.9992172904312611
Malicious,Malicious,0.9992172904312611
Malicious,Malicious,0.9992172904312611
Malicious,Malicious,0.9992172904312611
Malicious,Malicious,0.9992172904312611
Malicious,Malicious,0.9992172904312611
Malicious,Malicious,0.9992172904312611
Malicious,Malicious,0.9992172904312611
Malicious,Malicious,0.9992174692451954
Malicious,Malicious,0.9992156811058521
Malicious,Malicious,0.9992172904312611
Malicious,Malicious,0.9992172904312611
Malicious,Malicious,0.9992172904312611
Malicious,Malicious,0.9992172904312611
Malicious,Malicious,0.9992171116173267
Malicious,Malicious,0.9992172904312611
Malicious,Malicious,0.9992174692451954
Malicious,Malicious,0.9992172904312611
Malicious,Malicious,0.9992172904312611
Malicious,Malicious,0.9992172904312611
Malicious,Malicious,0.9992172904312611
Malicious,Malicious,0.9992172904312611
Malicious,Malicious,0.9992172904312611
Malicious,Malicious,0.9992172904312611
Malicious,Malicious,0.9992174692451954
Malicious,Malicious,0.9992172904312611
Malicious,Malicious,0.9992172904312611
Malicious,Malicious,0.9992172904312611
Malicious,Malicious,0.9992156811058521
Malicious,Malicious,0.935730068013072
Malicious,Malicious,0.9992172904312611
Malicious,Benign,0.26362432492896914
Malicious,Malicious,0.9992172904312611
Malicious,Malicious,0.9992172904312611
Malicious,Malicious,0.9992172904312611
Malicious,Malicious,0.9992172904312611
Malicious,Malicious,0.99913664534688
Malicious,Malicious,0.9992172904312611
Malicious,Malicious,0.9992174692451954
Malicious,Malicious,0.9992172904312611
Malicious,Malicious,0.9992172904312611
Malicious,Malicious,0.9992172904312611
Malicious,Benign,0.1463574469089508
Malicious,Malicious,0.9992172904312611
Malicious,Malicious,0.9992172904312611
Malicious,Malicious,0.9992156811058521
Malicious,Malicious,0.9992172904312611
Malicious,Malicious,0.9992172904312611
Malicious,Malicious,0.9992171116173267
Malicious,Malicious,0.9992172904312611
Malicious,Malicious,0.9992172904312611
Malicious,Malicious,0.9979699738323689
Malicious,Malicious,0.9992172904312611
Malicious,Malicious,0.9992172904312611
Malicious,Malicious,0.9992172904312611
Malicious,Malicious,0.9992172904312611
Malicious,Malicious,0.9992076344788074
Malicious,Malicious,0.9992172904312611
Malicious,Malicious,0.9992156811058521
Malicious,Malicious,0.9992174692451954
Malicious,Malicious,0.9992172904312611
Malicious,Malicious,0.9992172904312611
Malicious,Malicious,0.9992172904312611
Malicious,Malicious,0.9992174692451954
Malicious,Malicious,0.9992172904312611
Malicious,Malicious,0.9992156811058521
Malicious,Malicious,0.9992172904312611
Malicious,Malicious,0.9992172904312611
Malicious,Malicious,0.9992171116173267
Malicious,Malicious,0.9992172904312611
Malicious,Malicious,0.9992172904312611
Malicious,Malicious,0.9992172904312611
Malicious,Malicious,0.9992172904312611
Malicious,Malicious,0.9859082363545895
Malicious,Malicious,0.9992172904312611
Malicious,Malicious,0.9992172904312611
Malicious,Malicious,0.9992172904312611
Malicious,Malicious,0.9992174692451954
Malicious,Malicious,0.9992174692451954
Malicious,Malicious,0.9992172904312611
Malicious,Malicious,0.9992172904312611
Malicious,Malicious,0.9992172904312611
Malicious,Malicious,0.9992172904312611
Malicious,Malicious,0.9992172904312611
Malicious,Malicious,0.9992172904312611
Malicious,Malicious,0.9992172904312611
Malicious,Malicious,0.9992172904312611
Malicious,Malicious,0.9992172904312611
Malicious,Malicious,0.9992172904312611
Malicious,Malicious,0.999200601130724
Malicious,Malicious,0.9992172904312611
Malicious,Malicious,0.9992172904312611
Malicious,Malicious,0.9992172904312611
Malicious,Malicious,0.9992174692451954
Malicious,Malicious,0.9992172904312611
Malicious,Malicious,0.9992172904312611
Malicious,Malicious,0.9992172904312611
Malicious,Malicious,0.9992172904312611
Malicious,Malicious,0.9992172904312611
Malicious,Malicious,0.9992172904312611
Malicious,Malicious,0.9992172904312611
Malicious,Malicious,0.9992172904312611
Malicious,Malicious,0.9992174692451954
Malicious,Malicious,0.987550426274538
Malicious,Malicious,0.9992172904312611
Malicious,Malicious,0.9992174692451954
Malicious,Malicious,0.9991803951561451
Malicious,Malicious,0.9992172904312611
Malicious,Malicious,0.9953839741647243
Malicious,Malicious,0.9992172904312611
Malicious,Malicious,0.9992172904312611
Malicious,Malicious,0.9992172904312611
Malicious,Malicious,0.9992172904312611
Malicious,Malicious,0.9992172904312611
Malicious,Malicious,0.9983019419014454
Malicious,Malicious,0.9992172904312611
Malicious,Malicious,0.9991803951561451
Malicious,Malicious,0.9992172904312611
Malicious,Malicious,0.9992172904312611
Malicious,Malicious,0.9992172904312611
Malicious,Malicious,0.9992171116173267
Malicious,Malicious,0.9992171116173267
Malicious,Malicious,0.9992172904312611
Malicious,Malicious,0.9992172904312611
Malicious,Malicious,0.9991820640861988
Malicious,Malicious,0.9992174692451954
Malicious,Malicious,0.9992172904312611
Malicious,Malicious,0.9992172904312611
Malicious,Malicious,0.9905856028199196
Malicious,Malicious,0.9992172904312611
Malicious,Malicious,0.9992174692451954
Malicious,Malicious,0.9992172904312611
Malicious,Malicious,0.9992172904312611
Malicious,Malicious,0.9992172904312611
Malicious,Malicious,0.9992172904312611
Malicious,Malicious,0.9768208600580692
Malicious,Malicious,0.9992172904312611
Malicious,Malicious,0.9991821832954884
Malicious,Malicious,0.9992172904312611
Malicious,Malicious,0.9992172904312611
Malicious,Malicious,0.9992172904312611
Malicious,Malicious,0.9992172904312611
Malicious,Malicious,0.9992174692451954
Malicious,Malicious,0.9992172308266163
Malicious,Malicious,0.9992174692451954
Malicious,Malicious,0.9992172904312611
Malicious,Malicious,0.9992174692451954
Malicious,Malicious,0.9992172904312611
Malicious,Malicious,0.9992174692451954
Malicious,Malicious,0.9992172904312611
Malicious,Malicious,0.9992172904312611
Malicious,Malicious,0.9992171116173267
Malicious,Malicious,0.9992172904312611
Malicious,Malicious,0.9992156811058521
Malicious,Malicious,0.9992172904312611
Malicious,Malicious,0.9992172904312611
Malicious,Malicious,0.9992174692451954
Malicious,Malicious,0.9992171116173267
Malicious,Malicious,0.9992172904312611
Malicious,Malicious,0.9992174692451954
Malicious,Malicious,0.9992171116173267
Malicious,Malicious,0.9992174692451954
Malicious,Malicious,0.9992171116173267
Malicious,Malicious,0.9992172904312611
Malicious,Malicious,0.9992172904312611
Malicious,Malicious,0.9992172904312611
Malicious,Malicious,0.9992172904312611
Malicious,Malicious,0.9992172904312611
Malicious,Malicious,0.9992172904312611
Malicious,Malicious,0.9992172904312611
Malicious,Malicious,0.9992172904312611
Malicious,Malicious,0.9992172904312611
Malicious,Malicious,0.9992172904312611
Malicious,Malicious,0.9979765303432941
Malicious,Malicious,0.9992171116173267
Malicious,Malicious,0.9992172904312611
Malicious,Malicious,0.9992172904312611
Malicious,Malicious,0.9992172904312611
Malicious,Malicious,0.9992172904312611
Malicious,Malicious,0.9992172904312611
Malicious,Malicious,0.9992172904312611
Malicious,Malicious,0.9992156811058521
Malicious,Malicious,0.9992172904312611
Malicious,Malicious,0.8548921216279268
Malicious,Malicious,0.9992172904312611
Malicious,Malicious,0.9980504401028156
Malicious,Malicious,0.9992172904312611
Malicious,Malicious,0.9992172904312611
Malicious,Malicious,0.9992172904312611
Malicious,Malicious,0.9992171116173267
Malicious,Malicious,0.9992078132927418
Malicious,Malicious,0.9992172904312611
Malicious,Malicious,0.9992171116173267
Malicious,Malicious,0.9992171116173267
Malicious,Malicious,0.9956190772354603
Malicious,Malicious,0.9992172904312611
Malicious,Malicious,0.9992171116173267
Malicious,Malicious,0.9992172904312611
Malicious,Malicious,0.9992172904312611
Malicious,Malicious,0.9991603679955006
Malicious,Malicious,0.9992172904312611
Malicious,Malicious,0.9992172904312611
Malicious,Malicious,0.9992172904312611
Malicious,Malicious,0.9992172904312611
Malicious,Malicious,0.9992172904312611
Malicious,Malicious,0.9992172904312611
Malicious,Malicious,0.9992174692451954
Malicious,Malicious,0.9992172904312611
Malicious,Malicious,0.9992172904312611
Malicious,Malicious,0.9992174692451954
Malicious,Malicious,0.9992172904312611
Malicious,Malicious,0.9992174692451954
Malicious,Malicious,0.9992172904312611
Malicious,Malicious,0.9992172904312611
Malicious,Malicious,0.9992172904312611
Malicious,Malicious,0.9992172904312611
Malicious,Malicious,0.9992172904312611
Malicious,Malicious,0.9992172904312611
Malicious,Malicious,0.9992172904312611
Malicious,Malicious,0.9992172904312611
Malicious,Malicious,0.9992131777107716
Malicious,Malicious,0.9992172904312611
Malicious,Malicious,0.9992172904312611
Malicious,Malicious,0.9992172904312611
Malicious,Malicious,0.9992172904312611
Malicious,Malicious,0.9992174692451954
Malicious,Malicious,0.9992172904312611
Malicious,Malicious,0.9992171116173267
Malicious,Malicious,0.9991027899086475
Malicious,Malicious,0.9992172904312611
Malicious,Malicious,0.9992172904312611
Malicious,Malicious,0.9992172904312611
Malicious,Malicious,0.9992172904312611
Malicious,Malicious,0.9992172904312611
Malicious,Malicious,0.9992172904312611
Malicious,Malicious,0.9992172904312611
Malicious,Malicious,0.9992172904312611
Malicious,Malicious,0.9992156811058521
Malicious,Malicious,0.9992171116173267
Malicious,Malicious,0.9992171116173267
Malicious,Malicious,0.9992172904312611
Malicious,Malicious,0.9979434497654438
Malicious,Malicious,0.9992156811058521
Malicious,Malicious,0.9992172904312611
Malicious,Malicious,0.9992172904312611
Malicious,Malicious,0.9992156811058521
Malicious,Benign,0.17631168104708195
Malicious,Malicious,0.9992172904312611
Malicious,Malicious,0.9992172904312611
Malicious,Malicious,0.9992172904312611
Malicious,Malicious,0.9992172904312611
Malicious,Malicious,0.9992172904312611
Malicious,Malicious,0.9992172904312611
Malicious,Malicious,0.9992172904312611
Malicious,Malicious,0.9992172904312611
Malicious,Malicious,0.9992172904312611
Malicious,Malicious,0.9992172904312611
Malicious,Malicious,0.9992172904312611
Malicious,Malicious,0.9992172904312611
Malicious,Malicious,0.9992172904312611
Malicious,Malicious,0.9992172904312611
Malicious,Malicious,0.9992172904312611
Malicious,Malicious,0.9991803951561451
Malicious,Malicious,0.9992172904312611
Malicious,Malicious,0.9992172904312611
Malicious,Malicious,0.9992172904312611
Malicious,Malicious,0.9992172904312611
Malicious,Malicious,0.9992172904312611
Malicious,Malicious,0.9992174692451954
Malicious,Malicious,0.9992172904312611
Malicious,Malicious,0.9992156811058521
Malicious,Malicious,0.9992172904312611
Malicious,Malicious,0.9992172904312611
Malicious,Malicious,0.9992172904312611
Malicious,Malicious,0.9992172904312611
Malicious,Malicious,0.9992172904312611
Malicious,Malicious,0.9992172904312611
Malicious,Malicious,0.9992172904312611
Malicious,Malicious,0.9992172904312611
Malicious,Malicious,0.9992172904312611
Malicious,Malicious,0.9992172904312611
Malicious,Malicious,0.9992172904312611
Malicious,Malicious,0.9992171116173267
Malicious,Malicious,0.9992172904312611
Malicious,Malicious,0.9992174692451954
Malicious,Malicious,0.9992171116173267
Malicious,Malicious,0.9992172904312611
Malicious,Malicious,0.9992172308266163
Malicious,Malicious,0.9992172904312611
Malicious,Malicious,0.9936106093227863
Malicious,Malicious,0.9992174692451954
Malicious,Malicious,0.9992172904312611
Malicious,Malicious,0.9992172904312611
Malicious,Malicious,0.9992172904312611
Malicious,Malicious,0.9992172904312611
Malicious,Malicious,0.9992172904312611
Malicious,Malicious,0.9980411417782307
Malicious,Malicious,0.9992174692451954
Malicious,Malicious,0.9992172904312611
Malicious,Malicious,0.9992174692451954
Malicious,Malicious,0.9992172904312611
Malicious,Malicious,0.9992174692451954
Malicious,Malicious,0.9992172904312611
Malicious,Malicious,0.9992171116173267
Malicious,Malicious,0.9992172904312611
Malicious,Malicious,0.9992172904312611
Malicious,Malicious,0.9992172904312611
Malicious,Malicious,0.9992172904312611
Malicious,Malicious,0.9992172904312611
Malicious,Malicious,0.9992172904312611
Malicious,Malicious,0.9992172904312611
Malicious,Malicious,0.9992172904312611
Malicious,Malicious,0.9992172904312611
Malicious,Malicious,0.9992172904312611
Malicious,Malicious,0.9992172904312611
Malicious,Malicious,0.9992172904312611
Malicious,Malicious,0.9992172904312611
Malicious,Malicious,0.9992172904312611
Malicious,Malicious,0.9992174692451954
Malicious,Malicious,0.9992172904312611
Malicious,Malicious,0.9992174692451954
Malicious,Malicious,0.9992172904312611
Malicious,Malicious,0.9991945810616016
Malicious,Malicious,0.9992172904312611
Malicious,Malicious,0.9992172904312611
Malicious,Malicious,0.9992171116173267
Malicious,Malicious,0.9992172904312611
Malicious,Malicious,0.9992171116173267
Malicious,Malicious,0.9992172904312611
Malicious,Malicious,0.9992172904312611
Malicious,Malicious,0.9991945810616016
Malicious,Malicious,0.9992172904312611
Malicious,Malicious,0.9992172904312611
Malicious,Malicious,0.9992174692451954
Malicious,Malicious,0.9992172904312611
Malicious,Malicious,0.9992171116173267
Malicious,Malicious,0.9992172904312611
Malicious,Malicious,0.9990335293114185
Malicious,Malicious,0.9992172904312611
Malicious,Malicious,0.9992172904312611
Malicious,Malicious,0.9992171116173267
Malicious,Malicious,0.9992172904312611
Malicious,Malicious,0.9992172904312611
Malicious,Malicious,0.9539842512458563
Malicious,Malicious,0.9992172904312611
Malicious,Malicious,0.9992172904312611
Malicious,Malicious,0.9992172904312611
Malicious,Malicious,0.9992172904312611
Malicious,Malicious,0.9992172904312611
Malicious,Malicious,0.9992172904312611
Malicious,Malicious,0.9992171116173267
Malicious,Malicious,0.9992172904312611
Malicious,Malicious,0.9992172904312611
Malicious,Malicious,0.9992172904312611
Malicious,Malicious,0.9992172904312611
Malicious,Malicious,0.9992172904312611
Malicious,Malicious,0.9992172904312611
Malicious,Malicious,0.9992172904312611
Malicious,Malicious,0.9992172904312611
Malicious,Malicious,0.9992172904312611
Malicious,Malicious,0.9992174692451954
Malicious,Malicious,0.9992171116173267
Malicious,Malicious,0.9992172904312611
Malicious,Malicious,0.9992172904312611
Malicious,Malicious,0.9992172904312611
Malicious,Malicious,0.9992172904312611
Malicious,Malicious,0.9992172904312611
Malicious,Malicious,0.9992172904312611
Malicious,Malicious,0.9992172904312611
Malicious,Malicious,0.9992172904312611
Malicious,Malicious,0.9992172904312611
Malicious,Malicious,0.9992172904312611
Malicious,Malicious,0.9992076344788074
Malicious,Malicious,0.9992174692451954
Malicious,Malicious,0.9572321437299252
Malicious,Malicious,0.9992172904312611
Malicious,Malicious,0.9992172904312611
Malicious,Malicious,0.9990988560020924
Malicious,Malicious,0.9992172904312611
Malicious,Malicious,0.9992172904312611
Malicious,Malicious,0.9992174692451954
Malicious,Malicious,0.9992172904312611
Malicious,Malicious,0.9992172904312611
Malicious,Malicious,0.9992172904312611
Malicious,Malicious,0.9992172904312611
Malicious,Malicious,0.9992172904312611
Malicious,Malicious,0.9992132969200611
Malicious,Malicious,0.9992172904312611
Malicious,Malicious,0.9992171116173267
Malicious,Malicious,0.9992172904312611
Malicious,Malicious,0.9992171116173267
Malicious,Malicious,0.9992172904312611
Malicious,Malicious,0.9992172904312611
Malicious,Malicious,0.9992172904312611
Malicious,Malicious,0.9992172904312611
Malicious,Malicious,0.9992172904312611
Malicious,Malicious,0.9992174692451954
Malicious,Malicious,0.9992172904312611
Malicious,Malicious,0.9992172904312611
Malicious,Malicious,0.9992172904312611
Malicious,Malicious,0.9992172904312611
Malicious,Malicious,0.9992172904312611
Malicious,Malicious,0.9992174692451954
Malicious,Malicious,0.9992172904312611
Malicious,Malicious,0.9992172904312611
Malicious,Malicious,0.9992172904312611
Malicious,Malicious,0.9992172904312611
Malicious,Malicious,0.9992172904312611
Malicious,Malicious,0.9992172904312611
Malicious,Malicious,0.8986167460680008
Malicious,Malicious,0.9992172904312611
Malicious,Malicious,0.9992174692451954
Malicious,Malicious,0.9991945810616016
Malicious,Malicious,0.9992172904312611
Malicious,Malicious,0.9992174692451954
Malicious,Malicious,0.9992172904312611
Malicious,Malicious,0.9992174692451954
Malicious,Malicious,0.9992171116173267
Malicious,Malicious,0.6977753608953208
Malicious,Malicious,0.9992172904312611
Malicious,Malicious,0.9992172904312611
Malicious,Malicious,0.9992172904312611
Malicious,Malicious,0.9992180056869984
Malicious,Malicious,0.9992172904312611
Malicious,Malicious,0.9992172904312611
Malicious,Malicious,0.9992174692451954
Malicious,Malicious,0.9991805739700794
Malicious,Malicious,0.9992172904312611
Malicious,Malicious,0.9253588393330574
Malicious,Malicious,0.9992172904312611
Malicious,Malicious,0.9992172904312611
Malicious,Malicious,0.9992172904312611
Malicious,Malicious,0.9992172904312611
Malicious,Malicious,0.9992174692451954
Malicious,Malicious,0.9992172904312611
Malicious,Malicious,0.9992172904312611
Malicious,Malicious,0.9992174692451954
Malicious,Malicious,0.9992172904312611
Malicious,Malicious,0.9992172904312611
Malicious,Malicious,0.9992156811058521
Malicious,Malicious,0.9992174692451954
Malicious,Malicious,0.9992171116173267
Malicious,Malicious,0.9992136545479298
Malicious,Malicious,0.9992171116173267
Malicious,Malicious,0.9992172904312611
Malicious,Malicious,0.9992172904312611
Malicious,Malicious,0.9992171116173267
Malicious,Malicious,0.9992172904312611
Malicious,Malicious,0.9992172904312611
Malicious,Malicious,0.9992172904312611
Malicious,Malicious,0.9991805739700794
Malicious,Malicious,0.9992172904312611
Malicious,Malicious,0.9992172904312611
Malicious,Malicious,0.9992172904312611
Malicious,Malicious,0.9992172904312611
Malicious,Malicious,0.9992172904312611
Malicious,Malicious,0.9992172904312611
Malicious,Malicious,0.9992174692451954
Malicious,Malicious,0.9992174692451954
Malicious,Malicious,0.9992172904312611
Malicious,Malicious,0.9992172904312611
Malicious,Benign,0.3164282008074224
Malicious,Malicious,0.9992180056869984
Malicious,Malicious,0.9992172904312611
Malicious,Malicious,0.9992172904312611
Malicious,Malicious,0.9992172904312611
Malicious,Malicious,0.9992171116173267
Malicious,Malicious,0.9992172904312611
Malicious,Malicious,0.9992172904312611
Malicious,Malicious,0.9992180056869984
Malicious,Malicious,0.9992172904312611
Malicious,Malicious,0.9992172904312611
Malicious,Malicious,0.9992172904312611
Malicious,Malicious,0.9992172904312611
Malicious,Malicious,0.9992172904312611
Malicious,Malicious,0.9992171116173267
Malicious,Malicious,0.9992172308266163
Malicious,Malicious,0.9992172904312611
Malicious,Malicious,0.9992174692451954
Malicious,Malicious,0.9992051310837269
Malicious,Malicious,0.9992172904312611
Malicious,Malicious,0.9992172904312611
Malicious,Malicious,0.9992172904312611
Malicious,Malicious,0.9990504458546638
Malicious,Malicious,0.997898805886507
Malicious,Malicious,0.9992172904312611
Malicious,Malicious,0.9992172904312611
Malicious,Malicious,0.9992172904312611
Malicious,Malicious,0.9992172904312611
Malicious,Malicious,0.9992172904312611
Malicious,Malicious,0.9992172904312611
Malicious,Malicious,0.9992174692451954
Malicious,Malicious,0.9992172904312611
Malicious,Malicious,0.9992076344788074
Malicious,Malicious,0.9992172904312611
Malicious,Malicious,0.9992172904312611
Malicious,Malicious,0.9992172904312611
Malicious,Malicious,0.9992172904312611
Malicious,Malicious,0.9992172904312611
Malicious,Malicious,0.9992172904312611
Malicious,Malicious,0.9992172904312611
Malicious,Malicious,0.9992172904312611
Malicious,Malicious,0.9992172904312611
Malicious,Malicious,0.9992174692451954
Malicious,Malicious,0.9992174692451954
Malicious,Malicious,0.9992172904312611
Malicious,Malicious,0.9992172904312611
Malicious,Malicious,0.9992172904312611
Malicious,Malicious,0.9992174692451954
Malicious,Malicious,0.9992172904312611
Malicious,Malicious,0.9992174692451954
Malicious,Malicious,0.9992156811058521
Malicious,Malicious,0.9992172904312611
Malicious,Malicious,0.9992172904312611
Malicious,Malicious,0.9992172904312611
Malicious,Malicious,0.9992172904312611
Malicious,Malicious,0.9991945810616016
Malicious,Malicious,0.9954946711659431
Malicious,Malicious,0.9992172904312611
Malicious,Malicious,0.9992174692451954
Malicious,Malicious,0.9992172904312611
Malicious,Malicious,0.9992172904312611
Malicious,Malicious,0.9992174692451954
Malicious,Malicious,0.9992172904312611
Malicious,Malicious,0.9992172904312611
Malicious,Malicious,0.9992172904312611
Malicious,Malicious,0.9992172904312611
Malicious,Malicious,0.9992172904312611
Malicious,Malicious,0.9992172904312611
Malicious,Malicious,0.9992172904312611
Malicious,Malicious,0.9992172904312611
Malicious,Malicious,0.9991821832954884
Malicious,Malicious,0.9992172904312611
Malicious,Malicious,0.9991803951561451
Malicious,Malicious,0.9992172904312611
Malicious,Malicious,0.9992172904312611
Malicious,Malicious,0.9992131777107716
Malicious,Malicious,0.9992172904312611
Malicious,Malicious,0.9992172904312611
Malicious,Malicious,0.9992172904312611
Malicious,Malicious,0.9992174692451954
Malicious,Malicious,0.9992172904312611
Malicious,Malicious,0.9992172904312611
Malicious,Malicious,0.9992172904312611
Malicious,Malicious,0.9923492297530174
Malicious,Malicious,0.9992172904312611
Malicious,Malicious,0.9992172904312611
Malicious,Malicious,0.9992172904312611
Malicious,Malicious,0.9992172904312611
Malicious,Malicious,0.9992172904312611
Malicious,Malicious,0.9992171116173267
Malicious,Malicious,0.9992172904312611
Malicious,Malicious,0.9992174692451954
Malicious,Malicious,0.9992172904312611
Malicious,Malicious,0.9992174692451954
Malicious,Malicious,0.9992172904312611
Malicious,Malicious,0.9992172904312611
Malicious,Malicious,0.9992174692451954
Malicious,Malicious,0.9992172904312611
Malicious,Malicious,0.9992172904312611
Malicious,Malicious,0.9992076344788074
Malicious,Malicious,0.9992172904312611
Malicious,Malicious,0.9992172904312611
Malicious,Malicious,0.9992172904312611
Malicious,Malicious,0.9992172904312611
Malicious,Malicious,0.9992171116173267
Malicious,Malicious,0.9992172904312611
Malicious,Malicious,0.9992172904312611
Malicious,Malicious,0.9921105466783047
Malicious,Malicious,0.9992172904312611
Malicious,Malicious,0.9992172904312611
Malicious,Malicious,0.9992172904312611
Malicious,Malicious,0.9992172904312611
Malicious,Malicious,0.9992172904312611
Malicious,Malicious,0.9992171116173267
Malicious,Malicious,0.9992172904312611
Malicious,Malicious,0.9990483596920967
Malicious,Malicious,0.9990868158638477
Malicious,Malicious,0.9992172904312611
Malicious,Malicious,0.9992174692451954
Malicious,Malicious,0.9992171116173267
Malicious,Malicious,0.9992172904312611
Malicious,Malicious,0.9992172904312611
Malicious,Malicious,0.9991633482277393
Malicious,Malicious,0.9992172904312611
Malicious,Malicious,0.9992172904312611
Malicious,Malicious,0.9992172904312611
Malicious,Malicious,0.9992172904312611
Malicious,Malicious,0.9992172904312611
Malicious,Malicious,0.9992172904312611
Malicious,Malicious,0.9992172904312611
Malicious,Malicious,0.9992180056869984
Malicious,Malicious,0.9992171116173267
Malicious,Malicious,0.9992172904312611
Malicious,Malicious,0.9992172904312611
Malicious,Malicious,0.9992172904312611
Malicious,Malicious,0.9992172904312611
Malicious,Malicious,0.9992172904312611
Malicious,Malicious,0.9992172308266163
Malicious,Malicious,0.9992172904312611
Malicious,Malicious,0.9992172904312611
Malicious,Malicious,0.999189455062151
Malicious,Benign,0.19755086489021778
Malicious,Malicious,0.9992172904312611
Malicious,Malicious,0.9992172904312611
Malicious,Malicious,0.9992172904312611
Malicious,Malicious,0.9992172904312611
Malicious,Malicious,0.9992172904312611
Malicious,Malicious,0.9992174692451954
Malicious,Malicious,0.9992172904312611
Malicious,Malicious,0.9992172904312611
Malicious,Malicious,0.9992172904312611
Malicious,Malicious,0.9992174692451954
Malicious,Malicious,0.9992172904312611
Malicious,Malicious,0.9992172904312611
Malicious,Malicious,0.9992172904312611
Malicious,Malicious,0.9992172904312611
Malicious,Malicious,0.9992172904312611
Malicious,Malicious,0.9992172904312611
Malicious,Malicious,0.9992172904312611
Malicious,Malicious,0.9992172904312611
Malicious,Malicious,0.9992172904312611
Malicious,Malicious,0.9992172904312611
Malicious,Malicious,0.9988033138215542
Malicious,Malicious,0.9992172904312611
Malicious,Malicious,0.9992172904312611
Malicious,Malicious,0.9991823025047779
Malicious,Malicious,0.9991910643875599
Malicious,Malicious,0.9992172904312611
Malicious,Malicious,0.9992172904312611
Malicious,Benign,0.26287089847028255
Malicious,Malicious,0.9992172904312611
Malicious,Malicious,0.9992172904312611
Malicious,Malicious,0.9992174692451954
Malicious,Malicious,0.9992171116173267
Malicious,Malicious,0.9992172904312611
Malicious,Malicious,0.9992172904312611
Malicious,Malicious,0.9992172904312611
Malicious,Malicious,0.9992172904312611
Malicious,Benign,0.00424790068063885
Malicious,Malicious,0.9992172904312611
Malicious,Malicious,0.9992172904312611
Malicious,Malicious,0.9992171116173267
Malicious,Malicious,0.9992172904312611
Malicious,Malicious,0.9992172904312611
Malicious,Malicious,0.9992172904312611
Malicious,Malicious,0.9992172904312611
Malicious,Malicious,0.9992172904312611
Malicious,Malicious,0.9992172904312611
Malicious,Malicious,0.9992172904312611
Malicious,Malicious,0.9992172904312611
Malicious,Benign,0.02665122499456629
Malicious,Malicious,0.9992137737572193
Malicious,Malicious,0.9945505745708942
Malicious,Malicious,0.9992172904312611
Malicious,Malicious,0.9992172904312611
Malicious,Malicious,0.9992172904312611
Malicious,Malicious,0.9992156811058521
Malicious,Malicious,0.9992172904312611
Malicious,Malicious,0.9992172904312611
Malicious,Malicious,0.9992172904312611
Malicious,Malicious,0.99199990183115
Malicious,Malicious,0.9992174692451954
Malicious,Malicious,0.9992172904312611
Malicious,Malicious,0.9992181845009327
Malicious,Malicious,0.9992172904312611
Malicious,Malicious,0.9992172904312611
Malicious,Malicious,0.9992172904312611
Malicious,Malicious,0.9992172904312611
Malicious,Malicious,0.9991803951561451
Malicious,Malicious,0.9992172904312611
Malicious,Malicious,0.9992156811058521
Malicious,Malicious,0.9992172904312611
Malicious,Malicious,0.9991945810616016
Malicious,Malicious,0.9992172904312611
Malicious,Malicious,0.9992174692451954
Malicious,Malicious,0.9992174692451954
Malicious,Malicious,0.9992172904312611
Malicious,Malicious,0.9992172904312611
Malicious,Malicious,0.9992172904312611
Malicious,Malicious,0.9992172904312611
Malicious,Malicious,0.9992174692451954
Malicious,Malicious,0.9992172904312611
Malicious,Malicious,0.9992172904312611
Malicious,Malicious,0.9992172904312611
Malicious,Malicious,0.9992174692451954
Malicious,Malicious,0.9992174692451954
Malicious,Malicious,0.9992172904312611
Malicious,Malicious,0.9992172904312611
Malicious,Malicious,0.9992171116173267
Malicious,Malicious,0.9992172904312611
Malicious,Malicious,0.9992171116173267
Malicious,Malicious,0.999200601130724
Malicious,Malicious,0.9992172904312611
Malicious,Malicious,0.9992172904312611
Malicious,Malicious,0.9992172904312611
Malicious,Malicious,0.9992172904312611
Malicious,Malicious,0.9992174692451954
Malicious,Malicious,0.9992172904312611
Malicious,Malicious,0.9992172904312611
Malicious,Malicious,0.9992078132927418
Malicious,Malicious,0.9992172904312611
Malicious,Malicious,0.9992172904312611
Malicious,Malicious,0.9992172904312611
Malicious,Malicious,0.9991945810616016
Malicious,Malicious,0.9992172904312611
Malicious,Malicious,0.9897171333432198
Malicious,Malicious,0.9992172904312611
Malicious,Malicious,0.9992172904312611
Malicious,Malicious,0.9992172904312611
Malicious,Benign,0.02061782864620909
Malicious,Malicious,0.9992172904312611
Malicious,Malicious,0.9992172904312611
Malicious,Malicious,0.9992172904312611
Malicious,Malicious,0.9992172904312611
Malicious,Malicious,0.9980505593121052
Malicious,Malicious,0.9992172904312611
Malicious,Malicious,0.9992172904312611
Malicious,Malicious,0.9992172904312611
Malicious,Malicious,0.9992174692451954
Malicious,Malicious,0.9992172904312611
Malicious,Malicious,0.9980411417782307
Malicious,Malicious,0.9992172904312611
Malicious,Malicious,0.9992172904312611
Malicious,Malicious,0.9992172904312611
Malicious,Malicious,0.9992172904312611
Malicious,Malicious,0.9992172904312611
Malicious,Malicious,0.9992172904312611
Malicious,Benign,0.004095252836123109
Malicious,Malicious,0.9992172904312611
Malicious,Malicious,0.9992172904312611
Malicious,Malicious,0.9992172904312611
Malicious,Malicious,0.9992171116173267
Malicious,Malicious,0.9992172904312611
Malicious,Malicious,0.9992172904312611
Malicious,Malicious,0.9992172904312611
Malicious,Malicious,0.9992172904312611
Malicious,Malicious,0.9992172904312611
Malicious,Malicious,0.9992172904312611
Malicious,Malicious,0.9992172904312611
Malicious,Malicious,0.9992172904312611
Malicious,Malicious,0.9977272525429726
Malicious,Malicious,0.9992172904312611
Malicious,Malicious,0.9992172904312611
Malicious,Malicious,0.9992172904312611
Malicious,Malicious,0.9948541410267353
Malicious,Malicious,0.9992171116173267
Malicious,Malicious,0.9992172904312611
Malicious,Malicious,0.9992172904312611
Malicious,Malicious,0.9992172904312611
Malicious,Malicious,0.9992172904312611
Malicious,Malicious,0.9992172904312611
Malicious,Malicious,0.9992171116173267
Malicious,Malicious,0.9992172904312611
Malicious,Malicious,0.9991805739700794
Malicious,Malicious,0.9992172904312611
Malicious,Malicious,0.9992172904312611
Malicious,Malicious,0.9992172904312611
Malicious,Malicious,0.9992172904312611
Malicious,Malicious,0.9992171116173267
Malicious,Malicious,0.9992172904312611
Malicious,Malicious,0.9992156811058521
Malicious,Malicious,0.9963234476745129
Malicious,Malicious,0.9992172904312611
Malicious,Malicious,0.9992172904312611
Malicious,Malicious,0.9992174692451954
Malicious,Malicious,0.9992174692451954
Malicious,Malicious,0.9992156811058521
Malicious,Malicious,0.9992180056869984
Malicious,Malicious,0.999189455062151
Malicious,Malicious,0.9992156811058521
Malicious,Malicious,0.9992174692451954
Malicious,Malicious,0.9992174692451954
Malicious,Malicious,0.9992174692451954
Malicious,Malicious,0.9992172904312611
Malicious,Malicious,0.9991945810616016
Malicious,Malicious,0.9992172904312611
Malicious,Malicious,0.9992172904312611
Malicious,Malicious,0.9992172904312611
Malicious,Malicious,0.9992172904312611
Malicious,Malicious,0.9992172904312611
Malicious,Malicious,0.9992172904312611
Malicious,Malicious,0.9992172904312611
Malicious,Malicious,0.9992172904312611
Malicious,Malicious,0.9992172904312611
Malicious,Malicious,0.9992172904312611
Malicious,Malicious,0.9992174692451954
Malicious,Malicious,0.9992172904312611
Malicious,Malicious,0.9992172904312611
Malicious,Malicious,0.9992172904312611
Malicious,Malicious,0.9992172904312611
Malicious,Malicious,0.9992172904312611
Malicious,Malicious,0.9992172904312611
Malicious,Benign,0.11130630131810904
Malicious,Malicious,0.9992172904312611
Malicious,Malicious,0.9992172904312611
Malicious,Malicious,0.9992172904312611
Malicious,Malicious,0.9992172904312611
Malicious,Malicious,0.9991566725075245
Malicious,Malicious,0.9992172904312611
Malicious,Malicious,0.9992076344788074
Malicious,Malicious,0.9992172904312611
Malicious,Malicious,0.9992172904312611
Malicious,Malicious,0.9992171116173267
Malicious,Malicious,0.9992172904312611
Malicious,Malicious,0.9992172904312611
Malicious,Malicious,0.9992172904312611
Malicious,Malicious,0.9992171116173267
Malicious,Malicious,0.9992180056869984
Malicious,Malicious,0.9992174692451954
Malicious,Malicious,0.9992174692451954
Malicious,Malicious,0.9992171116173267
Malicious,Malicious,0.9992172904312611
Malicious,Malicious,0.9992172904312611
Malicious,Malicious,0.9992172904312611
Malicious,Malicious,0.9992172904312611
Malicious,Malicious,0.9992171116173267
Malicious,Malicious,0.9992172904312611
Malicious,Malicious,0.9992172904312611
Malicious,Malicious,0.9992172904312611
Malicious,Malicious,0.9992172904312611
Malicious,Malicious,0.9992156811058521
Malicious,Malicious,0.9992172904312611
Malicious,Malicious,0.9992172904312611
Malicious,Malicious,0.9992172904312611
Malicious,Malicious,0.9992172904312611
Malicious,Malicious,0.9992172904312611
Malicious,Malicious,0.9992172904312611
Malicious,Malicious,0.9992172904312611
Malicious,Malicious,0.9992172904312611
Malicious,Malicious,0.9992172904312611
Malicious,Malicious,0.9992172904312611
Malicious,Malicious,0.9992172904312611
Malicious,Malicious,0.9992174692451954
Malicious,Malicious,0.9992172904312611
Malicious,Malicious,0.9992172904312611
Malicious,Malicious,0.9992172904312611
Malicious,Malicious,0.9992174692451954
Malicious,Malicious,0.9992172904312611
Malicious,Malicious,0.9992172904312611
Malicious,Malicious,0.9992172308266163
Malicious,Malicious,0.9992174692451954
Malicious,Malicious,0.9992171116173267
Malicious,Malicious,0.9992172904312611
Malicious,Malicious,0.9991144128143787
Malicious,Malicious,0.9992172904312611
Malicious,Malicious,0.9992172904312611
Malicious,Malicious,0.9992172904312611
Malicious,Malicious,0.9992172904312611
Malicious,Malicious,0.9992172904312611
Malicious,Malicious,0.9992172904312611
Malicious,Malicious,0.8833921998739243
Malicious,Malicious,0.9992172904312611
Malicious,Malicious,0.9992172904312611
Malicious,Malicious,0.9992174692451954
Malicious,Malicious,0.9992172904312611
Malicious,Malicious,0.9992172904312611
Malicious,Malicious,0.9992172904312611
Malicious,Malicious,0.9992172904312611
Malicious,Malicious,0.996869046241045
Malicious,Malicious,0.9992172904312611
Malicious,Malicious,0.9992172904312611
Malicious,Malicious,0.9992172904312611
Malicious,Malicious,0.9992172904312611
Malicious,Malicious,0.9992172904312611
Malicious,Malicious,0.9992172904312611
Malicious,Malicious,0.9992172904312611
Malicious,Malicious,0.9992172904312611
Malicious,Malicious,0.9992172904312611
Malicious,Malicious,0.9992172904312611
Malicious,Malicious,0.9992172904312611
Malicious,Malicious,0.9992172904312611
Malicious,Malicious,0.9992172904312611
Malicious,Malicious,0.9992172904312611
Malicious,Malicious,0.9992174692451954
Malicious,Malicious,0.9992172904312611
Malicious,Malicious,0.9992078132927418
Malicious,Malicious,0.9992172904312611
Malicious,Malicious,0.9992172904312611
Malicious,Malicious,0.9992172904312611
Malicious,Malicious,0.9992172904312611
Malicious,Malicious,0.9992172904312611
Malicious,Malicious,0.9992172904312611
Malicious,Malicious,0.9992174692451954
Malicious,Malicious,0.9992172904312611
Malicious,Malicious,0.9992172904312611
Malicious,Malicious,0.9992171116173267
Malicious,Malicious,0.9992172904312611
Malicious,Malicious,0.9992172904312611
Malicious,Malicious,0.9992172904312611
Malicious,Malicious,0.9992172904312611
Malicious,Malicious,0.9992172904312611
Malicious,Malicious,0.9992172904312611
Malicious,Malicious,0.9992172904312611
Malicious,Malicious,0.9992172904312611
Malicious,Malicious,0.9991803951561451
Malicious,Malicious,0.9992174692451954
Malicious,Malicious,0.9992172904312611
Malicious,Malicious,0.9992172904312611
Malicious,Malicious,0.9992172904312611
Malicious,Malicious,0.9992172904312611
Malicious,Malicious,0.9992172904312611
Malicious,Malicious,0.9992172904312611
Malicious,Malicious,0.9992174692451954
Malicious,Malicious,0.9992171116173267
Malicious,Malicious,0.9992172904312611
Malicious,Malicious,0.9992172904312611
Malicious,Benign,0.018878450500778854
Malicious,Malicious,0.9992172904312611
Malicious,Malicious,0.9992172904312611
Malicious,Malicious,0.9992172904312611
Malicious,Malicious,0.9992172904312611
Malicious,Malicious,0.9992174692451954
Malicious,Malicious,0.9992156811058521
Malicious,Malicious,0.9992172904312611
Malicious,Malicious,0.9992174692451954
Malicious,Malicious,0.9992172904312611
Malicious,Malicious,0.9992172904312611
Malicious,Malicious,0.9992172904312611
Malicious,Malicious,0.9992172904312611
Malicious,Malicious,0.9992172904312611
Malicious,Malicious,0.9992172904312611
Malicious,Malicious,0.9992172904312611
Malicious,Malicious,0.9992171116173267
Malicious,Malicious,0.9992172904312611
Malicious,Malicious,0.9992172904312611
Malicious,Malicious,0.9992172904312611
Malicious,Malicious,0.9991945810616016
Malicious,Malicious,0.9992172904312611
Malicious,Malicious,0.9992172904312611
Malicious,Malicious,0.9992172904312611
Malicious,Malicious,0.9992172904312611
Malicious,Malicious,0.9992172904312611
Malicious,Malicious,0.9992172904312611
Malicious,Malicious,0.9992172904312611
Malicious,Malicious,0.9992172904312611
Malicious,Malicious,0.9992172904312611
Malicious,Malicious,0.9992174692451954
Malicious,Malicious,0.9992172904312611
Malicious,Malicious,0.9992156811058521
Malicious,Malicious,0.9992172904312611
Malicious,Malicious,0.9992172904312611
Malicious,Benign,0.02231472241692245
Malicious,Malicious,0.9992174692451954
Malicious,Malicious,0.9992172904312611
Malicious,Malicious,0.9992172904312611
Malicious,Malicious,0.9992172904312611
Malicious,Malicious,0.9992172904312611
Malicious,Benign,0.03836178581696004
Malicious,Malicious,0.9992172904312611
Malicious,Malicious,0.9992172904312611
Malicious,Malicious,0.9992172904312611
Malicious,Malicious,0.9992171116173267
Malicious,Malicious,0.9992174692451954
Malicious,Malicious,0.9992172904312611
Malicious,Malicious,0.9992171116173267
Malicious,Malicious,0.9992172904312611
Malicious,Malicious,0.9992172904312611
Malicious,Malicious,0.9992172904312611
Malicious,Malicious,0.9992172904312611
Malicious,Malicious,0.9992172904312611
Malicious,Malicious,0.9992172904312611
Malicious,Malicious,0.9992171116173267
Malicious,Malicious,0.9992172904312611
Malicious,Malicious,0.9992174692451954
Malicious,Malicious,0.9992172904312611
Malicious,Malicious,0.9992172904312611
Malicious,Malicious,0.9992172904312611
Malicious,Malicious,0.9992172904312611
Malicious,Malicious,0.9992172904312611
Malicious,Malicious,0.9949426017701626
Malicious,Malicious,0.9992172904312611
Malicious,Malicious,0.9992172904312611
Malicious,Malicious,0.9992172904312611
Malicious,Malicious,0.9992156811058521
Malicious,Malicious,0.9992172904312611
Malicious,Malicious,0.9992172904312611
Malicious,Malicious,0.9992172904312611
Malicious,Malicious,0.9992172904312611
Malicious,Malicious,0.9980504401028156
Malicious,Malicious,0.9992172904312611
Malicious,Malicious,0.9992172904312611
Malicious,Malicious,0.9992172904312611
Malicious,Malicious,0.9992172904312611
Malicious,Malicious,0.9992172904312611
Malicious,Malicious,0.9992174692451954
Malicious,Malicious,0.9992172904312611
Malicious,Malicious,0.9992174692451954
Malicious,Malicious,0.9992172904312611
Malicious,Malicious,0.9992172904312611
Malicious,Malicious,0.9992172904312611
Malicious,Malicious,0.9992172904312611
Malicious,Benign,0.024111253209412098
Malicious,Malicious,0.9992172904312611
Malicious,Malicious,0.9992172904312611
Malicious,Malicious,0.9992171116173267
Malicious,Malicious,0.9992172904312611
Malicious,Malicious,0.9992172904312611
Malicious,Malicious,0.9992172904312611
Malicious,Malicious,0.9992172904312611
Malicious,Malicious,0.9992172904312611
Malicious,Malicious,0.9992172904312611
Malicious,Malicious,0.9992171116173267
Malicious,Malicious,0.9992172904312611
Malicious,Malicious,0.9992172904312611
Malicious,Malicious,0.9992172904312611
Malicious,Malicious,0.9980504401028156
Malicious,Malicious,0.9992172904312611
Malicious,Malicious,0.9992172904312611
Malicious,Malicious,0.9992172904312611
Malicious,Malicious,0.9970075003802776
Malicious,Malicious,0.9963605478405952
Malicious,Malicious,0.9992172904312611
Malicious,Malicious,0.9992172904312611
Malicious,Malicious,0.7294445959851146
Malicious,Malicious,0.9992078132927418
Malicious,Malicious,0.9992172904312611
Malicious,Malicious,0.9992172904312611
Malicious,Malicious,0.9992172904312611
Malicious,Malicious,0.9992172904312611
Malicious,Malicious,0.9992174692451954
Malicious,Malicious,0.999189455062151
Malicious,Malicious,0.9992172904312611
Malicious,Malicious,0.9992172904312611
Malicious,Malicious,0.9992172904312611
Malicious,Malicious,0.9992172904312611
Malicious,Malicious,0.9992172904312611
Malicious,Malicious,0.9992172904312611
Malicious,Malicious,0.9992172904312611
Malicious,Malicious,0.998586293309927
Malicious,Malicious,0.9992172904312611
Malicious,Malicious,0.9992180056869984
Malicious,Malicious,0.9992172904312611
Malicious,Malicious,0.9992172904312611
Malicious,Malicious,0.9992172904312611
Malicious,Malicious,0.9992172904312611
Malicious,Malicious,0.9992172904312611
Malicious,Malicious,0.9992172904312611
Malicious,Malicious,0.9992174692451954
Malicious,Malicious,0.9992172904312611
Malicious,Malicious,0.9992172904312611
Malicious,Malicious,0.9992172904312611
Malicious,Malicious,0.9992156811058521
Malicious,Malicious,0.9992172904312611
Malicious,Malicious,0.9992172904312611
Malicious,Malicious,0.9992172904312611
Malicious,Malicious,0.9992172904312611
Malicious,Malicious,0.9992171116173267
Malicious,Malicious,0.9992172904312611
Malicious,Malicious,0.9992172904312611
Malicious,Malicious,0.9992172904312611
Malicious,Malicious,0.9992172904312611
Malicious,Malicious,0.9989361241459846
Malicious,Malicious,0.9992174692451954
Malicious,Malicious,0.9992172904312611
Malicious,Malicious,0.9992171116173267
Malicious,Malicious,0.9992172308266163
Malicious,Malicious,0.9992172904312611
Malicious,Malicious,0.9992172904312611
Malicious,Malicious,0.9992172904312611
Malicious,Malicious,0.9992172904312611
Malicious,Malicious,0.9992172904312611
Malicious,Malicious,0.9992174692451954
Malicious,Malicious,0.9992172904312611
Malicious,Malicious,0.9992174692451954
Malicious,Malicious,0.9992171116173267
Malicious,Malicious,0.9979197271168232
Malicious,Malicious,0.9992172904312611
Malicious,Malicious,0.9992172904312611
Malicious,Malicious,0.917701194062829
Malicious,Malicious,0.9992172904312611
Malicious,Malicious,0.9992172904312611
Malicious,Malicious,0.9992172904312611
Malicious,Malicious,0.9942171238362789
Malicious,Malicious,0.9992172904312611
Malicious,Malicious,0.9992172904312611
Malicious,Malicious,0.9992172904312611
Malicious,Malicious,0.9992172904312611
Malicious,Malicious,0.9992172904312611
Malicious,Malicious,0.9992172904312611
Malicious,Malicious,0.9992172904312611
Malicious,Malicious,0.9992172904312611
Malicious,Malicious,0.9992172904312611
Malicious,Malicious,0.9992172904312611
Malicious,Malicious,0.9992172904312611
Malicious,Malicious,0.9992172904312611
Malicious,Malicious,0.9992172904312611
Malicious,Malicious,0.9992171116173267
Malicious,Malicious,0.9992172904312611
Malicious,Malicious,0.9992172904312611
Malicious,Malicious,0.9992172904312611
Malicious,Malicious,0.9992172904312611
Malicious,Malicious,0.9992172904312611
Malicious,Malicious,0.9992172904312611
Malicious,Malicious,0.9991821832954884
Malicious,Malicious,0.9992172904312611
Malicious,Malicious,0.9869731105864048
Malicious,Malicious,0.9992172904312611
Malicious,Malicious,0.9992180056869984
Malicious,Malicious,0.9992172904312611
Malicious,Malicious,0.9992172904312611
Malicious,Malicious,0.9992172904312611
Malicious,Malicious,0.9992156811058521
Malicious,Malicious,0.9992172904312611
Malicious,Malicious,0.9992172904312611
Malicious,Malicious,0.9992172904312611
Malicious,Malicious,0.9992172904312611
Malicious,Malicious,0.9992172904312611
Malicious,Malicious,0.9991821832954884
Malicious,Malicious,0.9992172904312611
Malicious,Malicious,0.9992172904312611
Malicious,Malicious,0.9992171116173267
Malicious,Malicious,0.9992172904312611
Malicious,Malicious,0.9992172904312611
Malicious,Malicious,0.9992172904312611
Malicious,Malicious,0.9992172308266163
Malicious,Malicious,0.9992172904312611
Malicious,Malicious,0.9992171116173267
Malicious,Malicious,0.9992172904312611
Malicious,Malicious,0.9992172904312611
Malicious,Malicious,0.9952011182904243
Malicious,Malicious,0.9992172904312611
Malicious,Malicious,0.9992156811058521
Malicious,Malicious,0.9992172904312611
Malicious,Malicious,0.9992171116173267
Malicious,Malicious,0.9992172904312611
Malicious,Malicious,0.9992172904312611
Malicious,Malicious,0.9992172904312611
Malicious,Malicious,0.9992172904312611
Malicious,Malicious,0.9992174692451954
Malicious,Malicious,0.9992172904312611
Malicious,Malicious,0.9992172904312611
Malicious,Malicious,0.9992172904312611
Malicious,Malicious,0.9992172904312611
Malicious,Malicious,0.9992174692451954
Malicious,Malicious,0.9992172904312611
Malicious,Malicious,0.9992172904312611
Malicious,Malicious,0.9991805739700794
Malicious,Malicious,0.9992172904312611
Malicious,Malicious,0.9992174692451954
Malicious,Malicious,0.9992172904312611
Malicious,Malicious,0.9992172904312611
Malicious,Malicious,0.9992172904312611
Malicious,Malicious,0.9992172904312611
Malicious,Malicious,0.9992172904312611
Malicious,Malicious,0.9992172904312611
Malicious,Malicious,0.9992172904312611
Malicious,Malicious,0.9992172904312611
Malicious,Malicious,0.9992172904312611
Malicious,Malicious,0.9992172904312611
Malicious,Malicious,0.9992172904312611
Malicious,Malicious,0.9992172904312611
Malicious,Malicious,0.9992174692451954
Malicious,Malicious,0.9992172904312611
Malicious,Malicious,0.9992172904312611
Malicious,Malicious,0.9992172904312611
Malicious,Malicious,0.9992172904312611
Malicious,Malicious,0.9992172904312611
Malicious,Malicious,0.9992172904312611
Malicious,Malicious,0.9992172904312611
Malicious,Malicious,0.9992172904312611
Malicious,Malicious,0.9991945810616016
Malicious,Malicious,0.9992172904312611
Malicious,Malicious,0.9992180056869984
Malicious,Malicious,0.9992172904312611
Malicious,Malicious,0.9992172904312611
Malicious,Malicious,0.9992174692451954
Malicious,Malicious,0.9992174692451954
Malicious,Malicious,0.9992172904312611
Malicious,Malicious,0.9992174692451954
Malicious,Malicious,0.9992172904312611
Malicious,Malicious,0.9992172904312611
Malicious,Malicious,0.9992172904312611
Malicious,Malicious,0.9992172904312611
Malicious,Malicious,0.9992172904312611
Malicious,Malicious,0.9982529580593109
Malicious,Malicious,0.9992172904312611
Malicious,Malicious,0.9992174692451954
Malicious,Malicious,0.9992078132927418
Malicious,Malicious,0.9992172904312611
Malicious,Malicious,0.9992172904312611
Malicious,Malicious,0.9992174692451954
Malicious,Malicious,0.9992172904312611
Malicious,Malicious,0.9992174692451954
Malicious,Malicious,0.9992172904312611
Malicious,Malicious,0.9992174692451954
Malicious,Malicious,0.9992174692451954
Malicious,Malicious,0.9992172904312611
Malicious,Malicious,0.9992172904312611
Malicious,Malicious,0.9992172904312611
Malicious,Malicious,0.9992172904312611
Malicious,Malicious,0.9992172904312611
Malicious,Malicious,0.9992172904312611
Malicious,Malicious,0.9992172904312611
Malicious,Malicious,0.9990508034825325
Malicious,Malicious,0.9992172904312611
Malicious,Malicious,0.9992172904312611
Malicious,Malicious,0.9992172904312611
Malicious,Malicious,0.9992172904312611
Malicious,Malicious,0.9992172904312611
Malicious,Malicious,0.9992171116173267
Malicious,Benign,0.0027626179944491014
Malicious,Malicious,0.9992171116173267
Malicious,Malicious,0.9992174692451954
Malicious,Malicious,0.9992172904312611
Malicious,Malicious,0.9992172904312611
Malicious,Malicious,0.9992172904312611
Malicious,Malicious,0.9992172904312611
Malicious,Malicious,0.9991803951561451
Malicious,Malicious,0.9991945810616016
Malicious,Malicious,0.9992172904312611
Malicious,Malicious,0.9992172904312611
Malicious,Malicious,0.9992172904312611
Malicious,Malicious,0.9992172904312611
Malicious,Malicious,0.9992172904312611
Malicious,Malicious,0.9992172904312611
Malicious,Malicious,0.9992172904312611
Malicious,Malicious,0.9992172904312611
Malicious,Malicious,0.9566262103617191
Malicious,Malicious,0.9992172904312611
Malicious,Malicious,0.9992172904312611
Malicious,Malicious,0.9992172904312611
Malicious,Malicious,0.9992172904312611
Malicious,Malicious,0.9991803951561451
Malicious,Malicious,0.9992172904312611
Malicious,Malicious,0.9992172904312611
Malicious,Malicious,0.9992172904312611
Malicious,Malicious,0.9991945810616016
Malicious,Malicious,0.9992171116173267
Malicious,Malicious,0.9992172904312611
Malicious,Malicious,0.9992172904312611
Malicious,Malicious,0.9992172904312611
Malicious,Malicious,0.9992172904312611
Malicious,Malicious,0.9992172904312611
Malicious,Malicious,0.9973530471324921
Malicious,Malicious,0.9992172904312611
Malicious,Malicious,0.9992172904312611
Malicious,Malicious,0.9992172904312611
Malicious,Malicious,0.9992172904312611
Malicious,Malicious,0.9992172904312611
Malicious,Malicious,0.9992172904312611
Malicious,Malicious,0.9992174692451954
Malicious,Malicious,0.9991945810616016
Malicious,Malicious,0.9992171116173267
Malicious,Malicious,0.9992172904312611
Malicious,Malicious,0.9992174692451954
Malicious,Malicious,0.9992172904312611
Malicious,Malicious,0.9992172904312611
Malicious,Malicious,0.9992172904312611
Malicious,Malicious,0.9992172904312611
Malicious,Malicious,0.9912917502224445
Malicious,Malicious,0.9992172904312611
Malicious,Malicious,0.9992172904312611
Malicious,Malicious,0.9992171116173267
Malicious,Malicious,0.9992172904312611
Malicious,Malicious,0.9992172904312611
Malicious,Malicious,0.9992172904312611
Malicious,Malicious,0.9991803951561451
Malicious,Malicious,0.9992172904312611
Malicious,Malicious,0.9992172904312611
Malicious,Malicious,0.9992172904312611
Malicious,Malicious,0.9992156811058521
Malicious,Malicious,0.9992174692451954
Malicious,Malicious,0.9992172904312611
Malicious,Malicious,0.9992172904312611
Malicious,Malicious,0.9992172904312611
Malicious,Malicious,0.9992172904312611
Malicious,Malicious,0.99805061891675
Malicious,Malicious,0.9992172904312611
Malicious,Malicious,0.9992172904312611
Malicious,Malicious,0.9992172904312611
Malicious,Malicious,0.9992172904312611
Malicious,Malicious,0.9992174692451954
Malicious,Malicious,0.9992180056869984
Malicious,Malicious,0.9992172904312611
Malicious,Malicious,0.9992172904312611
Malicious,Malicious,0.999200601130724
Malicious,Malicious,0.9992172904312611
Malicious,Malicious,0.9992172904312611
Malicious,Malicious,0.9992172904312611
Malicious,Malicious,0.9992172904312611
Malicious,Benign,0.03614299325272441
Malicious,Malicious,0.9992172904312611
Malicious,Malicious,0.9992172904312611
Malicious,Malicious,0.9992172904312611
Malicious,Malicious,0.9992136545479298
Malicious,Malicious,0.9992174692451954
Malicious,Malicious,0.9992172904312611
Malicious,Malicious,0.999200601130724
Malicious,Malicious,0.9992172904312611
Malicious,Malicious,0.9992174692451954
Malicious,Malicious,0.9992172904312611
Malicious,Malicious,0.9992171116173267
Malicious,Malicious,0.9348626807332039
Malicious,Malicious,0.9992172904312611
Malicious,Malicious,0.9992172904312611
Malicious,Malicious,0.9992172904312611
Malicious,Malicious,0.9992172904312611
Malicious,Malicious,0.9992172904312611
Malicious,Malicious,0.9992172904312611
Malicious,Malicious,0.9992172904312611
Malicious,Malicious,0.9992172308266163
Malicious,Malicious,0.9992171116173267
Malicious,Malicious,0.9992172904312611
Malicious,Malicious,0.9992171116173267
Malicious,Malicious,0.9992172904312611
Malicious,Malicious,0.9992174692451954
Malicious,Malicious,0.9992171116173267
Malicious,Malicious,0.9992171116173267
Malicious,Malicious,0.9992171116173267
Malicious,Malicious,0.9992172904312611
Malicious,Malicious,0.9992172904312611
Malicious,Malicious,0.9992172904312611
Malicious,Malicious,0.9992172904312611
Malicious,Malicious,0.9992172904312611
Malicious,Malicious,0.9992172904312611
Malicious,Malicious,0.9992172904312611
Malicious,Malicious,0.9992172904312611
Malicious,Malicious,0.9992172904312611
Malicious,Malicious,0.9992131777107716
Malicious,Malicious,0.997898805886507
Malicious,Malicious,0.9992174692451954
Malicious,Malicious,0.9992172904312611
Malicious,Malicious,0.9992172904312611
Malicious,Malicious,0.9992172904312611
Malicious,Malicious,0.9992172904312611
Malicious,Malicious,0.9992172904312611
Malicious,Malicious,0.9992172904312611
Malicious,Malicious,0.9992172904312611
Malicious,Malicious,0.9992172904312611
Malicious,Malicious,0.9992174692451954
Malicious,Malicious,0.9992172904312611
Malicious,Malicious,0.9992172904312611
Malicious,Malicious,0.9992172904312611
Malicious,Malicious,0.9992172904312611
Malicious,Malicious,0.9992172904312611
Malicious,Malicious,0.9992172904312611
Malicious,Malicious,0.9992172904312611
Malicious,Malicious,0.9992171116173267
Malicious,Malicious,0.9992172904312611
Malicious,Malicious,0.9992137737572193
Malicious,Malicious,0.9992172904312611
Malicious,Malicious,0.9992172904312611
Malicious,Malicious,0.9992172904312611
Malicious,Malicious,0.9992172904312611
Malicious,Malicious,0.9992172904312611
Malicious,Malicious,0.9992172904312611
Malicious,Malicious,0.9992174692451954
Malicious,Malicious,0.9992172904312611
Malicious,Malicious,0.9980507977306843
Malicious,Malicious,0.9992172904312611
Malicious,Malicious,0.9992172904312611
Malicious,Malicious,0.9992156811058521
Malicious,Malicious,0.9992172904312611
Malicious,Malicious,0.9992172904312611
Malicious,Malicious,0.9992172904312611
Malicious,Malicious,0.9992171116173267
Malicious,Malicious,0.9992172904312611
Malicious,Malicious,0.9992172904312611
Malicious,Malicious,0.9992172904312611
Malicious,Malicious,0.9992172904312611
Malicious,Malicious,0.9992172904312611
Malicious,Malicious,0.9992172904312611
Malicious,Malicious,0.9992174692451954
Malicious,Malicious,0.9992172904312611
Malicious,Malicious,0.9991670437157154
Malicious,Malicious,0.9992172904312611
Malicious,Malicious,0.9992172904312611
Malicious,Malicious,0.9992172904312611
Malicious,Malicious,0.9990925379097462
Malicious,Malicious,0.9992172904312611
Malicious,Malicious,0.9992172904312611
Malicious,Malicious,0.9992172904312611
Malicious,Malicious,0.9992172904312611
Malicious,Malicious,0.9992172904312611
Malicious,Malicious,0.9992172904312611
Malicious,Malicious,0.9992094226181507
Malicious,Malicious,0.9992174692451954
Malicious,Malicious,0.9992172904312611
Malicious,Malicious,0.9992172904312611
Malicious,Malicious,0.9992172904312611
Malicious,Malicious,0.9992172904312611
Malicious,Malicious,0.9992172904312611
Malicious,Malicious,0.9992171116173267
Malicious,Malicious,0.9992172904312611
Malicious,Malicious,0.9992172904312611
Malicious,Malicious,0.9992172904312611
Malicious,Malicious,0.9992172904312611
Malicious,Malicious,0.9991803951561451
Malicious,Malicious,0.9992172904312611
Malicious,Malicious,0.9992172904312611
Malicious,Malicious,0.9992172904312611
Malicious,Malicious,0.9992174692451954
Malicious,Malicious,0.9992172904312611
Malicious,Malicious,0.9992172904312611
Malicious,Malicious,0.994417030364275
Malicious,Malicious,0.9992172904312611
Malicious,Malicious,0.9992172904312611
Malicious,Malicious,0.9992172904312611
Malicious,Malicious,0.9992172904312611
Malicious,Malicious,0.9992172904312611
Malicious,Malicious,0.9992172904312611
Malicious,Malicious,0.9988717027008533
Malicious,Malicious,0.9992172904312611
Malicious,Malicious,0.9008579468354583
Malicious,Malicious,0.9992172904312611
Malicious,Malicious,0.9992172904312611
Malicious,Malicious,0.9992171116173267
Malicious,Malicious,0.9992172904312611
Malicious,Benign,0.003599466959713027
Malicious,Malicious,0.9992172904312611
Malicious,Malicious,0.9992156811058521
Malicious,Malicious,0.9992171116173267
Malicious,Malicious,0.9992172904312611
Malicious,Malicious,0.9992172904312611
Malicious,Malicious,0.9992172904312611
Malicious,Malicious,0.9991945810616016
Malicious,Malicious,0.9992172904312611
Malicious,Malicious,0.9992172904312611
Malicious,Malicious,0.9992172904312611
Malicious,Malicious,0.9992172904312611
Malicious,Malicious,0.9992172904312611
Malicious,Malicious,0.9992172904312611
Malicious,Malicious,0.9992156811058521
Malicious,Malicious,0.9992172904312611
Malicious,Malicious,0.9991147108376026
Malicious,Malicious,0.9991945810616016
Malicious,Malicious,0.9992174692451954
Malicious,Malicious,0.9992172904312611
Malicious,Malicious,0.9992172904312611
Malicious,Malicious,0.9992172904312611
Malicious,Malicious,0.9992172904312611
Malicious,Malicious,0.9992172904312611
Malicious,Malicious,0.9992172904312611
Malicious,Malicious,0.9992172904312611
Malicious,Benign,0.0010574397165328264
Malicious,Malicious,0.9992172904312611
Malicious,Malicious,0.9991803951561451
Malicious,Malicious,0.9992172904312611
Malicious,Malicious,0.9992172904312611
Malicious,Malicious,0.9992172904312611
Malicious,Malicious,0.9992172904312611
Malicious,Malicious,0.9992172904312611
Malicious,Malicious,0.9992172904312611
Malicious,Malicious,0.9992174692451954
Malicious,Malicious,0.9992172904312611
Malicious,Malicious,0.9992172904312611
Malicious,Malicious,0.9992172904312611
Malicious,Malicious,0.9991392083466053
Malicious,Malicious,0.9992172904312611
Malicious,Malicious,0.9992172904312611
Malicious,Malicious,0.9992172904312611
Malicious,Malicious,0.9992174692451954
Malicious,Malicious,0.9992172904312611
Malicious,Malicious,0.9992172904312611
Malicious,Malicious,0.9992172904312611
Malicious,Malicious,0.9992172904312611
Malicious,Malicious,0.9992172904312611
Malicious,Malicious,0.9992174692451954
Malicious,Malicious,0.9992172904312611
Malicious,Malicious,0.9992172904312611
Malicious,Malicious,0.9991407580673695
Malicious,Malicious,0.9992172904312611
Malicious,Malicious,0.9992171116173267
Malicious,Malicious,0.9992174692451954
Malicious,Malicious,0.9992172904312611
Malicious,Malicious,0.9992172904312611
Malicious,Malicious,0.9992172904312611
Malicious,Malicious,0.9989659264683723
Malicious,Malicious,0.9992174692451954
Malicious,Malicious,0.9992172904312611
Malicious,Malicious,0.9992172904312611
Malicious,Malicious,0.9992171116173267
Malicious,Malicious,0.9992174692451954
Malicious,Malicious,0.9992172904312611
Malicious,Malicious,0.9992172904312611
Malicious,Malicious,0.9992174692451954
Malicious,Malicious,0.9992172904312611
Malicious,Malicious,0.9992174692451954
Malicious,Malicious,0.9992174692451954
Malicious,Malicious,0.9992172904312611
Malicious,Malicious,0.9992171116173267
Malicious,Malicious,0.9992172904312611
Malicious,Malicious,0.9991633482277393
Malicious,Benign,0.25969124818220735
Malicious,Malicious,0.9992174692451954
Malicious,Malicious,0.9992172904312611
Malicious,Malicious,0.9992171116173267
Malicious,Malicious,0.9992172904312611
Malicious,Malicious,0.9992172904312611
Malicious,Malicious,0.9992172904312611
Malicious,Malicious,0.9992172904312611
Malicious,Malicious,0.9992172904312611
Malicious,Malicious,0.9992174692451954
Malicious,Malicious,0.9992172904312611
Malicious,Malicious,0.9992172904312611
Malicious,Malicious,0.9992172904312611
Malicious,Malicious,0.9992172904312611
Malicious,Malicious,0.9992156811058521
Malicious,Malicious,0.9856720678508282
Malicious,Malicious,0.9992174692451954
Malicious,Malicious,0.9992172904312611
Malicious,Malicious,0.9992172904312611
Malicious,Malicious,0.9992172904312611
Malicious,Malicious,0.9992172904312611
Malicious,Malicious,0.9992172904312611
Malicious,Malicious,0.9992172904312611
Malicious,Malicious,0.9992171116173267
Malicious,Malicious,0.9988841377198696
Malicious,Malicious,0.9992172904312611
Malicious,Malicious,0.9992136545479298
Malicious,Malicious,0.9991803951561451
Malicious,Malicious,0.9992172904312611
Malicious,Malicious,0.9992172904312611
Malicious,Malicious,0.9992172904312611
Malicious,Malicious,0.9992172904312611
Malicious,Malicious,0.9992172904312611
Malicious,Malicious,0.9992172904312611
Malicious,Malicious,0.9992172904312611
Malicious,Malicious,0.9992174692451954
Malicious,Malicious,0.9992172904312611
Malicious,Malicious,0.9992172904312611
Malicious,Malicious,0.9992172904312611
Malicious,Malicious,0.9992172904312611
Malicious,Malicious,0.9992172904312611
Malicious,Malicious,0.9992172904312611
Malicious,Malicious,0.9992172904312611
Malicious,Malicious,0.9992172904312611
Malicious,Malicious,0.9992166347801685
Malicious,Malicious,0.9992172904312611
Malicious,Malicious,0.9992174692451954
Malicious,Malicious,0.9992172904312611
Malicious,Malicious,0.9992174692451954
Malicious,Malicious,0.9992172904312611
Malicious,Malicious,0.9992174692451954
Malicious,Malicious,0.9992172904312611
Malicious,Malicious,0.9992172904312611
Malicious,Malicious,0.9992172904312611
Malicious,Malicious,0.9992172904312611
Malicious,Malicious,0.9992172904312611
Malicious,Malicious,0.9992172904312611
Malicious,Malicious,0.9992172904312611
Malicious,Malicious,0.9992172904312611
Malicious,Malicious,0.9992172904312611
Malicious,Malicious,0.9992174692451954
Malicious,Malicious,0.9992172904312611
Malicious,Malicious,0.9992172904312611
Malicious,Malicious,0.9992172904312611
Malicious,Malicious,0.9992172904312611
Malicious,Malicious,0.9955504611134529
Malicious,Malicious,0.9992172904312611
Malicious,Malicious,0.9992172904312611
Malicious,Malicious,0.9992172904312611
Malicious,Malicious,0.9992174692451954
Malicious,Malicious,0.9992172904312611
Malicious,Malicious,0.9992172904312611
Malicious,Malicious,0.9992174692451954
Malicious,Malicious,0.9992172904312611
Malicious,Malicious,0.9992172904312611
Malicious,Malicious,0.9992172904312611
Malicious,Malicious,0.9992172904312611
Malicious,Malicious,0.9992172904312611
Malicious,Malicious,0.9992172904312611
Malicious,Malicious,0.9992172904312611
Malicious,Malicious,0.9992172904312611
Malicious,Malicious,0.9992171116173267
Malicious,Malicious,0.9992156811058521
Malicious,Malicious,0.9992172904312611
Malicious,Malicious,0.9992174692451954
Malicious,Malicious,0.9992172904312611
Malicious,Malicious,0.9992172904312611
Malicious,Malicious,0.9992172904312611
Malicious,Malicious,0.99913664534688
Malicious,Malicious,0.9992172904312611
Malicious,Malicious,0.9992172904312611
Malicious,Malicious,0.9992172904312611
Malicious,Malicious,0.9992172904312611
Malicious,Malicious,0.9989751651883125
Malicious,Malicious,0.9992171116173267
Malicious,Malicious,0.9992172308266163
Malicious,Malicious,0.9992172904312611
Malicious,Malicious,0.9992172904312611
Malicious,Malicious,0.9992172904312611
Malicious,Malicious,0.9992172904312611
Malicious,Malicious,0.9992172904312611
Malicious,Malicious,0.9991945810616016
Malicious,Malicious,0.9992174692451954
Malicious,Malicious,0.9992156811058521
Malicious,Malicious,0.9992174692451954
Malicious,Malicious,0.9992172904312611
Malicious,Malicious,0.9992171116173267
Malicious,Malicious,0.9992174692451954
Malicious,Malicious,0.9992172904312611
Malicious,Malicious,0.9992174692451954
Malicious,Malicious,0.9992172904312611
Malicious,Malicious,0.9992174692451954
Malicious,Malicious,0.9992172904312611
Malicious,Malicious,0.9992172904312611
Malicious,Malicious,0.9992174692451954
Malicious,Malicious,0.9992172904312611
Malicious,Malicious,0.9992172904312611
Malicious,Malicious,0.9991803951561451
Malicious,Malicious,0.9992171116173267
Malicious,Malicious,0.9992172904312611
Malicious,Malicious,0.9992172904312611
Malicious,Malicious,0.9992172904312611
Malicious,Malicious,0.9992172904312611
Malicious,Malicious,0.9992172904312611
Malicious,Malicious,0.9992172904312611
Malicious,Malicious,0.9992172904312611
Malicious,Malicious,0.9481532163918018
Malicious,Malicious,0.9992172904312611
Malicious,Malicious,0.9992172904312611
Malicious,Malicious,0.9992172904312611
Malicious,Malicious,0.9992172904312611
Malicious,Malicious,0.9992174692451954
Malicious,Malicious,0.9992172904312611
Malicious,Malicious,0.9992172904312611
Malicious,Malicious,0.9992172308266163
Malicious,Malicious,0.9992171116173267
Malicious,Benign,0.015992008557077497
Malicious,Malicious,0.9992174692451954
Malicious,Malicious,0.9992172904312611
Malicious,Malicious,0.9992174692451954
Malicious,Malicious,0.9991805739700794
Malicious,Malicious,0.9992172904312611
Malicious,Malicious,0.9992172904312611
Malicious,Malicious,0.9992172904312611
Malicious,Malicious,0.9992172904312611
Malicious,Malicious,0.9991803951561451
Malicious,Malicious,0.9992172904312611
Malicious,Malicious,0.9992172904312611
Malicious,Malicious,0.9992172904312611
Malicious,Malicious,0.9992174692451954
Malicious,Malicious,0.9992172904312611
Malicious,Malicious,0.9992172904312611
Malicious,Malicious,0.9992172904312611
Malicious,Malicious,0.9992156811058521
Malicious,Malicious,0.9992172904312611
Malicious,Malicious,0.9992172904312611
Malicious,Malicious,0.9992172904312611
Malicious,Malicious,0.9992171116173267
Malicious,Malicious,0.9992172904312611
Malicious,Malicious,0.9992172904312611
Malicious,Malicious,0.9992172904312611
Malicious,Malicious,0.9992172904312611
Malicious,Malicious,0.9991861172020435
Malicious,Malicious,0.9992172904312611
Malicious,Malicious,0.9992172904312611
Malicious,Malicious,0.9992172904312611
Malicious,Malicious,0.9992172904312611
Malicious,Malicious,0.9992131777107716
Malicious,Malicious,0.9992172904312611
Malicious,Malicious,0.9992172904312611
Malicious,Malicious,0.9992172904312611
Malicious,Malicious,0.9991633482277393
Malicious,Malicious,0.9992172904312611
Malicious,Malicious,0.9992172904312611
Malicious,Malicious,0.9992172904312611
Malicious,Malicious,0.9992172904312611
Malicious,Malicious,0.9992172904312611
Malicious,Malicious,0.9991805739700794
Malicious,Malicious,0.9992172904312611
Malicious,Malicious,0.9992172904312611
Malicious,Malicious,0.9992172904312611
Malicious,Malicious,0.9992172904312611
Malicious,Malicious,0.9992172904312611
Malicious,Malicious,0.9992171116173267
Malicious,Malicious,0.9992172904312611
Malicious,Malicious,0.9992172904312611
Malicious,Malicious,0.9992172904312611
Malicious,Malicious,0.9992172904312611
Malicious,Malicious,0.9992172904312611
Malicious,Malicious,0.9992172904312611
Malicious,Malicious,0.9992172904312611
Malicious,Malicious,0.9992172904312611
Malicious,Malicious,0.9992172904312611
Malicious,Malicious,0.9992171116173267
Malicious,Malicious,0.9992172904312611
Malicious,Malicious,0.9992172904312611
Malicious,Malicious,0.9992172904312611
Malicious,Malicious,0.9992172904312611
Malicious,Malicious,0.9992172904312611
Malicious,Malicious,0.9992172904312611
Malicious,Malicious,0.9992172904312611
Malicious,Malicious,0.9992172904312611
Malicious,Malicious,0.9992172904312611
Malicious,Malicious,0.9992172904312611
Malicious,Malicious,0.9992172904312611
Malicious,Malicious,0.9992172904312611
Malicious,Malicious,0.9992172904312611
Malicious,Malicious,0.9992172904312611
Malicious,Malicious,0.9992172904312611
Malicious,Malicious,0.9992172904312611
Malicious,Malicious,0.9992172904312611
Malicious,Malicious,0.9992171116173267
Malicious,Malicious,0.9992172904312611
Malicious,Malicious,0.9992172904312611
Malicious,Malicious,0.9992172904312611
Malicious,Malicious,0.9992172904312611
Malicious,Malicious,0.9992172904312611
Malicious,Malicious,0.9992174692451954
Malicious,Malicious,0.9992171116173267
Malicious,Benign,0.02161090332083404
Malicious,Malicious,0.9992172904312611
Malicious,Malicious,0.9992172904312611
Malicious,Malicious,0.9992172904312611
Malicious,Malicious,0.9992171116173267
Malicious,Malicious,0.9992172904312611
Malicious,Malicious,0.9992172904312611
Malicious,Malicious,0.9992172904312611
Malicious,Malicious,0.9992156811058521
Malicious,Malicious,0.9992172904312611
Malicious,Malicious,0.9992172904312611
Malicious,Malicious,0.6644008792936802
Malicious,Malicious,0.9992172904312611
Malicious,Malicious,0.9992172904312611
Malicious,Malicious,0.9992172904312611
Malicious,Malicious,0.9992172904312611
Malicious,Malicious,0.9992172904312611
Malicious,Benign,0.032394366222433746
Malicious,Malicious,0.9992172904312611
Malicious,Malicious,0.9992172904312611
Malicious,Malicious,0.9992172904312611
Malicious,Malicious,0.9992172904312611
Malicious,Malicious,0.9992172904312611
Malicious,Malicious,0.9991945810616016
Malicious,Malicious,0.9992172904312611
Malicious,Malicious,0.9992172904312611
Malicious,Malicious,0.9992172904312611
Malicious,Malicious,0.9992174692451954
Malicious,Malicious,0.9992172904312611
Malicious,Malicious,0.9992172904312611
Malicious,Malicious,0.9992172904312611
Malicious,Malicious,0.9992172904312611
Malicious,Malicious,0.9992172904312611
Malicious,Malicious,0.9992172904312611
Malicious,Malicious,0.9992174692451954
Malicious,Malicious,0.9992171116173267
Malicious,Malicious,0.9992172904312611
Malicious,Malicious,0.9992172904312611
Malicious,Malicious,0.9992172904312611
Malicious,Malicious,0.9992172904312611
Malicious,Malicious,0.9992172904312611
Malicious,Malicious,0.9992172904312611
Malicious,Malicious,0.9992172904312611
Malicious,Malicious,0.9992172904312611
Malicious,Malicious,0.9992172904312611
Malicious,Malicious,0.9992171116173267
Malicious,Malicious,0.9992172904312611
Malicious,Malicious,0.9992172904312611
Malicious,Malicious,0.9949051551520824
Malicious,Malicious,0.9992172904312611
Malicious,Malicious,0.9992172904312611
Malicious,Malicious,0.9829886741936207
Malicious,Malicious,0.9992172904312611
Malicious,Malicious,0.9992172904312611
Malicious,Malicious,0.9992172904312611
Malicious,Malicious,0.9988953657448292
Malicious,Malicious,0.9992174692451954
Malicious,Malicious,0.9992172904312611
Malicious,Malicious,0.9992172904312611
Malicious,Malicious,0.9992172904312611
Malicious,Malicious,0.9992172904312611
Malicious,Malicious,0.9992172904312611
Malicious,Malicious,0.9992172904312611
Malicious,Malicious,0.9992172904312611
Malicious,Malicious,0.9992172904312611
Malicious,Malicious,0.9992172904312611
Malicious,Malicious,0.9992172904312611
Malicious,Malicious,0.9992171116173267
Malicious,Malicious,0.9992172904312611
Malicious,Malicious,0.9992172904312611
Malicious,Malicious,0.9992172904312611
Malicious,Malicious,0.9992172904312611
Malicious,Malicious,0.9992172904312611
Malicious,Malicious,0.9992174692451954
Malicious,Malicious,0.9992172904312611
Malicious,Malicious,0.9992172904312611
Malicious,Malicious,0.9992172904312611
Malicious,Malicious,0.9992174692451954
Malicious,Malicious,0.9992172904312611
Malicious,Malicious,0.9992172904312611
Malicious,Malicious,0.9992172904312611
Malicious,Malicious,0.9992174692451954
Malicious,Malicious,0.996490117162466
Malicious,Malicious,0.9992172904312611
Malicious,Malicious,0.9992172904312611
Malicious,Malicious,0.9992172904312611
Malicious,Malicious,0.9992172904312611
Malicious,Malicious,0.9992172904312611
Malicious,Malicious,0.9992172904312611
Malicious,Malicious,0.9992172904312611
Malicious,Malicious,0.9992172904312611
Malicious,Malicious,0.9992172904312611
Malicious,Malicious,0.9992174692451954
Malicious,Malicious,0.9992172904312611
Malicious,Malicious,0.9975296966731548
Malicious,Malicious,0.9992172904312611
Malicious,Malicious,0.9992172904312611
Malicious,Malicious,0.9992172904312611
Malicious,Malicious,0.999203521758318
Malicious,Malicious,0.9992171116173267
Malicious,Malicious,0.9992172904312611
Malicious,Malicious,0.9992172904312611
Malicious,Malicious,0.9992172904312611
Malicious,Malicious,0.9992172904312611
Malicious,Malicious,0.9992171116173267
Malicious,Malicious,0.9992156811058521
Malicious,Malicious,0.9992171116173267
Malicious,Malicious,0.9992156811058521
Malicious,Malicious,0.9992172904312611
Malicious,Malicious,0.9992172904312611
Malicious,Malicious,0.9992172904312611
Malicious,Malicious,0.9992171116173267
Malicious,Malicious,0.9992172904312611
Malicious,Malicious,0.9992172904312611
Malicious,Malicious,0.9992172904312611
Malicious,Malicious,0.9992174692451954
Malicious,Malicious,0.9992171116173267
Malicious,Malicious,0.9992172904312611
Malicious,Malicious,0.9962857775390148
Malicious,Malicious,0.9992171116173267
Malicious,Malicious,0.9992172904312611
Malicious,Malicious,0.9992172904312611
Malicious,Malicious,0.9991823025047779
Malicious,Malicious,0.9992172904312611
Malicious,Malicious,0.9992172904312611
Malicious,Malicious,0.9992172904312611
Malicious,Malicious,0.9992171116173267
Malicious,Malicious,0.9992172904312611
Malicious,Malicious,0.9992172904312611
Malicious,Malicious,0.9992171116173267
Malicious,Malicious,0.9992172904312611
Malicious,Malicious,0.9992172904312611
Malicious,Malicious,0.9992172904312611
Malicious,Malicious,0.9992172904312611
Malicious,Malicious,0.9992172904312611
Malicious,Malicious,0.9992172904312611
Malicious,Malicious,0.9992172904312611
Malicious,Malicious,0.9992172904312611
Malicious,Malicious,0.9992174692451954
Malicious,Malicious,0.9992172904312611
Malicious,Malicious,0.9992172904312611
Malicious,Malicious,0.9992172904312611
Malicious,Malicious,0.9991803951561451
Malicious,Malicious,0.9992172904312611
Malicious,Malicious,0.9991997070610523
Malicious,Malicious,0.9992172904312611
Malicious,Malicious,0.9992172904312611
Malicious,Malicious,0.9992172904312611
Malicious,Malicious,0.9992172904312611
Malicious,Malicious,0.9992172904312611
Malicious,Malicious,0.9992172904312611
Malicious,Malicious,0.5814955495297909
Malicious,Malicious,0.9992172904312611
Malicious,Malicious,0.9992172904312611
Malicious,Malicious,0.9992174692451954
Malicious,Malicious,0.9992076344788074
Malicious,Malicious,0.9992172904312611
Malicious,Malicious,0.9992171116173267
Malicious,Malicious,0.9992172904312611
Malicious,Malicious,0.9992172904312611
Malicious,Malicious,0.9992172904312611
Malicious,Malicious,0.9992172904312611
Malicious,Malicious,0.9992172904312611
Malicious,Malicious,0.9992172904312611
Malicious,Malicious,0.9991945810616016
Malicious,Malicious,0.9761720597743988
Malicious,Malicious,0.9992174692451954
Malicious,Malicious,0.9992172904312611
Malicious,Benign,0.010544379823841155
Malicious,Malicious,0.9992172904312611
Malicious,Malicious,0.9992172904312611
Malicious,Malicious,0.9992172904312611
Malicious,Malicious,0.9992174692451954
Malicious,Malicious,0.9992172904312611
Malicious,Malicious,0.9992172904312611
Malicious,Malicious,0.9992172904312611
Malicious,Malicious,0.9992172904312611
Malicious,Malicious,0.9992172904312611
Malicious,Malicious,0.9992172904312611
Malicious,Malicious,0.9992172904312611
Malicious,Malicious,0.9990803189575672
Malicious,Malicious,0.9992172904312611
Malicious,Malicious,0.9992174692451954
Malicious,Malicious,0.9992174692451954
Malicious,Malicious,0.9992172904312611
Malicious,Malicious,0.9992172904312611
Malicious,Malicious,0.9992172904312611
Malicious,Malicious,0.9992172904312611
Malicious,Malicious,0.9992172904312611
Malicious,Malicious,0.9992172904312611
Malicious,Malicious,0.9992172904312611
Malicious,Malicious,0.9992172904312611
Malicious,Malicious,0.9992171116173267
Malicious,Malicious,0.9992171116173267
Malicious,Malicious,0.9992171116173267
Malicious,Malicious,0.9991586394608021
Malicious,Malicious,0.9992172904312611
Malicious,Malicious,0.9992132969200611
Malicious,Malicious,0.9992172904312611
Malicious,Malicious,0.9992174692451954
Malicious,Malicious,0.9992076344788074
Malicious,Malicious,0.9992172904312611
Malicious,Malicious,0.99913664534688
Malicious,Malicious,0.9992171116173267
Malicious,Malicious,0.9992172904312611
Malicious,Malicious,0.9992172904312611
Malicious,Malicious,0.9992172904312611
Malicious,Malicious,0.9992172904312611
Malicious,Malicious,0.9992172904312611
Malicious,Malicious,0.9992172904312611
Malicious,Malicious,0.9992172904312611
Malicious,Malicious,0.9992172904312611
Malicious,Malicious,0.9992172904312611
Malicious,Malicious,0.9949656538665295
Malicious,Malicious,0.9992172904312611
Malicious,Malicious,0.9992172904312611
Malicious,Malicious,0.9407658576965332
Malicious,Malicious,0.9992172904312611
Malicious,Malicious,0.9992172904312611
Malicious,Malicious,0.9992172904312611
Malicious,Malicious,0.9992172904312611
Malicious,Malicious,0.9992174692451954
Malicious,Malicious,0.9992171116173267
Malicious,Malicious,0.9992172904312611
Malicious,Malicious,0.9992172904312611
Malicious,Malicious,0.9992172904312611
Malicious,Malicious,0.9992172904312611
Malicious,Malicious,0.9983217418193817
Malicious,Malicious,0.8815500708296895
Malicious,Malicious,0.9992172904312611
Malicious,Malicious,0.9992156811058521
Malicious,Malicious,0.9992172904312611
Malicious,Malicious,0.9992172904312611
Malicious,Malicious,0.9992172904312611
Malicious,Malicious,0.9992172904312611
Malicious,Malicious,0.9992174692451954
Malicious,Benign,0.003941407645470463
Malicious,Malicious,0.9992172904312611
Malicious,Malicious,0.9992172904312611
Malicious,Malicious,0.9992172904312611
Malicious,Malicious,0.9992172904312611
Malicious,Malicious,0.9992172904312611
Malicious,Malicious,0.9992172904312611
Malicious,Malicious,0.9992172904312611
Malicious,Malicious,0.9992172904312611
Malicious,Malicious,0.9992174692451954
Malicious,Malicious,0.9992172904312611
Malicious,Benign,0.3910045027732849
Malicious,Malicious,0.9992174692451954
Malicious,Malicious,0.9991633482277393
Malicious,Malicious,0.9828234501183033
Malicious,Malicious,0.9992172904312611
Malicious,Malicious,0.9992172904312611
Malicious,Malicious,0.9992172904312611
Malicious,Malicious,0.9992171116173267
Malicious,Malicious,0.9992172904312611
Malicious,Malicious,0.9992172904312611
Malicious,Malicious,0.9992172904312611
Malicious,Malicious,0.9992172904312611
Malicious,Malicious,0.9992172904312611
Malicious,Malicious,0.9992172904312611
Malicious,Malicious,0.9992156811058521
Malicious,Malicious,0.9991689510643482
Malicious,Malicious,0.9991820640861988
Malicious,Malicious,0.9992172904312611
Malicious,Malicious,0.9992172904312611
Malicious,Malicious,0.9992172904312611
Malicious,Malicious,0.9992172904312611
Malicious,Malicious,0.9992172904312611
Malicious,Malicious,0.9992172904312611
Malicious,Malicious,0.9992172904312611
Malicious,Malicious,0.9992172904312611
Malicious,Malicious,0.9992172904312611
Malicious,Malicious,0.9992172904312611
Malicious,Malicious,0.9992172904312611
Malicious,Malicious,0.9992172904312611
Malicious,Malicious,0.998883780092001
Malicious,Malicious,0.9992172904312611
Malicious,Malicious,0.9988470636308193
Malicious,Malicious,0.9992172904312611
Malicious,Malicious,0.9992172904312611
Malicious,Malicious,0.9992172904312611
Malicious,Malicious,0.9992172308266163
Malicious,Malicious,0.9992172904312611
Malicious,Malicious,0.9992171116173267
Malicious,Malicious,0.9992172904312611
Malicious,Malicious,0.9991945810616016
Malicious,Malicious,0.9992172904312611
Malicious,Malicious,0.9992172904312611
Malicious,Malicious,0.9992172904312611
Malicious,Malicious,0.9992172904312611
Malicious,Malicious,0.9992172904312611
Malicious,Malicious,0.9992174692451954
Malicious,Malicious,0.9992172904312611
Malicious,Malicious,0.9992172904312611
Malicious,Malicious,0.9992172904312611
Malicious,Malicious,0.9992172904312611
Malicious,Malicious,0.9992172904312611
Malicious,Malicious,0.9992172904312611
Malicious,Malicious,0.9991803951561451
Malicious,Benign,0.0166452727135038
Malicious,Malicious,0.9992172904312611
Malicious,Malicious,0.9992172904312611
Malicious,Malicious,0.9992172904312611
Malicious,Malicious,0.9992174692451954
Malicious,Malicious,0.9992172904312611
Malicious,Benign,0.10306490492075682
Malicious,Malicious,0.9992172904312611
Malicious,Malicious,0.9992172904312611
Malicious,Malicious,0.9992172904312611
Malicious,Malicious,0.9992156811058521
Malicious,Malicious,0.9992156811058521
Malicious,Malicious,0.9992172904312611
Malicious,Malicious,0.9992174692451954
Malicious,Malicious,0.9992171116173267
Malicious,Malicious,0.9992172904312611
Malicious,Malicious,0.9992156811058521
Malicious,Malicious,0.9992172904312611
Malicious,Malicious,0.9992172904312611
Malicious,Malicious,0.9992172904312611
Malicious,Malicious,0.9992172904312611
Malicious,Malicious,0.9992172904312611
Malicious,Malicious,0.9992171116173267
Malicious,Malicious,0.9992171116173267
Malicious,Malicious,0.9992172904312611
Malicious,Malicious,0.9992172904312611
Malicious,Malicious,0.9991670437157154
Malicious,Malicious,0.9992172904312611
Malicious,Malicious,0.9991945810616016
Malicious,Malicious,0.9992172904312611
Malicious,Malicious,0.9992172904312611
Malicious,Malicious,0.9992172904312611
Malicious,Malicious,0.9992172904312611
Malicious,Malicious,0.9992172904312611
Malicious,Malicious,0.9991689510643482
Malicious,Malicious,0.9992174692451954
Malicious,Malicious,0.9992172904312611
Malicious,Malicious,0.9992172904312611
Malicious,Malicious,0.9992172904312611
Malicious,Malicious,0.9992172904312611
Malicious,Malicious,0.9992172904312611
Malicious,Malicious,0.9992172904312611
Malicious,Malicious,0.9992172904312611
Malicious,Malicious,0.9992172904312611
Malicious,Malicious,0.9992172904312611
Malicious,Malicious,0.9992172904312611
Malicious,Malicious,0.9992172904312611
Malicious,Malicious,0.9992174692451954
Malicious,Malicious,0.9992172904312611
Malicious,Malicious,0.9310649875551462
Malicious,Malicious,0.9992172904312611
Malicious,Malicious,0.9990863986313343
Malicious,Malicious,0.9992172904312611
Malicious,Malicious,0.9992172904312611
Malicious,Malicious,0.9992172904312611
Malicious,Malicious,0.9992174692451954
Malicious,Malicious,0.9992172904312611
Malicious,Malicious,0.9992172904312611
Malicious,Malicious,0.9992172904312611
Malicious,Malicious,0.9992174692451954
Malicious,Malicious,0.9498124308884144
Malicious,Malicious,0.9992172904312611
Malicious,Malicious,0.9992172904312611
Malicious,Malicious,0.9992172904312611
Malicious,Malicious,0.9992171116173267
Malicious,Malicious,0.9992156811058521
Malicious,Malicious,0.9992172904312611
Malicious,Malicious,0.9992172904312611
Malicious,Malicious,0.9992172904312611
Malicious,Malicious,0.9992172904312611
Malicious,Malicious,0.9992172904312611
Malicious,Malicious,0.9992172904312611
Malicious,Malicious,0.9992172904312611
Malicious,Malicious,0.9992172904312611
Malicious,Malicious,0.9992172904312611
Malicious,Malicious,0.9992172904312611
Malicious,Malicious,0.9992172904312611
Malicious,Malicious,0.9992172904312611
Malicious,Malicious,0.9247228763997555
Malicious,Malicious,0.9992172904312611
Malicious,Malicious,0.9992171116173267
Malicious,Malicious,0.9992172904312611
Malicious,Malicious,0.9992172904312611
Malicious,Malicious,0.9992172904312611
Malicious,Malicious,0.9992172904312611
Malicious,Malicious,0.9992172904312611
Malicious,Malicious,0.9992172904312611
Malicious,Malicious,0.9992172904312611
Malicious,Malicious,0.9992156811058521
Malicious,Malicious,0.9992172904312611
Malicious,Malicious,0.9992172904312611
Malicious,Malicious,0.9992156811058521
Malicious,Malicious,0.9992172904312611
Malicious,Malicious,0.9992172904312611
Malicious,Malicious,0.9992172904312611
Malicious,Malicious,0.9992172904312611
Malicious,Malicious,0.9992172904312611
Malicious,Malicious,0.9992172904312611
Malicious,Malicious,0.9992172904312611
Malicious,Malicious,0.9992172904312611
Malicious,Malicious,0.9992171116173267
Malicious,Malicious,0.9992156811058521
Malicious,Malicious,0.9992172904312611
Malicious,Malicious,0.9992174692451954
Malicious,Malicious,0.9992172904312611
Malicious,Malicious,0.9992172904312611
Malicious,Malicious,0.9992172904312611
Malicious,Malicious,0.9992172904312611
Malicious,Malicious,0.9992172904312611
Malicious,Malicious,0.9992156811058521
Malicious,Malicious,0.9992172904312611
Malicious,Malicious,0.9992172904312611
Malicious,Malicious,0.9992172904312611
Malicious,Malicious,0.9992172904312611
Malicious,Malicious,0.9992172904312611
Malicious,Malicious,0.9992172904312611
Malicious,Malicious,0.9992172904312611
Malicious,Malicious,0.9992172904312611
Malicious,Malicious,0.9992172904312611
Malicious,Malicious,0.9992172904312611
Malicious,Malicious,0.9992172904312611
Malicious,Malicious,0.9992172904312611
Malicious,Malicious,0.9992172904312611
Malicious,Malicious,0.9992172904312611
Malicious,Benign,0.007624553254572675
Malicious,Malicious,0.9992116875946522
Malicious,Malicious,0.9992172904312611
Malicious,Malicious,0.9992171116173267
Malicious,Benign,0.012232281238539144
Malicious,Malicious,0.9992156811058521
Malicious,Malicious,0.9992174692451954
Malicious,Malicious,0.9992172904312611
Malicious,Malicious,0.9992171116173267
Malicious,Malicious,0.9992172904312611
Malicious,Malicious,0.9992172904312611
Malicious,Malicious,0.9991803951561451
Malicious,Malicious,0.9992172904312611
Malicious,Malicious,0.9992172904312611
Malicious,Malicious,0.9992172904312611
Malicious,Malicious,0.9992172904312611
Malicious,Malicious,0.999209601432085
Malicious,Malicious,0.9992172904312611
Malicious,Malicious,0.9992174692451954
Malicious,Malicious,0.9992076344788074
Malicious,Malicious,0.9992172904312611
Malicious,Malicious,0.9992172904312611
Malicious,Malicious,0.9992172904312611
Malicious,Malicious,0.9992172904312611
Malicious,Malicious,0.9992172904312611
Malicious,Malicious,0.9992172904312611
Malicious,Malicious,0.9992172904312611
Malicious,Malicious,0.9992174692451954
Malicious,Malicious,0.9992172904312611
Malicious,Malicious,0.9992172904312611
Malicious,Malicious,0.9992172904312611
Malicious,Malicious,0.9992172904312611
Malicious,Malicious,0.9992172904312611
Malicious,Malicious,0.9991803951561451
Malicious,Malicious,0.9992172904312611
Malicious,Malicious,0.9992172904312611
Malicious,Malicious,0.9992172904312611
Malicious,Malicious,0.9992174692451954
Malicious,Malicious,0.9992171116173267
Malicious,Malicious,0.9992172904312611
Malicious,Malicious,0.9992172904312611
Malicious,Malicious,0.9992172904312611
Malicious,Malicious,0.9992172904312611
Malicious,Malicious,0.9991486258804798
Malicious,Malicious,0.9992172904312611
Malicious,Malicious,0.9992172904312611
Malicious,Malicious,0.9992172904312611
Malicious,Malicious,0.9992156811058521
Malicious,Malicious,0.9991392083466053
Malicious,Malicious,0.9992172904312611
Malicious,Malicious,0.9992172904312611
Malicious,Malicious,0.9992172904312611
Malicious,Malicious,0.9992172904312611
Malicious,Malicious,0.99805061891675
Malicious,Malicious,0.9992174692451954
Malicious,Malicious,0.9992172904312611
Malicious,Malicious,0.9992172904312611
Malicious,Malicious,0.9992172904312611
Malicious,Malicious,0.9991945810616016
Malicious,Malicious,0.9992172904312611
Malicious,Malicious,0.9992172904312611
Malicious,Malicious,0.9992172904312611
Malicious,Malicious,0.9992172904312611
Malicious,Malicious,0.9992172904312611
Malicious,Malicious,0.9992172904312611
Malicious,Malicious,0.9992172904312611
Malicious,Malicious,0.9992174692451954
Malicious,Malicious,0.9992172904312611
Malicious,Malicious,0.9992172904312611
Malicious,Malicious,0.9992172904312611
Malicious,Malicious,0.9992174692451954
Malicious,Malicious,0.9992174692451954
Malicious,Malicious,0.9992172904312611
Malicious,Malicious,0.9992172904312611
Malicious,Malicious,0.9992172904312611
Malicious,Malicious,0.9992156811058521
Malicious,Malicious,0.9992172904312611
Malicious,Malicious,0.9992172904312611
Malicious,Malicious,0.9992172904312611
Malicious,Malicious,0.9992172904312611
Malicious,Malicious,0.9992172904312611
Malicious,Malicious,0.9992171116173267
Malicious,Malicious,0.9992172904312611
Malicious,Malicious,0.9992172904312611
Malicious,Malicious,0.9992172904312611
Malicious,Malicious,0.9992172904312611
Malicious,Malicious,0.9991803951561451
Malicious,Malicious,0.9992172904312611
Malicious,Malicious,0.9992172904312611
Malicious,Malicious,0.9992172904312611
Malicious,Malicious,0.9992172904312611
Malicious,Malicious,0.9992172904312611
Malicious,Malicious,0.9992172904312611
Malicious,Malicious,0.9992171116173267
Malicious,Malicious,0.9992172904312611
Malicious,Malicious,0.9992172904312611
Malicious,Malicious,0.9992172904312611
Malicious,Malicious,0.9992172904312611
Malicious,Malicious,0.9992172904312611
Malicious,Malicious,0.9992156811058521
Malicious,Malicious,0.9992172904312611
Malicious,Benign,0.044727572705596685
Malicious,Malicious,0.9992172904312611
Malicious,Malicious,0.9992172904312611
Malicious,Malicious,0.9992172904312611
Malicious,Malicious,0.9992172904312611
Malicious,Malicious,0.9992174692451954
Malicious,Malicious,0.9992172904312611
Malicious,Malicious,0.9992174692451954
Malicious,Malicious,0.9992172904312611
Malicious,Malicious,0.9992172904312611
Malicious,Malicious,0.9992172904312611
Malicious,Malicious,0.9992172904312611
Malicious,Malicious,0.9992172904312611
Malicious,Malicious,0.9992172904312611
Malicious,Malicious,0.99805061891675
Malicious,Malicious,0.9992172904312611
Malicious,Malicious,0.9992172904312611
Malicious,Malicious,0.9992172904312611
Malicious,Malicious,0.9992172904312611
Malicious,Malicious,0.9992172904312611
Malicious,Malicious,0.9992172904312611
Malicious,Malicious,0.9992174692451954
Malicious,Malicious,0.9992172904312611
Malicious,Malicious,0.9992174692451954
Malicious,Malicious,0.9449204038828611
Malicious,Malicious,0.9992174692451954
Malicious,Malicious,0.9992172904312611
Malicious,Malicious,0.9992172904312611
Malicious,Malicious,0.9992172904312611
Malicious,Malicious,0.9992172904312611
Malicious,Benign,0.019947199092712253
Malicious,Malicious,0.9992172904312611
Malicious,Malicious,0.9992172904312611
Malicious,Malicious,0.9992172904312611
Malicious,Malicious,0.9992172904312611
Malicious,Malicious,0.9992172904312611
Malicious,Malicious,0.9992172904312611
Malicious,Malicious,0.9992172904312611
Malicious,Malicious,0.9992172904312611
Malicious,Malicious,0.9992172904312611
Malicious,Malicious,0.9992172904312611
Malicious,Malicious,0.9992171116173267
Malicious,Malicious,0.9991945810616016
Malicious,Benign,0.03564429352991283
Malicious,Malicious,0.9992172904312611
Malicious,Malicious,0.9992172904312611
Malicious,Malicious,0.9992172904312611
Malicious,Malicious,0.998013723641634
Malicious,Malicious,0.9992172904312611
Malicious,Malicious,0.9992172904312611
Malicious,Malicious,0.9992172904312611
Malicious,Malicious,0.9992172904312611
Malicious,Malicious,0.9992172904312611
Malicious,Malicious,0.9992174692451954
Malicious,Malicious,0.9992172904312611
Malicious,Malicious,0.9992172904312611
Malicious,Malicious,0.9992174692451954
Malicious,Malicious,0.9992172904312611
Malicious,Malicious,0.9992172904312611
Malicious,Malicious,0.9992172904312611
Malicious,Malicious,0.9992172904312611
Malicious,Malicious,0.9992171116173267
Malicious,Malicious,0.9991945810616016
Malicious,Malicious,0.9992172904312611
Malicious,Malicious,0.9992172904312611
Malicious,Malicious,0.9992172904312611
Malicious,Benign,0.09420131516526453
Malicious,Malicious,0.9977904446423054
Malicious,Malicious,0.9992172904312611
Malicious,Malicious,0.9992172904312611
Malicious,Malicious,0.9992174692451954
Malicious,Malicious,0.9992172904312611
Malicious,Malicious,0.985607672482729
Malicious,Malicious,0.9992172904312611
Malicious,Malicious,0.9992172904312611
Malicious,Malicious,0.9992172904312611
Malicious,Malicious,0.9992172904312611
Malicious,Malicious,0.9992172904312611
Malicious,Malicious,0.9992172904312611
Malicious,Malicious,0.9992172904312611
Malicious,Malicious,0.9992172904312611
Malicious,Malicious,0.9992172904312611
Malicious,Malicious,0.9992171116173267
Malicious,Malicious,0.9992172904312611
Malicious,Malicious,0.9992172904312611
Malicious,Malicious,0.9992172904312611
Malicious,Malicious,0.9992172904312611
Malicious,Malicious,0.9992172904312611
Malicious,Malicious,0.9992172904312611
Malicious,Malicious,0.9992171116173267
Malicious,Malicious,0.9992172904312611
Malicious,Malicious,0.9992174692451954
Malicious,Malicious,0.9992172904312611
Malicious,Malicious,0.9992174692451954
Malicious,Malicious,0.9992172904312611
Malicious,Malicious,0.9992172904312611
Malicious,Malicious,0.9992174692451954
Malicious,Malicious,0.9992172904312611
Malicious,Malicious,0.9992172904312611
Malicious,Malicious,0.9992171116173267
Malicious,Malicious,0.9992172904312611
Malicious,Malicious,0.9992174692451954
Malicious,Malicious,0.9992172904312611
Malicious,Malicious,0.9992172904312611
Malicious,Malicious,0.9980363138020039
Malicious,Malicious,0.9992172904312611
Malicious,Malicious,0.9992172904312611
Malicious,Malicious,0.9992172904312611
Malicious,Malicious,0.9992172904312611
Malicious,Malicious,0.9992174692451954
Malicious,Malicious,0.9992172904312611
Malicious,Malicious,0.9992172904312611
Malicious,Malicious,0.9992174692451954
Malicious,Malicious,0.9992172904312611
Malicious,Malicious,0.9992172904312611
Malicious,Malicious,0.9992172904312611
Malicious,Malicious,0.9990504458546638
Malicious,Malicious,0.9992174692451954
Malicious,Malicious,0.9992171116173267
Malicious,Malicious,0.9992172904312611
Malicious,Malicious,0.983253289014101
Malicious,Malicious,0.9992172904312611
Malicious,Malicious,0.9816656075417995
Malicious,Malicious,0.9992172904312611
Malicious,Malicious,0.9992172904312611
Malicious,Malicious,0.9992172904312611
Malicious,Malicious,0.9992172904312611
Malicious,Malicious,0.9992174692451954
Malicious,Malicious,0.9991586394608021
Malicious,Malicious,0.9992172308266163
Malicious,Malicious,0.9992172904312611
Malicious,Malicious,0.9992172904312611
Malicious,Benign,0.04543022206053138
Malicious,Malicious,0.9992174692451954
Malicious,Benign,0.016868869060999714
Malicious,Malicious,0.9992156811058521
Malicious,Malicious,0.9992172904312611
Malicious,Malicious,0.9992156811058521
Malicious,Malicious,0.9992172904312611
Malicious,Malicious,0.9992172904312611
Malicious,Malicious,0.9992156811058521
Malicious,Malicious,0.9992172904312611
Malicious,Malicious,0.9992172904312611
Malicious,Malicious,0.9992171116173267
Malicious,Malicious,0.9992172904312611
Malicious,Malicious,0.9992172904312611
Malicious,Malicious,0.9329862426966429
Malicious,Malicious,0.9992172904312611
Malicious,Malicious,0.9701504223048687
Malicious,Malicious,0.9992172904312611
Malicious,Malicious,0.9992171116173267
Malicious,Benign,0.032002607331378385
Malicious,Malicious,0.9992172904312611
Malicious,Malicious,0.9992172904312611
Malicious,Malicious,0.9992172904312611
Malicious,Malicious,0.9992172904312611
Malicious,Malicious,0.9992172904312611
Malicious,Malicious,0.9992172904312611
Malicious,Benign,0.08257380500435829
Malicious,Malicious,0.9992171116173267
Malicious,Malicious,0.9992172904312611
Malicious,Malicious,0.9992172904312611
Malicious,Malicious,0.9992172904312611
Malicious,Malicious,0.9992172904312611
Malicious,Malicious,0.9992172904312611
Malicious,Malicious,0.9980409629642963
Malicious,Malicious,0.9992172904312611
Malicious,Malicious,0.9992172904312611
Malicious,Malicious,0.9991803951561451
Malicious,Malicious,0.9992172904312611
Malicious,Malicious,0.9992172904312611
Malicious,Malicious,0.9991803951561451
Malicious,Malicious,0.9992172904312611
Malicious,Malicious,0.9992172904312611
Malicious,Malicious,0.9992172904312611
Malicious,Malicious,0.9992172904312611
Malicious,Malicious,0.9992172904312611
Malicious,Malicious,0.9992172904312611
Malicious,Malicious,0.9992171116173267
Malicious,Malicious,0.9992172904312611
Malicious,Malicious,0.9992172904312611
Malicious,Malicious,0.9992172904312611
Malicious,Malicious,0.9992172904312611
Malicious,Malicious,0.9992172904312611
Malicious,Malicious,0.9992172904312611
Malicious,Malicious,0.9992172904312611
Malicious,Malicious,0.9992172904312611
Malicious,Malicious,0.9992172904312611
Malicious,Malicious,0.9992172904312611
Malicious,Malicious,0.9992172904312611
Malicious,Malicious,0.9992172904312611
Malicious,Malicious,0.999203521758318
Malicious,Malicious,0.9992076344788074
Malicious,Malicious,0.9992172904312611
Malicious,Malicious,0.9992172904312611
Malicious,Malicious,0.9992172904312611
Malicious,Malicious,0.9992172904312611
Malicious,Malicious,0.9992172904312611
Malicious,Malicious,0.9992172904312611
Malicious,Malicious,0.9992172904312611
Malicious,Malicious,0.9992172904312611
Malicious,Malicious,0.9992156811058521
Malicious,Malicious,0.9992172904312611
Malicious,Malicious,0.9992172904312611
Malicious,Malicious,0.9992172904312611
Malicious,Benign,0.003045534947887063
Malicious,Malicious,0.9992172904312611
Malicious,Malicious,0.9992172904312611
Malicious,Malicious,0.9992116875946522
Malicious,Malicious,0.9992172904312611
Malicious,Malicious,0.9992172904312611
Malicious,Malicious,0.9992172904312611
Malicious,Malicious,0.9992172904312611
Malicious,Malicious,0.9992172904312611
Malicious,Malicious,0.9992172904312611
Malicious,Malicious,0.9992172904312611
Malicious,Malicious,0.9992174692451954
Malicious,Malicious,0.9992172904312611
Malicious,Malicious,0.9992172904312611
Malicious,Malicious,0.9992172904312611
Malicious,Malicious,0.9992172904312611
Malicious,Malicious,0.9992171116173267
Malicious,Malicious,0.9992172904312611
Malicious,Malicious,0.9992172904312611
Malicious,Malicious,0.9992174692451954
Malicious,Malicious,0.9992172904312611
Malicious,Malicious,0.9992172904312611
Malicious,Malicious,0.9992172904312611
Malicious,Malicious,0.9992172904312611
Malicious,Malicious,0.999200601130724
Malicious,Malicious,0.9992172904312611
Malicious,Malicious,0.9992172904312611
Malicious,Malicious,0.9992172904312611
Malicious,Malicious,0.9992174692451954
Malicious,Malicious,0.9992172904312611
Malicious,Malicious,0.9992171116173267
Malicious,Malicious,0.9992172904312611
Malicious,Malicious,0.9992172904312611
Malicious,Malicious,0.9980504401028156
Malicious,Malicious,0.9992172904312611
Malicious,Malicious,0.9992172904312611
Malicious,Malicious,0.9992171116173267
Malicious,Malicious,0.9992172904312611
Malicious,Malicious,0.9992172904312611
Malicious,Malicious,0.8581890016794205
Malicious,Malicious,0.9992172904312611
Malicious,Malicious,0.9992172904312611
Malicious,Malicious,0.9992172904312611
Malicious,Malicious,0.9992172904312611
Malicious,Malicious,0.9992172904312611
Malicious,Malicious,0.9992172904312611
Malicious,Malicious,0.9992172904312611
Malicious,Malicious,0.9992172904312611
Malicious,Malicious,0.9992172904312611
Malicious,Malicious,0.9992172904312611
Malicious,Malicious,0.9992171116173267
Malicious,Malicious,0.9992172904312611
Malicious,Benign,0.023691959446296096
Malicious,Malicious,0.9992172904312611
Malicious,Malicious,0.9991945810616016
Malicious,Malicious,0.9992172904312611
Malicious,Malicious,0.9992171116173267
Malicious,Malicious,0.9992172904312611
Malicious,Malicious,0.9992156811058521
Malicious,Malicious,0.9992172904312611
Malicious,Malicious,0.9992172904312611
Malicious,Benign,0.08973583532497287
Malicious,Malicious,0.9992172904312611
Malicious,Malicious,0.9992172904312611
Malicious,Malicious,0.9992156811058521
Malicious,Malicious,0.9992172904312611
Malicious,Malicious,0.9992172904312611
Malicious,Malicious,0.9992172904312611
Malicious,Malicious,0.9992172904312611
Malicious,Malicious,0.9992172904312611
Malicious,Malicious,0.9502041600644588
Malicious,Malicious,0.9287729412317276
Malicious,Malicious,0.9992172904312611
Malicious,Malicious,0.9992172904312611
Malicious,Malicious,0.9992172904312611
Malicious,Malicious,0.9992172904312611
Malicious,Malicious,0.9992172904312611
Malicious,Malicious,0.9992172904312611
Malicious,Malicious,0.9992172904312611
Malicious,Malicious,0.9992172904312611
Malicious,Malicious,0.9992172904312611
Malicious,Malicious,0.9992174692451954
Malicious,Malicious,0.9992172904312611
Malicious,Malicious,0.9992172904312611
Malicious,Malicious,0.9992172904312611
Malicious,Malicious,0.9992172904312611
Malicious,Malicious,0.9992172904312611
Malicious,Malicious,0.9992172904312611
Malicious,Malicious,0.9992172904312611
Malicious,Malicious,0.9992172904312611
Malicious,Malicious,0.9992156811058521
Malicious,Malicious,0.9992172904312611
Malicious,Malicious,0.9992172904312611
Malicious,Malicious,0.9992172904312611
Malicious,Malicious,0.9992172904312611
Malicious,Malicious,0.9992174692451954
Malicious,Malicious,0.9992172904312611
Malicious,Malicious,0.9992172904312611
Malicious,Malicious,0.9992172904312611
Malicious,Malicious,0.9992172904312611
Malicious,Malicious,0.968969065696001
Malicious,Malicious,0.9992172904312611
Malicious,Malicious,0.9992172904312611
Malicious,Malicious,0.9923521094024181
Malicious,Malicious,0.9992172904312611
Malicious,Malicious,0.9992171116173267
Malicious,Malicious,0.9992174692451954
Malicious,Malicious,0.9992172904312611
Malicious,Malicious,0.9992131777107716
Malicious,Malicious,0.9992172904312611
Malicious,Malicious,0.9992174692451954
Malicious,Malicious,0.9991392083466053
Malicious,Malicious,0.9992172904312611
Malicious,Malicious,0.9992172904312611
Malicious,Malicious,0.9992172904312611
Malicious,Malicious,0.9992172904312611
Malicious,Malicious,0.9992172904312611
Malicious,Malicious,0.9992172904312611
Malicious,Malicious,0.9992172904312611
Malicious,Malicious,0.9992172904312611
Malicious,Malicious,0.9992172904312611
Malicious,Malicious,0.9992172904312611
Malicious,Malicious,0.9992156811058521
Malicious,Malicious,0.9991633482277393
Malicious,Malicious,0.9992172904312611
Malicious,Malicious,0.9992172904312611
Malicious,Malicious,0.9992172904312611
Malicious,Malicious,0.9992172904312611
Malicious,Malicious,0.9992172904312611
Malicious,Malicious,0.9990508034825325
Malicious,Malicious,0.9992172904312611
Malicious,Malicious,0.9992174692451954
Malicious,Malicious,0.9992172904312611
Malicious,Malicious,0.9992172904312611
Malicious,Malicious,0.9992171116173267
Malicious,Malicious,0.9992172904312611
Malicious,Malicious,0.9992172904312611
Malicious,Malicious,0.9992172904312611
Malicious,Malicious,0.9992172904312611
Malicious,Malicious,0.9992172904312611
Malicious,Malicious,0.9992172904312611
Malicious,Malicious,0.9992172904312611
Malicious,Malicious,0.9992172904312611
Malicious,Benign,0.0765007403679192
Malicious,Malicious,0.9992174692451954
Malicious,Malicious,0.9992172904312611
Malicious,Malicious,0.9992172904312611
Malicious,Malicious,0.9992078132927418
Malicious,Malicious,0.9992172904312611
Malicious,Malicious,0.9992172904312611
Malicious,Malicious,0.9992172904312611
Malicious,Malicious,0.9992172904312611
Malicious,Malicious,0.9991945810616016
Malicious,Malicious,0.9992172904312611
Malicious,Malicious,0.9992172904312611
Malicious,Malicious,0.9992172904312611
Malicious,Malicious,0.8602744676172733
Malicious,Malicious,0.9992172904312611
Malicious,Malicious,0.9992172904312611
Malicious,Malicious,0.9992174692451954
Malicious,Malicious,0.9992172904312611
Malicious,Malicious,0.9992172904312611
Malicious,Malicious,0.9992171116173267
Malicious,Malicious,0.9992156811058521
Malicious,Malicious,0.9992174692451954
Malicious,Malicious,0.9992171116173267
Malicious,Malicious,0.9992172904312611
Malicious,Malicious,0.7136813248507679
Malicious,Malicious,0.9992174692451954
Malicious,Malicious,0.9992172904312611
Malicious,Malicious,0.9992172904312611
Malicious,Malicious,0.9992172904312611
Malicious,Malicious,0.9992172904312611
Malicious,Malicious,0.9992172904312611
Malicious,Benign,0.0685851969756186
Malicious,Malicious,0.9992174692451954
Malicious,Malicious,0.9992171116173267
Malicious,Malicious,0.9992076344788074
Malicious,Malicious,0.9991945810616016
Malicious,Malicious,0.9992172904312611
Malicious,Malicious,0.9992172904312611
Malicious,Malicious,0.9992172904312611
Malicious,Malicious,0.9992172904312611
Malicious,Malicious,0.9992172904312611
Malicious,Malicious,0.9992172904312611
Malicious,Malicious,0.9992172904312611
Malicious,Malicious,0.9992172904312611
Malicious,Malicious,0.9992172904312611
Malicious,Malicious,0.9992172904312611
Malicious,Malicious,0.9992172904312611
Malicious,Malicious,0.9992172904312611
Malicious,Malicious,0.9992172904312611
Malicious,Malicious,0.9992174692451954
Malicious,Malicious,0.9992172904312611
Malicious,Malicious,0.9992172904312611
Malicious,Malicious,0.9992172904312611
Malicious,Malicious,0.9992172904312611
Malicious,Malicious,0.9992174692451954
Malicious,Malicious,0.9992172904312611
Malicious,Malicious,0.9992171116173267
Malicious,Malicious,0.9992172904312611
Malicious,Malicious,0.9992172904312611
Malicious,Malicious,0.9992172904312611
Malicious,Malicious,0.9990429356694221
Malicious,Malicious,0.9992172904312611
Malicious,Malicious,0.9992172904312611
Malicious,Malicious,0.9992174692451954
Malicious,Malicious,0.9992172904312611
Malicious,Malicious,0.9992172904312611
Malicious,Malicious,0.9992172904312611
Malicious,Malicious,0.9992172904312611
Malicious,Malicious,0.9992172904312611
Malicious,Malicious,0.9992172904312611
Malicious,Malicious,0.9639207124710083
Malicious,Malicious,0.9991805739700794
Malicious,Malicious,0.9992171116173267
Malicious,Malicious,0.9992172904312611
Malicious,Malicious,0.9992174692451954
Malicious,Malicious,0.9992156811058521
Malicious,Malicious,0.9919989481568336
Malicious,Malicious,0.9992174692451954
Malicious,Malicious,0.9992172904312611
Malicious,Malicious,0.9992136545479298
Malicious,Malicious,0.9992174692451954
Malicious,Malicious,0.9992172904312611
Malicious,Malicious,0.9992156811058521
Malicious,Malicious,0.9992172904312611
Malicious,Malicious,0.9992172904312611
Malicious,Malicious,0.9992172904312611
Malicious,Malicious,0.9992172904312611
Malicious,Malicious,0.9889614172279835
Malicious,Malicious,0.9992172904312611
Malicious,Malicious,0.9992172904312611
Malicious,Malicious,0.9992172904312611
Malicious,Malicious,0.9992172904312611
Malicious,Malicious,0.9992171116173267
Malicious,Malicious,0.9992174692451954
Malicious,Malicious,0.9992172904312611
Malicious,Malicious,0.9992172904312611
Malicious,Malicious,0.9992172904312611
Malicious,Malicious,0.9991945810616016
Malicious,Malicious,0.9992172904312611
Malicious,Malicious,0.9992172904312611
Malicious,Malicious,0.9992172904312611
Malicious,Malicious,0.9992172904312611
Malicious,Malicious,0.9992172904312611
Malicious,Malicious,0.9992172904312611
Malicious,Malicious,0.9992172904312611
Malicious,Malicious,0.9992171116173267
Malicious,Malicious,0.9992172904312611
Malicious,Malicious,0.9991945810616016
Malicious,Malicious,0.9992172904312611
Malicious,Malicious,0.9992172904312611
Malicious,Malicious,0.9992174692451954
Malicious,Malicious,0.9992172904312611
Malicious,Malicious,0.9992172904312611
Malicious,Malicious,0.9992174692451954
Malicious,Malicious,0.9992172904312611
Malicious,Benign,0.007527391775511205
Malicious,Malicious,0.9992172904312611
Malicious,Malicious,0.9992156811058521
Malicious,Malicious,0.9992172904312611
Malicious,Malicious,0.9992171116173267
Malicious,Malicious,0.9992171116173267
Malicious,Malicious,0.9992172904312611
Malicious,Malicious,0.9992172904312611
Malicious,Malicious,0.9992171116173267
Malicious,Malicious,0.9992172904312611
Malicious,Malicious,0.9992174692451954
Malicious,Malicious,0.9992172904312611
Malicious,Malicious,0.9992171116173267
Malicious,Malicious,0.9992172904312611
Malicious,Malicious,0.9992172904312611
Malicious,Malicious,0.9992172904312611
Malicious,Malicious,0.9992172904312611
Malicious,Malicious,0.9992174692451954
Malicious,Malicious,0.9992172904312611
Malicious,Malicious,0.9992174692451954
Malicious,Malicious,0.9992172904312611
Malicious,Malicious,0.9992172904312611
Malicious,Malicious,0.9992172904312611
Malicious,Malicious,0.9992172904312611
Malicious,Malicious,0.9992172904312611
Malicious,Malicious,0.9992172904312611
Malicious,Malicious,0.9992172904312611
Malicious,Malicious,0.998013723641634
Malicious,Malicious,0.9992172904312611
Malicious,Malicious,0.9992174692451954
Malicious,Malicious,0.9992172904312611
Malicious,Malicious,0.9992172904312611
Malicious,Malicious,0.9992172904312611
Malicious,Malicious,0.9992156811058521
Malicious,Malicious,0.9992172904312611
Malicious,Malicious,0.9992172904312611
Malicious,Malicious,0.9992174692451954
Malicious,Malicious,0.9992172904312611
Malicious,Malicious,0.9992172904312611
Malicious,Malicious,0.9992172904312611
Malicious,Malicious,0.9992172904312611
Malicious,Malicious,0.9992172904312611
Malicious,Malicious,0.9992172904312611
Malicious,Malicious,0.9992172904312611
Malicious,Malicious,0.9992172904312611
Malicious,Malicious,0.9992172904312611
Malicious,Malicious,0.9992172904312611
Malicious,Malicious,0.9992156811058521
Malicious,Malicious,0.9992172904312611
Malicious,Malicious,0.9992172904312611
Malicious,Malicious,0.9992172904312611
Malicious,Malicious,0.9992172904312611
Malicious,Malicious,0.9992172904312611
Malicious,Malicious,0.9992172904312611
Malicious,Malicious,0.9992172904312611
Malicious,Malicious,0.9992172904312611
Malicious,Malicious,0.9992172904312611
Malicious,Malicious,0.9992171116173267
Malicious,Malicious,0.9992172904312611
Malicious,Malicious,0.9992172904312611
Malicious,Malicious,0.9992172904312611
Malicious,Malicious,0.9991945810616016
Malicious,Malicious,0.9992172904312611
Malicious,Malicious,0.9992172904312611
Malicious,Malicious,0.9992172904312611
Malicious,Malicious,0.9992174692451954
Malicious,Malicious,0.9992172904312611
Malicious,Malicious,0.9991945810616016
Malicious,Malicious,0.9992172904312611
Malicious,Malicious,0.9992172904312611
Malicious,Malicious,0.9992172904312611
Malicious,Malicious,0.9991803951561451
Malicious,Malicious,0.9992172904312611
Malicious,Malicious,0.9992172904312611
Malicious,Malicious,0.9992172904312611
Malicious,Malicious,0.9992172904312611
Malicious,Malicious,0.9992172904312611
Malicious,Malicious,0.9992172904312611
Malicious,Malicious,0.9992172904312611
Malicious,Malicious,0.9992172904312611
Malicious,Malicious,0.9992172904312611
Malicious,Malicious,0.9992171116173267
Malicious,Malicious,0.9992172904312611
Malicious,Malicious,0.9992172904312611
Malicious,Malicious,0.9992172904312611
Malicious,Malicious,0.9992172904312611
Malicious,Malicious,0.9992172904312611
Malicious,Malicious,0.9992172904312611
Malicious,Malicious,0.9992172904312611
Malicious,Malicious,0.9992172904312611
Malicious,Malicious,0.9992172904312611
Malicious,Malicious,0.9992174692451954
Malicious,Malicious,0.9992172904312611
Malicious,Malicious,0.9992172904312611
Malicious,Malicious,0.9992172904312611
Malicious,Malicious,0.9992172904312611
Malicious,Malicious,0.9992172904312611
Malicious,Malicious,0.9992172904312611
Malicious,Malicious,0.9992172904312611
Malicious,Malicious,0.9992172904312611
Malicious,Malicious,0.9992172904312611
Malicious,Malicious,0.9992174692451954
Malicious,Malicious,0.9992172904312611
Malicious,Malicious,0.9992172904312611
Malicious,Malicious,0.9992172904312611
Malicious,Malicious,0.9992174692451954
Malicious,Malicious,0.9992172904312611
Malicious,Malicious,0.9991945810616016
Malicious,Malicious,0.9992174692451954
Malicious,Malicious,0.9992172904312611
Malicious,Malicious,0.9992172904312611
Malicious,Malicious,0.9992172904312611
Malicious,Malicious,0.9992172904312611
Malicious,Malicious,0.9992172904312611
Malicious,Malicious,0.9992171116173267
Malicious,Malicious,0.9992174692451954
Malicious,Malicious,0.9992172904312611
Malicious,Malicious,0.9992172904312611
Malicious,Malicious,0.9992172904312611
Malicious,Malicious,0.9992172904312611
Malicious,Malicious,0.9992172904312611
Malicious,Malicious,0.9992172904312611
Malicious,Malicious,0.9992172904312611
Malicious,Benign,0.00259641045704484
Malicious,Malicious,0.9992172904312611
Malicious,Malicious,0.9992172904312611
Malicious,Malicious,0.9992174692451954
Malicious,Malicious,0.9992156811058521
Malicious,Malicious,0.9992172904312611
Malicious,Malicious,0.9992172904312611
Malicious,Malicious,0.9992172904312611
Malicious,Malicious,0.9992172904312611
Malicious,Malicious,0.9992172904312611
Malicious,Malicious,0.9992171116173267
Malicious,Malicious,0.9992172904312611
Malicious,Malicious,0.9992172904312611
Malicious,Malicious,0.9992156811058521
Malicious,Malicious,0.9992172904312611
Malicious,Malicious,0.9992172904312611
Malicious,Malicious,0.9989767745137215
Malicious,Malicious,0.9992172904312611
Malicious,Malicious,0.9992174692451954
Malicious,Malicious,0.9992172904312611
Malicious,Malicious,0.9992131777107716
Malicious,Malicious,0.9992172904312611
Malicious,Malicious,0.9992172904312611
Malicious,Malicious,0.9992172904312611
Malicious,Malicious,0.999200601130724
Malicious,Malicious,0.9992174692451954
Malicious,Malicious,0.9991803951561451
Malicious,Malicious,0.9992172904312611
Malicious,Malicious,0.9992172904312611
Malicious,Malicious,0.9992172904312611
Malicious,Malicious,0.9992172904312611
Malicious,Malicious,0.9992172904312611
Malicious,Malicious,0.9992172904312611
Malicious,Malicious,0.9992172904312611
Malicious,Malicious,0.9991765208542347
Malicious,Malicious,0.9992172904312611
Malicious,Malicious,0.9991945810616016
Malicious,Malicious,0.9992172904312611
Malicious,Malicious,0.9992172904312611
Malicious,Malicious,0.9990581460297108
Malicious,Malicious,0.9992156811058521
Malicious,Malicious,0.9991803951561451
Malicious,Malicious,0.9992171116173267
Malicious,Malicious,0.9992172904312611
Malicious,Malicious,0.9991623349487782
Malicious,Malicious,0.9992172904312611
Malicious,Malicious,0.9992172904312611
Malicious,Malicious,0.9992172904312611
Malicious,Malicious,0.9992172904312611
Malicious,Malicious,0.9992171116173267
Malicious,Malicious,0.9992172904312611
Malicious,Malicious,0.9991945810616016
Malicious,Malicious,0.9992172904312611
Malicious,Malicious,0.9992172904312611
Malicious,Malicious,0.9992172904312611
Malicious,Malicious,0.9992172904312611
Malicious,Malicious,0.9991945810616016
Malicious,Malicious,0.9992172904312611
Malicious,Malicious,0.9992172904312611
Malicious,Malicious,0.9992172904312611
Malicious,Malicious,0.9992172904312611
Malicious,Malicious,0.9992172904312611
Malicious,Malicious,0.9992172904312611
Malicious,Malicious,0.9992172904312611
Malicious,Malicious,0.9992172904312611
Malicious,Malicious,0.9992172904312611
Malicious,Malicious,0.9992172904312611
Malicious,Malicious,0.9992156811058521
Malicious,Malicious,0.9992172904312611
Malicious,Malicious,0.9992172904312611
Malicious,Malicious,0.9992172904312611
Malicious,Malicious,0.9992174692451954
Malicious,Malicious,0.9992172904312611
Malicious,Malicious,0.9920766241848469
Malicious,Malicious,0.9992172904312611
Malicious,Malicious,0.9992172904312611
Malicious,Malicious,0.9992156811058521
Malicious,Malicious,0.9992172904312611
Malicious,Malicious,0.9992172904312611
Malicious,Malicious,0.9992076344788074
Malicious,Malicious,0.9992172904312611
Malicious,Malicious,0.9992171116173267
Malicious,Malicious,0.9992172904312611
Malicious,Malicious,0.9992172904312611
Malicious,Malicious,0.9888365231454372
Malicious,Malicious,0.9992172904312611
Malicious,Malicious,0.9992172904312611
Malicious,Malicious,0.9992172904312611
Malicious,Malicious,0.9992172904312611
Malicious,Malicious,0.9955216236412525
Malicious,Malicious,0.9992051310837269
Malicious,Malicious,0.9992172904312611
Malicious,Malicious,0.9992171116173267
Malicious,Malicious,0.9992172904312611
Malicious,Malicious,0.9992172904312611
Malicious,Malicious,0.9992172904312611
Malicious,Malicious,0.9992172904312611
Malicious,Malicious,0.9992172904312611
Malicious,Malicious,0.9992172904312611
Malicious,Malicious,0.9992172904312611
Malicious,Malicious,0.9992172904312611
Malicious,Malicious,0.9992172904312611
Malicious,Malicious,0.9992172904312611
Malicious,Benign,0.4889815356582403
Malicious,Malicious,0.9992172904312611
Malicious,Malicious,0.9992172308266163
Malicious,Malicious,0.9992172904312611
Malicious,Malicious,0.9992171116173267
Malicious,Malicious,0.9992172904312611
Malicious,Malicious,0.9992174692451954
Malicious,Malicious,0.9991945810616016
Malicious,Malicious,0.9992172904312611
Malicious,Malicious,0.9992172904312611
Malicious,Malicious,0.9992172904312611
Malicious,Malicious,0.9992172904312611
Malicious,Malicious,0.9992172904312611
Malicious,Malicious,0.9992172904312611
Malicious,Malicious,0.9991821832954884
Malicious,Malicious,0.9992172904312611
Malicious,Malicious,0.9992172904312611
Malicious,Malicious,0.9992172904312611
Malicious,Malicious,0.9992076344788074
Malicious,Malicious,0.9992172904312611
Malicious,Malicious,0.9992172904312611
Malicious,Malicious,0.9992171116173267
Malicious,Malicious,0.9992172904312611
Malicious,Benign,0.10471054422669113
Malicious,Malicious,0.9992172904312611
Malicious,Malicious,0.9992116875946522
Malicious,Malicious,0.9992172904312611
Malicious,Malicious,0.9512392841279507
Malicious,Malicious,0.9992174692451954
Malicious,Malicious,0.9992172904312611
Malicious,Malicious,0.9992172904312611
Malicious,Malicious,0.9992172904312611
Malicious,Malicious,0.9992172904312611
Malicious,Malicious,0.9992172904312611
Malicious,Malicious,0.9992172904312611
Malicious,Malicious,0.9992172904312611
Malicious,Malicious,0.9992171116173267
Malicious,Malicious,0.9992172904312611
Malicious,Malicious,0.9992172904312611
Malicious,Malicious,0.9992172904312611
Malicious,Malicious,0.9992172904312611
Malicious,Benign,0.003580551827326417
Malicious,Malicious,0.9992172904312611
Malicious,Malicious,0.9992172904312611
Malicious,Malicious,0.9992174692451954
Malicious,Malicious,0.9992172904312611
Malicious,Malicious,0.9992171116173267
Malicious,Malicious,0.9992172904312611
Malicious,Malicious,0.9992172904312611
Malicious,Malicious,0.9992172904312611
Malicious,Malicious,0.9992172904312611
Malicious,Malicious,0.9992172904312611
Malicious,Malicious,0.9992172904312611
Malicious,Malicious,0.9992076344788074
Malicious,Malicious,0.9992172904312611
Malicious,Malicious,0.9992172904312611
Malicious,Malicious,0.9992172904312611
Malicious,Malicious,0.9992172904312611
Malicious,Benign,0.034923713421449065
Malicious,Malicious,0.9992174692451954
Malicious,Malicious,0.9954853728413582
Malicious,Malicious,0.9992172904312611
Malicious,Malicious,0.9992172904312611
Malicious,Malicious,0.9992171116173267
Malicious,Malicious,0.9992172904312611
Malicious,Malicious,0.9992172904312611
Malicious,Malicious,0.9992172904312611
Malicious,Malicious,0.9992172904312611
Malicious,Malicious,0.9992172904312611
Malicious,Malicious,0.9992172904312611
Malicious,Malicious,0.9992172904312611
Malicious,Malicious,0.9992172904312611
Malicious,Malicious,0.9992172904312611
Malicious,Malicious,0.9992172904312611
Malicious,Malicious,0.9992174692451954
Malicious,Malicious,0.9992172904312611
Malicious,Malicious,0.9992172904312611
Malicious,Malicious,0.9992172904312611
Malicious,Malicious,0.9992172904312611
Malicious,Malicious,0.9992171116173267
Malicious,Malicious,0.9992171116173267
Malicious,Malicious,0.9992172904312611
Malicious,Malicious,0.9991437382996082
Malicious,Malicious,0.9992171116173267
Malicious,Malicious,0.9992172904312611
Malicious,Malicious,0.9992174692451954
Malicious,Malicious,0.9992172904312611
Malicious,Malicious,0.9992172904312611
Malicious,Malicious,0.9992172904312611
Malicious,Malicious,0.9992172904312611
Malicious,Malicious,0.9992172904312611
Malicious,Malicious,0.9992172904312611
Malicious,Malicious,0.9992172904312611
Malicious,Malicious,0.9992172904312611
Malicious,Malicious,0.9992172904312611
Malicious,Malicious,0.9992156811058521
Malicious,Malicious,0.9992172904312611
Malicious,Malicious,0.9991945810616016
Malicious,Malicious,0.9992172904312611
Malicious,Malicious,0.9992172904312611
Malicious,Malicious,0.9992171116173267
Malicious,Malicious,0.9992172904312611
Malicious,Malicious,0.9992172904312611
Malicious,Malicious,0.9992172904312611
Malicious,Malicious,0.9992172904312611
Malicious,Malicious,0.9991945810616016
Malicious,Malicious,0.9992172904312611
Malicious,Malicious,0.9992172904312611
Malicious,Malicious,0.9992172904312611
Malicious,Malicious,0.9992172904312611
Malicious,Malicious,0.9992172904312611
Malicious,Malicious,0.9992172904312611
Malicious,Malicious,0.9992172904312611
Malicious,Malicious,0.9992172904312611
Malicious,Malicious,0.9992172904312611
Malicious,Malicious,0.9992172904312611
Malicious,Malicious,0.9992172904312611
Malicious,Malicious,0.9992172904312611
Malicious,Malicious,0.9992172904312611
Malicious,Malicious,0.9992172904312611
Malicious,Malicious,0.9992172904312611
Malicious,Malicious,0.9992172904312611
Malicious,Malicious,0.9992172904312611
Malicious,Malicious,0.9992172904312611
Malicious,Malicious,0.9929988384246826
Malicious,Malicious,0.9992171116173267
Malicious,Malicious,0.9992172904312611
Malicious,Malicious,0.9991823025047779
Malicious,Malicious,0.9992172904312611
Malicious,Malicious,0.9992172904312611
Malicious,Malicious,0.9992172904312611
Malicious,Malicious,0.9992174692451954
Malicious,Malicious,0.9992172904312611
Malicious,Malicious,0.9992172904312611
Malicious,Malicious,0.9992172904312611
Malicious,Malicious,0.9990999884903431
Malicious,Malicious,0.9992172904312611
Malicious,Malicious,0.9992172904312611
Malicious,Malicious,0.9992172904312611
Malicious,Malicious,0.9992172904312611
Malicious,Malicious,0.9992172904312611
Malicious,Malicious,0.999200601130724
Malicious,Malicious,0.9992172904312611
Malicious,Malicious,0.9992172904312611
Malicious,Malicious,0.9992172904312611
Malicious,Malicious,0.9992172904312611
Malicious,Malicious,0.9992171116173267
Malicious,Malicious,0.9992172904312611
Malicious,Malicious,0.9968823380768299
Malicious,Malicious,0.9992172904312611
Malicious,Malicious,0.9992174692451954
Malicious,Malicious,0.9992172904312611
Malicious,Malicious,0.9991758652031422
Malicious,Malicious,0.9992172904312611
Malicious,Malicious,0.9992172904312611
Malicious,Malicious,0.9964454248547554
Malicious,Malicious,0.9992172904312611
Malicious,Malicious,0.9992172904312611
Malicious,Malicious,0.9992172904312611
Malicious,Malicious,0.99805061891675
Malicious,Malicious,0.9992174692451954
Malicious,Malicious,0.9992172904312611
Malicious,Malicious,0.9992172904312611
Malicious,Malicious,0.9992172904312611
Malicious,Malicious,0.9991725869476795
Malicious,Malicious,0.9992172904312611
Malicious,Malicious,0.9992156811058521
Malicious,Malicious,0.9992172904312611
Malicious,Malicious,0.9992171116173267
Malicious,Malicious,0.9992172904312611
Malicious,Malicious,0.9992172904312611
Malicious,Benign,0.0032899032667046413
Malicious,Malicious,0.9991945810616016
Malicious,Malicious,0.9992172904312611
Malicious,Malicious,0.9992172904312611
Malicious,Malicious,0.9992172904312611
Malicious,Malicious,0.9992171116173267
Malicious,Malicious,0.9992171116173267
Malicious,Malicious,0.9992156811058521
Malicious,Malicious,0.9992172904312611
Malicious,Malicious,0.9992172904312611
Malicious,Malicious,0.9992172904312611
Malicious,Malicious,0.9992172904312611
Malicious,Malicious,0.9992172904312611
Malicious,Malicious,0.9992172904312611
Malicious,Malicious,0.9992172904312611
Malicious,Malicious,0.9992174692451954
Malicious,Malicious,0.9992172904312611
Malicious,Malicious,0.9992172904312611
Malicious,Malicious,0.9992171116173267
Malicious,Malicious,0.9992171116173267
Malicious,Malicious,0.9992172904312611
Malicious,Malicious,0.9992172904312611
Malicious,Malicious,0.9992172904312611
Malicious,Malicious,0.9992172904312611
Malicious,Malicious,0.9992172904312611
Malicious,Malicious,0.9992172904312611
Malicious,Malicious,0.9992172904312611
Malicious,Malicious,0.9992172904312611
Malicious,Malicious,0.9992174692451954
Malicious,Malicious,0.9992172904312611
Malicious,Malicious,0.9992172904312611
Malicious,Malicious,0.9992172904312611
Malicious,Malicious,0.9992172904312611
Malicious,Malicious,0.9992172904312611
Malicious,Malicious,0.9992172904312611
Malicious,Malicious,0.9992172904312611
Malicious,Malicious,0.9992171116173267
Malicious,Malicious,0.9992172904312611
Malicious,Malicious,0.9992172904312611
Malicious,Malicious,0.9992172904312611
Malicious,Malicious,0.9992172904312611
Malicious,Malicious,0.9992156811058521
Malicious,Malicious,0.9992172904312611
Malicious,Malicious,0.9992172904312611
Malicious,Malicious,0.9992172904312611
Malicious,Malicious,0.9992156811058521
Malicious,Malicious,0.9992172904312611
Malicious,Malicious,0.9992172904312611
Malicious,Malicious,0.9992172904312611
Malicious,Malicious,0.9992172904312611
Malicious,Malicious,0.9992171116173267
Malicious,Malicious,0.9992172904312611
Malicious,Malicious,0.9992172904312611
Malicious,Malicious,0.9992172904312611
Malicious,Malicious,0.9992172904312611
Malicious,Malicious,0.9992171116173267
Malicious,Malicious,0.9992174692451954
Malicious,Malicious,0.9992172904312611
Malicious,Malicious,0.9992172904312611
Malicious,Malicious,0.9992171116173267
Malicious,Malicious,0.9992174692451954
Malicious,Malicious,0.9991201348602772
Malicious,Malicious,0.9992172904312611
Malicious,Malicious,0.9992172904312611
Malicious,Malicious,0.9992172904312611
Malicious,Malicious,0.9992172904312611
Malicious,Malicious,0.9992172904312611
Malicious,Malicious,0.9992172904312611
Malicious,Malicious,0.9992172904312611
Malicious,Malicious,0.9992171116173267
Malicious,Malicious,0.9992171116173267
Malicious,Malicious,0.9992171116173267
Malicious,Malicious,0.9992172904312611
Malicious,Malicious,0.9992172904312611
Malicious,Malicious,0.9992172904312611
Malicious,Malicious,0.9992172904312611
Malicious,Malicious,0.9992172904312611
Malicious,Malicious,0.9992172904312611
Malicious,Malicious,0.9992172904312611
Malicious,Malicious,0.9992172904312611
Malicious,Malicious,0.9992172904312611
Malicious,Malicious,0.9992172904312611
Malicious,Malicious,0.9992172904312611
Malicious,Malicious,0.9992174692451954
Malicious,Malicious,0.9992156811058521
Malicious,Malicious,0.9991945810616016
Malicious,Malicious,0.9992172904312611
Malicious,Malicious,0.9992136545479298
Malicious,Malicious,0.9992174692451954
Malicious,Malicious,0.9992172904312611
Malicious,Malicious,0.9992171116173267
Malicious,Malicious,0.9992172904312611
Malicious,Malicious,0.9992172904312611
Malicious,Malicious,0.9992172904312611
Malicious,Malicious,0.9991803951561451
Malicious,Malicious,0.9992172904312611
Malicious,Malicious,0.9992174692451954
Malicious,Malicious,0.9992174692451954
Malicious,Malicious,0.9992172904312611
Malicious,Malicious,0.9992156811058521
Malicious,Malicious,0.9992172904312611
Malicious,Benign,0.3443635944277048
Malicious,Malicious,0.9992174692451954
Malicious,Malicious,0.9992172904312611
Malicious,Malicious,0.9991805739700794
Malicious,Malicious,0.9992174692451954
Malicious,Malicious,0.9992172904312611
Malicious,Malicious,0.9992172904312611
Malicious,Malicious,0.9992172904312611
Malicious,Malicious,0.9992172904312611
Malicious,Malicious,0.9991945810616016
Malicious,Malicious,0.9992172904312611
Malicious,Malicious,0.9992172904312611
Malicious,Malicious,0.9992172904312611
Malicious,Malicious,0.9992172904312611
Malicious,Malicious,0.9992156811058521
Malicious,Malicious,0.9992172904312611
Malicious,Malicious,0.9992174692451954
Malicious,Malicious,0.9992174692451954
Malicious,Malicious,0.9992172904312611
Malicious,Malicious,0.9992172904312611
Malicious,Malicious,0.9992172904312611
Malicious,Malicious,0.9992172904312611
Malicious,Malicious,0.9992172904312611
Malicious,Malicious,0.9992156811058521
Malicious,Malicious,0.9992172904312611
Malicious,Malicious,0.9992172904312611
Malicious,Malicious,0.9992174692451954
Malicious,Malicious,0.9992172904312611
Malicious,Malicious,0.9992172904312611
Malicious,Malicious,0.9992172904312611
Malicious,Malicious,0.9992171116173267
Malicious,Malicious,0.9460485652089119
Malicious,Malicious,0.9992172904312611
Malicious,Malicious,0.9992172904312611
Malicious,Malicious,0.9992172904312611
Malicious,Malicious,0.9992172904312611
Malicious,Malicious,0.9992172904312611
Malicious,Malicious,0.9992172904312611
Malicious,Malicious,0.9992172904312611
Malicious,Malicious,0.9992172904312611
Malicious,Malicious,0.9991392083466053
Malicious,Malicious,0.9992156811058521
Malicious,Malicious,0.9992172904312611
Malicious,Malicious,0.9992172904312611
Malicious,Malicious,0.9992172904312611
Malicious,Malicious,0.9992172904312611
Malicious,Malicious,0.9992172904312611
Malicious,Malicious,0.9992172904312611
Malicious,Malicious,0.99913664534688
Malicious,Malicious,0.9992172904312611
Malicious,Malicious,0.9377705417573452
Malicious,Malicious,0.9992174692451954
Malicious,Malicious,0.9992172904312611
Malicious,Malicious,0.9992172904312611
Malicious,Malicious,0.9992171116173267
Malicious,Malicious,0.9992172904312611
Malicious,Malicious,0.9992172904312611
Malicious,Malicious,0.9992172904312611
Malicious,Malicious,0.9992172904312611
Malicious,Malicious,0.9992172904312611
Malicious,Malicious,0.9992172904312611
Malicious,Malicious,0.9992172904312611
Malicious,Malicious,0.9992171116173267
Malicious,Malicious,0.9992172904312611
Malicious,Malicious,0.9992172904312611
Malicious,Malicious,0.9992172904312611
Malicious,Malicious,0.9992172904312611
Malicious,Malicious,0.9992174692451954
Malicious,Malicious,0.9992174692451954
Malicious,Malicious,0.9992172904312611
Malicious,Malicious,0.9992172904312611
Malicious,Malicious,0.9992172904312611
Malicious,Malicious,0.9992172904312611
Malicious,Malicious,0.9992171116173267
Malicious,Malicious,0.9992172904312611
Malicious,Malicious,0.9992172904312611
Malicious,Malicious,0.9992172904312611
Malicious,Malicious,0.9991803951561451
Malicious,Malicious,0.9992172904312611
Malicious,Malicious,0.9992172904312611
Malicious,Malicious,0.9991945810616016
Malicious,Malicious,0.9992172904312611
Malicious,Malicious,0.9992172904312611
Malicious,Malicious,0.9992172904312611
Malicious,Malicious,0.9992172904312611
Malicious,Malicious,0.9992172904312611
Malicious,Malicious,0.9992171116173267
Malicious,Malicious,0.9992172904312611
Malicious,Malicious,0.9992172904312611
Malicious,Malicious,0.9992172904312611
Malicious,Benign,0.012134050135500729
Malicious,Malicious,0.9991803951561451
Malicious,Malicious,0.9992172904312611
Malicious,Malicious,0.9992172904312611
Malicious,Malicious,0.9992172904312611
Malicious,Malicious,0.9992172904312611
Malicious,Malicious,0.9992174692451954
Malicious,Malicious,0.9992171116173267
Malicious,Malicious,0.9992174692451954
Malicious,Malicious,0.9992174692451954
Malicious,Benign,0.4529219400137663
Malicious,Malicious,0.9992172904312611
Malicious,Malicious,0.9992172904312611
Malicious,Malicious,0.9992174692451954
Malicious,Malicious,0.9992172904312611
Malicious,Malicious,0.9992174692451954
Malicious,Malicious,0.9992171116173267
Malicious,Malicious,0.9992172904312611
Malicious,Malicious,0.9992172904312611
Malicious,Malicious,0.9992174692451954
Malicious,Malicious,0.9992172904312611
Malicious,Malicious,0.9992172904312611
Malicious,Malicious,0.9992172904312611
Malicious,Malicious,0.9992171116173267
Malicious,Malicious,0.9992172904312611
Malicious,Malicious,0.9992172904312611
Malicious,Malicious,0.9992172904312611
Malicious,Malicious,0.9992172904312611
Malicious,Malicious,0.9992172904312611
Malicious,Malicious,0.9992171116173267
Malicious,Malicious,0.9992174692451954
Malicious,Malicious,0.9992172904312611
Malicious,Malicious,0.9992172904312611
Malicious,Malicious,0.9992172904312611
Malicious,Malicious,0.9992172904312611
Malicious,Malicious,0.9992172904312611
Malicious,Malicious,0.9992172904312611
Malicious,Malicious,0.9992174692451954
Malicious,Malicious,0.9992172904312611
Malicious,Malicious,0.9992172904312611
Malicious,Malicious,0.9992172904312611
Malicious,Malicious,0.9992172904312611
Malicious,Malicious,0.9992172904312611
Malicious,Malicious,0.9979461319744587
Malicious,Malicious,0.9992172904312611
Malicious,Malicious,0.9992172904312611
Malicious,Malicious,0.9992171116173267
Malicious,Malicious,0.9992172904312611
Malicious,Malicious,0.9992174692451954
Malicious,Malicious,0.9992172904312611
Malicious,Malicious,0.9992172904312611
Malicious,Malicious,0.9992172904312611
Malicious,Malicious,0.9992172904312611
Malicious,Malicious,0.9992172904312611
Malicious,Benign,0.0013280627317726612
Malicious,Malicious,0.9992172904312611
Malicious,Malicious,0.9992156811058521
Malicious,Malicious,0.9992172904312611
Malicious,Malicious,0.9992172904312611
Malicious,Malicious,0.9992172904312611
Malicious,Malicious,0.9992172904312611
Malicious,Malicious,0.9992172904312611
Malicious,Malicious,0.9992172904312611
Malicious,Malicious,0.9992172904312611
Malicious,Malicious,0.9992172904312611
Malicious,Malicious,0.9992172904312611
Malicious,Malicious,0.9992172904312611
Malicious,Malicious,0.9992172904312611
Malicious,Malicious,0.9992172904312611
Malicious,Malicious,0.9992172904312611
Malicious,Malicious,0.9992172904312611
Malicious,Malicious,0.9991717524826527
Malicious,Malicious,0.9992172904312611
Malicious,Malicious,0.9992172904312611
Malicious,Malicious,0.9992172904312611
Malicious,Malicious,0.9991821832954884
Malicious,Malicious,0.9992172904312611
Malicious,Malicious,0.9992172904312611
Malicious,Malicious,0.9992172904312611
Malicious,Malicious,0.9992172904312611
Malicious,Malicious,0.9992172904312611
Malicious,Malicious,0.9992172904312611
Malicious,Malicious,0.9992172904312611
Malicious,Malicious,0.9992171116173267
Malicious,Malicious,0.9992174692451954
Malicious,Malicious,0.9992172904312611
Malicious,Malicious,0.9992172904312611
Malicious,Malicious,0.9992172904312611
Malicious,Malicious,0.9992172904312611
Malicious,Malicious,0.9992172904312611
Malicious,Malicious,0.9992172904312611
Malicious,Malicious,0.9992174692451954
Malicious,Malicious,0.9992172904312611
Malicious,Malicious,0.9992171116173267
Malicious,Malicious,0.9992172904312611
Malicious,Malicious,0.9992172904312611
Malicious,Malicious,0.9991803951561451
Malicious,Malicious,0.9992172904312611
Malicious,Malicious,0.9991586394608021
Malicious,Malicious,0.9992172904312611
Malicious,Malicious,0.9992172904312611
Malicious,Malicious,0.9992172904312611
Malicious,Malicious,0.9992172904312611
Malicious,Malicious,0.9992172904312611
Malicious,Malicious,0.9992172904312611
Malicious,Malicious,0.9992172904312611
Malicious,Malicious,0.9992172904312611
Malicious,Malicious,0.9992172904312611
Malicious,Malicious,0.9992156811058521
Malicious,Malicious,0.9992172904312611
Malicious,Malicious,0.9992172904312611
Malicious,Malicious,0.9992172904312611
Malicious,Malicious,0.9992171116173267
Malicious,Malicious,0.9992078132927418
Malicious,Malicious,0.9992172904312611
Malicious,Malicious,0.9992172904312611
Malicious,Malicious,0.9992172904312611
Malicious,Malicious,0.9992156811058521
Malicious,Malicious,0.9992172904312611
Malicious,Malicious,0.9992172904312611
Malicious,Malicious,0.9992172904312611
Malicious,Malicious,0.9992172904312611
Malicious,Malicious,0.9992172904312611
Malicious,Malicious,0.9992172904312611
Malicious,Malicious,0.9992172904312611
Malicious,Malicious,0.9992156811058521
Malicious,Malicious,0.9992172904312611
Malicious,Malicious,0.9992172904312611
Malicious,Malicious,0.9992171116173267
Malicious,Malicious,0.9992172904312611
Malicious,Malicious,0.9992172904312611
Malicious,Malicious,0.9992174692451954
Malicious,Malicious,0.9992172904312611
Malicious,Malicious,0.9992172904312611
Malicious,Malicious,0.9992172904312611
Malicious,Malicious,0.9992172904312611
Malicious,Malicious,0.9992172904312611
Malicious,Malicious,0.9986349307000637
Malicious,Malicious,0.9992172904312611
Malicious,Malicious,0.9992172904312611
Malicious,Malicious,0.9992172904312611
Malicious,Malicious,0.9991877265274525
Malicious,Malicious,0.9992172904312611
Malicious,Malicious,0.9992172904312611
Malicious,Malicious,0.9992172904312611
Malicious,Malicious,0.9992172904312611
Malicious,Malicious,0.9992172904312611
Malicious,Malicious,0.9992172904312611
Malicious,Malicious,0.9992172904312611
Malicious,Malicious,0.9992171116173267
Malicious,Malicious,0.9992172904312611
Malicious,Malicious,0.9992172904312611
Malicious,Malicious,0.9992171116173267
Malicious,Malicious,0.9992156811058521
Malicious,Malicious,0.9992172904312611
Malicious,Malicious,0.9992172904312611
Malicious,Malicious,0.9992172904312611
Malicious,Malicious,0.988805253058672
Malicious,Malicious,0.9992172904312611
Malicious,Malicious,0.9992172904312611
Malicious,Malicious,0.9992172904312611
Malicious,Malicious,0.9992172904312611
Malicious,Malicious,0.9992172904312611
Malicious,Malicious,0.9992172904312611
Malicious,Malicious,0.9992172904312611
Malicious,Malicious,0.9992172904312611
Malicious,Malicious,0.9992172904312611
Malicious,Malicious,0.9992172904312611
Malicious,Malicious,0.9992172904312611
Malicious,Malicious,0.9992172904312611
Malicious,Malicious,0.9992171116173267
Malicious,Malicious,0.9992172904312611
Malicious,Malicious,0.9992172904312611
Malicious,Malicious,0.9980111606419086
Malicious,Malicious,0.9992174692451954
Malicious,Malicious,0.9992174692451954
Malicious,Malicious,0.9991945810616016
Malicious,Malicious,0.9992172904312611
Malicious,Malicious,0.9992172904312611
Malicious,Malicious,0.9992172904312611
Malicious,Malicious,0.9992172904312611
Malicious,Malicious,0.9992172904312611
Malicious,Malicious,0.9992174692451954
Malicious,Malicious,0.9992171116173267
Malicious,Malicious,0.9992172904312611
Malicious,Malicious,0.9992171116173267
Malicious,Malicious,0.9992172904312611
Malicious,Malicious,0.9992172904312611
Malicious,Malicious,0.9807701855897903
Malicious,Malicious,0.9992172904312611
Malicious,Malicious,0.9992172904312611
Malicious,Malicious,0.9992172904312611
Malicious,Malicious,0.9992172904312611
Malicious,Malicious,0.9992174692451954
Malicious,Malicious,0.9992172904312611
Malicious,Malicious,0.9992172904312611
Malicious,Malicious,0.9992172904312611
Malicious,Malicious,0.9992174692451954
Malicious,Malicious,0.9992156811058521
Malicious,Malicious,0.9992172904312611
Malicious,Malicious,0.9992172904312611
Malicious,Malicious,0.9992172904312611
Malicious,Malicious,0.9992172904312611
Malicious,Malicious,0.9992172904312611
Malicious,Malicious,0.9992172904312611
Malicious,Malicious,0.9992171116173267
Malicious,Benign,0.03599937626859173
Malicious,Malicious,0.9992172904312611
Malicious,Malicious,0.9992171116173267
Malicious,Malicious,0.9978742972016335
Malicious,Malicious,0.9968837685883045
Malicious,Malicious,0.9992174692451954
Malicious,Malicious,0.9992172904312611
Malicious,Malicious,0.9992172904312611
Malicious,Malicious,0.9991805739700794
Malicious,Malicious,0.9992171116173267
Malicious,Malicious,0.9992172904312611
Malicious,Malicious,0.9992172904312611
Malicious,Malicious,0.9992172904312611
Malicious,Malicious,0.9968803115189075
Malicious,Malicious,0.9992172904312611
Malicious,Malicious,0.9992172904312611
Malicious,Malicious,0.9992172904312611
Malicious,Malicious,0.9992172904312611
Malicious,Malicious,0.9992172904312611
Malicious,Malicious,0.9992171116173267
Malicious,Malicious,0.9992172904312611
Malicious,Malicious,0.9992172904312611
Malicious,Malicious,0.9992172904312611
Malicious,Malicious,0.9992172904312611
Malicious,Malicious,0.9992172904312611
Malicious,Malicious,0.9992172904312611
Malicious,Malicious,0.9992174692451954
Malicious,Malicious,0.9992174692451954
Malicious,Malicious,0.9956727214157581
Malicious,Malicious,0.9992172904312611
Malicious,Malicious,0.9992172904312611
Malicious,Malicious,0.9992172904312611
Malicious,Malicious,0.9992172904312611
Malicious,Malicious,0.9992174692451954
Malicious,Malicious,0.9992172904312611
Malicious,Malicious,0.9992174692451954
Malicious,Malicious,0.9992172904312611
Malicious,Malicious,0.9992174692451954
Malicious,Malicious,0.9992172904312611
Malicious,Malicious,0.9992172904312611
Malicious,Malicious,0.9992174692451954
Malicious,Malicious,0.9992174692451954
Malicious,Malicious,0.9992172904312611
Malicious,Malicious,0.9991945810616016
Malicious,Malicious,0.9992172904312611
Malicious,Malicious,0.9992172904312611
Malicious,Malicious,0.9992172904312611
Malicious,Malicious,0.9992172904312611
Malicious,Malicious,0.9992172904312611
Malicious,Malicious,0.9992172904312611
Malicious,Malicious,0.9992174692451954
Malicious,Benign,0.2379526812583208
Malicious,Malicious,0.9992172904312611
Malicious,Malicious,0.9992172904312611
Malicious,Malicious,0.9992172904312611
Malicious,Malicious,0.9992172904312611
Malicious,Malicious,0.9992172904312611
Malicious,Malicious,0.9992172904312611
Malicious,Malicious,0.9992172904312611
Malicious,Malicious,0.9992174692451954
Malicious,Malicious,0.9992172904312611
Malicious,Malicious,0.9992172904312611
Malicious,Malicious,0.9992172904312611
Malicious,Malicious,0.9992172904312611
Malicious,Malicious,0.9992172904312611
Malicious,Malicious,0.9992174692451954
Malicious,Malicious,0.9992172904312611
Malicious,Malicious,0.9992172904312611
Malicious,Malicious,0.9992174692451954
Malicious,Malicious,0.9992172904312611
Malicious,Malicious,0.9992172904312611
Malicious,Malicious,0.9992172904312611
Malicious,Malicious,0.9992172904312611
Malicious,Malicious,0.9992172904312611
Malicious,Malicious,0.9992172904312611
Malicious,Malicious,0.9992172904312611
Malicious,Malicious,0.9992171116173267
Malicious,Malicious,0.9992172904312611
Malicious,Malicious,0.9992174692451954
Malicious,Malicious,0.9992172904312611
Malicious,Malicious,0.9992172904312611
Malicious,Malicious,0.9992172904312611
Malicious,Malicious,0.9992172904312611
Malicious,Malicious,0.9992172904312611
Malicious,Malicious,0.9992172904312611
Malicious,Malicious,0.9992172904312611
Malicious,Malicious,0.9992172904312611
Malicious,Benign,0.06834612844977528
Malicious,Malicious,0.9992172904312611
Malicious,Malicious,0.9992172904312611
Malicious,Malicious,0.9992174692451954
Malicious,Malicious,0.9992172904312611
Malicious,Malicious,0.9992156811058521
Malicious,Malicious,0.9992172904312611
Malicious,Malicious,0.9992172904312611
Malicious,Malicious,0.9992156811058521
Malicious,Malicious,0.9992172904312611
Malicious,Malicious,0.9992172904312611
Malicious,Malicious,0.9992172904312611
Malicious,Malicious,0.9992172904312611
Malicious,Malicious,0.9992172904312611
Malicious,Malicious,0.9992174692451954
Malicious,Malicious,0.9992172904312611
Malicious,Malicious,0.9992174692451954
Malicious,Malicious,0.9991803951561451
Malicious,Malicious,0.9992172904312611
Malicious,Malicious,0.9992174692451954
Malicious,Malicious,0.9992172904312611
Malicious,Malicious,0.9992172904312611
Malicious,Malicious,0.9992172904312611
Malicious,Malicious,0.9992172904312611
Malicious,Malicious,0.9992172904312611
Malicious,Malicious,0.9897374175488949
Malicious,Malicious,0.9992180056869984
Malicious,Malicious,0.9992172904312611
Malicious,Malicious,0.9992172904312611
Malicious,Malicious,0.9992172904312611
Malicious,Malicious,0.9992172904312611
Malicious,Malicious,0.9992172904312611
Malicious,Malicious,0.9992172904312611
Malicious,Malicious,0.992589395493269
Malicious,Malicious,0.9992172904312611
Malicious,Malicious,0.9992172904312611
Malicious,Malicious,0.9992172904312611
Malicious,Malicious,0.9992172904312611
Malicious,Malicious,0.9992172904312611
Malicious,Malicious,0.9992171116173267
Malicious,Malicious,0.9992172904312611
Malicious,Malicious,0.9992156811058521
Malicious,Malicious,0.9992172904312611
Malicious,Malicious,0.9992172904312611
Malicious,Malicious,0.7905775019899011
Malicious,Malicious,0.9992172904312611
Malicious,Malicious,0.9992172904312611
Malicious,Malicious,0.9992174692451954
Malicious,Malicious,0.9992172904312611
Malicious,Malicious,0.9992156811058521
Malicious,Malicious,0.9992174692451954
Malicious,Malicious,0.9992172904312611
Malicious,Malicious,0.9992172904312611
Malicious,Malicious,0.9992172904312611
Malicious,Malicious,0.9991689510643482
Malicious,Malicious,0.9992172904312611
Malicious,Malicious,0.9992172904312611
Malicious,Malicious,0.9992172904312611
Malicious,Malicious,0.9992174692451954
Malicious,Malicious,0.9992172904312611
Malicious,Malicious,0.9992172904312611
Malicious,Malicious,0.9992172904312611
Malicious,Malicious,0.9992174692451954
Malicious,Malicious,0.9992078132927418
Malicious,Malicious,0.9992172904312611
Malicious,Malicious,0.9992171116173267
Malicious,Malicious,0.9992172904312611
Malicious,Malicious,0.9992172904312611
Malicious,Malicious,0.9992171116173267
Malicious,Malicious,0.9991945810616016
Malicious,Malicious,0.9992172904312611
Malicious,Malicious,0.9992172904312611
Malicious,Malicious,0.9992172904312611
Malicious,Malicious,0.9992172904312611
Malicious,Malicious,0.9992172904312611
Malicious,Malicious,0.9991144128143787
Malicious,Malicious,0.9992172904312611
Malicious,Malicious,0.9992174692451954
Malicious,Malicious,0.9992174692451954
Malicious,Malicious,0.9992172904312611
Malicious,Malicious,0.8940191604197025
Malicious,Malicious,0.9992172904312611
Malicious,Malicious,0.9992174692451954
Malicious,Malicious,0.9992172904312611
Malicious,Malicious,0.9992172904312611
Malicious,Malicious,0.9992172904312611
Malicious,Malicious,0.9992174692451954
Malicious,Malicious,0.9992172904312611
Malicious,Malicious,0.9992172904312611
Malicious,Malicious,0.9992172904312611
Malicious,Malicious,0.9992172904312611
Malicious,Malicious,0.9992172904312611
Malicious,Malicious,0.9991803951561451
Malicious,Malicious,0.9992174692451954
Malicious,Malicious,0.9992171116173267
Malicious,Malicious,0.9992172904312611
Malicious,Malicious,0.9992174692451954
Malicious,Malicious,0.9992172904312611
Malicious,Malicious,0.5422158441506326
Malicious,Malicious,0.9992172904312611
Malicious,Malicious,0.9992174692451954
Malicious,Malicious,0.9992174692451954
Malicious,Malicious,0.9992076344788074
Malicious,Malicious,0.9992174692451954
Malicious,Malicious,0.9992172904312611
Malicious,Malicious,0.7675623968243599
Malicious,Malicious,0.9992172904312611
Malicious,Malicious,0.9992172904312611
Malicious,Malicious,0.9992172904312611
Malicious,Malicious,0.9992172904312611
Malicious,Malicious,0.9992172904312611
Malicious,Malicious,0.9992172904312611
Malicious,Malicious,0.9992172904312611
Malicious,Malicious,0.9992174692451954
Malicious,Malicious,0.9992172904312611
Malicious,Malicious,0.9992172904312611
Malicious,Malicious,0.9992172904312611
Malicious,Malicious,0.9992172904312611
Malicious,Malicious,0.9992156811058521
Malicious,Malicious,0.9992171116173267
Malicious,Malicious,0.9992172904312611
Malicious,Benign,0.16042962856590748
Malicious,Malicious,0.9992172904312611
Malicious,Benign,0.325535137206316
Malicious,Malicious,0.994036328047514
Malicious,Malicious,0.9992172904312611
Malicious,Malicious,0.9992172904312611
Malicious,Malicious,0.9992172904312611
Malicious,Malicious,0.9990506246685982
Malicious,Malicious,0.9992172904312611
Malicious,Malicious,0.9992172904312611
Malicious,Malicious,0.9992172904312611
Malicious,Malicious,0.9992156811058521
Malicious,Malicious,0.9992172904312611
Malicious,Malicious,0.9992172904312611
Malicious,Malicious,0.9611722938716412
Malicious,Malicious,0.9992172904312611
Malicious,Malicious,0.9991624541580677
Malicious,Malicious,0.9992172904312611
Malicious,Malicious,0.9992172904312611
Malicious,Malicious,0.9992172904312611
Malicious,Malicious,0.9992171116173267
Malicious,Malicious,0.9992172904312611
Malicious,Malicious,0.9992156811058521
Malicious,Malicious,0.9992172904312611
Malicious,Malicious,0.9992172904312611
Malicious,Malicious,0.9992172904312611
Malicious,Malicious,0.9992174692451954
Malicious,Malicious,0.9992172904312611
Malicious,Malicious,0.9992172904312611
Malicious,Malicious,0.9992174692451954
Malicious,Malicious,0.9992174692451954
Malicious,Malicious,0.9967432804405689
Malicious,Malicious,0.9992174692451954
Malicious,Malicious,0.9992172904312611
Malicious,Malicious,0.9992172904312611
Malicious,Malicious,0.9992172904312611
Malicious,Malicious,0.9991945810616016
Malicious,Malicious,0.9992172904312611
Malicious,Malicious,0.9992172904312611
Malicious,Malicious,0.9992171116173267
Malicious,Malicious,0.9992172904312611
Malicious,Malicious,0.9992172904312611
Malicious,Malicious,0.9992172904312611
Malicious,Malicious,0.9992172904312611
Malicious,Malicious,0.9992172904312611
Malicious,Malicious,0.9992172904312611
Malicious,Malicious,0.9992172904312611
Malicious,Malicious,0.9623074941337109
Malicious,Malicious,0.9992174692451954
Malicious,Malicious,0.9376637265086174
Malicious,Malicious,0.9992156811058521
Malicious,Malicious,0.9992171116173267
Malicious,Malicious,0.9992172904312611
Malicious,Malicious,0.9992172904312611
Malicious,Malicious,0.9933680109679699
Malicious,Malicious,0.9991803951561451
Malicious,Malicious,0.9992172904312611
Malicious,Malicious,0.9992172904312611
Malicious,Malicious,0.9992172904312611
Malicious,Malicious,0.9992174692451954
Malicious,Malicious,0.9992172904312611
Malicious,Malicious,0.9992172904312611
Malicious,Malicious,0.9992172904312611
Malicious,Malicious,0.9992172308266163
Malicious,Malicious,0.9992172904312611
Malicious,Malicious,0.9992172904312611
Malicious,Malicious,0.9992172904312611
Malicious,Malicious,0.9992172904312611
Malicious,Malicious,0.9991945810616016
Malicious,Malicious,0.9992172904312611
Malicious,Malicious,0.9991945810616016
Malicious,Malicious,0.9992172904312611
Malicious,Malicious,0.9992172904312611
Malicious,Malicious,0.9992172904312611
Malicious,Malicious,0.9992172904312611
Malicious,Malicious,0.9992172904312611
Malicious,Malicious,0.9992172904312611
Malicious,Malicious,0.9992174692451954
Malicious,Malicious,0.9992172904312611
Malicious,Malicious,0.9922171123325825
Malicious,Malicious,0.9992172904312611
Malicious,Malicious,0.9992172904312611
Malicious,Malicious,0.9991945810616016
Malicious,Malicious,0.9992172904312611
Malicious,Malicious,0.9992172904312611
Malicious,Malicious,0.9991945810616016
Malicious,Malicious,0.9992172904312611
Malicious,Malicious,0.9992172904312611
Malicious,Malicious,0.9992172904312611
Malicious,Malicious,0.9992172904312611
Malicious,Malicious,0.9992172904312611
Malicious,Malicious,0.9992172904312611
Malicious,Malicious,0.9992171116173267
Malicious,Malicious,0.9992171116173267
Malicious,Malicious,0.9992172904312611
Malicious,Malicious,0.9992172904312611
Malicious,Malicious,0.9992172904312611
Malicious,Malicious,0.9992156811058521
Malicious,Malicious,0.9992172904312611
Malicious,Malicious,0.9992156811058521
Malicious,Malicious,0.9992172904312611
Malicious,Malicious,0.9992172904312611
Malicious,Benign,0.0026551182236289605
Malicious,Malicious,0.9992172904312611
Malicious,Malicious,0.9992172904312611
Malicious,Malicious,0.9992171116173267
Malicious,Malicious,0.9992172904312611
Malicious,Malicious,0.9992172904312611
Malicious,Malicious,0.9992172904312611
Malicious,Malicious,0.9992172904312611
Malicious,Malicious,0.9992172904312611
Malicious,Malicious,0.9992172904312611
Malicious,Malicious,0.9992172904312611
Malicious,Malicious,0.9992172904312611
Malicious,Malicious,0.9992172904312611
Malicious,Malicious,0.9992172904312611
Malicious,Malicious,0.9992172904312611
Malicious,Malicious,0.9992172904312611
Malicious,Malicious,0.9992172904312611
Malicious,Malicious,0.9992172904312611
Malicious,Malicious,0.9992172904312611
Malicious,Malicious,0.9992172904312611
Malicious,Malicious,0.9992172904312611
Malicious,Malicious,0.9992171116173267
Malicious,Malicious,0.9992172904312611
Malicious,Malicious,0.9992172904312611
Malicious,Malicious,0.9992172904312611
Malicious,Malicious,0.9992174692451954
Malicious,Malicious,0.9992172904312611
Malicious,Malicious,0.9992174692451954
Malicious,Malicious,0.9992172904312611
Malicious,Malicious,0.9992172904312611
Malicious,Malicious,0.9992172904312611
Malicious,Malicious,0.9992172904312611
Malicious,Malicious,0.9992172904312611
Malicious,Malicious,0.9992172904312611
Malicious,Malicious,0.9992171116173267
Malicious,Malicious,0.9992172904312611
Malicious,Benign,0.11292861122637987
Malicious,Malicious,0.9992172904312611
Malicious,Malicious,0.9992172904312611
Malicious,Malicious,0.9992172904312611
Malicious,Malicious,0.9992172904312611
Malicious,Malicious,0.9992174692451954
Malicious,Malicious,0.9992171116173267
Malicious,Malicious,0.9992172904312611
Malicious,Malicious,0.9992174692451954
Malicious,Malicious,0.9992172904312611
Malicious,Malicious,0.9992172904312611
Malicious,Malicious,0.9992171116173267
Malicious,Malicious,0.9992171116173267
Malicious,Malicious,0.9992172904312611
Malicious,Malicious,0.9992172904312611
Malicious,Malicious,0.9992172904312611
Malicious,Malicious,0.9992172904312611
Malicious,Malicious,0.9992171116173267
Malicious,Malicious,0.9992171116173267
Malicious,Malicious,0.9992172904312611
Malicious,Malicious,0.9992171116173267
Malicious,Malicious,0.9992172904312611
Malicious,Malicious,0.9992172904312611
Malicious,Malicious,0.9992172904312611
Malicious,Malicious,0.9991945810616016
Malicious,Malicious,0.9992172904312611
Malicious,Malicious,0.9992172904312611
Malicious,Malicious,0.9991803951561451
Malicious,Malicious,0.9992172904312611
Malicious,Malicious,0.9992172904312611
Malicious,Malicious,0.9992172904312611
Malicious,Malicious,0.9992172904312611
Malicious,Malicious,0.9992172904312611
Malicious,Malicious,0.9992172904312611
Malicious,Malicious,0.9992172308266163
Malicious,Malicious,0.9992172904312611
Malicious,Malicious,0.9992172904312611
Malicious,Malicious,0.9992172904312611
Malicious,Malicious,0.9992172904312611
Malicious,Benign,0.008786624006461352
Malicious,Malicious,0.9936106093227863
Malicious,Malicious,0.9992172904312611
Malicious,Malicious,0.9992172904312611
Malicious,Malicious,0.9992172904312611
Malicious,Malicious,0.9992171116173267
Malicious,Malicious,0.9992172904312611
Malicious,Malicious,0.9992172904312611
Malicious,Malicious,0.9992172904312611
Malicious,Malicious,0.9992172904312611
Malicious,Malicious,0.9992172904312611
Malicious,Malicious,0.9992172904312611
Malicious,Malicious,0.9992172904312611
Malicious,Malicious,0.9992172904312611
Malicious,Malicious,0.9992172904312611
Malicious,Malicious,0.9992172904312611
Malicious,Malicious,0.9992172904312611
Malicious,Malicious,0.9992172904312611
Malicious,Malicious,0.9992172904312611
Malicious,Malicious,0.9992172904312611
Malicious,Malicious,0.7258473611436784
Malicious,Malicious,0.9992172904312611
Malicious,Malicious,0.9992172904312611
Malicious,Malicious,0.9992172904312611
Malicious,Malicious,0.9992171116173267
Malicious,Malicious,0.9992172904312611
Malicious,Malicious,0.9992172904312611
Malicious,Malicious,0.9992172904312611
Malicious,Malicious,0.9992174692451954
Malicious,Malicious,0.9992172904312611
Malicious,Malicious,0.9992172904312611
Malicious,Malicious,0.9992172904312611
Malicious,Malicious,0.9992172904312611
Malicious,Malicious,0.9992172904312611
Malicious,Malicious,0.9992171116173267
Malicious,Malicious,0.9992172904312611
Malicious,Malicious,0.9992174692451954
Malicious,Malicious,0.9992172904312611
Malicious,Malicious,0.9992172904312611
Malicious,Malicious,0.9992172904312611
Malicious,Malicious,0.9992172904312611
Malicious,Malicious,0.9992171116173267
Malicious,Malicious,0.9992172904312611
Malicious,Malicious,0.9992172904312611
Malicious,Benign,0.07140679936856031
Malicious,Malicious,0.9992172904312611
Malicious,Malicious,0.9992172904312611
Malicious,Malicious,0.9992172904312611
Malicious,Malicious,0.9992172904312611
Malicious,Malicious,0.9991803951561451
Malicious,Malicious,0.9992172904312611
Malicious,Malicious,0.9992172904312611
Malicious,Malicious,0.9992174692451954
Malicious,Malicious,0.9992172904312611
Malicious,Malicious,0.9992172904312611
Malicious,Malicious,0.9992172904312611
Malicious,Malicious,0.9992172904312611
Malicious,Malicious,0.9992172904312611
Malicious,Malicious,0.9992172904312611
Malicious,Malicious,0.9992172904312611
Malicious,Malicious,0.9992172904312611
Malicious,Malicious,0.9992180056869984
Malicious,Malicious,0.9992172904312611
Malicious,Malicious,0.9992172904312611
Malicious,Malicious,0.9992078132927418
Malicious,Malicious,0.9992172904312611
Malicious,Malicious,0.9992172904312611
Malicious,Malicious,0.9967967644333839
Malicious,Malicious,0.9992172904312611
Malicious,Malicious,0.9992172904312611
Malicious,Malicious,0.9992174692451954
Malicious,Malicious,0.9992172904312611
Malicious,Malicious,0.9992156811058521
Malicious,Malicious,0.9992174692451954
Malicious,Malicious,0.9992172904312611
Malicious,Malicious,0.9991945810616016
Malicious,Malicious,0.9992171116173267
Malicious,Malicious,0.9992172904312611
Malicious,Malicious,0.9992172904312611
Malicious,Malicious,0.9992172904312611
Malicious,Malicious,0.9992172904312611
Malicious,Malicious,0.9992172904312611
Malicious,Malicious,0.9992172904312611
Malicious,Malicious,0.9992172904312611
Malicious,Malicious,0.9992174692451954
Malicious,Malicious,0.9992172904312611
Malicious,Malicious,0.9992172904312611
Malicious,Malicious,0.9992174692451954
Malicious,Malicious,0.9992172904312611
Malicious,Malicious,0.9992171116173267
Malicious,Malicious,0.9992171116173267
Malicious,Malicious,0.9992172904312611
Malicious,Malicious,0.9992076344788074
Malicious,Malicious,0.9992172904312611
Malicious,Malicious,0.9991392083466053
Malicious,Malicious,0.9992172904312611
Malicious,Malicious,0.9991945810616016
Malicious,Malicious,0.9992171116173267
Malicious,Malicious,0.9992172904312611
Malicious,Malicious,0.9992174692451954
Malicious,Malicious,0.9992171116173267
Malicious,Malicious,0.9992172904312611
Malicious,Malicious,0.9992172904312611
Malicious,Malicious,0.9992172904312611
Malicious,Malicious,0.9992172904312611
Malicious,Malicious,0.9992172904312611
Malicious,Malicious,0.9992172904312611
Malicious,Malicious,0.9992172904312611
Malicious,Malicious,0.9992172904312611
Malicious,Malicious,0.9992172904312611
Malicious,Malicious,0.9992156811058521
Malicious,Malicious,0.9992172904312611
Malicious,Malicious,0.9992172904312611
Malicious,Malicious,0.9992172904312611
Malicious,Malicious,0.9992172904312611
Malicious,Benign,0.0012996740406379104
Malicious,Benign,0.1079109045676887
Malicious,Malicious,0.9992172904312611
Malicious,Malicious,0.9992172904312611
Malicious,Malicious,0.9992172904312611
Malicious,Malicious,0.9992172904312611
Malicious,Malicious,0.9992172904312611
Malicious,Malicious,0.9992172904312611
Malicious,Malicious,0.9991945810616016
Malicious,Malicious,0.9992172904312611
Malicious,Malicious,0.9991945810616016
Malicious,Malicious,0.9992172904312611
Malicious,Malicious,0.9992172904312611
Malicious,Malicious,0.9992172904312611
Malicious,Malicious,0.9992172904312611
Malicious,Malicious,0.9992172904312611
Malicious,Malicious,0.9992172904312611
Malicious,Malicious,0.9992172904312611
Malicious,Malicious,0.9992172904312611
Malicious,Malicious,0.9985581450164318
Malicious,Malicious,0.9992174692451954
Malicious,Malicious,0.9992172904312611
Malicious,Malicious,0.9992172904312611
Malicious,Malicious,0.9992172904312611
Malicious,Malicious,0.9992172904312611
Malicious,Malicious,0.9992172904312611
Malicious,Malicious,0.9992172904312611
Malicious,Malicious,0.9992172904312611
Malicious,Malicious,0.9992172904312611
Malicious,Malicious,0.9992174692451954
Malicious,Malicious,0.9992171116173267
Malicious,Malicious,0.9992172904312611
Malicious,Malicious,0.9992172904312611
Malicious,Malicious,0.9992172904312611
Malicious,Malicious,0.9992171116173267
Malicious,Malicious,0.9992171116173267
Malicious,Malicious,0.9992172904312611
Malicious,Malicious,0.9992172904312611
Malicious,Malicious,0.9992172904312611
Malicious,Malicious,0.9992171116173267
Malicious,Malicious,0.9992172904312611
Malicious,Malicious,0.9992156811058521
Malicious,Malicious,0.9992172904312611
Malicious,Malicious,0.9992172904312611
Malicious,Malicious,0.9992172904312611
Malicious,Malicious,0.9992171116173267
Malicious,Malicious,0.9992172904312611
Malicious,Malicious,0.9992172904312611
Malicious,Malicious,0.9992171116173267
Malicious,Malicious,0.9992172904312611
Malicious,Malicious,0.9992172904312611
Malicious,Malicious,0.9992172904312611
Malicious,Malicious,0.9992172904312611
Malicious,Malicious,0.9992172904312611
Malicious,Malicious,0.9992172904312611
Malicious,Malicious,0.7770513796713203
Malicious,Malicious,0.9992174692451954
Malicious,Malicious,0.9992172904312611
Malicious,Malicious,0.9992172904312611
Malicious,Malicious,0.9992172904312611
Malicious,Malicious,0.9992172904312611
Malicious,Malicious,0.9992172904312611
Malicious,Malicious,0.9992172904312611
Malicious,Malicious,0.9992172904312611
Malicious,Malicious,0.9992172904312611
Malicious,Malicious,0.9992171116173267
Malicious,Malicious,0.9992172904312611
Malicious,Malicious,0.9992172904312611
Malicious,Malicious,0.984612513333559
Malicious,Malicious,0.9992172904312611
Malicious,Malicious,0.9992171116173267
Malicious,Malicious,0.9992172904312611
Malicious,Benign,0.10930259060114622
Malicious,Malicious,0.9992174692451954
Malicious,Malicious,0.9992174692451954
Malicious,Malicious,0.9992172904312611
Malicious,Malicious,0.9992172904312611
Malicious,Malicious,0.9992172904312611
Malicious,Malicious,0.9992172904312611
Malicious,Malicious,0.9156881161034107
Malicious,Malicious,0.9992172904312611
Malicious,Malicious,0.9968322701752186
Malicious,Malicious,0.9992172904312611
Malicious,Malicious,0.9992172904312611
Malicious,Malicious,0.9992172904312611
Malicious,Malicious,0.9992172904312611
Malicious,Malicious,0.9992172904312611
Malicious,Malicious,0.9992171116173267
Malicious,Malicious,0.7764300778508186
Malicious,Malicious,0.9992172904312611
Malicious,Malicious,0.9992172904312611
Malicious,Malicious,0.9992171116173267
Malicious,Malicious,0.9992172904312611
Malicious,Malicious,0.9992172904312611
Malicious,Malicious,0.9992174692451954
Malicious,Malicious,0.9992172904312611
Malicious,Malicious,0.9992172904312611
Malicious,Malicious,0.9992172904312611
Malicious,Malicious,0.9992172904312611
Malicious,Malicious,0.9992172904312611
Malicious,Malicious,0.9992172904312611
Malicious,Malicious,0.9992172904312611
Malicious,Malicious,0.9992172904312611
Malicious,Malicious,0.9992172904312611
Malicious,Malicious,0.9992171116173267
Malicious,Malicious,0.9992172904312611
Malicious,Malicious,0.9992172904312611
Malicious,Malicious,0.9992172904312611
Malicious,Malicious,0.9992172904312611
Malicious,Malicious,0.9991803951561451
Malicious,Malicious,0.9992172904312611
Malicious,Malicious,0.99805061891675
Malicious,Malicious,0.9992172904312611
Malicious,Malicious,0.9992172904312611
Malicious,Malicious,0.9992136545479298
Malicious,Malicious,0.9992172904312611
Malicious,Malicious,0.9992172904312611
Malicious,Malicious,0.9261311870068312
Malicious,Malicious,0.9992172904312611
Malicious,Malicious,0.9992172904312611
Malicious,Malicious,0.9992172904312611
Malicious,Malicious,0.9985411465167999
Malicious,Malicious,0.99913664534688
Malicious,Malicious,0.9992172904312611
Malicious,Malicious,0.9992171116173267
Malicious,Malicious,0.9992172904312611
Malicious,Malicious,0.9992172904312611
Malicious,Malicious,0.9992172904312611
Malicious,Malicious,0.9992172904312611
Malicious,Malicious,0.9992172904312611
Malicious,Malicious,0.9989656880497932
Malicious,Malicious,0.9992174692451954
Malicious,Malicious,0.9992172904312611
Malicious,Malicious,0.9992172904312611
Malicious,Malicious,0.9992172904312611
Malicious,Malicious,0.9992172904312611
Malicious,Malicious,0.9992172904312611
Malicious,Malicious,0.9992172904312611
Malicious,Malicious,0.9992172904312611
Malicious,Malicious,0.9992172904312611
Malicious,Malicious,0.9992174692451954
Malicious,Malicious,0.9992172904312611
Malicious,Malicious,0.9992172904312611
Malicious,Malicious,0.9992172904312611
Malicious,Malicious,0.998049009591341
Malicious,Malicious,0.9992172904312611
Malicious,Benign,0.014099715277552605
Malicious,Malicious,0.9992172904312611
Malicious,Malicious,0.9992172904312611
Malicious,Malicious,0.9992172904312611
Malicious,Malicious,0.9992172904312611
Malicious,Malicious,0.9992172904312611
Malicious,Malicious,0.9992172904312611
Malicious,Malicious,0.9992172904312611
Malicious,Malicious,0.9992076344788074
Malicious,Malicious,0.9992172904312611
Malicious,Malicious,0.9992172904312611
Malicious,Malicious,0.9992172904312611
Malicious,Malicious,0.9968214221298695
Malicious,Malicious,0.9992171116173267
Malicious,Malicious,0.9992172904312611
Malicious,Malicious,0.9992172904312611
Malicious,Malicious,0.9992172904312611
Malicious,Malicious,0.9992172904312611
Malicious,Malicious,0.9992172904312611
Malicious,Malicious,0.9992172904312611
Malicious,Malicious,0.9992172904312611
Malicious,Malicious,0.9992172904312611
Malicious,Malicious,0.9992171116173267
Malicious,Malicious,0.9992172904312611
Malicious,Malicious,0.9992172904312611
Malicious,Malicious,0.9992172904312611
Malicious,Malicious,0.9991997666656971
Malicious,Malicious,0.9992172904312611
Malicious,Malicious,0.9992174692451954
Malicious,Malicious,0.9992172904312611
Malicious,Malicious,0.9992172904312611
Malicious,Malicious,0.9992174692451954
Malicious,Malicious,0.9992172904312611
Malicious,Malicious,0.9992172904312611
Malicious,Malicious,0.9992172904312611
Malicious,Malicious,0.9992172904312611
Malicious,Malicious,0.9992172904312611
Malicious,Malicious,0.9992172904312611
Malicious,Malicious,0.9992172904312611
Malicious,Malicious,0.9992172904312611
Malicious,Malicious,0.9992172904312611
Malicious,Malicious,0.9992172904312611
Malicious,Malicious,0.9992172904312611
Malicious,Malicious,0.9992172904312611
Malicious,Malicious,0.9992172904312611
Malicious,Malicious,0.9992172904312611
Malicious,Malicious,0.9992172308266163
Malicious,Malicious,0.9992172904312611
Malicious,Malicious,0.9992172904312611
Malicious,Malicious,0.9992172904312611
Malicious,Malicious,0.9992172904312611
Malicious,Malicious,0.9992174692451954
Malicious,Malicious,0.9992172904312611
Malicious,Malicious,0.9992172904312611
Malicious,Malicious,0.9992172904312611
Malicious,Malicious,0.999209601432085
Malicious,Benign,0.03645794279873371
Malicious,Malicious,0.9992172904312611
Malicious,Malicious,0.9992171116173267
Malicious,Malicious,0.9201148115098476
Malicious,Benign,0.23980753822252154
Malicious,Malicious,0.9992171116173267
Malicious,Malicious,0.9992172904312611
Malicious,Malicious,0.9992172904312611
Malicious,Malicious,0.9992172904312611
Malicious,Malicious,0.9992172904312611
Malicious,Malicious,0.9991803951561451
Malicious,Benign,0.28184274630621076
Malicious,Malicious,0.9992172904312611
Malicious,Malicious,0.9992172904312611
Malicious,Malicious,0.9992172904312611
Malicious,Malicious,0.9968837685883045
Malicious,Malicious,0.9992171116173267
Malicious,Malicious,0.9992172904312611
Malicious,Malicious,0.9992172904312611
Malicious,Benign,0.02447020448744297
Malicious,Malicious,0.9992172904312611
Malicious,Malicious,0.9992172904312611
Malicious,Malicious,0.9992171116173267
Malicious,Malicious,0.9992172904312611
Malicious,Malicious,0.9992172904312611
Malicious,Malicious,0.9992172904312611
Malicious,Malicious,0.9992172904312611
Malicious,Malicious,0.9992156811058521
Malicious,Malicious,0.9992172904312611
Malicious,Malicious,0.9992172904312611
Malicious,Malicious,0.9980469830334187
Malicious,Malicious,0.9992172904312611
Malicious,Malicious,0.9992172904312611
Malicious,Malicious,0.9992172904312611
Malicious,Malicious,0.9992172904312611
Malicious,Malicious,0.9992174692451954
Malicious,Malicious,0.9992172904312611
Malicious,Benign,0.11514403484761715
Malicious,Malicious,0.9992172904312611
Malicious,Malicious,0.9992174692451954
Malicious,Malicious,0.9992172904312611
Malicious,Malicious,0.9992172904312611
Malicious,Malicious,0.9992172904312611
Malicious,Malicious,0.9992172904312611
Malicious,Malicious,0.9992172904312611
Malicious,Malicious,0.9992174692451954
Malicious,Malicious,0.9992172904312611
Malicious,Malicious,0.9992172904312611
Malicious,Malicious,0.9992172904312611
Malicious,Malicious,0.8962693186476827
Malicious,Malicious,0.9992172904312611
Malicious,Malicious,0.9992172904312611
Malicious,Malicious,0.9992174692451954
Malicious,Malicious,0.9992174692451954
Malicious,Malicious,0.9992174692451954
Malicious,Malicious,0.9992174692451954
Malicious,Malicious,0.9992116875946522
Malicious,Malicious,0.9992172904312611
Malicious,Malicious,0.9991945810616016
Malicious,Malicious,0.9992171116173267
Malicious,Malicious,0.9992172904312611
Malicious,Malicious,0.9992172904312611
Malicious,Malicious,0.9992172904312611
Malicious,Malicious,0.9992172904312611
Malicious,Malicious,0.9992172904312611
Malicious,Malicious,0.9992172904312611
Malicious,Malicious,0.9992172904312611
Malicious,Malicious,0.9991945810616016
Malicious,Malicious,0.9991945810616016
Malicious,Malicious,0.9992172904312611
Malicious,Malicious,0.9992172904312611
Malicious,Malicious,0.9992172904312611
Malicious,Malicious,0.9992172904312611
Malicious,Malicious,0.9992174692451954
Malicious,Malicious,0.9992172904312611
Malicious,Malicious,0.9992174692451954
Malicious,Malicious,0.9992174692451954
Malicious,Malicious,0.9990506246685982
Malicious,Malicious,0.9992172904312611
Malicious,Malicious,0.9992172904312611
Malicious,Malicious,0.9992172904312611
Malicious,Malicious,0.9992172904312611
Malicious,Malicious,0.9992172904312611
Malicious,Malicious,0.9992172904312611
Malicious,Malicious,0.9992171116173267
Malicious,Malicious,0.9411923848092556
Malicious,Benign,0.02542917220853269
Malicious,Malicious,0.9992172904312611
Malicious,Malicious,0.9992172904312611
Malicious,Malicious,0.9992172904312611
Malicious,Malicious,0.9992172904312611
Malicious,Malicious,0.9992172904312611
Malicious,Malicious,0.9992136545479298
Malicious,Malicious,0.9992172904312611
Malicious,Malicious,0.9992172904312611
Malicious,Malicious,0.9992172904312611
Malicious,Malicious,0.9992172904312611
Malicious,Malicious,0.999200601130724
Malicious,Malicious,0.9992172904312611
Malicious,Malicious,0.9992172904312611
Malicious,Malicious,0.9992172904312611
Malicious,Malicious,0.9991803951561451
Malicious,Malicious,0.9992174692451954
Malicious,Malicious,0.9992172904312611
Malicious,Malicious,0.9992172904312611
Malicious,Malicious,0.9992172904312611
Malicious,Malicious,0.9992172904312611
Malicious,Malicious,0.9992171116173267
Malicious,Malicious,0.9992172904312611
Malicious,Malicious,0.9992172904312611
Malicious,Malicious,0.9992172904312611
Malicious,Malicious,0.9992172904312611
Malicious,Malicious,0.9992172904312611
Malicious,Malicious,0.9992171116173267
Malicious,Benign,0.004110926296561956
Malicious,Malicious,0.9992156811058521
Malicious,Malicious,0.9992172904312611
Malicious,Malicious,0.9992174692451954
Malicious,Malicious,0.9992172904312611
Malicious,Malicious,0.998049009591341
Malicious,Malicious,0.9992156811058521
Malicious,Malicious,0.9992172904312611
Malicious,Malicious,0.9992172904312611
Malicious,Malicious,0.9992172904312611
Malicious,Malicious,0.9992172904312611
Malicious,Malicious,0.9992172904312611
Malicious,Malicious,0.9965507946908474
Malicious,Malicious,0.9992172904312611
Malicious,Malicious,0.9992172904312611
Malicious,Malicious,0.9992172904312611
Malicious,Malicious,0.9992171116173267
Malicious,Malicious,0.9992156811058521
Malicious,Malicious,0.9992172904312611
Malicious,Malicious,0.9992172904312611
Malicious,Malicious,0.9992136545479298
Malicious,Malicious,0.9992172904312611
Malicious,Malicious,0.9992172904312611
Malicious,Malicious,0.9992171116173267
Malicious,Malicious,0.9992172904312611
Malicious,Malicious,0.9992172904312611
Malicious,Malicious,0.9992172904312611
Malicious,Malicious,0.9992172904312611
Malicious,Malicious,0.9992172904312611
Malicious,Malicious,0.9992171116173267
Malicious,Malicious,0.9992172904312611
Malicious,Malicious,0.9992172904312611
Malicious,Benign,0.14872252941131592
Malicious,Malicious,0.9992171116173267
Malicious,Malicious,0.9992172904312611
Malicious,Malicious,0.9992172904312611
Malicious,Malicious,0.9992172904312611
Benign,Benign,0.0044349074305500835
Benign,Benign,0.013531116012018174
Benign,Benign,0.0016428780363639817
Benign,Benign,0.002485336037352681
Benign,Benign,0.012149275687988847
Benign,Benign,0.005667504156008363
Benign,Benign,0.01683527184650302
Benign,Benign,0.0012996740406379104
Benign,Benign,0.003837177500827238
Benign,Benign,0.0036889248876832426
Benign,Benign,0.006203073993674479
Benign,Benign,0.0014537896495312452
Benign,Benign,0.003016991075128317
Benign,Benign,0.005293337846524082
Benign,Benign,0.007003910781349987
Benign,Benign,0.004292850848287344
Benign,Benign,0.0030372196342796087
Benign,Benign,0.04379485419485718
Benign,Benign,0.001053419429808855
Benign,Benign,0.011538104678038508
Benign,Benign,0.020843327627517283
Benign,Benign,0.005146189534571022
Benign,Benign,0.04988756263628602
Benign,Benign,0.003066871198825538
Benign,Benign,0.1271074004471302
Benign,Benign,0.0020938701345585287
Benign,Benign,0.0041607316670706496
Benign,Benign,0.101014937274158
Benign,Benign,0.001257360796444118
Benign,Benign,0.0010574397165328264
Benign,Benign,0.0090719707950484
Benign,Benign,0.0010852114064618945
Benign,Benign,0.0010574397165328264
Benign,Benign,0.0010895754676312208
Benign,Benign,0.05545273097231984
Benign,Benign,0.0010574397165328264
Benign,Benign,0.0037983341608196497
Benign,Benign,0.001739645260386169
Benign,Benign,0.001083996845409274
Benign,Benign,0.01804936188273132
Benign,Benign,0.02978597185574472
Benign,Benign,0.0010574397165328264
Benign,Benign,0.009390359948156402
Benign,Benign,0.0010493912268429995
Benign,Benign,0.001083996845409274
Benign,Benign,0.0019583488756325096
Benign,Benign,0.0015043334424262866
Benign,Benign,0.005296349627315067
Benign,Benign,0.0014088739408180118
Benign,Benign,0.0027581709437072277
Benign,Benign,0.0016322138253599405
Benign,Benign,0.0899220653809607
Benign,Benign,0.011995998152997345
Benign,Benign,0.04044605977833271
Benign,Benign,0.0017774961743270978
Benign,Benign,0.0022537452168762684
Benign,Benign,0.002224106341600418
Benign,Benign,0.0053960534278303385
Benign,Benign,0.0037712128832936287
Benign,Benign,0.003545493120327592
Benign,Benign,0.006663026171736419
Benign,Benign,0.0014757654862478375
Benign,Benign,0.0017866286070784554
Benign,Benign,0.001255364390090108
Benign,Benign,0.002645944696268998
Benign,Benign,0.007867253152653575
Benign,Benign,0.004177606417215429
Benign,Benign,0.0019385283230803907
Benign,Benign,0.0026110452599823475
Benign,Benign,0.028229808871401474
Benign,Benign,0.03026967338519171
Benign,Benign,0.0025207346625393257
Benign,Benign,0.0031345936004072428
Benign,Benign,0.0030613804701715708
Benign,Benign,0.001083996845409274
Benign,Benign,0.008774726869887672
Benign,Benign,0.0012706907000392675
Benign,Benign,0.024063896271400154
Benign,Benign,0.05768662039190531
Benign,Benign,0.004992039583157748
Benign,Benign,0.006835066247731447
Benign,Benign,0.004613711265847087
Benign,Benign,0.004559118766337633
Benign,Benign,0.009024244485772215
Benign,Benign,0.0012707526329904795
Benign,Benign,0.005369193357182667
Benign,Benign,0.03828842262737453
Benign,Benign,0.0010574397165328264
Benign,Benign,0.024556893622502685
Benign,Benign,0.0017047025903593749
Benign,Benign,0.06555954879149795
Benign,Benign,0.004931797739118338
Benign,Benign,0.004936514829751104
Benign,Benign,0.019813042599707842
Benign,Benign,0.037468386348336935
Benign,Benign,0.00325292837806046
Benign,Benign,0.001431479468010366
Benign,Benign,0.08757718186825514
Benign,Benign,0.0012629003031179309
Benign,Benign,0.001446429276256822
Benign,Benign,0.0012655595783144236
Benign,Benign,0.0015079163567861542
Benign,Benign,0.003647153964266181
Benign,Benign,0.0010493912268429995
Benign,Benign,0.046592679573222995
Benign,Benign,0.0013422631891444325
Benign,Benign,0.0021144783531781286
Benign,Benign,0.005493266973644495
Benign,Benign,0.002674184856005013
Benign,Benign,0.011202725348994136
Benign,Benign,0.004035120582557283
Benign,Benign,0.0013819769956171513
Benign,Benign,0.0018409900221740827
Benign,Benign,0.002712896326556802
Benign,Benign,0.035366633848752826
Benign,Benign,0.0010513298911973834
Benign,Benign,0.024960532668046653
Benign,Benign,0.0015654738526791334
Benign,Benign,0.0034102349309250712
Benign,Benign,0.0032173967774724588
Benign,Benign,0.001083996845409274
Benign,Benign,0.001766128174494952
Benign,Benign,0.009276218188460916
Benign,Benign,0.0014341457281261683
Benign,Benign,0.0013161016395315528
Benign,Benign,0.013859420898370445
Benign,Benign,0.05961367767304182
Benign,Benign,0.00257467245683074
Benign,Benign,0.002306391455931589
Benign,Benign,0.0012641646899282932
Benign,Benign,0.007510998038924299
Benign,Benign,0.013926160638220608
Benign,Benign,0.023010242031887174
Benign,Benign,0.0013660707045346498
Benign,Benign,0.004240938171278685
Benign,Benign,0.0016127056442201138
Benign,Benign,0.022848414024338126
Benign,Benign,0.06548777961870655
Benign,Benign,0.0014460519887506962
Benign,Benign,0.0013716656249016523
Benign,Benign,0.003752724966034293
Benign,Benign,0.0018235316965728998
Benign,Benign,0.0013202540576457977
Benign,Benign,0.002838994812918827
Benign,Benign,0.010327483527362347
Benign,Benign,0.04084418131969869
Benign,Benign,0.014003550604684278
Benign,Benign,0.01154762830992695
Benign,Benign,0.0013715398963540792
Benign,Benign,0.0346892939414829
Benign,Benign,0.0013171969912946224
Benign,Benign,0.012843827018514276
Benign,Benign,0.001083996845409274
Benign,Benign,0.027903877140488476
Benign,Benign,0.006570776225998998
Benign,Benign,0.001445630332455039
Benign,Benign,0.005305439452058636
Benign,Benign,0.0013462648494169116
Benign,Benign,0.0013202540576457977
Benign,Benign,0.0012545830104500055
Benign,Benign,0.008219356881454587
Benign,Benign,0.0030396892689168453
Benign,Benign,0.00670231506228447
Benign,Benign,0.0012058986903866753
Benign,Benign,0.027447585598565638
Benign,Benign,0.0013412127736955881
Benign,Benign,0.012136877747252584
Benign,Benign,0.0013086851686239243
Benign,Benign,0.007993863182491623
Benign,Benign,0.018976896884851158
Benign,Benign,0.0025678076781332493
Benign,Benign,0.0032499791122972965
Benign,Benign,0.0012409316841512918
Benign,Benign,0.21398181095719337
Benign,Benign,0.009858905803412199
Benign,Benign,0.0892176441848278
Benign,Benign,0.005077642374089919
Benign,Benign,0.0015163394709816203
Benign,Benign,0.0119854238582775
Benign,Benign,0.0037496732402360067
Benign,Benign,0.0077930015831952915
Benign,Benign,0.001268620602786541
Benign,Benign,0.014254904293920845
Benign,Benign,0.020110250916332006
Benign,Benign,0.003505167958792299
Benign,Benign,0.0023813160369172692
Benign,Benign,0.0042635982244974
Benign,Benign,0.0010852114064618945
Benign,Benign,0.011144978867378086
Benign,Benign,0.0151243134168908
Benign,Benign,0.0010574397165328264
Benign,Benign,0.02054459828650579
Benign,Benign,0.0010574397165328264
Benign,Benign,0.024271385627798736
Benign,Benign,0.008713835821254179
Benign,Benign,0.001266804407350719
Benign,Benign,0.006492748856544495
Benign,Benign,0.005347086291294545
Benign,Benign,0.001083996845409274
Benign,Benign,0.2575343444477767
Benign,Benign,0.0016712314391043037
Benign,Benign,0.0026282385078957304
Benign,Benign,0.0036642871564254165
Benign,Benign,0.023823773895855993
Benign,Benign,0.0010262717260047793
Benign,Benign,0.0017903427360579371
Benign,Benign,0.0012996740406379104
Benign,Benign,0.0012619916815310717
Benign,Benign,0.00519021856598556
Benign,Benign,0.0077778086415492
Benign,Benign,0.05392224667593837
Benign,Benign,0.0013680086703971028
Benign,Benign,0.022778986021876335
Benign,Benign,0.012266671750694513
Benign,Benign,0.01313046453287825
Benign,Benign,0.0012927086791023612
Benign,Benign,0.01505566667765379
Benign,Benign,0.001311094150878489
Benign,Benign,0.002188429527450353
Benign,Benign,0.014264065015595406
Benign,Benign,0.004947725683450699
Benign,Benign,0.023364480584859848
Benign,Benign,0.012551605701446533
Benign,Benign,0.032351352041587234
Benign,Benign,0.0010493912268429995
Benign,Benign,0.0012748971348628402
Benign,Benign,0.02229479607194662
Benign,Benign,0.009559834346873686
Benign,Benign,0.060034531154087745
Benign,Benign,0.0012949052033945918
Benign,Benign,0.006380511898896657
Benign,Benign,0.022607751074247062
Benign,Benign,0.007766972281388007
Benign,Benign,0.001510481335571967
Benign,Benign,0.017594987410120666
Benign,Benign,0.0035927824210375547
Benign,Benign,0.007890796638093889
Benign,Benign,0.001083996845409274
Benign,Benign,0.0022029834799468517
Benign,Benign,0.00966041226638481
Benign,Benign,0.003927080775611103
Benign,Benign,0.001799472258426249
Benign,Benign,0.0227511131670326
Benign,Benign,0.0031162366503849626
Benign,Benign,0.006669392794719897
Benign,Benign,0.0014217450516298413
Benign,Benign,0.004792086663655937
Benign,Benign,0.0018487744964659214
Benign,Benign,0.0024433984654024243
Benign,Benign,0.0014600170543417335
Benign,Benign,0.20988329267129302
Benign,Benign,0.0016280015697702765
Benign,Benign,0.0267583339009434
Benign,Benign,0.009253736527170986
Benign,Benign,0.0015908849745756015
Benign,Benign,0.0010724910534918308
Benign,Benign,0.009720041169202887
Benign,Benign,0.013029282199568115
Benign,Benign,0.002424132195301354
Benign,Benign,0.0016323316231137142
Benign,Benign,0.003911004838300869
Benign,Benign,0.0012564875651150942
Benign,Benign,0.004407694999827072
Benign,Benign,0.0016741831641411409
Benign,Benign,0.006386580411344767
Benign,Benign,0.0013275019591674209
Benign,Benign,0.0012558954767882824
Benign,Benign,0.005714267608709633
Benign,Benign,0.0015119902091100812
Benign,Benign,0.0028149692807346582
Benign,Benign,0.00355518632568419
Benign,Benign,0.001292168628424406
Benign,Benign,0.009364599594846368
Benign,Benign,0.001083996845409274
Benign,Benign,0.0012748971348628402
Benign,Benign,0.014533468405716121
Benign,Benign,0.0036262135254219174
Benign,Benign,0.011592868700972758
Benign,Benign,0.005045235142461024
Benign,Benign,0.0022439692402258515
Benign,Benign,0.08577810553833842
Benign,Benign,0.0015235733008012176
Benign,Benign,0.0018129781819880009
Benign,Benign,0.001799674064386636
Benign,Benign,0.0010574397165328264
Benign,Benign,0.010804351884871721
Benign,Benign,0.0012985921930521727
Benign,Benign,0.0014555687084794044
Benign,Benign,0.0012922382447868586
Benign,Benign,0.0014745352091267705
Benign,Benign,0.0035143416607752442
Benign,Benign,0.0038014233577996492
Benign,Benign,0.028701609699055552
Benign,Benign,0.0012680054642260075
Benign,Benign,0.026395719964057207
Benign,Benign,0.007989334990270436
Benign,Benign,0.005416500091087073
Benign,Benign,0.08664292166940868
Benign,Benign,0.0017599434358999133
Benign,Benign,0.002810985766700469
Benign,Benign,0.0026523168198764324
Benign,Malicious,0.5019402584293857
Benign,Benign,0.028816382866352797
Benign,Benign,0.0014827580889686942
Benign,Benign,0.001722643501125276
Benign,Benign,0.021357940277084708
Benign,Benign,0.0012263869866728783
Benign,Benign,0.0037863694597035646
Benign,Benign,0.001838707335991785
Benign,Benign,0.0012553082779049873
Benign,Benign,0.0023808057594578713
Benign,Benign,0.004651325347367674
Benign,Benign,0.009930903557687998
Benign,Benign,0.0012748971348628402
Benign,Benign,0.15922535490244627
Benign,Benign,0.007131647071219049
Benign,Benign,0.0016246127197518945
Benign,Benign,0.0012496033450588584
Benign,Benign,0.045812362688593566
Benign,Benign,0.039518233155831695
Benign,Benign,0.001619349786778912
Benign,Benign,0.0015716684283688664
Benign,Benign,0.0012529452797025442
Benign,Benign,0.001531262299977243
Benign,Benign,0.0031374308600788936
Benign,Benign,0.0014467037981376052
Benign,Benign,0.05428602732717991
Benign,Benign,0.013017994104302488
Benign,Benign,0.0016149312577908859
Benign,Benign,0.0011023787083104253
Benign,Benign,0.015527020208537579
Benign,Benign,0.02352045284351334
Benign,Benign,0.0010432187700644135
Benign,Benign,0.04513314715586603
Benign,Benign,0.011694614950101823
Benign,Benign,0.0014774247538298368
Benign,Benign,0.0013084702659398317
Benign,Benign,0.028058595897164196
Benign,Benign,0.00948839180637151
Benign,Benign,0.0033275531604886055
Benign,Benign,0.0788752697117161
Benign,Benign,0.0013020455371588469
Benign,Benign,0.013629940338432789
Benign,Benign,0.019663448445498943
Benign,Benign,0.0033348144352203235
Benign,Benign,0.0012655251193791628
Benign,Benign,0.0036028935573995113
Benign,Benign,0.0012492832029238343
Benign,Benign,0.01510863279690966
Benign,Benign,0.0013356757117435336
Benign,Benign,0.001645485041080974
Benign,Benign,0.0032828422263264656
Benign,Benign,0.015749751531984657
Benign,Benign,0.0026625466998666525
Benign,Benign,0.0012896504485979676
Benign,Benign,0.130324712023139
Benign,Benign,0.008361994987353683
Benign,Benign,0.005695767409633845
Benign,Benign,0.0017991057829931378
Benign,Benign,0.0010900553315877914
Benign,Benign,0.001280672731809318
Benign,Benign,0.001083996845409274
Benign,Benign,0.00561285758158192
Benign,Benign,0.0013279315317049623
Benign,Benign,0.005139001164934598
Benign,Benign,0.004753143875859678
Benign,Benign,0.010722030885517597
Benign,Benign,0.003977909684181213
Benign,Benign,0.0010488430270925164
Benign,Benign,0.0017173931701108813
Benign,Benign,0.01184439955977723
Benign,Benign,0.010081025189720094
Benign,Benign,0.0017390378925483674
Benign,Benign,0.0013340167934074998
Benign,Benign,0.005574906914262101
Benign,Benign,0.015160191338509321
Benign,Benign,0.0013583821710199118
Benign,Benign,0.0053057437762618065
Benign,Benign,0.011895493778865784
Benign,Benign,0.0024420716799795628
Benign,Benign,0.0014739540638402104
Benign,Benign,0.0017190612707054242
Benign,Benign,0.001083996845409274
Benign,Benign,0.0012996740406379104
Benign,Benign,0.0018425170565024018
Benign,Benign,0.0018204861553385854
Benign,Benign,0.10545640834607184
Benign,Benign,0.004291711578844115
Benign,Benign,0.0010574397165328264
Benign,Benign,0.0010392320109531283
Benign,Benign,0.027797512244433165
Benign,Benign,0.0012496367562562227
Benign,Benign,0.001941599533893168
Benign,Benign,0.017340031161438674
Benign,Benign,0.004353208700194955
Benign,Benign,0.002574922749772668
Benign,Benign,0.0032499791122972965
Benign,Benign,0.0014797713374719024
Benign,Benign,0.01868825196288526
Benign,Benign,0.001262070843949914
Benign,Benign,0.003724641865119338
Benign,Benign,0.004108048975467682
Benign,Benign,0.002233038656413555
Benign,Benign,0.001365936128422618
Benign,Benign,0.0010574397165328264
Benign,Benign,0.0012748971348628402
Benign,Benign,0.0013387517537921667
Benign,Benign,0.0012926424387842417
Benign,Benign,0.031438486999832094
Benign,Benign,0.0014936326770111918
Benign,Benign,0.0027334331534802914
Benign,Benign,0.001385575975291431
Benign,Benign,0.004792148130945861
Benign,Benign,0.0028053532441845164
Benign,Benign,0.13004703912883997
Benign,Benign,0.0017158823175122961
Benign,Benign,0.0032039291108958423
Benign,Benign,0.0013022043276578188
Benign,Benign,0.0012582552153617144
Benign,Benign,0.0012756107607856393
Benign,Benign,0.0015838969266042113
Benign,Benign,0.0020575704984366894
Benign,Benign,0.008851541657350026
Benign,Benign,0.015891503979219124
Benign,Benign,0.0059048698749393225
Benign,Benign,0.05407930095680058
Benign,Benign,0.0012414315715432167
Benign,Benign,0.0022732026409357786
Benign,Benign,0.002538881031796336
Benign,Benign,0.0013001627521589398
Benign,Benign,0.0013403354678303003
Benign,Benign,0.03185219573788345
Benign,Benign,0.00600510009098798
Benign,Benign,0.001965385949006304
Benign,Benign,0.00962610705755651
Benign,Benign,0.0010488430270925164
Benign,Benign,0.0024153976410161704
Benign,Benign,0.0060833123861812055
Benign,Benign,0.0010493912268429995
Benign,Benign,0.024121160560753196
Benign,Benign,0.0023785103112459183
Benign,Benign,0.06695754686370492
Benign,Benign,0.004658158868551254
Benign,Benign,0.006407129054423422
Benign,Benign,0.001614815671928227
Benign,Benign,0.009812953765504062
Benign,Benign,0.0077619394287467
Benign,Benign,0.001390758785419166
Benign,Benign,0.002504439326003194
Benign,Benign,0.0038171970518305898
Benign,Benign,0.001410620752722025
Benign,Benign,0.001258202246390283
Benign,Benign,0.001448357812478207
Benign,Benign,0.2610985627397895
Benign,Benign,0.0017877327045425773
Benign,Benign,0.001044522039592266
Benign,Benign,0.03362560545792803
Benign,Benign,0.018072596983984113
Benign,Benign,0.018751014009467326
Benign,Benign,0.011782025394495577
Benign,Benign,0.0013529289280995727
Benign,Benign,0.02274745557224378
Benign,Benign,0.0016468954272568226
Benign,Benign,0.0010574397165328264
Benign,Benign,0.018766174966003746
Benign,Benign,0.0014663407200714573
Benign,Benign,0.0345068703754805
Benign,Benign,0.0012756107607856393
Benign,Benign,0.004448696679901332
Benign,Benign,0.0010574397165328264
Benign,Benign,0.001044522039592266
Benign,Benign,0.015279321814887226
Benign,Benign,0.022303407778963447
Benign,Benign,0.0024600853212177753
Benign,Benign,0.01700629759579897
Benign,Benign,0.012424705535522662
Benign,Benign,0.00131553306709975
Benign,Benign,0.0013400126481428742
Benign,Benign,0.028424562129657716
Benign,Benign,0.0013385380152612925
Benign,Benign,0.006059267310774885
Benign,Benign,0.0010488430270925164
Benign,Benign,0.004050953983096406
Benign,Benign,0.0015066908672451973
Benign,Benign,0.07651332532986999
Benign,Benign,0.002180225681513548
Benign,Benign,0.001430461765266955
Benign,Benign,0.0013058939948678017
Benign,Benign,0.01368529419414699
Benign,Benign,0.012176290358183905
Benign,Benign,0.06610308447852731
Benign,Benign,0.08656145876739174
Benign,Benign,0.0013611504109576344
Benign,Benign,0.0012721779057756066
Benign,Benign,0.0013451704289764166
Benign,Benign,0.006063733366318047
Benign,Benign,0.007542859762907028
Benign,Benign,0.0010574397165328264
Benign,Benign,0.0030506199545925483
Benign,Benign,0.001260377001017332
Benign,Benign,0.0010574397165328264
Benign,Benign,0.0013237132225185633
Benign,Benign,0.005298764313920401
Benign,Benign,0.0015144872013479471
Benign,Benign,0.0013060721103101969
Benign,Benign,0.005605862912489101
Benign,Benign,0.005627145990729332
Benign,Benign,0.11060644499957561
Benign,Benign,0.0032423389493487775
Benign,Benign,0.005747946794144809
Benign,Benign,0.01276132691418752
Benign,Benign,0.0013971461448818445
Benign,Benign,0.002625378067023121
Benign,Benign,0.006599462532903999
Benign,Benign,0.0032895095500862226
Benign,Benign,0.06681449140887707
Benign,Benign,0.008076493613771163
Benign,Benign,0.006497970083728433
Benign,Benign,0.003081891671172343
Benign,Benign,0.0014759738696739078
Benign,Benign,0.0010574397165328264
Benign,Benign,0.0013364250771701336
Benign,Benign,0.001083996845409274
Benign,Benign,0.001546232946566306
Benign,Benign,0.0010574397165328264
Benign,Benign,0.006196058107889257
Benign,Benign,0.0068531527649611235
Benign,Benign,0.005831334492540918
Benign,Benign,0.0047415149747394025
Benign,Benign,0.003712602541781962
Benign,Benign,0.0012914410326629877
Benign,Benign,0.001889115315862
Benign,Benign,0.0012998043093830347
Benign,Benign,0.001445630332455039
Benign,Benign,0.002224106341600418
Benign,Benign,0.0012996740406379104
Benign,Benign,0.0012996740406379104
Benign,Benign,0.02912540198303759
Benign,Benign,0.0032221197470789775
Benign,Benign,0.005441221874207258
Benign,Benign,0.008715910254977643
Benign,Benign,0.001083996845409274
Benign,Benign,0.002504891250282526
Benign,Benign,0.060235604643821716
Benign,Benign,0.0018594133434817195
Benign,Benign,0.00264476693700999
Benign,Benign,0.0013741732109338045
Benign,Benign,0.0023328231181949377
Benign,Benign,0.0015429711202159524
Benign,Benign,0.0034380557481199503
Benign,Benign,0.02341826306656003
Benign,Benign,0.005645644385367632
Benign,Benign,0.028460595407523215
Benign,Benign,0.0033612644765526056
Benign,Benign,0.0014057920780032873
Benign,Benign,0.0025420989841222763
Benign,Benign,0.0024241965729743242
Benign,Benign,0.007287529530003667
Benign,Benign,0.001392069272696972
Benign,Benign,0.0031378050334751606
Benign,Benign,0.045099319773726165
Benign,Benign,0.3955192528665066
Benign,Benign,0.0010448318207636476
Benign,Benign,0.005786135909147561
Benign,Benign,0.001706847338937223
Benign,Benign,0.0013370101805776358
Benign,Benign,0.007699300767853856
Benign,Benign,0.001339876907877624
Benign,Benign,0.01366628147661686
Benign,Benign,0.0010574397165328264
Benign,Benign,0.0010493912268429995
Benign,Benign,0.0014826457481831312
Benign,Benign,0.14045776729471982
Benign,Benign,0.014031861908733845
Benign,Benign,0.018039447691990063
Benign,Benign,0.001044522039592266
Benign,Benign,0.0013086851686239243
Benign,Benign,0.0012560392497107387
Benign,Benign,0.001082230475731194
Benign,Benign,0.0012923330068588257
Benign,Benign,0.003404450777452439
Benign,Benign,0.013464182964526117
Benign,Benign,0.005770299321739003
Benign,Benign,0.0013688243925571442
Benign,Benign,0.0020815818570554256
Benign,Benign,0.03894175076857209
Benign,Benign,0.023649400915019214
Benign,Benign,0.0014325819065561518
Benign,Benign,0.0027336778584867716
Benign,Benign,0.0012748971348628402
Benign,Benign,0.044984281761571765
Benign,Benign,0.004145546350628138
Benign,Benign,0.0015953449765220284
Benign,Benign,0.006825767442933284
Benign,Benign,0.020061037270352244
Benign,Benign,0.005143503163708374
Benign,Benign,0.006684483494609594
Benign,Benign,0.0012254648609086871
Benign,Benign,0.002946017310023308
Benign,Benign,0.03535883943550289
Benign,Benign,0.04583853087387979
Benign,Benign,0.04022100439760834
Benign,Benign,0.002658816520124674
Benign,Benign,0.001865054597146809
Benign,Benign,0.0013482922222465277
Benign,Benign,0.001083996845409274
Benign,Benign,0.001534642418846488
Benign,Benign,0.0016179154335986823
Benign,Benign,0.0036953047092538327
Benign,Benign,0.0017740113835316151
Benign,Benign,0.0022101341746747494
Benign,Benign,0.006205151788890362
Benign,Benign,0.03868538746610284
Benign,Benign,0.0023112831986509264
Benign,Benign,0.00885867205215618
Benign,Benign,0.005822398932650685
Benign,Benign,0.1839590771123767
Benign,Benign,0.0012996740406379104
Benign,Benign,0.004101388971321285
Benign,Benign,0.0017025205306708813
Benign,Benign,0.2706698030233383
Benign,Benign,0.0015078573487699032
Benign,Benign,0.001277361297979951
Benign,Benign,0.00666334736160934
Benign,Benign,0.008549299294827506
Benign,Benign,0.0010574397165328264
Benign,Benign,0.0025597335770726204
Benign,Benign,0.0035133706260239705
Benign,Benign,0.007278193821548484
Benign,Benign,0.0014567492762580514
Benign,Benign,0.0015014179516583681
Benign,Benign,0.001493674237281084
Benign,Benign,0.019752002554014325
Benign,Benign,0.0014454226475208998
Benign,Benign,0.0017318195605184883
Benign,Benign,0.0022078226902522147
Benign,Benign,0.00681778670696076
Benign,Benign,0.001170714502222836
Benign,Benign,0.05938197247451171
Benign,Benign,0.008157163567375392
Benign,Benign,0.007876841526012868
Benign,Benign,0.0012607126263901591
Benign,Benign,0.011080456897616386
Benign,Benign,0.005389809579355642
Benign,Benign,0.0015438845002790913
Benign,Benign,0.001083996845409274
Benign,Benign,0.015576868550851941
Benign,Benign,0.003412743331864476
Benign,Benign,0.0010574397165328264
Benign,Benign,0.03065636701649055
Benign,Benign,0.0013422631891444325
Benign,Benign,0.0013529211282730103
Benign,Benign,0.002976906456751749
Benign,Benign,0.04970070905983448
Benign,Benign,0.0012748971348628402
Benign,Benign,0.004370374605059624
Benign,Benign,0.003918234258890152
Benign,Benign,0.009867405926343054
Benign,Benign,0.001308524631895125
Benign,Benign,0.02869425411336124
Benign,Benign,0.00995668361429125
Benign,Benign,0.019626054330728948
Benign,Benign,0.0018065436743199825
Benign,Benign,0.0024770312011241913
Benign,Benign,0.05309871956706047
Benign,Benign,0.001310795429162681
Benign,Benign,0.0031407184287672862
Benign,Benign,0.003827416556305252
Benign,Benign,0.0010900553315877914
Benign,Benign,0.006081053928937763
Benign,Benign,0.0024631143896840513
Benign,Benign,0.08217361755669117
Benign,Benign,0.009825440705753863
Benign,Benign,0.008633836871013045
Benign,Benign,0.0014660225715488195
Benign,Benign,0.0028403736650943756
Benign,Benign,0.005907337123062462
Benign,Benign,0.001259924378246069
Benign,Benign,0.0012655595783144236
Benign,Benign,0.0071984349633567035
Benign,Benign,0.001053419429808855
Benign,Benign,0.0023124585713958368
Benign,Benign,0.0024959619622677565
Benign,Benign,0.015971613465808332
Benign,Benign,0.0015235712053254247
Benign,Benign,0.003594304871512577
Benign,Benign,0.0016565084224566817
Benign,Benign,0.020369944570120424
Benign,Benign,0.0013692568754777312
Benign,Benign,0.005099222747958265
Benign,Benign,0.009773947473149747
Benign,Benign,0.01525702781509608
Benign,Benign,0.0012790076434612274
Benign,Benign,0.005714488448575139
Benign,Benign,0.004807667544810101
Benign,Benign,0.004767574544530362
Benign,Benign,0.04896604409441352
Benign,Benign,0.0017668672080617398
Benign,Benign,0.004356796838692389
Benign,Benign,0.0010493912268429995
Benign,Benign,0.050161046674475074
Benign,Benign,0.016079867025837302
Benign,Benign,0.0022179430816322565
Benign,Benign,0.0011136425891891122
Benign,Benign,0.063393400516361
Benign,Benign,0.00426271150354296
Benign,Benign,0.0010640169493854046
Benign,Benign,0.0013626933796331286
Benign,Benign,0.005223648593528196
Benign,Benign,0.004188382939901203
Benign,Benign,0.009737991844303906
Benign,Benign,0.0013020860496908426
Benign,Benign,0.07566282944753766
Benign,Benign,0.06989012937992811
Benign,Benign,0.0012414315715432167
Benign,Benign,0.0014363175723701715
Benign,Benign,0.006247411016374826
Benign,Benign,0.0024515511468052864
Benign,Benign,0.0025419776648050174
Benign,Benign,0.0014336671447381377
Benign,Benign,0.0012414315715432167
Benign,Benign,0.007512128620874137
Benign,Benign,0.0011621799785643816
Benign,Benign,0.029699733247980475
Benign,Benign,0.011267328605754301
Benign,Benign,0.026542779756709933
Benign,Benign,0.005526077409740537
Benign,Benign,0.001857351919170469
Benign,Benign,0.001262226840481162
Benign,Benign,0.0010852114064618945
Benign,Benign,0.0016547046834602952
Benign,Benign,0.0012996740406379104
Benign,Benign,0.0017087532760342583
Benign,Benign,0.0021673499140888453
Benign,Benign,0.001322912285104394
Benign,Benign,0.0013411620166152716
Benign,Benign,0.0010488430270925164
Benign,Benign,0.0014149940107017756
Benign,Benign,0.002489504389814101
Benign,Benign,0.008584736613556743
Benign,Benign,0.0013093891320750117
Benign,Benign,0.009175847051665187
Benign,Benign,0.001326151774264872
Benign,Benign,0.001600687377504073
Benign,Benign,0.014715198427438736
Benign,Benign,0.012270331324543804
Benign,Benign,0.017778428678866476
Benign,Benign,0.0012981756590306759
Benign,Benign,0.029916106024757028
Benign,Benign,0.0012555390130728483
Benign,Benign,0.003945123171433806
Benign,Benign,0.003927558660507202
Benign,Benign,0.0013577621430158615
Benign,Benign,0.0013781115412712097
Benign,Benign,0.0013090582797303796
Benign,Benign,0.0012652751756832004
Benign,Benign,0.001436253427527845
Benign,Benign,0.002710733431740664
Benign,Benign,0.0014358367770910263
Benign,Benign,0.002896917751058936
Benign,Benign,0.0059672335628420115
Benign,Benign,0.004797139321453869
Benign,Benign,0.001083996845409274
Benign,Benign,0.002831506179063581
Benign,Benign,0.11534797586500645
Benign,Benign,0.06244474742561579
Benign,Benign,0.0014392510056495667
Benign,Benign,0.04322967189364135
Benign,Benign,0.01847069797804579
Benign,Benign,0.004235594984493218
Benign,Benign,0.0012573059648275375
Benign,Benign,0.0040920190513134
Benign,Benign,0.0013796602142974734
Benign,Benign,0.001556054106913507
Benign,Benign,0.005016021881601773
Benign,Benign,0.02200688316952437
Benign,Benign,0.008430658490397036
Benign,Benign,0.0013046347303315997
Benign,Benign,0.0010852114064618945
Benign,Benign,0.01030828058719635
Benign,Benign,0.02437299455050379
Benign,Benign,0.0029950670286780223
Benign,Benign,0.001083996845409274
Benign,Benign,0.0010574397165328264
Benign,Benign,0.0013381652534008026
Benign,Benign,0.0011769316624850035
Benign,Benign,0.022414828126784414
Benign,Benign,0.002049018265097402
Benign,Benign,0.013188004377298057
Benign,Benign,0.00222578551620245
Benign,Benign,0.004096983451745473
Benign,Benign,0.0017460923118051142
Benign,Benign,0.001305366400629282
Benign,Benign,0.0012911984231323004
Benign,Benign,0.020862790406681597
Benign,Benign,0.0012748971348628402
Benign,Benign,0.0036173861008137465
Benign,Benign,0.00600377208320424
Benign,Benign,0.0022514641750603914
Benign,Benign,0.0012949052033945918
Benign,Benign,0.01303357444703579
Benign,Benign,0.027607273310422897
Benign,Benign,0.0010574397165328264
Benign,Benign,0.0010900553315877914
Benign,Benign,0.0013453246792778373
Benign,Benign,0.0027703086234396324
Benign,Benign,0.01675349607830867
Benign,Benign,0.0024509672075510025
Benign,Benign,0.00519766888464801
Benign,Benign,0.007707465440034866
Benign,Benign,0.04875224502757192
Benign,Benign,0.0015277645870810375
Benign,Benign,0.019858910469338298
Benign,Benign,0.0033663801732473075
Benign,Benign,0.001083996845409274
Benign,Benign,0.0013088722480461001
Benign,Benign,0.003940109978429973
Benign,Benign,0.009008374297991395
Benign,Benign,0.0037146597023820505
Benign,Benign,0.0015216623432934284
Benign,Benign,0.03081582090817392
Benign,Benign,0.0012907527852803469
Benign,Benign,0.0033141159801743925
Benign,Benign,0.0019091822614427656
Benign,Benign,0.06555911712348461
Benign,Benign,0.24098365008831024
Benign,Benign,0.03658952983096242
Benign,Benign,0.0029381562198977917
Benign,Benign,0.0014209561049938202
Benign,Benign,0.01277298096101731
Benign,Benign,0.008808951111859642
Benign,Benign,0.03890928241889924
Benign,Benign,0.004050169343827292
Benign,Benign,0.0014229475054889917
Benign,Benign,0.0010574397165328264
Benign,Benign,0.0014357336331158876
Benign,Benign,0.001083996845409274
Benign,Benign,0.0016107744304463267
Benign,Benign,0.10764405108056962
Benign,Benign,0.005226044391747564
Benign,Benign,0.007420134206768125
Benign,Benign,0.0040364013984799385
Benign,Benign,0.0031409747898578644
Benign,Benign,0.0012414315715432167
Benign,Benign,0.01534317503683269
Benign,Benign,0.001349298283457756
Benign,Benign,0.0028084782970836386
Benign,Benign,0.0017421341908629984
Benign,Benign,0.003971843048930168
Benign,Benign,0.015264050103724003
Benign,Benign,0.004460589145310223
Benign,Benign,0.003946161363273859
Benign,Benign,0.0026535873621469364
Benign,Benign,0.0018283718964084983
Benign,Benign,0.0015035060932859778
Benign,Benign,0.007474528960301541
Benign,Benign,0.004935111617669463
Benign,Benign,0.00237313995603472
Benign,Benign,0.00160503969527781
Benign,Benign,0.0012748971348628402
Benign,Benign,0.23604199656983837
Benign,Benign,0.10381821030750871
Benign,Benign,0.10087817162275314
Benign,Benign,0.0015865814639255404
Benign,Benign,0.006943459593458101
Benign,Benign,0.0021004776936024427
Benign,Benign,0.0010493912268429995
Benign,Benign,0.002900385530665517
Benign,Benign,0.003752724966034293
Benign,Benign,0.02890745538752526
Benign,Benign,0.0010493912268429995
Benign,Benign,0.001662246068008244
Benign,Benign,0.0023050128656905144
Benign,Benign,0.001083996845409274
Benign,Benign,0.07278922339901328
Benign,Benign,0.001289562787860632
Benign,Benign,0.005749785341322422
Benign,Benign,0.0010493912268429995
Benign,Benign,0.038189797662198544
Benign,Benign,0.013129814411513507
Benign,Benign,0.05462925834581256
Benign,Benign,0.002608498907648027
Benign,Benign,0.001043589785695076
Benign,Benign,0.0017248501535505056
Benign,Benign,0.03139138675760478
Benign,Benign,0.009564222302287817
Benign,Benign,0.04760992852970958
Benign,Benign,0.0014322262577479705
Benign,Benign,0.005376378656364977
Benign,Benign,0.001053419429808855
Benign,Benign,0.0012615276500582695
Benign,Benign,0.0010574397165328264
Benign,Benign,0.003986454685218632
Benign,Benign,0.005423045658972114
Benign,Benign,0.0012492832029238343
Benign,Benign,0.0036697047762572765
Benign,Benign,0.0018460368737578392
Benign,Benign,0.0061979894526302814
Benign,Benign,0.04960224265232682
Benign,Benign,0.0014825601829215884
Benign,Benign,0.006061208143364638
Benign,Benign,0.0073026362224482
Benign,Benign,0.002859252257621847
Benign,Benign,0.0014812700683251023
Benign,Benign,0.005354885230190121
Benign,Benign,0.008357139420695603
Benign,Benign,0.016056676802691072
Benign,Benign,0.003646240336820483
Benign,Benign,0.0013895595911890268
Benign,Benign,0.010826776269823313
Benign,Benign,0.0014344955561682582
Benign,Benign,0.0013403912307694554
Benign,Benign,0.0058043144817929715
Benign,Benign,0.007181583438068628
Benign,Benign,0.0012402210850268602
Benign,Benign,0.001053419429808855
Benign,Benign,0.0012786906445398927
Benign,Benign,0.002415949827991426
Benign,Benign,0.02054426440736279
Benign,Benign,0.001369491801597178
Benign,Benign,0.0052727400325238705
Benign,Benign,0.008185740545741282
Benign,Benign,0.007762439985526726
Benign,Benign,0.01530179800465703
Benign,Benign,0.012267531594261527
Benign,Benign,0.06122208258602768
Benign,Benign,0.0013822504552081227
Benign,Benign,0.04048920143395662
Benign,Benign,0.0016941575886448845
Benign,Benign,0.003538149641826749
Benign,Benign,0.07905848696827888
Benign,Benign,0.001563760917633772
Benign,Benign,0.0017936708172783256
Benign,Benign,0.1123242462053895
Benign,Benign,0.0042740768840303645
Benign,Benign,0.0010574397165328264
Benign,Benign,0.007604520709719509
Benign,Benign,0.07341595145408064
Benign,Benign,0.001083996845409274
Benign,Benign,0.007268175191711634
Benign,Benign,0.0010574397165328264
Benign,Benign,0.015848315553739667
Benign,Benign,0.0014799518830841407
Benign,Benign,0.002822729860781692
Benign,Benign,0.0025511630810797215
Benign,Benign,0.07655960042029619
Benign,Benign,0.0010574397165328264
Benign,Benign,0.0014080982509767637
Benign,Benign,0.001310712774284184
Benign,Benign,0.001083996845409274
Benign,Benign,0.0010574397165328264
Benign,Benign,0.009345321566797793
Benign,Benign,0.0012902884045615792
Benign,Benign,0.0016206424916163087
Benign,Benign,0.005232314288150519
Benign,Benign,0.0014113562647253275
Benign,Benign,0.04255629237741232
Benign,Benign,0.0034362280275672674
Benign,Benign,0.0013738414272665977
Benign,Benign,0.005357458197977394
Benign,Benign,0.015512380516156554
Benign,Benign,0.0012595376465469599
Benign,Benign,0.0012559511233121157
Benign,Benign,0.0012572328560054302
Benign,Benign,0.001044522039592266
Benign,Benign,0.014278041431680322
Benign,Benign,0.02343565016053617
Benign,Benign,0.003402777132578194
Benign,Benign,0.0055653241579420865
Benign,Benign,0.015033556090202183
Benign,Benign,0.001800209516659379
Benign,Benign,0.03909505414776504
Benign,Benign,0.07035230146721005
Benign,Benign,0.03193399263545871
Benign,Benign,0.009340529330074787
Benign,Benign,0.0013773167738690972
Benign,Benign,0.033985871326876804
Benign,Benign,0.0012710450682789087
Benign,Benign,0.01200506545137614
Benign,Benign,0.0019251118501415476
Benign,Benign,0.001282623503357172
Benign,Benign,0.004429340362548828
Benign,Benign,0.0013893565628677607
Benign,Benign,0.01642187254037708
Benign,Benign,0.005818568752147257
Benign,Benign,0.011510776763316244
Benign,Benign,0.0022552276495844126
Benign,Benign,0.0061573011334985495
Benign,Benign,0.00452643702737987
Benign,Benign,0.03152860788395628
Benign,Benign,0.0012949052033945918
Benign,Benign,0.06526260543614626
Benign,Benign,0.001286016427911818
Benign,Benign,0.0010450679110363126
Benign,Benign,0.0010852114064618945
Benign,Benign,0.004881458356976509
Benign,Benign,0.04069951525889337
Benign,Benign,0.0013407429214566946
Benign,Benign,0.0014230119995772839
Benign,Benign,0.03981587802991271
Benign,Benign,0.001053419429808855
Benign,Benign,0.058368475176393986
Benign,Benign,0.0050333954859524965
Benign,Benign,0.0012491566594690084
Benign,Benign,0.028948519320692867
Benign,Benign,0.07528470060788095
Benign,Benign,0.00127218768466264
Benign,Benign,0.013039199053309858
Benign,Benign,0.002490841070539318
Benign,Benign,0.016867994505446404
Benign,Benign,0.006785866338759661
Benign,Benign,0.021060854400275275
Benign,Benign,0.0034962351201102138
Benign,Benign,0.0044866826792713255
Benign,Benign,0.007796264893840998
Benign,Benign,0.04738214868120849
Benign,Benign,0.005750663345679641
Benign,Benign,0.0010574397165328264
Benign,Benign,0.001053419429808855
Benign,Benign,0.0015390744665637612
Benign,Benign,0.0037468585651367903
Benign,Benign,0.0014332500286400318
Benign,Benign,0.0013783362228423357
Benign,Benign,0.0017531970515847206
Benign,Benign,0.0013092675944790244
Benign,Benign,0.0012330106692388654
Benign,Benign,0.003227920038625598
Benign,Benign,0.04005338135175407
Benign,Benign,0.0012996740406379104
Benign,Benign,0.0012796225491911173
Benign,Benign,0.04953514179214835
Benign,Benign,0.001083996845409274
Benign,Benign,0.007042471057502553
Benign,Benign,0.0010574397165328264
Benign,Benign,0.001346066826954484
Benign,Benign,0.002555457758717239
Benign,Benign,0.0012748971348628402
Benign,Benign,0.015269121329765767
Benign,Benign,0.07248148415237665
Benign,Benign,0.00267443316988647
Benign,Benign,0.004998954362235963
Benign,Benign,0.004428712883964181
Benign,Benign,0.013871656672563404
Benign,Benign,0.023312767734751105
Benign,Benign,0.026573787414235994
Benign,Benign,0.006533815700095147
Benign,Benign,0.022098889807239175
Benign,Benign,0.010020823625382036
Benign,Benign,0.0012879068963229656
Benign,Benign,0.013594491858384572
Benign,Benign,0.009207549941493198
Benign,Benign,0.0022017997689545155
Benign,Benign,0.014499431650619954
Benign,Benign,0.010872301645576954
Benign,Benign,0.0013309539062902331
Benign,Benign,0.013980185147374868
Benign,Benign,0.06170599767938256
Benign,Benign,0.004601116510457359
Benign,Benign,0.0010493912268429995
Benign,Benign,0.030831429117824882
Benign,Benign,0.0013096819166094065
Benign,Benign,0.0014798972988501191
Benign,Benign,0.012011246260954067
Benign,Benign,0.0029549752216553316
Benign,Benign,0.0010574397165328264
Benign,Benign,0.0013577621430158615
Benign,Benign,0.08527204301208258
Benign,Benign,0.0018699251668294892
Benign,Benign,0.05101500963792205
Benign,Benign,0.04950414854101837
Benign,Benign,0.0014057322405278683
Benign,Benign,0.0013077555922791362
Benign,Benign,0.0012946041533723474
Benign,Benign,0.004953481024131179
Benign,Benign,0.0013539271894842386
Benign,Benign,0.001083996845409274
Benign,Benign,0.0010574397165328264
Benign,Benign,0.002825549920089543
Benign,Benign,0.0010513298911973834
Benign,Benign,0.0027584323979681358
Benign,Benign,0.001083996845409274
Benign,Benign,0.0015589835675200447
Benign,Benign,0.0030012762726983055
Benign,Benign,0.005999359651468694
Benign,Benign,0.0014600170543417335
Benign,Benign,0.0012160579062765464
Benign,Benign,0.0016073398292064667
Benign,Benign,0.006301074972725473
Benign,Benign,0.0036541789304465055
Benign,Benign,0.001802777056582272
Benign,Benign,0.029188659027568065
Benign,Benign,0.0031717142555862665
Benign,Benign,0.0010574397165328264
Benign,Benign,0.006200643430929631
Benign,Benign,0.08526680513750762
Benign,Benign,0.002805165000609122
Benign,Benign,0.03875340975355357
Benign,Benign,0.009983428404666483
Benign,Benign,0.0013124555116519332
Benign,Benign,0.0010574397165328264
Benign,Benign,0.0013972896849736571
Benign,Benign,0.0025547255063429475
Benign,Benign,0.00134953111410141
Benign,Benign,0.005733580997912213
Benign,Benign,0.0016982470406219363
Benign,Benign,0.0013237802777439356
Benign,Benign,0.0010488430270925164
Benign,Benign,0.06021759123541415
Benign,Benign,0.0013663533609360456
Benign,Benign,0.004979475037544034
Benign,Benign,0.004122516707866453
Benign,Benign,0.011057485695346259
Benign,Benign,0.0028401095187291503
Benign,Benign,0.001396392472088337
Benign,Benign,0.0025388465728610754
Benign,Benign,0.002529368968680501
Benign,Benign,0.003175173420459032
Benign,Benign,0.0036016609519720078
Benign,Benign,0.001944543095305562
Benign,Benign,0.0024826996959745884
Benign,Benign,0.023068490147124976
Benign,Benign,0.0035536515060812235
Benign,Benign,0.009083312470465899
Benign,Benign,0.0022732026409357786
Benign,Benign,0.004169235471636057
Benign,Benign,0.003337728907354176
Benign,Benign,0.0012996740406379104
Benign,Benign,0.010309795790817589
Benign,Benign,0.0024985542986541986
Benign,Benign,0.019501833827234805
Benign,Benign,0.0012996740406379104
Benign,Benign,0.030257538834121078
Benign,Benign,0.017257180414162576
Benign,Benign,0.0016093469312181696
Benign,Benign,0.006804911652579904
Benign,Benign,0.0038938126381253824
Benign,Benign,0.009012499765958637
Benign,Benign,0.0012655595783144236
Benign,Benign,0.001614478649571538
Benign,Benign,0.00737591547658667
Benign,Benign,0.011749703320674598
Benign,Benign,0.008143020793795586
Benign,Benign,0.004930118549964391
Benign,Benign,0.001471092808060348
Benign,Benign,0.00684021737833973
Benign,Benign,0.0013513820013031363
Benign,Benign,0.0013315610121935606
Benign,Benign,0.0013995491899549961
Benign,Benign,0.005305987288011238
Benign,Benign,0.003746965652680956
Benign,Benign,0.026792892240337096
Benign,Benign,0.001083996845409274
Benign,Benign,0.0013587662251666188
Benign,Benign,0.0021823772694915533
Benign,Benign,0.001286016427911818
Benign,Benign,0.0013593165203928947
Benign,Benign,0.10994651261717081
Benign,Benign,0.0014211553934728727
Benign,Benign,0.020033255103044212
Benign,Benign,0.0014115185476839542
Benign,Benign,0.0025665091816335917
Benign,Benign,0.03660569014027715
Benign,Benign,0.0017808073607739061
Benign,Benign,0.0013033556751906872
Benign,Benign,0.0013611504109576344
Benign,Benign,0.008447277810773812
Benign,Benign,0.001567507380968891
Benign,Benign,0.0010529330465942621
Benign,Benign,0.0018487697234377265
Benign,Benign,0.011251425807131454
Benign,Benign,0.0012311929458519444
Benign,Benign,0.031215112598147243
Benign,Benign,0.008130752423312515
Benign,Benign,0.0010574397165328264
Benign,Benign,0.003375167027115822
Benign,Benign,0.002916960511356592
Benign,Benign,0.001566200633533299
Benign,Benign,0.0013043672079220414
Benign,Benign,0.002840324756107293
Benign,Benign,0.007166821975260973
Benign,Benign,0.002750587649643421
Benign,Benign,0.0036211288534104824
Benign,Benign,0.07998478040099144
Benign,Benign,0.0012813728535547853
Benign,Benign,0.0010574397165328264
Benign,Benign,0.004816150758415461
Benign,Benign,0.0048360651708208025
Benign,Benign,0.0013060721103101969
Benign,Benign,0.0016604313714196905
Benign,Benign,0.0010574397165328264
Benign,Benign,0.0016112123848870397
Benign,Benign,0.0012573059648275375
Benign,Benign,0.0027023113798350096
Benign,Benign,0.004654336706153117
Benign,Benign,0.0013027820969000459
Benign,Benign,0.00302376935724169
Benign,Benign,0.0025830313097685575
Benign,Benign,0.015462111157830805
Benign,Benign,0.0010488430270925164
Benign,Benign,0.0014406335540115833
Benign,Benign,0.0022506634704768658
Benign,Benign,0.0013628164306282997
Benign,Benign,0.0013559223152697086
Benign,Benign,0.05197160178795457
Benign,Benign,0.0022439692402258515
Benign,Benign,0.003483573891571723
Benign,Benign,0.0012778607197105885
Benign,Benign,0.0013611504109576344
Benign,Benign,0.059097166173160076
Benign,Benign,0.0012559671886265278
Benign,Benign,0.012217809897265397
Benign,Benign,0.002577507635578513
Benign,Benign,0.016490299254655838
Benign,Benign,0.0012596602318808436
Benign,Benign,0.013729047728702426
Benign,Benign,0.002580073196440935
Benign,Benign,0.015194356674328446
Benign,Benign,0.002818462555296719
Benign,Benign,0.026644090423360467
Benign,Benign,0.02787518547847867
Benign,Benign,0.0023289520177058876
Benign,Benign,0.0012996740406379104
Benign,Benign,0.0012714994372799993
Benign,Benign,0.0039024548314046115
Benign,Benign,0.40411593904718757
Benign,Benign,0.0027105384215246886
Benign,Benign,0.004956836783094332
Benign,Benign,0.1264997012913227
Benign,Benign,0.025436384603381157
Benign,Benign,0.0026513878256082535
Benign,Benign,0.0013438424794003367
Benign,Benign,0.001509105903096497
Benign,Benign,0.0023558158427476883
Benign,Benign,0.0028542879736050963
Benign,Benign,0.0035998341045342386
Benign,Benign,0.05029060551896691
Benign,Benign,0.002641819999553263
Benign,Benign,0.005331500433385372
Benign,Benign,0.0010574397165328264
Benign,Benign,0.033097977517172694
Benign,Benign,0.0015011909417808056
Benign,Benign,0.005808843998238444
Benign,Benign,0.01264505268773064
Benign,Benign,0.0025276122614741325
Benign,Benign,0.03457281528972089
Benign,Benign,0.009209143914631568
Benign,Benign,0.0012661281507462263
Benign,Benign,0.0013120503863319755
Benign,Benign,0.012119583028834313
Benign,Benign,0.003474777506198734
Benign,Benign,0.08610084163956344
Benign,Benign,0.0010488430270925164
Benign,Benign,0.06008801865391433
Benign,Benign,0.026317864656448364
Benign,Benign,0.006303542264504358
Benign,Benign,0.0014068877644604072
Benign,Benign,0.005166311952052638
Benign,Benign,0.00301955861505121
Benign,Benign,0.0013926024548709393
Benign,Benign,0.011435495922341943
Benign,Benign,0.0010574397165328264
Benign,Benign,0.0012902413727715611
Benign,Benign,0.011559860067791305
Benign,Benign,0.006218391703441739
Benign,Benign,0.0012911424273625016
Benign,Benign,0.005021687597036362
Benign,Benign,0.0033807946310844272
Benign,Benign,0.0014699593739351258
Benign,Benign,0.0012658004416152835
Benign,Benign,0.0015105672646313906
Benign,Benign,0.0017871767922770232
Benign,Benign,0.005854187940713018
Benign,Benign,0.003985775343608111
Benign,Benign,0.0017157002439489588
Benign,Benign,0.08226279309019446
Benign,Benign,0.011487115392810665
Benign,Benign,0.0024521403247490525
Benign,Benign,0.0014024549018358812
Benign,Benign,0.007570756832137704
Benign,Benign,0.010768656502477825
Benign,Benign,0.00456317953648977
Benign,Benign,0.05535076605156064
Benign,Benign,0.0013228337047621608
Benign,Benign,0.0019197232177248225
Benign,Benign,0.0014248627703636885
Benign,Benign,0.002148035913705826
Benign,Benign,0.18340514041483402
Benign,Benign,0.005285975872538984
Benign,Benign,0.001373092643916607
Benign,Benign,0.0013202540576457977
Benign,Benign,0.0012748971348628402
Benign,Benign,0.0380742815323174
Benign,Benign,0.0012351700570434332
Benign,Benign,0.0013146753190085292
Benign,Benign,0.0034708851017057896
Benign,Benign,0.001938980640261434
Benign,Benign,0.006704340688884258
Benign,Benign,0.011883214581757784
Benign,Benign,0.04029439156875014
Benign,Benign,0.001053419429808855
Benign,Benign,0.00142362667247653
Benign,Benign,0.0014351823920151219
Benign,Benign,0.0022061325144022703
Benign,Benign,0.007746654533548281
Benign,Benign,0.0013086851686239243
Benign,Benign,0.02208593941759318
Benign,Benign,0.09216153062880039
Benign,Benign,0.0015072906244313344
Benign,Benign,0.017681234050542116
Benign,Benign,0.0010262717260047793
Benign,Benign,0.0013528999261325225
Benign,Benign,0.009034347473061644
Benign,Benign,0.0013591177994385362
Benign,Benign,0.002535045496188104
Benign,Benign,0.0017530565382912755
Benign,Benign,0.10790721792727709
Benign,Benign,0.001434758072718978
Benign,Benign,0.01248283835593611
Benign,Benign,0.0012753965565934777
Benign,Benign,0.001423246692866087
Benign,Benign,0.019380152807570994
Benign,Benign,0.021787614736240357
Benign,Benign,0.004094016912858933
Benign,Benign,0.016491054033394903
Benign,Benign,0.0014129928313195705
Benign,Benign,0.004583312416798435
Benign,Benign,0.06577119883149862
Benign,Benign,0.00454694451764226
Benign,Benign,0.001516045187599957
Benign,Benign,0.0030256004247348756
Benign,Benign,0.001044522039592266
Benign,Benign,0.0075105673022335395
Benign,Benign,0.007073471322655678
Benign,Benign,0.19307097047567368
Benign,Benign,0.029113032738678157
Benign,Benign,0.0014605555916205049
Benign,Benign,0.0018864209996536374
Benign,Benign,0.013264340930618346
Benign,Benign,0.004422680678544566
Benign,Benign,0.0015220643253996968
Benign,Benign,0.0013379972660914063
Benign,Benign,0.0021615884616039693
Benign,Benign,0.0012556463479995728
Benign,Benign,0.0015651801222702488
Benign,Benign,0.009861878337687813
Benign,Benign,0.041960710659623146
Benign,Benign,0.0013399868039414287
Benign,Benign,0.0012748971348628402
Benign,Benign,0.06304935063235462
Benign,Benign,0.001843030666350387
Benign,Benign,0.07068092736881226
Benign,Benign,0.0012955459533259273
Benign,Benign,0.001083996845409274
Benign,Benign,0.0019339969148859382
Benign,Benign,0.0158748230751371
Benign,Benign,0.001434758072718978
Benign,Benign,0.006154031012556516
Benign,Benign,0.0016685172449797392
Benign,Benign,0.0026748781092464924
Benign,Benign,0.0102538769133389
Benign,Benign,0.05483056325465441
Benign,Benign,0.0012439348502084613
Benign,Benign,0.001282623503357172
Benign,Benign,0.002895866986364126
Benign,Benign,0.002756776273599826
Benign,Benign,0.010116601886693388
Benign,Benign,0.0012756389332935214
Benign,Benign,0.0013050754787400365
Benign,Benign,0.004126384970732033
Benign,Benign,0.0012468507047742605
Benign,Benign,0.004622588981874287
Benign,Benign,0.0010852114064618945
Benign,Benign,0.0055194024462252855
Benign,Benign,0.003006551633006893
Benign,Benign,0.01072307804133743
Benign,Benign,0.0012748971348628402
Benign,Benign,0.042506008059717715
Benign,Benign,0.0033777719945646822
Benign,Benign,0.0014028106816112995
Benign,Benign,0.015114422159967944
Benign,Benign,0.001269839471206069
Benign,Benign,0.0049819310661405325
Benign,Benign,0.011239928368013352
Benign,Benign,0.03461885789874941
Benign,Benign,0.0010488430270925164
Benign,Benign,0.0025298253167420626
Benign,Benign,0.0027095713885501027
Benign,Benign,0.01453256222885102
Benign,Benign,0.0017225260380655527
Benign,Benign,0.03048683231463656
Benign,Benign,0.011676212423481047
Benign,Benign,0.00249537498166319
Benign,Benign,0.003324339457321912
Benign,Benign,0.0012564875651150942
Benign,Benign,0.0028228252194821835
Benign,Benign,0.0011463927803561091
Benign,Benign,0.002603018656373024
Benign,Benign,0.009901376906782389
Benign,Benign,0.01018308789934963
Benign,Benign,0.03461701481137425
Benign,Benign,0.001445630332455039
Benign,Benign,0.0014605555916205049
Benign,Benign,0.001053419429808855
Benign,Benign,0.0013180249370634556
Benign,Benign,0.020002041361294687
Benign,Benign,0.023616179125383496
Benign,Benign,0.030401662865187973
Benign,Benign,0.002999968477524817
Benign,Benign,0.0015243836678564548
Benign,Benign,0.0012946041533723474
Benign,Benign,0.0010574397165328264
Benign,Benign,0.00586088647833094
Benign,Benign,0.003668455174192786
Benign,Benign,0.0060905196878593415
Benign,Benign,0.009767145849764347
Benign,Benign,0.07260362803936005
Benign,Benign,0.0017554002115502954
Benign,Benign,0.0010574397165328264
Benign,Benign,0.10471054422669113
Benign,Benign,0.014069892698898911
Benign,Benign,0.01019325666129589
Benign,Benign,0.034553603967651725
Benign,Benign,0.0443989799823612
Benign,Benign,0.0011988208862021565
Benign,Benign,0.018288459163159132
Benign,Benign,0.004547847900539637
Benign,Benign,0.0015292351454263553
Benign,Benign,0.013485709408996627
Benign,Benign,0.0025956742465496063
Benign,Benign,0.0010574397165328264
Benign,Benign,0.0013281404972076416
Benign,Benign,0.00655534997349605
Benign,Benign,0.0033821762772276998
Benign,Benign,0.06576327281072736
Benign,Benign,0.0045493184588849545
Benign,Benign,0.004947739304043353
Benign,Benign,0.01458743677358143
Benign,Benign,0.011182085087057203
Benign,Benign,0.003740176616702229
Benign,Benign,0.0010574397165328264
Benign,Benign,0.001323446398600936
Benign,Benign,0.03979614091804251
Benign,Benign,0.003186542075127363
Benign,Benign,0.04800056619569659
Benign,Benign,0.04730823403224349
Benign,Benign,0.004647514084354043
Benign,Benign,0.02024605858605355
Benign,Benign,0.004022734574391507
Benign,Benign,0.0053584276320179924
Benign,Benign,0.012984732165932655
Benign,Benign,0.0012386622838675976
Benign,Benign,0.008115503209410235
Benign,Benign,0.003637261805124581
Benign,Benign,0.0012684445828199387
Benign,Benign,0.002423694939352572
Benign,Benign,0.0013184633571654558
Benign,Benign,0.0013302474981173873
Benign,Benign,0.005265389510896057
Benign,Benign,0.001083996845409274
Benign,Benign,0.0010488430270925164
Benign,Benign,0.006195981753990054
Benign,Benign,0.0012595385778695345
Benign,Benign,0.0010574397165328264
Benign,Benign,0.0029538613744080067
Benign,Benign,0.002327774651348591
Benign,Benign,0.017267127870582044
Benign,Benign,0.0017214016697835177
Benign,Benign,0.003437094608671032
Benign,Benign,0.009560493053868413
Benign,Benign,0.0013706802856177092
Benign,Benign,0.0036809302400797606
Benign,Benign,0.0012949052033945918
Benign,Benign,0.015120698953978717
Benign,Benign,0.13539868965744972
Benign,Benign,0.05406512494664639
Benign,Benign,0.046632261481136084
Benign,Benign,0.003146407747408375
Benign,Benign,0.02445745817385614
Benign,Benign,0.0011064906138926744
Benign,Benign,0.014191591530106962
Benign,Benign,0.002298100385814905
Benign,Benign,0.008062593871727586
Benign,Benign,0.001262898207642138
Benign,Benign,0.022724692476913333
Benign,Benign,0.004087733555934392
Benign,Benign,0.004074539174325764
Benign,Benign,0.009343821438960731
Benign,Benign,0.0012507278006523848
Benign,Benign,0.006193581619299948
Benign,Benign,0.00274445372633636
Benign,Benign,0.001377404434606433
Benign,Benign,0.0017545040464028716
Benign,Benign,0.06431372230872512
Benign,Benign,0.001083996845409274
Benign,Benign,0.006583392736501992
Benign,Benign,0.012860526272561401
Benign,Benign,0.014417538128327578
Benign,Benign,0.007186711300164461
Benign,Benign,0.001398108433932066
Benign,Benign,0.0014871642924845219
Benign,Benign,0.0012619916815310717
Benign,Benign,0.033601810690015554
Benign,Benign,0.006677592158666812
Benign,Benign,0.0013505808310583234
Benign,Benign,0.0012414315715432167
Benign,Benign,0.0023367912508547306
Benign,Benign,0.001256975345313549
Benign,Benign,0.010971187148243189
Benign,Benign,0.01807137715513818
Benign,Benign,0.0013896534219384193
Benign,Benign,0.0523718586191535
Benign,Benign,0.026236795936711133
Benign,Benign,0.0013116811169311404
Benign,Benign,0.051214317325502634
Benign,Benign,0.010078109975438565
Benign,Benign,0.013806038885377347
Benign,Benign,0.0010574397165328264
Benign,Benign,0.004484067903831601
Benign,Benign,0.011978699127212167
Benign,Benign,0.009327753417892382
Benign,Benign,0.0062581757083535194
Benign,Benign,0.0035500181693350896
Benign,Benign,0.00159752881154418
Benign,Benign,0.004186375736026093
Benign,Benign,0.010387778922449797
Benign,Benign,0.0012946041533723474
Benign,Benign,0.008907917595934123
Benign,Benign,0.0013713182415813208
Benign,Benign,0.0018191902054240927
Benign,Benign,0.001083996845409274
Benign,Benign,0.0010493912268429995
Benign,Benign,0.004079179227119312
Benign,Benign,0.0012712448369711637
Benign,Benign,0.0037794969975948334
Benign,Benign,0.0010574397165328264
Benign,Benign,0.008932427153922617
Benign,Benign,0.011187839088961482
Benign,Benign,0.0010488430270925164
Benign,Benign,0.005994036313495599
Benign,Benign,0.003157936967909336
Benign,Benign,0.018757998710498214
Benign,Benign,0.0287680336041376
Benign,Benign,0.003232596965972334
Benign,Benign,0.021566327544860542
Benign,Benign,0.06235300516709685
Benign,Benign,0.002843212685547769
Benign,Benign,0.00472560990601778
Benign,Benign,0.001448685536161065
Benign,Benign,0.001666050753556192
Benign,Benign,0.001269118976779282
Benign,Benign,0.001043764059431851
Benign,Benign,0.0012506559723988175
Benign,Benign,0.0012655595783144236
Benign,Benign,0.0015417154500028118
Benign,Benign,0.01706983613257762
Benign,Benign,0.0015221346402540803
Benign,Benign,0.005975822918117046
Benign,Benign,0.0013534501194953918
Benign,Benign,0.003070642822422087
Benign,Benign,0.0010574397165328264
Benign,Benign,0.00815886608324945
Benign,Benign,0.00428092060610652
Benign,Benign,0.018319612718187273
Benign,Benign,0.002142695477232337
Benign,Benign,0.0015183549840003252
Benign,Benign,0.0012655595783144236
Benign,Benign,0.0029492517933249474
Benign,Benign,0.02006303402595222
Benign,Benign,0.0023702247854089364
Benign,Benign,0.001083996845409274
Benign,Benign,0.001053419429808855
Benign,Benign,0.01669707520341035
Benign,Benign,0.004322212975239381
Benign,Benign,0.02340348926372826
Benign,Benign,0.013197725391364656
Benign,Benign,0.006422671664040536
Benign,Benign,0.018283569486811757
Benign,Benign,0.008229689847212285
Benign,Benign,0.0016931725840549916
Benign,Benign,0.003935349392122589
Benign,Benign,0.0010574535699561238
Benign,Benign,0.002581936540082097
Benign,Benign,0.02379733568523079
Benign,Benign,0.00357166315370705
Benign,Benign,0.0012903581373393536
Benign,Benign,0.05793501017615199
Benign,Benign,0.0010488430270925164
Benign,Benign,0.010814109817147255
Benign,Benign,0.0012922147288918495
Benign,Benign,0.0036147061036899686
Benign,Benign,0.0025493311550235376
Benign,Benign,0.004119845078093931
Benign,Benign,0.008226470090448856
Benign,Benign,0.004081339808180928
Benign,Benign,0.002149573527276516
Benign,Benign,0.0016500739147886634
Benign,Benign,0.004293647827580571
Benign,Benign,0.00386611744761467
Benign,Benign,0.0013841892359778285
Benign,Benign,0.0012873269151896238
Benign,Benign,0.027534387016203254
Benign,Benign,0.0013239711988717318
Benign,Benign,0.01198602671502158
Benign,Benign,0.003796048229560256
Benign,Benign,0.0691011156886816
Benign,Benign,0.0023921314859762788
Benign,Benign,0.009892924441373907
Benign,Benign,0.023653733529499732
Benign,Benign,0.010912680241744965
Benign,Benign,0.0025212380569428205
Benign,Benign,0.005765564972534776
Benign,Benign,0.08081840700469911
Benign,Benign,0.00825491891009733
Benign,Benign,0.0012996740406379104
Benign,Benign,0.0018324001575820148
Benign,Benign,0.0012700806837528944
Benign,Benign,0.0033907729666680098
Benign,Benign,0.001100327237509191
Benign,Benign,0.0055545691575389355
Benign,Benign,0.0015309059526771307
Benign,Benign,0.004995767667423934
Benign,Benign,0.0012970080133527517
Benign,Benign,0.001083996845409274
Benign,Benign,0.012720497441478074
Benign,Benign,0.004662989405915141
Benign,Benign,0.001384992036037147
Benign,Benign,0.0024208230897784233
Benign,Benign,0.001312508713454008
Benign,Benign,0.0037911871913820505
Benign,Benign,0.0013009104877710342
Benign,Benign,0.002446513040922582
Benign,Benign,0.00462306709960103
Benign,Benign,0.005067075369879603
Benign,Benign,0.0012667315313592553
Benign,Benign,0.004116574287763797
Benign,Benign,0.001058872789144516
Benign,Benign,0.022806725406553596
Benign,Benign,0.0013576936908066273
Benign,Benign,0.0029459935321938246
Benign,Benign,0.0011701328912749887
Benign,Benign,0.0016161518869921565
Benign,Benign,0.001431089811376296
Benign,Benign,0.009634694957640022
Benign,Benign,0.001273923902772367
Benign,Benign,0.0015766880242154002
Benign,Benign,0.023654881748370826
Benign,Benign,0.0012619916815310717
Benign,Benign,0.012405475368723273
Benign,Benign,0.001286016427911818
Benign,Benign,0.001680585541180335
Benign,Benign,0.0012748971348628402
Benign,Benign,0.002439595409668982
Benign,Benign,0.0012748971348628402
Benign,Benign,0.001083996845409274
Benign,Benign,0.003651722159702331
Benign,Benign,0.0043662995885824785
Benign,Benign,0.0010450679110363126
Benign,Benign,0.07340013602515683
Benign,Benign,0.007028729887679219
Benign,Benign,0.001083996845409274
Benign,Benign,0.01244610499998089
Benign,Benign,0.007006122206803411
Benign,Benign,0.0013771320227533579
Benign,Benign,0.005703590577468276
Benign,Benign,0.008122911662212573
Benign,Benign,0.0012996740406379104
Benign,Benign,0.00870490561646875
Benign,Benign,0.013088333857012913
Benign,Benign,0.2782932911068201
Benign,Benign,0.0058803975116461515
Benign,Benign,0.006619226187467575
Benign,Benign,0.0014024053234606981
Benign,Benign,0.0751018961891532
Benign,Benign,0.0015617761528119445
Benign,Benign,0.0026903869584202766
Benign,Benign,0.001322287367656827
Benign,Benign,0.023862430301960558
Benign,Benign,0.0010574397165328264
Benign,Benign,0.005193518358282745
Benign,Benign,0.005168093950487673
Benign,Benign,0.0012748971348628402
Benign,Benign,0.0010574397165328264
Benign,Benign,0.0026831220602616668
Benign,Benign,0.001083996845409274
Benign,Benign,0.0034591921139508486
Benign,Benign,0.0026503073750063777
Benign,Benign,0.0069485874264501035
Benign,Benign,0.0011463927803561091
Benign,Benign,0.021698264055885375
Benign,Benign,0.019513131002895534
Benign,Benign,0.018523992970585823
Benign,Benign,0.03626030113082379
Benign,Benign,0.00881811638828367
Benign,Benign,0.002500442788004875
Benign,Benign,0.0014998854603618383
Benign,Benign,0.0013237132225185633
Benign,Benign,0.0207009426667355
Benign,Benign,0.0036222820344846696
Benign,Benign,0.0025553160667186603
Benign,Benign,0.0012529452797025442
Benign,Benign,0.0012612364953383803
Benign,Benign,0.0018447550246492028
Benign,Benign,0.0010574397165328264
Benign,Benign,0.011377466726116836
Benign,Benign,0.0012582552153617144
Benign,Benign,0.013968662125989795
Benign,Benign,0.0038411596324294806
Benign,Benign,0.0013635654468089342
Benign,Benign,0.06453571352176368
Benign,Benign,0.038263741414994
Benign,Benign,0.002488677855581045
Benign,Benign,0.0072694676637183875
Benign,Benign,0.11900960374623537
Benign,Benign,0.007490806747227907
Benign,Benign,0.00455157394753769
Benign,Benign,0.001921663511893712
Benign,Benign,0.005562583857681602
Benign,Benign,0.001354060135781765
Benign,Benign,0.0074332887306809425
Benign,Benign,0.002339300757739693
Benign,Benign,0.004875674610957503
Benign,Benign,0.044958227314054966
Benign,Benign,0.0018577066948637366
Benign,Benign,0.0039183482294902205
Benign,Benign,0.1083697727881372
Benign,Benign,0.0030532232485711575
Benign,Benign,0.004718909505754709
Benign,Benign,0.0013545454712584615
Benign,Benign,0.009339488227851689
Benign,Benign,0.013387266080826521
Benign,Benign,0.001088748569600284
Benign,Benign,0.007252930663526058
Benign,Benign,0.010687985428376123
Benign,Benign,0.0012748971348628402
Benign,Benign,0.0016374059487134218
Benign,Malicious,0.8838999606668949
Benign,Benign,0.003542254911735654
Benign,Benign,0.005148643860593438
Benign,Benign,0.0013819769956171513
Benign,Benign,0.0012785311555489898
Benign,Benign,0.001083996845409274
Benign,Benign,0.03138088432024233
Benign,Benign,0.0024177052546292543
Benign,Benign,0.0012254648609086871
Benign,Benign,0.008873151382431388
Benign,Benign,0.0021821804984938353
Benign,Benign,0.2703068181872368
Benign,Benign,0.0037997413892298937
Benign,Benign,0.005435497936559841
Benign,Benign,0.02601072273682803
Benign,Benign,0.0014838636707281694
Benign,Benign,0.005225900778896175
Benign,Benign,0.010008010431192815
Benign,Benign,0.0014826981350779533
Benign,Benign,0.0013525980757549405
Benign,Benign,0.00908800179604441
Benign,Benign,0.001083996845409274
Benign,Benign,0.0063848490244708955
Benign,Benign,0.0013768805656582117
Benign,Benign,0.010042477864772081
Benign,Benign,0.0024048290215432644
Benign,Benign,0.001339299138635397
Benign,Benign,0.017391166620654985
Benign,Benign,0.0012908433564007282
Benign,Benign,0.0027589378878474236
Benign,Benign,0.001354037318378687
Benign,Benign,0.0042438597592990845
Benign,Benign,0.0010488430270925164
Benign,Benign,0.0010574397165328264
Benign,Benign,0.0012759187957271934
Benign,Benign,0.0012748971348628402
Benign,Benign,0.016318216657964513
Benign,Benign,0.002314254394150339
Benign,Benign,0.10291020362637937
Benign,Benign,0.0017328782705590129
Benign,Benign,0.001100327237509191
Benign,Benign,0.0015977995790308341
Benign,Benign,0.005439487969852053
Benign,Benign,0.006505477649625391
Benign,Benign,0.03479669475927949
Benign,Benign,0.01908439112594351
Benign,Benign,0.0690670614130795
Benign,Benign,0.0012653255835175514
Benign,Benign,0.019563157111406326
Benign,Benign,0.005900569725781679
Benign,Benign,0.0013081543147563934
Benign,Benign,0.0052392189390957355
Benign,Benign,0.0013671013293787837
Benign,Benign,0.004737345268949866
Benign,Benign,0.018128496580175124
Benign,Benign,0.008079646795522422
Benign,Benign,0.008713578106835485
Benign,Benign,0.0017339541809633374
Benign,Benign,0.0022206956055015326
Benign,Benign,0.010448314133100212
Benign,Benign,0.0013174490304663777
Benign,Benign,0.001400110311806202
Benign,Benign,0.001802368788048625
Benign,Benign,0.02094859443604946
Benign,Benign,0.006304015347268432
Benign,Benign,0.001579243442392908
Benign,Benign,0.011789152165874839
Benign,Benign,0.009328110725618899
Benign,Benign,0.011495948943775147
Benign,Benign,0.3146113622933626
Benign,Benign,0.004448892781510949
Benign,Benign,0.0014358367770910263
Benign,Benign,0.0012500802986323833
Benign,Benign,0.01633283303817734
Benign,Benign,0.0013364091282710433
Benign,Benign,0.008581543574109674
Benign,Benign,0.11287721060216427
Benign,Benign,0.0017420483054593205
Benign,Benign,0.001941563852597028
Benign,Benign,0.0049287499859929085
Benign,Benign,0.015320904538384639
Benign,Benign,0.0013908367836847901
Benign,Benign,0.001083996845409274
Benign,Benign,0.003876265836879611
Benign,Benign,0.0012414315715432167
Benign,Benign,0.0027089633513242006
Benign,Benign,0.0067500488221412525
Benign,Benign,0.0012911984231323004
Benign,Benign,0.01847093040123582
Benign,Benign,0.0024761749082244933
Benign,Benign,0.01597749418579042
Benign,Benign,0.0015253324381774291
Benign,Benign,0.001278774463571608
Benign,Benign,0.0010574397165328264
Benign,Benign,0.008551378443371505
Benign,Benign,0.06258928659372032
Benign,Benign,0.014870945014990866
Benign,Benign,0.0024414604995399714
Benign,Benign,0.001053419429808855
Benign,Benign,0.008851277394569479
Benign,Benign,0.01815597980748862
Benign,Benign,0.003931799306883477
Benign,Benign,0.001053419429808855
Benign,Benign,0.0013578854268416762
Benign,Benign,0.027119393926113844
Benign,Benign,0.018198350444436073
Benign,Benign,0.001083996845409274
Benign,Benign,0.004364467458799481
Benign,Benign,0.1523389331996441
Benign,Benign,0.026442189933732152
Benign,Benign,0.040117465890944004
Benign,Benign,0.10828464454971254
Benign,Benign,0.02102332841604948
Benign,Benign,0.008391111841774546
Benign,Benign,0.014311871258541942
Benign,Benign,0.015551071497611701
Benign,Benign,0.003885880811139941
Benign,Benign,0.02303590247174725
Benign,Benign,0.004125550854951143
Benign,Benign,0.00129369564820081
Benign,Benign,0.0010852114064618945
Benign,Benign,0.0010574397165328264
Benign,Benign,0.003984787705121562
Benign,Benign,0.0015749913873150945
Benign,Benign,0.04587811965029687
Benign,Benign,0.0012364714639261365
Benign,Benign,0.09664939367212355
Benign,Benign,0.0010450679110363126
Benign,Benign,0.03020285483216867
Benign,Benign,0.024556362186558545
Benign,Benign,0.008063106099143624
Benign,Benign,0.14407778205350041
Benign,Benign,0.020328239887021482
Benign,Benign,0.0033792484900914133
Benign,Benign,0.001918528083479032
Benign,Benign,0.0027844023425132036
Benign,Benign,0.0012985921930521727
Benign,Benign,0.001363088609650731
Benign,Benign,0.014047071454115212
Benign,Benign,0.04014312656363472
Benign,Benign,0.4745832830667496
Benign,Benign,0.0012386622838675976
Benign,Benign,0.010682636289857328
Benign,Benign,0.0243297204724513
Benign,Benign,0.00318118286668323
Benign,Benign,0.006907388800755143
Benign,Benign,0.007727581891231239
Benign,Benign,0.012575214728713036
Benign,Benign,0.029743836959823966
Benign,Benign,0.001626636483706534
Benign,Benign,0.001394142396748066
Benign,Benign,0.011073896894231439
Benign,Benign,0.025178220588713884
Benign,Benign,0.07497083558700979
Benign,Benign,0.006946741588762961
Benign,Benign,0.011375226051313803
Benign,Benign,0.0012558954767882824
Benign,Benign,0.0016547046834602952
Benign,Benign,0.042149519082158804
Benign,Benign,0.03787170769646764
Benign,Benign,0.001083996845409274
Benign,Benign,0.009984048549085855
Benign,Benign,0.4062589453533292
Benign,Benign,0.010491352761164308
Benign,Benign,0.023117965494748205
Benign,Benign,0.012223694240674376
Benign,Benign,0.011530714793480001
Benign,Benign,0.0038000238710083067
Benign,Benign,0.0015892730880295858
Benign,Benign,0.026841013634111732
Benign,Benign,0.001643721348955296
Benign,Benign,0.0011136425891891122
Benign,Benign,0.004797349203727208
Benign,Benign,0.012582709066919051
Benign,Benign,0.0016460692277178168
Benign,Benign,0.0020857214112766087
Benign,Benign,0.007700184345594607
Benign,Benign,0.0015032364754006267
Benign,Benign,0.0035381910274736583
Benign,Benign,0.02319932624232024
Benign,Benign,0.0014883020194247365
Benign,Benign,0.0014054554048925638
Benign,Benign,0.0014663407200714573
Benign,Benign,0.06828706432133913
Benign,Benign,0.0013786350609734654
Benign,Benign,0.002809928831993602
Benign,Benign,0.0034392259549349546
Benign,Benign,0.0030935056129237637
Benign,Benign,0.006838584056822583
Benign,Benign,0.02019575727172196
Benign,Benign,0.027528367936611176
Benign,Benign,0.004455788526684046
Benign,Benign,0.0013060721103101969
Benign,Benign,0.0012756107607856393
Benign,Benign,0.02916083042509854
Benign,Benign,0.029522233526222408
Benign,Benign,0.006026717368513346
Benign,Benign,0.0017081568657886237
Benign,Benign,0.007464688736945391
Benign,Benign,0.0013177146902307868
Benign,Benign,0.07428276166319847
Benign,Benign,0.001278774463571608
Benign,Benign,0.010271736304275692
Benign,Benign,0.004031410091556609
Benign,Benign,0.0017864751862362027
Benign,Benign,0.14133168756961823
Benign,Benign,0.012478185090003535
Benign,Benign,0.0055601660860702395
Benign,Benign,0.002374859293922782
Benign,Benign,0.0025724396109580994
Benign,Benign,0.0028515156591311097
Benign,Benign,0.001361429924145341
Benign,Benign,0.44479331001639366
Benign,Benign,0.008324972819536924
Benign,Benign,0.0010513298911973834
Benign,Benign,0.0010513298911973834
Benign,Benign,0.003088436438702047
Benign,Benign,0.0016169457085197791
Benign,Benign,0.012862971285358071
Benign,Benign,0.001438974286429584
Benign,Benign,0.0017330048140138388
Benign,Benign,0.029639020533068106
Benign,Benign,0.0012619916815310717
Benign,Benign,0.002483863616362214
Benign,Benign,0.0014963088324293494
Benign,Benign,0.006190376996528357
Benign,Benign,0.0013422140618786216
Benign,Benign,0.006520092952996492
Benign,Benign,0.0012402210850268602
Benign,Benign,0.1025104783475399
Benign,Benign,0.0018991654505953193
Benign,Benign,0.009341179102193564
Benign,Benign,0.10509943321812898
Benign,Benign,0.006156722534797154
Benign,Benign,0.015558362123556435
Benign,Benign,0.0028114036977058277
Benign,Benign,0.001517904456704855
Benign,Benign,0.008912217454053462
Benign,Benign,0.004202573734801263
Benign,Benign,0.0010574397165328264
Benign,Benign,0.0021438952535390854
Benign,Benign,0.0013184186536818743
Benign,Benign,0.021541362744756043
Benign,Benign,0.04098634188994765
Benign,Benign,0.0012927086791023612
Benign,Benign,0.133983438834548
Benign,Benign,0.0016005640936782584
Benign,Benign,0.002987275249324739
Benign,Benign,0.00910920555179473
Benign,Benign,0.001286016427911818
Benign,Benign,0.018804615348926745
Benign,Benign,0.007014165923465043
Benign,Benign,0.08911439310759306
Benign,Benign,0.0754174580797553
Benign,Benign,0.002870226599043235
Benign,Benign,0.07071790157351643
Benign,Benign,0.03848493518307805
Benign,Benign,0.001661379006691277
Benign,Benign,0.0024423404247500002
Benign,Benign,0.008022495254408568
Benign,Benign,0.0010574397165328264
Benign,Benign,0.0013838926097378135
Benign,Benign,0.009899715878418647
Benign,Benign,0.0018506374908611178
Benign,Benign,0.020381480921059847
Benign,Benign,0.0013060721103101969
Benign,Benign,0.06407155888155103
Benign,Benign,0.0022007275838404894
Benign,Benign,0.0025065585505217314
Benign,Benign,0.0012843674048781395
Benign,Benign,0.0012740533566102386
Benign,Benign,0.00129137362819165
Benign,Benign,0.0010574397165328264
Benign,Benign,0.005098900976008736
Benign,Benign,0.01630804652813822
Benign,Benign,0.0012748971348628402
Benign,Benign,0.001349039375782013
Benign,Benign,0.015712417603936046
Benign,Benign,0.09134570369496942
Benign,Benign,0.0014268581289798021
Benign,Benign,0.0026839950442081317
Benign,Benign,0.005168231436982751
Benign,Benign,0.0012748971348628402
Benign,Benign,0.07612991705536842
Benign,Benign,0.005715509527362883
Benign,Benign,0.004765127203427255
Benign,Benign,0.004557439591735601
Benign,Benign,0.001082230475731194
Benign,Benign,0.0012809090549126267
Benign,Benign,0.002497620531357825
Benign,Benign,0.0013672402128577232
Benign,Benign,0.007093019317835569
Benign,Benign,0.0014342025242513046
Benign,Benign,0.018690323806367815
Benign,Benign,0.0010574397165328264
Benign,Benign,0.0012619916815310717
Benign,Benign,0.001082230475731194
Benign,Benign,0.004716166513389908
Benign,Benign,0.0014616306871175766
Benign,Benign,0.028397961053997278
Benign,Benign,0.0012779865646734834
Benign,Benign,0.02047780598513782
Benign,Benign,0.002741168937063776
Benign,Benign,0.0012566015357151628
Benign,Benign,0.0014797508483752608
Benign,Benign,0.002827097996487282
Benign,Benign,0.04271195293404162
Benign,Benign,0.01633581332862377
Benign,Benign,0.0015646653337171301
Benign,Benign,0.001053419429808855
Benign,Benign,0.0013785820920020342
Benign,Benign,0.0010488430270925164
Benign,Benign,0.0010574397165328264
Benign,Benign,0.002224106341600418
Benign,Benign,0.00164123518334236
Benign,Benign,0.0013661960838362575
Benign,Benign,0.0012996740406379104
Benign,Benign,0.1702789068222046
Benign,Benign,0.0015105672646313906
Benign,Benign,0.004472873639315367
Benign,Benign,0.002895752899348736
Benign,Benign,0.0015054055256769061
Benign,Benign,0.0015723357209935784
Benign,Benign,0.0010488430270925164
Benign,Benign,0.0030272628064267337
Benign,Benign,0.004208432597806677
Benign,Benign,0.0010513298911973834
Benign,Benign,0.0021732838213210925
Benign,Benign,0.0013798257568851113
Benign,Benign,0.0013385553611442447
Benign,Benign,0.003021281198016368
Benign,Benign,0.008362767868675292
Benign,Benign,0.004879323998466134
Benign,Benign,0.0012748971348628402
Benign,Benign,0.010538485075812787
Benign,Benign,0.021471205516718328
Benign,Benign,0.009861816361080855
Benign,Benign,0.010495701746549457
Benign,Benign,0.0033169034722959623
Benign,Benign,0.0016490403795614839
Benign,Benign,0.0013021411141380668
Benign,Benign,0.029426724126096815
Benign,Benign,0.045623104088008404
Benign,Benign,0.003419822547584772
Benign,Benign,0.02185423974879086
Benign,Benign,0.008883198010153137
Benign,Benign,0.02505221520550549
Benign,Benign,0.0012573059648275375
Benign,Benign,0.013617125456221402
Benign,Benign,0.0013617522781714797
Benign,Benign,0.0030471834470517933
Benign,Benign,0.0021945324260741472
Benign,Benign,0.008453313246718608
Benign,Benign,0.005369571968913078
Benign,Benign,0.0014797508483752608
Benign,Benign,0.0013062285725027323
Benign,Benign,0.06095448974519968
Benign,Benign,0.0012981756590306759
Benign,Benign,0.001053419429808855
Benign,Benign,0.001257690484635532
Benign,Benign,0.017928561428561807
Benign,Benign,0.12299678358249366
Benign,Benign,0.001083996845409274
Benign,Benign,0.010418055579066277
Benign,Benign,0.001044522039592266
Benign,Benign,0.02597559755668044
Benign,Benign,0.0010574397165328264
Benign,Benign,0.035940313478931785
Benign,Benign,0.00130598118994385
Benign,Benign,0.0065968709386652336
Benign,Benign,0.0034017381258308887
Benign,Benign,0.011683175805956125
Benign,Benign,0.004986017942428589
Benign,Benign,0.03324176272144541
Benign,Benign,0.0024590545217506588
Benign,Benign,0.024273496528621763
Benign,Benign,0.0022852748952573165
Benign,Benign,0.001860275020590052
Benign,Benign,0.0013153015170246363
Benign,Benign,0.00244452734477818
Benign,Benign,0.0016219503886532038
Benign,Benign,0.0012619916815310717
Benign,Benign,0.011259675200562924
Benign,Benign,0.0015143929049372673
Benign,Benign,0.004406852414831519
Benign,Benign,0.0698510033544153
Benign,Benign,0.006129242363385856
Benign,Benign,0.0037462240870809183
Benign,Benign,0.0282440249575302
Benign,Benign,0.001083996845409274
Benign,Benign,0.0017528861062601209
Benign,Benign,0.002600957523100078
Benign,Benign,0.08077994640916586
Benign,Benign,0.0015204055234789848
Benign,Benign,0.011816566344350576
Benign,Benign,0.0508141980972141
Benign,Benign,0.0014665357157355174
Benign,Benign,0.02417871984653175
Benign,Benign,0.001266581006348133
Benign,Benign,0.0013187149306759238
Benign,Benign,0.00190778449177742
Benign,Benign,0.013041491125477478
Benign,Benign,0.010585028154309839
Benign,Benign,0.08842339809052646
Benign,Benign,0.0012655595783144236
Benign,Benign,0.004397173732286319
Benign,Benign,0.0013156848726794124
Benign,Benign,0.007462971829227172
Benign,Benign,0.006130531895905733
Benign,Benign,0.008707326836884022
Benign,Benign,0.004780305433087051
Benign,Benign,0.0133662149310112
Benign,Benign,0.0013736826367676258
Benign,Benign,0.013558235485106707
Benign,Benign,0.002495391294360161
Benign,Benign,0.0026688850484788418
Benign,Benign,0.047092670341953635
Benign,Benign,0.002835478153428994
Benign,Benign,0.001400547567754984
Benign,Benign,0.0010574397165328264
Benign,Benign,0.05430436856113374
Benign,Benign,0.006121551792602986
Benign,Benign,0.0015509221702814102
Benign,Benign,0.0010493912268429995
Benign,Benign,0.11429116211365908
Benign,Benign,0.0029288232180988416
Benign,Benign,0.0012756389332935214
Benign,Benign,0.004070775234140456
Benign,Benign,0.0012619916815310717
Benign,Benign,0.00193412447697483
Benign,Benign,0.002246032760012895
Benign,Benign,0.0010574397165328264
Benign,Benign,0.0010574397165328264
Benign,Benign,0.002956514246761799
Benign,Benign,0.0015235290629789233
Benign,Benign,0.0435069891391322
Benign,Benign,0.012606065953150392
Benign,Benign,0.0017413796158507466
Benign,Benign,0.02549421729054302
Benign,Benign,0.00980459398124367
Benign,Benign,0.0013027096865698695
Benign,Benign,0.016962330264505
Benign,Benign,0.004843158647418022
Benign,Benign,0.0013382908655330539
Benign,Benign,0.0010488430270925164
Benign,Benign,0.042461422737687826
Benign,Benign,0.0018349199090152979
Benign,Benign,0.005141095243743621
Benign,Benign,0.00938149867579341
Benign,Benign,0.001258202246390283
Benign,Benign,0.002882122033042833
Benign,Benign,0.0018082711612805724
Benign,Benign,0.004473234235774726
Benign,Benign,0.001543812220916152
Benign,Benign,0.06164508475922048
Benign,Benign,0.01553385375882499
Benign,Benign,0.007191364886239171
Benign,Benign,0.023920840525534004
Benign,Benign,0.0012563479831442237
Benign,Benign,0.007404657488223165
Benign,Benign,0.03428718715440482
Benign,Benign,0.0012920867884531617
Benign,Benign,0.003379529109224677
Benign,Benign,0.001083996845409274
Benign,Benign,0.0015078573487699032
Benign,Benign,0.001083996845409274
Benign,Benign,0.01007040984404739
Benign,Benign,0.0015077665448188782
Benign,Benign,0.004263271577656269
Benign,Benign,0.005335663765436038
Benign,Benign,0.0012920447625219822
Benign,Benign,0.0022189009469002485
Benign,Benign,0.0016240861441474408
Benign,Benign,0.0016148820286616683
Benign,Benign,0.03098295396193862
Benign,Benign,0.0012952176621183753
Benign,Benign,0.030257766076829284
Benign,Benign,0.01553290372248739
Benign,Benign,0.0031204195111058652
Benign,Benign,0.010460608638823032
Benign,Benign,0.005432604695670307
Benign,Benign,0.004846276016905904
Benign,Benign,0.01919541973620653
Benign,Benign,0.0032760549220256507
Benign,Benign,0.001296960050240159
Benign,Benign,0.012958054838236421
Benign,Benign,0.0013272762298583984
Benign,Benign,0.0024655888555571437
Benign,Benign,0.005695871775969863
Benign,Benign,0.0016226664884015918
Benign,Benign,0.011032688897103071
Benign,Benign,0.0013545763213187456
Benign,Benign,0.007072700769640505
Benign,Benign,0.0021968551445752382
Benign,Benign,0.0010574397165328264
Benign,Benign,0.2706379313021898
Benign,Benign,0.008307500218506902
Benign,Benign,0.0024895131355151534
Benign,Benign,0.0023615015525138006
Benign,Benign,0.0017858858918771148
Benign,Benign,0.008143020793795586
Benign,Benign,0.0014797508483752608
Benign,Benign,0.0010971893789246678
Benign,Benign,0.012874677078798413
Benign,Benign,0.014625042560510337
Benign,Benign,0.0015382941346615553
Benign,Benign,0.0012492832029238343
Benign,Benign,0.01404423447092995
Benign,Benign,0.0012693663593381643
Benign,Benign,0.018000105977989733
Benign,Benign,0.0023985039442777634
Benign,Benign,0.0012631157878786325
Benign,Benign,0.0033305094111710787
Benign,Benign,0.02771448365820106
Benign,Benign,0.0012381623964756727
Benign,Benign,0.004823286959435791
Benign,Benign,0.006786113604903221
Benign,Benign,0.0014539140975102782
Benign,Benign,0.007798048318363726
Benign,Benign,0.027965884539298713
Benign,Benign,0.002150983549654484
Benign,Benign,0.0013650379842147231
Benign,Benign,0.0033176501747220755
Benign,Benign,0.014259515213780105
Benign,Benign,0.015752803767099977
Benign,Benign,0.002440212294459343
Benign,Benign,0.008842166513204575
Benign,Benign,0.002219120040535927
Benign,Benign,0.0011940585682168603
Benign,Benign,0.0010574397165328264
Benign,Benign,0.022744339890778065
Benign,Benign,0.001100327237509191
Benign,Benign,0.007601890014484525
Benign,Benign,0.001053419429808855
Benign,Benign,0.06633775122463703
Benign,Benign,0.008013626735191792
Benign,Benign,0.003979088709456846
Benign,Benign,0.00936852720042225
Benign,Benign,0.001436050282791257
Benign,Benign,0.0010574397165328264
Benign,Benign,0.00274879508651793
Benign,Benign,0.001292168628424406
Benign,Benign,0.0014130596537142992
Benign,Benign,0.1780228465795517
Benign,Benign,0.0014542964054271579
Benign,Benign,0.029314829022041522
Benign,Benign,0.0036550244549289346
Benign,Benign,0.0020166291942587122
Benign,Benign,0.004511370789259672
Benign,Benign,0.005038507282733917
Benign,Benign,0.0010574397165328264
Benign,Benign,0.001457500024116598
Benign,Benign,0.012052995502017438
Benign,Benign,0.0026031737215816975
Benign,Benign,0.008734850431210361
Benign,Benign,0.020365853735711426
Benign,Benign,0.0018295339541509748
Benign,Benign,0.004978502634912729
Benign,Benign,0.0019027777016162872
Benign,Benign,0.0010262717260047793
Benign,Benign,0.018633699961355887
Benign,Benign,0.0023370152339339256
Benign,Benign,0.003682513488456607
Benign,Benign,0.024439752334728837
Benign,Benign,0.037209232279565185
Benign,Benign,0.006343963090330362
Benign,Benign,0.0012703740503638983
Benign,Benign,0.001262275967746973
Benign,Benign,0.0028692116029560566
Benign,Benign,0.016955581726506352
Benign,Benign,0.001083996845409274
Benign,Benign,0.009623109363019466
Benign,Benign,0.001238098368048668
Benign,Benign,0.0014064072020119056
Benign,Benign,0.007622635341249406
Benign,Benign,0.0012760697863996029
Benign,Benign,0.029236527625471354
Benign,Benign,0.029427251662127674
Benign,Benign,0.008161624544300139
Benign,Benign,0.0012881251750513911
Benign,Benign,0.01385261581162922
Benign,Benign,0.0024517544079571962
Benign,Benign,0.001338968169875443
Benign,Benign,0.009370529078296386
Benign,Benign,0.01385270815808326
Benign,Benign,0.06426235369872302
Benign,Benign,0.011584404623135924
Benign,Benign,0.00946097815176472
Benign,Benign,0.001370107289403677
Benign,Benign,0.022606408107094467
Benign,Benign,0.0012379316613078117
Benign,Benign,0.0016315090178977698
Benign,Benign,0.002285428563482128
Benign,Benign,0.0013443859061226249
Benign,Benign,0.0015988877275958657
Benign,Benign,0.0013272762298583984
Benign,Benign,0.0010574397165328264
Benign,Benign,0.0010574397165328264
Benign,Benign,0.001053419429808855
Benign,Benign,0.0012996740406379104
Benign,Benign,0.009135793836321682
Benign,Benign,0.0017893019830808043
Benign,Benign,0.001301610842347145
Benign,Benign,0.001083996845409274
Benign,Benign,0.0013237802777439356
Benign,Benign,0.0014623311581090093
Benign,Benign,0.0014660225715488195
Benign,Benign,0.03028563119005412
Benign,Benign,0.0031536067835986614
Benign,Benign,0.008779051422607154
Benign,Benign,0.00787384551949799
Benign,Benign,0.0033907729666680098
Benign,Benign,0.004717007279396057
Benign,Benign,0.007053903042105958
Benign,Benign,0.0012996740406379104
Benign,Benign,0.04147320403717458
Benign,Benign,0.007361283962382004
Benign,Benign,0.0040672660688869655
Benign,Benign,0.0076115338306408376
Benign,Benign,0.0013202540576457977
Benign,Benign,0.00677512539550662
Benign,Benign,0.0015500502049690112
Benign,Benign,0.014888128498569131
Benign,Benign,0.0013101556105539203
Benign,Benign,0.0012748971348628402
Benign,Benign,0.001434758072718978
Benign,Benign,0.0010368318762630224
Benign,Benign,0.023198982642497867
Benign,Benign,0.0351413848111406
Benign,Benign,0.0037456511054188013
Benign,Benign,0.0010488430270925164
Benign,Benign,0.0017584451707080007
Benign,Benign,0.024324713042005897
Benign,Benign,0.0010515950853005052
Benign,Benign,0.00892786425538361
Benign,Benign,0.008298161148559302
Benign,Benign,0.003140985034406185
Benign,Benign,0.001083996845409274
Benign,Benign,0.0012542393524199724
Benign,Benign,0.011567732319235802
Benign,Benign,0.004668056964874268
Benign,Benign,0.004542344235233031
Benign,Benign,0.004547299584373832
Benign,Benign,0.0013933130539953709
Benign,Benign,0.007172359968535602
Benign,Benign,0.009240153944119811
Benign,Benign,0.005651777843013406
Benign,Benign,0.10921674594283104
Benign,Benign,0.0038055234763305634
Benign,Benign,0.0014970096526667476
Benign,Benign,0.011443744399002753
Benign,Benign,0.010229749837890267
Benign,Benign,0.0014306580414995551
Benign,Benign,0.006347698858007789
Benign,Benign,0.0010451810667291284
Benign,Benign,0.0014000374358147383
Benign,Benign,0.0010574397165328264
Benign,Benign,0.0010900632478296757
Benign,Benign,0.00493272952735424
Benign,Benign,0.00274445372633636
Benign,Benign,0.004552906844764948
Benign,Benign,0.001733402255922556
Benign,Benign,0.004850930752581917
Benign,Benign,0.01781404239591211
Benign,Benign,0.00403748637472745
Benign,Benign,0.005329221254214644
Benign,Benign,0.001083996845409274
Benign,Benign,0.004732483997941017
Benign,Benign,0.07787785679101944
Benign,Benign,0.0026246350025758147
Benign,Benign,0.02130382531322539
Benign,Benign,0.001083996845409274
Benign,Benign,0.002574314712546766
Benign,Benign,0.0744569911621511
Benign,Benign,0.01972817280329764
Benign,Benign,0.0032362902857130393
Benign,Benign,0.0012632951838895679
Benign,Benign,0.0395994174759835
Benign,Benign,0.0013057126197963953
Benign,Benign,0.0072203736926894635
Benign,Benign,0.0010574397165328264
Benign,Benign,0.00298230534826871
Benign,Benign,0.043889143504202366
Benign,Benign,0.0014110003830865026
Benign,Benign,0.001921498667798005
Benign,Benign,0.0036147187784081325
Benign,Benign,0.001044522039592266
Benign,Benign,0.005072226747870445
Benign,Benign,0.0030084881000220776
Benign,Benign,0.018226901884190738
Benign,Benign,0.0012596859596669674
Benign,Benign,0.13850988436024636
Benign,Benign,0.015466171666048467
Benign,Benign,0.01768225056002848
Benign,Benign,0.0014922859845682979
Benign,Benign,0.0065384634071961045
Benign,Benign,0.0024630471598356962
Benign,Benign,0.08939843764528632
Benign,Benign,0.0012759187957271934
Benign,Benign,0.0029638234846061096
Benign,Benign,0.001083996845409274
Benign,Benign,0.016450188937596977
Benign,Benign,0.0013189937453716993
Benign,Benign,0.0032305408822139725
Benign,Benign,0.07082115579396486
Benign,Benign,0.011365022917743772
Benign,Benign,0.005823375875479542
Benign,Benign,0.0022252597846090794
Benign,Benign,0.003166245063766837
Benign,Benign,0.0012986211804673076
Benign,Benign,0.0026039481163024902
Benign,Benign,0.005626629790640436
Benign,Benign,0.002264633832965046
Benign,Benign,0.007915248337667435
Benign,Benign,0.03280593524686992
Benign,Benign,0.020270931476261467
Benign,Benign,0.005407407646998763
Benign,Benign,0.0018140774918720126
Benign,Benign,0.0031212504109134898
Benign,Benign,0.009663900767918676
Benign,Benign,0.0015106551436474547
Benign,Benign,0.0014245748752728105
Benign,Benign,0.0034879431914305314
Benign,Benign,0.005156873696250841
Benign,Benign,0.006268075201660395
Benign,Benign,0.01857927441596985
Benign,Benign,0.0012624661903828382
Benign,Benign,0.015749771322589368
Benign,Benign,0.001053419429808855
Benign,Benign,0.0010392320109531283
Benign,Benign,0.0012492832029238343
Benign,Benign,0.001083996845409274
Benign,Benign,0.02025258296635002
Benign,Benign,0.0012937616556882858
Benign,Benign,0.004067979491082951
Benign,Benign,0.0022439478780142963
Benign,Benign,0.0025573058519512415
Benign,Benign,0.0015340951504185796
Benign,Benign,0.006361670326441526
Benign,Benign,0.003810856200288981
Benign,Benign,0.008692296163644642
Benign,Benign,0.004187462604022585
Benign,Benign,0.0035351544938748702
Benign,Benign,0.007992155136889778
Benign,Benign,0.005897732655284926
Benign,Benign,0.01516751290182583
Benign,Benign,0.0016115461476147175
Benign,Benign,0.0012569441460072994
Benign,Benign,0.003971435478888452
Benign,Benign,0.0012564875651150942
Benign,Benign,0.0034739503171294928
Benign,Benign,0.0014797508483752608
Benign,Benign,0.16327304299920797
Benign,Benign,0.025708266417495906
Benign,Benign,0.002104215993313119
Benign,Benign,0.027338748739566654
Benign,Benign,0.07560194097459316
Benign,Benign,0.0036499621346592903
Benign,Benign,0.0048010642640292645
Benign,Benign,0.015129173581954092
Benign,Benign,0.0012981756590306759
Benign,Benign,0.020935448701493442
Benign,Benign,0.0015972661640262231
Benign,Benign,0.0040856175910448655
Benign,Benign,0.006676685981801711
Benign,Benign,0.0013094388414174318
Benign,Benign,0.009437038301257417
Benign,Benign,0.0030511554214172065
Benign,Benign,0.0018401364504825324
Benign,Benign,0.003595234651584178
Benign,Benign,0.00529565334727522
Benign,Benign,0.0045909841428510845
Benign,Benign,0.03755755064776167
Benign,Benign,0.040400825906544924
Benign,Benign,0.10354387760162354
Benign,Benign,0.0013301100116223097
Benign,Benign,0.002590028219856322
Benign,Benign,0.009413229752681218
Benign,Benign,0.0030774901970289648
Benign,Benign,0.0026076489011757076
Benign,Benign,0.0013966552214697003
Benign,Benign,0.009327608335297555
Benign,Benign,0.0012996740406379104
Benign,Benign,0.0013571515446528792
Benign,Benign,0.0064142075716517866
Benign,Benign,0.0012667295522987843
Benign,Benign,0.0040504527278244495
Benign,Benign,0.001669131888775155
Benign,Benign,0.0015456544933840632
Benign,Benign,0.0012748971348628402
Benign,Benign,0.0012985921930521727
Benign,Benign,0.0015189758269116282
Benign,Benign,0.04099430120550096
Benign,Benign,0.009069041581824422
Benign,Benign,0.03078811219893396
Benign,Benign,0.0016805961349746212
Benign,Benign,0.0010730584617704153
Benign,Benign,0.002999888965860009
Benign,Benign,0.0013403152115643024
Benign,Benign,0.005068547063274309
Benign,Benign,0.0013189937453716993
Benign,Benign,0.014700954197905958
Benign,Benign,0.0013356757117435336
Benign,Benign,0.046064970549196005
Benign,Benign,0.0012766452273353934
Benign,Benign,0.0015671411529183388
Benign,Benign,0.013820078675053082
Benign,Benign,0.031049946090206504
Benign,Benign,0.0036255018785595894
Benign,Benign,0.0017925025895237923
Benign,Benign,0.13517643511295319
Benign,Benign,0.016851161140948534
Benign,Benign,0.0015935188857838511
Benign,Benign,0.001083996845409274
Benign,Benign,0.0014657354913651943
Benign,Benign,0.02359546067600604
Benign,Benign,0.003517610704875551
Benign,Benign,0.06296318862587214
Benign,Benign,0.041940624796552584
Benign,Benign,0.004262122529326007
Benign,Benign,0.0010748542845249176
Benign,Benign,0.0013037770986557007
Benign,Benign,0.0014612246304750443
Benign,Benign,0.0016299079725285992
Benign,Benign,0.006831814011093229
Benign,Benign,0.003233558440115303
Benign,Benign,0.001493779825977981
Benign,Benign,0.0014532924396917224
Benign,Benign,0.06845939625054598
Benign,Benign,0.0014863681280985475
Benign,Benign,0.0016510112764080986
Benign,Benign,0.014555908710462973
Benign,Benign,0.003700565779581666
Benign,Benign,0.0427996733924374
Benign,Benign,0.01174385950434953
Benign,Benign,0.01783068988879677
Benign,Benign,0.002221017552074045
Benign,Benign,0.004410595836816356
Benign,Benign,0.0010574397165328264
Benign,Benign,0.0023340320913121104
Benign,Benign,0.0015538542938884348
Benign,Benign,0.0022599000949412584
Benign,Benign,0.04874328663572669
Benign,Benign,0.001815235911635682
Benign,Benign,0.10518080508336425
Benign,Benign,0.005030878572142683
Benign,Benign,0.003886094651534222
Benign,Benign,0.029281835537403822
Benign,Benign,0.03469362005125731
Benign,Benign,0.024168508942238986
Benign,Benign,0.0013641836121678352
Benign,Benign,0.34875136287882924
Benign,Benign,0.001083996845409274
Benign,Benign,0.001286016427911818
Benign,Benign,0.0036943668965250254
Benign,Benign,0.0014533416833728552
Benign,Benign,0.01350654719863087
Benign,Benign,0.0010574397165328264
Benign,Benign,0.06674312287941575
Benign,Benign,0.0015385601436719298
Benign,Benign,0.0012379316613078117
Benign,Benign,0.0021414700604509562
Benign,Benign,0.006630053743720055
Benign,Benign,0.016151868680026382
Benign,Benign,0.00811363710090518
Benign,Benign,0.0010574397165328264
Benign,Benign,0.006184396508615464
Benign,Benign,0.0013680086703971028
Benign,Benign,0.0019059340411331505
Benign,Benign,0.0012949052033945918
Benign,Benign,0.0019179087685188279
Benign,Benign,0.003432614466873929
Benign,Benign,0.003653617575764656
Benign,Benign,0.015512380516156554
Benign,Benign,0.007496538106352091
Benign,Benign,0.0012996740406379104
Benign,Benign,0.0014358367770910263
Benign,Benign,0.004911764030111954
Benign,Benign,0.009232720825821161
Benign,Benign,0.004395879921503365
Benign,Benign,0.004360832739621401
Benign,Benign,0.0027361600659787655
Benign,Benign,0.0029701883904635906
Benign,Benign,0.014579832553863525
Benign,Benign,0.007129122503101826
Benign,Benign,0.003985170274972916
Benign,Benign,0.0022566227562492713
Benign,Benign,0.013626494896016084
Benign,Benign,0.008364926499780267
Benign,Benign,0.001445630332455039
Benign,Benign,0.0012999667087569833
Benign,Benign,0.001123905647546053
Benign,Benign,0.16341968346387148
Benign,Benign,0.0012961338507011533
Benign,Benign,0.005844216328114271
Benign,Benign,0.1927467881469056
Benign,Benign,0.0012748971348628402
Benign,Benign,0.04666648479178548
Benign,Benign,0.0013431254774332047
Benign,Benign,0.0040010882075876
Benign,Benign,0.0014211604138836265
Benign,Benign,0.0010493912268429995
Benign,Benign,0.003815463263890706
Benign,Benign,0.0019575702026486397
Benign,Benign,0.0107046318880748
Benign,Benign,0.015289775095880032
Benign,Benign,0.0018352756451349705
Benign,Benign,0.007237574536702596
Benign,Benign,0.012884787691291422
Benign,Benign,0.010978382895700634
Benign,Benign,0.003464467590674758
Benign,Benign,0.001053419429808855
Benign,Benign,0.004805432050488889
Benign,Benign,0.06937851244583726
Benign,Benign,0.007685495525947772
Benign,Benign,0.026351921958848834
Benign,Benign,0.02149102871771902
Benign,Benign,0.002671670401468873
Benign,Benign,0.01054680033121258
Benign,Benign,0.0012492832029238343
Benign,Benign,0.0031845907215029
Benign,Benign,0.0014017322100698948
Benign,Benign,0.0014096475206315517
Benign,Benign,0.0012900173896923661
Benign,Benign,0.0014327948301797733
Benign,Benign,0.013226977433077991
Benign,Benign,0.0012748971348628402
Benign,Benign,0.0010450679110363126
Benign,Benign,0.001322156167589128
Benign,Benign,0.002251829340821132
Benign,Benign,0.0012882323935627937
Benign,Benign,0.020650284131988883
Benign,Benign,0.0022575356997549534
Benign,Benign,0.0010880016488954425
Benign,Benign,0.002517468063160777
Benign,Benign,0.0014432512689381838
Benign,Benign,0.00502976420102641
Benign,Benign,0.005546144209802151
Benign,Benign,0.004290936281904578
Benign,Benign,0.001053419429808855
Benign,Benign,0.001083996845409274
Benign,Benign,0.0013482922222465277
Benign,Benign,0.09677909500896931
Benign,Benign,0.001082230475731194
Benign,Benign,0.06282107229344547
Benign,Benign,0.023845771560445428
Benign,Benign,0.0012839636765420437
Benign,Benign,0.011161346788867377
Benign,Benign,0.0013996665365993977
Benign,Benign,0.0017545175505802035
Benign,Benign,0.0012996740406379104
Benign,Benign,0.008579793153330684
Benign,Benign,0.0021844233851879835
Benign,Benign,0.0010574397165328264
Benign,Benign,0.0019776951376115903
Benign,Benign,0.025547762983478606
Benign,Benign,0.0010574397165328264
Benign,Benign,0.0015133953420445323
Benign,Benign,0.0012922147288918495
Benign,Benign,0.0476290425285697
Benign,Benign,0.002272871322929859
Benign,Benign,0.002359909121878445
Benign,Benign,0.0014357336331158876
Benign,Benign,0.0011136425891891122
Benign,Benign,0.038675293792039156
Benign,Benign,0.07620531413704157
Benign,Benign,0.0051952224457636476
Benign,Benign,0.0013210820034146309
Benign,Benign,0.001053419429808855
Benign,Benign,0.007193253812147304
Benign,Benign,0.02644562372006476
Benign,Benign,0.0014533946523442864
Benign,Benign,0.005961803602986038
Benign,Benign,0.0012570283142849803
Benign,Benign,0.0017374419840052724
Benign,Benign,0.004469049599720165
Benign,Benign,0.017296109785092995
Benign,Benign,0.003012804067111574
Benign,Benign,0.00797908566892147
Benign,Benign,0.0014167755143716931
Benign,Benign,0.046982495579868555
Benign,Benign,0.0021426010061986744
Benign,Benign,0.0027270959690213203
Benign,Benign,0.0015560960164293647
Benign,Benign,0.001447970513254404
Benign,Benign,0.022134508908493444
Benign,Benign,0.001083996845409274
Benign,Benign,0.005908385384827852
Benign,Benign,0.0010574397165328264
Benign,Benign,0.0017597508849576116
Benign,Benign,0.0050948362913914025
Benign,Benign,0.02670599881093949
Benign,Benign,0.005911545347771607
Benign,Benign,0.01694625790696591
Benign,Benign,0.0013689291663467884
Benign,Benign,0.0016441908665001392
Benign,Benign,0.0011988208862021565
Benign,Benign,0.014389650415978394
Benign,Benign,0.0012996740406379104
Benign,Benign,0.0170246641500853
Benign,Benign,0.0025147320702672005
Benign,Benign,0.008840391878038645
Benign,Benign,0.001618042471818626
Benign,Benign,0.0013914919691160321
Benign,Benign,0.003009654101333581
Benign,Benign,0.0010574397165328264
Benign,Benign,0.007488401024602354
Benign,Benign,0.0024526830529794097
Benign,Benign,0.001286016427911818
Benign,Benign,0.0012483474565669894
Benign,Benign,0.0013904194347560406
Benign,Benign,0.028063469333574176
Benign,Benign,0.0017310861439909786
Benign,Benign,0.001082230475731194
Benign,Benign,0.0010574397165328264
Benign,Benign,0.020140541484579444
Benign,Benign,0.00664331040752586
Benign,Benign,0.0012566245859488845
Benign,Benign,0.0025272751227021217
Benign,Benign,0.007681885210331529
Benign,Benign,0.0010574397165328264
Benign,Benign,0.001364280702546239
Benign,Benign,0.0015456653200089931
Benign,Benign,0.0016395479906350374
Benign,Benign,0.005739913729485124
Benign,Benign,0.03319920401554555
Benign,Benign,0.0379768218845129
Benign,Benign,0.0010574397165328264
Benign,Benign,0.0075898009818047285
Benign,Benign,0.014802789766690694
Benign,Benign,0.0024536432465538383
Benign,Benign,0.028381252195686102
Benign,Benign,0.0012996740406379104
Benign,Benign,0.001958134351298213
Benign,Benign,0.002569623466115445
Benign,Benign,0.0013435441069304943
Benign,Benign,0.01030120940413326
Benign,Benign,0.0013155207270756364
Benign,Benign,0.013196030224207789
Benign,Benign,0.0011111826170235872
Benign,Benign,0.0012813728535547853
Benign,Benign,0.0012996740406379104
Benign,Benign,0.009382814867421985
Benign,Benign,0.006785255507566035
Benign,Benign,0.007036774652078748
Benign,Benign,0.0014581722061848268
Benign,Benign,0.0010493912268429995
Benign,Benign,0.0013041268102824688
Benign,Benign,0.0025278651155531406
Benign,Benign,0.006839826688519679
Benign,Benign,0.0012484857579693198
Benign,Benign,0.0012581709306687117
Benign,Benign,0.0013057610485702753
Benign,Benign,0.0010574397165328264
Benign,Benign,0.0013197246007621288
Benign,Benign,0.0010574397165328264
Benign,Benign,0.09184805024415255
Benign,Benign,0.0019326199253555387
Benign,Benign,0.013789483346045017
Benign,Benign,0.0014454226475208998
Benign,Benign,0.0012916382402181625
Benign,Benign,0.01618965991656296
Benign,Benign,0.0013631089823320508
Benign,Benign,0.0861318651586771
Benign,Benign,0.0012707236455753446
Benign,Benign,0.037998151732608676
Benign,Benign,0.00782684818841517
Benign,Benign,0.013058219323283993
Benign,Benign,0.047351873479783535
Benign,Benign,0.02356450608931482
Benign,Benign,0.11287721060216427
Benign,Benign,0.0019170198356732726
Benign,Benign,0.0010852114064618945
Benign,Benign,0.0013257572427392006
Benign,Benign,0.002543501555919647
Benign,Benign,0.005829932866618037
Benign,Benign,0.0014003657270222902
Benign,Benign,0.0015727372374385595
Benign,Benign,0.09728988260030746
Benign,Benign,0.06349822971969843
Benign,Benign,0.003909083781763911
Benign,Benign,0.0295360730815446
Benign,Benign,0.400877196341753
Benign,Benign,0.06682163383811712
Benign,Benign,0.0010290986392647028
Benign,Benign,0.04360278369858861
Benign,Benign,0.049386726692318916
Benign,Benign,0.0012205209350213408
Benign,Benign,0.0010574397165328264
Benign,Benign,0.05276353447698057
Benign,Benign,0.15491398982703686
Benign,Benign,0.0010574397165328264
Benign,Benign,0.001278774463571608
Benign,Benign,0.0013272762298583984
Benign,Benign,0.0022904828510945663
Benign,Benign,0.0034589029382914305
Benign,Benign,0.0015169872203841805
Benign,Benign,0.007770197102217935
Benign,Benign,0.03265336429467425
Benign,Benign,0.002149737672880292
Benign,Benign,0.0010574397165328264
Benign,Benign,0.0010574397165328264
Benign,Benign,0.03406551663647406
Benign,Benign,0.002504720352590084
Benign,Benign,0.04139947588555515
Benign,Benign,0.013423971337033436
Benign,Benign,0.005517794692423195
Benign,Benign,0.11545236967504025
Benign,Benign,0.0031301307026296854
Benign,Benign,0.03501951857469976
Benign,Benign,0.0012570283142849803
Benign,Benign,0.03818965400569141
Benign,Benign,0.016683472524164245
Benign,Benign,0.01953731564572081
Benign,Benign,0.003230035596061498
Benign,Benign,0.14980718959122896
Benign,Benign,0.06460258620791137
Benign,Benign,0.03741084667854011
Benign,Benign,0.007974361535161734
Benign,Benign,0.0015037718694657087
Benign,Benign,0.010211019776761532
Benign,Benign,0.03498242700879928
Benign,Benign,0.003920209113857709
Benign,Benign,0.0011174300452694297
Benign,Benign,0.001846004364779219
Benign,Benign,0.004145688493736088
Benign,Benign,0.004445919752470218
Benign,Benign,0.015419722039951012
Benign,Benign,0.0013871287228539586
Benign,Benign,0.0012609155382961035
Benign,Benign,0.006123306462541223
Benign,Benign,0.0014002318494021893
Benign,Benign,0.0014649627264589071
Benign,Benign,0.017973594251088798
Benign,Benign,0.006743162841303274
Benign,Benign,0.04458392271772027
Benign,Benign,0.062211121898144484
Benign,Benign,0.0013598825316876173
Benign,Benign,0.014982956927269697
Benign,Benign,0.002313059405423701
Benign,Benign,0.0019347838824614882
Benign,Benign,0.0012879964197054505
Benign,Benign,0.0012996740406379104
Benign,Benign,0.0509295011870563
Benign,Benign,0.0014660225715488195
Benign,Benign,0.013958329800516367
Benign,Benign,0.0010852114064618945
Benign,Benign,0.0012996740406379104
Benign,Benign,0.10471054422669113
Benign,Benign,0.07248243119101971
Benign,Benign,0.0012487292988225818
Benign,Benign,0.006662384083028883
Benign,Benign,0.010758110205642879
Benign,Benign,0.051307711633853614
Benign,Benign,0.03238847921602428
Benign,Benign,0.0059126908890903
Benign,Benign,0.059043655870482326
Benign,Benign,0.005022394470870495
Benign,Benign,0.008398190824664198
Benign,Benign,0.0027607694501057267
Benign,Benign,0.0041390009864699095
Benign,Benign,0.003685012663481757
Benign,Benign,0.009437309228815138
Benign,Benign,0.001330432714894414
Benign,Benign,0.0034193776082247496
Benign,Benign,0.00964883336564526
Benign,Benign,0.0012996740406379104
Benign,Benign,0.001253761351108551
Benign,Benign,0.07924529118463397
Benign,Benign,0.04241174354683608
Benign,Benign,0.004707490763394162
Benign,Benign,0.007011497800704092
Benign,Benign,0.09632146777585149
Benign,Benign,0.0030127178179100156
Benign,Benign,0.0015070030931383371
Benign,Benign,0.001403773669153452
Benign,Benign,0.01330745403538458
Benign,Benign,0.0110668388515478
Benign,Benign,0.0013251225464046001
Benign,Benign,0.001376570900902152
Benign,Benign,0.0012599114561453462
Benign,Benign,0.0026651908410713077
Benign,Benign,0.007530846050940454
Benign,Benign,0.0012748971348628402
Benign,Benign,0.0030285908142104745
Benign,Benign,0.0013690120540559292
Benign,Benign,0.032590750604867935
Benign,Benign,0.006073014228604734
Benign,Benign,0.0016045725205913186
Benign,Benign,0.13681363430805504
Benign,Benign,0.0028349892236292362
Benign,Benign,0.0021034872625023127
Benign,Benign,0.015625646512489766
Benign,Benign,0.008412932264036499
Benign,Benign,0.004536751774139702
Benign,Benign,0.01779164164327085
Benign,Benign,0.023750662512611598
Benign,Benign,0.004439685581019148
Benign,Benign,0.0015523945912718773
Benign,Benign,0.007768555529764853
Benign,Benign,0.010391584073659033
Benign,Benign,0.04097262385766953
Benign,Benign,0.0034844849578803405
Benign,Benign,0.0012998252641409636
Benign,Benign,0.04742897697724402
Benign,Benign,0.008429846202488989
Benign,Benign,0.0011271715629845858
Benign,Benign,0.00541556507232599
Benign,Benign,0.0029064416885375977
Benign,Benign,0.004926625639200211
Benign,Benign,0.0022111886646598577
Benign,Benign,0.001044522039592266
Benign,Benign,0.00261207134462893
Benign,Benign,0.0014928932068869472
Benign,Benign,0.004679678459069692
Benign,Benign,0.0068984175741206855
Benign,Benign,0.001683939466602169
Benign,Benign,0.0013201194815337658
Benign,Benign,0.002058187121292576
Benign,Benign,0.0034145271638408303
Benign,Benign,0.001083996845409274
Benign,Benign,0.003323158700368367
Benign,Benign,0.0015310583403334022
Benign,Benign,0.0010488430270925164
Benign,Benign,0.001311094150878489
Benign,Benign,0.0014681386383017525
Benign,Benign,0.0014923290582373738
Benign,Benign,0.021145217935554683
Benign,Benign,0.0012748971348628402
Benign,Benign,0.0026120892725884914
Benign,Benign,0.004385208012536168
Benign,Benign,0.03432348696514964
Benign,Benign,0.017898549209348857
Benign,Benign,0.018157798316678964
Benign,Benign,0.014891669619828463
Benign,Benign,0.0010574397165328264
Benign,Benign,0.0017755637964000925
Benign,Benign,0.001724245841614902
Benign,Benign,0.0010488430270925164
Benign,Benign,0.0010493912268429995
Benign,Benign,0.0012765267165377736
Benign,Benign,0.003586778635508381
Benign,Benign,0.005751221906393766
Benign,Benign,0.004332697426434606
Benign,Benign,0.00796994543634355
Benign,Benign,0.00252536399057135
Benign,Benign,0.0012748971348628402
Benign,Benign,0.007729120290605351
Benign,Benign,0.001083996845409274
Benign,Benign,0.0016040578339016065
Benign,Benign,0.008148636406986043
Benign,Benign,0.011307049251627177
Benign,Benign,0.03270894102752209
Benign,Benign,0.0035904571413993835
Benign,Benign,0.0010574397165328264
Benign,Benign,0.027645170921459794
Benign,Benign,0.021394370574853383
Benign,Benign,0.007124780444428325
Benign,Benign,0.0010513298911973834
Benign,Benign,0.002709415159188211
Benign,Benign,0.04535497981123626
Benign,Benign,0.005966255208477378
Benign,Benign,0.20967195183038712
Benign,Benign,0.0994129532482475
Benign,Benign,0.0031498377211391926
Benign,Benign,0.0016330073995050043
Benign,Benign,0.0029658633284270763
Benign,Benign,0.003869854364893399
Benign,Benign,0.0017190842190757394
Benign,Benign,0.03332040074747056
Benign,Benign,0.0012800149852409959
Benign,Benign,0.0017747558595146984
Benign,Benign,0.001547294668853283
Benign,Benign,0.006179123403853737
Benign,Benign,0.05268317647278309
Benign,Benign,0.003016464179381728
Benign,Benign,0.004908499045995995
Benign,Benign,0.003095154301263392
Benign,Benign,0.013782421010546386
Benign,Benign,0.0012386622838675976
Benign,Benign,0.027137204073369503
Benign,Benign,0.001269839471206069
Benign,Benign,0.0015206774696707726
Benign,Benign,0.0010852114064618945
Benign,Benign,0.0028913196874782443
Benign,Benign,0.0015547106740996242
Benign,Benign,0.0020001940429210663
Benign,Benign,0.0025475329894106835
Benign,Benign,0.001083996845409274
Benign,Benign,0.0029492839239537716
Benign,Benign,0.001053911866620183
Benign,Benign,0.008855701598804444
Benign,Benign,0.05093754082918167
Benign,Benign,0.10140399960801005
Benign,Benign,0.005848511471413076
Benign,Benign,0.009783652785699815
Benign,Benign,0.07132322574034333
Benign,Benign,0.001279647694900632
Benign,Benign,0.001083996845409274
Benign,Benign,0.038222527829930186
Benign,Benign,0.0013263293076306581
Benign,Benign,0.0020185218745609745
Benign,Benign,0.0010574397165328264
Benign,Benign,0.0015394700458273292
Benign,Benign,0.0013038611505180597
Benign,Benign,0.0012660353677347302
Benign,Benign,0.0036067753098905087
Benign,Benign,0.0023181222495622933
Benign,Benign,0.0016458034369861707
Benign,Benign,0.02464602090185508
Benign,Benign,0.03030649560969323
Benign,Benign,0.001891961321234703
Benign,Benign,0.001275405054911971
Benign,Benign,0.009593666647560894
Benign,Benign,0.013286016299389303
Benign,Benign,0.007746778166620061
Benign,Benign,0.037186227506026626
Benign,Benign,0.0012786396546289325
Benign,Benign,0.006990520399995148
Benign,Benign,0.0027611336554400623
Benign,Benign,0.004543368675513193
Benign,Benign,0.0012748971348628402
Benign,Benign,0.0012655595783144236
Benign,Benign,0.0010574397165328264
Benign,Benign,0.04100874986033887
Benign,Benign,0.0012996740406379104
Benign,Benign,0.0012873269151896238
Benign,Benign,0.0016114665195345879
Benign,Benign,0.017764341784641147
Benign,Benign,0.002373132389038801
Benign,Benign,0.24581296741962433
Benign,Benign,0.0012779865646734834
Benign,Benign,0.0014566731406375766
Benign,Benign,0.06593299773521721
Benign,Benign,0.011846926005091518
Benign,Benign,0.012561939540319145
Benign,Benign,0.0038385060615837574
Benign,Benign,0.0010574397165328264
Benign,Benign,0.0028247139271115884
Benign,Benign,0.0014106594026088715
Benign,Benign,0.0015663434605812654
Benign,Benign,0.004212625775835477
Benign,Benign,0.0010574397165328264
Benign,Benign,0.002163621364161372
Benign,Benign,0.0020449388393899426
Benign,Benign,0.0139538433868438
Benign,Benign,0.0012903581373393536
Benign,Benign,0.0010855733416974545
Benign,Benign,0.0026117945089936256
Benign,Benign,0.04196122719440609
Benign,Benign,0.0016390051459893584
Benign,Benign,0.002426386810839176
Benign,Benign,0.0013527413830161095
Benign,Benign,0.001240932266227901
Benign,Benign,0.004238901412463747
Benign,Benign,0.05141498683951795
Benign,Benign,0.018334954962483607
Benign,Benign,0.15702988451812416
Benign,Benign,0.0013724686577916145
Benign,Benign,0.0010574397165328264
Benign,Benign,0.012069442658685148
Benign,Benign,0.01551108478452079
Benign,Benign,0.0012748971348628402
Benign,Benign,0.001083996845409274
Benign,Benign,0.006754742469638586
Benign,Benign,0.0236109389225021
Benign,Benign,0.011574837088119239
Benign,Benign,0.001053419429808855
Benign,Benign,0.008721689693629742
Benign,Benign,0.027753265341743827
Benign,Benign,0.0013363715261220932
Benign,Benign,0.0031072089332155883
Benign,Benign,0.0016426009533461183
Benign,Benign,0.0038196465466171503
Benign,Benign,0.008350682197487913
Benign,Benign,0.0010574397165328264
Benign,Benign,0.0026878113858401775
Benign,Benign,0.0014152241637930274
Benign,Benign,0.0170369376137387
Benign,Benign,0.001968624535948038
Benign,Benign,0.0032434966269647703
Benign,Benign,0.0010513298911973834
Benign,Benign,0.0015154600841924548
Benign,Benign,0.0013702954165637493
Benign,Benign,0.01711615570820868
Benign,Benign,0.006728408843628131
Benign,Benign,0.0020595681853592396
Benign,Benign,0.00491354450059589
Benign,Benign,0.016606271849013865
Benign,Benign,0.00865590083412826
Benign,Benign,0.0013018616009503603
Benign,Benign,0.07892672438174486
Benign,Benign,0.003048797123483382
Benign,Benign,0.003915718290954828
Benign,Benign,0.0013661787379533052
Benign,Benign,0.014037838147487491
Benign,Benign,0.0013425537617877126
Benign,Benign,0.0016673421196173877
Benign,Benign,0.0037119360640645027
Benign,Benign,0.17475024983286858
Benign,Benign,0.04132199054583907
Benign,Benign,0.0012903581373393536
Benign,Benign,0.003358294939971529
Benign,Benign,0.0012748971348628402
Benign,Benign,0.006418264674721286
Benign,Benign,0.0030623284401372075
Benign,Benign,0.007289929548278451
Benign,Benign,0.012812964036129415
Benign,Benign,0.0037252006586641073
Benign,Benign,0.001272068009711802
Benign,Benign,0.016898609639611095
Benign,Benign,0.0341198337264359
Benign,Benign,0.0012241063959663734
Benign,Benign,0.0037077299784868956
Benign,Benign,0.004278740845620632
Benign,Benign,0.001083996845409274
Benign,Benign,0.005071198916994035
Benign,Benign,0.0014011410530656576
Benign,Benign,0.0017072408081730828
Benign,Benign,0.0020350486447568983
Benign,Benign,0.00275317880732473
Benign,Benign,0.0010574397165328264
Benign,Benign,0.02571015665307641
Benign,Benign,0.001053419429808855
Benign,Benign,0.010514348687138408
Benign,Benign,0.0013354886323213577
Benign,Benign,0.008406061446294188
Benign,Benign,0.0064235125901177526
Benign,Benign,0.007985641233972274
Benign,Benign,0.0017211074009537697
Benign,Benign,0.005752194425440393
Benign,Benign,0.00768150482326746
Benign,Benign,0.0010574397165328264
Benign,Benign,0.008511472842656076
Benign,Benign,0.008900330984033644
Benign,Benign,0.0013069227570667863
Benign,Benign,0.0044937278144061565
Benign,Benign,0.0013383552432060242
Benign,Benign,0.005074170825537294
Benign,Benign,0.0012996740406379104
Benign,Benign,0.003276180475950241
Benign,Benign,0.017714506946504116
Benign,Benign,0.013949535030405968
Benign,Benign,0.2984760799445212
Benign,Benign,0.003148891730234027
Benign,Benign,0.005589307969785295
Benign,Benign,0.020797655219212174
Benign,Benign,0.0013237132225185633
Benign,Benign,0.014278111979365349
Benign,Benign,0.0010900553315877914
Benign,Benign,0.005162254645256326
Benign,Benign,0.00819482488441281
Benign,Benign,0.0017115080263465643
Benign,Benign,0.005484334367793053
Benign,Benign,0.0022965597308939323
Benign,Benign,0.0012996740406379104
Benign,Benign,0.0022324484307318926
Benign,Benign,0.11048231087625027
Benign,Benign,0.002033000346273184
Benign,Benign,0.001516407006420195
Benign,Benign,0.01803772139828652
Benign,Benign,0.0010574397165328264
Benign,Benign,0.029248727951198816
Benign,Benign,0.01028838544152677
Benign,Benign,0.03998352575581521
Benign,Benign,0.02808277209987864
Benign,Benign,0.001290512620471418
Benign,Benign,0.0014481355901807547
Benign,Benign,0.003847070023766719
Benign,Benign,0.0010574397165328264
Benign,Benign,0.001730110845528543
Benign,Benign,0.006363794789649546
Benign,Benign,0.00388355553150177
Benign,Benign,0.0016737757250666618
Benign,Benign,0.0020317465532571077
Benign,Benign,0.002823276212438941
Benign,Benign,0.02796148683410138
Benign,Benign,0.0014340514317154884
Benign,Benign,0.004006481263786554
Benign,Benign,0.0012415626551955938
Benign,Benign,0.0010574397165328264
Benign,Benign,0.3055938510224223
Benign,Benign,0.02811491207103245
Benign,Benign,0.002352188341319561
Benign,Benign,0.004782913922099397
Benign,Benign,0.02216339553706348
Benign,Benign,0.0014215332921594381
Benign,Benign,0.0013057126197963953
Benign,Benign,0.00790710368892178
Benign,Benign,0.05826880456879735
Benign,Benign,0.0012873155064880848
Benign,Benign,0.0010574397165328264
Benign,Benign,0.01321031094994396
Benign,Benign,0.0012748971348628402
Benign,Benign,0.0010574397165328264
Benign,Benign,0.002959475721581839
Benign,Benign,0.03391536691924557
Benign,Benign,0.0012996740406379104
Benign,Benign,0.023493578599300236
Benign,Benign,0.00127967179287225
Benign,Benign,0.0012643254594877362
Benign,Benign,0.036743652541190386
Benign,Benign,0.007738575091934763
Benign,Benign,0.0029353657737374306
Benign,Benign,0.029463014099746943
Benign,Benign,0.020686159026809037
Benign,Benign,0.0013361664023250341
Benign,Benign,0.001336778630502522
Benign,Benign,0.010599938672385179
Benign,Benign,0.0013116445625200868
Benign,Benign,0.0012582552153617144
Benign,Benign,0.0015179121401160955
Benign,Benign,0.0022289759799605235
Benign,Benign,0.011005500273313373
Benign,Benign,0.0038491417071782053
Benign,Benign,0.0033321178052574396
Benign,Benign,0.026318983756937087
Benign,Benign,0.003739210296771489
Benign,Benign,0.006726439110934734
Benign,Benign,0.0010574397165328264
Benign,Benign,0.002678812714293599
Benign,Benign,0.1135506615974009
Benign,Benign,0.020439874147996306
Benign,Benign,0.0035266384948045015
Benign,Benign,0.0010852114064618945
Benign,Benign,0.0012655595783144236
Benign,Benign,0.003777099773287773
Benign,Benign,0.0018048127967631444
Benign,Benign,0.0013026951346546412
Benign,Benign,0.0012748971348628402
Benign,Benign,0.0013084702659398317
Benign,Benign,0.0013942945515736938
Benign,Benign,0.15752586256712675
Benign,Benign,0.0015939300647005439
Benign,Benign,0.05627603339962661
Benign,Benign,0.009380508388858289
Benign,Benign,0.001083996845409274
Benign,Benign,0.0012915933039039373
Benign,Malicious,0.5116007346659899
Benign,Benign,0.00134970189537853
Benign,Benign,0.0010574397165328264
Benign,Benign,0.001253761351108551
Benign,Benign,0.004244898445904255
Benign,Benign,0.010593464117846452
Benign,Benign,0.2375365924090147
Benign,Benign,0.0013345684856176376
Benign,Benign,0.0025098281912505627
Benign,Benign,0.04790880065411329
Benign,Benign,0.007857089745812118
Benign,Benign,0.004557439591735601
Benign,Benign,0.007188690826296806
Benign,Benign,0.001682122441707179
Benign,Benign,0.0010653326753526926
Benign,Benign,0.0012899375287815928
Benign,Benign,0.004036274738609791
Benign,Benign,0.0038581145636271685
Benign,Benign,0.001317039248533547
Benign,Benign,0.0015842539723962545
Benign,Benign,0.046100467909127474
Benign,Benign,0.0013857391895726323
Benign,Benign,0.06709783617407084
Benign,Benign,0.0010500182397663593
Benign,Benign,0.0013937007170170546
Benign,Benign,0.0014856841880828142
Benign,Benign,0.005343397613614798
Benign,Benign,0.0028185186674818397
Benign,Benign,0.0037554893642663956
Benign,Benign,0.0018291052838321775
Benign,Benign,0.0014260089956223965
Benign,Benign,0.00684496178291738
Benign,Benign,0.006326759932562709
Benign,Benign,0.003670139121823013
Benign,Benign,0.0010574397165328264
Benign,Benign,0.006623763998504728
Benign,Benign,0.004889872609055601
Benign,Benign,0.001233388902619481
Benign,Benign,0.00936872058082372
Benign,Benign,0.001083996845409274
Benign,Benign,0.001308960490860045
Benign,Benign,0.0035367123782634735
Benign,Benign,0.02110495080705732
Benign,Benign,0.0017938110831892118
Benign,Benign,0.002224106341600418
Benign,Benign,0.03390789427794516
Benign,Benign,0.006632541480939835
Benign,Benign,0.01511616118659731
Benign,Benign,0.0017497121007181704
Benign,Benign,0.001544636776088737
Benign,Benign,0.002644637133926153
Benign,Benign,0.005460290456539951
Benign,Benign,0.03302155202254653
Benign,Benign,0.0156580320908688
Benign,Benign,0.05110474571119994
Benign,Benign,0.00428384164115414
Benign,Benign,0.008102726889774203
Benign,Benign,0.0014797508483752608
Benign,Benign,0.001635096938116476
Benign,Benign,0.0010493912268429995
Benign,Benign,0.0015946358907967806
Benign,Benign,0.03560254443436861
Benign,Benign,0.0029874995816498995
Benign,Benign,0.0014904437121003866
Benign,Benign,0.007459906832082197
Benign,Benign,0.059647800284437835
Benign,Benign,0.0012996740406379104
Benign,Benign,0.0058488743379712105
Benign,Benign,0.0010574397165328264
Benign,Benign,0.0536099614109844
Benign,Benign,0.002668138826265931
Benign,Benign,0.0063810041174292564
Benign,Benign,0.0013408882077783346
Benign,Benign,0.001056062406860292
Benign,Benign,0.012816713657230139
Benign,Benign,0.0015596038429066539
Benign,Benign,0.0013070411514490843
Benign,Benign,0.0016334961110260338
Benign,Benign,0.001927213030285202
Benign,Benign,0.012873392057372257
Benign,Benign,0.001896653207950294
Benign,Benign,0.010035725252237171
Benign,Benign,0.0017235376726603135
Benign,Benign,0.02133276406675577
Benign,Benign,0.003228758694604039
Benign,Benign,0.053592941258102655
Benign,Benign,0.0021968551445752382
Benign,Benign,0.0013035980518907309
Benign,Benign,0.0013827582588419318
Benign,Benign,0.009076400179765187
Benign,Benign,0.010785915132146329
Benign,Benign,0.011310700327157974
Benign,Benign,0.0017427970888093114
Benign,Benign,0.001552799018099904
Benign,Benign,0.0019295235251775011
Benign,Benign,0.0010574397165328264
Benign,Benign,0.003268107393523678
Benign,Benign,0.0012996740406379104
Benign,Benign,0.002179952571168542
Benign,Benign,0.030661980505101383
Benign,Benign,0.0010852114064618945
Benign,Benign,0.10471054422669113
Benign,Benign,0.00826667457295116
Benign,Benign,0.0020800210622837767
Benign,Benign,0.001426738454028964
Benign,Benign,0.007024976366665214
Benign,Benign,0.00202401215210557
Benign,Benign,0.012065244343830273
Benign,Benign,0.0014139721170067787
Benign,Benign,0.0015091291861608624
Benign,Benign,0.01109695015475154
Benign,Benign,0.015098231611773372
Benign,Benign,0.08950827142689377
Benign,Benign,0.001083996845409274
Benign,Benign,0.001321482821367681
Benign,Benign,0.0014217300340533257
Benign,Benign,0.04665279830805957
Benign,Benign,0.0012729287846013904
Benign,Benign,0.011152251390740275
Benign,Benign,0.02950387446617242
Benign,Benign,0.008712644674233161
Benign,Benign,0.001438369508832693
Benign,Benign,0.0015833284705877304
Benign,Benign,0.005256858596112579
Benign,Benign,0.002729781306697987
Benign,Benign,0.0077767446637153625
Benign,Benign,0.001053419429808855
Benign,Benign,0.006017856998369098
Benign,Benign,0.023485628873459063
Benign,Benign,0.006228129146620631
Benign,Benign,0.0043270038440823555
Benign,Benign,0.0032785094808787107
Benign,Benign,0.001083996845409274
Benign,Benign,0.0014596840919693932
Benign,Benign,0.0010493912268429995
Benign,Benign,0.0017707215010887012
Benign,Benign,0.05633131368085742
Benign,Benign,0.0025981382932513952
Benign,Benign,0.004213125677779317
Benign,Benign,0.0017245606140932068
Benign,Benign,0.006610372452996671
Benign,Benign,0.02244219067506492
Benign,Benign,0.07167769852094352
Benign,Benign,0.0013676481321454048
Benign,Benign,0.018145054520573467
Benign,Benign,0.004535938598564826
Benign,Benign,0.0010574397165328264
Benign,Benign,0.0012844684533774853
Benign,Benign,0.007237458135932684
Benign,Benign,0.0060235063865548
Benign,Benign,0.001053419429808855
Benign,Benign,0.0013230418553575873
Benign,Benign,0.0012573059648275375
Benign,Benign,0.004580331471515819
Benign,Benign,0.00227764317241963
Benign,Benign,0.011005672393366694
Benign,Benign,0.0023014909238554537
Benign,Benign,0.0021986441570334136
Benign,Benign,0.0066223531030118465
Benign,Benign,0.0034822688612621278
Benign,Benign,0.002694682916626334
Benign,Benign,0.005047467740951106
Benign,Benign,0.0015317235374823213
Benign,Benign,0.03250369697343558
Benign,Benign,0.0012643254594877362
Benign,Benign,0.06210356205701828
Benign,Benign,0.008134295232594013
Benign,Benign,0.00887516769580543
Benign,Benign,0.004788682097569108
Benign,Benign,0.0013237132225185633
Benign,Benign,0.009852379298536107
Benign,Benign,0.0013509223936125636
Benign,Benign,0.0013148850994184613
Benign,Benign,0.0011174300452694297
Benign,Benign,0.0016828064108267426
Benign,Benign,0.019678662647493184
Benign,Benign,0.06682510441169143
Benign,Benign,0.0010488430270925164
Benign,Benign,0.0028988067060709
Benign,Benign,0.008233766711782664
Benign,Benign,0.0012949052033945918
Benign,Benign,0.0028035450814059004
Benign,Benign,0.038383832667022943
Benign,Benign,0.13975833915174007
Benign,Benign,0.012513214373029768
Benign,Benign,0.001534793758764863
Benign,Benign,0.0014452572213485837
Benign,Benign,0.008790613384917378
Benign,Benign,0.001088748569600284
Benign,Benign,0.0029492839239537716
Benign,Benign,0.00129137362819165
Benign,Benign,0.034986838581971824
Benign,Benign,0.010533987544476986
Benign,Benign,0.0014759845798835158
Benign,Benign,0.0012769021559506655
Benign,Benign,0.0012814217479899526
Benign,Benign,0.001303185010328889
Benign,Benign,0.013657909294124693
Benign,Benign,0.0019023747881874442
Benign,Benign,0.005837222852278501
Benign,Benign,0.001234214287251234
Benign,Benign,0.002748448619968258
Benign,Benign,0.031227389292325824
Benign,Benign,0.004682580416556448
Benign,Benign,0.09243201557546854
Benign,Benign,0.008415038930252194
Benign,Benign,0.048163361789193004
Benign,Benign,0.03384026768617332
Benign,Benign,0.0012981756590306759
Benign,Benign,0.03182956716045737
Benign,Benign,0.021248947814456187
Benign,Benign,0.0250849686563015
Benign,Benign,0.0012693663593381643
Benign,Benign,0.0014357336331158876
Benign,Benign,0.0033992216922342777
Benign,Benign,0.0015211375284707174
Benign,Benign,0.001053419429808855
Benign,Benign,0.001044522039592266
Benign,Benign,0.012098634149879217
Benign,Benign,0.0012573059648275375
Benign,Benign,0.0159700796357356
Benign,Benign,0.0014440942322835326
Benign,Benign,0.0029616013052873313
Benign,Benign,0.006725098239257932
Benign,Benign,0.0012487292988225818
Benign,Benign,0.014151264098472893
Benign,Benign,0.0531429594848305
Benign,Benign,0.0018710907315835357
Benign,Benign,0.0020807005930691957
Benign,Benign,0.0014260770985856652
Benign,Benign,0.008825749275274575
Benign,Benign,0.03679811232723296
Benign,Benign,0.0052001221920363605
Benign,Benign,0.0013043672079220414
Benign,Benign,0.008302722708322108
Benign,Benign,0.400877196341753
Benign,Benign,0.003992228637798689
Benign,Benign,0.08420836040750146
Benign,Benign,0.0010574397165328264
Benign,Benign,0.0020431716402526945
Benign,Benign,0.0010574397165328264
Benign,Benign,0.0010574397165328264
Benign,Benign,0.001100327237509191
Benign,Benign,0.0010488430270925164
Benign,Benign,0.0012748971348628402
Benign,Benign,0.008033198304474354
Benign,Benign,0.07252617180347443
Benign,Benign,0.0024467026814818382
Benign,Benign,0.0013271525967866182
Benign,Benign,0.003211607690900564
Benign,Benign,0.0013098358176648617
Benign,Benign,0.024215185781940818
Benign,Benign,0.0013375722337514162
Benign,Benign,0.003994092810899019
Benign,Benign,0.02123067941283807
Benign,Benign,0.0023274741251952946
Benign,Benign,0.0014341657515615225
Benign,Benign,0.0010574397165328264
Benign,Benign,0.003284384700236842
Benign,Benign,0.04010111023671925
Benign,Benign,0.0011136425891891122
Benign,Benign,0.001510018133558333
Benign,Benign,0.0012996740406379104
Benign,Benign,0.34045324567705393
Benign,Benign,0.006356515688821673
Benign,Benign,0.0046413331147050485
Benign,Benign,0.006090013048378751
Benign,Benign,0.001396392472088337
Benign,Benign,0.001083996845409274
Benign,Benign,0.0014358367770910263
Benign,Benign,0.0012996740406379104
Benign,Benign,0.002477057743817568
Benign,Benign,0.0012529452797025442
Benign,Benign,0.007081009796820581
Benign,Benign,0.11275842785835266
Benign,Benign,0.14970469195395708
Benign,Benign,0.012263936921954155
Benign,Benign,0.005953928921371698
Benign,Benign,0.006603579473448917
Benign,Benign,0.005531116126803681
Benign,Benign,0.024005145533010364
Benign,Benign,0.0016124410321936011
Benign,Benign,0.01220491755520925
Benign,Benign,0.002504720352590084
Benign,Benign,0.025393288116902113
Benign,Benign,0.0038593243662035093
Benign,Benign,0.00153365008009132
Benign,Benign,0.019160998286679387
Benign,Benign,0.006686541950330138
Benign,Benign,0.0013026951346546412
Benign,Benign,0.0015773411141708493
Benign,Benign,0.0730377861764282
Benign,Benign,0.001083996845409274
Benign,Benign,0.1551444372162223
Benign,Benign,0.0013117272173985839
Benign,Benign,0.00255340279545635
Benign,Benign,0.0010574397165328264
Benign,Benign,0.018762278370559216
Benign,Benign,0.004329290459281765
Benign,Benign,0.0024185841903090477
Benign,Benign,0.06015594012569636
Benign,Benign,0.005277232674416155
Benign,Benign,0.001306658610701561
Benign,Benign,0.008202143450034782
Benign,Benign,0.005751054675783962
Benign,Benign,0.031491362024098635
Benign,Benign,0.0010574397165328264
Benign,Benign,0.005858320335391909
Benign,Benign,0.001408324926160276
Benign,Benign,0.03167099365964532
Benign,Benign,0.005078131332993507
Benign,Benign,0.001083996845409274
Benign,Benign,0.0012748971348628402
Benign,Benign,0.010367734706960618
Benign,Benign,0.0014065090799704194
Benign,Benign,0.001366751966997981
Benign,Benign,0.010452512171468697
Benign,Benign,0.04500075610121712
Benign,Benign,0.0849071154370904
Benign,Benign,0.0016645626164972782
Benign,Benign,0.00463487021625042
Benign,Benign,0.025134328985586762
Benign,Benign,0.010495630791410804
Benign,Benign,0.05630859616212547
Benign,Benign,0.008883750764653087
Benign,Benign,0.003684022682136856
Benign,Benign,0.0021934323012828827
Benign,Benign,0.006964224798139185
Benign,Benign,0.001760172308422625
Benign,Benign,0.0021750323940068483
Benign,Benign,0.001083996845409274
Benign,Benign,0.0014191648224368691
Benign,Benign,0.0010574397165328264
Benign,Benign,0.14415772026404738
Benign,Benign,0.0010574397165328264
Benign,Benign,0.001961730406037532
Benign,Benign,0.0016822349280118942
Benign,Benign,0.004958906210958958
Benign,Benign,0.0012643254594877362
Benign,Benign,0.001468014088459313
Benign,Benign,0.0010852114064618945
Benign,Benign,0.0012330106692388654
Benign,Benign,0.003939384710974991
Benign,Benign,0.042305519338697195
Benign,Benign,0.00214680889621377
Benign,Benign,0.005888116531423293
Benign,Benign,0.016549498192034662
Benign,Benign,0.016658821143209934
Benign,Benign,0.003249439876526594
Benign,Benign,0.017845713766291738
Benign,Benign,0.002955832038423978
Benign,Benign,0.004557439591735601
Benign,Benign,0.023352400632575154
Benign,Benign,0.05521385418251157
Benign,Benign,0.00143217493314296
Benign,Benign,0.010323103284463286
Benign,Benign,0.005344693519873545
Benign,Benign,0.0025107741821557283
Benign,Benign,0.0022009466774761677
Benign,Benign,0.0013626933796331286
Benign,Benign,0.013182072783820331
Benign,Benign,0.0010488430270925164
Benign,Benign,0.0015023151645436883
Benign,Benign,0.025809016544371843
Benign,Benign,0.00639310956466943
Benign,Benign,0.0012335922801867127
Benign,Benign,0.004913539218250662
Benign,Benign,0.0027485949685797095
Benign,Benign,0.0309395685326308
Benign,Benign,0.0014512662310153246
Benign,Benign,0.007440844492521137
Benign,Benign,0.008048813091591
Benign,Benign,0.0013091489672660828
Benign,Benign,0.0029862833907827735
Benign,Benign,0.015644594910554588
Benign,Benign,0.004052705131471157
Benign,Benign,0.011109714396297932
Benign,Benign,0.008621081185992807
Benign,Benign,0.0027440844423836097
Benign,Benign,0.005375318170990795
Benign,Benign,0.00461529940366745
Benign,Benign,0.13632748159579933
Benign,Benign,0.0022880774922668934
Benign,Benign,0.0020727774244733155
Benign,Benign,0.001699612577795051
Benign,Benign,0.02406267443438992
Benign,Benign,0.008548597092158161
Benign,Benign,0.004070088965818286
Benign,Benign,0.005420510657131672
Benign,Benign,0.027755938906921074
Benign,Benign,0.031092534656636417
Benign,Benign,0.009985052864067256
Benign,Benign,0.1244023353792727
Benign,Benign,0.0013209925964474678
Benign,Benign,0.05625903187319636
Benign,Benign,0.0012930174125358462
Benign,Benign,0.0012763866689056158
Benign,Benign,0.04360982577782124
Benign,Benign,0.00327174155972898
Benign,Benign,0.0029237049020593986
Benign,Benign,0.03852302744053304
Benign,Benign,0.001083996845409274
Benign,Benign,0.0036885413574054837
Benign,Benign,0.0015068030916154385
Benign,Benign,0.0013039309997111559
Benign,Benign,0.003927373792976141
Benign,Benign,0.013293747673742473
Benign,Benign,0.023529733007308096
Benign,Benign,0.017358199693262577
Benign,Benign,0.0013425217475742102
Benign,Benign,0.01031751603295561
Benign,Benign,0.054575486574321985
Benign,Benign,0.001100327237509191
Benign,Benign,0.01183688105084002
Benign,Benign,0.0014180268626660109
Benign,Benign,0.007079611503286287
Benign,Benign,0.027483683777973056
Benign,Benign,0.0013060721103101969
Benign,Benign,0.0012779865646734834
Benign,Benign,0.005758635452366434
Benign,Benign,0.0014065740397199988
Benign,Benign,0.008573195882490836
Benign,Benign,0.003839290118776262
Benign,Benign,0.001256975345313549
Benign,Benign,0.0040576818864792585
Benign,Benign,0.016590272483881563
Benign,Benign,0.0014365899842232466
Benign,Benign,0.005458983680000529
Benign,Benign,0.0011463927803561091
Benign,Benign,0.010605871677398682
Benign,Benign,0.0024825938744470477
Benign,Benign,0.0036280821077525616
Benign,Benign,0.025546148302964866
Benign,Benign,0.0012581709306687117
Benign,Benign,0.0010574397165328264
Benign,Benign,0.0012887705815955997
Benign,Benign,0.0014393890742212534
Benign,Benign,0.0018564414931461215
Benign,Benign,0.001268510241061449
Benign,Benign,0.024337719660252333
Benign,Benign,0.012368927884381264
Benign,Benign,0.024728913558647037
Benign,Benign,0.0010368318762630224
Benign,Benign,0.0010488430270925164
Benign,Benign,0.04913037223741412
Benign,Benign,0.015567741807899438
Benign,Benign,0.0012937616556882858
Benign,Benign,0.0012864816235378385
Benign,Benign,0.01055197132518515
Benign,Benign,0.0025293227517977357
Benign,Benign,0.0015536871360382065
Benign,Benign,0.0013708762126043439
Benign,Benign,0.002173781846067868
Benign,Benign,0.0013819769956171513
Benign,Benign,0.001286016427911818
Benign,Benign,0.0034899306192528456
Benign,Benign,0.011552618816494942
Benign,Benign,0.001044522039592266
Benign,Benign,0.0025439340388402343
Benign,Benign,0.10391589067876339
Benign,Benign,0.00606004218570888
Benign,Benign,0.0025669325550552458
Benign,Benign,0.0064295893389498815
Benign,Benign,0.0016640444518998265
Benign,Benign,0.0010574397165328264
Benign,Benign,0.001730702118948102
Benign,Benign,0.0010771480156108737
Benign,Benign,0.001445630332455039
Benign,Benign,0.001986787421628833
Benign,Benign,0.0012946041533723474
Benign,Benign,0.007590570472530089
Benign,Benign,0.0010574397165328264
Benign,Benign,0.0013110557338222861
Benign,Benign,0.0013757769484072924
Benign,Benign,0.0022312107030302286
Benign,Benign,0.0014358367770910263
Benign,Benign,0.009040666278451681
Benign,Benign,0.0010392320109531283
Benign,Benign,0.0013191550970077515
Benign,Benign,0.023716966505162418
Benign,Benign,0.0017325769731542096
Benign,Benign,0.010211219530901872
Benign,Benign,0.006998555953032337
Benign,Benign,0.012208550935611129
Benign,Benign,0.007667225319892168
Benign,Benign,0.0013086851686239243
Benign,Benign,0.0018775751814246178
Benign,Benign,0.00989280838984996
Benign,Benign,0.0012996740406379104
Benign,Benign,0.0012996740406379104
Benign,Benign,0.0012560798786580563
Benign,Benign,0.0014018116053193808
Benign,Benign,0.0010574397165328264
Benign,Benign,0.0046730434987694025
Benign,Benign,0.001703330664895475
Benign,Benign,0.0012979244347661734
Benign,Benign,0.008628885843791068
Benign,Benign,0.0036091001238673925
Benign,Benign,0.0020288326777517796
Benign,Benign,0.00374935707077384
Benign,Benign,0.00524627510458231
Benign,Benign,0.0010900632478296757
Benign,Benign,0.001833693342632614
Benign,Benign,0.0025375676341354847
Benign,Benign,0.011153408326208591
Benign,Benign,0.0010574397165328264
Benign,Benign,0.0014808719279244542
Benign,Benign,0.0020130646880716085
Benign,Benign,0.010506957973120734
Benign,Benign,0.005659288028255105
Benign,Benign,0.0030241360364016145
Benign,Benign,0.0012414315715432167
Benign,Benign,0.0013706802856177092
Benign,Benign,0.0013368071522563696
Benign,Benign,0.0017392103909514844
Benign,Benign,0.0021258594933897257
Benign,Benign,0.0074365693144500256
Benign,Benign,0.0013060721103101969
Benign,Benign,0.13406870048493147
Benign,Benign,0.001292061759158969
Benign,Benign,0.009263532920158468
Benign,Benign,0.00707521045114845
Benign,Benign,0.002673475639312528
Benign,Benign,0.021510946797206998
Benign,Benign,0.0035996928345412016
Benign,Benign,0.0012996740406379104
Benign,Benign,0.0013197158696129918
Benign,Benign,0.002053355099633336
Benign,Benign,0.0033106282353401184
Benign,Benign,0.005243288120254874
Benign,Benign,0.0028418210276868194
Benign,Benign,0.0032023524108808488
Benign,Benign,0.001434758072718978
Benign,Benign,0.0031582045485265553
Benign,Benign,0.017116802278906107
Benign,Benign,0.005164367088582367
Benign,Benign,0.014704133369377814
Benign,Benign,0.002810108693665825
Benign,Benign,0.001364947180263698
Benign,Benign,0.0322299679974094
Benign,Benign,0.0031274641951313242
Benign,Benign,0.0020335002336651087
Benign,Benign,0.0017693914414849132
Benign,Benign,0.0012453492963686585
Benign,Benign,0.027184193721041083
Benign,Benign,0.0010574397165328264
Benign,Benign,0.0012991618132218719
Benign,Benign,0.004485134035348892
Benign,Benign,0.01683427719399333
Benign,Benign,0.001286750310100615
Benign,Benign,0.028925266058649868
Benign,Benign,0.001940868780366145
Benign,Benign,0.0013487241230905056
Benign,Benign,0.0012987315421923995
Benign,Benign,0.16604412905871868
Benign,Benign,0.001282623503357172
Benign,Benign,0.019569964613765478
Benign,Benign,0.001531496294774115
Benign,Benign,0.0013686575694009662
Benign,Benign,0.023694833740592003
Benign,Benign,0.005493548174854368
Benign,Benign,0.00570078007876873
Benign,Benign,0.0026117409579455853
Benign,Benign,0.0013986141420900822
Benign,Benign,0.010595216357614845
Benign,Benign,0.0012658004416152835
Benign,Benign,0.0012779865646734834
Benign,Benign,0.006722793317749165
Benign,Benign,0.0032256687991321087
Benign,Benign,0.001259924378246069
Benign,Benign,0.1464551230892539
Benign,Benign,0.003230554924812168
Benign,Benign,0.0010710727656260133
Benign,Benign,0.015288633177988231
Benign,Benign,0.01368510044994764
Benign,Benign,0.0026340499753132463
Benign,Benign,0.0030129101069178432
Benign,Benign,0.0018145791254937649
Benign,Benign,0.0014252015389502048
Benign,Benign,0.004665964734158479
Benign,Benign,0.004131266934564337
Benign,Benign,0.001083996845409274
Benign,Benign,0.004494687760598026
Benign,Benign,0.1347909215837717
Benign,Benign,0.0012779865646734834
Benign,Benign,0.0010852114064618945
Benign,Benign,0.011343969934387133
Benign,Benign,0.002390773021033965
Benign,Benign,0.0020341022027423605
Benign,Benign,0.005293256574077532
Benign,Benign,0.016868870647158474
Benign,Benign,0.0012915293918922544
Benign,Benign,0.0010574397165328264
Benign,Benign,0.0013210820034146309
Benign,Benign,0.001990403499803506
Benign,Benign,0.0011136425891891122
Benign,Benign,0.0013184633571654558
Benign,Benign,0.011402796488255262
Benign,Benign,0.004114661118364893
Benign,Benign,0.020796560565941036
Benign,Benign,0.007325303682591766
Benign,Benign,0.060459512285888195
Benign,Benign,0.014589398342650384
Benign,Benign,0.03542313992511481
Benign,Benign,0.0016070579731604084
Benign,Benign,0.0012595240259543061
Benign,Benign,0.011806128197349608
Benign,Benign,0.002679192228242755
Benign,Benign,0.0027061486471211538
Benign,Benign,0.004385868654935621
Benign,Benign,0.0014862590469419956
Benign,Benign,0.0012663494562730193
Benign,Benign,0.18672400480136275
Benign,Benign,0.001286016427911818
Benign,Benign,0.00864410492067691
Benign,Benign,0.0117282624123618
Benign,Benign,0.013264341745525599
Benign,Benign,0.023550688274553977
Benign,Benign,0.005023319681640714
Benign,Benign,0.01476113632088527
Benign,Benign,0.001083996845409274
Benign,Benign,0.005027656443417072
Benign,Benign,0.3149778787046671
Benign,Benign,0.04266159166581929
Benign,Benign,0.004751634551212192
Benign,Benign,0.01245405658846721
Benign,Benign,0.0012709032744169235
Benign,Benign,0.0014624721370637417
Benign,Benign,0.001083996845409274
Benign,Benign,0.0015042431186884642
Benign,Benign,0.027172143512871116
Benign,Benign,0.0012487292988225818
Benign,Benign,0.0013417628360912204
Benign,Benign,0.001872541499324143
Benign,Benign,0.005838659009896219
Benign,Benign,0.009500959364231676
Benign,Benign,0.0022420476598199457
Benign,Benign,0.004237402230501175
Benign,Benign,0.0013888574903830886
Benign,Benign,0.0023866123519837856
Benign,Benign,0.0016557542840018868
Benign,Benign,0.001044522039592266
Benign,Benign,0.0012609155382961035
Benign,Benign,0.0036878169048577547
Benign,Benign,0.001082230475731194
Benign,Benign,0.0014970268675824627
Benign,Benign,0.015047386259539053
Benign,Benign,0.0028060641780029982
Benign,Benign,0.0010574397165328264
Benign,Benign,0.00387213725480251
Benign,Benign,0.08491734741255641
Benign,Benign,0.0014663407200714573
Benign,Benign,0.0013060721103101969
Benign,Benign,0.09135470166802406
Benign,Benign,0.005405059302574955
Benign,Benign,0.11606974038295448
Benign,Benign,0.0010998212965205312
Benign,Benign,0.0014346170792123303
Benign,Benign,0.007150174002163112
Benign,Benign,0.0025589765864424407
Benign,Benign,0.007135575986467302
Benign,Benign,0.0017384182283421978
Benign,Benign,0.0050073154852725565
Benign,Benign,0.005401814531069249
Benign,Benign,0.013374339905567467
Benign,Benign,0.001282623503357172
Benign,Benign,0.0014951598132029176
Benign,Benign,0.0014195237308740616
Benign,Benign,0.0012996740406379104
Benign,Benign,0.0035766109358519316
Benign,Benign,0.003374834996066056
Benign,Benign,0.0012485800543799996
Benign,Benign,0.0026708417426561937
Benign,Benign,0.0019129054708173499
Benign,Benign,0.0406784403603524
Benign,Benign,0.06457160785794258
Benign,Benign,0.03394155984278768
Benign,Benign,0.01186128577683121
Benign,Benign,0.0010368318762630224
Benign,Benign,0.005081049574073404
Benign,Benign,0.007192837947513908
Benign,Benign,0.011396233458071947
Benign,Benign,0.04519384537707083
Benign,Benign,0.007462809677235782
Benign,Benign,0.008370131923584267
Benign,Benign,0.004941601771861315
Benign,Benign,0.0013689291663467884
Benign,Benign,0.07025074539706111
Benign,Benign,0.0012919135624542832
Benign,Benign,0.0013197158696129918
Benign,Benign,0.011187271447852254
Benign,Benign,0.0010574397165328264
Benign,Benign,0.0024622486671432853
Benign,Benign,0.0051366889383643866
Benign,Benign,0.0010574397165328264
Benign,Malicious,0.569372208788991
Benign,Benign,0.0021904085151618347
Benign,Benign,0.04518150899093598
Benign,Benign,0.018715258629526943
Benign,Benign,0.0470354319550097
Benign,Benign,0.013453999010380358
Benign,Benign,0.002066429558908567
Benign,Benign,0.004994814735255204
Benign,Benign,0.006250676698982716
Benign,Benign,0.012312013743212447
Benign,Benign,0.0010488430270925164
Benign,Benign,0.008413026109337807
Benign,Benign,0.002453466411679983
Benign,Benign,0.006083502143155783
Benign,Benign,0.0026980949187418446
Benign,Benign,0.01018986536655575
Benign,Benign,0.0020164453744655475
Benign,Benign,0.0012751672184094787
Benign,Benign,0.0012800149852409959
Benign,Benign,0.10471054422669113
Benign,Benign,0.0012779865646734834
Benign,Benign,0.004053645301610231
Benign,Benign,0.007403690367937088
Benign,Benign,0.00742005743086338
Benign,Benign,0.005565757397562265
Benign,Benign,0.0026152553036808968
Benign,Benign,0.009098049922613427
Benign,Benign,0.007474305326468311
Benign,Benign,0.0016319255519192666
Benign,Benign,0.0012719789519906044
Benign,Benign,0.00487117562443018
Benign,Benign,0.0012937616556882858
Benign,Benign,0.0010574397165328264
Benign,Benign,0.005476402293425053
Benign,Benign,0.0027885735034942627
Benign,Benign,0.0014291218249127269
Benign,Benign,0.017981289405724965
Benign,Benign,0.002822458976879716
Benign,Benign,0.0022034253925085068
Benign,Benign,0.0016384702175855637
Benign,Benign,0.0038388106040656567
Benign,Benign,0.0010574397165328264
Benign,Benign,0.0157291580690071
Benign,Benign,0.008259685710072517
Benign,Benign,0.0032019144855439663
Benign,Benign,0.10199639177881181
Benign,Benign,0.012994286371394992
Benign,Benign,0.006955452961847186
Benign,Benign,0.0013442522613331676
Benign,Benign,0.0025841338647296652
Benign,Benign,0.0026629763888195157
Benign,Benign,0.0078111627080943435
Benign,Benign,0.0015077665448188782
Benign,Benign,0.06990699050948024
Benign,Benign,0.0014325561933219433
Benign,Benign,0.011422020965255797
Benign,Benign,0.00885971903335303
Benign,Benign,0.0014062001137062907
Benign,Benign,0.004882757901214063
Benign,Benign,0.018993296660482883
Benign,Benign,0.1417752243578434
Benign,Benign,0.0010574397165328264
Benign,Benign,0.0029035520128672943
Benign,Benign,0.0018789707391988486
Benign,Benign,0.00181755525409244
Benign,Benign,0.00553534142090939
Benign,Benign,0.011300842248601839
Benign,Benign,0.004362422216217965
Benign,Benign,0.001287331455387175
Benign,Benign,0.0014515214134007692
Benign,Benign,0.0022745977621525526
Benign,Benign,0.0038070905720815063
Benign,Benign,0.0010392320109531283
Benign,Benign,0.001083996845409274
Benign,Benign,0.0014085345901548862
Benign,Benign,0.0018011931097134948
Benign,Benign,0.0030460695270448923
Benign,Benign,0.00623310447554104
Benign,Benign,0.001411612844094634
Benign,Benign,0.0010574397165328264
Benign,Benign,0.0019935360178351402
Benign,Benign,0.0018233080627396703
Benign,Benign,0.03440034110099077
Benign,Benign,0.01487541920505464
Benign,Benign,0.0012744033010676503
Benign,Benign,0.01005869300570339
Benign,Benign,0.0029549391474574804
Benign,Benign,0.003815492134890519
Benign,Benign,0.0022931927669560537
Benign,Benign,0.0015464676544070244
Benign,Benign,0.002578505896963179
Benign,Benign,0.00275168007647153
Benign,Benign,0.019404109509196132
Benign,Benign,0.001344373682513833
Benign,Benign,0.0013587662251666188
Benign,Benign,0.002520168200135231
Benign,Benign,0.03725795424543321
Benign,Benign,0.00253559579141438
Benign,Benign,0.002605747664347291
Benign,Benign,0.001605706405825913
Benign,Benign,0.0019651507027447224
Benign,Benign,0.0012468507047742605
Benign,Benign,0.001445630332455039
Benign,Benign,0.11841254914179444
Benign,Benign,0.028467870550230145
Benign,Benign,0.0020466042769839987
Benign,Benign,0.005809544411022216
Benign,Benign,0.0010488430270925164
Benign,Benign,0.018739129358436912
Benign,Benign,0.014805737184360623
Benign,Benign,0.001053419429808855
Benign,Benign,0.012563943382701837
Benign,Benign,0.030880211386829615
Benign,Benign,0.0019789438229054213
Benign,Benign,0.006696887532598339
Benign,Benign,0.002637188881635666
Benign,Benign,0.019431793072726578
Benign,Benign,0.0033593070111237466
Benign,Benign,0.001044522039592266
Benign,Benign,0.005606463178992271
Benign,Benign,0.0011772385332733393
Benign,Benign,0.002083073355606757
Benign,Benign,0.01252922642743215
Benign,Benign,0.009222742170095444
Benign,Benign,0.004951003473252058
Benign,Benign,0.00369650567881763
Benign,Benign,0.0038802616763859987
Benign,Benign,0.021667303459253162
Benign,Benign,0.001083996845409274
Benign,Benign,0.005116473868838511
Benign,Benign,0.0059055068413726985
Benign,Benign,0.001695898245088756
Benign,Benign,0.0012996740406379104
Benign,Benign,0.00808694631268736
Benign,Benign,0.001083996845409274
Benign,Benign,0.006835923937615007
Benign,Benign,0.002737872287980281
Benign,Benign,0.0060912389162695035
Benign,Benign,0.0025982502847909927
Benign,Benign,0.0030989672377472743
Benign,Benign,0.03816156159155071
Benign,Benign,0.007535556680522859
Benign,Benign,0.10790673736482859
Benign,Benign,0.0022837731521576643
Benign,Benign,0.002104129467625171
Benign,Benign,0.0010574397165328264
Benign,Benign,0.0015189385740086436
Benign,Benign,0.0026574840303510427
Benign,Benign,0.043317986419424415
Benign,Benign,0.003318235045298934
Benign,Benign,0.00803887442452833
Benign,Benign,0.006506257894216105
Benign,Benign,0.018618299858644605
Benign,Benign,0.0032499791122972965
Benign,Benign,0.04285117797553539
Benign,Benign,0.0027588335651671514
Benign,Benign,0.0013732434017583728
Benign,Benign,0.0010574397165328264
Benign,Benign,0.006524928263388574
Benign,Benign,0.005691481026588008
Benign,Benign,0.0014288518577814102
Benign,Benign,0.05459023313596845
Benign,Benign,0.029748401371762156
Benign,Benign,0.004101127269677818
Benign,Benign,0.004160134223639034
Benign,Benign,0.0012624661903828382
Benign,Benign,0.002246573567390442
Benign,Benign,0.0012937616556882858
Benign,Benign,0.00103631685487926
Benign,Benign,0.0015208693221211433
Benign,Benign,0.012504557380452752
Benign,Benign,0.008459603384835646
Benign,Benign,0.0017170044593513012
Benign,Benign,0.010148966102860868
Benign,Benign,0.0010488430270925164
Benign,Benign,0.0013071916764602065
Benign,Benign,0.001445630332455039
Benign,Benign,0.001809156936360523
Benign,Benign,0.001315005705691874
Benign,Benign,0.0013317011762410402
Benign,Benign,0.0843393113464117
Benign,Benign,0.0013086851686239243
Benign,Benign,0.0017382799414917827
Benign,Benign,0.04417448677122593
Benign,Benign,0.004276103776646778
Benign,Benign,0.021590568008832633
Benign,Benign,0.007749853175482713
Benign,Benign,0.0013041268102824688
Benign,Benign,0.026723176590166986
Benign,Benign,0.0021857619285583496
Benign,Benign,0.001082230475731194
Benign,Benign,0.0013171969912946224
Benign,Benign,0.0012996740406379104
Benign,Benign,0.002875335980206728
Benign,Benign,0.04045037552714348
Benign,Benign,0.015209811157546937
Benign,Benign,0.0013736344408243895
Benign,Benign,0.001083996845409274
Benign,Benign,0.0012790076434612274
Benign,Benign,0.014530787186231464
Benign,Benign,0.009962312629795633
Benign,Benign,0.0010488430270925164
Benign,Benign,0.002400485216639936
Benign,Benign,0.03987822955241427
Benign,Benign,0.04677402274683118
Benign,Benign,0.0010574397165328264
Benign,Benign,0.002565118935308419
Benign,Benign,0.014040697365999222
Benign,Benign,0.061095603508874774
Benign,Benign,0.001965772462426685
Benign,Benign,0.0013966552214697003
Benign,Benign,0.0012691874289885163
Benign,Benign,0.00137785539845936
Benign,Benign,0.0013169426238164306
Benign,Benign,0.0013924429658800364
Benign,Benign,0.018404039787128568
Benign,Benign,0.00687518433551304
Benign,Benign,0.005024947691708803
Benign,Benign,0.0049663406098261476
Benign,Benign,0.0014545302838087082
Benign,Benign,0.003969245823100209
Benign,Benign,0.006371072711772285
Benign,Benign,0.002209885395132005
Benign,Benign,0.007875062874518335
Benign,Benign,0.023180341813713312
Benign,Benign,0.013740467082243413
Benign,Benign,0.0013529289280995727
Benign,Benign,0.014117059938143939
Benign,Benign,0.006158207543194294
Benign,Benign,0.002632689196616411
Benign,Benign,0.003592870896682143
Benign,Benign,0.08343613566830754
Benign,Benign,0.002691572066396475
Benign,Benign,0.0066197431879118085
Benign,Benign,0.001083996845409274
Benign,Benign,0.001053419429808855
Benign,Benign,0.004972601527697407
Benign,Benign,0.00158711860422045
Benign,Benign,0.003455233294516802
Benign,Benign,0.0016516278265044093
Benign,Benign,0.0017662852769717574
Benign,Benign,0.009945232421159744
Benign,Benign,0.0548627496464178
Benign,Benign,0.009238570230081677
Benign,Benign,0.029507718863897026
Benign,Benign,0.004941716440953314
Benign,Benign,0.07355998549610376
Benign,Benign,0.004225734155625105
Benign,Benign,0.0013131358427926898
Benign,Benign,0.0032653321977704763
Benign,Benign,0.0034434327099006623
Benign,Benign,0.0068772477097809315
Benign,Benign,0.009219928397214971
Benign,Benign,0.00136767013464123
Benign,Benign,0.01417326764203608
Benign,Benign,0.009237057238351554
Benign,Benign,0.0034215594350825995
Benign,Benign,0.012934163183672354
Benign,Benign,0.004636083263903856
Benign,Benign,0.001392603968270123
Benign,Benign,0.008729826426133513
Benign,Benign,0.0014892939943820238
Benign,Benign,0.023834687599446625
Benign,Benign,0.027791770873591304
Benign,Benign,0.0013627023436129093
Benign,Benign,0.0027414315554779023
Benign,Benign,0.006180274052894674
Benign,Benign,0.002719061216339469
Benign,Benign,0.12970330566167831
Benign,Benign,0.0012996740406379104
Benign,Benign,0.0010852114064618945
Benign,Benign,0.004825844021979719
Benign,Benign,0.0036006756126880646
Benign,Benign,0.001100327237509191
Benign,Benign,0.0010574397165328264
Benign,Benign,0.001044522039592266
Benign,Benign,0.025629969080910087
Benign,Benign,0.0018273097230121493
Benign,Benign,0.0012160579062765464
Benign,Benign,0.016135796904563904
Benign,Benign,0.01218749862164259
Benign,Benign,0.015136922185774893
Benign,Benign,0.008252531173639
Benign,Benign,0.0010574397165328264
Benign,Benign,0.0059207340236753225
Benign,Benign,0.0015687870181864128
Benign,Benign,0.0014517746167257428
Benign,Benign,0.0024995869025588036
Benign,Benign,0.004693872280768119
Benign,Benign,0.013060834957286716
Benign,Benign,0.001053419429808855
Benign,Benign,0.00222578551620245
Benign,Benign,0.0012902884045615792
Benign,Benign,0.0048310046549886465
Benign,Benign,0.0010574397165328264
Benign,Benign,0.006949887494556606
Benign,Benign,0.014352514524944127
Benign,Benign,0.005249387817457318
Benign,Benign,0.11521966196596622
Benign,Benign,0.0018991795368492603
Benign,Benign,0.0037153102457523346
Benign,Benign,0.006678182864561677
Benign,Benign,0.001270143548026681
Benign,Benign,0.0013110379222780466
Benign,Benign,0.0028811081720050424
Benign,Benign,0.030238086823374033
Benign,Benign,0.013430865481495857
Benign,Benign,0.0014761785278096795
Benign,Benign,0.0014301306655397639
Benign,Benign,0.0014340679626911879
Benign,Benign,0.025798077345825732
Benign,Benign,0.0017022587126120925
Benign,Benign,0.0010488430270925164
Benign,Benign,0.0012726709246635437
Benign,Benign,0.0014058873057365417
Benign,Benign,0.0015561801847070456
Benign,Benign,0.0010574397165328264
Benign,Benign,0.0044439551420509815
Benign,Benign,0.008501382253598422
Benign,Benign,0.012864680960774422
Benign,Benign,0.00639180232246872
Benign,Benign,0.00620705982146319
Benign,Benign,0.001336128218099475
Benign,Benign,0.005678018322214484
Benign,Benign,0.0015291600720956922
Benign,Benign,0.03290939470753074
Benign,Benign,0.005205711582675576
Benign,Benign,0.0015845147427171469
Benign,Benign,0.008608823380200192
Benign,Benign,0.003218878759071231
Benign,Benign,0.005991853759041987
Benign,Benign,0.014201240555848926
Benign,Benign,0.0012920447625219822
Benign,Benign,0.001100327237509191
Benign,Benign,0.0013254981022328138
Benign,Benign,0.0013017868623137474
Benign,Benign,0.001739109749905765
Benign,Benign,0.0010574397165328264
Benign,Benign,0.0059710051282309
Benign,Benign,0.08771569281816483
Benign,Benign,0.0010574397165328264
Benign,Benign,0.0013917855685576797
Benign,Benign,0.211309676989913
Benign,Benign,0.017371269641444087
Benign,Benign,0.001043764059431851
Benign,Benign,0.002491802893928252
Benign,Benign,0.0322556005557999
Benign,Benign,0.00399316189577803
Benign,Benign,0.010766096354927868
Benign,Benign,0.0072386362589895725
Benign,Benign,0.00430270959623158
Benign,Benign,0.0014344817027449608
Benign,Benign,0.00847744953352958
Benign,Benign,0.001294766436330974
Benign,Benign,0.0014174950774759054
Benign,Benign,0.009317769639892504
Benign,Benign,0.0013060999335721135
Benign,Benign,0.0020234801340848207
Benign,Benign,0.0019258870743215084
Benign,Benign,0.015004261847934686
Benign,Benign,0.001056062406860292
Benign,Benign,0.027923537185415626
Benign,Benign,0.0013819769956171513
Benign,Benign,0.001376570900902152
Benign,Benign,0.01954886014573276
Benign,Benign,0.06857910146936774
Benign,Benign,0.042553273029625416
Benign,Benign,0.004827032302273437
Benign,Benign,0.0010574397165328264
Benign,Benign,0.00162618444301188
Benign,Benign,0.0052197270561009645
Benign,Benign,0.01932294457219541
Benign,Benign,0.003434396567172371
Benign,Benign,0.0012627888936549425
Benign,Benign,0.02578733814880252
Benign,Benign,0.003523146500810981
Benign,Benign,0.0016506742686033249
Benign,Benign,0.0012879068963229656
Benign,Benign,0.04004098451696336
Benign,Benign,0.001915666856803
Benign,Benign,0.0012949052033945918
Benign,Benign,0.0010574397165328264
Benign,Benign,0.0010574397165328264
Benign,Benign,0.006497296271845698
Benign,Benign,0.005050913197919726
Benign,Benign,0.0036945040337741375
Benign,Benign,0.09708799701184034
Benign,Benign,0.0077504434157162905
Benign,Benign,0.0016841592732816935
Benign,Benign,0.0013836454600095749
Benign,Benign,0.023089222609996796
Benign,Benign,0.0014454226475208998
Benign,Benign,0.003341011921293102
Benign,Benign,0.03409022931009531
Benign,Benign,0.004906082293018699
Benign,Benign,0.0013001627521589398
Benign,Benign,0.0015743864641990513
Benign,Benign,0.0015285583212971687
Benign,Benign,0.0014109730254858732
Benign,Benign,0.0012595240259543061
Benign,Benign,0.1504675259348005
Benign,Benign,0.0011988208862021565
Benign,Benign,0.206094472669065
Benign,Benign,0.014536766073433682
Benign,Benign,0.002291260287165642
Benign,Benign,0.0017265431815758348
Benign,Benign,0.004299894644645974
Benign,Benign,0.019824113172944635
Benign,Benign,0.029266043507959694
Benign,Benign,0.001083996845409274
Benign,Benign,0.0010574535699561238
Benign,Benign,0.005323921097442508
Benign,Benign,0.004544706054730341
Benign,Benign,0.001360502210445702
Benign,Benign,0.0012787050800397992
Benign,Benign,0.0014416379854083061
Benign,Benign,0.014860753843095154
Benign,Benign,0.007893198577221483
Benign,Benign,0.0019409558735787868
Benign,Benign,0.10961868008598685
Benign,Benign,0.0012996740406379104
Benign,Benign,0.007403997180517763
Benign,Benign,0.0013007749803364277
Benign,Benign,0.0016199459496419877
Benign,Benign,0.008186467923223972
Benign,Benign,0.00244598975405097
Benign,Benign,0.012776319388649426
Benign,Benign,0.0028272792551433668
Benign,Benign,0.007076699985191226
Benign,Benign,0.0024050911888480186
Benign,Benign,0.0028316588141024113
Benign,Benign,0.009723062568809837
Benign,Benign,0.0027430286863818765
Benign,Benign,0.019690659595653415
Benign,Benign,0.0017054997151717544
Benign,Benign,0.0026425954420119524
Benign,Benign,0.0038233970990404487
Benign,Benign,0.028111566323786974
Benign,Benign,0.003189924464095384
Benign,Benign,0.0010488430270925164
Benign,Benign,0.0014085660222917795
Benign,Benign,0.015778029744978994
Benign,Benign,0.032441468676552176
Benign,Benign,0.001083996845409274
Benign,Benign,0.0012949052033945918
Benign,Benign,0.017285233305301517
Benign,Benign,0.008276517241029069
Benign,Benign,0.022081193164922297
Benign,Benign,0.012103401822969317
Benign,Benign,0.001965772462426685
Benign,Benign,0.0010574397165328264
Benign,Benign,0.002620135201141238
Benign,Benign,0.0012595376465469599
Benign,Benign,0.0013492939760908484
Benign,Benign,0.0012911984231323004
Benign,Benign,0.004624260531272739
Benign,Benign,0.0012658004416152835
Benign,Benign,0.004597737453877926
Benign,Benign,0.001256975345313549
Benign,Benign,0.001643837516894564
Benign,Benign,0.0015050037764012814
Benign,Benign,0.001053419429808855
Benign,Benign,0.0023493871558457613
Benign,Benign,0.0010574397165328264
Benign,Benign,0.001356360618956387
Benign,Benign,0.039983009395655245
Benign,Benign,0.0010262717260047793
Benign,Benign,0.0013528381241485476
Benign,Benign,0.004485134035348892
Benign,Benign,0.0012552622938528657
Benign,Benign,0.0013850668910890818
Benign,Benign,0.0015302714746212587
Benign,Benign,0.022666593547910452
Benign,Benign,0.0035641795839183033
Benign,Benign,0.0012559124734252691
Benign,Benign,0.006888899020850658
Benign,Benign,0.0014582118019461632
Benign,Benign,0.004870827542617917
Benign,Benign,0.010558235459029675
Benign,Benign,0.004971750313416123
Benign,Benign,0.004666463064495474
Benign,Benign,0.006533556152135134
Benign,Benign,0.007713488535955548
Benign,Benign,0.05966163473203778
Benign,Benign,0.023424236045684665
Benign,Benign,0.0027997572906315327
Benign,Benign,0.0012386622838675976
Benign,Benign,0.0042913665529340506
Benign,Benign,0.05912885395810008
Benign,Benign,0.0011136425891891122
Benign,Benign,0.003718816180480644
Benign,Benign,0.00458324326609727
Benign,Benign,0.003662007162347436
Benign,Benign,0.024174774065613747
Benign,Benign,0.004653034484363161
Benign,Benign,0.0619918208103627
Benign,Benign,0.19608253054320812
Benign,Benign,0.0015231851721182466
Benign,Benign,0.005956179171334952
Benign,Benign,0.029786480590701103
Benign,Benign,0.001398497843183577
Benign,Benign,0.0030805873684585094
Benign,Benign,0.00393990462180227
Benign,Benign,0.0014588774647563696
Benign,Benign,0.0013054503360763192
Benign,Benign,0.00794150261208415
Benign,Benign,0.00758550081809517
Benign,Benign,0.002527291886508465
Benign,Benign,0.0010574397165328264
Benign,Benign,0.010179194156080484
Benign,Benign,0.0027463803999125957
Benign,Benign,0.0010574397165328264
Benign,Benign,0.00969081133371219
Benign,Benign,0.001237755874171853
Benign,Benign,0.0014620240399381146
Benign,Benign,0.001507936729467474
Benign,Benign,0.0012911984231323004
Benign,Benign,0.0022730582568328828
Benign,Benign,0.001403195783495903
Benign,Benign,0.03871929901652038
Benign,Benign,0.004386098822578788
Benign,Benign,0.1215966809540987
Benign,Benign,0.0013956015463918447
Benign,Benign,0.001600393545231782
Benign,Benign,0.0027616354636847973
Benign,Benign,0.0048530842759646475
Benign,Benign,0.013316036653122865
Benign,Benign,0.0010574397165328264
Benign,Benign,0.06996160093694925
Benign,Benign,0.001693021971732378
Benign,Benign,0.009457681211642921
Benign,Benign,0.003635494489572011
Benign,Benign,0.005233963020145893
Benign,Benign,0.0032900836085900664
Benign,Benign,0.0025224853307008743
Benign,Benign,0.0014660225715488195
Benign,Benign,0.0013650379842147231
Benign,Benign,0.0016463849460706115
Benign,Benign,0.00127796595916152
Benign,Benign,0.001083996845409274
Benign,Benign,0.00931016422691755
Benign,Benign,0.0012968908995389938
Benign,Benign,0.004291649544029497
Benign,Benign,0.001315568690188229
Benign,Benign,0.001377331791445613
Benign,Benign,0.005317327042575926
Benign,Benign,0.006009030155837536
Benign,Benign,0.03091696882620454
Benign,Benign,0.00127218768466264
Benign,Benign,0.006335556972771883
Benign,Benign,0.03007285902276635
Benign,Benign,0.0017229798104381189
Benign,Benign,0.008374606957659125
Benign,Benign,0.005800322629511356
Benign,Benign,0.0013496549800038338
Benign,Benign,0.00413808690791484
Benign,Benign,0.0014817690098425373
Benign,Benign,0.001044522039592266
Benign,Benign,0.020497229648754
Benign,Benign,0.0013054503360763192
Benign,Benign,0.007861464502639137
Benign,Benign,0.003252285867347382
Benign,Benign,0.010979286977089942
Benign,Benign,0.003782963613048196
Benign,Benign,0.0035044060205109417
Benign,Benign,0.001391050755046308
Benign,Benign,0.001358106266707182
Benign,Benign,0.0012778607197105885
Benign,Benign,0.0016510360583197325
Benign,Benign,0.011876763950567693
Benign,Benign,0.0023508460726588964
Benign,Benign,0.01495354386861436
Benign,Benign,0.0010488430270925164
Benign,Benign,0.0060357867914717644
Benign,Benign,0.04913200857117772
Benign,Benign,0.01223184762056917
Benign,Benign,0.0012814049841836095
Benign,Benign,0.004596888524247333
Benign,Benign,0.011737863533198833
Benign,Benign,0.00687166367424652
Benign,Benign,0.15005668438971043
Benign,Benign,0.0012619916815310717
Benign,Benign,0.002856542792869732
Benign,Benign,0.0012864816235378385
Benign,Benign,0.001257360796444118
Benign,Benign,0.016658912354614586
Benign,Benign,0.06396088004112244
Benign,Benign,0.001309464918449521
Benign,Benign,0.0061265306430868804
Benign,Benign,0.0010574397165328264
Benign,Benign,0.020154586469288915
Benign,Benign,0.018523992970585823
Benign,Benign,0.0060977512039244175
Benign,Benign,0.0013741739094257355
Benign,Benign,0.012372310739010572
Benign,Benign,0.0010574397165328264
Benign,Benign,0.001237755874171853
Benign,Benign,0.005353327025659382
Benign,Benign,0.0035399712942307815
Benign,Benign,0.005815132288262248
Benign,Benign,0.0015463070012629032
Benign,Benign,0.0064761441899463534
Benign,Benign,0.01803275797283277
Benign,Benign,0.01849446154665202
Benign,Benign,0.0356857820879668
Benign,Benign,0.07114212028682232
Benign,Benign,0.06247399793937802
Benign,Benign,0.0012996740406379104
Benign,Benign,0.0033148861257359385
Benign,Benign,0.005439018364995718
Benign,Benign,0.0015188066754490137
Benign,Benign,0.0032321468461304903
Benign,Benign,0.0017638393910601735
Benign,Benign,0.0010290986392647028
Benign,Benign,0.0015337680088123307
Benign,Benign,0.0026166692841798067
Benign,Benign,0.00540790508966893
Benign,Benign,0.017445675504859537
Benign,Benign,0.006616859915084206
Benign,Benign,0.001053419429808855
Benign,Benign,0.0013820399763062596
Benign,Benign,0.029993656906299293
Benign,Benign,0.0013399815652519464
Benign,Benign,0.0010574397165328264
Benign,Benign,0.021139769116416574
Benign,Benign,0.0013337881537154317
Benign,Benign,0.03255106112919748
Benign,Benign,0.009984736316255294
Benign,Benign,0.004588198324199766
Benign,Benign,0.0012566015357151628
Benign,Benign,0.003859087824821472
Benign,Benign,0.001083996845409274
Benign,Benign,0.0035947615397162735
Benign,Benign,0.004975536823621951
Benign,Benign,0.002882130997022614
Benign,Benign,0.008505067293299362
Benign,Benign,0.008256219996837899
Benign,Benign,0.001478667021729052
Benign,Benign,0.005137324798852205
Benign,Benign,0.0015031376387923956
Benign,Benign,0.011724738811608404
Benign,Benign,0.0010574397165328264
Benign,Benign,0.004187823840766214
Benign,Benign,0.01994865723827388
Benign,Benign,0.010410302318632603
Benign,Benign,0.0025036390870809555
Benign,Benign,0.010912098427070305
Benign,Benign,0.01958845357876271
Benign,Benign,0.0013810640666633844
Benign,Benign,0.001768556539900601
Benign,Benign,0.001980984670808539
Benign,Benign,0.0013776386622339487
Benign,Benign,0.2432086625485681
Benign,Benign,0.03851873497478664
Benign,Benign,0.007187375798821449
Benign,Benign,0.007106759803718887
Benign,Benign,0.0027796083450084552
Benign,Benign,0.001256975345313549
Benign,Benign,0.028766854899004102
Benign,Benign,0.0010574397165328264
Benign,Benign,0.0016705224988982081
Benign,Benign,0.0046601565554738045
Benign,Benign,0.015551759832305834
Benign,Benign,0.024781701853498816
Benign,Benign,0.0012492832029238343
Benign,Benign,0.002801145310513675
Benign,Benign,0.00405252818018198
Benign,Benign,0.004905767273157835
Benign,Benign,0.001286016427911818
Benign,Benign,0.016111902834381908
Benign,Benign,0.008076895712292753
Benign,Benign,0.0692815997172147
Benign,Benign,0.0012582287890836596
Benign,Benign,0.011643933015875518
Benign,Benign,0.0013611504109576344
Benign,Benign,0.11737999133765697
Benign,Benign,0.032956964103505015
Benign,Benign,0.007507490576244891
Benign,Benign,0.014333053375594318
Benign,Benign,0.001044522039592266
Benign,Benign,0.0016763076273491606
Benign,Benign,0.009572565773851238
Benign,Benign,0.003965889336541295
Benign,Benign,0.002840136396116577
Benign,Benign,0.0013583500403910875
Benign,Benign,0.005661513656377792
Benign,Benign,0.001727188122458756
Benign,Benign,0.00801106495782733
Benign,Benign,0.058407413540408015
Benign,Benign,0.02458440972259268
Benign,Benign,0.001083996845409274
Benign,Benign,0.015039206424262375
Benign,Benign,0.008021885761991143
Benign,Benign,0.025023430469445884
Benign,Benign,0.002458196016959846
Benign,Benign,0.02140556159429252
Benign,Benign,0.0017991057829931378
Benign,Benign,0.0010262717260047793
Benign,Benign,0.00165652169380337
Benign,Benign,0.0040106389205902815
Benign,Benign,0.002887763053877279
Benign,Benign,0.01443850714713335
Benign,Benign,0.0010392320109531283
Benign,Benign,0.001449290182790719
Benign,Benign,0.0014594226377084851
Benign,Benign,0.011735124920960516
Benign,Benign,0.0017265431815758348
Benign,Benign,0.0038956578937359154
Benign,Benign,0.01142529712524265
Benign,Benign,0.0012922382447868586
Benign,Benign,0.003891814674716443
Benign,Benign,0.001361174276098609
Benign,Benign,0.0014904437121003866
Benign,Benign,0.009478481952100992
Benign,Benign,0.002151003573089838
Benign,Benign,0.001083996845409274
Benign,Benign,0.001253761351108551
Benign,Benign,0.0092209717258811
Benign,Benign,0.001083996845409274
Benign,Benign,0.022845156025141478
Benign,Benign,0.001053419429808855
Benign,Benign,0.07661810331046581
Benign,Benign,0.027829773258417845
Benign,Benign,0.015740121016278863
Benign,Benign,0.0012241063959663734
Benign,Benign,0.003830437723081559
Benign,Benign,0.0013272762298583984
Benign,Benign,0.0015016715042293072
Benign,Benign,0.0014328734250739217
Benign,Benign,0.026880974357482046
Benign,Benign,0.0015882342122495174
Benign,Benign,0.0014083804562687874
Benign,Benign,0.011862625353387557
Benign,Benign,0.001053419429808855
Benign,Benign,0.007037420989945531
Benign,Benign,0.001083996845409274
Benign,Benign,0.0012996740406379104
Benign,Benign,0.0034491633850848302
Benign,Benign,0.0014030467718839645
Benign,Benign,0.003175355610437691
Benign,Benign,0.00670915117370896
Benign,Benign,0.0062968942656880245
Benign,Benign,0.0034325853921473026
Benign,Benign,0.001497999532148242
Benign,Benign,0.0012949052033945918
Benign,Benign,0.009709083824418485
Benign,Benign,0.0013396965805441141
Benign,Benign,0.07636354397982359
Benign,Benign,0.003143265945254825
Benign,Benign,0.0030251352582126856
Benign,Benign,0.041791928466409445
Benign,Benign,0.05036764754913747
Benign,Benign,0.04351513920119032
Benign,Benign,0.0193800869747065
Benign,Benign,0.0010852114064618945
Benign,Benign,0.0014302464987849817
Benign,Benign,0.001083996845409274
Benign,Benign,0.005063261487521231
Benign,Benign,0.009199625754263252
Benign,Benign,0.001083996845409274
Benign,Benign,0.001083996845409274
Benign,Benign,0.025707009946927428
Benign,Benign,0.0013962476514279842
Benign,Benign,0.0025624192785471678
Benign,Benign,0.004492265870794654
Benign,Benign,0.0012986507499590516
Benign,Benign,0.0012757254298776388
Benign,Benign,0.002083002356812358
Benign,Benign,0.046841867035254836
Benign,Benign,0.11958203092217445
Benign,Benign,0.004768423968926072
Benign,Benign,0.0012760697863996029
Benign,Benign,0.005577595307840966
Benign,Benign,0.002251878031529486
Benign,Benign,0.005117961642099544
Benign,Benign,0.020703006302937865
Benign,Benign,0.038029072573408484
Benign,Benign,0.0012751672184094787
Benign,Benign,0.0033907729666680098
Benign,Benign,0.001464772503823042
Benign,Benign,0.005464337285957299
Benign,Benign,0.0031845907215029
Benign,Benign,0.0012559511233121157
Benign,Benign,0.004885199945420027
Benign,Benign,0.024989584446302615
Benign,Benign,0.00298004352953285
Benign,Benign,0.0014195970725268126
Benign,Benign,0.014506248058751225
Benign,Benign,0.003944310592487454
Benign,Benign,0.0023793966829543933
Benign,Benign,0.0015050037764012814
Benign,Benign,0.00996077453601174
Benign,Benign,0.0012996740406379104
Benign,Benign,0.001053419429808855
Benign,Benign,0.0012254648609086871
Benign,Benign,0.0014357336331158876
Benign,Benign,0.0029261340387165546
Benign,Benign,0.10531993163749576
Benign,Benign,0.0033515007235109806
Benign,Benign,0.008366905793081969
Benign,Benign,0.001053419429808855
Benign,Benign,0.001955419749720022
Benign,Benign,0.0015863138251006603
Benign,Benign,0.014191872425726615
Benign,Benign,0.0013945549726486206
Benign,Benign,0.008770259795710444
Benign,Benign,0.004261676222085953
Benign,Benign,0.0013687164755538106
Benign,Benign,0.0025967904221033677
Benign,Benign,0.0013209925964474678
Benign,Benign,0.0010852114064618945
Benign,Benign,0.0012996740406379104
Benign,Benign,0.0013059580232948065
Benign,Benign,0.0010488430270925164
Benign,Benign,0.031262058299034834
Benign,Benign,0.0022257857490330935
Benign,Benign,0.0010488430270925164
Benign,Benign,0.03124860837124288
Benign,Benign,0.00757381966104731
Benign,Benign,0.011772942205425352
Benign,Benign,0.002630613511428237
Benign,Benign,0.0012569441460072994
Benign,Benign,0.014112550707068294
Benign,Benign,0.0012492832029238343
Benign,Benign,0.0013394777197390795
Benign,Benign,0.007173554913606495
Benign,Benign,0.0012492832029238343
Benign,Benign,0.001056062406860292
Benign,Benign,0.0012639403576031327
Benign,Benign,0.007541464641690254
Benign,Benign,0.0010852114064618945
Benign,Benign,0.0012996740406379104
Benign,Benign,0.00869724724907428
Benign,Benign,0.026566888147499412
Benign,Benign,0.022535064141266048
Benign,Benign,0.02324428594147321
Benign,Benign,0.0012609155382961035
Benign,Benign,0.0014632412930950522
Benign,Benign,0.0012949052033945918
Benign,Benign,0.0016561143565922976
Benign,Benign,0.02058292832225561
Benign,Benign,0.087724301032722
Benign,Benign,0.0015939788281684741
Benign,Benign,0.0012903581373393536
Benign,Benign,0.029063308611512184
Benign,Benign,0.0016001909971237183
Benign,Benign,0.003170160547597334
Benign,Benign,0.0017837823834270239
Benign,Benign,0.004767246064147912
Benign,Benign,0.004629426839528605
Benign,Benign,0.0012748971348628402
Benign,Benign,0.001445630332455039
Benign,Benign,0.0015880936989560723
Benign,Benign,0.0032019754871726036
Benign,Benign,0.16051745414733887
Benign,Benign,0.0075321942422306165
Benign,Benign,0.004678982077166438
Benign,Benign,0.017709373903926462
Benign,Benign,0.0036567009519785643
Benign,Benign,0.0013907730753999203
Benign,Benign,0.03863112622639164
Benign,Benign,0.003362017421750352
Benign,Benign,0.001258202246390283
Benign,Benign,0.0013403354678303003
Benign,Benign,0.001600627670995891
Benign,Benign,0.25417036516591907
Benign,Benign,0.0028598403878277168
Benign,Benign,0.11225668294355273
Benign,Benign,0.001790851354598999
Benign,Benign,0.016263280296698213
Benign,Benign,0.001876462367363274
Benign,Benign,0.0010574397165328264
Benign,Benign,0.014745401567779481
Benign,Benign,0.006776597525458783
Benign,Benign,0.0016425475478172302
Benign,Benign,0.0010574397165328264
Benign,Benign,0.005781558575108647
Benign,Benign,0.01428637042408809
Benign,Benign,0.0013264570152387023
Benign,Benign,0.027446633204817772
Benign,Benign,0.0028691411716863513
Benign,Benign,0.0012949052033945918
Benign,Benign,0.001763821332133375
Benign,Benign,0.021993561618728563
Benign,Benign,0.0010653326753526926
Benign,Benign,0.0023595334496349096
Benign,Benign,0.018685456307139248
Benign,Benign,0.0024551074020564556
Benign,Benign,0.0015115251298993826
Benign,Benign,0.017927741748280823
Benign,Benign,0.011581168975681067
Benign,Benign,0.006862111389636993
Benign,Benign,0.039911632193252444
Benign,Benign,0.0015505795599892735
Benign,Benign,0.020075255073606968
Benign,Benign,0.007657101203221828
Benign,Benign,0.031238514464348555
Benign,Benign,0.001083996845409274
Benign,Benign,0.0013311870861798525
Benign,Benign,0.001399102620780468
Benign,Benign,0.04695345531217754
Benign,Benign,0.0013438358437269926
Benign,Benign,0.0010574397165328264
Benign,Benign,0.0029539770912379026
Benign,Benign,0.0032095646020025015
Benign,Benign,0.001053419429808855
Benign,Benign,0.04890931671252474
Benign,Benign,0.0020427159033715725
Benign,Benign,0.006929252514964901
Benign,Benign,0.0021631516865454614
Benign,Benign,0.0015078286960488185
Benign,Benign,0.06638884718995541
Benign,Benign,0.002348740119487047
Benign,Benign,0.002020895655732602
Benign,Benign,0.0013083744561299682
Benign,Benign,0.0075569899927359074
Benign,Benign,0.0017096576048061252
Benign,Benign,0.009862047620117664
Benign,Benign,0.008362958644283935
Benign,Benign,0.001551533699966967
Benign,Benign,0.008242231066105887
Benign,Benign,0.001083996845409274
Benign,Benign,0.010286819539032876
Benign,Benign,0.0013675515074282885
Benign,Benign,0.008190970576833934
Benign,Benign,0.0027909527998417616
Benign,Benign,0.0013086851686239243
Benign,Benign,0.001897376379929483
Benign,Benign,0.0010574397165328264
Benign,Benign,0.0012890058569610119
Benign,Benign,0.001233388902619481
Benign,Benign,0.0016500870551681146
Benign,Benign,0.0012946041533723474
Benign,Benign,0.0016367111529689282
Benign,Benign,0.008008549906662665
Benign,Benign,0.0014146047178655863
Benign,Benign,0.001996454069740139
Benign,Benign,0.00393713463563472
Benign,Benign,0.006902969093061984
Benign,Benign,0.013925379782449454
Benign,Benign,0.006810554245021194
Benign,Benign,0.0078059967927401885
Benign,Benign,0.001083996845409274
Benign,Benign,0.004731422974145971
Benign,Benign,0.0012981756590306759
Benign,Benign,0.0013177755754441023
Benign,Benign,0.007429107674397528
Benign,Benign,0.002825434086844325
Benign,Benign,0.0013591177994385362
Benign,Benign,0.0010574397165328264
Benign,Benign,0.0010574397165328264
Benign,Benign,0.0015053900424391031
Benign,Benign,0.0012545830104500055
Benign,Benign,0.014251132495701313
Benign,Benign,0.0012937616556882858
Benign,Benign,0.03439603536389768
Benign,Benign,0.0014796228933846578
Benign,Benign,0.009209775482304394
Benign,Benign,0.0013027096865698695
Benign,Benign,0.004403721308335662
Benign,Benign,0.00205761386314407
Benign,Benign,0.003884520352585241
Benign,Benign,0.011568710848223418
Benign,Benign,0.0010574397165328264
Benign,Benign,0.007096123066730797
Benign,Benign,0.0035647107870317996
Benign,Benign,0.0017991057829931378
Benign,Benign,0.0013374791014939547
Benign,Benign,0.0036686407402157784
Benign,Benign,0.009447616030229256
Benign,Benign,0.004204734694212675
Benign,Benign,0.0013671580236405134
Benign,Benign,0.10924060456454754
Benign,Benign,0.008191277214791626
Benign,Benign,0.06532042333856225
Benign,Benign,0.042151625850237906
Benign,Benign,0.0738480924628675
Benign,Benign,0.001053419429808855
Benign,Benign,0.0631880279397592
Benign,Benign,0.006054470082744956
Benign,Benign,0.0015679356874898076
Benign,Benign,0.002525909570977092
Benign,Benign,0.0013006820809096098
Benign,Benign,0.001280168304219842
Benign,Benign,0.0012996740406379104
Benign,Benign,0.001338357338681817
Benign,Benign,0.003253963543102145
Benign,Benign,0.001377538195811212
Benign,Benign,0.0010513298911973834
Benign,Benign,0.004584100563079119
Benign,Benign,0.00690481391211506
Benign,Benign,0.0035429855342954397
Benign,Benign,0.017268409836106002
Benign,Benign,0.015011395560577512
Benign,Benign,0.0019023753702640533
Benign,Benign,0.09514942346140742
Benign,Benign,0.004183016222668812
Benign,Benign,0.0012529452797025442
Benign,Benign,0.001053419429808855
Benign,Benign,0.0020693763945018873
Benign,Benign,0.0014923395356163383
Benign,Benign,0.001366439857520163
Benign,Benign,0.001487274537794292
Benign,Benign,0.013522350694984198
Benign,Benign,0.001053419429808855
Benign,Benign,0.0033907729666680098
Benign,Benign,0.0020585261227097362
Benign,Benign,0.0075578405521810055
Benign,Benign,0.0054907183948671445
Benign,Benign,0.0720988844987005
Benign,Benign,0.0012981756590306759
Benign,Benign,0.0014758447650820017
Benign,Benign,0.003930949242203496
Benign,Benign,0.0024008809123188257
Benign,Benign,0.00887785103986971
Benign,Benign,0.0016646994045004249
Benign,Benign,0.002038100501522422
Benign,Benign,0.005344744160538539
Benign,Benign,0.0010574397165328264
Benign,Benign,0.001264902064576745
Benign,Benign,0.05906705814413726
Benign,Benign,0.0031588186975568533
Benign,Benign,0.0012981756590306759
Benign,Benign,0.0010574397165328264
Benign,Benign,0.01803574152290821
Benign,Benign,0.005552799848373979
Benign,Benign,0.001436013961210847
Benign,Benign,0.0024300984805449843
Benign,Benign,0.0016451362753286958
Benign,Benign,0.02688046428374946
Benign,Benign,0.0015012698713690042
Benign,Benign,0.008544723212253302
Benign,Benign,0.0421801065094769
Benign,Benign,0.21159678790718317
Benign,Benign,0.0054635219275951385
Benign,Benign,0.0013819769956171513
Benign,Benign,0.002083791187033057
Benign,Benign,0.0014357336331158876
Benign,Benign,0.006328038027277216
Benign,Benign,0.0010574397165328264
Benign,Benign,0.0013262690044939518
Benign,Benign,0.008302126778289676
Benign,Benign,0.004244361974997446
Benign,Benign,0.00737430399749428
Benign,Benign,0.02661817497573793
Benign,Benign,0.0024740786757320166
Benign,Benign,0.003912091022357345
Benign,Benign,0.004931433300953358
Benign,Benign,0.0010368318762630224
Benign,Benign,0.012554021755931899
Benign,Benign,0.0010493912268429995
Benign,Benign,0.0284873868804425
Benign,Benign,0.0014605555916205049
Benign,Benign,0.003603340359404683
Benign,Benign,0.013661498174769804
Benign,Benign,0.03267240873537958
Benign,Benign,0.013742649869527668
Benign,Benign,0.0026878113858401775
Benign,Benign,0.001649932557484135
Benign,Benign,0.0026297334115952253
Benign,Benign,0.0020389293786138296
Benign,Benign,0.0013205993454903364
Benign,Benign,0.0012610298581421375
Benign,Benign,0.0010488430270925164
Benign,Benign,0.008636425220174715
Benign,Benign,0.08045050082728267
Benign,Benign,0.0037155096360947937
Benign,Benign,0.0035493911564117298
Benign,Benign,0.0015155396977206692
Benign,Benign,0.002895055338740349
Benign,Benign,0.0012632951838895679
Benign,Benign,0.0013756672851741314
Benign,Benign,0.0088270214619115
Benign,Benign,0.0013370364904403687
Benign,Benign,0.0012706664856523275
Benign,Benign,0.00698507169727236
Benign,Benign,0.0012411628849804401
Benign,Benign,0.001543027232401073
Benign,Benign,0.0013660707045346498
Benign,Benign,0.003937438770662993
Benign,Benign,0.0016717120161047205
Benign,Benign,0.0022111886646598577
Benign,Benign,0.0015061352169141173
Benign,Benign,0.04936928628012538
Benign,Benign,0.042761535034514964
Benign,Benign,0.0014336928579723462
Benign,Benign,0.0037880593445152044
Benign,Benign,0.0018619241891428828
Benign,Benign,0.0028441206086426973
Benign,Benign,0.001735725993057713
Benign,Benign,0.004116526106372476
Benign,Benign,0.03634927305392921
Benign,Benign,0.0032609501795377582
Benign,Benign,0.0010574397165328264
Benign,Benign,0.0011725900694727898
Benign,Benign,0.01315504586091265
Benign,Benign,0.008117844103253447
Benign,Benign,0.0012702189851552248
Benign,Benign,0.002315484671271406
Benign,Benign,0.05870499927550554
Benign,Benign,0.0019880291947629303
Benign,Benign,0.00131951121147722
Benign,Benign,0.001398834865540266
Benign,Benign,0.010763919213786721
Benign,Benign,0.009508735965937376
Benign,Benign,0.014612459461204708
Benign,Benign,0.02961417124606669
Benign,Benign,0.045704709365963936
Benign,Benign,0.002577396808192134
Benign,Benign,0.016677652471116744
Benign,Benign,0.0013543367385864258
Benign,Benign,0.002075997879728675
Benign,Benign,0.07580267824232578
Benign,Benign,0.001053419429808855
Benign,Benign,0.05460668611340225
Benign,Benign,0.001053419429808855
Benign,Benign,0.04584984062239528
Benign,Benign,0.0013060721103101969
Benign,Benign,0.001660626963712275
Benign,Benign,0.001386664342135191
Benign,Benign,0.006493004504591227
Benign,Benign,0.0012996740406379104
Benign,Benign,0.007426838856190443
Benign,Benign,0.0010493912268429995
Benign,Benign,0.0016886827070266008
Benign,Benign,0.0037429295480251312
Benign,Benign,0.003687949851155281
Benign,Benign,0.0028713916981359944
Benign,Benign,0.0858381790749263
Benign,Benign,0.022499117883853614
Benign,Benign,0.0012414315715432167
Benign,Benign,0.009960849769413471
Benign,Benign,0.003921108553186059
Benign,Benign,0.0016324372263625264
Benign,Benign,0.002505691605620086
Benign,Benign,0.022883344383444637
Benign,Benign,0.0017742045311024413
Benign,Benign,0.001484221895225346
Benign,Benign,0.002480042865499854
Benign,Benign,0.004420390207087621
Benign,Benign,0.040915335062891245
Benign,Benign,0.0010493912268429995
Benign,Benign,0.001651858096010983
Benign,Benign,0.01700106862699613
Benign,Benign,0.05968026234768331
Benign,Benign,0.002218642272055149
Benign,Benign,0.033348458702676
Benign,Benign,0.004913834141916595
Benign,Benign,0.002762888208962977
Benign,Benign,0.0018437147373333573
Benign,Benign,0.29507157765328884
Benign,Benign,0.00785386559437029
Benign,Benign,0.0013835919089615345
Benign,Benign,0.004430213346495293
Benign,Benign,0.0015753695042803884
Benign,Benign,0.013158147339709103
Benign,Benign,0.0010574397165328264
Benign,Benign,0.0017477942164987326
Benign,Benign,0.011095658293925226
Benign,Benign,0.0024697163607925177
Benign,Benign,0.0013861949555575848
Benign,Benign,0.007784973131492734
Benign,Benign,0.15413987264037132
Benign,Benign,0.00282676586357411
Benign,Benign,0.001234214287251234
Benign,Benign,0.016377543099224567
Benign,Benign,0.0010574397165328264
Benign,Benign,0.0014264034107327461
Benign,Benign,0.005892550791031681
Benign,Benign,0.0014838241040706635
Benign,Benign,0.003688738666824065
Benign,Benign,0.01913241483271122
Benign,Benign,0.003168602241203189
Benign,Benign,0.0010574397165328264
Benign,Benign,0.003120673238299787
Benign,Benign,0.0015241376822814345
Benign,Benign,0.0015877279074629769
Benign,Benign,0.0014871642924845219
Benign,Benign,0.006016786384861916
Benign,Benign,0.002700960947549902
Benign,Benign,0.0015216235624393448
Benign,Benign,0.008924522437155247
Benign,Benign,0.01686101162340492
Benign,Benign,0.0013086851686239243
Benign,Benign,0.008857511391397566
Benign,Benign,0.001476741279475391
Benign,Benign,0.02151644040714018
Benign,Benign,0.0012560392497107387
Benign,Benign,0.00698390876641497
Benign,Benign,0.02726342051755637
Benign,Benign,0.0014105348382145166
Benign,Benign,0.002867859075195156
Benign,Benign,0.007672765699680895
Benign,Benign,0.0014322589850053191
Benign,Benign,0.012753318500472233
Benign,Benign,0.08805929019581527
Benign,Benign,0.0012748971348628402
Benign,Benign,0.0013201194815337658
Benign,Benign,0.0012581299524754286
Benign,Benign,0.011604605533648282
Benign,Benign,0.02777914929902181
Benign,Benign,0.0012560798786580563
Benign,Benign,0.24465226382017136
Benign,Benign,0.0019461868796497583
Benign,Benign,0.0033217170275747776
Benign,Benign,0.01011372018547263
Benign,Benign,0.002681397585547529
Benign,Benign,0.001417948049493134
Benign,Benign,0.002796891363686882
Benign,Benign,0.0012813728535547853
Benign,Benign,0.0013331712689250708
Benign,Benign,0.001459370949305594
Benign,Benign,0.0010493912268429995
Benign,Benign,0.003628588281571865
Benign,Benign,0.00131038308609277
Benign,Benign,0.007691618229728192
Benign,Benign,0.003997512845671736
Benign,Benign,0.15564387943595648
Benign,Benign,0.0013158152578398585
Benign,Benign,0.002679192228242755
Benign,Benign,0.022819449077360332
Benign,Benign,0.005315474001690745
Benign,Benign,0.016338894376531243
Benign,Benign,0.0014465302228927612
Benign,Benign,0.0023000009823590517
Benign,Benign,0.0012748971348628402
Benign,Benign,0.001333145541138947
Benign,Benign,0.001243176986463368
Benign,Benign,0.0010852114064618945
Benign,Benign,0.0015520135639235377
Benign,Benign,0.0010852114064618945
Benign,Benign,0.06529194209724665
Benign,Benign,0.0010574397165328264
Benign,Benign,0.0013924945378676057
Benign,Benign,0.001258158590644598
Benign,Benign,0.001083996845409274
Benign,Benign,0.001344518968835473
Benign,Benign,0.005126242758706212
Benign,Benign,0.005406306823715568
Benign,Benign,0.035714288940653205
Benign,Benign,0.0012944284826517105
Benign,Benign,0.001321482821367681
Benign,Benign,0.06787990964949131
Benign,Benign,0.05431989161297679
Benign,Benign,0.002319058869034052
Benign,Benign,0.0014454226475208998
Benign,Benign,0.0026499899104237556
Benign,Benign,0.03141633456107229
Benign,Benign,0.0012996740406379104
Benign,Benign,0.013669567124452442
Benign,Benign,0.0271076955832541
Benign,Benign,0.005747296381741762
Benign,Benign,0.028878954180981964
Benign,Benign,0.003497136989608407
Benign,Benign,0.00128861702978611
Benign,Benign,0.0035390264820307493
Benign,Benign,0.00622126687085256
Benign,Benign,0.005664745098329149
Benign,Benign,0.001053419429808855
Benign,Benign,0.013217942556366324
Benign,Benign,0.002777482382953167
Benign,Benign,0.0010529932333156466
Benign,Benign,0.002246150514110923
Benign,Benign,0.0013647961895912886
Benign,Benign,0.05403558211401105
Benign,Benign,0.011249058414250612
Benign,Benign,0.0014606037875637412
Benign,Benign,0.017249978613108397
Benign,Benign,0.0014835208421573043
Benign,Benign,0.007955276174470782
Benign,Benign,0.0010574397165328264
Benign,Benign,0.002004159614443779
Benign,Benign,0.002755703404545784
Benign,Benign,0.020640371352783404
Benign,Benign,0.022255712625337765
Benign,Benign,0.0037471496034413576
Benign,Benign,0.015545762958936393
Benign,Benign,0.04373653279617429
Benign,Benign,0.0010574397165328264
Benign,Benign,0.001804766827262938
Benign,Benign,0.0038141298573464155
Benign,Benign,0.038987603737041354
Benign,Benign,0.0012996740406379104
Benign,Benign,0.0014850974548608065
Benign,Benign,0.02261518029263243
Benign,Benign,0.0053720781579613686
Benign,Benign,0.001083996845409274
Benign,Benign,0.0010852114064618945
Benign,Benign,0.0017098820535466075
Benign,Benign,0.0015781712427269667
Benign,Benign,0.0014553931541740894
Benign,Benign,0.0013006894150748849
Benign,Benign,0.0015450743958353996
Benign,Benign,0.0010574397165328264
Benign,Benign,0.0022071930579841137
Benign,Benign,0.002224106341600418
Benign,Benign,0.003005988197401166
Benign,Benign,0.01772052369778976
Benign,Benign,0.003751643918803893
Benign,Benign,0.027873304672539234
Benign,Benign,0.002292117103934288
Benign,Benign,0.01265054289251566
Benign,Benign,0.004613547338522039
Benign,Benign,0.0013611504109576344
Benign,Benign,0.007628463150467724
Benign,Benign,0.0012903581373393536
Benign,Benign,0.002638783640577458
Benign,Benign,0.0012904619798064232
Benign,Benign,0.001438409904949367
Benign,Benign,0.024324487836565822
Benign,Benign,0.002427467959932983
Benign,Benign,0.004633989650756121
Benign,Benign,0.009141483285930008
Benign,Benign,0.001341384369879961
Benign,Benign,0.0014110535848885775
Benign,Benign,0.001329525955952704
Benign,Benign,0.0016398908192059025
Benign,Benign,0.028031690744683146
Benign,Benign,0.001083996845409274
Benign,Benign,0.001936843356816098
Benign,Benign,0.0012756389332935214
Benign,Benign,0.0011296181473881006
Benign,Benign,0.002519210785976611
Benign,Benign,0.0020203422172926366
Benign,Benign,0.0014517781091853976
Benign,Benign,0.001257690484635532
Benign,Benign,0.0035531707108020782
Benign,Benign,0.007362453849054873
Benign,Benign,0.0018299453658983111
Benign,Benign,0.12047588545829058
Benign,Benign,0.021466611826326698
Benign,Benign,0.0012254648609086871
Benign,Benign,0.01557331089861691
Benign,Benign,0.0056584475096315145
Benign,Benign,0.0071561760269105434
Benign,Benign,0.0021957652643322945
Benign,Benign,0.001260200166143477
Benign,Benign,0.0012559511233121157
Benign,Benign,0.012706952169537544
Benign,Benign,0.0024132910184562206
Benign,Benign,0.0013167051365599036
Benign,Benign,0.011319082870613784
Benign,Benign,0.0022252092603594065
Benign,Benign,0.026753475656732917
Benign,Benign,0.005642447387799621
Benign,Benign,0.03877807920798659
Benign,Benign,0.0017956068040803075
Benign,Benign,0.0025860459718387574
Benign,Benign,0.014053444319870323
Benign,Benign,0.1218826761469245
Benign,Benign,0.010475847346242517
Benign,Benign,0.0015457692788913846
Benign,Benign,0.007663721160497516
Benign,Benign,0.0012667315313592553
Benign,Benign,0.06249591941013932
Benign,Benign,0.001083996845409274
Benign,Benign,0.015194356674328446
Benign,Benign,0.0028766929171979427
Benign,Benign,0.0041428448021179065
Benign,Benign,0.0012414315715432167
Benign,Benign,0.003499054568237625
Benign,Benign,0.0018450061324983835
Benign,Benign,0.0012900325236842036
Benign,Benign,0.003696141648106277
Benign,Benign,0.05922317109070718
Benign,Benign,0.0073364670388400555
Benign,Benign,0.0010574397165328264
Benign,Benign,0.0052511251997202635
Benign,Benign,0.0012386622838675976
Benign,Benign,0.051301811705343425
Benign,Benign,0.0034592263109516352
Benign,Benign,0.0019950419664382935
Benign,Benign,0.002380689373239875
Benign,Benign,0.00270447158254683
Benign,Benign,0.010849268874153495
Benign,Benign,0.0010574397165328264
Benign,Benign,0.005218935897573829
Benign,Benign,0.004522479604929686
Benign,Benign,0.0012953851837664843
Benign,Benign,0.001262736739590764
Benign,Benign,0.00171995151322335
Benign,Benign,0.03994917118689045
Benign,Benign,0.0012949052033945918
Benign,Benign,0.001083996845409274
Benign,Benign,0.023982575512491167
Benign,Benign,0.0010574397165328264
Benign,Benign,0.002647579865879379
Benign,Benign,0.001390758785419166
Benign,Benign,0.11302885028999299
Benign,Benign,0.0012996740406379104
Benign,Benign,0.0030094238463789225
Benign,Benign,0.001288713770918548
Benign,Benign,0.0025416298303753138
Benign,Benign,0.010205115599092096
Benign,Benign,0.003777443533181213
Benign,Benign,0.010416645542136393
Benign,Benign,0.005033327703131363
Benign,Benign,0.0028113145381212234
Benign,Benign,0.0010450679110363126
Benign,Benign,0.4500701930373907
Benign,Benign,0.02863427239935845
Benign,Benign,0.007903615827672184
Benign,Benign,0.0020152099896222353
Benign,Benign,0.0013286860194057226
Benign,Benign,0.006909748975886032
Benign,Benign,0.0010554412147030234
Benign,Benign,0.003979485132731497
Benign,Benign,0.011865182663314044
Benign,Benign,0.07122639892622828
Benign,Benign,0.0012902406742796302
Benign,Benign,0.003919714014045894
Benign,Benign,0.012486310384701937
Benign,Benign,0.004362559615401551
Benign,Benign,0.0019382361642783508
Benign,Benign,0.0013272762298583984
Benign,Benign,0.03074045875109732
Benign,Benign,0.0012241063959663734
Benign,Benign,0.0014838636707281694
Benign,Benign,0.0012655595783144236
Benign,Benign,0.0010574397165328264
Benign,Benign,0.001432241522707045
Benign,Benign,0.0017816616455093026
Benign,Benign,0.01611585996579379
Benign,Benign,0.0022439692402258515
Benign,Benign,0.0016390051459893584
Benign,Benign,0.010480830620508641
Benign,Benign,0.00134336668998003
Benign,Benign,0.0012903581373393536
Benign,Benign,0.0010574397165328264
Benign,Benign,0.0013394777197390795
Benign,Benign,0.034228931879624724
Benign,Benign,0.02047495567239821
Benign,Benign,0.0110433679074049
Benign,Benign,0.0013134452747181058
Benign,Benign,0.0012996740406379104
Benign,Benign,0.13543276488780975
Benign,Benign,0.008919327228795737
Benign,Benign,0.002594248129753396
Benign,Benign,0.013513517973478884
Benign,Benign,0.0033788620203267783
Benign,Benign,0.030497379368171096
Benign,Benign,0.003010312677361071
Benign,Benign,0.0012492832029238343
Benign,Benign,0.008494062582030892
Benign,Benign,0.005933609078056179
Benign,Benign,0.004314254911150783
Benign,Benign,0.0013154125772416592
Benign,Benign,0.02095918427221477
Benign,Benign,0.0014081825502216816
Benign,Benign,0.04999751294963062
Benign,Benign,0.10693986830301583
Benign,Benign,0.001106905983760953
Benign,Benign,0.004325286892708391
Benign,Benign,0.0012996740406379104
Benign,Benign,0.004164824029430747
Benign,Benign,0.008439001569058746
Benign,Benign,0.001475915894843638
Benign,Benign,0.0010630035540089011
Benign,Benign,0.010039696207968518
Benign,Benign,0.001053419429808855
Benign,Benign,0.010074524194351397
Benign,Benign,0.0039295871974900365
Benign,Benign,0.0031310925842262805
Benign,Benign,0.001323446398600936
Benign,Benign,0.009522881067823619
Benign,Benign,0.007110818289220333
Benign,Benign,0.001345483004115522
Benign,Benign,0.0026580390840535983
Benign,Benign,0.011543996602995321
Benign,Benign,0.0014858857030048966
Benign,Benign,0.0013023957144469023
Benign,Benign,0.004992727408534847
Benign,Benign,0.012987002250156365
Benign,Benign,0.02416389004793018
Benign,Benign,0.0026042091194540262
Benign,Benign,0.0040926262736320496
Benign,Benign,0.008308275952003896
Benign,Benign,0.0017618618439882994
Benign,Benign,0.001100327237509191
Benign,Benign,0.0013755930121988058
Benign,Benign,0.001265179831534624
Benign,Benign,0.03403823263943195
Benign,Benign,0.001282623503357172
Benign,Benign,0.0780555660603568
Benign,Benign,0.0010574397165328264
Benign,Benign,0.0015684972604503855
Benign,Benign,0.004530896141659468
Benign,Benign,0.06844433094374835
Benign,Benign,0.0024192798300646245
Benign,Benign,0.0012779496610164642
Benign,Benign,0.0026572258211672306
Benign,Benign,0.001926639350131154
Benign,Benign,0.0036972672678530216
Benign,Benign,0.0012656421167775989
Benign,Benign,0.0015336592914536595
Benign,Benign,0.0037254681810736656
Benign,Benign,0.001592345885001123
Benign,Benign,0.0010450679110363126
Benign,Benign,0.015693976019974798
Benign,Benign,0.010314103681594133
Benign,Benign,0.00878930976614356
Benign,Benign,0.002764927805401385
Benign,Benign,0.028431224636733532
Benign,Benign,0.0010900553315877914
Benign,Benign,0.013148217694833875
Benign,Benign,0.03832674538716674
Benign,Benign,0.001424951697117649
Benign,Benign,0.002224106341600418
Benign,Benign,0.04702525003813207
Benign,Benign,0.0022814450785517693
Benign,Benign,0.10471054422669113
Benign,Benign,0.009816422360017896
Benign,Benign,0.0013765867333859205
Benign,Benign,0.0038501436065416783
Benign,Benign,0.1318206936120987
Benign,Benign,0.0011214108671993017
Benign,Benign,0.008456168900011107
Benign,Benign,0.001299755647778511
Benign,Benign,0.0015494420658797026
Benign,Benign,0.0015413469955092296
Benign,Benign,0.0012996740406379104
Benign,Benign,0.017519331304356456
Benign,Benign,0.05316402576863766
Benign,Benign,0.0012706982670351863
Benign,Benign,0.003836995456367731
Benign,Benign,0.0014080351684242487
Benign,Benign,0.002706771469092928
Benign,Benign,0.001411357894539833
Benign,Benign,0.0042066645983140916
Benign,Benign,0.0013641836121678352
Benign,Benign,0.0010574397165328264
Benign,Benign,0.0061217001639306545
Benign,Benign,0.0013136095367372036
Benign,Benign,0.09659058786928654
Benign,Benign,0.0013175173662602901
Benign,Benign,0.0012560798786580563
Benign,Benign,0.014699634106364101
Benign,Benign,0.002567751915194094
Benign,Benign,0.0015194970037555322
Benign,Benign,0.0010852114064618945
Benign,Benign,0.0027600442845141515
Benign,Benign,0.0014627418713644147
Benign,Benign,0.0038105882704257965
Benign,Benign,0.0012967924121767282
Benign,Benign,0.0013063723454251885
Benign,Benign,0.0015847459435462952
Benign,Benign,0.008579418732551858
Benign,Benign,0.0012946041533723474
Benign,Benign,0.001044522039592266
Benign,Benign,0.001571018117829226
Benign,Benign,0.0029074103804305196
Benign,Benign,0.003422605077503249
Benign,Benign,0.002187916310504079
Benign,Benign,0.012675278325332329
Benign,Benign,0.22031420981511474
Benign,Benign,0.0012996740406379104
Benign,Benign,0.017399289063178003
Benign,Benign,0.003373125655343756
Benign,Benign,0.0200832134578377
Benign,Benign,0.005853053007740527
Benign,Benign,0.014894994194037281
Benign,Benign,0.003965352196246386
Benign,Benign,0.0026952777843689546
Benign,Benign,0.0015137149021029472
Benign,Benign,0.004536802400252782
Benign,Benign,0.003425070084631443
Benign,Benign,0.014214074471965432
Benign,Benign,0.016503408027347177
Benign,Benign,0.0010574397165328264
Benign,Benign,0.0016923868970479816
Benign,Benign,0.005417753360234201
Benign,Benign,0.003793703857809305
Benign,Benign,0.002251878031529486
Benign,Benign,0.009698947134893388
Benign,Benign,0.0029521500691771507
Benign,Benign,0.021139689488336444
Benign,Benign,0.07110932003706694
Benign,Benign,0.007957821188028902
Benign,Benign,0.009678853180957958
Benign,Benign,0.037013088120147586
Benign,Benign,0.007867055188398808
Benign,Benign,0.001385130686685443
Benign,Benign,0.0056929604470497
Benign,Benign,0.003382724476978183
Benign,Benign,0.005812321731355041
Benign,Benign,0.005953148123808205
Benign,Benign,0.0013330008368939161
Benign,Benign,0.001083996845409274
Benign,Benign,0.0013309539062902331
Benign,Benign,0.02342494757613167
Benign,Benign,0.0015102231409400702
Benign,Benign,0.016468793153762817
Benign,Benign,0.0013155844062566757
Benign,Benign,0.010577647190075368
Benign,Benign,0.016809925786219537
Benign,Benign,0.0014905455755069852
Benign,Benign,0.005385870797908865
Benign,Benign,0.0012996740406379104
Benign,Benign,0.007957341134897433
Benign,Benign,0.001586005775607191
Benign,Benign,0.00202438747510314
Benign,Benign,0.005476076374179684
Benign,Benign,0.0013171969912946224
Benign,Benign,0.0015426217578351498
Benign,Benign,0.03183312388136983
Benign,Benign,0.013694120454601943
Benign,Benign,0.008150936511810869
Benign,Benign,0.014722112100571394
Benign,Benign,0.02486409613629803
Benign,Benign,0.0024472837103530765
Benign,Benign,0.0010574397165328264
Benign,Benign,0.014142572181299329
Benign,Benign,0.0018667828844627365
Benign,Benign,0.020346324643469416
Benign,Benign,0.0015293690230464563
Benign,Benign,0.048544907476752996
Benign,Benign,0.0012319908710196614
Benign,Benign,0.006052974829799496
Benign,Benign,0.007681886316277087
Benign,Benign,0.0013026951346546412
Benign,Benign,0.001083996845409274
Benign,Benign,0.035801763413473964
Benign,Benign,0.005276418232824653
Benign,Benign,0.001369691570289433
Benign,Benign,0.010017325344961137
Benign,Benign,0.00284360209479928
Benign,Benign,0.0012566528748720884
Benign,Benign,0.0026819126214832067
Benign,Benign,0.013853784403181635
Benign,Benign,0.001409162301570177
Benign,Benign,0.01553487716591917
Benign,Benign,0.0022186599671840668
Benign,Benign,0.013618549273815006
Benign,Benign,0.013738893321715295
Benign,Benign,0.0024752740282565355
Benign,Benign,0.0013133694883435965
Benign,Benign,0.005055890767835081
Benign,Benign,0.00533996446756646
Benign,Benign,0.0016313499072566628
Benign,Benign,0.0013821489410474896
Benign,Benign,0.0060132366779726
Benign,Benign,0.005962219904176891
Benign,Benign,0.015947457985021174
Benign,Benign,0.006394025753252208
Benign,Benign,0.007543809246271849
Benign,Benign,0.010932045508525334
Benign,Benign,0.04201414459384978
Benign,Benign,0.0014755439333384857
Benign,Benign,0.026715395972132683
Benign,Benign,0.015397488023154438
Benign,Benign,0.007826375018339604
Benign,Benign,0.001419835607521236
Benign,Benign,0.008836368273478001
Benign,Benign,0.03103327570715919
Benign,Benign,0.0013482014182955027
Benign,Benign,0.002098285360261798
Benign,Benign,0.010729619243647903
Benign,Benign,0.01247736718505621
Benign,Benign,0.001448238268494606
Benign,Benign,0.0027559301670407876
Benign,Benign,0.014567121514119208
Benign,Benign,0.0034166457917308435
Benign,Benign,0.0114918397157453
Benign,Benign,0.0012691430747509003
Benign,Benign,0.005422310205176473
Benign,Benign,0.0018835278315236792
Benign,Benign,0.0012616788735613227
Benign,Benign,0.0025622681714594364
Benign,Benign,0.2712268829345703
Benign,Benign,0.03071038902271539
Benign,Benign,0.00384920253418386
Benign,Benign,0.02022376371314749
Benign,Benign,0.01603241123666521
Benign,Benign,0.01818680012365803
Benign,Benign,0.002113637834554538
Benign,Benign,0.2711312910541892
Benign,Benign,0.005624103578156792
Benign,Benign,0.0025147018022835255
Benign,Benign,0.05422359029762447
Benign,Benign,0.0029665641486644745
Benign,Benign,0.006378198741003871
Benign,Benign,0.001396392472088337
Benign,Benign,0.0012570283142849803
Benign,Benign,0.003731801873072982
Benign,Benign,0.0012999667087569833
Benign,Benign,0.0015024323802208528
Benign,Benign,0.001496278215199709
Benign,Benign,0.0024603885831311345
Benign,Benign,0.0022480857878690585
Benign,Benign,0.006435264309402555
Benign,Benign,0.006416645832359791
Benign,Benign,0.0021005815360695124
Benign,Benign,0.003916649147868156
Benign,Benign,0.0010574397165328264
Benign,Benign,0.011432699277065694
Benign,Benign,0.017169362807180732
Benign,Benign,0.005439018364995718
Benign,Benign,0.007955844252137467
Benign,Benign,0.0015520135639235377
Benign,Benign,0.003962653630878776
Benign,Benign,0.1253814036026597
Benign,Benign,0.014178113080561161
Benign,Benign,0.0026943383127218112
Benign,Benign,0.0016339358262484893
Benign,Benign,0.006071779411286116
Benign,Benign,0.009355128509923816
Benign,Benign,0.002443858655169606
Benign,Benign,0.0014226064085960388
Benign,Benign,0.006967491674004123
Benign,Benign,0.05198538862168789
Benign,Benign,0.0015099309239303693
Benign,Benign,0.002483863616362214
Benign,Benign,0.0022264622384682298
Benign,Benign,0.0015078573487699032
Benign,Benign,0.017017611709889024
Benign,Benign,0.0016993243480101228
Benign,Benign,0.007429966353811324
Benign,Benign,0.19330516597256064
Benign,Benign,0.0010852114064618945
Benign,Benign,0.0012619916815310717
Benign,Benign,0.0033245347294723615
Benign,Benign,0.004145546350628138
Benign,Benign,0.0013166341232135892
Benign,Benign,0.01149808568879962
Benign,Benign,0.0019476082525216043
Benign,Benign,0.01454376894980669
Benign,Benign,0.008754581678658724
Benign,Benign,0.0010574397165328264
Benign,Benign,0.001462088548578322
Benign,Benign,0.060334546491503716
Benign,Benign,0.0012748971348628402
Benign,Benign,0.010573135397862643
Benign,Benign,0.01145214680582285
Benign,Benign,0.0014327073004096746
Benign,Benign,0.0032721203460823745
Benign,Benign,0.011748639604775235
Benign,Benign,0.018739101593382657
Benign,Benign,0.005388367455452681
Benign,Benign,0.021879216597881168
Benign,Benign,0.0013228465104475617
Benign,Benign,0.0032301638275384903
Benign,Benign,0.0012241063959663734
Benign,Benign,0.001286016427911818
Benign,Benign,0.02381153797614388
Benign,Benign,0.005350255625671707
Benign,Benign,0.02525043289642781
Benign,Benign,0.0026608225743984804
Benign,Benign,0.0012492832029238343
Benign,Benign,0.005305685321218334
Benign,Benign,0.013950433349236846
Benign,Benign,0.007591628818772733
Benign,Benign,0.0021962516475468874
Benign,Benign,0.00478027667850256
Benign,Benign,0.0036160619638394564
Benign,Benign,0.0017468882724642754
Benign,Benign,0.0054780731443315744
Benign,Benign,0.00699254940263927
Benign,Benign,0.0013294074451550841
Benign,Benign,0.01214024017099291
Benign,Benign,0.003891129745170474
Benign,Benign,0.00783570132625755
Benign,Benign,0.005993621714878827
Benign,Benign,0.007792870732373558
Benign,Benign,0.011589997506234795
Benign,Benign,0.0022117345361039042
Benign,Benign,0.0014357336331158876
Benign,Benign,0.007838024743250571
Benign,Benign,0.0027602557092905045
Benign,Benign,0.0027136451099067926
Benign,Benign,0.0024211936397477984
Benign,Benign,0.17592796962708235
Benign,Benign,0.005366009077988565
Benign,Benign,0.003758359351195395
Benign,Benign,0.003934632986783981
Benign,Benign,0.0017744563228916377
Benign,Benign,0.006867712363600731
Benign,Benign,0.0022732026409357786
Benign,Benign,0.021502801915630698
Benign,Benign,0.006713694776408374
Benign,Benign,0.0029978053644299507
Benign,Benign,0.0024248375557363033
Benign,Benign,0.0012840819545090199
Benign,Benign,0.0013152689207345247
Benign,Benign,0.0076089058857178316
Benign,Benign,0.011136015862575732
Benign,Benign,0.0014372299192473292
Benign,Benign,0.0010574397165328264
Benign,Benign,0.004301441600546241
Benign,Benign,0.0012609155382961035
Benign,Benign,0.01174585020635277
Benign,Benign,0.0012996740406379104
Benign,Benign,0.0010574397165328264
Benign,Benign,0.0014660225715488195
Benign,Benign,0.0010574397165328264
Benign,Benign,0.021484101176611148
Benign,Benign,0.0012697192141786218
Benign,Benign,0.04306100959365722
Benign,Benign,0.0016874252905836329
Benign,Benign,0.004725514430901967
Benign,Benign,0.007520428043790162
Benign,Benign,0.001083996845409274
Benign,Benign,0.004393394090584479
Benign,Benign,0.001323446398600936
Benign,Benign,0.0012577709276229143
Benign,Benign,0.0013668467290699482
Benign,Benign,0.0057575940154492855
Benign,Benign,0.0013349169166758657
Benign,Benign,0.006881123525090516
Benign,Benign,0.030832276621367782
Benign,Benign,0.0026284234918421134
Benign,Benign,0.005331500433385372
Benign,Benign,0.26758997328579426
Benign,Benign,0.005998207489028573
Benign,Benign,0.048955684527754784
Benign,Benign,0.019175981113221496
Benign,Benign,0.0016334961110260338
Benign,Benign,0.008943386957980692
Benign,Benign,0.0050570382591104135
Benign,Benign,0.0018147147493436933
Benign,Benign,0.011833891709102318
Benign,Benign,0.0014328017132356763
Benign,Benign,0.05568194994702935
Benign,Benign,0.0059306591138010845
Benign,Benign,0.0034412643872201443
Benign,Benign,0.011195882339961827
Benign,Benign,0.0013330347137525678
Benign,Benign,0.002110573332174681
Benign,Benign,0.02028435276588425
Benign,Benign,0.0014715614961460233
Benign,Benign,0.0010574397165328264
Benign,Benign,0.0014797508483752608
Benign,Benign,0.012818803545087576
Benign,Benign,0.002280914457514882
Benign,Benign,0.0014360727509483695
Benign,Benign,0.0012595240259543061
Benign,Benign,0.001805818290449679
Benign,Benign,0.0036541789304465055
Benign,Benign,0.003943383868318051
Benign,Benign,0.001318794908002019
Benign,Benign,0.0029473217437043786
Benign,Benign,0.006539301233715378
Benign,Benign,0.012075276055838913
Benign,Benign,0.0180807753931731
Benign,Benign,0.06532297609373927
Benign,Benign,0.051271687960252166
Benign,Benign,0.0034444467164576054
Benign,Benign,0.0010852114064618945
Benign,Benign,0.003056647488847375
Benign,Benign,0.009841717779636383
Benign,Benign,0.007417218235787004
Benign,Benign,0.03154502890538424
Benign,Benign,0.0067292689345777035
Benign,Benign,0.007311482215300202
Benign,Benign,0.0014263163320720196
Benign,Benign,0.0023931289179017767
Benign,Benign,0.007238813384901732
Benign,Benign,0.003617865382693708
Benign,Benign,0.001262150937691331
Benign,Benign,0.002026056172326207
Benign,Benign,0.0012907527852803469
Benign,Benign,0.0013648172607645392
Benign,Benign,0.0010574397165328264
Benign,Benign,0.0019127829873468727
Benign,Benign,0.46229437738657
Benign,Benign,0.001535431481897831
Benign,Benign,0.0015057605924084783
Benign,Benign,0.001264274469576776
Benign,Benign,0.001083996845409274
Benign,Benign,0.001376570900902152
Benign,Benign,0.015913075243588537
Benign,Benign,0.006020503817126155
Benign,Benign,0.0010574397165328264
Benign,Benign,0.0015432385262101889
Benign,Benign,0.0034455591812729836
Benign,Benign,0.0017547589814057574
Benign,Benign,0.0038846273673698306
Benign,Benign,0.0012179601471871138
Benign,Benign,0.0012778607197105885
Benign,Benign,0.04683169536292553
Benign,Benign,0.001286016427911818
Benign,Benign,0.0029445273685269058
Benign,Benign,0.019276475184597075
Benign,Benign,0.0013117978814989328
Benign,Benign,0.0011136425891891122
Benign,Benign,0.024051662418060005
Benign,Benign,0.02146460663061589
Benign,Benign,0.004332495853304863
Benign,Benign,0.01775693509262055
Benign,Benign,0.01509039847587701
Benign,Benign,0.0013709929771721363
Benign,Benign,0.03897812693321612
Benign,Benign,0.0012996740406379104
Benign,Benign,0.001083996845409274
Benign,Benign,0.001592809334397316
Benign,Benign,0.029495587572455406
Benign,Benign,0.001083996845409274
Benign,Benign,0.008678987971507013
Benign,Benign,0.0026150035992031917
Benign,Benign,0.03786528471391648
Benign,Benign,0.0015257138147717342
Benign,Benign,0.001083996845409274
Benign,Benign,0.0014857512433081865
Benign,Benign,0.012953991506947204
Benign,Benign,0.001044522039592266
Benign,Benign,0.0036731862783199176
Benign,Benign,0.01632993295788765
Benign,Benign,0.002971212728880346
Benign,Benign,0.10471054422669113
Benign,Benign,0.004108924884349108
Benign,Benign,0.04934389400295913
Benign,Benign,0.004898982355371118
Benign,Benign,0.0024892271030694246
Benign,Benign,0.0020307215017965063
Benign,Benign,0.04035847072373144
Benign,Benign,0.0013804261106997728
Benign,Benign,0.0010574397165328264
Benign,Benign,0.0010488430270925164
Benign,Benign,0.001286016427911818
Benign,Benign,0.0015363561687991023
Benign,Benign,0.0051911417103838176
Benign,Benign,0.0016302074072882533
Benign,Benign,0.038283646339550614
Benign,Benign,0.0013611504109576344
Benign,Benign,0.004777729278430343
Benign,Benign,0.0618106999900192
Benign,Benign,0.011369981744792312
Benign,Benign,0.040415044873952866
Benign,Benign,0.01448972977232188
Benign,Benign,0.06940418388694525
Benign,Benign,0.0050789929227903485
Benign,Benign,0.0013683181023225188
Benign,Benign,0.0028185116534586996
Benign,Benign,0.005182973574846983
Benign,Benign,0.006574197439476848
Benign,Benign,0.00850292225368321
Benign,Benign,0.08658405067399144
Benign,Benign,0.001411215984262526
Benign,Benign,0.013404336990788579
Benign,Benign,0.0013001627521589398
Benign,Benign,0.0014238376170396805
Benign,Benign,0.006618754647206515
Benign,Benign,0.0036484947777353227
Benign,Benign,0.027079474122729152
Benign,Benign,0.03928340575657785
Benign,Benign,0.014837098540738225
Benign,Benign,0.005613881614408456
Benign,Benign,0.00126242870464921
Benign,Benign,0.13699521170929074
Benign,Benign,0.0010574397165328264
Benign,Benign,0.007887128333095461
Benign,Benign,0.0038810926489531994
Benign,Benign,0.001083996845409274
Benign,Benign,0.002038892125710845
Benign,Benign,0.0015290448209270835
Benign,Benign,0.0012985921930521727
Benign,Benign,0.030033503542654216
Benign,Benign,0.0012515634298324585
Benign,Benign,0.0018907742341980338
Benign,Benign,0.0010574397165328264
Benign,Benign,0.001083996845409274
Benign,Benign,0.0044747404172085226
Benign,Benign,0.011699666210915893
Benign,Benign,0.03701407532207668
Benign,Benign,0.012374511905363761
Benign,Benign,0.010535292778513394
Benign,Benign,0.006851558689959347
Benign,Benign,0.013563780055847019
Benign,Benign,0.06482892017811537
Benign,Benign,0.04165410762652755
Benign,Benign,0.0012996766017749906
Benign,Benign,0.006757523384294473
Benign,Benign,0.0014904437121003866
Benign,Benign,0.0010574397165328264
Benign,Benign,0.004584115173202008
Benign,Benign,0.0013747226912528276
Benign,Benign,0.0030422015697695315
Benign,Benign,0.0018501706654205918
Benign,Benign,0.00999865954509005
Benign,Benign,0.0012996740406379104
Benign,Benign,0.07915446138940752
Benign,Benign,0.013115288340486586
Benign,Benign,0.07387900073081255
Benign,Benign,0.00274501065723598
Benign,Benign,0.0013469650875777006
Benign,Benign,0.001370509504340589
Benign,Benign,0.0012786906445398927
Benign,Benign,0.0012386622838675976
Benign,Benign,0.011466923155239783
Benign,Benign,0.0013222114648669958
Benign,Benign,0.002224106341600418
Benign,Benign,0.0013070411514490843
Benign,Benign,0.001286016427911818
Benign,Benign,0.04120702808722854
Benign,Benign,0.0013272762298583984
Benign,Benign,0.0010493912268429995
Benign,Benign,0.026363891549408436
Benign,Benign,0.0012920447625219822
Benign,Benign,0.001366680720821023
Benign,Benign,0.004091428229003213
Benign,Benign,0.0016770963557064533
Benign,Benign,0.001871230997494422
Benign,Benign,0.4573160298168659
Benign,Benign,0.001083996845409274
Benign,Benign,0.0016189203597605228
Benign,Benign,0.0018293045577593148
Benign,Benign,0.005959584552329034
Benign,Benign,0.0010574397165328264
Benign,Benign,0.07240038854070008
Benign,Benign,0.0594708900898695
Benign,Benign,0.001256975345313549
Benign,Benign,0.04541682358831167
Benign,Benign,0.001334184082224965
Benign,Benign,0.0012748971348628402
Benign,Benign,0.006222076481208205
Benign,Benign,0.011564301676116884
Benign,Benign,0.0028421225579222664
Benign,Benign,0.0013171969912946224
Benign,Benign,0.00138240703381598
Benign,Benign,0.007755426675430499
Benign,Benign,0.026574044954031706
Benign,Benign,0.003998776897788048
Benign,Benign,0.01530905530671589
Benign,Benign,0.0012996740406379104
Benign,Benign,0.040726044680923223
Benign,Benign,0.0012996740406379104
Benign,Benign,0.0016898626636248082
Benign,Benign,0.016636764106806368
Benign,Benign,0.009022127138450742
Benign,Benign,0.0013202228583395481
Benign,Benign,0.005223768705036491
Benign,Benign,0.0014663407200714573
Benign,Benign,0.003505473243421875
Benign,Benign,0.004240424605086446
Benign,Benign,0.002216057851910591
Benign,Benign,0.0036390057066455483
Benign,Benign,0.0016545909456908703
Benign,Benign,0.0010852114064618945
Benign,Benign,0.0012813728535547853
Benign,Benign,0.0012768954038619995
Benign,Benign,0.001273016445338726
Benign,Benign,0.0033907729666680098
Benign,Benign,0.011226093105506152
Benign,Benign,0.0012996740406379104
Benign,Benign,0.13687751023098826
Benign,Benign,0.0010488430270925164
Benign,Benign,0.001088748569600284
Benign,Benign,0.0038853797304909676
Benign,Benign,0.0012638589832931757
Benign,Benign,0.00723954729619436
Benign,Benign,0.0051004669949179515
Benign,Benign,0.0012386622838675976
Benign,Benign,0.005240921978838742
Benign,Benign,0.0016342736780643463
Benign,Benign,0.001338917063549161
Benign,Benign,0.010246859601465985
Benign,Benign,0.008741943573113531
Benign,Benign,0.10927463229745626
Benign,Benign,0.0020174681558273733
Benign,Benign,0.0015437203692272305
Benign,Benign,0.08476078044623137
Benign,Benign,0.010667999275028706
Benign,Benign,0.002224106341600418
Benign,Benign,0.022175129503011703
Benign,Benign,0.003237387689296156
Benign,Benign,0.0015517078572884202
Benign,Benign,0.0014710820832988247
Benign,Benign,0.018894370645284653
Benign,Benign,0.0012910282239317894
Benign,Benign,0.04042592877522111
Benign,Benign,0.0013338330900296569
Benign,Benign,0.006477926101069897
Benign,Benign,0.0053993428009562194
Benign,Benign,0.0010574397165328264
Benign,Benign,0.005412348313257098
Benign,Benign,0.0010574397165328264
Benign,Benign,0.0013794953702017665
Benign,Benign,0.0012996740406379104
Benign,Benign,0.09246043767780066
Benign,Benign,0.006787241320125759
Benign,Benign,0.001739109749905765
Benign,Benign,0.0014825146499788389
Benign,Benign,0.0027256549801677465
Benign,Benign,0.0014623311581090093
Benign,Benign,0.0018170392722822726
Benign,Benign,0.043872500653378665
Benign,Benign,0.0010900632478296757
Benign,Benign,0.004364659296697937
Benign,Benign,0.002124635095242411
Benign,Benign,0.0010368318762630224
Benign,Benign,0.04783315537497401
Benign,Benign,0.007028076099231839
Benign,Benign,0.0026781721971929073
Benign,Benign,0.007330446009291336
Benign,Benign,0.001053419429808855
Benign,Benign,0.0018708690768107772
Benign,Benign,0.03181533655151725
Benign,Benign,0.03768910700455308
Benign,Benign,0.009847457986325026
Benign,Benign,0.0012926363851875067
Benign,Benign,0.0013682106509804726
Benign,Benign,0.006625086520216428
Benign,Benign,0.0010574397165328264
Benign,Benign,0.003641892923042178
Benign,Benign,0.0025547982659190893
Benign,Benign,0.0029319871682673693
Benign,Benign,0.003433412464801222
Benign,Benign,0.006353916833177209
Benign,Benign,0.006866539071779698
Benign,Benign,0.0018487393390387297
Benign,Benign,0.0012748971348628402
Benign,Benign,0.08473451854661107
Benign,Benign,0.004652796313166618
Benign,Benign,0.0010574397165328264
Benign,Benign,0.0012800471158698201
Benign,Benign,0.00776620906253811
Benign,Benign,0.003331371699459851
Benign,Benign,0.0042867951560765505
Benign,Benign,0.003237287368392572
Benign,Benign,0.0029631141806021333
Benign,Benign,0.009807136084418744
Benign,Benign,0.02729396044742316
Benign,Benign,0.001269118976779282
Benign,Benign,0.21695795841515064
Benign,Benign,0.006395484029781073
Benign,Benign,0.002821635323925875
Benign,Benign,0.0014817268820479512
Benign,Benign,0.0032499791122972965
Benign,Benign,0.0028568285051733255
Benign,Benign,0.0034839886939153075
Benign,Benign,0.0038373578572645783
Benign,Benign,0.001233388902619481
Benign,Benign,0.0017374419840052724
Benign,Benign,0.0014034194173291326
Benign,Benign,0.001316071255132556
Benign,Benign,0.001851674256613478
Benign,Benign,0.001083996845409274
Benign,Benign,0.0034757193498080596
Benign,Benign,0.02277341388980858
Benign,Benign,0.0721570965833962
Benign,Benign,0.010879330744501203
Benign,Benign,0.157388836145401
Benign,Benign,0.0035382831702008843
Benign,Benign,0.05084326909855008
Benign,Benign,0.0013237132225185633
Benign,Benign,0.0032895102485781536
Benign,Benign,0.02285111224045977
Benign,Benign,0.0014884414849802852
Benign,Benign,0.011249069342738949
Benign,Benign,0.0010574397165328264
Benign,Benign,0.004794422522536479
Benign,Benign,0.0024964023614302278
Benign,Benign,0.0035031642764806747
Benign,Benign,0.001100327237509191
Benign,Benign,0.002149531850591302
Benign,Benign,0.0010574397165328264
Benign,Benign,0.0430804961360991
Benign,Benign,0.004313967830967158
Benign,Benign,0.014849351689917967
Benign,Benign,0.0036452016793191433
Benign,Benign,0.08505719806998968
Benign,Benign,0.022687901160679758
Benign,Benign,0.011482972127851099
Benign,Benign,0.013463087379932404
Benign,Benign,0.001053419429808855
Benign,Benign,0.001053419429808855
Benign,Benign,0.001422167755663395
Benign,Benign,0.009852790244622156
Benign,Benign,0.01824460641364567
Benign,Benign,0.001083996845409274
Benign,Benign,0.0028553970478242263
Benign,Benign,0.001258202246390283
Benign,Benign,0.0010574397165328264
Benign,Benign,0.00539078886504285
Benign,Benign,0.0027198021998628974
Benign,Benign,0.0012949052033945918
Benign,Benign,0.0013774404069408774
Benign,Benign,0.0013587662251666188
Benign,Benign,0.0012402210850268602
Benign,Benign,0.001255364390090108
Benign,Benign,0.03659526142291725
Benign,Benign,0.003483725246042013
Benign,Benign,0.07807944109663367
Benign,Benign,0.007589999586343765
Benign,Benign,0.001813325798138976
Benign,Benign,0.0019553469901438802
Benign,Benign,0.0022375974658643827
Benign,Benign,0.003635411150753498
Benign,Benign,0.009206362767145038
Benign,Benign,0.0010900632478296757
Benign,Benign,0.001317039248533547
Benign,Benign,0.0012748971348628402
Benign,Benign,0.0013900970807299018
Benign,Benign,0.0024000555276870728
Benign,Benign,0.002810607780702412
Benign,Benign,0.03783929790370166
Benign,Benign,0.07970627560280263
Benign,Benign,0.0025647487491369247
Benign,Benign,0.00307926454115659
Benign,Benign,0.00143381766974926
Benign,Benign,0.001404580194503069
Benign,Benign,0.0071616339846514165
Benign,Benign,0.001083996845409274
Benign,Benign,0.0012962832115590572
Benign,Benign,0.011479963082820177
Benign,Benign,0.010699917038436979
Benign,Benign,0.004524280302575789
Benign,Benign,0.0028101111529394984
Benign,Benign,0.01980746164917946
Benign,Benign,0.0012779496610164642
Benign,Benign,0.0013416113797575235
Benign,Benign,0.005816749049699865
Benign,Benign,0.0013090582797303796
Benign,Benign,0.057538894936442375
Benign,Benign,0.0010574397165328264
Benign,Benign,0.004843308939598501
Benign,Benign,0.0013362301979213953
Benign,Benign,0.001268670428544283
Benign,Benign,0.001083996845409274
Benign,Benign,0.002224106341600418
Benign,Benign,0.004358317004516721
Benign,Benign,0.0035953837214037776
Benign,Benign,0.08943846030160785
Benign,Benign,0.007629908010130748
Benign,Benign,0.0014165597967803478
Benign,Benign,0.0010574397165328264
Benign,Benign,0.0021027731709182262
Benign,Benign,0.08060748921707273
Benign,Benign,0.0045921283308416605
Benign,Benign,0.004645138222258538
Benign,Benign,0.033401823486201465
Benign,Benign,0.012335504172369838
Benign,Benign,0.003455091209616512
Benign,Benign,0.03122589597478509
Benign,Benign,0.04065268998965621
Benign,Benign,0.005331303458660841
Benign,Benign,0.0026224502362310886
Benign,Benign,0.0016114665195345879
Benign,Benign,0.003500484803225845
Benign,Benign,0.0015072898240759969
Benign,Benign,0.020300884963944554
Benign,Benign,0.0032499791122972965
Benign,Benign,0.0013603330589830875
Benign,Benign,0.027917316067032516
Benign,Benign,0.001053419429808855
Benign,Benign,0.041790902498178184
Benign,Benign,0.015314994379878044
Benign,Benign,0.0012748971348628402
Benign,Benign,0.0012996740406379104
Benign,Benign,0.005602973920758814
Benign,Benign,0.0032237327977782115
Benign,Benign,0.011823741486296058
Benign,Benign,0.0025586726842448115
Benign,Benign,0.004402445105370134
Benign,Benign,0.0012688052374869585
Benign,Benign,0.001053419429808855
Benign,Benign,0.0012619916815310717
Benign,Benign,0.0016456671291962266
Benign,Benign,0.008449801884125918
Benign,Benign,0.02306690311525017
Benign,Benign,0.015439648064784706
Benign,Benign,0.0013589889276772738
Benign,Benign,0.0014256112044677138
Benign,Benign,0.048404606874100864
Benign,Benign,0.001953710670932196
Benign,Benign,0.031770709436386824
Benign,Benign,0.005303098703734577
Benign,Benign,0.0010574397165328264
Benign,Benign,0.002478639129549265
Benign,Benign,0.015561988751869649
Benign,Benign,0.0014462892286246642
Benign,Benign,0.0012903581373393536
Benign,Benign,0.0015246672555804253
Benign,Benign,0.005453607765957713
Benign,Benign,0.001083996845409274
Benign,Benign,0.006288518896326423
Benign,Benign,0.026613599591655657
Benign,Benign,0.01840411958983168
Benign,Benign,0.0012392103672027588
Benign,Benign,0.015765254822326824
Benign,Benign,0.006541885421029292
Benign,Benign,0.022221711231395602
Benign,Benign,0.001263463986106217
Benign,Benign,0.0012559511233121157
Benign,Benign,0.005544801242649555
Benign,Benign,0.00449787633260712
Benign,Benign,0.008590428391471505
Benign,Benign,0.0013082160148769617
Benign,Benign,0.001354341278783977
Benign,Benign,0.0013386416248977184
Benign,Benign,0.007813740041456185
Benign,Benign,0.07381767220795155
Benign,Benign,0.042369138333015144
Benign,Benign,0.00466879946179688
Benign,Benign,0.0019568842835724354
Benign,Benign,0.013002561870962381
Benign,Benign,0.0013508014380931854
Benign,Benign,0.008919209692976438
Benign,Benign,0.0012195430463179946
Benign,Benign,0.001072405488230288
Benign,Benign,0.0034532791323726997
Benign,Benign,0.010806124308146536
Benign,Benign,0.006823126634117216
Benign,Benign,0.0012949052033945918
Benign,Benign,0.0013078729389235377
Benign,Benign,0.0032604161533527076
Benign,Benign,0.001290512620471418
Benign,Benign,0.004279762506484985
Benign,Benign,0.0010574397165328264
Benign,Benign,0.003948944271542132
Benign,Benign,0.0021118129225214943
Benign,Benign,0.0017132223583757877
Benign,Benign,0.0012903581373393536
Benign,Benign,0.009765429407707416
Benign,Benign,0.0037586593389278278
Benign,Benign,0.05973935918882489
Benign,Benign,0.19316144660115242
Benign,Benign,0.001053419429808855
Benign,Benign,0.001636250497540459
Benign,Benign,0.013473415223415941
Benign,Benign,0.0042790572479134426
Benign,Benign,0.0013547925045713782
Benign,Benign,0.0012949052033945918
Benign,Benign,0.015654599061235785
Benign,Benign,0.00601266254670918
Benign,Benign,0.011229392373934388
Benign,Benign,0.030273711250629276
Benign,Benign,0.0013399048475548625
Benign,Benign,0.0036541789304465055
Benign,Benign,0.001398399006575346
Benign,Benign,0.001279762596823275
Benign,Benign,0.01931494497694075
Benign,Benign,0.006034516482031904
Benign,Benign,0.009212197022861801
Benign,Benign,0.0311284433118999
Benign,Benign,0.012848417682107538
Benign,Benign,0.028263023821637034
Benign,Benign,0.00355373413185589
Benign,Benign,0.05533849622588605
Benign,Benign,0.014524462865665555
Benign,Benign,0.0012911984231323004
Benign,Benign,0.0013237802777439356
Benign,Benign,0.33903976157307625
Benign,Benign,0.0022506634704768658
Benign,Benign,0.16592732490971684
Benign,Benign,0.0017164148157462478
Benign,Benign,0.004164549522101879
Benign,Benign,0.0018965342314913869
Benign,Benign,0.01319415878970176
Benign,Benign,0.0017218348802998662
Benign,Benign,0.0015560843603452668
Benign,Benign,0.0012996740406379104
Benign,Benign,0.0015426247846335173
Benign,Benign,0.005262153325020336
Benign,Benign,0.03913801675662398
Benign,Benign,0.0036362155224196613
Benign,Benign,0.0010574397165328264
Benign,Benign,0.0016551385633647442
Benign,Benign,0.0015533389523625374
Benign,Benign,0.0026494618505239487
Benign,Benign,0.0030206050723791122
Benign,Benign,0.0025583108654245734
Benign,Benign,0.0010574397165328264
Benign,Benign,0.0013868301175534725
Benign,Benign,0.0018926978664239869
Benign,Benign,0.0011174577521160245
Benign,Benign,0.002649076486704871
Benign,Benign,0.0029508141888072714
Benign,Benign,0.0012977870646864176
Benign,Benign,0.00526084887678735
Benign,Benign,0.0034346170723438263
Benign,Benign,0.01145214680582285
Benign,Benign,0.0012751672184094787
Benign,Benign,0.007472867786418647
Benign,Benign,0.03511521266773343
Benign,Benign,0.0035749547969317064
Benign,Benign,0.035020342911593616
Benign,Benign,0.0010574397165328264
Benign,Benign,0.0012698923237621784
Benign,Benign,0.0013020860496908426
Benign,Benign,0.00809776852838695
Benign,Benign,0.005384121555835009
Benign,Benign,0.0403893431648612
Benign,Benign,0.003484091008431278
Benign,Benign,0.0025118603371083736
Benign,Benign,0.001656078704399988
Benign,Benign,0.004509441088885069
Benign,Benign,0.0012896504485979676
Benign,Benign,0.004491336410865188
Benign,Benign,0.0014628046046709642
Benign,Benign,0.11132550984621048
Benign,Benign,0.0035480621736496687
Benign,Benign,0.001286016427911818
Benign,Benign,0.020174295583274215
Benign,Benign,0.005474288482218981
Benign,Benign,0.0017567944014444947
Benign,Benign,0.0012756389332935214
Benign,Benign,0.0026379268092568964
Benign,Benign,0.01180240057874471
Benign,Benign,0.03685335488989949
Benign,Benign,0.008368417562451214
Benign,Benign,0.003591253247577697
Benign,Benign,0.0010852114064618945
Benign,Benign,0.013860510080121458
Benign,Benign,0.0018932975362986326
Benign,Benign,0.015626816486474127
Benign,Benign,0.028435646527213976
Benign,Benign,0.0034617423079907894
Benign,Benign,0.02882266597589478
Benign,Benign,0.0032499791122972965
Benign,Benign,0.001511507318355143
Benign,Benign,0.0012982069747522473
Benign,Benign,0.04439222509972751
Benign,Benign,0.01945573219563812
Benign,Benign,0.0012933743419125676
Benign,Benign,0.01505737379193306
Benign,Benign,0.0012655595783144236
Benign,Benign,0.05193146591773257
Benign,Benign,0.009337382856756449
Benign,Benign,0.0035319092858117074
Benign,Benign,0.001056062406860292
Benign,Benign,0.02725102915428579
Benign,Benign,0.002665469524799846
Benign,Benign,0.02564668374543544
Benign,Benign,0.0014152241637930274
Benign,Benign,0.009316668365499936
Benign,Benign,0.002648630630574189
Benign,Benign,0.020650625228881836
Benign,Benign,0.002051971387118101
Benign,Benign,0.01529961172491312
Benign,Benign,0.0012748971348628402
Benign,Benign,0.0029282430186867714
Benign,Benign,0.0018114682607119903
Benign,Benign,0.0013135273475199938
Benign,Benign,0.0022885326761752367
Benign,Benign,0.05510457465425134
Benign,Benign,0.0031636105850338936
Benign,Benign,0.001240932266227901
Benign,Benign,0.04072552127763629
Benign,Benign,0.01938741811318323
Benign,Benign,0.020293977577239275
Benign,Benign,0.003637455985881388
Benign,Benign,0.003830547444522381
Benign,Benign,0.0013562581734731793
Benign,Benign,0.0013192323967814445
Benign,Benign,0.0029673235258087516
Benign,Benign,0.011583033367060125
Benign,Benign,0.0027262591756880283
Benign,Benign,0.012913162805489264
Benign,Benign,0.002326749265193939
Benign,Benign,0.00624514720402658
Benign,Benign,0.0010900553315877914
Benign,Benign,0.015944054233841598
Benign,Benign,0.0010368318762630224
Benign,Benign,0.004577040206640959
Benign,Benign,0.003481816020212136
Benign,Benign,0.008177070994861424
Benign,Benign,0.003026493708603084
Benign,Benign,0.016138623221195303
Benign,Benign,0.0013314553070813417
Benign,Benign,0.0040588261326774955
Benign,Benign,0.006127871514763683
Benign,Benign,0.0012937616556882858
Benign,Benign,0.005600784905254841
Benign,Benign,0.0013016893062740564
Benign,Benign,0.001083996845409274
Benign,Benign,0.0024967510253190994
Benign,Benign,0.00542176968883723
Benign,Benign,0.0010574397165328264
Benign,Benign,0.020786040113307536
Benign,Benign,0.08068646676838398
Benign,Benign,0.0013544362736865878
Benign,Benign,0.013247484515886754
Benign,Benign,0.017681846860796213
Benign,Benign,0.004693567490903661
Benign,Benign,0.003142338930047117
Benign,Benign,0.002714606234803796
Benign,Benign,0.010097043821588159
Benign,Benign,0.0010574397165328264
Benign,Benign,0.001794022275134921
Benign,Benign,0.002133406465873122
Benign,Benign,0.0010574397165328264
Benign,Benign,0.003999619162641466
Benign,Benign,0.006054445402696729
Benign,Benign,0.002292086137458682
Benign,Benign,0.0013361664023250341
Benign,Benign,0.0010493912268429995
Benign,Benign,0.0014239712618291378
Benign,Benign,0.007799230923410505
Benign,Benign,0.001053419429808855
Benign,Benign,0.006791738327592611
Benign,Benign,0.029675571713596582
Benign,Benign,0.0013281404972076416
Benign,Benign,0.005023952544433996
Benign,Benign,0.025968285626731813
Benign,Benign,0.019591433403547853
Benign,Benign,0.0015437203692272305
Benign,Benign,0.0016766346234362572
Benign,Benign,0.0026122969575226307
Benign,Benign,0.006088189082220197
Benign,Benign,0.014611792052164674
Benign,Benign,0.0012824699515476823
Benign,Benign,0.0057249446253990754
Benign,Benign,0.006356222729664296
Benign,Benign,0.0012996740406379104
Benign,Benign,0.00923087407136336
Benign,Benign,0.06420913524925709
Benign,Benign,0.013314828684087843
Benign,Benign,0.001083996845409274
Benign,Benign,0.0010488430270925164
Benign,Benign,0.003608979721320793
Benign,Benign,0.0029306071664905176
Benign,Benign,0.013576551747974008
Benign,Benign,0.001100327237509191
Benign,Benign,0.005780551553471014
Benign,Benign,0.00976813814486377
Benign,Benign,0.0015218796906992793
Benign,Benign,0.009323507998487912
Benign,Benign,0.0011136425891891122
Benign,Benign,0.0013202207628637552
Benign,Benign,0.001270954147912562
Benign,Benign,0.0013747477205470204
Benign,Benign,0.004170830827206373
Benign,Benign,0.00136468349955976
Benign,Benign,0.0404661213979125
Benign,Benign,0.03926154458895326
Benign,Benign,0.001438019549823366
Benign,Benign,0.001053419429808855
Benign,Benign,0.0014822510856902227
Benign,Benign,0.0014063083799555898
Benign,Benign,0.0017094463109970093
Benign,Benign,0.005689550889655948
Benign,Benign,0.009310878565884195
Benign,Benign,0.003784618224017322
Benign,Benign,0.002203498501330614
Benign,Benign,0.001280056545510888
Benign,Benign,0.005107542951009236
Benign,Benign,0.0010852114064618945
Benign,Benign,0.0032133981003426015
Benign,Benign,0.0012254648609086871
Benign,Benign,0.001053419429808855
Benign,Benign,0.0012609155382961035
Benign,Benign,0.007970487436978146
Benign,Benign,0.0010574397165328264
Benign,Benign,0.0034923748462460935
Benign,Benign,0.001044522039592266
Benign,Benign,0.003880626056343317
Benign,Benign,0.0010450679110363126
Benign,Benign,0.001859996555140242
Benign,Benign,0.0010574397165328264
Benign,Benign,0.0012740825768560171
Benign,Benign,0.0010574397165328264
Benign,Benign,0.001083996845409274
Benign,Benign,0.01736584573518485
Benign,Benign,0.04684690898284316
Benign,Benign,0.0034916759468615055
Benign,Benign,0.005648495047353208
Benign,Benign,0.2134133270010352
Benign,Benign,0.008154883049428463
Benign,Benign,0.005319607793353498
Benign,Benign,0.0026600401615723968
Benign,Benign,0.0012553957058116794
Benign,Benign,0.013595840893685818
Benign,Benign,0.004639419727027416
Benign,Benign,0.0018273097230121493
Benign,Benign,0.005876653536688536
Benign,Benign,0.002825392410159111
Benign,Benign,0.08089881693013012
Benign,Benign,0.002255076076835394
Benign,Benign,0.0025497975293546915
Benign,Benign,0.0024541502352803946
Benign,Benign,0.019785479627898894
Benign,Benign,0.0026980370603268966
Benign,Benign,0.0025289428886026144
Benign,Benign,0.0013650379842147231
Benign,Benign,0.0013512435834854841
Benign,Benign,0.0017567944014444947
Benign,Benign,0.0014991803327575326
Benign,Benign,0.0017720730975270271
Benign,Benign,0.0012748971348628402
Benign,Benign,0.004959614365361631
Benign,Benign,0.0566099532879889
Benign,Benign,0.00145265634637326
Benign,Benign,0.0030426306038862094
Benign,Benign,0.0012945164926350117
Benign,Benign,0.01400477065180894
Benign,Benign,0.0012996740406379104
Benign,Benign,0.0013657913077622652
Benign,Benign,0.0013001627521589398
Benign,Benign,0.034859706182032824
Benign,Benign,0.0012974266428500414
Benign,Benign,0.001255364390090108
Benign,Benign,0.010034125065430999
Benign,Benign,0.0013742820592597127
Benign,Benign,0.0025763071462279186
Benign,Benign,0.0010450679110363126
Benign,Benign,0.0028517211321741343
Benign,Benign,0.002369846682995558
Benign,Benign,0.0038173948414623737
Benign,Benign,0.003280111588537693
Benign,Benign,0.0014024549018358812
Benign,Benign,0.0013132881140336394
Benign,Benign,0.11540657182922587
Benign,Benign,0.0013237802777439356
Benign,Benign,0.0013746803160756826
Benign,Benign,0.02929818374104798
Benign,Benign,0.02136619610246271
Benign,Benign,0.0014862442621961236
Benign,Benign,0.0032499791122972965
Benign,Benign,0.002290603762958199
Benign,Benign,0.0017028532456606627
Benign,Benign,0.0014090336335357279
Benign,Benign,0.013604125211713836
Benign,Benign,0.02785162953659892
Benign,Benign,0.007590577690280043
Benign,Benign,0.0014023362891748548
Benign,Benign,0.0012756044743582606
Benign,Benign,0.017544429283589125
Benign,Benign,0.00582231416774448
Benign,Benign,0.00128947792109102
Benign,Benign,0.014321062888484448
Benign,Benign,0.0014086015289649367
Benign,Benign,0.003159985048114322
Benign,Benign,0.0014306306838989258
Benign,Benign,0.0024655283195897937
Benign,Benign,0.002788757425150834
Benign,Benign,0.0012545830104500055
Benign,Benign,0.004314868419896811
Benign,Benign,0.0012685861438512802
Benign,Benign,0.003227022709324956
Benign,Benign,0.0017360777128487825
Benign,Benign,0.0015320611419156194
Benign,Benign,0.012698459380771965
Benign,Benign,0.0013027096865698695
Benign,Benign,0.0010574397165328264
Benign,Benign,0.001469639828428626
Benign,Benign,0.0012996740406379104
Benign,Benign,0.006279085500864312
Benign,Benign,0.0024853551294654608
Benign,Benign,0.019669932080432773
Benign,Benign,0.041257672710344195
Benign,Benign,0.0018277690978720784
Benign,Benign,0.00622598099289462
Benign,Benign,0.0027448104228824377
Benign,Benign,0.0012929907534271479
Benign,Benign,0.03767539816908538
Benign,Benign,0.0010574397165328264
Benign,Benign,0.003849715692922473
Benign,Benign,0.0012860371498391032
Benign,Benign,0.00856909662252292
Benign,Benign,0.0015345796709880233
Benign,Benign,0.0012386622838675976
Benign,Benign,0.0018353888153797016
Benign,Benign,0.0024345737183466554
Benign,Benign,0.001100327237509191
Benign,Benign,0.01020183133368846
Benign,Benign,0.0014074291102588177
Benign,Benign,0.0013587662251666188
Benign,Benign,0.001570560852997005
Benign,Benign,0.0012492832029238343
Benign,Benign,0.0014925911091268063
Benign,Benign,0.0012414315715432167
Benign,Benign,0.0012949052033945918
Benign,Benign,0.005239278063527308
Benign,Benign,0.0016836394788697362
Benign,Benign,0.0036444286815822124
Benign,Benign,0.003703973488882184
Benign,Benign,0.0010262717260047793
Benign,Benign,0.004563200840493664
Benign,Benign,0.0013305989559739828
Benign,Benign,0.002740994095802307
Benign,Benign,0.0010852114064618945
Benign,Benign,0.01928221614798531
Benign,Benign,0.0010574397165328264
Benign,Benign,0.0022804874315625057
Benign,Benign,0.0015370299661299214
Benign,Benign,0.0010574397165328264
Benign,Benign,0.009611519970349036
Benign,Benign,0.003995033912360668
Benign,Benign,0.0014454226475208998
Benign,Benign,0.02067206136416644
Benign,Benign,0.010562492534518242
Benign,Benign,0.001083996845409274
Benign,Benign,0.01228335709311068
Benign,Benign,0.0022144331596791744
Benign,Benign,0.0010574397165328264
Benign,Benign,0.00265471450984478
Benign,Benign,0.0010574397165328264
Benign,Benign,0.0014566731406375766
Benign,Benign,0.01731744990684092
Benign,Benign,0.0014660225715488195
Benign,Benign,0.0012937616556882858
Benign,Benign,0.003388871904462576
Benign,Benign,0.001321482821367681
Benign,Benign,0.0033174152486026287
Benign,Benign,0.0013330008368939161
Benign,Benign,0.002858460822608322
Benign,Benign,0.0010574397165328264
Benign,Benign,0.001258202246390283
Benign,Benign,0.0047021628706716
Benign,Benign,0.0018534400733187795
Benign,Benign,0.0013627163134515285
Benign,Benign,0.0017374419840052724
Benign,Benign,0.0016131922457134351
Benign,Benign,0.0018763787811622024
Benign,Benign,0.001978471875190735
Benign,Benign,0.006006138399243355
Benign,Benign,0.008517437847331166
Benign,Benign,0.0018628613179316744
Benign,Benign,0.002304567431565374
Benign,Benign,0.001083996845409274
Benign,Benign,0.0010574397165328264
Benign,Benign,0.18588952533900738
Benign,Benign,0.041131533187581226
Benign,Benign,0.05416456935927272
Benign,Benign,0.01728400166030042
Benign,Benign,0.0010493912268429995
Benign,Benign,0.0015257844788720831
Benign,Benign,0.0026006486732512712
Benign,Benign,0.007849193294532597
Benign,Benign,0.0011463927803561091
Benign,Benign,0.010095144854858518
Benign,Benign,0.0014555687084794044
Benign,Benign,0.0020385627285577357
Benign,Benign,0.1311523299664259
Benign,Benign,0.0013090582797303796
Benign,Benign,0.05040182906668633
Benign,Benign,0.012568076112074777
Benign,Benign,0.0011673654662445188
Benign,Benign,0.0292566972784698
Benign,Benign,0.022741161286830902
Benign,Benign,0.0016161882085725665
Benign,Benign,0.0012379316613078117
Benign,Benign,0.011977482587099075
Benign,Benign,0.0017914150230353698
Benign,Benign,0.0015534395352005959
Benign,Benign,0.0019823528709821403
Benign,Benign,0.0010493912268429995
Benign,Benign,0.005004333681426942
Benign,Benign,0.0014762067003175616
Benign,Benign,0.005168859788682312
Benign,Benign,0.0012567646335810423
Benign,Benign,0.001431869575753808
Benign,Benign,0.005013307760236785
Benign,Benign,0.001434758072718978
Benign,Benign,0.0012402210850268602
Benign,Benign,0.0015058795688673854
Benign,Benign,0.029452942282659933
Benign,Benign,0.009081327065359801
Benign,Benign,0.012443303712643683
Benign,Benign,0.001434758072718978
Benign,Benign,0.26226008497178555
Benign,Benign,0.001311915460973978
Benign,Benign,0.0021535780688282102
Benign,Benign,0.00308100669644773
Benign,Benign,0.015925093553960323
Benign,Benign,0.004809873513295315
Benign,Benign,0.002613146905787289
Benign,Benign,0.03331571142189205
Benign,Benign,0.002727929619140923
Benign,Benign,0.006902978289872408
Benign,Benign,0.0017810991121223196
Benign,Benign,0.010823308664839715
Benign,Benign,0.11443881690502167
Benign,Benign,0.002572343684732914
Benign,Benign,0.0017183457966893911
Benign,Benign,0.005337263457477093
Benign,Benign,0.006017143590725027
Benign,Benign,0.002926204295363277
Benign,Benign,0.00165652169380337
Benign,Benign,0.001445630332455039
Benign,Benign,0.0280295107368147
Benign,Benign,0.009745867675519548
Benign,Benign,0.0076944128959439695
Benign,Benign,0.11550654188613407
Benign,Benign,0.05033323331736028
Benign,Benign,0.008489008527249098
Benign,Benign,0.002210757680586539
Benign,Benign,0.013978380826301873
Benign,Benign,0.011996046174317598
Benign,Benign,0.004650356015190482
Benign,Benign,0.0038287832285277545
Benign,Benign,0.001556997638544999
Benign,Benign,0.015259642037563026
Benign,Benign,0.001044522039592266
Benign,Benign,0.0010574397165328264
Benign,Benign,0.03668849356472492
Benign,Benign,0.001083996845409274
Benign,Benign,0.001968553988263011
Benign,Benign,0.001083996845409274
Benign,Benign,0.0010488430270925164
Benign,Benign,0.0016064514638856053
Benign,Benign,0.0010574397165328264
Benign,Benign,0.013173233484849334
Benign,Benign,0.013523631205316633
Benign,Benign,0.0013105133548378944
Benign,Benign,0.013709803228266537
Benign,Benign,0.0012927267234772444
Benign,Benign,0.005057929767644964
Benign,Benign,0.0012552622938528657
Benign,Benign,0.00801025191321969
Benign,Benign,0.0010574397165328264
Benign,Benign,0.0014582118019461632
Benign,Benign,0.004286843119189143
Benign,Benign,0.0014549345942214131
Benign,Benign,0.0074519142508506775
Benign,Benign,0.0013071061111986637
Benign,Benign,0.008190705208107829
Benign,Benign,0.0014437525533139706
Benign,Benign,0.009070459054782987
Benign,Benign,0.0029783324571326375
Benign,Benign,0.006056833430193365
Benign,Benign,0.0013845395296812057
Benign,Benign,0.002649861606187187
Benign,Benign,0.0013352942187339067
Benign,Benign,0.0022517801262438297
Benign,Benign,0.006261630202061497
Benign,Benign,0.0012625985546037555
Benign,Benign,0.0012803287245333195
Benign,Benign,0.011973882501479238
Benign,Benign,0.0027248281840002164
Benign,Benign,0.007040165350190364
Benign,Benign,0.0036878169048577547
Benign,Benign,0.003983548376709223
Benign,Benign,0.07411689916625619
Benign,Benign,0.001423246692866087
Benign,Benign,0.0010574397165328264
Benign,Benign,0.011724521813448519
Benign,Benign,0.04362564336042851
Benign,Benign,0.0649908185005188
Benign,Benign,0.001502833081758581
Benign,Benign,0.006428954191505909
Benign,Benign,0.0013828573282808065
Benign,Benign,0.0048174548137467355
Benign,Benign,0.002942781167803332
Benign,Benign,0.011399411363527179
Benign,Benign,0.008559893452911638
Benign,Benign,0.008112712064757943
Benign,Benign,0.0013651074841618538
Benign,Benign,0.001316811190918088
Benign,Benign,0.0016330073995050043
Benign,Benign,0.0013027096865698695
Benign,Benign,0.0012999667087569833
Benign,Benign,0.00229864742141217
Benign,Benign,0.0027092366944998503
Benign,Benign,0.0036663784412667155
Benign,Benign,0.007319130701944232
Benign,Benign,0.001279517775401473
Benign,Benign,0.10471054422669113
Benign,Benign,0.005047447280958295
Benign,Benign,0.011544620851054788
Benign,Benign,0.004541491623967886
Benign,Benign,0.015579869854263961
Benign,Benign,0.0012937135761603713
Benign,Benign,0.003731143777258694
Benign,Benign,0.013939201569883153
Benign,Benign,0.06912501761689782
Benign,Benign,0.001286016427911818
Benign,Benign,0.009339178155642003
Benign,Benign,0.032487952965311706
Benign,Benign,0.01174789562355727
Benign,Benign,0.002087391447275877
Benign,Benign,0.002307837115949951
Benign,Benign,0.0020747671951539814
Benign,Benign,0.014564260607585311
Benign,Benign,0.0033997387945419177
Benign,Benign,0.023589435731992126
Benign,Benign,0.0013174815103411674
Benign,Benign,0.010547153069637716
Benign,Benign,0.005888280458748341
Benign,Benign,0.0012937616556882858
Benign,Benign,0.0013349525397643447
Benign,Benign,0.0013595335185527802
Benign,Benign,0.004696285323007032
Benign,Benign,0.01446834346279502
Benign,Benign,0.0021828445605933666
Benign,Benign,0.005227841189480387
Benign,Benign,0.003827039385214448
Benign,Benign,0.010897885484155267
Benign,Benign,0.0025667769368737936
Benign,Benign,0.008140016754623502
Benign,Benign,0.005646041099680588
Benign,Benign,0.0017325136432191357
Benign,Benign,0.09749433677643538
Benign,Benign,0.0010369145311415195
Benign,Benign,0.004444527381565422
Benign,Benign,0.08357622561743483
Benign,Benign,0.0029375924495980144
Benign,Benign,0.0021215253364061937
Benign,Benign,0.005124117946252227
Benign,Benign,0.0015425961319124326
Benign,Benign,0.0301751111401245
Benign,Benign,0.008777527124038897
Benign,Benign,0.0028853698022430763
Benign,Benign,0.002713566762395203
Benign,Benign,0.001275405054911971
Benign,Benign,0.003096568863838911
Benign,Benign,0.013293904688907787
Benign,Benign,0.02882301528006792
Benign,Benign,0.001265674247406423
Benign,Benign,0.001434758072718978
Benign,Benign,0.0010493912268429995
Benign,Benign,0.023980614729225636
Benign,Benign,0.011009467474650592
Benign,Benign,0.0036445928271859884
Benign,Benign,0.0010574397165328264
Benign,Benign,0.013603619241621345
Benign,Benign,0.0012903581373393536
Benign,Benign,0.005602844932582229
Benign,Benign,0.0037550379056483507
Benign,Benign,0.001324501121416688
Benign,Benign,0.0012911984231323004
Benign,Benign,0.0014268392696976662
Benign,Benign,0.0019452491542324424
Benign,Benign,0.01804739746148698
Benign,Benign,0.0014660225715488195
Benign,Benign,0.001323446398600936
Benign,Benign,0.0019026926020160317
Benign,Benign,0.006487253805971704
Benign,Benign,0.0030466757889371365
Benign,Benign,0.001083996845409274
Benign,Benign,0.0013941952493041754
Benign,Benign,0.017992996610701084
Benign,Benign,0.0010574397165328264
Benign,Benign,0.030378103954717517
Benign,Benign,0.006232314044609666
Benign,Benign,0.0013147054705768824
Benign,Benign,0.0036266883689677343
Benign,Benign,0.002541667432524264
Benign,Benign,0.015251669043209404
Benign,Benign,0.006582322181202471
Benign,Benign,0.0013930867426097393
Benign,Benign,0.02775418048258871
Benign,Benign,0.0026501918910071254
Benign,Benign,0.004815106265596114
Benign,Benign,0.007062585777021013
Benign,Benign,0.011145617056172341
Benign,Benign,0.0598765853792429
Benign,Benign,0.0012996740406379104
Benign,Benign,0.009264414256904274
Benign,Benign,0.010157138109207153
Benign,Benign,0.001083996845409274
Benign,Benign,0.0012996740406379104
Benign,Benign,0.001646896474994719
Benign,Benign,0.01640495506580919
Benign,Benign,0.007136905551305972
Benign,Benign,0.0019791988597717136
Benign,Benign,0.09810127085074782
Benign,Benign,0.00550393013691064
Benign,Benign,0.004159364849328995
Benign,Benign,0.07268011290580034
Benign,Benign,0.0035064229741692543
Benign,Benign,0.0013387694489210844
Benign,Benign,0.017605077009648085
Benign,Benign,0.01625481224618852
Benign,Benign,0.008010131714399904
Benign,Benign,0.0013001627521589398
Benign,Benign,0.029723645886406302
Benign,Benign,0.005732452715164982
Benign,Benign,0.0016417736042058095
Benign,Benign,0.07790070096962154
Benign,Benign,0.009740694891661406
Benign,Benign,0.0037772818468511105
Benign,Benign,0.0016386480856454
Benign,Benign,0.0010574397165328264
Benign,Benign,0.004510937433224171
Benign,Benign,0.0012750276364386082
Benign,Benign,0.022882596938870847
Benign,Benign,0.0072252547688549384
Benign,Benign,0.020418124680873007
Benign,Benign,0.0024792237672954798
Benign,Benign,0.004443461773917079
Benign,Benign,0.0010574397165328264
Benign,Benign,0.0013776362175121903
Benign,Benign,0.02781859308015555
Benign,Benign,0.0015162636991590261
Benign,Benign,0.010800097021274269
Benign,Benign,0.0014111436903476715
Benign,Benign,0.001421194989234209
Benign,Benign,0.004891451433650218
Benign,Benign,0.001083996845409274
Benign,Benign,0.0014247966319089755
Benign,Benign,0.022348174825310707
Benign,Benign,0.0071525482926517725
Benign,Benign,0.0010574397165328264
Benign,Benign,0.0031131650030147284
Benign,Benign,0.004576383129460737
Benign,Benign,0.0021353033371269703
Benign,Benign,0.22681551426649094
Benign,Benign,0.0029608754557557404
Benign,Benign,0.004716355819255114
Benign,Benign,0.0024207243404816836
Benign,Benign,0.02768248412758112
Benign,Benign,0.019391032867133617
Benign,Benign,0.09039776073768735
Benign,Benign,0.005884597063413821
Benign,Benign,0.01469714823178947
Benign,Benign,0.0026024613762274384
Benign,Benign,0.001370509504340589
Benign,Benign,0.0020190346403978765
Benign,Benign,0.002191784544265829
Benign,Benign,0.12311132159084082
Benign,Benign,0.0033924521412700415
Benign,Benign,0.003347210105857812
Benign,Benign,0.004811242441064678
Benign,Benign,0.007610688888235018
Benign,Benign,0.004015291982796043
Benign,Benign,0.0016080030472949147
Benign,Benign,0.0012753392802551389
Benign,Benign,0.0016404315829277039
Benign,Benign,0.002671810332685709
Benign,Benign,0.0044431695132516325
Benign,Benign,0.0023172686342149973
Benign,Benign,0.0035679808352142572
Benign,Benign,0.0034859562147175893
Benign,Benign,0.02158678880368825
Benign,Benign,0.01930448436178267
Benign,Benign,0.0010262717260047793
Benign,Benign,0.0012928028590977192
Benign,Benign,0.0013279487611725926
Benign,Benign,0.0015826284361537546
Benign,Benign,0.006581075896974653
Benign,Benign,0.0012748971348628402
Benign,Benign,0.0014970297925174236
Benign,Benign,0.0075969410536345094
Benign,Benign,0.02151069021783769
Benign,Benign,0.002930541755631566
Benign,Benign,0.0012567220110213384
Benign,Benign,0.017551711993291974
Benign,Benign,0.09226245200261474
Benign,Benign,0.0010574397165328264
Benign,Benign,0.0013265191810205579
Benign,Benign,0.005859633907675743
Benign,Benign,0.003469364484772086
Benign,Benign,0.001374349812977016
Benign,Benign,0.004965000785887241
Benign,Benign,0.0014632412930950522
Benign,Benign,0.008334021084010601
Benign,Benign,0.0036966640036553144
Benign,Benign,0.012134725213400088
Benign,Benign,0.0027891406643902883
Benign,Benign,0.0010290986392647028
Benign,Benign,0.03440904105082154
Benign,Benign,0.024248032772447914
Benign,Benign,0.0012619916815310717
Benign,Benign,0.0016847950173541903
Benign,Benign,0.0023492136679124087
Benign,Benign,0.0015071077505126595
Benign,Benign,0.005060996045358479
Benign,Benign,0.0013907730753999203
Benign,Benign,0.0013117978814989328
Benign,Benign,0.001083996845409274
Benign,Benign,0.012189547880552709
Benign,Benign,0.00239409226924181
Benign,Benign,0.0012650504941120744
Benign,Benign,0.001256975345313549
Benign,Benign,0.0012996740406379104
Benign,Benign,0.008198660099878907
Benign,Benign,0.00149263977073133
Benign,Benign,0.1347197126597166
Benign,Benign,0.002755133420578204
Benign,Benign,0.006871011108160019
Benign,Benign,0.015095277747604996
Benign,Benign,0.005073227221146226
Benign,Benign,0.004594632191583514
Benign,Benign,0.0012522597098723054
Benign,Benign,0.0038368795067071915
Benign,Benign,0.004843598217121325
Benign,Benign,0.002224106341600418
Benign,Benign,0.0019708529580384493
Benign,Benign,0.0028191702294861898
Benign,Benign,0.02072127534484025
Benign,Benign,0.004704931037849747
Benign,Benign,0.0021152844274183735
Benign,Benign,0.001083996845409274
Benign,Benign,0.003590648528188467
Benign,Benign,0.07518107024952769
Benign,Benign,0.013676804141141474
Benign,Benign,0.0010574397165328264
Benign,Benign,0.0012996740406379104
Benign,Benign,0.006743073579855263
Benign,Benign,0.005986356642097235
Benign,Benign,0.001083996845409274
Benign,Benign,0.0026113363564945757
Benign,Benign,0.002712490502744913
Benign,Benign,0.0012498728465288877
Benign,Benign,0.0013108302373439074
Benign,Benign,0.1076758480630815
Benign,Benign,0.0016120502114063129
Benign,Benign,0.001266311970539391
Benign,Benign,0.0014623311581090093
Benign,Benign,0.005150431767106056
Benign,Benign,0.0019217698136344552
Benign,Benign,0.004225303302519023
Benign,Benign,0.01595646276837215
Benign,Benign,0.001289241830818355
Benign,Benign,0.001486091292463243
Benign,Benign,0.009097058093175292
Benign,Benign,0.001083996845409274
Benign,Benign,0.008883745278581046
Benign,Benign,0.01056105617317371
Benign,Benign,0.06479516898980364
Benign,Benign,0.0015776162035763264
Benign,Benign,0.009700546972453594
Benign,Benign,0.001458706334233284
Benign,Benign,0.008458196185529232
Benign,Benign,0.0036058192927157506
Benign,Benign,0.010194749978836626
Benign,Benign,0.047829029615968466
Benign,Benign,0.0012619916815310717
Benign,Benign,0.0012996740406379104
Benign,Benign,0.003961221314966679
Benign,Benign,0.011029076296836138
Benign,Benign,0.0010574397165328264
Benign,Benign,0.030486588133499026
Benign,Benign,0.004762758733704686
Benign,Benign,0.01055800577159971
Benign,Benign,0.00667450251057744
Benign,Benign,0.001339528476819396
Benign,Benign,0.0012254648609086871
Benign,Benign,0.03659830417018384
Benign,Benign,0.0014717250596731901
Benign,Benign,0.001248961896635592
Benign,Benign,0.017680072676739655
Benign,Benign,0.00286330992821604
Benign,Benign,0.0014955053338781
Benign,Benign,0.008460756376734935
Benign,Benign,0.004298630869016051
Benign,Benign,0.011923409183509648
Benign,Benign,0.0065754695096984506
Benign,Benign,0.003656789194792509
Benign,Benign,0.0024363058619201183
Benign,Benign,0.0044615641090786085
Benign,Benign,0.0012986211804673076
Benign,Benign,0.002729542669840157
Benign,Benign,0.004066358073032461
Benign,Benign,0.001282623503357172
Benign,Benign,0.003616946953115985
Benign,Benign,0.040765970887150615
Benign,Benign,0.0013525793328881264
Benign,Benign,0.009130560079938732
Benign,Benign,0.006953189134947024
Benign,Benign,0.0012619916815310717
Benign,Benign,0.0010493912268429995
Benign,Benign,0.002542722737416625
Benign,Benign,0.0018658990738913417
Benign,Benign,0.021862150169909
Benign,Benign,0.0020355809101602063
Benign,Benign,0.0012330106692388654
Benign,Benign,0.0012414315715432167
Benign,Benign,0.029167152708396316
Benign,Benign,0.017265570699237287
Benign,Benign,0.0036411983310244977
Benign,Benign,0.0015050037764012814
Benign,Benign,0.01927338814130053
Benign,Benign,0.02389888232573867
Benign,Benign,0.0066600350983208045
Benign,Benign,0.0017624799511395395
Benign,Benign,0.0013936030445620418
Benign,Benign,0.0013659268151968718
Benign,Benign,0.007426344309351407
Benign,Benign,0.0029434914322337136
Benign,Benign,0.0012589561520144343
Benign,Benign,0.0357662522001192
Benign,Benign,0.047149992082268
Benign,Benign,0.0013390486128628254
Benign,Benign,0.011806665192125365
Benign,Benign,0.05398671788861975
Benign,Benign,0.0032917633652687073
Benign,Benign,0.01368321874178946
Benign,Benign,0.001315492670983076
Benign,Benign,0.0022305918391793966
Benign,Benign,0.0013992140302434564
Benign,Benign,0.0029765397775918245
Benign,Benign,0.0012392103672027588
Benign,Benign,0.014893351573846303
Benign,Benign,0.0014454226475208998
Benign,Benign,0.003467210801318288
Benign,Benign,0.008184894802980125
Benign,Benign,0.0014919004024704918
Benign,Benign,0.0012705889530479908
Benign,Benign,0.004723366349935532
Benign,Benign,0.003835058756521903
Benign,Benign,0.001987638184800744
Benign,Benign,0.0043171364814043045
Benign,Benign,0.001898844144307077
Benign,Benign,0.0014561862626578659
Benign,Benign,0.0010574397165328264
Benign,Benign,0.0012911984231323004
Benign,Benign,0.001337096793577075
Benign,Benign,0.026895683142356575
Benign,Benign,0.019621617975644767
Benign,Benign,0.007144592935219407
Benign,Benign,0.006695685413433239
Benign,Benign,0.0010852114064618945
Benign,Benign,0.01255921385018155
Benign,Benign,0.003347924430272542
Benign,Benign,0.013484100345522165
Benign,Benign,0.03016866627149284
Benign,Benign,0.008157441567163914
Benign,Benign,0.005348901264369488
Benign,Benign,0.001083996845409274
Benign,Benign,0.0010574397165328264
Benign,Benign,0.0028133541345596313
Benign,Benign,0.014972353295888752
Benign,Benign,0.004536831635050476
Benign,Benign,0.004009821452200413
Benign,Benign,0.11840740020852536
Benign,Benign,0.004301103006582707
Benign,Benign,0.005225111381150782
Benign,Benign,0.001601510331965983
Benign,Benign,0.0010574397165328264
Benign,Benign,0.001189077040180564
Benign,Benign,0.0034387800842523575
Benign,Benign,0.007669228361919522
Benign,Benign,0.07482926605734974
Benign,Benign,0.005982479837257415
Benign,Benign,0.0013579950900748372
Benign,Benign,0.0012862442526966333
Benign,Benign,0.0012582552153617144
Benign,Benign,0.0012486121850088239
Benign,Benign,0.0015110233798623085
Benign,Benign,0.0014111496275290847
Benign,Benign,0.0016145069239428267
Benign,Benign,0.0027590785175561905
Benign,Benign,0.0014838241040706635
Benign,Benign,0.0025377676356583834
Benign,Benign,0.0012574890861287713
Benign,Benign,0.0015411694621434435
Benign,Benign,0.004236435503116809
Benign,Benign,0.004689545428846031
Benign,Benign,0.0010877326130867004
Benign,Benign,0.005881106189917773
Benign,Benign,0.2848343402147293
Benign,Benign,0.003451526863500476
Benign,Benign,0.11822404759004712
Benign,Benign,0.009095631714444607
Benign,Benign,0.002721531316637993
Benign,Benign,0.0022632190957665443
Benign,Benign,0.04440429282840341
Benign,Benign,0.004833678467548452
Benign,Benign,0.0013362775789573789
Benign,Benign,0.0014215947594493628
Benign,Benign,0.00509871041867882
Benign,Benign,0.003837095806375146
Benign,Benign,0.04425200738478452
Benign,Benign,0.02520913671469316
Benign,Benign,0.003957369131967425
Benign,Benign,0.0014296661829575896
Benign,Benign,0.2935667261481285
Benign,Benign,0.007675932894926518
Benign,Benign,0.004782963660545647
Benign,Benign,0.028941692085936666
Benign,Benign,0.09605119610205293
Benign,Benign,0.023637796170078218
Benign,Benign,0.0013048211112618446
Benign,Benign,0.006027664057910442
Benign,Benign,0.0012550563551485538
Benign,Benign,0.0013787776697427034
Benign,Benign,0.0010488430270925164
Benign,Benign,0.0692924769828096
Benign,Benign,0.011212476034415886
Benign,Benign,0.0010574397165328264
Benign,Benign,0.001044522039592266
Benign,Benign,0.002642716746777296
Benign,Benign,0.02234179618244525
Benign,Benign,0.0013660707045346498
Benign,Benign,0.0014288397214841098
Benign,Benign,0.05681529070716351
Benign,Benign,0.025092614581808448
Benign,Benign,0.0022002172190696
Benign,Benign,0.018454614793881774
Benign,Benign,0.0014422317035496235
Benign,Benign,0.0587683548219502
Benign,Benign,0.0013611504109576344
Benign,Benign,0.0024853815557435155
Benign,Benign,0.001385520095936954
Benign,Benign,0.025504911260213703
Benign,Benign,0.01124925899785012
Benign,Benign,0.006172537541715428
Benign,Benign,0.0014794180169701576
Benign,Benign,0.018144162138924003
Benign,Benign,0.055413662106730044
Benign,Benign,0.033059185137972236
Benign,Benign,0.024250934773590416
Benign,Benign,0.0012778607197105885
Benign,Benign,0.001305711455643177
Benign,Benign,0.07012452615890652
Benign,Benign,0.0014942282577976584
Benign,Benign,0.0016387995419790968
Benign,Benign,0.12612550798803568
Benign,Benign,0.0509079834446311
Benign,Benign,0.0054394121980294585
Benign,Benign,0.0017043140105670318
Benign,Benign,0.0052171432034811005
Benign,Benign,0.002626773188239895
Benign,Benign,0.0012241063959663734
Benign,Benign,0.019061129525653087
Benign,Benign,0.0013325538020581007
Benign,Benign,0.0027923855814151466
Benign,Benign,0.03675126377493143
Benign,Benign,0.006462336037657224
Benign,Benign,0.0022121490765130147
Benign,Benign,0.0013755349209532142
Benign,Benign,0.0012487292988225818
Benign,Benign,0.007426889147609472
Benign,Benign,0.0013239991385489702
Benign,Benign,0.10354387760162354
Benign,Benign,0.027895090053789318
Benign,Benign,0.025070490257348865
Benign,Benign,0.0026643226738087833
Benign,Benign,0.0249330576043576
Benign,Benign,0.0021897058468312025
Benign,Benign,0.015013287425972521
Benign,Benign,0.02153485908638686
Benign,Benign,0.009083312470465899
Benign,Benign,0.0222878530039452
Benign,Benign,0.0012627588585019112
Benign,Benign,0.0018816989613696933
Benign,Benign,0.006886680828756653
Benign,Benign,0.001743333414196968
Benign,Benign,0.0030940667347749695
Benign,Benign,0.0010574397165328264
Benign,Benign,0.005672250859788619
Benign,Benign,0.00544830433500465
Benign,Benign,0.0073985145427286625
Benign,Benign,0.0016571136366110295
Benign,Benign,0.0864401338621974
Benign,Benign,0.004245572257786989
Benign,Benign,0.0015402825083583593
Benign,Benign,0.0026531991170486435
Benign,Benign,0.01209500792901963
Benign,Benign,0.002938641351647675
Benign,Benign,0.04910351987928152
Benign,Benign,0.004382077546324581
Benign,Benign,0.0013156848726794124
Benign,Benign,0.002005588263273239
Benign,Benign,0.004177406313829124
Benign,Benign,0.004687606793595478
Benign,Benign,0.0016836394788697362
Benign,Benign,0.009952234919182956
Benign,Benign,0.004482845775783062
Benign,Benign,0.001396392472088337
Benign,Benign,0.0015608557587256655
Benign,Benign,0.11287721060216427
Benign,Benign,0.00995132327079773
Benign,Benign,0.004799991846084595
Benign,Benign,0.0010574397165328264
Benign,Benign,0.00131038308609277
Benign,Benign,0.001554372487589717
Benign,Benign,0.0022664187708869576
Benign,Benign,0.03153745731106028
Benign,Benign,0.014174321840982884
Benign,Benign,0.0014202443417161703
Benign,Benign,0.010981735511450097
Benign,Benign,0.001113231759518385
Benign,Benign,0.007025881146546453
Benign,Benign,0.03219808917492628
Benign,Benign,0.024358220398426056
Benign,Benign,0.0033907729666680098
Benign,Benign,0.004122996237128973
Benign,Benign,0.001044522039592266
Benign,Benign,0.001449290182790719
Benign,Benign,0.001374885905534029
Benign,Benign,0.02248024381697178
Benign,Benign,0.003672191291116178
Benign,Benign,0.0010574397165328264
Benign,Benign,0.0012949052033945918
Benign,Benign,0.006509703758638352
Benign,Benign,0.004366797860711813
Benign,Benign,0.0017802545335143805
Benign,Benign,0.0012748971348628402
Benign,Benign,0.010122197621967643
Benign,Benign,0.01456595107447356
Benign,Benign,0.0014454226475208998
Benign,Benign,0.0027239450719207525
Benign,Benign,0.0015802694106241688
Benign,Benign,0.0014827811246505007
Benign,Benign,0.0012569196987897158
Benign,Benign,0.01387641578912735
Benign,Benign,0.0013388895895332098
Benign,Benign,0.001282871700823307
Benign,Benign,0.002712407600483857
Benign,Benign,0.001447298564016819
Benign,Benign,0.032835176680237055
Benign,Benign,0.004328019917011261
Benign,Benign,0.033849953615572304
Benign,Benign,0.0012996740406379104
Benign,Benign,0.08128947904333472
Benign,Benign,0.0015500704757869244
Benign,Benign,0.02496134373359382
Benign,Benign,0.0012386622838675976
Benign,Benign,0.022883790428750217
Benign,Benign,0.015924397739581764
Benign,Benign,0.03310669120401144
Benign,Benign,0.010981770683429204
Benign,Benign,0.010597357526421547
Benign,Benign,0.0012996740406379104
Benign,Benign,0.019613879034295678
Benign,Benign,0.0013168890727683902
Benign,Benign,0.0013745641335844994
Benign,Benign,0.0036869796458631754
Benign,Benign,0.0012254648609086871
Benign,Benign,0.003952480852603912
Benign,Benign,0.002521161106415093
Benign,Benign,0.0013602988328784704
Benign,Benign,0.0029318130982574075
Benign,Benign,0.005281102436129004
Benign,Benign,0.0034739503171294928
Benign,Benign,0.003778595244511962
Benign,Benign,0.029528882121667266
Benign,Benign,0.0016256762901321054
Benign,Benign,0.0012402210850268602
Benign,Benign,0.0012392103672027588
Benign,Benign,0.006515455403132364
Benign,Benign,0.005092052029795013
Benign,Benign,0.001461635809391737
Benign,Benign,0.001510956310085021
Benign,Benign,0.003337217480293475
Benign,Benign,0.001083996845409274
Benign,Benign,0.001258202246390283
Benign,Benign,0.004616156671545468
Benign,Benign,0.003267091917223297
Benign,Benign,0.004541491623967886
Benign,Benign,0.004049505747389048
Benign,Benign,0.011380576179362833
Benign,Benign,0.037453772383742034
Benign,Benign,0.0010488430270925164
Benign,Benign,0.09336950117722154
Benign,Benign,0.0013152756728231907
Benign,Benign,0.008358921739272773
Benign,Benign,0.003382724476978183
Benign,Benign,0.04662941466085613
Benign,Benign,0.003774116630665958
Benign,Benign,0.0659387728665024
Benign,Benign,0.008600285946158692
Benign,Benign,0.006822709576226771
Benign,Benign,0.0034324580192333087
Benign,Benign,0.007465090835466981
Benign,Benign,0.010824495344422758
Benign,Benign,0.001083996845409274
Benign,Benign,0.016802360652945936
Benign,Benign,0.006573866805410944
Benign,Benign,0.0010574397165328264
Benign,Benign,0.0012880082940682769
Benign,Benign,0.005941000767052174
Benign,Benign,0.01380076093482785
Benign,Benign,0.003469120478257537
Benign,Benign,0.02077125827781856
Benign,Benign,0.0025647629518061876
Benign,Benign,0.0014006453566253185
Benign,Benign,0.001083996845409274
Benign,Benign,0.0013326386688277125
Benign,Benign,0.0013237132225185633
Benign,Benign,0.014272467524278909
Benign,Benign,0.001286016427911818
Benign,Benign,0.007840424950700253
Benign,Benign,0.0044506406266009435
Benign,Benign,0.010183253092691302
Benign,Benign,0.0066999108530581
Benign,Benign,0.0010574397165328264
Benign,Benign,0.01709567054058425
Benign,Benign,0.001056062406860292
Benign,Benign,0.002898061415180564
Benign,Benign,0.0019497107714414597
Benign,Benign,0.04294974624644965
Benign,Benign,0.005312212975695729
Benign,Benign,0.003489495938993059
Benign,Benign,0.007590095730847679
Benign,Benign,0.001257360796444118
Benign,Benign,0.012916762381792068
Benign,Benign,0.0048409560695290565
Benign,Benign,0.001460499595850706
Benign,Benign,0.03239635215140879
Benign,Benign,0.02354440267663449
Benign,Benign,0.0012241063959663734
Benign,Benign,0.0012778607197105885
Benign,Benign,0.001507231849245727
Benign,Benign,0.0012559592723846436
Benign,Benign,0.0016283979639410973
Benign,Benign,0.0045759263302898034
Benign,Benign,0.0010574397165328264
Benign,Benign,0.002984603401273489
Benign,Benign,0.0030651430133730173
Benign,Benign,0.004317847517086193
Benign,Benign,0.0026254200929543003
Benign,Benign,0.058756450191140175
Benign,Benign,0.0034166457917308435
Benign,Benign,0.001441621221601963
Benign,Benign,0.002203581156209111
Benign,Benign,0.0033738005440682173
Benign,Benign,0.001083996845409274
Benign,Benign,0.009336535062175244
Benign,Benign,0.0033736927434802055
Benign,Benign,0.0012609155382961035
Benign,Benign,0.0012768954038619995
Benign,Benign,0.004557216976536438
Benign,Benign,0.0015346753498306498
Benign,Benign,0.0010574397165328264
Benign,Benign,0.10994651261717081
Benign,Benign,0.005029984036809765
Benign,Benign,0.001043764059431851
Benign,Benign,0.0014681501634186134
Benign,Benign,0.0022833605617051944
Benign,Benign,0.0030160199967212975
Benign,Benign,0.01898807658290025
Benign,Benign,0.03185310016851872
Benign,Benign,0.007188383198808879
Benign,Benign,0.010674932680558413
Benign,Benign,0.0013506507966667414
Benign,Benign,0.0010591188911348581
Benign,Benign,0.001286016427911818
Benign,Benign,0.004512784973485395
Benign,Benign,0.005991829675622284
Benign,Benign,0.029323546157684177
Benign,Benign,0.0010493912268429995
Benign,Benign,0.0031874554697424173
Benign,Benign,0.0010291675571352243
Benign,Benign,0.0066529237665236
Benign,Benign,0.046598557266406715
Benign,Benign,0.001724542467854917
Benign,Benign,0.001083996845409274
Benign,Benign,0.0024973819963634014
Benign,Benign,0.0013492817524820566
Benign,Benign,0.002771423416561447
Benign,Benign,0.0033263472141698003
Benign,Benign,0.0012996740406379104
Benign,Benign,0.001258202246390283
Benign,Benign,0.012677803635597229
Benign,Benign,0.0013084702659398317
Benign,Benign,0.0014407833805307746
Benign,Benign,0.07750316243618727
Benign,Benign,0.0015965943457558751
Benign,Benign,0.0014766226522624493
Benign,Benign,0.0010488430270925164
Benign,Benign,0.004108982626348734
Benign,Benign,0.0013203653506934643
Benign,Benign,0.006719536613672972
Benign,Benign,0.0010574397165328264
Benign,Benign,0.0025854019913822412
Benign,Benign,0.0015671271830797195
Benign,Benign,0.003206318011507392
Benign,Benign,0.022214662632904947
Benign,Benign,0.006954382173717022
Benign,Benign,0.007979672867804766
Benign,Benign,0.0012873269151896238
Benign,Benign,0.0012707100249826908
Benign,Benign,0.06447479932103306
Benign,Benign,0.0033812883775681257
Benign,Benign,0.0044682653970085084
Benign,Benign,0.003011417225934565
Benign,Benign,0.024596300267148763
Benign,Benign,0.0012937616556882858
Benign,Benign,0.0013749770587310195
Benign,Benign,0.0065851963008753955
Benign,Benign,0.0024427141179330647
Benign,Benign,0.0015263734385371208
Benign,Benign,0.007872188929468393
Benign,Benign,0.0010574397165328264
Benign,Benign,0.009167233249172568
Benign,Benign,0.011507721850648522
Benign,Benign,0.0012823210563510656
Benign,Benign,0.015010586124844849
Benign,Benign,0.008867052558343858
Benign,Benign,0.030231011798605323
Benign,Benign,0.0010488430270925164
Benign,Benign,0.10686028935015202
Benign,Benign,0.0023151373025029898
Benign,Benign,0.006061866122763604
Benign,Benign,0.022894914844073355
Benign,Benign,0.0028769308410119265
Benign,Benign,0.08143216092139482
Benign,Benign,0.014620959525927901
Benign,Benign,0.0022111886646598577
Benign,Benign,0.0069003410171717405
Benign,Benign,0.004256201907992363
Benign,Benign,0.006565602030605078
Benign,Benign,0.0010368318762630224
Benign,Benign,0.01314559974707663
Benign,Benign,0.0016885942313820124
Benign,Benign,0.0013630695175379515
Benign,Benign,0.00635716033866629
Benign,Benign,0.01235276780789718
Benign,Benign,0.001300831907428801
Benign,Benign,0.043858105258550495
Benign,Benign,0.003655344480648637
Benign,Benign,0.0054655009880661964
Benign,Benign,0.016418929619248956
Benign,Benign,0.0027034995146095753
Benign,Benign,0.001258202246390283
Benign,Benign,0.0050089918076992035
Benign,Benign,0.005893166176974773
Benign,Benign,0.05053002620115876
Benign,Benign,0.0012915055267512798
Benign,Benign,0.04191310878377408
Benign,Benign,0.0023190712090581656
Benign,Benign,0.002606055699288845
Benign,Benign,0.0016542918747290969
Benign,Benign,0.02616667094116565
Benign,Benign,0.020340134156867862
Benign,Benign,0.00129890616517514
Benign,Benign,0.006006174022331834
Benign,Benign,0.003963167982874438
Benign,Benign,0.0013608080334961414
Benign,Benign,0.0010574397165328264
Benign,Benign,0.09707773756235838
Benign,Benign,0.015334741678088903
Benign,Benign,0.002982536199851893
Benign,Benign,0.0013272762298583984
Benign,Benign,0.00508301961235702
Benign,Benign,0.004606776390573941
Benign,Benign,0.0667836801148951
Benign,Benign,0.015451877377927303
Benign,Benign,0.0011988208862021565
Benign,Benign,0.004355087847216055
Benign,Benign,0.001082230475731194
Benign,Benign,0.001344590331427753
Benign,Benign,0.0013664967846125364
Benign,Benign,0.0010513298911973834
Benign,Benign,0.004561763256788254
Benign,Benign,0.0033002840355038643
Benign,Benign,0.002224106341600418
Benign,Benign,0.014706659771036357
Benign,Benign,0.0013597274664789438
Benign,Benign,0.004553528386168182
Benign,Benign,0.10034966457169503
Benign,Benign,0.001451181829907
Benign,Benign,0.001083996845409274
Benign,Benign,0.0037882852484472096
Benign,Benign,0.007136987987905741
Benign,Benign,0.0013416993897408247
Benign,Benign,0.0013186885043978691
Benign,Benign,0.0013565438566729426
Benign,Benign,0.0024755893973633647
Benign,Benign,0.004577185958623886
Benign,Benign,0.002504308591596782
Benign,Benign,0.003495890414342284
Benign,Benign,0.02099350698699709
Benign,Benign,0.0012666895054280758
Benign,Benign,0.0012959263985976577
Benign,Benign,0.009651521686464548
Benign,Benign,0.05649303621612489
Benign,Benign,0.012282700277864933
Benign,Benign,0.00417916604783386
Benign,Benign,0.008367204340174794
Benign,Benign,0.002483863616362214
Benign,Benign,0.0027847648598253727
Benign,Benign,0.07600718174944632
Benign,Benign,0.008784774574451149
Benign,Benign,0.007870667119277641
Benign,Benign,0.0214957352145575
Benign,Benign,0.0049091646214947104
Benign,Benign,0.03534838417544961
Benign,Benign,0.0010574397165328264
Benign,Benign,0.015802126319613308
Benign,Benign,0.00150436838157475
Benign,Benign,0.001083996845409274
Benign,Benign,0.04184972634539008
Benign,Benign,0.0032251583761535585
Benign,Benign,0.00266768631990999
Benign,Benign,0.0013679240364581347
Benign,Benign,0.0013257134705781937
Benign,Benign,0.001273429486900568
Benign,Benign,0.32781218411400914
Benign,Benign,0.0010488430270925164
Benign,Benign,0.002628384972922504
Benign,Benign,0.012171147856861353
Benign,Benign,0.002215509652160108
Benign,Benign,0.003162028733640909
Benign,Benign,0.020626085461117327
Benign,Benign,0.005204960936680436
Benign,Benign,0.0022555196192115545
Benign,Benign,0.041607535211369395
Benign,Malicious,0.5279874708503485
Benign,Benign,0.0010493912268429995
Benign,Benign,0.0012492832029238343
Benign,Benign,0.020990978926420212
Benign,Benign,0.048783325240947306
Benign,Benign,0.0013084702659398317
Benign,Benign,0.006764080608263612
Benign,Benign,0.006876035593450069
Benign,Benign,0.02787446673028171
Benign,Benign,0.0015065445331856608
Benign,Benign,0.01510295970365405
Benign,Benign,0.041253516217693686
Benign,Benign,0.0059171312022954226
Benign,Benign,0.028938030591234565
Benign,Benign,0.001598616479896009
Benign,Benign,0.006823539966717362
Benign,Benign,0.0038691039517289028
Benign,Benign,0.0012949052033945918
Benign,Benign,0.0026742718182504177
Benign,Benign,0.0015659303171560168
Benign,Benign,0.06114059733226895
Benign,Benign,0.002967388601973653
Benign,Benign,0.0013086851686239243
Benign,Benign,0.009383520693518221
Benign,Benign,0.006083030486479402
Benign,Benign,0.0025726051535457373
Benign,Benign,0.0015251970617100596
Benign,Benign,0.005338164264685474
Benign,Benign,0.010206561506493017
Benign,Benign,0.001083996845409274
Benign,Benign,0.009113297332078218
Benign,Benign,0.006007815230987035
Benign,Benign,0.008362860593479127
Benign,Benign,0.0013869316171621904
Benign,Benign,0.001286016427911818
Benign,Benign,0.047729839105159044
Benign,Benign,0.0013044154038652778
Benign,Benign,0.0012402210850268602
Benign,Benign,0.0041409453842788935
Benign,Benign,0.0016665547154843807
Benign,Benign,0.0015196455642580986
Benign,Benign,0.0017324345826637
Benign,Benign,0.00127796595916152
Benign,Benign,0.0013729765778407454
Benign,Benign,0.001402409514412284
Benign,Benign,0.013895468728151172
Benign,Benign,0.006796281537390314
Benign,Benign,0.0015107820509001613
Benign,Benign,0.0025629719020798802
Benign,Benign,0.0044070307340007275
Benign,Benign,0.003913300315616652
Benign,Benign,0.0013576482888311148
Benign,Benign,0.0010392320109531283
Benign,Benign,0.15200565941631794
Benign,Benign,0.0015586607478326187
Benign,Benign,0.04517564548586961
Benign,Benign,0.0012726899003610015
Benign,Benign,0.002832261612638831
Benign,Benign,0.05221988866105676
Benign,Benign,0.0010574397165328264
Benign,Benign,0.003008653817232698
Benign,Benign,0.0010574397165328264
Benign,Benign,0.006890772958286107
Benign,Benign,0.0014734447468072176
Benign,Benign,0.001757032354362309
Benign,Benign,0.006267933757044375
Benign,Benign,0.0015461071161553264
Benign,Benign,0.03182827681303024
Benign,Benign,0.0016737379919504747
Benign,Benign,0.002449112944304943
Benign,Benign,0.004845129791647196
Benign,Benign,0.004475660607567988
Benign,Benign,0.020600593416020274
Benign,Benign,0.007129122503101826
Benign,Benign,0.0040337825048482046
Benign,Benign,0.002466340665705502
Benign,Benign,0.0012419894337654114
Benign,Benign,0.016556277172639966
Benign,Benign,0.0013110379222780466
Benign,Benign,0.001398148131556809
Benign,Benign,0.0014160872669890523
Benign,Benign,0.001281670294702053
Benign,Benign,0.022577573778107762
Benign,Benign,0.004822978749871254
Benign,Benign,0.006444400642067194
Benign,Benign,0.0012838090769946575
Benign,Benign,0.0015050037764012814
Benign,Benign,0.0014710029354318976
Benign,Benign,0.0010574397165328264
Benign,Benign,0.020708396448753774
Benign,Benign,0.04343034606426954
Benign,Benign,0.013760266592726111
Benign,Benign,0.02707623690366745
Benign,Benign,0.00997469198773615
Benign,Benign,0.004479713723412715
Benign,Benign,0.0016606670105829835
Benign,Benign,0.008595701947342604
Benign,Benign,0.029217015005997382
Benign,Benign,0.005589553853496909
Benign,Benign,0.002022421918809414
Benign,Benign,0.0021000306587666273
Benign,Benign,0.0014857512433081865
Benign,Benign,0.017222145979758352
Benign,Benign,0.059516876470297575
Benign,Benign,0.005193085860810243
Benign,Benign,0.0013107908889651299
Benign,Benign,0.0022272386704571545
Benign,Benign,0.0012985921930521727
Benign,Benign,0.06494853622280061
Benign,Benign,0.001083996845409274
Benign,Benign,0.006123502040281892
Benign,Benign,0.024327244726009667
Benign,Benign,0.0017327533569186926
Benign,Benign,0.005610860622255132
Benign,Benign,0.020783375919563696
Benign,Benign,0.002481341944076121
Benign,Benign,0.009423779076314531
Benign,Benign,0.004162909448496066
Benign,Benign,0.0032678598072379827
Benign,Benign,0.004340414423495531
Benign,Benign,0.0020475112833082676
Benign,Benign,0.004220113332848996
Benign,Benign,0.004774707835167646
Benign,Benign,0.0073537798307370394
Benign,Benign,0.019614795164670795
Benign,Benign,0.0012529452797025442
Benign,Benign,0.0023018899373710155
Benign,Benign,0.006907235336257145
Benign,Benign,0.009757291001733392
Benign,Benign,0.0042889012838713825
Benign,Benign,0.011306323984172195
Benign,Benign,0.0021700719953514636
Benign,Benign,0.0010574397165328264
Benign,Benign,0.0011067853774875402
Benign,Benign,0.07051154598593712
Benign,Benign,0.0012949052033945918
Benign,Benign,0.001053419429808855
Benign,Benign,0.0010574397165328264
Benign,Benign,0.06375243398360908
Benign,Benign,0.00497748980706092
Benign,Benign,0.002191496081650257
Benign,Benign,0.0036502605071291327
Benign,Benign,0.004540490917861462
Benign,Benign,0.0012906899210065603
Benign,Benign,0.0015763770788908005
Benign,Benign,0.0012959823943674564
Benign,Benign,0.0012813728535547853
Benign,Benign,0.0013027096865698695
Benign,Benign,0.0025639713276177645
Benign,Benign,0.09051970532163978
Benign,Benign,0.0013118017232045531
Benign,Benign,0.001044522039592266
Benign,Benign,0.025771726737730205
Benign,Benign,0.006168672756757587
Benign,Benign,0.005751328484620899
Benign,Benign,0.0015474477550014853
Benign,Benign,0.0036868960596621037
Benign,Benign,0.001511102993390523
Benign,Benign,0.001993844343814999
Benign,Benign,0.01663196081062779
Benign,Benign,0.10354387760162354
Benign,Benign,0.0014986239839345217
Benign,Benign,0.001100327237509191
Benign,Benign,0.0033722128137014806
Benign,Benign,0.03228372277226299
Benign,Benign,0.0013819769956171513
Benign,Benign,0.010080968437250704
Benign,Benign,0.018277578405104578
Benign,Benign,0.009765052687725984
Benign,Benign,0.026461465167813003
Benign,Benign,0.0013645716244354844
Benign,Benign,0.0013444348005577922
Benign,Benign,0.005198533879593015
Benign,Benign,0.03278032026719302
Benign,Benign,0.001384272356517613
Benign,Benign,0.10293784900568426
Benign,Benign,0.001083996845409274
Benign,Benign,0.003229259484214708
Benign,Benign,0.0029982803389430046
Benign,Benign,0.006903625311679207
Benign,Benign,0.004384686704725027
Benign,Benign,0.003120122928521596
Benign,Benign,0.05256777326576412
Benign,Benign,0.0029492839239537716
Benign,Benign,0.010809607978444546
Benign,Benign,0.001490395748987794
Benign,Benign,0.00164572914945893
Benign,Benign,0.0599894262268208
Benign,Benign,0.009496803861111403
Benign,Benign,0.001083996845409274
Benign,Benign,0.002207523677498102
Benign,Benign,0.02227682521333918
Benign,Benign,0.00887530270847492
Benign,Benign,0.022221593069843948
Benign,Benign,0.0010488430270925164
Benign,Benign,0.0034061206824844703
Benign,Benign,0.05827506515197456
Benign,Benign,0.0019164437835570425
Benign,Benign,0.018291043568751775
Benign,Benign,0.0016358556313207373
Benign,Benign,0.0033709551207721233
Benign,Benign,0.0034130702260881662
Benign,Benign,0.0012570283142849803
Benign,Benign,0.0014825601829215884
Benign,Benign,0.04471291182562709
Benign,Benign,0.0013712887885048985
Benign,Benign,0.001083996845409274
Benign,Benign,0.0032828219700604677
Benign,Benign,0.006527014716994017
Benign,Benign,0.0019717345567187294
Benign,Benign,0.011943903286010027
Benign,Benign,0.0021221758506726474
Benign,Benign,0.03270354960113764
Benign,Benign,0.0010574397165328264
Benign,Benign,0.0015229753917083144
Benign,Benign,0.0010425264481455088
Benign,Benign,0.011265873326919973
Benign,Benign,0.004905374255031347
Benign,Benign,0.0013292432995513082
Benign,Benign,0.007933794040582143
Benign,Benign,0.005615950532956049
Benign,Benign,0.001053419429808855
Benign,Benign,0.0014797912299400195
Benign,Benign,0.004398583434522152
Benign,Benign,0.0013154096668586135
Benign,Benign,0.001954739447683096
Benign,Benign,0.10994651261717081
Benign,Benign,0.0074393360409885645
Benign,Benign,0.0028772177174687386
Benign,Benign,0.017908633570186794
Benign,Benign,0.010280762275215238
Benign,Benign,0.01072453591041267
Benign,Benign,0.0019252068595960736
Benign,Benign,0.006885875423904508
Benign,Benign,0.02126200427301228
Benign,Benign,0.0069182952283881605
Benign,Benign,0.028852627146989107
Benign,Benign,0.003214626864064485
Benign,Benign,0.0012515864800661802
Benign,Benign,0.01807298179483041
Benign,Benign,0.0012596859596669674
Benign,Benign,0.0012996740406379104
Benign,Benign,0.0014250120148062706
Benign,Benign,0.001255375100299716
Benign,Benign,0.21783064305782318
Benign,Benign,0.0012522581964731216
Benign,Benign,0.0016925856325542554
Benign,Benign,0.0013424197677522898
Benign,Benign,0.0013098358176648617
Benign,Benign,0.0017633202951401472
Benign,Benign,0.05613466165959835
Benign,Benign,0.013864419408491813
Benign,Benign,0.001396392472088337
Benign,Benign,0.006372526928316802
Benign,Benign,0.0023810917045921087
Benign,Benign,0.0012615276500582695
Benign,Benign,0.0033595820423215628
Benign,Benign,0.0010488430270925164
Benign,Benign,0.0033173394622281194
Benign,Benign,0.015326932247262448
Benign,Benign,0.04009191459044814
Benign,Benign,0.002234626779682003
Benign,Benign,0.0013828434748575091
Benign,Benign,0.003875385722494684
Benign,Benign,0.004256038228049874
Benign,Benign,0.03515783509647008
Benign,Benign,0.10924752615392208
Benign,Benign,0.005744495429098606
Benign,Benign,0.001307594240643084
Benign,Benign,0.0016644473653286695
Benign,Benign,0.04029357057879679
Benign,Benign,0.016586047131568193
Benign,Benign,0.007051512569887564
Benign,Benign,0.001789174391888082
Benign,Benign,0.006097276898799464
Benign,Benign,0.007206375419627875
Benign,Benign,0.06596905132755637
Benign,Benign,0.00503231628681533
Benign,Benign,0.0027270528953522444
Benign,Benign,0.009667560429079458
Benign,Benign,0.0224609705619514
Benign,Benign,0.015607668494340032
Benign,Benign,0.03595396128366701
Benign,Benign,0.004104228806681931
Benign,Benign,0.0015311450697481632
Benign,Benign,0.011019229394150898
Benign,Benign,0.048675797414034605
Benign,Benign,0.0066778461914509535
Benign,Benign,0.0012172296410426497
Benign,Benign,0.001083996845409274
Benign,Benign,0.001083996845409274
Benign,Benign,0.0043010965309804305
Benign,Benign,0.008068756898865104
Benign,Benign,0.0010574397165328264
Benign,Benign,0.0067664755042642355
Benign,Benign,0.004827425524126738
Benign,Benign,0.038234502950217575
Benign,Benign,0.11471878609154373
Benign,Benign,0.0022745977621525526
Benign,Benign,0.004070723181939684
Benign,Benign,0.014845847385004163
Benign,Benign,0.08143574604764581
Benign,Benign,0.002726417253143154
Benign,Benign,0.028828289243392646
Benign,Benign,0.006442156358389184
Benign,Benign,0.0013810640666633844
Benign,Benign,0.004181911703199148
Benign,Benign,0.002949630346847698
Benign,Benign,0.002484796685166657
Benign,Benign,0.0013352527748793364
Benign,Benign,0.0021060518629383296
Benign,Benign,0.0012667315313592553
Benign,Benign,0.001962456852197647
Benign,Benign,0.001537083531729877
Benign,Benign,0.003849023429211229
Benign,Benign,0.0047379384050145745
Benign,Benign,0.003994349259301089
Benign,Benign,0.003922717514797114
Benign,Benign,0.030266415211372077
Benign,Benign,0.0014376412145793438
Benign,Benign,0.001053419429808855
Benign,Benign,0.057139609940350056
Benign,Benign,0.002928194298874587
Benign,Benign,0.0822186223231256
Benign,Benign,0.002268032403662801
Benign,Benign,0.0012624661903828382
Benign,Benign,0.003168602241203189
Benign,Benign,0.0034797260304912925
Benign,Benign,0.10471054422669113
Benign,Benign,0.0012940337182953954
Benign,Benign,0.0015310583403334022
Benign,Benign,0.0047159425157587975
Benign,Benign,0.002384494277066551
Benign,Benign,0.01294193317880854
Benign,Benign,0.030143292620778084
Benign,Benign,0.0013145096600055695
Benign,Benign,0.0014767342945560813
Benign,Benign,0.002390773021033965
Benign,Benign,0.0016317797126248479
Benign,Benign,0.04576259379973635
Benign,Benign,0.0267509677214548
Benign,Benign,0.04114632564596832
Benign,Benign,0.0014320100890472531
Benign,Benign,0.003918254733434878
Benign,Benign,0.023736747447401285
Benign,Benign,0.001044522039592266
Benign,Benign,0.00206516933394596
Benign,Benign,0.0015629053814336658
Benign,Benign,0.0032626213505864143
Benign,Benign,0.052931661950424314
Benign,Benign,0.0010574397165328264
Benign,Benign,0.001257360796444118
Benign,Benign,0.0010450679110363126
Benign,Benign,0.0013208985328674316
Benign,Benign,0.004518369911238551
Benign,Benign,0.0010852114064618945
Benign,Benign,0.0014029459562152624
Benign,Benign,0.00629711544024758
Benign,Benign,0.07582115568220615
Benign,Benign,0.015930147317703813
Benign,Benign,0.0025309547781944275
Benign,Benign,0.07057464634999633
Benign,Benign,0.03532976540736854
Benign,Benign,0.0018603876233100891
Benign,Benign,0.0013391985557973385
Benign,Benign,0.0013069227570667863
Benign,Benign,0.021860613371245563
Benign,Benign,0.0010924838716164231
Benign,Benign,0.005006648119888268
Benign,Benign,0.0222568046010565
Benign,Benign,0.03541511110961437
Benign,Benign,0.019185461336746812
Benign,Benign,0.071453589014709
Benign,Benign,0.0012392103672027588
Benign,Benign,0.0017282804328715429
Benign,Benign,0.0014295042492449284
Benign,Benign,0.10471054422669113
Benign,Benign,0.001083996845409274
Benign,Benign,0.05427538673393428
Benign,Benign,0.001083996845409274
Benign,Benign,0.002997027651872486
Benign,Benign,0.0010574397165328264
Benign,Benign,0.005375168053433299
Benign,Benign,0.001740743755362928
Benign,Benign,0.05189141328446567
Benign,Benign,0.0014663407200714573
Benign,Benign,0.0018348637386225164
Benign,Benign,0.004883591260295361
Benign,Benign,0.0012748971348628402
Benign,Benign,0.006986568434513174
Benign,Benign,0.002625102992169559
Benign,Benign,0.04627538821659982
Benign,Benign,0.0013147108256816864
Benign,Benign,0.0036343111423775554
Benign,Benign,0.003936331937438808
Benign,Benign,0.0010488430270925164
Benign,Benign,0.005726905714254826
Benign,Benign,0.001083996845409274
Benign,Benign,0.12372302357107401
Benign,Benign,0.0014019644586369395
Benign,Benign,0.002224106341600418
Benign,Benign,0.025893931015161797
Benign,Benign,0.0013993614120408893
Benign,Benign,0.0013603458646684885
Benign,Benign,0.0010862434282898903
Benign,Benign,0.0036654947325587273
Benign,Benign,0.002435172675177455
Benign,Benign,0.0013668467290699482
Benign,Benign,0.0013086851686239243
Benign,Benign,0.0012346854200586677
Benign,Benign,0.010589524637907743
Benign,Benign,0.009875304051092826
Benign,Benign,0.011733336781617254
Benign,Benign,0.0024626382801216096
Benign,Benign,0.006479650968685746
Benign,Benign,0.04905385570600629
Benign,Benign,0.0013201194815337658
Benign,Benign,0.008488050414598547
Benign,Benign,0.0016317355912178755
Benign,Benign,0.0030034518422326073
Benign,Benign,0.0014784347731620073
Benign,Benign,0.0015597455203533173
Benign,Benign,0.001584019628353417
Benign,Benign,0.0014339453628053889
Benign,Benign,0.01335256197489798
Benign,Benign,0.0035289491061121225
Benign,Benign,0.003366277305758558
Benign,Benign,0.002497818786650896
Benign,Benign,0.0028501811757450923
Benign,Benign,0.0015607797540724277
Benign,Benign,0.0023906844289740548
Benign,Benign,0.001256975345313549
Benign,Benign,0.01011625537648797
Benign,Benign,0.0012756389332935214
Benign,Benign,0.001083996845409274
Benign,Benign,0.006331138079985976
Benign,Benign,0.0381214520893991
Benign,Benign,0.0012916382402181625
Benign,Benign,0.003509314250550233
Benign,Benign,0.0013522180961444974
Benign,Benign,0.0016033184947445989
Benign,Benign,0.0017765204975148663
Benign,Benign,0.0014628528151661158
Benign,Benign,0.0037118312902748585
Benign,Benign,0.0012702189851552248
Benign,Benign,0.0012996740406379104
Benign,Benign,0.0025996831245720387
Benign,Benign,0.0013018519384786487
Benign,Benign,0.017826085910201073
Benign,Benign,0.0012949052033945918
Benign,Benign,0.034139364724978805
Benign,Benign,0.06230309116654098
Benign,Benign,0.0037506070802919567
Benign,Benign,0.001083996845409274
Benign,Benign,0.0014448115834966302
Benign,Benign,0.007497267099097371
Benign,Benign,0.0046872805105522275
Benign,Benign,0.0013043672079220414
Benign,Benign,0.0916788480244577
Benign,Benign,0.004230054764775559
Benign,Benign,0.0033928716875379905
Benign,Benign,0.0029912132886238396
Benign,Benign,0.008279074900201522
Benign,Benign,0.0013439954491332173
Benign,Benign,0.0025694777723401785
Benign,Benign,0.0013924246886745095
Benign,Benign,0.0010488430270925164
Benign,Benign,0.0010330262593925
Benign,Benign,0.01029883383307606
Benign,Benign,0.003620221046730876
Benign,Benign,0.0012896504485979676
Benign,Benign,0.0021629619877785444
Benign,Benign,0.0013210787437856197
Benign,Benign,0.001083996845409274
Benign,Benign,0.01014178198238369
Benign,Benign,0.0031845907215029
Benign,Benign,0.03390946984291077
Benign,Benign,0.001586160738952458
Benign,Benign,0.0028264349093660712
Benign,Benign,0.03211153787560761
Benign,Benign,0.006862020090920851
Benign,Benign,0.008567516430048272
Benign,Benign,0.0012625985546037555
Benign,Benign,0.0020380625501275063
Benign,Benign,0.00730470335111022
Benign,Benign,0.0044545838463818654
Benign,Benign,0.07498179189860821
Benign,Benign,0.009664527548011392
Benign,Benign,0.0019508436089381576
Benign,Benign,0.0013611504109576344
Benign,Benign,0.026221313048154116
Benign,Benign,0.0012658004416152835
Benign,Benign,0.00467010447755456
Benign,Benign,0.0026122969575226307
Benign,Benign,0.0014514749636873603
Benign,Benign,0.001598832430317998
Benign,Benign,0.005007422645576298
Benign,Benign,0.0012655595783144236
Benign,Benign,0.0175480394391343
Benign,Benign,0.0012748971348628402
Benign,Benign,0.0019302180444356054
Benign,Benign,0.009312544018030167
Benign,Benign,0.001641473383642733
Benign,Benign,0.003697270294651389
Benign,Benign,0.01251280342694372
Benign,Benign,0.0010574397165328264
Benign,Benign,0.0019117900810670108
Benign,Benign,0.0029788760002702475
Benign,Benign,0.004951419745339081
Benign,Benign,0.0038893064338481054
Benign,Benign,0.006315353268291801
Benign,Benign,0.0010574397165328264
Benign,Benign,0.1784951933659613
Benign,Benign,0.001993311569094658
Benign,Benign,0.0013069227570667863
Benign,Benign,0.0030777964275330305
Benign,Benign,0.002217996516264975
Benign,Benign,0.022123344126157463
Benign,Benign,0.02466388966422528
Benign,Benign,0.006645402172580361
Benign,Benign,0.0012840819545090199
Benign,Benign,0.006940631661564112
Benign,Benign,0.0034173300955444574
Benign,Benign,0.003289720742031932
Benign,Benign,0.0013850645627826452
Benign,Benign,0.0013386065838858485
Benign,Benign,0.0041435257298871875
Benign,Benign,0.0015462361043319106
Benign,Benign,0.001297335489653051
Benign,Benign,0.0020393093582242727
Benign,Benign,0.00459632788260933
Benign,Benign,0.01508412411203608
Benign,Benign,0.001083996845409274
Benign,Benign,0.05360882077366114
Benign,Benign,0.0010450679110363126
Benign,Benign,0.0010673096403479576
Benign,Benign,0.0015005427412688732
Benign,Benign,0.0014273073757067323
Benign,Benign,0.0010488430270925164
Benign,Benign,0.03537596290698275
Benign,Benign,0.004837781190872192
Benign,Benign,0.0017584451707080007
Benign,Benign,0.09116252092644572
Benign,Benign,0.009898606629576534
Benign,Benign,0.0010730584617704153
Benign,Benign,0.005419583743787371
Benign,Benign,0.0021834329090779647
Benign,Benign,0.012932031298987567
Benign,Benign,0.009080646908842027
Benign,Benign,0.0013325538020581007
Benign,Benign,0.019922838546335697
Benign,Benign,0.0035132167395204306
Benign,Benign,0.014911087579093874
Benign,Benign,0.008311054669320583
Benign,Benign,0.0029149969341233373
Benign,Benign,0.0014853768370812759
Benign,Benign,0.001315090456046164
Benign,Benign,0.005705178482457995
Benign,Benign,0.006141773541457951
Benign,Benign,0.0010488430270925164
Benign,Benign,0.004027471033623442
Benign,Benign,0.002096735406666994
Benign,Benign,0.00829770986456424
Benign,Benign,0.0033586136996746063
Benign,Benign,0.002695973715162836
Benign,Benign,0.001286016427911818
Benign,Benign,0.0014009929582243785
Benign,Benign,0.0045661532785743475
Benign,Benign,0.001275705872103572
Benign,Benign,0.06598722888156772
Benign,Benign,0.0015088043874129653
Benign,Benign,0.01201205185498111
Benign,Benign,0.004321955610066652
Benign,Benign,0.011532223259564489
Benign,Benign,0.09591009840369225
Benign,Benign,0.001254623057320714
Benign,Benign,0.004016682243673131
Benign,Benign,0.0012576431035995483
Benign,Benign,0.001399218337610364
Benign,Benign,0.00930137129034847
Benign,Benign,0.02095101773738861
Benign,Benign,0.003339196540764533
Benign,Benign,0.023612603486981243
Benign,Benign,0.0012552933767437935
Benign,Benign,0.014097183244302869
Benign,Benign,0.0023144122678786516
Benign,Benign,0.0014433045871555805
Benign,Benign,0.0012619916815310717
Benign,Benign,0.005008210297091864
Benign,Benign,0.003961713286116719
Benign,Benign,0.03398796683177352
Benign,Benign,0.0012691430747509003
Benign,Benign,0.0012487292988225818
Benign,Benign,0.005507616093382239
Benign,Benign,0.005372405052185059
Benign,Benign,0.0010493912268429995
Benign,Benign,0.020144151290878654
Benign,Benign,0.0014326156815513968
Benign,Benign,0.0014220310695236549
Benign,Benign,0.0012650504941120744
Benign,Benign,0.0013444398064166307
Benign,Benign,0.005087431738502346
Benign,Benign,0.04916403430979699
Benign,Benign,0.0026691677048802376
Benign,Benign,0.006939520069863647
Benign,Benign,0.003082315844949335
Benign,Benign,0.0012619916815310717
Benign,Benign,0.04685783525928855
Benign,Benign,0.015344898158218712
Benign,Benign,0.04714515199884772
Benign,Benign,0.001100327237509191
Benign,Benign,0.006551817466970533
Benign,Benign,0.0012254648609086871
Benign,Benign,0.0010493912268429995
Benign,Benign,0.006315286736935377
Benign,Benign,0.0026865345425903797
Benign,Benign,0.004750087595311925
Benign,Benign,0.017086707506678067
Benign,Benign,0.0012920447625219822
Benign,Benign,0.005383365773013793
Benign,Benign,0.009786647162400186
Benign,Benign,0.0016260124975815415
Benign,Benign,0.04238689271733165
Benign,Benign,0.007432821614202112
Benign,Benign,0.0394376958720386
Benign,Benign,0.0028272860072320327
Benign,Benign,0.0022627145517617464
Benign,Benign,0.011769315809942782
Benign,Benign,0.002295903628692031
Benign,Benign,0.0010574397165328264
Benign,Benign,0.0014643155736848712
Benign,Benign,0.00861589283158537
Benign,Benign,0.0017160866409540176
Benign,Benign,0.0014030281454324722
Benign,Benign,0.007694061379879713
Benign,Benign,0.014855445828288794
Benign,Benign,0.0024387254379689693
Benign,Benign,0.16069983690977097
Benign,Benign,0.0015554087003692985
Benign,Benign,0.014793903450481594
Benign,Benign,0.0031040445901453495
Benign,Benign,0.0034898226003861055
Benign,Benign,0.0014552868669852614
Benign,Benign,0.0013237132225185633
Benign,Benign,0.0013044412480667233
Benign,Benign,0.001441468484699726
Benign,Benign,0.001083996845409274
Benign,Benign,0.0013490781420841813
Benign,Benign,0.00897684994561132
Benign,Benign,0.0018882427830249071
Benign,Benign,0.01082866796059534
Benign,Benign,0.0012964666821062565
Benign,Benign,0.0015310583403334022
Benign,Benign,0.0013166613643988967
Benign,Benign,0.0010513298911973834
Benign,Benign,0.001760172308422625
Benign,Benign,0.0013661631383001804
Benign,Benign,0.016693766170646995
Benign,Benign,0.001090685254894197
Benign,Benign,0.2567826546728611
Benign,Benign,0.0010574397165328264
Benign,Benign,0.009396866546012461
Benign,Benign,0.0012956734281033278
Benign,Benign,0.1317803100682795
Benign,Benign,0.006066980771720409
Benign,Benign,0.0012748971348628402
Benign,Benign,0.0037531430716626346
Benign,Benign,0.009834544674959034
Benign,Benign,0.001044522039592266
Benign,Benign,0.0013660707045346498
Benign,Benign,0.004760809242725372
Benign,Benign,0.002430992084555328
Benign,Benign,0.002042370251729153
Benign,Benign,0.0010493912268429995
Benign,Benign,0.0022385178599506617
Benign,Benign,0.007204316207207739
Benign,Benign,0.015240531822200865
Benign,Benign,0.0038709700893377885
Benign,Benign,0.0013690032064914703
Benign,Benign,0.04242074117064476
Benign,Benign,0.2643659319728613
Benign,Benign,0.005090454811579548
Benign,Benign,0.02363995264749974
Benign,Benign,0.001083996845409274
Benign,Benign,0.0012582552153617144
Benign,Benign,0.001264916849322617
Benign,Benign,0.0052369600016390905
Benign,Benign,0.0353934180457145
Benign,Benign,0.0087814435682958
Benign,Benign,0.16301217209547758
Benign,Benign,0.006575551349669695
Benign,Benign,0.0012655595783144236
Benign,Benign,0.016918937559239566
Benign,Benign,0.06995844445191324
Benign,Benign,0.021387964457971975
Benign,Benign,0.008933198521845043
Benign,Benign,0.008363697677850723
Benign,Benign,0.0026581982237985358
Benign,Benign,0.0010574397165328264
Benign,Benign,0.0013316500699147582
Benign,Benign,0.001061765244230628
Benign,Benign,0.002251461846753955
Benign,Benign,0.001502833081758581
Benign,Benign,0.004108257009647787
Benign,Benign,0.0018103769980370998
Benign,Benign,0.002542443573474884
Benign,Benign,0.006681579616270028
Benign,Benign,0.04651832673698664
Benign,Benign,0.001083996845409274
Benign,Benign,0.0014651438686996698
Benign,Benign,0.0013363715261220932
Benign,Benign,0.0012999667087569833
Benign,Benign,0.001731719559757039
Benign,Benign,0.008268619363661855
Benign,Benign,0.0033221973571926355
Benign,Benign,0.025875023333355784
Benign,Benign,0.0016332217492163181
Benign,Benign,0.00171995151322335
Benign,Benign,0.0013292432995513082
Benign,Benign,0.001083996845409274
Benign,Benign,0.007501969987060875
Benign,Benign,0.001691605313681066
Benign,Benign,0.001088748569600284
Benign,Benign,0.0012902884045615792
Benign,Benign,0.07836750708520412
Benign,Benign,0.020730873045977205
Benign,Benign,0.008608338190242648
Benign,Benign,0.0028406595811247826
Benign,Benign,0.0019360915757715702
Benign,Benign,0.00360545699368231
Benign,Benign,0.0010574397165328264
Benign,Benign,0.007974148029461503
Benign,Benign,0.0028671204927377403
Benign,Benign,0.04200931661762297
Benign,Benign,0.006266220007091761
Benign,Benign,0.001840009936131537
Benign,Benign,0.01557864571805112
Benign,Benign,0.008644592686323449
Benign,Benign,0.001083996845409274
Benign,Benign,0.01897378358989954
Benign,Benign,0.014648049080278724
Benign,Benign,0.00886361108860001
Benign,Benign,0.0024731927551329136
Benign,Benign,0.0048681164043955505
Benign,Benign,0.0013922732323408127
Benign,Benign,0.0014625638723373413
Benign,Benign,0.0013414984568953514
Benign,Benign,0.0017358409240841866
Benign,Benign,0.001053419429808855
Benign,Benign,0.003353020641952753
Benign,Benign,0.0014534774236381054
Benign,Benign,0.001286016427911818
Benign,Benign,0.016968793177511543
Benign,Benign,0.0017569924239069223
Benign,Benign,0.0014992083888500929
Benign,Benign,0.0016032165003707632
Benign,Benign,0.020249861234333366
Benign,Benign,0.001100327237509191
Benign,Benign,0.001338129979558289
Benign,Benign,0.0029980697436258197
Benign,Benign,0.001801180129405111
Benign,Benign,0.003482947824522853
Benign,Benign,0.034809188422514126
Benign,Benign,0.025625632843002677
Benign,Benign,0.003517033765092492
Benign,Benign,0.0010513298911973834
Benign,Benign,0.021380010002758354
Benign,Benign,0.001083996845409274
Benign,Benign,0.0014299594331532717
Benign,Benign,0.0010392320109531283
Benign,Benign,0.0022091930732131004
Benign,Benign,0.004780301358550787
Benign,Benign,0.040018626023083925
Benign,Benign,0.0012402210850268602
Benign,Benign,0.04694007011130452
Benign,Benign,0.01294511411106214
Benign,Benign,0.0013060721103101969
Benign,Benign,0.001053419429808855
Benign,Benign,0.003075833650655113
Benign,Benign,0.014195651223417372
Benign,Benign,0.0028771888464689255
Benign,Benign,0.00202844082377851
Benign,Benign,0.00982346733508166
Benign,Benign,0.0014263706980273128
Benign,Benign,0.0023284906055778265
Benign,Benign,0.016025917779188603
Benign,Benign,0.004770424333401024
Benign,Benign,0.06228891620412469
Benign,Benign,0.001083996845409274
Benign,Benign,0.0014781373320147395
Benign,Benign,0.0171661683707498
Benign,Benign,0.0014829657739028335
Benign,Benign,0.0028324293671175838
Benign,Benign,0.0029720573220402002
Benign,Benign,0.006732760230079293
Benign,Benign,0.1415343035478145
Benign,Benign,0.0012545556528493762
Benign,Benign,0.005060113966464996
Benign,Benign,0.00718346142093651
Benign,Benign,0.01826960450853221
Benign,Benign,0.001645333701162599
Benign,Benign,0.0029173301882110536
Benign,Benign,0.0015377526869997382
Benign,Benign,0.0024550569942221045
Benign,Benign,0.0010262717260047793
Benign,Benign,0.0018232037546113133
Benign,Benign,0.017240005312487483
Benign,Benign,0.0034406704362481833
Benign,Benign,0.008013954327907413
Benign,Benign,0.004519875379628502
Benign,Benign,0.004345794193795882
Benign,Benign,0.0012778607197105885
Benign,Benign,0.07693086797371507
Benign,Benign,0.0013117375783622265
Benign,Benign,0.0012687825364992023
Benign,Benign,0.001083996845409274
Benign,Benign,0.015365755651146173
Benign,Benign,0.02710458448564168
Benign,Benign,0.0038861663779243827
Benign,Benign,0.014114913064986467
Benign,Benign,0.001448099734261632
Benign,Benign,0.004422472775331698
Benign,Benign,0.0031876350403763354
Benign,Benign,0.0010574397165328264
Benign,Benign,0.0014067337615415454
Benign,Benign,0.002974450879264623
Benign,Benign,0.005586351500824094
Benign,Benign,0.00860871485201642
Benign,Benign,0.0037164080422371626
Benign,Benign,0.0012941999593749642
Benign,Benign,0.011598883604165167
Benign,Benign,0.005962538241874427
Benign,Benign,0.10580824688076973
Benign,Benign,0.001531496294774115
Benign,Benign,0.0013407774968072772
Benign,Benign,0.002043615430011414
Benign,Benign,0.001083996845409274
Benign,Benign,0.005715509527362883
Benign,Benign,0.0012818991672247648
Benign,Benign,0.02032699843402952
Benign,Benign,0.021597028244286776
Benign,Benign,0.0013944096863269806
Benign,Benign,0.001274576992727816
Benign,Benign,0.0012993798591196537
Benign,Benign,0.002780299837468192
Benign,Benign,0.02256969263544306
Benign,Benign,0.001973845501197502
Benign,Benign,0.0015198668552329764
Benign,Benign,0.00288150945561938
Benign,Benign,0.012095328129362315
Benign,Benign,0.019819626701064408
Benign,Benign,0.04351425846107304
Benign,Benign,0.001083996845409274
Benign,Benign,0.016405932023189962
Benign,Benign,0.02914345054887235
Benign,Benign,0.004173277178779244
Benign,Benign,0.0184586802351987
Benign,Benign,0.016925550007726997
Benign,Benign,0.0043063319608336315
Benign,Benign,0.0010574397165328264
Benign,Benign,0.012375995749607682
Benign,Benign,0.0018714843317866325
Benign,Benign,0.001509105903096497
Benign,Benign,0.06732889357954264
Benign,Benign,0.004203422227874398
Benign,Benign,0.014888706587953493
Benign,Benign,0.0014886489370837808
Benign,Benign,0.001083996845409274
Benign,Benign,0.001474718446843326
Benign,Benign,0.0010369145311415195
Benign,Benign,0.001367417280562222
Benign,Benign,0.004349797483882867
Benign,Benign,0.05368814803659916
Benign,Benign,0.030323682352900505
Benign,Benign,0.010405334876850247
Benign,Benign,0.004734113783342764
Benign,Benign,0.001083996845409274
Benign,Benign,0.0013060721103101969
Benign,Benign,0.004638398968381807
Benign,Benign,0.002434815396554768
Benign,Benign,0.07046555890701711
Benign,Benign,0.020742374239489436
Benign,Benign,0.005011183675378561
Benign,Benign,0.009662379481596872
Benign,Benign,0.044803036958910525
Benign,Benign,0.017233404330909252
Benign,Benign,0.0012790076434612274
Benign,Benign,0.001633894964470528
Benign,Benign,0.001044522039592266
Benign,Benign,0.004872846868238412
Benign,Benign,0.02821088209748268
Benign,Benign,0.0017883295367937535
Benign,Benign,0.004509425489231944
Benign,Benign,0.005107852615765296
Benign,Benign,0.0038077151402831078
Benign,Benign,0.0012759187957271934
Benign,Benign,0.0061850969068473205
Benign,Benign,0.04269183659926057
Benign,Benign,0.0023817492183297873
Benign,Benign,0.0013858266174793243
Benign,Benign,0.019039671402424574
Benign,Benign,0.05709117348305881
Benign,Benign,0.008122897357679904
Benign,Benign,0.0014587619807571173
Benign,Benign,0.0010488430270925164
Benign,Benign,0.021055127901490778
Benign,Benign,0.0014613616367569193
Benign,Benign,0.005137567175552249
Benign,Benign,0.0032278508879244328
Benign,Benign,0.001083996845409274
Benign,Benign,0.009219788247719407
Benign,Benign,0.0013017868623137474
Benign,Benign,0.0017590343486517668
Benign,Benign,0.0010574397165328264
Benign,Benign,0.0012996104778721929
Benign,Benign,0.07932265568524599
Benign,Benign,0.009613643400371075
Benign,Benign,0.004536002175882459
Benign,Benign,0.0028778534615412354
Benign,Benign,0.0014358367770910263
Benign,Benign,0.0012552622938528657
Benign,Benign,0.001395129133015871
Benign,Benign,0.0030152909457683563
Benign,Benign,0.0012564875651150942
Benign,Benign,0.004471576525247656
Benign,Benign,0.001053419429808855
Benign,Benign,0.001419416512362659
Benign,Benign,0.01986102294176817
Benign,Benign,0.17576421331614256
Benign,Benign,0.00265248840150889
Benign,Benign,0.10666658077389002
Benign,Benign,0.0022554151946678758
Benign,Benign,0.0013160828966647387
Benign,Benign,0.0035226247855462134
Benign,Benign,0.08433360373601317
Benign,Benign,0.0015189180703600869
Benign,Benign,0.0010493912268429995
Benign,Benign,0.007556181284599006
Benign,Benign,0.004144667400396429
Benign,Benign,0.001273429486900568
Benign,Benign,0.009977841153158806
Benign,Benign,0.02085161389550194
Benign,Benign,0.009448027703911066
Benign,Benign,0.002719503580010496
Benign,Benign,0.0022072396241128445
Benign,Benign,0.005724956281483173
Benign,Benign,0.0036330074071884155
Benign,Benign,0.0010574397165328264
Benign,Benign,0.003506504464894533
Benign,Benign,0.0013171969912946224
Benign,Benign,0.0013749770587310195
Benign,Benign,0.0013090582797303796
Benign,Benign,0.0031845907215029
Benign,Benign,0.01016852303291671
Benign,Benign,0.02154258731752634
Benign,Benign,0.0033581277675693855
Benign,Benign,0.0012902884045615792
Benign,Benign,0.0010574397165328264
Benign,Benign,0.004575610160827637
Benign,Benign,0.0068912197020836174
Benign,Benign,0.001083996845409274
Benign,Benign,0.004355000331997871
Benign,Benign,0.005792196112452075
Benign,Benign,0.001083996845409274
Benign,Benign,0.020048642996698618
Benign,Benign,0.001326032797805965
Benign,Benign,0.0010488430270925164
Benign,Benign,0.013647516607306898
Benign,Benign,0.001282623503357172
Benign,Benign,0.0012693663593381643
Benign,Benign,0.13006692100316286
Benign,Benign,0.08041620533913374
Benign,Benign,0.0021759657975053415
Benign,Benign,0.0010574397165328264
Benign,Benign,0.002424921840429306
Benign,Benign,0.004452642984688282
Benign,Benign,0.028991808998398483
Benign,Benign,0.0012515151174739003
Benign,Benign,0.002035886514931917
Benign,Benign,0.024860622128471732
Benign,Benign,0.0013334304094314575
Benign,Benign,0.0021649137925123796
Benign,Benign,0.001286016427911818
Benign,Benign,0.0019925999804399908
Benign,Benign,0.0037548892432823777
Benign,Benign,0.001083996845409274
Benign,Benign,0.015491780766751617
Benign,Benign,0.0013001627521589398
Benign,Benign,0.0038497650530189276
Benign,Benign,0.001516407006420195
Benign,Benign,0.010668066563084722
Benign,Benign,0.0018675049941521138
Benign,Benign,0.019460328796412796
Benign,Benign,0.015569239971227944
Benign,Benign,0.0012660962529480457
Benign,Benign,0.0012932814424857497
Benign,Benign,0.001292772707529366
Benign,Benign,0.0013886522501707077
Benign,Benign,0.001386522431857884
Benign,Benign,0.0016461008926853538
Benign,Benign,0.015185374752036296
Benign,Benign,0.0013156848726794124
Benign,Benign,0.0014099798863753676
Benign,Benign,0.00822820223402232
Benign,Benign,0.001332378014922142
Benign,Benign,0.0010932027362287045
Benign,Benign,0.0014172953087836504
Benign,Benign,0.04354590130969882
Benign,Benign,0.0010908214608207345
Benign,Benign,0.002934630145318806
Benign,Benign,0.007729618562734686
Benign,Benign,0.005908277351409197
Benign,Benign,0.0013354439288377762
Benign,Benign,0.004926947396597825
Benign,Benign,0.001969349104911089
Benign,Benign,0.0014309625839814544
Benign,Benign,0.002106232801452279
Benign,Benign,0.11543944920413196
Benign,Benign,0.0010900553315877914
Benign,Benign,0.001535952789708972
Benign,Benign,0.0012946041533723474
Benign,Benign,0.0014437803765758872
Benign,Benign,0.00357023230753839
Benign,Benign,0.00957660679705441
Benign,Benign,0.08715112507343292
Benign,Benign,0.00532631971873343
Benign,Benign,0.003818441415205598
Benign,Benign,0.003148394578602165
Benign,Benign,0.060414093313738704
Benign,Benign,0.004122478421777487
Benign,Benign,0.002423594909487292
Benign,Benign,0.0021272223093546927
Benign,Benign,0.009274710886529647
Benign,Benign,0.0030193733982741833
Benign,Benign,0.0022006835497450083
Benign,Benign,0.0019219322130084038
Benign,Benign,0.005123039911268279
Benign,Benign,0.09053827077150345
Benign,Benign,0.001806141677661799
Benign,Benign,0.03813282726332545
Benign,Benign,0.310894763097167
Benign,Benign,0.008836405992042273
Benign,Benign,0.0012825389858335257
Benign,Benign,0.0012803287245333195
Benign,Benign,0.034913352923467755
Benign,Benign,0.0016031188279157504
Benign,Benign,0.0013810640666633844
Benign,Benign,0.0025284215807914734
Benign,Benign,0.0012996740406379104
Benign,Benign,0.005598229763563722
Benign,Benign,0.0020284904167056084
Benign,Benign,0.0014130596537142992
Benign,Benign,0.021228088880889118
Benign,Benign,0.010138400699361227
Benign,Benign,0.0013325702166184783
Benign,Benign,0.0022232024930417538
Benign,Benign,0.011400999617762864
Benign,Benign,0.007796951103955507
Benign,Benign,0.001434758072718978
Benign,Benign,0.001445630332455039
Benign,Benign,0.00333606380445417
Benign,Benign,0.001083996845409274
Benign,Benign,0.00395957613363862
Benign,Benign,0.002404844854027033
Benign,Benign,0.015385375008918345
Benign,Benign,0.0012572328560054302
Benign,Benign,0.001376389991492033
Benign,Benign,0.0011569166090339422
Benign,Benign,0.0021984600462019444
Benign,Benign,0.0047685225727036595
Benign,Benign,0.0012986002257093787
Benign,Benign,0.02151591144502163
Benign,Benign,0.0020998797845095396
Benign,Benign,0.012042623187880963
Benign,Benign,0.0010574397165328264
Benign,Benign,0.0023590875644003972
Benign,Benign,0.005987070966511965
Benign,Benign,0.0010488430270925164
Benign,Benign,0.013031347654759884
Benign,Benign,0.0014082108245929703
Benign,Benign,0.0012402210850268602
Benign,Benign,0.001083996845409274
Benign,Benign,0.00589968309213873
Benign,Benign,0.006056135738617741
Benign,Benign,0.027791793399956077
Benign,Benign,0.0031761732971062884
Benign,Benign,0.006396187236532569
Benign,Benign,0.05418404657393694
Benign,Benign,0.0012702189851552248
Benign,Benign,0.03132470231503248
Benign,Benign,0.0016826068749651313
Benign,Benign,0.0012386622838675976
Benign,Benign,0.001083996845409274
Benign,Benign,0.0024008809123188257
Benign,Benign,0.001347323413938284
Benign,Benign,0.009040829245350324
Benign,Benign,0.0023618226405233145
Benign,Benign,0.0013281404972076416
Benign,Benign,0.006776152396923862
Benign,Benign,0.09073715982958674
Benign,Benign,0.0010451810667291284
Benign,Benign,0.0012864816235378385
Benign,Benign,0.001286016427911818
Benign,Benign,0.0012949052033945918
Benign,Benign,0.0013926696265116334
Benign,Benign,0.00414941634517163
Benign,Benign,0.0016299873823300004
Benign,Benign,0.0012779865646734834
Benign,Benign,0.006280523259192705
Benign,Benign,0.006952986586838961
Benign,Benign,0.02028984692879021
Benign,Benign,0.012786140374373645
Benign,Benign,0.0010900553315877914
Benign,Benign,0.0015406683087348938
Benign,Benign,0.004736521732411347
Benign,Benign,0.0010574397165328264
Benign,Benign,0.0024845439475029707
Benign,Benign,0.009208158124238253
Benign,Benign,0.005313664209097624
Benign,Benign,0.07118161011021584
Benign,Benign,0.001288003521040082
Benign,Benign,0.029589302313979715
Benign,Benign,0.004951450624503195
Benign,Benign,0.001896512578241527
Benign,Benign,0.001053419429808855
Benign,Benign,0.007964336313307285
Benign,Benign,0.013707752790651284
Benign,Benign,0.0010574397165328264
Benign,Benign,0.06030335696414113
Benign,Benign,0.0074432913097552955
Benign,Benign,0.0015231805009534582
Benign,Benign,0.011680821888148785
Benign,Benign,0.008526304736733437
Benign,Benign,0.002620116458274424
Benign,Benign,0.002560090273618698
Benign,Benign,0.001083996845409274
Benign,Benign,0.0046117438323562965
Benign,Benign,0.007419398985803127
Benign,Benign,0.003921249619452283
Benign,Benign,0.0012611541897058487
Benign,Benign,0.004310074233217165
Benign,Benign,0.006229617851204239
Benign,Benign,0.016802538637421094
Benign,Benign,0.0028001534519717097
Benign,Benign,0.07196795934578404
Benign,Benign,0.0013866503722965717
Benign,Benign,0.003835749113932252
Benign,Benign,0.019654865376651287
Benign,Benign,0.005211989162489772
Benign,Benign,0.031144051754381508
Benign,Benign,0.0042003916460089386
Benign,Benign,0.013862121501006186
Benign,Benign,0.0012564875651150942
Benign,Benign,0.0030243603396229446
Benign,Benign,0.0017347994580632076
Benign,Benign,0.001083996845409274
Benign,Benign,0.01238385308533907
Benign,Benign,0.0010574397165328264
Benign,Benign,0.0010574397165328264
Benign,Benign,0.061799800023436546
Benign,Benign,0.0048731290735304356
Benign,Benign,0.03511655004695058
Benign,Benign,0.0034935222938656807
Benign,Benign,0.013800238957628608
Benign,Benign,0.001398096326738596
Benign,Benign,0.06834182690363377
Benign,Benign,0.0155135712120682
Benign,Benign,0.0016028587415348738
Benign,Benign,0.0013223260175436735
Benign,Benign,0.018796500226017088
Benign,Benign,0.0015155339933698997
Benign,Benign,0.0013208985328674316
Benign,Benign,0.007245411048643291
Benign,Benign,0.0014382110530277714
Benign,Benign,0.030916010480723344
Benign,Benign,0.02549240819644183
Benign,Benign,0.0021138968295417726
Benign,Benign,0.003229025285691023
Benign,Benign,0.0010852114064618945
Benign,Benign,0.04131904966197908
Benign,Benign,0.0012569441460072994
Benign,Benign,0.0015418190596392378
Benign,Benign,0.008810102823190391
Benign,Benign,0.0863166362978518
Benign,Benign,0.0017296656733378768
Benign,Benign,0.016679047141224146
Benign,Benign,0.002007968127145432
Benign,Benign,0.007561278762295842
Benign,Benign,0.02865325822494924
Benign,Benign,0.039941828697919846
Benign,Benign,0.007073383530951105
Benign,Benign,0.0014436595374718308
Benign,Benign,0.032973586581647396
Benign,Benign,0.010792120243422687
Benign,Benign,0.002153312845621258
Benign,Benign,0.0010574535699561238
Benign,Benign,0.001323757809586823
Benign,Benign,0.010747235617600381
Benign,Benign,0.0648680436424911
Benign,Benign,0.08878846350125968
Benign,Benign,0.0012996740406379104
Benign,Benign,0.003272465168265626
Benign,Benign,0.0039412692276528105
Benign,Benign,0.0012744892155751586
Benign,Benign,0.00143997254781425
Benign,Benign,0.0012840819545090199
Benign,Benign,0.004935909048072062
Benign,Benign,0.0011326592648401856
Benign,Benign,0.0024689410347491503
Benign,Benign,0.027877983637154102
Benign,Benign,0.03953904169611633
Benign,Benign,0.001286016427911818
Benign,Benign,0.018523992970585823
Benign,Benign,0.1223312420770526
Benign,Benign,0.004295216116588563
Benign,Benign,0.0012643254594877362
Benign,Benign,0.021413040230982006
Benign,Benign,0.0020188686612527817
Benign,Benign,0.0012702023377642035
Benign,Benign,0.0013027096865698695
Benign,Benign,0.00632924324600026
Benign,Benign,0.004920986481010914
Benign,Benign,0.02117025712504983
Benign,Benign,0.0012884960742667317
Benign,Benign,0.03601178432290908
Benign,Benign,0.001282623503357172
Benign,Benign,0.004188023041933775
Benign,Benign,0.001525862026028335
Benign,Benign,0.011756408479413949
Benign,Benign,0.006151131805381738
Benign,Benign,0.0018816443043760955
Benign,Benign,0.0716814937768504
Benign,Benign,0.015032663941383362
Benign,Benign,0.0015942245809128508
Benign,Benign,0.010712049901485443
Benign,Benign,0.0010574397165328264
Benign,Benign,0.005570403998717666
Benign,Benign,0.001949471770785749
Benign,Benign,0.0025963301304727793
Benign,Benign,0.0036269829142838717
Benign,Benign,0.015720414434326813
Benign,Benign,0.2093625096604228
Benign,Benign,0.0010574397165328264
Benign,Benign,0.0014459305675700307
Benign,Benign,0.0014196174452081323
Benign,Benign,0.0037166050024097785
Benign,Benign,0.03712616488337517
Benign,Benign,0.09915676433593035
Benign,Benign,0.01479745026153978
Benign,Benign,0.0014036367647349834
Benign,Benign,0.004427271895110607
Benign,Benign,0.0011136425891891122
Benign,Benign,0.0010488430270925164
Benign,Benign,0.0010574397165328264
Benign,Benign,0.0025222727563232183
Benign,Benign,0.0021976795396767557
Benign,Benign,0.0014388561248779297
Benign,Benign,0.0012779865646734834
Benign,Benign,0.002243321607238613
Benign,Benign,0.0276569330599159
Benign,Benign,0.0021663320367224514
Benign,Benign,0.0010488430270925164
Benign,Benign,0.005726148374378681
Benign,Benign,0.001258202246390283
Benign,Benign,0.005344155186321586
Benign,Benign,0.0012535022106021643
Benign,Benign,0.006327526178210974
Benign,Benign,0.0012996740406379104
Benign,Benign,0.0012996740406379104
Benign,Benign,0.029505658836569637
Benign,Benign,0.001053419429808855
Benign,Benign,0.02310968650272116
Benign,Benign,0.004588855896145105
Benign,Benign,0.0014992859214544296
Benign,Benign,0.006025162962032482
Benign,Benign,0.001044522039592266
Benign,Benign,0.04769890918396413
Benign,Benign,0.010921668668743223
Benign,Benign,0.036069817360839806
Benign,Benign,0.038448391715064645
Benign,Benign,0.03910369228105992
Benign,Benign,0.001282623503357172
Benign,Benign,0.007121949456632137
Benign,Benign,0.0389346209121868
Benign,Benign,0.0025773318484425545
Benign,Benign,0.004552976679406129
Benign,Benign,0.03572188876569271
Benign,Benign,0.0047982060350477695
Benign,Benign,0.0013683481374755502
Benign,Benign,0.0030442418064922094
Benign,Benign,0.0013512875884771347
Benign,Benign,0.0036285055975895375
Benign,Benign,0.052862560376524925
Benign,Benign,0.0980317301582545
Benign,Benign,0.001408361247740686
Benign,Benign,0.006723594677168876
Benign,Benign,0.0010574397165328264
Benign,Benign,0.0032166899763979018
Benign,Benign,0.005232528084889054
Benign,Benign,0.0025810813531279564
Benign,Benign,0.006120840756921098
Benign,Benign,0.0016077322652563453
Benign,Benign,0.0015712816966697574
Benign,Benign,0.0012749299639835954
Benign,Benign,0.009577868913765997
Benign,Benign,0.021995876915752888
Benign,Benign,0.0013095940230414271
Benign,Benign,0.0013023322680965066
Benign,Benign,0.002542822840041481
Benign,Benign,0.03265058319084346
Benign,Benign,0.010150708723813295
Benign,Benign,0.001352278864942491
Benign,Benign,0.003609034465625882
Benign,Benign,0.003412822959944606
Benign,Benign,0.015601412145770155
Benign,Benign,0.0014454226475208998
Benign,Benign,0.007673050626181066
Benign,Benign,0.001332176267169416
Benign,Benign,0.002979880664497614
Benign,Benign,0.008214492088882253
Benign,Benign,0.0025522252544760704
Benign,Benign,0.02406658453401178
Benign,Benign,0.001521869096904993
Benign,Benign,0.0013001627521589398
Benign,Benign,0.001338651403784752
Benign,Benign,0.002615548321045935
Benign,Benign,0.09857517754426226
Benign,Benign,0.001083996845409274
Benign,Benign,0.03212912240996957
Benign,Benign,0.011189812037628144
Benign,Benign,0.00449405238032341
Benign,Benign,0.0025516186142340302
Benign,Benign,0.06276934954803437
Benign,Benign,0.005736313236411661
Benign,Benign,0.12057504244148731
Benign,Benign,0.003881209995597601
Benign,Benign,0.0017343168146908283
Benign,Benign,0.07903813384473324
Benign,Benign,0.004177005495876074
Benign,Benign,0.04036019532941282
Benign,Benign,0.0037479574093595147
Benign,Benign,0.0014301460469141603
Benign,Benign,0.0024903120938688517
Benign,Benign,0.011076828697696328
Benign,Benign,0.0012748971348628402
Benign,Benign,0.0038599923718720675
Benign,Benign,0.003606203361414373
Benign,Benign,0.021796891232952476
Benign,Benign,0.004687804204877466
Benign,Benign,0.001602668664418161
Benign,Benign,0.008802615571767092
Benign,Benign,0.012521503027528524
Benign,Benign,0.03297529008705169
Benign,Benign,0.0012996740406379104
Benign,Benign,0.0012996740406379104
Benign,Benign,0.0017374419840052724
Benign,Benign,0.0185507865389809
Benign,Benign,0.006585072667803615
Benign,Benign,0.0014527938328683376
Benign,Benign,0.005013962218072265
Benign,Benign,0.0012497120769694448
Benign,Benign,0.005227768313488923
Benign,Benign,0.001648976351134479
Benign,Benign,0.0013976080808788538
Benign,Benign,0.0013208985328674316
Benign,Benign,0.0017991057829931378
Benign,Benign,0.048293348867446184
Benign,Benign,0.012554633663967252
Benign,Benign,0.001056062406860292
Benign,Benign,0.0012802986893802881
Benign,Benign,0.001083996845409274
Benign,Benign,0.001607581740245223
Benign,Benign,0.0021175143629079685
Benign,Benign,0.001392474747262895
Benign,Benign,0.0030371019383892417
Benign,Benign,0.002693963819183409
Benign,Benign,0.04274611221626401
Benign,Benign,0.02549639600329101
Benign,Benign,0.054055675864219666
Benign,Benign,0.0029533938504755497
Benign,Benign,0.0010574397165328264
Benign,Benign,0.0010513298911973834
Benign,Benign,0.00265751859114971
Benign,Benign,0.003645434626378119
Benign,Benign,0.001318794908002019
Benign,Benign,0.0010574397165328264
Benign,Benign,0.002481156843714416
Benign,Benign,0.0015385401202365756
Benign,Benign,0.002077536890283227
Benign,Benign,0.001445630332455039
Benign,Benign,0.0011621799785643816
Benign,Benign,0.003066045930609107
Benign,Benign,0.004527716489974409
Benign,Benign,0.40312596037983894
Benign,Benign,0.0015546028589596972
Benign,Benign,0.0013095940230414271
Benign,Benign,0.0010574397165328264
Benign,Benign,0.0017902401741594076
Benign,Benign,0.008207494392991066
Benign,Benign,0.003950386948417872
Benign,Benign,0.0013026951346546412
Benign,Benign,0.0012705049011856318
Benign,Benign,0.023801994393579662
Benign,Benign,0.02350727276643738
Benign,Benign,0.07017964730039239
Benign,Benign,0.0010574397165328264
Benign,Benign,0.001318661612458527
Benign,Benign,0.0010488430270925164
Benign,Benign,0.051261823158711195
Benign,Benign,0.001083996845409274
Benign,Benign,0.0013756672851741314
Benign,Benign,0.001510106711066328
Benign,Benign,0.00867395254317671
Benign,Benign,0.04393620591145009
Benign,Benign,0.019603790482506156
Benign,Benign,0.0012254648609086871
Benign,Benign,0.00388498893880751
Benign,Benign,0.006001720845233649
Benign,Benign,0.00749369477853179
Benign,Benign,0.0019135932670906186
Benign,Benign,0.001430862001143396
Benign,Benign,0.0010562095558270812
Benign,Benign,0.0013069227570667863
Benign,Benign,0.0012745363637804985
Benign,Benign,0.001258260803297162
Benign,Benign,0.032099140575155616
Benign,Benign,0.02912941831164062
Benign,Benign,0.002364573287195526
Benign,Benign,0.0013219746761023998
Benign,Benign,0.001511774942628108
Benign,Benign,0.03327096899738535
Benign,Benign,0.0037035140849184245
Benign,Benign,0.0034173300955444574
Benign,Benign,0.0012950323289260268
Benign,Benign,0.018575746449641883
Benign,Benign,0.0010750781511887908
Benign,Benign,0.08381070103496313
Benign,Benign,0.009455112623982131
Benign,Benign,0.00550413852033671
Benign,Benign,0.005963641437119804
Benign,Benign,0.0021888017654418945
Benign,Benign,0.01621043632621877
Benign,Benign,0.0028314772062003613
Benign,Benign,0.001083996845409274
Benign,Benign,0.0014446219429373741
Benign,Benign,0.0012996740406379104
Benign,Benign,0.0012415441451594234
Benign,Benign,0.0020206167828291655
Benign,Benign,0.015993868350051343
Benign,Benign,0.001269118976779282
Benign,Benign,0.0015575894940411672
Benign,Benign,0.0014343545772135258
Benign,Benign,0.0012342347763478756
Benign,Benign,0.00789934757631272
Benign,Benign,0.0017004346882458776
Benign,Benign,0.0012619916815310717
Benign,Benign,0.0012996740406379104
Benign,Benign,0.0022439692402258515
Benign,Benign,0.0012996740406379104
Benign,Benign,0.006762876277207397
Benign,Benign,0.0013894573785364628
Benign,Benign,0.0015050037764012814
Benign,Benign,0.005759675754234195
Benign,Benign,0.0058672612067312
Benign,Benign,0.030608222354203463
Benign,Benign,0.0021262988302623853
Benign,Benign,0.006941743136849254
Benign,Benign,0.0017217752756550908
Benign,Benign,0.0012564875651150942
Benign,Benign,0.001918528083479032
Benign,Benign,0.001083996845409274
Benign,Benign,0.001645890748477541
Benign,Benign,0.0013495282037183642
Benign,Benign,0.027725694817490876
Benign,Benign,0.005334553890861571
Benign,Benign,0.061024334747344255
Benign,Benign,0.015135461639147252
Benign,Benign,0.0010290986392647028
Benign,Benign,0.001083996845409274
Benign,Benign,0.0024077657144516706
Benign,Benign,0.001083996845409274
Benign,Benign,0.002700219498365186
Benign,Benign,0.0012765617575496435
Benign,Benign,0.0036126907216385007
Benign,Benign,0.0012996740406379104
Benign,Benign,0.0768705764785409
Benign,Benign,0.0010450679110363126
Benign,Benign,0.0016307884361594915
Benign,Benign,0.0010574397165328264
Benign,Benign,0.01828713621944189
Benign,Benign,0.0012996740406379104
Benign,Benign,0.001534694922156632
Benign,Benign,0.0018939787987619638
Benign,Benign,0.0016648424789309502
Benign,Benign,0.0026399214984849095
Benign,Benign,0.0013974804896861315
Benign,Benign,0.0016706414753571153
Benign,Benign,0.0012988466769456863
Benign,Benign,0.009129478130489588
Benign,Benign,0.003401081310585141
Benign,Benign,0.002318708226084709
Benign,Benign,0.0012576431035995483
Benign,Benign,0.0014178324490785599
Benign,Benign,0.0028264072025194764
Benign,Benign,0.013601809623651206
Benign,Benign,0.04322519898414612
Benign,Benign,0.002104187151417136
Benign,Benign,0.07278802199289203
Benign,Benign,0.05031365237664431
Benign,Benign,0.0010513298911973834
Benign,Benign,0.0010262717260047793
Benign,Benign,0.0013878935715183616
Benign,Benign,0.0010574397165328264
Benign,Benign,0.0013186513679102063
Benign,Benign,0.0014376100152730942
Benign,Benign,0.008293980674352497
Benign,Benign,0.009536819736240432
Benign,Benign,0.014222030527889729
Benign,Benign,0.02244806193630211
Benign,Benign,0.006036010337993503
Benign,Benign,0.0011174300452694297
Benign,Benign,0.03262212028494105
Benign,Benign,0.05557308963034302
Benign,Benign,0.006795003297156654
Benign,Benign,0.002093287475872785
Benign,Benign,0.009995462809456512
Benign,Benign,0.001340170274488628
Benign,Benign,0.0014267482329159975
Benign,Benign,0.0012487292988225818
Benign,Benign,0.001796865020878613
Benign,Benign,0.0018025740282610059
Benign,Benign,0.010406782734207809
Benign,Benign,0.0026757949963212013
Benign,Benign,0.0012432265793904662
Benign,Benign,0.007500885039917193
Benign,Benign,0.0019243578135501593
Benign,Benign,0.0014415638142963871
Benign,Benign,0.007828493253327906
Benign,Benign,0.002570267068222165
Benign,Benign,0.0012314460473135114
Benign,Benign,0.001055175089277327
Benign,Benign,0.06780805205926299
Benign,Benign,0.0014654679544037208
Benign,Benign,0.023344107903540134
Benign,Benign,0.001555642913444899
Benign,Benign,0.0012643254594877362
Benign,Benign,0.0012996740406379104
Benign,Benign,0.0015347531298175454
Benign,Benign,0.0013286860194057226
Benign,Benign,0.08472961746156216
Benign,Benign,0.0012604083167389035
Benign,Benign,0.001296960050240159
Benign,Benign,0.0010971893789246678
Benign,Benign,0.0014566886238753796
Benign,Benign,0.0031696052610641345
Benign,Benign,0.001366445329040289
Benign,Benign,0.04294518998358399
Benign,Benign,0.0010574397165328264
Benign,Benign,0.0010852114064618945
Benign,Benign,0.0010574397165328264
Benign,Benign,0.0056465626548742875
Benign,Benign,0.0038997483206912875
Benign,Benign,0.002390773021033965
Benign,Benign,0.002676957519724965
Benign,Benign,0.007036774652078748
Benign,Benign,0.00397933810018003
Benign,Benign,0.0015940651064738631
Benign,Benign,0.006260600173845887
Benign,Benign,0.004124055791180581
Benign,Benign,0.002062206724076532
Benign,Benign,0.0010493912268429995
Benign,Benign,0.0029074103804305196
Benign,Benign,0.0058488743379712105
Benign,Benign,0.004433301495737396
Benign,Benign,0.0014395833713933825
Benign,Benign,0.007768592273350805
Benign,Benign,0.0012583163334056735
Benign,Benign,0.014756992895854637
Benign,Benign,0.001053419429808855
Benign,Benign,0.03338820463977754
Benign,Benign,0.001083996845409274
Benign,Benign,0.006300584820564836
Benign,Benign,0.0018645183881744742
Benign,Benign,0.0014254087582230568
Benign,Benign,0.024883898557163775
Benign,Benign,0.012469896231777966
Benign,Benign,0.013008617315790616
Benign,Benign,0.0016422611515736207
Benign,Benign,0.033469093847088516
Benign,Benign,0.0013453456340357661
Benign,Benign,0.001083996845409274
Benign,Benign,0.001873358676675707
Benign,Benign,0.0031549260020256042
Benign,Benign,0.0012793067144230008
Benign,Benign,0.017320219427347183
Benign,Benign,0.0010493912268429995
Benign,Benign,0.058789756847545505
Benign,Benign,0.001486993278376758
Benign,Benign,0.0031049027893459424
Benign,Benign,0.004152812296524644
Benign,Benign,0.0023371106944978237
Benign,Benign,0.0013021634658798575
Benign,Benign,0.0015236809849739075
Benign,Benign,0.001272812718525529
Benign,Benign,0.002483863616362214
Benign,Benign,0.0010488430270925164
Benign,Benign,0.007389100035652518
Benign,Benign,0.001083996845409274
Benign,Benign,0.011821600957773626
Benign,Benign,0.04664079088252038
Benign,Benign,0.0027164805069332942
Benign,Benign,0.004723107209429145
Benign,Benign,0.012099418032448739
Benign,Benign,0.001650506499572657
Benign,Benign,0.001362596289254725
Benign,Benign,0.0037153102457523346
Benign,Benign,0.20171054171805736
Benign,Benign,0.0015144557692110538
Benign,Benign,0.0020278020383557305
Benign,Benign,0.0010574397165328264
Benign,Benign,0.02495333133265376
Benign,Benign,0.0016824171179905534
Benign,Benign,0.0031007996876724064
Benign,Benign,0.0010574397165328264
Benign,Benign,0.04993674415163696
Benign,Benign,0.0015765553107485175
Benign,Benign,0.005867002299055457
Benign,Benign,0.0010493912268429995
Benign,Benign,0.0013143540127202868
Benign,Benign,0.0015846429159864783
Benign,Benign,0.0013835919089615345
Benign,Benign,0.013628279775730334
Benign,Benign,0.0014454226475208998
Benign,Benign,0.0018991654505953193
Benign,Benign,0.001083996845409274
Benign,Benign,0.0015525409253314137
Benign,Benign,0.0013772440142929554
Benign,Benign,0.0035706297494471073
Benign,Benign,0.0022227290319278836
Benign,Benign,0.002228572266176343
Benign,Benign,0.0050342148169875145
Benign,Benign,0.07365394616499543
Benign,Benign,0.0012688052374869585
Benign,Benign,0.001083996845409274
Benign,Benign,0.001274198992177844
Benign,Benign,0.002549568540416658
Benign,Benign,0.015302063839044422
Benign,Benign,0.0010574397165328264
Benign,Benign,0.00133699516300112
Benign,Benign,0.0015570217510685325
Benign,Benign,0.007851634989492595
Benign,Benign,0.0013587662251666188
Benign,Benign,0.0012748971348628402
Benign,Benign,0.0024751408491283655
Benign,Benign,0.0064320556120947
Benign,Benign,0.0147920164745301
Benign,Benign,0.0013675405643880367
Benign,Benign,0.0013474969891831279
Benign,Benign,0.0066973501816391945
Benign,Benign,0.0014296408044174314
Benign,Benign,0.0012535620480775833
Benign,Benign,0.0012950480449944735
Benign,Benign,0.0038964347768342122
Benign,Benign,0.0016390432137995958
Benign,Benign,0.006143972277641296
Benign,Benign,0.026497431797906756
Benign,Benign,0.011053750626160763
Benign,Benign,0.001357775880023837
Benign,Benign,0.0013980239164084196
Benign,Benign,0.003949556266888976
Benign,Benign,0.002298937877640128
Benign,Benign,0.00551545643247664
Benign,Benign,0.016064520910731517
Benign,Benign,0.008985419757664204
Benign,Benign,0.0012718618381768465
Benign,Benign,0.0032499791122972965
Benign,Benign,0.014437737176194787
Benign,Benign,0.005972151848254725
Benign,Benign,0.0012901428854092956
Benign,Benign,0.0020306602673372254
Benign,Benign,0.0012492832029238343
Benign,Benign,0.009938452392816544
Benign,Benign,0.016759744321461767
Benign,Benign,0.001487761503085494
Benign,Benign,0.0017593576340004802
Benign,Benign,0.0013237802777439356
Benign,Benign,0.0013057126197963953
Benign,Benign,0.010038208216428757
Benign,Benign,0.001324551529251039
Benign,Benign,0.001445630332455039
Benign,Benign,0.0013819769956171513
Benign,Benign,0.002224106341600418
Benign,Benign,0.0012492832029238343
Benign,Benign,0.0014910661848261952
Benign,Benign,0.0014196810079738498
Benign,Benign,0.03542427986394614
Benign,Benign,0.0012628055410459638
Benign,Benign,0.06203565839678049
Benign,Benign,0.001053419429808855
Benign,Benign,0.001982275862246752
Benign,Benign,0.0012874294770881534
Benign,Benign,0.0012567220110213384
Benign,Benign,0.0014581722061848268
Benign,Benign,0.009791801450774074
Benign,Benign,0.001542632351629436
Benign,Benign,0.013570985509431921
Benign,Benign,0.0010574397165328264
Benign,Benign,0.004619324463419616
Benign,Benign,0.0026000599609687924
Benign,Benign,0.0012852075742557645
Benign,Benign,0.012669720861595124
Benign,Benign,0.07028343898127787
Benign,Benign,0.0029111040639691055
Benign,Benign,0.0012582552153617144
Benign,Benign,0.0012920447625219822
Benign,Benign,0.008153426344506443
Benign,Benign,0.001282623503357172
Benign,Benign,0.004648121539503336
Benign,Benign,0.0025752593064680696
Benign,Benign,0.0058625079109333456
Benign,Benign,0.001226462292834185
Benign,Benign,0.0016850653191795573
Benign,Benign,0.08547858148813248
Benign,Benign,0.03164537774864584
Benign,Benign,0.0012492832029238343
Benign,Benign,0.019358565332368016
Benign,Benign,0.06115168868564069
Benign,Benign,0.0015865793684497476
Benign,Benign,0.0028270110342418775
Benign,Benign,0.0012619916815310717
Benign,Benign,0.0011463927803561091
Benign,Benign,0.0036005660658702254
Benign,Benign,0.0012748971348628402
Benign,Benign,0.02427781547885388
Benign,Benign,0.0019260489789303392
Benign,Benign,0.0019726744503714144
Benign,Benign,0.001611413186765276
Benign,Benign,0.0016168708680197597
Benign,Benign,0.0027845503063872457
Benign,Benign,0.010591441270662472
Benign,Benign,0.0024220310151576996
Benign,Benign,0.0015947448555380106
Benign,Benign,0.0012564875651150942
Benign,Benign,0.0012655595783144236
Benign,Benign,0.009159088833257556
Benign,Benign,0.009165647643385455
Benign,Benign,0.006671566399745643
Benign,Benign,0.0023790234699845314
Benign,Benign,0.0012330106692388654
Benign,Benign,0.0012486379127949476
Benign,Benign,0.001450429204851389
Benign,Benign,0.0039031710475683212
Benign,Benign,0.0013723588781431317
Benign,Benign,0.00259518064558506
Benign,Benign,0.0026396147441118956
Benign,Benign,0.001100327237509191
Benign,Benign,0.001100327237509191
Benign,Benign,0.0012575299479067326
Benign,Benign,0.05128673551371321
Benign,Benign,0.034846202353946865
Benign,Benign,0.0028619579825317487
Benign,Benign,0.0028760399291059002
Benign,Benign,0.0014302795752882957
Benign,Benign,0.005137287953402847
Benign,Benign,0.012652496981900185
Benign,Benign,0.004875599290244281
Benign,Benign,0.0014928551390767097
Benign,Benign,0.06750694522634149
Benign,Benign,0.001100327237509191
Benign,Benign,0.006750362692400813
Benign,Benign,0.004196030204184353
Benign,Benign,0.0010574397165328264
Benign,Benign,0.009333498310297728
Benign,Benign,0.001396392472088337
Benign,Benign,0.0012877123663201928
Benign,Benign,0.0012911984231323004
Benign,Benign,0.004474066838156432
Benign,Benign,0.0034191792365163565
Benign,Benign,0.0012655595783144236
Benign,Benign,0.0018487051129341125
Benign,Benign,0.001056062406860292
Benign,Benign,0.0012254648609086871
Benign,Benign,0.0026135729858651757
Benign,Benign,0.015950968925608322
Benign,Benign,0.0012643254594877362
Benign,Benign,0.008659632119815797
Benign,Benign,0.005988699602312408
Benign,Benign,0.0012556177098304033
Benign,Benign,0.06509860674850643
Benign,Benign,0.002285603666678071
Benign,Benign,0.0019827496143989265
Benign,Benign,0.0017334436706732959
Benign,Benign,0.021331725583877414
Benign,Benign,0.01574267164687626
Benign,Benign,0.0018507218919694424
Benign,Benign,0.010965404566377401
Benign,Benign,0.008174216491170228
Benign,Benign,0.06062422972172499
Benign,Benign,0.0016124248504638672
Benign,Benign,0.004721875739051029
Benign,Benign,0.002466340665705502
Benign,Benign,0.0024417059030383825
Benign,Benign,0.0012492832029238343
Benign,Benign,0.001044522039592266
Benign,Benign,0.03195706312544644
Benign,Benign,0.01600761606823653
Benign,Benign,0.003704656846821308
Benign,Benign,0.002166597725590691
Benign,Benign,0.00512892751430627
Benign,Benign,0.00993268727324903
Benign,Benign,0.0013251131167635322
Benign,Benign,0.0029844697564840317
Benign,Benign,0.016385801369324327
Benign,Benign,0.0063058035157155246
Benign,Benign,0.004464638390345499
Benign,Benign,0.2659418024122715
Benign,Benign,0.003690290730446577
Benign,Benign,0.017383512342348695
Benign,Benign,0.0028738006949424744
Benign,Benign,0.003237554570659995
Benign,Benign,0.004396811680635437
Benign,Benign,0.001458010752685368
Benign,Benign,0.010300029971404001
Benign,Benign,0.001699095344520174
Benign,Benign,0.009746331255882978
Benign,Benign,0.001258202246390283
Benign,Benign,0.0012996740406379104
Benign,Benign,0.003532175673171878
Benign,Benign,0.0061299751832848415
Benign,Benign,0.0030078289564698935
Benign,Benign,0.0010574397165328264
Benign,Benign,0.0032656448893249035
Benign,Benign,0.005134321836521849
Benign,Benign,0.001667347489274107
Benign,Benign,0.005914114706683904
Benign,Benign,0.005448434269055724
Benign,Benign,0.003772726049646735
Benign,Benign,0.004857369669480249
Benign,Benign,0.004195155983325094
Benign,Benign,0.0013512595323845744
Benign,Benign,0.001434758072718978
Benign,Benign,0.0012549769598990679
Benign,Benign,0.0013094207970425487
Benign,Benign,0.003627186641097069
Benign,Benign,0.005425967450719327
Benign,Benign,0.004916347068501636
Benign,Benign,0.004006510134786367
Benign,Benign,0.04370825132355094
Benign,Benign,0.0013090257998555899
Benign,Benign,0.0056845280196284875
Benign,Benign,0.0012748971348628402
Benign,Benign,0.0012492832029238343
Benign,Benign,0.0013512875884771347
Benign,Benign,0.003308854764327407
Benign,Benign,0.0017074467468773946
Benign,Benign,0.0013956015463918447
Benign,Benign,0.14328847639262676
Benign,Benign,0.0011111826170235872
Benign,Benign,0.030567799578420818
Benign,Benign,0.0013333363458514214
Benign,Benign,0.00558331236243248
Benign,Benign,0.001083996845409274
Benign,Benign,0.005926700308918953
Benign,Benign,0.008481246652081609
Benign,Benign,0.001083996845409274
Benign,Benign,0.006338205159408972
Benign,Benign,0.005706406896933913
Benign,Benign,0.007891667541116476
Benign,Benign,0.0012383184948703274
Benign,Benign,0.0014687492366647348
Benign,Benign,0.01615694211795926
Benign,Benign,0.0013351771049201488
Benign,Benign,0.004364739143056795
Benign,Benign,0.001323320553638041
Benign,Benign,0.0016772604722063988
Benign,Benign,0.032340419478714466
Benign,Benign,0.001359613728709519
Benign,Benign,0.005240074766334146
Benign,Benign,0.00352170410042163
Benign,Benign,0.0025683571584522724
Benign,Benign,0.0012529452797025442
Benign,Benign,0.011522541986778378
Benign,Benign,0.0012920289300382137
Benign,Benign,0.002678674296475947
Benign,Benign,0.007866501749958843
Benign,Benign,0.019792910665273666
Benign,Benign,0.001877656759461388
Benign,Benign,0.0024155452847480774
Benign,Benign,0.004001426612376235
Benign,Benign,0.04920174914877862
Benign,Benign,0.001053419429808855
Benign,Benign,0.003918557660654187
Benign,Benign,0.08526135585270822
Benign,Benign,0.003147741299471818
Benign,Benign,0.0025913306744769216
Benign,Benign,0.0013070146087557077
Benign,Benign,0.0012746485881507397
Benign,Benign,0.03789615863934159
Benign,Benign,0.11100168386474252
Benign,Benign,0.0014928990276530385
Benign,Benign,0.005146873416379094
Benign,Benign,0.0050484114908613265
Benign,Benign,0.001307254540733993
Benign,Benign,0.005866988998604938
Benign,Benign,0.015952632063999772
Benign,Benign,0.06021814025007188
Benign,Benign,0.03332148585468531
Benign,Benign,0.0013300278224050999
Benign,Benign,0.001343593467026949
Benign,Benign,0.0010643474524840713
Benign,Benign,0.001053419429808855
Benign,Benign,0.001097678323276341
Benign,Benign,0.003942442766856402
Benign,Benign,0.0017338907346129417
Benign,Benign,0.0012748971348628402
Benign,Benign,0.0040137493051588535
Benign,Benign,0.0015105672646313906
Benign,Benign,0.0013237802777439356
Benign,Benign,0.004146574516198598
Benign,Benign,0.004068295005708933
Benign,Benign,0.001044522039592266
Benign,Benign,0.0013738414272665977
Benign,Benign,0.0014718868769705296
Benign,Benign,0.0012911984231323004
Benign,Benign,0.014664533722680062
Benign,Benign,0.001376570900902152
Benign,Benign,0.0010562095558270812
Benign,Benign,0.0014628487406298518
Benign,Benign,0.004318044520914555
Benign,Benign,0.00269436149392277
Benign,Benign,0.0012949052033945918
Benign,Benign,0.0046606105752289295
Benign,Benign,0.018523992970585823
Benign,Benign,0.010718170320615172
Benign,Benign,0.0024543789913877845
Benign,Benign,0.0010368318762630224
Benign,Benign,0.0012487292988225818
Benign,Benign,0.004965078900568187
Benign,Benign,0.01490158581873402
Benign,Benign,0.001320494688116014
Benign,Benign,0.09884588397108018
Benign,Benign,0.12310516741126776
Benign,Benign,0.001478123595006764
Benign,Benign,0.016150635085068643
Benign,Benign,0.0035998036328237504
Benign,Benign,0.001384172705002129
Benign,Benign,0.0014011855237185955
Benign,Benign,0.00341154049965553
Benign,Benign,0.0012619916815310717
Benign,Benign,0.0015977725706761703
Benign,Benign,0.07039113692007959
Benign,Benign,0.006110380869358778
Benign,Benign,0.001429675961844623
Benign,Benign,0.0010529330465942621
Benign,Benign,0.001332371961325407
Benign,Benign,0.010842783260159194
Benign,Benign,0.005379452821216546
Benign,Benign,0.02693880896549672
Benign,Benign,0.0012653353624045849
Benign,Benign,0.0013651074841618538
Benign,Benign,0.001083996845409274
Benign,Benign,0.001044522039592266
Benign,Benign,0.005007132072933018
Benign,Benign,0.0028951368294656277
Benign,Benign,0.0012748971348628402
Benign,Benign,0.012192443362437189
Benign,Benign,0.02512922973255627
Benign,Benign,0.005181896602152847
Benign,Benign,0.0033481004502391443
Benign,Benign,0.0010683706495910883
Benign,Benign,0.0020750238036271185
Benign,Benign,0.14220406347885728
Benign,Benign,0.02236649999395013
Benign,Benign,0.009063204459380358
Benign,Benign,0.0014603663003072143
Benign,Benign,0.0013060721103101969
Benign,Benign,0.0024940664879977703
Benign,Benign,0.019044655258767307
Benign,Benign,0.0029469725996023044
Benign,Benign,0.002798864967189729
Benign,Benign,0.005445630406029522
Benign,Benign,0.004577274405164644
Benign,Benign,0.007810314884409308
Benign,Benign,0.0068176500499248505
Benign,Benign,0.0013078729389235377
Benign,Benign,0.0010574397165328264
Benign,Benign,0.012220915989018977
Benign,Benign,0.0057963968138210475
Benign,Benign,0.0022439692402258515
Benign,Benign,0.3057472752407193
Benign,Benign,0.011734261584933847
Benign,Benign,0.003798902966082096
Benign,Benign,0.0014481355901807547
Benign,Benign,0.0010574397165328264
Benign,Benign,0.004729020409286022
Benign,Benign,0.001960174398845993
Benign,Benign,0.009785365429706872
Benign,Benign,0.023556132800877094
Benign,Benign,0.0012544849887490273
Benign,Benign,0.005641917930915952
Benign,Benign,0.007988530269358307
Benign,Benign,0.004098780103959143
Benign,Benign,0.0013173121260479093
Benign,Benign,0.051696520298719406
Benign,Benign,0.001083996845409274
Benign,Benign,0.0959579413611209
Benign,Benign,0.04072928545065224
Benign,Benign,0.0010778149589896202
Benign,Benign,0.05549411615356803
Benign,Benign,0.2757531423121691
Benign,Benign,0.019718231400474906
Benign,Benign,0.011963296652538702
Benign,Benign,0.0012996740406379104
Benign,Benign,0.0012414315715432167
Benign,Benign,0.0010574397165328264
Benign,Benign,0.0019280253909528255
Benign,Benign,0.005846097366884351
Benign,Benign,0.01625066320411861
Benign,Benign,0.001083996845409274
Benign,Benign,0.0025008507072925568
Benign,Benign,0.011734176892787218
Benign,Benign,0.032595887780189514
Benign,Benign,0.001462081796489656
Benign,Benign,0.018905671255197376
Benign,Benign,0.0012856231769546866
Benign,Benign,0.0025179542135447264
Benign,Benign,0.01054223976098001
Benign,Benign,0.005396470834966749
Benign,Benign,0.001053419429808855
Benign,Benign,0.0010450679110363126
Benign,Benign,0.0012330106692388654
Benign,Benign,0.049869402311742306
Benign,Benign,0.0014716907171532512
Benign,Benign,0.030855567136313766
Benign,Benign,0.008424706989899278
Benign,Benign,0.012752158800140023
Benign,Benign,0.0010574397165328264
Benign,Benign,0.0021814259234815836
Benign,Benign,0.012301456765271723
Benign,Benign,0.007986545329913497
Benign,Benign,0.002113054506480694
Benign,Benign,0.0016762410377850756
Benign,Benign,0.0070380614924943075
Benign,Benign,0.005207028007134795
Benign,Benign,0.0044231372739886865
Benign,Benign,0.0013996886555105448
Benign,Benign,0.003507235538563691
Benign,Benign,0.0010852114064618945
Benign,Benign,0.0012415441451594234
Benign,Benign,0.004526665376033634
Benign,Benign,0.001083996845409274
Benign,Benign,0.010341917397454381
Benign,Benign,0.0012539952294901013
Benign,Benign,0.001481930710724555
Benign,Benign,0.001455828663893044
Benign,Benign,0.002095853677019477
Benign,Benign,0.001053419429808855
Benign,Benign,0.0013057925971224904
Benign,Benign,0.014167590474244207
Benign,Benign,0.0012543053599074483
Benign,Benign,0.0293344312813133
Benign,Benign,0.06320473086088896
Benign,Benign,0.0013625684659928083
Benign,Benign,0.002255726372823119
Benign,Benign,0.03377854963764548
Benign,Benign,0.0010574397165328264
Benign,Benign,0.018694237805902958
Benign,Benign,0.004956812015734613
Benign,Benign,0.0021986591164022684
Benign,Benign,0.001080359099432826
Benign,Benign,0.018169936956837773
Benign,Benign,0.005674105312209576
Benign,Benign,0.11083831079304218
Benign,Benign,0.021055541234090924
Benign,Benign,0.002025569323450327
Benign,Benign,0.005529687739908695
Benign,Benign,0.016647620825096965
Benign,Benign,0.0013237802777439356
Benign,Benign,0.0025275396183133125
Benign,Benign,0.025773566449061036
Benign,Benign,0.002415032111457549
Benign,Benign,0.0015078573487699032
Benign,Benign,0.046055925980908796
Benign,Benign,0.003919346199836582
Benign,Benign,0.0010574397165328264
Benign,Benign,0.001044522039592266
Benign,Benign,0.0014242540346458554
Benign,Benign,0.04126808978617191
Benign,Benign,0.004422051599249244
Benign,Benign,0.0010488430270925164
Benign,Benign,0.001548399799503386
Benign,Benign,0.01086062562535517
Benign,Benign,0.0013650379842147231
Benign,Benign,0.002567651914432645
Benign,Benign,0.0071494641015306115
Benign,Benign,0.0012996740406379104
Benign,Benign,0.0034275126963621005
Benign,Benign,0.001978101208806038
Benign,Benign,0.0016853303968673572
Benign,Benign,0.00380909675732255
Benign,Benign,0.0015729722799733281
Benign,Benign,0.00570946277002804
Benign,Benign,0.0016426468500867486
Benign,Benign,0.009279882942792028
Benign,Benign,0.08052187599241734
Benign,Benign,0.028859443264082074
Benign,Benign,0.001352760475128889
Benign,Benign,0.001083996845409274
Benign,Benign,0.051902601262554526
Benign,Benign,0.0014648423384642228
Benign,Benign,0.0014425930567085743
Benign,Benign,0.0019329134374856949
Benign,Benign,0.058890975546091795
Benign,Benign,0.0028040353063261136
Benign,Benign,0.0010574397165328264
Benign,Benign,0.005623593810014427
Benign,Benign,0.013746005017310381
Benign,Benign,0.02720258431509137
Benign,Benign,0.033356196130625904
Benign,Benign,0.006000024557579309
Benign,Benign,0.0018714696052484214
Benign,Benign,0.1978832697495818
Benign,Benign,0.001346046570688486
Benign,Benign,0.005574508671998046
Benign,Benign,0.0010574397165328264
Benign,Benign,0.003378401161171496
Benign,Benign,0.001305366400629282
Benign,Benign,0.003526994478306733
Benign,Benign,0.007450803997926414
Benign,Benign,0.0024374795611947775
Benign,Benign,0.0012492832029238343
Benign,Benign,0.004557356456643902
Benign,Benign,0.0022163752000778913
Benign,Benign,0.030828134156763554
Benign,Benign,0.005780941806733608
Benign,Benign,0.0023172686342149973
Benign,Benign,0.0013156848726794124
Benign,Benign,0.001315090456046164
Benign,Benign,0.004900380503386259
Benign,Benign,0.010797507304232568
Benign,Benign,0.001053419429808855
Benign,Benign,0.00129137362819165
Benign,Benign,0.001258202246390283
Benign,Benign,0.0013296460965648293
Benign,Benign,0.010115063923876733
Benign,Benign,0.022029104584362358
Benign,Benign,0.01931572050671093
Benign,Benign,0.0014614780666306615
Benign,Benign,0.0015315053751692176
Benign,Benign,0.0014797508483752608
Benign,Benign,0.0010262717260047793
Benign,Benign,0.0014179819263517857
Benign,Benign,0.0011214108671993017
Benign,Benign,0.003899702205671929
Benign,Benign,0.008500605530571193
Benign,Benign,0.045322977704927325
Benign,Benign,0.03141909249825403
Benign,Benign,0.001088561024516821
Benign,Benign,0.0015880344435572624
Benign,Benign,0.0015375945949926972
Benign,Benign,0.002075609751045704
Benign,Benign,0.026069826679304242
Benign,Benign,0.0023851720470702276
Benign,Benign,0.06603731005452573
Benign,Benign,0.008181505836546421
Benign,Benign,0.0025411754031665623
Benign,Benign,0.0132927056401968
Benign,Benign,0.001295572379603982
Benign,Benign,0.00484606612008065
Benign,Benign,0.0013079545460641384
Benign,Benign,0.0013109433930367231
Benign,Benign,0.001398945809341967
Benign,Benign,0.010472139794728719
Benign,Benign,0.0013129611033946276
Benign,Benign,0.0012419894337654114
Benign,Benign,0.004943236883264035
Benign,Benign,0.0018045866017928347
Benign,Benign,0.001773245632648468
Benign,Benign,0.001327869831584394
Benign,Benign,0.0032127967424457893
Benign,Benign,0.04678316926583648
Benign,Benign,0.001819565542973578
Benign,Benign,0.001083996845409274
Benign,Benign,0.08073835913091898
Benign,Benign,0.00738344038836658
Benign,Benign,0.13302013976499438
Benign,Benign,0.016561049909796566
Benign,Benign,0.0056861647753976285
Benign,Benign,0.0010934809688478708
Benign,Benign,0.002825784365995787
Benign,Benign,0.008387297566514462
Benign,Benign,0.0022238330566324294
Benign,Benign,0.0013041268102824688
Benign,Benign,0.00225827400572598
Benign,Benign,0.07066631549969316
Benign,Benign,0.09671138087287545
Benign,Benign,0.0031854312401264906
Benign,Benign,0.0013208985328674316
Benign,Benign,0.003379173285793513
Benign,Benign,0.001614035907550715
Benign,Benign,0.0019818067084997892
Benign,Benign,0.0013033777941018343
Benign,Benign,0.05107223498634994
Benign,Benign,0.001513256342150271
Benign,Benign,0.001044522039592266
Benign,Benign,0.009255069977371022
Benign,Benign,0.007174605256295763
Benign,Benign,0.0012996740406379104
Benign,Benign,0.0012632951838895679
Benign,Benign,0.00171995151322335
Benign,Benign,0.0014822414377704263
Benign,Benign,0.0012498728465288877
Benign,Benign,0.001669494406087324
Benign,Benign,0.002550523728132248
Benign,Benign,0.001319047762081027
Benign,Benign,0.007178302126703784
Benign,Benign,0.0014451723545789719
Benign,Benign,0.001494448515586555
Benign,Benign,0.0012942426837980747
Benign,Benign,0.003517512697726488
Benign,Benign,0.007733186925179325
Benign,Benign,0.00461529940366745
Benign,Benign,0.016334998392267153
Benign,Benign,0.001987638184800744
Benign,Benign,0.0017242660978809
Benign,Benign,0.03872755519114435
Benign,Benign,0.004093307754374109
Benign,Benign,0.0013355547562241554
Benign,Benign,0.001059795613400638
Benign,Benign,0.0013155016349628568
Benign,Benign,0.0038220674614422023
Benign,Benign,0.0010703923180699348
Benign,Benign,0.0012996740406379104
Benign,Benign,0.0012776784133166075
Benign,Benign,0.005536416312679648
Benign,Benign,0.05190362082794309
Benign,Benign,0.004917360362014733
Benign,Benign,0.0012803287245333195
Benign,Benign,0.09041582513600588
Benign,Benign,0.0074462145275902
Benign,Benign,0.006525572796817869
Benign,Benign,0.0012996740406379104
Benign,Benign,0.08288718527182937
Benign,Benign,0.0734301214106381
Benign,Benign,0.006368252565152943
Benign,Benign,0.0013237802777439356
Benign,Benign,0.0012655595783144236
Benign,Benign,0.0018977461149916053
Benign,Benign,0.004133203736273572
Benign,Benign,0.001957594184204936
Benign,Benign,0.008786271268036216
Benign,Benign,0.002399721648544073
Benign,Benign,0.008134778472594917
Benign,Benign,0.00757005819468759
Benign,Benign,0.014292624749941751
Benign,Benign,0.0012330106692388654
Benign,Benign,0.0010716518154367805
Benign,Benign,0.014594923180993646
Benign,Benign,0.08740064664743841
Benign,Benign,0.0012382033746689558
Benign,Benign,0.014446050103288144
Benign,Benign,0.010415667420602404
Benign,Benign,0.11360049014911056
Benign,Benign,0.0016269302868749946
Benign,Benign,0.01862511079525575
Benign,Benign,0.058790058828890324
Benign,Benign,0.005758648010669276
Benign,Benign,0.010140136699192226
Benign,Benign,0.001809478475479409
Benign,Benign,0.0016812073299661279
Benign,Benign,0.003983293398050591
Benign,Benign,0.01656580899725668
Benign,Benign,0.0015068030916154385
Benign,Benign,0.0017177216795971617
Benign,Benign,0.011960830306634307
Benign,Benign,0.00141352997161448
Benign,Benign,0.008427600841969252
Benign,Benign,0.001434758072718978
Benign,Benign,0.007271779206348583
Benign,Benign,0.0012996740406379104
Benign,Benign,0.0012490502558648586
Benign,Benign,0.0010574397165328264
Benign,Benign,0.0018655305029824376
Benign,Benign,0.009220754669513553
Benign,Benign,0.00392038885911461
Benign,Benign,0.0017481347313150764
Benign,Benign,0.0010574397165328264
Benign,Benign,0.02019247063435614
Benign,Benign,0.02259612618945539
Benign,Benign,0.001083996845409274
Benign,Benign,0.0012582552153617144
Benign,Benign,0.0871686371974647
Benign,Benign,0.042963741230778396
Benign,Benign,0.0013043672079220414
Benign,Benign,0.0013651922345161438
Benign,Benign,0.0019572137389332056
Benign,Benign,0.0013156848726794124
Benign,Benign,0.031381549255456775
Benign,Benign,0.013646671985043213
Benign,Benign,0.001083996845409274
Benign,Benign,0.0013739479472860694
Benign,Benign,0.0012496367562562227
Benign,Benign,0.0017141694843303412
Benign,Benign,0.001362863928079605
Benign,Benign,0.0014567501930287108
Benign,Benign,0.024432220205198973
Benign,Benign,0.0022179612278705463
Benign,Benign,0.00716358283534646
Benign,Benign,0.0190782956633484
Benign,Benign,0.002710148342885077
Benign,Benign,0.06419732791255228
Benign,Benign,0.018834140617400408
Benign,Benign,0.010664201807230711
Benign,Benign,0.001951831392943859
Benign,Benign,0.02936252928338945
Benign,Benign,0.001258074538782239
Benign,Benign,0.013201612047851086
Benign,Benign,0.002726853475905955
Benign,Benign,0.0014841777738183737
Benign,Benign,0.001083996845409274
Benign,Benign,0.03633309016004205
Benign,Benign,0.06479654251597822
Benign,Benign,0.14119486650452018
Benign,Benign,0.006959191989153624
Benign,Benign,0.0035081787209492177
Benign,Benign,0.026493404933717102
Benign,Benign,0.0016100603388622403
Benign,Benign,0.013159885973436758
Benign,Benign,0.0018820811237674206
Benign,Benign,0.004751879081595689
Benign,Benign,0.00762542022857815
Benign,Benign,0.0013237132225185633
Benign,Benign,0.0010513298911973834
Benign,Benign,0.001100327237509191
Benign,Benign,0.0015891639050096273
Benign,Benign,0.0013906031381338835
Benign,Benign,0.0013508014380931854
Benign,Benign,0.0015337120275944471
Benign,Benign,0.004548675351543352
Benign,Benign,0.002246851334348321
Benign,Benign,0.0025718470569700003
Benign,Benign,0.0031561406212858856
Benign,Benign,0.0012890058569610119
Benign,Benign,0.001255364390090108
Benign,Benign,0.03421608067583293
Benign,Benign,0.0010574397165328264
Benign,Benign,0.00623048993293196
Benign,Benign,0.0010574397165328264
Benign,Benign,0.007867180960602127
Benign,Benign,0.005499830876942724
Benign,Benign,0.0035464956745272502
Benign,Benign,0.0015845609595999122
Benign,Benign,0.09600451961159706
Benign,Benign,0.0013652816414833069
Benign,Benign,0.018225963634904474
Benign,Benign,0.001384996110573411
Benign,Benign,0.0010493912268429995
Benign,Benign,0.003991290446720086
Benign,Benign,0.005498825339600444
Benign,Benign,0.0018775751814246178
