y_real,y_pred,score_malicious
Malicious,Malicious,0.8149243593215942
Malicious,Malicious,0.9516978859901428
Malicious,Malicious,0.7694432735443115
Malicious,Malicious,0.8302577137947083
Malicious,Malicious,0.8783546090126038
Malicious,Malicious,0.8360023498535156
Malicious,Malicious,0.837536633014679
Malicious,Malicious,0.8186319470405579
Malicious,Malicious,0.7949652075767517
Malicious,Malicious,0.8540123105049133
Malicious,Malicious,0.8697614669799805
Malicious,Malicious,0.8633087277412415
Malicious,Malicious,0.9491915106773376
Malicious,Malicious,0.9845985174179077
Malicious,Malicious,0.8437915444374084
Malicious,Malicious,1.0
Malicious,Malicious,0.8555761575698853
Malicious,Malicious,0.8257882595062256
Malicious,Malicious,0.8048173189163208
Malicious,Malicious,0.8450158834457397
Malicious,Malicious,0.9411900639533997
Malicious,Malicious,0.8447666168212891
Malicious,Malicious,0.8635886907577515
Malicious,Malicious,0.8742521405220032
Malicious,Malicious,0.8559671640396118
Malicious,Malicious,0.8514703512191772
Malicious,Malicious,0.8113903403282166
Malicious,Malicious,0.7697271704673767
Malicious,Malicious,0.9999945759773254
Malicious,Malicious,0.8727220296859741
Malicious,Malicious,1.0
Malicious,Malicious,0.8917365670204163
Malicious,Malicious,0.8544365763664246
Malicious,Malicious,0.875767171382904
Malicious,Malicious,0.7869617938995361
Malicious,Malicious,0.8759188055992126
Malicious,Malicious,0.8133936524391174
Malicious,Malicious,0.779202938079834
Malicious,Malicious,0.885631799697876
Malicious,Malicious,0.8829939365386963
Malicious,Malicious,0.8354176878929138
Malicious,Malicious,0.732200562953949
Malicious,Malicious,0.8614696860313416
Malicious,Malicious,0.7517467737197876
Malicious,Malicious,1.0
Malicious,Malicious,0.8297497630119324
Malicious,Malicious,0.9999950528144836
Malicious,Malicious,0.8262587785720825
Malicious,Malicious,0.8281611204147339
Malicious,Malicious,0.8263996839523315
Malicious,Malicious,0.701535165309906
Malicious,Malicious,0.7859035134315491
Malicious,Malicious,0.8452816009521484
Malicious,Benign,0.4399133622646332
Malicious,Malicious,0.81211256980896
Malicious,Malicious,0.8500017523765564
Malicious,Malicious,0.8092589974403381
Malicious,Malicious,0.8532094359397888
Malicious,Malicious,0.8844851851463318
Malicious,Malicious,0.8819058537483215
Malicious,Malicious,0.859588086605072
Malicious,Malicious,0.7950232625007629
Malicious,Benign,0.43400099873542786
Malicious,Malicious,0.8117117285728455
Malicious,Malicious,0.8130316734313965
Malicious,Malicious,0.8219422101974487
Malicious,Malicious,0.8318494558334351
Malicious,Malicious,0.999994695186615
Malicious,Malicious,0.8689472079277039
Malicious,Malicious,0.8223463296890259
Malicious,Malicious,0.8892229795455933
Malicious,Malicious,0.8850240111351013
Malicious,Malicious,0.829184889793396
Malicious,Malicious,0.7149108648300171
Malicious,Malicious,0.8630409240722656
Malicious,Malicious,0.9014012813568115
Malicious,Malicious,0.9999995827674866
Malicious,Malicious,0.7822155952453613
Malicious,Malicious,0.9085283279418945
Malicious,Malicious,0.8504617810249329
Malicious,Malicious,0.7875664830207825
Malicious,Malicious,0.787272036075592
Malicious,Malicious,0.8559890985488892
Malicious,Malicious,0.774712860584259
Malicious,Malicious,0.909735918045044
Malicious,Malicious,0.8294174075126648
Malicious,Malicious,0.8276525139808655
Malicious,Malicious,0.8413119912147522
Malicious,Malicious,0.8540515303611755
Malicious,Malicious,0.7986733317375183
Malicious,Malicious,0.9999952912330627
Malicious,Malicious,0.850365161895752
Malicious,Malicious,1.0
Malicious,Malicious,0.8159396052360535
Malicious,Malicious,0.8124350309371948
Malicious,Malicious,0.8523322343826294
Malicious,Malicious,1.0
Malicious,Malicious,0.7838283181190491
Malicious,Malicious,0.7978811264038086
Malicious,Malicious,0.8258774280548096
Malicious,Malicious,0.7325769066810608
Malicious,Malicious,0.8092634081840515
Malicious,Malicious,0.9038475155830383
Malicious,Malicious,0.7333316802978516
Malicious,Malicious,0.8576042652130127
Malicious,Malicious,0.913000226020813
Malicious,Malicious,0.9500826597213745
Malicious,Malicious,0.8264557719230652
Malicious,Malicious,0.7877529859542847
Malicious,Malicious,0.8698430061340332
Malicious,Malicious,0.8577000498771667
Malicious,Malicious,0.8589814901351929
Malicious,Malicious,0.7259443402290344
Malicious,Malicious,0.8134512901306152
Malicious,Malicious,0.7376627326011658
Malicious,Malicious,0.842688262462616
Malicious,Benign,0.3466240465641022
Malicious,Malicious,0.8323490023612976
Malicious,Benign,0.403795450925827
Malicious,Malicious,0.9920672178268433
Malicious,Malicious,0.8316802978515625
Malicious,Malicious,0.7982369661331177
Malicious,Malicious,0.8493576645851135
Malicious,Malicious,0.7863765358924866
Malicious,Benign,0.18095168471336365
Malicious,Malicious,0.8130502700805664
Malicious,Malicious,0.8044871091842651
Malicious,Malicious,0.827480673789978
Malicious,Malicious,0.8342556357383728
Malicious,Malicious,0.9782354831695557
Malicious,Malicious,0.8459303379058838
Malicious,Malicious,0.8680082559585571
Malicious,Malicious,0.8049581050872803
Malicious,Benign,0.3848746716976166
Malicious,Malicious,0.7732813358306885
Malicious,Malicious,0.8506731390953064
Malicious,Malicious,0.7447517514228821
Malicious,Malicious,0.8656389713287354
Malicious,Malicious,0.994635820388794
Malicious,Malicious,0.9063926935195923
Malicious,Malicious,0.8159395456314087
Malicious,Malicious,0.775743305683136
Malicious,Malicious,0.8714191913604736
Malicious,Malicious,0.8786852359771729
Malicious,Malicious,0.859725296497345
Malicious,Malicious,0.762523353099823
Malicious,Malicious,0.8555471301078796
Malicious,Malicious,0.8363035321235657
Malicious,Malicious,0.7213854193687439
Malicious,Malicious,0.687938392162323
Malicious,Malicious,0.7502862811088562
Malicious,Malicious,0.8869147300720215
Malicious,Malicious,0.8642240166664124
Malicious,Malicious,0.7597524523735046
Malicious,Malicious,0.8328062295913696
Malicious,Malicious,0.8309869170188904
Malicious,Malicious,0.8367387652397156
Malicious,Malicious,1.0
Malicious,Malicious,0.7520489692687988
Malicious,Malicious,0.805083692073822
Malicious,Malicious,0.8697149753570557
Malicious,Malicious,0.8741373419761658
Malicious,Malicious,0.8508511781692505
Malicious,Malicious,0.8556474447250366
Malicious,Malicious,0.870064377784729
Malicious,Malicious,0.9999998807907104
Malicious,Malicious,0.8994994163513184
Malicious,Malicious,0.8178795576095581
Malicious,Malicious,0.8692150712013245
Malicious,Malicious,0.8139950037002563
Malicious,Malicious,0.8069342970848083
Malicious,Malicious,0.8679928779602051
Malicious,Malicious,0.8477107882499695
Malicious,Malicious,0.734154999256134
Malicious,Malicious,0.84888756275177
Malicious,Malicious,0.7820451855659485
Malicious,Malicious,0.8480934500694275
Malicious,Malicious,0.8037033081054688
Malicious,Malicious,0.819972038269043
Malicious,Malicious,0.8793807029724121
Malicious,Malicious,0.819844126701355
Malicious,Malicious,0.8434686660766602
Malicious,Malicious,0.7744283676147461
Malicious,Malicious,0.8436228036880493
Malicious,Malicious,0.8084785342216492
Malicious,Malicious,0.8861120343208313
Malicious,Malicious,0.8441317081451416
Malicious,Malicious,0.9053768515586853
Malicious,Malicious,0.9421778917312622
Malicious,Malicious,0.799756646156311
Malicious,Malicious,0.8892917037010193
Malicious,Malicious,0.8567174673080444
Malicious,Malicious,0.7995470762252808
Malicious,Malicious,0.9486876130104065
Malicious,Malicious,0.8123735189437866
Malicious,Malicious,0.7489214539527893
Malicious,Malicious,0.7919814586639404
Malicious,Malicious,0.816768229007721
Malicious,Benign,0.3365127444267273
Malicious,Malicious,0.8780758380889893
Malicious,Malicious,0.8236718773841858
Malicious,Malicious,0.7883802056312561
Malicious,Malicious,0.7920417189598083
Malicious,Malicious,0.7193273305892944
Malicious,Malicious,0.9999997615814209
Malicious,Malicious,0.8852827548980713
Malicious,Malicious,0.831235945224762
Malicious,Malicious,0.9294054508209229
Malicious,Malicious,0.8537406921386719
Malicious,Malicious,0.7810097932815552
Malicious,Malicious,0.7098008394241333
Malicious,Malicious,0.8160082101821899
Malicious,Malicious,0.7867698669433594
Malicious,Malicious,0.9024451375007629
Malicious,Malicious,0.7572318315505981
Malicious,Malicious,0.9695206880569458
Malicious,Malicious,0.8019329309463501
Malicious,Malicious,0.7918948531150818
Malicious,Malicious,0.8639616370201111
Malicious,Malicious,0.7962713837623596
Malicious,Malicious,0.7675171494483948
Malicious,Malicious,0.8123593926429749
Malicious,Malicious,0.7398607134819031
Malicious,Malicious,0.84648197889328
Malicious,Malicious,0.8267953395843506
Malicious,Malicious,0.9999952912330627
Malicious,Malicious,0.8500354290008545
Malicious,Malicious,0.7293537855148315
Malicious,Benign,0.34973740577697754
Malicious,Malicious,0.772376298904419
Malicious,Malicious,0.8110194802284241
Malicious,Malicious,0.7952401041984558
Malicious,Malicious,0.8274930119514465
Malicious,Malicious,0.8415873646736145
Malicious,Malicious,0.7778193354606628
Malicious,Malicious,0.8700628876686096
Malicious,Malicious,0.883353054523468
Malicious,Malicious,0.9147863388061523
Malicious,Malicious,0.8335857391357422
Malicious,Malicious,0.8184683918952942
Malicious,Malicious,0.792995035648346
Malicious,Malicious,0.8057353496551514
Malicious,Malicious,0.8013736009597778
Malicious,Malicious,0.8178446888923645
Malicious,Malicious,0.8699788451194763
Malicious,Malicious,1.0
Malicious,Malicious,0.7628806233406067
Malicious,Malicious,0.818576455116272
Malicious,Malicious,1.0
Malicious,Malicious,0.8691111207008362
Malicious,Malicious,0.9999927282333374
Malicious,Malicious,0.8347611427307129
Malicious,Malicious,1.0
Malicious,Malicious,0.8534369468688965
Malicious,Malicious,0.9999939799308777
Malicious,Malicious,0.8303715586662292
Malicious,Malicious,0.8356446027755737
Malicious,Malicious,0.7925124168395996
Malicious,Malicious,0.9751319885253906
Malicious,Malicious,0.7838560938835144
Malicious,Malicious,0.8717559576034546
Malicious,Malicious,0.7960293292999268
Malicious,Malicious,0.7537268996238708
Malicious,Malicious,0.8962537050247192
Malicious,Malicious,0.8069093823432922
Malicious,Malicious,0.8199012279510498
Malicious,Malicious,0.8514621257781982
Malicious,Malicious,1.0
Malicious,Malicious,0.7489851117134094
Malicious,Malicious,0.8347136378288269
Malicious,Malicious,0.9704723358154297
Malicious,Malicious,0.8742624521255493
Malicious,Malicious,0.9636803865432739
Malicious,Malicious,0.8617199063301086
Malicious,Malicious,0.7088418006896973
Malicious,Malicious,0.9886872172355652
Malicious,Malicious,0.816605269908905
Malicious,Malicious,0.8402161002159119
Malicious,Malicious,0.8204712271690369
Malicious,Malicious,0.9867651462554932
Malicious,Malicious,0.8526375889778137
Malicious,Malicious,0.8018547296524048
Malicious,Malicious,0.8500754237174988
Malicious,Malicious,0.9700571298599243
Malicious,Malicious,0.8985008001327515
Malicious,Malicious,0.8109117150306702
Malicious,Malicious,0.8101325631141663
Malicious,Malicious,0.7389706969261169
Malicious,Malicious,0.7173783183097839
Malicious,Malicious,1.0
Malicious,Malicious,0.8908771276473999
Malicious,Malicious,0.8096286654472351
Malicious,Malicious,0.999991238117218
Malicious,Malicious,0.8386191725730896
Malicious,Malicious,0.7955574989318848
Malicious,Malicious,0.7840624451637268
Malicious,Malicious,0.7965823411941528
Malicious,Malicious,0.8388063907623291
Malicious,Malicious,0.9010496735572815
Malicious,Malicious,0.8691606521606445
Malicious,Malicious,0.8455572724342346
Malicious,Malicious,0.8544480800628662
Malicious,Malicious,0.8973163366317749
Malicious,Malicious,0.8486589193344116
Malicious,Malicious,0.7683176398277283
Malicious,Malicious,0.7133734226226807
Malicious,Malicious,0.7397364974021912
Malicious,Malicious,0.8470026850700378
Malicious,Malicious,0.8749843835830688
Malicious,Malicious,0.8258528709411621
Malicious,Malicious,0.799048125743866
Malicious,Malicious,0.9999995827674866
Malicious,Malicious,0.8228093385696411
Malicious,Benign,0.3626900613307953
Malicious,Malicious,0.7855191230773926
Malicious,Malicious,0.8476995229721069
Malicious,Malicious,0.8958722949028015
Malicious,Malicious,0.763146698474884
Malicious,Malicious,0.7604163885116577
Malicious,Malicious,0.7804120779037476
Malicious,Malicious,0.9658597111701965
Malicious,Malicious,0.8722919821739197
Malicious,Malicious,0.8001250624656677
Malicious,Malicious,1.0
Malicious,Malicious,0.9399760365486145
Malicious,Malicious,0.7353578209877014
Malicious,Malicious,0.8471105098724365
Malicious,Malicious,0.8383557200431824
Malicious,Malicious,0.8449038863182068
Malicious,Malicious,0.8374860286712646
Malicious,Malicious,0.8674930334091187
Malicious,Malicious,0.8114229440689087
Malicious,Malicious,0.7729330062866211
Malicious,Malicious,0.81381756067276
Malicious,Malicious,0.75602787733078
Malicious,Malicious,0.8237411379814148
Malicious,Malicious,0.7947995662689209
Malicious,Malicious,0.8718252778053284
Malicious,Malicious,0.8742262125015259
Malicious,Malicious,1.0
Malicious,Malicious,0.7788485884666443
Malicious,Malicious,0.7998819947242737
Malicious,Malicious,0.7812204360961914
Malicious,Malicious,0.9040663838386536
Malicious,Malicious,0.9999996423721313
Malicious,Malicious,0.8162125945091248
Malicious,Malicious,0.8936018943786621
Malicious,Malicious,1.0
Malicious,Malicious,0.820033073425293
Malicious,Malicious,0.8091365098953247
Malicious,Malicious,0.7695759534835815
Malicious,Malicious,0.8135285377502441
Malicious,Malicious,0.8094342350959778
Malicious,Malicious,0.8177357912063599
Malicious,Malicious,0.7374299168586731
Malicious,Malicious,0.7555270195007324
Malicious,Malicious,0.9566394090652466
Malicious,Malicious,0.9999999403953552
Malicious,Malicious,0.8424830436706543
Malicious,Malicious,0.7798162698745728
Malicious,Malicious,0.8187641501426697
Malicious,Malicious,0.8018883466720581
Malicious,Malicious,0.8084900975227356
Malicious,Malicious,1.0
Malicious,Malicious,1.0
Malicious,Malicious,0.7862324714660645
Malicious,Malicious,0.7997278571128845
Malicious,Malicious,0.8358776569366455
Malicious,Malicious,0.8154175281524658
Malicious,Malicious,0.7222614884376526
Malicious,Malicious,0.7878787517547607
Malicious,Malicious,0.8504981994628906
Malicious,Malicious,0.7820076942443848
Malicious,Malicious,0.887140154838562
Malicious,Malicious,0.9092178344726562
Malicious,Malicious,0.8590645790100098
Malicious,Malicious,0.8866676092147827
Malicious,Malicious,0.7873514294624329
Malicious,Malicious,0.7595170140266418
Malicious,Malicious,0.8686589598655701
Malicious,Malicious,0.7475618124008179
Malicious,Benign,0.32161882519721985
Malicious,Malicious,0.8545700907707214
Malicious,Malicious,0.8896223902702332
Malicious,Malicious,0.7784134745597839
Malicious,Malicious,0.8328863382339478
Malicious,Malicious,0.7167832255363464
Malicious,Malicious,0.8192379474639893
Malicious,Malicious,0.7662279605865479
Malicious,Malicious,0.8783343434333801
Malicious,Malicious,0.8795322775840759
Malicious,Malicious,0.7505017518997192
Malicious,Malicious,0.8733681440353394
Malicious,Malicious,0.7860808372497559
Malicious,Malicious,0.8014171719551086
Malicious,Benign,0.4285159409046173
Malicious,Malicious,0.9746082425117493
Malicious,Malicious,0.7339993119239807
Malicious,Malicious,0.9879183173179626
Malicious,Malicious,0.8722473978996277
Malicious,Benign,0.3392992317676544
Malicious,Malicious,0.968777596950531
Malicious,Malicious,0.8571546673774719
Malicious,Malicious,0.8072611093521118
Malicious,Malicious,0.8745335340499878
Malicious,Malicious,0.8174931406974792
Malicious,Malicious,0.9805337190628052
Malicious,Malicious,0.7980524301528931
Malicious,Malicious,0.897731363773346
Malicious,Malicious,0.9999720454216003
Malicious,Malicious,0.7527735233306885
Malicious,Malicious,0.7733112573623657
Malicious,Malicious,0.8959624767303467
Malicious,Malicious,0.8866763114929199
Malicious,Malicious,0.721019983291626
Malicious,Malicious,0.7762579917907715
Malicious,Malicious,0.8494517207145691
Malicious,Malicious,0.8058314919471741
Malicious,Malicious,0.8445048928260803
Malicious,Malicious,0.7931186556816101
Malicious,Malicious,0.8054308891296387
Malicious,Malicious,0.9398142099380493
Malicious,Malicious,0.809600830078125
Malicious,Malicious,0.9997697472572327
Malicious,Malicious,0.8394626379013062
Malicious,Malicious,0.8217787742614746
Malicious,Malicious,0.7187258005142212
Malicious,Malicious,0.8882829546928406
Malicious,Malicious,0.8892050385475159
Malicious,Malicious,0.8002972602844238
Malicious,Malicious,0.8481693863868713
Malicious,Malicious,0.7804786562919617
Malicious,Malicious,0.8453918099403381
Malicious,Malicious,0.7574523091316223
Malicious,Malicious,0.8079321384429932
Malicious,Malicious,0.8636722564697266
Malicious,Malicious,0.8276152610778809
Malicious,Malicious,0.8269376754760742
Malicious,Malicious,0.8243592977523804
Malicious,Malicious,0.8131635189056396
Malicious,Malicious,0.7883698344230652
Malicious,Malicious,0.7974596619606018
Malicious,Malicious,0.9306375980377197
Malicious,Malicious,0.7319581508636475
Malicious,Benign,0.327425479888916
Malicious,Malicious,0.7278571724891663
Malicious,Malicious,0.8273628354072571
Malicious,Malicious,0.8741399049758911
Malicious,Malicious,0.7929251790046692
Malicious,Malicious,0.8695755004882812
Malicious,Malicious,0.9825606346130371
Malicious,Malicious,0.781211256980896
Malicious,Malicious,0.9128570556640625
Malicious,Malicious,0.8708513975143433
Malicious,Malicious,0.9856200218200684
Malicious,Malicious,0.8283354640007019
Malicious,Malicious,0.8473085165023804
Malicious,Malicious,0.7443181276321411
Malicious,Malicious,0.7940977215766907
Malicious,Malicious,0.8843186497688293
Malicious,Malicious,0.7653866410255432
Malicious,Malicious,0.7957022190093994
Malicious,Malicious,0.847047746181488
Malicious,Malicious,0.841561496257782
Malicious,Malicious,0.8132714629173279
Malicious,Malicious,0.872050940990448
Malicious,Malicious,0.7188567519187927
Malicious,Benign,0.3680485188961029
Malicious,Malicious,0.8466917872428894
Malicious,Malicious,0.8506219983100891
Malicious,Malicious,0.8931937217712402
Malicious,Malicious,0.9249865412712097
Malicious,Malicious,0.7905900478363037
Malicious,Malicious,0.8734018802642822
Malicious,Benign,0.37591612339019775
Malicious,Malicious,0.7663224339485168
Malicious,Malicious,0.8467538356781006
Malicious,Malicious,0.7847529649734497
Malicious,Malicious,0.8714319467544556
Malicious,Malicious,0.8417947888374329
Malicious,Malicious,0.8830645084381104
Malicious,Malicious,0.8610352277755737
Malicious,Malicious,0.999997615814209
Malicious,Malicious,0.8101871013641357
Malicious,Malicious,0.7161619067192078
Malicious,Malicious,0.8370817303657532
Malicious,Benign,0.4028318524360657
Malicious,Malicious,1.0
Malicious,Malicious,0.8336111307144165
Malicious,Malicious,0.8748971819877625
Malicious,Malicious,0.9588541984558105
Malicious,Malicious,0.9999947547912598
Malicious,Malicious,0.8426767587661743
Malicious,Malicious,0.999999463558197
Malicious,Malicious,0.8689755201339722
Malicious,Malicious,0.7330072522163391
Malicious,Malicious,0.8665514588356018
Malicious,Malicious,0.766653299331665
Malicious,Malicious,0.972938597202301
Malicious,Malicious,0.8092147707939148
Malicious,Malicious,0.9161481857299805
Malicious,Malicious,0.9051156640052795
Malicious,Malicious,0.9999998807907104
Malicious,Malicious,0.9039534330368042
Malicious,Malicious,0.8584253191947937
Malicious,Malicious,0.8115498423576355
Malicious,Malicious,0.9523503184318542
Malicious,Malicious,0.8125389218330383
Malicious,Malicious,0.9614765644073486
Malicious,Malicious,0.8555026650428772
Malicious,Malicious,0.727171003818512
Malicious,Malicious,0.8189539313316345
Malicious,Malicious,0.7931486368179321
Malicious,Malicious,0.8171353340148926
Malicious,Malicious,0.8104383945465088
Malicious,Malicious,0.9745365381240845
Malicious,Malicious,0.9130280017852783
Malicious,Malicious,0.9999939799308777
Malicious,Malicious,0.8126019835472107
Malicious,Malicious,0.7972276210784912
Malicious,Malicious,0.8481024503707886
Malicious,Malicious,0.827974259853363
Malicious,Malicious,0.9196022152900696
Malicious,Malicious,0.7843417525291443
Malicious,Malicious,1.0
Malicious,Malicious,0.7540775537490845
Malicious,Malicious,0.8241602182388306
Malicious,Malicious,0.9101075530052185
Malicious,Malicious,0.8550475239753723
Malicious,Malicious,0.9900661706924438
Malicious,Malicious,1.0
Malicious,Malicious,0.753001868724823
Malicious,Malicious,0.7635499835014343
Malicious,Malicious,0.8238217830657959
Malicious,Malicious,0.8066816926002502
Malicious,Malicious,0.8228869438171387
Malicious,Malicious,0.7656686902046204
Malicious,Malicious,0.8947091698646545
Malicious,Malicious,0.822907567024231
Malicious,Malicious,0.8029184937477112
Malicious,Malicious,0.9999973177909851
Malicious,Malicious,0.8396285176277161
Malicious,Malicious,0.8911123275756836
Malicious,Malicious,0.7094168663024902
Malicious,Malicious,0.7204350829124451
Malicious,Malicious,0.7890011668205261
Malicious,Malicious,0.824425995349884
Malicious,Malicious,0.8979790210723877
Malicious,Malicious,0.7678742408752441
Malicious,Malicious,0.841415524482727
Malicious,Malicious,0.7553781270980835
Malicious,Malicious,0.8079982995986938
Malicious,Malicious,0.7860670685768127
Malicious,Malicious,0.7585583925247192
Malicious,Malicious,0.7854560613632202
Malicious,Malicious,0.8749129772186279
Malicious,Malicious,0.8383237719535828
Malicious,Malicious,0.7120932340621948
Malicious,Malicious,0.7300305366516113
Malicious,Malicious,0.8018599152565002
Malicious,Malicious,0.8364726305007935
Malicious,Malicious,0.9999906420707703
Malicious,Malicious,0.7874048352241516
Malicious,Malicious,0.8010956048965454
Malicious,Malicious,0.875897228717804
Malicious,Malicious,0.7577365636825562
Malicious,Malicious,0.8482712507247925
Malicious,Malicious,0.7899230122566223
Malicious,Malicious,0.7872035503387451
Malicious,Malicious,1.0
Malicious,Malicious,0.882017195224762
Malicious,Malicious,0.8644120097160339
Malicious,Malicious,0.880398154258728
Malicious,Malicious,0.795196533203125
Malicious,Malicious,0.9999998807907104
Malicious,Malicious,0.8761069178581238
Malicious,Malicious,0.7992197871208191
Malicious,Malicious,0.84449303150177
Malicious,Malicious,1.0
Malicious,Malicious,0.797398567199707
Malicious,Malicious,0.8155126571655273
Malicious,Malicious,0.8330984711647034
Malicious,Benign,0.4512687921524048
Malicious,Malicious,1.0
Malicious,Malicious,1.0
Malicious,Benign,0.3466836214065552
Malicious,Malicious,0.8552988767623901
Malicious,Malicious,0.8948618769645691
Malicious,Malicious,0.7396318316459656
Malicious,Malicious,0.9598714709281921
Malicious,Malicious,0.8018697500228882
Malicious,Malicious,0.8183358311653137
Malicious,Malicious,1.0
Malicious,Malicious,0.7793068885803223
Malicious,Malicious,0.8403899669647217
Malicious,Malicious,0.8591347336769104
Malicious,Malicious,0.7615814805030823
Malicious,Malicious,0.5284096598625183
Malicious,Malicious,0.7809630036354065
Malicious,Malicious,0.8187484741210938
Malicious,Malicious,0.8003072738647461
Malicious,Malicious,0.7817843556404114
Malicious,Malicious,0.8647258877754211
Malicious,Malicious,0.839462399482727
Malicious,Malicious,0.9999958872795105
Malicious,Malicious,0.8936997652053833
Malicious,Malicious,0.8471581935882568
Malicious,Malicious,0.9999924302101135
Malicious,Benign,0.3522398769855499
Malicious,Malicious,0.8246079683303833
Malicious,Malicious,0.863479495048523
Malicious,Malicious,0.8747700452804565
Malicious,Malicious,0.8589818477630615
Malicious,Malicious,0.846495509147644
Malicious,Malicious,0.8355599641799927
Malicious,Malicious,0.8005820512771606
Malicious,Malicious,0.7271406054496765
Malicious,Malicious,0.9999953508377075
Malicious,Malicious,0.8115992546081543
Malicious,Malicious,0.8673734664916992
Malicious,Benign,0.4617282748222351
Malicious,Malicious,0.9570609927177429
Malicious,Malicious,0.7933614253997803
Malicious,Malicious,0.7633275389671326
Malicious,Malicious,0.7458912134170532
Malicious,Malicious,0.7748254537582397
Malicious,Malicious,0.8581488132476807
Malicious,Malicious,0.9621654152870178
Malicious,Malicious,0.7460677027702332
Malicious,Malicious,0.7281515598297119
Malicious,Malicious,0.9441257119178772
Malicious,Malicious,1.0
Malicious,Malicious,0.8292065262794495
Malicious,Malicious,0.8097729682922363
Malicious,Malicious,0.8694700598716736
Malicious,Malicious,0.7736498713493347
Malicious,Malicious,0.836784303188324
Malicious,Malicious,0.8256933093070984
Malicious,Malicious,0.8715029358863831
Malicious,Malicious,1.0
Malicious,Malicious,0.999988317489624
Malicious,Malicious,0.8049312829971313
Malicious,Malicious,0.8424395322799683
Malicious,Malicious,0.8731008172035217
Malicious,Malicious,1.0
Malicious,Malicious,0.8935531973838806
Malicious,Malicious,0.8553314208984375
Malicious,Malicious,0.8315040469169617
Malicious,Malicious,0.779030978679657
Malicious,Malicious,0.802308201789856
Malicious,Malicious,0.9727393984794617
Malicious,Malicious,0.9788583517074585
Malicious,Malicious,0.7531977891921997
Malicious,Malicious,0.8554176092147827
Malicious,Malicious,0.899566650390625
Malicious,Malicious,0.8926071524620056
Malicious,Malicious,0.867612898349762
Malicious,Malicious,0.7101266980171204
Malicious,Malicious,0.8211268186569214
Malicious,Malicious,0.79018235206604
Malicious,Malicious,0.8126221299171448
Malicious,Malicious,0.8286576271057129
Malicious,Benign,7.417393088626767e-12
Malicious,Malicious,1.0
Malicious,Malicious,0.8248091340065002
Malicious,Malicious,0.7906109690666199
Malicious,Malicious,0.9449042677879333
Malicious,Malicious,0.7060796618461609
Malicious,Malicious,0.9462044835090637
Malicious,Malicious,0.8176053762435913
Malicious,Malicious,0.8921962380409241
Malicious,Malicious,0.8088335394859314
Malicious,Malicious,0.8660527467727661
Malicious,Malicious,0.8245534896850586
Malicious,Malicious,0.8055676221847534
Malicious,Malicious,0.7555689811706543
Malicious,Malicious,0.8287506103515625
Malicious,Benign,0.35374075174331665
Malicious,Malicious,0.8720040917396545
Malicious,Malicious,0.8184455037117004
Malicious,Malicious,0.8419314026832581
Malicious,Malicious,0.7864416241645813
Malicious,Malicious,0.8449057340621948
Malicious,Malicious,0.7478559017181396
Malicious,Malicious,0.5490569472312927
Malicious,Malicious,0.8061409592628479
Malicious,Malicious,0.7413161993026733
Malicious,Malicious,0.7384425401687622
Malicious,Malicious,0.9999921917915344
Malicious,Malicious,0.7935524582862854
Malicious,Malicious,0.848156213760376
Malicious,Malicious,0.8800128698348999
Malicious,Malicious,0.9220205545425415
Malicious,Malicious,0.8556332588195801
Malicious,Malicious,0.7148261070251465
Malicious,Malicious,0.8673744201660156
Malicious,Malicious,0.8191455006599426
Malicious,Malicious,0.8237441182136536
Malicious,Malicious,0.7446243762969971
Malicious,Malicious,0.7107748985290527
Malicious,Malicious,0.8030452728271484
Malicious,Malicious,0.9161109328269958
Malicious,Malicious,0.7544345855712891
Malicious,Malicious,0.8597657084465027
Malicious,Malicious,0.8483419418334961
Malicious,Malicious,0.7396030426025391
Malicious,Malicious,0.7726830840110779
Malicious,Malicious,0.8702824711799622
Malicious,Malicious,0.9998367428779602
Malicious,Malicious,0.999999463558197
Malicious,Malicious,0.9126711487770081
Malicious,Malicious,0.8419553637504578
Malicious,Malicious,0.8685486912727356
Malicious,Malicious,0.8785255551338196
Malicious,Benign,0.38944530487060547
Malicious,Malicious,0.7074503898620605
Malicious,Malicious,0.8800134658813477
Malicious,Malicious,0.8633049130439758
Malicious,Malicious,0.7427060008049011
Malicious,Malicious,0.891632616519928
Malicious,Malicious,1.0
Malicious,Malicious,0.8396991491317749
Malicious,Malicious,0.7139413356781006
Malicious,Malicious,0.7497949004173279
Malicious,Malicious,0.8703835010528564
Malicious,Malicious,0.7940616011619568
Malicious,Malicious,0.8679918646812439
Malicious,Malicious,0.7919443845748901
Malicious,Malicious,0.8873161673545837
Malicious,Malicious,0.7944244146347046
Malicious,Malicious,0.7867962718009949
Malicious,Malicious,0.7677143216133118
Malicious,Malicious,0.8138922452926636
Malicious,Malicious,0.8704201579093933
Malicious,Malicious,0.9999949336051941
Malicious,Malicious,0.8070812821388245
Malicious,Malicious,0.7526659369468689
Malicious,Malicious,0.8811713457107544
Malicious,Malicious,0.7966293096542358
Malicious,Malicious,0.834901750087738
Malicious,Malicious,0.8378394842147827
Malicious,Malicious,0.8280599117279053
Malicious,Malicious,0.874347984790802
Malicious,Malicious,0.8525225520133972
Malicious,Malicious,0.8226557970046997
Malicious,Malicious,0.8475875854492188
Malicious,Malicious,0.697166383266449
Malicious,Malicious,0.8438704609870911
Malicious,Malicious,0.8203263878822327
Malicious,Malicious,0.8110647201538086
Malicious,Malicious,0.8372581601142883
Malicious,Malicious,0.8059478402137756
Malicious,Malicious,0.8559626340866089
Malicious,Malicious,0.8738754391670227
Malicious,Malicious,0.862239420413971
Malicious,Malicious,0.8550840616226196
Malicious,Malicious,0.8186191320419312
Malicious,Malicious,0.803014874458313
Malicious,Malicious,0.9606035351753235
Malicious,Malicious,0.7446454763412476
Malicious,Malicious,0.9999942779541016
Malicious,Malicious,0.8239331245422363
Malicious,Malicious,0.8237324357032776
Malicious,Malicious,0.8312029838562012
Malicious,Malicious,0.8884855508804321
Malicious,Malicious,0.8350038528442383
Malicious,Malicious,0.732610821723938
Malicious,Malicious,0.8160375356674194
Malicious,Malicious,1.0
Malicious,Malicious,0.8341463804244995
Malicious,Malicious,0.8206534385681152
Malicious,Malicious,0.8182421326637268
Malicious,Malicious,0.7102691531181335
Malicious,Malicious,0.8488043546676636
Malicious,Malicious,0.7902559638023376
Malicious,Malicious,0.9573990702629089
Malicious,Malicious,0.7388490438461304
Malicious,Malicious,0.8615668416023254
Malicious,Malicious,0.8095475435256958
Malicious,Malicious,0.8521384000778198
Malicious,Malicious,0.793907642364502
Malicious,Malicious,0.8387538194656372
Malicious,Malicious,0.8355454206466675
Malicious,Malicious,0.9587416052818298
Malicious,Malicious,0.8141661882400513
Malicious,Malicious,0.9662120938301086
Malicious,Malicious,0.9999933242797852
Malicious,Malicious,0.9561738967895508
Malicious,Malicious,0.7940029501914978
Malicious,Malicious,0.9999960660934448
Malicious,Malicious,0.7581685185432434
Malicious,Malicious,0.9709696769714355
Malicious,Malicious,0.7872510552406311
Malicious,Malicious,0.9078152775764465
Malicious,Malicious,0.8864461183547974
Malicious,Benign,0.38251662254333496
Malicious,Malicious,0.768049418926239
Malicious,Malicious,0.8501216769218445
Malicious,Malicious,1.0
Malicious,Malicious,0.8255555629730225
Malicious,Malicious,0.8452852964401245
Malicious,Malicious,0.7973371744155884
Malicious,Malicious,0.8180137276649475
Malicious,Malicious,0.7916441559791565
Malicious,Benign,0.35721829533576965
Malicious,Malicious,0.8084043264389038
Malicious,Malicious,0.810895562171936
Malicious,Malicious,0.8595340847969055
Malicious,Malicious,0.9171280264854431
Malicious,Malicious,0.7839794158935547
Malicious,Malicious,0.7044720649719238
Malicious,Malicious,0.8400976061820984
Malicious,Malicious,0.7705079913139343
Malicious,Malicious,1.0
Malicious,Malicious,0.8479607701301575
Malicious,Malicious,0.8631526231765747
Malicious,Malicious,0.9463103413581848
Malicious,Malicious,0.8442815542221069
Malicious,Malicious,0.8249689340591431
Malicious,Malicious,0.7941504716873169
Malicious,Malicious,0.7205974459648132
Malicious,Malicious,0.8265901803970337
Malicious,Malicious,0.8304914832115173
Malicious,Malicious,0.8308647871017456
Malicious,Malicious,0.8610353469848633
Malicious,Malicious,0.7759515047073364
Malicious,Malicious,0.8358232975006104
Malicious,Malicious,0.8269814848899841
Malicious,Malicious,0.8200541138648987
Malicious,Malicious,0.8990771174430847
Malicious,Malicious,0.9999980330467224
Malicious,Malicious,0.8782076835632324
Malicious,Malicious,0.7989931702613831
Malicious,Malicious,0.7570526003837585
Malicious,Malicious,0.7430610060691833
Malicious,Malicious,0.7900311946868896
Malicious,Benign,0.32083845138549805
Malicious,Malicious,0.9009750485420227
Malicious,Malicious,0.8677064776420593
Malicious,Malicious,1.0
Malicious,Malicious,0.9999953508377075
Malicious,Malicious,0.7265974283218384
Malicious,Malicious,0.8194119334220886
Malicious,Malicious,0.7952020168304443
Malicious,Malicious,0.7204168438911438
Malicious,Malicious,0.8022421598434448
Malicious,Malicious,0.8502139449119568
Malicious,Benign,0.42016494274139404
Malicious,Malicious,0.8653750419616699
Malicious,Malicious,0.8464834094047546
Malicious,Malicious,0.7481485605239868
Malicious,Malicious,0.904962956905365
Malicious,Malicious,0.9254030585289001
Malicious,Malicious,0.7744916081428528
Malicious,Malicious,0.8125177025794983
Malicious,Malicious,0.751948893070221
Malicious,Malicious,0.8726327419281006
Malicious,Malicious,0.9759724140167236
Malicious,Malicious,0.7508208155632019
Malicious,Malicious,0.922156810760498
Malicious,Malicious,0.8433550596237183
Malicious,Malicious,0.8434463739395142
Malicious,Malicious,0.8926732540130615
Malicious,Malicious,0.7885404825210571
Malicious,Malicious,0.8113124370574951
Malicious,Malicious,0.8180133104324341
Malicious,Malicious,0.7896272540092468
Malicious,Malicious,0.8898133635520935
Malicious,Malicious,0.7986252307891846
Malicious,Malicious,0.8818836212158203
Malicious,Malicious,0.8248977661132812
Malicious,Malicious,0.7096781730651855
Malicious,Malicious,0.7989148497581482
Malicious,Malicious,0.9094271659851074
Malicious,Malicious,0.8541027903556824
Malicious,Malicious,0.9141440391540527
Malicious,Malicious,0.8120291829109192
Malicious,Malicious,0.8674109578132629
Malicious,Malicious,0.7034932374954224
Malicious,Malicious,0.8343104124069214
Malicious,Malicious,0.9999954104423523
Malicious,Malicious,0.7471314668655396
Malicious,Malicious,0.855670154094696
Malicious,Malicious,0.7890446782112122
Malicious,Malicious,0.8184645771980286
Malicious,Malicious,0.9725704193115234
Malicious,Malicious,0.7249048948287964
Malicious,Malicious,0.7948174476623535
Malicious,Malicious,0.7505834698677063
Malicious,Malicious,0.8191060423851013
Malicious,Malicious,0.7875127196311951
Malicious,Malicious,0.8246843218803406
Malicious,Malicious,0.9614963531494141
Malicious,Malicious,0.7854447364807129
Malicious,Malicious,0.8297439813613892
Malicious,Malicious,0.7931718826293945
Malicious,Malicious,0.7817041873931885
Malicious,Malicious,0.8619605898857117
Malicious,Malicious,0.8638500571250916
Malicious,Malicious,0.8751117587089539
Malicious,Malicious,0.9679843187332153
Malicious,Malicious,0.7804011106491089
Malicious,Malicious,1.0
Malicious,Malicious,0.803344190120697
Malicious,Malicious,0.8746877312660217
Malicious,Malicious,1.0
Malicious,Malicious,0.8209784626960754
Malicious,Malicious,0.8682480454444885
Malicious,Malicious,0.9999943375587463
Malicious,Malicious,0.9861475229263306
Malicious,Malicious,0.9353933930397034
Malicious,Malicious,0.853398859500885
Malicious,Malicious,0.8552930951118469
Malicious,Malicious,0.8102016448974609
Malicious,Malicious,0.8035862445831299
Malicious,Malicious,0.9999943971633911
Malicious,Malicious,0.7610231041908264
Malicious,Malicious,0.8593751788139343
Malicious,Malicious,0.7621310353279114
Malicious,Malicious,0.7784015536308289
Malicious,Malicious,0.8714910745620728
Malicious,Malicious,0.864787220954895
Malicious,Malicious,0.8342927098274231
Malicious,Malicious,0.8271895051002502
Malicious,Malicious,0.7590596079826355
Malicious,Malicious,0.872608482837677
Malicious,Malicious,0.9999980926513672
Malicious,Malicious,0.8072531819343567
Malicious,Malicious,0.8554947376251221
Malicious,Malicious,0.8180784583091736
Malicious,Malicious,0.9176996350288391
Malicious,Malicious,0.9742618799209595
Malicious,Malicious,0.8731699585914612
Malicious,Malicious,0.831708550453186
Malicious,Malicious,0.7984251976013184
Malicious,Malicious,0.7391537427902222
Malicious,Malicious,0.881252646446228
Malicious,Malicious,0.7826623916625977
Malicious,Malicious,0.8281196355819702
Malicious,Malicious,0.8166918158531189
Malicious,Malicious,0.7396285533905029
Malicious,Malicious,0.7346680164337158
Malicious,Malicious,0.8772565722465515
Malicious,Malicious,0.7742496132850647
Malicious,Malicious,0.7471958994865417
Malicious,Malicious,0.8442754149436951
Malicious,Benign,0.4351547360420227
Malicious,Malicious,0.9527930021286011
Malicious,Malicious,0.8191704750061035
Malicious,Malicious,0.7988817691802979
Malicious,Malicious,0.8621175289154053
Malicious,Malicious,0.7792097926139832
Malicious,Malicious,0.8061668276786804
Malicious,Malicious,0.9877399802207947
Malicious,Malicious,0.8465299010276794
Malicious,Malicious,0.8100600242614746
Malicious,Malicious,0.7080543041229248
Malicious,Malicious,0.7923781275749207
Malicious,Malicious,0.889587938785553
Malicious,Malicious,0.7958069443702698
Malicious,Malicious,0.8140571713447571
Malicious,Malicious,0.8158289790153503
Malicious,Malicious,0.9025374054908752
Malicious,Malicious,1.0
Malicious,Malicious,0.8409575819969177
Malicious,Malicious,0.8482431769371033
Malicious,Malicious,0.9164503812789917
Malicious,Malicious,0.901205837726593
Malicious,Malicious,0.905983567237854
Malicious,Malicious,0.9529218077659607
Malicious,Malicious,0.8392770290374756
Malicious,Malicious,0.8628777861595154
Malicious,Malicious,0.8252672553062439
Malicious,Malicious,0.9745826721191406
Malicious,Malicious,0.9061263799667358
Malicious,Malicious,0.8504183888435364
Malicious,Malicious,0.8843054175376892
Malicious,Malicious,0.9859908223152161
Malicious,Malicious,0.8463441729545593
Malicious,Malicious,0.9999939203262329
Malicious,Malicious,1.0
Malicious,Malicious,0.9615792632102966
Malicious,Malicious,0.7898983359336853
Malicious,Malicious,0.8154823184013367
Malicious,Malicious,0.8631141781806946
Malicious,Malicious,0.8699411153793335
Malicious,Malicious,0.9611947536468506
Malicious,Malicious,0.8725377321243286
Malicious,Malicious,0.8698768019676208
Malicious,Malicious,0.7576316595077515
Malicious,Malicious,0.787439227104187
Malicious,Malicious,0.8123890161514282
Malicious,Malicious,0.7742770910263062
Malicious,Malicious,0.8629040122032166
Malicious,Malicious,0.8698197603225708
Malicious,Malicious,0.7761838436126709
Malicious,Malicious,0.9018145203590393
Malicious,Malicious,0.9999984502792358
Malicious,Malicious,0.9775076508522034
Malicious,Malicious,0.9216368794441223
Malicious,Malicious,0.8790802359580994
Malicious,Malicious,0.8738152980804443
Malicious,Malicious,0.7980208396911621
Malicious,Malicious,0.7409945726394653
Malicious,Malicious,0.869140625
Malicious,Malicious,0.7537009119987488
Malicious,Malicious,0.8369370102882385
Malicious,Malicious,0.747586727142334
Malicious,Malicious,0.9999992251396179
Malicious,Malicious,0.8114228248596191
Malicious,Malicious,0.8334139585494995
Malicious,Malicious,0.807338297367096
Malicious,Malicious,0.9083148837089539
Malicious,Malicious,0.7143504619598389
Malicious,Malicious,0.8640741109848022
Malicious,Malicious,0.9916570782661438
Malicious,Malicious,0.812933623790741
Malicious,Malicious,0.919792115688324
Malicious,Malicious,0.7790487408638
Malicious,Malicious,0.8092014193534851
Malicious,Benign,0.2502506673336029
Malicious,Malicious,0.784685492515564
Malicious,Benign,0.25324052572250366
Malicious,Malicious,0.9999949932098389
Malicious,Malicious,0.6957979202270508
Malicious,Malicious,0.8379528522491455
Malicious,Malicious,0.999994158744812
Malicious,Malicious,0.8955245018005371
Malicious,Malicious,0.8754014372825623
Malicious,Malicious,0.770516574382782
Malicious,Malicious,0.9999938607215881
Malicious,Malicious,0.89085853099823
Malicious,Malicious,0.850409746170044
Malicious,Malicious,0.8898009061813354
Malicious,Malicious,0.7790720462799072
Malicious,Malicious,0.8496796488761902
Malicious,Malicious,0.7749894261360168
Malicious,Malicious,0.8469580411911011
Malicious,Malicious,1.0
Malicious,Malicious,0.7355543971061707
Malicious,Malicious,0.7948738932609558
Malicious,Malicious,0.9051017165184021
Malicious,Malicious,0.9532549381256104
Malicious,Malicious,0.8725030422210693
Malicious,Malicious,0.8820660710334778
Malicious,Malicious,0.8438169360160828
Malicious,Malicious,0.8678008317947388
Malicious,Malicious,0.8208900094032288
Malicious,Malicious,0.8949904441833496
Malicious,Malicious,0.7869130969047546
Malicious,Malicious,0.8630256056785583
Malicious,Malicious,0.8339157104492188
Malicious,Malicious,0.7034236192703247
Malicious,Malicious,0.8446194529533386
Malicious,Benign,0.18154612183570862
Malicious,Malicious,0.9699116945266724
Malicious,Malicious,0.9615907669067383
Malicious,Malicious,0.8509035706520081
Malicious,Malicious,0.9999985098838806
Malicious,Malicious,0.7320038080215454
Malicious,Malicious,0.8710154891014099
Malicious,Malicious,0.7996225357055664
Malicious,Malicious,0.8781262636184692
Malicious,Malicious,0.7833787202835083
Malicious,Malicious,0.9072585701942444
Malicious,Malicious,0.9279683232307434
Malicious,Malicious,0.9463103413581848
Malicious,Malicious,0.8309885263442993
Malicious,Malicious,0.7428906559944153
Malicious,Malicious,0.8987450003623962
Malicious,Malicious,0.8769673109054565
Malicious,Malicious,0.8897634744644165
Malicious,Benign,0.31577497720718384
Malicious,Malicious,0.8800026774406433
Malicious,Benign,0.31873664259910583
Malicious,Malicious,1.0
Malicious,Malicious,0.6820120811462402
Malicious,Malicious,0.7407093048095703
Malicious,Malicious,0.8352349400520325
Malicious,Malicious,0.7958457469940186
Malicious,Malicious,0.8245531916618347
Malicious,Malicious,0.7811553478240967
Malicious,Malicious,1.0
Malicious,Malicious,0.9593193531036377
Malicious,Malicious,0.9780584573745728
Malicious,Malicious,0.8231952786445618
Malicious,Malicious,0.8126404285430908
Malicious,Malicious,0.8299009799957275
Malicious,Malicious,0.803050696849823
Malicious,Malicious,0.8595004081726074
Malicious,Malicious,0.7846474647521973
Malicious,Malicious,1.0
Malicious,Malicious,0.8046618103981018
Malicious,Malicious,0.8515804409980774
Malicious,Malicious,0.9659578204154968
Malicious,Malicious,0.8074082136154175
Malicious,Malicious,0.8309716582298279
Malicious,Malicious,0.7663843631744385
Malicious,Malicious,0.8368431925773621
Malicious,Malicious,0.8131324052810669
Malicious,Malicious,0.8666110634803772
Malicious,Malicious,0.8189333081245422
Malicious,Malicious,0.8814576864242554
Malicious,Malicious,0.8422330021858215
Malicious,Malicious,0.8914332985877991
Malicious,Malicious,0.8880170583724976
Malicious,Malicious,0.7451690435409546
Malicious,Malicious,0.820789635181427
Malicious,Malicious,0.697978675365448
Malicious,Malicious,0.8772810697555542
Malicious,Malicious,0.8008894324302673
Malicious,Malicious,0.8095978498458862
Malicious,Malicious,0.823650598526001
Malicious,Benign,0.36699435114860535
Malicious,Malicious,0.8211337924003601
Malicious,Malicious,0.8868257999420166
Malicious,Malicious,0.8129042387008667
Malicious,Malicious,0.8502991795539856
Malicious,Malicious,0.9999902844429016
Malicious,Malicious,0.8457081317901611
Malicious,Malicious,0.9999997615814209
Malicious,Malicious,0.9999955892562866
Malicious,Malicious,0.7669094800949097
Malicious,Malicious,0.9745285511016846
Malicious,Malicious,0.8551069498062134
Malicious,Malicious,0.9062824845314026
Malicious,Malicious,0.8100043535232544
Malicious,Malicious,0.9513659477233887
Malicious,Malicious,0.793308675289154
Malicious,Malicious,0.8227367401123047
Malicious,Malicious,0.9502508044242859
Malicious,Malicious,0.8465641140937805
Malicious,Malicious,0.7383954524993896
Malicious,Malicious,0.8588870167732239
Malicious,Malicious,0.8213565349578857
Malicious,Malicious,0.8634738922119141
Malicious,Malicious,0.8487048149108887
Malicious,Malicious,1.0
Malicious,Malicious,0.8247882723808289
Malicious,Malicious,0.9679600596427917
Malicious,Benign,0.41328927874565125
Malicious,Malicious,0.9657741785049438
Malicious,Malicious,0.7902743816375732
Malicious,Malicious,0.7239768505096436
Malicious,Malicious,0.8463712334632874
Malicious,Malicious,0.8295062184333801
Malicious,Malicious,0.9235926270484924
Malicious,Malicious,0.8164212107658386
Malicious,Malicious,0.8075875043869019
Malicious,Malicious,1.0
Malicious,Malicious,0.9889564514160156
Malicious,Malicious,0.9999997615814209
Malicious,Malicious,0.8501011729240417
Malicious,Malicious,0.9661891460418701
Malicious,Malicious,0.710293173789978
Malicious,Malicious,0.8192243576049805
Malicious,Malicious,0.8799499869346619
Malicious,Malicious,0.8815027475357056
Malicious,Malicious,0.8761205673217773
Malicious,Malicious,0.8827810287475586
Malicious,Malicious,0.8902515172958374
Malicious,Malicious,0.759555459022522
Malicious,Malicious,0.8364257216453552
Malicious,Malicious,0.8887301683425903
Malicious,Malicious,1.0
Malicious,Malicious,0.8565450310707092
Malicious,Malicious,0.9624762535095215
Malicious,Malicious,0.8685334324836731
Malicious,Malicious,0.8868356943130493
Malicious,Malicious,0.8181406259536743
Malicious,Malicious,0.8886939287185669
Malicious,Malicious,0.8397310972213745
Malicious,Malicious,0.8157192468643188
Malicious,Malicious,0.879050612449646
Malicious,Malicious,0.8500980138778687
Malicious,Malicious,0.8206021189689636
Malicious,Malicious,0.8119043707847595
Malicious,Malicious,0.857469916343689
Malicious,Malicious,0.8549786806106567
Malicious,Malicious,0.9016660451889038
Malicious,Malicious,0.8939625024795532
Malicious,Malicious,0.8511509299278259
Malicious,Malicious,0.9212594032287598
Malicious,Malicious,0.7448225021362305
Malicious,Malicious,0.7912311553955078
Malicious,Malicious,0.805036723613739
Malicious,Malicious,0.8671290874481201
Malicious,Malicious,1.0
Malicious,Malicious,0.8406470417976379
Malicious,Malicious,0.9999924898147583
Malicious,Malicious,0.8067215085029602
Malicious,Malicious,0.8144166469573975
Malicious,Malicious,0.860020637512207
Malicious,Malicious,1.0
Malicious,Malicious,0.8229766488075256
Malicious,Malicious,0.7433128952980042
Malicious,Malicious,0.8643687963485718
Malicious,Malicious,0.8937674760818481
Malicious,Malicious,0.724219799041748
Malicious,Malicious,0.7788276076316833
Malicious,Malicious,0.8342403173446655
Malicious,Malicious,0.9999998807907104
Malicious,Malicious,0.8642303943634033
Malicious,Malicious,0.8154630064964294
Malicious,Malicious,0.8097329139709473
Malicious,Malicious,0.8230493068695068
Malicious,Malicious,0.7826293110847473
Malicious,Malicious,0.8620032668113708
Malicious,Malicious,0.8690037131309509
Malicious,Malicious,0.8130744099617004
Malicious,Malicious,0.8109809756278992
Malicious,Malicious,0.801426112651825
Malicious,Malicious,0.7257630825042725
Malicious,Malicious,0.8743976354598999
Malicious,Malicious,0.8895036578178406
Malicious,Malicious,0.7907209396362305
Malicious,Malicious,0.8283990025520325
Malicious,Malicious,0.7888593077659607
Malicious,Malicious,0.8617633581161499
Malicious,Malicious,0.7184330224990845
Malicious,Malicious,0.8306779861450195
Malicious,Malicious,0.9615660905838013
Malicious,Malicious,0.8889698386192322
Malicious,Benign,0.3945334255695343
Malicious,Malicious,0.9999954700469971
Malicious,Malicious,0.7960253357887268
Malicious,Malicious,0.7747820615768433
Malicious,Malicious,0.8303665518760681
Malicious,Malicious,0.8483877778053284
Malicious,Malicious,0.8760219216346741
Malicious,Malicious,0.8387827277183533
Malicious,Malicious,0.7943596243858337
Malicious,Malicious,0.7931830286979675
Malicious,Malicious,0.7040709257125854
Malicious,Malicious,0.7973443865776062
Malicious,Benign,0.4437451958656311
Malicious,Malicious,0.7921011447906494
Malicious,Malicious,0.8388585448265076
Malicious,Malicious,0.729312002658844
Malicious,Malicious,0.8546604514122009
Malicious,Malicious,0.942093551158905
Malicious,Malicious,0.8878272175788879
Malicious,Malicious,0.8052279949188232
Malicious,Malicious,0.8915549516677856
Malicious,Malicious,0.7670699954032898
Malicious,Malicious,0.8123559951782227
Malicious,Malicious,0.8484631180763245
Malicious,Malicious,0.8242114186286926
Malicious,Malicious,0.7384927868843079
Malicious,Malicious,0.8433290719985962
Malicious,Malicious,0.9999999403953552
Malicious,Malicious,1.0
Malicious,Malicious,0.7769296765327454
Malicious,Malicious,0.8039939403533936
Malicious,Malicious,0.8180056810379028
Malicious,Malicious,0.9999772310256958
Malicious,Malicious,0.8925918340682983
Malicious,Malicious,0.8530629277229309
Malicious,Malicious,1.0
Malicious,Malicious,0.7716183662414551
Malicious,Malicious,0.8112580180168152
Malicious,Malicious,0.9312458038330078
Malicious,Malicious,0.9474552869796753
Malicious,Malicious,0.9006658792495728
Malicious,Malicious,0.729207456111908
Malicious,Malicious,1.0
Malicious,Malicious,0.8134109377861023
Malicious,Malicious,0.8510276079177856
Malicious,Malicious,0.9052836894989014
Malicious,Malicious,0.9648250937461853
Malicious,Malicious,0.8545279502868652
Malicious,Malicious,0.8195682168006897
Malicious,Malicious,0.8158124685287476
Malicious,Malicious,0.9765912890434265
Malicious,Malicious,0.8534669280052185
Malicious,Malicious,0.8238607048988342
Malicious,Malicious,0.7790621519088745
Malicious,Malicious,0.7978021502494812
Malicious,Malicious,0.9866582751274109
Malicious,Malicious,0.7813538908958435
Malicious,Malicious,0.9577624201774597
Malicious,Malicious,0.8190248012542725
Malicious,Malicious,0.8595946431159973
Malicious,Malicious,0.8397676944732666
Malicious,Malicious,0.8671619892120361
Malicious,Malicious,0.867281973361969
Malicious,Malicious,0.732098400592804
Malicious,Malicious,0.885527491569519
Malicious,Malicious,0.8432677388191223
Malicious,Malicious,0.8861809968948364
Malicious,Malicious,0.7633743286132812
Malicious,Malicious,0.882421612739563
Malicious,Malicious,0.7182610630989075
Malicious,Malicious,0.8578264117240906
Malicious,Benign,0.3219555914402008
Malicious,Malicious,0.7236059904098511
Malicious,Malicious,0.8580790758132935
Malicious,Malicious,0.7418758869171143
Malicious,Malicious,0.8673504590988159
Malicious,Malicious,0.8746964931488037
Malicious,Malicious,0.8580356240272522
Malicious,Malicious,0.8123412728309631
Malicious,Benign,0.2775803506374359
Malicious,Malicious,0.8620408177375793
Malicious,Malicious,1.0
Malicious,Malicious,0.8616243600845337
Malicious,Malicious,1.0
Malicious,Malicious,0.8471219539642334
Malicious,Malicious,0.826993465423584
Malicious,Malicious,0.8610902428627014
Malicious,Malicious,0.8428440690040588
Malicious,Malicious,0.7879321575164795
Malicious,Malicious,0.7293281555175781
Malicious,Malicious,0.9999938011169434
Malicious,Malicious,0.8159311413764954
Malicious,Malicious,0.8671847581863403
Malicious,Malicious,0.8094623684883118
Malicious,Malicious,0.9701157808303833
Malicious,Malicious,0.8782958984375
Malicious,Malicious,0.7611183524131775
Malicious,Malicious,0.8135642409324646
Malicious,Malicious,0.8825506567955017
Malicious,Malicious,0.8641367554664612
Malicious,Malicious,0.9710990786552429
Malicious,Malicious,0.7702717185020447
Malicious,Malicious,0.7928087115287781
Malicious,Malicious,0.7920137047767639
Malicious,Malicious,0.9677768349647522
Malicious,Malicious,0.8566805720329285
Malicious,Malicious,0.7669583559036255
Malicious,Malicious,0.8305612206459045
Malicious,Malicious,0.8783077001571655
Malicious,Malicious,0.8417726159095764
Malicious,Malicious,0.7860621809959412
Malicious,Malicious,0.7978764772415161
Malicious,Malicious,0.8660661578178406
Malicious,Malicious,0.7657699584960938
Malicious,Malicious,0.9573706388473511
Malicious,Malicious,0.8958945870399475
Malicious,Malicious,0.9999915957450867
Malicious,Malicious,0.834303617477417
Malicious,Malicious,0.9999951124191284
Malicious,Malicious,0.9462630152702332
Malicious,Malicious,0.8827030658721924
Malicious,Malicious,0.8199613094329834
Malicious,Malicious,0.7912881374359131
Malicious,Benign,0.37608155608177185
Malicious,Malicious,0.8316699266433716
Malicious,Malicious,0.7235843539237976
Malicious,Malicious,0.82111656665802
Malicious,Malicious,0.8503678441047668
Malicious,Malicious,0.7560355067253113
Malicious,Malicious,0.953517496585846
Malicious,Malicious,0.8425137400627136
Malicious,Malicious,0.944662868976593
Malicious,Malicious,0.7722914218902588
Malicious,Malicious,0.8776428699493408
Malicious,Benign,0.399508535861969
Malicious,Malicious,0.8069452047348022
Malicious,Malicious,0.8767250180244446
Malicious,Malicious,0.9999999403953552
Malicious,Malicious,0.8340635895729065
Malicious,Malicious,0.8993983864784241
Malicious,Malicious,0.8547627329826355
Malicious,Malicious,0.7986528277397156
Malicious,Malicious,0.7137338519096375
Malicious,Malicious,0.7741720080375671
Malicious,Malicious,0.7943962216377258
Malicious,Malicious,0.7680920958518982
Malicious,Malicious,0.8747557997703552
Malicious,Malicious,0.8217125535011292
Malicious,Malicious,0.8967581987380981
Malicious,Malicious,0.8424054980278015
Malicious,Malicious,0.8864095211029053
Malicious,Malicious,0.8163082599639893
Malicious,Malicious,0.999996542930603
Malicious,Benign,0.26669538021087646
Malicious,Malicious,0.8132237195968628
Malicious,Malicious,0.834357500076294
Malicious,Malicious,0.9094603657722473
Malicious,Malicious,0.8371039628982544
Malicious,Malicious,0.6813445091247559
Malicious,Malicious,0.8103966116905212
Malicious,Malicious,1.0
Malicious,Malicious,0.7714672684669495
Malicious,Malicious,0.9739038348197937
Malicious,Malicious,1.0
Malicious,Malicious,0.8588582873344421
Malicious,Malicious,0.8011540174484253
Malicious,Malicious,0.7441202402114868
Malicious,Malicious,0.7165559530258179
Malicious,Malicious,0.7446482181549072
Malicious,Malicious,0.8587430119514465
Malicious,Malicious,0.8384914994239807
Malicious,Malicious,0.9822884202003479
Malicious,Malicious,0.999997079372406
Malicious,Malicious,0.788719117641449
Malicious,Malicious,0.8587867617607117
Malicious,Malicious,0.8436407446861267
Malicious,Malicious,0.975811243057251
Malicious,Malicious,0.9258630871772766
Malicious,Malicious,0.7799488306045532
Malicious,Malicious,0.8084072470664978
Malicious,Malicious,0.8242344856262207
Malicious,Malicious,0.8593724966049194
Malicious,Malicious,0.8357068300247192
Malicious,Malicious,0.777299702167511
Malicious,Malicious,0.831198513507843
Malicious,Malicious,0.7397161722183228
Malicious,Malicious,0.8404667377471924
Malicious,Malicious,0.8599364161491394
Malicious,Malicious,0.7984278798103333
Malicious,Malicious,0.8436166644096375
Malicious,Malicious,0.8427450656890869
Malicious,Malicious,0.7088854908943176
Malicious,Malicious,0.7904215455055237
Malicious,Malicious,0.8699727654457092
Malicious,Malicious,0.7672721147537231
Malicious,Malicious,0.7760932445526123
Malicious,Malicious,0.89925616979599
Malicious,Malicious,0.8703259825706482
Malicious,Malicious,0.7788972854614258
Malicious,Malicious,0.9999998807907104
Malicious,Malicious,0.7718994617462158
Malicious,Malicious,0.7665786743164062
Malicious,Malicious,0.9694223999977112
Malicious,Malicious,0.7951245903968811
Malicious,Malicious,0.7894808650016785
Malicious,Malicious,0.8361310362815857
Malicious,Malicious,0.8023602962493896
Malicious,Malicious,0.9849448204040527
Malicious,Malicious,0.8472452163696289
Malicious,Malicious,0.7982691526412964
Malicious,Malicious,0.7788592576980591
Malicious,Malicious,0.7849868535995483
Malicious,Malicious,0.7887696027755737
Malicious,Malicious,1.0
Malicious,Malicious,0.9999927282333374
Malicious,Malicious,0.7194048762321472
Malicious,Malicious,0.831167995929718
Malicious,Malicious,0.8355972766876221
Malicious,Malicious,0.7180804014205933
Malicious,Malicious,0.9699066877365112
Malicious,Malicious,0.7949478626251221
Malicious,Malicious,1.0
Malicious,Malicious,1.0
Malicious,Malicious,0.7870665192604065
Malicious,Malicious,0.9616719484329224
Malicious,Malicious,0.8509581685066223
Malicious,Malicious,0.8691782355308533
Malicious,Malicious,0.8642740249633789
Malicious,Malicious,0.7804413437843323
Malicious,Malicious,0.8056252598762512
Malicious,Malicious,0.9095974564552307
Malicious,Malicious,0.8083104491233826
Malicious,Malicious,0.7479178309440613
Malicious,Benign,0.3514454662799835
Malicious,Malicious,0.7762863039970398
Malicious,Malicious,0.7929837703704834
Malicious,Malicious,0.819587767124176
Malicious,Malicious,0.8495835065841675
Malicious,Malicious,0.7636023163795471
Malicious,Malicious,0.8834695816040039
Malicious,Malicious,0.7724403142929077
Malicious,Malicious,0.7881466150283813
Malicious,Malicious,0.7885603308677673
Malicious,Malicious,0.9874850511550903
Malicious,Malicious,0.8845341205596924
Malicious,Malicious,1.0
Malicious,Malicious,0.8790903091430664
Malicious,Malicious,0.8146239519119263
Malicious,Malicious,0.972378671169281
Malicious,Malicious,0.695884644985199
Malicious,Malicious,0.8379787802696228
Malicious,Malicious,0.8099018335342407
Malicious,Malicious,0.804854154586792
Malicious,Malicious,0.8599419593811035
Malicious,Malicious,0.8003920316696167
Malicious,Malicious,0.7911015152931213
Malicious,Malicious,0.7461547255516052
Malicious,Malicious,1.0
Malicious,Malicious,0.8433609008789062
Malicious,Malicious,0.820172905921936
Malicious,Malicious,0.7599208950996399
Malicious,Malicious,0.9751101136207581
Malicious,Malicious,0.8287556171417236
Malicious,Malicious,0.8422011733055115
Malicious,Malicious,0.8029129505157471
Malicious,Malicious,0.9510331749916077
Malicious,Malicious,0.9999942779541016
Malicious,Malicious,0.9999999403953552
Malicious,Malicious,0.9999982714653015
Malicious,Malicious,0.9062681794166565
Malicious,Benign,0.3181755840778351
Malicious,Malicious,0.8501971960067749
Malicious,Malicious,0.8739478588104248
Malicious,Malicious,0.8417887091636658
Malicious,Malicious,1.0
Malicious,Malicious,0.8183716535568237
Malicious,Malicious,0.9022257328033447
Malicious,Malicious,0.8148156404495239
Malicious,Malicious,0.8654955625534058
Malicious,Benign,0.367369145154953
Malicious,Malicious,0.7873559594154358
Malicious,Malicious,0.9445052742958069
Malicious,Malicious,0.8225156664848328
Malicious,Malicious,0.8918967247009277
Malicious,Malicious,0.7993974089622498
Malicious,Malicious,0.8007469177246094
Malicious,Malicious,0.9999992251396179
Malicious,Malicious,0.8055846095085144
Malicious,Malicious,0.8512296080589294
Malicious,Malicious,0.8355995416641235
Malicious,Malicious,0.5710111856460571
Malicious,Malicious,0.820764422416687
Malicious,Malicious,0.9999985694885254
Malicious,Malicious,0.8406407833099365
Malicious,Malicious,0.7593234777450562
Malicious,Malicious,0.8311904072761536
Malicious,Malicious,0.9999950528144836
Malicious,Malicious,0.7728188037872314
Malicious,Malicious,0.8440340161323547
Malicious,Malicious,0.7595537304878235
Malicious,Malicious,0.7976624965667725
Malicious,Malicious,0.7701396346092224
Malicious,Malicious,0.8426372408866882
Malicious,Malicious,0.8338167071342468
Malicious,Malicious,0.7561022639274597
Malicious,Malicious,0.9396844506263733
Malicious,Malicious,0.7899829745292664
Malicious,Malicious,0.8071012496948242
Malicious,Malicious,0.8118149638175964
Malicious,Malicious,0.8671015501022339
Malicious,Malicious,0.8221319317817688
Malicious,Malicious,0.7751355171203613
Malicious,Malicious,0.8298211693763733
Malicious,Malicious,0.8073469996452332
Malicious,Malicious,0.8134125471115112
Malicious,Malicious,0.8932822942733765
Malicious,Malicious,0.7973307967185974
Malicious,Malicious,0.7502629160881042
Malicious,Malicious,1.0
Malicious,Malicious,0.8371974229812622
Malicious,Malicious,0.8143764138221741
Malicious,Malicious,0.8136822581291199
Malicious,Malicious,0.8359957337379456
Malicious,Malicious,0.7790518403053284
Malicious,Malicious,0.7967763543128967
Malicious,Malicious,0.8332823514938354
Malicious,Malicious,0.8458970189094543
Malicious,Malicious,0.8330312967300415
Malicious,Malicious,0.745086669921875
Malicious,Malicious,0.9169701337814331
Malicious,Malicious,0.8571755886077881
Malicious,Malicious,0.861818253993988
Malicious,Malicious,0.7568621635437012
Malicious,Malicious,0.8999579548835754
Malicious,Malicious,0.8560397624969482
Malicious,Malicious,0.7200595736503601
Malicious,Malicious,0.7367714643478394
Malicious,Malicious,0.755630373954773
Malicious,Malicious,0.9366763234138489
Malicious,Malicious,0.8093016743659973
Malicious,Malicious,0.794306755065918
Malicious,Malicious,0.9820894598960876
Malicious,Malicious,0.8095307350158691
Malicious,Malicious,0.8814440369606018
Malicious,Malicious,0.8792948126792908
Malicious,Malicious,1.0
Malicious,Malicious,0.8724209666252136
Malicious,Malicious,0.7278487682342529
Malicious,Malicious,0.8800026774406433
Malicious,Malicious,0.7161880135536194
Malicious,Malicious,0.7077759504318237
Malicious,Malicious,0.8219272494316101
Malicious,Malicious,0.921284556388855
Malicious,Malicious,0.845289409160614
Malicious,Malicious,0.8862415552139282
Malicious,Malicious,0.8037886619567871
Malicious,Malicious,0.8032452464103699
Malicious,Malicious,0.8270048499107361
Malicious,Malicious,0.887866735458374
Malicious,Malicious,0.671977698802948
Malicious,Malicious,0.9402064681053162
Malicious,Malicious,0.8097572326660156
Malicious,Malicious,0.8657288551330566
Malicious,Malicious,0.8439996242523193
Malicious,Malicious,0.87385493516922
Malicious,Malicious,0.8217213749885559
Malicious,Malicious,0.8307138681411743
Malicious,Malicious,0.8068298101425171
Malicious,Malicious,1.0
Malicious,Malicious,0.8043661713600159
Malicious,Malicious,0.9110990762710571
Malicious,Malicious,0.9999954700469971
Malicious,Malicious,0.8688818216323853
Malicious,Malicious,0.8085780739784241
Malicious,Malicious,0.8478187322616577
Malicious,Malicious,0.8468199372291565
Malicious,Malicious,0.8620412945747375
Malicious,Malicious,0.8271636366844177
Malicious,Malicious,0.7703683972358704
Malicious,Malicious,0.7857362031936646
Malicious,Malicious,0.742180347442627
Malicious,Malicious,0.989879846572876
Malicious,Malicious,0.9096988439559937
Malicious,Malicious,0.7725432515144348
Malicious,Malicious,1.0
Malicious,Malicious,0.7282409071922302
Malicious,Malicious,0.8119136691093445
Malicious,Malicious,0.632983922958374
Malicious,Malicious,0.8117189407348633
Malicious,Malicious,0.7877885103225708
Malicious,Malicious,0.8427401781082153
Malicious,Malicious,0.5730889439582825
Malicious,Malicious,0.7263765335083008
Malicious,Malicious,0.8565422296524048
Malicious,Malicious,0.7409043312072754
Malicious,Malicious,0.8991208076477051
Malicious,Malicious,0.813424825668335
Malicious,Malicious,0.9726651310920715
Malicious,Malicious,0.850103497505188
Malicious,Malicious,0.8201162219047546
Malicious,Malicious,0.7139499187469482
Malicious,Malicious,0.9032528400421143
Malicious,Malicious,0.949399471282959
Malicious,Malicious,0.792894721031189
Malicious,Malicious,0.9114217162132263
Malicious,Malicious,0.8146982192993164
Malicious,Malicious,0.8284562230110168
Malicious,Malicious,0.8689393401145935
Malicious,Malicious,0.8337382078170776
Malicious,Malicious,0.8142591118812561
Malicious,Malicious,0.8138359785079956
Malicious,Malicious,0.8383234143257141
Malicious,Malicious,0.8778738379478455
Malicious,Malicious,0.8523536920547485
Malicious,Malicious,0.8398106694221497
Malicious,Malicious,0.8392111659049988
Malicious,Malicious,0.9999940991401672
Malicious,Malicious,0.7319840788841248
Malicious,Malicious,1.0
Malicious,Malicious,0.910792350769043
Malicious,Malicious,0.9999775886535645
Malicious,Malicious,0.7821009159088135
Malicious,Malicious,0.840411365032196
Malicious,Malicious,0.8004776835441589
Malicious,Malicious,0.7745633125305176
Malicious,Malicious,0.9999943375587463
Malicious,Malicious,0.7737769484519958
Malicious,Malicious,0.8714191913604736
Malicious,Malicious,0.7939800024032593
Malicious,Malicious,0.9773675203323364
Malicious,Malicious,0.7653341889381409
Malicious,Malicious,0.9500892758369446
Malicious,Malicious,0.8215855956077576
Malicious,Malicious,0.8782331943511963
Malicious,Malicious,0.8487905263900757
Malicious,Malicious,0.7782537937164307
Malicious,Malicious,0.7196782827377319
Malicious,Malicious,0.7804874181747437
Malicious,Malicious,0.9404129981994629
Malicious,Malicious,0.8721535801887512
Malicious,Malicious,0.8450803756713867
Malicious,Malicious,0.7678020596504211
Malicious,Malicious,1.0
Malicious,Malicious,1.0
Malicious,Malicious,0.8392407894134521
Malicious,Malicious,0.8250434398651123
Malicious,Malicious,0.7167345881462097
Malicious,Malicious,0.9615360498428345
Malicious,Malicious,0.728551983833313
Malicious,Malicious,0.8123903870582581
Malicious,Malicious,0.8523534536361694
Malicious,Malicious,0.8437021970748901
Malicious,Malicious,0.9073397517204285
Malicious,Malicious,0.7086552381515503
Malicious,Malicious,0.8872168660163879
Malicious,Malicious,0.7818070650100708
Malicious,Malicious,0.8769668340682983
Malicious,Malicious,0.5104490518569946
Malicious,Malicious,0.9408213496208191
Malicious,Malicious,0.8395513296127319
Malicious,Malicious,0.8452787399291992
Malicious,Malicious,0.7768315076828003
Malicious,Malicious,0.81211256980896
Malicious,Malicious,0.7609276175498962
Malicious,Malicious,0.8153793811798096
Malicious,Malicious,0.9087634682655334
Malicious,Malicious,0.9121368527412415
Malicious,Malicious,0.8278347253799438
Malicious,Malicious,0.8131095767021179
Malicious,Malicious,0.808721661567688
Malicious,Malicious,0.8707884550094604
Malicious,Malicious,0.9693086743354797
Malicious,Malicious,0.7811385989189148
Malicious,Malicious,0.7888922095298767
Malicious,Malicious,0.81083744764328
Malicious,Malicious,0.8430672287940979
Malicious,Malicious,0.8482552766799927
Malicious,Malicious,0.9156053066253662
Malicious,Malicious,0.841027021408081
Malicious,Malicious,0.8248350620269775
Malicious,Malicious,0.7928599715232849
Malicious,Malicious,0.9787510633468628
Malicious,Malicious,0.8475875854492188
Malicious,Malicious,0.8175767660140991
Malicious,Malicious,0.9867118000984192
Malicious,Malicious,1.0
Malicious,Malicious,0.7664831280708313
Malicious,Malicious,0.8647516965866089
Malicious,Malicious,0.8749534487724304
Malicious,Malicious,0.945954442024231
Malicious,Malicious,0.7979952692985535
Malicious,Malicious,0.8161792755126953
Malicious,Malicious,0.8368212580680847
Malicious,Malicious,0.7776110172271729
Malicious,Malicious,0.8946781158447266
Malicious,Malicious,0.8613867163658142
Malicious,Malicious,0.8134132027626038
Malicious,Malicious,0.8837217092514038
Malicious,Malicious,0.8139019012451172
Malicious,Malicious,0.8649204969406128
Malicious,Malicious,0.8984673023223877
Malicious,Malicious,0.8802633881568909
Malicious,Malicious,0.7911325693130493
Malicious,Malicious,0.8302732706069946
Malicious,Malicious,0.8784627318382263
Malicious,Malicious,0.784757673740387
Malicious,Malicious,0.7999725937843323
Malicious,Malicious,0.8417468070983887
Malicious,Malicious,0.8417725563049316
Malicious,Malicious,0.8023231625556946
Malicious,Malicious,0.7739166617393494
Malicious,Malicious,0.8563700318336487
Malicious,Malicious,0.8114489316940308
Malicious,Malicious,0.8382858037948608
Malicious,Malicious,0.8037009239196777
Malicious,Malicious,0.7378348708152771
Malicious,Malicious,0.9741796255111694
Malicious,Malicious,0.8086240291595459
Malicious,Malicious,0.854844331741333
Malicious,Malicious,0.7858570218086243
Malicious,Malicious,0.9902238249778748
Malicious,Malicious,0.8971856832504272
Malicious,Malicious,0.7833895683288574
Malicious,Benign,0.3700545132160187
Malicious,Malicious,0.9020599722862244
Malicious,Malicious,0.9999997615814209
Malicious,Malicious,0.8444684147834778
Malicious,Malicious,0.8361084461212158
Malicious,Malicious,0.7006245255470276
Malicious,Malicious,0.7278333306312561
Malicious,Malicious,0.8604757785797119
Malicious,Malicious,0.8669580817222595
Malicious,Malicious,0.9999632835388184
Malicious,Malicious,0.8511648178100586
Malicious,Malicious,0.8563904762268066
Malicious,Malicious,0.9791253805160522
Malicious,Malicious,1.0
Malicious,Malicious,0.7837092876434326
Malicious,Malicious,0.8841710090637207
Malicious,Malicious,0.8476187586784363
Malicious,Malicious,1.0
Malicious,Malicious,0.7745553255081177
Malicious,Malicious,0.8915339708328247
Malicious,Malicious,0.8398001194000244
Malicious,Malicious,0.8249401450157166
Malicious,Malicious,1.0
Malicious,Malicious,0.751054048538208
Malicious,Malicious,0.8459580540657043
Malicious,Malicious,0.8476204872131348
Malicious,Malicious,1.0
Malicious,Malicious,0.8357054591178894
Malicious,Malicious,0.8450698852539062
Malicious,Malicious,0.7842435836791992
Malicious,Malicious,1.0
Malicious,Malicious,0.9516096115112305
Malicious,Malicious,0.8453220725059509
Malicious,Malicious,0.6832488179206848
Malicious,Malicious,0.8806842565536499
Malicious,Malicious,0.8821461200714111
Malicious,Malicious,0.8731614947319031
Malicious,Malicious,0.796725332736969
Malicious,Malicious,0.8916308879852295
Malicious,Malicious,0.7355313897132874
Malicious,Malicious,0.981317400932312
Malicious,Malicious,1.0
Malicious,Malicious,0.8329554796218872
Malicious,Malicious,0.8213181495666504
Malicious,Malicious,0.7874143123626709
Malicious,Malicious,0.999993622303009
Malicious,Malicious,0.7614805698394775
Malicious,Malicious,0.7423633337020874
Malicious,Malicious,0.8776761889457703
Malicious,Malicious,0.7508377432823181
Malicious,Malicious,0.5034798383712769
Malicious,Malicious,0.8526750802993774
Malicious,Malicious,1.0
Malicious,Malicious,0.8186550140380859
Malicious,Malicious,0.9639314413070679
Malicious,Malicious,0.8045468926429749
Malicious,Malicious,1.0
Malicious,Malicious,0.9999986290931702
Malicious,Malicious,1.0
Malicious,Malicious,0.8209842443466187
Malicious,Malicious,1.0
Malicious,Malicious,0.8728736042976379
Malicious,Malicious,0.864787220954895
Malicious,Malicious,0.9178516864776611
Malicious,Malicious,0.8431435227394104
Malicious,Malicious,0.8546256422996521
Malicious,Malicious,0.8076536655426025
Malicious,Malicious,0.8993963003158569
Malicious,Malicious,0.8117102384567261
Malicious,Malicious,0.9789340496063232
Malicious,Malicious,0.9721206426620483
Malicious,Malicious,0.9999992847442627
Malicious,Malicious,0.824125349521637
Malicious,Malicious,0.8219291567802429
Malicious,Malicious,0.7863678932189941
Malicious,Malicious,0.7967246770858765
Malicious,Malicious,0.8074917793273926
Malicious,Malicious,0.8248009085655212
Malicious,Malicious,0.7422887086868286
Malicious,Malicious,1.0
Malicious,Malicious,0.8579475283622742
Malicious,Malicious,0.8128107786178589
Malicious,Malicious,0.9054242968559265
Malicious,Malicious,0.7654337882995605
Malicious,Malicious,1.0
Malicious,Malicious,0.7745396494865417
Malicious,Malicious,0.8707674741744995
Malicious,Malicious,0.8918905854225159
Malicious,Benign,0.26129940152168274
Malicious,Malicious,0.8861809968948364
Malicious,Malicious,0.7493252754211426
Malicious,Malicious,0.8851174116134644
Malicious,Malicious,0.735045850276947
Malicious,Malicious,0.9772379398345947
Malicious,Malicious,0.9999940991401672
Malicious,Malicious,0.8725606799125671
Malicious,Malicious,0.9999973177909851
Malicious,Malicious,0.8487867116928101
Malicious,Malicious,0.8225092887878418
Malicious,Malicious,0.7829432487487793
Malicious,Malicious,0.9030836224555969
Malicious,Malicious,0.7694047689437866
Malicious,Malicious,0.9999930262565613
Malicious,Malicious,0.7878416180610657
Malicious,Malicious,0.8750261068344116
Malicious,Malicious,0.7572841644287109
Malicious,Malicious,0.7745382189750671
Malicious,Malicious,0.7585375308990479
Malicious,Malicious,0.8705425262451172
Malicious,Malicious,1.0
Malicious,Malicious,0.9211779832839966
Malicious,Malicious,0.7619931101799011
Malicious,Malicious,0.8240483403205872
Malicious,Malicious,0.8646518588066101
Malicious,Malicious,0.8054872155189514
Malicious,Malicious,0.885479211807251
Malicious,Malicious,0.7715976238250732
Malicious,Malicious,0.8440119624137878
Malicious,Malicious,0.8586513996124268
Malicious,Malicious,0.8293810486793518
Malicious,Malicious,0.8150083422660828
Malicious,Malicious,0.981728196144104
Malicious,Malicious,0.8530963659286499
Malicious,Malicious,0.7281660437583923
Malicious,Malicious,0.8338443636894226
Malicious,Malicious,0.8647418022155762
Malicious,Malicious,0.7345576286315918
Malicious,Malicious,0.7127359509468079
Malicious,Malicious,0.9999998807907104
Malicious,Malicious,0.7411381006240845
Malicious,Malicious,0.8338618874549866
Malicious,Malicious,0.8530111312866211
Malicious,Malicious,0.5608187913894653
Malicious,Malicious,0.8922743201255798
Malicious,Malicious,0.7825002074241638
Malicious,Malicious,0.753166139125824
Malicious,Malicious,0.8268418312072754
Malicious,Malicious,0.8642128705978394
Malicious,Malicious,0.8475151062011719
Malicious,Malicious,0.7736120223999023
Malicious,Malicious,0.7874627113342285
Malicious,Malicious,0.8109050989151001
Malicious,Malicious,0.837289571762085
Malicious,Malicious,0.8473227620124817
Malicious,Malicious,0.8425537943840027
Malicious,Malicious,0.8651320338249207
Malicious,Malicious,0.8612105846405029
Malicious,Malicious,0.8162356615066528
Malicious,Malicious,0.8758032917976379
Malicious,Malicious,0.8241180777549744
Malicious,Malicious,0.7265443205833435
Malicious,Malicious,0.8085150718688965
Malicious,Malicious,0.9999993443489075
Malicious,Malicious,0.8991940021514893
Malicious,Malicious,0.9757600426673889
Malicious,Malicious,0.8606260418891907
Malicious,Malicious,0.8507325053215027
Malicious,Malicious,1.0
Malicious,Malicious,0.9524499177932739
Malicious,Malicious,0.7119590044021606
Malicious,Malicious,0.8235294222831726
Malicious,Malicious,0.8160864114761353
Malicious,Malicious,1.0
Malicious,Malicious,0.7563231587409973
Malicious,Malicious,0.9596824645996094
Malicious,Malicious,0.8102723956108093
Malicious,Malicious,0.833066463470459
Malicious,Malicious,0.7907025814056396
Malicious,Malicious,0.804513692855835
Malicious,Malicious,0.8056914210319519
Malicious,Malicious,0.8452664017677307
Malicious,Malicious,0.8851134181022644
Malicious,Malicious,0.8363961577415466
Malicious,Malicious,0.7068087458610535
Malicious,Malicious,0.8799532055854797
Malicious,Malicious,0.8605040311813354
Malicious,Malicious,0.8673909902572632
Malicious,Malicious,0.8783841729164124
Malicious,Malicious,0.8311156034469604
Malicious,Malicious,0.8427193760871887
Malicious,Malicious,0.7810923457145691
Malicious,Malicious,0.7649343013763428
Malicious,Malicious,0.8025496006011963
Malicious,Malicious,0.8034368753433228
Malicious,Malicious,0.791809618473053
Malicious,Malicious,1.0
Malicious,Malicious,0.762916624546051
Malicious,Malicious,0.8767013549804688
Malicious,Malicious,0.8527109026908875
Malicious,Malicious,0.7988945841789246
Malicious,Malicious,0.8298133611679077
Malicious,Malicious,0.891180157661438
Malicious,Malicious,0.8000378608703613
Malicious,Malicious,0.8601096868515015
Malicious,Malicious,0.8554563522338867
Malicious,Malicious,0.8953166007995605
Malicious,Malicious,0.7628965377807617
Malicious,Malicious,0.7582139372825623
Malicious,Malicious,0.7409735321998596
Malicious,Malicious,0.8022878766059875
Malicious,Malicious,0.7758269309997559
Malicious,Malicious,0.8375045657157898
Malicious,Malicious,0.8563044667243958
Malicious,Malicious,0.8765698075294495
Malicious,Malicious,0.9828300476074219
Malicious,Malicious,0.8270782828330994
Malicious,Malicious,0.8429815769195557
Malicious,Malicious,0.7877644896507263
Malicious,Malicious,0.7418362498283386
Malicious,Malicious,0.6826423406600952
Malicious,Malicious,0.8830975890159607
Malicious,Malicious,0.8366432785987854
Malicious,Malicious,0.8761270642280579
Malicious,Malicious,0.8593491315841675
Malicious,Malicious,0.7699403166770935
Malicious,Malicious,0.7904309630393982
Malicious,Malicious,0.9854126572608948
Malicious,Malicious,1.0
Malicious,Malicious,0.8815703392028809
Malicious,Malicious,0.9557084441184998
Malicious,Malicious,0.8368250131607056
Malicious,Malicious,0.9999871850013733
Malicious,Malicious,0.844085156917572
Malicious,Malicious,1.0
Malicious,Malicious,0.7363643050193787
Malicious,Malicious,0.81581050157547
Malicious,Malicious,0.8890856504440308
Malicious,Malicious,0.9999995231628418
Malicious,Malicious,1.0
Malicious,Malicious,0.8930009603500366
Malicious,Malicious,0.7810875177383423
Malicious,Malicious,0.8934447765350342
Malicious,Malicious,0.892805278301239
Malicious,Malicious,0.7993811964988708
Malicious,Malicious,0.8030573129653931
Malicious,Malicious,0.845617949962616
Malicious,Malicious,0.9999991059303284
Malicious,Malicious,1.0
Malicious,Malicious,0.814534068107605
Malicious,Malicious,0.8946624994277954
Malicious,Malicious,0.8289486169815063
Malicious,Malicious,0.803772509098053
Malicious,Malicious,0.8026070594787598
Malicious,Malicious,0.841045081615448
Malicious,Malicious,0.8847070336341858
Malicious,Malicious,0.7748227715492249
Malicious,Malicious,0.8383652567863464
Malicious,Malicious,0.7571311593055725
Malicious,Malicious,0.8723109364509583
Malicious,Malicious,1.0
Malicious,Malicious,0.8239142894744873
Malicious,Malicious,1.0
Malicious,Malicious,1.0
Malicious,Malicious,0.7580199837684631
Malicious,Malicious,0.8084560632705688
Malicious,Malicious,0.7972924709320068
Malicious,Malicious,0.8794673085212708
Malicious,Malicious,0.7614006996154785
Malicious,Malicious,0.8031140565872192
Malicious,Malicious,0.8018853664398193
Malicious,Malicious,0.8365955948829651
Malicious,Malicious,1.0
Malicious,Malicious,0.8600972890853882
Malicious,Malicious,0.8039442300796509
Malicious,Malicious,0.8527007699012756
Malicious,Malicious,0.9955956935882568
Malicious,Malicious,0.8857035636901855
Malicious,Malicious,0.9999992847442627
Malicious,Malicious,0.8223596811294556
Malicious,Malicious,0.7983567714691162
Malicious,Malicious,0.862399697303772
Malicious,Malicious,0.8461910486221313
Malicious,Malicious,0.8376397490501404
Malicious,Malicious,1.0
Malicious,Malicious,0.7114760279655457
Malicious,Malicious,0.8235670924186707
Malicious,Malicious,0.8538616895675659
Malicious,Malicious,0.8161712288856506
Malicious,Malicious,0.8191468715667725
Malicious,Malicious,0.8609203100204468
Malicious,Malicious,0.7252294421195984
Malicious,Malicious,0.8477428555488586
Malicious,Malicious,0.782378613948822
Malicious,Malicious,0.772986888885498
Malicious,Malicious,1.0
Malicious,Malicious,0.7063226103782654
Malicious,Malicious,0.8544503450393677
Malicious,Benign,0.316945880651474
Malicious,Malicious,0.8636326193809509
Malicious,Malicious,0.9750970602035522
Malicious,Malicious,0.8978188633918762
Malicious,Malicious,0.8025754690170288
Malicious,Malicious,0.8796817064285278
Malicious,Malicious,0.8370330333709717
Malicious,Malicious,0.8194791078567505
Malicious,Malicious,0.9836048483848572
Malicious,Malicious,0.7764379382133484
Malicious,Malicious,0.8265754580497742
Malicious,Malicious,0.9999976754188538
Malicious,Malicious,0.6988601684570312
Malicious,Malicious,0.9910147786140442
Malicious,Malicious,0.8212297558784485
Malicious,Malicious,0.7690739631652832
Malicious,Malicious,0.5640831589698792
Malicious,Malicious,0.9690551161766052
Malicious,Malicious,0.7382587194442749
Malicious,Malicious,0.8216436505317688
Malicious,Malicious,0.7946029901504517
Malicious,Malicious,0.8145595788955688
Malicious,Malicious,0.852906346321106
Malicious,Malicious,0.8018783926963806
Malicious,Malicious,0.7927417755126953
Malicious,Malicious,1.0
Malicious,Malicious,0.7577428221702576
Malicious,Malicious,0.9999979734420776
Malicious,Malicious,0.7940325736999512
Malicious,Malicious,0.8636695146560669
Malicious,Malicious,0.8258592486381531
Malicious,Malicious,0.7798513770103455
Malicious,Malicious,0.8004395365715027
Malicious,Malicious,0.7897319793701172
Malicious,Malicious,0.8222550749778748
Malicious,Malicious,0.8776151537895203
Malicious,Malicious,0.7947331070899963
Malicious,Benign,0.41456952691078186
Malicious,Malicious,0.8059816956520081
Malicious,Malicious,0.846465528011322
Malicious,Malicious,0.7790355086326599
Malicious,Malicious,0.7194398045539856
Malicious,Malicious,0.9134858250617981
Malicious,Malicious,0.8771419525146484
Malicious,Malicious,0.8637114763259888
Malicious,Malicious,0.7855978608131409
Malicious,Malicious,0.949989378452301
Malicious,Malicious,0.7758533358573914
Malicious,Malicious,0.7151250839233398
Malicious,Malicious,0.7994799613952637
Malicious,Malicious,0.8997787833213806
Malicious,Malicious,0.850010097026825
Malicious,Malicious,0.8630409836769104
Malicious,Malicious,0.8136144280433655
Malicious,Malicious,0.7567498087882996
Malicious,Malicious,0.7442538142204285
Malicious,Malicious,0.811130166053772
Malicious,Malicious,0.9612637162208557
Malicious,Malicious,0.7157663702964783
Malicious,Malicious,0.8749274611473083
Malicious,Malicious,0.747367262840271
Malicious,Malicious,0.8169315457344055
Malicious,Malicious,0.7864187955856323
Malicious,Malicious,0.8758015036582947
Malicious,Malicious,0.7997640371322632
Malicious,Malicious,0.9999942779541016
Malicious,Malicious,0.7963011264801025
Malicious,Malicious,0.7769951224327087
Malicious,Malicious,0.8008370995521545
Malicious,Malicious,0.829010546207428
Malicious,Malicious,0.8896288275718689
Malicious,Malicious,0.7994288802146912
Malicious,Malicious,0.8279325366020203
Malicious,Benign,0.4054465889930725
Malicious,Malicious,0.9681825041770935
Malicious,Malicious,0.813904881477356
Malicious,Malicious,0.7512757182121277
Malicious,Malicious,0.8520051836967468
Malicious,Malicious,0.8551607728004456
Malicious,Malicious,0.9707621335983276
Malicious,Malicious,0.8437186479568481
Malicious,Malicious,0.8782958984375
Malicious,Malicious,0.8755236864089966
Malicious,Malicious,0.8416723608970642
Malicious,Malicious,0.9597359895706177
Malicious,Malicious,0.7390015721321106
Malicious,Malicious,0.8458629846572876
Malicious,Benign,0.32913917303085327
Malicious,Malicious,0.8174625635147095
Malicious,Malicious,1.0
Malicious,Malicious,0.845945417881012
Malicious,Malicious,0.7601494193077087
Malicious,Malicious,0.821872353553772
Malicious,Malicious,0.8240619897842407
Malicious,Malicious,0.8762162923812866
Malicious,Malicious,0.8643693327903748
Malicious,Malicious,0.7896935343742371
Malicious,Malicious,0.9681944847106934
Malicious,Malicious,0.8538792729377747
Malicious,Malicious,0.7865774035453796
Malicious,Malicious,0.804791271686554
Malicious,Malicious,0.8363562822341919
Malicious,Malicious,0.8109332323074341
Malicious,Malicious,0.8160489201545715
Malicious,Malicious,0.7798758745193481
Malicious,Malicious,0.8521338701248169
Malicious,Malicious,0.9999998211860657
Malicious,Malicious,0.9999998807907104
Malicious,Malicious,0.7489367723464966
Malicious,Malicious,0.9999938607215881
Malicious,Malicious,0.8543010950088501
Malicious,Malicious,0.9561048746109009
Malicious,Malicious,1.0
Malicious,Malicious,0.8572022318840027
Malicious,Malicious,0.9539567232131958
Malicious,Malicious,0.7921954989433289
Malicious,Malicious,0.8635616898536682
Malicious,Malicious,0.8056645393371582
Malicious,Malicious,0.9591406583786011
Malicious,Malicious,0.9423060417175293
Malicious,Malicious,0.983919620513916
Malicious,Malicious,0.9012787342071533
Malicious,Malicious,0.8267211318016052
Malicious,Malicious,0.868743896484375
Malicious,Malicious,0.7813416719436646
Malicious,Malicious,0.7022977471351624
Malicious,Malicious,0.8469797968864441
Malicious,Malicious,0.9999948143959045
Malicious,Malicious,0.8221502900123596
Malicious,Malicious,0.8447133898735046
Malicious,Malicious,0.8329711556434631
Malicious,Malicious,0.7227294445037842
Malicious,Malicious,0.9414389729499817
Malicious,Malicious,0.9065332412719727
Malicious,Malicious,0.7825998663902283
Malicious,Malicious,0.9585021138191223
Malicious,Malicious,0.9999996423721313
Malicious,Malicious,0.9006217122077942
Malicious,Malicious,0.7770994901657104
Malicious,Malicious,0.8357978463172913
Malicious,Malicious,1.0
Malicious,Malicious,0.7801998853683472
Malicious,Malicious,0.8146921992301941
Malicious,Malicious,0.841153085231781
Malicious,Malicious,1.0
Malicious,Malicious,0.8859226107597351
Malicious,Malicious,0.8056287169456482
Malicious,Malicious,0.9738979339599609
Malicious,Malicious,0.871225118637085
Malicious,Malicious,0.9884971976280212
Malicious,Malicious,0.8415215015411377
Malicious,Malicious,0.7534216046333313
Malicious,Malicious,0.7927563786506653
Malicious,Malicious,0.7819721698760986
Malicious,Malicious,0.8828661441802979
Malicious,Malicious,0.9470611214637756
Malicious,Malicious,0.7484652996063232
Malicious,Malicious,0.822782576084137
Malicious,Malicious,0.8541949987411499
Malicious,Malicious,0.9148778319358826
Malicious,Malicious,0.9189692735671997
Malicious,Malicious,0.7107113599777222
Malicious,Malicious,0.8462951183319092
Malicious,Malicious,0.7102526426315308
Malicious,Malicious,0.8632585406303406
Malicious,Malicious,0.7291138172149658
Malicious,Malicious,0.8785569071769714
Malicious,Malicious,0.9656721949577332
Malicious,Malicious,0.8429967164993286
Malicious,Malicious,0.8198729753494263
Malicious,Malicious,0.8940014839172363
Malicious,Malicious,1.0
Malicious,Malicious,0.8420247435569763
Malicious,Malicious,0.7443394660949707
Malicious,Malicious,0.7559139132499695
Malicious,Malicious,0.8218615651130676
Malicious,Benign,0.2942061126232147
Malicious,Malicious,0.9999948740005493
Malicious,Malicious,0.8865383267402649
Malicious,Malicious,0.7537965178489685
Malicious,Malicious,0.7923428416252136
Malicious,Malicious,0.9999939203262329
Malicious,Malicious,0.7932881116867065
Malicious,Malicious,0.8290756344795227
Malicious,Benign,0.36350303888320923
Malicious,Malicious,0.842491865158081
Malicious,Malicious,0.8190275430679321
Malicious,Malicious,0.8860313296318054
Malicious,Malicious,0.8180999755859375
Malicious,Malicious,0.845436692237854
Malicious,Malicious,0.8165520429611206
Malicious,Malicious,0.8406283259391785
Malicious,Malicious,0.819543182849884
Malicious,Malicious,1.0
Malicious,Malicious,0.8444977402687073
Malicious,Malicious,0.8147621750831604
Malicious,Malicious,0.7918378114700317
Malicious,Malicious,0.7757376432418823
Malicious,Malicious,1.0
Malicious,Malicious,0.8445959091186523
Malicious,Malicious,0.8520110249519348
Malicious,Malicious,0.8129837512969971
Malicious,Malicious,0.9382938742637634
Malicious,Malicious,0.8971747756004333
Malicious,Malicious,1.0
Malicious,Malicious,0.8554903864860535
Malicious,Malicious,0.7874744534492493
Malicious,Malicious,0.8377318978309631
Malicious,Malicious,0.914450466632843
Malicious,Malicious,0.8393977284431458
Malicious,Malicious,0.7987208366394043
Malicious,Malicious,0.8302749991416931
Malicious,Malicious,0.8376773595809937
Malicious,Malicious,0.7954633831977844
Malicious,Malicious,0.78568434715271
Malicious,Malicious,0.8395787477493286
Malicious,Malicious,0.9999948143959045
Malicious,Malicious,0.9302999973297119
Malicious,Malicious,0.8247115015983582
Malicious,Malicious,0.8137286901473999
Malicious,Benign,0.43274426460266113
Malicious,Malicious,0.877026379108429
Malicious,Malicious,0.7725808620452881
Malicious,Malicious,0.7823088765144348
Malicious,Malicious,0.7597779631614685
Malicious,Malicious,0.8128970265388489
Malicious,Malicious,1.0
Malicious,Malicious,0.867016613483429
Malicious,Malicious,0.868716299533844
Malicious,Malicious,0.8120664358139038
Malicious,Malicious,0.8573536276817322
Malicious,Malicious,0.8258863091468811
Malicious,Malicious,0.7620177865028381
Malicious,Malicious,0.8163160681724548
Malicious,Malicious,0.8207624554634094
Malicious,Malicious,0.8023744225502014
Malicious,Malicious,0.7598974704742432
Malicious,Malicious,0.8582208156585693
Malicious,Malicious,0.8999935984611511
Malicious,Malicious,0.8451988101005554
Malicious,Malicious,0.7089327573776245
Malicious,Malicious,0.7016833424568176
Malicious,Malicious,0.851502537727356
Malicious,Malicious,0.9946926832199097
Malicious,Malicious,0.8157643675804138
Malicious,Malicious,0.8698110580444336
Malicious,Malicious,0.7873981595039368
Malicious,Malicious,0.778327226638794
Malicious,Malicious,0.7832857966423035
Malicious,Malicious,0.9203482866287231
Malicious,Malicious,0.7522600889205933
Malicious,Malicious,0.7982615232467651
Malicious,Malicious,0.8746342658996582
Malicious,Malicious,0.7729472517967224
Malicious,Malicious,0.8365089893341064
Malicious,Malicious,0.844953179359436
Malicious,Malicious,0.8981922268867493
Malicious,Malicious,0.8291728496551514
Malicious,Malicious,0.9820442795753479
Malicious,Malicious,0.976097047328949
Malicious,Malicious,0.8393233418464661
Malicious,Malicious,0.7609595656394958
Malicious,Malicious,0.8194789290428162
Malicious,Malicious,0.7711146473884583
Malicious,Malicious,0.8910745978355408
Malicious,Malicious,0.8341590762138367
Malicious,Malicious,0.8126532435417175
Malicious,Malicious,0.7507878541946411
Malicious,Malicious,0.7407605648040771
Malicious,Malicious,0.8883556127548218
Malicious,Malicious,0.9925208687782288
Malicious,Malicious,0.8047180771827698
Malicious,Malicious,0.7703660726547241
Malicious,Malicious,0.7970755696296692
Malicious,Malicious,0.8330752849578857
Malicious,Malicious,0.8335638046264648
Malicious,Malicious,0.852906346321106
Malicious,Malicious,0.8120043873786926
Malicious,Malicious,0.7984411120414734
Malicious,Malicious,0.8762417435646057
Malicious,Malicious,0.8488019108772278
Malicious,Malicious,0.702406108379364
Malicious,Malicious,0.7183946371078491
Malicious,Malicious,0.8025937080383301
Malicious,Malicious,0.8581088781356812
Malicious,Malicious,0.9584949612617493
Malicious,Malicious,0.7260247468948364
Malicious,Malicious,0.6983146071434021
Malicious,Malicious,0.8986711502075195
Malicious,Malicious,0.8845766186714172
Malicious,Malicious,0.8427463173866272
Malicious,Malicious,0.8918495774269104
Malicious,Malicious,0.7724722623825073
Malicious,Malicious,0.756707489490509
Malicious,Malicious,0.8595693111419678
Malicious,Malicious,0.8511648178100586
Malicious,Malicious,0.8534275889396667
Malicious,Malicious,0.9739013314247131
Malicious,Malicious,0.8384490013122559
Malicious,Malicious,0.8041025400161743
Malicious,Malicious,0.8715119957923889
Malicious,Malicious,0.8321409225463867
Malicious,Malicious,0.8444983959197998
Malicious,Malicious,0.7746618986129761
Malicious,Malicious,0.7308205962181091
Malicious,Malicious,0.8248065710067749
Malicious,Malicious,0.790682852268219
Malicious,Malicious,0.8389654755592346
Malicious,Malicious,0.8413477540016174
Malicious,Malicious,0.79677814245224
Malicious,Malicious,0.8914032578468323
Malicious,Malicious,0.8433625102043152
Malicious,Malicious,0.811991810798645
Malicious,Malicious,0.8564983010292053
Malicious,Malicious,0.8870465159416199
Malicious,Malicious,0.840427815914154
Malicious,Malicious,0.8998235464096069
Malicious,Malicious,1.0
Malicious,Malicious,0.816078782081604
Malicious,Malicious,0.8269556164741516
Malicious,Malicious,0.7841860055923462
Malicious,Malicious,0.7901391386985779
Malicious,Malicious,0.7194815278053284
Malicious,Malicious,0.8369742035865784
Malicious,Malicious,0.771027684211731
Malicious,Malicious,0.9769237041473389
Malicious,Malicious,0.9559620022773743
Malicious,Malicious,1.0
Malicious,Malicious,0.7806047201156616
Malicious,Malicious,0.8038506507873535
Malicious,Malicious,0.8833445310592651
Malicious,Malicious,0.9999860525131226
Malicious,Malicious,0.8592833280563354
Malicious,Malicious,0.9999995231628418
Malicious,Malicious,1.0
Malicious,Malicious,0.9512677788734436
Malicious,Malicious,0.9774651527404785
Malicious,Malicious,0.7529650330543518
Malicious,Malicious,0.7944526672363281
Malicious,Malicious,0.9146512150764465
Malicious,Malicious,0.8135921955108643
Malicious,Malicious,0.8602634072303772
Malicious,Malicious,0.8409132361412048
Malicious,Malicious,0.86091148853302
Malicious,Malicious,1.0
Malicious,Malicious,0.9009950160980225
Malicious,Malicious,0.9069355130195618
Malicious,Malicious,0.7943191528320312
Malicious,Malicious,0.7959176301956177
Malicious,Malicious,0.9937893152236938
Malicious,Malicious,0.7850343585014343
Malicious,Malicious,0.8415348529815674
Malicious,Malicious,1.0
Malicious,Malicious,0.825191855430603
Malicious,Malicious,0.9660689830780029
Malicious,Malicious,0.7331898212432861
Malicious,Malicious,0.9042335152626038
Malicious,Malicious,0.8442098498344421
Malicious,Malicious,0.8669352531433105
Malicious,Malicious,0.8651285767555237
Malicious,Malicious,0.8232361078262329
Malicious,Malicious,0.828637421131134
Malicious,Malicious,0.731532871723175
Malicious,Malicious,0.9087650179862976
Malicious,Malicious,0.829594612121582
Malicious,Malicious,0.975343644618988
Malicious,Malicious,0.836719274520874
Malicious,Malicious,0.9610037803649902
Malicious,Malicious,0.9149419069290161
Malicious,Malicious,0.847585141658783
Malicious,Malicious,0.8201813101768494
Malicious,Malicious,0.8325157761573792
Malicious,Malicious,0.813139796257019
Malicious,Malicious,0.9240730404853821
Malicious,Malicious,0.9490827322006226
Malicious,Malicious,0.8601537346839905
Malicious,Malicious,0.9999945759773254
Malicious,Malicious,0.9999998807907104
Malicious,Malicious,0.8541221022605896
Malicious,Malicious,0.8025224208831787
Malicious,Malicious,0.8859955668449402
Malicious,Malicious,0.8464673757553101
Malicious,Malicious,0.7058256268501282
Malicious,Benign,0.46306857466697693
Malicious,Malicious,1.0
Malicious,Malicious,1.0
Malicious,Malicious,1.0
Malicious,Malicious,0.9902474880218506
Malicious,Malicious,0.8302850127220154
Malicious,Malicious,0.8602737784385681
Malicious,Malicious,0.8087760806083679
Malicious,Malicious,0.8507164120674133
Malicious,Malicious,0.8374292850494385
Malicious,Malicious,0.8051448464393616
Malicious,Malicious,0.8302919864654541
Malicious,Malicious,0.8398243188858032
Malicious,Malicious,0.7876965403556824
Malicious,Malicious,0.876797616481781
Malicious,Malicious,0.9999887943267822
Malicious,Malicious,0.8189224004745483
Malicious,Malicious,0.8131728172302246
Malicious,Malicious,0.8452684283256531
Malicious,Malicious,0.8223360776901245
Malicious,Malicious,0.8123902678489685
Malicious,Malicious,0.8482865691184998
Malicious,Malicious,0.8880565166473389
Malicious,Malicious,0.8366851210594177
Malicious,Benign,0.32650521397590637
Malicious,Malicious,0.7802817225456238
Malicious,Malicious,0.8466212153434753
Malicious,Malicious,0.8475369811058044
Malicious,Malicious,0.999992847442627
Malicious,Malicious,0.8202692270278931
Malicious,Malicious,0.8923853635787964
Malicious,Malicious,0.8189792037010193
Malicious,Malicious,0.9999922513961792
Malicious,Malicious,0.9458277225494385
Malicious,Malicious,0.8509250283241272
Malicious,Malicious,0.7330272793769836
Malicious,Malicious,0.7833825349807739
Malicious,Malicious,0.8626868724822998
Malicious,Benign,0.26616308093070984
Malicious,Malicious,0.764408528804779
Malicious,Malicious,0.9755998849868774
Malicious,Malicious,0.759097158908844
Malicious,Malicious,0.7936813831329346
Malicious,Malicious,0.905471682548523
Malicious,Malicious,0.8576040863990784
Malicious,Malicious,0.852759599685669
Malicious,Malicious,0.8569539785385132
Malicious,Malicious,0.827336847782135
Malicious,Malicious,0.7395967245101929
Malicious,Malicious,0.8233235478401184
Malicious,Malicious,0.7616888880729675
Malicious,Malicious,1.0
Malicious,Malicious,0.775917649269104
Malicious,Malicious,0.9108922481536865
Malicious,Malicious,0.8595269918441772
Malicious,Malicious,0.8364806771278381
Malicious,Malicious,0.7573960423469543
Malicious,Malicious,0.7511264681816101
Malicious,Malicious,0.9805880188941956
Malicious,Malicious,1.0
Malicious,Malicious,0.8361074328422546
Malicious,Malicious,0.7761411070823669
Malicious,Malicious,0.7653289437294006
Malicious,Malicious,0.8987417221069336
Malicious,Malicious,0.8056033849716187
Malicious,Malicious,0.8399450778961182
Malicious,Malicious,0.8184746503829956
Malicious,Malicious,0.8013724088668823
Malicious,Malicious,0.7719340324401855
Malicious,Malicious,0.8269341588020325
Malicious,Malicious,0.864359974861145
Malicious,Malicious,0.8375610113143921
Malicious,Malicious,0.9049719572067261
Malicious,Malicious,0.6897150278091431
Malicious,Malicious,0.7941629886627197
Malicious,Malicious,0.8635886907577515
Malicious,Malicious,0.8980252146720886
Malicious,Malicious,0.8381102681159973
Malicious,Malicious,0.8156307935714722
Malicious,Malicious,0.8557687401771545
Malicious,Malicious,0.8734353184700012
Malicious,Malicious,0.8862413167953491
Malicious,Malicious,0.7301133871078491
Malicious,Malicious,0.7564906477928162
Malicious,Malicious,0.8293319940567017
Malicious,Malicious,0.8823825120925903
Malicious,Malicious,0.7393640875816345
Malicious,Malicious,0.8636900186538696
Malicious,Malicious,0.738406240940094
Malicious,Malicious,0.8114099502563477
Malicious,Malicious,0.7857893109321594
Malicious,Malicious,0.7976405620574951
Malicious,Malicious,0.798964262008667
Malicious,Malicious,0.7819620966911316
Malicious,Malicious,0.9107396006584167
Malicious,Malicious,0.7706625461578369
Malicious,Malicious,0.9105782508850098
Malicious,Malicious,0.8016091585159302
Malicious,Malicious,1.0
Malicious,Malicious,0.7240632176399231
Malicious,Malicious,1.0
Malicious,Malicious,0.7296481132507324
Malicious,Malicious,0.8157996535301208
Malicious,Malicious,0.8090935349464417
Malicious,Malicious,0.7898343205451965
Malicious,Malicious,1.0
Malicious,Malicious,0.8220613598823547
Malicious,Malicious,0.8439828753471375
Malicious,Malicious,1.0
Malicious,Malicious,0.8024362325668335
Malicious,Malicious,0.877753496170044
Malicious,Malicious,0.9999998211860657
Malicious,Malicious,0.8743571639060974
Malicious,Malicious,0.8535522818565369
Malicious,Malicious,0.8354285359382629
Malicious,Malicious,0.9786195755004883
Malicious,Malicious,0.7564343214035034
Malicious,Malicious,0.880504310131073
Malicious,Malicious,0.8739960789680481
Malicious,Malicious,0.8205264806747437
Malicious,Malicious,0.9999929070472717
Malicious,Malicious,0.889439046382904
Malicious,Malicious,0.8120911121368408
Malicious,Malicious,0.802378237247467
Malicious,Malicious,0.8883829116821289
Malicious,Malicious,0.7776761054992676
Malicious,Malicious,0.8291906714439392
Malicious,Malicious,0.9376651048660278
Malicious,Malicious,0.8641583323478699
Malicious,Malicious,0.8927021026611328
Malicious,Malicious,0.8752921223640442
Malicious,Malicious,0.8731030225753784
Malicious,Malicious,0.9605047106742859
Malicious,Malicious,0.7569320201873779
Malicious,Malicious,0.9997783899307251
Malicious,Malicious,0.8815033435821533
Malicious,Malicious,0.9134835004806519
Malicious,Malicious,0.8668470978736877
Malicious,Malicious,0.739825427532196
Malicious,Malicious,0.8487560749053955
Malicious,Benign,0.43116846680641174
Malicious,Malicious,0.8259277939796448
Malicious,Malicious,0.7856847643852234
Malicious,Malicious,0.7056652307510376
Malicious,Malicious,0.8774229884147644
Malicious,Malicious,0.7602096199989319
Malicious,Malicious,0.7712283730506897
Malicious,Malicious,0.8392080664634705
Malicious,Malicious,0.8742369413375854
Malicious,Malicious,0.7450463175773621
Malicious,Malicious,0.8451976180076599
Malicious,Malicious,0.8806691765785217
Malicious,Malicious,0.7636232376098633
Malicious,Malicious,1.0
Malicious,Malicious,0.9566221237182617
Malicious,Malicious,0.7995096445083618
Malicious,Malicious,0.8586824536323547
Malicious,Malicious,0.8087780475616455
Malicious,Malicious,0.8600317239761353
Malicious,Malicious,0.8344035744667053
Malicious,Malicious,0.8024052977561951
Malicious,Malicious,0.8659322261810303
Malicious,Malicious,0.8349413871765137
Malicious,Malicious,0.8148951530456543
Malicious,Malicious,0.8573805093765259
Malicious,Malicious,0.9091833233833313
Malicious,Malicious,0.8747318983078003
Malicious,Malicious,0.8867464661598206
Malicious,Malicious,0.794180154800415
Malicious,Malicious,1.0
Malicious,Malicious,0.9508723616600037
Malicious,Malicious,0.8372325897216797
Malicious,Malicious,0.7199122309684753
Malicious,Malicious,0.7872889637947083
Malicious,Malicious,0.841223418712616
Malicious,Malicious,0.8639740347862244
Malicious,Malicious,0.8820028901100159
Malicious,Malicious,0.7976304888725281
Malicious,Malicious,0.7672589421272278
Malicious,Malicious,0.7730100154876709
Malicious,Malicious,0.7724220156669617
Malicious,Malicious,0.7401008009910583
Malicious,Malicious,1.0
Malicious,Malicious,0.7675287127494812
Malicious,Malicious,0.9164297580718994
Malicious,Malicious,0.8109464049339294
Malicious,Malicious,0.8474531769752502
Malicious,Malicious,1.0
Malicious,Malicious,0.8349708914756775
Malicious,Malicious,0.812461256980896
Malicious,Malicious,0.8327569365501404
Malicious,Malicious,0.7634608149528503
Malicious,Malicious,0.8319310545921326
Malicious,Malicious,0.7386869192123413
Malicious,Malicious,0.8231365084648132
Malicious,Malicious,0.9999991655349731
Malicious,Malicious,0.8093141913414001
Malicious,Malicious,0.7508059144020081
Malicious,Malicious,0.8970343470573425
Malicious,Malicious,0.8113363981246948
Malicious,Malicious,0.9091765880584717
Malicious,Malicious,0.8562607765197754
Malicious,Malicious,1.0
Malicious,Malicious,0.9648455381393433
Malicious,Malicious,0.9298298358917236
Malicious,Malicious,0.9610471129417419
Malicious,Malicious,0.7010449171066284
Malicious,Malicious,0.8826026916503906
Malicious,Malicious,0.9999939203262329
Malicious,Malicious,0.8348254561424255
Malicious,Malicious,0.9696272611618042
Malicious,Malicious,1.0
Malicious,Malicious,0.9160366058349609
Malicious,Malicious,0.8897397518157959
Malicious,Malicious,0.8854390382766724
Malicious,Malicious,0.8678085803985596
Malicious,Malicious,0.9999991059303284
Malicious,Malicious,0.7908422350883484
Malicious,Malicious,0.7780540585517883
Malicious,Malicious,0.7141712307929993
Malicious,Benign,0.12855355441570282
Malicious,Malicious,0.8441300392150879
Malicious,Malicious,0.823604166507721
Malicious,Malicious,0.7459669709205627
Malicious,Malicious,0.7651289105415344
Malicious,Malicious,1.0
Malicious,Malicious,0.7341009378433228
Malicious,Malicious,0.7954285740852356
Malicious,Malicious,0.7194443345069885
Malicious,Malicious,0.9375396966934204
Malicious,Malicious,0.8123928904533386
Malicious,Malicious,0.8109582662582397
Malicious,Malicious,0.7622910737991333
Malicious,Malicious,0.8053170442581177
Malicious,Malicious,0.8290329575538635
Malicious,Malicious,1.0
Malicious,Malicious,0.8743150234222412
Malicious,Malicious,0.8509581685066223
Malicious,Malicious,0.9619348049163818
Malicious,Malicious,0.7798677682876587
Malicious,Malicious,0.8734328746795654
Malicious,Malicious,0.898495078086853
Malicious,Malicious,0.7981277108192444
Malicious,Malicious,0.8828587532043457
Malicious,Malicious,0.9731773138046265
Malicious,Malicious,0.777438759803772
Malicious,Malicious,0.7726418375968933
Malicious,Malicious,0.8730111718177795
Malicious,Malicious,0.794702410697937
Malicious,Malicious,0.8773956298828125
Malicious,Malicious,0.8164740204811096
Malicious,Malicious,0.9999943375587463
Malicious,Malicious,1.0
Malicious,Malicious,0.8076419234275818
Malicious,Malicious,0.7801514267921448
Malicious,Malicious,0.9608181715011597
Malicious,Malicious,0.8770209550857544
Malicious,Malicious,0.8685334324836731
Malicious,Malicious,0.7056674957275391
Malicious,Malicious,0.8934367299079895
Malicious,Malicious,0.766064465045929
Malicious,Malicious,0.7192407250404358
Malicious,Malicious,1.0
Malicious,Malicious,0.8565890192985535
Malicious,Malicious,0.8817763924598694
Malicious,Malicious,0.8412505388259888
Malicious,Malicious,0.8113196492195129
Malicious,Malicious,0.7231548428535461
Malicious,Malicious,0.8919638991355896
Malicious,Malicious,0.999994695186615
Malicious,Malicious,0.8102349638938904
Malicious,Malicious,0.8825674653053284
Malicious,Malicious,0.9357456564903259
Malicious,Malicious,0.8969631195068359
Malicious,Malicious,0.8986112475395203
Malicious,Benign,0.24802154302597046
Malicious,Malicious,0.827854335308075
Malicious,Malicious,0.9999872446060181
Malicious,Malicious,0.7774821519851685
Malicious,Malicious,0.9999998211860657
Malicious,Malicious,0.8284965753555298
Malicious,Malicious,0.8303442597389221
Malicious,Malicious,0.7750443816184998
Malicious,Malicious,0.8411783576011658
Malicious,Malicious,0.9908055663108826
Malicious,Malicious,0.8402459621429443
Malicious,Malicious,1.0
Malicious,Malicious,0.9999999403953552
Malicious,Malicious,0.7649833559989929
Malicious,Malicious,0.9999979138374329
Malicious,Malicious,0.8135411739349365
Malicious,Malicious,0.7327216267585754
Malicious,Malicious,0.8334824442863464
Malicious,Malicious,0.8735297322273254
Malicious,Malicious,0.7369459867477417
Malicious,Malicious,0.8078712224960327
Malicious,Malicious,0.825049877166748
Malicious,Malicious,0.7648306488990784
Malicious,Malicious,0.8426532745361328
Malicious,Malicious,0.8677869439125061
Malicious,Malicious,0.7899666428565979
Malicious,Malicious,0.8000686764717102
Malicious,Malicious,0.8404006958007812
Malicious,Malicious,0.8145114183425903
Malicious,Malicious,0.8458131551742554
Malicious,Malicious,0.7931733727455139
Malicious,Malicious,0.8914042115211487
Malicious,Malicious,0.8597656488418579
Malicious,Malicious,0.8335147500038147
Malicious,Malicious,0.8921462893486023
Malicious,Malicious,0.8268380165100098
Malicious,Malicious,0.8328994512557983
Malicious,Malicious,0.8684592843055725
Malicious,Malicious,0.796191394329071
Malicious,Malicious,0.8265495300292969
Malicious,Malicious,0.9196276068687439
Malicious,Malicious,0.7007979154586792
Malicious,Malicious,0.6835315227508545
Malicious,Malicious,0.8262311220169067
Malicious,Benign,0.29950055480003357
Malicious,Malicious,1.0
Malicious,Malicious,0.7950229644775391
Malicious,Malicious,0.9289307594299316
Malicious,Malicious,0.8008639216423035
Malicious,Malicious,0.7920480370521545
Malicious,Malicious,0.8441959619522095
Malicious,Malicious,0.764184832572937
Malicious,Malicious,0.8508331775665283
Malicious,Malicious,0.7680137157440186
Malicious,Malicious,0.8686702847480774
Malicious,Malicious,0.8947874307632446
Malicious,Malicious,0.8271061778068542
Malicious,Malicious,0.8829257488250732
Malicious,Malicious,0.7301985025405884
Malicious,Malicious,0.8747318387031555
Malicious,Malicious,0.7812442779541016
Malicious,Malicious,0.8110017776489258
Malicious,Malicious,0.8069655895233154
Malicious,Malicious,0.7737293839454651
Malicious,Malicious,0.7439602017402649
Malicious,Malicious,1.0
Malicious,Malicious,0.7952843308448792
Malicious,Malicious,0.8704703450202942
Malicious,Malicious,0.7325292825698853
Malicious,Malicious,1.0
Malicious,Malicious,0.9895050525665283
Malicious,Malicious,0.8522892594337463
Malicious,Malicious,0.9999931454658508
Malicious,Malicious,0.9999982714653015
Malicious,Malicious,0.9212594628334045
Malicious,Malicious,0.9503818154335022
Malicious,Malicious,0.8440792560577393
Malicious,Malicious,0.9029421210289001
Malicious,Malicious,0.8489757180213928
Malicious,Malicious,0.8223771452903748
Malicious,Malicious,0.813852071762085
Malicious,Malicious,0.9700571298599243
Malicious,Malicious,0.8422678709030151
Malicious,Malicious,0.7208389043807983
Malicious,Malicious,0.8341667652130127
Malicious,Malicious,0.8598518371582031
Malicious,Malicious,0.8560221195220947
Malicious,Malicious,0.7521215081214905
Malicious,Malicious,0.9999933838844299
Malicious,Malicious,0.8867464065551758
Malicious,Malicious,0.9061688184738159
Malicious,Malicious,0.7933074235916138
Malicious,Malicious,0.7456075549125671
Malicious,Malicious,0.9714400172233582
Malicious,Malicious,0.771969199180603
Malicious,Malicious,0.8432192802429199
Malicious,Malicious,0.7946745753288269
Malicious,Malicious,0.8044009804725647
Malicious,Malicious,0.7379308342933655
Malicious,Malicious,0.8577159643173218
Malicious,Malicious,0.7224039435386658
Malicious,Malicious,0.9090074300765991
Malicious,Malicious,0.799424946308136
Malicious,Malicious,0.7165830135345459
Malicious,Malicious,0.8515099287033081
Malicious,Malicious,0.999994695186615
Malicious,Malicious,0.702566921710968
Malicious,Malicious,0.978435218334198
Malicious,Malicious,0.8608076572418213
Malicious,Malicious,0.8859100937843323
Malicious,Malicious,0.7962066531181335
Malicious,Malicious,0.8882098197937012
Malicious,Malicious,0.7671365737915039
Malicious,Malicious,0.8702983260154724
Malicious,Malicious,0.9564102292060852
Malicious,Malicious,0.759402334690094
Malicious,Malicious,0.8322722911834717
Malicious,Malicious,0.790593147277832
Malicious,Malicious,0.8847439289093018
Malicious,Malicious,0.8923949599266052
Malicious,Malicious,0.9999935030937195
Malicious,Malicious,0.8980730175971985
Malicious,Malicious,0.8566554188728333
Malicious,Malicious,0.6722747087478638
Malicious,Malicious,0.8763748407363892
Malicious,Malicious,0.7525913715362549
Malicious,Malicious,0.7674810290336609
Malicious,Malicious,0.7628799080848694
Malicious,Malicious,0.5873015522956848
Malicious,Malicious,0.7362809181213379
Malicious,Malicious,0.8440886735916138
Malicious,Malicious,0.7156817317008972
Malicious,Malicious,1.0
Malicious,Malicious,0.8195914030075073
Malicious,Malicious,0.872955322265625
Malicious,Malicious,0.7540392279624939
Malicious,Malicious,0.8560915589332581
Malicious,Malicious,0.9062697887420654
Malicious,Malicious,0.9492464661598206
Malicious,Malicious,0.9413164258003235
Malicious,Malicious,0.8879028558731079
Malicious,Malicious,0.8045002222061157
Malicious,Malicious,0.8554095029830933
Malicious,Malicious,0.7939298152923584
Malicious,Benign,0.31601741909980774
Malicious,Malicious,0.8864372372627258
Malicious,Malicious,0.821177065372467
Malicious,Malicious,0.8494515419006348
Malicious,Malicious,0.8022326827049255
Malicious,Malicious,0.8201109170913696
Malicious,Malicious,0.8417468070983887
Malicious,Malicious,0.7699174284934998
Malicious,Malicious,0.9750418663024902
Malicious,Malicious,0.8198320269584656
Malicious,Malicious,0.7483036518096924
Malicious,Malicious,0.5803002119064331
Malicious,Malicious,1.0
Malicious,Malicious,0.8999582529067993
Malicious,Malicious,0.8077715039253235
Malicious,Malicious,0.9561265110969543
Malicious,Malicious,0.9418590068817139
Malicious,Malicious,0.7440533638000488
Malicious,Malicious,0.9129533767700195
Malicious,Malicious,0.8286612033843994
Malicious,Malicious,0.8400012850761414
Malicious,Malicious,1.0
Malicious,Malicious,0.819892942905426
Malicious,Malicious,0.7109692096710205
Malicious,Malicious,0.8801847100257874
Malicious,Malicious,0.8463159799575806
Malicious,Malicious,0.7459808588027954
Malicious,Malicious,0.8469716310501099
Malicious,Malicious,0.7462419271469116
Malicious,Malicious,0.7715563178062439
Malicious,Malicious,0.8294858932495117
Malicious,Malicious,0.9101075530052185
Malicious,Malicious,0.752310574054718
Malicious,Malicious,0.8069260120391846
Malicious,Malicious,0.9999939203262329
Malicious,Malicious,0.8706836700439453
Malicious,Malicious,0.8457511067390442
Malicious,Malicious,0.7377361059188843
Malicious,Malicious,0.765193521976471
Malicious,Malicious,0.8405095934867859
Malicious,Benign,0.43647128343582153
Malicious,Malicious,0.8503545522689819
Malicious,Malicious,0.8568766713142395
Malicious,Malicious,0.9069871306419373
Malicious,Malicious,0.8061720728874207
Malicious,Malicious,0.8845681548118591
Malicious,Malicious,0.8525004386901855
Malicious,Malicious,0.7297625541687012
Malicious,Malicious,1.0
Malicious,Malicious,0.8519988059997559
Malicious,Malicious,0.85935378074646
Malicious,Malicious,1.0
Malicious,Malicious,0.8378770351409912
Malicious,Malicious,0.8283209800720215
Malicious,Malicious,0.7875274419784546
Malicious,Malicious,0.8145918250083923
Malicious,Malicious,0.8871589303016663
Malicious,Malicious,0.9999999403953552
Malicious,Malicious,0.8693785071372986
Malicious,Malicious,0.8221330046653748
Malicious,Malicious,0.8352344036102295
Malicious,Malicious,0.7856497764587402
Malicious,Malicious,0.9562404155731201
Malicious,Malicious,0.8158448338508606
Malicious,Malicious,0.9999988079071045
Malicious,Malicious,0.8618095517158508
Malicious,Malicious,1.0
Malicious,Malicious,0.9228799343109131
Malicious,Malicious,0.805321991443634
Malicious,Malicious,0.8016542792320251
Malicious,Malicious,1.0
Malicious,Malicious,0.8876615166664124
Malicious,Malicious,0.765449047088623
Malicious,Malicious,0.8443540334701538
Malicious,Malicious,0.9999998807907104
Malicious,Malicious,0.750033438205719
Malicious,Malicious,0.8185492753982544
Malicious,Malicious,0.7635424733161926
Malicious,Malicious,0.8783703446388245
Malicious,Malicious,0.8698379993438721
Malicious,Malicious,0.8339231014251709
Malicious,Malicious,0.8183797001838684
Malicious,Malicious,0.7767309546470642
Malicious,Malicious,0.8223122358322144
Malicious,Benign,0.21854166686534882
Malicious,Malicious,0.9495387077331543
Malicious,Malicious,0.9858713150024414
Malicious,Malicious,0.811475932598114
Malicious,Malicious,0.8246961832046509
Malicious,Malicious,0.8027773499488831
Malicious,Malicious,0.8151749968528748
Malicious,Malicious,0.760794460773468
Malicious,Malicious,0.8400024175643921
Malicious,Malicious,0.8062402009963989
Malicious,Malicious,0.8123180866241455
Malicious,Malicious,0.840157687664032
Malicious,Malicious,0.836600124835968
Malicious,Malicious,0.7295442819595337
Malicious,Malicious,0.857568085193634
Malicious,Malicious,0.7922464609146118
Malicious,Malicious,0.8263729810714722
Malicious,Malicious,0.7973583340644836
Malicious,Malicious,0.8282739520072937
Malicious,Malicious,1.0
Malicious,Malicious,0.5092383027076721
Malicious,Malicious,0.8944235444068909
Malicious,Malicious,0.882323145866394
Malicious,Malicious,0.7577087879180908
Malicious,Malicious,0.7592617273330688
Malicious,Malicious,0.8088648319244385
Malicious,Malicious,1.0
Malicious,Malicious,0.8237366080284119
Malicious,Malicious,0.8643404841423035
Malicious,Malicious,0.8269814848899841
Malicious,Malicious,0.9999943971633911
Malicious,Malicious,0.7726307511329651
Malicious,Malicious,0.8768655061721802
Malicious,Malicious,0.8709096312522888
Malicious,Malicious,0.787822425365448
Malicious,Malicious,0.8058018088340759
Malicious,Malicious,0.8590888977050781
Malicious,Malicious,0.9088873863220215
Malicious,Malicious,0.8159259557723999
Malicious,Malicious,0.824865996837616
Malicious,Malicious,0.8464680314064026
Malicious,Malicious,0.7805805802345276
Malicious,Malicious,0.82588791847229
Malicious,Malicious,0.8634541630744934
Malicious,Malicious,0.8131946921348572
Malicious,Malicious,0.8605281710624695
Malicious,Malicious,1.0
Malicious,Malicious,0.8339608907699585
Malicious,Malicious,0.8880296349525452
Malicious,Malicious,0.8128527402877808
Malicious,Malicious,0.8283048868179321
Malicious,Benign,0.4145077168941498
Malicious,Malicious,0.7132620215415955
Malicious,Malicious,1.0
Malicious,Malicious,0.782161295413971
Malicious,Malicious,0.8426098823547363
Malicious,Malicious,0.8326559662818909
Malicious,Malicious,0.6979795098304749
Malicious,Malicious,0.8714448809623718
Malicious,Malicious,0.842852771282196
Malicious,Malicious,0.8887501358985901
Malicious,Malicious,0.6931015253067017
Malicious,Malicious,0.6955071687698364
Malicious,Malicious,0.8668894171714783
Malicious,Malicious,0.8521179556846619
Malicious,Malicious,0.8539072871208191
Malicious,Malicious,0.5573939085006714
Malicious,Malicious,0.7228829264640808
Malicious,Malicious,0.7602106928825378
Malicious,Malicious,0.8302183747291565
Malicious,Malicious,0.8839246034622192
Malicious,Malicious,0.7606239318847656
Malicious,Malicious,1.0
Malicious,Malicious,0.7498505711555481
Malicious,Malicious,0.8455877900123596
Malicious,Malicious,0.8484092950820923
Malicious,Malicious,0.9999994039535522
Malicious,Malicious,0.8646103143692017
Malicious,Malicious,0.877976655960083
Malicious,Malicious,0.7898489236831665
Malicious,Malicious,0.7131171822547913
Malicious,Malicious,0.8999671339988708
Malicious,Malicious,0.9999997615814209
Malicious,Malicious,0.80698162317276
Malicious,Malicious,0.8452827334403992
Malicious,Malicious,0.8736903667449951
Malicious,Malicious,0.9035562872886658
Malicious,Malicious,0.8176715970039368
Malicious,Malicious,0.7203506231307983
Malicious,Malicious,0.8692049384117126
Malicious,Malicious,0.876664936542511
Malicious,Malicious,0.8109323382377625
Malicious,Malicious,0.9841170310974121
Malicious,Malicious,0.8061032295227051
Malicious,Malicious,0.8199999928474426
Malicious,Malicious,0.9064253568649292
Malicious,Malicious,0.5610429644584656
Malicious,Malicious,0.9284572005271912
Malicious,Malicious,0.764233410358429
Malicious,Malicious,0.8494926691055298
Malicious,Malicious,0.8498843908309937
Malicious,Malicious,0.8460227847099304
Malicious,Malicious,0.9036881327629089
Malicious,Malicious,0.8299804925918579
Malicious,Malicious,0.8308767080307007
Malicious,Malicious,0.9026696085929871
Malicious,Malicious,0.7861610054969788
Malicious,Malicious,0.812111496925354
Malicious,Malicious,0.8154674768447876
Malicious,Malicious,0.7934492826461792
Malicious,Malicious,0.8843656182289124
Malicious,Malicious,0.7586538195610046
Malicious,Malicious,0.8718008995056152
Malicious,Malicious,0.7526227235794067
Malicious,Malicious,0.8145731687545776
Malicious,Malicious,0.8120765089988708
Malicious,Malicious,0.7839640974998474
Malicious,Malicious,0.8098049163818359
Malicious,Malicious,0.89741450548172
Malicious,Malicious,0.9731155633926392
Malicious,Malicious,0.8828523755073547
Malicious,Malicious,0.707865834236145
Malicious,Malicious,0.8389551639556885
Malicious,Malicious,0.8103148937225342
Malicious,Malicious,1.0
Malicious,Malicious,0.8153814077377319
Malicious,Malicious,0.8824924230575562
Malicious,Malicious,0.7485222816467285
Malicious,Malicious,0.8594450950622559
Malicious,Malicious,0.9030107855796814
Malicious,Malicious,0.9148096442222595
Malicious,Malicious,0.8160895705223083
Malicious,Benign,0.22552704811096191
Malicious,Malicious,0.7794250845909119
Malicious,Malicious,0.8066074848175049
Malicious,Malicious,0.9752718806266785
Malicious,Malicious,0.7833359241485596
Malicious,Malicious,0.9049016833305359
Malicious,Malicious,0.8515234589576721
Malicious,Malicious,0.8613019585609436
Malicious,Malicious,0.8238064050674438
Malicious,Malicious,0.711089551448822
Malicious,Malicious,0.7587370276451111
Malicious,Malicious,0.8695290684700012
Malicious,Malicious,0.8548719882965088
Malicious,Malicious,0.7463629841804504
Malicious,Malicious,0.7972972393035889
Malicious,Malicious,0.9553551077842712
Malicious,Malicious,0.9691109657287598
Malicious,Malicious,0.7986161708831787
Malicious,Malicious,0.8394396901130676
Malicious,Malicious,0.984927773475647
Malicious,Malicious,1.0
Malicious,Malicious,0.8281337022781372
Malicious,Malicious,0.7004234194755554
Malicious,Malicious,0.9873517155647278
Malicious,Malicious,0.7963905334472656
Malicious,Malicious,0.7759796380996704
Malicious,Malicious,0.8589757680892944
Malicious,Benign,0.2900257408618927
Malicious,Malicious,1.0
Malicious,Malicious,0.8024306297302246
Malicious,Benign,0.4372962415218353
Malicious,Malicious,0.878086507320404
Malicious,Malicious,0.8706039190292358
Malicious,Malicious,0.7924907803535461
Malicious,Malicious,0.8175880908966064
Malicious,Malicious,0.8555005788803101
Malicious,Malicious,0.7643420696258545
Malicious,Malicious,0.9179325699806213
Malicious,Malicious,0.8315178751945496
Malicious,Malicious,0.8111057877540588
Malicious,Malicious,1.0
Malicious,Malicious,0.8089731931686401
Malicious,Malicious,0.8561761975288391
Malicious,Malicious,0.79184889793396
Malicious,Malicious,1.0
Malicious,Malicious,0.8461419939994812
Malicious,Malicious,0.9028107523918152
Malicious,Malicious,0.7139143943786621
Malicious,Malicious,0.8259064555168152
Malicious,Malicious,0.7348178029060364
Malicious,Malicious,0.8366153836250305
Malicious,Malicious,1.0
Malicious,Malicious,0.8701379299163818
Malicious,Malicious,0.8069416880607605
Malicious,Malicious,0.7917001843452454
Malicious,Malicious,0.776761531829834
Malicious,Malicious,0.792586088180542
Malicious,Malicious,0.8598854541778564
Malicious,Malicious,0.8200982809066772
Malicious,Malicious,0.7715561389923096
Malicious,Malicious,0.8152892589569092
Malicious,Malicious,0.7706854939460754
Malicious,Malicious,0.8049968481063843
Malicious,Malicious,0.797946035861969
Malicious,Malicious,0.8365001678466797
Malicious,Malicious,0.9999999403953552
Malicious,Malicious,0.8431452512741089
Malicious,Malicious,1.0
Malicious,Malicious,0.7166076898574829
Malicious,Malicious,0.8354509472846985
Malicious,Malicious,0.8397563099861145
Malicious,Malicious,0.6711751222610474
Malicious,Malicious,0.8321382403373718
Malicious,Malicious,0.8382226228713989
Malicious,Malicious,0.8379725217819214
Malicious,Malicious,0.7924536466598511
Malicious,Malicious,0.8144070506095886
Malicious,Malicious,0.776297926902771
Malicious,Malicious,0.7897570729255676
Malicious,Malicious,0.8955088257789612
Malicious,Malicious,0.7536385655403137
Malicious,Malicious,0.8248181939125061
Malicious,Malicious,0.8597545623779297
Malicious,Malicious,0.8718962073326111
Malicious,Malicious,0.8797265291213989
Malicious,Malicious,0.7873799204826355
Malicious,Malicious,0.8208171129226685
Malicious,Malicious,0.7817463874816895
Malicious,Malicious,0.8576581478118896
Malicious,Malicious,0.7832672595977783
Malicious,Malicious,0.9573115110397339
Malicious,Malicious,1.0
Malicious,Malicious,0.7811881303787231
Malicious,Malicious,0.8522235751152039
Malicious,Malicious,0.8104605078697205
Malicious,Malicious,0.7543253302574158
Malicious,Malicious,1.0
Malicious,Malicious,0.8289903402328491
Malicious,Malicious,0.8830622434616089
Malicious,Malicious,0.8205917477607727
Malicious,Malicious,0.8102930188179016
Malicious,Malicious,0.7791928052902222
Malicious,Malicious,0.8448132872581482
Malicious,Malicious,0.885841429233551
Malicious,Malicious,1.0
Malicious,Malicious,0.8567659854888916
Malicious,Malicious,0.8702150583267212
Malicious,Malicious,0.8590603470802307
Malicious,Malicious,0.9510934352874756
Malicious,Benign,0.2979261577129364
Malicious,Malicious,0.8196357488632202
Malicious,Malicious,0.808966875076294
Malicious,Malicious,0.8001098036766052
Malicious,Malicious,0.9236127138137817
Malicious,Benign,0.290995717048645
Malicious,Malicious,0.783737301826477
Malicious,Malicious,0.7783536911010742
Malicious,Malicious,0.9999986886978149
Malicious,Malicious,0.8339157104492188
Malicious,Malicious,0.779679536819458
Malicious,Malicious,0.8423861861228943
Malicious,Malicious,0.966254472732544
Malicious,Malicious,0.7985225915908813
Malicious,Malicious,0.7441291809082031
Malicious,Malicious,0.8377460837364197
Malicious,Malicious,0.7371250987052917
Malicious,Malicious,0.7638022303581238
Malicious,Malicious,0.8622783422470093
Malicious,Malicious,0.7628155946731567
Malicious,Malicious,0.8644373416900635
Malicious,Malicious,0.775021493434906
Malicious,Malicious,0.7908252477645874
Malicious,Malicious,0.8075565099716187
Malicious,Malicious,0.9999927878379822
Malicious,Malicious,0.7632980346679688
Malicious,Malicious,0.7893714904785156
Malicious,Malicious,0.8873331546783447
Malicious,Malicious,0.856208086013794
Malicious,Malicious,0.845479428768158
Malicious,Benign,0.4798775613307953
Malicious,Malicious,1.0
Malicious,Malicious,0.817596435546875
Malicious,Malicious,0.8237167000770569
Malicious,Malicious,0.8474016189575195
Malicious,Malicious,0.7080496549606323
Malicious,Malicious,0.9675664305686951
Malicious,Malicious,0.8282269835472107
Malicious,Malicious,0.7998529672622681
Malicious,Malicious,0.8733285665512085
Malicious,Malicious,0.8767113089561462
Malicious,Malicious,0.7493693232536316
Malicious,Malicious,0.7958670854568481
Malicious,Malicious,0.7675895690917969
Malicious,Malicious,0.8864814639091492
Malicious,Malicious,0.9131880402565002
Malicious,Malicious,0.8436495661735535
Malicious,Malicious,0.7370909452438354
Malicious,Malicious,0.7960094809532166
Malicious,Malicious,0.7260737419128418
Malicious,Malicious,0.7873030304908752
Malicious,Malicious,0.803100049495697
Malicious,Malicious,0.8680229187011719
Malicious,Malicious,0.8427407145500183
Malicious,Malicious,0.7939626574516296
Malicious,Malicious,0.7942415475845337
Malicious,Benign,0.352372407913208
Malicious,Malicious,0.910709023475647
Malicious,Malicious,0.7599604725837708
Malicious,Malicious,0.8392997980117798
Malicious,Malicious,0.8445048928260803
Malicious,Malicious,0.994301974773407
Malicious,Malicious,0.826466977596283
Malicious,Benign,0.3291316032409668
Malicious,Malicious,0.8587236404418945
Malicious,Malicious,0.7998847961425781
Malicious,Malicious,0.7716401815414429
Malicious,Malicious,0.8507089018821716
Malicious,Malicious,0.7929507493972778
Malicious,Malicious,0.8634429574012756
Malicious,Malicious,0.9411593079566956
Malicious,Malicious,0.7514771223068237
Malicious,Malicious,0.7154999375343323
Malicious,Malicious,0.6749841570854187
Malicious,Malicious,0.8816774487495422
Malicious,Malicious,0.9847404956817627
Malicious,Malicious,0.9070118069648743
Malicious,Malicious,0.7998963594436646
Malicious,Malicious,0.8727134466171265
Malicious,Malicious,0.7928204536437988
Malicious,Malicious,0.9710375666618347
Malicious,Malicious,1.0
Malicious,Malicious,0.8557615280151367
Malicious,Malicious,0.9596369862556458
Malicious,Malicious,0.8237900733947754
Malicious,Malicious,0.7960850596427917
Malicious,Malicious,0.8450866341590881
Malicious,Malicious,0.9477993249893188
Malicious,Malicious,0.9999895691871643
Malicious,Malicious,0.7263916730880737
Malicious,Malicious,0.8808704614639282
Malicious,Malicious,0.8179920315742493
Malicious,Malicious,0.8056578040122986
Malicious,Malicious,0.8437169194221497
Malicious,Malicious,0.8400766849517822
Malicious,Malicious,0.7817733883857727
Malicious,Malicious,0.7657056450843811
Malicious,Malicious,0.8425491452217102
Malicious,Malicious,0.8768345713615417
Malicious,Malicious,0.9999998807907104
Malicious,Malicious,0.7742651700973511
Malicious,Malicious,0.8159221410751343
Malicious,Malicious,0.8330684900283813
Malicious,Malicious,1.0
Malicious,Malicious,0.7514976263046265
Malicious,Malicious,0.8628785014152527
Malicious,Malicious,0.7880291938781738
Malicious,Malicious,0.8744087219238281
Malicious,Malicious,0.825053334236145
Malicious,Malicious,0.7898720502853394
Malicious,Malicious,0.831602931022644
Malicious,Malicious,0.8227331638336182
Malicious,Malicious,0.8400148153305054
Malicious,Malicious,0.8662074208259583
Malicious,Malicious,0.7841678857803345
Malicious,Malicious,0.7992669939994812
Malicious,Malicious,0.8076390624046326
Malicious,Malicious,0.8597825765609741
Malicious,Malicious,0.9896936416625977
Malicious,Malicious,0.8787866830825806
Malicious,Malicious,0.9939749836921692
Malicious,Malicious,0.7406516075134277
Malicious,Malicious,0.850409746170044
Malicious,Malicious,0.9762035012245178
Malicious,Malicious,0.7863388061523438
Malicious,Malicious,0.9024637341499329
Malicious,Malicious,0.8986926674842834
Malicious,Malicious,0.8154526948928833
Malicious,Malicious,0.8116545677185059
Malicious,Malicious,0.7873820066452026
Malicious,Malicious,0.7864677309989929
Malicious,Malicious,0.8697686791419983
Malicious,Benign,0.05545967072248459
Malicious,Malicious,0.8103644847869873
Malicious,Malicious,0.8329403400421143
Malicious,Malicious,0.6859961152076721
Malicious,Malicious,0.8240866661071777
Malicious,Malicious,0.9999945163726807
Malicious,Malicious,0.8654128313064575
Malicious,Malicious,0.7763876914978027
Malicious,Malicious,0.802154004573822
Malicious,Malicious,0.8833179473876953
Malicious,Malicious,0.8367724418640137
Malicious,Malicious,0.8841201066970825
Malicious,Malicious,0.8602651357650757
Malicious,Malicious,0.8664255142211914
Malicious,Malicious,1.0
Malicious,Malicious,0.7837693691253662
Malicious,Malicious,0.8765076398849487
Malicious,Malicious,0.7563232779502869
Malicious,Malicious,0.7933943271636963
Malicious,Malicious,0.930752694606781
Malicious,Malicious,0.8287259340286255
Malicious,Malicious,0.8000581860542297
Malicious,Malicious,0.8129491806030273
Malicious,Malicious,0.8142220973968506
Malicious,Malicious,0.8723103404045105
Malicious,Malicious,0.8108323812484741
Malicious,Malicious,0.7919213771820068
Malicious,Malicious,0.8661877512931824
Malicious,Malicious,0.8534371852874756
Malicious,Malicious,0.6164474487304688
Malicious,Malicious,0.8911497592926025
Malicious,Benign,0.018513452261686325
Malicious,Malicious,0.826282799243927
Malicious,Malicious,0.8125479221343994
Malicious,Benign,0.33589914441108704
Malicious,Benign,0.3574545383453369
Malicious,Malicious,0.9819037318229675
Malicious,Malicious,1.0
Malicious,Malicious,0.8165871500968933
Malicious,Malicious,1.0
Malicious,Malicious,0.8643949031829834
Malicious,Malicious,0.8107174038887024
Malicious,Malicious,0.8497628569602966
Malicious,Malicious,0.9999947547912598
Malicious,Malicious,0.824027419090271
Malicious,Malicious,0.9067426323890686
Malicious,Malicious,0.8083646297454834
Malicious,Malicious,0.7574668526649475
Malicious,Malicious,0.7988878488540649
Malicious,Malicious,0.9598650932312012
Malicious,Malicious,0.8190205693244934
Malicious,Malicious,0.8208858370780945
Malicious,Malicious,0.7669753432273865
Malicious,Malicious,0.7999316453933716
Malicious,Malicious,0.9999929070472717
Malicious,Benign,0.38764509558677673
Malicious,Malicious,0.895923376083374
Malicious,Malicious,1.0
Malicious,Malicious,0.9999995231628418
Malicious,Malicious,0.8038759827613831
Malicious,Benign,0.010421817190945148
Malicious,Malicious,1.0
Malicious,Malicious,0.7805343270301819
Malicious,Malicious,0.8323118686676025
Malicious,Malicious,0.7579898238182068
Malicious,Malicious,0.8022580742835999
Malicious,Malicious,0.9999942183494568
Malicious,Malicious,0.7699130177497864
Malicious,Malicious,0.5956251621246338
Malicious,Malicious,0.7499316334724426
Malicious,Malicious,0.7874590754508972
Malicious,Malicious,0.8799102306365967
Malicious,Malicious,0.7749179601669312
Malicious,Malicious,0.758004367351532
Malicious,Malicious,0.7045848369598389
Malicious,Malicious,0.8872549533843994
Malicious,Malicious,0.9586083889007568
Malicious,Malicious,0.8096615672111511
Malicious,Malicious,0.8808104395866394
Malicious,Malicious,1.0
Malicious,Malicious,0.7245442867279053
Malicious,Malicious,0.707541823387146
Malicious,Malicious,0.9999741315841675
Malicious,Malicious,0.9785628914833069
Malicious,Malicious,0.9999836087226868
Malicious,Malicious,0.8608202934265137
Malicious,Benign,0.396579384803772
Malicious,Malicious,0.7972609996795654
Malicious,Malicious,0.7832629680633545
Malicious,Malicious,0.8582873940467834
Malicious,Malicious,0.8437027335166931
Malicious,Malicious,0.819341778755188
Malicious,Malicious,0.8155795335769653
Malicious,Malicious,1.0
Malicious,Malicious,0.8133426904678345
Malicious,Malicious,0.8576986789703369
Malicious,Malicious,0.7472769021987915
Malicious,Malicious,0.8167194128036499
Malicious,Malicious,0.7203261852264404
Malicious,Malicious,0.8899351954460144
Malicious,Malicious,0.8828490972518921
Malicious,Malicious,0.9999998807907104
Malicious,Malicious,0.7704800367355347
Malicious,Malicious,0.7679024338722229
Malicious,Malicious,0.8526303768157959
Malicious,Malicious,0.8288931250572205
Malicious,Malicious,0.7860698699951172
Malicious,Malicious,0.8089548945426941
Malicious,Malicious,0.9213409423828125
Malicious,Malicious,0.8671174645423889
Malicious,Malicious,0.7000926733016968
Malicious,Malicious,0.9905532598495483
Malicious,Malicious,0.8142371773719788
Malicious,Malicious,0.7933194637298584
Malicious,Malicious,0.8135391473770142
Malicious,Malicious,0.8537337183952332
Malicious,Benign,0.42024385929107666
Malicious,Malicious,0.8079235553741455
Malicious,Malicious,0.8125981688499451
Malicious,Malicious,0.8601565361022949
Malicious,Malicious,0.8775493502616882
Malicious,Malicious,0.8268187046051025
Malicious,Malicious,0.8329575657844543
Malicious,Malicious,0.8386627435684204
Malicious,Malicious,0.7458767294883728
Malicious,Malicious,0.8142222166061401
Malicious,Malicious,0.7283352017402649
Malicious,Malicious,0.9315455555915833
Malicious,Malicious,0.8262761235237122
Malicious,Malicious,0.8606844544410706
Malicious,Malicious,0.7583205103874207
Malicious,Malicious,0.7581505179405212
Malicious,Malicious,0.835675060749054
Malicious,Malicious,0.7893760204315186
Malicious,Malicious,0.7761511206626892
Malicious,Malicious,0.8750261664390564
Malicious,Benign,0.2372860610485077
Malicious,Malicious,0.8395920991897583
Malicious,Malicious,0.7878782749176025
Malicious,Malicious,0.7756937742233276
Malicious,Malicious,0.9135161638259888
Malicious,Malicious,0.8945375680923462
Malicious,Malicious,0.855816125869751
Malicious,Malicious,0.7552757859230042
Malicious,Malicious,0.8953334093093872
Malicious,Malicious,0.9029178023338318
Malicious,Malicious,0.8914607167243958
Malicious,Malicious,0.8042521476745605
Malicious,Malicious,1.0
Malicious,Benign,0.2155909687280655
Malicious,Malicious,0.881433367729187
Malicious,Malicious,0.6703678369522095
Malicious,Malicious,0.775272011756897
Malicious,Malicious,0.888002336025238
Malicious,Malicious,0.8970188498497009
Malicious,Malicious,0.7905998229980469
Malicious,Malicious,0.6976187229156494
Malicious,Malicious,0.76842200756073
Malicious,Malicious,0.8662778735160828
Malicious,Malicious,0.9833399057388306
Malicious,Malicious,0.7856991291046143
Malicious,Malicious,0.967479944229126
Malicious,Malicious,0.8796694278717041
Malicious,Malicious,0.859588086605072
Malicious,Malicious,0.95969158411026
Malicious,Malicious,0.7835755348205566
Malicious,Malicious,0.8426860570907593
Malicious,Malicious,0.7710623145103455
Malicious,Malicious,0.8593117594718933
Malicious,Malicious,0.7663313746452332
Malicious,Malicious,0.8489670157432556
Malicious,Malicious,0.778413712978363
Malicious,Malicious,0.9827455878257751
Malicious,Malicious,0.7971742749214172
Malicious,Malicious,0.8437479734420776
Malicious,Malicious,0.845154345035553
Malicious,Malicious,0.8161148428916931
Malicious,Malicious,0.8252310752868652
Malicious,Malicious,0.8773448467254639
Malicious,Malicious,0.7707008123397827
Malicious,Malicious,0.7888246178627014
Malicious,Malicious,0.8661312460899353
Malicious,Malicious,0.8368245363235474
Malicious,Malicious,0.8355980515480042
Malicious,Malicious,0.8553125858306885
Malicious,Malicious,0.7294597625732422
Malicious,Malicious,0.5094279646873474
Malicious,Malicious,0.7582120299339294
Malicious,Malicious,0.8618965744972229
Malicious,Malicious,0.8216472268104553
Malicious,Malicious,0.8147428035736084
Malicious,Malicious,0.8596780896186829
Malicious,Malicious,1.0
Malicious,Malicious,0.743585467338562
Malicious,Malicious,0.7683188915252686
Malicious,Malicious,0.8734549880027771
Malicious,Benign,0.010546166449785233
Malicious,Malicious,0.9999989867210388
Malicious,Malicious,0.947726309299469
Malicious,Malicious,0.7457743883132935
Malicious,Malicious,0.867211639881134
Malicious,Malicious,0.8549572825431824
Malicious,Malicious,0.8173719048500061
Malicious,Malicious,0.9731109142303467
Malicious,Malicious,0.8980692625045776
Malicious,Malicious,0.7901910543441772
Malicious,Malicious,0.7791833281517029
Malicious,Malicious,0.9999997019767761
Malicious,Malicious,1.0
Malicious,Malicious,0.7889723777770996
Malicious,Malicious,0.8133493065834045
Malicious,Malicious,0.8302284479141235
Malicious,Malicious,0.7681896090507507
Malicious,Malicious,0.7600151896476746
Malicious,Malicious,0.8162655830383301
Malicious,Malicious,0.7951218485832214
Malicious,Malicious,0.8355459570884705
Malicious,Malicious,0.7013399600982666
Malicious,Malicious,0.8928232192993164
Malicious,Malicious,0.8034677505493164
Malicious,Malicious,0.7475313544273376
Malicious,Malicious,0.8518980145454407
Malicious,Malicious,0.8699937462806702
Malicious,Malicious,0.8689854741096497
Malicious,Malicious,0.8331794738769531
Malicious,Benign,0.3513667583465576
Malicious,Malicious,0.8824778199195862
Malicious,Malicious,0.9243164658546448
Malicious,Malicious,0.7716389894485474
Malicious,Malicious,0.8417712450027466
Malicious,Malicious,0.8758874535560608
Malicious,Malicious,0.817693829536438
Malicious,Malicious,0.8592270016670227
Malicious,Malicious,0.5536561012268066
Malicious,Malicious,0.8049129843711853
Malicious,Malicious,0.8986554145812988
Malicious,Malicious,0.7974539995193481
Malicious,Malicious,0.8069997429847717
Malicious,Malicious,0.8529717922210693
Malicious,Malicious,0.8386196494102478
Malicious,Malicious,0.8418468236923218
Malicious,Malicious,1.0
Malicious,Malicious,0.8311795592308044
Malicious,Malicious,0.7827104330062866
Malicious,Malicious,0.8272678256034851
Malicious,Malicious,0.8394838571548462
Malicious,Malicious,0.8357520699501038
Malicious,Malicious,0.851635754108429
Malicious,Malicious,0.7732924818992615
Malicious,Malicious,0.8192404508590698
Malicious,Malicious,0.7203385829925537
Malicious,Malicious,1.0
Malicious,Malicious,0.8743823766708374
Malicious,Malicious,0.8096258044242859
Malicious,Malicious,0.8176735043525696
Malicious,Malicious,0.8363962769508362
Malicious,Malicious,0.8115489482879639
Malicious,Malicious,0.8310015201568604
Malicious,Malicious,0.8449415564537048
Malicious,Malicious,0.8383923172950745
Malicious,Malicious,0.8154025077819824
Malicious,Malicious,0.8608249425888062
Malicious,Malicious,0.8408488035202026
Malicious,Malicious,0.8720149993896484
Malicious,Malicious,0.8328724503517151
Malicious,Malicious,0.8488560914993286
Malicious,Malicious,0.8242846727371216
Malicious,Malicious,0.8389176726341248
Malicious,Malicious,1.0
Malicious,Malicious,0.8366453051567078
Malicious,Malicious,0.7394064664840698
Malicious,Malicious,0.778239369392395
Malicious,Malicious,0.8246476650238037
Malicious,Malicious,0.8119537234306335
Malicious,Malicious,0.9260044693946838
Malicious,Malicious,0.755631148815155
Malicious,Malicious,0.8446999788284302
Malicious,Malicious,0.8361755609512329
Malicious,Malicious,0.8416659235954285
Malicious,Malicious,0.8637570142745972
Malicious,Malicious,0.9429023861885071
Malicious,Malicious,0.8342670202255249
Malicious,Malicious,0.9037328958511353
Malicious,Malicious,0.9154488444328308
Malicious,Malicious,0.9577147364616394
Malicious,Malicious,0.8927908539772034
Malicious,Malicious,0.7301693558692932
Malicious,Malicious,0.7890434861183167
Malicious,Malicious,0.8166597485542297
Malicious,Malicious,0.8529447913169861
Malicious,Malicious,0.8757357001304626
Malicious,Malicious,0.8183358311653137
Malicious,Malicious,0.7648943662643433
Malicious,Malicious,0.8263312578201294
Malicious,Malicious,0.8498281240463257
Malicious,Malicious,0.8214442729949951
Malicious,Malicious,0.9999999403953552
Malicious,Malicious,0.5547980666160583
Malicious,Benign,0.41125407814979553
Malicious,Malicious,1.0
Malicious,Malicious,0.9239980578422546
Malicious,Malicious,0.8579457998275757
Malicious,Malicious,0.7890937328338623
Malicious,Malicious,0.8198956251144409
Malicious,Malicious,0.8438597917556763
Malicious,Malicious,0.677308976650238
Malicious,Malicious,0.7808954119682312
Malicious,Malicious,0.8676373362541199
Malicious,Malicious,0.8088821768760681
Malicious,Malicious,0.7295550107955933
Malicious,Malicious,0.8545560836791992
Malicious,Malicious,0.7598950266838074
Malicious,Malicious,0.9021337628364563
Malicious,Malicious,0.8414057493209839
Malicious,Malicious,0.9800332188606262
Malicious,Malicious,0.8031563758850098
Malicious,Malicious,0.8035737872123718
Malicious,Malicious,0.8390623331069946
Malicious,Malicious,0.8161376118659973
Malicious,Malicious,0.7889933586120605
Malicious,Malicious,0.8764402866363525
Malicious,Malicious,0.7794392108917236
Malicious,Malicious,0.8486588597297668
Malicious,Malicious,0.7292374968528748
Malicious,Malicious,0.9999951124191284
Malicious,Malicious,1.0
Malicious,Malicious,0.7446662187576294
Malicious,Malicious,0.821269154548645
Malicious,Malicious,0.8030959963798523
Malicious,Malicious,0.8610258102416992
Malicious,Malicious,0.8352953195571899
Malicious,Malicious,0.8861716389656067
Malicious,Malicious,0.825867772102356
Malicious,Malicious,0.7558226585388184
Malicious,Malicious,0.8399775624275208
Malicious,Malicious,0.8663069009780884
Malicious,Malicious,0.9815391302108765
Malicious,Benign,0.311231404542923
Malicious,Malicious,0.7803925275802612
Malicious,Malicious,0.8239025473594666
Malicious,Malicious,0.8501105904579163
Malicious,Malicious,0.899093508720398
Malicious,Malicious,0.8250678777694702
Malicious,Malicious,0.8124967217445374
Malicious,Malicious,0.8027927875518799
Malicious,Malicious,1.0
Malicious,Malicious,0.7624298930168152
Malicious,Malicious,0.7649769186973572
Malicious,Malicious,0.8353800177574158
Malicious,Malicious,0.8400516510009766
Malicious,Malicious,0.8758966326713562
Malicious,Malicious,0.7778555154800415
Malicious,Malicious,0.8403423428535461
Malicious,Benign,0.4220361113548279
Malicious,Malicious,0.536462664604187
Malicious,Malicious,0.7105677723884583
Malicious,Malicious,0.863849401473999
Malicious,Malicious,0.8337353467941284
Malicious,Malicious,0.8589818477630615
Malicious,Malicious,0.7141880989074707
Malicious,Malicious,0.7983281016349792
Malicious,Malicious,0.8076348900794983
Malicious,Malicious,0.7262617945671082
Malicious,Malicious,0.8287128806114197
Malicious,Malicious,0.8646103143692017
Malicious,Malicious,0.8030998110771179
Malicious,Malicious,0.8720905780792236
Malicious,Malicious,0.8060387372970581
Malicious,Malicious,0.7926758527755737
Malicious,Malicious,0.792025625705719
Malicious,Malicious,0.8186221718788147
Malicious,Malicious,0.8741422295570374
Malicious,Malicious,0.7723705768585205
Malicious,Malicious,0.8010576367378235
Malicious,Malicious,0.8272207975387573
Malicious,Malicious,0.8091378808021545
Malicious,Malicious,0.7922343611717224
Malicious,Malicious,0.8655874133110046
Malicious,Malicious,0.9651685953140259
Malicious,Malicious,0.8926221132278442
Malicious,Malicious,1.0
Malicious,Malicious,0.773942768573761
Malicious,Malicious,0.7613851428031921
Malicious,Malicious,0.893172562122345
Malicious,Malicious,0.8059056997299194
Malicious,Benign,0.44399070739746094
Malicious,Malicious,0.8145423531532288
Malicious,Malicious,0.9136567711830139
Malicious,Malicious,0.7734347581863403
Malicious,Malicious,0.7638857960700989
Malicious,Malicious,0.8219765424728394
Malicious,Malicious,0.8169344067573547
Malicious,Malicious,0.8774293661117554
Malicious,Malicious,0.7605755925178528
Malicious,Malicious,0.8987885117530823
Malicious,Malicious,0.7526341080665588
Malicious,Malicious,0.797376811504364
Malicious,Malicious,1.0
Malicious,Malicious,0.8022043108940125
Malicious,Malicious,0.7917451858520508
Malicious,Malicious,0.8151161670684814
Malicious,Malicious,0.7843425273895264
Malicious,Malicious,0.8598847389221191
Malicious,Malicious,0.7635029554367065
Malicious,Malicious,0.8910585641860962
Malicious,Malicious,0.7722501754760742
Malicious,Malicious,0.8138238191604614
Malicious,Malicious,0.8293994069099426
Malicious,Benign,0.2977573573589325
Malicious,Malicious,0.8234435319900513
Malicious,Malicious,0.8180010318756104
Malicious,Malicious,0.8301076889038086
Malicious,Benign,0.17485666275024414
Malicious,Malicious,0.7949175834655762
Malicious,Malicious,0.8831645250320435
Malicious,Malicious,0.7789074778556824
Malicious,Malicious,0.9332213401794434
Malicious,Malicious,0.7689003944396973
Malicious,Malicious,0.8490734696388245
Malicious,Malicious,0.986198902130127
Malicious,Malicious,0.8128847479820251
Malicious,Malicious,0.7468937039375305
Malicious,Malicious,0.7893906831741333
Malicious,Malicious,0.7819865942001343
Malicious,Malicious,0.8322687745094299
Malicious,Malicious,0.7905263304710388
Malicious,Malicious,0.8431459069252014
Malicious,Malicious,0.8558376431465149
Malicious,Malicious,0.7560245394706726
Malicious,Malicious,0.7782513499259949
Malicious,Malicious,0.8864095211029053
Malicious,Malicious,0.8728644251823425
Malicious,Malicious,0.7844278812408447
Malicious,Malicious,0.7992825508117676
Malicious,Malicious,0.8474832773208618
Malicious,Malicious,0.835160493850708
Malicious,Malicious,0.8864524960517883
Malicious,Malicious,0.8620863556861877
Malicious,Malicious,0.8447265028953552
Malicious,Malicious,0.8108085989952087
Malicious,Malicious,0.866105854511261
Malicious,Malicious,0.7888529300689697
Malicious,Malicious,0.8628556728363037
Malicious,Malicious,0.8488019704818726
Malicious,Malicious,0.8433524966239929
Malicious,Malicious,0.8395787477493286
Malicious,Malicious,0.9569578766822815
Malicious,Malicious,0.8927890658378601
Malicious,Malicious,0.831173300743103
Malicious,Malicious,0.7388206124305725
Malicious,Malicious,0.8634887933731079
Malicious,Malicious,0.8381750583648682
Malicious,Malicious,0.6970880627632141
Malicious,Malicious,0.7719536423683167
Malicious,Malicious,0.9090209007263184
Malicious,Malicious,0.8950455188751221
Malicious,Malicious,0.8666949272155762
Malicious,Malicious,0.8259934782981873
Malicious,Malicious,0.9739912152290344
Malicious,Malicious,0.7973469495773315
Malicious,Malicious,0.8693322539329529
Malicious,Malicious,0.8224660754203796
Malicious,Malicious,0.8522089719772339
Malicious,Benign,0.0
Malicious,Malicious,0.8499969840049744
Malicious,Malicious,0.8421370983123779
Malicious,Malicious,0.9146828651428223
Malicious,Malicious,0.7345926761627197
Malicious,Malicious,0.7975895404815674
Malicious,Malicious,0.8532280325889587
Malicious,Malicious,0.9740285277366638
Malicious,Malicious,0.9999992847442627
Malicious,Malicious,0.74331134557724
Malicious,Malicious,0.9458601474761963
Malicious,Malicious,0.90671706199646
Malicious,Malicious,0.8050156235694885
Malicious,Malicious,0.7740151286125183
Malicious,Malicious,0.7680492401123047
Malicious,Malicious,0.9999997615814209
Malicious,Malicious,0.8728439211845398
Malicious,Malicious,0.8342102766036987
Malicious,Malicious,0.8537032604217529
Malicious,Malicious,0.8847492933273315
Malicious,Malicious,0.8302328586578369
Malicious,Malicious,0.7396853566169739
Malicious,Malicious,0.7593872547149658
Malicious,Malicious,0.8690606355667114
Malicious,Malicious,0.7195900678634644
Malicious,Malicious,0.8890597224235535
Malicious,Malicious,0.8319413065910339
Malicious,Malicious,0.8109999895095825
Malicious,Malicious,0.824438214302063
Malicious,Malicious,0.7620500326156616
Malicious,Malicious,0.783686637878418
Malicious,Malicious,1.0
Malicious,Malicious,0.8395249843597412
Malicious,Malicious,0.7243615388870239
Malicious,Malicious,0.9197415113449097
Malicious,Malicious,0.8112645149230957
Malicious,Malicious,0.8095435500144958
Malicious,Malicious,0.7917891144752502
Malicious,Malicious,0.774327278137207
Malicious,Malicious,0.8698768019676208
Malicious,Malicious,0.9094424843788147
Malicious,Malicious,0.7185003161430359
Malicious,Malicious,0.8234890103340149
Malicious,Malicious,0.8503056764602661
Malicious,Malicious,1.0
Malicious,Malicious,0.8971856832504272
Malicious,Malicious,0.7619006633758545
Malicious,Benign,0.4321931004524231
Malicious,Malicious,0.806829035282135
Malicious,Malicious,0.7474983334541321
Malicious,Malicious,0.8300188183784485
Malicious,Malicious,1.0
Malicious,Malicious,0.9764326810836792
Malicious,Malicious,0.7538001537322998
Malicious,Malicious,0.8485291600227356
Malicious,Malicious,0.8656044006347656
Malicious,Malicious,0.7806952595710754
Malicious,Malicious,0.8899173736572266
Malicious,Malicious,0.7843690514564514
Malicious,Malicious,0.8573099970817566
Malicious,Malicious,0.8313828706741333
Malicious,Malicious,0.8195456862449646
Malicious,Benign,0.1489565521478653
Malicious,Malicious,0.8283382058143616
Malicious,Malicious,0.8438266515731812
Malicious,Malicious,0.8399501442909241
Malicious,Malicious,0.9999921917915344
Malicious,Malicious,0.8696796894073486
Malicious,Malicious,0.7718666195869446
Malicious,Malicious,0.8451303243637085
Malicious,Malicious,0.8196218609809875
Malicious,Malicious,0.9025834798812866
Malicious,Malicious,0.7587864995002747
Malicious,Malicious,0.8428913950920105
Malicious,Malicious,0.8106421828269958
Malicious,Malicious,0.8365368843078613
Malicious,Malicious,0.8743331432342529
Malicious,Malicious,0.8664994835853577
Malicious,Malicious,0.7941430807113647
Malicious,Malicious,0.8500785231590271
Malicious,Malicious,1.0
Malicious,Malicious,0.7944912314414978
Malicious,Malicious,0.793672502040863
Malicious,Malicious,0.8582507371902466
Malicious,Malicious,0.8694249987602234
Malicious,Malicious,0.8367725014686584
Malicious,Malicious,0.8636282682418823
Malicious,Malicious,0.8716530203819275
Malicious,Malicious,0.8641920685768127
Malicious,Malicious,0.8428158164024353
Malicious,Malicious,1.0
Malicious,Malicious,0.8148101568222046
Malicious,Malicious,0.938120424747467
Malicious,Malicious,0.8060210943222046
Malicious,Malicious,0.7866196632385254
Malicious,Malicious,0.9530757069587708
Malicious,Malicious,0.8430015444755554
Malicious,Malicious,1.0
Malicious,Malicious,0.8335699439048767
Malicious,Malicious,1.0
Malicious,Malicious,0.8029994368553162
Malicious,Malicious,0.795715868473053
Malicious,Malicious,0.9770694971084595
Malicious,Malicious,0.8369307518005371
Malicious,Malicious,0.8392404317855835
Malicious,Malicious,0.9055973887443542
Malicious,Benign,0.3789879381656647
Malicious,Malicious,0.9999998211860657
Malicious,Malicious,0.9138705730438232
Malicious,Malicious,0.7856751680374146
Malicious,Malicious,0.8297491669654846
Malicious,Benign,0.32448622584342957
Malicious,Malicious,0.8200029730796814
Malicious,Malicious,0.9999942779541016
Malicious,Malicious,0.9008763432502747
Malicious,Malicious,0.8185461163520813
Malicious,Malicious,0.8594571352005005
Malicious,Malicious,0.7698639035224915
Malicious,Malicious,0.8155847787857056
Malicious,Malicious,0.8931942582130432
Malicious,Malicious,0.8988167643547058
Malicious,Malicious,0.9175727367401123
Malicious,Malicious,0.8335460424423218
Malicious,Malicious,0.8375109434127808
Malicious,Malicious,0.7879858613014221
Malicious,Malicious,0.8784028887748718
Malicious,Malicious,0.8272879123687744
Malicious,Malicious,0.9106923937797546
Malicious,Malicious,0.7514983415603638
Malicious,Malicious,0.7930829524993896
Malicious,Malicious,1.0
Malicious,Malicious,0.7584623694419861
Malicious,Benign,0.3859961926937103
Malicious,Malicious,0.8705311417579651
Malicious,Malicious,0.7989795804023743
Malicious,Malicious,0.7930704951286316
Malicious,Malicious,0.8316395282745361
Malicious,Malicious,0.8444142937660217
Malicious,Malicious,0.8390694856643677
Malicious,Malicious,0.8579427003860474
Malicious,Malicious,0.7875050902366638
Malicious,Malicious,0.8717504739761353
Malicious,Malicious,0.8580281734466553
Malicious,Malicious,0.8992002010345459
Malicious,Malicious,0.7962682843208313
Malicious,Malicious,0.7317025065422058
Malicious,Malicious,0.857775092124939
Malicious,Benign,0.4049155116081238
Malicious,Malicious,0.8396339416503906
Malicious,Malicious,0.7285502552986145
Malicious,Malicious,0.8671847581863403
Malicious,Malicious,0.8371672034263611
Malicious,Malicious,0.8400157690048218
Malicious,Malicious,0.7418789863586426
Malicious,Malicious,0.8112495541572571
Malicious,Malicious,0.8776586651802063
Malicious,Malicious,0.7153193354606628
Malicious,Malicious,0.696810781955719
Malicious,Malicious,0.8878304958343506
Malicious,Malicious,0.9314793944358826
Malicious,Malicious,0.7808071374893188
Malicious,Malicious,0.8459345698356628
Malicious,Malicious,0.8161168694496155
Malicious,Malicious,0.9521806240081787
Malicious,Malicious,0.8378300070762634
Malicious,Malicious,0.7895744442939758
Malicious,Malicious,0.8094969987869263
Malicious,Malicious,0.9633799195289612
Malicious,Malicious,0.7914347648620605
Malicious,Malicious,0.9999999403953552
Malicious,Malicious,0.814056396484375
Malicious,Malicious,0.9687523245811462
Malicious,Benign,0.3628159165382385
Malicious,Malicious,0.9375400543212891
Malicious,Malicious,0.783184826374054
Malicious,Malicious,0.8719483017921448
Malicious,Malicious,0.8569718599319458
Malicious,Malicious,0.82172691822052
Malicious,Malicious,0.8444932699203491
Malicious,Malicious,0.8658173084259033
Malicious,Malicious,0.824166476726532
Malicious,Malicious,0.9999921917915344
Malicious,Malicious,1.0
Malicious,Malicious,0.8288724422454834
Malicious,Benign,0.2980055809020996
Malicious,Malicious,0.853515088558197
Malicious,Malicious,0.8324918150901794
Malicious,Malicious,0.9999900460243225
Malicious,Malicious,0.7567432522773743
Malicious,Malicious,0.7972244620323181
Malicious,Malicious,0.7765853404998779
Malicious,Malicious,0.8749577403068542
Malicious,Malicious,0.7745766043663025
Malicious,Malicious,0.7828847169876099
Malicious,Malicious,0.8913103938102722
Malicious,Malicious,0.825175940990448
Malicious,Malicious,0.7827903032302856
Malicious,Malicious,0.8616412878036499
Malicious,Malicious,0.8422197103500366
Malicious,Malicious,0.8680802583694458
Malicious,Malicious,0.8548502922058105
Malicious,Malicious,0.8048297762870789
Malicious,Malicious,0.8031631112098694
Malicious,Malicious,0.9377787113189697
Malicious,Malicious,0.7828410863876343
Malicious,Malicious,0.7772437930107117
Malicious,Malicious,0.8437620401382446
Malicious,Malicious,0.8028457164764404
Malicious,Malicious,1.0
Malicious,Malicious,0.8421725034713745
Malicious,Malicious,0.943978488445282
Malicious,Malicious,0.8017012476921082
Malicious,Malicious,0.8382694721221924
Malicious,Malicious,0.8610782027244568
Malicious,Malicious,0.8198160529136658
Malicious,Malicious,0.6922664642333984
Malicious,Malicious,0.9981525540351868
Malicious,Malicious,0.7870049476623535
Malicious,Malicious,0.7366421818733215
Malicious,Malicious,0.847929060459137
Malicious,Malicious,0.8411625027656555
Malicious,Malicious,0.7142285704612732
Malicious,Malicious,0.7452915906906128
Malicious,Malicious,1.0
Malicious,Malicious,0.9506142735481262
Malicious,Malicious,0.8372900485992432
Malicious,Malicious,0.8435795903205872
Malicious,Malicious,0.8489142656326294
Malicious,Malicious,0.8706769943237305
Malicious,Malicious,0.856575071811676
Malicious,Malicious,0.9663484692573547
Malicious,Malicious,0.7231132388114929
Malicious,Malicious,0.8787897825241089
Malicious,Malicious,0.8836901783943176
Malicious,Malicious,0.8068679571151733
Malicious,Malicious,0.8344624042510986
Malicious,Malicious,0.8528649210929871
Malicious,Malicious,0.82967609167099
Malicious,Malicious,0.8197428584098816
Malicious,Malicious,0.8352759480476379
Malicious,Malicious,0.8348438739776611
Malicious,Malicious,0.9019703269004822
Malicious,Malicious,0.8496042490005493
Malicious,Malicious,0.7858288288116455
Malicious,Malicious,0.8035605549812317
Malicious,Malicious,0.8734173774719238
Malicious,Malicious,0.7619598507881165
Malicious,Malicious,0.8573523759841919
Malicious,Malicious,0.8113749027252197
Malicious,Malicious,0.8911941051483154
Malicious,Malicious,0.8127335906028748
Malicious,Malicious,0.8032779693603516
Malicious,Malicious,0.8746124505996704
Malicious,Malicious,0.721071720123291
Malicious,Malicious,0.7943673133850098
Malicious,Malicious,0.7987478971481323
Malicious,Malicious,0.9740936756134033
Malicious,Malicious,0.8949563503265381
Malicious,Malicious,0.8033371567726135
Malicious,Malicious,0.8035781383514404
Malicious,Malicious,0.9773859977722168
Malicious,Malicious,0.822590708732605
Malicious,Malicious,0.8362218141555786
Malicious,Malicious,0.8297854065895081
Malicious,Malicious,0.8410057425498962
Malicious,Malicious,0.850532054901123
Malicious,Malicious,0.7494610548019409
Malicious,Malicious,0.7762369513511658
Malicious,Malicious,0.8412731885910034
Malicious,Malicious,0.7844641208648682
Malicious,Malicious,0.9563186764717102
Malicious,Malicious,0.9999894499778748
Malicious,Malicious,0.9328978061676025
Malicious,Malicious,0.8125156760215759
Malicious,Malicious,0.7030052542686462
Malicious,Benign,0.36607739329338074
Malicious,Malicious,0.8367565274238586
Malicious,Malicious,0.805110514163971
Malicious,Malicious,0.8035005331039429
Malicious,Malicious,0.7117025852203369
Malicious,Malicious,0.8635755181312561
Malicious,Malicious,0.8143341541290283
Malicious,Malicious,0.7354718446731567
Malicious,Malicious,0.9999924302101135
Malicious,Malicious,0.7903847098350525
Malicious,Malicious,0.8340036869049072
Malicious,Malicious,0.8391897082328796
Malicious,Malicious,1.0
Malicious,Malicious,0.7440455555915833
Malicious,Malicious,0.8019540905952454
Malicious,Malicious,0.8560120463371277
Malicious,Malicious,0.8699678182601929
Malicious,Malicious,0.7768580913543701
Malicious,Malicious,0.8911338448524475
Malicious,Malicious,0.7742821574211121
Malicious,Malicious,0.8259566426277161
Malicious,Malicious,0.7144396305084229
Malicious,Malicious,0.8384028077125549
Malicious,Malicious,0.9793364405632019
Malicious,Malicious,0.8744145631790161
Malicious,Malicious,0.7626822590827942
Malicious,Malicious,0.8190909028053284
Malicious,Malicious,0.8615385890007019
Malicious,Malicious,0.827397882938385
Malicious,Malicious,0.7699761390686035
Malicious,Malicious,0.8142138123512268
Malicious,Malicious,0.9999938607215881
Malicious,Malicious,0.7994799017906189
Malicious,Malicious,0.8185439109802246
Malicious,Malicious,0.8452098965644836
Malicious,Malicious,0.8698682188987732
Malicious,Malicious,0.7835855484008789
Malicious,Malicious,0.8065668344497681
Malicious,Malicious,0.8103377819061279
Malicious,Malicious,0.8310863375663757
Malicious,Malicious,0.7153859734535217
Malicious,Malicious,0.7343913912773132
Malicious,Malicious,0.8996685743331909
Malicious,Malicious,0.779080867767334
Malicious,Malicious,0.8817156553268433
Malicious,Malicious,0.8088757991790771
Malicious,Malicious,0.6810897588729858
Malicious,Malicious,0.999998152256012
Malicious,Malicious,0.800226092338562
Malicious,Malicious,0.9999998807907104
Malicious,Malicious,1.0
Malicious,Malicious,0.8134273290634155
Malicious,Benign,0.4564439356327057
Malicious,Malicious,0.8890597224235535
Malicious,Malicious,0.8649634718894958
Malicious,Malicious,0.7956779599189758
Malicious,Malicious,0.7893782258033752
Malicious,Benign,0.0727849155664444
Malicious,Malicious,0.9869911670684814
Malicious,Malicious,0.7509541511535645
Malicious,Malicious,0.8217378258705139
Malicious,Malicious,0.8883187770843506
Malicious,Malicious,0.9123269319534302
Malicious,Malicious,0.8106973171234131
Malicious,Malicious,0.7355955839157104
Malicious,Malicious,0.8415701985359192
Malicious,Malicious,0.838225781917572
Malicious,Malicious,0.9999958276748657
Malicious,Malicious,0.8212289214134216
Malicious,Malicious,0.7436270713806152
Malicious,Malicious,0.8560593128204346
Malicious,Malicious,0.8495358228683472
Malicious,Malicious,0.9043588042259216
Malicious,Malicious,0.741236686706543
Malicious,Malicious,0.7129033207893372
Malicious,Malicious,0.8333660364151001
Malicious,Malicious,1.0
Malicious,Malicious,0.7933963537216187
Malicious,Malicious,0.7650185823440552
Malicious,Malicious,0.8695387840270996
Malicious,Malicious,0.9999993443489075
Malicious,Malicious,0.9905194044113159
Malicious,Malicious,0.7953425049781799
Malicious,Malicious,0.9993001222610474
Malicious,Malicious,0.8148325681686401
Malicious,Malicious,0.8347074389457703
Malicious,Malicious,0.7487151026725769
Malicious,Malicious,0.8035972714424133
Malicious,Malicious,0.7157973051071167
Malicious,Malicious,0.8371134400367737
Malicious,Malicious,0.8945567607879639
Malicious,Malicious,0.8451804518699646
Malicious,Malicious,0.7842654585838318
Malicious,Malicious,0.7722290754318237
Malicious,Malicious,0.8643454909324646
Malicious,Malicious,0.7891327142715454
Malicious,Malicious,0.8629426956176758
Malicious,Malicious,0.7739536166191101
Malicious,Malicious,0.7905750274658203
Malicious,Malicious,0.7998124957084656
Malicious,Malicious,0.8697564005851746
Malicious,Malicious,0.7840640544891357
Malicious,Malicious,0.7087205052375793
Malicious,Malicious,0.91005539894104
Malicious,Malicious,0.8543627858161926
Malicious,Benign,0.3000218868255615
Malicious,Benign,0.39467528462409973
Malicious,Malicious,0.8845760822296143
Malicious,Benign,0.3205795884132385
Malicious,Malicious,0.8443416953086853
Malicious,Benign,0.3770168721675873
Malicious,Malicious,0.7560418248176575
Malicious,Malicious,0.7743963003158569
Malicious,Malicious,0.855269730091095
Malicious,Malicious,0.8060325980186462
Malicious,Malicious,0.578589677810669
Malicious,Malicious,0.9744594693183899
Malicious,Malicious,0.7355022430419922
Malicious,Malicious,0.7192178964614868
Malicious,Malicious,0.7994242906570435
Malicious,Malicious,1.0
Malicious,Malicious,0.7192641496658325
Malicious,Malicious,0.7413823008537292
Malicious,Malicious,0.9999946355819702
Malicious,Malicious,0.8612101078033447
Malicious,Malicious,1.0
Malicious,Malicious,0.7483900189399719
Malicious,Malicious,0.9526278972625732
Malicious,Malicious,0.891363263130188
Malicious,Malicious,0.7190710306167603
Malicious,Malicious,0.8718019723892212
Malicious,Malicious,0.8463050127029419
Malicious,Malicious,0.8278768658638
Malicious,Malicious,0.8307159543037415
Malicious,Malicious,0.7462828159332275
Malicious,Malicious,0.8966889381408691
Malicious,Malicious,0.849806547164917
Malicious,Malicious,0.7946944236755371
Malicious,Malicious,0.8560341596603394
Malicious,Malicious,0.8262583613395691
Malicious,Malicious,0.8957132697105408
Malicious,Malicious,0.7893648743629456
Malicious,Malicious,0.6599820256233215
Malicious,Malicious,0.8267383575439453
Malicious,Malicious,0.7714086771011353
Malicious,Malicious,0.8324735164642334
Malicious,Malicious,0.8783593773841858
Malicious,Malicious,0.7904694676399231
Malicious,Malicious,0.7570257782936096
Malicious,Malicious,1.0
Malicious,Malicious,0.9866065979003906
Malicious,Malicious,0.8057766556739807
Malicious,Malicious,0.8841680288314819
Malicious,Malicious,0.8506364822387695
Malicious,Malicious,0.7852418422698975
Malicious,Malicious,0.9156215190887451
Malicious,Malicious,0.9749478101730347
Malicious,Malicious,0.8711469173431396
Malicious,Malicious,0.7924759387969971
Malicious,Malicious,0.8975359797477722
Malicious,Malicious,0.8634383678436279
Malicious,Malicious,0.9026356935501099
Malicious,Malicious,0.9938977956771851
Malicious,Malicious,0.8228556513786316
Malicious,Malicious,0.800815761089325
Malicious,Malicious,0.7063013315200806
Malicious,Malicious,0.8045003414154053
Malicious,Malicious,0.8327840566635132
Malicious,Malicious,0.8544360399246216
Malicious,Malicious,0.8233287334442139
Malicious,Malicious,0.8443091511726379
Malicious,Malicious,0.8089922070503235
Malicious,Malicious,0.8486558794975281
Malicious,Malicious,0.7677732706069946
Malicious,Malicious,0.842852771282196
Malicious,Malicious,0.9999932646751404
Malicious,Malicious,0.8754316568374634
Malicious,Malicious,0.8681982159614563
Malicious,Malicious,0.7189036011695862
Malicious,Malicious,0.8011972904205322
Malicious,Malicious,0.8149570226669312
Malicious,Malicious,0.8333066701889038
Malicious,Malicious,0.8401200175285339
Malicious,Malicious,0.7919315695762634
Malicious,Malicious,0.74539715051651
Malicious,Malicious,0.7385225296020508
Malicious,Malicious,0.7887818217277527
Malicious,Malicious,0.7559686303138733
Malicious,Malicious,1.0
Malicious,Malicious,0.832949697971344
Malicious,Malicious,1.0
Malicious,Malicious,0.990764319896698
Malicious,Malicious,0.8536385893821716
Malicious,Malicious,0.867785632610321
Malicious,Malicious,0.8237918019294739
Malicious,Malicious,0.7676070332527161
Malicious,Malicious,0.9170597791671753
Malicious,Malicious,0.8526538610458374
Malicious,Malicious,0.8366296887397766
Malicious,Malicious,0.826998770236969
Malicious,Malicious,0.7922123074531555
Malicious,Malicious,0.8148524165153503
Malicious,Malicious,0.8662244081497192
Malicious,Malicious,0.8980050086975098
Malicious,Malicious,0.8391062617301941
Malicious,Malicious,0.7243508100509644
Malicious,Malicious,0.8316260576248169
Malicious,Malicious,0.810434103012085
Malicious,Malicious,0.9999993443489075
Malicious,Malicious,0.9999999403953552
Malicious,Malicious,0.8267163634300232
Malicious,Malicious,0.868228554725647
Malicious,Malicious,0.7684816718101501
Malicious,Malicious,0.8411570191383362
Malicious,Malicious,0.7517445087432861
Malicious,Malicious,0.9513652920722961
Malicious,Malicious,0.9880139827728271
Malicious,Malicious,0.8865333795547485
Malicious,Malicious,0.9999986290931702
Malicious,Malicious,0.8687624335289001
Malicious,Malicious,0.8371534943580627
Malicious,Malicious,0.8219037652015686
Malicious,Malicious,1.0
Malicious,Malicious,0.7260951399803162
Malicious,Malicious,0.7562293410301208
Malicious,Malicious,0.9213393330574036
Malicious,Malicious,0.8191053867340088
Malicious,Malicious,0.880843460559845
Malicious,Malicious,1.0
Malicious,Malicious,0.7439855337142944
Malicious,Malicious,0.8802257776260376
Malicious,Malicious,0.7998332381248474
Malicious,Malicious,0.7477498650550842
Malicious,Malicious,0.8713846802711487
Malicious,Malicious,0.7577213644981384
Malicious,Malicious,0.7322583198547363
Malicious,Malicious,0.9571933746337891
Malicious,Benign,0.31259915232658386
Malicious,Malicious,0.7654744386672974
Malicious,Malicious,0.8453198075294495
Malicious,Malicious,0.834322452545166
Malicious,Malicious,0.8414703011512756
Malicious,Malicious,0.8576844334602356
Malicious,Malicious,0.7007541656494141
Malicious,Malicious,0.705672562122345
Malicious,Malicious,0.9999998807907104
Malicious,Malicious,0.8052011132240295
Malicious,Malicious,0.9838215112686157
Malicious,Malicious,0.8903622627258301
Malicious,Malicious,0.7941355109214783
Malicious,Malicious,0.7989754676818848
Malicious,Malicious,0.7816876173019409
Malicious,Malicious,0.8445208072662354
Malicious,Malicious,0.8164592385292053
Malicious,Malicious,0.767344057559967
Malicious,Malicious,0.9240093231201172
Malicious,Malicious,0.8946427702903748
Malicious,Malicious,0.7420158982276917
Malicious,Malicious,1.0
Malicious,Malicious,0.8490526080131531
Malicious,Malicious,0.9023417830467224
Malicious,Malicious,0.828474223613739
Malicious,Malicious,0.8603033423423767
Malicious,Malicious,0.836968183517456
Malicious,Malicious,0.713834285736084
Malicious,Malicious,0.8454896807670593
Malicious,Malicious,0.7883307933807373
Malicious,Malicious,0.8281903266906738
Malicious,Malicious,0.7653600573539734
Malicious,Malicious,0.8161954879760742
Malicious,Malicious,0.7775218486785889
Malicious,Malicious,0.8207581043243408
Malicious,Malicious,0.7447822093963623
Malicious,Malicious,0.9355881214141846
Malicious,Malicious,0.7867833971977234
Malicious,Malicious,0.8476645350456238
Malicious,Malicious,0.8801110982894897
Malicious,Malicious,0.7709363102912903
Malicious,Malicious,0.8343139886856079
Malicious,Malicious,0.8541882038116455
Malicious,Malicious,0.799683153629303
Malicious,Malicious,0.8363075852394104
Malicious,Malicious,0.7902135252952576
Malicious,Malicious,0.7930538058280945
Malicious,Malicious,0.9999999403953552
Malicious,Malicious,0.8696401715278625
Malicious,Malicious,0.7826213836669922
Malicious,Malicious,0.8374390006065369
Malicious,Malicious,0.8312262296676636
Malicious,Malicious,0.8439373970031738
Malicious,Malicious,0.8569316267967224
Malicious,Malicious,0.8648311495780945
Malicious,Malicious,0.8375607132911682
Malicious,Malicious,0.8441606163978577
Malicious,Malicious,0.7519779801368713
Malicious,Malicious,0.8842068910598755
Malicious,Malicious,0.8419218063354492
Malicious,Malicious,0.882137656211853
Malicious,Malicious,0.7796661853790283
Malicious,Malicious,0.8290759325027466
Malicious,Malicious,0.8886913657188416
Malicious,Malicious,0.7727733254432678
Malicious,Malicious,0.8270682692527771
Malicious,Malicious,0.8227194547653198
Malicious,Malicious,0.7269694805145264
Malicious,Malicious,0.823691725730896
Malicious,Malicious,0.83444744348526
Malicious,Malicious,0.8686516284942627
Malicious,Malicious,0.8454601168632507
Malicious,Malicious,0.7790518403053284
Malicious,Malicious,0.9486347436904907
Malicious,Malicious,0.9112051129341125
Malicious,Malicious,0.9088261723518372
Malicious,Malicious,0.8144628405570984
Malicious,Malicious,0.8152256011962891
Malicious,Malicious,0.7616789937019348
Malicious,Malicious,0.9765912890434265
Malicious,Malicious,0.6797183752059937
Malicious,Malicious,0.8398464918136597
Malicious,Malicious,0.8579685688018799
Malicious,Malicious,0.9268971085548401
Malicious,Malicious,0.89234459400177
Malicious,Malicious,0.8703104853630066
Malicious,Malicious,0.8200794458389282
Malicious,Malicious,0.8680087327957153
Malicious,Malicious,0.8698676228523254
Malicious,Malicious,0.5491378307342529
Malicious,Malicious,0.825542688369751
Malicious,Malicious,0.77840656042099
Malicious,Malicious,0.9763267636299133
Malicious,Malicious,1.0
Malicious,Malicious,0.8885817527770996
Malicious,Malicious,0.8152527213096619
Malicious,Malicious,0.8465192914009094
Malicious,Malicious,0.9036153554916382
Malicious,Malicious,0.8582509756088257
Malicious,Malicious,0.8702636361122131
Malicious,Malicious,0.8513178825378418
Malicious,Malicious,0.8509443998336792
Malicious,Malicious,0.7548209428787231
Malicious,Malicious,0.8349761962890625
Malicious,Malicious,0.8877146244049072
Malicious,Malicious,0.8326131105422974
Malicious,Malicious,0.8747625350952148
Malicious,Malicious,0.8557342290878296
Malicious,Malicious,0.7493643760681152
Malicious,Malicious,0.8241982460021973
Malicious,Malicious,0.999993085861206
Malicious,Malicious,0.7626382112503052
Malicious,Malicious,0.8250133991241455
Malicious,Malicious,0.8231918215751648
Malicious,Malicious,0.8131706714630127
Malicious,Malicious,0.8088606595993042
Malicious,Malicious,0.9110423922538757
Malicious,Malicious,0.8249675035476685
Malicious,Malicious,0.9999998211860657
Malicious,Malicious,0.886949896812439
Malicious,Malicious,0.8484504222869873
Malicious,Malicious,0.7322795391082764
Malicious,Malicious,0.9322335124015808
Malicious,Malicious,0.8089605569839478
Malicious,Malicious,0.7848561406135559
Malicious,Malicious,1.0
Malicious,Malicious,0.7965200543403625
Malicious,Malicious,0.8205499053001404
Malicious,Malicious,0.7105483412742615
Malicious,Malicious,0.8871178030967712
Malicious,Malicious,0.7938429117202759
Malicious,Malicious,0.8085150718688965
Malicious,Malicious,0.8337463736534119
Malicious,Malicious,0.9999929070472717
Malicious,Malicious,0.792453944683075
Malicious,Malicious,0.8253565430641174
Malicious,Malicious,0.8941785097122192
Malicious,Benign,0.4124768376350403
Malicious,Malicious,0.8542464971542358
Malicious,Malicious,0.8557147979736328
Malicious,Malicious,0.7316539883613586
Malicious,Malicious,0.7982143759727478
Malicious,Malicious,0.8637317419052124
Malicious,Malicious,0.6451934576034546
Malicious,Malicious,0.759341835975647
Malicious,Malicious,0.9999220967292786
Malicious,Malicious,0.8660205602645874
Malicious,Malicious,0.7978334426879883
Malicious,Malicious,0.6934428811073303
Malicious,Malicious,0.7114623785018921
Malicious,Malicious,0.8223321437835693
Malicious,Malicious,0.7689288854598999
Malicious,Malicious,0.9999999403953552
Malicious,Malicious,0.7201539278030396
Malicious,Malicious,0.726954460144043
Malicious,Malicious,0.5127968788146973
Malicious,Malicious,0.9638291597366333
Malicious,Malicious,0.7603121995925903
Malicious,Malicious,0.8844440579414368
Malicious,Malicious,0.7969853281974792
Malicious,Malicious,0.8188413977622986
Malicious,Malicious,0.787433922290802
Malicious,Malicious,0.8921462893486023
Malicious,Malicious,0.8456095457077026
Malicious,Malicious,0.8237818479537964
Malicious,Benign,0.42832931876182556
Malicious,Malicious,0.826805591583252
Malicious,Malicious,0.8693795800209045
Malicious,Malicious,0.7423293590545654
Malicious,Malicious,0.8166679739952087
Malicious,Malicious,0.7618449330329895
Malicious,Malicious,0.8345516324043274
Malicious,Malicious,0.897632896900177
Malicious,Malicious,0.8714468479156494
Malicious,Malicious,0.8021588921546936
Malicious,Malicious,0.8769984841346741
Malicious,Malicious,0.89162278175354
Malicious,Malicious,0.999994158744812
Malicious,Malicious,1.0
Malicious,Malicious,0.8528959155082703
Malicious,Malicious,0.7701367139816284
Malicious,Malicious,0.9999911785125732
Malicious,Malicious,0.8840547204017639
Malicious,Malicious,0.8276760578155518
Malicious,Malicious,0.8760589361190796
Malicious,Malicious,0.8416554927825928
Malicious,Malicious,0.8295421600341797
Malicious,Malicious,0.8236639499664307
Malicious,Malicious,0.8287128806114197
Malicious,Malicious,0.9867665767669678
Malicious,Malicious,0.9625290632247925
Malicious,Malicious,0.9823663830757141
Malicious,Malicious,0.915381133556366
Malicious,Malicious,0.7997094988822937
Malicious,Malicious,0.6932942271232605
Malicious,Malicious,0.8270096182823181
Malicious,Malicious,0.9703195691108704
Malicious,Malicious,0.9905532598495483
Malicious,Malicious,0.743390679359436
Malicious,Malicious,0.7963680028915405
Malicious,Malicious,0.7472625970840454
Malicious,Malicious,0.8512946367263794
Malicious,Malicious,0.8546170592308044
Malicious,Malicious,0.8135387897491455
Malicious,Malicious,0.7870607972145081
Malicious,Malicious,0.8416242599487305
Malicious,Malicious,0.8290305733680725
Malicious,Malicious,0.8084849119186401
Malicious,Malicious,0.7388570308685303
Malicious,Malicious,0.7303487658500671
Malicious,Malicious,0.8605003952980042
Malicious,Malicious,0.8626869320869446
Malicious,Malicious,0.881309986114502
Malicious,Benign,0.39311227202415466
Malicious,Malicious,0.774773895740509
Malicious,Malicious,0.8582784533500671
Malicious,Malicious,0.8066807389259338
Malicious,Malicious,0.971679151058197
Malicious,Malicious,0.7614531517028809
Malicious,Malicious,0.8187999725341797
Malicious,Malicious,0.7592107057571411
Malicious,Malicious,0.824691116809845
Malicious,Malicious,0.7898254990577698
Malicious,Malicious,0.80620276927948
Malicious,Malicious,0.7903710603713989
Malicious,Malicious,0.7670477628707886
Malicious,Malicious,0.8720612525939941
Malicious,Malicious,0.8131014704704285
Malicious,Malicious,0.9141271710395813
Malicious,Malicious,0.8851829171180725
Malicious,Benign,0.3672119379043579
Malicious,Malicious,0.8633055090904236
Malicious,Malicious,0.9117004871368408
Malicious,Malicious,0.8212457299232483
Malicious,Malicious,0.8877664804458618
Malicious,Malicious,0.823020339012146
Malicious,Malicious,0.8097226619720459
Malicious,Malicious,0.817699134349823
Malicious,Malicious,0.8330158591270447
Malicious,Malicious,0.870891273021698
Malicious,Malicious,0.732987642288208
Malicious,Malicious,0.6992032527923584
Malicious,Malicious,0.8396676182746887
Malicious,Malicious,0.9790286421775818
Malicious,Malicious,0.9999948143959045
Malicious,Malicious,0.7667755484580994
Malicious,Malicious,0.8250795602798462
Malicious,Malicious,0.8433057069778442
Malicious,Malicious,0.925380527973175
Malicious,Malicious,0.8453483581542969
Malicious,Malicious,0.9165375232696533
Malicious,Malicious,0.7794257998466492
Malicious,Malicious,0.8074261546134949
Malicious,Malicious,0.8815030455589294
Malicious,Malicious,0.8431494235992432
Malicious,Malicious,0.8843186497688293
Malicious,Malicious,0.700615644454956
Malicious,Malicious,0.971725583076477
Malicious,Malicious,0.8023367524147034
Malicious,Benign,0.35289210081100464
Malicious,Malicious,0.7748300433158875
Malicious,Malicious,0.8196331262588501
Malicious,Malicious,0.8569316267967224
Malicious,Malicious,0.7631908059120178
Malicious,Malicious,0.7378320693969727
Malicious,Malicious,0.8330214619636536
Malicious,Malicious,0.8821461200714111
Malicious,Malicious,0.770330548286438
Malicious,Malicious,1.0
Malicious,Malicious,0.7129100561141968
Malicious,Malicious,0.9147863388061523
Malicious,Malicious,0.7611088752746582
Malicious,Malicious,0.7435991168022156
Malicious,Malicious,0.7758853435516357
Malicious,Malicious,0.7867453098297119
Malicious,Malicious,0.8440850973129272
Malicious,Malicious,0.8380232453346252
Malicious,Malicious,0.8102747201919556
Malicious,Malicious,0.8395227789878845
Malicious,Malicious,0.785047709941864
Malicious,Malicious,0.8704895377159119
Malicious,Malicious,0.836801290512085
Malicious,Malicious,0.7244341969490051
Malicious,Malicious,0.9999935030937195
Malicious,Malicious,0.8555118441581726
Malicious,Malicious,0.8864521384239197
Malicious,Malicious,0.8648967742919922
Malicious,Malicious,0.8488806486129761
Malicious,Malicious,0.8789390921592712
Malicious,Malicious,0.8910585641860962
Malicious,Malicious,0.8494901657104492
Malicious,Malicious,0.5380823612213135
Malicious,Malicious,0.8654371500015259
Malicious,Malicious,0.722995400428772
Malicious,Malicious,0.873635470867157
Malicious,Malicious,0.8708986043930054
Malicious,Malicious,1.0
Malicious,Malicious,0.8263208270072937
Malicious,Malicious,0.7758487462997437
Malicious,Malicious,0.9028363823890686
Malicious,Malicious,0.5557236671447754
Malicious,Malicious,0.8053818941116333
Malicious,Malicious,0.8190886378288269
Malicious,Malicious,0.9062219262123108
Malicious,Malicious,0.8261697292327881
Malicious,Malicious,0.8377856016159058
Malicious,Malicious,0.8092049360275269
Malicious,Malicious,0.8300233483314514
Malicious,Malicious,0.8392969369888306
Malicious,Malicious,0.9253724217414856
Malicious,Malicious,0.7465589642524719
Malicious,Malicious,0.7942371368408203
Malicious,Malicious,0.8237022161483765
Malicious,Malicious,0.8857425451278687
Malicious,Malicious,0.9999133348464966
Malicious,Malicious,0.829029381275177
Malicious,Malicious,0.7044203281402588
Malicious,Malicious,0.8642444014549255
Malicious,Malicious,0.8703991174697876
Malicious,Malicious,0.8520715236663818
Malicious,Malicious,0.8459039926528931
Malicious,Malicious,0.9876448512077332
Malicious,Malicious,0.9999836087226868
Malicious,Malicious,0.8678662180900574
Malicious,Malicious,0.8534863591194153
Malicious,Malicious,0.8303681015968323
Malicious,Malicious,0.8222692012786865
Malicious,Malicious,0.7750179171562195
Malicious,Malicious,0.8088454008102417
Malicious,Malicious,0.8855926990509033
Malicious,Malicious,0.8120389580726624
Malicious,Malicious,0.7974705696105957
Malicious,Malicious,0.9999954700469971
Malicious,Malicious,0.7594689130783081
Malicious,Malicious,0.8161376118659973
Malicious,Malicious,0.8070529699325562
Malicious,Malicious,0.8167787790298462
Malicious,Malicious,0.8826367259025574
Malicious,Malicious,0.8801607489585876
Malicious,Malicious,0.9628133773803711
Malicious,Malicious,0.7882486581802368
Malicious,Malicious,0.7914178371429443
Malicious,Malicious,0.8000727295875549
Malicious,Malicious,0.8593543171882629
Malicious,Malicious,0.766060471534729
Malicious,Malicious,0.7895841002464294
Malicious,Malicious,0.7882288694381714
Malicious,Malicious,0.7919318079948425
Malicious,Malicious,0.868465006351471
Malicious,Malicious,0.8887465596199036
Malicious,Malicious,0.8361342549324036
Malicious,Benign,0.30890363454818726
Malicious,Malicious,0.9093285799026489
Malicious,Malicious,0.8650197386741638
Malicious,Malicious,0.7897692322731018
Malicious,Malicious,0.904049277305603
Malicious,Malicious,0.8401596546173096
Malicious,Malicious,0.8178317546844482
Malicious,Malicious,0.8057541251182556
Malicious,Malicious,1.0
Malicious,Malicious,1.0
Malicious,Malicious,0.8874887228012085
Malicious,Malicious,0.8196324110031128
Malicious,Malicious,0.8417503833770752
Malicious,Malicious,0.8019328713417053
Malicious,Malicious,0.8734988570213318
Malicious,Malicious,0.9999996423721313
Malicious,Malicious,0.7190238833427429
Malicious,Malicious,0.7960637211799622
Malicious,Malicious,0.7266829609870911
Malicious,Malicious,0.822047770023346
Malicious,Malicious,0.7486892938613892
Malicious,Malicious,0.9761966466903687
Malicious,Malicious,0.7761819362640381
Malicious,Malicious,0.9718923568725586
Malicious,Malicious,0.8762210607528687
Malicious,Malicious,0.9690995216369629
Malicious,Malicious,0.8116644620895386
Malicious,Malicious,0.7869550585746765
Malicious,Malicious,0.8478909134864807
Malicious,Malicious,0.8744956851005554
Malicious,Malicious,0.7537365555763245
Malicious,Malicious,0.8764378428459167
Malicious,Malicious,0.7155649662017822
Malicious,Malicious,0.8540887236595154
Malicious,Malicious,0.746085524559021
Malicious,Malicious,0.7720282077789307
Malicious,Malicious,0.8423708081245422
Malicious,Malicious,0.8660683035850525
Malicious,Malicious,0.7487380504608154
Malicious,Malicious,0.7035400867462158
Malicious,Malicious,0.9697039723396301
Malicious,Malicious,1.0
Malicious,Malicious,0.8195945620536804
Malicious,Malicious,0.7196083068847656
Malicious,Malicious,0.839451789855957
Malicious,Malicious,0.8702808022499084
Malicious,Malicious,0.8720753788948059
Malicious,Malicious,0.9295626878738403
Malicious,Malicious,0.8519139289855957
Malicious,Malicious,0.8039017915725708
Malicious,Malicious,0.8413421511650085
Malicious,Malicious,0.8154998421669006
Malicious,Malicious,0.8690797090530396
Malicious,Malicious,0.8008266687393188
Malicious,Malicious,0.7523051500320435
Malicious,Malicious,0.8175104856491089
Malicious,Malicious,0.9436653852462769
Malicious,Malicious,0.838416337966919
Malicious,Malicious,0.7249936461448669
Malicious,Malicious,0.7280740141868591
Malicious,Malicious,0.8622483015060425
Malicious,Malicious,0.7589443325996399
Malicious,Malicious,0.7822091579437256
Malicious,Malicious,0.8037530779838562
Malicious,Malicious,0.9860888123512268
Malicious,Malicious,0.7995172142982483
Malicious,Malicious,0.7195334434509277
Malicious,Malicious,0.7946150302886963
Malicious,Malicious,0.8233645558357239
Malicious,Malicious,0.9207112193107605
Malicious,Malicious,0.877150297164917
Malicious,Malicious,0.7848063111305237
Malicious,Malicious,0.8130850791931152
Malicious,Malicious,0.9187614321708679
Malicious,Malicious,0.9866583347320557
Malicious,Malicious,0.783343493938446
Malicious,Benign,0.34436365962028503
Malicious,Malicious,0.8883016109466553
Malicious,Malicious,0.9583458304405212
Malicious,Malicious,0.7739983201026917
Malicious,Malicious,0.8377763032913208
Malicious,Malicious,0.8545808792114258
Malicious,Malicious,0.8145878314971924
Malicious,Malicious,0.950039803981781
Malicious,Malicious,0.8350306153297424
Malicious,Malicious,0.8252118229866028
Malicious,Malicious,0.8008649945259094
Malicious,Benign,0.3785790503025055
Malicious,Malicious,0.7933668494224548
Malicious,Malicious,0.868639349937439
Malicious,Malicious,0.8081918954849243
Malicious,Malicious,0.8011683225631714
Malicious,Malicious,0.8075284361839294
Malicious,Malicious,0.8439056277275085
Malicious,Malicious,0.8119264245033264
Malicious,Malicious,0.7451937198638916
Malicious,Malicious,0.6971530318260193
Malicious,Malicious,0.8508836627006531
Malicious,Malicious,0.8347773551940918
Malicious,Malicious,0.7391730546951294
Malicious,Malicious,0.8600075840950012
Malicious,Malicious,0.7000508904457092
Malicious,Malicious,0.8499337434768677
Malicious,Malicious,1.0
Malicious,Malicious,0.860461950302124
Malicious,Malicious,0.8888087272644043
Malicious,Malicious,0.8675342798233032
Malicious,Malicious,0.8242359161376953
Malicious,Malicious,0.9777668118476868
Malicious,Malicious,0.9126973748207092
Malicious,Malicious,0.8209989666938782
Malicious,Malicious,0.8196414113044739
Malicious,Malicious,0.7833665609359741
Malicious,Malicious,0.697984516620636
Malicious,Malicious,0.8960452079772949
Malicious,Malicious,0.8216286897659302
Malicious,Malicious,0.8922609090805054
Malicious,Malicious,0.8525315523147583
Malicious,Malicious,0.7924286127090454
Malicious,Malicious,0.7204276323318481
Malicious,Malicious,0.8005281090736389
Malicious,Malicious,0.7699961066246033
Malicious,Malicious,0.6916455030441284
Malicious,Malicious,0.8186518549919128
Malicious,Malicious,0.7439019680023193
Malicious,Malicious,0.8395092487335205
Malicious,Malicious,0.7862815856933594
Malicious,Malicious,0.8396896123886108
Malicious,Malicious,0.7276896834373474
Malicious,Malicious,0.764559805393219
Malicious,Malicious,0.8510227799415588
Malicious,Malicious,0.8247224688529968
Malicious,Malicious,0.8616113066673279
Malicious,Malicious,1.0
Malicious,Malicious,0.8698768019676208
Malicious,Malicious,0.7701999545097351
Malicious,Malicious,1.0
Malicious,Malicious,0.7438708543777466
Malicious,Malicious,0.5242751240730286
Malicious,Malicious,0.8474832773208618
Malicious,Malicious,0.8228075504302979
Malicious,Malicious,0.8061573505401611
Malicious,Malicious,0.7753397226333618
Malicious,Malicious,0.9622408747673035
Malicious,Malicious,0.7328615188598633
Malicious,Malicious,0.7878016829490662
Malicious,Malicious,1.0
Malicious,Malicious,0.8156872391700745
Malicious,Malicious,0.8369438648223877
Malicious,Malicious,0.7544077038764954
Malicious,Malicious,0.8533334732055664
Malicious,Malicious,1.0
Malicious,Malicious,0.8415415287017822
Malicious,Malicious,0.8427463173866272
Malicious,Malicious,0.856535017490387
Malicious,Malicious,0.7527097463607788
Malicious,Malicious,1.0
Malicious,Malicious,0.8288536667823792
Malicious,Malicious,0.8787347674369812
Malicious,Malicious,0.846185028553009
Malicious,Malicious,0.8227414488792419
Malicious,Malicious,0.9999922513961792
Malicious,Malicious,0.6938349008560181
Malicious,Malicious,0.856575071811676
Malicious,Malicious,0.7650582194328308
Malicious,Malicious,0.7602562308311462
Malicious,Malicious,0.8179181218147278
Malicious,Malicious,1.0
Malicious,Malicious,0.8163649439811707
Malicious,Malicious,0.8685826659202576
Malicious,Malicious,0.8515782356262207
Malicious,Malicious,0.7719138264656067
Malicious,Malicious,0.8310039639472961
Malicious,Malicious,0.8292059898376465
Malicious,Malicious,0.841735303401947
Malicious,Malicious,1.0
Malicious,Malicious,0.8051709532737732
Malicious,Malicious,0.8367156982421875
Malicious,Malicious,0.8733428716659546
Malicious,Malicious,0.820955216884613
Malicious,Malicious,0.8104813694953918
Malicious,Malicious,0.8483754992485046
Malicious,Malicious,0.8209282159805298
Malicious,Malicious,0.8409183621406555
Malicious,Malicious,0.9615299105644226
Malicious,Malicious,0.8339179754257202
Malicious,Malicious,0.8160582780838013
Malicious,Malicious,0.845448911190033
Malicious,Malicious,0.9999954700469971
Malicious,Malicious,0.8526337146759033
Malicious,Malicious,0.9999998211860657
Malicious,Malicious,0.7643808722496033
Malicious,Malicious,0.7578312754631042
Malicious,Malicious,0.8553341627120972
Malicious,Malicious,0.755276620388031
Malicious,Malicious,0.9011411070823669
Malicious,Malicious,0.8210178017616272
Malicious,Malicious,0.8078560829162598
Malicious,Malicious,0.8130832314491272
Malicious,Malicious,0.7795841097831726
Malicious,Malicious,0.7722101807594299
Malicious,Malicious,0.7988985776901245
Malicious,Malicious,0.8447834849357605
Malicious,Malicious,0.7921392321586609
Malicious,Malicious,0.8359795808792114
Malicious,Malicious,0.8267400860786438
Malicious,Malicious,0.8885921239852905
Malicious,Malicious,0.7046131491661072
Malicious,Malicious,0.7437288761138916
Malicious,Malicious,0.8132506608963013
Malicious,Malicious,0.8890306949615479
Malicious,Malicious,0.7881354689598083
Malicious,Malicious,0.8119203448295593
Malicious,Malicious,0.8507910966873169
Malicious,Malicious,0.7370380163192749
Malicious,Malicious,0.8815033435821533
Malicious,Malicious,0.7615354657173157
Malicious,Malicious,0.8231250643730164
Malicious,Malicious,0.8582975268363953
Malicious,Malicious,0.853333055973053
Malicious,Malicious,0.7763937711715698
Malicious,Malicious,0.7725636959075928
Malicious,Malicious,0.7433624863624573
Malicious,Malicious,0.7998842000961304
Malicious,Malicious,0.8883143067359924
Malicious,Malicious,0.8143419623374939
Malicious,Malicious,0.8197579383850098
Malicious,Malicious,0.7832711935043335
Malicious,Malicious,0.847885251045227
Malicious,Malicious,0.9694690704345703
Malicious,Malicious,0.6560537219047546
Malicious,Malicious,0.8490083813667297
Malicious,Malicious,0.8351191878318787
Malicious,Malicious,0.8520088791847229
Malicious,Malicious,0.8661246299743652
Malicious,Malicious,0.7985161542892456
Malicious,Malicious,0.8553925156593323
Malicious,Malicious,0.9117909669876099
Malicious,Malicious,0.76610267162323
Malicious,Benign,0.4572244882583618
Malicious,Malicious,0.9037076234817505
Malicious,Malicious,0.840023934841156
Malicious,Malicious,0.7807623744010925
Malicious,Malicious,0.8244409561157227
Malicious,Malicious,0.8450475335121155
Malicious,Malicious,0.7971293926239014
Malicious,Malicious,0.821878969669342
Malicious,Malicious,0.9862850904464722
Malicious,Malicious,1.0
Malicious,Malicious,0.9867756962776184
Malicious,Malicious,0.7626455426216125
Malicious,Malicious,0.856087863445282
Malicious,Malicious,0.9137325286865234
Malicious,Malicious,0.8620812296867371
Malicious,Malicious,0.7750930786132812
Malicious,Malicious,0.9563112854957581
Malicious,Malicious,0.813376247882843
Malicious,Malicious,0.7600204944610596
Malicious,Malicious,0.8170124292373657
Malicious,Malicious,0.9819475412368774
Malicious,Malicious,0.9047340154647827
Malicious,Malicious,0.8449469208717346
Malicious,Malicious,1.0
Malicious,Malicious,0.8252002000808716
Malicious,Malicious,0.7672389149665833
Malicious,Malicious,0.7317167520523071
Malicious,Malicious,0.9999983310699463
Malicious,Malicious,0.8411956429481506
Malicious,Malicious,0.7855778336524963
Malicious,Malicious,0.9525215029716492
Malicious,Malicious,0.7954485416412354
Malicious,Malicious,0.7265520691871643
Malicious,Malicious,0.8277705907821655
Malicious,Malicious,0.8677064180374146
Malicious,Malicious,0.8525076508522034
Malicious,Malicious,0.8107641935348511
Malicious,Malicious,0.7980960607528687
Malicious,Malicious,0.7585254907608032
Malicious,Malicious,0.8890224695205688
Malicious,Malicious,0.8155773878097534
Malicious,Malicious,0.7058886289596558
Malicious,Malicious,0.8263779878616333
Malicious,Malicious,0.8047126531600952
Malicious,Malicious,0.6814265251159668
Malicious,Malicious,0.8508625030517578
Malicious,Malicious,0.8107680678367615
Malicious,Malicious,0.8910585641860962
Malicious,Malicious,0.8136447072029114
Malicious,Malicious,0.831754207611084
Malicious,Malicious,0.8373240828514099
Malicious,Malicious,0.9534780383110046
Malicious,Malicious,0.8024753928184509
Malicious,Malicious,1.0
Malicious,Malicious,1.0
Malicious,Malicious,0.8275550603866577
Malicious,Malicious,0.835801899433136
Malicious,Malicious,0.905483067035675
Malicious,Malicious,0.8793467283248901
Malicious,Malicious,0.8826894760131836
Malicious,Malicious,0.8154321908950806
Malicious,Malicious,0.8366756439208984
Malicious,Malicious,0.7679877877235413
Malicious,Malicious,0.8718511462211609
Malicious,Malicious,0.8748297691345215
Malicious,Malicious,0.7366141676902771
Malicious,Malicious,1.0
Malicious,Malicious,0.9178630113601685
Malicious,Malicious,0.9999954104423523
Malicious,Malicious,0.8401129245758057
Malicious,Malicious,0.7839224934577942
Malicious,Malicious,0.7981720566749573
Malicious,Malicious,0.8718512058258057
Malicious,Malicious,0.7194915413856506
Malicious,Malicious,0.7964555621147156
Malicious,Malicious,0.7985455393791199
Malicious,Benign,0.27430567145347595
Malicious,Malicious,0.7843349575996399
Malicious,Malicious,0.8075693249702454
Malicious,Malicious,0.9196583032608032
Malicious,Malicious,0.8162356615066528
Malicious,Malicious,0.78562331199646
Malicious,Malicious,0.7679412364959717
Malicious,Malicious,0.8088262677192688
Malicious,Malicious,0.7365550994873047
Malicious,Malicious,0.8363120555877686
Malicious,Malicious,0.8811721801757812
Malicious,Malicious,0.8355154991149902
Malicious,Malicious,0.7198387384414673
Malicious,Malicious,0.8263145685195923
Malicious,Malicious,0.8057945370674133
Malicious,Malicious,0.781085193157196
Malicious,Malicious,0.8440212607383728
Malicious,Malicious,0.7686058282852173
Malicious,Malicious,0.8178744912147522
Malicious,Malicious,0.82697993516922
Malicious,Malicious,0.8218004703521729
Malicious,Malicious,1.0
Malicious,Benign,0.1810992807149887
Malicious,Malicious,0.8200204372406006
Malicious,Malicious,0.7910254597663879
Malicious,Malicious,0.6959920525550842
Malicious,Malicious,0.8577814102172852
Malicious,Malicious,0.8140397667884827
Malicious,Malicious,0.7713877558708191
Malicious,Malicious,0.79842209815979
Malicious,Malicious,0.8087718486785889
Malicious,Malicious,0.8123263120651245
Malicious,Malicious,0.8550488948822021
Malicious,Malicious,0.8774540424346924
Malicious,Malicious,0.8917539119720459
Malicious,Malicious,0.9648204445838928
Malicious,Malicious,1.0
Malicious,Malicious,0.7767359614372253
Malicious,Malicious,0.7600007057189941
Malicious,Malicious,0.999999463558197
Malicious,Malicious,0.8376374840736389
Malicious,Malicious,0.8476108312606812
Malicious,Malicious,0.8603607416152954
Malicious,Malicious,0.8607664704322815
Malicious,Malicious,1.0
Malicious,Malicious,0.80849689245224
Malicious,Malicious,0.7238423824310303
Malicious,Malicious,0.5972751379013062
Malicious,Malicious,0.7813310623168945
Malicious,Malicious,0.8139556050300598
Malicious,Malicious,0.8267080783843994
Malicious,Malicious,0.8777670860290527
Malicious,Malicious,0.8846149444580078
Malicious,Malicious,0.7895056009292603
Malicious,Malicious,0.7335624694824219
Malicious,Malicious,0.7344785332679749
Malicious,Malicious,0.9453132152557373
Malicious,Malicious,0.8063957095146179
Malicious,Malicious,0.7168084979057312
Malicious,Malicious,0.9999999403953552
Malicious,Malicious,0.7978479266166687
Malicious,Malicious,0.8011093735694885
Malicious,Benign,0.30169495940208435
Malicious,Malicious,0.7879321575164795
Malicious,Malicious,0.7854964137077332
Malicious,Malicious,0.7788087129592896
Malicious,Malicious,0.8952538371086121
Malicious,Malicious,0.8909646272659302
Malicious,Malicious,0.8130694627761841
Malicious,Malicious,0.7642074823379517
Malicious,Malicious,0.8891276717185974
Malicious,Malicious,0.8663634657859802
Malicious,Malicious,0.8762519955635071
Malicious,Malicious,0.8621999025344849
Malicious,Malicious,0.8769612312316895
Malicious,Malicious,0.8322868347167969
Malicious,Malicious,0.9999949336051941
Malicious,Malicious,0.8155364394187927
Malicious,Malicious,1.0
Malicious,Malicious,0.9539598226547241
Malicious,Malicious,1.0
Malicious,Malicious,0.7916558384895325
Malicious,Malicious,0.8540899753570557
Malicious,Malicious,0.8352676033973694
Malicious,Malicious,0.8163470029830933
Malicious,Malicious,1.0
Malicious,Malicious,0.811492383480072
Malicious,Malicious,0.8593810796737671
Malicious,Malicious,0.8418049216270447
Malicious,Malicious,0.8153234720230103
Malicious,Benign,0.26734843850135803
Malicious,Malicious,0.8710833191871643
Malicious,Malicious,0.7764979600906372
Malicious,Malicious,0.8853402733802795
Malicious,Malicious,0.8289956450462341
Malicious,Malicious,0.8709589838981628
Malicious,Malicious,0.7361705899238586
Malicious,Malicious,0.9657225012779236
Malicious,Malicious,0.8035331964492798
Malicious,Malicious,0.7255630493164062
Malicious,Malicious,0.714146077632904
Malicious,Malicious,0.6780737638473511
Malicious,Malicious,0.817263662815094
Malicious,Malicious,0.7272455096244812
Malicious,Malicious,0.8105498552322388
Malicious,Malicious,0.7890381217002869
Malicious,Malicious,0.6810948252677917
Malicious,Malicious,0.9077393412590027
Malicious,Malicious,0.8376507759094238
Malicious,Malicious,0.7583985924720764
Malicious,Malicious,0.7793668508529663
Malicious,Malicious,0.9486559629440308
Malicious,Malicious,0.7967889308929443
Malicious,Malicious,0.821902871131897
Malicious,Malicious,0.9609948396682739
Malicious,Malicious,0.7647461891174316
Malicious,Malicious,0.7629597187042236
Malicious,Malicious,0.855199933052063
Malicious,Malicious,0.7464612126350403
Malicious,Malicious,0.802573561668396
Malicious,Malicious,0.7317500114440918
Malicious,Malicious,0.8184949159622192
Malicious,Malicious,0.7098967432975769
Malicious,Malicious,0.8827635049819946
Malicious,Malicious,0.6985554695129395
Malicious,Malicious,0.7225443124771118
Malicious,Malicious,0.8265004754066467
Malicious,Malicious,0.8164300322532654
Malicious,Malicious,1.0
Malicious,Malicious,0.7947734594345093
Malicious,Benign,0.43141740560531616
Malicious,Malicious,0.9420917630195618
Malicious,Malicious,0.8875796794891357
Malicious,Malicious,0.8842491507530212
Malicious,Malicious,0.7634050846099854
Malicious,Malicious,0.8944095373153687
Malicious,Malicious,0.8326069712638855
Malicious,Malicious,0.7336843609809875
Malicious,Malicious,0.8366612195968628
Malicious,Malicious,0.8328796625137329
Malicious,Malicious,0.8417550921440125
Malicious,Malicious,0.8374294638633728
Malicious,Malicious,0.8586868643760681
Malicious,Malicious,0.7691431641578674
Malicious,Malicious,0.8788617849349976
Malicious,Malicious,0.8301886320114136
Malicious,Malicious,0.999999463558197
Malicious,Malicious,0.8290437459945679
Malicious,Malicious,1.0
Malicious,Malicious,0.9999911189079285
Malicious,Malicious,0.7919732332229614
Malicious,Malicious,0.7874454855918884
Malicious,Malicious,0.7363340258598328
Malicious,Malicious,0.7999181151390076
Malicious,Malicious,0.8665536642074585
Malicious,Malicious,0.8801079392433167
Malicious,Malicious,0.722793459892273
Malicious,Malicious,0.9999999403953552
Malicious,Malicious,0.8902371525764465
Malicious,Malicious,0.8333373069763184
Malicious,Malicious,0.8977832794189453
Malicious,Malicious,0.7851055264472961
Malicious,Malicious,0.9741795659065247
Malicious,Malicious,1.0
Malicious,Malicious,1.0
Malicious,Malicious,1.0
Malicious,Malicious,0.8161792755126953
Malicious,Malicious,0.8204303979873657
Malicious,Malicious,0.890717625617981
Malicious,Malicious,0.8561954498291016
Malicious,Malicious,0.8123368620872498
Malicious,Malicious,0.8416807651519775
Malicious,Malicious,0.7849243879318237
Malicious,Malicious,0.7392441034317017
Malicious,Malicious,0.8330376744270325
Malicious,Malicious,0.9006611704826355
Malicious,Malicious,0.8382565975189209
Malicious,Malicious,0.7986772060394287
Malicious,Malicious,0.8943178057670593
Malicious,Malicious,0.8299695253372192
Malicious,Malicious,0.8533979058265686
Malicious,Malicious,0.8787131309509277
Malicious,Malicious,0.9740872979164124
Malicious,Malicious,0.7973750233650208
Malicious,Malicious,0.8065890073776245
Malicious,Malicious,0.8315507769584656
Malicious,Malicious,0.7339982986450195
Malicious,Malicious,0.8025416731834412
Malicious,Malicious,0.975987434387207
Malicious,Malicious,0.8574633002281189
Malicious,Malicious,0.737632155418396
Malicious,Malicious,0.7650832533836365
Malicious,Malicious,0.8059842586517334
Malicious,Malicious,0.780824601650238
Malicious,Malicious,0.8679436445236206
Malicious,Malicious,1.0
Malicious,Malicious,0.9999958872795105
Malicious,Malicious,0.9039153456687927
Malicious,Malicious,0.8517845273017883
Malicious,Malicious,0.8343575596809387
Malicious,Malicious,0.8612347841262817
Malicious,Malicious,1.0
Malicious,Malicious,0.801023542881012
Malicious,Malicious,0.8124997019767761
Malicious,Malicious,0.818581759929657
Malicious,Malicious,0.8523467183113098
Malicious,Malicious,0.9725229740142822
Malicious,Malicious,0.9531146883964539
Malicious,Malicious,0.8426064252853394
Malicious,Malicious,0.8260796666145325
Malicious,Malicious,0.6998411417007446
Malicious,Malicious,0.850918710231781
Malicious,Malicious,0.7906098961830139
Malicious,Malicious,0.8502537608146667
Malicious,Malicious,0.9999998807907104
Malicious,Malicious,0.8933846950531006
Malicious,Malicious,0.7478104829788208
Malicious,Malicious,0.7589534521102905
Malicious,Malicious,0.9036915898323059
Malicious,Benign,0.3824654519557953
Malicious,Malicious,0.7947958707809448
Malicious,Malicious,0.8438222408294678
Malicious,Benign,0.4410754144191742
Malicious,Malicious,0.8101959228515625
Malicious,Malicious,0.9004804491996765
Malicious,Malicious,0.8077676892280579
Malicious,Malicious,0.8579955101013184
Malicious,Malicious,0.7978767156600952
Malicious,Malicious,0.8224823474884033
Malicious,Malicious,0.9593511819839478
Malicious,Malicious,0.904880166053772
Malicious,Malicious,0.756904125213623
Malicious,Malicious,0.7958629131317139
Malicious,Malicious,0.7697051167488098
Malicious,Malicious,0.8021780848503113
Malicious,Malicious,0.7867234349250793
Malicious,Malicious,0.7647297978401184
Malicious,Malicious,0.7711183428764343
Malicious,Malicious,0.856575071811676
Malicious,Malicious,0.8621639013290405
Malicious,Malicious,1.0
Malicious,Malicious,0.8613569140434265
Malicious,Malicious,0.7234562039375305
Malicious,Malicious,0.8819390535354614
Malicious,Malicious,0.8548502922058105
Malicious,Malicious,0.7720892429351807
Malicious,Malicious,0.7512290477752686
Malicious,Malicious,0.8913282155990601
Malicious,Malicious,0.7863594889640808
Malicious,Malicious,0.8156923055648804
Malicious,Malicious,0.8104968070983887
Malicious,Malicious,0.774295449256897
Malicious,Malicious,0.7881487607955933
Malicious,Malicious,0.7849709987640381
Malicious,Malicious,0.8018324971199036
Malicious,Malicious,0.8267236351966858
Malicious,Malicious,0.9693838953971863
Malicious,Malicious,1.0
Malicious,Malicious,0.8468177914619446
Malicious,Malicious,0.8397310972213745
Malicious,Malicious,0.8543530106544495
Malicious,Malicious,0.769775927066803
Malicious,Malicious,0.7884688973426819
Malicious,Malicious,0.8347774744033813
Malicious,Malicious,0.825991153717041
Malicious,Malicious,0.8350164890289307
Malicious,Malicious,0.8664770722389221
Malicious,Malicious,0.7706277370452881
Malicious,Malicious,0.8694473505020142
Malicious,Malicious,0.9576022028923035
Malicious,Malicious,0.7464122772216797
Malicious,Malicious,0.8145464658737183
Malicious,Malicious,0.6946953535079956
Malicious,Malicious,0.8333106637001038
Malicious,Malicious,0.9999969601631165
Malicious,Benign,0.45392242074012756
Malicious,Malicious,0.7820026278495789
Malicious,Malicious,0.819229245185852
Malicious,Malicious,0.9014836549758911
Malicious,Malicious,0.781543493270874
Malicious,Malicious,0.7951670289039612
Malicious,Malicious,0.8459655046463013
Malicious,Malicious,0.8625259399414062
Malicious,Malicious,1.0
Malicious,Malicious,0.9196748733520508
Malicious,Malicious,0.8645619750022888
Malicious,Malicious,0.7712379693984985
Malicious,Benign,0.4399649202823639
Malicious,Malicious,0.9844873547554016
Malicious,Malicious,0.9931426644325256
Malicious,Malicious,0.755836009979248
Malicious,Malicious,0.8254498839378357
Malicious,Malicious,0.8433623313903809
Malicious,Malicious,0.7656800150871277
Malicious,Malicious,0.7917991876602173
Malicious,Malicious,0.9999998807907104
Malicious,Malicious,0.8561052680015564
Malicious,Malicious,0.8643253445625305
Malicious,Malicious,0.84487384557724
Malicious,Malicious,0.8841753005981445
Malicious,Malicious,0.8247988224029541
Malicious,Malicious,0.7069433927536011
Malicious,Malicious,0.8657262325286865
Malicious,Malicious,0.8556042909622192
Malicious,Malicious,0.999994158744812
Malicious,Malicious,0.7292525172233582
Malicious,Malicious,0.9665830135345459
Malicious,Malicious,0.6817359924316406
Malicious,Malicious,1.0
Malicious,Malicious,0.8202359676361084
Malicious,Malicious,0.7186842560768127
Malicious,Malicious,0.8068796396255493
Malicious,Malicious,1.0
Malicious,Malicious,0.7305408120155334
Malicious,Malicious,0.8434744477272034
Malicious,Malicious,0.9999998807907104
Malicious,Malicious,0.8410876989364624
Malicious,Malicious,0.8931133151054382
Malicious,Malicious,0.8405907154083252
Malicious,Malicious,0.7788689136505127
Malicious,Malicious,0.9676139950752258
Malicious,Malicious,0.7835817337036133
Malicious,Malicious,0.8017314076423645
Malicious,Malicious,0.8749754428863525
Malicious,Malicious,0.9187656044960022
Malicious,Malicious,0.7530412673950195
Malicious,Malicious,1.0
Malicious,Malicious,0.8042316436767578
Malicious,Malicious,0.782335638999939
Malicious,Malicious,0.9451653361320496
Malicious,Malicious,0.7797761559486389
Malicious,Malicious,0.7860032916069031
Malicious,Malicious,0.7712440490722656
Malicious,Malicious,0.840509831905365
Malicious,Malicious,0.8500386476516724
Malicious,Malicious,0.8285683393478394
Malicious,Malicious,0.7397875785827637
Malicious,Malicious,0.8537808656692505
Malicious,Malicious,0.9792649149894714
Malicious,Malicious,1.0
Malicious,Malicious,0.8377360701560974
Malicious,Malicious,0.9020453095436096
Malicious,Malicious,0.8344489336013794
Malicious,Malicious,0.8984231948852539
Malicious,Malicious,0.7517058253288269
Malicious,Malicious,0.9091683626174927
Malicious,Malicious,0.6900814175605774
Malicious,Malicious,0.8814248442649841
Malicious,Malicious,0.8131986260414124
Malicious,Malicious,0.77089923620224
Malicious,Malicious,0.8396799564361572
Malicious,Malicious,0.9999946355819702
Malicious,Malicious,0.8248625993728638
Malicious,Malicious,0.7938856482505798
Malicious,Malicious,0.7662279009819031
Malicious,Malicious,0.8085388541221619
Malicious,Malicious,0.8828830718994141
Malicious,Malicious,0.8095325827598572
Malicious,Malicious,0.9053422808647156
Malicious,Benign,0.4285491704940796
Malicious,Malicious,0.7817718386650085
Malicious,Malicious,0.780791163444519
Malicious,Malicious,0.8320549130439758
Malicious,Malicious,0.8186654448509216
Malicious,Malicious,0.8655223250389099
Malicious,Malicious,0.8171008825302124
Malicious,Malicious,0.8353620171546936
Malicious,Malicious,0.8864684104919434
Malicious,Malicious,0.7356861233711243
Malicious,Malicious,0.8693112134933472
Malicious,Malicious,0.9552309513092041
Malicious,Malicious,0.8871433734893799
Malicious,Malicious,0.7813416123390198
Malicious,Malicious,0.861589789390564
Malicious,Malicious,0.9999999403953552
Malicious,Malicious,0.7661229372024536
Malicious,Malicious,0.8378764390945435
Malicious,Malicious,0.8532364964485168
Malicious,Malicious,0.9214224219322205
Malicious,Malicious,0.8017730712890625
Malicious,Malicious,0.8154381513595581
Malicious,Malicious,0.8284003734588623
Malicious,Malicious,0.7179594039916992
Malicious,Malicious,0.8278264403343201
Malicious,Malicious,0.8695478439331055
Malicious,Malicious,0.8227154612541199
Malicious,Malicious,0.9999929070472717
Malicious,Malicious,0.9999945163726807
Malicious,Malicious,0.8100468516349792
Malicious,Malicious,0.8644183278083801
Malicious,Benign,0.3568454086780548
Malicious,Malicious,0.858745813369751
Malicious,Malicious,0.9999938607215881
Malicious,Malicious,0.7798066139221191
Malicious,Malicious,0.874316930770874
Malicious,Malicious,0.9226868748664856
Malicious,Malicious,0.9278149604797363
Malicious,Malicious,0.9944413900375366
Malicious,Malicious,0.7837998867034912
Malicious,Malicious,0.7016011476516724
Malicious,Malicious,0.9282934069633484
Malicious,Malicious,0.9999940395355225
Malicious,Malicious,0.8185893297195435
Malicious,Malicious,0.8209902048110962
Malicious,Malicious,0.8836399912834167
Malicious,Malicious,0.851085901260376
Malicious,Malicious,0.8515111804008484
Malicious,Malicious,0.8339524865150452
Malicious,Malicious,0.8406794667243958
Malicious,Malicious,0.8359988331794739
Malicious,Malicious,0.9999949932098389
Malicious,Malicious,0.7735456228256226
Malicious,Malicious,0.8478609323501587
Malicious,Malicious,0.8933911919593811
Malicious,Malicious,0.7733751535415649
Malicious,Malicious,0.8156237006187439
Malicious,Malicious,0.8575383424758911
Malicious,Malicious,0.8060652613639832
Malicious,Malicious,0.9168092608451843
Malicious,Malicious,0.8666468858718872
Malicious,Malicious,0.9999499917030334
Malicious,Malicious,0.8207754492759705
Malicious,Malicious,0.7880059480667114
Malicious,Malicious,0.7952815294265747
Malicious,Malicious,0.7612569332122803
Malicious,Malicious,0.7548173666000366
Malicious,Malicious,0.9999957084655762
Malicious,Malicious,0.9995218515396118
Malicious,Malicious,0.7637315392494202
Malicious,Malicious,0.7497156262397766
Malicious,Malicious,0.8539177775382996
Malicious,Malicious,0.7861013412475586
Malicious,Malicious,0.862036943435669
Malicious,Malicious,0.7721536755561829
Malicious,Malicious,0.8255157470703125
Malicious,Malicious,0.7883177399635315
Malicious,Malicious,0.8585202097892761
Malicious,Malicious,0.8739572167396545
Malicious,Malicious,0.8508456945419312
Malicious,Malicious,0.8730502128601074
Malicious,Malicious,0.8615918755531311
Malicious,Malicious,0.8974581360816956
Malicious,Malicious,0.8722637295722961
Malicious,Malicious,0.9006658792495728
Malicious,Malicious,1.0
Malicious,Malicious,0.7478777766227722
Malicious,Malicious,0.7799143195152283
Malicious,Malicious,0.7828700542449951
Malicious,Malicious,0.9140857458114624
Malicious,Malicious,1.0
Malicious,Malicious,0.8702917695045471
Malicious,Malicious,0.9725934267044067
Malicious,Malicious,0.8036376237869263
Malicious,Malicious,0.8471079468727112
Malicious,Malicious,0.9021016955375671
Malicious,Malicious,0.9557084441184998
Malicious,Malicious,0.8335908651351929
Malicious,Malicious,0.8184494972229004
Malicious,Malicious,0.8386277556419373
Malicious,Malicious,1.0
Malicious,Malicious,0.9999929070472717
Malicious,Malicious,0.6905262470245361
Malicious,Malicious,0.8322904109954834
Malicious,Malicious,0.8434858918190002
Malicious,Malicious,0.9339563250541687
Malicious,Malicious,0.8053399920463562
Malicious,Malicious,0.7915911674499512
Malicious,Malicious,0.7853623032569885
Malicious,Malicious,0.9198190569877625
Malicious,Malicious,0.837142825126648
Malicious,Malicious,0.7661421298980713
Malicious,Malicious,0.8482853174209595
Malicious,Benign,7.608079964638303e-12
Malicious,Malicious,0.8801847696304321
Malicious,Malicious,0.7325872778892517
Malicious,Malicious,0.9181254506111145
Malicious,Malicious,0.8264767527580261
Malicious,Malicious,0.7004058957099915
Malicious,Malicious,0.7802417278289795
Malicious,Benign,0.3238404095172882
Malicious,Malicious,0.8003224730491638
Malicious,Malicious,0.8866902589797974
Malicious,Malicious,0.9855905175209045
Malicious,Malicious,0.8499394059181213
Malicious,Malicious,0.8803122639656067
Malicious,Malicious,0.9755353927612305
Malicious,Malicious,0.819892942905426
Malicious,Malicious,0.7860825657844543
Malicious,Malicious,0.8558230996131897
Malicious,Malicious,0.880119264125824
Malicious,Malicious,0.8519651889801025
Malicious,Malicious,0.8226940631866455
Malicious,Malicious,0.541159451007843
Malicious,Malicious,0.8266018033027649
Malicious,Malicious,0.8703508377075195
Malicious,Malicious,0.8059795498847961
Malicious,Malicious,0.7732939124107361
Malicious,Malicious,0.763809859752655
Malicious,Malicious,1.0
Malicious,Malicious,0.8215846419334412
Malicious,Malicious,0.7712917923927307
Malicious,Malicious,0.8987881541252136
Malicious,Benign,0.3650010824203491
Malicious,Malicious,0.6787822246551514
Malicious,Malicious,0.8611527681350708
Malicious,Malicious,0.7020747065544128
Malicious,Malicious,0.8274994492530823
Malicious,Malicious,0.7783060073852539
Malicious,Malicious,1.0
Malicious,Malicious,0.8908390402793884
Malicious,Malicious,0.7088861465454102
Malicious,Malicious,0.7266358733177185
Malicious,Malicious,0.9175092577934265
Malicious,Malicious,0.8592231869697571
Malicious,Malicious,0.9999999403953552
Malicious,Malicious,0.9102192521095276
Malicious,Malicious,0.9999998807907104
Malicious,Benign,0.17715448141098022
Malicious,Malicious,0.8714910745620728
Malicious,Malicious,0.8210139274597168
Malicious,Malicious,0.9183861017227173
Malicious,Malicious,0.7909510731697083
Malicious,Malicious,0.8833160400390625
Malicious,Malicious,0.8272227048873901
Malicious,Malicious,0.8228955864906311
Malicious,Malicious,0.7164559960365295
Malicious,Malicious,1.0
Malicious,Malicious,0.8302291035652161
Malicious,Malicious,0.9211779832839966
Malicious,Malicious,0.8737573623657227
Malicious,Malicious,0.8106012344360352
Malicious,Malicious,0.8156925439834595
Malicious,Malicious,0.8467485904693604
Malicious,Malicious,0.7743022441864014
Malicious,Malicious,0.7381274104118347
Malicious,Malicious,0.7995123863220215
Malicious,Malicious,0.804101288318634
Malicious,Malicious,0.8196865320205688
Malicious,Malicious,0.897208034992218
Malicious,Malicious,0.7686503529548645
Malicious,Malicious,0.8036407828330994
Malicious,Malicious,0.7356529831886292
Malicious,Malicious,0.8546246886253357
Malicious,Malicious,0.7309622168540955
Malicious,Malicious,0.8955875039100647
Malicious,Malicious,0.8664770722389221
Malicious,Malicious,0.692669153213501
Malicious,Malicious,0.8498350977897644
Malicious,Malicious,0.7925768494606018
Malicious,Malicious,0.8235247731208801
Malicious,Malicious,0.7792285084724426
Malicious,Malicious,0.957747220993042
Malicious,Malicious,0.8714134097099304
Malicious,Malicious,0.9907085299491882
Malicious,Malicious,0.8639413714408875
Malicious,Malicious,0.759632408618927
Malicious,Malicious,0.8149152398109436
Malicious,Malicious,0.9999700784683228
Malicious,Malicious,0.7504470944404602
Malicious,Malicious,0.9730125665664673
Malicious,Malicious,0.7818459272384644
Malicious,Malicious,0.71445631980896
Malicious,Malicious,0.902595579624176
Malicious,Malicious,0.7908792495727539
Malicious,Malicious,0.8294815421104431
Malicious,Malicious,0.8187484741210938
Malicious,Malicious,0.8450052738189697
Malicious,Malicious,0.957370400428772
Malicious,Malicious,0.9288349151611328
Malicious,Malicious,0.9615523219108582
Malicious,Malicious,0.7955266833305359
Malicious,Malicious,0.8722438812255859
Malicious,Malicious,0.7627398371696472
Malicious,Malicious,0.836784303188324
Malicious,Malicious,0.8662159442901611
Malicious,Malicious,0.8022046685218811
Malicious,Malicious,0.7935929298400879
Malicious,Malicious,0.7902060747146606
Malicious,Malicious,0.8485920429229736
Malicious,Malicious,0.8685943484306335
Malicious,Malicious,0.7896988987922668
Malicious,Malicious,0.8482934236526489
Malicious,Malicious,0.8356941342353821
Malicious,Malicious,0.9028252363204956
Malicious,Malicious,0.7774342894554138
Malicious,Malicious,0.7840391993522644
Malicious,Malicious,0.746998131275177
Malicious,Malicious,0.8199243545532227
Malicious,Malicious,0.7366049289703369
Malicious,Malicious,0.7991076707839966
Malicious,Malicious,0.8205191493034363
Malicious,Malicious,0.8367117047309875
Malicious,Malicious,0.8984214663505554
Malicious,Malicious,0.9999953508377075
Malicious,Malicious,1.0
Malicious,Malicious,0.7363982200622559
Malicious,Malicious,0.8655768632888794
Malicious,Malicious,0.7150655388832092
Malicious,Benign,0.414650559425354
Malicious,Malicious,0.8834419846534729
Malicious,Malicious,0.827867865562439
Malicious,Malicious,0.7771362662315369
Malicious,Malicious,0.7433236241340637
Malicious,Malicious,0.8753556609153748
Malicious,Malicious,0.7329236268997192
Malicious,Malicious,0.7865557074546814
Malicious,Malicious,0.8743491768836975
Malicious,Malicious,0.8253266215324402
Malicious,Malicious,0.8084816932678223
Malicious,Malicious,0.8886194229125977
Malicious,Malicious,0.8427826166152954
Malicious,Malicious,0.8483150005340576
Malicious,Malicious,0.7758199572563171
Malicious,Malicious,0.8825809955596924
Malicious,Malicious,0.8130744099617004
Malicious,Malicious,0.8189898133277893
Malicious,Malicious,1.0
Malicious,Malicious,0.7473083138465881
Malicious,Malicious,0.800531804561615
Malicious,Malicious,0.8414591550827026
Malicious,Malicious,0.8401445746421814
Malicious,Malicious,0.8129633069038391
Malicious,Malicious,0.8774827122688293
Malicious,Malicious,0.8424403071403503
Malicious,Malicious,0.7243825793266296
Malicious,Malicious,1.0
Malicious,Malicious,0.8241127729415894
Malicious,Malicious,0.798356831073761
Malicious,Malicious,0.8059015870094299
Malicious,Malicious,1.0
Malicious,Benign,0.30693089962005615
Malicious,Malicious,0.8904276490211487
Malicious,Malicious,0.7939871549606323
Malicious,Malicious,0.9999993443489075
Malicious,Malicious,0.8200387954711914
Malicious,Malicious,0.9671308994293213
Malicious,Benign,0.22014613449573517
Malicious,Malicious,0.778327465057373
Malicious,Malicious,0.8763121962547302
Malicious,Malicious,0.8185665011405945
Malicious,Malicious,0.7695652842521667
Malicious,Malicious,0.8728736042976379
Malicious,Malicious,0.8770859837532043
Malicious,Malicious,0.7626179456710815
Malicious,Malicious,0.8548496961593628
Malicious,Malicious,0.7771108150482178
Malicious,Malicious,0.9736621975898743
Malicious,Malicious,0.725415050983429
Malicious,Malicious,0.7936108708381653
Malicious,Benign,0.03472663834691048
Malicious,Malicious,0.8058287501335144
Malicious,Malicious,0.8871484398841858
Malicious,Malicious,0.8362241387367249
Malicious,Malicious,0.8393957018852234
Malicious,Malicious,0.8865782618522644
Malicious,Malicious,0.8196731805801392
Malicious,Malicious,0.8971900939941406
Malicious,Malicious,0.7914220690727234
Malicious,Malicious,0.7676956057548523
Malicious,Malicious,0.7809590697288513
Malicious,Malicious,0.9552267789840698
Malicious,Malicious,0.7857841849327087
Malicious,Malicious,0.7900592684745789
Malicious,Malicious,0.7766161561012268
Malicious,Malicious,0.7991373538970947
Malicious,Malicious,0.7271950840950012
Malicious,Malicious,0.7874557375907898
Malicious,Malicious,0.9437476396560669
Malicious,Malicious,0.9587878584861755
Malicious,Malicious,1.0
Malicious,Malicious,0.8017708659172058
Malicious,Malicious,0.7024228572845459
Malicious,Malicious,0.8794024586677551
Malicious,Malicious,0.806317925453186
Malicious,Malicious,0.6274312138557434
Malicious,Malicious,0.8714311122894287
Malicious,Malicious,0.8206002712249756
Malicious,Malicious,0.8298736810684204
Malicious,Malicious,0.8485142588615417
Malicious,Malicious,0.8710995316505432
Malicious,Malicious,0.814204216003418
Malicious,Malicious,0.9032468795776367
Malicious,Malicious,0.8425999879837036
Malicious,Malicious,0.7576586604118347
Malicious,Malicious,0.7798627614974976
Malicious,Malicious,0.7151738405227661
Malicious,Malicious,0.875232458114624
Malicious,Malicious,0.8332446813583374
Malicious,Malicious,0.8362603187561035
Malicious,Malicious,1.0
Malicious,Malicious,0.9999980926513672
Malicious,Malicious,0.8850157856941223
Malicious,Malicious,0.9234306216239929
Malicious,Malicious,0.8647418022155762
Malicious,Malicious,0.8063180446624756
Malicious,Malicious,0.9640810489654541
Malicious,Malicious,0.8708325624465942
Malicious,Malicious,0.8354443907737732
Malicious,Malicious,0.7698801159858704
Malicious,Malicious,0.7764191031455994
Malicious,Malicious,0.7784072160720825
Malicious,Malicious,0.7979493141174316
Malicious,Malicious,0.7566831111907959
Malicious,Malicious,0.8163280487060547
Malicious,Malicious,1.0
Malicious,Malicious,0.8683172464370728
Malicious,Malicious,0.9599284529685974
Malicious,Malicious,0.8331828713417053
Malicious,Malicious,0.9837208390235901
Malicious,Malicious,0.8246726393699646
Malicious,Malicious,0.883924663066864
Malicious,Malicious,1.0
Malicious,Malicious,0.8942548632621765
Malicious,Malicious,0.7471597790718079
Malicious,Malicious,0.8816087245941162
Malicious,Malicious,0.8179921507835388
Malicious,Malicious,0.9487501978874207
Malicious,Benign,0.3651637136936188
Malicious,Malicious,0.7781673073768616
Malicious,Malicious,0.7845361232757568
Malicious,Malicious,0.7401989102363586
Malicious,Malicious,0.8240325450897217
Malicious,Malicious,0.8566575646400452
Malicious,Malicious,0.8269423842430115
Malicious,Malicious,0.8197494745254517
Malicious,Malicious,0.7539911270141602
Malicious,Malicious,0.8885597586631775
Malicious,Malicious,0.8924620747566223
Malicious,Malicious,0.8043662309646606
Malicious,Malicious,0.8918145895004272
Malicious,Malicious,0.8213917016983032
Malicious,Malicious,0.8433511257171631
Malicious,Malicious,0.7968559265136719
Malicious,Malicious,0.831659197807312
Malicious,Malicious,0.8593528866767883
Malicious,Malicious,0.8957922458648682
Malicious,Malicious,0.8112839460372925
Malicious,Malicious,0.7936643958091736
Malicious,Malicious,0.8274154663085938
Malicious,Malicious,0.7124040126800537
Malicious,Malicious,0.850925624370575
Malicious,Malicious,0.7682233452796936
Malicious,Malicious,0.8197593092918396
Malicious,Malicious,1.0
Malicious,Malicious,0.7583354711532593
Malicious,Malicious,0.8434399962425232
Malicious,Malicious,0.7169142365455627
Malicious,Malicious,0.6781325936317444
Malicious,Malicious,0.8992828130722046
Malicious,Malicious,0.8044003248214722
Malicious,Malicious,0.817520022392273
Malicious,Malicious,0.7163219451904297
Malicious,Malicious,0.7666646838188171
Malicious,Malicious,0.7350683808326721
Malicious,Malicious,0.7637142539024353
Malicious,Malicious,0.8203591108322144
Malicious,Malicious,0.890717625617981
Malicious,Malicious,0.7894669771194458
Malicious,Benign,0.06252434849739075
Malicious,Malicious,0.7763723731040955
Malicious,Benign,0.1419064998626709
Malicious,Malicious,0.805291473865509
Malicious,Malicious,0.9782862067222595
Malicious,Malicious,0.8319692611694336
Malicious,Malicious,0.7655408382415771
Malicious,Malicious,0.9809998273849487
Malicious,Malicious,0.8399829268455505
Malicious,Malicious,0.7704146504402161
Malicious,Malicious,0.9322332739830017
Malicious,Malicious,0.8552773594856262
Malicious,Malicious,0.7969078421592712
Malicious,Benign,0.43714988231658936
Malicious,Malicious,0.8068243265151978
Malicious,Malicious,0.8497917652130127
Malicious,Malicious,0.9034720659255981
Malicious,Malicious,0.7729700803756714
Malicious,Malicious,0.8682944774627686
Malicious,Malicious,1.0
Malicious,Malicious,0.8470381498336792
Malicious,Malicious,0.7451028823852539
Malicious,Malicious,0.9484623074531555
Malicious,Malicious,0.8190314769744873
Malicious,Malicious,0.8682208061218262
Malicious,Malicious,0.6823188066482544
Malicious,Malicious,0.8705822825431824
Malicious,Malicious,0.7692350149154663
Malicious,Malicious,0.729668140411377
Malicious,Malicious,0.7614827156066895
Malicious,Malicious,0.7720105051994324
Malicious,Malicious,0.7292923331260681
Malicious,Malicious,0.7536823153495789
Malicious,Malicious,0.780178427696228
Malicious,Malicious,0.8972455859184265
Malicious,Malicious,0.9820125699043274
Malicious,Malicious,0.8818023800849915
Malicious,Malicious,0.724316418170929
Malicious,Malicious,0.8149880766868591
Malicious,Malicious,0.9999938607215881
Malicious,Malicious,0.8419593572616577
Malicious,Malicious,0.7813015580177307
Malicious,Malicious,0.7434614300727844
Malicious,Malicious,0.7853614687919617
Malicious,Malicious,0.9143091440200806
Malicious,Malicious,0.8874170184135437
Malicious,Malicious,0.8997321724891663
Malicious,Malicious,0.7588680386543274
Malicious,Malicious,0.7846949100494385
Malicious,Malicious,0.8728368282318115
Malicious,Malicious,0.8030377626419067
Malicious,Malicious,0.956554114818573
Malicious,Malicious,0.8149065971374512
Malicious,Malicious,0.78475022315979
Malicious,Malicious,0.6296098232269287
Malicious,Malicious,0.8363184332847595
Malicious,Malicious,0.7061987519264221
Malicious,Malicious,0.89472496509552
Malicious,Malicious,0.8544104099273682
Malicious,Malicious,0.8458907008171082
Malicious,Malicious,0.9214404225349426
Malicious,Malicious,0.9882214069366455
Malicious,Malicious,0.8873720765113831
Malicious,Malicious,0.8103167414665222
Malicious,Malicious,0.7973498106002808
Malicious,Malicious,0.8511384129524231
Malicious,Malicious,0.7831270098686218
Malicious,Malicious,0.957747220993042
Malicious,Malicious,0.8632392287254333
Malicious,Malicious,0.7638305425643921
Malicious,Malicious,0.8414549827575684
Malicious,Malicious,0.8704043030738831
Malicious,Malicious,0.8016543984413147
Malicious,Malicious,0.8076644539833069
Malicious,Malicious,0.9999998807907104
Malicious,Malicious,0.90409255027771
Malicious,Malicious,0.824941873550415
Malicious,Malicious,0.7200146317481995
Malicious,Malicious,0.8296149969100952
Malicious,Malicious,0.751988410949707
Malicious,Malicious,0.836185097694397
Malicious,Malicious,0.874596118927002
Malicious,Malicious,0.8418312072753906
Malicious,Malicious,0.9044249057769775
Malicious,Malicious,0.7480781078338623
Malicious,Malicious,0.9999765753746033
Malicious,Malicious,0.9866677522659302
Malicious,Malicious,0.7113239765167236
Malicious,Malicious,0.8347823619842529
Malicious,Malicious,0.8545179963111877
Malicious,Malicious,0.7408868074417114
Malicious,Malicious,1.0
Malicious,Malicious,1.0
Malicious,Malicious,0.7475787997245789
Malicious,Malicious,0.7383837699890137
Malicious,Malicious,0.8279159069061279
Malicious,Malicious,0.8345577120780945
Malicious,Malicious,0.8862518072128296
Malicious,Malicious,0.8185179233551025
Malicious,Malicious,0.5711181163787842
Malicious,Malicious,0.7904818058013916
Malicious,Malicious,0.8026630878448486
Malicious,Malicious,0.8466522693634033
Malicious,Malicious,0.8079505562782288
Malicious,Malicious,0.8915717601776123
Malicious,Malicious,0.7954411506652832
Malicious,Malicious,0.5695993900299072
Malicious,Malicious,0.7555038332939148
Malicious,Malicious,0.7454037666320801
Malicious,Malicious,0.8536831140518188
Malicious,Malicious,0.7611088752746582
Malicious,Malicious,0.8176153898239136
Malicious,Malicious,0.9562625885009766
Malicious,Malicious,0.8903602957725525
Malicious,Malicious,0.9999985694885254
Malicious,Malicious,0.8495562076568604
Malicious,Malicious,0.8508152365684509
Malicious,Malicious,0.8414038419723511
Malicious,Malicious,0.8051865100860596
Malicious,Malicious,0.7847095727920532
Malicious,Malicious,0.8070160150527954
Malicious,Malicious,0.8425428867340088
Malicious,Malicious,1.0
Malicious,Malicious,0.7517882585525513
Malicious,Malicious,0.8506330251693726
Malicious,Malicious,0.7641507387161255
Malicious,Malicious,0.9061030745506287
Malicious,Malicious,0.7379463315010071
Malicious,Malicious,1.0
Malicious,Malicious,0.809942364692688
Malicious,Malicious,0.8096269369125366
Malicious,Malicious,1.0
Malicious,Malicious,0.7984849810600281
Malicious,Malicious,0.9999955892562866
Malicious,Malicious,0.9783384203910828
Malicious,Malicious,0.7423945069313049
Malicious,Malicious,0.7859894037246704
Malicious,Malicious,0.9197182655334473
Malicious,Malicious,0.8535007238388062
Malicious,Malicious,0.8347272276878357
Malicious,Malicious,0.8777526617050171
Malicious,Malicious,0.732982337474823
Malicious,Malicious,0.8132102489471436
Malicious,Malicious,0.8716521859169006
Malicious,Malicious,0.8098887801170349
Malicious,Malicious,1.0
Malicious,Malicious,0.7863893508911133
Malicious,Malicious,0.8633310794830322
Malicious,Malicious,0.8203514218330383
Malicious,Malicious,0.7254559397697449
Malicious,Malicious,0.7339848279953003
Malicious,Malicious,0.964043915271759
Malicious,Malicious,0.8257023692131042
Malicious,Malicious,0.8108810186386108
Malicious,Benign,0.3856886327266693
Malicious,Malicious,0.7544798851013184
Malicious,Malicious,0.9999990463256836
Malicious,Malicious,0.6634038090705872
Malicious,Malicious,0.7618868947029114
Malicious,Malicious,0.7357329726219177
Malicious,Malicious,1.0
Malicious,Malicious,0.8567863702774048
Malicious,Malicious,0.8753355145454407
Malicious,Malicious,1.0
Malicious,Malicious,0.9999985098838806
Malicious,Malicious,0.999972403049469
Malicious,Malicious,0.82686448097229
Malicious,Malicious,0.9999940395355225
Malicious,Malicious,0.8076972961425781
Malicious,Malicious,0.7888020873069763
Malicious,Malicious,0.9301268458366394
Malicious,Malicious,0.808822512626648
Malicious,Malicious,0.8638925552368164
Malicious,Malicious,0.8143312931060791
Malicious,Malicious,0.8290886878967285
Malicious,Malicious,0.8014933466911316
Malicious,Malicious,0.8158002495765686
Malicious,Malicious,0.8097195029258728
Malicious,Malicious,0.8125188946723938
Malicious,Malicious,0.8426492214202881
Malicious,Malicious,0.8783645033836365
Malicious,Malicious,0.9785587191581726
Malicious,Malicious,0.8215939402580261
Malicious,Malicious,0.8549439311027527
Malicious,Malicious,0.8090630769729614
Malicious,Malicious,0.9013428092002869
Malicious,Malicious,0.8070355653762817
Malicious,Malicious,0.8145222663879395
Malicious,Malicious,0.8017480373382568
Malicious,Malicious,0.7726790308952332
Malicious,Malicious,0.8845681548118591
Malicious,Malicious,0.9999999403953552
Malicious,Malicious,0.8183099031448364
Malicious,Malicious,0.6806440353393555
Malicious,Malicious,0.949112594127655
Malicious,Malicious,0.8808727264404297
Malicious,Malicious,0.8538522720336914
Malicious,Malicious,0.8658347129821777
Malicious,Malicious,0.999993622303009
Malicious,Malicious,0.9969487190246582
Malicious,Malicious,0.8260648250579834
Malicious,Malicious,0.7039053440093994
Malicious,Malicious,0.8535889387130737
Malicious,Malicious,0.9205209612846375
Malicious,Malicious,0.7650108337402344
Malicious,Malicious,0.9273507595062256
Malicious,Malicious,0.7919973731040955
Malicious,Malicious,0.8547469973564148
Malicious,Malicious,0.7545706033706665
Malicious,Malicious,0.9999937415122986
Malicious,Malicious,1.0
Malicious,Malicious,0.8676938414573669
Malicious,Malicious,0.8157808780670166
Malicious,Malicious,0.7149683237075806
Malicious,Malicious,0.9710990190505981
Malicious,Malicious,0.8194988965988159
Malicious,Malicious,0.8508839011192322
Malicious,Benign,0.21924138069152832
Malicious,Malicious,0.8391842246055603
Malicious,Malicious,0.81742262840271
Malicious,Malicious,0.8429563641548157
Malicious,Malicious,0.8103355169296265
Malicious,Malicious,0.7737593054771423
Malicious,Malicious,0.901786208152771
Malicious,Malicious,0.7500490546226501
Malicious,Malicious,0.7469427585601807
Malicious,Malicious,0.8710777759552002
Malicious,Malicious,0.7916744351387024
Malicious,Malicious,0.8153076767921448
Malicious,Malicious,0.8050425052642822
Malicious,Malicious,0.7812824249267578
Malicious,Malicious,0.7951245903968811
Malicious,Malicious,0.7543420791625977
Malicious,Malicious,0.7536340951919556
Malicious,Malicious,0.784729540348053
Malicious,Malicious,0.7914448976516724
Malicious,Malicious,0.7545204758644104
Malicious,Malicious,0.8953374624252319
Malicious,Malicious,0.8315615653991699
Malicious,Malicious,0.7402535676956177
Malicious,Malicious,0.8481503129005432
Malicious,Malicious,0.7650449872016907
Malicious,Malicious,0.8461405634880066
Malicious,Malicious,0.8097009062767029
Malicious,Malicious,0.8692247271537781
Malicious,Malicious,0.8051992654800415
Malicious,Malicious,0.7949788570404053
Malicious,Malicious,0.8623583912849426
Malicious,Malicious,0.8776500821113586
Malicious,Malicious,0.8887501358985901
Malicious,Malicious,0.8675463199615479
Malicious,Malicious,0.8422226905822754
Malicious,Malicious,0.7417343854904175
Malicious,Malicious,1.0
Malicious,Malicious,0.7694040536880493
Malicious,Malicious,0.8266676664352417
Malicious,Malicious,1.0
Malicious,Malicious,0.8485392332077026
Malicious,Malicious,0.9999998807907104
Malicious,Malicious,0.7573112845420837
Malicious,Malicious,0.9897040724754333
Malicious,Malicious,0.76874178647995
Malicious,Malicious,0.7411616444587708
Malicious,Malicious,0.8743969798088074
Malicious,Malicious,0.8190041780471802
Malicious,Malicious,0.8024677634239197
Malicious,Malicious,0.8643842935562134
Malicious,Malicious,0.8384683728218079
Malicious,Malicious,0.8340733051300049
Malicious,Malicious,0.9105967879295349
Malicious,Malicious,0.860249936580658
Malicious,Malicious,0.7893821597099304
Malicious,Malicious,0.8100032806396484
Malicious,Malicious,0.8638580441474915
Malicious,Malicious,1.0
Malicious,Malicious,0.946204423904419
Malicious,Malicious,0.8465253710746765
Malicious,Malicious,0.9597004055976868
Malicious,Malicious,0.9412487149238586
Malicious,Malicious,0.8402432203292847
Malicious,Malicious,0.892213761806488
Malicious,Malicious,0.872874915599823
Malicious,Malicious,0.7793569564819336
Malicious,Malicious,0.8313125967979431
Malicious,Malicious,0.8337512016296387
Malicious,Malicious,0.7869882583618164
Malicious,Malicious,0.8748567700386047
Malicious,Malicious,0.8415627479553223
Malicious,Malicious,0.8004571199417114
Malicious,Malicious,0.809350311756134
Malicious,Malicious,0.7785729765892029
Malicious,Malicious,0.7938861846923828
Malicious,Malicious,0.7697281837463379
Malicious,Malicious,0.9625552296638489
Malicious,Malicious,0.9477540850639343
Malicious,Malicious,0.9587878584861755
Malicious,Malicious,0.9999932050704956
Malicious,Malicious,0.9115543961524963
Malicious,Malicious,1.0
Malicious,Malicious,0.8247984051704407
Malicious,Malicious,0.79395592212677
Malicious,Malicious,0.9651529788970947
Malicious,Malicious,0.7571457624435425
Malicious,Malicious,0.8111228346824646
Malicious,Malicious,0.8805075883865356
Malicious,Malicious,0.7118619680404663
Malicious,Malicious,1.0
Malicious,Malicious,0.8411591649055481
Malicious,Malicious,0.8892362713813782
Malicious,Malicious,0.7458364963531494
Malicious,Malicious,0.759240448474884
Malicious,Malicious,1.0
Malicious,Malicious,0.8587135672569275
Malicious,Malicious,0.878293514251709
Malicious,Benign,0.38408705592155457
Malicious,Malicious,0.8338199853897095
Malicious,Malicious,0.8666109442710876
Malicious,Malicious,0.8210994005203247
Malicious,Malicious,0.8117189407348633
Malicious,Malicious,0.7857479453086853
Malicious,Malicious,0.7956103682518005
Malicious,Malicious,0.9999940991401672
Malicious,Malicious,0.8857547640800476
Malicious,Malicious,0.7497759461402893
Malicious,Malicious,0.8139048218727112
Malicious,Malicious,0.8275886178016663
Malicious,Malicious,0.7740789651870728
Malicious,Malicious,0.8017694354057312
Malicious,Malicious,0.8140983581542969
Malicious,Malicious,0.8623756766319275
Malicious,Malicious,0.8367399573326111
Malicious,Malicious,0.8729439377784729
Malicious,Malicious,0.999993622303009
Malicious,Malicious,0.886748731136322
Malicious,Malicious,0.8253800868988037
Malicious,Malicious,0.8038173317909241
Malicious,Malicious,0.8706327080726624
Malicious,Malicious,0.7805780172348022
Malicious,Malicious,0.9448801875114441
Malicious,Malicious,0.8142083883285522
Malicious,Malicious,0.7571825981140137
Malicious,Malicious,0.7936041355133057
Malicious,Malicious,0.8213467001914978
Malicious,Malicious,0.8339112401008606
Malicious,Malicious,0.8467277884483337
Malicious,Malicious,0.5448359847068787
Malicious,Malicious,0.8158848285675049
Malicious,Malicious,0.8243910074234009
Malicious,Malicious,0.9818816184997559
Malicious,Malicious,0.773114800453186
Malicious,Malicious,0.9597815275192261
Malicious,Malicious,0.8136125802993774
Malicious,Malicious,0.6979790329933167
Malicious,Malicious,0.82329922914505
Malicious,Malicious,0.9009034037590027
Malicious,Malicious,0.8803322315216064
Malicious,Malicious,0.8176250457763672
Malicious,Malicious,0.9999996423721313
Malicious,Malicious,0.7966422438621521
Malicious,Malicious,1.0
Malicious,Malicious,0.8413493633270264
Malicious,Malicious,1.0
Malicious,Malicious,0.8885444402694702
Malicious,Malicious,0.8817510604858398
Malicious,Malicious,0.8024381399154663
Malicious,Malicious,0.8831732869148254
Malicious,Malicious,0.8292821049690247
Malicious,Malicious,0.8234577178955078
Malicious,Malicious,0.8011635541915894
Malicious,Malicious,0.8081949353218079
Malicious,Malicious,0.7936890721321106
Malicious,Malicious,0.9192142486572266
Malicious,Malicious,0.8623130917549133
Malicious,Malicious,0.8688820600509644
Malicious,Malicious,0.7798304557800293
Malicious,Malicious,0.8546935319900513
Malicious,Malicious,0.8960828185081482
Malicious,Malicious,0.7030577063560486
Malicious,Malicious,0.8676938414573669
Malicious,Malicious,0.8402615785598755
Malicious,Benign,0.24837325513362885
Malicious,Malicious,0.8686061501502991
Malicious,Malicious,0.7695692181587219
Malicious,Malicious,0.972500741481781
Malicious,Malicious,0.7730924487113953
Malicious,Malicious,0.7619233131408691
Malicious,Malicious,0.9665578007698059
Malicious,Malicious,0.8768331408500671
Malicious,Malicious,1.0
Malicious,Benign,0.3637702465057373
Malicious,Malicious,0.9716185927391052
Malicious,Malicious,0.8114924430847168
Malicious,Malicious,0.8360643982887268
Malicious,Malicious,0.7989706993103027
Malicious,Malicious,0.7491165995597839
Malicious,Malicious,0.8475052118301392
Malicious,Malicious,0.7358362078666687
Malicious,Malicious,0.7340989708900452
Malicious,Malicious,0.8013324737548828
Malicious,Benign,0.3525872528553009
Malicious,Malicious,0.7921678423881531
Malicious,Malicious,0.8071518540382385
Malicious,Malicious,0.9220350980758667
Malicious,Malicious,0.7667626738548279
Malicious,Malicious,0.8259145617485046
Malicious,Malicious,0.8227980732917786
Malicious,Malicious,0.9185832142829895
Malicious,Malicious,0.7247982621192932
Malicious,Malicious,0.8034395575523376
Malicious,Malicious,0.823111355304718
Malicious,Malicious,0.776075005531311
Malicious,Malicious,0.730920135974884
Malicious,Malicious,0.9999960064888
Malicious,Malicious,0.5386817455291748
Malicious,Malicious,0.9999922513961792
Malicious,Malicious,0.8460800051689148
Malicious,Malicious,0.7767912149429321
Malicious,Malicious,1.0
Malicious,Malicious,0.8586077094078064
Malicious,Malicious,0.8415791988372803
Malicious,Malicious,0.7875105738639832
Malicious,Malicious,0.7413747906684875
Malicious,Malicious,0.8534451723098755
Malicious,Malicious,0.7889987826347351
Malicious,Malicious,0.7826361656188965
Malicious,Malicious,0.7866212725639343
Malicious,Malicious,0.6519401669502258
Malicious,Malicious,0.7413110733032227
Malicious,Malicious,0.8162692189216614
Malicious,Malicious,0.8495081067085266
Malicious,Malicious,0.815689206123352
Malicious,Malicious,0.8149217963218689
Malicious,Benign,0.4135851263999939
Malicious,Malicious,0.6898441910743713
Malicious,Malicious,0.8039700388908386
Malicious,Malicious,0.8336145281791687
Malicious,Malicious,0.7999914288520813
Malicious,Malicious,0.9999930262565613
Malicious,Malicious,0.9018145799636841
Malicious,Malicious,0.8137065768241882
Malicious,Malicious,0.7715938687324524
Malicious,Malicious,0.7944470047950745
Malicious,Malicious,0.7833681702613831
Malicious,Malicious,0.7982735633850098
Malicious,Malicious,0.8843531012535095
Malicious,Malicious,0.8206607103347778
Malicious,Malicious,0.9999924302101135
Malicious,Malicious,0.9999998807907104
Malicious,Malicious,0.9537079930305481
Malicious,Malicious,0.798564076423645
Malicious,Malicious,0.6891696453094482
Malicious,Malicious,0.8170192837715149
Malicious,Malicious,0.7119318842887878
Malicious,Malicious,0.848156213760376
Malicious,Malicious,0.9999996423721313
Malicious,Malicious,0.9999994039535522
Malicious,Malicious,0.8749655485153198
Malicious,Malicious,0.8612875938415527
Malicious,Malicious,0.955975353717804
Malicious,Malicious,0.9004750847816467
Malicious,Malicious,0.9927405714988708
Malicious,Malicious,0.7795660495758057
Malicious,Malicious,0.9795750379562378
Malicious,Malicious,0.744342029094696
Malicious,Malicious,0.8207295536994934
Malicious,Malicious,0.8126670718193054
Malicious,Malicious,0.7216456532478333
Malicious,Malicious,0.8203967213630676
Malicious,Malicious,0.7740172743797302
Malicious,Malicious,0.7590581178665161
Malicious,Malicious,0.709129810333252
Malicious,Malicious,0.8199792504310608
Malicious,Malicious,0.7842140197753906
Malicious,Malicious,0.8077930212020874
Malicious,Malicious,0.8111597895622253
Malicious,Malicious,0.8742908239364624
Malicious,Malicious,0.8619822263717651
Malicious,Malicious,0.7805054783821106
Malicious,Malicious,0.8476271033287048
Malicious,Malicious,0.8197062611579895
Malicious,Malicious,0.8253419995307922
Malicious,Malicious,0.7947248816490173
Malicious,Malicious,0.8156400918960571
Malicious,Malicious,0.8421117067337036
Malicious,Malicious,0.8546246886253357
Malicious,Malicious,0.7909107208251953
Malicious,Malicious,0.7070884108543396
Malicious,Malicious,0.9595423340797424
Malicious,Malicious,0.8825880289077759
Malicious,Malicious,0.9789689183235168
Malicious,Malicious,0.8326456546783447
Malicious,Malicious,0.798845112323761
Malicious,Malicious,0.8198983073234558
Malicious,Malicious,0.8292151689529419
Malicious,Malicious,0.8174607753753662
Malicious,Malicious,0.8950058221817017
Malicious,Malicious,0.825442373752594
Malicious,Malicious,0.9085553884506226
Malicious,Malicious,0.776914119720459
Malicious,Malicious,0.7882097363471985
Malicious,Malicious,0.8587170243263245
Malicious,Malicious,0.8537531495094299
Malicious,Malicious,0.640494704246521
Malicious,Malicious,0.7954058051109314
Malicious,Malicious,0.7285528182983398
Malicious,Malicious,0.8486122488975525
Malicious,Malicious,0.8279202580451965
Malicious,Malicious,1.0
Malicious,Malicious,0.8181530833244324
Malicious,Malicious,0.911581814289093
Malicious,Malicious,0.9070658087730408
Malicious,Malicious,0.8034586310386658
Malicious,Malicious,0.893036425113678
Malicious,Malicious,0.8170155882835388
Malicious,Malicious,0.8072972297668457
Malicious,Malicious,0.5656980276107788
Malicious,Malicious,0.7903835773468018
Malicious,Malicious,0.8085570931434631
Malicious,Malicious,0.6899299621582031
Malicious,Malicious,0.7725033164024353
Malicious,Malicious,0.9020254015922546
Malicious,Malicious,1.0
Malicious,Malicious,0.8760260939598083
Malicious,Malicious,0.8666110038757324
Malicious,Malicious,0.7174292802810669
Malicious,Malicious,0.7552477121353149
Malicious,Malicious,0.8062719106674194
Malicious,Malicious,0.7481234669685364
Malicious,Malicious,0.8414626121520996
Malicious,Malicious,0.8488275408744812
Malicious,Malicious,0.7978583574295044
Malicious,Malicious,0.8221331834793091
Malicious,Malicious,0.8946684002876282
Malicious,Malicious,0.8216672539710999
Malicious,Malicious,0.8334288001060486
Malicious,Malicious,0.864896833896637
Malicious,Malicious,1.0
Malicious,Malicious,0.8889269232749939
Malicious,Malicious,0.8959910273551941
Malicious,Malicious,0.746146023273468
Malicious,Malicious,0.7854776382446289
Malicious,Malicious,0.8702518939971924
Malicious,Malicious,0.8151189684867859
Malicious,Malicious,0.790418267250061
Malicious,Malicious,0.8486098647117615
Malicious,Malicious,0.9999990463256836
Malicious,Malicious,0.7633109092712402
Malicious,Malicious,0.9999827742576599
Malicious,Malicious,0.9999972581863403
Malicious,Malicious,0.8409553170204163
Malicious,Malicious,0.837841808795929
Malicious,Malicious,0.9999973177909851
Malicious,Malicious,0.9206526875495911
Malicious,Malicious,0.7763608694076538
Malicious,Malicious,0.9671593904495239
Malicious,Malicious,0.9259275197982788
Malicious,Malicious,0.8733681440353394
Malicious,Malicious,0.8334707021713257
Malicious,Malicious,0.8529154062271118
Malicious,Malicious,0.9201161861419678
Malicious,Malicious,0.7654932737350464
Malicious,Malicious,0.8960025310516357
Malicious,Malicious,0.7126534581184387
Malicious,Malicious,1.0
Malicious,Malicious,0.9530931115150452
Malicious,Malicious,0.7691031098365784
Malicious,Malicious,0.83648681640625
Malicious,Malicious,0.8499442338943481
Malicious,Malicious,0.8630965948104858
Malicious,Malicious,0.999949038028717
Malicious,Malicious,0.809843897819519
Malicious,Malicious,0.8102377653121948
Malicious,Malicious,0.8108181357383728
Malicious,Malicious,0.9999354481697083
Malicious,Malicious,0.8947243094444275
Malicious,Malicious,0.9037662744522095
Malicious,Malicious,0.8918757438659668
Malicious,Malicious,0.8316969275474548
Malicious,Malicious,0.7641854882240295
Malicious,Malicious,0.8165087103843689
Malicious,Malicious,0.8172636032104492
Malicious,Malicious,0.794930100440979
Malicious,Malicious,0.8590818047523499
Malicious,Malicious,0.7904889583587646
Malicious,Malicious,0.839012086391449
Malicious,Malicious,0.8159168362617493
Malicious,Malicious,0.7776278853416443
Malicious,Malicious,0.8291724920272827
Malicious,Malicious,0.8761069774627686
Malicious,Malicious,0.8204854130744934
Malicious,Malicious,0.8334002494812012
Malicious,Malicious,0.805742084980011
Malicious,Malicious,0.7613309025764465
Malicious,Malicious,0.7664040327072144
Malicious,Malicious,0.7452098727226257
Malicious,Malicious,0.8180719614028931
Malicious,Malicious,0.8780856728553772
Malicious,Malicious,0.9830482602119446
Malicious,Malicious,0.8289216160774231
Malicious,Malicious,0.7950005531311035
Malicious,Malicious,0.8182435035705566
Malicious,Benign,0.2568335235118866
Malicious,Malicious,0.8873363733291626
Malicious,Malicious,0.806209146976471
Malicious,Malicious,0.872178852558136
Malicious,Malicious,0.9999988079071045
Malicious,Malicious,0.8124440312385559
Malicious,Malicious,0.9300150871276855
Malicious,Malicious,0.8288134932518005
Malicious,Malicious,0.8415348529815674
Malicious,Benign,0.27316319942474365
Malicious,Malicious,0.8559249043464661
Malicious,Malicious,0.7794051170349121
Malicious,Malicious,1.0
Malicious,Malicious,0.7303192615509033
Malicious,Malicious,0.8303006887435913
Malicious,Malicious,0.8207185864448547
Malicious,Malicious,0.8358873128890991
Malicious,Malicious,0.7324298620223999
Malicious,Malicious,0.7986698150634766
Malicious,Malicious,0.9263308048248291
Malicious,Malicious,0.8197093605995178
Malicious,Benign,0.3907070755958557
Malicious,Malicious,0.8328240513801575
Malicious,Malicious,0.9999774694442749
Malicious,Malicious,0.9044021964073181
Malicious,Malicious,0.8711060881614685
Malicious,Malicious,0.9201577305793762
Malicious,Malicious,0.8598700165748596
Malicious,Malicious,0.9884604215621948
Malicious,Malicious,0.7483087778091431
Malicious,Malicious,0.8527064323425293
Malicious,Malicious,0.9999755620956421
Malicious,Malicious,0.8870789408683777
Malicious,Malicious,0.9185736179351807
Malicious,Malicious,0.7517921328544617
Malicious,Malicious,0.7218720316886902
Malicious,Malicious,0.9711189270019531
Malicious,Malicious,0.8692801594734192
Malicious,Malicious,0.80901038646698
Malicious,Malicious,0.8329565525054932
Malicious,Malicious,0.8540189862251282
Malicious,Malicious,0.9662685990333557
Malicious,Malicious,0.8317074775695801
Malicious,Malicious,0.9607876539230347
Malicious,Malicious,0.7402597665786743
Malicious,Malicious,0.8225247859954834
Malicious,Malicious,0.8169446587562561
Malicious,Malicious,0.88728928565979
Malicious,Malicious,0.7746309638023376
Malicious,Malicious,0.8532769083976746
Malicious,Malicious,0.8491066098213196
Malicious,Malicious,0.8476174473762512
Malicious,Malicious,0.8489757180213928
Malicious,Malicious,0.8625839352607727
Malicious,Malicious,0.8069481253623962
Malicious,Malicious,0.7951500415802002
Malicious,Malicious,0.829437255859375
Malicious,Malicious,0.9296185374259949
Malicious,Malicious,0.8731486797332764
Malicious,Malicious,1.0
Malicious,Malicious,0.9147240519523621
Malicious,Malicious,0.9999948740005493
Malicious,Malicious,0.956339955329895
Malicious,Malicious,0.9904404282569885
Malicious,Malicious,0.9507027268409729
Malicious,Malicious,0.8742682933807373
Malicious,Malicious,0.9597526788711548
Malicious,Malicious,0.8234544992446899
Malicious,Malicious,0.8204441070556641
Malicious,Malicious,0.9898425936698914
Malicious,Malicious,0.7424413561820984
Malicious,Malicious,0.7774585485458374
Malicious,Malicious,0.8342097997665405
Malicious,Malicious,0.8054401278495789
Malicious,Malicious,0.955859363079071
Malicious,Malicious,0.8123444318771362
Malicious,Malicious,0.999977707862854
Malicious,Malicious,0.8890856504440308
Malicious,Malicious,0.8474134206771851
Malicious,Malicious,0.8223063945770264
Malicious,Benign,0.3474839925765991
Malicious,Malicious,0.8217682242393494
Malicious,Malicious,0.7121791839599609
Malicious,Malicious,0.8996153473854065
Malicious,Malicious,0.8800113797187805
Malicious,Malicious,0.999997615814209
Malicious,Malicious,0.7361465692520142
Malicious,Malicious,0.8822051286697388
Malicious,Malicious,0.7873362302780151
Malicious,Malicious,0.8168738484382629
Malicious,Malicious,0.808165431022644
Malicious,Malicious,0.8299314379692078
Malicious,Malicious,0.8315119743347168
Malicious,Malicious,0.8708294630050659
Malicious,Malicious,0.8125176429748535
Malicious,Malicious,0.7718141078948975
Malicious,Malicious,0.8194064497947693
Malicious,Malicious,0.7776784300804138
Malicious,Benign,0.41794633865356445
Malicious,Malicious,0.7889562249183655
Malicious,Malicious,0.994592547416687
Malicious,Malicious,0.846341609954834
Malicious,Malicious,0.999994158744812
Malicious,Malicious,0.7779543399810791
Malicious,Malicious,0.7363610863685608
Malicious,Malicious,0.7949583530426025
Malicious,Malicious,0.7629916667938232
Malicious,Malicious,0.7959082722663879
Malicious,Malicious,0.8201398253440857
Malicious,Malicious,0.799268901348114
Malicious,Malicious,0.8296157717704773
Malicious,Malicious,0.9984887838363647
Malicious,Malicious,0.818672776222229
Malicious,Malicious,0.7798798084259033
Malicious,Malicious,0.7849072813987732
Malicious,Malicious,0.5600619316101074
Malicious,Malicious,1.0
Malicious,Malicious,0.8235491514205933
Malicious,Malicious,0.892312228679657
Malicious,Malicious,0.7392914891242981
Malicious,Malicious,0.8540951013565063
Malicious,Malicious,0.801389753818512
Malicious,Malicious,1.0
Malicious,Malicious,0.8474195003509521
Malicious,Malicious,0.7560153007507324
Malicious,Malicious,0.9187656044960022
Malicious,Malicious,0.8131656646728516
Malicious,Malicious,0.866618275642395
Malicious,Malicious,0.7775986194610596
Malicious,Malicious,0.9999979734420776
Malicious,Malicious,0.7289149761199951
Malicious,Malicious,0.8829416632652283
Malicious,Malicious,0.9999994039535522
Malicious,Malicious,0.8045506477355957
Malicious,Malicious,0.8636919260025024
Malicious,Malicious,0.8453637957572937
Malicious,Malicious,0.8244050741195679
Malicious,Malicious,0.7845815420150757
Malicious,Malicious,0.9478134512901306
Malicious,Malicious,0.7588280439376831
Malicious,Malicious,0.8061938285827637
Malicious,Malicious,0.8821335434913635
Malicious,Malicious,0.7975001335144043
Malicious,Malicious,0.8425448536872864
Malicious,Malicious,0.716233491897583
Malicious,Malicious,0.9523465037345886
Malicious,Malicious,0.8206665515899658
Malicious,Malicious,0.7746274471282959
Malicious,Malicious,0.8044471144676208
Malicious,Malicious,0.7894808053970337
Malicious,Malicious,0.8135724067687988
Malicious,Malicious,0.971098780632019
Malicious,Malicious,0.8209842443466187
Malicious,Malicious,0.7375022172927856
Malicious,Malicious,0.8531795740127563
Malicious,Malicious,0.7350976467132568
Malicious,Malicious,0.7538086175918579
Malicious,Malicious,0.8235307931900024
Malicious,Malicious,0.8407037258148193
Malicious,Malicious,0.7748098969459534
Malicious,Malicious,0.8366038799285889
Malicious,Malicious,0.7889142632484436
Malicious,Malicious,0.8341042399406433
Malicious,Benign,0.3399893045425415
Malicious,Malicious,0.8224061131477356
Malicious,Malicious,0.7944411039352417
Malicious,Malicious,0.8570968508720398
Malicious,Malicious,0.8775151968002319
Malicious,Malicious,0.8746889233589172
Malicious,Malicious,0.8385481238365173
Malicious,Malicious,0.9564216136932373
Malicious,Malicious,0.8811312913894653
Malicious,Malicious,0.8177104592323303
Malicious,Malicious,1.0
Malicious,Malicious,0.920097291469574
Malicious,Malicious,0.7824307680130005
Malicious,Malicious,0.8760022521018982
Malicious,Malicious,1.0
Malicious,Malicious,0.7141261100769043
Malicious,Malicious,0.7621049880981445
Malicious,Malicious,0.762462317943573
Malicious,Malicious,1.0
Malicious,Malicious,0.8535298705101013
Malicious,Malicious,0.813664436340332
Malicious,Malicious,0.8498710989952087
Malicious,Benign,0.00923866406083107
Malicious,Malicious,0.9999968409538269
Malicious,Malicious,0.8165025115013123
Malicious,Malicious,0.6923857927322388
Malicious,Malicious,0.8879002332687378
Malicious,Malicious,0.9585617184638977
Malicious,Malicious,0.7399174571037292
Malicious,Malicious,0.8331478238105774
Malicious,Malicious,0.8044162392616272
Malicious,Malicious,0.8150496482849121
Malicious,Malicious,0.8326992392539978
Malicious,Malicious,0.8386999368667603
Malicious,Malicious,0.7798745036125183
Malicious,Malicious,0.9765417575836182
Malicious,Malicious,0.8610478043556213
Malicious,Malicious,0.8694307804107666
Malicious,Malicious,0.7999813556671143
Malicious,Malicious,0.8977189064025879
Malicious,Malicious,0.7281107902526855
Malicious,Malicious,0.756365954875946
Malicious,Malicious,0.8386476039886475
Malicious,Malicious,0.718818724155426
Malicious,Malicious,0.8549777865409851
Malicious,Malicious,0.8916322588920593
Malicious,Malicious,0.8412720561027527
Malicious,Malicious,0.9999998807907104
Malicious,Malicious,0.8512848615646362
Malicious,Malicious,0.9999945163726807
Malicious,Malicious,0.8867819309234619
Malicious,Malicious,0.9845422506332397
Malicious,Malicious,0.8310101628303528
Malicious,Malicious,0.8349708914756775
Malicious,Malicious,0.8537399768829346
Malicious,Malicious,0.8435052037239075
Malicious,Malicious,0.8175144195556641
Malicious,Malicious,0.8078572154045105
Malicious,Benign,0.4792686402797699
Malicious,Malicious,0.7466062307357788
Malicious,Malicious,0.7986413836479187
Malicious,Malicious,0.7876144647598267
Malicious,Malicious,0.8321180939674377
Malicious,Malicious,0.8131684064865112
Malicious,Malicious,0.7109713554382324
Malicious,Malicious,0.8402328491210938
Malicious,Malicious,0.9937336444854736
Malicious,Malicious,0.767915666103363
Malicious,Malicious,0.8690477013587952
Malicious,Malicious,0.8767468929290771
Malicious,Malicious,0.8165267109870911
Malicious,Malicious,0.8178136944770813
Malicious,Malicious,0.8925679922103882
Malicious,Malicious,0.8030285239219666
Malicious,Malicious,0.811113715171814
Malicious,Malicious,0.8600338697433472
Malicious,Malicious,0.8389251828193665
Malicious,Malicious,0.7380819916725159
Malicious,Malicious,0.798163890838623
Malicious,Malicious,0.7931481003761292
Malicious,Malicious,0.9044992923736572
Malicious,Malicious,0.8228025436401367
Malicious,Malicious,0.8733199238777161
Malicious,Malicious,0.8991653323173523
Malicious,Malicious,0.7948560118675232
Malicious,Malicious,0.8152374625205994
Malicious,Malicious,0.847913384437561
Malicious,Malicious,0.8298869729042053
Malicious,Malicious,0.8343818187713623
Malicious,Malicious,0.9658809900283813
Malicious,Malicious,0.8578836917877197
Malicious,Malicious,0.8464592099189758
Malicious,Malicious,0.8319310545921326
Malicious,Malicious,1.0
Malicious,Malicious,0.8628987073898315
Malicious,Malicious,0.8625410795211792
Malicious,Malicious,0.8475469946861267
Malicious,Malicious,0.8269643187522888
Malicious,Malicious,0.9898126721382141
Malicious,Malicious,0.7945525050163269
Malicious,Malicious,0.9048532843589783
Malicious,Malicious,0.8180139660835266
Malicious,Malicious,0.8671419024467468
Malicious,Malicious,0.7784651517868042
Malicious,Malicious,0.8242843151092529
Malicious,Malicious,0.8634179830551147
Malicious,Malicious,0.799576997756958
Malicious,Malicious,0.9485293030738831
Malicious,Malicious,0.8259578943252563
Malicious,Malicious,0.8872732520103455
Malicious,Malicious,0.8136213421821594
Malicious,Malicious,1.0
Malicious,Malicious,0.6969839334487915
Malicious,Malicious,0.844214141368866
Malicious,Benign,0.3810662031173706
Malicious,Malicious,0.857684850692749
Malicious,Malicious,0.8185611367225647
Malicious,Malicious,0.8428296446800232
Malicious,Malicious,0.8028119802474976
Malicious,Malicious,0.7448520660400391
Malicious,Malicious,0.7988759875297546
Malicious,Malicious,0.7808657884597778
Malicious,Malicious,0.8025503754615784
Malicious,Malicious,0.8126518726348877
Malicious,Malicious,0.8105050921440125
Malicious,Malicious,0.9320919513702393
Malicious,Malicious,0.7847602963447571
Malicious,Malicious,0.7540579438209534
Malicious,Malicious,0.8720967173576355
Malicious,Malicious,0.8722558617591858
Malicious,Malicious,1.0
Malicious,Malicious,0.783689022064209
Malicious,Malicious,0.9643794298171997
Malicious,Malicious,0.7146300077438354
Malicious,Malicious,0.976406991481781
Malicious,Malicious,0.8399760723114014
Malicious,Malicious,0.9105122089385986
Malicious,Malicious,0.824664831161499
Malicious,Malicious,0.7328053116798401
Malicious,Malicious,0.7955185770988464
Malicious,Malicious,0.8816236853599548
Malicious,Malicious,0.8044009804725647
Malicious,Malicious,0.9052668213844299
Malicious,Malicious,0.8467676043510437
Malicious,Malicious,0.9523704051971436
Malicious,Malicious,0.8021008372306824
Malicious,Malicious,0.8289282321929932
Malicious,Malicious,0.8300944566726685
Malicious,Malicious,0.8070160746574402
Malicious,Benign,0.418524831533432
Malicious,Malicious,0.8151183128356934
Malicious,Malicious,0.8192254900932312
Malicious,Malicious,0.9891152381896973
Malicious,Malicious,0.8059565424919128
Malicious,Malicious,0.7106168866157532
Malicious,Benign,0.46666696667671204
Malicious,Malicious,0.8424406051635742
Malicious,Malicious,0.8100345134735107
Malicious,Malicious,0.7181452512741089
Malicious,Malicious,1.0
Malicious,Malicious,0.8318784832954407
Malicious,Malicious,0.8437609672546387
Malicious,Malicious,1.0
Malicious,Malicious,0.8730740547180176
Malicious,Malicious,0.7899553179740906
Malicious,Malicious,0.9456354975700378
Malicious,Malicious,0.8257037401199341
Malicious,Malicious,0.8819273114204407
Malicious,Malicious,0.8985118269920349
Malicious,Malicious,0.9999993443489075
Malicious,Malicious,0.8031405210494995
Malicious,Malicious,0.8303170800209045
Malicious,Malicious,0.782310426235199
Malicious,Malicious,0.7764803767204285
Malicious,Malicious,0.8115125298500061
Malicious,Malicious,0.8494224548339844
Malicious,Malicious,0.8672183752059937
Malicious,Benign,0.2853391468524933
Malicious,Malicious,0.8450215458869934
Malicious,Malicious,0.869440495967865
Malicious,Malicious,0.9056108593940735
Malicious,Malicious,0.8072739839553833
Malicious,Malicious,0.8406040668487549
Malicious,Malicious,0.8553099632263184
Malicious,Malicious,0.8134770393371582
Malicious,Malicious,0.808294415473938
Malicious,Malicious,0.9999949336051941
Malicious,Malicious,0.8179164528846741
Malicious,Malicious,0.8455270528793335
Malicious,Malicious,0.738913893699646
Malicious,Malicious,0.7927107214927673
Malicious,Malicious,0.799035370349884
Malicious,Malicious,0.7689433693885803
Malicious,Malicious,0.7865356206893921
Malicious,Malicious,0.8219805955886841
Malicious,Malicious,0.8332130312919617
Malicious,Malicious,0.795262336730957
Malicious,Malicious,0.7834638357162476
Malicious,Malicious,0.8485577702522278
Malicious,Benign,0.3606220483779907
Malicious,Malicious,0.8724521398544312
Malicious,Malicious,0.8836721181869507
Malicious,Malicious,0.9999942183494568
Malicious,Malicious,0.8244335651397705
Malicious,Malicious,0.9208284616470337
Malicious,Malicious,0.7752516269683838
Malicious,Malicious,0.8955629467964172
Malicious,Malicious,0.9627090096473694
Malicious,Malicious,0.8971863389015198
Malicious,Malicious,1.0
Malicious,Malicious,0.8581730723381042
Malicious,Malicious,0.8694193959236145
Malicious,Malicious,0.8971863389015198
Malicious,Malicious,0.9999995231628418
Malicious,Malicious,0.8939470052719116
Malicious,Malicious,0.7642361521720886
Malicious,Malicious,0.818060576915741
Malicious,Malicious,1.0
Malicious,Malicious,0.5947875380516052
Malicious,Malicious,0.8514951467514038
Malicious,Malicious,0.8842756748199463
Malicious,Benign,0.2555353045463562
Malicious,Malicious,0.9567527770996094
Malicious,Malicious,0.8601250052452087
Malicious,Malicious,0.7813220024108887
Malicious,Malicious,0.8152347207069397
Malicious,Benign,0.00893767736852169
Malicious,Malicious,0.8428901433944702
Malicious,Malicious,0.8373550772666931
Malicious,Malicious,0.8385615348815918
Malicious,Malicious,0.7907820343971252
Malicious,Malicious,0.769910454750061
Malicious,Malicious,0.8463237285614014
Malicious,Malicious,0.7722259759902954
Malicious,Malicious,0.793511688709259
Malicious,Malicious,0.6212788224220276
Malicious,Malicious,0.999889075756073
Malicious,Malicious,0.8697208762168884
Malicious,Malicious,0.6961779594421387
Malicious,Malicious,0.8341606855392456
Malicious,Malicious,0.8215145468711853
Malicious,Benign,0.00849222019314766
Malicious,Malicious,0.7950615286827087
Malicious,Malicious,0.8020870089530945
Malicious,Malicious,0.7784338593482971
Malicious,Malicious,0.823935329914093
Malicious,Malicious,0.8508489727973938
Malicious,Malicious,0.8516495227813721
Malicious,Malicious,0.9702516794204712
Malicious,Malicious,0.8091139197349548
Malicious,Malicious,0.8551336526870728
Malicious,Malicious,0.7486308217048645
Malicious,Malicious,0.8412085175514221
Malicious,Malicious,0.8522062301635742
Malicious,Malicious,1.0
Malicious,Malicious,0.7925571799278259
Malicious,Malicious,0.854270875453949
Malicious,Malicious,0.7278783321380615
Malicious,Malicious,0.8483256697654724
Malicious,Malicious,0.8804094195365906
Malicious,Malicious,0.9795251488685608
Malicious,Malicious,0.797630786895752
Malicious,Malicious,1.0
Malicious,Malicious,0.9999998807907104
Malicious,Malicious,0.8506409525871277
Malicious,Malicious,0.8061062693595886
Malicious,Malicious,0.8023360371589661
Malicious,Malicious,0.8150469660758972
Malicious,Malicious,0.8573225140571594
Malicious,Malicious,0.8205275535583496
Malicious,Malicious,0.794677734375
Malicious,Malicious,0.7643702030181885
Malicious,Malicious,0.9999998807907104
Malicious,Malicious,0.8281501531600952
Malicious,Malicious,0.8710936903953552
Malicious,Malicious,0.8161522150039673
Malicious,Benign,0.28916501998901367
Malicious,Malicious,0.845448911190033
Malicious,Malicious,0.7593344449996948
Malicious,Malicious,0.7980364561080933
Malicious,Malicious,1.0
Malicious,Malicious,0.8455098867416382
Malicious,Malicious,0.9782503247261047
Malicious,Malicious,0.7687463760375977
Malicious,Malicious,0.8703420758247375
Malicious,Malicious,0.7571578621864319
Malicious,Malicious,0.8434668779373169
Malicious,Malicious,0.8308242559432983
Malicious,Malicious,0.8078014254570007
Malicious,Malicious,0.8050827980041504
Malicious,Malicious,0.7748914957046509
Malicious,Malicious,0.8443460464477539
Malicious,Malicious,0.8067940473556519
Malicious,Malicious,0.7814431190490723
Malicious,Malicious,0.9999938607215881
Malicious,Malicious,0.8176233768463135
Malicious,Malicious,0.7949046492576599
Malicious,Malicious,0.8676132559776306
Malicious,Malicious,0.9669318795204163
Malicious,Malicious,0.8913149237632751
Malicious,Malicious,0.9882866740226746
Malicious,Malicious,0.6365369558334351
Malicious,Malicious,0.8203433752059937
Malicious,Benign,0.4875895082950592
Malicious,Malicious,0.8527064323425293
Malicious,Malicious,0.7738481163978577
Malicious,Malicious,0.8640395402908325
Malicious,Malicious,0.8066245913505554
Malicious,Malicious,0.7992488741874695
Malicious,Malicious,0.7428722381591797
Malicious,Malicious,0.8312254548072815
Malicious,Malicious,0.876948356628418
Malicious,Malicious,0.8747085332870483
Malicious,Malicious,0.8782076835632324
Malicious,Malicious,0.8468471169471741
Malicious,Malicious,0.6657971739768982
Malicious,Malicious,0.7691438794136047
Malicious,Malicious,0.8342858552932739
Malicious,Malicious,0.999994158744812
Malicious,Malicious,0.8190451264381409
Malicious,Malicious,0.7791907787322998
Malicious,Malicious,0.7975048422813416
Malicious,Malicious,0.9999998807907104
Malicious,Malicious,0.8850175738334656
Malicious,Malicious,0.9999906420707703
Malicious,Malicious,0.8704895377159119
Malicious,Malicious,0.7738625407218933
Malicious,Malicious,0.7813072800636292
Malicious,Malicious,0.8099809288978577
Malicious,Malicious,0.8773502111434937
Malicious,Malicious,0.8817731142044067
Malicious,Malicious,1.0
Malicious,Malicious,0.9873306751251221
Malicious,Malicious,0.8892989754676819
Malicious,Malicious,0.8522221446037292
Malicious,Malicious,0.8340418934822083
Malicious,Malicious,0.8189285397529602
Malicious,Malicious,0.8908401727676392
Malicious,Malicious,0.9895051717758179
Malicious,Malicious,0.7716076374053955
Malicious,Malicious,0.8894391059875488
Malicious,Malicious,0.9577063918113708
Malicious,Malicious,0.7912275195121765
Malicious,Malicious,0.8507500886917114
Malicious,Malicious,0.7790967226028442
Malicious,Malicious,0.7275087237358093
Malicious,Malicious,0.8599504232406616
Malicious,Malicious,0.8795322179794312
Malicious,Malicious,0.8228092193603516
Malicious,Malicious,0.8308795094490051
Malicious,Malicious,0.7475467324256897
Malicious,Malicious,0.8915720582008362
Malicious,Malicious,0.9035593867301941
Malicious,Malicious,0.8218143582344055
Malicious,Malicious,0.8086075186729431
Malicious,Malicious,0.8081820607185364
Malicious,Malicious,0.8215380311012268
Malicious,Malicious,0.8870055675506592
Malicious,Malicious,0.8637933135032654
Malicious,Malicious,0.8829033970832825
Malicious,Malicious,0.7480605840682983
Malicious,Malicious,0.8176535367965698
Malicious,Malicious,0.8610110878944397
Malicious,Malicious,0.7152784466743469
Malicious,Malicious,0.7276466488838196
Malicious,Malicious,0.8906427025794983
Malicious,Malicious,0.8844159841537476
Malicious,Malicious,0.809978723526001
Malicious,Malicious,0.9667727947235107
Malicious,Malicious,0.8174237012863159
Malicious,Malicious,0.7490756511688232
Malicious,Malicious,0.8432828187942505
Malicious,Malicious,0.787813663482666
Malicious,Malicious,0.8155032992362976
Malicious,Malicious,0.8638229966163635
Malicious,Malicious,0.752022922039032
Malicious,Malicious,0.8495271801948547
Malicious,Malicious,0.7886195182800293
Malicious,Malicious,0.8271872997283936
Malicious,Malicious,0.8981922268867493
Malicious,Malicious,0.7910105586051941
Malicious,Malicious,0.7841646671295166
Malicious,Malicious,0.9997360110282898
Malicious,Malicious,0.7840021848678589
Malicious,Malicious,0.8730254769325256
Malicious,Malicious,0.809264063835144
Malicious,Malicious,0.8492211699485779
Malicious,Malicious,0.8255162835121155
Malicious,Malicious,0.7802771329879761
Malicious,Malicious,0.8597862720489502
Malicious,Malicious,0.7546723484992981
Malicious,Malicious,0.704505205154419
Malicious,Malicious,0.8342046737670898
Malicious,Malicious,0.8920871019363403
Malicious,Malicious,0.8525899052619934
Malicious,Malicious,0.8796122670173645
Malicious,Malicious,0.885444164276123
Malicious,Malicious,0.9103295803070068
Malicious,Malicious,0.693569004535675
Malicious,Malicious,0.7247858047485352
Malicious,Malicious,0.895164430141449
Malicious,Malicious,0.8123614192008972
Malicious,Malicious,0.9611581563949585
Malicious,Malicious,0.8133788704872131
Malicious,Malicious,0.7921713590621948
Malicious,Malicious,0.8189787268638611
Malicious,Malicious,0.8623107671737671
Malicious,Malicious,1.0
Malicious,Benign,0.30484727025032043
Malicious,Malicious,0.9999956488609314
Malicious,Malicious,0.7603838443756104
Malicious,Malicious,0.8100811243057251
Malicious,Malicious,0.8696169257164001
Malicious,Malicious,0.772918701171875
Malicious,Malicious,0.8090078234672546
Malicious,Malicious,0.9422261118888855
Malicious,Malicious,0.9841334223747253
Malicious,Malicious,0.8398285508155823
Malicious,Malicious,0.8227109909057617
Malicious,Malicious,0.7503129839897156
Malicious,Malicious,0.8069920539855957
Malicious,Malicious,0.756516695022583
Malicious,Malicious,0.8172850012779236
Malicious,Malicious,0.7735230326652527
Malicious,Malicious,0.713318407535553
Malicious,Benign,0.3585309386253357
Malicious,Malicious,0.7370200157165527
Malicious,Malicious,0.7046772241592407
Malicious,Malicious,0.9199809432029724
Malicious,Malicious,0.8394782543182373
Malicious,Malicious,0.8186550140380859
Malicious,Malicious,0.9720572233200073
Malicious,Malicious,0.765923798084259
Malicious,Malicious,0.8868988156318665
Malicious,Malicious,0.9497326612472534
Malicious,Malicious,1.0
Malicious,Malicious,0.8293445110321045
Malicious,Malicious,0.825880229473114
Malicious,Malicious,0.8375483751296997
Malicious,Malicious,0.8414546847343445
Malicious,Malicious,0.7966850996017456
Malicious,Malicious,0.9519959092140198
Malicious,Malicious,0.9045430421829224
Malicious,Malicious,0.8359892964363098
Malicious,Malicious,0.8556751608848572
Malicious,Malicious,0.7770231366157532
Malicious,Malicious,0.809809684753418
Malicious,Malicious,0.8381882905960083
Malicious,Malicious,0.8317552208900452
Malicious,Malicious,0.9746561646461487
Malicious,Malicious,0.9999999403953552
Malicious,Malicious,0.8474971652030945
Malicious,Malicious,0.8040648102760315
Malicious,Malicious,0.8308590054512024
Malicious,Malicious,0.7120518684387207
Malicious,Malicious,0.8009050488471985
Malicious,Malicious,0.8834769129753113
Malicious,Malicious,0.5529365539550781
Malicious,Malicious,0.8085198402404785
Malicious,Malicious,0.8549760580062866
Malicious,Malicious,0.999993085861206
Malicious,Malicious,0.8088207244873047
Malicious,Malicious,0.8859257698059082
Malicious,Malicious,0.8749200701713562
Malicious,Malicious,0.9316754341125488
Malicious,Malicious,0.7641287446022034
Malicious,Malicious,0.832937479019165
Malicious,Malicious,0.8573957085609436
Malicious,Malicious,0.8648769855499268
Malicious,Malicious,0.8407073616981506
Malicious,Malicious,0.8279576301574707
Malicious,Malicious,0.7295553088188171
Malicious,Malicious,0.79204922914505
Malicious,Malicious,0.8305843472480774
Malicious,Malicious,0.7163024544715881
Malicious,Malicious,0.8768484592437744
Malicious,Malicious,0.8953983783721924
Malicious,Malicious,0.8292765021324158
Malicious,Malicious,0.8409273624420166
Malicious,Malicious,0.850357711315155
Malicious,Malicious,0.6869890093803406
Malicious,Malicious,0.8644766211509705
Malicious,Malicious,0.7582218050956726
Malicious,Malicious,0.9538156390190125
Malicious,Malicious,0.9724532961845398
Malicious,Malicious,0.8659958839416504
Malicious,Malicious,0.8818050026893616
Malicious,Malicious,0.83448326587677
Malicious,Benign,0.44639983773231506
Malicious,Malicious,0.862944483757019
Malicious,Malicious,0.8438733816146851
Malicious,Malicious,0.8331453800201416
Malicious,Malicious,0.7330192923545837
Malicious,Malicious,0.7730962038040161
Malicious,Malicious,0.7963163256645203
Malicious,Malicious,0.9236141443252563
Malicious,Malicious,0.8236286640167236
Malicious,Malicious,0.9617684483528137
Malicious,Malicious,0.8660900592803955
Malicious,Malicious,0.9999947547912598
Malicious,Benign,0.3221296966075897
Malicious,Malicious,0.8757972717285156
Malicious,Malicious,0.7819837927818298
Malicious,Malicious,0.790033221244812
Malicious,Malicious,0.8088038563728333
Malicious,Malicious,0.8178825378417969
Malicious,Malicious,0.7756975889205933
Malicious,Malicious,0.8569496273994446
Malicious,Malicious,0.9999997615814209
Malicious,Malicious,1.0
Malicious,Malicious,0.867629885673523
Malicious,Malicious,1.0
Malicious,Malicious,0.8650959730148315
Malicious,Malicious,0.7373731732368469
Malicious,Malicious,1.0
Malicious,Malicious,0.9999939203262329
Malicious,Malicious,0.9999938607215881
Malicious,Malicious,0.6941132545471191
Malicious,Malicious,0.8579241633415222
Malicious,Malicious,0.8607837557792664
Malicious,Malicious,0.8067541718482971
Malicious,Malicious,0.8743852376937866
Malicious,Malicious,0.9734748601913452
Malicious,Malicious,0.801611602306366
Malicious,Malicious,0.7868316173553467
Malicious,Malicious,0.7469879984855652
Malicious,Malicious,0.9999885559082031
Malicious,Malicious,0.9999990463256836
Malicious,Malicious,0.8106110692024231
Malicious,Malicious,0.7813316583633423
Malicious,Malicious,0.9013022780418396
Malicious,Malicious,0.8335545063018799
Malicious,Malicious,0.8839584589004517
Malicious,Malicious,0.7958844900131226
Malicious,Malicious,0.7584756016731262
Malicious,Malicious,0.7954379916191101
Malicious,Malicious,0.8610497117042542
Malicious,Malicious,0.7888485193252563
Malicious,Malicious,0.962037205696106
Malicious,Malicious,0.8248839974403381
Malicious,Malicious,0.7972471714019775
Malicious,Malicious,0.8018336296081543
Malicious,Malicious,0.7898324131965637
Malicious,Malicious,0.8603032827377319
Malicious,Malicious,0.7275400161743164
Malicious,Malicious,0.9999924302101135
Malicious,Malicious,0.8944235444068909
Malicious,Malicious,0.8938844203948975
Malicious,Malicious,0.8804936408996582
Malicious,Malicious,0.8126800656318665
Malicious,Malicious,0.7566642761230469
Malicious,Malicious,0.7696561813354492
Malicious,Malicious,0.8718352317810059
Malicious,Malicious,0.9051499962806702
Malicious,Malicious,0.8185310363769531
Malicious,Malicious,0.7773895859718323
Malicious,Malicious,0.7334023714065552
Malicious,Malicious,0.8370553851127625
Malicious,Malicious,0.8501336574554443
Malicious,Malicious,0.7920363545417786
Malicious,Malicious,0.8301886320114136
Malicious,Malicious,0.8946302533149719
Malicious,Malicious,0.8219276666641235
Malicious,Malicious,1.0
Malicious,Malicious,0.7549904584884644
Malicious,Malicious,0.8993272185325623
Malicious,Malicious,0.838880717754364
Malicious,Malicious,0.7390044927597046
Malicious,Malicious,0.838612973690033
Malicious,Malicious,0.7317298650741577
Malicious,Malicious,0.7922064661979675
Malicious,Malicious,0.7960845232009888
Malicious,Malicious,0.9637224078178406
Malicious,Malicious,0.8235192894935608
Malicious,Malicious,0.8261561989784241
Malicious,Malicious,0.9612908959388733
Malicious,Malicious,0.7592966556549072
Malicious,Malicious,0.8395609259605408
Malicious,Malicious,0.8214746713638306
Malicious,Malicious,0.8158937692642212
Malicious,Malicious,0.8302711248397827
Malicious,Malicious,0.8101074695587158
Malicious,Malicious,0.7615836262702942
Malicious,Malicious,0.7432805895805359
Malicious,Malicious,0.7507086992263794
Malicious,Malicious,0.873199999332428
Malicious,Malicious,0.8601598739624023
Malicious,Malicious,0.8867464661598206
Malicious,Malicious,0.8400768041610718
Malicious,Malicious,0.7654635310173035
Malicious,Malicious,0.9999977946281433
Malicious,Malicious,0.8062822222709656
Malicious,Malicious,0.8895693421363831
Malicious,Malicious,0.8948771953582764
Malicious,Malicious,0.7898185849189758
Malicious,Malicious,0.8804155588150024
Malicious,Malicious,0.8199628591537476
Malicious,Malicious,0.954547107219696
Malicious,Malicious,0.8127465844154358
Malicious,Malicious,0.8041434288024902
Malicious,Malicious,0.8307602405548096
Malicious,Malicious,0.8233834505081177
Malicious,Malicious,0.5602914094924927
Malicious,Malicious,0.8161618113517761
Malicious,Malicious,0.8050747513771057
Malicious,Malicious,0.8562631607055664
Malicious,Malicious,0.7329651117324829
Malicious,Malicious,0.8797110915184021
Malicious,Malicious,0.8269425630569458
Malicious,Malicious,0.6011614799499512
Malicious,Malicious,0.9205389618873596
Malicious,Benign,0.34892478585243225
Malicious,Malicious,0.638332724571228
Malicious,Malicious,0.8595008254051208
Malicious,Malicious,1.0
Malicious,Malicious,0.8168281316757202
Malicious,Benign,0.20072494447231293
Malicious,Malicious,0.8268380165100098
Malicious,Malicious,0.7769105434417725
Malicious,Malicious,1.0
Malicious,Malicious,0.801540195941925
Malicious,Malicious,0.8904615640640259
Malicious,Malicious,0.8195992112159729
Malicious,Malicious,0.9723262190818787
Malicious,Malicious,0.8840957283973694
Malicious,Malicious,0.8329980969429016
Malicious,Malicious,0.8587642908096313
Malicious,Malicious,0.8836274743080139
Malicious,Malicious,0.8463872671127319
Malicious,Malicious,0.8793469071388245
Malicious,Malicious,0.7799280285835266
Malicious,Malicious,0.8991652727127075
Malicious,Malicious,0.9999995827674866
Malicious,Malicious,0.9467393755912781
Malicious,Malicious,0.8632890582084656
Malicious,Malicious,0.8369525074958801
Malicious,Malicious,0.8361846804618835
Malicious,Malicious,0.8301428556442261
Malicious,Malicious,0.8513723015785217
Malicious,Malicious,0.8851810097694397
Malicious,Malicious,0.8706642389297485
Malicious,Malicious,0.787994384765625
Malicious,Benign,0.44741180539131165
Malicious,Malicious,0.8549768328666687
Malicious,Malicious,0.787127673625946
Malicious,Malicious,0.9855221509933472
Malicious,Malicious,0.792468786239624
Malicious,Malicious,0.7247079014778137
Malicious,Malicious,0.704939067363739
Malicious,Malicious,0.7808127403259277
Malicious,Malicious,0.8691125512123108
Malicious,Malicious,0.8586907982826233
Malicious,Malicious,0.7416774034500122
Malicious,Malicious,0.902629554271698
Malicious,Malicious,0.8079983592033386
Malicious,Malicious,0.9324080944061279
Malicious,Malicious,0.8349509835243225
Malicious,Malicious,0.8964571952819824
Malicious,Malicious,0.7555116415023804
Malicious,Malicious,0.7916428446769714
Malicious,Malicious,0.8536770939826965
Malicious,Malicious,0.7118878364562988
Malicious,Malicious,0.815521240234375
Malicious,Malicious,0.8600770235061646
Malicious,Malicious,0.7246673107147217
Malicious,Malicious,0.8852326273918152
Malicious,Malicious,0.6952946186065674
Malicious,Malicious,0.7356688380241394
Malicious,Malicious,0.96254563331604
Malicious,Malicious,0.8903622627258301
Malicious,Malicious,1.0
Malicious,Malicious,0.8574733138084412
Malicious,Malicious,0.8100970387458801
Malicious,Malicious,0.8164084553718567
Malicious,Malicious,0.7696807384490967
Malicious,Malicious,0.8654412031173706
Malicious,Malicious,0.855303168296814
Malicious,Malicious,0.8348638415336609
Malicious,Malicious,0.9164061546325684
Malicious,Malicious,1.0
Malicious,Malicious,0.7716208100318909
Malicious,Malicious,0.7376810908317566
Malicious,Malicious,0.8458074927330017
Malicious,Malicious,0.8315974473953247
Malicious,Malicious,0.8821213245391846
Malicious,Malicious,0.8550185561180115
Malicious,Malicious,0.7878432273864746
Malicious,Malicious,0.8164207339286804
Malicious,Malicious,0.9999992251396179
Malicious,Malicious,0.8598167896270752
Malicious,Malicious,0.9518243670463562
Malicious,Benign,0.32480907440185547
Malicious,Malicious,0.8516008257865906
Malicious,Malicious,0.8367803692817688
Malicious,Malicious,1.0
Malicious,Malicious,0.9022843837738037
Malicious,Malicious,0.8885736465454102
Malicious,Malicious,0.9304113388061523
Malicious,Malicious,0.8541014790534973
Malicious,Malicious,0.7895745038986206
Malicious,Malicious,0.7476873397827148
Malicious,Malicious,0.8570072054862976
Malicious,Malicious,0.8316496014595032
Malicious,Malicious,0.9060608744621277
Malicious,Malicious,0.793205738067627
Malicious,Malicious,0.8597437739372253
Malicious,Malicious,0.7303683757781982
Malicious,Malicious,0.8311266303062439
Malicious,Malicious,0.8246496319770813
Malicious,Malicious,0.857234001159668
Malicious,Malicious,0.8023282289505005
Malicious,Malicious,0.7684274315834045
Malicious,Malicious,0.82030189037323
Malicious,Malicious,0.8012955784797668
Malicious,Malicious,1.0
Malicious,Malicious,0.8396492600440979
Malicious,Malicious,0.7758289575576782
Malicious,Malicious,0.7246952652931213
Malicious,Malicious,0.8198410272598267
Malicious,Malicious,0.9043386578559875
Malicious,Malicious,0.86427903175354
Malicious,Malicious,0.9098967909812927
Malicious,Malicious,0.865306556224823
Malicious,Malicious,0.8679323196411133
Malicious,Malicious,0.6936026215553284
Malicious,Malicious,0.8416982889175415
Malicious,Malicious,0.7538704872131348
Malicious,Malicious,0.8597138524055481
Malicious,Malicious,0.8290157318115234
Malicious,Malicious,0.7872071862220764
Malicious,Malicious,0.8885590434074402
Malicious,Malicious,0.8857424855232239
Malicious,Malicious,0.7696927785873413
Malicious,Malicious,0.890213131904602
Malicious,Malicious,0.8600863814353943
Malicious,Malicious,0.8522627949714661
Malicious,Malicious,0.8808019757270813
Malicious,Malicious,0.799677848815918
Malicious,Malicious,0.7970455884933472
Malicious,Malicious,0.8290568590164185
Malicious,Malicious,0.9152796268463135
Malicious,Malicious,0.8195141553878784
Malicious,Malicious,0.7324320077896118
Malicious,Malicious,0.898655354976654
Malicious,Malicious,0.9130579829216003
Malicious,Malicious,0.875277042388916
Malicious,Malicious,0.783367931842804
Malicious,Malicious,0.7944128513336182
Malicious,Malicious,0.7830484509468079
Malicious,Malicious,0.8705451488494873
Malicious,Malicious,0.809563159942627
Malicious,Malicious,0.8809375762939453
Malicious,Malicious,0.7172812819480896
Malicious,Malicious,0.8052905201911926
Malicious,Malicious,0.7037894129753113
Malicious,Malicious,0.8744848370552063
Malicious,Malicious,0.9999860525131226
Malicious,Malicious,0.7486822605133057
Malicious,Malicious,0.8899343609809875
Malicious,Malicious,0.8719923496246338
Malicious,Malicious,0.8125941753387451
Malicious,Malicious,0.7969866991043091
Malicious,Malicious,0.8890356421470642
Malicious,Malicious,0.8097153306007385
Malicious,Malicious,0.8716458678245544
Malicious,Malicious,0.9435275197029114
Malicious,Malicious,0.8064504861831665
Malicious,Malicious,0.8338223099708557
Malicious,Malicious,0.7803325057029724
Malicious,Malicious,0.893298864364624
Malicious,Malicious,0.8113513588905334
Malicious,Malicious,0.7049027681350708
Malicious,Malicious,1.0
Malicious,Malicious,0.8267593383789062
Malicious,Malicious,0.7817369699478149
Malicious,Malicious,0.8591592311859131
Malicious,Malicious,0.9065662026405334
Malicious,Malicious,0.8768142461776733
Malicious,Malicious,0.9435989856719971
Malicious,Malicious,0.9683083891868591
Malicious,Malicious,0.7405301332473755
Malicious,Malicious,0.8770593404769897
Malicious,Malicious,0.8044787049293518
Malicious,Malicious,0.8671896457672119
Malicious,Malicious,0.6995291113853455
Malicious,Malicious,1.0
Malicious,Malicious,0.9999995231628418
Malicious,Malicious,0.824215292930603
Malicious,Malicious,0.8593088984489441
Malicious,Malicious,0.8016980886459351
Malicious,Malicious,0.8035411238670349
Malicious,Malicious,0.7509923577308655
Malicious,Malicious,0.9355083703994751
Malicious,Malicious,0.8305618762969971
Malicious,Malicious,0.7366132140159607
Malicious,Malicious,0.8232932686805725
Malicious,Malicious,0.7811729311943054
Malicious,Malicious,1.0
Malicious,Malicious,0.7977437376976013
Malicious,Malicious,0.8596068620681763
Malicious,Malicious,0.8312721252441406
Malicious,Malicious,0.7758941054344177
Malicious,Malicious,0.8322132229804993
Malicious,Malicious,0.9159188270568848
Malicious,Malicious,0.9723454117774963
Malicious,Malicious,0.8616737723350525
Malicious,Malicious,0.7427788972854614
Malicious,Malicious,0.8941398859024048
Malicious,Malicious,0.9632360935211182
Malicious,Malicious,0.9999994039535522
Malicious,Malicious,0.9019629955291748
Malicious,Malicious,0.8979568481445312
Malicious,Malicious,0.8692615628242493
Malicious,Malicious,0.7767850160598755
Malicious,Malicious,0.8140688538551331
Malicious,Malicious,0.8971726894378662
Malicious,Malicious,0.7543919682502747
Malicious,Benign,0.4474627375602722
Malicious,Malicious,0.8316781520843506
Malicious,Malicious,0.8109491467475891
Malicious,Malicious,0.8504682183265686
Malicious,Malicious,0.8383142948150635
Malicious,Malicious,0.8201901912689209
Malicious,Malicious,0.746614933013916
Malicious,Malicious,0.9257041811943054
Malicious,Malicious,0.9999997615814209
Malicious,Malicious,1.0
Malicious,Benign,0.38486209511756897
Malicious,Malicious,0.7747646570205688
Malicious,Malicious,0.8075180649757385
Malicious,Malicious,0.8748325705528259
Malicious,Malicious,0.7672902345657349
Malicious,Malicious,0.8253005743026733
Malicious,Malicious,0.8652713894844055
Malicious,Malicious,0.8351659178733826
Malicious,Malicious,0.7687146663665771
Malicious,Malicious,0.7792276740074158
Malicious,Malicious,0.7304363250732422
Malicious,Malicious,0.73927241563797
Malicious,Malicious,0.9168901443481445
Malicious,Malicious,0.8109091520309448
Malicious,Malicious,0.7228749990463257
Malicious,Malicious,0.7506058812141418
Malicious,Malicious,0.8625656962394714
Malicious,Malicious,0.7826429605484009
Malicious,Malicious,0.7995495200157166
Malicious,Malicious,0.8302050828933716
Malicious,Malicious,0.9653187394142151
Malicious,Malicious,1.0
Malicious,Malicious,0.8397841453552246
Malicious,Malicious,0.7646002173423767
Malicious,Malicious,0.9673725366592407
Malicious,Malicious,0.8268455862998962
Malicious,Malicious,0.9578786492347717
Malicious,Malicious,0.8945043087005615
Malicious,Malicious,0.787081241607666
Malicious,Malicious,0.8548341393470764
Malicious,Malicious,0.8775834441184998
Malicious,Malicious,0.9999976754188538
Malicious,Malicious,0.8792786598205566
Malicious,Malicious,0.8261125087738037
Malicious,Malicious,0.8761966228485107
Malicious,Malicious,0.9627712368965149
Malicious,Malicious,0.8231408596038818
Malicious,Malicious,0.8273914456367493
Malicious,Malicious,0.8208087086677551
Malicious,Malicious,0.8372258543968201
Malicious,Malicious,0.8859956860542297
Malicious,Malicious,0.7376992702484131
Malicious,Malicious,0.8695299625396729
Malicious,Malicious,0.809978723526001
Malicious,Malicious,0.914689838886261
Malicious,Malicious,0.8077163696289062
Malicious,Malicious,0.7557947635650635
Malicious,Malicious,1.0
Malicious,Malicious,0.8356142044067383
Malicious,Malicious,0.8489104509353638
Malicious,Malicious,0.7991795539855957
Malicious,Malicious,0.78583824634552
Malicious,Malicious,0.8492786884307861
Malicious,Malicious,0.7151123285293579
Malicious,Malicious,0.9533818364143372
Malicious,Malicious,0.8227254152297974
Malicious,Malicious,0.7370880246162415
Malicious,Malicious,1.0
Malicious,Malicious,0.8961083889007568
Malicious,Malicious,0.7999696731567383
Malicious,Malicious,0.8678028583526611
Malicious,Malicious,0.8083677887916565
Malicious,Malicious,0.8895918726921082
Malicious,Malicious,0.8580771088600159
Malicious,Malicious,0.8614530563354492
Malicious,Malicious,0.8068932890892029
Malicious,Malicious,0.8834217190742493
Malicious,Malicious,0.7702688574790955
Malicious,Malicious,0.7430756688117981
Malicious,Malicious,0.855126142501831
Malicious,Malicious,0.8736819624900818
Malicious,Malicious,0.8041351437568665
Malicious,Malicious,0.7870544791221619
Malicious,Malicious,0.8552219271659851
Malicious,Malicious,0.8630712628364563
Malicious,Malicious,0.9999995827674866
Malicious,Malicious,0.7802996039390564
Malicious,Malicious,0.8469935655593872
Malicious,Malicious,0.8756242394447327
Malicious,Malicious,0.8444822430610657
Malicious,Malicious,0.910062849521637
Malicious,Malicious,0.756816565990448
Malicious,Malicious,0.999999463558197
Malicious,Benign,0.2866755425930023
Malicious,Malicious,0.8416367769241333
Malicious,Malicious,0.7457888722419739
Malicious,Malicious,0.7870891094207764
Malicious,Malicious,1.0
Malicious,Malicious,0.8542729020118713
Malicious,Malicious,0.9882339835166931
Malicious,Malicious,0.841259241104126
Malicious,Malicious,0.7819030284881592
Malicious,Malicious,0.8613244295120239
Malicious,Malicious,0.868182897567749
Malicious,Benign,0.41902396082878113
Malicious,Malicious,0.8528642654418945
Malicious,Malicious,0.8500469326972961
Malicious,Malicious,0.8685029149055481
Malicious,Malicious,0.828100323677063
Malicious,Malicious,0.7738380432128906
Malicious,Benign,0.3811967968940735
Malicious,Malicious,0.7944544553756714
Malicious,Malicious,0.8743911385536194
Malicious,Malicious,0.79320228099823
Malicious,Malicious,0.801584005355835
Malicious,Malicious,0.8411692976951599
Malicious,Malicious,0.9747025966644287
Malicious,Malicious,0.8746439218521118
Malicious,Malicious,0.8827130198478699
Malicious,Malicious,0.8454205989837646
Malicious,Malicious,0.8015109300613403
Malicious,Malicious,0.8611518144607544
Malicious,Malicious,0.8584977388381958
Malicious,Malicious,0.8708846569061279
Malicious,Malicious,0.7966274619102478
Malicious,Malicious,0.9448537230491638
Malicious,Malicious,0.8449971079826355
Malicious,Malicious,0.801116943359375
Malicious,Malicious,0.9999955296516418
Malicious,Malicious,0.8722872734069824
Malicious,Malicious,0.7817060351371765
Malicious,Malicious,0.8800538182258606
Malicious,Malicious,0.8149316906929016
Malicious,Malicious,0.8138327598571777
Malicious,Malicious,0.8182265162467957
Malicious,Malicious,0.8012561202049255
Malicious,Malicious,0.8406210541725159
Malicious,Malicious,0.7791368365287781
Malicious,Malicious,0.9999920725822449
Malicious,Malicious,0.9139219522476196
Malicious,Malicious,0.8386133313179016
Malicious,Malicious,0.9999998807907104
Malicious,Malicious,0.8792814612388611
Malicious,Malicious,0.8919772505760193
Malicious,Malicious,0.6276515126228333
Malicious,Malicious,0.7996363043785095
Malicious,Malicious,0.8551592826843262
Malicious,Malicious,0.8204256296157837
Malicious,Malicious,0.6868916153907776
Malicious,Malicious,0.8353660702705383
Malicious,Malicious,0.8102675676345825
Malicious,Malicious,0.8023083209991455
Malicious,Malicious,0.7937790751457214
Malicious,Malicious,0.887264609336853
Malicious,Malicious,0.9741796851158142
Malicious,Malicious,0.8844646215438843
Malicious,Malicious,0.8450127840042114
Malicious,Malicious,0.8506072163581848
Malicious,Malicious,0.792236328125
Malicious,Malicious,0.7117522954940796
Malicious,Malicious,1.0
Malicious,Malicious,0.7791664004325867
Malicious,Malicious,0.8377763032913208
Malicious,Malicious,0.964425802230835
Malicious,Malicious,0.7968716025352478
Malicious,Malicious,0.860109269618988
Malicious,Malicious,0.7602773904800415
Malicious,Malicious,0.8024601340293884
Malicious,Malicious,0.896384596824646
Malicious,Malicious,0.8499724864959717
Malicious,Malicious,0.8567798137664795
Malicious,Malicious,0.7699637413024902
Malicious,Malicious,0.7357524037361145
Malicious,Malicious,0.8558930158615112
Malicious,Malicious,0.8734350800514221
Malicious,Malicious,0.9999998211860657
Malicious,Malicious,0.8550464510917664
Malicious,Malicious,0.815108597278595
Malicious,Malicious,0.7740592360496521
Malicious,Malicious,0.8150491714477539
Malicious,Malicious,0.8811458349227905
Malicious,Malicious,0.8235685229301453
Malicious,Malicious,0.8382847309112549
Malicious,Malicious,0.8529903888702393
Malicious,Malicious,0.8711141347885132
Malicious,Malicious,0.866365373134613
Malicious,Malicious,0.8497361540794373
Malicious,Malicious,0.9998868703842163
Malicious,Malicious,0.728017270565033
Malicious,Malicious,0.9060786366462708
Malicious,Malicious,0.8094872832298279
Malicious,Malicious,0.8618262410163879
Malicious,Malicious,0.9999977946281433
Malicious,Malicious,0.8976326584815979
Malicious,Malicious,0.8190160989761353
Malicious,Malicious,0.7594472169876099
Malicious,Malicious,0.8941752910614014
Malicious,Malicious,1.0
Malicious,Malicious,0.873416543006897
Malicious,Malicious,0.9999929666519165
Malicious,Malicious,0.839640736579895
Malicious,Malicious,0.8047363758087158
Malicious,Malicious,0.8235471844673157
Malicious,Malicious,0.7685247659683228
Malicious,Malicious,0.9999995827674866
Malicious,Malicious,0.8043712973594666
Malicious,Malicious,0.7298228740692139
Malicious,Malicious,0.8855711817741394
Malicious,Malicious,0.8110233545303345
Malicious,Malicious,1.0
Malicious,Malicious,0.7725656032562256
Malicious,Malicious,0.9999452233314514
Malicious,Malicious,1.0
Malicious,Malicious,0.8571980595588684
Malicious,Malicious,0.8596367239952087
Malicious,Malicious,0.8258547782897949
Malicious,Malicious,0.7731128334999084
Malicious,Malicious,0.8778960108757019
Malicious,Malicious,0.8447287082672119
Malicious,Malicious,0.9999974966049194
Malicious,Malicious,0.8601223230361938
Malicious,Malicious,0.8401904106140137
Malicious,Malicious,1.0
Malicious,Malicious,0.8080018758773804
Malicious,Malicious,0.8708160519599915
Malicious,Malicious,0.7401516437530518
Malicious,Malicious,0.8590788841247559
Malicious,Malicious,0.7553781270980835
Malicious,Malicious,0.9523897767066956
Malicious,Malicious,0.7939159274101257
Malicious,Malicious,0.8914564847946167
Malicious,Malicious,0.8108385801315308
Malicious,Malicious,0.8450295925140381
Malicious,Malicious,0.8043733835220337
Malicious,Malicious,0.8977990746498108
Malicious,Malicious,0.775176465511322
Malicious,Malicious,0.8372989892959595
Malicious,Malicious,0.8182438611984253
Malicious,Malicious,0.8440186977386475
Malicious,Malicious,0.8445284962654114
Malicious,Malicious,0.9100178480148315
Malicious,Malicious,0.7297105193138123
Malicious,Malicious,0.7489571571350098
Malicious,Malicious,0.8588134050369263
Malicious,Malicious,0.9845653176307678
Malicious,Malicious,0.7212506532669067
Malicious,Malicious,0.918566882610321
Malicious,Malicious,0.8296415209770203
Malicious,Malicious,0.7791332602500916
Malicious,Malicious,0.8082282543182373
Malicious,Malicious,1.0
Malicious,Malicious,0.7683222889900208
Malicious,Malicious,0.7081157565116882
Malicious,Malicious,0.8632103204727173
Malicious,Malicious,0.883537769317627
Malicious,Malicious,0.74068683385849
Malicious,Malicious,0.778775155544281
Malicious,Malicious,0.9704996347427368
Malicious,Malicious,0.7364680767059326
Malicious,Malicious,0.8855971693992615
Malicious,Malicious,0.7810244560241699
Malicious,Benign,0.4050012230873108
Malicious,Malicious,0.8051509857177734
Malicious,Malicious,0.819827675819397
Malicious,Malicious,0.8634333610534668
Malicious,Malicious,0.8332372307777405
Malicious,Malicious,0.8409426212310791
Malicious,Malicious,0.7563565373420715
Malicious,Malicious,0.881508469581604
Malicious,Malicious,0.9020074605941772
Malicious,Malicious,0.8852190971374512
Malicious,Malicious,0.7912304401397705
Malicious,Malicious,0.7945594191551208
Malicious,Malicious,0.7251977920532227
Malicious,Malicious,0.8086884021759033
Malicious,Malicious,0.8640202283859253
Malicious,Malicious,0.7448917627334595
Malicious,Malicious,0.8443053960800171
Malicious,Malicious,0.7871832847595215
Malicious,Malicious,0.8401899933815002
Malicious,Malicious,0.7715070247650146
Malicious,Malicious,0.8430852293968201
Malicious,Malicious,0.7516332268714905
Malicious,Malicious,0.7648050785064697
Malicious,Malicious,0.8576280474662781
Malicious,Malicious,1.0
Malicious,Malicious,0.9999905228614807
Malicious,Malicious,1.0
Malicious,Malicious,0.8923541903495789
Malicious,Malicious,0.8061979413032532
Malicious,Malicious,0.9999700784683228
Malicious,Malicious,0.8372328877449036
Malicious,Malicious,0.8339691162109375
Malicious,Malicious,0.8793792128562927
Malicious,Malicious,0.872198224067688
Malicious,Malicious,0.9483858942985535
Malicious,Malicious,0.9999920725822449
Malicious,Malicious,0.915400505065918
Malicious,Malicious,0.8444344401359558
Malicious,Malicious,0.8499472737312317
Malicious,Malicious,0.7548148036003113
Malicious,Malicious,0.872660219669342
Malicious,Malicious,0.8150326609611511
Malicious,Malicious,0.7919548153877258
Malicious,Malicious,0.7140238881111145
Malicious,Malicious,0.8226355314254761
Malicious,Malicious,0.8990213871002197
Malicious,Malicious,0.8762443661689758
Malicious,Malicious,0.8304070830345154
Malicious,Benign,0.4866103231906891
Malicious,Malicious,0.7964119911193848
Malicious,Malicious,0.8068605065345764
Malicious,Malicious,0.7259635329246521
Malicious,Malicious,0.8474121689796448
Malicious,Malicious,0.7885883450508118
Malicious,Malicious,0.9999991655349731
Malicious,Malicious,0.8115794062614441
Malicious,Malicious,0.8824586272239685
Malicious,Malicious,0.791622519493103
Malicious,Malicious,0.8898673057556152
Malicious,Malicious,0.8064441084861755
Malicious,Benign,0.35430285334587097
Malicious,Malicious,0.8491069674491882
Malicious,Malicious,0.8201144337654114
Malicious,Malicious,0.8357054591178894
Malicious,Malicious,0.8465803265571594
Malicious,Malicious,0.7748687863349915
Malicious,Malicious,0.7985286116600037
Malicious,Malicious,0.8041853308677673
Malicious,Benign,0.3903665542602539
Malicious,Malicious,0.8702636361122131
Malicious,Malicious,0.7410467267036438
Malicious,Malicious,0.9903894066810608
Malicious,Malicious,0.7440615296363831
Malicious,Malicious,0.8183473944664001
Malicious,Malicious,0.7850040197372437
Malicious,Malicious,0.7580097913742065
Malicious,Malicious,0.8847148418426514
Malicious,Malicious,0.8209759593009949
Malicious,Malicious,0.9408546090126038
Malicious,Benign,0.31728705763816833
Malicious,Malicious,0.7481355667114258
Malicious,Malicious,0.9651311635971069
Malicious,Malicious,1.0
Malicious,Malicious,0.9106605648994446
Malicious,Malicious,0.9047269821166992
Malicious,Malicious,0.8305121660232544
Malicious,Malicious,0.9999999403953552
Malicious,Malicious,0.9322412014007568
Malicious,Malicious,0.8193924427032471
Malicious,Malicious,0.9008591175079346
Malicious,Malicious,0.7278265357017517
Malicious,Malicious,0.7454124093055725
Malicious,Malicious,0.8911489248275757
Malicious,Malicious,0.8285393714904785
Malicious,Malicious,0.8991445899009705
Malicious,Malicious,0.7435478568077087
Malicious,Malicious,0.7232623100280762
Malicious,Malicious,0.8348690867424011
Malicious,Malicious,0.8702585101127625
Malicious,Malicious,0.7908067107200623
Malicious,Malicious,0.8085745573043823
Malicious,Malicious,0.8226754665374756
Malicious,Malicious,0.8606131672859192
Malicious,Malicious,0.751189112663269
Malicious,Malicious,0.8221338987350464
Malicious,Malicious,0.7997887134552002
Malicious,Malicious,0.9124523401260376
Malicious,Malicious,0.7730664014816284
Malicious,Malicious,1.0
Malicious,Malicious,0.8255409598350525
Malicious,Malicious,0.7110645771026611
Malicious,Malicious,0.9912981390953064
Malicious,Malicious,0.7860849499702454
Malicious,Malicious,0.8755170702934265
Malicious,Malicious,0.9999997615814209
Malicious,Malicious,0.8414847254753113
Malicious,Malicious,0.9999939203262329
Malicious,Malicious,0.8634538054466248
Malicious,Malicious,0.9718462228775024
Malicious,Malicious,0.835525631904602
Malicious,Malicious,0.7988924980163574
Malicious,Malicious,0.8463415503501892
Malicious,Malicious,0.8447732925415039
Malicious,Malicious,0.7729702591896057
Malicious,Malicious,0.9095802307128906
Malicious,Malicious,0.7729702591896057
Malicious,Malicious,0.832916796207428
Malicious,Malicious,0.8255590796470642
Malicious,Malicious,0.7778564691543579
Malicious,Malicious,0.8213526606559753
Malicious,Malicious,0.7298568487167358
Malicious,Malicious,0.7191377878189087
Malicious,Benign,0.42278170585632324
Malicious,Malicious,0.826026439666748
Malicious,Malicious,0.8161114454269409
Malicious,Malicious,0.8679435849189758
Malicious,Malicious,0.7945650219917297
Malicious,Malicious,0.798310399055481
Malicious,Benign,0.33354705572128296
Malicious,Malicious,0.7580379247665405
Malicious,Malicious,0.8147596120834351
Malicious,Malicious,0.8312026262283325
Malicious,Malicious,0.8523839116096497
Malicious,Malicious,0.8091761469841003
Malicious,Malicious,0.8539214134216309
Malicious,Malicious,0.8517450094223022
Malicious,Malicious,1.0
Malicious,Malicious,0.8193885087966919
Malicious,Malicious,0.8556280136108398
Malicious,Malicious,0.8440275192260742
Malicious,Malicious,0.7589123249053955
Malicious,Malicious,0.8802030682563782
Malicious,Malicious,0.7048238515853882
Malicious,Malicious,0.8008410334587097
Malicious,Malicious,0.9999988675117493
Malicious,Malicious,0.9999944567680359
Malicious,Malicious,0.7811521291732788
Malicious,Malicious,0.8221214413642883
Malicious,Malicious,0.9589403867721558
Malicious,Malicious,0.8124465346336365
Malicious,Malicious,0.9748328328132629
Malicious,Malicious,0.8329755067825317
Malicious,Malicious,0.9561048746109009
Malicious,Malicious,0.8675918579101562
Malicious,Malicious,0.8595504760742188
Malicious,Malicious,0.7954548001289368
Malicious,Malicious,0.7930580377578735
Malicious,Malicious,0.9651851058006287
Malicious,Malicious,0.7341319918632507
Malicious,Malicious,0.8677666783332825
Malicious,Malicious,0.6922714114189148
Malicious,Malicious,0.7929534316062927
Malicious,Malicious,0.8674224615097046
Malicious,Malicious,0.7529932856559753
Malicious,Malicious,0.8024371266365051
Malicious,Malicious,0.8344022631645203
Malicious,Malicious,0.8641519546508789
Malicious,Malicious,0.8654577732086182
Malicious,Malicious,0.8882102966308594
Malicious,Malicious,0.853166401386261
Malicious,Malicious,0.8673785328865051
Malicious,Benign,0.3789420425891876
Malicious,Malicious,0.7948929071426392
Malicious,Malicious,0.7724550366401672
Malicious,Malicious,0.7881760597229004
Malicious,Malicious,0.8195634484291077
Malicious,Malicious,0.7823350429534912
Malicious,Malicious,0.8768613934516907
Malicious,Malicious,0.8142771124839783
Malicious,Malicious,0.8716527819633484
Malicious,Malicious,0.7892488837242126
Malicious,Malicious,0.7046915292739868
Malicious,Benign,0.42104244232177734
Malicious,Malicious,0.8164845705032349
Malicious,Malicious,0.8050472140312195
Malicious,Malicious,0.8683456182479858
Malicious,Malicious,1.0
Malicious,Malicious,0.8379123210906982
Malicious,Malicious,0.8788296580314636
Malicious,Malicious,0.8735156059265137
Malicious,Malicious,0.8797921538352966
Malicious,Malicious,0.9021466374397278
Malicious,Malicious,0.7762603163719177
Malicious,Malicious,0.9484238028526306
Malicious,Malicious,0.7277696132659912
Malicious,Malicious,0.8526307940483093
Malicious,Malicious,0.8700055480003357
Malicious,Malicious,0.9575859904289246
Malicious,Malicious,0.7281063199043274
Malicious,Malicious,0.700070321559906
Malicious,Benign,0.40951332449913025
Malicious,Malicious,0.8397361040115356
Malicious,Malicious,0.9999943375587463
Malicious,Malicious,0.9242009520530701
Malicious,Malicious,0.8352870345115662
Malicious,Malicious,0.9114051461219788
Malicious,Malicious,0.8068299889564514
Malicious,Malicious,0.8338618874549866
Malicious,Malicious,0.8112091422080994
Malicious,Malicious,0.920913577079773
Malicious,Malicious,0.8742871284484863
Malicious,Malicious,0.8051738739013672
Malicious,Malicious,0.8601603507995605
Malicious,Malicious,0.8390820026397705
Malicious,Malicious,0.8682170510292053
Malicious,Malicious,0.9041399359703064
Malicious,Malicious,0.8429277539253235
Malicious,Malicious,0.8083698153495789
Malicious,Malicious,0.8127961754798889
Malicious,Malicious,0.7845287322998047
Malicious,Malicious,0.7358866333961487
Malicious,Malicious,0.7923150658607483
Malicious,Malicious,1.0
Malicious,Malicious,0.8588424324989319
Malicious,Malicious,0.8674008250236511
Malicious,Malicious,0.7982397675514221
Malicious,Malicious,0.789745569229126
Malicious,Malicious,0.7145115733146667
Malicious,Malicious,0.7847219705581665
Malicious,Malicious,0.9110423922538757
Malicious,Malicious,0.784889280796051
Malicious,Malicious,0.8470382690429688
Malicious,Malicious,0.7937700748443604
Malicious,Malicious,0.8665270209312439
Malicious,Malicious,0.9182319641113281
Malicious,Malicious,0.8354185223579407
Malicious,Malicious,0.964043915271759
Malicious,Malicious,0.8269809484481812
Malicious,Malicious,0.7290727496147156
Malicious,Malicious,0.8357804417610168
Malicious,Malicious,0.8736991286277771
Malicious,Malicious,0.9069122672080994
Malicious,Malicious,0.7760211825370789
Malicious,Malicious,0.9288860559463501
Malicious,Malicious,0.8340880274772644
Malicious,Malicious,0.8564357757568359
Malicious,Benign,0.26172199845314026
Malicious,Malicious,0.7208055257797241
Malicious,Malicious,0.785912811756134
Malicious,Malicious,1.0
Malicious,Benign,0.2834358215332031
Malicious,Malicious,0.8555739521980286
Malicious,Malicious,0.7971270680427551
Malicious,Malicious,0.8923320770263672
Malicious,Malicious,1.0
Malicious,Malicious,0.8412520289421082
Malicious,Malicious,0.8110928535461426
Malicious,Malicious,0.7868159413337708
Malicious,Malicious,0.7711381912231445
Malicious,Malicious,0.666882336139679
Malicious,Malicious,0.9654406905174255
Malicious,Malicious,0.8420219421386719
Malicious,Malicious,0.8364555835723877
Malicious,Malicious,0.9677833914756775
Malicious,Malicious,0.8314231634140015
Malicious,Malicious,0.9572407603263855
Malicious,Malicious,0.7881056070327759
Malicious,Malicious,0.8430733680725098
Malicious,Malicious,0.8304703831672668
Malicious,Malicious,0.807132363319397
Malicious,Malicious,0.7561948299407959
Malicious,Malicious,0.7620952129364014
Malicious,Malicious,0.799733579158783
Malicious,Malicious,0.7618114352226257
Malicious,Malicious,0.739715576171875
Malicious,Malicious,0.869903028011322
Malicious,Malicious,0.7633404731750488
Malicious,Malicious,0.7995777726173401
Malicious,Malicious,0.8039444088935852
Malicious,Malicious,0.7980971336364746
Malicious,Malicious,0.7519112825393677
Malicious,Malicious,0.7854750156402588
Malicious,Malicious,0.8329291939735413
Malicious,Malicious,0.9660749435424805
Malicious,Malicious,0.999999463558197
Malicious,Malicious,0.7760987877845764
Malicious,Malicious,0.8771471381187439
Malicious,Malicious,0.7593740820884705
Malicious,Malicious,0.7547089457511902
Malicious,Malicious,0.9629580974578857
Malicious,Malicious,0.9620813131332397
Malicious,Malicious,0.7823377847671509
Malicious,Malicious,0.7685824632644653
Malicious,Malicious,0.8435567021369934
Malicious,Malicious,0.924980640411377
Malicious,Malicious,0.8161964416503906
Malicious,Malicious,0.7323170900344849
Malicious,Malicious,0.8859925270080566
Malicious,Malicious,0.8610327839851379
Malicious,Malicious,0.7626540660858154
Malicious,Malicious,0.8305874466896057
Malicious,Malicious,0.8322244882583618
Malicious,Malicious,0.7831753492355347
Malicious,Malicious,0.8156324028968811
Malicious,Malicious,0.945595383644104
Malicious,Malicious,0.8196330666542053
Malicious,Malicious,0.958885133266449
Malicious,Malicious,0.8797006011009216
Malicious,Malicious,0.7866334915161133
Malicious,Malicious,0.9010941982269287
Malicious,Malicious,0.7630940675735474
Malicious,Malicious,0.9015998244285583
Malicious,Malicious,0.835753321647644
Malicious,Malicious,1.0
Malicious,Malicious,0.7978492379188538
Malicious,Malicious,0.9840685725212097
Malicious,Malicious,0.8398157954216003
Malicious,Malicious,0.9380346536636353
Malicious,Malicious,0.8194398283958435
Malicious,Malicious,0.7545462846755981
Malicious,Malicious,0.7489699721336365
Malicious,Malicious,0.8163909912109375
Malicious,Malicious,0.8947190642356873
Malicious,Malicious,0.7831106185913086
Malicious,Malicious,0.9921687245368958
Malicious,Malicious,0.8380928635597229
Malicious,Malicious,0.8062168955802917
Malicious,Malicious,0.9999999403953552
Malicious,Malicious,0.7743989825248718
Malicious,Malicious,0.8215578198432922
Malicious,Malicious,0.8009342551231384
Malicious,Malicious,0.9147012233734131
Malicious,Malicious,0.7223002910614014
Malicious,Malicious,0.8200012445449829
Malicious,Malicious,0.836380124092102
Malicious,Malicious,0.8436110019683838
Malicious,Malicious,0.8909340500831604
Malicious,Malicious,0.9139254093170166
Malicious,Malicious,0.8921377062797546
Malicious,Malicious,0.9999910593032837
Malicious,Malicious,0.8263081908226013
Malicious,Malicious,0.8049079179763794
Malicious,Malicious,0.8265714645385742
Malicious,Malicious,0.7476804256439209
Malicious,Malicious,0.8361913561820984
Malicious,Malicious,0.8993368744850159
Malicious,Malicious,0.718171238899231
Malicious,Benign,0.3903564512729645
Malicious,Malicious,0.8353105187416077
Malicious,Malicious,0.7677271366119385
Malicious,Malicious,0.8509271144866943
Malicious,Malicious,0.7931194305419922
Malicious,Malicious,0.7943903803825378
Malicious,Malicious,0.7791166305541992
Malicious,Malicious,0.817082941532135
Malicious,Malicious,0.7728437185287476
Malicious,Malicious,0.7187672257423401
Malicious,Malicious,0.866956889629364
Malicious,Malicious,0.9886582493782043
Malicious,Malicious,0.8310567736625671
Malicious,Malicious,0.7937439680099487
Malicious,Malicious,0.6167582869529724
Malicious,Malicious,0.7238940596580505
Malicious,Malicious,0.8140314221382141
Malicious,Malicious,0.8094071745872498
Malicious,Malicious,0.9186314344406128
Malicious,Malicious,0.9734917879104614
Malicious,Malicious,0.7746134996414185
Malicious,Malicious,0.785409152507782
Malicious,Malicious,0.855010986328125
Malicious,Malicious,0.8303471207618713
Malicious,Benign,0.4170299768447876
Malicious,Malicious,0.8599951863288879
Malicious,Malicious,0.9305663704872131
Malicious,Malicious,0.8973599672317505
Malicious,Malicious,0.8036738634109497
Malicious,Malicious,0.8967623114585876
Malicious,Benign,0.35451433062553406
Malicious,Malicious,0.79880690574646
Malicious,Malicious,0.8251650929450989
Malicious,Malicious,0.8185319900512695
Malicious,Malicious,0.8329673409461975
Malicious,Malicious,0.7446576952934265
Malicious,Malicious,0.8044428825378418
Malicious,Malicious,0.7416840195655823
Malicious,Malicious,0.9409184455871582
Malicious,Malicious,0.813734233379364
Malicious,Malicious,0.8672318458557129
Malicious,Malicious,1.0
Malicious,Malicious,0.9775972366333008
Malicious,Benign,0.3383287191390991
Malicious,Malicious,0.8159322142601013
Malicious,Malicious,0.7721328735351562
Malicious,Malicious,0.8855491280555725
Malicious,Malicious,0.6796972155570984
Malicious,Malicious,0.8259403705596924
Malicious,Malicious,0.812981367111206
Malicious,Malicious,0.8293896317481995
Malicious,Malicious,0.8050373792648315
Malicious,Malicious,0.7791357040405273
Malicious,Malicious,0.8048290014266968
Malicious,Malicious,0.8267363905906677
Malicious,Malicious,0.7590240240097046
Malicious,Malicious,0.8447921276092529
Malicious,Malicious,0.723613977432251
Malicious,Malicious,0.8622907400131226
Malicious,Malicious,0.8352656960487366
Malicious,Malicious,0.799908459186554
Malicious,Malicious,1.0
Malicious,Malicious,0.9730429649353027
Malicious,Malicious,0.8396910429000854
Malicious,Malicious,0.8247894644737244
Malicious,Malicious,0.869213342666626
Malicious,Benign,0.3211424648761749
Malicious,Malicious,0.7519415616989136
Malicious,Malicious,0.8724445700645447
Malicious,Malicious,0.831493616104126
Malicious,Malicious,0.845009446144104
Malicious,Malicious,0.8550388813018799
Malicious,Malicious,0.9531856179237366
Malicious,Malicious,0.8018599152565002
Malicious,Malicious,0.7562964558601379
Malicious,Malicious,0.8324620723724365
Malicious,Malicious,0.8969824314117432
Malicious,Malicious,0.8992072939872742
Malicious,Malicious,0.8399285078048706
Malicious,Malicious,0.845857560634613
Malicious,Malicious,0.8063358664512634
Malicious,Malicious,0.8657113313674927
Malicious,Malicious,0.9999998807907104
Malicious,Malicious,0.839745283126831
Malicious,Malicious,0.8305920958518982
Malicious,Malicious,0.809886634349823
Malicious,Malicious,0.8099020719528198
Malicious,Malicious,0.8459234237670898
Malicious,Malicious,0.7975261807441711
Malicious,Malicious,1.0
Malicious,Malicious,0.8355089426040649
Malicious,Malicious,0.7410398125648499
Malicious,Malicious,0.8480917811393738
Malicious,Malicious,0.8100468516349792
Malicious,Malicious,0.7896069288253784
Malicious,Malicious,0.8441444635391235
Malicious,Malicious,0.8152568936347961
Malicious,Malicious,0.8502139449119568
Malicious,Malicious,0.8368478417396545
Malicious,Malicious,1.0
Malicious,Malicious,0.8581589460372925
Malicious,Malicious,0.8340486884117126
Malicious,Malicious,0.8949081897735596
Malicious,Malicious,0.9068821668624878
Malicious,Malicious,0.9999712109565735
Malicious,Malicious,0.8312045931816101
Malicious,Malicious,0.92681485414505
Malicious,Malicious,0.8405668139457703
Malicious,Malicious,0.850421130657196
Malicious,Malicious,0.8569456934928894
Malicious,Malicious,0.8664029240608215
Malicious,Malicious,0.8051910400390625
Malicious,Malicious,0.8045055270195007
Malicious,Malicious,0.8961986303329468
Malicious,Malicious,0.8025092482566833
Malicious,Malicious,0.7827048897743225
Malicious,Malicious,0.9999998211860657
Malicious,Malicious,0.782792329788208
Malicious,Malicious,0.9999999403953552
Malicious,Malicious,0.8641408085823059
Malicious,Malicious,0.5673812031745911
Malicious,Malicious,0.8362635970115662
Malicious,Malicious,0.9999657869338989
Malicious,Malicious,0.8973250389099121
Malicious,Malicious,0.9192392230033875
Malicious,Malicious,0.7940330505371094
Malicious,Malicious,0.8656234741210938
Malicious,Malicious,0.8155929446220398
Malicious,Malicious,0.8627515435218811
Malicious,Malicious,0.9998658299446106
Malicious,Malicious,0.8591207265853882
Malicious,Malicious,0.8552219271659851
Malicious,Benign,0.30950096249580383
Malicious,Malicious,0.9880681037902832
Malicious,Benign,0.2609354853630066
Malicious,Malicious,0.8137363791465759
Malicious,Malicious,0.9863621592521667
Malicious,Malicious,0.9073828458786011
Malicious,Malicious,0.7962390780448914
Malicious,Malicious,0.8335638046264648
Malicious,Malicious,0.8608132004737854
Malicious,Malicious,0.7524318695068359
Malicious,Malicious,0.8190082311630249
Malicious,Malicious,0.9999955296516418
Malicious,Malicious,0.837205171585083
Malicious,Malicious,0.8097325563430786
Malicious,Benign,0.4962736964225769
Malicious,Malicious,0.8568009734153748
Malicious,Benign,0.4149259924888611
Malicious,Malicious,0.8135373592376709
Malicious,Malicious,1.0
Malicious,Benign,0.1532810628414154
Malicious,Malicious,0.7631615400314331
Malicious,Malicious,0.8674453496932983
Malicious,Malicious,0.857444167137146
Malicious,Malicious,0.7806728482246399
Malicious,Malicious,0.7780994176864624
Malicious,Malicious,0.848482608795166
Malicious,Benign,0.37057727575302124
Malicious,Malicious,1.0
Malicious,Malicious,0.8362728953361511
Malicious,Malicious,0.8219379186630249
Malicious,Malicious,0.8418433666229248
Malicious,Malicious,0.8453888893127441
Malicious,Malicious,0.8615096807479858
Malicious,Malicious,0.7245594263076782
Malicious,Malicious,0.7641711831092834
Malicious,Malicious,0.7607579827308655
Malicious,Malicious,0.7552047371864319
Malicious,Malicious,0.8238226771354675
Malicious,Malicious,0.8576401472091675
Malicious,Malicious,0.7939602136611938
Malicious,Malicious,0.8470107316970825
Malicious,Malicious,0.7327559590339661
Malicious,Malicious,0.9000542163848877
Malicious,Malicious,0.7878963351249695
Malicious,Malicious,0.8590749502182007
Malicious,Malicious,0.9132142066955566
Malicious,Malicious,1.0
Malicious,Malicious,0.8197346925735474
Malicious,Malicious,0.8709139227867126
Malicious,Malicious,0.8070943355560303
Malicious,Malicious,0.9185733199119568
Malicious,Malicious,0.898922324180603
Malicious,Malicious,0.7659481167793274
Malicious,Malicious,0.7792589068412781
Malicious,Malicious,0.8107651472091675
Malicious,Malicious,0.8722817897796631
Malicious,Malicious,0.8332211375236511
Malicious,Malicious,0.8070135116577148
Malicious,Malicious,0.8885149359703064
Malicious,Malicious,0.7925180196762085
Malicious,Malicious,0.7931107878684998
Malicious,Malicious,0.7116956114768982
Malicious,Malicious,0.8514541387557983
Malicious,Malicious,0.806318461894989
Malicious,Malicious,0.7427898645401001
Malicious,Malicious,0.7806448936462402
Malicious,Malicious,0.819694459438324
Malicious,Malicious,0.8640307188034058
Malicious,Malicious,0.9010517001152039
Malicious,Malicious,0.7739343643188477
Malicious,Malicious,0.8186451196670532
Malicious,Malicious,0.777492344379425
Malicious,Malicious,0.871491014957428
Malicious,Benign,0.3238118886947632
Malicious,Malicious,0.7424460649490356
Malicious,Malicious,0.7427437901496887
Malicious,Malicious,0.741146981716156
Malicious,Malicious,0.8703101873397827
Malicious,Malicious,0.8669954538345337
Malicious,Malicious,0.8917081952095032
Malicious,Malicious,0.8779515027999878
Malicious,Malicious,0.8657477498054504
Malicious,Malicious,0.8366759419441223
Malicious,Malicious,0.7320459485054016
Malicious,Malicious,0.7456673383712769
Malicious,Malicious,0.9710103869438171
Malicious,Malicious,0.7775154709815979
Malicious,Malicious,0.8232988715171814
Malicious,Malicious,0.8260071873664856
Malicious,Malicious,1.0
Malicious,Malicious,0.8814576864242554
Malicious,Malicious,0.8301886320114136
Malicious,Malicious,0.8810718655586243
Malicious,Malicious,0.8713959455490112
Malicious,Malicious,0.8040795922279358
Malicious,Malicious,0.785217821598053
Malicious,Malicious,0.8553515076637268
Malicious,Malicious,0.964727520942688
Malicious,Malicious,0.8432201743125916
Malicious,Malicious,0.8121824860572815
Malicious,Malicious,0.8380258083343506
Malicious,Malicious,0.848351001739502
Malicious,Malicious,0.7584448456764221
Malicious,Malicious,1.0
Malicious,Malicious,0.8358029723167419
Malicious,Malicious,0.7139148116111755
Malicious,Malicious,1.0
Malicious,Malicious,0.8088823556900024
Malicious,Malicious,0.7576204538345337
Malicious,Malicious,0.9999917149543762
Malicious,Malicious,0.7740473747253418
Malicious,Malicious,0.8417593240737915
Malicious,Benign,0.42105987668037415
Malicious,Malicious,0.7279357314109802
Malicious,Malicious,0.7734473347663879
Malicious,Malicious,0.7840937972068787
Malicious,Malicious,0.816605269908905
Malicious,Malicious,0.7808616757392883
Malicious,Malicious,0.8720154762268066
Malicious,Malicious,0.74857497215271
Malicious,Malicious,0.8171353340148926
Malicious,Malicious,0.9270726442337036
Malicious,Malicious,0.7957744598388672
Malicious,Malicious,0.9999939203262329
Malicious,Malicious,0.7749048471450806
Malicious,Benign,0.29716673493385315
Malicious,Malicious,0.8452498316764832
Malicious,Malicious,0.9816923141479492
Malicious,Malicious,0.8233194351196289
Malicious,Malicious,1.0
Malicious,Malicious,0.7859766483306885
Malicious,Malicious,0.7943432331085205
Malicious,Malicious,0.9107922911643982
Malicious,Malicious,0.813109815120697
Malicious,Benign,0.4060276448726654
Malicious,Malicious,0.8963789343833923
Malicious,Malicious,0.8219293355941772
Malicious,Malicious,0.8089526295661926
Malicious,Malicious,0.7585542798042297
Malicious,Malicious,0.8102163672447205
Malicious,Malicious,0.7566421031951904
Malicious,Malicious,0.7525580525398254
Malicious,Malicious,0.852950394153595
Malicious,Malicious,0.5502716302871704
Malicious,Benign,0.439975380897522
Malicious,Malicious,0.7892965078353882
Malicious,Malicious,0.7883750200271606
Malicious,Malicious,0.8901132941246033
Malicious,Malicious,0.8109195232391357
Malicious,Malicious,0.833271324634552
Malicious,Malicious,0.8572239279747009
Malicious,Malicious,0.7660022974014282
Malicious,Malicious,0.8128569722175598
Malicious,Malicious,0.8276524543762207
Malicious,Malicious,0.7831011414527893
Malicious,Malicious,0.7381496429443359
Malicious,Malicious,0.7775962948799133
Malicious,Malicious,0.8905210494995117
Malicious,Malicious,0.8180471658706665
Malicious,Malicious,0.9127377271652222
Malicious,Malicious,0.9074320793151855
Malicious,Malicious,0.7749148011207581
Malicious,Malicious,0.7730483412742615
Malicious,Malicious,0.7730522155761719
Malicious,Malicious,0.8174635171890259
Malicious,Malicious,0.8369991779327393
Malicious,Malicious,0.8438025712966919
Malicious,Malicious,0.8808926343917847
Malicious,Malicious,0.8125045299530029
Malicious,Malicious,0.8450866341590881
Malicious,Malicious,0.7939227819442749
Malicious,Malicious,0.8287585377693176
Malicious,Malicious,0.7396640181541443
Malicious,Malicious,0.5537153482437134
Malicious,Malicious,0.7870590090751648
Malicious,Malicious,0.8080644011497498
Malicious,Benign,0.4433209300041199
Malicious,Malicious,0.7604401111602783
Malicious,Malicious,0.9999992847442627
Malicious,Malicious,0.7284491062164307
Malicious,Malicious,0.857434093952179
Malicious,Malicious,0.9999986886978149
Malicious,Malicious,0.8779911398887634
Malicious,Malicious,0.9849143624305725
Malicious,Malicious,0.9421299695968628
Malicious,Malicious,0.8628097176551819
Malicious,Malicious,0.9070720076560974
Malicious,Malicious,0.8782798647880554
Malicious,Malicious,0.8137961626052856
Malicious,Malicious,0.8294367790222168
Malicious,Malicious,0.8539490699768066
Malicious,Malicious,0.8833706378936768
Malicious,Malicious,0.7787750959396362
Malicious,Malicious,0.7577019333839417
Malicious,Malicious,0.8993018269538879
Malicious,Malicious,0.9028450846672058
Malicious,Malicious,0.9524750113487244
Malicious,Malicious,0.7782544493675232
Malicious,Malicious,0.8594175577163696
Malicious,Malicious,0.85611891746521
Malicious,Malicious,0.8746280074119568
Malicious,Malicious,0.8341108560562134
Malicious,Malicious,0.7756088972091675
Malicious,Malicious,0.7864874601364136
Malicious,Malicious,0.7681750655174255
Malicious,Malicious,0.8302850127220154
Malicious,Malicious,0.9416757822036743
Malicious,Malicious,1.0
Malicious,Malicious,0.7828620672225952
Malicious,Malicious,0.820934534072876
Malicious,Malicious,0.8871319890022278
Malicious,Malicious,0.8322474360466003
Malicious,Malicious,0.9759807586669922
Malicious,Malicious,0.8444080948829651
Malicious,Malicious,0.8362970948219299
Malicious,Malicious,0.9047387838363647
Malicious,Benign,0.0926228016614914
Malicious,Malicious,0.8503929972648621
Malicious,Malicious,0.7730115056037903
Malicious,Malicious,0.8031779527664185
Malicious,Malicious,0.835158109664917
Malicious,Malicious,0.7685043215751648
Malicious,Malicious,0.9916672706604004
Malicious,Malicious,0.791530430316925
Malicious,Malicious,0.7991895079612732
Malicious,Malicious,0.9783623814582825
Malicious,Malicious,0.7989528775215149
Malicious,Malicious,0.8776513934135437
Malicious,Malicious,0.7646754384040833
Malicious,Benign,0.3156633675098419
Malicious,Malicious,0.8628007173538208
Malicious,Malicious,0.7959842681884766
Malicious,Malicious,0.7636927366256714
Malicious,Malicious,0.9049654006958008
Malicious,Malicious,0.8982362151145935
Malicious,Malicious,0.9999958276748657
Malicious,Malicious,0.7801828384399414
Malicious,Malicious,0.8083099126815796
Malicious,Malicious,0.9999985694885254
Malicious,Malicious,0.9152275919914246
Malicious,Benign,0.42794376611709595
Malicious,Malicious,0.7412983775138855
Malicious,Malicious,0.7900962829589844
Malicious,Malicious,0.7852786779403687
Malicious,Malicious,0.9607179164886475
Malicious,Malicious,0.7424006462097168
Malicious,Malicious,0.8667978644371033
Malicious,Benign,0.3024662733078003
Malicious,Malicious,0.8019022345542908
Malicious,Malicious,1.0
Malicious,Malicious,0.6908138990402222
Malicious,Malicious,0.9697928428649902
Malicious,Malicious,0.8914607167243958
Malicious,Malicious,0.824263334274292
Malicious,Malicious,0.7982077598571777
Malicious,Malicious,0.82450270652771
Malicious,Malicious,0.8453804850578308
Malicious,Malicious,0.9505916237831116
Malicious,Malicious,0.8616883158683777
Malicious,Malicious,0.8803321123123169
Malicious,Malicious,0.8739460706710815
Malicious,Malicious,0.9732264876365662
Malicious,Malicious,0.824203372001648
Malicious,Malicious,0.8543627858161926
Malicious,Malicious,0.8251803517341614
Malicious,Malicious,0.8303092122077942
Malicious,Malicious,0.8467095494270325
Malicious,Malicious,0.7930328249931335
Malicious,Malicious,0.9027795791625977
Malicious,Malicious,0.857143223285675
Malicious,Malicious,0.8387975692749023
Malicious,Malicious,0.7668639421463013
Malicious,Malicious,1.0
Malicious,Malicious,0.8557939529418945
Malicious,Malicious,0.8615096807479858
Malicious,Malicious,0.8064827919006348
Malicious,Malicious,0.8799096941947937
Malicious,Malicious,0.849871039390564
Malicious,Malicious,0.8677846193313599
Malicious,Malicious,0.8591138124465942
Malicious,Malicious,0.8111486434936523
Malicious,Malicious,0.8197855949401855
Malicious,Malicious,0.8782560229301453
Malicious,Malicious,0.7952843308448792
Malicious,Malicious,0.8968662023544312
Malicious,Malicious,0.7507004141807556
Malicious,Malicious,0.5401679873466492
Malicious,Malicious,0.7611656785011292
Malicious,Malicious,1.0
Malicious,Malicious,0.8553754687309265
Malicious,Malicious,0.9764650464057922
Malicious,Malicious,0.8072017431259155
Malicious,Malicious,0.9999756813049316
Malicious,Malicious,0.7776016592979431
Malicious,Malicious,0.8017355799674988
Malicious,Malicious,0.7974602580070496
Malicious,Malicious,0.8340159058570862
Malicious,Malicious,0.8493527173995972
Malicious,Malicious,0.8288665413856506
Malicious,Malicious,0.8592256307601929
Malicious,Malicious,0.7767118215560913
Malicious,Malicious,0.8876379728317261
Malicious,Malicious,0.7928433418273926
Malicious,Malicious,0.629971444606781
Malicious,Malicious,0.9247794151306152
Malicious,Malicious,0.8563205003738403
Malicious,Malicious,0.8606025576591492
Malicious,Malicious,0.8402433395385742
Malicious,Malicious,0.9999948740005493
Malicious,Malicious,0.8321183919906616
Malicious,Malicious,0.7988250255584717
Malicious,Malicious,0.8309469223022461
Malicious,Malicious,0.7100711464881897
Malicious,Malicious,0.971601128578186
Malicious,Malicious,0.9877979159355164
Malicious,Malicious,0.8969185948371887
Malicious,Malicious,0.8547030091285706
Malicious,Malicious,0.8427321314811707
Malicious,Malicious,0.7614659070968628
Malicious,Malicious,0.8782517910003662
Malicious,Malicious,0.8141218423843384
Malicious,Malicious,1.0
Malicious,Malicious,0.7303042411804199
Malicious,Malicious,0.9632042050361633
Malicious,Malicious,0.907941460609436
Malicious,Malicious,0.8341947793960571
Malicious,Malicious,0.8350043892860413
Malicious,Malicious,0.8036205768585205
Malicious,Malicious,0.7639461159706116
Malicious,Malicious,0.7801815271377563
Malicious,Malicious,0.8535360097885132
Malicious,Benign,0.45968320965766907
Malicious,Malicious,0.9659112095832825
Malicious,Malicious,0.769436240196228
Malicious,Malicious,0.8792325854301453
Malicious,Malicious,0.9999956488609314
Malicious,Malicious,0.9999951720237732
Malicious,Malicious,0.8285131454467773
Malicious,Malicious,0.7958791851997375
Malicious,Malicious,1.0
Malicious,Malicious,0.8091306090354919
Malicious,Malicious,0.7510157227516174
Malicious,Malicious,0.8754886984825134
Malicious,Malicious,1.0
Malicious,Malicious,0.864568293094635
Malicious,Malicious,0.9786195755004883
Malicious,Malicious,0.9844873547554016
Malicious,Malicious,0.7604541778564453
Malicious,Malicious,0.8057786226272583
Malicious,Malicious,0.9477981925010681
Malicious,Malicious,0.8412405252456665
Malicious,Malicious,0.8794158697128296
Malicious,Malicious,0.9811963438987732
Malicious,Malicious,0.8042410016059875
Malicious,Malicious,0.9947757720947266
Malicious,Malicious,0.9086319804191589
Malicious,Malicious,0.6936059594154358
Malicious,Malicious,0.9042330384254456
Malicious,Malicious,0.725954532623291
Malicious,Malicious,0.8322868347167969
Malicious,Malicious,0.8392357230186462
Malicious,Malicious,0.8270843625068665
Malicious,Malicious,0.8508174419403076
Malicious,Malicious,0.8454346060752869
Malicious,Malicious,0.7738167643547058
Malicious,Malicious,0.8308647871017456
Malicious,Malicious,0.9495168924331665
Malicious,Malicious,0.7737603783607483
Malicious,Malicious,0.8882730603218079
Malicious,Malicious,0.8051323294639587
Malicious,Malicious,0.8070434927940369
Malicious,Malicious,0.8337290287017822
Malicious,Malicious,0.8603579998016357
Malicious,Malicious,0.8484840989112854
Malicious,Malicious,0.82169109582901
Malicious,Malicious,0.8447158932685852
Malicious,Malicious,0.8420666456222534
Malicious,Malicious,0.8120073676109314
Malicious,Malicious,0.8182007074356079
Malicious,Malicious,0.8506404161453247
Malicious,Malicious,0.7551153302192688
Malicious,Malicious,0.744357705116272
Malicious,Malicious,0.8939101696014404
Malicious,Malicious,0.8588191270828247
Malicious,Malicious,0.8835533261299133
Malicious,Malicious,0.8569851517677307
Malicious,Malicious,0.7602758407592773
Malicious,Malicious,0.9339563250541687
Malicious,Malicious,0.9999983906745911
Malicious,Malicious,0.8424065709114075
Malicious,Malicious,0.8127388954162598
Malicious,Malicious,0.8184791803359985
Malicious,Malicious,0.9793726205825806
Malicious,Malicious,0.7873732447624207
Malicious,Malicious,0.800354540348053
Malicious,Malicious,0.7762191295623779
Malicious,Malicious,0.7697228789329529
Malicious,Malicious,0.821172833442688
Malicious,Malicious,0.9758647680282593
Malicious,Malicious,0.7390612959861755
Malicious,Malicious,0.8260619640350342
Malicious,Malicious,0.7995471358299255
Malicious,Malicious,0.938787043094635
Malicious,Malicious,0.8039822578430176
Malicious,Malicious,0.8254371881484985
Malicious,Malicious,0.9689401388168335
Malicious,Malicious,0.7593738436698914
Malicious,Malicious,0.786014199256897
Malicious,Malicious,0.8187706470489502
Malicious,Malicious,0.8520667552947998
Malicious,Malicious,0.892419695854187
Malicious,Malicious,0.8261491656303406
Malicious,Malicious,0.9999933838844299
Malicious,Malicious,0.8660224676132202
Malicious,Malicious,0.817294716835022
Malicious,Malicious,0.8300715684890747
Malicious,Malicious,0.8126347064971924
Malicious,Malicious,0.8100956678390503
Malicious,Malicious,0.7858186364173889
Malicious,Malicious,0.895335853099823
Malicious,Malicious,0.7901281118392944
Malicious,Malicious,0.8693783283233643
Malicious,Malicious,0.807695209980011
Malicious,Malicious,0.8106963634490967
Malicious,Malicious,0.8875246047973633
Malicious,Malicious,0.7966827750205994
Malicious,Malicious,0.9020549058914185
Malicious,Malicious,0.7261375784873962
Malicious,Malicious,0.7982466816902161
Malicious,Malicious,0.837457001209259
Malicious,Malicious,0.8254455327987671
Malicious,Malicious,0.7782319188117981
Malicious,Malicious,0.7890192270278931
Malicious,Malicious,0.8609097599983215
Malicious,Malicious,0.8117331862449646
Malicious,Malicious,0.873064398765564
Malicious,Malicious,0.7917317748069763
Malicious,Malicious,0.8263577818870544
Malicious,Malicious,0.9780717492103577
Malicious,Malicious,0.8373640775680542
Malicious,Malicious,0.829866886138916
Malicious,Malicious,0.7444996237754822
Malicious,Malicious,0.7675040364265442
Malicious,Malicious,0.7285355925559998
Malicious,Malicious,0.9073553681373596
Malicious,Malicious,0.9999955296516418
Malicious,Malicious,0.8059935569763184
Malicious,Malicious,0.8299617767333984
Malicious,Malicious,0.8152644038200378
Malicious,Malicious,0.7339895963668823
Malicious,Malicious,0.880678653717041
Malicious,Malicious,0.7925189137458801
Malicious,Malicious,0.9733434319496155
Malicious,Malicious,0.8013498187065125
Malicious,Benign,0.41086268424987793
Malicious,Malicious,0.8351342082023621
Malicious,Malicious,0.8408629298210144
Malicious,Malicious,0.8925747275352478
Malicious,Malicious,0.7990022897720337
Malicious,Malicious,0.8270646929740906
Malicious,Malicious,0.8528236150741577
Malicious,Malicious,0.8435925841331482
Malicious,Malicious,0.7323140501976013
Malicious,Malicious,0.7912034392356873
Malicious,Malicious,1.0
Malicious,Malicious,0.8195882439613342
Malicious,Malicious,0.8046667575836182
Malicious,Malicious,0.8389261960983276
Malicious,Malicious,0.865543782711029
Malicious,Malicious,0.8156081438064575
Malicious,Malicious,0.9999939203262329
Malicious,Malicious,0.7955180406570435
Malicious,Malicious,0.8725073933601379
Malicious,Malicious,0.8083859086036682
Malicious,Malicious,0.9999999403953552
Malicious,Malicious,0.8845958709716797
Malicious,Malicious,0.8359378576278687
Malicious,Malicious,0.8815296292304993
Malicious,Malicious,0.934468686580658
Malicious,Malicious,0.7722446322441101
Malicious,Malicious,0.8969994783401489
Malicious,Malicious,0.8414128422737122
Malicious,Malicious,0.8179348707199097
Malicious,Malicious,0.7987218499183655
Malicious,Malicious,0.7919101119041443
Malicious,Malicious,0.8638342022895813
Malicious,Malicious,0.868308424949646
Malicious,Malicious,0.8290594220161438
Malicious,Malicious,0.6888033151626587
Malicious,Malicious,0.8001413941383362
Malicious,Malicious,0.9808674454689026
Malicious,Malicious,0.8604336380958557
Malicious,Malicious,0.8247388601303101
Malicious,Malicious,0.7816445827484131
Malicious,Malicious,0.8018944263458252
Malicious,Malicious,0.7816116213798523
Malicious,Malicious,1.0
Malicious,Malicious,0.8242900371551514
Malicious,Malicious,0.9607652425765991
Malicious,Malicious,0.8601565361022949
Malicious,Malicious,0.9135457277297974
Malicious,Malicious,0.8242235779762268
Malicious,Malicious,0.7287589907646179
Malicious,Malicious,0.9999998807907104
Malicious,Malicious,0.8192980289459229
Malicious,Malicious,0.9671549201011658
Malicious,Malicious,0.8801845908164978
Malicious,Malicious,0.87461256980896
Malicious,Malicious,0.8650935292243958
Malicious,Malicious,0.9017115235328674
Malicious,Malicious,0.9640571475028992
Malicious,Malicious,0.9479752779006958
Malicious,Malicious,0.7034534215927124
Malicious,Malicious,0.827604353427887
Malicious,Malicious,0.8542879223823547
Malicious,Malicious,0.9697766900062561
Malicious,Malicious,0.8095126152038574
Malicious,Malicious,0.834967851638794
Malicious,Malicious,0.8221873044967651
Malicious,Malicious,0.8341873288154602
Malicious,Malicious,0.7932230234146118
Malicious,Malicious,0.8112709522247314
Malicious,Malicious,0.8034268617630005
Malicious,Malicious,0.8453895449638367
Malicious,Malicious,0.8656758069992065
Malicious,Malicious,0.7759508490562439
Malicious,Malicious,0.7689549326896667
Malicious,Malicious,0.5543431043624878
Malicious,Malicious,0.8634316325187683
Malicious,Malicious,0.8223698139190674
Malicious,Malicious,0.805018961429596
Malicious,Malicious,0.860633134841919
Malicious,Malicious,0.9288491010665894
Malicious,Malicious,0.8262932896614075
Malicious,Malicious,0.772459089756012
Malicious,Malicious,1.0
Malicious,Malicious,0.8343461751937866
Malicious,Malicious,0.8966326117515564
Malicious,Benign,0.4882180094718933
Malicious,Malicious,0.8161988258361816
Malicious,Malicious,0.7669515609741211
Malicious,Malicious,0.8373433947563171
Malicious,Malicious,0.8867541551589966
Malicious,Malicious,0.9952234029769897
Malicious,Malicious,0.7841510772705078
Malicious,Malicious,0.8183372020721436
Malicious,Malicious,1.0
Malicious,Malicious,0.8856825232505798
Malicious,Malicious,0.8441697955131531
Malicious,Malicious,0.8826606273651123
Malicious,Malicious,0.787274181842804
Malicious,Malicious,0.7713931798934937
Malicious,Malicious,0.6592221260070801
Malicious,Malicious,0.775759220123291
Malicious,Malicious,0.8165572285652161
Malicious,Malicious,0.8192447423934937
Malicious,Malicious,0.8610110282897949
Malicious,Benign,0.3726291358470917
Malicious,Malicious,0.7489214539527893
Malicious,Malicious,0.9999989867210388
Malicious,Malicious,0.8171293139457703
Malicious,Malicious,1.0
Malicious,Malicious,0.7448656558990479
Malicious,Malicious,0.8282204270362854
Malicious,Malicious,0.9394728541374207
Malicious,Malicious,0.8340054750442505
Malicious,Malicious,0.835988461971283
Malicious,Malicious,0.8119100332260132
Malicious,Malicious,0.7889809012413025
Malicious,Malicious,0.8221871256828308
Malicious,Malicious,0.885665237903595
Malicious,Malicious,0.6599143147468567
Malicious,Malicious,0.8735156059265137
Malicious,Malicious,0.888133704662323
Malicious,Malicious,0.894740641117096
Malicious,Malicious,0.7635042071342468
Malicious,Malicious,0.8727163076400757
Malicious,Malicious,0.8537346720695496
Malicious,Malicious,0.9999945163726807
Malicious,Malicious,0.79534912109375
Malicious,Malicious,0.9820894598960876
Malicious,Malicious,0.7770937085151672
Malicious,Malicious,0.7177016139030457
Malicious,Malicious,0.7628519535064697
Malicious,Malicious,0.5131802558898926
Malicious,Malicious,0.7129123210906982
Malicious,Malicious,0.8988171219825745
Malicious,Malicious,0.8371342420578003
Malicious,Malicious,0.8231043815612793
Malicious,Malicious,0.7790518999099731
Malicious,Malicious,0.8081557154655457
Malicious,Malicious,0.912264347076416
Malicious,Malicious,0.8289133906364441
Malicious,Malicious,0.9999936819076538
Malicious,Malicious,0.8406229615211487
Malicious,Malicious,0.8144751191139221
Malicious,Malicious,0.8272557854652405
Malicious,Malicious,0.977723240852356
Malicious,Benign,0.22257336974143982
Malicious,Malicious,0.7064505219459534
Malicious,Malicious,0.8712846040725708
Malicious,Malicious,0.7966572046279907
Malicious,Malicious,0.8574162125587463
Malicious,Malicious,1.0
Malicious,Malicious,0.9058178663253784
Malicious,Malicious,0.7814120054244995
Malicious,Malicious,0.820253849029541
Malicious,Malicious,0.8096002340316772
Malicious,Malicious,0.9036741256713867
Malicious,Malicious,0.721305787563324
Malicious,Malicious,0.802064836025238
Malicious,Malicious,0.831058144569397
Malicious,Malicious,0.9618800282478333
Malicious,Malicious,0.7450141310691833
Malicious,Malicious,0.898467481136322
Malicious,Benign,0.27437520027160645
Malicious,Malicious,0.8372727632522583
Malicious,Malicious,0.8525936603546143
Malicious,Malicious,0.8036447763442993
Malicious,Malicious,0.8359334468841553
Malicious,Malicious,0.9999992847442627
Malicious,Malicious,0.74278324842453
Malicious,Malicious,0.8157368898391724
Malicious,Malicious,0.8833844065666199
Malicious,Malicious,0.9505313038825989
Malicious,Malicious,0.8360337018966675
Malicious,Malicious,0.8128666877746582
Malicious,Malicious,0.8934851884841919
Malicious,Malicious,0.8893848657608032
Malicious,Malicious,0.7976550459861755
Malicious,Malicious,0.8723574280738831
Malicious,Malicious,0.9553205966949463
Malicious,Malicious,0.8886280655860901
Malicious,Malicious,0.8210480213165283
Malicious,Malicious,0.820564866065979
Malicious,Malicious,0.7831149697303772
Malicious,Malicious,0.9999994039535522
Malicious,Malicious,1.0
Malicious,Malicious,0.8532776236534119
Malicious,Malicious,0.8922014236450195
Malicious,Malicious,0.9999991655349731
Malicious,Malicious,0.7655649781227112
Malicious,Malicious,0.9512695074081421
Malicious,Malicious,0.814825177192688
Malicious,Malicious,0.8723050951957703
Malicious,Malicious,0.7164984941482544
Malicious,Malicious,0.8114229440689087
Malicious,Malicious,0.8685598373413086
Malicious,Malicious,0.7376591563224792
Malicious,Malicious,0.7929593324661255
Malicious,Malicious,0.8714910745620728
Malicious,Malicious,0.7627672553062439
Malicious,Malicious,0.8079391121864319
Malicious,Malicious,0.7915281057357788
Malicious,Malicious,0.9540949463844299
Malicious,Malicious,0.819729208946228
Malicious,Malicious,0.9146897196769714
Malicious,Malicious,0.9999979734420776
Malicious,Malicious,0.7476674914360046
Malicious,Malicious,0.746228039264679
Malicious,Malicious,0.8712318539619446
Malicious,Malicious,0.788628876209259
Malicious,Malicious,0.9666656851768494
Malicious,Malicious,0.8534441590309143
Malicious,Malicious,0.7501949667930603
Malicious,Malicious,0.830298125743866
Malicious,Malicious,0.9061741232872009
Malicious,Malicious,0.8652790784835815
Malicious,Malicious,0.8633055090904236
Malicious,Malicious,0.7603273391723633
Malicious,Malicious,0.7067745923995972
Malicious,Malicious,0.8044567704200745
Malicious,Malicious,0.8493712544441223
Malicious,Malicious,0.8638034462928772
Malicious,Malicious,0.8721061944961548
Malicious,Malicious,0.8157323002815247
Malicious,Malicious,0.8236910700798035
Malicious,Malicious,1.0
Malicious,Malicious,0.8609062433242798
Malicious,Malicious,0.8517426252365112
Malicious,Malicious,0.7767555713653564
Malicious,Malicious,0.7125387787818909
Malicious,Malicious,1.0
Malicious,Malicious,0.8164404630661011
Malicious,Malicious,0.8091121912002563
Malicious,Malicious,0.822167158126831
Malicious,Malicious,0.8824924826622009
Malicious,Malicious,0.8440212607383728
Malicious,Malicious,0.8556110858917236
Malicious,Malicious,0.7504218220710754
Malicious,Malicious,0.8833823204040527
Malicious,Malicious,0.8241001963615417
Malicious,Malicious,0.7505918741226196
Malicious,Malicious,0.7758301496505737
Malicious,Malicious,0.8294730186462402
Malicious,Malicious,0.8145424723625183
Malicious,Malicious,0.8179088830947876
Malicious,Malicious,0.8592256307601929
Malicious,Malicious,0.9461844563484192
Malicious,Malicious,0.7807735800743103
Malicious,Malicious,0.8419261574745178
Malicious,Malicious,0.7873104810714722
Malicious,Malicious,0.7300565838813782
Malicious,Malicious,1.0
Malicious,Malicious,0.8186368346214294
Malicious,Malicious,0.6361584067344666
Malicious,Malicious,0.9573961496353149
Malicious,Malicious,0.7382814884185791
Malicious,Malicious,0.8630847334861755
Malicious,Malicious,0.830217719078064
Malicious,Malicious,0.8142713308334351
Malicious,Malicious,0.7986007928848267
Malicious,Malicious,0.912333607673645
Malicious,Malicious,0.7586135268211365
Malicious,Malicious,0.7255311012268066
Malicious,Malicious,0.8679892420768738
Malicious,Malicious,0.7421936988830566
Malicious,Malicious,0.798748254776001
Malicious,Malicious,0.8578338027000427
Malicious,Malicious,0.8240576982498169
Malicious,Malicious,0.8657040596008301
Malicious,Malicious,0.9999998807907104
Malicious,Malicious,0.9186458587646484
Malicious,Malicious,0.7820296883583069
Malicious,Malicious,0.7912586331367493
Malicious,Malicious,1.0
Malicious,Malicious,0.8591163754463196
Malicious,Malicious,0.7735999822616577
Malicious,Benign,0.38382819294929504
Malicious,Malicious,0.9652891159057617
Malicious,Malicious,0.9709697365760803
Malicious,Malicious,0.7455013394355774
Malicious,Malicious,0.8284761905670166
Malicious,Malicious,1.0
Malicious,Malicious,1.0
Malicious,Malicious,0.8782646059989929
Malicious,Malicious,0.9494877457618713
Malicious,Malicious,0.8601841330528259
Malicious,Malicious,0.7831617593765259
Malicious,Malicious,0.769949734210968
Malicious,Malicious,0.9855221509933472
Malicious,Malicious,0.9036170840263367
Malicious,Malicious,0.7931534647941589
Malicious,Malicious,0.7967889904975891
Malicious,Malicious,0.7987300157546997
Malicious,Malicious,0.8076356053352356
Malicious,Malicious,1.0
Malicious,Malicious,1.0
Malicious,Malicious,0.689058780670166
Malicious,Malicious,0.7429974675178528
Malicious,Malicious,0.877613365650177
Malicious,Malicious,0.875065267086029
Malicious,Malicious,0.7460857629776001
Malicious,Malicious,0.9328724145889282
Malicious,Malicious,0.8137388825416565
Malicious,Malicious,0.7474073171615601
Malicious,Malicious,0.8581153750419617
Malicious,Malicious,0.7044044137001038
Malicious,Malicious,0.8344412446022034
Malicious,Malicious,0.7813122272491455
Malicious,Malicious,0.6794373393058777
Malicious,Malicious,0.8303054571151733
Malicious,Malicious,0.8670070171356201
Malicious,Malicious,0.9073041677474976
Malicious,Malicious,1.0
Malicious,Malicious,0.8280442953109741
Malicious,Malicious,0.8172193765640259
Malicious,Malicious,0.7013091444969177
Malicious,Malicious,0.7650690674781799
Malicious,Malicious,0.714333713054657
Malicious,Malicious,0.8273812532424927
Malicious,Malicious,0.7530515789985657
Malicious,Malicious,0.7641025185585022
Malicious,Malicious,0.8728798627853394
Malicious,Malicious,0.8019444346427917
Malicious,Malicious,0.8667406439781189
Malicious,Malicious,0.8728190064430237
Malicious,Malicious,0.7645558714866638
Malicious,Malicious,0.9999988675117493
Malicious,Malicious,0.7131201028823853
Malicious,Malicious,0.9011229276657104
Malicious,Malicious,0.7639251351356506
Malicious,Malicious,0.9572820067405701
Malicious,Malicious,1.0
Malicious,Malicious,0.8225087523460388
Malicious,Malicious,0.7938330173492432
Malicious,Malicious,0.8823699355125427
Malicious,Malicious,0.9999999403953552
Malicious,Malicious,0.7979510426521301
Malicious,Malicious,0.806567907333374
Malicious,Malicious,0.8405013084411621
Malicious,Malicious,0.7960711121559143
Malicious,Malicious,1.0
Malicious,Malicious,0.9071077704429626
Malicious,Malicious,0.7152073383331299
Malicious,Malicious,0.782082736492157
Malicious,Malicious,0.7560312151908875
Malicious,Malicious,0.9999955296516418
Malicious,Malicious,1.0
Malicious,Malicious,1.0
Malicious,Malicious,0.8244425058364868
Malicious,Malicious,0.8198238611221313
Malicious,Malicious,0.8447622656822205
Malicious,Malicious,0.7773436307907104
Malicious,Malicious,0.7379053235054016
Malicious,Malicious,0.7375872731208801
Malicious,Malicious,0.8320052623748779
Malicious,Malicious,0.8556178212165833
Malicious,Malicious,0.8545658588409424
Malicious,Malicious,0.8361562490463257
Malicious,Malicious,0.8840699791908264
Malicious,Malicious,0.803999125957489
Malicious,Malicious,0.8593112230300903
Malicious,Malicious,0.9727386236190796
Malicious,Malicious,0.7962550520896912
Malicious,Malicious,0.7061407566070557
Malicious,Malicious,0.755511462688446
Malicious,Malicious,0.8991928696632385
Malicious,Malicious,0.9999931454658508
Malicious,Malicious,0.8635565638542175
Malicious,Malicious,0.8486711382865906
Malicious,Malicious,0.7949191927909851
Malicious,Malicious,0.8973337411880493
Malicious,Malicious,0.8548502922058105
Malicious,Malicious,0.8738306164741516
Malicious,Malicious,0.8131422400474548
Malicious,Malicious,0.9223626255989075
Malicious,Malicious,0.816154420375824
Malicious,Malicious,0.8646909594535828
Malicious,Benign,0.35301610827445984
Malicious,Malicious,0.7746164202690125
Malicious,Malicious,0.8149322271347046
Malicious,Malicious,0.7130646109580994
Malicious,Malicious,0.7218317985534668
Malicious,Malicious,0.8483378887176514
Malicious,Malicious,0.9060189127922058
Malicious,Malicious,0.8722716569900513
Malicious,Malicious,0.8457643389701843
Malicious,Malicious,0.9716213345527649
Malicious,Malicious,0.838898777961731
Malicious,Malicious,0.8142684102058411
Malicious,Malicious,0.8121538758277893
Malicious,Malicious,0.8931747674942017
Malicious,Malicious,0.8680872917175293
Malicious,Malicious,0.8173325657844543
Malicious,Malicious,0.8518900275230408
Malicious,Malicious,0.9340749979019165
Malicious,Malicious,0.7996742129325867
Malicious,Malicious,0.8671406507492065
Malicious,Malicious,0.7872519493103027
Malicious,Malicious,0.857649028301239
Malicious,Malicious,0.8428135514259338
Malicious,Malicious,0.8192976117134094
Malicious,Malicious,0.8368971943855286
Malicious,Malicious,0.8374608755111694
Malicious,Malicious,0.7399158477783203
Malicious,Malicious,0.8553863763809204
Malicious,Malicious,0.8008669018745422
Malicious,Malicious,0.7516679167747498
Malicious,Malicious,1.0
Malicious,Malicious,0.5075881481170654
Malicious,Malicious,0.8323453664779663
Malicious,Malicious,0.7651565074920654
Malicious,Malicious,0.8732494711875916
Malicious,Malicious,0.8159626126289368
Malicious,Malicious,0.8148999810218811
Malicious,Malicious,0.8257594108581543
Malicious,Malicious,0.8650311231613159
Malicious,Malicious,0.8477112054824829
Malicious,Malicious,0.9414879679679871
Malicious,Malicious,0.8537331223487854
Malicious,Malicious,0.8874080181121826
Malicious,Malicious,0.9105178713798523
Malicious,Malicious,0.9228071570396423
Malicious,Malicious,0.8247188925743103
Malicious,Malicious,0.8481411933898926
Malicious,Malicious,0.7654938697814941
Malicious,Malicious,0.9688090085983276
Malicious,Malicious,0.8860753178596497
Malicious,Benign,0.3178340494632721
Malicious,Malicious,0.7954791784286499
Malicious,Malicious,0.8366287350654602
Malicious,Malicious,0.8749880194664001
Malicious,Malicious,0.9999949336051941
Malicious,Malicious,0.754202127456665
Malicious,Malicious,0.729575514793396
Malicious,Malicious,0.8713158965110779
Malicious,Malicious,0.9421600103378296
Malicious,Malicious,0.8783411383628845
Malicious,Malicious,0.7466422915458679
Malicious,Malicious,0.8367803692817688
Malicious,Malicious,0.9999998807907104
Malicious,Malicious,0.8120941519737244
Malicious,Malicious,0.8706189393997192
Malicious,Malicious,0.8699751496315002
Malicious,Malicious,0.8291351795196533
Malicious,Malicious,0.8311217427253723
Malicious,Malicious,0.7955493330955505
Malicious,Malicious,0.9246230721473694
Malicious,Malicious,0.8245841264724731
Malicious,Malicious,0.9322081804275513
Malicious,Malicious,0.919181227684021
Malicious,Malicious,0.9999933838844299
Malicious,Malicious,0.8798820376396179
Malicious,Malicious,0.8602753281593323
Malicious,Malicious,0.7804331183433533
Malicious,Malicious,0.8505982756614685
Malicious,Malicious,0.8559452891349792
Malicious,Malicious,0.7956337928771973
Malicious,Malicious,0.980614185333252
Malicious,Malicious,0.8864524960517883
Malicious,Malicious,0.8077004551887512
Malicious,Malicious,0.8652340173721313
Malicious,Malicious,0.8447203040122986
Malicious,Malicious,0.841223418712616
Malicious,Malicious,0.9999924898147583
Malicious,Malicious,0.8257489204406738
Malicious,Malicious,0.730527937412262
Malicious,Malicious,0.9032261967658997
Malicious,Benign,0.4086790084838867
Malicious,Malicious,0.7103613615036011
Malicious,Malicious,0.729832649230957
Malicious,Malicious,0.8394513726234436
Malicious,Malicious,0.8040299415588379
Malicious,Malicious,0.8559579253196716
Malicious,Malicious,0.804867148399353
Malicious,Malicious,0.9999935030937195
Malicious,Malicious,0.7960228323936462
Malicious,Malicious,0.7431057095527649
Malicious,Malicious,0.5299124717712402
Malicious,Malicious,0.8717275857925415
Malicious,Malicious,0.7500687837600708
Malicious,Malicious,0.8125774264335632
Malicious,Malicious,0.8622508645057678
Malicious,Malicious,0.7958617210388184
Malicious,Malicious,1.0
Malicious,Malicious,0.8228601813316345
Malicious,Malicious,0.800911545753479
Malicious,Malicious,0.8415123820304871
Malicious,Malicious,0.8640076518058777
Malicious,Malicious,0.8085351586341858
Malicious,Malicious,0.7661249041557312
Malicious,Malicious,0.999995768070221
Malicious,Malicious,0.8154024481773376
Malicious,Malicious,0.8842688798904419
Malicious,Malicious,0.8049556016921997
Malicious,Malicious,0.845470666885376
Malicious,Malicious,0.8783949613571167
Malicious,Malicious,1.0
Malicious,Malicious,0.7214617133140564
Malicious,Malicious,0.766739010810852
Malicious,Malicious,0.7646101713180542
Malicious,Malicious,0.8694608807563782
Malicious,Malicious,0.7742741107940674
Malicious,Malicious,0.9847235083580017
Malicious,Malicious,0.8165377974510193
Malicious,Malicious,0.8811277747154236
Malicious,Malicious,0.8848654627799988
Malicious,Malicious,0.9531152248382568
Malicious,Malicious,0.825991690158844
Malicious,Malicious,0.8342679738998413
Malicious,Malicious,0.8566805720329285
Malicious,Malicious,0.9086029529571533
Malicious,Malicious,0.7946969270706177
Malicious,Malicious,0.7547561526298523
Malicious,Malicious,0.9999900460243225
Malicious,Malicious,0.8087721467018127
Malicious,Malicious,0.8540769815444946
Malicious,Malicious,0.7950758337974548
Malicious,Malicious,0.7995396852493286
Malicious,Malicious,0.7975930571556091
Malicious,Malicious,0.8581269979476929
Malicious,Malicious,0.7676621079444885
Malicious,Benign,0.22042492032051086
Malicious,Malicious,0.8323753476142883
Malicious,Malicious,0.870638370513916
Malicious,Malicious,0.7741321325302124
Malicious,Malicious,0.8031631112098694
Malicious,Malicious,0.8952141404151917
Malicious,Malicious,0.7972316145896912
Malicious,Malicious,0.8422564268112183
Malicious,Malicious,0.7569940686225891
Malicious,Malicious,0.9173911213874817
Malicious,Malicious,0.7863326072692871
Malicious,Malicious,0.8599845767021179
Malicious,Malicious,0.8938506841659546
Malicious,Malicious,0.718400776386261
Malicious,Malicious,0.8557645082473755
Malicious,Malicious,0.7166887521743774
Malicious,Malicious,0.8113028407096863
Malicious,Malicious,0.8543843626976013
Malicious,Malicious,0.8614099621772766
Malicious,Malicious,0.8184235692024231
Malicious,Malicious,0.9062817692756653
Malicious,Malicious,0.7237171530723572
Malicious,Malicious,0.7712756395339966
Malicious,Malicious,0.9836121201515198
Malicious,Malicious,0.9638291597366333
Malicious,Malicious,0.8717652559280396
Malicious,Malicious,0.8425370454788208
Malicious,Malicious,0.8528597950935364
Malicious,Malicious,0.824447512626648
Malicious,Malicious,1.0
Malicious,Malicious,0.7789664268493652
Malicious,Malicious,0.7247862219810486
Malicious,Malicious,0.8755045533180237
Malicious,Malicious,0.8290812373161316
Malicious,Malicious,0.8803315758705139
Malicious,Malicious,0.6955403089523315
Malicious,Malicious,0.8540123105049133
Malicious,Malicious,0.8337976932525635
Malicious,Malicious,0.7788122296333313
Malicious,Malicious,0.999999463558197
Malicious,Malicious,0.8534446954727173
Malicious,Malicious,0.8246117234230042
Malicious,Malicious,0.8580498099327087
Malicious,Malicious,0.7894487380981445
Malicious,Malicious,0.8382605910301208
Malicious,Malicious,0.824327290058136
Malicious,Malicious,0.8545670509338379
Malicious,Malicious,0.6703789234161377
Malicious,Malicious,0.7790960669517517
Malicious,Malicious,0.7925768494606018
Malicious,Malicious,0.845391571521759
Malicious,Malicious,0.8733006715774536
Malicious,Malicious,0.8528267741203308
Malicious,Malicious,0.8503901958465576
Malicious,Malicious,0.8417876958847046
Malicious,Malicious,0.821290910243988
Malicious,Malicious,0.84419846534729
Malicious,Malicious,0.8943842053413391
Malicious,Malicious,1.0
Malicious,Malicious,0.8112566471099854
Malicious,Malicious,0.7867113947868347
Malicious,Malicious,0.8012109994888306
Malicious,Malicious,0.7245116829872131
Malicious,Malicious,0.8126652836799622
Malicious,Malicious,0.8957617282867432
Malicious,Malicious,0.8344189524650574
Malicious,Malicious,0.6972096562385559
Malicious,Malicious,0.7970053553581238
Malicious,Malicious,0.7775896191596985
Malicious,Malicious,0.8855975270271301
Malicious,Malicious,0.9614510536193848
Malicious,Malicious,0.911017119884491
Malicious,Malicious,0.8800129294395447
Malicious,Malicious,0.780179500579834
Malicious,Malicious,0.999999463558197
Malicious,Malicious,0.8111472129821777
Malicious,Malicious,0.8182106614112854
Malicious,Malicious,0.8145220875740051
Malicious,Malicious,0.7578566670417786
Malicious,Malicious,0.8425873517990112
Malicious,Malicious,0.9342565536499023
Malicious,Malicious,0.8560360074043274
Malicious,Malicious,0.812466025352478
Malicious,Malicious,0.9429756999015808
Malicious,Malicious,0.8164204359054565
Malicious,Malicious,0.8029938340187073
Malicious,Malicious,0.7598751187324524
Malicious,Malicious,0.6378443241119385
Malicious,Malicious,0.7299717664718628
Malicious,Malicious,0.776900053024292
Malicious,Malicious,0.8276627063751221
Malicious,Malicious,0.8455402255058289
Malicious,Malicious,0.8681020736694336
Malicious,Malicious,0.8997228741645813
Malicious,Malicious,0.868560254573822
Malicious,Malicious,0.9999999403953552
Malicious,Malicious,0.7394624948501587
Malicious,Malicious,0.7681791186332703
Malicious,Malicious,1.0
Malicious,Malicious,0.8154767751693726
Malicious,Malicious,0.835358738899231
Malicious,Malicious,0.8582538962364197
Malicious,Malicious,0.7788199782371521
Malicious,Malicious,0.9912504553794861
Malicious,Malicious,0.827003002166748
Malicious,Malicious,0.8288863897323608
Malicious,Malicious,0.8360255360603333
Malicious,Malicious,0.8710522055625916
Malicious,Malicious,0.7915398478507996
Malicious,Malicious,0.7910311222076416
Malicious,Malicious,0.818049967288971
Malicious,Malicious,0.8190103769302368
Malicious,Malicious,0.875827968120575
Malicious,Malicious,0.7883504629135132
Malicious,Malicious,0.8348464369773865
Malicious,Malicious,0.8843252062797546
Malicious,Malicious,1.0
Malicious,Malicious,0.72579425573349
Malicious,Malicious,0.821844756603241
Malicious,Malicious,0.8867546916007996
Malicious,Malicious,0.8244919776916504
Malicious,Malicious,0.8422437310218811
Malicious,Malicious,0.9482920169830322
Malicious,Malicious,0.7791335582733154
Malicious,Malicious,0.8344773054122925
Malicious,Malicious,0.989594042301178
Malicious,Malicious,0.783908486366272
Malicious,Malicious,0.8133411407470703
Malicious,Malicious,0.7764843106269836
Malicious,Malicious,0.9999939203262329
Malicious,Malicious,0.8088038563728333
Malicious,Malicious,0.9999904632568359
Malicious,Malicious,0.8945998549461365
Malicious,Malicious,0.8237766623497009
Malicious,Malicious,0.6917375326156616
Malicious,Malicious,0.8047180771827698
Malicious,Malicious,0.9858629703521729
Malicious,Malicious,0.8590788841247559
Malicious,Malicious,0.8204993605613708
Malicious,Malicious,0.7610803842544556
Malicious,Malicious,0.7638261914253235
Malicious,Malicious,0.8822968006134033
Malicious,Malicious,0.8579036593437195
Malicious,Malicious,0.8411207795143127
Malicious,Malicious,0.7919629216194153
Malicious,Malicious,0.8605620265007019
Malicious,Malicious,0.8238471150398254
Malicious,Malicious,0.8449416160583496
Malicious,Malicious,0.8652427792549133
Malicious,Malicious,0.727717936038971
Malicious,Malicious,0.8522586226463318
Malicious,Malicious,0.9999944567680359
Malicious,Benign,0.058346252888441086
Malicious,Malicious,0.9150450229644775
Malicious,Malicious,0.999994695186615
Malicious,Malicious,0.7023338675498962
Malicious,Malicious,0.9999997019767761
Malicious,Malicious,0.8521564602851868
Malicious,Malicious,0.8849647045135498
Malicious,Malicious,0.8160423040390015
Malicious,Malicious,0.7463950514793396
Malicious,Malicious,0.999998927116394
Malicious,Malicious,0.756045937538147
Malicious,Malicious,0.9285877346992493
Malicious,Malicious,0.8737495541572571
Malicious,Malicious,0.6810743808746338
Malicious,Malicious,0.7918239235877991
Malicious,Malicious,0.7470371127128601
Malicious,Malicious,0.8355425000190735
Malicious,Malicious,0.7457945346832275
Malicious,Malicious,0.8211002945899963
Malicious,Malicious,0.9999899864196777
Malicious,Malicious,0.8951248526573181
Malicious,Malicious,0.8062289953231812
Malicious,Malicious,0.8229659795761108
Malicious,Malicious,0.8216555118560791
Malicious,Malicious,0.836859405040741
Malicious,Malicious,0.7110438942909241
Malicious,Malicious,0.9485598206520081
Malicious,Malicious,0.8278639912605286
Malicious,Malicious,0.9999997019767761
Malicious,Malicious,0.740350067615509
Malicious,Malicious,0.806776225566864
Malicious,Malicious,0.9071827530860901
Malicious,Malicious,0.8154357671737671
Malicious,Malicious,0.9046792387962341
Malicious,Malicious,0.7545280456542969
Malicious,Malicious,0.8374703526496887
Malicious,Malicious,0.8845682144165039
Malicious,Malicious,0.8519825339317322
Malicious,Malicious,0.8842501640319824
Malicious,Malicious,0.7966532707214355
Malicious,Malicious,0.8636416792869568
Malicious,Malicious,0.8443440198898315
Malicious,Malicious,0.8137732744216919
Malicious,Malicious,0.9750809073448181
Malicious,Malicious,0.8547837734222412
Malicious,Malicious,0.8365323543548584
Malicious,Malicious,0.9072310328483582
Malicious,Malicious,0.7917230129241943
Malicious,Malicious,0.816710352897644
Malicious,Malicious,0.780290424823761
Malicious,Malicious,0.7860539555549622
Malicious,Benign,0.40312108397483826
Malicious,Malicious,0.8778889775276184
Malicious,Malicious,0.7927147746086121
Malicious,Malicious,0.7125364542007446
Malicious,Malicious,0.7010761499404907
Malicious,Malicious,0.9729902744293213
Malicious,Malicious,0.8745450377464294
Malicious,Malicious,0.8235003352165222
Malicious,Malicious,0.8297923803329468
Malicious,Malicious,0.8669849038124084
Malicious,Malicious,0.8994491696357727
Malicious,Malicious,0.8741108775138855
Malicious,Malicious,0.8220483660697937
Malicious,Malicious,0.9204039573669434
Malicious,Malicious,0.9490638971328735
Malicious,Malicious,0.9894274473190308
Malicious,Malicious,0.6928207874298096
Malicious,Malicious,0.8007577657699585
Malicious,Malicious,0.8216423988342285
Malicious,Malicious,0.8036267161369324
Malicious,Malicious,0.8845022320747375
Malicious,Malicious,0.8240929245948792
Malicious,Malicious,0.7923016548156738
Malicious,Malicious,0.8920307755470276
Malicious,Malicious,0.8019546866416931
Malicious,Malicious,0.9999979734420776
Malicious,Malicious,0.7286332249641418
Malicious,Malicious,0.8931450843811035
Malicious,Malicious,0.8246683478355408
Malicious,Malicious,0.8502472639083862
Malicious,Malicious,0.8713217973709106
Malicious,Malicious,0.8138281106948853
Malicious,Malicious,0.732903778553009
Malicious,Malicious,0.7240587472915649
Malicious,Malicious,0.8116405606269836
Malicious,Malicious,0.8187577128410339
Malicious,Benign,0.3398171663284302
Malicious,Malicious,0.8441698551177979
Malicious,Malicious,0.8577632904052734
Malicious,Malicious,0.8415457606315613
Malicious,Malicious,0.7549695372581482
Malicious,Malicious,0.8382157683372498
Malicious,Malicious,0.8169556856155396
Malicious,Malicious,0.8736180067062378
Malicious,Malicious,0.7713949680328369
Malicious,Malicious,0.8958722949028015
Malicious,Malicious,0.8132452368736267
Malicious,Malicious,0.871896505355835
Malicious,Malicious,1.0
Malicious,Malicious,0.7934103608131409
Malicious,Malicious,0.8523926734924316
Malicious,Malicious,0.7132707238197327
Malicious,Malicious,0.8372403383255005
Malicious,Malicious,0.8441857099533081
Malicious,Malicious,0.8051146268844604
Malicious,Malicious,0.8105897903442383
Malicious,Malicious,0.9740936756134033
Malicious,Malicious,0.7570100426673889
Malicious,Malicious,0.7676452994346619
Malicious,Malicious,0.8265925645828247
Malicious,Malicious,0.7149702310562134
Malicious,Malicious,0.5661514401435852
Malicious,Malicious,0.7820034623146057
Malicious,Malicious,0.915553092956543
Malicious,Malicious,0.8135642409324646
Malicious,Malicious,0.7865599989891052
Malicious,Malicious,0.8084466457366943
Malicious,Malicious,0.7948713302612305
Malicious,Malicious,0.8079543709754944
Malicious,Malicious,0.9999999403953552
Malicious,Malicious,0.8655479550361633
Malicious,Malicious,0.785430908203125
Malicious,Malicious,0.7536649107933044
Malicious,Malicious,0.8260817527770996
Malicious,Malicious,0.8414208292961121
Malicious,Malicious,0.9999939799308777
Malicious,Malicious,0.8418086171150208
Malicious,Malicious,0.7753978371620178
Malicious,Malicious,0.8055691719055176
Malicious,Malicious,0.7437908053398132
Malicious,Benign,0.4016548693180084
Malicious,Malicious,0.87919682264328
Malicious,Malicious,0.8762443661689758
Malicious,Malicious,0.7736924290657043
Malicious,Malicious,0.8725556135177612
Malicious,Malicious,0.8417654633522034
Malicious,Malicious,0.7456458210945129
Malicious,Malicious,0.6879050135612488
Malicious,Malicious,0.7959185242652893
Malicious,Malicious,0.8692370057106018
Malicious,Malicious,0.8494542837142944
Malicious,Malicious,0.8238791823387146
Malicious,Malicious,0.7795324921607971
Malicious,Malicious,0.7324667572975159
Malicious,Malicious,0.86894291639328
Malicious,Malicious,0.8183954954147339
Malicious,Malicious,0.8090947866439819
Malicious,Malicious,0.8992725610733032
Malicious,Malicious,0.8673579692840576
Malicious,Malicious,0.8066673278808594
Malicious,Malicious,0.9044012427330017
Malicious,Malicious,0.999992311000824
Malicious,Malicious,0.808456540107727
Malicious,Malicious,0.8048931956291199
Malicious,Malicious,0.9999953508377075
Malicious,Malicious,0.9478484988212585
Malicious,Malicious,0.8470861911773682
Malicious,Malicious,0.877524197101593
Malicious,Malicious,0.8983959555625916
Malicious,Malicious,0.8074859380722046
Malicious,Malicious,0.7746134996414185
Malicious,Malicious,0.9831169843673706
Malicious,Malicious,0.8533978462219238
Malicious,Malicious,0.7479474544525146
Malicious,Malicious,0.8077918291091919
Malicious,Malicious,0.8159604072570801
Malicious,Benign,0.4602450728416443
Malicious,Malicious,0.8264945149421692
Malicious,Malicious,0.8521277904510498
Malicious,Malicious,0.8626389503479004
Malicious,Malicious,0.8194865584373474
Malicious,Malicious,0.9649239778518677
Malicious,Malicious,0.8215224742889404
Malicious,Malicious,0.7946338057518005
Malicious,Malicious,0.7841478586196899
Malicious,Malicious,0.8318672776222229
Malicious,Malicious,0.7913119792938232
Malicious,Malicious,0.9936335682868958
Malicious,Malicious,0.9644691348075867
Malicious,Malicious,0.871021032333374
Malicious,Malicious,0.9999961256980896
Malicious,Malicious,0.7861375212669373
Malicious,Malicious,0.81134432554245
Malicious,Malicious,0.8039462566375732
Malicious,Malicious,0.969966471195221
Malicious,Malicious,0.8483185768127441
Malicious,Malicious,0.850631058216095
Malicious,Malicious,0.8516328930854797
Malicious,Malicious,0.7907900810241699
Malicious,Malicious,0.9544463753700256
Malicious,Malicious,0.8509268760681152
Malicious,Benign,0.45300740003585815
Malicious,Malicious,0.9369608163833618
Malicious,Malicious,0.8796119093894958
Malicious,Malicious,0.8734862804412842
Malicious,Malicious,0.8078169822692871
Malicious,Malicious,0.8670764565467834
Malicious,Malicious,0.8803831934928894
Malicious,Malicious,0.7978613972663879
Malicious,Malicious,0.7637398838996887
Malicious,Malicious,0.8192776441574097
Malicious,Malicious,0.8478442430496216
Malicious,Malicious,0.8050183057785034
Malicious,Malicious,0.8802221417427063
Malicious,Malicious,0.869744062423706
Malicious,Malicious,1.0
Malicious,Malicious,0.9434658885002136
Malicious,Benign,0.3260161876678467
Malicious,Malicious,0.8199920654296875
Malicious,Benign,0.1468295007944107
Malicious,Malicious,0.9987831115722656
Malicious,Malicious,0.8313511610031128
Malicious,Malicious,0.8346138000488281
Malicious,Malicious,0.8042405843734741
Malicious,Malicious,0.679320216178894
Malicious,Malicious,0.8838534355163574
Malicious,Malicious,0.8676459789276123
Malicious,Malicious,0.7641220688819885
Malicious,Malicious,0.7534044981002808
Malicious,Malicious,0.7234818339347839
Malicious,Malicious,0.8645210266113281
Malicious,Malicious,0.5294591188430786
Malicious,Malicious,0.704294741153717
Malicious,Malicious,0.9999995231628418
Malicious,Malicious,0.8430255055427551
Malicious,Malicious,0.8923853635787964
Malicious,Malicious,0.8652426600456238
Malicious,Malicious,0.9999942183494568
Malicious,Malicious,0.8829119801521301
Malicious,Malicious,0.8290905356407166
Malicious,Malicious,0.9018031358718872
Malicious,Malicious,0.7888660430908203
Malicious,Malicious,0.9592922329902649
Malicious,Malicious,0.8728996515274048
Malicious,Malicious,0.8248383402824402
Malicious,Malicious,0.7883707880973816
Malicious,Malicious,0.7422036528587341
Malicious,Malicious,0.7421584129333496
Malicious,Malicious,0.5562439560890198
Malicious,Malicious,0.8505789041519165
Malicious,Malicious,0.9376651048660278
Malicious,Malicious,0.7512414455413818
Malicious,Malicious,0.8229793310165405
Malicious,Malicious,0.9778558015823364
Malicious,Malicious,0.878734827041626
Malicious,Malicious,0.7657484412193298
Malicious,Malicious,1.0
Malicious,Malicious,0.8639633655548096
Malicious,Malicious,0.8106849789619446
Malicious,Malicious,0.857632577419281
Malicious,Malicious,0.8299210667610168
Malicious,Malicious,0.8795434236526489
Malicious,Malicious,0.8044838309288025
Malicious,Malicious,0.8434350490570068
Malicious,Benign,0.45887595415115356
Malicious,Malicious,0.8635386824607849
Malicious,Benign,0.36368873715400696
Malicious,Malicious,0.8352164030075073
Malicious,Malicious,1.0
Malicious,Malicious,0.8784623146057129
Malicious,Malicious,0.8523611426353455
Malicious,Malicious,0.9999942779541016
Malicious,Malicious,0.946118175983429
Malicious,Malicious,0.7198677659034729
Malicious,Malicious,0.7112407684326172
Malicious,Malicious,0.8001293540000916
Malicious,Malicious,0.8199962377548218
Malicious,Malicious,0.7831516265869141
Malicious,Malicious,0.8525004386901855
Malicious,Malicious,0.7775402069091797
Malicious,Malicious,0.9999998807907104
Malicious,Malicious,0.8328506946563721
Malicious,Malicious,0.880541980266571
Malicious,Malicious,0.8917499780654907
Malicious,Malicious,0.7927504777908325
Malicious,Malicious,0.9617749452590942
Malicious,Malicious,0.8189342021942139
Malicious,Malicious,0.9727770090103149
Malicious,Malicious,0.913795530796051
Malicious,Malicious,0.9720797538757324
Malicious,Malicious,0.8966110944747925
Malicious,Malicious,0.9045857787132263
Malicious,Malicious,0.8070021867752075
Malicious,Malicious,0.8186326026916504
Malicious,Malicious,0.7906336188316345
Malicious,Malicious,0.8384113907814026
Malicious,Malicious,0.9999995827674866
Malicious,Malicious,0.7801477313041687
Malicious,Malicious,0.8018942475318909
Malicious,Malicious,0.978691041469574
Malicious,Malicious,0.7654404044151306
Malicious,Malicious,0.8535196781158447
Malicious,Malicious,0.9664343595504761
Malicious,Malicious,0.8576801419258118
Malicious,Malicious,0.8026286959648132
Malicious,Malicious,0.7784990668296814
Malicious,Malicious,0.8643245100975037
Malicious,Malicious,0.7247861623764038
Malicious,Malicious,0.815443217754364
Malicious,Malicious,0.9999991655349731
Malicious,Malicious,1.0
Malicious,Malicious,0.9417992234230042
Malicious,Malicious,0.7800201177597046
Malicious,Malicious,0.8013869524002075
Malicious,Malicious,0.9818679690361023
Malicious,Malicious,0.8114902377128601
Malicious,Malicious,0.8673610687255859
Malicious,Malicious,0.8830707669258118
Malicious,Malicious,0.7608869075775146
Malicious,Benign,0.39095398783683777
Malicious,Malicious,0.884360671043396
Malicious,Malicious,0.8692370057106018
Malicious,Malicious,1.0
Malicious,Malicious,0.798006534576416
Malicious,Malicious,0.7887163162231445
Malicious,Malicious,0.8469224572181702
Malicious,Malicious,0.9307860136032104
Malicious,Malicious,0.818604588508606
Malicious,Malicious,0.8066958785057068
Malicious,Malicious,0.8479150533676147
Malicious,Malicious,0.8601914048194885
Malicious,Malicious,0.8554776906967163
Malicious,Malicious,0.7853516340255737
Malicious,Malicious,0.8792422413825989
Malicious,Malicious,0.846423864364624
Malicious,Malicious,0.7819378972053528
Malicious,Malicious,0.8558335900306702
Malicious,Malicious,0.7635065913200378
Malicious,Malicious,0.8159499764442444
Malicious,Malicious,0.8463602662086487
Malicious,Malicious,0.9999943971633911
Malicious,Malicious,0.858921229839325
Malicious,Malicious,0.8210770487785339
Malicious,Malicious,0.7741122245788574
Malicious,Malicious,0.7406067252159119
Malicious,Malicious,0.7513453960418701
Malicious,Malicious,0.799907922744751
Malicious,Malicious,0.7506870627403259
Malicious,Malicious,0.801263153553009
Malicious,Malicious,0.8966111540794373
Malicious,Malicious,0.9774491786956787
Malicious,Malicious,0.7736585736274719
Malicious,Malicious,0.8626919388771057
Malicious,Malicious,1.0
Malicious,Malicious,0.7875809669494629
Malicious,Benign,0.3192979097366333
Malicious,Malicious,0.8686519861221313
Malicious,Malicious,0.8739176988601685
Malicious,Malicious,0.7609667778015137
Malicious,Malicious,0.8113828301429749
Malicious,Malicious,0.8801016807556152
Malicious,Malicious,1.0
Malicious,Malicious,0.8083509206771851
Malicious,Malicious,0.8140067458152771
Malicious,Malicious,0.7269158363342285
Malicious,Malicious,0.6839655637741089
Malicious,Malicious,1.0
Malicious,Malicious,1.0
Malicious,Malicious,0.8842915296554565
Malicious,Malicious,0.7124181389808655
Malicious,Malicious,0.8543259501457214
Malicious,Malicious,0.7628538012504578
Malicious,Malicious,0.9999994039535522
Malicious,Malicious,1.0
Malicious,Malicious,0.705268383026123
Malicious,Malicious,1.0
Malicious,Malicious,0.7609163522720337
Malicious,Malicious,0.8228853940963745
Malicious,Malicious,0.8586411476135254
Malicious,Malicious,0.9839438796043396
Malicious,Malicious,0.8679361939430237
Malicious,Malicious,0.6746252179145813
Malicious,Malicious,0.7322810888290405
Malicious,Malicious,0.8347659111022949
Malicious,Malicious,0.884284257888794
Malicious,Malicious,0.860680103302002
Malicious,Malicious,0.7248803377151489
Malicious,Malicious,0.8772426247596741
Malicious,Malicious,0.8937674164772034
Malicious,Malicious,0.9999998211860657
Malicious,Malicious,0.9005929231643677
Malicious,Malicious,0.8233723044395447
Malicious,Malicious,0.7804944515228271
Malicious,Malicious,0.845289409160614
Malicious,Benign,0.37353551387786865
Malicious,Malicious,0.985833466053009
Malicious,Malicious,0.8253744840621948
Malicious,Malicious,0.9205209612846375
Malicious,Malicious,0.8040361404418945
Malicious,Malicious,0.9999942779541016
Malicious,Malicious,0.7019287943840027
Malicious,Malicious,0.76612788438797
Malicious,Malicious,0.8123214244842529
Malicious,Malicious,0.8377213478088379
Malicious,Malicious,0.8078571557998657
Malicious,Malicious,0.803570032119751
Malicious,Malicious,0.8067784905433655
Malicious,Malicious,0.8550159335136414
Malicious,Malicious,0.8143453598022461
Malicious,Malicious,0.8161988258361816
Malicious,Malicious,0.8299020528793335
Malicious,Malicious,0.8895087838172913
Malicious,Malicious,0.8076425790786743
Malicious,Malicious,0.841771125793457
Malicious,Benign,0.3428493142127991
Malicious,Malicious,0.7905036211013794
Malicious,Malicious,0.8573805093765259
Malicious,Malicious,0.8612347841262817
Malicious,Malicious,1.0
Malicious,Malicious,0.7913601994514465
Malicious,Malicious,0.7944850325584412
Malicious,Malicious,0.8370817303657532
Malicious,Malicious,0.8062782287597656
Malicious,Malicious,0.7266131043434143
Malicious,Malicious,0.8743171095848083
Malicious,Malicious,0.9481863975524902
Malicious,Malicious,0.7876847386360168
Malicious,Malicious,0.8158129453659058
Malicious,Malicious,1.0
Malicious,Malicious,0.8661530017852783
Malicious,Malicious,0.7728230953216553
Malicious,Malicious,0.7921489477157593
Malicious,Malicious,0.8564304113388062
Malicious,Malicious,0.891560971736908
Malicious,Malicious,0.8518689870834351
Malicious,Malicious,1.0
Malicious,Malicious,0.8789557218551636
Malicious,Malicious,0.7909640073776245
Malicious,Benign,0.2504364550113678
Malicious,Malicious,0.8208005428314209
Malicious,Malicious,0.7775740027427673
Malicious,Malicious,0.8013285398483276
Malicious,Malicious,0.8074331283569336
Malicious,Malicious,0.8331595063209534
Malicious,Malicious,0.9223626255989075
Malicious,Malicious,0.8366535305976868
Malicious,Malicious,0.8377252221107483
Malicious,Malicious,0.8779515027999878
Malicious,Malicious,0.7883867621421814
Malicious,Malicious,0.8548755049705505
Malicious,Malicious,0.8473161458969116
Malicious,Malicious,0.8669571280479431
Malicious,Malicious,0.8451740145683289
Malicious,Malicious,0.8577302694320679
Malicious,Malicious,0.8453739881515503
Malicious,Malicious,0.7286298274993896
Malicious,Malicious,0.8489256501197815
Malicious,Malicious,0.8367455005645752
Malicious,Malicious,0.8748553991317749
Malicious,Malicious,0.8388344645500183
Malicious,Malicious,0.864255964756012
Malicious,Malicious,0.9994478821754456
Malicious,Malicious,0.8236517906188965
Malicious,Malicious,0.7135732769966125
Malicious,Malicious,0.8003543019294739
Malicious,Malicious,0.7917437553405762
Malicious,Malicious,0.7782047986984253
Malicious,Malicious,0.7571085095405579
Malicious,Malicious,0.8324952721595764
Malicious,Malicious,0.9775067567825317
Malicious,Malicious,1.0
Malicious,Malicious,0.7994824051856995
Malicious,Malicious,0.7888897061347961
Malicious,Malicious,0.6858601570129395
Malicious,Malicious,0.7870450019836426
Malicious,Malicious,0.8195617198944092
Malicious,Malicious,0.8022602200508118
Malicious,Malicious,0.8370382189750671
Malicious,Malicious,0.8098383545875549
Malicious,Malicious,0.8225141763687134
Malicious,Malicious,0.9909774661064148
Malicious,Malicious,0.7335765957832336
Malicious,Malicious,0.859877347946167
Malicious,Malicious,0.9999997019767761
Malicious,Malicious,1.0
Malicious,Malicious,0.8592790961265564
Malicious,Malicious,0.8323734402656555
Malicious,Malicious,0.8482342958450317
Malicious,Malicious,0.9493425488471985
Malicious,Malicious,0.9853988885879517
Malicious,Malicious,0.9681494235992432
Malicious,Malicious,1.0
Malicious,Malicious,0.8268699645996094
Malicious,Malicious,0.813023030757904
Malicious,Malicious,0.9999979138374329
Malicious,Malicious,0.7285131216049194
Malicious,Malicious,0.8568511605262756
Malicious,Malicious,0.8472526669502258
Malicious,Malicious,0.8120631575584412
Malicious,Malicious,0.7836361527442932
Malicious,Malicious,0.7565038204193115
Malicious,Malicious,0.8475698828697205
Malicious,Malicious,0.8107938170433044
Malicious,Malicious,0.783642053604126
Malicious,Malicious,0.8706673979759216
Malicious,Malicious,0.8428332805633545
Malicious,Malicious,0.8836728930473328
Malicious,Malicious,0.8811517953872681
Malicious,Malicious,0.7888930439949036
Malicious,Benign,0.3832239806652069
Malicious,Benign,0.370201975107193
Malicious,Malicious,0.7565774917602539
Malicious,Malicious,0.8419593572616577
Malicious,Malicious,0.8242701292037964
Malicious,Malicious,0.8416557312011719
Malicious,Malicious,0.7530702352523804
Malicious,Malicious,0.8231909871101379
Malicious,Malicious,0.9506770968437195
Malicious,Malicious,0.8889610767364502
Malicious,Malicious,0.9670122265815735
Malicious,Malicious,0.7785497307777405
Malicious,Malicious,0.8089548945426941
Malicious,Malicious,0.7919814586639404
Malicious,Malicious,0.8953676819801331
Malicious,Malicious,0.8280695676803589
Malicious,Malicious,0.8021156191825867
Malicious,Malicious,0.8208541870117188
Malicious,Malicious,0.8919103741645813
Malicious,Malicious,0.9979323744773865
Malicious,Malicious,0.8557330369949341
Malicious,Malicious,0.8068845272064209
Malicious,Malicious,0.9686156511306763
Malicious,Malicious,0.8776150941848755
Malicious,Malicious,0.8276883959770203
Malicious,Malicious,0.8227370977401733
Malicious,Malicious,0.860020637512207
Malicious,Malicious,0.8196811676025391
Malicious,Malicious,0.7931340336799622
Malicious,Malicious,0.8256641626358032
Malicious,Malicious,0.9999948143959045
Malicious,Malicious,0.7751253247261047
Malicious,Malicious,0.7904187440872192
Malicious,Malicious,0.8405095934867859
Malicious,Malicious,1.0
Malicious,Malicious,0.9999989867210388
Malicious,Malicious,0.8346019387245178
Malicious,Malicious,0.9088248014450073
Malicious,Malicious,0.8089879751205444
Malicious,Malicious,1.0
Malicious,Malicious,0.7690885066986084
Malicious,Malicious,0.9025121927261353
Malicious,Malicious,0.8578731417655945
Malicious,Malicious,0.7610544562339783
Malicious,Malicious,0.830713152885437
Malicious,Malicious,1.0
Malicious,Malicious,0.7699770331382751
Malicious,Malicious,0.8700911998748779
Malicious,Malicious,0.9999938011169434
Malicious,Malicious,0.7974585294723511
Malicious,Malicious,0.8518194556236267
Malicious,Malicious,0.7840807437896729
Malicious,Malicious,0.8294389247894287
Malicious,Malicious,0.7454351186752319
Malicious,Malicious,0.7894970774650574
Malicious,Benign,0.378174364566803
Malicious,Malicious,1.0
Malicious,Malicious,0.8788030743598938
Malicious,Malicious,0.7961143255233765
Malicious,Malicious,0.8637288808822632
Malicious,Malicious,0.9078920483589172
Malicious,Malicious,0.8062782287597656
Malicious,Malicious,0.7863404154777527
Malicious,Malicious,0.8391320109367371
Malicious,Malicious,0.9032193422317505
Malicious,Malicious,0.999999463558197
Malicious,Malicious,0.990163266658783
Malicious,Malicious,0.8237633109092712
Malicious,Malicious,0.5530023574829102
Malicious,Malicious,0.8897489905357361
Malicious,Malicious,0.999999463558197
Malicious,Malicious,0.8187427520751953
Malicious,Benign,0.4070492386817932
Malicious,Malicious,0.836111843585968
Malicious,Malicious,0.8827782869338989
Malicious,Malicious,0.7858652472496033
Malicious,Malicious,0.7942827343940735
Malicious,Malicious,0.8897478580474854
Malicious,Malicious,0.9435163140296936
Malicious,Benign,0.43292149901390076
Malicious,Malicious,0.796541154384613
Malicious,Malicious,0.9999962449073792
Malicious,Malicious,0.8882460594177246
Malicious,Malicious,0.959218442440033
Malicious,Malicious,0.7678652405738831
Malicious,Malicious,0.7181826829910278
Malicious,Malicious,0.8568437099456787
Malicious,Malicious,1.0
Malicious,Malicious,0.9836277365684509
Malicious,Malicious,0.8423265218734741
Malicious,Malicious,0.9177911877632141
Malicious,Malicious,1.0
Malicious,Malicious,0.7412678003311157
Malicious,Malicious,0.6817644238471985
Malicious,Malicious,0.7279945611953735
Malicious,Malicious,0.8217921853065491
Malicious,Malicious,0.8872168660163879
Malicious,Malicious,0.8561616539955139
Malicious,Malicious,0.7876604199409485
Malicious,Malicious,0.800710916519165
Malicious,Malicious,0.856575071811676
Malicious,Malicious,0.7941175103187561
Malicious,Malicious,0.8989018797874451
Malicious,Malicious,0.69181227684021
Malicious,Malicious,1.0
Malicious,Malicious,0.8796215653419495
Malicious,Malicious,0.7206391096115112
Malicious,Malicious,0.8563052415847778
Malicious,Malicious,0.7682387232780457
Malicious,Malicious,0.7977656722068787
Malicious,Malicious,0.852550745010376
Malicious,Malicious,0.6429291367530823
Malicious,Malicious,0.7856894731521606
Malicious,Malicious,0.8540849685668945
Malicious,Malicious,0.779997706413269
Malicious,Malicious,0.8869143724441528
Malicious,Malicious,0.8648049831390381
Malicious,Benign,0.4171927273273468
Malicious,Malicious,0.8462966084480286
Malicious,Malicious,0.7454726696014404
Malicious,Malicious,0.8111639022827148
Malicious,Malicious,0.9209705591201782
Malicious,Malicious,0.9393691420555115
Malicious,Malicious,0.8397824168205261
Malicious,Malicious,0.9999949932098389
Malicious,Malicious,0.8354929685592651
Malicious,Malicious,0.8896288275718689
Malicious,Malicious,0.8454332947731018
Malicious,Malicious,0.813644528388977
Malicious,Malicious,0.8606551885604858
Malicious,Malicious,0.950660765171051
Malicious,Malicious,0.8700423240661621
Malicious,Malicious,0.7159479260444641
Malicious,Malicious,0.8421760201454163
Malicious,Malicious,0.7567951679229736
Malicious,Malicious,0.869819700717926
Malicious,Malicious,0.9763211011886597
Malicious,Malicious,0.7312682867050171
Malicious,Malicious,0.7496533393859863
Malicious,Malicious,0.8236960172653198
Malicious,Malicious,0.8720383048057556
Malicious,Malicious,0.8223819136619568
Malicious,Malicious,0.836999237537384
Malicious,Malicious,0.8128504157066345
Malicious,Malicious,0.728083610534668
Malicious,Malicious,0.8585710525512695
Malicious,Benign,0.2629575729370117
Malicious,Malicious,0.7942378520965576
Malicious,Malicious,0.8503332138061523
Malicious,Malicious,0.8311400413513184
Malicious,Malicious,0.8139330744743347
Malicious,Malicious,0.8471238613128662
Malicious,Malicious,0.792573869228363
Malicious,Malicious,0.8144358396530151
Malicious,Malicious,0.8177815675735474
Malicious,Malicious,0.7901118397712708
Malicious,Malicious,0.8268134593963623
Malicious,Malicious,0.8765698075294495
Malicious,Malicious,0.7351310849189758
Malicious,Malicious,1.0
Malicious,Malicious,0.9651667475700378
Malicious,Malicious,0.7988801598548889
Malicious,Malicious,0.7863481640815735
Malicious,Malicious,0.8580600619316101
Malicious,Malicious,0.9228799343109131
Malicious,Malicious,0.8785826563835144
Malicious,Malicious,0.7771415710449219
Malicious,Malicious,0.7995162010192871
Malicious,Malicious,0.9839615225791931
Malicious,Benign,0.01174426544457674
Malicious,Malicious,0.8707452416419983
Malicious,Malicious,0.8191512823104858
Malicious,Malicious,0.9999999403953552
Malicious,Malicious,0.7951739430427551
Malicious,Malicious,0.7442865967750549
Malicious,Malicious,0.7923589944839478
Malicious,Malicious,0.8410205841064453
Malicious,Malicious,0.7256346344947815
Malicious,Malicious,0.788710355758667
Malicious,Malicious,0.8123407959938049
Malicious,Malicious,0.8684138655662537
Malicious,Malicious,0.9215043187141418
Malicious,Malicious,0.7314369678497314
Malicious,Malicious,0.9557084441184998
Malicious,Malicious,0.8529123663902283
Malicious,Malicious,0.8707505464553833
Malicious,Malicious,0.8663183450698853
Malicious,Malicious,0.804862916469574
Malicious,Malicious,0.9044328331947327
Malicious,Malicious,0.9039995074272156
Malicious,Malicious,0.8213531970977783
Malicious,Malicious,0.8222792148590088
Malicious,Malicious,0.9999998807907104
Malicious,Malicious,0.8718752264976501
Malicious,Malicious,0.8221338987350464
Malicious,Malicious,0.7306814193725586
Malicious,Malicious,0.7935006618499756
Malicious,Malicious,0.78131502866745
Malicious,Malicious,0.8725845217704773
Malicious,Malicious,0.8692669868469238
Malicious,Malicious,0.8047012090682983
Malicious,Malicious,0.7987201809883118
Malicious,Benign,0.46818864345550537
Malicious,Malicious,0.8706046938896179
Malicious,Malicious,1.0
Malicious,Benign,0.41233983635902405
Malicious,Benign,0.39094069600105286
Malicious,Malicious,1.0
Malicious,Malicious,0.7999206781387329
Malicious,Malicious,0.7717511653900146
Malicious,Malicious,0.781852662563324
Malicious,Malicious,0.8352102041244507
Malicious,Malicious,0.9529845118522644
Malicious,Benign,0.3741464912891388
Malicious,Malicious,0.8563006520271301
Malicious,Malicious,0.8547822833061218
Malicious,Malicious,0.9247965812683105
Malicious,Malicious,1.0
Malicious,Malicious,0.9999953508377075
Malicious,Malicious,0.9044021368026733
Malicious,Malicious,0.7897860407829285
Malicious,Benign,0.3423926830291748
Malicious,Malicious,0.885444164276123
Malicious,Malicious,0.8825675249099731
Malicious,Malicious,0.9999949932098389
Malicious,Malicious,0.8208338022232056
Malicious,Malicious,0.7596069574356079
Malicious,Malicious,0.778443455696106
Malicious,Malicious,0.7350671291351318
Malicious,Malicious,0.802478551864624
Malicious,Malicious,0.7834591865539551
Malicious,Malicious,0.8938382267951965
Malicious,Malicious,0.743502140045166
Malicious,Malicious,0.8619890809059143
Malicious,Malicious,0.7874136567115784
Malicious,Malicious,0.8410269618034363
Malicious,Malicious,0.8122704029083252
Malicious,Malicious,0.816131055355072
Malicious,Malicious,0.7235813140869141
Malicious,Benign,0.4099140465259552
Malicious,Malicious,0.8973180055618286
Malicious,Malicious,0.8574594259262085
Malicious,Malicious,0.7767511606216431
Malicious,Malicious,0.8265251517295837
Malicious,Malicious,0.7286971807479858
Malicious,Malicious,0.8662074208259583
Malicious,Malicious,0.8783891797065735
Malicious,Malicious,0.8363783359527588
Malicious,Malicious,0.8352765440940857
Malicious,Malicious,0.8107419013977051
Malicious,Malicious,0.8094627857208252
Malicious,Benign,0.41110825538635254
Malicious,Malicious,0.860215961933136
Malicious,Malicious,0.7810883522033691
Malicious,Malicious,0.7708835601806641
Malicious,Malicious,0.7424658536911011
Malicious,Malicious,0.761665940284729
Malicious,Malicious,0.9152713418006897
Malicious,Malicious,0.6988136172294617
Malicious,Malicious,0.8496648073196411
Malicious,Malicious,0.9492648243904114
Malicious,Malicious,1.0
Malicious,Malicious,0.7978054881095886
Malicious,Malicious,0.7659273743629456
Malicious,Malicious,0.8816418647766113
Malicious,Malicious,0.7793768644332886
Malicious,Malicious,0.9881013035774231
Malicious,Malicious,0.8145222663879395
Malicious,Malicious,0.8592069149017334
Malicious,Malicious,0.9707578420639038
Malicious,Malicious,0.9687166810035706
Malicious,Malicious,0.755194902420044
Malicious,Malicious,0.6677489280700684
Malicious,Malicious,0.792094886302948
Malicious,Malicious,0.7899046540260315
Malicious,Malicious,0.7400853037834167
Malicious,Malicious,0.7723110318183899
Malicious,Malicious,0.8789740204811096
Malicious,Malicious,0.7934251427650452
Malicious,Malicious,0.7339722514152527
Malicious,Malicious,0.8321687579154968
Malicious,Malicious,0.8825687766075134
Malicious,Malicious,0.8340681791305542
Malicious,Malicious,0.7742498517036438
Malicious,Malicious,0.8506712317466736
Malicious,Malicious,0.828644871711731
Malicious,Malicious,0.9999940991401672
Malicious,Benign,0.46737727522850037
Malicious,Benign,0.31126704812049866
Malicious,Malicious,0.8068932890892029
Malicious,Malicious,0.9073397517204285
Malicious,Malicious,0.7933326363563538
Malicious,Malicious,0.8116678595542908
Malicious,Malicious,0.8565992116928101
Malicious,Malicious,0.7593538165092468
Malicious,Malicious,0.8326050639152527
Malicious,Malicious,0.8083146810531616
Malicious,Malicious,0.9938467144966125
Malicious,Malicious,0.7540313005447388
Malicious,Malicious,0.7940407395362854
Malicious,Malicious,0.8177838325500488
Malicious,Malicious,0.8570072054862976
Malicious,Malicious,0.8754744529724121
Malicious,Malicious,0.7089206576347351
Malicious,Malicious,0.8051705956459045
Malicious,Malicious,0.9672706127166748
Malicious,Malicious,0.7948241829872131
Malicious,Malicious,0.8274824619293213
Malicious,Malicious,0.7413982152938843
Malicious,Malicious,0.9999999403953552
Malicious,Malicious,0.9330053925514221
Malicious,Malicious,0.9283738136291504
Malicious,Malicious,0.854145348072052
Malicious,Malicious,0.810422420501709
Malicious,Malicious,0.8334901332855225
Malicious,Malicious,1.0
Malicious,Benign,0.42039936780929565
Malicious,Malicious,0.8323556184768677
Malicious,Malicious,0.7258911728858948
Malicious,Malicious,0.7342835068702698
Malicious,Malicious,0.8255834579467773
Malicious,Malicious,0.7663797736167908
Malicious,Malicious,0.7833876609802246
Malicious,Malicious,0.9583473801612854
Malicious,Malicious,0.8008061051368713
Malicious,Malicious,0.703143835067749
Malicious,Malicious,0.7978561520576477
Malicious,Malicious,0.8696196675300598
Malicious,Malicious,0.8587761521339417
Malicious,Malicious,0.8239951133728027
Malicious,Malicious,0.8551716208457947
Malicious,Malicious,0.8039382100105286
Malicious,Malicious,0.9999791383743286
Malicious,Malicious,0.8357542157173157
Malicious,Malicious,0.7728334665298462
Malicious,Malicious,0.7711244225502014
Malicious,Malicious,0.7146427631378174
Malicious,Malicious,0.8044403791427612
Malicious,Malicious,0.8500140905380249
Malicious,Malicious,1.0
Malicious,Malicious,0.8896195888519287
Malicious,Malicious,0.8969185948371887
Malicious,Malicious,0.8628880381584167
Malicious,Malicious,0.8402649164199829
Malicious,Malicious,0.8607411980628967
Malicious,Malicious,1.0
Malicious,Malicious,0.9790492653846741
Malicious,Malicious,0.876051127910614
Malicious,Benign,0.4294689893722534
Malicious,Malicious,0.9999995231628418
Malicious,Malicious,0.7733272314071655
Malicious,Malicious,0.8708395957946777
Malicious,Malicious,0.9271166920661926
Benign,Benign,0.3460792005062103
Benign,Benign,0.39096492528915405
Benign,Benign,0.1966656893491745
Benign,Benign,0.01659555919468403
Benign,Benign,0.3049046993255615
Benign,Benign,0.33284562826156616
Benign,Benign,0.29927584528923035
Benign,Benign,0.3813017010688782
Benign,Benign,0.37126779556274414
Benign,Benign,0.022255755960941315
Benign,Benign,0.4315558671951294
Benign,Benign,0.26780328154563904
Benign,Benign,0.3409692943096161
Benign,Benign,0.362156480550766
Benign,Benign,0.31384506821632385
Benign,Benign,0.2361931949853897
Benign,Benign,0.3835526704788208
Benign,Benign,0.22294647991657257
Benign,Benign,0.4588809907436371
Benign,Benign,0.0010763216996565461
Benign,Benign,0.2855486273765564
Benign,Benign,0.33173811435699463
Benign,Benign,0.17120525240898132
Benign,Benign,0.31239306926727295
Benign,Benign,0.34956037998199463
Benign,Benign,0.11170559376478195
Benign,Benign,0.011684787459671497
Benign,Benign,0.3347069323062897
Benign,Benign,0.26743727922439575
Benign,Benign,0.43874233961105347
Benign,Benign,0.25302985310554504
Benign,Benign,0.4783719778060913
Benign,Benign,0.43188387155532837
Benign,Benign,0.425376832485199
Benign,Benign,0.1461249589920044
Benign,Benign,0.4223310947418213
Benign,Benign,0.09582662582397461
Benign,Benign,0.3362833261489868
Benign,Benign,0.44656065106391907
Benign,Benign,0.421243280172348
Benign,Benign,0.3663649559020996
Benign,Benign,0.322479248046875
Benign,Benign,0.36502718925476074
Benign,Benign,0.4524259567260742
Benign,Benign,0.4539547860622406
Benign,Benign,0.18712998926639557
Benign,Benign,0.08054465800523758
Benign,Benign,0.3671427369117737
Benign,Benign,0.19935432076454163
Benign,Benign,0.31237101554870605
Benign,Benign,0.277910053730011
Benign,Benign,0.3876156806945801
Benign,Benign,0.2701570689678192
Benign,Benign,0.269681841135025
Benign,Benign,0.37200796604156494
Benign,Benign,0.17101381719112396
Benign,Benign,0.43006208539009094
Benign,Benign,0.4018958508968353
Benign,Benign,0.3504437506198883
Benign,Benign,0.3705545961856842
Benign,Benign,0.3144260048866272
Benign,Benign,0.33471769094467163
Benign,Benign,1.256653949813296e-19
Benign,Benign,0.30304083228111267
Benign,Benign,0.38253167271614075
Benign,Benign,0.3971116840839386
Benign,Benign,0.262844979763031
Benign,Benign,0.3475017547607422
Benign,Benign,0.315079927444458
Benign,Benign,0.3933042585849762
Benign,Benign,0.22947630286216736
Benign,Benign,0.42173394560813904
Benign,Benign,0.44880029559135437
Benign,Benign,0.22732363641262054
Benign,Benign,0.43716487288475037
Benign,Benign,0.06568596512079239
Benign,Benign,0.3161935806274414
Benign,Benign,0.282871812582016
Benign,Benign,0.4204772412776947
Benign,Benign,0.227326437830925
Benign,Benign,0.36412864923477173
Benign,Benign,0.3835834562778473
Benign,Benign,0.47738513350486755
Benign,Benign,0.2685907185077667
Benign,Benign,0.19122150540351868
Benign,Benign,0.4198317229747772
Benign,Benign,0.3693331182003021
Benign,Benign,0.45277994871139526
Benign,Benign,0.3668772578239441
Benign,Benign,0.08755076676607132
Benign,Benign,0.3748461604118347
Benign,Benign,0.3045424222946167
Benign,Benign,0.3494245111942291
Benign,Benign,0.26051104068756104
Benign,Benign,0.3386096954345703
Benign,Benign,0.37253525853157043
Benign,Benign,0.2931763231754303
Benign,Benign,0.2683089077472687
Benign,Benign,0.2296038419008255
Benign,Benign,0.30506274104118347
Benign,Benign,0.277721107006073
Benign,Benign,0.2620726525783539
Benign,Benign,1.5793141331211882e-20
Benign,Benign,0.4497055411338806
Benign,Benign,0.2960837781429291
Benign,Benign,0.31302574276924133
Benign,Benign,0.2550342082977295
Benign,Benign,0.07526864856481552
Benign,Benign,0.3864131569862366
Benign,Benign,0.45801836252212524
Benign,Benign,0.42620226740837097
Benign,Malicious,0.9909893870353699
Benign,Benign,0.16776974499225616
Benign,Benign,0.4199585020542145
Benign,Benign,0.3895420432090759
Benign,Benign,0.4398341178894043
Benign,Benign,0.3747002184391022
Benign,Benign,0.32949236035346985
Benign,Benign,0.40672460198402405
Benign,Benign,0.30647072196006775
Benign,Benign,0.449503630399704
Benign,Benign,0.34530940651893616
Benign,Benign,0.4053691327571869
Benign,Benign,0.25929874181747437
Benign,Benign,0.1050945445895195
Benign,Benign,0.3783549666404724
Benign,Benign,0.37409520149230957
Benign,Benign,0.377375990152359
Benign,Benign,0.339150995016098
Benign,Benign,0.022959677502512932
Benign,Benign,0.27364033460617065
Benign,Malicious,0.5126165747642517
Benign,Benign,0.2248668670654297
Benign,Benign,0.3047298192977905
Benign,Benign,0.2650018334388733
Benign,Benign,0.4167994558811188
Benign,Benign,0.42836087942123413
Benign,Benign,0.10645642131567001
Benign,Benign,0.25547051429748535
Benign,Benign,0.2600935995578766
Benign,Benign,0.3698660731315613
Benign,Benign,0.03171822428703308
Benign,Benign,0.30230626463890076
Benign,Benign,0.31912824511528015
Benign,Benign,0.250893771648407
Benign,Benign,0.36435604095458984
Benign,Benign,0.3457305431365967
Benign,Benign,0.3009752035140991
Benign,Benign,0.0641791895031929
Benign,Benign,0.36105766892433167
Benign,Benign,0.3334060609340668
Benign,Benign,0.07394581288099289
Benign,Benign,0.4498111307621002
Benign,Benign,0.2571079730987549
Benign,Benign,0.03522688150405884
Benign,Benign,0.3466036021709442
Benign,Benign,0.3461840748786926
Benign,Benign,0.20463775098323822
Benign,Benign,0.3212122917175293
Benign,Benign,0.1316651850938797
Benign,Benign,0.3907659649848938
Benign,Benign,0.3184784948825836
Benign,Benign,0.38774174451828003
Benign,Benign,0.4509876072406769
Benign,Benign,0.31802898645401
Benign,Benign,0.12887004017829895
Benign,Benign,0.38779643177986145
Benign,Benign,0.3161109685897827
Benign,Benign,0.35910946130752563
Benign,Benign,0.416988343000412
Benign,Benign,0.36449000239372253
Benign,Benign,0.32374176383018494
Benign,Benign,0.1528736650943756
Benign,Benign,0.216475710272789
Benign,Benign,0.06893942505121231
Benign,Benign,0.4044530689716339
Benign,Benign,0.34572240710258484
Benign,Benign,0.3397430181503296
Benign,Benign,0.4278351068496704
Benign,Benign,0.43172958493232727
Benign,Benign,0.3467637598514557
Benign,Benign,0.19448408484458923
Benign,Benign,0.1394863724708557
Benign,Benign,0.32155826687812805
Benign,Benign,0.2547723948955536
Benign,Benign,0.44425642490386963
Benign,Benign,0.4034804403781891
Benign,Benign,0.4875301122665405
Benign,Benign,0.25936248898506165
Benign,Benign,0.059817928820848465
Benign,Benign,0.44717368483543396
Benign,Benign,0.2798008322715759
Benign,Benign,0.4473288059234619
Benign,Benign,0.38473451137542725
Benign,Benign,0.06560426950454712
Benign,Benign,0.20031382143497467
Benign,Benign,0.303333044052124
Benign,Benign,0.3937506079673767
Benign,Benign,0.4547266662120819
Benign,Benign,0.3039173185825348
Benign,Benign,0.2296617180109024
Benign,Benign,0.2533626854419708
Benign,Benign,0.31510114669799805
Benign,Benign,0.2871277630329132
Benign,Benign,0.46657004952430725
Benign,Benign,0.3140493631362915
Benign,Benign,0.2982383072376251
Benign,Benign,0.27906155586242676
Benign,Benign,0.37723666429519653
Benign,Benign,0.16934950649738312
Benign,Benign,0.2599823772907257
Benign,Benign,0.27733534574508667
Benign,Benign,0.27436286211013794
Benign,Benign,0.2612721920013428
Benign,Benign,0.3364361822605133
Benign,Benign,0.23342666029930115
Benign,Benign,0.44890519976615906
Benign,Benign,0.20320270955562592
Benign,Benign,0.27548813819885254
Benign,Benign,0.4000706076622009
Benign,Benign,0.432554692029953
Benign,Benign,0.4129208028316498
Benign,Benign,0.40163469314575195
Benign,Benign,0.28651943802833557
Benign,Benign,0.44429048895835876
Benign,Benign,0.35899800062179565
Benign,Benign,0.3204875886440277
Benign,Benign,0.33736494183540344
Benign,Benign,0.36697161197662354
Benign,Benign,0.24848565459251404
Benign,Benign,0.33339864015579224
Benign,Benign,0.3098830580711365
Benign,Benign,0.397989422082901
Benign,Benign,0.13911554217338562
Benign,Benign,0.3913799524307251
Benign,Benign,0.4025140702724457
Benign,Benign,0.24710412323474884
Benign,Benign,0.4417651891708374
Benign,Benign,0.4504642188549042
Benign,Benign,0.40482404828071594
Benign,Benign,0.15526118874549866
Benign,Benign,0.3680504262447357
Benign,Benign,0.1868266463279724
Benign,Benign,0.3185424208641052
Benign,Benign,0.4346320331096649
Benign,Benign,0.34441977739334106
Benign,Benign,0.3181450664997101
Benign,Benign,0.40728747844696045
Benign,Benign,0.05401521921157837
Benign,Benign,0.336823046207428
Benign,Benign,0.33817464113235474
Benign,Benign,0.35963889956474304
Benign,Benign,0.2681165337562561
Benign,Benign,0.27829596400260925
Benign,Benign,0.2979719638824463
Benign,Benign,0.3673781454563141
Benign,Benign,0.35795843601226807
Benign,Malicious,0.9976630210876465
Benign,Benign,0.15600378811359406
Benign,Benign,0.3601890504360199
Benign,Benign,0.32376888394355774
Benign,Benign,0.2637312710285187
Benign,Benign,0.4411492943763733
Benign,Benign,0.32237833738327026
Benign,Benign,0.348800927400589
Benign,Benign,0.035377826541662216
Benign,Benign,0.18095985054969788
Benign,Benign,0.4263401925563812
Benign,Benign,0.2623489499092102
Benign,Benign,0.43637001514434814
Benign,Benign,0.3877585828304291
Benign,Benign,0.23432551324367523
Benign,Benign,0.36437010765075684
Benign,Benign,0.44977325201034546
Benign,Benign,0.31586381793022156
Benign,Benign,0.3981603682041168
Benign,Benign,0.2682664692401886
Benign,Benign,0.013083646073937416
Benign,Benign,0.3042221665382385
Benign,Benign,0.446029394865036
Benign,Benign,0.34916508197784424
Benign,Benign,0.2406831830739975
Benign,Benign,0.4224803149700165
Benign,Benign,0.31566092371940613
Benign,Benign,0.38583505153656006
Benign,Benign,0.19107459485530853
Benign,Benign,0.20138464868068695
Benign,Benign,0.3458639085292816
Benign,Benign,0.3201773464679718
Benign,Benign,0.16539153456687927
Benign,Benign,0.31960785388946533
Benign,Benign,0.2195110321044922
Benign,Benign,0.3289451003074646
Benign,Benign,0.13823407888412476
Benign,Benign,0.3838997781276703
Benign,Benign,0.09581642597913742
Benign,Benign,0.432798832654953
Benign,Benign,0.390907883644104
Benign,Benign,0.16766223311424255
Benign,Benign,0.31752046942710876
Benign,Benign,0.33113864064216614
Benign,Benign,0.40750715136528015
Benign,Benign,0.35819000005722046
Benign,Benign,0.29165375232696533
Benign,Benign,0.3632116913795471
Benign,Benign,0.37949785590171814
Benign,Benign,0.2568252384662628
Benign,Benign,0.390998899936676
Benign,Benign,0.33132484555244446
Benign,Benign,0.2689332962036133
Benign,Benign,0.004651902709156275
Benign,Benign,0.28991419076919556
Benign,Benign,0.4104906916618347
Benign,Benign,0.3535415828227997
Benign,Benign,0.42534205317497253
Benign,Benign,0.42141294479370117
Benign,Benign,0.01778465323150158
Benign,Benign,0.30727294087409973
Benign,Benign,0.3552875518798828
Benign,Benign,0.07981555163860321
Benign,Benign,0.192911759018898
Benign,Benign,0.4427281618118286
Benign,Benign,0.26369792222976685
Benign,Benign,0.3403749465942383
Benign,Benign,0.34589308500289917
Benign,Benign,0.36552661657333374
Benign,Benign,0.35491064190864563
Benign,Benign,0.06247003376483917
Benign,Benign,0.18973754346370697
Benign,Benign,0.433562695980072
Benign,Benign,0.3713923990726471
Benign,Benign,0.4854901134967804
Benign,Benign,0.3730123043060303
Benign,Benign,0.3641000986099243
Benign,Benign,0.16755898296833038
Benign,Benign,0.2720978260040283
Benign,Benign,0.06504324823617935
Benign,Benign,0.36083653569221497
Benign,Benign,0.4134133756160736
Benign,Benign,0.12948688864707947
Benign,Malicious,0.6284976601600647
Benign,Benign,0.029111187905073166
Benign,Benign,0.3380047678947449
Benign,Benign,0.3573824167251587
Benign,Benign,0.30600452423095703
Benign,Benign,0.26656678318977356
Benign,Benign,0.24018657207489014
Benign,Benign,0.3796618580818176
Benign,Benign,0.4010235667228699
Benign,Benign,0.24705196917057037
Benign,Benign,0.34136727452278137
Benign,Benign,0.42916780710220337
Benign,Benign,0.3999319076538086
Benign,Benign,0.0450110025703907
Benign,Benign,0.17831425368785858
Benign,Benign,0.39111563563346863
Benign,Benign,0.3628051280975342
Benign,Benign,0.3449128270149231
Benign,Benign,0.4479413330554962
Benign,Benign,0.4335382580757141
Benign,Benign,0.28604528307914734
Benign,Benign,0.44994720816612244
Benign,Benign,0.3398975431919098
Benign,Benign,0.007527876179665327
Benign,Benign,0.24643416702747345
Benign,Benign,0.30998310446739197
Benign,Benign,0.4819605052471161
Benign,Benign,0.002034396631643176
Benign,Benign,0.42663460969924927
Benign,Benign,0.3751618266105652
Benign,Benign,0.22052153944969177
Benign,Benign,0.4242940843105316
Benign,Benign,0.2531944513320923
Benign,Benign,0.2679440379142761
Benign,Benign,0.05058508738875389
Benign,Benign,0.2967018485069275
Benign,Benign,0.3583056330680847
Benign,Benign,0.4468826651573181
Benign,Benign,0.39072495698928833
Benign,Benign,0.0691668838262558
Benign,Benign,0.3641122281551361
Benign,Benign,0.23957346379756927
Benign,Benign,0.452969491481781
Benign,Benign,0.38369420170783997
Benign,Benign,0.4354625940322876
Benign,Benign,0.14116577804088593
Benign,Benign,0.31237781047821045
Benign,Benign,0.3789270222187042
Benign,Benign,0.44086378812789917
Benign,Benign,0.43421944975852966
Benign,Benign,0.3422841727733612
Benign,Benign,0.3320624530315399
Benign,Benign,0.09977169334888458
Benign,Benign,0.323345810174942
Benign,Benign,0.2696200907230377
Benign,Benign,0.2768782675266266
Benign,Benign,0.3274845778942108
Benign,Benign,0.3206745982170105
Benign,Benign,0.29913952946662903
Benign,Benign,0.2263021022081375
Benign,Benign,0.40191686153411865
Benign,Benign,0.27109187841415405
Benign,Benign,0.3993329703807831
Benign,Benign,0.220428466796875
Benign,Benign,0.4561310112476349
Benign,Benign,0.294163316488266
Benign,Benign,0.3026230037212372
Benign,Benign,0.11440160870552063
Benign,Benign,0.4235656261444092
Benign,Benign,0.2620989978313446
Benign,Benign,0.37306228280067444
Benign,Benign,0.2689915597438812
Benign,Benign,0.2649606168270111
Benign,Benign,7.508289985810276e-20
Benign,Benign,0.06918401271104813
Benign,Benign,0.27249395847320557
Benign,Benign,0.19573047757148743
Benign,Benign,0.2630760371685028
Benign,Benign,0.2957457900047302
Benign,Benign,0.29703107476234436
Benign,Benign,0.4418899416923523
Benign,Benign,0.3460853099822998
Benign,Benign,0.2916843891143799
Benign,Benign,0.3940255343914032
Benign,Benign,0.42308270931243896
Benign,Benign,0.3086722791194916
Benign,Benign,0.32409146428108215
Benign,Benign,0.27647924423217773
Benign,Benign,0.2459648847579956
Benign,Benign,0.1969803273677826
Benign,Benign,0.025618793442845345
Benign,Benign,0.41437679529190063
Benign,Benign,0.37835973501205444
Benign,Benign,0.4133628308773041
Benign,Benign,0.30903640389442444
Benign,Benign,0.4365464746952057
Benign,Benign,0.08449902385473251
Benign,Benign,0.26162242889404297
Benign,Benign,0.44565293192863464
Benign,Benign,0.3390381932258606
Benign,Benign,0.4023517668247223
Benign,Benign,0.3689969480037689
Benign,Benign,0.3830489218235016
Benign,Benign,0.39122533798217773
Benign,Benign,0.19794823229312897
Benign,Benign,0.4008720815181732
Benign,Benign,0.2568329870700836
Benign,Benign,0.3663672208786011
Benign,Benign,0.3404111862182617
Benign,Benign,0.333590030670166
Benign,Benign,0.28415364027023315
Benign,Benign,0.37819531559944153
Benign,Benign,0.2801617980003357
Benign,Benign,0.41772744059562683
Benign,Benign,0.2946752607822418
Benign,Benign,0.4279782474040985
Benign,Benign,0.3973912000656128
Benign,Benign,0.3346410095691681
Benign,Benign,0.17127779126167297
Benign,Benign,0.3648774325847626
Benign,Benign,0.1678650677204132
Benign,Benign,0.43095332384109497
Benign,Benign,0.3701237738132477
Benign,Benign,0.42545977234840393
Benign,Benign,0.40937086939811707
Benign,Benign,0.31894227862358093
Benign,Benign,0.3572562634944916
Benign,Benign,0.30253657698631287
Benign,Benign,0.014474458992481232
Benign,Benign,0.4296555817127228
Benign,Benign,0.43975338339805603
Benign,Benign,0.4094097316265106
Benign,Benign,0.3303285539150238
Benign,Benign,0.2911697030067444
Benign,Benign,0.3566773235797882
Benign,Benign,0.28399455547332764
Benign,Benign,0.2334773689508438
Benign,Benign,0.23078778386116028
Benign,Benign,0.3925132155418396
Benign,Benign,0.3036690354347229
Benign,Benign,0.3375297784805298
Benign,Benign,0.4244549572467804
Benign,Benign,0.30294716358184814
Benign,Benign,0.3141780495643616
Benign,Benign,0.36395272612571716
Benign,Benign,0.43862614035606384
Benign,Benign,0.35070428252220154
Benign,Benign,0.31769317388534546
Benign,Benign,0.38051730394363403
Benign,Benign,0.06858053058385849
Benign,Benign,0.36760392785072327
Benign,Benign,0.29136770963668823
Benign,Benign,0.3854132294654846
Benign,Benign,0.025966668501496315
Benign,Benign,0.2666962444782257
Benign,Benign,0.3788539469242096
Benign,Benign,0.4492386281490326
Benign,Benign,0.4557240307331085
Benign,Benign,0.26220813393592834
Benign,Benign,0.17709174752235413
Benign,Benign,0.4309723973274231
Benign,Benign,0.17457757890224457
Benign,Benign,0.37720778584480286
Benign,Benign,0.24427005648612976
Benign,Benign,0.31865328550338745
Benign,Benign,0.30992692708969116
Benign,Benign,0.4129795730113983
Benign,Benign,0.39330828189849854
Benign,Benign,0.23350664973258972
Benign,Benign,0.2548821270465851
Benign,Benign,0.3807933032512665
Benign,Benign,0.27427440881729126
Benign,Benign,0.17567162215709686
Benign,Benign,0.3545368015766144
Benign,Benign,0.3703756630420685
Benign,Benign,0.38703474402427673
Benign,Benign,0.05178128927946091
Benign,Benign,0.2931145429611206
Benign,Benign,0.35796359181404114
Benign,Benign,0.2581566274166107
Benign,Benign,0.38627541065216064
Benign,Benign,0.17668704688549042
Benign,Benign,0.45157521963119507
Benign,Benign,0.3155245780944824
Benign,Benign,0.4361982047557831
Benign,Benign,0.34218156337738037
Benign,Benign,0.36538541316986084
Benign,Benign,0.28082534670829773
Benign,Benign,0.43759962916374207
Benign,Benign,0.3168128728866577
Benign,Benign,0.12111781537532806
Benign,Benign,0.3763231635093689
Benign,Benign,0.24843040108680725
Benign,Benign,0.3478480279445648
Benign,Benign,0.4607662856578827
Benign,Benign,0.3835838735103607
Benign,Benign,0.2993173599243164
Benign,Benign,0.2119140475988388
Benign,Benign,2.406412996965241e-20
Benign,Benign,0.42300769686698914
Benign,Benign,0.3662662208080292
Benign,Benign,0.45101138949394226
Benign,Benign,0.20637507736682892
Benign,Benign,0.43547555804252625
Benign,Benign,0.3990853726863861
Benign,Benign,0.37801212072372437
Benign,Benign,0.24730375409126282
Benign,Benign,0.38808733224868774
Benign,Benign,0.3118818998336792
Benign,Benign,0.39145585894584656
Benign,Benign,1.478818728985285e-14
Benign,Benign,0.2069551646709442
Benign,Benign,0.2882908582687378
Benign,Benign,0.31431835889816284
Benign,Benign,0.34935641288757324
Benign,Benign,0.410007506608963
Benign,Benign,0.26268744468688965
Benign,Benign,0.41722241044044495
Benign,Benign,0.20128460228443146
Benign,Benign,0.43266797065734863
Benign,Benign,0.3102829158306122
Benign,Malicious,0.926162600517273
Benign,Benign,0.4046614170074463
Benign,Benign,0.3216502070426941
Benign,Benign,0.4436177909374237
Benign,Benign,0.25724276900291443
Benign,Benign,0.3440690040588379
Benign,Benign,0.0382302924990654
Benign,Benign,0.4117220342159271
Benign,Benign,0.4452999234199524
Benign,Benign,0.4474484622478485
Benign,Benign,0.28102782368659973
Benign,Malicious,0.9847506880760193
Benign,Benign,0.33754557371139526
Benign,Benign,0.4421096742153168
Benign,Benign,0.4396536350250244
Benign,Benign,0.31585583090782166
Benign,Benign,0.37585240602493286
Benign,Benign,0.4799855351448059
Benign,Benign,0.20567815005779266
Benign,Benign,0.37914571166038513
Benign,Benign,0.42036837339401245
Benign,Benign,0.4216367304325104
Benign,Benign,0.26040440797805786
Benign,Benign,0.05252734199166298
Benign,Benign,0.3881147801876068
Benign,Benign,0.3751291334629059
Benign,Benign,0.19819727540016174
Benign,Benign,0.4062960147857666
Benign,Benign,0.33041852712631226
Benign,Benign,0.27187952399253845
Benign,Benign,0.31146687269210815
Benign,Benign,0.2892267107963562
Benign,Benign,0.0600711926817894
Benign,Benign,0.38197365403175354
Benign,Benign,0.2689352035522461
Benign,Benign,0.40909335017204285
Benign,Benign,0.3258237838745117
Benign,Benign,0.2609660029411316
Benign,Benign,0.3410382866859436
Benign,Benign,0.4035278260707855
Benign,Benign,0.19069495797157288
Benign,Benign,0.4337986409664154
Benign,Benign,0.4411093592643738
Benign,Benign,0.2677563428878784
Benign,Benign,0.46041038632392883
Benign,Benign,0.06249784678220749
Benign,Benign,0.30977654457092285
Benign,Benign,0.38048696517944336
Benign,Benign,0.2017740160226822
Benign,Benign,0.39223623275756836
Benign,Benign,0.38337668776512146
Benign,Benign,0.3629802465438843
Benign,Benign,0.3481098413467407
Benign,Benign,0.3122616410255432
Benign,Benign,0.3836132287979126
Benign,Benign,0.45274975895881653
Benign,Benign,0.3816360831260681
Benign,Benign,0.36214083433151245
Benign,Benign,0.4360586702823639
Benign,Malicious,0.968431830406189
Benign,Benign,0.3920743465423584
Benign,Benign,0.10811015218496323
Benign,Benign,0.31102949380874634
Benign,Benign,0.39654621481895447
Benign,Benign,0.3200875222682953
Benign,Benign,0.3204820454120636
Benign,Benign,0.37839871644973755
Benign,Benign,0.31362468004226685
Benign,Benign,0.43289420008659363
Benign,Benign,0.3765546977519989
Benign,Benign,0.15584860742092133
Benign,Benign,0.44506996870040894
Benign,Benign,0.41594770550727844
Benign,Benign,0.28006234765052795
Benign,Benign,0.37315231561660767
Benign,Benign,0.42798978090286255
Benign,Benign,0.42955130338668823
Benign,Malicious,0.9967238903045654
Benign,Benign,0.4512711465358734
Benign,Benign,0.3605383634567261
Benign,Benign,0.15935824811458588
Benign,Benign,0.31886592507362366
Benign,Benign,0.24581637978553772
Benign,Benign,0.3224482834339142
Benign,Benign,0.44531694054603577
Benign,Benign,0.34764352440834045
Benign,Benign,0.36753877997398376
Benign,Benign,0.4323457181453705
Benign,Benign,0.27253901958465576
Benign,Benign,0.3133898973464966
Benign,Benign,0.09847486764192581
Benign,Benign,0.25728219747543335
Benign,Benign,0.3143872618675232
Benign,Benign,0.3301084637641907
Benign,Benign,0.388788640499115
Benign,Benign,0.37754541635513306
Benign,Benign,0.17864815890789032
Benign,Benign,0.1086498349905014
Benign,Benign,0.33490419387817383
Benign,Benign,0.40610581636428833
Benign,Benign,0.2909042537212372
Benign,Benign,0.3629155158996582
Benign,Benign,0.4089913070201874
Benign,Benign,0.4214162230491638
Benign,Benign,0.2671045660972595
Benign,Benign,0.2100830376148224
Benign,Benign,0.41964560747146606
Benign,Benign,0.44042298197746277
Benign,Benign,0.22910164296627045
Benign,Benign,0.27276524901390076
Benign,Benign,0.30719658732414246
Benign,Benign,0.2791527509689331
Benign,Benign,0.30786770582199097
Benign,Benign,0.4250739812850952
Benign,Benign,0.30385494232177734
Benign,Benign,0.43331989645957947
Benign,Benign,0.12584853172302246
Benign,Benign,0.27662530541419983
Benign,Benign,0.2477966994047165
Benign,Benign,0.45954373478889465
Benign,Benign,0.3891807496547699
Benign,Benign,0.014747891575098038
Benign,Benign,0.4064173400402069
Benign,Benign,0.4086325466632843
Benign,Benign,0.206872820854187
Benign,Benign,0.3613531291484833
Benign,Benign,0.07295920699834824
Benign,Benign,0.1733887791633606
Benign,Benign,0.26860496401786804
Benign,Benign,0.34927842020988464
Benign,Benign,0.29590192437171936
Benign,Benign,0.27971500158309937
Benign,Benign,0.2613886892795563
Benign,Benign,0.3489561080932617
Benign,Benign,0.3974285423755646
Benign,Benign,0.3116171658039093
Benign,Benign,0.32616478204727173
Benign,Benign,0.3217218816280365
Benign,Benign,0.4483894109725952
Benign,Benign,0.3199463486671448
Benign,Benign,0.4425628185272217
Benign,Benign,0.3776260018348694
Benign,Benign,0.4729611873626709
Benign,Benign,0.3241637647151947
Benign,Benign,0.2677428424358368
Benign,Benign,0.4433736205101013
Benign,Benign,0.27595701813697815
Benign,Benign,0.32312726974487305
Benign,Benign,0.35423725843429565
Benign,Benign,0.3533134162425995
Benign,Benign,0.26852864027023315
Benign,Benign,0.4366154074668884
Benign,Benign,0.029238261282444
Benign,Benign,0.29119372367858887
Benign,Benign,0.3343069851398468
Benign,Benign,0.31920090317726135
Benign,Benign,0.3382702171802521
Benign,Benign,0.33328354358673096
Benign,Benign,0.3351913392543793
Benign,Benign,0.31640365719795227
Benign,Benign,0.2818545997142792
Benign,Benign,0.44042786955833435
Benign,Benign,0.32079851627349854
Benign,Malicious,0.7654844522476196
Benign,Benign,0.29499000310897827
Benign,Benign,0.1829298585653305
Benign,Benign,0.26651522517204285
Benign,Benign,0.2696245014667511
Benign,Benign,0.4766462743282318
Benign,Benign,0.2668016254901886
Benign,Benign,0.28191015124320984
Benign,Benign,0.3262142241001129
Benign,Benign,0.370169997215271
Benign,Benign,0.24850347638130188
Benign,Benign,0.1974731683731079
Benign,Benign,0.4253964424133301
Benign,Benign,0.2570919692516327
Benign,Benign,0.3969248831272125
Benign,Benign,0.38208097219467163
Benign,Benign,0.2258058339357376
Benign,Benign,0.3085957169532776
Benign,Benign,0.16787715256214142
Benign,Benign,0.4316589832305908
Benign,Benign,0.36521443724632263
Benign,Benign,0.31305763125419617
Benign,Benign,0.3644754886627197
Benign,Benign,0.027111856266856194
Benign,Benign,0.3555273115634918
Benign,Benign,0.010708050802350044
Benign,Benign,0.0959460586309433
Benign,Benign,0.3967662453651428
Benign,Benign,0.2605709135532379
Benign,Benign,0.2585522532463074
Benign,Benign,0.061060771346092224
Benign,Benign,0.033655762672424316
Benign,Benign,0.3815065026283264
Benign,Benign,0.3351457715034485
Benign,Benign,0.38041067123413086
Benign,Benign,0.3112295866012573
Benign,Benign,0.20889998972415924
Benign,Benign,0.43815216422080994
Benign,Benign,0.45373982191085815
Benign,Benign,0.3316486179828644
Benign,Benign,0.21291525661945343
Benign,Benign,0.4458145499229431
Benign,Benign,0.35291120409965515
Benign,Benign,0.3709132671356201
Benign,Benign,0.45039257407188416
Benign,Benign,0.31836578249931335
Benign,Benign,0.22848734259605408
Benign,Benign,0.3121115267276764
Benign,Benign,0.12999331951141357
Benign,Benign,0.2631395161151886
Benign,Benign,0.40841084718704224
Benign,Benign,0.40961918234825134
Benign,Benign,0.34962165355682373
Benign,Benign,0.01790056750178337
Benign,Benign,0.4746307134628296
Benign,Benign,0.3319161534309387
Benign,Benign,0.3111470639705658
Benign,Benign,0.41559675335884094
Benign,Benign,0.4435230493545532
Benign,Benign,0.4282251298427582
Benign,Benign,0.20260442793369293
Benign,Benign,0.44633549451828003
Benign,Benign,0.41452527046203613
Benign,Benign,0.3663126528263092
Benign,Benign,0.30558857321739197
Benign,Benign,0.4096147119998932
Benign,Benign,0.30764520168304443
Benign,Benign,0.29039400815963745
Benign,Benign,0.2282593548297882
Benign,Benign,0.23080997169017792
Benign,Benign,0.41017505526542664
Benign,Benign,0.3567483723163605
Benign,Benign,0.39782068133354187
Benign,Benign,0.34573838114738464
Benign,Benign,0.37496107816696167
Benign,Benign,0.2466668039560318
Benign,Benign,0.3816266357898712
Benign,Benign,0.33999693393707275
Benign,Benign,0.43628767132759094
Benign,Benign,0.432874858379364
Benign,Benign,0.3131519556045532
Benign,Benign,0.41667652130126953
Benign,Benign,0.2935034930706024
Benign,Benign,0.41052448749542236
Benign,Benign,0.38300424814224243
Benign,Benign,0.21715699136257172
Benign,Benign,0.2749731242656708
Benign,Benign,0.3149857819080353
Benign,Benign,0.35719868540763855
Benign,Benign,0.33564063906669617
Benign,Benign,0.45121756196022034
Benign,Benign,0.08440147340297699
Benign,Benign,0.2850745916366577
Benign,Benign,0.2894442677497864
Benign,Benign,0.4128614068031311
Benign,Benign,0.2386467158794403
Benign,Benign,0.17091581225395203
Benign,Benign,0.24797609448432922
Benign,Benign,0.38678503036499023
Benign,Benign,0.32063838839530945
Benign,Benign,0.16537100076675415
Benign,Benign,5.822111775430251e-19
Benign,Benign,0.36500880122184753
Benign,Benign,0.27193453907966614
Benign,Benign,0.29558077454566956
Benign,Benign,0.056094855070114136
Benign,Benign,0.0017351993592455983
Benign,Benign,0.2420511692762375
Benign,Benign,0.3957630395889282
Benign,Benign,0.33395448327064514
Benign,Benign,0.3726828992366791
Benign,Benign,0.38115110993385315
Benign,Benign,0.4526323080062866
Benign,Benign,0.4167039096355438
Benign,Benign,0.3755605220794678
Benign,Benign,0.37736976146698
Benign,Benign,0.39873284101486206
Benign,Benign,0.20648933947086334
Benign,Benign,0.41140034794807434
Benign,Benign,0.3130752444267273
Benign,Benign,0.3069685101509094
Benign,Benign,0.18428072333335876
Benign,Benign,0.27055251598358154
Benign,Benign,0.1558036059141159
Benign,Benign,0.38255977630615234
Benign,Benign,0.34533756971359253
Benign,Benign,0.2758326232433319
Benign,Benign,0.3735465705394745
Benign,Benign,0.3377056121826172
Benign,Benign,0.42883285880088806
Benign,Benign,0.41066160798072815
Benign,Benign,0.2771650552749634
Benign,Benign,0.34324008226394653
Benign,Benign,0.4199947714805603
Benign,Benign,0.2991165518760681
Benign,Benign,0.3578503727912903
Benign,Malicious,0.5749546885490417
Benign,Benign,0.33953043818473816
Benign,Benign,0.27972501516342163
Benign,Benign,0.44690629839897156
Benign,Benign,0.299793004989624
Benign,Benign,0.31166979670524597
Benign,Benign,0.4449761211872101
Benign,Benign,0.4317392110824585
Benign,Benign,0.3699450194835663
Benign,Benign,0.2949020266532898
Benign,Benign,0.4475473463535309
Benign,Benign,0.26815277338027954
Benign,Benign,0.37565043568611145
Benign,Benign,0.4500584304332733
Benign,Benign,0.39235740900039673
Benign,Benign,0.26216042041778564
Benign,Benign,0.4038402736186981
Benign,Benign,0.4473671615123749
Benign,Benign,0.40384337306022644
Benign,Benign,0.3584141433238983
Benign,Benign,0.24553681910037994
Benign,Benign,0.2384011149406433
Benign,Benign,0.3876388370990753
Benign,Benign,0.3197946846485138
Benign,Benign,0.18288908898830414
Benign,Benign,0.173239067196846
Benign,Benign,0.2383754402399063
Benign,Benign,0.31350457668304443
Benign,Benign,0.36457404494285583
Benign,Benign,0.4599418342113495
Benign,Benign,0.04225614666938782
Benign,Benign,0.45002108812332153
Benign,Benign,0.029345745220780373
Benign,Benign,0.35352209210395813
Benign,Benign,0.3793499767780304
Benign,Benign,0.3596755266189575
Benign,Benign,0.3457890748977661
Benign,Benign,0.21546287834644318
Benign,Benign,0.16482743620872498
Benign,Benign,0.33154329657554626
Benign,Benign,0.42789173126220703
Benign,Benign,0.39934441447257996
Benign,Benign,0.3304182291030884
Benign,Benign,0.024046819657087326
Benign,Benign,0.36963680386543274
Benign,Benign,0.397085040807724
Benign,Benign,0.27414149045944214
Benign,Benign,0.168918177485466
Benign,Benign,0.37261083722114563
Benign,Benign,0.41763919591903687
Benign,Benign,0.24328827857971191
Benign,Benign,0.23818980157375336
Benign,Benign,0.10925343632698059
Benign,Benign,0.3746127188205719
Benign,Benign,0.287910521030426
Benign,Benign,0.46573469042778015
Benign,Benign,0.17473353445529938
Benign,Benign,0.3316130042076111
Benign,Benign,0.3347781300544739
Benign,Benign,0.3218492567539215
Benign,Benign,0.43285608291625977
Benign,Benign,0.41683322191238403
Benign,Benign,0.30891016125679016
Benign,Benign,0.2657702565193176
Benign,Benign,0.3285461366176605
Benign,Benign,0.27474480867385864
Benign,Benign,0.2029193490743637
Benign,Benign,0.36256587505340576
Benign,Benign,0.2236965447664261
Benign,Benign,0.33072933554649353
Benign,Benign,0.36099177598953247
Benign,Benign,0.30085453391075134
Benign,Benign,0.061457958072423935
Benign,Benign,0.37689170241355896
Benign,Benign,0.16300269961357117
Benign,Benign,0.4347657561302185
Benign,Benign,0.32915017008781433
Benign,Benign,0.380227655172348
Benign,Benign,0.45081284642219543
Benign,Benign,0.40702056884765625
Benign,Benign,0.32391661405563354
Benign,Benign,0.3432304561138153
Benign,Benign,0.04693363234400749
Benign,Benign,0.3397533595561981
Benign,Benign,0.050446778535842896
Benign,Benign,0.10227109491825104
Benign,Benign,0.4388526976108551
Benign,Benign,0.32413503527641296
Benign,Benign,0.16095733642578125
Benign,Benign,0.455857515335083
Benign,Benign,0.44697579741477966
Benign,Benign,0.3309105336666107
Benign,Benign,0.17322754859924316
Benign,Benign,0.21167691051959991
Benign,Benign,0.32437726855278015
Benign,Benign,0.3632490038871765
Benign,Benign,0.22437870502471924
Benign,Benign,0.3050704300403595
Benign,Benign,0.27642878890037537
Benign,Benign,0.3781912326812744
Benign,Benign,0.49038994312286377
Benign,Benign,0.12041892111301422
Benign,Benign,0.32745760679244995
Benign,Malicious,0.6324254870414734
Benign,Benign,0.43291258811950684
Benign,Benign,0.2802424728870392
Benign,Benign,0.252804160118103
Benign,Benign,0.3607683777809143
Benign,Benign,0.3277680575847626
Benign,Benign,0.34813758730888367
Benign,Benign,0.3101900517940521
Benign,Benign,0.32881441712379456
Benign,Benign,0.4507932960987091
Benign,Benign,0.2726701498031616
Benign,Benign,0.35306182503700256
Benign,Benign,0.2662622034549713
Benign,Benign,0.30768463015556335
Benign,Benign,0.21841324865818024
Benign,Benign,0.26718878746032715
Benign,Benign,0.3956124186515808
Benign,Benign,0.27816903591156006
Benign,Benign,0.14075812697410583
Benign,Benign,0.15893468260765076
Benign,Benign,0.2735942602157593
Benign,Benign,0.29100894927978516
Benign,Benign,0.25554922223091125
Benign,Benign,0.41634783148765564
Benign,Benign,0.3976259231567383
Benign,Benign,0.3185094892978668
Benign,Benign,0.33155420422554016
Benign,Benign,0.2685084939002991
Benign,Benign,0.2854576110839844
Benign,Benign,0.22974498569965363
Benign,Benign,0.41238242387771606
Benign,Benign,0.47511690855026245
Benign,Benign,0.21519392728805542
Benign,Benign,0.22989284992218018
Benign,Benign,0.32719817757606506
Benign,Benign,0.0830906555056572
Benign,Benign,0.39536628127098083
Benign,Benign,0.4615577757358551
Benign,Benign,0.35738229751586914
Benign,Benign,0.11104022711515427
Benign,Benign,0.15771162509918213
Benign,Benign,0.3550126552581787
Benign,Benign,0.4088376760482788
Benign,Benign,0.2626841366291046
Benign,Benign,0.3896426856517792
Benign,Benign,0.08550096303224564
Benign,Benign,0.3245425224304199
Benign,Benign,0.3282121419906616
Benign,Benign,0.39125746488571167
Benign,Benign,0.4188913106918335
Benign,Benign,0.3433542549610138
Benign,Benign,0.42263975739479065
Benign,Benign,0.219252809882164
Benign,Benign,0.45299187302589417
Benign,Benign,0.43403565883636475
Benign,Benign,0.46470990777015686
Benign,Benign,0.2574426531791687
Benign,Benign,0.3201988935470581
Benign,Benign,0.10231403261423111
Benign,Benign,0.35749101638793945
Benign,Benign,0.33771848678588867
Benign,Benign,0.20295099914073944
Benign,Benign,0.34801197052001953
Benign,Benign,0.37990009784698486
Benign,Benign,0.06981847435235977
Benign,Benign,0.3820584714412689
Benign,Benign,0.16914042830467224
Benign,Benign,0.367519736289978
Benign,Benign,0.4577014744281769
Benign,Benign,0.4252685010433197
Benign,Benign,0.43524760007858276
Benign,Benign,0.29606252908706665
Benign,Benign,0.2657877802848816
Benign,Benign,0.35636457800865173
Benign,Benign,0.3081419765949249
Benign,Benign,0.3957129716873169
Benign,Benign,0.39438629150390625
Benign,Benign,0.1718013882637024
Benign,Benign,0.11791279166936874
Benign,Benign,0.30497053265571594
Benign,Benign,0.3372979760169983
Benign,Benign,0.24305036664009094
Benign,Benign,0.34181511402130127
Benign,Benign,0.40493810176849365
Benign,Benign,0.30926358699798584
Benign,Benign,0.1738463193178177
Benign,Benign,0.05985425412654877
Benign,Benign,0.33107420802116394
Benign,Benign,0.4292048215866089
Benign,Benign,0.28979700803756714
Benign,Benign,0.38728731870651245
Benign,Benign,0.31437239050865173
Benign,Benign,0.3312263786792755
Benign,Benign,0.248578280210495
Benign,Benign,0.45055752992630005
Benign,Benign,0.44985324144363403
Benign,Benign,0.35816314816474915
Benign,Benign,0.3127831518650055
Benign,Benign,0.00663079833611846
Benign,Benign,0.3114013969898224
Benign,Benign,0.38518452644348145
Benign,Benign,0.4412999451160431
Benign,Benign,0.26189279556274414
Benign,Benign,0.40740811824798584
Benign,Benign,0.0024431636556982994
Benign,Benign,0.3701556324958801
Benign,Benign,0.2847042977809906
Benign,Benign,0.31813177466392517
Benign,Benign,0.23803149163722992
Benign,Benign,0.26173144578933716
Benign,Benign,0.2279389500617981
Benign,Benign,0.22532886266708374
Benign,Benign,0.4418003559112549
Benign,Benign,0.43438372015953064
Benign,Benign,0.34388643503189087
Benign,Benign,0.44005876779556274
Benign,Benign,0.3550170063972473
Benign,Benign,0.45493754744529724
Benign,Benign,0.14758919179439545
Benign,Benign,0.3005525767803192
Benign,Benign,0.28609320521354675
Benign,Benign,0.33790671825408936
Benign,Benign,0.44236233830451965
Benign,Benign,0.3563806116580963
Benign,Benign,0.3335684537887573
Benign,Benign,0.3757777512073517
Benign,Benign,0.34659016132354736
Benign,Malicious,0.5036355257034302
Benign,Benign,0.34548428654670715
Benign,Benign,0.43360158801078796
Benign,Benign,0.3968365490436554
Benign,Benign,0.39762425422668457
Benign,Benign,0.22543872892856598
Benign,Benign,0.3997691869735718
Benign,Benign,0.3615472614765167
Benign,Benign,0.07551854103803635
Benign,Benign,0.4332355260848999
Benign,Benign,0.16849227249622345
Benign,Benign,0.1731506735086441
Benign,Benign,0.22292226552963257
Benign,Benign,0.4083622097969055
Benign,Benign,0.4170132875442505
Benign,Malicious,0.6367438435554504
Benign,Benign,0.4331806004047394
Benign,Benign,0.315058171749115
Benign,Benign,0.28337550163269043
Benign,Benign,0.20565709471702576
Benign,Benign,0.3411054015159607
Benign,Benign,0.18686245381832123
Benign,Benign,0.23270665109157562
Benign,Benign,0.33984366059303284
Benign,Benign,0.23681296408176422
Benign,Benign,0.26020076870918274
Benign,Benign,0.3846600651741028
Benign,Benign,0.38236531615257263
Benign,Benign,0.3830026388168335
Benign,Benign,0.044629525393247604
Benign,Benign,0.38945016264915466
Benign,Benign,0.2862732708454132
Benign,Benign,0.317844033241272
Benign,Benign,0.33951082825660706
Benign,Benign,0.3819776773452759
Benign,Benign,0.3620709478855133
Benign,Benign,0.29922011494636536
Benign,Benign,0.17969350516796112
Benign,Benign,0.2560710608959198
Benign,Benign,0.31619513034820557
Benign,Benign,0.38144466280937195
Benign,Benign,0.19703330099582672
Benign,Benign,0.29412394762039185
Benign,Benign,0.3561924695968628
Benign,Benign,0.11364369839429855
Benign,Benign,0.33709296584129333
Benign,Benign,0.2613702714443207
Benign,Benign,0.3132303059101105
Benign,Benign,0.40865233540534973
Benign,Benign,0.4145878553390503
Benign,Benign,0.41750434041023254
Benign,Malicious,0.9811068773269653
Benign,Benign,0.3554137945175171
Benign,Benign,0.4366600513458252
Benign,Benign,0.3661404252052307
Benign,Benign,0.22510690987110138
Benign,Benign,0.2225986123085022
Benign,Benign,0.10688935220241547
Benign,Benign,0.33431342244148254
Benign,Benign,0.29990699887275696
Benign,Benign,0.30620652437210083
Benign,Benign,0.4503585696220398
Benign,Benign,0.3353055715560913
Benign,Benign,0.3969944715499878
Benign,Benign,0.19831635057926178
Benign,Benign,0.221932515501976
Benign,Malicious,0.9815132021903992
Benign,Benign,0.4423568546772003
Benign,Benign,0.39943650364875793
Benign,Benign,0.1405605673789978
Benign,Benign,0.22152216732501984
Benign,Benign,0.328210711479187
Benign,Benign,0.31368929147720337
Benign,Benign,0.18990756571292877
Benign,Benign,0.38475534319877625
Benign,Benign,0.0692935511469841
Benign,Benign,0.05107288062572479
Benign,Benign,0.4357925355434418
Benign,Benign,0.24708740413188934
Benign,Benign,0.4182688593864441
Benign,Benign,0.43427014350891113
Benign,Benign,0.3932536244392395
Benign,Benign,0.3139955401420593
Benign,Benign,0.4571806788444519
Benign,Benign,0.10207755863666534
Benign,Benign,0.007893971167504787
Benign,Benign,0.32282575964927673
Benign,Benign,0.08916333317756653
Benign,Benign,0.3274388909339905
Benign,Benign,0.38379552960395813
Benign,Benign,0.3293016850948334
Benign,Benign,0.07244076579809189
Benign,Benign,0.33991944789886475
Benign,Benign,0.2827717065811157
Benign,Benign,0.4421107769012451
Benign,Benign,0.3021927773952484
Benign,Benign,0.4187280535697937
Benign,Benign,0.3200261890888214
Benign,Benign,0.32863137125968933
Benign,Benign,0.44643867015838623
Benign,Benign,0.42755258083343506
Benign,Benign,0.22841517627239227
Benign,Benign,0.11777332425117493
Benign,Benign,0.11044681072235107
Benign,Benign,0.18775169551372528
Benign,Benign,0.428621768951416
Benign,Benign,0.3878665268421173
Benign,Benign,0.3364275395870209
Benign,Benign,0.4250081479549408
Benign,Benign,0.05877475067973137
Benign,Benign,0.4523259997367859
Benign,Benign,0.17610464990139008
Benign,Benign,0.10579581558704376
Benign,Benign,0.2721496820449829
Benign,Benign,0.44080013036727905
Benign,Benign,0.3148685097694397
Benign,Benign,0.29940322041511536
Benign,Benign,0.3860054910182953
Benign,Benign,0.2044791579246521
Benign,Benign,0.15153932571411133
Benign,Benign,0.3655233383178711
Benign,Benign,0.3887019157409668
Benign,Benign,0.4218849837779999
Benign,Benign,0.32717370986938477
Benign,Benign,0.31487664580345154
Benign,Benign,0.30650365352630615
Benign,Benign,0.24219131469726562
Benign,Benign,0.40922507643699646
Benign,Benign,0.05632748454809189
Benign,Benign,0.38827216625213623
Benign,Benign,0.4225311279296875
Benign,Benign,0.2995925843715668
Benign,Benign,0.15217278897762299
Benign,Benign,0.3586918115615845
Benign,Benign,0.3403603732585907
Benign,Benign,0.3746102452278137
Benign,Benign,0.11615660786628723
Benign,Benign,0.07392850518226624
Benign,Benign,0.3199068307876587
Benign,Benign,0.1493062973022461
Benign,Benign,0.17272807657718658
Benign,Benign,0.36607807874679565
Benign,Benign,0.4103490114212036
Benign,Benign,0.3601742684841156
Benign,Benign,0.2026713639497757
Benign,Benign,0.38022270798683167
Benign,Benign,0.25208938121795654
Benign,Benign,0.2531026005744934
Benign,Benign,0.40826472640037537
Benign,Benign,0.18947149813175201
Benign,Benign,0.05433793365955353
Benign,Benign,0.338666707277298
Benign,Benign,0.3114716112613678
Benign,Benign,0.03918985649943352
Benign,Benign,0.28855401277542114
Benign,Benign,0.42668622732162476
Benign,Benign,0.3394589424133301
Benign,Benign,0.2339862883090973
Benign,Benign,0.3102131485939026
Benign,Benign,0.3092096745967865
Benign,Benign,0.3874920606613159
Benign,Benign,0.43168649077415466
Benign,Benign,0.2856508791446686
Benign,Benign,0.3240302503108978
Benign,Benign,0.3569132089614868
Benign,Benign,0.32946470379829407
Benign,Benign,0.4133119583129883
Benign,Benign,0.37988969683647156
Benign,Benign,0.3746338188648224
Benign,Benign,0.1040615513920784
Benign,Benign,0.44410282373428345
Benign,Benign,0.2601400911808014
Benign,Benign,0.26816728711128235
Benign,Benign,0.25251084566116333
Benign,Benign,0.3114078938961029
Benign,Benign,0.1128302738070488
Benign,Benign,0.24575325846672058
Benign,Benign,0.3177018165588379
Benign,Benign,0.22932250797748566
Benign,Benign,0.34376615285873413
Benign,Benign,0.15112808346748352
Benign,Benign,0.22338639199733734
Benign,Benign,0.3852595090866089
Benign,Benign,0.24239476025104523
Benign,Benign,0.29276707768440247
Benign,Benign,0.40534836053848267
Benign,Benign,0.05372290685772896
Benign,Benign,0.4151693284511566
Benign,Benign,0.25461748242378235
Benign,Benign,0.4111727774143219
Benign,Benign,0.2511707544326782
Benign,Benign,0.1806972175836563
Benign,Benign,0.31456658244132996
Benign,Benign,0.4292107820510864
Benign,Benign,0.23000958561897278
Benign,Benign,0.38325637578964233
Benign,Benign,4.897813955108904e-19
Benign,Benign,0.046743039041757584
Benign,Benign,0.15052643418312073
Benign,Benign,0.2837188243865967
Benign,Benign,0.318244069814682
Benign,Benign,0.3866389989852905
Benign,Benign,0.09014209359884262
Benign,Benign,0.22845520079135895
Benign,Benign,0.2944710850715637
Benign,Benign,0.39863312244415283
Benign,Benign,0.41687002778053284
Benign,Benign,0.18092483282089233
Benign,Benign,0.08827706426382065
Benign,Benign,0.4590909779071808
Benign,Benign,0.33519312739372253
Benign,Benign,0.1417371928691864
Benign,Benign,0.3145654499530792
Benign,Benign,0.3075476288795471
Benign,Benign,0.3147425055503845
Benign,Benign,0.3273986279964447
Benign,Benign,0.3445279002189636
Benign,Benign,0.3096766769886017
Benign,Benign,0.3364381790161133
Benign,Benign,0.46642184257507324
Benign,Benign,0.4357530474662781
Benign,Benign,0.280767023563385
Benign,Benign,0.2648293077945709
Benign,Benign,0.09656397998332977
Benign,Benign,0.4250907301902771
Benign,Benign,0.27896827459335327
Benign,Benign,0.35413119196891785
Benign,Benign,0.3822554349899292
Benign,Benign,0.04820895195007324
Benign,Benign,0.33561164140701294
Benign,Benign,0.3148282766342163
Benign,Benign,0.32268598675727844
Benign,Benign,0.31366851925849915
Benign,Benign,2.2288728956475118e-20
Benign,Benign,0.26669132709503174
Benign,Benign,0.2624741792678833
Benign,Benign,0.36006343364715576
Benign,Benign,0.33074721693992615
Benign,Benign,0.44593462347984314
Benign,Benign,0.29719850420951843
Benign,Benign,0.43943673372268677
Benign,Benign,0.34462201595306396
Benign,Benign,0.26970380544662476
Benign,Benign,0.23748885095119476
Benign,Benign,0.3146270215511322
Benign,Benign,0.35144245624542236
Benign,Benign,0.38264763355255127
Benign,Benign,0.29097455739974976
Benign,Benign,0.4355389177799225
Benign,Benign,0.441194623708725
Benign,Benign,0.044860225170850754
Benign,Benign,0.35898613929748535
Benign,Benign,0.24558497965335846
Benign,Benign,0.1555388867855072
Benign,Benign,0.3557419776916504
Benign,Benign,0.06786288321018219
Benign,Benign,0.35461190342903137
Benign,Benign,0.2804989218711853
Benign,Benign,0.33137136697769165
Benign,Benign,0.32089096307754517
Benign,Benign,0.3756233751773834
Benign,Benign,0.1831531673669815
Benign,Benign,0.4483848214149475
Benign,Benign,0.33127862215042114
Benign,Benign,0.4300570785999298
Benign,Benign,0.3563903570175171
Benign,Benign,0.37970370054244995
Benign,Benign,0.3485126793384552
Benign,Benign,0.42292043566703796
Benign,Benign,0.4440588355064392
Benign,Benign,0.4068092107772827
Benign,Benign,0.3118830919265747
Benign,Benign,0.31440800428390503
Benign,Benign,0.26706820726394653
Benign,Benign,0.37292423844337463
Benign,Benign,0.28628772497177124
Benign,Benign,0.3120494484901428
Benign,Benign,0.33175399899482727
Benign,Benign,0.41084495186805725
Benign,Benign,0.16907334327697754
Benign,Benign,0.34019193053245544
Benign,Benign,0.4769376218318939
Benign,Benign,0.37150704860687256
Benign,Benign,0.08952999114990234
Benign,Benign,0.33602240681648254
Benign,Benign,0.35236313939094543
Benign,Benign,0.3916567862033844
Benign,Benign,0.3449706733226776
Benign,Benign,0.28522780537605286
Benign,Benign,0.2585315406322479
Benign,Benign,0.2506997585296631
Benign,Benign,0.3412298858165741
Benign,Benign,0.3571438789367676
Benign,Benign,0.39063093066215515
Benign,Benign,0.4380533993244171
Benign,Benign,0.38398200273513794
Benign,Benign,0.3613126873970032
Benign,Benign,2.0353659466855217e-20
Benign,Benign,0.35888704657554626
Benign,Benign,0.33408859372138977
Benign,Benign,0.22171956300735474
Benign,Benign,0.47498610615730286
Benign,Benign,0.3280024528503418
Benign,Benign,0.24445296823978424
Benign,Benign,0.29991716146469116
Benign,Benign,0.4648841619491577
Benign,Benign,0.23466996848583221
Benign,Benign,0.3864579200744629
Benign,Benign,0.3201628625392914
Benign,Benign,0.3398565649986267
Benign,Benign,0.34698209166526794
Benign,Benign,0.35328397154808044
Benign,Benign,0.4578862488269806
Benign,Benign,0.05291337892413139
Benign,Benign,0.34047624468803406
Benign,Benign,0.33916211128234863
Benign,Benign,0.4003738462924957
Benign,Benign,0.03640727698802948
Benign,Benign,0.42893391847610474
Benign,Benign,0.22571983933448792
Benign,Benign,0.4462681710720062
Benign,Benign,0.3964300751686096
Benign,Benign,0.24748583137989044
Benign,Benign,0.34213966131210327
Benign,Benign,0.30595073103904724
Benign,Benign,0.3435395061969757
Benign,Benign,0.14026273787021637
Benign,Benign,0.43531686067581177
Benign,Malicious,0.9826805591583252
Benign,Benign,0.38646453619003296
Benign,Benign,0.2611376643180847
Benign,Benign,0.37050482630729675
Benign,Benign,0.35836541652679443
Benign,Benign,0.4453064203262329
Benign,Benign,0.404703289270401
Benign,Benign,0.3032757043838501
Benign,Benign,0.2601681649684906
Benign,Benign,0.3160402476787567
Benign,Benign,0.013906137086451054
Benign,Benign,0.44159993529319763
Benign,Benign,0.22705364227294922
Benign,Benign,0.33993980288505554
Benign,Benign,0.4075617492198944
Benign,Benign,0.41045674681663513
Benign,Benign,0.4003344476222992
Benign,Benign,0.3044724762439728
Benign,Benign,0.2538236677646637
Benign,Benign,0.17733234167099
Benign,Benign,0.17309093475341797
Benign,Benign,0.44250982999801636
Benign,Benign,0.2604427635669708
Benign,Benign,0.312575101852417
Benign,Benign,0.264591246843338
Benign,Benign,0.40669962763786316
Benign,Benign,0.38521867990493774
Benign,Benign,0.1620921939611435
Benign,Benign,0.37526169419288635
Benign,Benign,0.3456243574619293
Benign,Benign,0.11063694208860397
Benign,Benign,0.37940260767936707
Benign,Benign,0.30971670150756836
Benign,Benign,0.31608888506889343
Benign,Benign,0.26645728945732117
Benign,Benign,0.16092902421951294
Benign,Benign,0.2965746223926544
Benign,Benign,0.21543249487876892
Benign,Benign,0.2201787382364273
Benign,Benign,0.3635158836841583
Benign,Benign,0.44923555850982666
Benign,Benign,0.42786625027656555
Benign,Benign,0.3162475526332855
Benign,Benign,0.23212271928787231
Benign,Benign,0.4249137043952942
Benign,Benign,0.4105924367904663
Benign,Benign,0.07181599736213684
Benign,Benign,0.4454141855239868
Benign,Benign,0.2685369551181793
Benign,Benign,0.21727155148983002
Benign,Benign,0.39999836683273315
Benign,Benign,0.26443466544151306
Benign,Benign,0.02539951168000698
Benign,Benign,0.26890504360198975
Benign,Benign,0.4423568546772003
Benign,Benign,0.3120027482509613
Benign,Benign,0.40340396761894226
Benign,Benign,0.42516136169433594
Benign,Benign,0.24379900097846985
Benign,Benign,0.385865718126297
Benign,Benign,0.42826956510543823
Benign,Benign,0.3674795925617218
Benign,Benign,0.3063395023345947
Benign,Benign,0.3755291700363159
Benign,Benign,0.16804233193397522
Benign,Benign,0.1667366623878479
Benign,Benign,0.43104976415634155
Benign,Benign,0.17635755240917206
Benign,Benign,0.06615600734949112
Benign,Benign,0.31124910712242126
Benign,Benign,0.3531140685081482
Benign,Benign,0.4117181599140167
Benign,Benign,0.3035849332809448
Benign,Benign,0.44062188267707825
Benign,Benign,0.18680691719055176
Benign,Benign,0.4466668963432312
Benign,Benign,0.4093039035797119
Benign,Benign,0.40034544467926025
Benign,Benign,0.25818121433258057
Benign,Benign,0.37386712431907654
Benign,Benign,0.2884647250175476
Benign,Benign,0.35270318388938904
Benign,Benign,0.297316312789917
Benign,Benign,0.3406137526035309
Benign,Benign,0.3446003198623657
Benign,Benign,0.3222958743572235
Benign,Benign,0.0700889602303505
Benign,Benign,0.2805282175540924
Benign,Benign,0.37832263112068176
Benign,Benign,0.05462772771716118
Benign,Benign,0.40002283453941345
Benign,Benign,0.24889051914215088
Benign,Benign,0.4409104883670807
Benign,Benign,0.41373971104621887
Benign,Benign,0.037811003625392914
Benign,Benign,0.19261384010314941
Benign,Benign,0.24170057475566864
Benign,Benign,0.3925187587738037
Benign,Benign,0.07494202256202698
Benign,Benign,0.1600368767976761
Benign,Benign,0.15151812136173248
Benign,Benign,0.4161299169063568
Benign,Benign,0.42813462018966675
Benign,Benign,0.4427156448364258
Benign,Benign,0.3129214346408844
Benign,Benign,0.1966637372970581
Benign,Benign,0.3315304219722748
Benign,Benign,0.26181817054748535
Benign,Benign,0.18223583698272705
Benign,Benign,0.3501531779766083
Benign,Benign,0.31333059072494507
Benign,Benign,0.4442017376422882
Benign,Benign,0.45094215869903564
Benign,Benign,0.30751118063926697
Benign,Benign,0.2988469898700714
Benign,Benign,0.3782845735549927
Benign,Benign,0.4537469148635864
Benign,Benign,0.3294413983821869
Benign,Benign,0.3694653809070587
Benign,Benign,0.4393933415412903
Benign,Benign,0.35518577694892883
Benign,Benign,0.4218362867832184
Benign,Benign,0.291907399892807
Benign,Benign,0.40495535731315613
Benign,Benign,0.2867092788219452
Benign,Benign,0.4236317574977875
Benign,Benign,0.1783641129732132
Benign,Benign,0.3673025965690613
Benign,Benign,0.3455185890197754
Benign,Benign,0.23344947397708893
Benign,Benign,0.2839709520339966
Benign,Benign,0.20230907201766968
Benign,Benign,0.4408737123012543
Benign,Benign,0.22106045484542847
Benign,Benign,0.31239771842956543
Benign,Benign,0.36435118317604065
Benign,Benign,0.30561256408691406
Benign,Benign,0.018603932112455368
Benign,Benign,0.2501571476459503
Benign,Benign,0.12673677504062653
Benign,Benign,0.3032182455062866
Benign,Benign,0.42989233136177063
Benign,Benign,0.33949384093284607
Benign,Benign,0.3047849237918854
Benign,Benign,0.03508361428976059
Benign,Benign,0.06698890030384064
Benign,Benign,0.22421465814113617
Benign,Benign,0.3131144344806671
Benign,Benign,0.07705172896385193
Benign,Benign,0.3539043664932251
Benign,Benign,0.0013046929379925132
Benign,Benign,0.44991829991340637
Benign,Benign,0.46470052003860474
Benign,Benign,0.44697725772857666
Benign,Benign,0.17076613008975983
Benign,Benign,0.34810590744018555
Benign,Benign,0.3416764438152313
Benign,Benign,0.3749912679195404
Benign,Benign,0.4254392683506012
Benign,Benign,0.25600361824035645
Benign,Benign,0.11350956559181213
Benign,Benign,0.3960217833518982
Benign,Benign,0.40989813208580017
Benign,Benign,0.32792210578918457
Benign,Benign,0.3553675413131714
Benign,Benign,0.35088685154914856
Benign,Benign,0.2486177682876587
Benign,Benign,0.33757147192955017
Benign,Benign,0.44329094886779785
Benign,Benign,0.39973723888397217
Benign,Benign,0.22670051455497742
Benign,Benign,0.33171653747558594
Benign,Benign,0.3902990221977234
Benign,Benign,0.4217924475669861
Benign,Benign,0.1333109438419342
Benign,Benign,0.3698403239250183
Benign,Benign,0.2990207374095917
Benign,Benign,0.05201524496078491
Benign,Benign,0.33974170684814453
Benign,Benign,0.22783587872982025
Benign,Benign,0.07816801965236664
Benign,Benign,0.044697970151901245
Benign,Benign,0.32994842529296875
Benign,Benign,0.2698309123516083
Benign,Benign,0.31931382417678833
Benign,Benign,0.3817667067050934
Benign,Benign,0.06825746595859528
Benign,Benign,0.35394760966300964
Benign,Benign,0.4098745584487915
Benign,Benign,0.4895111322402954
Benign,Benign,0.06377244740724564
Benign,Benign,0.43469712138175964
Benign,Benign,0.25773078203201294
Benign,Benign,0.08938921988010406
Benign,Benign,0.2743825912475586
Benign,Benign,0.3838038444519043
Benign,Benign,0.22653627395629883
Benign,Benign,0.24480752646923065
Benign,Benign,0.3793017268180847
Benign,Benign,0.4953829348087311
Benign,Benign,0.33366283774375916
Benign,Benign,0.3275644779205322
Benign,Benign,0.18175072968006134
Benign,Benign,0.1852320283651352
Benign,Benign,0.4500516653060913
Benign,Benign,0.24168673157691956
Benign,Benign,0.08141959458589554
Benign,Benign,0.2968893051147461
Benign,Benign,0.3049341142177582
Benign,Benign,0.16534331440925598
Benign,Benign,0.38285648822784424
Benign,Benign,0.30630627274513245
Benign,Benign,0.07722469419240952
Benign,Benign,0.3884928524494171
Benign,Benign,0.20236583054065704
Benign,Benign,0.009951063431799412
Benign,Benign,0.07498998939990997
Benign,Benign,0.4445454776287079
Benign,Benign,0.4245277941226959
Benign,Benign,0.22550362348556519
Benign,Benign,0.335137277841568
Benign,Benign,0.44195008277893066
Benign,Benign,0.37366247177124023
Benign,Benign,0.2008964717388153
Benign,Benign,3.5538318338419996e-19
Benign,Benign,0.3391195237636566
Benign,Benign,0.28226420283317566
Benign,Benign,0.29672160744667053
Benign,Benign,0.2970273792743683
Benign,Benign,0.38224393129348755
Benign,Benign,0.2298327535390854
Benign,Benign,0.44586649537086487
Benign,Benign,0.29494279623031616
Benign,Benign,0.3796289563179016
Benign,Benign,0.2912687063217163
Benign,Benign,0.4517796039581299
Benign,Benign,0.07029557973146439
Benign,Benign,0.030049655586481094
Benign,Benign,0.4420473277568817
Benign,Benign,0.4004417061805725
Benign,Benign,0.4274531304836273
Benign,Benign,0.4575742781162262
Benign,Benign,0.3374067544937134
Benign,Benign,0.3897903561592102
Benign,Benign,0.26684635877609253
Benign,Benign,0.42081978917121887
Benign,Benign,0.29676783084869385
Benign,Benign,0.31638118624687195
Benign,Benign,0.30390387773513794
Benign,Benign,0.34697309136390686
Benign,Malicious,0.9819030165672302
Benign,Benign,0.3793826103210449
Benign,Benign,0.3478200137615204
Benign,Benign,0.06503348052501678
Benign,Benign,0.35426485538482666
Benign,Benign,0.10214380919933319
Benign,Benign,0.30777013301849365
Benign,Benign,0.1659706085920334
Benign,Benign,0.4268990457057953
Benign,Benign,0.43787768483161926
Benign,Benign,0.07637717574834824
Benign,Benign,0.11640440672636032
Benign,Benign,0.2951729893684387
Benign,Benign,0.43972867727279663
Benign,Benign,0.33212390542030334
Benign,Benign,0.4546498656272888
Benign,Benign,0.13272155821323395
Benign,Benign,0.3114866018295288
Benign,Benign,0.390613853931427
Benign,Benign,0.4660017490386963
Benign,Benign,0.3924212157726288
Benign,Benign,0.3965250551700592
Benign,Benign,0.38601893186569214
Benign,Benign,0.3468858003616333
Benign,Benign,0.24927541613578796
Benign,Benign,0.20469500124454498
Benign,Benign,0.21009498834609985
Benign,Benign,0.2031899392604828
Benign,Benign,0.354546457529068
Benign,Benign,0.41070085763931274
Benign,Benign,0.2674240171909332
Benign,Benign,0.24641671776771545
Benign,Benign,0.18609559535980225
Benign,Benign,0.07217579334974289
Benign,Benign,0.42922163009643555
Benign,Malicious,0.7286364436149597
Benign,Benign,0.2953316867351532
Benign,Benign,0.3932904303073883
Benign,Benign,0.171575129032135
Benign,Benign,0.17243917286396027
Benign,Benign,0.36507996916770935
Benign,Benign,0.3060869872570038
Benign,Benign,0.34192582964897156
Benign,Benign,0.2915150821208954
Benign,Benign,0.3466593027114868
Benign,Benign,0.38809630274772644
Benign,Benign,0.43321123719215393
Benign,Benign,0.2616216838359833
Benign,Benign,0.2571469247341156
Benign,Benign,0.21722084283828735
Benign,Benign,0.33595752716064453
Benign,Benign,0.32687801122665405
Benign,Benign,0.4077857732772827
Benign,Benign,0.2663281261920929
Benign,Benign,0.3216490149497986
Benign,Benign,0.07027657330036163
Benign,Benign,0.34638652205467224
Benign,Benign,0.35747960209846497
Benign,Benign,0.2732161283493042
Benign,Benign,0.2215297371149063
Benign,Benign,0.4161272346973419
Benign,Benign,0.4029828906059265
Benign,Benign,0.4153822660446167
Benign,Benign,0.4235297441482544
Benign,Benign,0.4479837715625763
Benign,Benign,0.3586824834346771
Benign,Benign,0.19784189760684967
Benign,Malicious,0.5229916572570801
Benign,Benign,0.3819100558757782
Benign,Benign,0.3462280035018921
Benign,Malicious,0.9928133487701416
Benign,Benign,0.31113842129707336
Benign,Benign,0.44829341769218445
Benign,Benign,0.4908122420310974
Benign,Benign,0.17894819378852844
Benign,Benign,0.3188769221305847
Benign,Benign,0.3466634452342987
Benign,Benign,5.3109897017268607e-20
Benign,Benign,0.37290680408477783
Benign,Benign,0.3499690294265747
Benign,Benign,0.3032000660896301
Benign,Benign,0.1558288037776947
Benign,Benign,0.33690962195396423
Benign,Benign,0.14707480370998383
Benign,Benign,0.33848777413368225
Benign,Benign,0.3625869154930115
Benign,Benign,0.3454517722129822
Benign,Benign,0.3306518495082855
Benign,Benign,0.45483267307281494
Benign,Benign,0.3316962718963623
Benign,Benign,0.13553987443447113
Benign,Benign,0.24437974393367767
Benign,Benign,0.2735748589038849
Benign,Benign,0.26109781861305237
Benign,Benign,0.3721892833709717
Benign,Benign,0.14024434983730316
Benign,Benign,0.3847019672393799
Benign,Benign,0.2037769854068756
Benign,Benign,0.30192816257476807
Benign,Benign,0.374076783657074
Benign,Benign,0.4452917277812958
Benign,Benign,0.25668278336524963
Benign,Benign,0.2934245765209198
Benign,Benign,0.3421497642993927
Benign,Benign,0.37751778960227966
Benign,Benign,0.30761638283729553
Benign,Benign,0.38818350434303284
Benign,Benign,0.4953088164329529
Benign,Benign,0.06104592606425285
Benign,Benign,0.26481691002845764
Benign,Benign,0.4111270308494568
Benign,Benign,0.3890516459941864
Benign,Benign,0.3242308795452118
Benign,Benign,0.46704888343811035
Benign,Benign,0.18885274231433868
Benign,Benign,0.27744072675704956
Benign,Benign,0.38855069875717163
Benign,Benign,0.2660416066646576
Benign,Benign,0.3530671000480652
Benign,Benign,0.3518608808517456
Benign,Benign,0.2892979085445404
Benign,Benign,0.38901689648628235
Benign,Benign,0.25715383887290955
Benign,Benign,0.1883004903793335
Benign,Benign,0.41666457056999207
Benign,Benign,0.4186744689941406
Benign,Benign,0.3437877893447876
Benign,Benign,0.13264234364032745
Benign,Benign,0.19093142449855804
Benign,Benign,0.40684035420417786
Benign,Benign,0.22858697175979614
Benign,Benign,0.30862993001937866
Benign,Benign,0.28733164072036743
Benign,Benign,0.42850247025489807
Benign,Benign,0.24706409871578217
Benign,Benign,3.5399765585817364e-19
Benign,Benign,0.4531472623348236
Benign,Benign,0.4122638702392578
Benign,Benign,0.3811427056789398
Benign,Benign,0.4301642179489136
Benign,Benign,0.3963003158569336
Benign,Benign,0.2759988605976105
Benign,Benign,0.30481278896331787
Benign,Malicious,0.9781268239021301
Benign,Benign,0.4145790934562683
Benign,Benign,0.3187291920185089
Benign,Benign,0.38082414865493774
Benign,Benign,0.38634365797042847
Benign,Benign,0.2597038447856903
Benign,Benign,0.4458579123020172
Benign,Benign,0.4109058380126953
Benign,Benign,0.28709349036216736
Benign,Benign,0.376298189163208
Benign,Benign,0.37684574723243713
Benign,Benign,0.2311348170042038
Benign,Benign,0.29590266942977905
Benign,Benign,0.34363967180252075
Benign,Benign,4.735620897587389e-19
Benign,Benign,0.31860122084617615
Benign,Benign,0.19805917143821716
Benign,Benign,0.36935436725616455
Benign,Benign,0.16281403601169586
Benign,Benign,0.3457091152667999
Benign,Benign,0.3949812054634094
Benign,Benign,0.3423291742801666
Benign,Benign,0.4600900709629059
Benign,Benign,0.33017098903656006
Benign,Benign,0.2317955493927002
Benign,Benign,0.263141393661499
Benign,Benign,0.465325266122818
Benign,Benign,0.26008111238479614
Benign,Benign,0.2687079608440399
Benign,Benign,0.37841060757637024
Benign,Benign,0.4526147246360779
Benign,Benign,0.3416077494621277
Benign,Benign,0.24819500744342804
Benign,Benign,0.3925970792770386
Benign,Benign,0.3099369406700134
Benign,Malicious,0.9848323464393616
Benign,Benign,0.3437038064002991
Benign,Benign,0.39270955324172974
Benign,Benign,0.35430338978767395
Benign,Benign,0.41768404841423035
Benign,Benign,0.3742595613002777
Benign,Benign,0.2639554440975189
Benign,Benign,0.372094064950943
Benign,Benign,0.15902553498744965
Benign,Benign,0.4762968420982361
Benign,Benign,0.41654202342033386
Benign,Benign,0.2852761447429657
Benign,Benign,0.21239885687828064
Benign,Benign,0.18628020584583282
Benign,Benign,0.31055575609207153
Benign,Benign,0.3766666352748871
Benign,Benign,0.4146401882171631
Benign,Benign,0.3006603717803955
Benign,Benign,0.38294148445129395
Benign,Benign,0.4158855080604553
Benign,Benign,0.20549488067626953
Benign,Benign,0.029819635674357414
Benign,Benign,0.2731545567512512
Benign,Benign,0.052938591688871384
Benign,Benign,0.4293860197067261
Benign,Benign,0.2322816550731659
Benign,Benign,0.20698952674865723
Benign,Benign,0.41459253430366516
Benign,Benign,0.38657692074775696
Benign,Benign,0.36222460865974426
Benign,Benign,0.29442098736763
Benign,Benign,0.08350055664777756
Benign,Benign,0.2468997985124588
Benign,Benign,0.1437799334526062
Benign,Benign,0.44984981417655945
Benign,Benign,0.2445829063653946
Benign,Benign,0.3826233148574829
Benign,Benign,0.3651107847690582
Benign,Benign,0.2592780888080597
Benign,Benign,0.0668770968914032
Benign,Benign,0.36908581852912903
Benign,Benign,0.3135009706020355
Benign,Benign,0.18125270307064056
Benign,Benign,0.29139241576194763
Benign,Benign,0.3801034688949585
Benign,Benign,0.18321272730827332
Benign,Benign,0.26678216457366943
Benign,Benign,0.4044421911239624
Benign,Benign,0.27775052189826965
Benign,Benign,0.45108646154403687
Benign,Benign,0.33293187618255615
Benign,Benign,0.3537181317806244
Benign,Benign,0.3918479382991791
Benign,Benign,0.13683776557445526
Benign,Benign,0.4095449149608612
Benign,Benign,0.07300647348165512
Benign,Benign,0.2787463068962097
Benign,Benign,0.2870122492313385
Benign,Benign,0.2718580663204193
Benign,Benign,0.3444577753543854
Benign,Benign,0.4890791177749634
Benign,Benign,0.40667372941970825
Benign,Benign,0.3162267506122589
Benign,Benign,0.13266435265541077
Benign,Benign,0.26789820194244385
Benign,Benign,0.43532270193099976
Benign,Benign,0.4137210547924042
Benign,Benign,0.3603939116001129
Benign,Benign,0.2887313663959503
Benign,Benign,0.33212006092071533
Benign,Benign,0.32557880878448486
Benign,Benign,0.28759485483169556
Benign,Benign,0.3768172562122345
Benign,Benign,0.27904078364372253
Benign,Benign,0.27647697925567627
Benign,Benign,2.34817673534338e-20
Benign,Benign,0.43459567427635193
Benign,Benign,0.34410223364830017
Benign,Benign,0.30220386385917664
Benign,Benign,0.3093109726905823
Benign,Benign,0.3280947208404541
Benign,Benign,0.3192228376865387
Benign,Benign,0.29310524463653564
Benign,Benign,0.16459524631500244
Benign,Benign,0.06723657250404358
Benign,Benign,0.2068028748035431
Benign,Benign,0.16542261838912964
Benign,Benign,0.24371710419654846
Benign,Benign,0.10688697546720505
Benign,Benign,0.3243042528629303
Benign,Benign,0.22623953223228455
Benign,Benign,0.2992367744445801
Benign,Benign,0.2778114080429077
Benign,Benign,0.001030240673571825
Benign,Benign,0.27824264764785767
Benign,Benign,0.28930234909057617
Benign,Benign,0.334425151348114
Benign,Benign,0.42830416560173035
Benign,Benign,0.3520187437534332
Benign,Benign,0.3395867645740509
Benign,Benign,0.2279738336801529
Benign,Benign,0.3464043438434601
Benign,Benign,0.40007781982421875
Benign,Benign,0.4440705478191376
Benign,Benign,0.4376198947429657
Benign,Benign,0.438970148563385
Benign,Benign,0.27729544043540955
Benign,Benign,0.2650619149208069
Benign,Benign,0.23991060256958008
Benign,Benign,0.29654526710510254
Benign,Benign,0.41641315817832947
Benign,Benign,0.2791072130203247
Benign,Benign,0.2821056544780731
Benign,Benign,0.26521745324134827
Benign,Benign,0.36276525259017944
Benign,Benign,0.3392043113708496
Benign,Benign,0.36352649331092834
Benign,Benign,0.27914655208587646
Benign,Benign,0.35656630992889404
Benign,Benign,0.30339953303337097
Benign,Benign,0.3674863576889038
Benign,Malicious,0.9808433651924133
Benign,Benign,0.16394321620464325
Benign,Benign,0.37494245171546936
Benign,Benign,0.4223251938819885
Benign,Benign,0.2479449361562729
Benign,Benign,0.15822921693325043
Benign,Benign,0.3042309880256653
Benign,Benign,0.44051697850227356
Benign,Benign,0.40475064516067505
Benign,Benign,0.22993244230747223
Benign,Benign,0.3595905303955078
Benign,Benign,0.4177464544773102
Benign,Benign,0.20315706729888916
Benign,Benign,0.18447479605674744
Benign,Benign,0.2213277667760849
Benign,Benign,0.07794835418462753
Benign,Benign,0.40149056911468506
Benign,Benign,0.23082506656646729
Benign,Benign,0.0900612622499466
Benign,Benign,0.160311758518219
Benign,Malicious,0.7493485808372498
Benign,Benign,0.28931930661201477
Benign,Benign,0.32832059264183044
Benign,Benign,0.3827551305294037
Benign,Benign,0.3505725562572479
Benign,Benign,0.4357708990573883
Benign,Benign,0.33801737427711487
Benign,Benign,0.212262824177742
Benign,Benign,0.4518665075302124
Benign,Benign,0.1708490401506424
Benign,Benign,0.32391849160194397
Benign,Benign,0.3792417049407959
Benign,Benign,7.461280725207242e-12
Benign,Benign,0.31869858503341675
Benign,Benign,0.3235415518283844
Benign,Benign,0.29248568415641785
Benign,Benign,0.430868923664093
Benign,Benign,0.2801611125469208
Benign,Benign,0.1251782327890396
Benign,Benign,0.2623008191585541
Benign,Benign,0.46179234981536865
Benign,Benign,0.3844863474369049
Benign,Benign,0.2736786901950836
Benign,Benign,0.35851040482521057
Benign,Benign,0.318704754114151
Benign,Benign,0.31158915162086487
Benign,Benign,0.26918691396713257
Benign,Benign,0.0586821511387825
Benign,Benign,0.27542516589164734
Benign,Benign,0.16573847830295563
Benign,Benign,0.29022061824798584
Benign,Benign,0.275333046913147
Benign,Benign,0.4342195987701416
Benign,Benign,0.0663352757692337
Benign,Benign,0.38790029287338257
Benign,Benign,0.47452834248542786
Benign,Benign,0.309853196144104
Benign,Benign,0.31463420391082764
Benign,Benign,0.2892013192176819
Benign,Benign,0.26649993658065796
Benign,Benign,0.0030909578781574965
Benign,Benign,0.4014279842376709
Benign,Benign,0.3940794765949249
Benign,Benign,0.2974282503128052
Benign,Benign,0.48400580883026123
Benign,Benign,0.3825114369392395
Benign,Benign,0.3358479142189026
Benign,Benign,0.26515913009643555
Benign,Benign,0.1868363916873932
Benign,Benign,0.3042108118534088
Benign,Benign,0.31656405329704285
Benign,Benign,0.243761345744133
Benign,Benign,0.3548355996608734
Benign,Benign,0.302169531583786
Benign,Benign,0.3961453437805176
Benign,Benign,0.31153446435928345
Benign,Benign,0.2664562165737152
Benign,Benign,0.45920783281326294
Benign,Benign,0.27141448855400085
Benign,Benign,0.37138015031814575
Benign,Benign,0.4299554228782654
Benign,Benign,0.441765159368515
Benign,Benign,0.32447388768196106
Benign,Benign,0.21699219942092896
Benign,Benign,0.38143762946128845
Benign,Benign,0.3637810945510864
Benign,Benign,0.34583765268325806
Benign,Benign,0.25131431221961975
Benign,Benign,0.3448011875152588
Benign,Benign,0.39648404717445374
Benign,Benign,0.1784958392381668
Benign,Benign,0.31535571813583374
Benign,Benign,0.2533348500728607
Benign,Benign,0.3023248314857483
Benign,Benign,0.1882617175579071
Benign,Benign,0.17721541225910187
Benign,Benign,0.3198443055152893
Benign,Benign,0.1773444414138794
Benign,Benign,0.3099490702152252
Benign,Benign,0.31761541962623596
Benign,Benign,0.222634419798851
Benign,Benign,0.35818731784820557
Benign,Benign,0.40578874945640564
Benign,Benign,0.38951215147972107
Benign,Benign,0.28627172112464905
Benign,Benign,0.3774871826171875
Benign,Benign,0.4311814308166504
Benign,Benign,0.4143364429473877
Benign,Benign,0.23876957595348358
Benign,Benign,0.3391249477863312
Benign,Malicious,0.973561704158783
Benign,Benign,0.42714041471481323
Benign,Benign,0.4223911464214325
Benign,Benign,0.41929060220718384
Benign,Benign,0.27982035279273987
Benign,Benign,0.22812339663505554
Benign,Benign,0.28372180461883545
Benign,Benign,0.09805559366941452
Benign,Benign,0.31653299927711487
Benign,Benign,0.4318957030773163
Benign,Benign,0.26767969131469727
Benign,Benign,0.18948492407798767
Benign,Benign,0.3521319329738617
Benign,Benign,0.0673280656337738
Benign,Benign,0.3695775866508484
Benign,Benign,0.0815449133515358
Benign,Benign,0.46226605772972107
Benign,Benign,0.20454759895801544
Benign,Benign,0.29176604747772217
Benign,Benign,0.3774232864379883
Benign,Benign,0.4570348560810089
Benign,Benign,0.35187533497810364
Benign,Benign,0.41165196895599365
Benign,Benign,0.32949042320251465
Benign,Benign,0.4292305111885071
Benign,Benign,0.41101571917533875
Benign,Benign,0.20583494007587433
Benign,Benign,0.23211824893951416
Benign,Benign,0.3051930367946625
Benign,Benign,0.32795727252960205
Benign,Benign,0.3456695079803467
Benign,Benign,0.43707799911499023
Benign,Benign,0.3689969480037689
Benign,Benign,0.2462380975484848
Benign,Benign,0.0942608118057251
Benign,Benign,0.4257866144180298
Benign,Benign,0.05301249772310257
Benign,Benign,0.3540172874927521
Benign,Benign,0.4657370150089264
Benign,Benign,0.2977156341075897
Benign,Benign,0.06940004974603653
Benign,Benign,0.2977508306503296
Benign,Benign,0.3197900652885437
Benign,Benign,0.21518227458000183
Benign,Benign,0.38736435770988464
Benign,Benign,0.39158809185028076
Benign,Benign,0.3454335033893585
Benign,Benign,0.4455532431602478
Benign,Benign,0.38332656025886536
Benign,Benign,0.33288446068763733
Benign,Benign,0.4133734107017517
Benign,Benign,0.299093633890152
Benign,Benign,0.19010449945926666
Benign,Benign,0.2993214726448059
Benign,Benign,0.12475357949733734
Benign,Benign,0.28748220205307007
Benign,Benign,0.22553178668022156
Benign,Benign,0.044081803411245346
Benign,Benign,0.37872353196144104
Benign,Benign,0.19153375923633575
Benign,Benign,0.3595218360424042
Benign,Benign,0.3094322681427002
Benign,Benign,0.3124542236328125
Benign,Benign,0.3035219609737396
Benign,Benign,0.06963887065649033
Benign,Benign,0.31701159477233887
Benign,Benign,0.36458733677864075
Benign,Benign,0.27529510855674744
Benign,Benign,0.37948915362358093
Benign,Benign,0.4096546769142151
Benign,Benign,0.19194656610488892
Benign,Benign,0.30321526527404785
Benign,Benign,0.10539697110652924
Benign,Benign,0.2383461445569992
Benign,Benign,0.39345648884773254
Benign,Benign,0.309225469827652
Benign,Benign,0.31049931049346924
Benign,Benign,0.428435355424881
Benign,Benign,0.41172167658805847
Benign,Benign,0.3833940029144287
Benign,Benign,0.40976977348327637
Benign,Benign,0.41472071409225464
Benign,Benign,0.2813231945037842
Benign,Benign,0.3777961730957031
Benign,Benign,0.3129022717475891
Benign,Benign,0.40637022256851196
Benign,Benign,0.2975746989250183
Benign,Benign,0.3326592445373535
Benign,Benign,0.2633894681930542
Benign,Benign,0.4419819414615631
Benign,Benign,0.4545622169971466
Benign,Benign,0.4054988920688629
Benign,Benign,0.01361763197928667
Benign,Benign,0.29006534814834595
Benign,Benign,0.3858892023563385
Benign,Benign,0.37687650322914124
Benign,Benign,0.379990816116333
Benign,Benign,0.269330769777298
Benign,Benign,0.12223353981971741
Benign,Benign,0.14666646718978882
Benign,Benign,0.3482522666454315
Benign,Benign,0.25335243344306946
Benign,Benign,0.4243842363357544
Benign,Benign,0.3383553624153137
Benign,Benign,0.05076058954000473
Benign,Benign,0.05097433552145958
Benign,Benign,0.41591382026672363
Benign,Benign,0.37694865465164185
Benign,Benign,0.39126452803611755
Benign,Benign,0.30932775139808655
Benign,Benign,0.30561256408691406
Benign,Benign,0.3077761232852936
Benign,Benign,0.23704823851585388
Benign,Benign,0.30483201146125793
Benign,Benign,0.25268077850341797
Benign,Benign,0.2605170011520386
Benign,Benign,0.09845732897520065
Benign,Benign,0.3734097480773926
Benign,Benign,0.4137522876262665
Benign,Benign,0.3365342617034912
Benign,Benign,0.35851868987083435
Benign,Benign,0.4492354094982147
Benign,Benign,0.39435726404190063
Benign,Benign,0.4478928744792938
Benign,Benign,0.3274043798446655
Benign,Benign,0.38858118653297424
Benign,Benign,0.4244380295276642
Benign,Benign,0.34397241473197937
Benign,Benign,0.1479075402021408
Benign,Benign,0.44108909368515015
Benign,Benign,0.2487516850233078
Benign,Benign,0.22895020246505737
Benign,Benign,0.3574819266796112
Benign,Benign,0.18761558830738068
Benign,Benign,0.37310320138931274
Benign,Benign,0.09207286685705185
Benign,Benign,0.36334362626075745
Benign,Benign,0.31535786390304565
Benign,Benign,0.3096018135547638
Benign,Benign,0.38396015763282776
Benign,Benign,0.44316366314888
Benign,Benign,0.08224295824766159
Benign,Benign,0.31969863176345825
Benign,Benign,0.40182626247406006
Benign,Benign,0.26531943678855896
Benign,Benign,0.1770133376121521
Benign,Benign,0.21900726854801178
Benign,Benign,0.39923205971717834
Benign,Benign,0.28035295009613037
Benign,Benign,0.2453724443912506
Benign,Benign,0.3937438726425171
Benign,Benign,0.463908851146698
Benign,Benign,0.39187827706336975
Benign,Benign,0.37636709213256836
Benign,Benign,0.31188464164733887
Benign,Benign,0.07275759428739548
Benign,Benign,0.22282186150550842
Benign,Benign,0.3679947257041931
Benign,Malicious,0.9848119020462036
Benign,Benign,0.35134783387184143
Benign,Benign,0.42641741037368774
Benign,Benign,0.3637160360813141
Benign,Benign,0.42706209421157837
Benign,Benign,0.41076502203941345
Benign,Benign,0.3789074718952179
Benign,Benign,0.3876264989376068
Benign,Benign,0.2623251974582672
Benign,Benign,0.32230088114738464
Benign,Benign,0.3195602297782898
Benign,Benign,0.22761616110801697
Benign,Benign,0.007455222774296999
Benign,Benign,0.06380358338356018
Benign,Benign,0.27408748865127563
Benign,Benign,0.3407832086086273
Benign,Benign,0.042881857603788376
Benign,Benign,0.4276480972766876
Benign,Benign,0.4154212176799774
Benign,Benign,0.27702417969703674
Benign,Benign,0.35039904713630676
Benign,Benign,0.3243047595024109
Benign,Benign,0.35018500685691833
Benign,Malicious,0.7724660038948059
Benign,Benign,0.28286272287368774
Benign,Benign,0.034823063760995865
Benign,Benign,0.2725376486778259
Benign,Benign,0.42715325951576233
Benign,Benign,0.44531533122062683
Benign,Benign,0.07393999397754669
Benign,Benign,0.45575428009033203
Benign,Benign,0.4950047433376312
Benign,Benign,0.24761785566806793
Benign,Benign,0.4610057473182678
Benign,Malicious,0.6455832719802856
Benign,Benign,0.3229036033153534
Benign,Benign,0.1351151168346405
Benign,Benign,0.33494463562965393
Benign,Benign,0.2725101709365845
Benign,Benign,0.4101630449295044
Benign,Benign,0.3011374771595001
Benign,Benign,0.2357659488916397
Benign,Benign,0.34643450379371643
Benign,Malicious,0.5302584171295166
Benign,Benign,0.1620994359254837
Benign,Benign,0.3329392075538635
Benign,Benign,0.2153300791978836
Benign,Benign,0.3967386484146118
Benign,Benign,0.27519628405570984
Benign,Benign,0.41840291023254395
Benign,Benign,0.4410521388053894
Benign,Benign,0.31730765104293823
Benign,Benign,0.3845122158527374
Benign,Benign,0.36245131492614746
Benign,Benign,0.2029741108417511
Benign,Benign,0.2568792998790741
Benign,Benign,0.35077816247940063
Benign,Benign,0.4396320879459381
Benign,Benign,0.3331095278263092
Benign,Benign,0.46640896797180176
Benign,Benign,0.32429882884025574
Benign,Benign,0.03424602374434471
Benign,Benign,0.30770114064216614
Benign,Benign,0.22617022693157196
Benign,Benign,0.3447211980819702
Benign,Benign,0.34207698702812195
Benign,Benign,0.3134162724018097
Benign,Benign,0.20714665949344635
Benign,Benign,0.303500771522522
Benign,Benign,0.27745866775512695
Benign,Benign,0.44734427332878113
Benign,Benign,0.29956725239753723
Benign,Benign,0.004187390208244324
Benign,Benign,0.0038494712207466364
Benign,Benign,0.4211573600769043
Benign,Benign,0.03349719196557999
Benign,Benign,0.38500311970710754
Benign,Benign,0.2776376008987427
Benign,Benign,0.41068246960639954
Benign,Benign,0.31969884037971497
Benign,Benign,0.3486707806587219
Benign,Benign,0.023892071098089218
Benign,Benign,0.2236141711473465
Benign,Benign,0.3342200815677643
Benign,Benign,0.005540507845580578
Benign,Benign,0.3624919652938843
Benign,Benign,0.3545195758342743
Benign,Benign,0.3793666362762451
Benign,Benign,0.23887436091899872
Benign,Benign,0.43173083662986755
Benign,Benign,0.27965793013572693
Benign,Benign,0.07587475329637527
Benign,Benign,0.37621164321899414
Benign,Benign,0.3813979923725128
Benign,Benign,0.2950582206249237
Benign,Benign,0.2634536325931549
Benign,Benign,0.4495577812194824
Benign,Benign,0.44053247570991516
Benign,Benign,0.4574505090713501
Benign,Benign,0.29957711696624756
Benign,Benign,0.38098305463790894
Benign,Benign,0.4220050871372223
Benign,Benign,0.232626810669899
Benign,Benign,0.45615512132644653
Benign,Malicious,0.6555383801460266
Benign,Benign,0.31033578515052795
Benign,Benign,0.42720314860343933
Benign,Benign,0.3474108874797821
Benign,Malicious,0.7183119058609009
Benign,Benign,0.30497410893440247
Benign,Benign,0.34442561864852905
Benign,Benign,0.3814336657524109
Benign,Benign,0.3447650671005249
Benign,Benign,0.31610649824142456
Benign,Benign,0.380870521068573
Benign,Benign,0.3162829875946045
Benign,Benign,0.35727718472480774
Benign,Benign,0.41713935136795044
Benign,Benign,0.3484596014022827
Benign,Benign,0.3022221624851227
Benign,Benign,0.3604450523853302
Benign,Benign,0.24179938435554504
Benign,Benign,0.12773087620735168
Benign,Benign,0.17210818827152252
Benign,Benign,0.33359259366989136
Benign,Benign,0.3572041988372803
Benign,Benign,0.4263644516468048
Benign,Benign,0.38894176483154297
Benign,Benign,4.76484932453195e-19
Benign,Benign,0.27285465598106384
Benign,Benign,0.3724386692047119
Benign,Benign,0.40855467319488525
Benign,Benign,0.377169132232666
Benign,Benign,0.4387071132659912
Benign,Benign,0.3369941711425781
Benign,Benign,0.3993835151195526
Benign,Benign,0.40098002552986145
Benign,Benign,0.4536266028881073
Benign,Benign,0.2624564468860626
Benign,Benign,0.328148752450943
Benign,Benign,0.39605042338371277
Benign,Benign,0.21402260661125183
Benign,Benign,0.4045584797859192
Benign,Benign,0.10079728811979294
Benign,Benign,0.19058269262313843
Benign,Benign,0.3688147962093353
Benign,Benign,0.30342766642570496
Benign,Benign,0.30234482884407043
Benign,Benign,0.36583247780799866
Benign,Benign,0.2730468809604645
Benign,Benign,0.37991952896118164
Benign,Benign,0.42789146304130554
Benign,Benign,0.3428359925746918
Benign,Benign,0.3589816391468048
Benign,Benign,0.4147602617740631
Benign,Benign,0.17599214613437653
Benign,Benign,0.4375596046447754
Benign,Benign,0.4983624815940857
Benign,Benign,0.26548391580581665
Benign,Benign,0.3535138666629791
Benign,Benign,0.31446534395217896
Benign,Benign,0.42811256647109985
Benign,Benign,0.34964868426322937
Benign,Benign,0.3588660955429077
Benign,Benign,0.22660264372825623
Benign,Benign,0.41180646419525146
Benign,Benign,0.4525865614414215
Benign,Benign,0.3679850399494171
Benign,Benign,0.36138880252838135
Benign,Benign,0.32750368118286133
Benign,Benign,0.29025164246559143
Benign,Benign,0.4533671438694
Benign,Benign,0.26236024498939514
Benign,Benign,0.40790385007858276
Benign,Benign,0.3937608599662781
Benign,Benign,0.25735560059547424
Benign,Benign,0.2751871943473816
Benign,Benign,0.34437739849090576
Benign,Benign,0.01340206153690815
Benign,Benign,0.3695535957813263
Benign,Benign,0.4445439875125885
Benign,Benign,0.40312251448631287
Benign,Benign,0.4197958707809448
Benign,Benign,0.33079981803894043
Benign,Benign,0.09069083631038666
Benign,Benign,0.42030012607574463
Benign,Benign,0.43678340315818787
Benign,Benign,0.30637240409851074
Benign,Benign,0.25346508622169495
Benign,Benign,0.3023465871810913
Benign,Benign,0.26681944727897644
Benign,Benign,0.4401904344558716
Benign,Benign,0.2514570951461792
Benign,Benign,0.3549693524837494
Benign,Benign,0.37042856216430664
Benign,Benign,0.1672922819852829
Benign,Benign,0.0445999950170517
Benign,Benign,0.4093935787677765
Benign,Benign,0.24969732761383057
Benign,Benign,0.13079479336738586
Benign,Benign,0.45463496446609497
Benign,Benign,0.29713305830955505
Benign,Benign,0.22172871232032776
Benign,Benign,0.34720057249069214
Benign,Benign,0.21703392267227173
Benign,Benign,0.35795196890830994
Benign,Benign,0.3949393630027771
Benign,Benign,0.45220914483070374
Benign,Benign,0.369695782661438
Benign,Benign,0.1997077614068985
Benign,Benign,0.38203033804893494
Benign,Benign,0.30570289492607117
Benign,Benign,0.3244837820529938
Benign,Benign,0.43285301327705383
Benign,Benign,0.3679538667201996
Benign,Benign,0.38370367884635925
Benign,Benign,0.12241658568382263
Benign,Benign,0.33625099062919617
Benign,Benign,0.4045475423336029
Benign,Benign,0.4375695586204529
Benign,Benign,0.30229875445365906
Benign,Benign,0.197834774851799
Benign,Benign,0.3054606020450592
Benign,Benign,0.39930352568626404
Benign,Benign,0.3872269093990326
Benign,Benign,0.349441260099411
Benign,Benign,0.18248671293258667
Benign,Benign,0.33087894320487976
Benign,Benign,0.46585601568222046
Benign,Benign,0.43667009472846985
Benign,Benign,0.37964510917663574
Benign,Benign,0.4535420835018158
Benign,Benign,0.38921523094177246
Benign,Benign,0.26056328415870667
Benign,Benign,0.2071053832769394
Benign,Benign,0.3415287733078003
Benign,Benign,0.24547778069972992
Benign,Benign,0.3644748032093048
Benign,Benign,0.3072495460510254
Benign,Benign,0.3021449148654938
Benign,Benign,0.26896947622299194
Benign,Benign,0.23037388920783997
Benign,Benign,0.40768787264823914
Benign,Benign,0.40058431029319763
Benign,Benign,0.3998325765132904
Benign,Benign,0.26412704586982727
Benign,Benign,0.418477326631546
Benign,Benign,0.3002639710903168
Benign,Benign,0.18249599635601044
Benign,Benign,0.26411640644073486
Benign,Benign,0.25821664929389954
Benign,Benign,0.3510410189628601
Benign,Benign,0.37529122829437256
Benign,Benign,0.4034499228000641
Benign,Benign,0.4066481292247772
Benign,Benign,0.3184089660644531
Benign,Benign,0.3476911783218384
Benign,Benign,0.3013288378715515
Benign,Benign,0.3872535228729248
Benign,Benign,0.3249865472316742
Benign,Benign,0.06649801880121231
Benign,Benign,0.30938658118247986
Benign,Benign,0.2644270360469818
Benign,Benign,0.3584495186805725
Benign,Benign,0.27748000621795654
Benign,Benign,0.20224298536777496
Benign,Benign,0.35274481773376465
Benign,Benign,0.25208228826522827
Benign,Benign,0.36615943908691406
Benign,Benign,0.22500863671302795
Benign,Benign,0.406328946352005
Benign,Benign,0.4430806040763855
Benign,Benign,0.3960619866847992
Benign,Benign,0.2752121686935425
Benign,Malicious,0.983814537525177
Benign,Benign,0.3374926447868347
Benign,Benign,0.41038647294044495
Benign,Benign,0.40232783555984497
Benign,Benign,0.057021643966436386
Benign,Benign,0.049511902034282684
Benign,Malicious,0.643503725528717
Benign,Benign,0.3357706367969513
Benign,Benign,0.38119909167289734
Benign,Benign,0.22773779928684235
Benign,Benign,0.316181480884552
Benign,Benign,0.011655617505311966
Benign,Benign,0.35623279213905334
Benign,Benign,0.3283848166465759
Benign,Benign,0.13643795251846313
Benign,Benign,0.2942917048931122
Benign,Benign,0.1775672435760498
Benign,Benign,0.005991525482386351
Benign,Benign,0.31930217146873474
Benign,Benign,0.4238801598548889
Benign,Benign,0.330172598361969
Benign,Benign,0.3586728870868683
Benign,Benign,0.4236985743045807
Benign,Benign,0.26131919026374817
Benign,Benign,0.26926788687705994
Benign,Benign,0.3404477536678314
Benign,Benign,0.20664966106414795
Benign,Malicious,0.7040681838989258
Benign,Benign,0.2478412240743637
Benign,Benign,0.3349663019180298
Benign,Benign,0.3255447745323181
Benign,Benign,0.4384315311908722
Benign,Benign,0.33560141921043396
Benign,Benign,0.38220927119255066
Benign,Benign,0.23417578637599945
Benign,Benign,0.4029156565666199
Benign,Benign,0.3217689096927643
Benign,Benign,0.3897029161453247
Benign,Benign,0.40813764929771423
Benign,Benign,0.44997158646583557
Benign,Benign,0.2601090967655182
Benign,Benign,0.3904627859592438
Benign,Benign,0.3915713429450989
Benign,Benign,0.21899016201496124
Benign,Benign,0.39923131465911865
Benign,Benign,0.4086736738681793
Benign,Malicious,0.5093308687210083
Benign,Benign,0.3029719293117523
Benign,Benign,0.06141228601336479
Benign,Benign,0.32341745495796204
Benign,Benign,0.3393188416957855
Benign,Benign,0.2949235439300537
Benign,Benign,0.2877297103404999
Benign,Benign,0.12223663926124573
Benign,Benign,0.19027166068553925
Benign,Benign,0.3703145384788513
Benign,Benign,0.3662639260292053
Benign,Benign,0.43242549896240234
Benign,Benign,0.35354238748550415
Benign,Benign,0.3826911151409149
Benign,Benign,0.42946434020996094
Benign,Benign,0.3606172502040863
Benign,Benign,0.2060261219739914
Benign,Benign,0.3210492432117462
Benign,Benign,0.4276706278324127
Benign,Benign,0.435768723487854
Benign,Benign,0.04646091163158417
Benign,Benign,0.2850058674812317
Benign,Benign,0.3486917018890381
Benign,Benign,0.3275974988937378
Benign,Benign,0.27657267451286316
Benign,Benign,0.39237549901008606
Benign,Benign,0.11895532160997391
Benign,Benign,0.1924300640821457
Benign,Benign,0.3001869320869446
Benign,Benign,0.058176204562187195
Benign,Benign,0.35358354449272156
Benign,Benign,0.13167664408683777
Benign,Benign,0.45257076621055603
Benign,Benign,0.1786065399646759
Benign,Benign,0.254965215921402
Benign,Benign,0.30603814125061035
Benign,Benign,0.3124421238899231
Benign,Benign,0.4206550717353821
Benign,Benign,0.40063875913619995
Benign,Benign,0.3148883581161499
Benign,Benign,0.2886121869087219
Benign,Benign,0.30976027250289917
Benign,Benign,0.3755885064601898
Benign,Benign,0.38910871744155884
Benign,Benign,0.40301504731178284
Benign,Benign,0.45524609088897705
Benign,Benign,0.3321097195148468
Benign,Benign,0.27104413509368896
Benign,Benign,0.35454729199409485
Benign,Benign,0.24820345640182495
Benign,Benign,0.4069003164768219
Benign,Benign,0.4008369445800781
Benign,Benign,0.34316349029541016
Benign,Benign,0.4852338135242462
Benign,Benign,0.12883350253105164
Benign,Benign,0.33370712399482727
Benign,Benign,0.3803103566169739
Benign,Benign,0.4234080910682678
Benign,Benign,0.31287920475006104
Benign,Benign,0.3154655396938324
Benign,Benign,0.3832327127456665
Benign,Benign,0.41272208094596863
Benign,Benign,0.3936239778995514
Benign,Benign,0.24864988029003143
Benign,Benign,0.16588392853736877
Benign,Benign,0.10950080305337906
Benign,Benign,0.15761928260326385
Benign,Benign,0.3006560504436493
Benign,Benign,0.3118637800216675
Benign,Benign,0.3020845353603363
Benign,Benign,0.21232058107852936
Benign,Benign,0.430873841047287
Benign,Benign,0.37320318818092346
Benign,Benign,0.28862464427948
Benign,Benign,0.3046541213989258
Benign,Benign,0.3174625635147095
Benign,Benign,0.3586055338382721
Benign,Benign,0.4017959237098694
Benign,Benign,0.34884369373321533
Benign,Benign,0.42394593358039856
Benign,Benign,0.2386716604232788
Benign,Benign,0.45127642154693604
Benign,Benign,0.4272276759147644
Benign,Benign,0.3328971564769745
Benign,Benign,0.34636831283569336
Benign,Benign,0.2051963359117508
Benign,Benign,0.32778143882751465
Benign,Benign,0.29214102029800415
Benign,Benign,0.3878859877586365
Benign,Benign,0.08413713425397873
Benign,Benign,0.38896438479423523
Benign,Benign,0.4653247594833374
Benign,Benign,0.1574610024690628
Benign,Benign,0.06845367699861526
Benign,Benign,0.45103517174720764
Benign,Benign,5.630341324143254e-19
Benign,Benign,0.39150145649909973
Benign,Benign,0.3486558496952057
Benign,Benign,0.08905822783708572
Benign,Benign,0.37944328784942627
Benign,Benign,0.32783088088035583
Benign,Benign,0.315009742975235
Benign,Benign,0.2969311475753784
Benign,Benign,0.22534741461277008
Benign,Benign,0.33369818329811096
Benign,Benign,0.30247849225997925
Benign,Benign,0.3374752104282379
Benign,Benign,0.45504888892173767
Benign,Benign,0.26134809851646423
Benign,Benign,0.3639627695083618
Benign,Benign,0.21457253396511078
Benign,Benign,0.30989906191825867
Benign,Benign,0.4231896996498108
Benign,Benign,0.4222099483013153
Benign,Benign,0.07533717900514603
Benign,Benign,0.28550612926483154
Benign,Benign,0.39138901233673096
Benign,Benign,0.41593319177627563
Benign,Benign,0.23288284242153168
Benign,Benign,0.46146875619888306
Benign,Benign,0.45264461636543274
Benign,Benign,0.27059218287467957
Benign,Benign,0.31651610136032104
Benign,Benign,0.47696560621261597
Benign,Benign,0.29432737827301025
Benign,Benign,0.4243263602256775
Benign,Benign,0.3185044825077057
Benign,Benign,0.27597346901893616
Benign,Benign,0.34701651334762573
Benign,Benign,0.3207421600818634
Benign,Benign,0.2988552451133728
Benign,Benign,0.3884372115135193
Benign,Benign,0.3867783546447754
Benign,Benign,0.46549713611602783
Benign,Benign,0.37125107645988464
Benign,Benign,0.27910545468330383
Benign,Benign,0.4444268047809601
Benign,Benign,0.27530261874198914
Benign,Benign,0.2268252670764923
Benign,Benign,0.31755897402763367
Benign,Benign,0.46196725964546204
Benign,Benign,0.4179529547691345
Benign,Benign,0.37972959876060486
Benign,Benign,0.4722211956977844
Benign,Benign,0.3385617434978485
Benign,Benign,0.3554871082305908
Benign,Benign,0.4211914539337158
Benign,Benign,0.2020781934261322
Benign,Benign,0.4612103998661041
Benign,Benign,0.33852460980415344
Benign,Benign,0.3143199384212494
Benign,Benign,0.4104858636856079
Benign,Benign,0.36057209968566895
Benign,Benign,0.2964431047439575
Benign,Benign,0.4231991469860077
Benign,Benign,0.317748486995697
Benign,Benign,0.38419678807258606
Benign,Benign,0.2845582962036133
Benign,Benign,0.2987403869628906
Benign,Benign,0.24339115619659424
Benign,Benign,0.3890734612941742
Benign,Benign,0.16090121865272522
Benign,Benign,0.25173303484916687
Benign,Benign,0.3570931553840637
Benign,Benign,0.3665619194507599
Benign,Benign,0.2152785062789917
Benign,Benign,0.43741312623023987
Benign,Benign,0.36933818459510803
Benign,Benign,0.4308621287345886
Benign,Benign,0.3750671446323395
Benign,Benign,0.36682194471359253
Benign,Benign,0.3545484244823456
Benign,Benign,0.04425797238945961
Benign,Benign,0.3141608238220215
Benign,Benign,0.2579142153263092
Benign,Benign,0.2961098253726959
Benign,Benign,0.40839242935180664
Benign,Benign,0.3664213716983795
Benign,Benign,0.2778831720352173
Benign,Benign,0.3871155381202698
Benign,Benign,0.2415575087070465
Benign,Benign,0.4108378291130066
Benign,Benign,0.18180830776691437
Benign,Benign,0.2612479329109192
Benign,Benign,0.07356169819831848
Benign,Benign,0.4214165210723877
Benign,Benign,0.4167450964450836
Benign,Benign,0.21587829291820526
Benign,Benign,0.23108738660812378
Benign,Benign,0.22178830206394196
Benign,Benign,0.27403461933135986
Benign,Benign,0.33387696743011475
Benign,Benign,0.3135458528995514
Benign,Benign,0.47246041893959045
Benign,Benign,0.4295636713504791
Benign,Benign,0.41806304454803467
Benign,Benign,0.17573179304599762
Benign,Benign,0.29136136174201965
Benign,Benign,0.3845093250274658
Benign,Benign,0.3373967707157135
Benign,Benign,0.44922634959220886
Benign,Benign,0.3524768054485321
Benign,Benign,0.4276318848133087
Benign,Benign,0.32316654920578003
Benign,Benign,0.33165737986564636
Benign,Benign,0.3427507281303406
Benign,Benign,0.33541250228881836
Benign,Benign,0.3641027808189392
Benign,Benign,0.31576913595199585
Benign,Benign,0.42490434646606445
Benign,Benign,0.22032372653484344
Benign,Benign,0.2632961571216583
Benign,Benign,0.29878583550453186
Benign,Benign,0.3799382746219635
Benign,Benign,0.3379809856414795
Benign,Benign,0.07610350102186203
Benign,Benign,0.010644490830600262
Benign,Benign,0.2179863452911377
Benign,Benign,0.3240523934364319
Benign,Benign,0.4998689889907837
Benign,Benign,0.27943676710128784
Benign,Benign,0.37970343232154846
Benign,Benign,0.28185275197029114
Benign,Benign,0.4024524390697479
Benign,Benign,0.30769187211990356
Benign,Benign,0.09177308529615402
Benign,Benign,0.4142768383026123
Benign,Benign,0.15471148490905762
Benign,Benign,0.23566429316997528
Benign,Benign,0.3401951193809509
Benign,Benign,0.21954157948493958
Benign,Benign,0.32574689388275146
Benign,Benign,0.32206594944000244
Benign,Benign,0.4520902633666992
Benign,Benign,0.2588832676410675
Benign,Benign,0.44406208395957947
Benign,Benign,7.44554331383318e-12
Benign,Benign,0.21814821660518646
Benign,Benign,0.31046420335769653
Benign,Benign,0.4170045256614685
Benign,Benign,0.26315686106681824
Benign,Benign,0.32080456614494324
Benign,Benign,0.2225463092327118
Benign,Benign,0.4512493312358856
Benign,Benign,0.18837320804595947
Benign,Benign,0.193095862865448
Benign,Benign,0.3059692680835724
Benign,Benign,0.32463350892066956
Benign,Benign,0.1503821164369583
Benign,Benign,0.09225759655237198
Benign,Malicious,0.9781268239021301
Benign,Benign,0.3467254340648651
Benign,Benign,0.4707545340061188
Benign,Benign,0.31898948550224304
Benign,Benign,0.18415774405002594
Benign,Benign,0.16520336270332336
Benign,Benign,0.010976489633321762
Benign,Benign,0.30953407287597656
Benign,Benign,0.28580769896507263
Benign,Benign,0.41338253021240234
Benign,Benign,0.39915019273757935
Benign,Benign,0.33175894618034363
Benign,Malicious,0.9772136211395264
Benign,Benign,0.3819372355937958
Benign,Benign,0.47227850556373596
Benign,Benign,0.41272997856140137
Benign,Benign,0.1546574980020523
Benign,Benign,0.030333366245031357
Benign,Benign,0.4267076253890991
Benign,Benign,0.411867618560791
Benign,Benign,0.17801952362060547
Benign,Benign,0.44720953702926636
Benign,Benign,0.22684858739376068
Benign,Benign,0.26447707414627075
Benign,Benign,0.29173606634140015
Benign,Benign,0.3847047984600067
Benign,Benign,0.07426854968070984
Benign,Benign,0.3285394012928009
Benign,Benign,0.3836864233016968
Benign,Benign,0.3926108479499817
Benign,Benign,0.4074196219444275
Benign,Benign,0.37527039647102356
Benign,Benign,0.28155067563056946
Benign,Benign,0.33843153715133667
Benign,Benign,0.4297797977924347
Benign,Benign,0.21597041189670563
Benign,Benign,0.24768730998039246
Benign,Benign,0.30197280645370483
Benign,Benign,0.4278344213962555
Benign,Benign,0.18085861206054688
Benign,Benign,0.2967294454574585
Benign,Benign,0.2184237539768219
Benign,Benign,0.3528441786766052
Benign,Benign,0.4164414405822754
Benign,Benign,0.32576918601989746
Benign,Benign,0.37306517362594604
Benign,Benign,0.3555155098438263
Benign,Benign,0.1883467137813568
Benign,Benign,0.3133659064769745
Benign,Benign,0.4135169982910156
Benign,Benign,0.36327192187309265
Benign,Benign,0.38522347807884216
Benign,Benign,0.31975483894348145
Benign,Benign,0.4491279721260071
Benign,Benign,0.33774039149284363
Benign,Benign,0.3647056818008423
Benign,Benign,0.409738689661026
Benign,Benign,0.3330914378166199
Benign,Benign,0.1501694619655609
Benign,Benign,0.2659747898578644
Benign,Benign,0.3333899676799774
Benign,Benign,0.3464386463165283
Benign,Benign,0.21998216211795807
Benign,Benign,0.30657249689102173
Benign,Benign,0.4247450828552246
Benign,Benign,0.43188372254371643
Benign,Benign,0.37051910161972046
Benign,Benign,0.22592587769031525
Benign,Benign,0.4569512605667114
Benign,Benign,0.4656713306903839
Benign,Benign,0.2948906123638153
Benign,Benign,0.22664614021778107
Benign,Benign,0.30045169591903687
Benign,Benign,0.41118836402893066
Benign,Benign,0.42551523447036743
Benign,Benign,0.2650759220123291
Benign,Benign,0.4814930260181427
Benign,Benign,0.28011268377304077
Benign,Malicious,0.9820894598960876
Benign,Benign,0.3560430705547333
Benign,Benign,0.19651326537132263
Benign,Benign,0.36662596464157104
Benign,Benign,0.2790292501449585
Benign,Benign,0.3789387345314026
Benign,Benign,0.2644869387149811
Benign,Benign,0.3398136496543884
Benign,Benign,0.3656705617904663
Benign,Benign,0.39396050572395325
Benign,Benign,0.3910517990589142
Benign,Benign,0.3615393042564392
Benign,Benign,0.4103889465332031
Benign,Benign,0.07487446069717407
Benign,Benign,0.31983715295791626
Benign,Benign,0.2442334145307541
Benign,Benign,0.35175758600234985
Benign,Benign,0.41070273518562317
Benign,Benign,0.33537352085113525
Benign,Benign,0.22961606085300446
Benign,Benign,0.3980241119861603
Benign,Benign,0.2950998842716217
Benign,Benign,0.3059595823287964
Benign,Benign,0.3245312571525574
Benign,Benign,0.42916765809059143
Benign,Benign,0.32595348358154297
Benign,Benign,0.3693854510784149
Benign,Benign,0.3570643365383148
Benign,Benign,0.37831932306289673
Benign,Benign,0.4048728942871094
Benign,Benign,0.20168842375278473
Benign,Benign,0.2788316011428833
Benign,Benign,0.26772060990333557
Benign,Benign,0.2229532152414322
Benign,Benign,0.06700046360492706
Benign,Benign,0.2951405346393585
Benign,Benign,0.3597021698951721
Benign,Benign,0.11301220208406448
Benign,Benign,0.3271946907043457
Benign,Benign,0.38131797313690186
Benign,Benign,0.23728956282138824
Benign,Benign,0.3620927035808563
Benign,Benign,0.31079956889152527
Benign,Benign,0.34223034977912903
Benign,Benign,0.25913116335868835
Benign,Benign,0.365731805562973
Benign,Benign,0.361824631690979
Benign,Benign,0.263605535030365
Benign,Benign,0.4415090084075928
Benign,Benign,0.3671504259109497
Benign,Benign,0.23412930965423584
Benign,Benign,0.3595964014530182
Benign,Benign,0.40389642119407654
Benign,Benign,0.4044543206691742
Benign,Benign,0.4221513867378235
Benign,Benign,0.007880239747464657
Benign,Benign,0.25905126333236694
Benign,Benign,0.4273187518119812
Benign,Benign,0.4347090721130371
Benign,Benign,0.3041377067565918
Benign,Benign,0.393899142742157
Benign,Benign,0.34822219610214233
Benign,Benign,0.07389502227306366
Benign,Benign,0.43224459886550903
Benign,Benign,0.2688162326812744
Benign,Benign,0.33245134353637695
Benign,Benign,0.2568473517894745
Benign,Benign,0.25013765692710876
Benign,Benign,0.04243219643831253
Benign,Benign,0.26314857602119446
Benign,Benign,0.41690975427627563
Benign,Benign,0.4296838939189911
Benign,Benign,0.4547696113586426
Benign,Benign,0.3591036796569824
Benign,Benign,0.36965033411979675
Benign,Benign,0.4397052228450775
Benign,Benign,0.20701149106025696
Benign,Benign,0.3363337516784668
Benign,Benign,0.30574655532836914
Benign,Benign,0.30479520559310913
Benign,Benign,0.2896285653114319
Benign,Benign,0.41555213928222656
Benign,Benign,0.26303115487098694
Benign,Benign,0.31841742992401123
Benign,Benign,0.3723658621311188
Benign,Benign,0.4103716313838959
Benign,Benign,0.001733414246700704
Benign,Benign,0.4452472925186157
Benign,Benign,0.15187054872512817
Benign,Benign,0.26574429869651794
Benign,Benign,0.4309113919734955
Benign,Benign,0.44411957263946533
Benign,Benign,0.1243908703327179
Benign,Benign,0.3397180140018463
Benign,Benign,0.42504459619522095
Benign,Benign,0.31864190101623535
Benign,Benign,0.26331037282943726
Benign,Benign,0.3220943808555603
Benign,Benign,0.3374885618686676
Benign,Benign,0.3639661967754364
Benign,Benign,0.4539501965045929
Benign,Benign,0.15517273545265198
Benign,Benign,0.33597230911254883
Benign,Benign,0.2670212686061859
Benign,Benign,0.12626473605632782
Benign,Benign,0.023614421486854553
Benign,Benign,0.4259289801120758
Benign,Benign,0.4244993031024933
Benign,Benign,0.38247737288475037
Benign,Benign,0.3028023838996887
Benign,Benign,0.4416585862636566
Benign,Benign,0.019676009193062782
Benign,Benign,0.32181692123413086
Benign,Benign,0.37326937913894653
Benign,Benign,0.027313364669680595
Benign,Benign,0.24311304092407227
Benign,Benign,0.3219183683395386
Benign,Benign,0.33430567383766174
Benign,Malicious,0.765862762928009
Benign,Benign,0.42896318435668945
Benign,Benign,0.23088429868221283
Benign,Benign,0.21451303362846375
Benign,Benign,0.31274619698524475
Benign,Benign,0.2807774245738983
Benign,Benign,0.4267328083515167
Benign,Benign,0.440589040517807
Benign,Benign,0.36736929416656494
Benign,Benign,0.43857458233833313
Benign,Benign,0.2523038685321808
Benign,Benign,0.40870559215545654
Benign,Benign,0.3710237741470337
Benign,Benign,0.3077344298362732
Benign,Benign,0.39584580063819885
Benign,Benign,0.25079384446144104
Benign,Benign,0.38751325011253357
Benign,Benign,0.47659769654273987
Benign,Benign,0.00415814807638526
Benign,Benign,0.2733275890350342
Benign,Benign,0.414113312959671
Benign,Benign,0.420584499835968
Benign,Benign,0.46508562564849854
Benign,Benign,0.2588130235671997
Benign,Benign,0.41595450043678284
Benign,Benign,0.4272696077823639
Benign,Benign,0.37466511130332947
Benign,Benign,0.35563769936561584
Benign,Benign,0.35015931725502014
Benign,Benign,0.4248151481151581
Benign,Benign,0.38754114508628845
Benign,Benign,0.0697878748178482
Benign,Benign,0.45197251439094543
Benign,Benign,0.3923834264278412
Benign,Benign,0.3210516571998596
Benign,Benign,0.3985450863838196
Benign,Benign,0.42452916502952576
Benign,Benign,0.41956794261932373
Benign,Benign,0.07341592013835907
Benign,Benign,0.1903228908777237
Benign,Benign,0.3070928156375885
Benign,Benign,0.24991795420646667
Benign,Benign,0.37527182698249817
Benign,Benign,0.4127502739429474
Benign,Benign,0.37890544533729553
Benign,Benign,0.37965860962867737
Benign,Benign,0.06539399176836014
Benign,Benign,0.29438310861587524
Benign,Benign,0.22004902362823486
Benign,Benign,0.4190475344657898
Benign,Benign,0.3804662227630615
Benign,Benign,0.18710166215896606
Benign,Benign,0.10146530717611313
Benign,Benign,0.31349289417266846
Benign,Benign,0.2088734358549118
Benign,Benign,0.3289071321487427
Benign,Benign,0.31245023012161255
Benign,Benign,0.38560715317726135
Benign,Benign,0.29571038484573364
Benign,Benign,0.29930320382118225
Benign,Benign,0.022481463849544525
Benign,Benign,0.36710676550865173
Benign,Benign,0.4206121861934662
Benign,Benign,0.38490259647369385
Benign,Benign,0.35887444019317627
Benign,Benign,0.1469164937734604
Benign,Benign,0.33866086602211
Benign,Benign,0.37970173358917236
Benign,Benign,0.28779494762420654
Benign,Benign,0.4186405539512634
Benign,Benign,0.24152491986751556
Benign,Benign,0.44980910420417786
Benign,Benign,0.4081435799598694
Benign,Benign,0.263715922832489
Benign,Benign,0.2724328637123108
Benign,Benign,0.3973635733127594
Benign,Benign,0.3697478175163269
Benign,Benign,0.3127679228782654
Benign,Benign,0.28237614035606384
Benign,Malicious,0.5166838765144348
Benign,Benign,0.24893459677696228
Benign,Benign,0.442196786403656
Benign,Benign,0.23325300216674805
Benign,Benign,0.37941619753837585
Benign,Benign,0.26359960436820984
Benign,Benign,0.393609881401062
Benign,Benign,0.32539525628089905
Benign,Benign,0.29341885447502136
Benign,Benign,0.41275760531425476
Benign,Benign,0.3532620668411255
Benign,Benign,0.3269980251789093
Benign,Benign,0.06881625950336456
Benign,Benign,0.26401758193969727
Benign,Benign,0.3781408667564392
Benign,Benign,0.38296863436698914
Benign,Benign,0.38714882731437683
Benign,Benign,0.2949930429458618
Benign,Benign,0.44432729482650757
Benign,Benign,0.33552661538124084
Benign,Benign,0.2937527894973755
Benign,Benign,0.4235987365245819
Benign,Benign,0.45739027857780457
Benign,Benign,0.4022284150123596
Benign,Benign,0.1789257824420929
Benign,Benign,0.35852375626564026
Benign,Benign,0.3000262677669525
Benign,Benign,0.18589217960834503
Benign,Benign,0.34546801447868347
Benign,Benign,0.36632415652275085
Benign,Benign,0.4546295702457428
Benign,Benign,0.34910327196121216
Benign,Benign,0.26884397864341736
Benign,Benign,0.35838043689727783
Benign,Benign,0.17403656244277954
Benign,Benign,0.40917128324508667
Benign,Benign,0.42681726813316345
Benign,Benign,0.19697429239749908
Benign,Benign,0.31636548042297363
Benign,Benign,0.18076302111148834
Benign,Benign,0.3532416522502899
Benign,Benign,0.22623658180236816
Benign,Benign,0.2832143306732178
Benign,Benign,0.15656252205371857
Benign,Benign,0.32268834114074707
Benign,Benign,0.14394555985927582
Benign,Benign,0.3009732961654663
Benign,Benign,0.31521308422088623
Benign,Benign,0.33005857467651367
Benign,Benign,0.2380378395318985
Benign,Benign,0.3691401779651642
Benign,Benign,0.2584436237812042
Benign,Benign,0.1886516660451889
Benign,Benign,0.23182649910449982
Benign,Benign,0.3768317997455597
Benign,Benign,0.4659062325954437
Benign,Benign,0.2476218342781067
Benign,Benign,0.23793219029903412
Benign,Benign,0.3526029884815216
Benign,Benign,0.3757072687149048
Benign,Benign,0.2808688282966614
Benign,Benign,0.22196297347545624
Benign,Benign,0.3794061541557312
Benign,Benign,0.43460193276405334
Benign,Benign,0.05207189545035362
Benign,Benign,0.31616368889808655
Benign,Benign,0.28596141934394836
Benign,Benign,0.44434109330177307
Benign,Benign,0.3036975860595703
Benign,Benign,0.41747117042541504
Benign,Benign,0.45165184140205383
Benign,Benign,0.3662351965904236
Benign,Benign,0.365910142660141
Benign,Benign,0.2656765282154083
Benign,Benign,0.3591999411582947
Benign,Benign,0.3330627977848053
Benign,Benign,0.32234346866607666
Benign,Benign,0.33383771777153015
Benign,Benign,0.4592423439025879
Benign,Benign,0.39218538999557495
Benign,Benign,0.2643493115901947
Benign,Benign,0.3731807768344879
Benign,Benign,0.2516789138317108
Benign,Benign,0.31452876329421997
Benign,Benign,0.13254013657569885
Benign,Benign,0.2654186487197876
Benign,Benign,0.3416374921798706
Benign,Benign,0.4482306241989136
Benign,Benign,0.4231107831001282
Benign,Benign,0.26321834325790405
Benign,Benign,0.2646655738353729
Benign,Benign,0.3906683027744293
Benign,Benign,0.19608309864997864
Benign,Benign,0.4416452646255493
Benign,Benign,0.29955199360847473
Benign,Benign,0.3354836404323578
Benign,Benign,0.2832639217376709
Benign,Benign,0.27264827489852905
Benign,Benign,0.3099801540374756
Benign,Benign,0.34670406579971313
Benign,Benign,0.3753156065940857
Benign,Benign,0.31517380475997925
Benign,Benign,0.2048352062702179
Benign,Benign,0.17177660763263702
Benign,Benign,0.43697279691696167
Benign,Benign,0.3989991545677185
Benign,Benign,0.4388750195503235
Benign,Benign,0.013127446174621582
Benign,Benign,0.4163112938404083
Benign,Benign,0.24278005957603455
Benign,Benign,0.28117167949676514
Benign,Benign,0.27332815527915955
Benign,Benign,0.2537163496017456
Benign,Benign,0.4377383887767792
Benign,Benign,0.34504398703575134
Benign,Benign,0.41245338320732117
Benign,Benign,0.4471398890018463
Benign,Benign,0.3738223612308502
Benign,Benign,0.31933674216270447
Benign,Benign,0.34751415252685547
Benign,Benign,0.18189284205436707
Benign,Benign,0.18118196725845337
Benign,Benign,0.3807269334793091
Benign,Benign,0.05966988950967789
Benign,Benign,0.4651402533054352
Benign,Benign,0.3437578082084656
Benign,Benign,0.1735323965549469
Benign,Benign,0.18751873075962067
Benign,Benign,0.23134711384773254
Benign,Benign,0.4312845468521118
Benign,Benign,0.04169788584113121
Benign,Benign,0.41313308477401733
Benign,Benign,0.24208518862724304
Benign,Malicious,0.6036867499351501
Benign,Benign,0.3135775923728943
Benign,Benign,0.4398723542690277
Benign,Benign,0.38462239503860474
Benign,Benign,0.2814289331436157
Benign,Benign,0.3821891248226166
Benign,Benign,0.07284487783908844
Benign,Benign,0.18158943951129913
Benign,Benign,0.1879677027463913
Benign,Benign,0.018334070220589638
Benign,Benign,0.4364762008190155
Benign,Benign,0.28345802426338196
Benign,Benign,0.19904309511184692
Benign,Benign,0.45185109972953796
Benign,Benign,0.38538870215415955
Benign,Benign,0.2893638610839844
Benign,Benign,0.43062660098075867
Benign,Benign,0.057263076305389404
Benign,Benign,0.3847638666629791
Benign,Benign,0.38445448875427246
Benign,Benign,0.32034552097320557
Benign,Benign,0.19078059494495392
Benign,Benign,0.31401845812797546
Benign,Benign,0.04733186960220337
Benign,Benign,0.15172986686229706
Benign,Benign,0.11960967630147934
Benign,Benign,0.22140860557556152
Benign,Benign,0.3027121126651764
Benign,Benign,0.230294331908226
Benign,Benign,0.23551367223262787
Benign,Benign,0.36004510521888733
Benign,Benign,0.23353615403175354
Benign,Benign,0.2961306869983673
Benign,Benign,0.4186886250972748
Benign,Benign,0.3131381869316101
Benign,Benign,0.062039636075496674
Benign,Benign,0.310070276260376
Benign,Benign,0.4258010983467102
Benign,Benign,0.32497671246528625
Benign,Benign,0.31447848677635193
Benign,Benign,0.3586564064025879
Benign,Benign,0.3674372136592865
Benign,Benign,0.12947627902030945
Benign,Benign,0.16202834248542786
Benign,Benign,0.1370762139558792
Benign,Benign,0.3113501965999603
Benign,Benign,0.4866924285888672
Benign,Benign,0.31217625737190247
Benign,Benign,0.38636288046836853
Benign,Benign,0.43676602840423584
Benign,Benign,0.3361487090587616
Benign,Benign,0.3553318679332733
Benign,Benign,0.045524563640356064
Benign,Benign,0.37793928384780884
Benign,Benign,0.24500885605812073
Benign,Benign,0.07671806961297989
Benign,Benign,0.38608649373054504
Benign,Benign,0.23383180797100067
Benign,Benign,0.45009902119636536
Benign,Benign,0.20709247887134552
Benign,Benign,0.4383983314037323
Benign,Benign,0.2214028239250183
Benign,Benign,0.44311419129371643
Benign,Benign,0.2062278836965561
Benign,Benign,0.4114273190498352
Benign,Benign,0.07379317283630371
Benign,Benign,0.3339965343475342
Benign,Benign,0.3302563726902008
Benign,Benign,0.16123953461647034
Benign,Benign,0.2696680426597595
Benign,Benign,0.3125143349170685
Benign,Benign,0.38011911511421204
Benign,Benign,0.38628950715065
Benign,Benign,0.2098882496356964
Benign,Benign,0.44854292273521423
Benign,Benign,0.1263890117406845
Benign,Benign,0.4316859841346741
Benign,Benign,0.4017210602760315
Benign,Benign,0.13895364105701447
Benign,Benign,0.2963867783546448
Benign,Benign,0.3865237534046173
Benign,Benign,0.35443389415740967
Benign,Benign,0.3185482323169708
Benign,Benign,0.4459798336029053
Benign,Benign,0.21650607883930206
Benign,Benign,0.4137583076953888
Benign,Benign,0.21098506450653076
Benign,Benign,0.3619510233402252
Benign,Benign,0.13030768930912018
Benign,Benign,0.3087869882583618
Benign,Benign,0.22975675761699677
Benign,Benign,0.35877200961112976
Benign,Benign,0.40121206641197205
Benign,Benign,0.3052687346935272
Benign,Benign,0.4341175854206085
Benign,Benign,0.4155133366584778
Benign,Benign,0.3418082594871521
Benign,Benign,0.2667757570743561
Benign,Benign,0.3248218595981598
Benign,Benign,0.4527607262134552
Benign,Benign,0.11099617183208466
Benign,Benign,0.43306100368499756
Benign,Benign,0.3422684669494629
Benign,Benign,0.35690033435821533
Benign,Benign,0.4476727247238159
Benign,Benign,0.3666749894618988
Benign,Benign,0.37351569533348083
Benign,Benign,0.2278876155614853
Benign,Benign,0.31968554854393005
Benign,Benign,0.34835782647132874
Benign,Benign,0.26105067133903503
Benign,Benign,0.2637537717819214
Benign,Benign,0.16288472712039948
Benign,Benign,0.26055940985679626
Benign,Benign,0.4153526723384857
Benign,Benign,0.43277406692504883
Benign,Benign,0.4490453898906708
Benign,Benign,0.3548392951488495
Benign,Benign,0.08845101296901703
Benign,Benign,0.44920095801353455
Benign,Benign,0.23397691547870636
Benign,Benign,0.3482344448566437
Benign,Benign,0.3765293061733246
Benign,Benign,0.34101977944374084
Benign,Benign,0.31941211223602295
Benign,Benign,0.35640949010849
Benign,Benign,0.3815784752368927
Benign,Benign,0.4251004159450531
Benign,Benign,0.45830801129341125
Benign,Benign,0.37180641293525696
Benign,Benign,0.2387312352657318
Benign,Benign,0.2943752706050873
Benign,Benign,0.18072320520877838
Benign,Benign,0.4655298888683319
Benign,Benign,0.3829558789730072
Benign,Benign,0.4279087483882904
Benign,Benign,0.2644191086292267
Benign,Benign,0.18113167583942413
Benign,Benign,0.06841353327035904
Benign,Benign,0.22385777533054352
Benign,Benign,0.09845936298370361
Benign,Benign,0.3987119197845459
Benign,Benign,0.26753073930740356
Benign,Benign,0.2503099739551544
Benign,Benign,0.27737677097320557
Benign,Benign,0.3453367054462433
Benign,Benign,0.4615378975868225
Benign,Benign,0.19962535798549652
Benign,Benign,0.10340037941932678
Benign,Benign,0.3173987567424774
Benign,Benign,0.19889582693576813
Benign,Benign,0.3807329535484314
Benign,Benign,0.13568097352981567
Benign,Benign,0.2587437629699707
Benign,Benign,0.252873957157135
Benign,Benign,0.45071667432785034
Benign,Benign,0.4234967529773712
Benign,Benign,0.30019208788871765
Benign,Benign,0.33642080426216125
Benign,Malicious,0.6011176109313965
Benign,Benign,0.47837162017822266
Benign,Malicious,0.9826805591583252
Benign,Benign,0.31820109486579895
Benign,Benign,0.09516976028680801
Benign,Benign,0.15017978847026825
Benign,Benign,0.3400517702102661
Benign,Benign,0.01783602684736252
Benign,Benign,0.30090805888175964
Benign,Benign,0.41510385274887085
Benign,Benign,0.18678279221057892
Benign,Benign,0.060987941920757294
Benign,Benign,0.0632225051522255
Benign,Benign,0.34198588132858276
Benign,Benign,0.4566268026828766
Benign,Benign,0.2569666802883148
Benign,Benign,0.2328479290008545
Benign,Benign,0.22454532980918884
Benign,Benign,0.37974172830581665
Benign,Benign,0.4372645318508148
Benign,Benign,0.403270423412323
Benign,Benign,0.3556917905807495
Benign,Benign,0.08268754929304123
Benign,Benign,0.4023061990737915
Benign,Benign,0.38063302636146545
Benign,Benign,0.20188918709754944
Benign,Benign,0.38333505392074585
Benign,Benign,0.4585740268230438
Benign,Benign,0.3578283488750458
Benign,Benign,0.3903273940086365
Benign,Benign,0.4032113254070282
Benign,Benign,0.3964504301548004
Benign,Benign,0.3831774592399597
Benign,Benign,0.44942912459373474
Benign,Benign,0.18203866481781006
Benign,Benign,0.41167035698890686
Benign,Benign,0.3671593964099884
Benign,Benign,0.3941665589809418
Benign,Benign,0.3515086770057678
Benign,Benign,0.38982200622558594
Benign,Benign,0.32622238993644714
Benign,Benign,0.36549752950668335
Benign,Benign,0.3453866243362427
Benign,Benign,0.3885630965232849
Benign,Benign,0.31002625823020935
Benign,Benign,0.34147948026657104
Benign,Benign,0.383258193731308
Benign,Benign,0.43645817041397095
Benign,Benign,0.2230747938156128
Benign,Benign,0.2546803653240204
Benign,Benign,0.3643350303173065
Benign,Benign,0.4591343402862549
Benign,Benign,0.03638508543372154
Benign,Benign,0.20488034188747406
Benign,Benign,0.3871282935142517
Benign,Benign,0.39535775780677795
Benign,Benign,0.3618837296962738
Benign,Benign,0.24700680375099182
Benign,Benign,0.43294307589530945
Benign,Benign,0.37466004490852356
Benign,Benign,0.36132293939590454
Benign,Benign,0.3009968101978302
Benign,Benign,0.4385385811328888
Benign,Benign,0.13078461587429047
Benign,Benign,0.3290864825248718
Benign,Benign,0.3141022324562073
Benign,Benign,0.42980271577835083
Benign,Benign,0.3555869162082672
Benign,Benign,0.356901079416275
Benign,Benign,0.435173898935318
Benign,Benign,0.20398376882076263
Benign,Benign,0.2580539286136627
Benign,Benign,0.35599735379219055
Benign,Benign,0.2726801633834839
Benign,Benign,0.4366675615310669
Benign,Benign,0.1522439569234848
Benign,Benign,0.4272298514842987
Benign,Benign,0.2984326481819153
Benign,Benign,0.43138042092323303
Benign,Benign,0.012039180845022202
Benign,Benign,0.34152141213417053
Benign,Benign,0.2471410632133484
Benign,Benign,0.21979956328868866
Benign,Benign,0.3773302137851715
Benign,Benign,0.3908138871192932
Benign,Benign,0.2411235123872757
Benign,Benign,0.22909824550151825
Benign,Benign,0.24036699533462524
Benign,Benign,0.31943628191947937
Benign,Benign,0.42633694410324097
Benign,Benign,0.2561914026737213
Benign,Benign,0.2628764510154724
Benign,Benign,0.38934797048568726
Benign,Benign,0.3527906835079193
Benign,Benign,0.12247569113969803
Benign,Benign,0.22397680580615997
Benign,Benign,0.10849311202764511
Benign,Benign,0.21286074817180634
Benign,Benign,0.38103705644607544
Benign,Benign,0.12097493559122086
Benign,Benign,0.3981618285179138
Benign,Benign,0.3310036063194275
Benign,Benign,0.38013845682144165
Benign,Benign,0.3595661520957947
Benign,Benign,0.3991418778896332
Benign,Benign,0.3855586647987366
Benign,Benign,0.3501735329627991
Benign,Benign,0.403827041387558
Benign,Benign,0.14837025105953217
Benign,Benign,0.07343445718288422
Benign,Benign,0.3437478542327881
Benign,Benign,0.29006227850914
Benign,Benign,0.19214089214801788
Benign,Benign,0.26087743043899536
Benign,Benign,0.38235223293304443
Benign,Benign,0.29791757464408875
Benign,Benign,0.32855692505836487
Benign,Benign,0.46579593420028687
Benign,Benign,0.4378814399242401
Benign,Benign,0.302841454744339
Benign,Benign,0.2285001426935196
Benign,Benign,0.2794651985168457
Benign,Benign,0.05561571195721626
Benign,Benign,0.27375108003616333
Benign,Benign,0.35666564106941223
Benign,Benign,0.22962817549705505
Benign,Benign,0.3397720456123352
Benign,Benign,0.30191707611083984
Benign,Benign,0.4272805452346802
Benign,Benign,0.373424232006073
Benign,Benign,0.35226520895957947
Benign,Benign,0.34250664710998535
Benign,Benign,0.3603063225746155
Benign,Benign,0.4272833466529846
Benign,Benign,0.014908409677445889
Benign,Benign,0.3834753632545471
Benign,Malicious,0.9772136211395264
Benign,Benign,0.3029077649116516
Benign,Benign,0.41051802039146423
Benign,Benign,0.44828394055366516
Benign,Benign,0.42523375153541565
Benign,Benign,0.4265595078468323
Benign,Benign,0.44871774315834045
Benign,Benign,0.4947980046272278
Benign,Benign,0.43981629610061646
Benign,Benign,0.33740881085395813
Benign,Benign,0.30212292075157166
Benign,Benign,0.18190523982048035
Benign,Benign,0.021295063197612762
Benign,Benign,0.0869152694940567
Benign,Benign,0.3446506857872009
Benign,Benign,0.030109182000160217
Benign,Benign,0.2565055787563324
Benign,Benign,0.2164396047592163
Benign,Benign,0.3464117646217346
Benign,Benign,0.26664721965789795
Benign,Benign,0.13387322425842285
Benign,Benign,0.26836976408958435
Benign,Benign,0.41793665289878845
Benign,Benign,0.4038476049900055
Benign,Benign,0.38502177596092224
Benign,Benign,0.47406163811683655
Benign,Benign,0.3652880787849426
Benign,Benign,0.33425775170326233
Benign,Benign,0.4279744327068329
Benign,Benign,0.29954126477241516
Benign,Benign,0.2503267228603363
Benign,Benign,0.2862659990787506
Benign,Benign,0.34111493825912476
Benign,Benign,0.44905829429626465
Benign,Benign,0.3823406398296356
Benign,Benign,0.28012850880622864
Benign,Benign,0.011833429336547852
Benign,Benign,0.24609404802322388
Benign,Benign,0.18857665359973907
Benign,Benign,0.39356380701065063
Benign,Benign,0.4157761335372925
Benign,Benign,0.2788490951061249
Benign,Benign,0.3085409104824066
Benign,Benign,0.3844676911830902
Benign,Benign,0.01815885491669178
Benign,Benign,0.04500894621014595
Benign,Benign,0.052689675241708755
Benign,Benign,0.35169312357902527
Benign,Benign,0.28735029697418213
Benign,Benign,0.4210768938064575
Benign,Benign,0.38232651352882385
Benign,Benign,0.20791277289390564
Benign,Benign,0.2759209871292114
Benign,Benign,0.3286152184009552
Benign,Benign,0.31996315717697144
Benign,Benign,0.2520138919353485
Benign,Benign,0.3508864641189575
Benign,Benign,0.4495418071746826
Benign,Benign,0.32205209136009216
Benign,Benign,0.3188249468803406
Benign,Benign,0.26546913385391235
Benign,Benign,0.4568779468536377
Benign,Benign,0.3036773204803467
Benign,Benign,0.4310532808303833
Benign,Benign,0.01749376393854618
Benign,Benign,0.3931228518486023
Benign,Benign,0.39908432960510254
Benign,Benign,0.2236965000629425
Benign,Benign,0.3020576238632202
Benign,Benign,0.3646271824836731
Benign,Benign,0.3846542537212372
Benign,Benign,0.44764620065689087
Benign,Benign,0.28920143842697144
Benign,Benign,0.029575061053037643
Benign,Benign,0.40145522356033325
Benign,Benign,0.4137519896030426
Benign,Benign,0.4427289366722107
Benign,Benign,0.3588554263114929
Benign,Benign,0.28068992495536804
Benign,Benign,0.26213154196739197
Benign,Benign,0.3207804560661316
Benign,Benign,0.40268224477767944
Benign,Benign,0.33639228343963623
Benign,Benign,0.31196531653404236
Benign,Benign,0.27144724130630493
Benign,Benign,0.2175953984260559
Benign,Benign,0.4352266788482666
Benign,Benign,0.07459992915391922
Benign,Benign,0.4217495620250702
Benign,Benign,0.3929726183414459
Benign,Benign,0.14160862565040588
Benign,Benign,0.13934077322483063
Benign,Benign,0.39144307374954224
Benign,Benign,0.4335194230079651
Benign,Benign,0.3870711624622345
Benign,Benign,0.453760027885437
Benign,Benign,0.34648388624191284
Benign,Benign,0.38743856549263
Benign,Benign,0.42485177516937256
Benign,Benign,0.37502017617225647
Benign,Benign,0.2830703556537628
Benign,Benign,0.33687853813171387
Benign,Benign,0.20623329281806946
Benign,Benign,0.3129897117614746
Benign,Benign,0.16776229441165924
Benign,Benign,0.4847959876060486
Benign,Benign,0.34823155403137207
Benign,Benign,0.2214384526014328
Benign,Benign,0.284294456243515
Benign,Benign,0.340535044670105
Benign,Benign,0.38028252124786377
Benign,Benign,0.4081954061985016
Benign,Benign,0.40457049012184143
Benign,Benign,0.008373594842851162
Benign,Benign,0.4877757132053375
Benign,Benign,0.07152701169252396
Benign,Benign,0.45394840836524963
Benign,Benign,2.7820471837942214e-20
Benign,Benign,0.44225195050239563
Benign,Benign,0.31870582699775696
Benign,Benign,0.3885624408721924
Benign,Benign,0.4055824279785156
Benign,Benign,0.28624942898750305
Benign,Benign,0.3901063799858093
Benign,Benign,0.27553221583366394
Benign,Benign,0.4206998348236084
Benign,Benign,0.4388604164123535
Benign,Benign,0.13057251274585724
Benign,Benign,0.11561737209558487
Benign,Benign,0.38860663771629333
Benign,Benign,0.3154185712337494
Benign,Benign,0.05480292811989784
Benign,Benign,0.33636659383773804
Benign,Benign,0.34715259075164795
Benign,Benign,0.24634301662445068
Benign,Benign,0.30538076162338257
Benign,Benign,0.28841444849967957
Benign,Benign,0.24722954630851746
Benign,Benign,0.3078133165836334
Benign,Benign,0.27809441089630127
Benign,Benign,0.359243780374527
Benign,Benign,0.3444119095802307
Benign,Benign,0.43713775277137756
Benign,Benign,0.3153761327266693
Benign,Benign,0.42615553736686707
Benign,Benign,0.22709497809410095
Benign,Benign,0.36542871594429016
Benign,Benign,0.4424796402454376
Benign,Benign,0.330294668674469
Benign,Benign,0.45562607049942017
Benign,Benign,0.3409802317619324
Benign,Benign,0.3108699917793274
Benign,Benign,0.38528183102607727
Benign,Benign,0.3240847587585449
Benign,Benign,0.4764076769351959
Benign,Benign,0.3981286287307739
Benign,Benign,0.4222927391529083
Benign,Benign,0.3890223205089569
Benign,Benign,0.24338242411613464
Benign,Benign,2.121716170935242e-20
Benign,Benign,0.19708934426307678
Benign,Benign,0.19446870684623718
Benign,Benign,0.4058852195739746
Benign,Benign,0.4258306324481964
Benign,Benign,0.2888876497745514
Benign,Benign,0.2663094401359558
Benign,Benign,0.45064374804496765
Benign,Benign,0.23277722299098969
Benign,Benign,0.3901890516281128
Benign,Benign,0.26681435108184814
Benign,Benign,0.3286983370780945
Benign,Benign,0.4278452396392822
Benign,Benign,0.38817155361175537
Benign,Benign,0.3463749587535858
Benign,Benign,0.21828807890415192
Benign,Benign,0.41259312629699707
Benign,Benign,0.3120492696762085
Benign,Benign,0.4968798756599426
Benign,Benign,0.4423598647117615
Benign,Benign,0.3212529420852661
Benign,Benign,0.39848777651786804
Benign,Benign,0.2904764711856842
Benign,Benign,0.32061800360679626
Benign,Benign,0.147831529378891
Benign,Benign,0.37918221950531006
Benign,Benign,0.25536975264549255
Benign,Benign,0.27085205912590027
Benign,Benign,0.4009576141834259
Benign,Benign,0.37820738554000854
Benign,Benign,0.23609304428100586
Benign,Benign,0.38229960203170776
Benign,Benign,0.24837858974933624
Benign,Benign,0.374528169631958
Benign,Benign,0.0715489387512207
Benign,Benign,0.310533344745636
Benign,Benign,0.0463472381234169
Benign,Benign,0.21876966953277588
Benign,Benign,0.27693498134613037
Benign,Benign,0.3184368312358856
Benign,Benign,0.45735040307044983
Benign,Benign,0.14294536411762238
Benign,Benign,0.24930468201637268
Benign,Benign,0.3491874039173126
Benign,Benign,0.25887203216552734
Benign,Benign,0.327314555644989
Benign,Benign,0.4154666066169739
Benign,Benign,0.3561246693134308
Benign,Benign,0.42567989230155945
Benign,Benign,0.06659185886383057
Benign,Benign,0.4048423767089844
Benign,Benign,0.4076571762561798
Benign,Benign,0.2623573839664459
Benign,Benign,0.24817214906215668
Benign,Benign,0.35062354803085327
Benign,Benign,0.3230847418308258
Benign,Benign,0.3140864372253418
Benign,Benign,0.21046215295791626
Benign,Benign,0.0630621463060379
Benign,Malicious,0.9917984008789062
Benign,Benign,0.1813579946756363
Benign,Benign,0.30417463183403015
Benign,Benign,0.33827510476112366
Benign,Benign,0.3741314709186554
Benign,Benign,0.2776359021663666
Benign,Benign,0.32038819789886475
Benign,Benign,0.2988620400428772
Benign,Benign,0.449436217546463
Benign,Benign,0.2152668684720993
Benign,Benign,0.14546625316143036
Benign,Benign,0.443250447511673
Benign,Benign,0.3712308406829834
Benign,Benign,0.4174993932247162
Benign,Benign,0.34799450635910034
Benign,Benign,0.09739431738853455
Benign,Benign,0.2627093493938446
Benign,Benign,0.2987382411956787
Benign,Benign,0.4491766095161438
Benign,Benign,0.18227621912956238
Benign,Benign,0.2913617491722107
Benign,Benign,0.2462698072195053
Benign,Benign,0.38111412525177
Benign,Benign,0.3489556610584259
Benign,Benign,0.4530903697013855
Benign,Benign,0.20336979627609253
Benign,Benign,0.27372127771377563
Benign,Benign,0.3059503436088562
Benign,Benign,0.3711801767349243
Benign,Benign,0.37440115213394165
Benign,Benign,0.07549268007278442
Benign,Benign,0.3584412932395935
Benign,Benign,0.3158707320690155
Benign,Benign,0.32156652212142944
Benign,Benign,0.30022886395454407
Benign,Benign,0.3815680146217346
Benign,Benign,0.33231502771377563
Benign,Benign,0.22891448438167572
Benign,Benign,0.37318557500839233
Benign,Benign,0.42547595500946045
Benign,Benign,0.36197084188461304
Benign,Benign,0.04825180768966675
Benign,Benign,0.18814080953598022
Benign,Benign,0.293430894613266
Benign,Benign,0.37596359848976135
Benign,Benign,0.4449215531349182
Benign,Benign,0.33480963110923767
Benign,Benign,0.24712955951690674
Benign,Benign,0.4983792304992676
Benign,Benign,0.046598706394433975
Benign,Benign,0.3300023078918457
Benign,Benign,0.39584097266197205
Benign,Benign,0.4539452791213989
Benign,Benign,0.4375428259372711
Benign,Benign,0.4445159435272217
Benign,Benign,0.3058817982673645
Benign,Benign,0.35289570689201355
Benign,Benign,0.1691601425409317
Benign,Benign,0.31517815589904785
Benign,Benign,0.26397496461868286
Benign,Benign,0.21876545250415802
Benign,Benign,0.3133065104484558
Benign,Benign,0.2678205966949463
Benign,Benign,0.42882731556892395
Benign,Benign,0.3186275064945221
Benign,Benign,0.25558972358703613
Benign,Benign,0.16874514520168304
Benign,Benign,0.410222589969635
Benign,Benign,0.34856364130973816
Benign,Benign,0.229659304022789
Benign,Benign,0.3324912488460541
Benign,Benign,0.42690932750701904
Benign,Benign,0.3014345169067383
Benign,Benign,0.2599583864212036
Benign,Benign,0.3557153046131134
Benign,Benign,0.3879869282245636
Benign,Benign,0.3655114471912384
Benign,Benign,0.259411484003067
Benign,Benign,0.41437649726867676
Benign,Benign,0.35667890310287476
Benign,Benign,0.22130191326141357
Benign,Benign,0.3954877555370331
Benign,Benign,0.37659648060798645
Benign,Benign,0.3776925504207611
Benign,Benign,0.3099859654903412
Benign,Benign,0.3780002295970917
Benign,Benign,0.29753684997558594
Benign,Benign,0.17348502576351166
Benign,Benign,0.34105995297431946
Benign,Benign,0.33283814787864685
Benign,Benign,0.04134463146328926
Benign,Benign,0.34318551421165466
Benign,Benign,0.43487077951431274
Benign,Benign,0.21761800348758698
Benign,Benign,0.32314154505729675
Benign,Benign,0.3889882266521454
Benign,Benign,0.23201827704906464
Benign,Benign,0.38635924458503723
Benign,Benign,0.2756757140159607
Benign,Benign,0.24170491099357605
Benign,Benign,0.21802107989788055
Benign,Benign,0.2113080471754074
Benign,Benign,0.31539401412010193
Benign,Benign,0.2467530518770218
Benign,Benign,0.33445417881011963
Benign,Benign,0.1810677945613861
Benign,Benign,0.21616514027118683
Benign,Benign,0.26209476590156555
Benign,Benign,0.42551031708717346
Benign,Benign,0.2361186295747757
Benign,Benign,0.31726834177970886
Benign,Benign,0.3109327256679535
Benign,Benign,0.1998869627714157
Benign,Benign,0.1878902167081833
Benign,Benign,0.059724971652030945
Benign,Benign,0.37361085414886475
Benign,Benign,0.1260332465171814
Benign,Benign,0.37396901845932007
Benign,Benign,0.34853631258010864
Benign,Benign,0.4094747304916382
Benign,Benign,0.4241722524166107
Benign,Benign,0.010254686698317528
Benign,Benign,0.34042567014694214
Benign,Benign,0.230787992477417
Benign,Benign,0.3633902966976166
Benign,Benign,0.31656619906425476
Benign,Benign,0.3714001476764679
Benign,Benign,0.21905264258384705
Benign,Benign,0.4306472837924957
Benign,Benign,0.02041415125131607
Benign,Benign,0.30291250348091125
Benign,Benign,0.14645235240459442
Benign,Benign,0.47831135988235474
Benign,Benign,0.23517458140850067
Benign,Benign,0.437050998210907
Benign,Benign,0.303141325712204
Benign,Benign,0.33669164776802063
Benign,Benign,0.2797386646270752
Benign,Benign,0.3598096966743469
Benign,Benign,0.4402145743370056
Benign,Benign,0.2011307030916214
Benign,Benign,0.3174247145652771
Benign,Benign,0.4681232273578644
Benign,Benign,0.22328482568264008
Benign,Benign,0.41891199350357056
Benign,Benign,0.39274173974990845
Benign,Benign,0.35310110449790955
Benign,Benign,0.3150913417339325
Benign,Benign,0.3481906056404114
Benign,Benign,0.252001017332077
Benign,Benign,0.36609727144241333
Benign,Benign,0.12828311324119568
Benign,Benign,0.022519627586007118
Benign,Benign,0.35779035091400146
Benign,Benign,0.09634947031736374
Benign,Benign,0.22783298790454865
Benign,Benign,0.33199357986450195
Benign,Benign,0.2913776636123657
Benign,Benign,0.22752241790294647
Benign,Benign,0.32372453808784485
Benign,Benign,0.19824504852294922
Benign,Benign,0.3628794252872467
Benign,Benign,0.2589169144630432
Benign,Benign,0.331480473279953
Benign,Benign,0.4068005681037903
Benign,Benign,0.4254763722419739
Benign,Benign,0.0028286906890571117
Benign,Benign,0.46238020062446594
Benign,Benign,0.4147215187549591
Benign,Benign,0.38219746947288513
Benign,Benign,0.318898469209671
Benign,Benign,0.3277512490749359
Benign,Benign,0.19979938864707947
Benign,Benign,0.2251162827014923
Benign,Benign,0.3397108018398285
Benign,Benign,0.44031256437301636
Benign,Benign,0.20090441405773163
Benign,Benign,0.34469810128211975
Benign,Benign,0.1862339973449707
Benign,Benign,0.003060306888073683
Benign,Benign,0.40679141879081726
Benign,Benign,0.4347957372665405
Benign,Benign,0.2272174209356308
Benign,Benign,0.360502153635025
Benign,Benign,0.16916167736053467
Benign,Benign,0.3424879312515259
Benign,Benign,0.4063202142715454
Benign,Benign,0.17822381854057312
Benign,Benign,0.43694767355918884
Benign,Benign,0.2654861509799957
Benign,Benign,0.3676129877567291
Benign,Benign,0.4768293499946594
Benign,Benign,0.0623130165040493
Benign,Benign,0.3316139578819275
Benign,Benign,0.3842661380767822
Benign,Benign,0.43254637718200684
Benign,Benign,0.35916826128959656
Benign,Benign,0.326834499835968
Benign,Benign,0.3366127610206604
Benign,Benign,0.3193431794643402
Benign,Benign,0.3210456073284149
Benign,Benign,0.39266204833984375
Benign,Benign,0.18155023455619812
Benign,Benign,0.42868587374687195
Benign,Benign,0.13683998584747314
Benign,Benign,0.2076316475868225
Benign,Benign,0.3143373131752014
Benign,Benign,0.25906074047088623
Benign,Benign,0.28758475184440613
Benign,Benign,0.26899269223213196
Benign,Benign,0.4130156636238098
Benign,Benign,5.393907772669339e-19
Benign,Benign,0.31318747997283936
Benign,Benign,0.39680224657058716
Benign,Benign,0.059289392083883286
Benign,Benign,0.3820815980434418
Benign,Benign,0.4211709797382355
Benign,Benign,0.3404449224472046
Benign,Benign,0.2174672931432724
Benign,Benign,0.26106199622154236
Benign,Benign,0.4323050379753113
Benign,Benign,0.1931166797876358
Benign,Benign,0.22464174032211304
Benign,Benign,0.28168341517448425
Benign,Benign,0.4175975024700165
Benign,Benign,0.42487430572509766
Benign,Benign,0.24153828620910645
Benign,Benign,0.4264523983001709
Benign,Benign,0.22194814682006836
Benign,Benign,0.3913990557193756
Benign,Benign,0.44011756777763367
Benign,Benign,0.4210386872291565
Benign,Benign,0.17619262635707855
Benign,Benign,0.2590055465698242
Benign,Benign,0.3882545530796051
Benign,Benign,0.28424447774887085
Benign,Benign,0.2617799639701843
Benign,Benign,0.3710744380950928
Benign,Benign,0.4462270438671112
Benign,Benign,0.18519359827041626
Benign,Benign,0.4213718771934509
Benign,Benign,0.4207988381385803
Benign,Benign,0.3477787673473358
Benign,Benign,0.3675665855407715
Benign,Benign,0.3788433074951172
Benign,Benign,0.328344464302063
Benign,Benign,0.18113303184509277
Benign,Benign,0.3582379221916199
Benign,Benign,0.14024874567985535
Benign,Benign,0.3740033507347107
Benign,Benign,0.30926093459129333
Benign,Benign,0.22657236456871033
Benign,Benign,0.43683922290802
Benign,Benign,0.38687577843666077
Benign,Benign,0.13435350358486176
Benign,Benign,0.3427793085575104
Benign,Benign,0.09956230968236923
Benign,Benign,0.33400219678878784
Benign,Benign,0.3563551902770996
Benign,Benign,0.33751752972602844
Benign,Benign,0.3144225776195526
Benign,Malicious,0.9820894598960876
Benign,Benign,0.13439954817295074
Benign,Benign,0.3707771301269531
Benign,Benign,0.16497202217578888
Benign,Benign,0.13105937838554382
Benign,Benign,0.10161348432302475
Benign,Benign,0.14284129440784454
Benign,Benign,0.3822086751461029
Benign,Benign,0.3511534035205841
Benign,Benign,0.20178040862083435
Benign,Benign,0.2315046787261963
Benign,Benign,0.06358404457569122
Benign,Benign,0.2601815462112427
Benign,Benign,0.4238823652267456
Benign,Benign,0.4206996560096741
Benign,Benign,0.41694650053977966
Benign,Benign,0.0723256766796112
Benign,Benign,0.35713985562324524
Benign,Benign,0.40536290407180786
Benign,Benign,0.4377695620059967
Benign,Benign,0.35034021735191345
Benign,Benign,0.057772427797317505
Benign,Benign,0.4364973306655884
Benign,Benign,0.26769325137138367
Benign,Benign,0.2666330933570862
Benign,Benign,0.3868798315525055
Benign,Benign,0.29658329486846924
Benign,Benign,0.16335062682628632
Benign,Benign,0.42412301898002625
Benign,Benign,0.23459459841251373
Benign,Benign,0.29672524333000183
Benign,Benign,0.2604328691959381
Benign,Benign,0.34495478868484497
Benign,Benign,0.3872380256652832
Benign,Benign,0.17760387063026428
Benign,Benign,0.2671322822570801
Benign,Benign,0.41473153233528137
Benign,Benign,0.3811880052089691
Benign,Benign,0.14002156257629395
Benign,Benign,0.20006270706653595
Benign,Benign,0.15752214193344116
Benign,Benign,0.19456423819065094
Benign,Benign,0.384255051612854
Benign,Benign,0.3108579218387604
Benign,Benign,0.2744726836681366
Benign,Benign,0.36440712213516235
Benign,Benign,0.3180851340293884
Benign,Benign,0.3141136169433594
Benign,Benign,0.1731693297624588
Benign,Benign,0.18064656853675842
Benign,Benign,0.20008164644241333
Benign,Benign,0.27166247367858887
Benign,Benign,0.39080512523651123
Benign,Benign,0.3713134527206421
Benign,Benign,0.4447862207889557
Benign,Benign,0.323462575674057
Benign,Benign,0.3487512171268463
Benign,Benign,0.2574819028377533
Benign,Benign,0.32776570320129395
Benign,Benign,0.2637110948562622
Benign,Benign,0.38949349522590637
Benign,Benign,0.25382527709007263
Benign,Benign,0.3438758850097656
Benign,Benign,0.2494587004184723
Benign,Benign,0.4245219826698303
Benign,Benign,0.1014435812830925
Benign,Benign,0.23936112225055695
Benign,Benign,0.03229423612356186
Benign,Benign,0.28797516226768494
Benign,Benign,0.2789531350135803
Benign,Benign,0.20638693869113922
Benign,Benign,0.24349744617938995
Benign,Benign,0.08248896896839142
Benign,Benign,0.016015300527215004
Benign,Benign,0.24278001487255096
Benign,Benign,0.3342325687408447
Benign,Benign,0.07221528142690659
Benign,Benign,0.3975866436958313
Benign,Benign,0.27356773614883423
Benign,Benign,0.32485538721084595
Benign,Benign,0.2255128175020218
Benign,Benign,0.01794031262397766
Benign,Benign,0.16897201538085938
Benign,Benign,0.3464163839817047
Benign,Benign,0.4083697199821472
Benign,Benign,0.37860772013664246
Benign,Benign,0.3245660662651062
Benign,Benign,0.3173433542251587
Benign,Benign,0.4425589144229889
Benign,Benign,0.3842366933822632
Benign,Benign,0.3246191740036011
Benign,Benign,0.45986849069595337
Benign,Benign,0.21652480959892273
Benign,Benign,0.4551711678504944
Benign,Benign,0.3701801300048828
Benign,Benign,0.27983513474464417
Benign,Benign,0.07493307441473007
Benign,Benign,0.36910033226013184
Benign,Benign,0.2932572066783905
Benign,Benign,0.4005519151687622
Benign,Benign,0.2814365327358246
Benign,Benign,0.4290086627006531
Benign,Benign,0.3328000009059906
Benign,Benign,0.33401304483413696
Benign,Benign,0.2186540961265564
Benign,Benign,0.17513005435466766
Benign,Benign,0.3357490301132202
Benign,Benign,0.3843834102153778
Benign,Benign,0.39632001519203186
Benign,Benign,0.4508275091648102
Benign,Benign,0.26749613881111145
Benign,Benign,0.40132811665534973
Benign,Benign,0.2762081027030945
Benign,Benign,0.33402541279792786
Benign,Benign,0.06152904033660889
Benign,Benign,0.4538522958755493
Benign,Benign,0.20400919020175934
Benign,Benign,0.35337209701538086
Benign,Benign,0.4189847409725189
Benign,Benign,0.20075716078281403
Benign,Benign,0.33281782269477844
Benign,Benign,0.39147278666496277
Benign,Benign,0.37381818890571594
Benign,Benign,0.3411591053009033
Benign,Benign,0.3918280303478241
Benign,Benign,0.3623495101928711
Benign,Benign,0.3825026750564575
Benign,Benign,0.297806054353714
Benign,Benign,0.29893311858177185
Benign,Benign,0.4280746281147003
Benign,Benign,0.3688768446445465
Benign,Benign,0.19556434452533722
Benign,Benign,0.2651623487472534
Benign,Benign,0.40612176060676575
Benign,Benign,0.2613299787044525
Benign,Benign,0.25881335139274597
Benign,Benign,0.2966936230659485
Benign,Benign,0.3029862940311432
Benign,Benign,0.07384885102510452
Benign,Benign,0.42619839310646057
Benign,Benign,0.40864482522010803
Benign,Benign,0.33099114894866943
Benign,Benign,0.26135915517807007
Benign,Benign,0.38408687710762024
Benign,Benign,0.335989773273468
Benign,Benign,0.3626467287540436
Benign,Benign,0.19615116715431213
Benign,Benign,0.37023383378982544
Benign,Benign,0.26188328862190247
Benign,Benign,0.4528915286064148
Benign,Benign,0.4332013726234436
Benign,Benign,0.32626670598983765
Benign,Benign,0.4155668616294861
Benign,Benign,0.3331458866596222
Benign,Benign,0.36422163248062134
Benign,Benign,0.4409000873565674
Benign,Benign,0.24962472915649414
Benign,Benign,0.3485605716705322
Benign,Benign,0.4275842607021332
Benign,Benign,0.3151821494102478
Benign,Benign,0.25547605752944946
Benign,Benign,0.40406742691993713
Benign,Benign,0.3154788017272949
Benign,Benign,0.44498318433761597
Benign,Benign,0.15005511045455933
Benign,Benign,0.3670727610588074
Benign,Benign,0.19118081033229828
Benign,Benign,0.32801294326782227
Benign,Benign,0.2529861032962799
Benign,Benign,0.3745129108428955
Benign,Benign,0.38318321108818054
Benign,Benign,0.49898505210876465
Benign,Benign,0.33563196659088135
Benign,Benign,0.38249319791793823
Benign,Benign,0.37967410683631897
Benign,Benign,0.18386787176132202
Benign,Benign,0.37509453296661377
Benign,Benign,0.29231321811676025
Benign,Benign,0.07591107487678528
Benign,Benign,0.28055131435394287
Benign,Benign,0.3405301570892334
Benign,Benign,0.41016682982444763
Benign,Benign,0.4293535053730011
Benign,Benign,0.34081947803497314
Benign,Benign,0.2701320946216583
Benign,Benign,0.32344821095466614
Benign,Benign,0.4267328083515167
Benign,Benign,0.28090700507164
Benign,Benign,0.3573734164237976
Benign,Benign,0.25218117237091064
Benign,Benign,0.43457892537117004
Benign,Malicious,0.525798499584198
Benign,Benign,0.056555088609457016
Benign,Benign,0.4296533763408661
Benign,Benign,0.07249896228313446
Benign,Benign,0.1994924247264862
Benign,Benign,0.33458295464515686
Benign,Benign,0.3317764103412628
Benign,Benign,0.3330096900463104
Benign,Benign,0.31862369179725647
Benign,Benign,0.31175684928894043
Benign,Benign,0.01132745761424303
Benign,Benign,0.3620850443840027
Benign,Benign,0.4064996540546417
Benign,Benign,0.4067666828632355
Benign,Benign,0.3947411775588989
Benign,Benign,0.3515227735042572
Benign,Benign,0.16806873679161072
Benign,Benign,0.3077613115310669
Benign,Benign,0.3254859447479248
Benign,Benign,0.42299529910087585
Benign,Benign,0.14369483292102814
Benign,Benign,0.39977991580963135
Benign,Benign,0.21178340911865234
Benign,Benign,0.4144085645675659
Benign,Benign,0.45477697253227234
Benign,Benign,0.45791560411453247
Benign,Benign,0.40703657269477844
Benign,Benign,0.4444400370121002
Benign,Benign,0.3767628073692322
Benign,Benign,0.26229289174079895
Benign,Benign,0.32753893733024597
Benign,Benign,0.40947964787483215
Benign,Benign,0.03912084922194481
Benign,Benign,0.34589460492134094
Benign,Benign,0.2921815514564514
Benign,Benign,0.17872798442840576
Benign,Benign,7.475783013466408e-12
Benign,Benign,0.3521119952201843
Benign,Benign,0.2560015022754669
Benign,Benign,0.3433783948421478
Benign,Benign,0.2982275187969208
Benign,Benign,0.2506926357746124
Benign,Benign,0.43055081367492676
Benign,Benign,0.2950831651687622
Benign,Benign,0.4333571195602417
Benign,Benign,0.3842625617980957
Benign,Benign,0.3484448194503784
Benign,Benign,0.26873037219047546
Benign,Benign,0.31238240003585815
Benign,Benign,0.29306265711784363
Benign,Benign,0.4178616404533386
Benign,Benign,0.2900615930557251
Benign,Benign,0.3539079427719116
Benign,Benign,0.3004433512687683
Benign,Benign,0.25888508558273315
Benign,Benign,0.3275653123855591
Benign,Benign,0.3031252920627594
Benign,Benign,0.265230268239975
Benign,Benign,0.3521871268749237
Benign,Benign,0.3819674849510193
Benign,Benign,0.4975370168685913
Benign,Benign,0.0924445316195488
Benign,Benign,0.4250902235507965
Benign,Benign,0.49473243951797485
Benign,Benign,0.431101530790329
Benign,Benign,0.4407820999622345
Benign,Benign,0.28872033953666687
Benign,Benign,0.4342947006225586
Benign,Benign,0.44085419178009033
Benign,Benign,0.4038446843624115
Benign,Benign,0.33629533648490906
Benign,Benign,0.4074952006340027
Benign,Benign,0.367995947599411
Benign,Benign,0.40810447931289673
Benign,Benign,0.18122228980064392
Benign,Benign,0.35817432403564453
Benign,Benign,0.3030923306941986
Benign,Benign,0.16724826395511627
Benign,Benign,0.43512967228889465
Benign,Benign,0.3105243146419525
Benign,Benign,0.46296992897987366
Benign,Benign,0.4077494442462921
Benign,Benign,0.17265021800994873
Benign,Benign,0.10128296166658401
Benign,Benign,0.45767107605934143
Benign,Benign,0.31521493196487427
Benign,Benign,0.37214359641075134
Benign,Benign,0.39219921827316284
Benign,Benign,0.36306557059288025
Benign,Benign,0.40913307666778564
Benign,Malicious,0.9944005608558655
Benign,Benign,0.41614386439323425
Benign,Benign,0.20108480751514435
Benign,Benign,0.19735674560070038
Benign,Benign,0.015502430498600006
Benign,Benign,0.38628607988357544
Benign,Benign,0.36017823219299316
Benign,Benign,0.30158960819244385
Benign,Benign,0.20008546113967896
Benign,Benign,0.3266245126724243
Benign,Benign,0.3784072995185852
Benign,Benign,0.2135819047689438
Benign,Benign,0.43774712085723877
Benign,Benign,0.31172192096710205
Benign,Benign,0.3415447771549225
Benign,Benign,0.4024364650249481
Benign,Benign,0.45074906945228577
Benign,Benign,0.3928222060203552
Benign,Benign,0.30115368962287903
Benign,Benign,0.13318663835525513
Benign,Benign,0.3067632019519806
Benign,Benign,0.4131876528263092
Benign,Benign,0.1753748655319214
Benign,Benign,0.40619125962257385
Benign,Benign,0.35357460379600525
Benign,Benign,0.441346675157547
Benign,Benign,0.34723058342933655
Benign,Benign,0.3401525914669037
Benign,Benign,0.39746883511543274
Benign,Benign,0.41839560866355896
Benign,Benign,0.2750900983810425
Benign,Benign,0.3747844099998474
Benign,Benign,0.17147007584571838
Benign,Malicious,0.5040004253387451
Benign,Benign,0.014980577863752842
Benign,Benign,0.19683372974395752
Benign,Benign,0.4283384680747986
Benign,Benign,0.44714856147766113
Benign,Benign,0.4134921431541443
Benign,Benign,0.3783229887485504
Benign,Benign,0.45323821902275085
Benign,Benign,0.3124200701713562
Benign,Benign,0.465741902589798
Benign,Benign,0.4208875298500061
Benign,Benign,0.44008147716522217
Benign,Benign,0.3194279372692108
Benign,Benign,0.3910040855407715
Benign,Benign,0.40285494923591614
Benign,Benign,0.40617167949676514
Benign,Benign,0.13688147068023682
Benign,Benign,0.12602651119232178
Benign,Benign,0.34131452441215515
Benign,Benign,0.05278567597270012
Benign,Benign,0.227406308054924
Benign,Benign,0.27341750264167786
Benign,Benign,0.39719417691230774
Benign,Benign,0.3213482201099396
Benign,Benign,0.4184710383415222
Benign,Benign,0.250072181224823
Benign,Benign,0.3137947618961334
Benign,Benign,0.45090925693511963
Benign,Benign,0.31057149171829224
Benign,Malicious,0.9940741062164307
Benign,Benign,0.28058990836143494
Benign,Benign,0.18874064087867737
Benign,Benign,0.2961138188838959
Benign,Benign,0.33415907621383667
Benign,Benign,0.33102139830589294
Benign,Benign,0.4541385769844055
Benign,Benign,0.34355250000953674
Benign,Benign,0.3823429048061371
Benign,Benign,0.22248780727386475
Benign,Benign,0.35453593730926514
Benign,Benign,0.033191245049238205
Benign,Benign,0.3859312832355499
Benign,Benign,0.38331496715545654
Benign,Benign,0.36905184388160706
Benign,Benign,0.1738959550857544
Benign,Benign,0.06898265331983566
Benign,Benign,0.0746576339006424
Benign,Benign,0.2682897448539734
Benign,Benign,0.4275043308734894
Benign,Benign,0.4360668361186981
Benign,Benign,0.345307856798172
Benign,Benign,0.340859979391098
Benign,Benign,0.4066881537437439
Benign,Benign,0.3600957989692688
Benign,Benign,0.25042155385017395
Benign,Benign,8.49911923526897e-20
Benign,Benign,0.25806888937950134
Benign,Benign,0.19696764647960663
Benign,Benign,0.41469714045524597
Benign,Benign,0.40580642223358154
Benign,Benign,0.2278902232646942
Benign,Benign,0.3515443801879883
Benign,Benign,0.19847378134727478
Benign,Benign,0.31271636486053467
Benign,Benign,0.34078699350357056
Benign,Benign,0.3216452896595001
Benign,Benign,0.03666820377111435
Benign,Benign,0.32013067603111267
Benign,Benign,0.41087010502815247
Benign,Benign,0.40659695863723755
Benign,Benign,0.14197088778018951
Benign,Benign,0.2948966920375824
Benign,Benign,0.3425598740577698
Benign,Benign,0.3199903666973114
Benign,Benign,0.3405987024307251
Benign,Benign,0.3899979889392853
Benign,Benign,0.45461976528167725
Benign,Benign,0.41512301564216614
Benign,Benign,0.3612164258956909
Benign,Benign,0.4166881740093231
Benign,Benign,0.31721818447113037
Benign,Benign,0.12207648158073425
Benign,Benign,0.3477701246738434
Benign,Benign,0.3945932388305664
Benign,Benign,0.359255313873291
Benign,Benign,0.41352081298828125
Benign,Benign,0.3736003637313843
Benign,Benign,0.31757014989852905
Benign,Benign,0.35687798261642456
Benign,Benign,0.16182711720466614
Benign,Benign,0.30799803137779236
Benign,Benign,0.3646620213985443
Benign,Benign,0.19923564791679382
Benign,Benign,0.4078724980354309
Benign,Benign,0.24741557240486145
Benign,Benign,0.004329323302954435
Benign,Benign,0.40009069442749023
Benign,Benign,0.2652275860309601
Benign,Benign,0.30137091875076294
Benign,Benign,0.4160764217376709
Benign,Benign,0.36384281516075134
Benign,Benign,0.2143515795469284
Benign,Benign,0.23208017647266388
Benign,Benign,0.11086171865463257
Benign,Benign,0.2953697144985199
Benign,Benign,0.21228806674480438
Benign,Benign,0.4269505441188812
Benign,Benign,0.26257050037384033
Benign,Benign,0.34931471943855286
Benign,Benign,0.31628936529159546
Benign,Benign,0.45295456051826477
Benign,Benign,0.26986727118492126
Benign,Benign,0.31536316871643066
Benign,Benign,0.3232632875442505
Benign,Benign,0.3358970284461975
Benign,Benign,0.3322102725505829
Benign,Benign,0.45172637701034546
Benign,Benign,0.46018186211586
Benign,Benign,0.0298966933041811
Benign,Benign,0.14215752482414246
Benign,Benign,0.23343487083911896
Benign,Benign,0.2307908982038498
Benign,Benign,0.37432530522346497
Benign,Benign,0.22811390459537506
Benign,Benign,0.3102160692214966
Benign,Benign,0.3776705265045166
Benign,Benign,0.3161275088787079
Benign,Benign,0.3489093482494354
Benign,Benign,0.4610699713230133
Benign,Benign,0.387952595949173
Benign,Benign,0.41999566555023193
Benign,Benign,0.3175087571144104
Benign,Benign,0.3809228837490082
Benign,Benign,0.46749189496040344
Benign,Benign,0.26378950476646423
Benign,Benign,0.32315051555633545
Benign,Benign,0.26400426030158997
Benign,Benign,0.2862180769443512
Benign,Benign,0.2695007622241974
Benign,Benign,0.42504340410232544
Benign,Benign,0.37339991331100464
Benign,Benign,0.19820286333560944
Benign,Benign,0.33522000908851624
Benign,Benign,0.415120005607605
Benign,Benign,0.26599976420402527
Benign,Benign,0.30588316917419434
Benign,Benign,0.40248826146125793
Benign,Benign,0.42721694707870483
Benign,Benign,0.38937830924987793
Benign,Benign,0.33925583958625793
Benign,Benign,0.38751137256622314
Benign,Benign,0.3797508180141449
Benign,Benign,0.39042699337005615
Benign,Benign,0.29255905747413635
Benign,Benign,0.2726629078388214
Benign,Benign,0.3842495381832123
Benign,Benign,0.47519785165786743
Benign,Benign,0.33103498816490173
Benign,Benign,0.40670421719551086
Benign,Benign,0.29081517457962036
Benign,Benign,0.3479067385196686
Benign,Benign,0.3895725607872009
Benign,Benign,0.32127776741981506
Benign,Benign,0.3909206688404083
Benign,Benign,0.25557464361190796
Benign,Benign,0.43622881174087524
Benign,Benign,0.15000101923942566
Benign,Benign,0.2460346817970276
Benign,Benign,0.36855557560920715
Benign,Benign,0.11568063497543335
Benign,Benign,0.3436523973941803
Benign,Benign,0.3769223690032959
Benign,Benign,0.4042169153690338
Benign,Benign,0.30912521481513977
Benign,Benign,0.4235430359840393
Benign,Benign,0.4513021409511566
Benign,Benign,0.019841087982058525
Benign,Benign,0.44376975297927856
Benign,Benign,0.42814555764198303
Benign,Benign,0.3672938048839569
Benign,Benign,0.311701238155365
Benign,Benign,0.2591058909893036
Benign,Benign,0.23866736888885498
Benign,Benign,0.2315775603055954
Benign,Benign,0.21949385106563568
Benign,Benign,0.30361467599868774
Benign,Benign,0.1900714486837387
Benign,Benign,0.3834933936595917
Benign,Benign,0.31546586751937866
Benign,Benign,0.27201831340789795
Benign,Benign,0.30314770340919495
Benign,Benign,0.29854434728622437
Benign,Benign,0.2987699508666992
Benign,Benign,0.39172622561454773
Benign,Benign,0.4508119225502014
Benign,Benign,0.07263436913490295
Benign,Benign,0.2144513577222824
Benign,Benign,0.3564402759075165
Benign,Benign,0.33850303292274475
Benign,Benign,0.1704024225473404
Benign,Benign,0.30765965580940247
Benign,Benign,0.19576221704483032
Benign,Benign,0.42522022128105164
Benign,Benign,0.32395315170288086
Benign,Benign,0.43162864446640015
Benign,Benign,0.3044208288192749
Benign,Benign,0.451790452003479
Benign,Benign,0.25417906045913696
Benign,Benign,0.03530590236186981
Benign,Benign,0.3164421021938324
Benign,Benign,0.1503271609544754
Benign,Benign,0.3157331347465515
Benign,Benign,0.39929577708244324
Benign,Benign,0.41935959458351135
Benign,Benign,0.33396774530410767
Benign,Benign,0.10751655697822571
Benign,Benign,0.3563130497932434
Benign,Benign,0.059883810579776764
Benign,Benign,0.08184606581926346
Benign,Benign,0.4497647285461426
Benign,Benign,0.3041416108608246
Benign,Benign,0.29918137192726135
Benign,Benign,0.39408472180366516
Benign,Benign,0.2708699405193329
Benign,Benign,0.4282456040382385
Benign,Benign,0.36478787660598755
Benign,Benign,0.37702080607414246
Benign,Benign,0.3226088285446167
Benign,Benign,0.03098827786743641
Benign,Benign,0.41408464312553406
Benign,Benign,0.4520307183265686
Benign,Benign,0.3198257088661194
Benign,Benign,0.27464160323143005
Benign,Benign,0.2670595943927765
Benign,Benign,0.3222842216491699
Benign,Benign,0.09657254070043564
Benign,Benign,0.3247189223766327
Benign,Benign,0.40888792276382446
Benign,Benign,0.35419678688049316
Benign,Benign,0.440765917301178
Benign,Benign,0.33389315009117126
Benign,Benign,0.27543574571609497
Benign,Benign,0.3929917514324188
Benign,Benign,0.17074602842330933
Benign,Benign,0.30768969655036926
Benign,Benign,0.3362501561641693
Benign,Benign,0.39600738883018494
Benign,Benign,0.3446443974971771
Benign,Benign,0.29736700654029846
Benign,Benign,0.42563384771347046
Benign,Benign,0.23623450100421906
Benign,Benign,0.24632136523723602
Benign,Benign,0.32606884837150574
Benign,Benign,0.06525696069002151
Benign,Benign,0.17477452754974365
Benign,Benign,0.15934783220291138
Benign,Benign,0.4452548623085022
Benign,Benign,0.3786481022834778
Benign,Benign,0.3879660665988922
Benign,Benign,0.3751711845397949
Benign,Benign,0.2777930498123169
Benign,Benign,0.4039003252983093
Benign,Benign,0.4517555832862854
Benign,Benign,0.31117331981658936
Benign,Benign,0.09021371603012085
Benign,Benign,0.37780526280403137
Benign,Benign,0.38478028774261475
Benign,Benign,0.4294901490211487
Benign,Benign,0.2947655916213989
Benign,Benign,0.45483991503715515
Benign,Benign,0.3037763833999634
Benign,Benign,0.05761424079537392
Benign,Benign,0.3327087163925171
Benign,Benign,0.3000834882259369
Benign,Benign,0.2994003891944885
Benign,Benign,0.35399526357650757
Benign,Benign,0.3011181950569153
Benign,Benign,6.975839641623574e-20
Benign,Benign,0.43341827392578125
Benign,Benign,0.3256106972694397
Benign,Benign,0.4682798385620117
Benign,Benign,0.32886675000190735
Benign,Benign,0.26755282282829285
Benign,Benign,0.057921480387449265
Benign,Benign,0.38416311144828796
Benign,Benign,0.3752081096172333
Benign,Benign,0.4626826345920563
Benign,Benign,0.2852281928062439
Benign,Benign,0.376291960477829
Benign,Benign,0.26865342259407043
Benign,Benign,0.44208064675331116
Benign,Benign,0.257951945066452
Benign,Benign,0.014863964170217514
Benign,Benign,0.3728824853897095
Benign,Benign,0.0560944564640522
Benign,Benign,0.4046157896518707
Benign,Benign,0.24392448365688324
Benign,Benign,0.3946191072463989
Benign,Benign,0.45500707626342773
Benign,Benign,0.39395391941070557
Benign,Benign,0.1191963329911232
Benign,Benign,0.27708402276039124
Benign,Benign,0.4219357371330261
Benign,Benign,0.40354442596435547
Benign,Benign,0.28187066316604614
Benign,Benign,0.3689105212688446
Benign,Benign,0.27168622612953186
Benign,Benign,0.4360988140106201
Benign,Benign,0.4338725209236145
Benign,Benign,0.33528146147727966
Benign,Benign,0.4765687584877014
Benign,Benign,0.35091355443000793
Benign,Benign,0.37851211428642273
Benign,Benign,0.38676831126213074
Benign,Benign,0.37951916456222534
Benign,Benign,0.24229510128498077
Benign,Benign,0.40722179412841797
Benign,Benign,0.3034183979034424
Benign,Benign,0.2561999559402466
Benign,Malicious,0.5786626935005188
Benign,Benign,0.3663705587387085
Benign,Benign,0.09690709412097931
Benign,Benign,0.35541027784347534
Benign,Benign,0.3703846335411072
Benign,Benign,0.37869709730148315
Benign,Benign,0.39459940791130066
Benign,Benign,0.4466114640235901
Benign,Benign,0.4468998610973358
Benign,Benign,0.08550315350294113
Benign,Benign,0.2898481488227844
Benign,Benign,0.2783225178718567
Benign,Benign,0.33162936568260193
Benign,Benign,0.36425653100013733
Benign,Benign,0.4189242720603943
Benign,Benign,0.24860887229442596
Benign,Benign,0.22293829917907715
Benign,Benign,0.09659111499786377
Benign,Benign,0.3058447241783142
Benign,Benign,0.20704185962677002
Benign,Benign,0.27816054224967957
Benign,Benign,0.3168720006942749
Benign,Benign,0.38508766889572144
Benign,Benign,0.39371222257614136
Benign,Benign,0.3116925060749054
Benign,Benign,0.32215026021003723
Benign,Benign,0.34607815742492676
Benign,Benign,0.44063517451286316
Benign,Benign,0.2703685462474823
Benign,Benign,0.35693150758743286
Benign,Benign,0.39061641693115234
Benign,Benign,0.3909702003002167
Benign,Benign,0.16704049706459045
Benign,Benign,0.06662642955780029
Benign,Benign,0.4276105761528015
Benign,Benign,0.39739471673965454
Benign,Benign,0.07645027339458466
Benign,Benign,0.31834641098976135
Benign,Benign,0.45700591802597046
Benign,Benign,0.4355286955833435
Benign,Benign,0.4050217270851135
Benign,Benign,0.37319183349609375
Benign,Benign,0.29947391152381897
Benign,Benign,0.306151419878006
Benign,Benign,0.4365186393260956
Benign,Benign,0.4693188965320587
Benign,Benign,0.44196459650993347
Benign,Benign,0.09807904809713364
Benign,Benign,0.2696245312690735
Benign,Benign,0.311410129070282
Benign,Benign,0.43865063786506653
Benign,Benign,0.2538110315799713
Benign,Benign,0.23017561435699463
Benign,Benign,0.3663599491119385
Benign,Benign,0.3424432873725891
Benign,Benign,0.08777902275323868
Benign,Benign,0.3601168990135193
Benign,Benign,0.3197477459907532
Benign,Benign,0.18638399243354797
Benign,Benign,0.3281301259994507
Benign,Benign,0.33874431252479553
Benign,Benign,0.30140870809555054
Benign,Benign,0.36289772391319275
Benign,Benign,0.45655980706214905
Benign,Benign,0.23021568357944489
Benign,Benign,0.3912229835987091
Benign,Benign,0.4497368037700653
Benign,Benign,0.32344990968704224
Benign,Benign,0.4620668888092041
Benign,Benign,0.35482731461524963
Benign,Benign,3.2019317367650242e-21
Benign,Benign,0.31407874822616577
Benign,Benign,0.4489288032054901
Benign,Benign,0.3493773341178894
Benign,Benign,0.2634072005748749
Benign,Benign,0.44534847140312195
Benign,Benign,0.2774786353111267
Benign,Benign,0.38373899459838867
Benign,Benign,0.3057767152786255
Benign,Benign,0.2828984260559082
Benign,Benign,0.33692267537117004
Benign,Benign,0.4603497385978699
Benign,Benign,0.30811524391174316
Benign,Benign,0.45086318254470825
Benign,Benign,0.2983401417732239
Benign,Benign,0.326027512550354
Benign,Benign,0.07551245391368866
Benign,Benign,0.4231310188770294
Benign,Benign,0.3551168739795685
Benign,Benign,0.4093877673149109
Benign,Benign,0.3727312386035919
Benign,Benign,0.05614277347922325
Benign,Benign,0.2691061198711395
Benign,Benign,0.40659478306770325
Benign,Benign,0.3257141709327698
Benign,Benign,0.0
Benign,Benign,0.22799251973628998
Benign,Benign,0.4139098525047302
Benign,Benign,0.2834814190864563
Benign,Benign,0.3036920130252838
Benign,Benign,0.38220205903053284
Benign,Benign,0.3842944800853729
Benign,Benign,0.4720683693885803
Benign,Benign,0.20426827669143677
Benign,Benign,0.4549907147884369
Benign,Benign,0.3660311698913574
Benign,Benign,0.07671789079904556
Benign,Benign,0.45683375000953674
Benign,Benign,0.45341286063194275
Benign,Benign,0.3704289495944977
Benign,Benign,0.36524495482444763
Benign,Benign,0.24049818515777588
Benign,Benign,0.3720017373561859
Benign,Benign,0.14470046758651733
Benign,Benign,0.3117927610874176
Benign,Benign,0.21478572487831116
Benign,Benign,1.3202851626651496e-14
Benign,Benign,0.2706455886363983
Benign,Benign,0.21331444382667542
Benign,Benign,0.029925258830189705
Benign,Benign,0.320671945810318
Benign,Benign,0.4793779253959656
Benign,Benign,0.4348754286766052
Benign,Benign,0.4189412295818329
Benign,Benign,0.4007205665111542
Benign,Benign,0.3384156823158264
Benign,Benign,0.4531858563423157
Benign,Benign,0.35295718908309937
Benign,Benign,0.39475858211517334
Benign,Benign,0.3249185383319855
Benign,Benign,0.32634788751602173
Benign,Benign,0.38016045093536377
Benign,Benign,0.29776710271835327
Benign,Benign,0.41074588894844055
Benign,Benign,0.07511624693870544
Benign,Benign,0.35748472809791565
Benign,Benign,0.41443392634391785
Benign,Benign,0.037446875125169754
Benign,Benign,0.3523366153240204
Benign,Benign,0.3807581961154938
Benign,Benign,0.30013078451156616
Benign,Benign,0.4589175581932068
Benign,Benign,0.33096015453338623
Benign,Benign,0.38207435607910156
Benign,Benign,0.08676823228597641
Benign,Benign,0.2750278115272522
Benign,Benign,0.07754456251859665
Benign,Benign,0.2596483528614044
Benign,Benign,0.4587199091911316
Benign,Benign,0.29103147983551025
Benign,Benign,0.4364822506904602
Benign,Benign,0.34588196873664856
Benign,Benign,0.13519345223903656
Benign,Benign,0.34220239520072937
Benign,Benign,0.33402299880981445
Benign,Benign,0.27733153104782104
Benign,Benign,0.22979463636875153
Benign,Benign,0.24540214240550995
Benign,Benign,0.4732968509197235
Benign,Benign,0.29818233847618103
Benign,Benign,0.25526297092437744
Benign,Benign,0.44583210349082947
Benign,Benign,0.2900746464729309
Benign,Benign,0.37637969851493835
Benign,Benign,0.4451548457145691
Benign,Benign,0.18714776635169983
Benign,Benign,0.36217010021209717
Benign,Benign,0.3596109449863434
Benign,Benign,0.34416404366493225
Benign,Benign,0.3150179386138916
Benign,Benign,0.3567517101764679
Benign,Benign,0.37952765822410583
Benign,Benign,0.2753336727619171
Benign,Benign,0.38700535893440247
Benign,Benign,0.38013678789138794
Benign,Benign,0.4609281122684479
Benign,Benign,0.17222145199775696
Benign,Benign,0.2910606265068054
Benign,Benign,0.4794192314147949
Benign,Benign,0.3816055357456207
Benign,Benign,0.3834121525287628
Benign,Benign,0.2057102471590042
Benign,Benign,0.4240560531616211
Benign,Benign,0.31226834654808044
Benign,Benign,0.2664625346660614
Benign,Benign,0.3280344605445862
Benign,Benign,0.26838546991348267
Benign,Benign,0.4161665439605713
Benign,Benign,0.3053773045539856
Benign,Benign,0.21490976214408875
Benign,Benign,0.29109901189804077
Benign,Benign,0.2654229998588562
Benign,Benign,0.13344156742095947
Benign,Benign,0.3390786647796631
Benign,Benign,0.3894581198692322
Benign,Benign,0.44959554076194763
Benign,Benign,0.39057204127311707
Benign,Benign,0.4251154363155365
Benign,Benign,0.29147666692733765
Benign,Benign,0.30057987570762634
Benign,Benign,0.0737350732088089
Benign,Benign,0.25938597321510315
Benign,Benign,0.35667335987091064
Benign,Benign,0.31923267245292664
Benign,Benign,0.07428741455078125
Benign,Benign,0.41266632080078125
Benign,Benign,0.3707733452320099
Benign,Benign,0.45147383213043213
Benign,Benign,0.3894174098968506
Benign,Benign,0.3926902413368225
Benign,Benign,0.3780229985713959
Benign,Benign,0.009233266115188599
Benign,Benign,0.3746379017829895
Benign,Benign,0.31298160552978516
Benign,Benign,0.0031551802530884743
Benign,Malicious,0.7543179392814636
Benign,Benign,0.11468889564275742
Benign,Benign,0.44948968291282654
Benign,Benign,0.39961498975753784
Benign,Benign,0.4276607036590576
Benign,Benign,0.42931878566741943
Benign,Benign,0.1546080857515335
Benign,Benign,0.08582357317209244
Benign,Benign,0.4466516375541687
Benign,Benign,0.27951541543006897
Benign,Benign,0.33650749921798706
Benign,Benign,0.05474133417010307
Benign,Benign,0.393591046333313
Benign,Benign,0.23089666664600372
Benign,Benign,0.2688625454902649
Benign,Benign,0.23906327784061432
Benign,Benign,0.07693708688020706
Benign,Benign,0.4449101686477661
Benign,Benign,0.011685729026794434
Benign,Benign,0.36446669697761536
Benign,Benign,0.26292693614959717
Benign,Benign,0.34018072485923767
Benign,Benign,0.3122245669364929
Benign,Benign,0.40450042486190796
Benign,Benign,0.4733670949935913
Benign,Benign,0.3472135365009308
Benign,Benign,0.3024654686450958
Benign,Benign,0.2222374528646469
Benign,Benign,0.08689989149570465
Benign,Benign,0.3132406771183014
Benign,Benign,0.45406606793403625
Benign,Benign,0.16945414245128632
Benign,Benign,0.21785776317119598
Benign,Benign,0.3998936116695404
Benign,Benign,0.18555192649364471
Benign,Benign,0.4137536287307739
Benign,Benign,0.38591820001602173
Benign,Benign,0.39062243700027466
Benign,Benign,0.4574325978755951
Benign,Benign,0.2358885109424591
Benign,Benign,0.38872411847114563
Benign,Benign,0.24521110951900482
Benign,Benign,0.30629962682724
Benign,Benign,0.2269117385149002
Benign,Benign,0.22601120173931122
Benign,Benign,0.043578095734119415
Benign,Benign,0.36007747054100037
Benign,Benign,0.38257962465286255
Benign,Benign,0.29667583107948303
Benign,Benign,0.43312060832977295
Benign,Benign,0.16373129189014435
Benign,Benign,0.07955289632081985
Benign,Benign,0.29453977942466736
Benign,Benign,0.3090417683124542
Benign,Benign,0.4591958224773407
Benign,Benign,0.3390043377876282
Benign,Benign,0.18437230587005615
Benign,Benign,0.38887614011764526
Benign,Benign,0.29750892519950867
Benign,Benign,0.3152164816856384
Benign,Benign,0.43818187713623047
Benign,Benign,0.4532049298286438
Benign,Benign,0.1881813108921051
Benign,Benign,0.2671121060848236
Benign,Benign,0.07024961709976196
Benign,Benign,0.2257545441389084
Benign,Benign,0.10984009504318237
Benign,Benign,0.29518669843673706
Benign,Benign,0.42134541273117065
Benign,Benign,0.21822158992290497
Benign,Benign,0.2771919071674347
Benign,Benign,0.3311748206615448
Benign,Benign,0.308268278837204
Benign,Benign,0.40155085921287537
Benign,Benign,0.38042834401130676
Benign,Benign,0.446017324924469
Benign,Benign,0.3746951222419739
Benign,Benign,0.04128456860780716
Benign,Benign,0.24562515318393707
Benign,Benign,0.3187938928604126
Benign,Benign,0.12604326009750366
Benign,Benign,0.2656683921813965
Benign,Benign,0.44304895401000977
Benign,Benign,0.4458374083042145
Benign,Benign,0.23220017552375793
Benign,Benign,0.16724319756031036
Benign,Benign,0.3437356948852539
Benign,Benign,0.2621789276599884
Benign,Benign,0.43164029717445374
Benign,Benign,0.25461727380752563
Benign,Benign,0.45564499497413635
Benign,Benign,0.12196908891201019
Benign,Benign,0.1340484321117401
Benign,Benign,0.3274586498737335
Benign,Benign,0.4252096712589264
Benign,Benign,0.416915625333786
Benign,Benign,0.4354966878890991
Benign,Benign,0.08273638784885406
Benign,Benign,0.3586816191673279
Benign,Benign,0.43891146779060364
Benign,Benign,0.17797771096229553
Benign,Benign,0.16788208484649658
Benign,Benign,0.3757133483886719
Benign,Benign,0.35946354269981384
Benign,Benign,0.1510181576013565
Benign,Benign,0.4011509120464325
Benign,Benign,0.3922111690044403
Benign,Benign,0.3631860017776489
Benign,Benign,0.16878189146518707
Benign,Benign,0.301430344581604
Benign,Benign,0.4603614807128906
Benign,Benign,0.42774417996406555
Benign,Benign,0.3028387129306793
Benign,Benign,0.4479691982269287
Benign,Benign,0.22585779428482056
Benign,Benign,0.32754427194595337
Benign,Benign,0.22860825061798096
Benign,Benign,0.3838040232658386
Benign,Benign,0.26372602581977844
Benign,Benign,0.2213255912065506
Benign,Benign,0.27071720361709595
Benign,Benign,0.4329017102718353
Benign,Benign,0.3829774856567383
Benign,Benign,0.031173521652817726
Benign,Benign,0.1916745901107788
Benign,Benign,0.16556677222251892
Benign,Benign,0.36158254742622375
Benign,Benign,0.3534857928752899
Benign,Benign,0.09281259030103683
Benign,Benign,0.29644447565078735
Benign,Benign,0.2463780790567398
Benign,Benign,0.4655023217201233
Benign,Benign,0.28720924258232117
Benign,Benign,0.20632308721542358
Benign,Benign,0.2678670585155487
Benign,Benign,0.34952324628829956
Benign,Benign,0.36561426520347595
Benign,Benign,0.46524569392204285
Benign,Benign,0.382913202047348
Benign,Benign,0.3516509234905243
Benign,Benign,0.33859971165657043
Benign,Benign,0.42786410450935364
Benign,Benign,0.2680242657661438
Benign,Benign,0.07232095301151276
Benign,Benign,0.3714003264904022
Benign,Benign,0.3023224174976349
Benign,Benign,0.3464868366718292
Benign,Benign,0.4158519506454468
Benign,Benign,0.4298957586288452
Benign,Benign,0.3922118544578552
Benign,Benign,0.2861137390136719
Benign,Benign,0.38869789242744446
Benign,Benign,0.16966885328292847
Benign,Benign,2.9665847161062663e-20
Benign,Benign,0.0772346705198288
Benign,Benign,0.10151523351669312
Benign,Benign,0.4243220388889313
Benign,Benign,0.35124945640563965
Benign,Benign,0.10417871177196503
Benign,Benign,0.41925087571144104
Benign,Benign,0.17674720287322998
Benign,Benign,0.40329769253730774
Benign,Benign,0.43848371505737305
Benign,Benign,0.4324510395526886
Benign,Benign,0.33973246812820435
Benign,Benign,0.36669284105300903
Benign,Benign,0.2561016082763672
Benign,Benign,0.21887175738811493
Benign,Malicious,0.990997850894928
Benign,Benign,0.44045957922935486
Benign,Benign,0.38305428624153137
Benign,Benign,0.20855778455734253
Benign,Benign,0.4477217495441437
Benign,Benign,0.26016873121261597
Benign,Benign,0.3927972912788391
Benign,Benign,0.42038798332214355
Benign,Benign,0.3794800043106079
Benign,Benign,0.39320138096809387
Benign,Benign,0.3021002411842346
Benign,Benign,0.26948079466819763
Benign,Benign,0.2740364074707031
Benign,Benign,0.4247131943702698
Benign,Benign,0.32062476873397827
Benign,Benign,0.4454267919063568
Benign,Benign,4.942257852433495e-19
Benign,Benign,0.3532465696334839
Benign,Benign,0.37769296765327454
Benign,Benign,0.2799839377403259
Benign,Benign,0.41188690066337585
Benign,Benign,0.3663623332977295
Benign,Benign,0.3491628170013428
Benign,Benign,0.15490297973155975
Benign,Benign,0.26866573095321655
Benign,Benign,0.3628093898296356
Benign,Benign,0.3182220458984375
Benign,Benign,0.24361169338226318
Benign,Benign,0.43820035457611084
Benign,Benign,0.41037511825561523
Benign,Benign,0.3848607540130615
Benign,Benign,0.4148981273174286
Benign,Benign,0.44746771454811096
Benign,Benign,0.2108788937330246
Benign,Benign,0.37180259823799133
Benign,Benign,0.27410343289375305
Benign,Benign,0.31584057211875916
Benign,Benign,0.3117406368255615
Benign,Benign,0.2638325095176697
Benign,Benign,0.230587899684906
Benign,Benign,0.42490339279174805
Benign,Benign,0.17972660064697266
Benign,Benign,0.330929696559906
Benign,Benign,0.31385618448257446
Benign,Benign,0.41241002082824707
Benign,Benign,0.22983282804489136
Benign,Benign,0.44269439578056335
Benign,Benign,0.3773598074913025
Benign,Benign,0.3299122452735901
Benign,Benign,0.29448217153549194
Benign,Benign,0.31046780943870544
Benign,Benign,0.3263300061225891
Benign,Benign,0.3533855676651001
Benign,Benign,0.4008544087409973
Benign,Benign,0.012952437624335289
Benign,Benign,0.404736191034317
Benign,Benign,0.4048822224140167
Benign,Benign,0.3367195427417755
Benign,Benign,0.44917032122612
Benign,Benign,0.41770291328430176
Benign,Benign,0.41925594210624695
Benign,Benign,0.05312952399253845
Benign,Benign,0.2680624723434448
Benign,Benign,0.41137751936912537
Benign,Benign,0.36404040455818176
Benign,Benign,0.30157068371772766
Benign,Benign,0.07600035518407822
Benign,Benign,0.3469591736793518
Benign,Benign,0.1651657670736313
Benign,Benign,0.41251882910728455
Benign,Benign,0.16483257710933685
Benign,Benign,0.3521330952644348
Benign,Benign,0.4141377806663513
Benign,Benign,0.4323020875453949
Benign,Benign,0.16133156418800354
Benign,Benign,0.22731183469295502
Benign,Benign,0.40734338760375977
Benign,Benign,0.30379268527030945
Benign,Benign,0.4572315216064453
Benign,Benign,0.23608779907226562
Benign,Benign,0.4594371020793915
Benign,Benign,0.3921310007572174
Benign,Benign,0.3194981515407562
Benign,Benign,0.2521611154079437
Benign,Benign,0.37273290753364563
Benign,Benign,0.42270493507385254
Benign,Benign,0.3818710148334503
Benign,Benign,0.42076483368873596
Benign,Benign,0.4496784508228302
Benign,Benign,0.31317898631095886
Benign,Benign,0.30613818764686584
Benign,Benign,0.30320918560028076
Benign,Benign,0.34538498520851135
Benign,Benign,0.2881438434123993
Benign,Benign,0.41713327169418335
Benign,Benign,0.27087804675102234
Benign,Benign,0.3184168040752411
Benign,Benign,0.43793898820877075
Benign,Benign,0.42694592475891113
Benign,Benign,0.18231408298015594
Benign,Benign,0.3202577233314514
Benign,Benign,0.4378775358200073
Benign,Benign,0.3764612376689911
Benign,Benign,0.2631615102291107
Benign,Benign,0.22790443897247314
Benign,Benign,1.5432399891953004e-14
Benign,Benign,0.4454600512981415
Benign,Benign,0.4443889856338501
Benign,Benign,0.38344207406044006
Benign,Benign,0.3123564124107361
Benign,Benign,0.3478969931602478
Benign,Benign,0.4368704557418823
Benign,Benign,0.421466588973999
Benign,Benign,0.4450002908706665
Benign,Benign,0.435560941696167
Benign,Benign,0.4360656142234802
Benign,Benign,0.4131428003311157
Benign,Benign,0.2632529139518738
Benign,Benign,0.38476336002349854
Benign,Benign,0.32819026708602905
Benign,Benign,0.051103536039590836
Benign,Benign,0.44469109177589417
Benign,Benign,0.4157969057559967
Benign,Benign,0.24588288366794586
Benign,Benign,0.20192378759384155
Benign,Benign,0.32132580876350403
Benign,Benign,0.3834388554096222
Benign,Malicious,0.9878199100494385
Benign,Benign,0.23077502846717834
Benign,Benign,0.3314301669597626
Benign,Benign,0.3805352449417114
Benign,Benign,0.45110568404197693
Benign,Benign,0.24885617196559906
Benign,Benign,0.3554435074329376
Benign,Benign,0.359882116317749
Benign,Benign,0.3680041432380676
Benign,Benign,0.38392287492752075
Benign,Benign,0.26228174567222595
Benign,Benign,0.44954124093055725
Benign,Benign,0.11456771194934845
Benign,Benign,0.2678694427013397
Benign,Benign,0.36088865995407104
Benign,Benign,0.3526763617992401
Benign,Benign,0.07039770483970642
Benign,Benign,0.4236140251159668
Benign,Benign,0.23018194735050201
Benign,Benign,0.3041153848171234
Benign,Benign,0.3818257451057434
Benign,Benign,0.3162935972213745
Benign,Benign,6.205744184859508e-19
Benign,Benign,0.2887271046638489
Benign,Benign,0.16880328953266144
Benign,Benign,0.3745330572128296
Benign,Benign,0.35697710514068604
Benign,Benign,0.26074016094207764
Benign,Benign,0.2367682009935379
Benign,Benign,0.27223265171051025
Benign,Benign,0.38039639592170715
Benign,Benign,0.2603394687175751
Benign,Benign,0.4155110716819763
Benign,Benign,0.37235450744628906
Benign,Benign,0.35776621103286743
Benign,Benign,0.2639007270336151
Benign,Benign,0.16678814589977264
Benign,Benign,0.06197735667228699
Benign,Benign,0.308430552482605
Benign,Benign,0.22908765077590942
Benign,Malicious,0.5154526829719543
Benign,Benign,0.43027040362358093
Benign,Benign,0.10652686655521393
Benign,Benign,0.06444977968931198
Benign,Benign,0.218735933303833
Benign,Benign,0.3371521234512329
Benign,Benign,0.2966267764568329
Benign,Benign,0.27939844131469727
Benign,Benign,0.3638857901096344
Benign,Benign,0.34375134110450745
Benign,Benign,0.453970730304718
Benign,Benign,0.29217228293418884
Benign,Benign,0.19158390164375305
Benign,Benign,0.0570540614426136
Benign,Benign,0.34772682189941406
Benign,Benign,0.32485899329185486
Benign,Benign,0.26598384976387024
Benign,Benign,0.09649147838354111
Benign,Benign,0.06750688701868057
Benign,Benign,0.32716861367225647
Benign,Benign,0.05843578651547432
Benign,Benign,0.3184131681919098
Benign,Benign,0.3983425796031952
Benign,Benign,0.3336756229400635
Benign,Benign,0.14964823424816132
Benign,Benign,0.18554198741912842
Benign,Benign,0.4777703285217285
Benign,Benign,0.4396759867668152
Benign,Benign,0.4838036894798279
Benign,Benign,0.39992624521255493
Benign,Benign,0.4452056884765625
Benign,Benign,0.37546876072883606
Benign,Benign,0.17085996270179749
Benign,Benign,0.4637422263622284
Benign,Benign,0.3176000714302063
Benign,Benign,0.32843831181526184
Benign,Benign,0.03901747241616249
Benign,Benign,0.39862850308418274
Benign,Benign,0.2697051465511322
Benign,Benign,0.26898685097694397
Benign,Benign,0.38355496525764465
Benign,Benign,0.26963216066360474
Benign,Benign,0.37378573417663574
Benign,Benign,0.4177480638027191
Benign,Benign,0.273837149143219
Benign,Benign,0.39094051718711853
Benign,Benign,0.3847033977508545
Benign,Benign,0.31254830956459045
Benign,Benign,0.31063970923423767
Benign,Benign,0.2688772678375244
Benign,Benign,0.36602675914764404
Benign,Benign,0.3590477406978607
Benign,Benign,0.07615061104297638
Benign,Benign,0.40370646119117737
Benign,Benign,0.40870174765586853
Benign,Benign,0.4022984802722931
Benign,Benign,0.4614914357662201
Benign,Benign,0.3171229660511017
Benign,Benign,0.33985722064971924
Benign,Benign,0.4077996015548706
Benign,Benign,0.4414384961128235
Benign,Benign,0.2738814651966095
Benign,Benign,0.412794291973114
Benign,Benign,0.4115462899208069
Benign,Benign,0.43899592757225037
Benign,Benign,0.3479786515235901
Benign,Benign,0.3191348612308502
Benign,Benign,0.36017751693725586
Benign,Benign,0.37398219108581543
Benign,Benign,0.3668558895587921
Benign,Benign,0.4121659994125366
Benign,Benign,0.4079486131668091
Benign,Benign,0.36949458718299866
Benign,Benign,0.016213158145546913
Benign,Benign,0.44587841629981995
Benign,Benign,0.40788403153419495
Benign,Benign,0.4617554545402527
Benign,Benign,0.4298352301120758
Benign,Benign,0.3607370853424072
Benign,Benign,0.36746326088905334
Benign,Benign,0.2996070981025696
Benign,Benign,0.2703453302383423
Benign,Benign,0.3105691075325012
Benign,Benign,0.33333703875541687
Benign,Benign,0.4568063020706177
Benign,Benign,0.4716561734676361
Benign,Benign,0.28858494758605957
Benign,Benign,0.07425615191459656
Benign,Benign,0.30356326699256897
Benign,Benign,0.31940218806266785
Benign,Benign,0.35602185130119324
Benign,Benign,0.42652180790901184
Benign,Benign,0.17982126772403717
Benign,Benign,0.4469430446624756
Benign,Benign,0.28084245324134827
Benign,Benign,0.35625481605529785
Benign,Benign,0.30299028754234314
Benign,Benign,0.20729252696037292
Benign,Benign,0.429158091545105
Benign,Benign,0.2697961926460266
Benign,Benign,0.4058287441730499
Benign,Benign,0.38477933406829834
Benign,Benign,0.34861108660697937
Benign,Benign,0.26741352677345276
Benign,Benign,0.36437126994132996
Benign,Benign,0.1959095597267151
Benign,Benign,0.18581655621528625
Benign,Benign,0.1891971230506897
Benign,Benign,0.030470585450530052
Benign,Benign,0.424461305141449
Benign,Benign,0.2397211641073227
Benign,Benign,0.24257241189479828
Benign,Benign,0.3416427671909332
Benign,Benign,0.31046703457832336
Benign,Benign,0.09051632136106491
Benign,Benign,0.3793395161628723
Benign,Benign,0.4487015902996063
Benign,Benign,0.23968032002449036
Benign,Benign,0.3123522102832794
Benign,Benign,0.4290001392364502
Benign,Benign,0.38068294525146484
Benign,Benign,0.31676480174064636
Benign,Benign,0.24941301345825195
Benign,Benign,0.20441529154777527
Benign,Benign,0.36679404973983765
Benign,Benign,0.3540283143520355
Benign,Benign,0.3509746491909027
Benign,Benign,0.304177850484848
Benign,Benign,0.38598448038101196
Benign,Benign,0.32551291584968567
Benign,Benign,0.37132570147514343
Benign,Benign,0.1956959068775177
Benign,Benign,0.08218386769294739
Benign,Benign,0.46889886260032654
Benign,Benign,0.07373221963644028
Benign,Benign,0.3272511959075928
Benign,Benign,0.08848591148853302
Benign,Benign,0.37118440866470337
Benign,Benign,0.25891411304473877
Benign,Benign,0.32104620337486267
Benign,Benign,0.28043535351753235
Benign,Benign,0.2670447826385498
Benign,Benign,0.3445827066898346
Benign,Benign,0.4548291265964508
Benign,Benign,0.43201979994773865
Benign,Benign,0.400403767824173
Benign,Benign,0.27799519896507263
Benign,Benign,0.4656252861022949
Benign,Benign,0.36905765533447266
Benign,Benign,0.1410697102546692
Benign,Benign,0.3964574635028839
Benign,Benign,0.02946437895298004
Benign,Benign,0.188672736287117
Benign,Benign,0.4437286853790283
Benign,Benign,0.24221983551979065
Benign,Benign,0.41780051589012146
Benign,Benign,0.2867675721645355
Benign,Benign,0.296401709318161
Benign,Benign,0.3980199694633484
Benign,Benign,0.38972973823547363
Benign,Benign,0.02879400923848152
Benign,Benign,0.327951580286026
Benign,Benign,0.07528296113014221
Benign,Benign,0.38085994124412537
Benign,Benign,0.37902864813804626
Benign,Benign,0.3809352517127991
Benign,Benign,0.30479133129119873
Benign,Benign,0.29471004009246826
Benign,Benign,0.2824958562850952
Benign,Benign,0.4131147563457489
Benign,Benign,0.30016040802001953
Benign,Benign,0.23790809512138367
Benign,Benign,0.3111140727996826
Benign,Benign,0.4478115737438202
Benign,Benign,0.3680505156517029
Benign,Benign,0.3526492118835449
Benign,Benign,0.14090125262737274
Benign,Benign,0.3049907684326172
Benign,Benign,0.44227999448776245
Benign,Benign,0.3150377571582794
Benign,Benign,0.26874488592147827
Benign,Benign,0.44648879766464233
Benign,Benign,0.23101596534252167
Benign,Benign,0.43541285395622253
Benign,Benign,0.06687585264444351
Benign,Benign,0.3677079379558563
Benign,Malicious,0.9818060994148254
Benign,Benign,0.38095390796661377
Benign,Benign,0.37819769978523254
Benign,Benign,0.30936259031295776
Benign,Benign,0.4277692437171936
Benign,Benign,0.28570079803466797
Benign,Benign,0.11170288920402527
Benign,Benign,0.34682267904281616
Benign,Benign,0.01267313677817583
Benign,Benign,0.331307590007782
Benign,Benign,0.4463862180709839
Benign,Benign,0.3054632246494293
Benign,Benign,0.4534582197666168
Benign,Benign,0.4257093369960785
Benign,Benign,0.3463822603225708
Benign,Benign,0.33590224385261536
Benign,Benign,0.36352142691612244
Benign,Benign,0.447683185338974
Benign,Benign,0.3227183520793915
Benign,Benign,0.043052561581134796
Benign,Benign,0.22714418172836304
Benign,Benign,0.13940487802028656
Benign,Benign,0.40673211216926575
Benign,Benign,0.28659114241600037
Benign,Benign,0.30531343817710876
Benign,Benign,0.3215307593345642
Benign,Benign,0.26307180523872375
Benign,Benign,0.33048826456069946
Benign,Benign,0.4517935812473297
Benign,Benign,0.3341003954410553
Benign,Benign,0.27676519751548767
Benign,Benign,0.43824660778045654
Benign,Benign,0.16242177784442902
Benign,Benign,0.2370629757642746
Benign,Benign,0.3264850080013275
Benign,Benign,0.44140419363975525
Benign,Benign,0.263699471950531
Benign,Benign,0.22257667779922485
Benign,Benign,0.07091383635997772
Benign,Benign,0.2665309011936188
Benign,Benign,0.43487271666526794
Benign,Benign,0.2751840054988861
Benign,Benign,0.28125643730163574
Benign,Benign,0.2634885013103485
Benign,Benign,0.38865506649017334
Benign,Benign,0.131774440407753
Benign,Benign,0.3841317296028137
Benign,Malicious,0.9808434247970581
Benign,Benign,0.3010011911392212
Benign,Benign,0.4520016610622406
Benign,Benign,0.34692463278770447
Benign,Benign,0.4040614366531372
Benign,Benign,0.14688953757286072
Benign,Benign,0.3603520095348358
Benign,Benign,0.37947171926498413
Benign,Benign,0.42114904522895813
Benign,Benign,0.39767512679100037
Benign,Benign,0.43133506178855896
Benign,Benign,0.22809749841690063
Benign,Benign,0.30555570125579834
Benign,Benign,0.22746942937374115
Benign,Benign,0.3911950886249542
Benign,Benign,0.317611962556839
Benign,Benign,0.4507656693458557
Benign,Benign,0.25319311022758484
Benign,Benign,0.29937171936035156
Benign,Benign,0.3950725793838501
Benign,Benign,0.3203043043613434
Benign,Benign,0.42790690064430237
Benign,Benign,0.4444006681442261
Benign,Benign,0.3754589855670929
Benign,Benign,0.4571056067943573
Benign,Benign,0.19561022520065308
Benign,Benign,0.4609672725200653
Benign,Benign,0.313297837972641
Benign,Benign,0.2435000091791153
Benign,Benign,0.41919973492622375
Benign,Benign,0.3263079524040222
Benign,Benign,0.22823145985603333
Benign,Benign,0.2248035967350006
Benign,Benign,0.3615175783634186
Benign,Benign,0.1694546639919281
Benign,Benign,0.2083963006734848
Benign,Benign,0.24516643583774567
Benign,Benign,0.307942658662796
Benign,Benign,0.23855549097061157
Benign,Benign,0.2186053842306137
Benign,Benign,0.2878628373146057
Benign,Benign,0.07661459594964981
Benign,Benign,0.4282000958919525
Benign,Benign,0.4944210350513458
Benign,Benign,0.34564825892448425
Benign,Benign,0.2086746096611023
Benign,Benign,0.3749179542064667
Benign,Benign,0.31263789534568787
Benign,Benign,0.2765375077724457
Benign,Benign,0.43604400753974915
Benign,Benign,0.27691665291786194
Benign,Benign,0.396617591381073
Benign,Benign,0.3845776915550232
Benign,Benign,0.3207815885543823
Benign,Benign,0.18117332458496094
Benign,Benign,0.3805050551891327
Benign,Benign,0.27253323793411255
Benign,Malicious,0.9877190589904785
Benign,Benign,0.31460484862327576
Benign,Benign,0.3183780014514923
Benign,Benign,0.2914499342441559
Benign,Benign,0.22727839648723602
Benign,Benign,0.45116469264030457
Benign,Benign,0.4352859854698181
Benign,Benign,0.3598349690437317
Benign,Benign,0.35807234048843384
Benign,Benign,0.31929725408554077
Benign,Benign,0.2355576455593109
Benign,Benign,0.44074639678001404
Benign,Benign,0.17330054938793182
Benign,Benign,0.3793722093105316
Benign,Benign,0.3084605634212494
Benign,Benign,0.3838352859020233
Benign,Benign,0.3015674948692322
Benign,Benign,0.2797774076461792
Benign,Malicious,0.9826805591583252
Benign,Benign,0.47224244475364685
Benign,Benign,0.31887921690940857
Benign,Benign,0.30516496300697327
Benign,Benign,0.39631474018096924
Benign,Benign,0.44452813267707825
Benign,Benign,0.3116055130958557
Benign,Benign,0.17375655472278595
Benign,Benign,0.3742337226867676
Benign,Benign,0.15469001233577728
Benign,Benign,0.300216943025589
Benign,Benign,0.4005173444747925
Benign,Benign,0.21216003596782684
Benign,Benign,0.25405970215797424
Benign,Benign,0.3825591504573822
Benign,Benign,0.31274986267089844
Benign,Benign,0.07198941707611084
Benign,Benign,0.26079273223876953
Benign,Benign,0.4015751779079437
Benign,Benign,0.37117594480514526
Benign,Benign,0.4494505524635315
Benign,Benign,0.4352608323097229
Benign,Benign,0.2619538903236389
Benign,Benign,0.4120701849460602
Benign,Benign,0.2955634295940399
Benign,Benign,0.23053514957427979
Benign,Benign,0.2284180074930191
Benign,Benign,0.23212751746177673
Benign,Benign,0.30466413497924805
Benign,Benign,0.4977458715438843
Benign,Benign,0.3080626130104065
Benign,Benign,0.3697240352630615
Benign,Benign,0.24884332716464996
Benign,Benign,0.20674213767051697
Benign,Benign,0.28160446882247925
Benign,Benign,0.31273406744003296
Benign,Benign,0.34808552265167236
Benign,Benign,0.2625797986984253
Benign,Benign,0.43450692296028137
Benign,Benign,0.2807673513889313
Benign,Benign,0.40804412961006165
Benign,Benign,0.42522069811820984
Benign,Benign,0.1890702247619629
Benign,Benign,0.39504995942115784
Benign,Benign,0.3632277846336365
Benign,Benign,0.3351464569568634
Benign,Benign,0.4001748561859131
Benign,Benign,0.3595842123031616
Benign,Benign,0.37961456179618835
Benign,Benign,0.0019978550262749195
Benign,Benign,0.43879905343055725
Benign,Benign,0.3736420273780823
Benign,Benign,0.19871404767036438
Benign,Benign,0.4121737778186798
Benign,Benign,0.41116586327552795
Benign,Benign,0.37029314041137695
Benign,Benign,0.3961120545864105
Benign,Benign,0.35396263003349304
Benign,Benign,0.39558467268943787
Benign,Benign,0.1754097193479538
Benign,Benign,0.30671852827072144
Benign,Benign,0.05834595486521721
Benign,Benign,0.4706626236438751
Benign,Benign,0.4306611716747284
Benign,Benign,0.26727572083473206
Benign,Benign,1.917739571110774e-20
Benign,Benign,0.34897980093955994
Benign,Benign,0.3626953661441803
Benign,Benign,0.42675137519836426
Benign,Benign,0.4043349027633667
Benign,Benign,0.14211784303188324
Benign,Benign,0.2145606279373169
Benign,Benign,0.3839479386806488
Benign,Benign,0.45394596457481384
Benign,Benign,0.3940885663032532
Benign,Benign,0.25893038511276245
Benign,Benign,0.2544366717338562
Benign,Benign,0.4570096731185913
Benign,Benign,0.31528306007385254
Benign,Benign,0.3084546625614166
Benign,Benign,0.37821847200393677
Benign,Benign,0.388042688369751
Benign,Benign,0.15077370405197144
Benign,Benign,0.21826957166194916
Benign,Benign,0.09946323186159134
Benign,Benign,0.3341156542301178
Benign,Benign,0.32833150029182434
Benign,Benign,0.28029865026474
Benign,Benign,0.36019137501716614
Benign,Benign,0.3464846909046173
Benign,Benign,0.013370317406952381
Benign,Benign,0.01669898070394993
Benign,Benign,0.33551353216171265
Benign,Benign,0.4492495656013489
Benign,Benign,0.2613140642642975
Benign,Benign,0.3709106147289276
Benign,Benign,0.18587370216846466
Benign,Benign,0.321871817111969
Benign,Benign,0.02020077593624592
Benign,Benign,0.2044048011302948
Benign,Benign,0.4418930411338806
Benign,Benign,0.41149288415908813
Benign,Benign,0.43236756324768066
Benign,Benign,0.35806387662887573
Benign,Benign,0.2641371488571167
Benign,Benign,0.3761843144893646
Benign,Benign,0.32772666215896606
Benign,Benign,0.3112569749355316
Benign,Benign,0.31541725993156433
Benign,Benign,0.31991899013519287
Benign,Benign,0.45149868726730347
Benign,Benign,0.391480952501297
Benign,Benign,0.002953874645754695
Benign,Benign,0.32265326380729675
Benign,Benign,0.4350951015949249
Benign,Benign,0.3485702574253082
Benign,Benign,0.2332916259765625
Benign,Benign,0.08932960778474808
Benign,Benign,0.29402849078178406
Benign,Benign,0.23146618902683258
Benign,Benign,0.37636151909828186
Benign,Benign,0.4071177542209625
Benign,Benign,0.3522145748138428
Benign,Benign,0.37048840522766113
Benign,Benign,0.19148734211921692
Benign,Benign,0.3463592231273651
Benign,Benign,0.4358067512512207
Benign,Benign,0.324500173330307
Benign,Benign,0.36098963022232056
Benign,Benign,0.26457005739212036
Benign,Benign,0.36478254199028015
Benign,Benign,0.2521502375602722
Benign,Benign,0.266243040561676
Benign,Benign,0.33725959062576294
Benign,Benign,0.3597102463245392
Benign,Benign,0.2790772616863251
Benign,Benign,0.3641951084136963
Benign,Benign,0.014468982815742493
Benign,Benign,0.36890968680381775
Benign,Benign,0.266704261302948
Benign,Benign,0.3954782485961914
Benign,Benign,0.31860339641571045
Benign,Benign,0.291655570268631
Benign,Benign,0.282061368227005
Benign,Benign,0.2581371068954468
Benign,Benign,0.1346610188484192
Benign,Benign,0.1818675845861435
Benign,Benign,0.37727975845336914
Benign,Benign,0.31529128551483154
Benign,Benign,0.24022553861141205
Benign,Benign,0.3138188421726227
Benign,Benign,0.32129549980163574
Benign,Benign,0.2942388951778412
Benign,Benign,0.1793295294046402
Benign,Benign,0.3179056942462921
Benign,Benign,0.29390469193458557
Benign,Benign,0.17329910397529602
Benign,Benign,0.27339744567871094
Benign,Benign,0.3117505609989166
Benign,Benign,0.3890136182308197
Benign,Benign,0.3667823076248169
Benign,Benign,0.25616776943206787
Benign,Benign,0.2818661630153656
Benign,Benign,0.4334261417388916
Benign,Benign,0.3298904299736023
Benign,Benign,0.34699541330337524
Benign,Benign,0.3921978175640106
Benign,Benign,0.46127766370773315
Benign,Benign,0.26896238327026367
Benign,Benign,0.21185752749443054
Benign,Benign,0.40285608172416687
Benign,Benign,0.33898842334747314
Benign,Benign,0.2965058386325836
Benign,Benign,0.4013112187385559
Benign,Benign,0.20223520696163177
Benign,Benign,0.10233079642057419
Benign,Benign,0.2714160978794098
Benign,Benign,0.18790015578269958
Benign,Benign,0.3790976107120514
Benign,Benign,0.3940383493900299
Benign,Benign,0.2635730504989624
Benign,Benign,0.14088545739650726
Benign,Benign,0.32127657532691956
Benign,Benign,0.4480365812778473
Benign,Benign,0.3231472969055176
Benign,Benign,0.3140200674533844
Benign,Benign,0.2989461123943329
Benign,Benign,0.4047643542289734
Benign,Benign,0.4413452744483948
Benign,Benign,0.10496103763580322
Benign,Benign,0.24604950845241547
Benign,Benign,0.23249024152755737
Benign,Benign,0.2020607441663742
Benign,Benign,0.33039334416389465
Benign,Benign,0.24889877438545227
Benign,Benign,0.28297898173332214
Benign,Benign,0.05921704322099686
Benign,Benign,0.3207664489746094
Benign,Benign,0.21573656797409058
Benign,Benign,0.2971307635307312
Benign,Benign,0.30906492471694946
Benign,Benign,0.3227832317352295
Benign,Benign,0.42900246381759644
Benign,Benign,0.3934418261051178
Benign,Benign,0.38221144676208496
Benign,Benign,0.1045287624001503
Benign,Benign,0.35392507910728455
Benign,Benign,0.32976222038269043
Benign,Benign,0.4750320613384247
Benign,Benign,0.2975219488143921
Benign,Benign,0.38940563797950745
Benign,Benign,0.32154592871665955
Benign,Benign,0.21544049680233002
Benign,Benign,0.3306906521320343
Benign,Benign,0.38281533122062683
Benign,Benign,0.34419217705726624
Benign,Benign,0.38330528140068054
Benign,Benign,0.3892156481742859
Benign,Benign,0.13210323452949524
Benign,Benign,0.331969678401947
Benign,Benign,0.3567916452884674
Benign,Benign,0.40894100069999695
Benign,Malicious,0.9937673211097717
Benign,Benign,0.35415735840797424
Benign,Benign,0.3638031482696533
Benign,Benign,0.35831838846206665
Benign,Benign,0.3478056490421295
Benign,Benign,0.3603686988353729
Benign,Benign,0.2005571871995926
Benign,Benign,0.06669808179140091
Benign,Benign,0.1416349560022354
Benign,Benign,0.3803519308567047
Benign,Benign,0.17864114046096802
Benign,Benign,0.1858559101819992
Benign,Benign,0.17258845269680023
Benign,Benign,0.1985960602760315
Benign,Benign,0.05962986871600151
Benign,Benign,0.37991687655448914
Benign,Benign,0.26340311765670776
Benign,Benign,0.26492902636528015
Benign,Benign,0.06685764342546463
Benign,Benign,0.3037128746509552
Benign,Benign,0.37567198276519775
Benign,Benign,0.4141753017902374
Benign,Benign,0.06359671801328659
Benign,Benign,0.2977093756198883
Benign,Benign,0.2858045697212219
Benign,Benign,0.3204083740711212
Benign,Benign,0.35034388303756714
Benign,Benign,0.3292538523674011
Benign,Benign,0.2993314862251282
Benign,Benign,0.3447185754776001
Benign,Benign,0.30711233615875244
Benign,Benign,0.2711520791053772
Benign,Benign,0.4485521912574768
Benign,Benign,0.3806428015232086
Benign,Benign,0.39721280336380005
Benign,Benign,0.30327582359313965
Benign,Benign,0.3409871757030487
Benign,Benign,0.25670838356018066
Benign,Benign,0.30788883566856384
Benign,Benign,0.17529946565628052
Benign,Benign,0.32065847516059875
Benign,Benign,0.36917755007743835
Benign,Benign,8.693835612759392e-20
Benign,Benign,0.05642794072628021
Benign,Benign,0.2746664583683014
Benign,Benign,0.3394373059272766
Benign,Benign,0.31924694776535034
Benign,Benign,0.4125574827194214
Benign,Benign,0.3031075596809387
Benign,Benign,0.16968055069446564
Benign,Benign,0.2307998538017273
Benign,Benign,0.4107063114643097
Benign,Benign,0.3746871054172516
Benign,Benign,0.3064057528972626
Benign,Benign,0.4044326841831207
Benign,Benign,0.3490952253341675
Benign,Benign,0.24496391415596008
Benign,Benign,0.41530394554138184
Benign,Benign,0.29922839999198914
Benign,Benign,0.3859764039516449
Benign,Benign,0.43007004261016846
Benign,Benign,0.4126474857330322
Benign,Benign,0.3593519926071167
Benign,Benign,0.03638036549091339
Benign,Benign,0.32828351855278015
Benign,Benign,0.276823490858078
Benign,Benign,0.40714871883392334
Benign,Benign,0.4194453954696655
Benign,Benign,0.44858217239379883
Benign,Benign,0.41118577122688293
Benign,Benign,0.260824590921402
Benign,Benign,0.15320926904678345
Benign,Benign,0.31656506657600403
Benign,Benign,0.42295292019844055
Benign,Benign,0.18386800587177277
Benign,Benign,0.18745002150535583
Benign,Benign,0.2793639302253723
Benign,Benign,0.33766284584999084
Benign,Benign,0.2547057271003723
Benign,Benign,0.35057690739631653
Benign,Benign,0.25126680731773376
Benign,Benign,0.384748250246048
Benign,Benign,0.2110808789730072
Benign,Benign,0.1814730018377304
Benign,Benign,0.31941646337509155
Benign,Benign,0.22371846437454224
Benign,Benign,0.13737225532531738
Benign,Benign,0.3878138065338135
Benign,Benign,0.31900301575660706
Benign,Benign,0.40458282828330994
Benign,Benign,0.42019057273864746
Benign,Benign,0.2708018124103546
Benign,Benign,0.10137302428483963
Benign,Benign,0.03116304986178875
Benign,Benign,0.4215119779109955
Benign,Benign,0.4038834869861603
Benign,Benign,0.26367926597595215
Benign,Benign,0.44428643584251404
Benign,Benign,0.3521382808685303
Benign,Benign,0.37191757559776306
Benign,Benign,0.422056645154953
Benign,Benign,0.20768393576145172
Benign,Benign,0.011966687627136707
Benign,Benign,0.41225677728652954
Benign,Benign,0.3769766390323639
Benign,Benign,0.278921514749527
Benign,Benign,0.23002658784389496
Benign,Benign,0.3380278944969177
Benign,Benign,0.3339576721191406
Benign,Benign,0.4251532256603241
Benign,Benign,0.2584904432296753
Benign,Benign,0.39473089575767517
Benign,Benign,0.4383656978607178
Benign,Benign,0.3599019944667816
Benign,Benign,0.48764047026634216
Benign,Benign,0.40371814370155334
Benign,Benign,0.00398273766040802
Benign,Benign,0.09055177867412567
Benign,Benign,0.4199482500553131
Benign,Benign,0.14424221217632294
Benign,Benign,0.019446760416030884
Benign,Benign,0.2591306269168854
Benign,Benign,0.43269890546798706
Benign,Benign,0.4097895622253418
Benign,Benign,0.36977365612983704
Benign,Benign,0.21244114637374878
Benign,Benign,0.3826742470264435
Benign,Benign,0.24739515781402588
Benign,Benign,0.2733277380466461
Benign,Benign,0.4479452073574066
Benign,Benign,0.3790072500705719
Benign,Benign,0.47117143869400024
Benign,Benign,0.2177630364894867
Benign,Benign,0.37620532512664795
Benign,Benign,0.1790979653596878
Benign,Benign,0.44933122396469116
Benign,Benign,0.28740885853767395
Benign,Benign,0.10318873822689056
Benign,Benign,0.32480233907699585
Benign,Benign,0.4667714536190033
Benign,Benign,0.3050592839717865
Benign,Benign,0.3481960594654083
Benign,Benign,0.35512834787368774
Benign,Benign,0.06636928766965866
Benign,Benign,0.031077884137630463
Benign,Benign,0.35397768020629883
Benign,Benign,0.40089112520217896
Benign,Benign,0.18129320442676544
Benign,Benign,0.3582339584827423
Benign,Benign,0.29255470633506775
Benign,Benign,0.2707587778568268
Benign,Benign,0.47377923130989075
Benign,Benign,0.33590081334114075
Benign,Benign,0.42983654141426086
Benign,Benign,0.3790062367916107
Benign,Benign,0.1919889748096466
Benign,Benign,0.2416478842496872
Benign,Benign,0.20049138367176056
Benign,Benign,0.3112213909626007
Benign,Benign,0.3831557035446167
Benign,Benign,0.4528883099555969
Benign,Benign,0.43635931611061096
Benign,Benign,0.46367689967155457
Benign,Benign,0.4479973018169403
Benign,Benign,0.1955944001674652
Benign,Benign,0.26582714915275574
Benign,Benign,0.25162649154663086
Benign,Benign,0.3555336892604828
Benign,Benign,0.4391360580921173
Benign,Benign,0.3695155084133148
Benign,Benign,0.32359227538108826
Benign,Benign,0.4349587857723236
Benign,Benign,0.3769424855709076
Benign,Benign,0.1952381283044815
Benign,Benign,0.40579986572265625
Benign,Malicious,0.9820894598960876
Benign,Benign,0.04612095654010773
Benign,Benign,0.3132935166358948
Benign,Benign,0.14166612923145294
Benign,Benign,0.27077367901802063
Benign,Benign,0.2704998850822449
Benign,Benign,0.4195031225681305
Benign,Benign,0.16475869715213776
Benign,Benign,0.4341144263744354
Benign,Benign,0.4307593107223511
Benign,Benign,0.17863477766513824
Benign,Benign,0.05766645073890686
Benign,Benign,0.3068147897720337
Benign,Benign,0.17568343877792358
Benign,Benign,0.4201222062110901
Benign,Benign,0.38519060611724854
Benign,Benign,0.395822137594223
Benign,Benign,0.2798987627029419
Benign,Benign,0.0965619832277298
Benign,Benign,0.26234322786331177
Benign,Benign,0.28592967987060547
Benign,Benign,0.44937029480934143
Benign,Benign,0.3633122146129608
Benign,Benign,0.4136837422847748
Benign,Benign,0.41841432452201843
Benign,Benign,0.2862795293331146
Benign,Benign,0.3323862850666046
Benign,Benign,0.3742724657058716
Benign,Benign,0.2806413173675537
Benign,Benign,0.2411075383424759
Benign,Benign,5.466281940364667e-19
Benign,Benign,0.17091351747512817
Benign,Benign,0.3347010016441345
Benign,Benign,0.3718312084674835
Benign,Benign,0.31401440501213074
Benign,Benign,0.494599312543869
Benign,Benign,0.414978563785553
Benign,Benign,0.1310957372188568
Benign,Benign,3.3560345963107297e-19
Benign,Benign,0.14891968667507172
Benign,Benign,0.35545024275779724
Benign,Benign,0.4463311433792114
Benign,Benign,0.42905956506729126
Benign,Benign,0.276279091835022
Benign,Benign,0.4467969536781311
Benign,Benign,0.336184024810791
Benign,Benign,0.21728701889514923
Benign,Benign,0.20145496726036072
Benign,Benign,0.4137619435787201
Benign,Benign,0.3033817708492279
Benign,Benign,0.36598092317581177
Benign,Benign,0.38663220405578613
Benign,Benign,0.4453650414943695
Benign,Benign,0.17251475155353546
Benign,Benign,0.20197321474552155
Benign,Benign,0.4139154255390167
Benign,Benign,0.30736464262008667
Benign,Benign,0.40563786029815674
Benign,Benign,0.4139617681503296
Benign,Benign,0.1732551008462906
Benign,Benign,0.45828375220298767
Benign,Benign,0.2625182867050171
Benign,Benign,0.2394820600748062
Benign,Benign,0.340035617351532
Benign,Benign,0.3405497670173645
Benign,Benign,0.42633524537086487
Benign,Benign,0.2935493290424347
Benign,Benign,0.2352074682712555
Benign,Benign,0.35302481055259705
Benign,Benign,0.38735562562942505
Benign,Benign,0.2860102951526642
Benign,Benign,0.27944856882095337
Benign,Benign,0.3857269883155823
Benign,Benign,0.3779984712600708
Benign,Benign,0.3213917016983032
Benign,Benign,0.013191189616918564
Benign,Benign,0.18832311034202576
Benign,Benign,0.2579563856124878
Benign,Benign,0.17394661903381348
Benign,Benign,0.3061271905899048
Benign,Benign,0.37003907561302185
Benign,Benign,0.2933044135570526
Benign,Benign,0.44765806198120117
Benign,Benign,0.2646416127681732
Benign,Benign,0.22997643053531647
Benign,Benign,0.28070294857025146
Benign,Benign,0.26465660333633423
Benign,Benign,0.44967278838157654
Benign,Benign,0.0
Benign,Benign,0.15557916462421417
Benign,Benign,0.24409376084804535
Benign,Benign,0.2637656033039093
Benign,Benign,0.41026443243026733
Benign,Benign,0.3166680634021759
Benign,Benign,0.173482283949852
Benign,Benign,0.448777437210083
Benign,Benign,0.31435826420783997
Benign,Benign,0.31747376918792725
Benign,Benign,0.23216286301612854
Benign,Benign,0.37865638732910156
Benign,Benign,0.30894070863723755
Benign,Benign,0.3622952103614807
Benign,Benign,0.33044299483299255
Benign,Benign,0.41877928376197815
Benign,Benign,0.20942094922065735
Benign,Benign,0.2790597379207611
Benign,Benign,0.3051920235157013
Benign,Benign,0.3881685137748718
Benign,Benign,0.36029288172721863
Benign,Benign,0.3391270339488983
Benign,Benign,0.3177594840526581
Benign,Benign,0.306640625
Benign,Benign,0.39586320519447327
Benign,Benign,0.4064931869506836
Benign,Benign,0.43710407614707947
Benign,Benign,0.38370823860168457
Benign,Benign,0.3346862196922302
Benign,Benign,0.28057974576950073
Benign,Benign,0.31379279494285583
Benign,Benign,0.2845260202884674
Benign,Benign,0.3797381520271301
Benign,Benign,0.03937558829784393
Benign,Benign,0.3167037069797516
Benign,Benign,0.332354873418808
Benign,Benign,0.383701890707016
Benign,Benign,0.390331894159317
Benign,Benign,0.4472816586494446
Benign,Benign,0.2892902195453644
Benign,Benign,0.2566910684108734
Benign,Benign,0.48699405789375305
Benign,Benign,0.28763848543167114
Benign,Benign,0.17094869911670685
Benign,Benign,0.22869929671287537
Benign,Benign,0.4448968470096588
Benign,Benign,0.3548610508441925
Benign,Benign,0.2991068363189697
Benign,Malicious,0.6733859181404114
Benign,Benign,0.43989381194114685
Benign,Benign,0.36069461703300476
Benign,Benign,0.3802489638328552
Benign,Benign,0.19479070603847504
Benign,Benign,0.37351101636886597
Benign,Benign,0.3834369480609894
Benign,Benign,0.2997279763221741
Benign,Benign,0.021566281095147133
Benign,Benign,0.3374519646167755
Benign,Benign,0.26286497712135315
Benign,Benign,0.3971405029296875
Benign,Benign,2.450834857681326e-20
Benign,Benign,0.19498667120933533
Benign,Benign,0.11526615172624588
Benign,Benign,0.32521137595176697
Benign,Benign,0.29031190276145935
Benign,Benign,0.3125515580177307
Benign,Benign,0.44353100657463074
Benign,Benign,0.47575193643569946
Benign,Benign,0.09619753807783127
Benign,Benign,0.3297150731086731
Benign,Benign,0.1598561853170395
Benign,Benign,0.38630375266075134
Benign,Benign,0.1740170568227768
Benign,Benign,0.24511630833148956
Benign,Benign,0.05499504134058952
Benign,Benign,0.460691899061203
Benign,Benign,0.15469396114349365
Benign,Benign,0.4498576819896698
Benign,Benign,0.40619584918022156
Benign,Benign,0.4445510804653168
Benign,Benign,0.38614481687545776
Benign,Benign,0.3814257085323334
Benign,Benign,0.31965136528015137
Benign,Benign,0.29264548420906067
Benign,Benign,0.425717294216156
Benign,Benign,0.32390984892845154
Benign,Benign,0.2968326807022095
Benign,Benign,0.305904358625412
Benign,Benign,0.12827584147453308
Benign,Benign,0.3241701126098633
Benign,Benign,0.4988504946231842
Benign,Benign,0.3423883616924286
Benign,Benign,0.3261314332485199
Benign,Benign,0.4266343116760254
Benign,Benign,0.31211167573928833
Benign,Benign,0.3869643211364746
Benign,Benign,0.1136985644698143
Benign,Benign,0.37979599833488464
Benign,Benign,0.4585861563682556
Benign,Benign,0.24977584183216095
Benign,Benign,0.351896196603775
Benign,Benign,0.31156158447265625
Benign,Benign,0.32715681195259094
Benign,Benign,0.1786574274301529
Benign,Benign,0.3259997069835663
Benign,Benign,0.4038333296775818
Benign,Benign,0.41740190982818604
Benign,Benign,0.4068297743797302
Benign,Benign,0.3902033269405365
Benign,Benign,0.36077049374580383
Benign,Benign,0.3060922622680664
Benign,Benign,0.4359080195426941
Benign,Benign,0.3321264088153839
Benign,Benign,0.4452519714832306
Benign,Benign,0.3603619635105133
Benign,Benign,0.3883333206176758
Benign,Benign,0.14738167822360992
Benign,Benign,0.4410700500011444
Benign,Benign,0.1827271729707718
Benign,Benign,0.26304614543914795
Benign,Benign,0.4163177013397217
Benign,Benign,0.31350380182266235
Benign,Benign,0.37807512283325195
Benign,Benign,0.3638908565044403
Benign,Benign,0.3750576078891754
Benign,Benign,0.25059378147125244
Benign,Benign,0.19960510730743408
Benign,Benign,0.3999549150466919
Benign,Benign,0.2976112961769104
Benign,Benign,0.3335226774215698
Benign,Benign,0.2596223056316376
Benign,Benign,0.275501012802124
Benign,Benign,0.37572774291038513
Benign,Benign,0.44784480333328247
Benign,Benign,0.17215822637081146
Benign,Benign,0.2665485739707947
Benign,Benign,0.4180835485458374
Benign,Benign,0.2733587920665741
Benign,Benign,0.20213332772254944
Benign,Benign,0.34078311920166016
Benign,Benign,0.4523232877254486
Benign,Benign,0.3350312411785126
Benign,Benign,0.06587500870227814
Benign,Benign,0.3150135576725006
Benign,Benign,0.39288395643234253
Benign,Benign,0.47392910718917847
Benign,Benign,0.44756531715393066
Benign,Benign,0.17457157373428345
Benign,Benign,0.20421499013900757
Benign,Benign,0.16503466665744781
Benign,Benign,0.26254647970199585
Benign,Benign,0.2636685371398926
Benign,Benign,0.2705851197242737
Benign,Benign,0.38492918014526367
Benign,Benign,0.4269139766693115
Benign,Benign,0.16339130699634552
Benign,Benign,0.39284747838974
Benign,Benign,0.4944990277290344
Benign,Benign,0.2921142876148224
Benign,Benign,0.4101918637752533
Benign,Benign,0.28023073077201843
Benign,Benign,0.4268015921115875
Benign,Benign,0.18874044716358185
Benign,Benign,0.38015905022621155
Benign,Benign,0.271345853805542
Benign,Benign,0.3985147476196289
Benign,Benign,0.32898807525634766
Benign,Benign,0.4117819368839264
Benign,Benign,0.4620514512062073
Benign,Benign,0.4581097662448883
Benign,Benign,0.23782071471214294
Benign,Benign,0.41970106959342957
Benign,Benign,0.3796420991420746
Benign,Benign,0.45021453499794006
Benign,Benign,0.10777343064546585
Benign,Benign,0.3314301669597626
Benign,Benign,0.43844494223594666
Benign,Benign,0.29339125752449036
Benign,Benign,0.37424659729003906
Benign,Benign,0.24664147198200226
Benign,Benign,0.26924198865890503
Benign,Benign,0.33455565571784973
Benign,Benign,0.3260039687156677
Benign,Benign,0.2998242974281311
Benign,Benign,0.3743930459022522
Benign,Benign,0.36868640780448914
Benign,Benign,0.31890571117401123
Benign,Benign,0.3125477135181427
Benign,Benign,0.16830208897590637
Benign,Benign,0.3683358430862427
Benign,Benign,0.07769834250211716
Benign,Benign,0.39775851368904114
Benign,Benign,0.3049032986164093
Benign,Benign,0.4984464645385742
Benign,Benign,0.1226227656006813
Benign,Benign,0.34074538946151733
Benign,Benign,0.07342077791690826
Benign,Benign,0.26680684089660645
Benign,Benign,0.32937830686569214
Benign,Benign,0.4116634428501129
Benign,Benign,0.2870028018951416
Benign,Benign,0.03422066941857338
Benign,Benign,0.032404039055109024
Benign,Benign,0.1611212193965912
Benign,Benign,0.137660413980484
Benign,Benign,0.4173659682273865
Benign,Benign,0.4541952610015869
Benign,Benign,0.2657411992549896
Benign,Benign,0.2972502112388611
Benign,Benign,0.3053978681564331
Benign,Benign,0.2688239514827728
Benign,Benign,0.4237329661846161
Benign,Benign,0.30967557430267334
Benign,Benign,0.18123917281627655
Benign,Benign,0.3077452778816223
Benign,Benign,0.1576826125383377
Benign,Benign,0.01889287494122982
Benign,Benign,0.43539392948150635
Benign,Benign,0.381046324968338
Benign,Benign,0.061789751052856445
Benign,Benign,0.06554371118545532
Benign,Benign,0.19737608730793
Benign,Benign,0.44588205218315125
Benign,Benign,0.4605141878128052
Benign,Benign,0.09782298654317856
Benign,Benign,0.2185286283493042
Benign,Benign,0.38834771513938904
Benign,Benign,0.3289879858493805
Benign,Benign,0.030262097716331482
Benign,Benign,0.4285888373851776
Benign,Benign,0.007383041549474001
Benign,Benign,0.33149823546409607
Benign,Benign,0.38511377573013306
Benign,Benign,0.3698427081108093
Benign,Benign,0.3654923141002655
Benign,Benign,0.37052324414253235
Benign,Benign,0.07510985434055328
Benign,Benign,0.4176720678806305
Benign,Benign,0.24776801466941833
Benign,Benign,0.292018324136734
Benign,Benign,0.3995245397090912
Benign,Benign,0.36693549156188965
Benign,Benign,0.11072142422199249
Benign,Benign,0.2267616242170334
Benign,Benign,1.9555186222084328e-20
Benign,Benign,0.3236887454986572
Benign,Benign,0.2757313549518585
Benign,Benign,0.3120134472846985
Benign,Benign,0.4579471945762634
Benign,Benign,0.28259098529815674
Benign,Benign,0.2910560667514801
Benign,Benign,0.35183313488960266
Benign,Benign,0.299875408411026
Benign,Benign,0.45416805148124695
Benign,Benign,0.17869360744953156
Benign,Benign,0.33288660645484924
Benign,Benign,0.3438587784767151
Benign,Benign,0.2964506447315216
Benign,Benign,0.2562873363494873
Benign,Benign,0.4620940089225769
Benign,Benign,0.2789704203605652
Benign,Benign,0.38096922636032104
Benign,Benign,0.18204684555530548
Benign,Benign,0.3157166540622711
Benign,Benign,0.37314027547836304
Benign,Benign,0.27478936314582825
Benign,Benign,0.2676391303539276
Benign,Benign,0.41041597723960876
Benign,Benign,0.4067130982875824
Benign,Benign,0.42099136114120483
Benign,Benign,0.0355595164000988
Benign,Benign,0.44130685925483704
Benign,Benign,0.12121078372001648
Benign,Benign,0.27650853991508484
Benign,Benign,0.1963246911764145
Benign,Benign,0.24925212562084198
Benign,Benign,0.270628958940506
Benign,Benign,0.4371787905693054
Benign,Benign,0.4490251839160919
Benign,Benign,0.31921884417533875
Benign,Benign,0.43546062707901
Benign,Benign,0.27814775705337524
Benign,Benign,0.3068545460700989
Benign,Benign,0.2995252013206482
Benign,Benign,0.4041130840778351
Benign,Benign,0.3075646162033081
Benign,Benign,0.20050248503684998
Benign,Benign,0.32702943682670593
Benign,Benign,0.3970682919025421
Benign,Benign,0.39200353622436523
Benign,Benign,0.379251629114151
Benign,Benign,0.1975155621767044
Benign,Benign,0.23641832172870636
Benign,Benign,0.24615652859210968
Benign,Benign,0.36129552125930786
Benign,Benign,0.4242556095123291
Benign,Benign,0.34429046511650085
Benign,Benign,0.4107707142829895
Benign,Benign,0.0283226165920496
Benign,Benign,0.39243191480636597
Benign,Benign,0.08744452893733978
Benign,Benign,0.11397058516740799
Benign,Benign,0.4082792103290558
Benign,Benign,0.42538997530937195
Benign,Benign,0.034039366990327835
Benign,Benign,0.3865625560283661
Benign,Benign,0.41778913140296936
Benign,Benign,0.26995596289634705
Benign,Benign,0.25891953706741333
Benign,Benign,0.2644162178039551
Benign,Benign,0.1912929266691208
Benign,Benign,0.3232812285423279
Benign,Benign,0.4490681290626526
Benign,Benign,0.0957423746585846
Benign,Benign,0.02568719908595085
Benign,Benign,0.22554680705070496
Benign,Benign,0.24860265851020813
Benign,Benign,0.3059481680393219
Benign,Benign,0.24665671586990356
Benign,Benign,0.4170662462711334
Benign,Benign,0.32974570989608765
Benign,Benign,0.45722997188568115
Benign,Benign,0.001521207159385085
Benign,Benign,0.3526373505592346
Benign,Benign,0.26631560921669006
Benign,Benign,0.27744996547698975
Benign,Benign,0.26937994360923767
Benign,Benign,0.34761467576026917
Benign,Benign,0.31343746185302734
Benign,Benign,0.4159163534641266
Benign,Benign,0.3543056547641754
Benign,Benign,0.321161150932312
Benign,Benign,0.37565985321998596
Benign,Benign,0.13663418591022491
Benign,Benign,0.27200600504875183
Benign,Benign,0.4163166284561157
Benign,Benign,0.2211715131998062
Benign,Benign,0.3996673822402954
Benign,Benign,0.33210691809654236
Benign,Benign,0.42674556374549866
Benign,Benign,0.41369685530662537
Benign,Benign,0.2576134502887726
Benign,Benign,0.2679242193698883
Benign,Benign,0.3692606985569
Benign,Benign,0.23149360716342926
Benign,Malicious,0.6069421768188477
Benign,Benign,0.29428696632385254
Benign,Benign,0.4489670991897583
Benign,Benign,0.3998030722141266
Benign,Benign,0.14339551329612732
Benign,Benign,0.4138774871826172
Benign,Benign,0.451347291469574
Benign,Benign,0.3704972267150879
Benign,Benign,0.3466421663761139
Benign,Benign,0.13747575879096985
Benign,Benign,0.38448086380958557
Benign,Benign,0.05465665087103844
Benign,Benign,0.31835290789604187
Benign,Benign,0.4219515025615692
Benign,Benign,0.3964937925338745
Benign,Benign,0.43848124146461487
Benign,Benign,0.3095158338546753
Benign,Benign,0.2614753842353821
Benign,Benign,0.2570091784000397
Benign,Benign,0.4204140901565552
Benign,Benign,0.3139948546886444
Benign,Benign,0.436189204454422
Benign,Benign,0.08807051926851273
Benign,Benign,0.3258190155029297
Benign,Benign,0.3892768919467926
Benign,Benign,0.33513161540031433
Benign,Benign,0.06595376878976822
Benign,Benign,0.1375122368335724
Benign,Benign,0.3207813501358032
Benign,Benign,0.1375330090522766
Benign,Malicious,0.9913560748100281
Benign,Benign,0.34290754795074463
Benign,Benign,0.3907318413257599
Benign,Benign,0.40753769874572754
Benign,Benign,0.18165002763271332
Benign,Benign,0.28652897477149963
Benign,Benign,0.4514854848384857
Benign,Benign,0.19826239347457886
Benign,Benign,0.2669212520122528
Benign,Benign,0.39413562417030334
Benign,Benign,0.4605635106563568
Benign,Benign,0.3446323275566101
Benign,Benign,0.422190397977829
Benign,Benign,0.417652428150177
Benign,Benign,0.08215426653623581
Benign,Benign,0.4247509837150574
Benign,Benign,0.20194685459136963
Benign,Benign,0.38080573081970215
Benign,Benign,0.2540101706981659
Benign,Benign,0.33920252323150635
Benign,Benign,0.42000100016593933
Benign,Benign,0.17897161841392517
Benign,Benign,0.29875874519348145
Benign,Benign,0.07135166972875595
Benign,Benign,0.4190440773963928
Benign,Benign,0.311555951833725
Benign,Benign,0.4532108008861542
Benign,Benign,0.30337539315223694
Benign,Benign,0.07812090218067169
Benign,Benign,0.20059150457382202
Benign,Benign,0.32494813203811646
Benign,Benign,0.47008147835731506
Benign,Benign,0.4307321310043335
Benign,Benign,0.36524543166160583
Benign,Benign,0.3572697937488556
Benign,Benign,0.34524449706077576
Benign,Benign,0.37472906708717346
Benign,Benign,0.3792363703250885
Benign,Benign,0.3244994878768921
Benign,Benign,0.3336133062839508
Benign,Benign,0.15841583907604218
Benign,Benign,0.3117550313472748
Benign,Benign,0.28105053305625916
Benign,Benign,0.20166528224945068
Benign,Benign,0.3119640648365021
Benign,Benign,0.3124232292175293
Benign,Benign,0.34358423948287964
Benign,Benign,0.3795936405658722
Benign,Benign,0.32136425375938416
Benign,Benign,0.466891348361969
Benign,Benign,0.273923397064209
Benign,Benign,2.187314016891398e-20
Benign,Benign,0.3309932053089142
Benign,Benign,0.24352388083934784
Benign,Benign,0.40329888463020325
Benign,Benign,0.29236555099487305
Benign,Benign,0.21246777474880219
Benign,Benign,0.3614562153816223
Benign,Benign,0.3898037075996399
Benign,Benign,0.2917144298553467
Benign,Benign,0.4046880602836609
Benign,Benign,0.3437558114528656
Benign,Benign,0.19346393644809723
Benign,Benign,0.35312381386756897
Benign,Benign,0.3665851652622223
Benign,Benign,0.3261946141719818
Benign,Benign,0.35454633831977844
Benign,Benign,0.05372588708996773
Benign,Benign,0.29847946763038635
Benign,Benign,0.3059154748916626
Benign,Benign,0.26528817415237427
Benign,Benign,0.37631839513778687
Benign,Benign,0.19814515113830566
Benign,Benign,0.17333243787288666
Benign,Benign,0.34570109844207764
Benign,Benign,0.4226756989955902
Benign,Benign,0.35066816210746765
Benign,Benign,0.2860693037509918
Benign,Benign,0.396003395318985
Benign,Benign,0.18602818250656128
Benign,Benign,0.4478010833263397
Benign,Benign,0.42097434401512146
Benign,Benign,0.42256808280944824
Benign,Benign,0.03925139829516411
Benign,Benign,0.42593345046043396
Benign,Benign,0.22124221920967102
Benign,Benign,0.14474022388458252
Benign,Benign,0.371165931224823
Benign,Benign,0.41582855582237244
Benign,Benign,0.0024700486101210117
Benign,Benign,0.17205755412578583
Benign,Benign,0.2616315186023712
Benign,Benign,0.36750441789627075
Benign,Benign,0.1985580325126648
Benign,Benign,0.4307454228401184
Benign,Benign,0.3660386800765991
Benign,Benign,0.43081754446029663
Benign,Benign,0.4508027136325836
Benign,Benign,0.2774750590324402
Benign,Benign,0.2811949849128723
Benign,Benign,0.26477232575416565
Benign,Benign,0.26864397525787354
Benign,Benign,0.34188687801361084
Benign,Benign,0.4361627995967865
Benign,Benign,0.41778498888015747
Benign,Benign,0.2044924795627594
Benign,Benign,7.461794203356131e-12
Benign,Benign,0.45401281118392944
Benign,Benign,0.31073328852653503
Benign,Benign,0.33641692996025085
Benign,Benign,0.447780579328537
Benign,Benign,0.30193182826042175
Benign,Benign,0.2638236880302429
Benign,Benign,0.3886578381061554
Benign,Benign,0.2338644415140152
Benign,Benign,0.4505031108856201
Benign,Benign,0.21479740738868713
Benign,Benign,0.3840980529785156
Benign,Benign,0.46286311745643616
Benign,Benign,0.3951045870780945
Benign,Benign,0.3921201229095459
Benign,Benign,0.26447543501853943
Benign,Benign,0.3344530165195465
Benign,Benign,0.19515016674995422
Benign,Benign,0.32629239559173584
Benign,Benign,0.3053478002548218
Benign,Benign,0.009326022118330002
Benign,Benign,0.34931260347366333
Benign,Benign,0.36231333017349243
Benign,Benign,0.2746199667453766
Benign,Benign,0.13181336224079132
Benign,Benign,0.38736671209335327
Benign,Benign,0.39874589443206787
Benign,Benign,0.300189346075058
Benign,Benign,0.42420342564582825
Benign,Benign,0.34905457496643066
Benign,Benign,0.3909083306789398
Benign,Benign,0.45424336194992065
Benign,Benign,0.3742915391921997
Benign,Benign,0.33422309160232544
Benign,Benign,0.400367796421051
Benign,Benign,0.34072330594062805
Benign,Benign,0.4909626841545105
Benign,Benign,0.3020763397216797
Benign,Benign,0.001330158207565546
Benign,Benign,0.14680767059326172
Benign,Benign,0.4297143518924713
Benign,Benign,0.4917251169681549
Benign,Benign,0.031235618516802788
Benign,Benign,0.21577005088329315
Benign,Benign,0.23216266930103302
Benign,Benign,0.3792620897293091
Benign,Benign,0.008211519569158554
Benign,Benign,6.409307517495126e-20
Benign,Benign,0.2619222402572632
Benign,Benign,0.231415256857872
Benign,Benign,0.45949214696884155
Benign,Benign,0.1466921716928482
Benign,Benign,0.32046690583229065
Benign,Benign,0.3371211588382721
Benign,Benign,0.37184327840805054
Benign,Benign,0.3745177686214447
Benign,Benign,0.22386419773101807
Benign,Benign,0.4236479103565216
Benign,Benign,0.3124261498451233
Benign,Benign,0.31632041931152344
Benign,Benign,0.49591851234436035
Benign,Benign,0.41183286905288696
Benign,Benign,0.3331461250782013
Benign,Benign,0.4621676206588745
Benign,Benign,0.26566192507743835
Benign,Benign,0.4017210602760315
Benign,Benign,0.4524580240249634
Benign,Benign,0.3925340473651886
Benign,Benign,0.43025586009025574
Benign,Benign,0.3857032358646393
Benign,Benign,0.4103451073169708
Benign,Benign,0.30191177129745483
Benign,Benign,0.44096091389656067
Benign,Benign,0.0029051359742879868
Benign,Benign,0.4458428621292114
Benign,Benign,0.456723153591156
Benign,Benign,0.37707406282424927
Benign,Benign,0.257079541683197
Benign,Benign,0.298120379447937
Benign,Benign,0.3704327344894409
Benign,Malicious,0.9669924974441528
Benign,Benign,0.4066271483898163
Benign,Benign,0.07476217299699783
Benign,Benign,0.060512807220220566
Benign,Benign,0.32163411378860474
Benign,Benign,0.24174346029758453
Benign,Benign,0.3936811089515686
Benign,Benign,0.42896103858947754
Benign,Benign,0.32258978486061096
Benign,Benign,0.3628097176551819
Benign,Benign,0.17663440108299255
Benign,Benign,0.33679741621017456
Benign,Benign,0.17549611628055573
Benign,Benign,0.23745815455913544
Benign,Malicious,0.9951715469360352
Benign,Benign,0.21062226593494415
Benign,Benign,0.4183819591999054
Benign,Benign,0.3255160450935364
Benign,Benign,0.19856584072113037
Benign,Benign,0.4087662398815155
Benign,Benign,0.4139198362827301
Benign,Benign,0.24494293332099915
Benign,Benign,0.31612589955329895
Benign,Benign,0.33770036697387695
Benign,Benign,0.3295518159866333
Benign,Benign,0.3908970355987549
Benign,Benign,0.3439626097679138
Benign,Benign,0.16607269644737244
Benign,Benign,0.4286303222179413
Benign,Benign,0.2989415228366852
Benign,Benign,0.2595515549182892
Benign,Benign,0.1978655606508255
Benign,Benign,0.31970033049583435
Benign,Benign,0.3213125467300415
Benign,Benign,0.30404752492904663
Benign,Benign,0.3053934574127197
Benign,Benign,0.3204438388347626
Benign,Benign,0.20644652843475342
Benign,Benign,0.44402050971984863
Benign,Benign,0.4108939468860626
Benign,Benign,0.253196656703949
Benign,Benign,0.2540492117404938
Benign,Benign,0.3273490071296692
Benign,Benign,0.44613122940063477
Benign,Benign,0.24914827942848206
Benign,Benign,0.45779815316200256
Benign,Malicious,0.6562485694885254
Benign,Benign,0.35549935698509216
Benign,Benign,0.0
Benign,Benign,0.3873208165168762
Benign,Benign,0.4363611042499542
Benign,Benign,0.2605777382850647
Benign,Benign,0.44144922494888306
Benign,Benign,0.2772534489631653
Benign,Benign,0.39253297448158264
Benign,Benign,0.3861769139766693
Benign,Benign,0.3826664388179779
Benign,Benign,0.17389994859695435
Benign,Benign,0.27790823578834534
Benign,Benign,0.1755027174949646
Benign,Benign,0.28410252928733826
Benign,Benign,0.41412556171417236
Benign,Benign,0.23348741233348846
Benign,Benign,0.2545590400695801
Benign,Benign,0.22685261070728302
Benign,Benign,0.2730533480644226
Benign,Benign,0.3526259660720825
Benign,Benign,0.0013396781869232655
Benign,Benign,0.34102609753608704
Benign,Benign,0.14884072542190552
Benign,Benign,0.28033164143562317
Benign,Benign,0.18651512265205383
Benign,Benign,0.3879430294036865
Benign,Benign,0.3272576928138733
Benign,Benign,0.3486873507499695
Benign,Benign,0.32001134753227234
Benign,Benign,0.12734024226665497
Benign,Benign,0.36832261085510254
Benign,Benign,0.26885920763015747
Benign,Benign,0.28162285685539246
Benign,Benign,0.31596532464027405
Benign,Benign,0.25799888372421265
Benign,Benign,0.3356691896915436
Benign,Benign,0.3368043303489685
Benign,Benign,0.2753019332885742
Benign,Benign,0.2638840675354004
Benign,Benign,0.3996405601501465
Benign,Benign,0.26156187057495117
Benign,Benign,0.31557273864746094
Benign,Benign,0.4475442171096802
Benign,Benign,0.3339139223098755
Benign,Benign,0.3111149072647095
Benign,Benign,0.4460625648498535
Benign,Benign,0.34252676367759705
Benign,Benign,0.30735188722610474
Benign,Benign,0.4390093684196472
Benign,Benign,0.20359088480472565
Benign,Benign,0.49724888801574707
Benign,Benign,0.41091322898864746
Benign,Benign,0.3440609574317932
Benign,Benign,0.3347903788089752
Benign,Benign,0.15364697575569153
Benign,Benign,0.38021010160446167
Benign,Benign,0.19780467450618744
Benign,Benign,0.30950412154197693
Benign,Benign,0.26793035864830017
Benign,Benign,0.4141124486923218
Benign,Benign,0.29490578174591064
Benign,Benign,0.28509339690208435
Benign,Benign,0.38625699281692505
Benign,Benign,0.4663299024105072
Benign,Benign,0.44790834188461304
Benign,Benign,0.23049390316009521
Benign,Benign,0.2623545229434967
Benign,Benign,0.48112019896507263
Benign,Benign,0.3478253185749054
Benign,Benign,0.4438730776309967
Benign,Benign,0.3467086851596832
Benign,Benign,0.2699224352836609
Benign,Benign,0.4399895966053009
Benign,Benign,0.2743479311466217
Benign,Benign,0.0596822127699852
Benign,Benign,0.4154382348060608
Benign,Benign,0.263756662607193
Benign,Benign,0.38061949610710144
Benign,Benign,0.4433293342590332
Benign,Benign,0.4382596015930176
Benign,Benign,0.4309591054916382
Benign,Benign,0.43160876631736755
Benign,Benign,0.2070697844028473
Benign,Benign,0.40620583295822144
Benign,Benign,0.3387201726436615
Benign,Benign,0.3700730502605438
Benign,Benign,0.42927056550979614
Benign,Benign,0.2603711187839508
Benign,Benign,0.20926405489444733
Benign,Benign,0.24372629821300507
Benign,Benign,0.3658212423324585
Benign,Benign,0.3092985451221466
Benign,Benign,0.43509694933891296
Benign,Benign,0.4466460049152374
Benign,Benign,0.3770199120044708
Benign,Benign,0.38718876242637634
Benign,Benign,0.31381991505622864
Benign,Benign,0.027428019791841507
Benign,Benign,0.4263416826725006
Benign,Benign,0.35373303294181824
Benign,Benign,0.3648626208305359
Benign,Benign,0.2068280428647995
Benign,Benign,0.28395316004753113
Benign,Benign,0.02536236122250557
Benign,Benign,0.42521902918815613
Benign,Benign,0.407025009393692
Benign,Benign,0.45134690403938293
Benign,Benign,0.42508262395858765
Benign,Benign,0.28965258598327637
Benign,Benign,0.33412081003189087
Benign,Benign,0.342451810836792
Benign,Benign,0.34421783685684204
Benign,Benign,0.4560755789279938
Benign,Benign,0.26953911781311035
Benign,Benign,0.1854763627052307
Benign,Benign,0.12791115045547485
Benign,Benign,0.4594924747943878
Benign,Benign,0.3157366216182709
Benign,Benign,0.3458232879638672
Benign,Benign,0.30673712491989136
Benign,Benign,0.34101802110671997
Benign,Benign,0.014549696817994118
Benign,Benign,0.36398205161094666
Benign,Benign,0.19548900425434113
Benign,Benign,0.44502341747283936
Benign,Benign,0.4038637578487396
Benign,Benign,0.41597023606300354
Benign,Benign,0.31370463967323303
Benign,Benign,0.2927795350551605
Benign,Benign,0.37320125102996826
Benign,Benign,0.3207794427871704
Benign,Benign,0.308540016412735
Benign,Benign,0.1940983384847641
Benign,Benign,0.44857552647590637
Benign,Benign,0.34153151512145996
Benign,Benign,0.3598369359970093
Benign,Benign,0.31518346071243286
Benign,Benign,0.09272411465644836
Benign,Benign,0.3579797148704529
Benign,Benign,0.37485548853874207
Benign,Benign,0.356657475233078
Benign,Benign,0.2692222595214844
Benign,Benign,0.19651122391223907
Benign,Benign,0.39344552159309387
Benign,Benign,0.3003481328487396
Benign,Benign,0.31376373767852783
Benign,Benign,0.3561429977416992
Benign,Benign,0.25747066736221313
Benign,Benign,0.13276812434196472
Benign,Benign,0.3623250424861908
Benign,Benign,0.2851461172103882
Benign,Benign,0.056398674845695496
Benign,Benign,0.4102311432361603
Benign,Benign,0.2001824826002121
Benign,Benign,0.3087490200996399
Benign,Benign,0.05709890276193619
Benign,Benign,0.4368166923522949
Benign,Benign,0.3670159876346588
Benign,Benign,0.33536940813064575
Benign,Benign,0.35034632682800293
Benign,Benign,0.22007229924201965
Benign,Benign,0.3297787010669708
Benign,Benign,0.2173689901828766
Benign,Benign,0.3491551876068115
Benign,Benign,0.1382274478673935
Benign,Benign,0.44020605087280273
Benign,Benign,0.3474659323692322
Benign,Benign,0.38981544971466064
Benign,Benign,0.15095099806785583
Benign,Benign,0.3411664664745331
Benign,Benign,0.37134698033332825
Benign,Benign,0.39703279733657837
Benign,Benign,0.34170979261398315
Benign,Benign,0.21980643272399902
Benign,Benign,0.369759202003479
Benign,Benign,0.3584873378276825
Benign,Benign,0.22228439152240753
Benign,Benign,0.32970893383026123
Benign,Benign,0.30367958545684814
Benign,Benign,0.42821231484413147
Benign,Benign,0.42924922704696655
Benign,Benign,0.44554927945137024
Benign,Benign,0.4409901797771454
Benign,Benign,0.4554598927497864
Benign,Benign,0.43120068311691284
Benign,Benign,0.45607081055641174
Benign,Benign,0.4445425271987915
Benign,Benign,0.401773601770401
Benign,Benign,0.4274175763130188
Benign,Benign,0.23080414533615112
Benign,Benign,0.3583942651748657
Benign,Benign,0.24203920364379883
Benign,Benign,0.312465101480484
Benign,Benign,0.2570381462574005
Benign,Benign,0.35230541229248047
Benign,Benign,0.2613562345504761
Benign,Benign,0.38646623492240906
Benign,Benign,0.3819241225719452
Benign,Benign,0.4164963662624359
Benign,Benign,0.4110069274902344
Benign,Benign,0.3109373450279236
Benign,Benign,0.21576835215091705
Benign,Benign,0.2581850588321686
Benign,Benign,0.3645153343677521
Benign,Benign,0.14702506363391876
Benign,Benign,0.28354737162590027
Benign,Benign,0.3741735816001892
Benign,Benign,0.3083716928958893
Benign,Benign,0.2962702214717865
Benign,Benign,0.25807398557662964
Benign,Benign,0.12185574322938919
Benign,Benign,0.003360967617481947
Benign,Benign,0.3356795012950897
Benign,Benign,0.17140962183475494
Benign,Benign,0.3199279010295868
Benign,Benign,2.2828524082889922e-20
Benign,Benign,0.024421311914920807
Benign,Benign,0.3764207661151886
Benign,Benign,0.36817803978919983
Benign,Benign,0.2793307900428772
Benign,Benign,0.0
Benign,Benign,0.3360830843448639
Benign,Benign,0.4340572953224182
Benign,Benign,0.29668915271759033
Benign,Benign,0.3192198574542999
Benign,Benign,0.3823219835758209
Benign,Benign,0.2276848554611206
Benign,Benign,0.37063324451446533
Benign,Benign,0.3107188045978546
Benign,Benign,0.31328660249710083
Benign,Benign,0.3762226700782776
Benign,Benign,0.41575300693511963
Benign,Benign,0.45490947365760803
Benign,Benign,0.3945363163948059
Benign,Benign,0.22406929731369019
Benign,Benign,0.1756371557712555
Benign,Benign,0.28527531027793884
Benign,Benign,0.12743762135505676
Benign,Benign,0.20716948807239532
Benign,Benign,0.4306410849094391
Benign,Benign,0.1825571209192276
Benign,Benign,0.04881824180483818
Benign,Benign,0.4006515145301819
Benign,Benign,0.2073878049850464
Benign,Malicious,0.9820894598960876
Benign,Benign,0.4140011966228485
Benign,Benign,0.3827153146266937
Benign,Benign,0.1658562421798706
Benign,Benign,0.3720865249633789
Benign,Malicious,0.6096440553665161
Benign,Benign,0.4084111154079437
Benign,Benign,0.41352927684783936
Benign,Benign,0.40000349283218384
Benign,Benign,0.19771911203861237
Benign,Benign,0.41594257950782776
Benign,Benign,0.1921786218881607
Benign,Benign,0.42488470673561096
Benign,Benign,0.3880760371685028
Benign,Benign,0.39473864436149597
Benign,Benign,0.3413750231266022
Benign,Benign,0.253596693277359
Benign,Benign,0.38542109727859497
Benign,Benign,0.42105644941329956
Benign,Benign,0.3220768868923187
Benign,Benign,0.30142784118652344
Benign,Benign,0.324741005897522
Benign,Benign,0.261204332113266
Benign,Benign,0.35053762793540955
Benign,Benign,0.24065062403678894
Benign,Benign,0.16359731554985046
Benign,Benign,0.4133695662021637
Benign,Benign,0.3569263517856598
Benign,Benign,2.2396546779442576e-20
Benign,Benign,0.4086913466453552
Benign,Benign,0.14083734154701233
Benign,Benign,0.2178419530391693
Benign,Benign,0.17321614921092987
Benign,Benign,0.3086056709289551
Benign,Benign,0.3657294511795044
Benign,Benign,0.3508644700050354
Benign,Benign,0.36341771483421326
Benign,Benign,0.3308934271335602
Benign,Benign,0.3330765962600708
Benign,Benign,0.36827951669692993
Benign,Benign,0.12556439638137817
Benign,Benign,0.2449292689561844
Benign,Benign,0.055760324001312256
Benign,Benign,0.3045802712440491
Benign,Benign,0.4187794625759125
Benign,Benign,0.26850906014442444
Benign,Benign,0.26201191544532776
Benign,Benign,0.08430324494838715
Benign,Benign,0.08800195902585983
Benign,Benign,0.4334868788719177
Benign,Benign,0.31119513511657715
Benign,Benign,0.27627891302108765
Benign,Benign,0.3549966812133789
Benign,Benign,0.41244468092918396
Benign,Benign,0.20115339756011963
Benign,Benign,0.2906703054904938
Benign,Benign,0.46352168917655945
Benign,Benign,0.45972710847854614
Benign,Benign,0.4295959174633026
Benign,Benign,0.24734902381896973
Benign,Benign,0.3508378267288208
Benign,Benign,0.30184459686279297
Benign,Benign,0.2533183693885803
Benign,Benign,0.20735415816307068
Benign,Benign,0.32823407649993896
Benign,Benign,0.4123300313949585
Benign,Benign,0.3162984848022461
Benign,Benign,0.4256080389022827
Benign,Benign,0.2685403823852539
Benign,Benign,0.011066030710935593
Benign,Benign,0.3992861807346344
Benign,Benign,0.06368276476860046
Benign,Benign,0.4559483528137207
Benign,Benign,0.05050690844655037
Benign,Benign,0.3828323483467102
Benign,Benign,0.4283800721168518
Benign,Benign,0.20603235065937042
Benign,Benign,0.33588770031929016
Benign,Benign,0.2624862492084503
Benign,Benign,0.34369614720344543
Benign,Benign,0.2215316891670227
Benign,Benign,0.3384978175163269
Benign,Benign,0.4001794159412384
Benign,Benign,0.21299919486045837
Benign,Benign,0.39272740483283997
Benign,Benign,0.3207142949104309
Benign,Benign,0.2595404386520386
Benign,Benign,0.35448703169822693
Benign,Benign,0.059988975524902344
Benign,Benign,0.3505696654319763
Benign,Benign,0.3003093898296356
Benign,Benign,0.3006289303302765
Benign,Benign,0.37584739923477173
Benign,Benign,0.45767590403556824
Benign,Benign,0.2986312210559845
Benign,Benign,0.2138146460056305
Benign,Benign,0.3046283721923828
Benign,Benign,0.3627185523509979
Benign,Benign,0.38912704586982727
Benign,Benign,0.16624732315540314
Benign,Benign,0.21618908643722534
Benign,Benign,0.25309646129608154
Benign,Benign,0.30043572187423706
Benign,Benign,0.43765437602996826
Benign,Benign,0.2701748311519623
Benign,Benign,0.39456436038017273
Benign,Benign,0.3362554609775543
Benign,Benign,0.320671945810318
Benign,Benign,0.19229857623577118
Benign,Benign,0.26970982551574707
Benign,Benign,0.41533756256103516
Benign,Benign,0.3056966960430145
Benign,Benign,0.24698783457279205
Benign,Benign,0.010343284346163273
Benign,Benign,0.0048074000515043736
Benign,Benign,0.3314923644065857
Benign,Benign,0.4590155780315399
Benign,Benign,0.37487396597862244
Benign,Benign,0.1258760690689087
Benign,Benign,0.3438841998577118
Benign,Benign,0.4318878650665283
Benign,Benign,0.3949833810329437
Benign,Benign,0.3056822419166565
Benign,Benign,0.2976006865501404
Benign,Benign,0.4260375201702118
Benign,Benign,0.26038968563079834
Benign,Benign,0.1905914843082428
Benign,Benign,0.22313106060028076
Benign,Benign,0.2048809677362442
Benign,Benign,0.05438490957021713
Benign,Benign,0.36831870675086975
Benign,Benign,0.4849323332309723
Benign,Benign,0.4525529742240906
Benign,Benign,0.13284027576446533
Benign,Benign,0.43363046646118164
Benign,Benign,0.33017271757125854
Benign,Benign,0.42538681626319885
Benign,Benign,0.41329580545425415
Benign,Benign,0.3999171555042267
Benign,Benign,0.34220626950263977
Benign,Benign,0.28157132863998413
Benign,Benign,0.331566721200943
Benign,Benign,0.3886944055557251
Benign,Benign,0.26948267221450806
Benign,Benign,0.34835782647132874
Benign,Benign,0.37790700793266296
Benign,Benign,0.42528480291366577
Benign,Benign,0.05638976767659187
Benign,Benign,0.43533021211624146
Benign,Benign,0.18142098188400269
Benign,Benign,0.2553562521934509
Benign,Benign,0.3770408034324646
Benign,Benign,0.2959609627723694
Benign,Benign,0.42030397057533264
Benign,Benign,0.47794967889785767
Benign,Benign,0.30817684531211853
Benign,Benign,0.33748385310173035
Benign,Benign,0.42964786291122437
Benign,Benign,0.4235953986644745
Benign,Benign,0.2973635792732239
Benign,Benign,0.26676589250564575
Benign,Benign,0.17290565371513367
Benign,Benign,0.42147934436798096
Benign,Benign,0.3309422433376312
Benign,Benign,0.4875674247741699
Benign,Benign,0.24146147072315216
Benign,Benign,0.3726348876953125
Benign,Benign,0.2725989520549774
Benign,Benign,0.10390730947256088
Benign,Benign,0.46852439641952515
Benign,Benign,0.2562513053417206
Benign,Benign,0.008041624911129475
Benign,Benign,0.32327550649642944
Benign,Benign,0.41256019473075867
Benign,Benign,0.35298994183540344
Benign,Benign,0.18884101510047913
Benign,Benign,0.33571580052375793
Benign,Benign,0.39703211188316345
Benign,Benign,0.40085655450820923
Benign,Benign,0.4480521082878113
Benign,Benign,0.39812958240509033
Benign,Benign,0.23186661303043365
Benign,Benign,0.43995198607444763
Benign,Benign,0.057492390275001526
Benign,Benign,0.05772154778242111
Benign,Benign,0.13289901614189148
Benign,Benign,0.31893399357795715
Benign,Benign,0.09602289646863937
Benign,Benign,0.322431743144989
Benign,Benign,0.28489336371421814
Benign,Benign,0.3673960566520691
Benign,Benign,0.203508660197258
Benign,Benign,7.92043774316964e-12
Benign,Benign,0.4667232632637024
Benign,Benign,0.3647003471851349
Benign,Benign,0.33912786841392517
Benign,Benign,0.2976999878883362
Benign,Benign,0.37998294830322266
Benign,Benign,0.20770840346813202
Benign,Benign,0.29873648285865784
Benign,Benign,0.3417707085609436
Benign,Benign,0.37699276208877563
Benign,Benign,0.27082559466362
Benign,Benign,0.4532305896282196
Benign,Benign,0.37269726395606995
Benign,Benign,0.3707594871520996
Benign,Benign,0.3156651556491852
Benign,Benign,0.3788394033908844
Benign,Benign,0.38361454010009766
Benign,Benign,0.382158488035202
Benign,Benign,0.13778938353061676
Benign,Benign,0.23292897641658783
Benign,Benign,0.4242112636566162
Benign,Benign,0.26226121187210083
Benign,Benign,0.32475048303604126
Benign,Benign,0.40624189376831055
Benign,Benign,0.25517937541007996
Benign,Benign,0.19611459970474243
Benign,Benign,0.3059215545654297
Benign,Benign,0.4383673369884491
Benign,Benign,0.4474319815635681
Benign,Benign,0.4120960235595703
Benign,Benign,0.4003447890281677
Benign,Benign,0.2924710214138031
Benign,Benign,0.3434945046901703
Benign,Benign,0.36887428164482117
Benign,Benign,0.4552539587020874
Benign,Benign,0.4009416997432709
Benign,Benign,0.3807450234889984
Benign,Benign,0.4129676818847656
Benign,Benign,0.4579845368862152
Benign,Benign,0.3835729956626892
Benign,Benign,0.11468840390443802
Benign,Benign,0.42382359504699707
Benign,Benign,0.45240944623947144
Benign,Benign,0.26589030027389526
Benign,Benign,0.3993939757347107
Benign,Benign,0.15806739032268524
Benign,Benign,0.3183829188346863
Benign,Benign,0.29034432768821716
Benign,Benign,0.22575150430202484
Benign,Benign,0.12906315922737122
Benign,Benign,0.305925577878952
Benign,Benign,0.2150629162788391
Benign,Benign,0.4261408746242523
Benign,Benign,0.4116831123828888
Benign,Benign,0.3156050145626068
Benign,Benign,0.17698265612125397
Benign,Benign,0.046404894441366196
Benign,Benign,0.3210489749908447
Benign,Benign,0.4615364968776703
Benign,Benign,0.3296443819999695
Benign,Benign,0.3357810080051422
Benign,Benign,0.39554932713508606
Benign,Benign,0.2839886248111725
Benign,Benign,0.42400670051574707
Benign,Benign,0.34551796317100525
Benign,Benign,0.33560818433761597
Benign,Benign,0.013062162324786186
Benign,Benign,0.055620625615119934
Benign,Benign,0.41315895318984985
Benign,Benign,0.2971157133579254
Benign,Benign,0.3335694968700409
Benign,Benign,0.39790958166122437
Benign,Benign,0.40047430992126465
Benign,Benign,0.07586150616407394
Benign,Benign,0.4307323396205902
Benign,Benign,0.028177829459309578
Benign,Benign,0.18339189887046814
Benign,Benign,0.25439947843551636
Benign,Benign,0.16958743333816528
Benign,Benign,0.34918347001075745
Benign,Benign,0.13637469708919525
Benign,Benign,0.18448832631111145
Benign,Benign,0.19789959490299225
Benign,Benign,0.3428776264190674
Benign,Benign,0.38504499197006226
Benign,Benign,0.416118860244751
Benign,Benign,0.3877294659614563
Benign,Benign,0.3897501826286316
Benign,Benign,0.2333134412765503
Benign,Benign,0.37237024307250977
Benign,Benign,0.3102920651435852
Benign,Benign,0.42663758993148804
Benign,Benign,0.37129560112953186
Benign,Benign,0.22312235832214355
Benign,Benign,0.40061154961586
Benign,Benign,0.41152632236480713
Benign,Benign,0.3137167692184448
Benign,Benign,0.2703496813774109
Benign,Benign,0.3483894467353821
Benign,Benign,0.16941328346729279
Benign,Benign,0.3112400472164154
Benign,Benign,0.353561133146286
Benign,Benign,0.2791021168231964
Benign,Benign,0.4465649724006653
Benign,Benign,0.12779776751995087
Benign,Benign,0.4122747480869293
Benign,Benign,0.15622949600219727
Benign,Benign,0.37973669171333313
Benign,Benign,0.35358330607414246
Benign,Benign,0.3107529282569885
Benign,Benign,0.3624706268310547
Benign,Benign,0.43282419443130493
Benign,Benign,0.234161838889122
Benign,Benign,0.35099077224731445
Benign,Benign,0.39307528734207153
Benign,Benign,0.32031169533729553
Benign,Benign,0.3168318271636963
Benign,Benign,0.4404979646205902
Benign,Benign,0.15131966769695282
Benign,Benign,0.2683584690093994
Benign,Benign,0.4233062267303467
Benign,Benign,0.019127897918224335
Benign,Benign,0.01010777149349451
Benign,Benign,0.12140073627233505
Benign,Benign,0.06834809482097626
Benign,Benign,0.31266453862190247
Benign,Benign,0.08539833873510361
Benign,Benign,0.354153573513031
Benign,Benign,0.34677475690841675
Benign,Benign,0.32502803206443787
Benign,Benign,0.2622593939304352
Benign,Benign,0.1592085212469101
Benign,Benign,0.19125939905643463
Benign,Benign,0.4100789725780487
Benign,Benign,0.32416635751724243
Benign,Benign,0.32467907667160034
Benign,Benign,0.41483113169670105
Benign,Benign,0.397394061088562
Benign,Benign,0.37653404474258423
Benign,Benign,0.2592499554157257
Benign,Benign,0.2627240717411041
Benign,Benign,0.33542490005493164
Benign,Benign,0.3981691300868988
Benign,Benign,0.10760404169559479
Benign,Benign,0.36618736386299133
Benign,Benign,0.4101645052433014
Benign,Benign,0.4021874964237213
Benign,Benign,0.4488224387168884
Benign,Benign,0.2315102219581604
Benign,Benign,0.020736832171678543
Benign,Benign,0.3532458245754242
Benign,Benign,0.3533334732055664
Benign,Benign,0.46900323033332825
Benign,Benign,0.3991295099258423
Benign,Benign,0.48482877016067505
Benign,Benign,0.3457925617694855
Benign,Benign,0.06879230588674545
Benign,Benign,0.34563174843788147
Benign,Benign,0.24169929325580597
Benign,Benign,0.4227233827114105
Benign,Benign,0.3207283914089203
Benign,Benign,0.4506138861179352
Benign,Benign,0.44344934821128845
Benign,Benign,0.39078620076179504
Benign,Benign,0.10262855887413025
Benign,Benign,0.39513450860977173
Benign,Benign,0.31884682178497314
Benign,Benign,0.3537193834781647
Benign,Benign,0.3035852313041687
Benign,Benign,0.34773245453834534
Benign,Benign,0.2782607674598694
Benign,Benign,0.45133864879608154
Benign,Benign,0.455533504486084
Benign,Benign,0.39653006196022034
Benign,Benign,0.3739069700241089
Benign,Benign,0.2918703556060791
Benign,Benign,0.13139307498931885
Benign,Benign,0.3776431083679199
Benign,Benign,0.2535462975502014
Benign,Benign,0.2952881157398224
Benign,Benign,0.027639320120215416
Benign,Benign,0.37427589297294617
Benign,Benign,0.3362378180027008
Benign,Benign,0.3645399808883667
Benign,Benign,0.32511669397354126
Benign,Benign,0.3592587113380432
Benign,Benign,0.2676290273666382
Benign,Benign,0.16270825266838074
Benign,Benign,0.30659714341163635
Benign,Benign,0.3931703567504883
Benign,Benign,0.2159421294927597
Benign,Benign,0.42350754141807556
Benign,Benign,0.029714392498135567
Benign,Malicious,0.9799106121063232
Benign,Benign,0.3695468008518219
Benign,Benign,0.3171793818473816
Benign,Benign,0.2312900722026825
Benign,Benign,0.35670164227485657
Benign,Benign,0.2793789207935333
Benign,Benign,0.36614665389060974
Benign,Benign,0.12956054508686066
Benign,Benign,0.15969441831111908
Benign,Benign,0.33426031470298767
Benign,Benign,0.3235057294368744
Benign,Benign,0.3777763843536377
Benign,Benign,0.23649337887763977
Benign,Benign,0.35014259815216064
Benign,Benign,0.21451112627983093
Benign,Benign,0.28446611762046814
Benign,Benign,0.0
Benign,Benign,0.32088160514831543
Benign,Benign,0.4592982828617096
Benign,Benign,0.37221065163612366
Benign,Benign,0.2506472170352936
Benign,Benign,0.07661979645490646
Benign,Benign,0.3207320272922516
Benign,Benign,0.33678290247917175
Benign,Benign,0.20367857813835144
Benign,Benign,0.23142260313034058
Benign,Benign,0.4465342164039612
Benign,Benign,0.2945990264415741
Benign,Benign,0.44387394189834595
Benign,Benign,0.44712498784065247
Benign,Benign,0.4371664226055145
Benign,Benign,0.09697224944829941
Benign,Benign,0.49002814292907715
Benign,Benign,0.317287415266037
Benign,Benign,0.4361693859100342
Benign,Benign,0.14660269021987915
Benign,Benign,0.33752506971359253
Benign,Benign,0.34831899404525757
Benign,Benign,0.3656124472618103
Benign,Benign,0.3620840609073639
Benign,Benign,0.266350120306015
Benign,Benign,0.3848525285720825
Benign,Benign,0.07699375599622726
Benign,Benign,0.30783402919769287
Benign,Benign,0.36194267868995667
Benign,Benign,0.4250953495502472
Benign,Benign,0.35156142711639404
Benign,Benign,0.35777461528778076
Benign,Benign,0.2058761864900589
Benign,Benign,0.3238254189491272
Benign,Benign,0.350923627614975
Benign,Benign,0.3329744338989258
Benign,Benign,0.3218284845352173
Benign,Benign,0.2302146852016449
Benign,Benign,0.43387559056282043
Benign,Benign,0.4308735430240631
Benign,Benign,0.25959640741348267
Benign,Benign,0.40248915553092957
Benign,Benign,0.4143618941307068
Benign,Benign,0.3773597180843353
Benign,Benign,0.05091579630970955
Benign,Benign,4.814782146832199e-20
Benign,Benign,0.08417296409606934
Benign,Benign,0.42537596821784973
Benign,Benign,0.3587166368961334
Benign,Benign,0.17293009161949158
Benign,Benign,0.3767370283603668
Benign,Benign,0.43545177578926086
Benign,Benign,0.3793158233165741
Benign,Benign,0.17436455190181732
Benign,Benign,0.35091057419776917
Benign,Benign,0.1966048777103424
Benign,Benign,0.34649956226348877
Benign,Benign,0.1329447627067566
Benign,Malicious,0.9847511053085327
Benign,Benign,0.398031622171402
Benign,Benign,0.3686366081237793
Benign,Benign,0.23866388201713562
Benign,Benign,0.2808564305305481
Benign,Benign,0.42105817794799805
Benign,Benign,2.3626517498282046e-20
Benign,Benign,0.41965603828430176
Benign,Benign,0.27410751581192017
Benign,Benign,0.29325664043426514
Benign,Benign,0.015746839344501495
Benign,Benign,0.3348258137702942
Benign,Benign,0.42777466773986816
Benign,Benign,0.4171464741230011
Benign,Benign,0.1280900090932846
Benign,Benign,0.4546526372432709
Benign,Benign,0.37820762395858765
Benign,Benign,0.4374238848686218
Benign,Benign,0.35500621795654297
Benign,Malicious,0.540753185749054
Benign,Benign,0.3409557044506073
Benign,Benign,0.38487520813941956
Benign,Benign,0.1711137294769287
Benign,Benign,0.23638767004013062
Benign,Benign,0.3456299901008606
Benign,Benign,0.23223674297332764
Benign,Benign,0.4069645404815674
Benign,Benign,0.41363272070884705
Benign,Benign,0.05041852965950966
Benign,Benign,0.38940903544425964
Benign,Benign,0.12952667474746704
Benign,Benign,0.42435160279273987
Benign,Benign,0.29488885402679443
Benign,Benign,0.3825989067554474
Benign,Benign,0.334876149892807
Benign,Benign,0.3389817774295807
Benign,Benign,0.2656046450138092
Benign,Malicious,0.9781268239021301
Benign,Benign,0.3334294855594635
Benign,Benign,0.4317616820335388
Benign,Benign,0.4388672411441803
Benign,Benign,0.19756996631622314
Benign,Benign,0.36416640877723694
Benign,Benign,0.4316517114639282
Benign,Benign,0.4153047502040863
Benign,Benign,0.4086591303348541
Benign,Benign,0.2479439377784729
Benign,Benign,0.3835141062736511
Benign,Benign,0.3918198049068451
Benign,Benign,0.37629052996635437
Benign,Benign,0.3478405177593231
Benign,Benign,0.32472896575927734
Benign,Benign,0.44252172112464905
Benign,Benign,0.3974185585975647
Benign,Benign,0.40093785524368286
Benign,Benign,0.3306404650211334
Benign,Benign,0.35700029134750366
Benign,Benign,0.04741644114255905
Benign,Benign,0.05507010594010353
Benign,Benign,0.4221564829349518
Benign,Benign,0.2520884871482849
Benign,Benign,0.4248085618019104
Benign,Benign,0.36246928572654724
Benign,Benign,0.44108831882476807
Benign,Benign,0.35538262128829956
Benign,Benign,0.3749624788761139
Benign,Benign,4.2873926616541584e-19
Benign,Benign,0.41571611166000366
Benign,Benign,0.056951090693473816
Benign,Benign,0.14124277234077454
Benign,Benign,0.2553591728210449
Benign,Benign,0.18241755664348602
Benign,Benign,0.30025824904441833
Benign,Benign,0.26618844270706177
Benign,Benign,0.310416579246521
Benign,Benign,0.2651352882385254
Benign,Benign,0.3190160095691681
Benign,Benign,0.3379577100276947
Benign,Benign,0.3656618297100067
Benign,Benign,0.40234532952308655
Benign,Benign,0.3820894956588745
Benign,Benign,0.32298994064331055
Benign,Benign,0.4237379729747772
Benign,Benign,0.363242506980896
Benign,Benign,0.3072355389595032
Benign,Benign,0.31097257137298584
Benign,Benign,0.25636371970176697
Benign,Benign,0.4088449776172638
Benign,Benign,0.06422128528356552
Benign,Benign,0.2817491292953491
Benign,Benign,0.3822629749774933
Benign,Benign,0.3916415274143219
Benign,Benign,0.21749719977378845
Benign,Benign,0.2182621955871582
Benign,Benign,0.30582568049430847
Benign,Benign,0.33250677585601807
Benign,Benign,0.40126949548721313
Benign,Benign,0.17178566753864288
Benign,Benign,0.32701346278190613
Benign,Benign,0.31857895851135254
Benign,Benign,0.22741824388504028
Benign,Benign,0.2579647898674011
Benign,Benign,0.3811423182487488
Benign,Benign,0.35551679134368896
Benign,Benign,0.3643731474876404
Benign,Benign,0.3132784366607666
Benign,Benign,0.27679285407066345
Benign,Benign,0.42385929822921753
Benign,Benign,0.26646456122398376
Benign,Benign,0.23724040389060974
Benign,Benign,0.11062651872634888
Benign,Benign,7.836840438249627e-19
Benign,Benign,0.4543250799179077
Benign,Benign,0.3774890601634979
Benign,Benign,0.3810066282749176
Benign,Benign,0.4006922245025635
Benign,Benign,0.16596707701683044
Benign,Benign,0.41509154438972473
Benign,Benign,0.34901246428489685
Benign,Benign,0.33804383873939514
Benign,Benign,0.4403058588504791
Benign,Benign,1.7488874107745876e-21
Benign,Benign,0.2231815606355667
Benign,Benign,0.07085620611906052
Benign,Benign,0.4512825608253479
Benign,Benign,0.3472311794757843
Benign,Benign,0.23866182565689087
Benign,Benign,0.4135216474533081
Benign,Benign,0.38958412408828735
Benign,Benign,0.3444659411907196
Benign,Benign,0.33074501156806946
Benign,Benign,0.371564656496048
Benign,Benign,0.2455892413854599
Benign,Benign,0.4537917375564575
Benign,Benign,0.3874863386154175
Benign,Benign,0.3180029094219208
Benign,Benign,0.44767189025878906
Benign,Benign,0.32077422738075256
Benign,Benign,0.38531404733657837
Benign,Benign,0.06245574727654457
Benign,Benign,0.26978799700737
Benign,Benign,0.3999398946762085
Benign,Benign,0.33895424008369446
Benign,Benign,0.272490531206131
Benign,Benign,0.43471410870552063
Benign,Benign,0.1501493752002716
Benign,Benign,0.1741919219493866
Benign,Benign,0.29586261510849
Benign,Benign,0.18053002655506134
Benign,Benign,0.2299855500459671
Benign,Benign,0.4087296724319458
Benign,Benign,0.37655729055404663
Benign,Benign,0.29923146963119507
Benign,Benign,0.43667230010032654
Benign,Benign,0.3662140369415283
Benign,Benign,0.46557825803756714
Benign,Benign,0.3764965832233429
Benign,Benign,0.24495097994804382
Benign,Benign,0.40231260657310486
Benign,Benign,0.30633726716041565
Benign,Benign,0.20735883712768555
Benign,Benign,0.3621818423271179
Benign,Benign,0.2458290308713913
Benign,Benign,0.3117365837097168
Benign,Benign,0.24732820689678192
Benign,Benign,0.07217204570770264
Benign,Benign,0.4027951955795288
Benign,Benign,0.3674922585487366
Benign,Benign,0.43957796692848206
Benign,Benign,0.3589800298213959
Benign,Benign,0.2721700966358185
Benign,Benign,0.19933687150478363
Benign,Benign,0.4317570626735687
Benign,Benign,0.3283473551273346
Benign,Benign,0.43811851739883423
Benign,Benign,0.41637474298477173
Benign,Benign,0.3981010317802429
Benign,Benign,0.3740728199481964
Benign,Benign,0.3275185525417328
Benign,Benign,0.3366546034812927
Benign,Benign,0.2750876545906067
Benign,Benign,0.34469226002693176
Benign,Benign,0.394483357667923
Benign,Benign,0.42023375630378723
Benign,Benign,0.4473065137863159
Benign,Benign,0.3902900815010071
Benign,Benign,0.4055129587650299
Benign,Benign,0.2661862075328827
Benign,Benign,0.17123280465602875
Benign,Benign,0.36432945728302
Benign,Benign,0.28150492906570435
Benign,Benign,0.4260847568511963
Benign,Malicious,0.9815132021903992
Benign,Benign,0.41286954283714294
Benign,Benign,0.44106200337409973
Benign,Benign,0.1533491462469101
Benign,Benign,0.3981397747993469
Benign,Benign,0.22198115289211273
Benign,Benign,0.27436399459838867
Benign,Benign,0.41934022307395935
Benign,Benign,0.40186768770217896
Benign,Benign,0.4450499713420868
Benign,Benign,0.25959280133247375
Benign,Benign,0.4716922640800476
Benign,Benign,0.21528808772563934
Benign,Benign,0.40699514746665955
Benign,Benign,0.02942010760307312
Benign,Benign,0.29796797037124634
Benign,Benign,0.452783465385437
Benign,Benign,0.13253916800022125
Benign,Benign,0.350718230009079
Benign,Benign,0.3363730311393738
Benign,Benign,0.41788461804389954
Benign,Benign,0.0024103617761284113
Benign,Benign,0.45680469274520874
Benign,Benign,0.34077969193458557
Benign,Benign,0.03086887113749981
Benign,Benign,0.22986845672130585
Benign,Benign,0.24739563465118408
Benign,Benign,0.29937681555747986
Benign,Benign,0.33009812235832214
Benign,Benign,0.0349133126437664
Benign,Benign,0.009872803464531898
Benign,Benign,0.23896357417106628
Benign,Benign,0.25560539960861206
Benign,Benign,0.29833123087882996
Benign,Benign,0.32991257309913635
Benign,Benign,0.4381082355976105
Benign,Benign,0.39682286977767944
Benign,Benign,0.2365400791168213
Benign,Benign,0.250564843416214
Benign,Benign,0.43021583557128906
Benign,Benign,0.07170289009809494
Benign,Benign,0.3805922865867615
Benign,Benign,0.3818221092224121
Benign,Benign,0.17501749098300934
Benign,Benign,0.25096961855888367
Benign,Benign,0.07514330744743347
Benign,Benign,0.009714915417134762
Benign,Benign,0.3106063902378082
Benign,Benign,0.22354675829410553
Benign,Benign,0.37983691692352295
Benign,Benign,0.33071231842041016
Benign,Benign,0.07938920706510544
Benign,Benign,0.1638721078634262
Benign,Benign,0.2614244520664215
Benign,Benign,0.22499993443489075
Benign,Benign,0.2991223931312561
Benign,Benign,0.3915901482105255
Benign,Benign,0.4153517484664917
Benign,Benign,0.15328752994537354
Benign,Benign,0.4582667052745819
Benign,Benign,0.42467638850212097
Benign,Benign,0.26881927251815796
Benign,Benign,0.18282492458820343
Benign,Benign,0.34661781787872314
Benign,Benign,0.3782843053340912
Benign,Benign,0.25999876856803894
Benign,Benign,0.4378388524055481
Benign,Benign,0.0
Benign,Benign,0.3797134757041931
Benign,Benign,0.32179972529411316
Benign,Benign,0.4305444657802582
Benign,Benign,0.3067980110645294
Benign,Benign,0.3205893635749817
Benign,Benign,0.425601989030838
Benign,Benign,0.34191423654556274
Benign,Benign,0.3931519389152527
Benign,Benign,0.39606723189353943
Benign,Benign,0.27688881754875183
Benign,Benign,0.4252883791923523
Benign,Benign,0.4215903878211975
Benign,Benign,0.3217867314815521
Benign,Benign,0.29494479298591614
Benign,Benign,0.055083103477954865
Benign,Benign,0.3906872570514679
Benign,Benign,0.16984574496746063
Benign,Benign,0.3052237033843994
Benign,Benign,0.3432212173938751
Benign,Benign,0.425821453332901
Benign,Benign,0.3814725875854492
Benign,Benign,0.09262775629758835
Benign,Benign,0.37703537940979004
Benign,Benign,0.3252200186252594
Benign,Benign,0.33689138293266296
Benign,Benign,0.3684442639350891
Benign,Benign,0.07929964363574982
Benign,Benign,0.27092331647872925
Benign,Benign,0.3921305239200592
Benign,Benign,0.2709714472293854
Benign,Benign,0.3591691255569458
Benign,Benign,0.3492498993873596
Benign,Benign,0.39260339736938477
Benign,Benign,0.20083434879779816
Benign,Benign,0.3958227336406708
Benign,Benign,0.015751898288726807
Benign,Benign,0.24253429472446442
Benign,Benign,0.3752807676792145
Benign,Benign,0.3999837338924408
Benign,Benign,0.3555193841457367
Benign,Benign,0.15161862969398499
Benign,Benign,0.2632661461830139
Benign,Benign,0.12734143435955048
Benign,Benign,0.22823740541934967
Benign,Benign,0.2687426805496216
Benign,Benign,0.42909982800483704
Benign,Benign,0.4404065012931824
Benign,Benign,0.3738534152507782
Benign,Benign,0.47163844108581543
Benign,Benign,0.2680591642856598
Benign,Benign,0.32687056064605713
Benign,Benign,0.4325542449951172
Benign,Benign,0.3915185034275055
Benign,Benign,0.2677271366119385
Benign,Benign,0.4568880796432495
Benign,Benign,0.34775224328041077
Benign,Benign,0.3205651640892029
Benign,Benign,0.43263378739356995
Benign,Benign,0.2976897358894348
Benign,Benign,0.27566781640052795
Benign,Benign,0.4438440203666687
Benign,Benign,0.2059125453233719
Benign,Benign,0.2979203164577484
Benign,Benign,0.26412081718444824
Benign,Benign,0.26320120692253113
Benign,Benign,0.19436927139759064
Benign,Benign,0.1323414444923401
Benign,Benign,0.38182005286216736
Benign,Benign,0.3590746819972992
Benign,Benign,0.43373504281044006
Benign,Benign,0.01807880774140358
Benign,Benign,0.17704522609710693
Benign,Benign,0.20060791075229645
Benign,Benign,0.3129010498523712
Benign,Benign,0.12227503210306168
Benign,Benign,0.40695255994796753
Benign,Benign,0.37062695622444153
Benign,Benign,0.07015789300203323
Benign,Benign,0.3429085612297058
Benign,Benign,0.3380962014198303
Benign,Benign,0.40983274579048157
Benign,Benign,0.12330600619316101
Benign,Benign,0.30109578371047974
Benign,Benign,0.2829408347606659
Benign,Benign,0.23284591734409332
Benign,Benign,0.3856327533721924
Benign,Benign,0.45382553339004517
Benign,Benign,0.4155793786048889
Benign,Benign,0.2300896942615509
Benign,Benign,0.456378698348999
Benign,Benign,0.2553737461566925
Benign,Benign,0.27499279379844666
Benign,Benign,0.05021393671631813
Benign,Benign,0.2901996374130249
Benign,Benign,0.32088521122932434
Benign,Benign,0.2383268028497696
Benign,Benign,0.3294714093208313
Benign,Benign,0.4274015426635742
Benign,Benign,0.2850281894207001
Benign,Benign,0.20339420437812805
Benign,Benign,0.42819178104400635
Benign,Benign,0.36034664511680603
Benign,Benign,0.3656882345676422
Benign,Benign,0.394468754529953
Benign,Benign,0.3868967592716217
Benign,Benign,0.33325329422950745
Benign,Benign,0.27493953704833984
Benign,Benign,0.45036059617996216
Benign,Benign,0.3317878544330597
Benign,Benign,0.3053908348083496
Benign,Benign,0.3836253583431244
Benign,Benign,0.06156244874000549
Benign,Benign,0.3272807002067566
Benign,Benign,0.44262173771858215
Benign,Benign,0.09940142929553986
Benign,Benign,0.2658664882183075
Benign,Benign,0.42378759384155273
Benign,Benign,0.2123170644044876
Benign,Benign,0.37467536330223083
Benign,Benign,0.43730780482292175
Benign,Benign,0.22766317427158356
Benign,Benign,0.23996895551681519
Benign,Benign,0.38981926441192627
Benign,Benign,0.2691041827201843
Benign,Benign,0.1911778748035431
Benign,Benign,0.3036283552646637
Benign,Benign,0.3389848470687866
Benign,Benign,0.32893210649490356
Benign,Benign,0.3146674931049347
Benign,Benign,0.1871345192193985
Benign,Benign,0.13554395735263824
Benign,Benign,0.3143467903137207
Benign,Benign,0.23460280895233154
Benign,Benign,0.41284283995628357
Benign,Benign,0.37599557638168335
Benign,Benign,0.4487832486629486
Benign,Benign,0.38229283690452576
Benign,Benign,0.3981521427631378
Benign,Benign,0.019177796319127083
Benign,Benign,0.3070172369480133
Benign,Benign,0.21500863134860992
Benign,Benign,0.3287747800350189
Benign,Benign,0.17249327898025513
Benign,Benign,0.29205071926116943
Benign,Benign,0.02494758926331997
Benign,Benign,0.4292759895324707
Benign,Benign,0.439319908618927
Benign,Benign,0.2459368258714676
Benign,Benign,0.3065274953842163
Benign,Benign,0.26065945625305176
Benign,Benign,0.3107132017612457
Benign,Benign,0.38285547494888306
Benign,Benign,0.31417611241340637
Benign,Benign,0.3836687207221985
Benign,Benign,0.0738895907998085
Benign,Benign,0.3303653299808502
Benign,Benign,0.4174468219280243
Benign,Benign,0.3014693558216095
Benign,Benign,0.44787660241127014
Benign,Benign,0.37243491411209106
Benign,Benign,0.3244360387325287
Benign,Benign,0.38562509417533875
Benign,Benign,0.16682294011116028
Benign,Benign,0.41511690616607666
Benign,Benign,0.29188182950019836
Benign,Benign,0.4386328458786011
Benign,Benign,0.3251280188560486
Benign,Benign,0.4657438397407532
Benign,Benign,0.32579943537712097
Benign,Benign,0.40297389030456543
Benign,Benign,0.2668093144893646
Benign,Benign,0.24863891303539276
Benign,Benign,0.19059419631958008
Benign,Benign,0.3050473928451538
Benign,Benign,0.27097412943840027
Benign,Benign,0.31684818863868713
Benign,Benign,0.407885879278183
Benign,Benign,0.38931185007095337
Benign,Benign,0.3739301264286041
Benign,Benign,0.16562362015247345
Benign,Benign,0.42202550172805786
Benign,Benign,0.337293803691864
Benign,Benign,0.3177160322666168
Benign,Benign,0.3511953055858612
Benign,Benign,0.22400039434432983
Benign,Benign,0.27433720231056213
Benign,Benign,0.2916485369205475
Benign,Benign,0.18441948294639587
Benign,Benign,0.40653732419013977
Benign,Benign,0.24698185920715332
Benign,Benign,0.3725435137748718
Benign,Benign,0.009510304778814316
Benign,Benign,0.3513912558555603
Benign,Benign,0.4766068756580353
Benign,Benign,0.4031297266483307
Benign,Benign,0.40122953057289124
Benign,Benign,0.3282274901866913
Benign,Benign,0.3688187897205353
Benign,Benign,0.4844675362110138
Benign,Benign,0.32378119230270386
Benign,Benign,0.41800546646118164
Benign,Benign,0.40196719765663147
Benign,Benign,0.06399775296449661
Benign,Benign,0.4010601043701172
Benign,Benign,0.3802635669708252
Benign,Benign,0.00388018018566072
Benign,Benign,0.35224029421806335
Benign,Benign,0.34855714440345764
Benign,Benign,0.3446839153766632
Benign,Benign,0.3305947482585907
Benign,Benign,0.2481011599302292
Benign,Benign,0.270856648683548
Benign,Benign,0.23038233816623688
Benign,Benign,0.20165805518627167
Benign,Benign,0.3567938208580017
Benign,Benign,0.44744032621383667
Benign,Benign,0.30731725692749023
Benign,Benign,0.4233771860599518
Benign,Benign,0.3747904896736145
Benign,Benign,0.36705654859542847
Benign,Benign,0.4343363046646118
Benign,Benign,0.22979232668876648
Benign,Benign,0.3098500072956085
Benign,Benign,0.41133710741996765
Benign,Benign,0.37855225801467896
Benign,Benign,0.3407525420188904
Benign,Benign,0.36708202958106995
Benign,Benign,0.290754109621048
Benign,Benign,0.3812784254550934
Benign,Benign,0.3836449086666107
Benign,Benign,0.26280078291893005
Benign,Benign,0.26570457220077515
Benign,Benign,0.06594400107860565
Benign,Benign,0.2657623887062073
Benign,Benign,0.3945901095867157
Benign,Benign,0.4177365005016327
Benign,Benign,0.3105239272117615
Benign,Benign,0.10381755977869034
Benign,Benign,0.37766048312187195
Benign,Benign,0.41547319293022156
Benign,Benign,0.39175930619239807
Benign,Benign,0.2696707844734192
Benign,Benign,0.4596787393093109
Benign,Benign,0.4469446539878845
Benign,Benign,0.31956741213798523
Benign,Benign,0.0012067240895703435
Benign,Benign,0.2948307693004608
Benign,Benign,0.4695815145969391
Benign,Benign,0.31509464979171753
Benign,Benign,0.14021921157836914
Benign,Benign,0.04202544689178467
Benign,Benign,0.22790302336215973
Benign,Benign,0.3320504426956177
Benign,Benign,0.1233162209391594
Benign,Benign,0.03163527324795723
Benign,Benign,0.38315901160240173
Benign,Benign,0.20323815941810608
Benign,Benign,0.43519535660743713
Benign,Benign,0.435656875371933
Benign,Benign,0.23476174473762512
Benign,Benign,0.3567896783351898
Benign,Benign,0.18331728875637054
Benign,Benign,0.21212172508239746
Benign,Benign,0.20532192289829254
Benign,Benign,0.15038946270942688
Benign,Benign,0.31222593784332275
Benign,Malicious,0.9832618236541748
Benign,Benign,0.3386888802051544
Benign,Benign,0.4899568259716034
Benign,Benign,0.2105768471956253
Benign,Benign,0.07423090934753418
Benign,Malicious,0.9931262135505676
Benign,Benign,0.27974140644073486
Benign,Benign,0.35568147897720337
Benign,Benign,0.2927406132221222
Benign,Benign,0.3005487024784088
Benign,Benign,0.4156511127948761
Benign,Benign,0.2609088718891144
Benign,Benign,0.3979852795600891
Benign,Benign,0.34362295269966125
Benign,Benign,0.3348310887813568
Benign,Benign,0.3906576931476593
Benign,Benign,0.4490033686161041
Benign,Benign,0.4188387095928192
Benign,Benign,0.39034613966941833
Benign,Benign,0.3558650314807892
Benign,Benign,2.812994724696215e-20
Benign,Benign,0.4028231203556061
Benign,Benign,0.3714539110660553
Benign,Benign,0.258901447057724
Benign,Benign,0.3970634937286377
Benign,Benign,0.24257968366146088
Benign,Benign,0.04211289808154106
Benign,Benign,0.16390453279018402
Benign,Benign,0.30723807215690613
Benign,Benign,0.4521535634994507
Benign,Benign,0.42040345072746277
Benign,Benign,0.3778166174888611
Benign,Benign,0.3161853849887848
Benign,Benign,0.39653125405311584
Benign,Benign,0.44211286306381226
Benign,Benign,0.38064855337142944
Benign,Benign,0.3924127221107483
Benign,Benign,0.30707037448883057
Benign,Benign,0.0694461315870285
Benign,Benign,0.3642221987247467
Benign,Benign,0.41296565532684326
Benign,Benign,0.42821004986763
Benign,Benign,0.2965869605541229
Benign,Benign,0.33137473464012146
Benign,Benign,0.36321768164634705
Benign,Benign,0.20569118857383728
Benign,Benign,0.44241398572921753
Benign,Benign,0.3583314120769501
Benign,Benign,0.44920650124549866
Benign,Benign,0.4220581352710724
Benign,Benign,0.3680775761604309
Benign,Benign,0.3086017668247223
Benign,Benign,0.3807304799556732
Benign,Benign,0.4385804831981659
Benign,Benign,0.17382092773914337
Benign,Benign,0.43988505005836487
Benign,Benign,0.4132275879383087
Benign,Benign,0.39884522557258606
Benign,Benign,0.2804974615573883
Benign,Benign,0.4006924331188202
Benign,Benign,0.25966551899909973
Benign,Benign,0.4615139663219452
Benign,Benign,0.1075039803981781
Benign,Benign,0.1980481892824173
Benign,Benign,0.2712723910808563
Benign,Benign,0.3595072031021118
Benign,Malicious,0.9815132021903992
Benign,Benign,0.3747682273387909
Benign,Benign,0.4054621160030365
Benign,Benign,0.30523478984832764
Benign,Benign,0.4151458144187927
Benign,Benign,0.41105979681015015
Benign,Benign,0.088654525578022
Benign,Benign,0.41354143619537354
Benign,Benign,0.3709724545478821
Benign,Benign,0.32673242688179016
Benign,Benign,0.41664907336235046
Benign,Benign,0.3412873446941376
Benign,Benign,0.03284487500786781
Benign,Benign,0.32572656869888306
Benign,Benign,0.2448369860649109
Benign,Benign,0.2996057868003845
Benign,Benign,0.3456246554851532
Benign,Benign,0.14520035684108734
Benign,Benign,0.3513512909412384
Benign,Benign,0.20064188539981842
Benign,Benign,0.33127719163894653
Benign,Benign,0.2404647320508957
Benign,Benign,0.00937990564852953
Benign,Benign,0.19028283655643463
Benign,Benign,0.29833757877349854
Benign,Benign,0.3006487786769867
Benign,Benign,0.3383365571498871
Benign,Benign,0.35733047127723694
Benign,Benign,0.308321088552475
Benign,Benign,0.019346410408616066
Benign,Benign,0.34411555528640747
Benign,Benign,0.3724946081638336
Benign,Benign,0.33118700981140137
Benign,Benign,0.32164379954338074
Benign,Benign,0.32163095474243164
Benign,Benign,0.35564860701560974
Benign,Benign,0.32736772298812866
Benign,Benign,0.4118573069572449
Benign,Benign,0.3166361451148987
Benign,Benign,0.34919512271881104
Benign,Benign,0.26616379618644714
Benign,Benign,0.2431548535823822
Benign,Benign,0.1542944461107254
Benign,Benign,0.325192391872406
Benign,Benign,0.3060384690761566
Benign,Benign,0.28621426224708557
Benign,Benign,0.4323054552078247
Benign,Benign,0.41374897956848145
Benign,Benign,0.298824280500412
Benign,Benign,0.39509671926498413
Benign,Benign,0.25970953702926636
Benign,Benign,0.3217887580394745
Benign,Benign,0.4064289331436157
Benign,Benign,0.4027583599090576
Benign,Benign,0.3616298735141754
Benign,Benign,0.39149928092956543
Benign,Benign,0.41742753982543945
Benign,Benign,0.16830959916114807
Benign,Benign,0.34728628396987915
Benign,Benign,0.40936535596847534
Benign,Benign,0.19676588475704193
Benign,Benign,1.5366431271954945e-14
Benign,Benign,0.33680251240730286
Benign,Benign,0.44388848543167114
Benign,Benign,0.4575417935848236
Benign,Benign,0.3089315891265869
Benign,Benign,0.30075129866600037
Benign,Benign,0.45943403244018555
Benign,Benign,0.39199042320251465
Benign,Benign,0.38810327649116516
Benign,Benign,0.3523709177970886
Benign,Benign,0.3039534389972687
Benign,Benign,0.27398285269737244
Benign,Benign,0.4136591851711273
Benign,Benign,0.14255639910697937
Benign,Benign,0.3354543149471283
Benign,Benign,0.35134175419807434
Benign,Benign,0.40518099069595337
Benign,Benign,0.17662563920021057
Benign,Benign,0.2453780323266983
Benign,Benign,0.3915504217147827
Benign,Benign,0.45437875390052795
Benign,Benign,0.08710452169179916
Benign,Benign,0.366298109292984
Benign,Benign,0.07185744494199753
Benign,Benign,0.06398481130599976
Benign,Benign,0.2557676136493683
Benign,Benign,0.3740585148334503
Benign,Benign,0.3968181908130646
Benign,Benign,0.23013444244861603
Benign,Benign,0.3191821575164795
Benign,Benign,0.1231444701552391
Benign,Benign,0.34460026025772095
Benign,Benign,0.27234113216400146
Benign,Benign,0.4616701602935791
Benign,Benign,0.17974069714546204
Benign,Benign,0.09681553393602371
Benign,Benign,0.42889925837516785
Benign,Benign,0.16004714369773865
Benign,Benign,0.19641940295696259
Benign,Benign,0.3179941773414612
Benign,Benign,0.4584992825984955
Benign,Malicious,0.9859756231307983
Benign,Benign,0.3276083171367645
Benign,Benign,0.3692791759967804
Benign,Benign,0.40297213196754456
Benign,Benign,0.3363124430179596
Benign,Benign,0.4116395115852356
Benign,Benign,0.3629310727119446
Benign,Benign,0.059881772845983505
Benign,Benign,0.09049928933382034
Benign,Benign,0.44675213098526
Benign,Benign,0.4181572496891022
Benign,Benign,0.2628827691078186
Benign,Benign,0.2905864417552948
Benign,Benign,6.2953237092959385e-19
Benign,Benign,0.3246729075908661
Benign,Benign,0.2923559248447418
Benign,Benign,0.40374019742012024
Benign,Benign,0.3664083778858185
Benign,Benign,0.3212016522884369
Benign,Benign,0.41453495621681213
Benign,Benign,0.3585333526134491
Benign,Benign,0.26231539249420166
Benign,Benign,0.43828508257865906
Benign,Benign,0.2675207853317261
Benign,Benign,0.44346728920936584
Benign,Benign,0.25961339473724365
Benign,Benign,0.38501375913619995
Benign,Benign,0.4919235408306122
Benign,Benign,0.34577125310897827
Benign,Benign,0.4110056459903717
Benign,Benign,0.38291946053504944
Benign,Benign,0.39893966913223267
Benign,Benign,0.43004274368286133
Benign,Benign,0.30357879400253296
Benign,Benign,0.3018103241920471
Benign,Benign,0.4077832102775574
Benign,Benign,0.22233371436595917
Benign,Benign,0.2664385139942169
Benign,Benign,0.3909931778907776
Benign,Benign,0.4325588047504425
Benign,Benign,0.26047709584236145
Benign,Benign,0.3320625424385071
Benign,Benign,0.40358680486679077
Benign,Benign,0.32436686754226685
Benign,Benign,0.3025602102279663
Benign,Benign,0.31054240465164185
Benign,Benign,0.3442009687423706
Benign,Benign,0.05276400223374367
Benign,Malicious,0.9826805591583252
Benign,Benign,0.4292981028556824
Benign,Benign,0.3113679587841034
Benign,Benign,0.4506194293498993
Benign,Benign,0.0045866165310144424
Benign,Benign,0.44132912158966064
Benign,Benign,0.1641395092010498
Benign,Benign,0.4167228043079376
Benign,Benign,0.3779922425746918
Benign,Benign,0.3163781762123108
Benign,Benign,0.2370460033416748
Benign,Benign,0.35427045822143555
Benign,Benign,0.29020825028419495
Benign,Benign,0.40175896883010864
Benign,Benign,0.26259273290634155
Benign,Benign,0.41406524181365967
Benign,Benign,0.06850457936525345
Benign,Benign,0.04376747086644173
Benign,Benign,0.2671315670013428
Benign,Benign,0.4442363381385803
Benign,Benign,0.24308276176452637
Benign,Benign,0.4289991855621338
Benign,Benign,0.26677894592285156
Benign,Benign,0.26807746291160583
Benign,Benign,0.4478287994861603
Benign,Benign,0.315263032913208
Benign,Benign,0.29834428429603577
Benign,Benign,0.2647101879119873
Benign,Benign,0.4283386468887329
Benign,Benign,0.2997839152812958
Benign,Benign,0.04476645588874817
Benign,Benign,0.31723612546920776
Benign,Benign,0.31825536489486694
Benign,Benign,0.2976505756378174
Benign,Benign,0.04211655631661415
Benign,Benign,0.39959517121315
Benign,Benign,0.10209444910287857
Benign,Benign,0.40170323848724365
Benign,Benign,0.31107044219970703
Benign,Benign,0.4152240753173828
Benign,Benign,0.24121728539466858
Benign,Benign,0.39934447407722473
Benign,Benign,0.3691726326942444
Benign,Benign,0.17733627557754517
Benign,Benign,0.06669160723686218
Benign,Benign,0.3178827166557312
Benign,Benign,0.42400062084198
Benign,Benign,0.1308707743883133
Benign,Benign,0.2659648656845093
Benign,Benign,0.2900739014148712
Benign,Benign,0.15603753924369812
Benign,Benign,0.2605794370174408
Benign,Benign,0.2203577160835266
Benign,Benign,0.23437060415744781
Benign,Benign,0.355853408575058
Benign,Benign,0.3298172652721405
Benign,Benign,0.4635012447834015
Benign,Benign,0.3126591145992279
Benign,Benign,0.45101386308670044
Benign,Benign,0.41393229365348816
Benign,Benign,0.25604337453842163
Benign,Benign,0.2629229426383972
Benign,Benign,0.22592993080615997
Benign,Benign,0.11166917532682419
Benign,Benign,0.3825794458389282
Benign,Benign,0.024932146072387695
Benign,Benign,0.3286713659763336
Benign,Benign,0.3930177688598633
Benign,Benign,0.268767774105072
Benign,Benign,0.3829980790615082
Benign,Benign,0.31390613317489624
Benign,Benign,0.3020764887332916
Benign,Benign,0.3297291100025177
Benign,Benign,0.24734950065612793
Benign,Benign,0.3869193196296692
Benign,Benign,0.20456765592098236
Benign,Benign,0.3517853021621704
Benign,Benign,0.4539963901042938
Benign,Benign,0.28204962611198425
Benign,Benign,0.41942086815834045
Benign,Benign,0.4030253291130066
Benign,Benign,0.05993054434657097
Benign,Benign,0.4169761836528778
Benign,Benign,0.4006425142288208
Benign,Benign,0.36474478244781494
Benign,Benign,0.05383240804076195
Benign,Benign,0.3012705147266388
Benign,Benign,0.19710995256900787
Benign,Benign,0.37535834312438965
Benign,Benign,0.14515945315361023
Benign,Benign,0.43276721239089966
Benign,Benign,0.46900439262390137
Benign,Benign,0.0965348407626152
Benign,Benign,0.04511822387576103
Benign,Benign,0.20101648569107056
Benign,Benign,0.4472528100013733
Benign,Benign,0.2522519528865814
Benign,Benign,0.45402032136917114
Benign,Benign,0.08911526203155518
Benign,Benign,0.263800710439682
Benign,Benign,0.24067482352256775
Benign,Benign,0.3727448880672455
Benign,Benign,0.2933552861213684
Benign,Benign,0.35793790221214294
Benign,Benign,0.3276253044605255
Benign,Benign,0.13229908049106598
Benign,Benign,0.17473742365837097
Benign,Benign,0.42807453870773315
Benign,Benign,0.37148141860961914
Benign,Benign,0.4404368996620178
Benign,Benign,0.17980360984802246
Benign,Benign,0.4268604815006256
Benign,Benign,0.4160241484642029
Benign,Benign,0.3843144476413727
Benign,Malicious,0.6635643839836121
Benign,Benign,0.22814248502254486
Benign,Benign,0.42700377106666565
Benign,Benign,0.3468841314315796
Benign,Benign,0.3181503117084503
Benign,Benign,0.40246671438217163
Benign,Benign,0.3860717713832855
Benign,Benign,0.31267422437667847
Benign,Benign,0.33711791038513184
Benign,Benign,0.293465793132782
Benign,Benign,0.37556466460227966
Benign,Benign,0.40100809931755066
Benign,Benign,0.08687775582075119
Benign,Benign,0.444085955619812
Benign,Benign,0.3912997841835022
Benign,Benign,0.38350993394851685
Benign,Benign,0.30052006244659424
Benign,Benign,0.02959410659968853
Benign,Benign,0.4011063575744629
Benign,Benign,0.4109800159931183
Benign,Benign,0.3072164058685303
Benign,Benign,0.4219667911529541
Benign,Benign,0.1762501299381256
Benign,Benign,0.2275925576686859
Benign,Benign,0.2647069990634918
Benign,Benign,0.4111822545528412
Benign,Benign,0.4406290650367737
Benign,Benign,0.3759675621986389
Benign,Benign,0.243838831782341
Benign,Benign,0.38430851697921753
Benign,Benign,0.15860606729984283
Benign,Benign,0.2875773310661316
Benign,Benign,0.44025102257728577
Benign,Benign,0.39228183031082153
Benign,Benign,0.1800500601530075
Benign,Benign,0.16863933205604553
Benign,Benign,0.19946889579296112
Benign,Benign,0.2963881194591522
Benign,Benign,0.1380099058151245
Benign,Benign,0.30522724986076355
Benign,Benign,0.41709452867507935
Benign,Benign,0.18773183226585388
Benign,Benign,0.4552193582057953
Benign,Benign,0.35944750905036926
Benign,Benign,0.44677814841270447
Benign,Benign,0.4366856813430786
Benign,Benign,0.41831159591674805
Benign,Benign,0.033827994018793106
Benign,Benign,0.4339165687561035
Benign,Benign,0.35725465416908264
Benign,Benign,0.24949945509433746
Benign,Benign,0.3991723656654358
Benign,Benign,0.3480779230594635
Benign,Benign,0.38810381293296814
Benign,Benign,0.42900189757347107
Benign,Benign,0.29926490783691406
Benign,Benign,0.36401620507240295
Benign,Benign,0.27686241269111633
Benign,Benign,0.42586442828178406
Benign,Benign,0.17389212548732758
Benign,Benign,0.40620744228363037
Benign,Benign,0.2605147063732147
Benign,Benign,2.3914597686887843e-20
Benign,Benign,0.3747580349445343
Benign,Benign,0.35428184270858765
Benign,Benign,0.19205762445926666
Benign,Benign,0.26222360134124756
Benign,Benign,0.07481752336025238
Benign,Benign,0.3696398437023163
Benign,Benign,0.43066102266311646
Benign,Benign,0.178896963596344
Benign,Benign,0.3737252354621887
Benign,Benign,0.325906366109848
Benign,Benign,0.3500373065471649
Benign,Benign,0.4171438217163086
Benign,Benign,0.18095722794532776
Benign,Benign,0.32582443952560425
Benign,Benign,0.27139803767204285
Benign,Benign,0.31753236055374146
Benign,Benign,0.1464361548423767
Benign,Benign,0.3058639168739319
Benign,Benign,0.34021738171577454
Benign,Benign,0.4191363453865051
Benign,Benign,0.3437017500400543
Benign,Benign,0.3780463933944702
Benign,Benign,0.24326707422733307
Benign,Benign,0.20406176149845123
Benign,Benign,0.31060343980789185
Benign,Benign,0.2517879009246826
Benign,Benign,0.31420016288757324
Benign,Benign,0.36892643570899963
Benign,Benign,0.30830517411231995
Benign,Benign,0.05363381654024124
Benign,Benign,0.2009233832359314
Benign,Benign,0.05668091028928757
Benign,Benign,0.4084872007369995
Benign,Benign,0.3162177801132202
Benign,Benign,0.2787315845489502
Benign,Benign,0.30368125438690186
Benign,Benign,0.24147364497184753
Benign,Benign,0.17213620245456696
Benign,Benign,0.17970490455627441
Benign,Benign,0.1970735341310501
Benign,Benign,0.3509864807128906
Benign,Benign,0.41292718052864075
Benign,Benign,0.4451785385608673
Benign,Benign,0.41128137707710266
Benign,Benign,0.21658775210380554
Benign,Benign,0.30692943930625916
Benign,Benign,0.2793757915496826
Benign,Benign,0.17171403765678406
Benign,Benign,0.44676005840301514
Benign,Benign,0.387186199426651
Benign,Benign,0.4301941692829132
Benign,Benign,0.2331160604953766
Benign,Benign,0.06296762079000473
Benign,Benign,0.29787349700927734
Benign,Benign,0.3908471465110779
Benign,Benign,0.3036368489265442
Benign,Benign,0.28247472643852234
Benign,Benign,0.49199143052101135
Benign,Benign,0.4000326693058014
Benign,Benign,0.3487979769706726
Benign,Benign,0.44435152411460876
Benign,Benign,0.25521039962768555
Benign,Benign,0.3275936245918274
Benign,Benign,0.3523341417312622
Benign,Benign,0.2981891632080078
Benign,Benign,0.1711951643228531
Benign,Benign,0.2545270323753357
Benign,Benign,0.1540667563676834
Benign,Benign,0.43798738718032837
Benign,Benign,0.2496272623538971
Benign,Benign,0.3560057282447815
Benign,Benign,0.1861460953950882
Benign,Benign,0.4178694188594818
Benign,Benign,0.45135751366615295
Benign,Benign,0.31353893876075745
Benign,Benign,0.38399580121040344
Benign,Benign,0.4457569420337677
Benign,Benign,0.3139846920967102
Benign,Benign,0.4145318567752838
Benign,Benign,0.4400385022163391
Benign,Benign,0.33848655223846436
Benign,Benign,0.2629823684692383
Benign,Benign,0.32292628288269043
Benign,Benign,0.13953638076782227
Benign,Benign,0.4063750207424164
Benign,Benign,0.3776514530181885
Benign,Benign,0.3313409090042114
Benign,Benign,0.3788782060146332
Benign,Benign,0.36971616744995117
Benign,Benign,0.2046079784631729
Benign,Benign,0.1743001937866211
Benign,Benign,0.02111757919192314
Benign,Benign,0.3627622425556183
Benign,Benign,0.44493427872657776
Benign,Benign,0.19720013439655304
Benign,Benign,0.33305075764656067
Benign,Benign,0.38634589314460754
Benign,Benign,0.3368879556655884
Benign,Benign,0.22516405582427979
Benign,Benign,0.3690280616283417
Benign,Benign,0.2153671681880951
Benign,Benign,0.4459224045276642
Benign,Benign,0.4238103926181793
Benign,Benign,0.25416457653045654
Benign,Benign,0.4768129885196686
Benign,Benign,0.41436395049095154
Benign,Benign,0.3666611313819885
Benign,Benign,0.39442557096481323
Benign,Benign,0.16605156660079956
Benign,Benign,0.309731125831604
Benign,Benign,0.1800694316625595
Benign,Benign,0.373503714799881
Benign,Benign,0.3317134976387024
Benign,Benign,0.33724144101142883
Benign,Benign,0.3650539517402649
Benign,Benign,0.43210700154304504
Benign,Benign,0.3166700005531311
Benign,Benign,0.36748090386390686
Benign,Benign,0.31444448232650757
Benign,Benign,0.36425814032554626
Benign,Benign,0.45191600918769836
Benign,Benign,0.29544591903686523
Benign,Benign,0.36240455508232117
Benign,Benign,0.38237258791923523
Benign,Benign,0.43321967124938965
Benign,Benign,0.2382955402135849
Benign,Benign,0.3959837853908539
Benign,Benign,0.38597729802131653
Benign,Benign,0.4029536545276642
Benign,Benign,0.2942744791507721
Benign,Benign,0.4500778913497925
Benign,Benign,0.2956106662750244
Benign,Benign,0.19884461164474487
Benign,Benign,0.03291085734963417
Benign,Benign,0.4415217638015747
Benign,Benign,0.30327942967414856
Benign,Benign,0.3390185534954071
Benign,Benign,0.3235452473163605
Benign,Benign,0.3124057948589325
Benign,Benign,0.32784271240234375
Benign,Benign,0.4731297194957733
Benign,Benign,0.3748175799846649
Benign,Benign,0.3362685441970825
Benign,Benign,0.1753252148628235
Benign,Benign,0.22206783294677734
Benign,Benign,0.457211971282959
Benign,Benign,0.25297218561172485
Benign,Benign,0.06885643303394318
Benign,Benign,0.40714284777641296
Benign,Benign,0.20616887509822845
Benign,Benign,0.33426254987716675
Benign,Benign,0.2764759361743927
Benign,Benign,0.06463147699832916
Benign,Benign,0.36140763759613037
Benign,Benign,0.3799574673175812
Benign,Benign,0.4539183974266052
Benign,Benign,0.22916358709335327
Benign,Benign,0.35595229268074036
Benign,Benign,0.21141338348388672
Benign,Benign,0.33317217230796814
Benign,Benign,0.28962817788124084
Benign,Benign,0.2801675796508789
Benign,Benign,0.35016587376594543
Benign,Benign,0.24569594860076904
Benign,Benign,0.43199318647384644
Benign,Benign,0.25665807723999023
Benign,Benign,0.43982774019241333
Benign,Benign,0.4024684429168701
Benign,Benign,0.11803629994392395
Benign,Benign,0.3631344437599182
Benign,Benign,0.20228107273578644
Benign,Malicious,0.5081901550292969
Benign,Benign,0.21107608079910278
Benign,Benign,0.3193126618862152
Benign,Benign,0.09568566828966141
Benign,Benign,0.4231851100921631
Benign,Benign,0.4521055817604065
Benign,Benign,0.42163097858428955
Benign,Benign,0.33336642384529114
Benign,Benign,0.36089611053466797
Benign,Benign,0.3911786377429962
Benign,Benign,0.2195347547531128
Benign,Benign,0.2946060299873352
Benign,Benign,0.2194252908229828
Benign,Benign,0.4620146155357361
Benign,Benign,0.45472440123558044
Benign,Benign,0.3529913127422333
Benign,Benign,0.3980961740016937
Benign,Benign,0.09662879258394241
Benign,Benign,0.34339743852615356
Benign,Benign,0.423769474029541
Benign,Benign,0.31099554896354675
Benign,Benign,0.3608796000480652
Benign,Benign,0.3368096649646759
Benign,Benign,0.4358680248260498
Benign,Benign,0.46142831444740295
Benign,Benign,0.4084874391555786
Benign,Benign,0.21949045360088348
Benign,Benign,0.18109390139579773
Benign,Benign,0.418179988861084
Benign,Benign,0.07371975481510162
Benign,Benign,0.4101344048976898
Benign,Benign,0.30665501952171326
Benign,Benign,0.25473716855049133
Benign,Benign,0.49072298407554626
Benign,Benign,0.30916666984558105
Benign,Benign,0.17080152034759521
Benign,Benign,0.3177216053009033
Benign,Benign,0.07379690557718277
Benign,Benign,0.364067405462265
Benign,Benign,0.24808239936828613
Benign,Benign,0.17747244238853455
Benign,Benign,0.4362792670726776
Benign,Benign,0.35322055220603943
Benign,Benign,0.4477775990962982
Benign,Benign,0.3380128741264343
Benign,Benign,0.44095367193222046
Benign,Benign,0.44285282492637634
Benign,Benign,0.3188111186027527
Benign,Benign,0.37768635153770447
Benign,Benign,0.31208091974258423
Benign,Benign,0.40793317556381226
Benign,Benign,0.2620662748813629
Benign,Benign,0.3196813464164734
Benign,Benign,0.4654068052768707
Benign,Benign,0.417919397354126
Benign,Benign,0.3254270553588867
Benign,Benign,0.28483983874320984
Benign,Benign,0.43363165855407715
Benign,Benign,0.2857571840286255
Benign,Benign,0.21855460107326508
Benign,Benign,0.4072995185852051
Benign,Benign,0.42283082008361816
Benign,Benign,0.33528056740760803
Benign,Benign,0.4031122028827667
Benign,Benign,0.45368126034736633
Benign,Benign,0.02849533222615719
Benign,Benign,2.3927007011663272e-20
Benign,Benign,0.3016318082809448
Benign,Benign,0.43488967418670654
Benign,Benign,0.2905965745449066
Benign,Benign,0.2501178979873657
Benign,Benign,0.45380887389183044
Benign,Benign,0.28911516070365906
Benign,Benign,0.0728711187839508
Benign,Benign,0.35147911310195923
Benign,Benign,0.3643766939640045
Benign,Benign,0.33610400557518005
Benign,Benign,0.44200634956359863
Benign,Benign,0.41225767135620117
Benign,Benign,0.1554979681968689
Benign,Benign,0.4668985605239868
Benign,Benign,0.17100530862808228
Benign,Benign,0.40440282225608826
Benign,Benign,0.3693285584449768
Benign,Benign,0.40769892930984497
Benign,Benign,0.32232919335365295
Benign,Benign,0.2631481885910034
Benign,Benign,0.35375478863716125
Benign,Benign,0.27802395820617676
Benign,Benign,0.04632989317178726
Benign,Benign,0.2032967358827591
Benign,Benign,0.44945481419563293
Benign,Benign,0.30968451499938965
Benign,Benign,0.35725346207618713
Benign,Benign,0.02099425718188286
Benign,Benign,0.3178812265396118
Benign,Benign,0.2000618427991867
Benign,Benign,0.37664180994033813
Benign,Benign,0.16896970570087433
Benign,Benign,0.45471274852752686
Benign,Benign,0.44237762689590454
Benign,Benign,0.26862913370132446
Benign,Benign,0.2513442039489746
Benign,Benign,0.4474813640117645
Benign,Benign,0.2743004262447357
Benign,Benign,0.20797541737556458
Benign,Benign,0.27004608511924744
Benign,Benign,0.41253790259361267
Benign,Benign,0.39321184158325195
Benign,Benign,0.3343494236469269
Benign,Benign,0.2673704922199249
Benign,Benign,0.33922523260116577
Benign,Benign,0.4590224623680115
Benign,Benign,0.3774871826171875
Benign,Benign,0.11888395994901657
Benign,Benign,0.3673529624938965
Benign,Benign,0.03227706998586655
Benign,Benign,0.060832440853118896
Benign,Benign,0.02439366653561592
Benign,Benign,0.28211545944213867
Benign,Benign,0.4182206690311432
Benign,Benign,0.31627506017684937
Benign,Benign,0.20581340789794922
Benign,Benign,0.38439884781837463
Benign,Benign,0.3258342742919922
Benign,Benign,0.2783622443675995
Benign,Benign,0.3474785387516022
Benign,Benign,0.3714943826198578
Benign,Benign,0.44852036237716675
Benign,Benign,0.24070560932159424
Benign,Benign,0.22515422105789185
Benign,Benign,0.3650197386741638
Benign,Benign,0.4305943548679352
Benign,Benign,0.31278443336486816
Benign,Benign,0.3547765016555786
Benign,Benign,0.4355446994304657
Benign,Benign,0.07253424823284149
Benign,Benign,0.353813499212265
Benign,Benign,0.38864922523498535
Benign,Benign,0.39171698689460754
Benign,Benign,0.3765545189380646
Benign,Benign,0.23998478055000305
Benign,Benign,0.28296345472335815
Benign,Benign,0.45094045996665955
Benign,Benign,0.16531766951084137
Benign,Benign,0.3611288070678711
Benign,Benign,0.20438611507415771
Benign,Benign,0.4386287033557892
Benign,Benign,0.4015493392944336
Benign,Benign,0.19015727937221527
Benign,Benign,0.34151798486709595
Benign,Benign,0.12192270159721375
Benign,Benign,0.4551723003387451
Benign,Benign,0.3191038966178894
Benign,Benign,0.2958678603172302
Benign,Benign,0.4109402894973755
Benign,Benign,0.32083410024642944
Benign,Benign,0.12322665750980377
Benign,Benign,0.3301377594470978
Benign,Benign,0.2079593688249588
Benign,Benign,0.35393691062927246
Benign,Benign,0.3495619297027588
Benign,Benign,0.27962976694107056
Benign,Benign,0.3354718089103699
Benign,Benign,0.44238847494125366
Benign,Benign,0.3018048107624054
Benign,Benign,0.1796034723520279
Benign,Benign,0.23727700114250183
Benign,Benign,0.3382917642593384
Benign,Benign,0.2779216170310974
Benign,Benign,0.4429728388786316
Benign,Benign,0.2500925362110138
Benign,Benign,0.20810356736183167
Benign,Benign,0.37417054176330566
Benign,Benign,0.4028310775756836
Benign,Benign,0.33204519748687744
Benign,Benign,0.2614714801311493
Benign,Benign,0.27176594734191895
Benign,Benign,0.34592491388320923
Benign,Benign,0.34495988488197327
Benign,Benign,0.3810747265815735
Benign,Benign,0.037262797355651855
Benign,Benign,0.3126506805419922
Benign,Benign,0.2845427095890045
Benign,Benign,0.43010836839675903
Benign,Benign,0.44517165422439575
Benign,Benign,0.3333722651004791
Benign,Benign,0.19646897912025452
Benign,Benign,0.4450763761997223
Benign,Benign,0.42027464509010315
Benign,Benign,0.140261709690094
Benign,Benign,0.3398471474647522
Benign,Benign,0.22640739381313324
Benign,Benign,0.33965206146240234
Benign,Benign,7.636779229824864e-12
Benign,Benign,0.38100868463516235
Benign,Benign,0.26446402072906494
Benign,Benign,0.26485320925712585
Benign,Benign,0.3443499505519867
Benign,Benign,0.26420968770980835
Benign,Benign,0.14255206286907196
Benign,Benign,0.4601709544658661
Benign,Benign,0.32878822088241577
Benign,Benign,0.24240674078464508
Benign,Benign,0.46207380294799805
Benign,Benign,0.20293451845645905
Benign,Benign,0.3484787344932556
Benign,Benign,0.3627415895462036
Benign,Benign,0.10560911893844604
Benign,Benign,0.24734413623809814
Benign,Benign,0.41201430559158325
Benign,Benign,0.2071000635623932
Benign,Benign,0.4455532431602478
Benign,Benign,0.18292899429798126
Benign,Benign,0.3912515342235565
Benign,Benign,0.27047765254974365
Benign,Benign,0.3414323925971985
Benign,Benign,0.29613205790519714
Benign,Benign,0.2610771954059601
Benign,Benign,0.3178659975528717
Benign,Benign,0.17942701280117035
Benign,Benign,0.2854071855545044
Benign,Benign,0.30578187108039856
Benign,Benign,0.4535621702671051
Benign,Benign,0.4111180305480957
Benign,Benign,0.3331749439239502
Benign,Benign,0.21869967877864838
Benign,Benign,0.04649226367473602
Benign,Benign,0.32302770018577576
Benign,Benign,0.4167969524860382
Benign,Benign,0.26960256695747375
Benign,Benign,0.4166944921016693
Benign,Benign,0.2019571214914322
Benign,Benign,0.41262486577033997
Benign,Benign,0.3955366313457489
Benign,Benign,0.09982247650623322
Benign,Benign,0.4511500298976898
Benign,Benign,0.40417397022247314
Benign,Benign,0.4008979797363281
Benign,Benign,0.44339069724082947
Benign,Malicious,0.9975473284721375
Benign,Benign,0.27282464504241943
Benign,Benign,0.43952634930610657
Benign,Benign,0.358091801404953
Benign,Benign,0.28328737616539
Benign,Benign,0.25840887427330017
Benign,Benign,0.0
Benign,Benign,0.3601341247558594
Benign,Benign,0.3868606388568878
Benign,Benign,0.4196259677410126
Benign,Benign,0.29629525542259216
Benign,Benign,0.34240463376045227
Benign,Benign,0.27307140827178955
Benign,Benign,0.27683454751968384
Benign,Benign,0.1382157951593399
Benign,Benign,0.43071475625038147
Benign,Benign,0.22641699016094208
Benign,Benign,0.3556734323501587
Benign,Benign,0.19899381697177887
Benign,Benign,0.0789852887392044
Benign,Benign,0.2717509865760803
Benign,Benign,0.4393260180950165
Benign,Benign,0.19574573636054993
Benign,Benign,0.188977912068367
Benign,Benign,0.22034898400306702
Benign,Benign,0.2982761263847351
Benign,Benign,0.39946362376213074
Benign,Benign,0.2611311972141266
Benign,Benign,0.40191006660461426
Benign,Benign,0.3058311641216278
Benign,Benign,0.13158468902111053
Benign,Benign,0.038406647741794586
Benign,Benign,3.4641891076368916e-20
Benign,Benign,0.3572620749473572
Benign,Benign,0.33135542273521423
Benign,Benign,0.3077460825443268
Benign,Benign,0.2999867796897888
Benign,Benign,0.04679010808467865
Benign,Benign,0.25667375326156616
Benign,Benign,0.375560998916626
Benign,Benign,0.16225863993167877
Benign,Benign,0.4535902142524719
Benign,Benign,2.9192111776965594e-20
Benign,Benign,0.3127194046974182
Benign,Benign,0.35904762148857117
Benign,Benign,0.3585091233253479
Benign,Benign,0.34730371832847595
Benign,Benign,0.309659481048584
Benign,Benign,0.05823696404695511
Benign,Benign,0.32024824619293213
Benign,Benign,0.35391417145729065
Benign,Benign,0.20760473608970642
Benign,Benign,0.09780596941709518
Benign,Benign,0.49295130372047424
Benign,Benign,0.4500710964202881
Benign,Benign,0.2329513132572174
Benign,Benign,0.2620057761669159
Benign,Benign,0.23964166641235352
Benign,Benign,0.045388273894786835
Benign,Benign,0.3297581970691681
Benign,Benign,0.29389292001724243
Benign,Benign,0.402874618768692
Benign,Benign,0.43837830424308777
Benign,Benign,0.17669622600078583
Benign,Benign,0.40042826533317566
Benign,Benign,0.2854362428188324
Benign,Benign,0.1255626529455185
Benign,Benign,0.3518366515636444
Benign,Benign,0.1115114688873291
Benign,Benign,0.3080274164676666
Benign,Benign,0.3477875292301178
Benign,Benign,0.149518683552742
Benign,Benign,0.03322647884488106
Benign,Benign,0.33528390526771545
Benign,Benign,0.34505215287208557
Benign,Benign,0.3301200568675995
Benign,Benign,0.39468783140182495
Benign,Benign,0.28804752230644226
Benign,Benign,0.026210755109786987
Benign,Benign,0.32841673493385315
Benign,Benign,0.2594420313835144
Benign,Benign,0.13274464011192322
Benign,Benign,0.24225981533527374
Benign,Benign,0.4052044153213501
Benign,Benign,0.38252758979797363
Benign,Benign,0.38881853222846985
Benign,Benign,0.32981202006340027
Benign,Benign,0.346264123916626
Benign,Benign,0.42014768719673157
Benign,Benign,0.42137211561203003
Benign,Benign,0.15383437275886536
Benign,Benign,0.33086925745010376
Benign,Benign,0.3408231735229492
Benign,Benign,0.3645567297935486
Benign,Benign,0.3568301200866699
Benign,Benign,0.3008241057395935
Benign,Benign,0.05726710706949234
Benign,Benign,0.44986122846603394
Benign,Benign,0.3289486765861511
Benign,Benign,0.24203291535377502
Benign,Benign,0.13033151626586914
Benign,Malicious,0.5146879553794861
Benign,Benign,0.19614073634147644
Benign,Benign,0.4304203391075134
Benign,Benign,8.946775778895244e-05
Benign,Benign,0.32217174768447876
Benign,Benign,0.25788408517837524
Benign,Benign,1.742867773503382e-20
Benign,Benign,0.40292713046073914
Benign,Benign,0.40157777070999146
Benign,Benign,0.4430583715438843
Benign,Benign,0.43263643980026245
Benign,Benign,0.2919981777667999
Benign,Benign,0.44664010405540466
Benign,Benign,0.13302040100097656
Benign,Benign,0.3246457278728485
Benign,Benign,0.3158591091632843
Benign,Benign,0.4575236439704895
Benign,Benign,0.36729303002357483
Benign,Benign,0.37491339445114136
Benign,Benign,0.42005038261413574
Benign,Benign,0.2900112569332123
Benign,Benign,0.3465177118778229
Benign,Benign,0.3286198377609253
Benign,Benign,0.24831946194171906
Benign,Benign,0.39050716161727905
Benign,Benign,0.4270150363445282
Benign,Benign,0.30851858854293823
Benign,Benign,0.4333578646183014
Benign,Benign,0.34645602107048035
Benign,Benign,0.3632144033908844
Benign,Benign,0.31099116802215576
Benign,Benign,0.4338376522064209
Benign,Benign,0.26535511016845703
Benign,Benign,0.37942633032798767
Benign,Benign,0.3218984007835388
Benign,Benign,0.41489848494529724
Benign,Benign,0.26027071475982666
Benign,Benign,0.21519485116004944
Benign,Benign,0.270174115896225
Benign,Benign,0.03342822566628456
Benign,Benign,0.0965726301074028
Benign,Benign,0.41795870661735535
Benign,Benign,0.1860862672328949
Benign,Benign,0.4103606939315796
Benign,Benign,0.1479746252298355
Benign,Benign,0.3512418866157532
Benign,Benign,0.4298131465911865
Benign,Benign,0.4097285270690918
Benign,Benign,0.32756125926971436
Benign,Benign,0.39139285683631897
Benign,Benign,0.4374930262565613
Benign,Benign,0.3599475026130676
Benign,Benign,0.19787055253982544
Benign,Benign,0.3738221824169159
Benign,Benign,0.38089028000831604
Benign,Benign,0.31859683990478516
Benign,Benign,0.25263500213623047
Benign,Benign,0.2570215165615082
Benign,Benign,0.4411300718784332
Benign,Benign,0.45982474088668823
Benign,Benign,0.35260674357414246
Benign,Benign,0.37687093019485474
Benign,Benign,0.41805118322372437
Benign,Benign,0.42021602392196655
Benign,Benign,0.418314665555954
Benign,Benign,0.008830429054796696
Benign,Benign,0.3121352195739746
Benign,Benign,0.23458313941955566
Benign,Benign,0.266976922750473
Benign,Benign,0.3141659200191498
Benign,Benign,0.4494200050830841
Benign,Benign,0.3152848184108734
Benign,Benign,0.30487382411956787
Benign,Benign,0.12560388445854187
Benign,Benign,0.12151600420475006
Benign,Benign,0.3051314651966095
Benign,Benign,0.14160819351673126
Benign,Benign,0.4136674106121063
Benign,Benign,0.2971782982349396
Benign,Benign,0.3127176761627197
Benign,Benign,0.3272990584373474
Benign,Benign,0.3509265184402466
Benign,Benign,0.3066999018192291
Benign,Benign,0.30653896927833557
Benign,Benign,0.3165368139743805
Benign,Benign,0.3077511787414551
Benign,Benign,0.02942291833460331
Benign,Benign,0.26021260023117065
Benign,Benign,0.19665850698947906
Benign,Benign,0.34101730585098267
Benign,Benign,0.43989133834838867
Benign,Benign,0.2745804190635681
Benign,Benign,0.4340939521789551
Benign,Benign,0.4497382938861847
Benign,Benign,0.42818117141723633
Benign,Benign,0.3818413317203522
Benign,Benign,0.16820472478866577
Benign,Benign,0.40971991419792175
Benign,Benign,0.3581152558326721
Benign,Benign,0.34260284900665283
Benign,Benign,0.2714556157588959
Benign,Benign,0.3080867826938629
Benign,Benign,0.26896747946739197
Benign,Benign,0.16770310699939728
Benign,Benign,0.43747133016586304
Benign,Benign,0.22425493597984314
Benign,Benign,0.25755417346954346
Benign,Benign,0.27738749980926514
Benign,Benign,0.17370837926864624
Benign,Benign,0.3850826621055603
Benign,Benign,0.19127032160758972
Benign,Benign,0.31232568621635437
Benign,Benign,0.3815174996852875
Benign,Benign,0.4764697551727295
Benign,Benign,0.33912771940231323
Benign,Benign,0.31949731707572937
Benign,Benign,0.3126642405986786
Benign,Benign,0.3676053285598755
Benign,Benign,0.3459814190864563
Benign,Benign,0.4229019284248352
Benign,Benign,0.4830743968486786
Benign,Benign,0.07269458472728729
Benign,Benign,0.3554636240005493
Benign,Benign,0.4131776690483093
Benign,Benign,0.238067165017128
Benign,Benign,0.014363616704940796
Benign,Benign,0.23183609545230865
Benign,Benign,0.2698413133621216
Benign,Benign,0.3855997323989868
Benign,Benign,0.04563964530825615
Benign,Benign,0.4152015149593353
Benign,Benign,0.17000700533390045
Benign,Benign,0.3184787333011627
Benign,Benign,0.3341841697692871
Benign,Benign,0.16013756394386292
Benign,Benign,0.2990145981311798
Benign,Benign,0.38082775473594666
Benign,Benign,0.26910045742988586
Benign,Benign,0.15605203807353973
Benign,Benign,0.26493582129478455
Benign,Benign,0.15851549804210663
Benign,Benign,0.37810462713241577
Benign,Benign,0.4615234434604645
Benign,Benign,0.14786989986896515
Benign,Benign,0.3280983567237854
Benign,Benign,0.4252215623855591
Benign,Benign,0.21473245322704315
Benign,Benign,0.36284321546554565
Benign,Benign,0.3419787585735321
Benign,Benign,0.27563783526420593
Benign,Benign,0.2782544493675232
Benign,Benign,0.3670884370803833
Benign,Benign,0.2982231676578522
Benign,Benign,0.02431759051978588
Benign,Benign,0.12144626677036285
Benign,Benign,0.2772367000579834
Benign,Benign,0.3792310059070587
Benign,Benign,2.3307209625965238e-20
Benign,Benign,0.25270795822143555
Benign,Benign,0.3582615256309509
Benign,Benign,0.3308493196964264
Benign,Benign,0.37509801983833313
Benign,Benign,0.39131200313568115
Benign,Benign,0.1262708455324173
Benign,Benign,0.2979715168476105
Benign,Benign,0.28526076674461365
Benign,Benign,0.25650128722190857
Benign,Benign,0.3744288682937622
Benign,Benign,0.22145110368728638
Benign,Benign,0.406779944896698
Benign,Benign,0.3750627636909485
Benign,Benign,0.397085577249527
Benign,Benign,0.37494125962257385
Benign,Benign,0.0551496297121048
Benign,Benign,0.12571242451667786
Benign,Benign,0.3794374167919159
Benign,Benign,0.35731351375579834
Benign,Benign,0.4539659917354584
Benign,Benign,0.2805247902870178
Benign,Benign,0.2043275088071823
Benign,Benign,0.3946077227592468
Benign,Benign,0.4340837299823761
Benign,Benign,0.28631681203842163
Benign,Benign,0.3261772096157074
Benign,Benign,0.3783068358898163
Benign,Benign,0.2521835267543793
Benign,Benign,0.47028571367263794
Benign,Benign,0.42820191383361816
Benign,Benign,0.44504794478416443
Benign,Benign,0.20409969985485077
Benign,Benign,0.40380850434303284
Benign,Benign,0.40803617238998413
Benign,Benign,0.12596675753593445
Benign,Benign,0.4286116659641266
Benign,Benign,0.3793198764324188
Benign,Benign,0.29762646555900574
Benign,Benign,0.4272165298461914
Benign,Benign,0.38672590255737305
Benign,Benign,0.3771723806858063
Benign,Benign,0.15886567533016205
Benign,Benign,0.2504130005836487
Benign,Benign,0.37536612153053284
Benign,Benign,0.30006715655326843
Benign,Benign,0.3002961277961731
Benign,Benign,0.23493586480617523
Benign,Benign,0.4632461965084076
Benign,Benign,0.3567250669002533
Benign,Benign,0.2760457992553711
Benign,Benign,0.29620763659477234
Benign,Benign,0.3510281443595886
Benign,Benign,0.43834492564201355
Benign,Benign,0.42622336745262146
Benign,Benign,0.24468950927257538
Benign,Benign,0.30918872356414795
Benign,Benign,0.340301513671875
Benign,Benign,0.4158265292644501
Benign,Benign,0.2822147309780121
Benign,Benign,0.15692776441574097
Benign,Benign,0.053523700684309006
Benign,Benign,0.41081467270851135
Benign,Benign,0.2981868386268616
Benign,Benign,0.34668344259262085
Benign,Benign,0.29853513836860657
Benign,Benign,0.329556941986084
Benign,Benign,0.32123705744743347
Benign,Benign,0.29471930861473083
Benign,Benign,0.07412957400083542
Benign,Benign,0.3719412684440613
Benign,Benign,0.31861257553100586
Benign,Benign,0.2932388186454773
Benign,Benign,0.1978754699230194
Benign,Benign,0.44829902052879333
Benign,Benign,0.36315008997917175
Benign,Benign,0.42067068815231323
Benign,Benign,0.18048354983329773
Benign,Benign,0.4047263562679291
Benign,Benign,0.31330960988998413
Benign,Benign,0.10651803016662598
Benign,Benign,0.28651368618011475
Benign,Benign,0.41060933470726013
Benign,Benign,0.39262160658836365
Benign,Benign,0.12287499755620956
Benign,Benign,0.008841177448630333
Benign,Benign,0.42093273997306824
Benign,Benign,0.06783470511436462
Benign,Benign,0.3377830982208252
Benign,Benign,0.2350463718175888
Benign,Benign,0.04092683270573616
Benign,Benign,0.3124203681945801
Benign,Benign,0.3153924345970154
Benign,Benign,0.41801321506500244
Benign,Benign,0.3429277539253235
Benign,Benign,0.2585674524307251
Benign,Benign,0.4007565677165985
Benign,Benign,0.438602089881897
Benign,Benign,0.40876007080078125
Benign,Benign,0.3636886477470398
Benign,Benign,0.3060147762298584
Benign,Benign,0.17152222990989685
Benign,Benign,0.3498860001564026
Benign,Benign,0.22878557443618774
Benign,Benign,0.3109062612056732
Benign,Benign,0.4492306411266327
Benign,Benign,0.4061134159564972
Benign,Benign,0.3705739974975586
Benign,Benign,0.26609039306640625
Benign,Benign,0.27579623460769653
Benign,Benign,0.27552130818367004
Benign,Benign,0.39235198497772217
Benign,Benign,0.25892117619514465
Benign,Benign,0.3759874105453491
Benign,Benign,0.10649078339338303
Benign,Benign,0.2859138250350952
Benign,Benign,0.3180433213710785
Benign,Benign,0.3678590953350067
Benign,Benign,0.3841674029827118
Benign,Benign,0.24849265813827515
Benign,Benign,0.11924044787883759
Benign,Benign,0.19872136414051056
Benign,Benign,0.35275009274482727
Benign,Benign,0.2830069065093994
Benign,Benign,0.3357200026512146
Benign,Benign,0.37134841084480286
Benign,Benign,0.19920581579208374
Benign,Benign,0.22976543009281158
Benign,Benign,0.3542115390300751
Benign,Benign,0.40329986810684204
Benign,Benign,0.1846933513879776
Benign,Benign,0.38153505325317383
Benign,Benign,0.3169013261795044
Benign,Benign,0.417824923992157
Benign,Benign,0.41189631819725037
Benign,Benign,0.06506670266389847
Benign,Benign,0.26915881037712097
Benign,Benign,0.4095079004764557
Benign,Benign,0.31485745310783386
Benign,Benign,0.37983381748199463
Benign,Benign,0.20931251347064972
Benign,Benign,0.31483393907546997
Benign,Benign,0.25922685861587524
Benign,Benign,0.4422927498817444
Benign,Benign,0.15405233204364777
Benign,Benign,0.30109986662864685
Benign,Benign,0.4644247889518738
Benign,Benign,0.18664659559726715
Benign,Benign,0.44691699743270874
Benign,Benign,0.21355025470256805
Benign,Benign,0.3742493987083435
Benign,Benign,0.26309236884117126
Benign,Benign,0.37067341804504395
Benign,Benign,0.3125602602958679
Benign,Benign,0.397033154964447
Benign,Benign,0.419042706489563
Benign,Benign,0.3164551556110382
Benign,Benign,0.25635698437690735
Benign,Benign,0.44153881072998047
Benign,Benign,0.44488608837127686
Benign,Benign,0.25014469027519226
Benign,Benign,0.3398895263671875
Benign,Benign,0.20575423538684845
Benign,Benign,0.4252779483795166
Benign,Benign,0.2124333679676056
Benign,Benign,0.26600462198257446
Benign,Benign,0.2532080411911011
Benign,Benign,0.30095574259757996
Benign,Benign,0.4397185742855072
Benign,Benign,0.41661831736564636
Benign,Benign,0.283301442861557
Benign,Benign,0.32461288571357727
Benign,Benign,0.2524033486843109
Benign,Benign,0.12311231344938278
Benign,Benign,0.3813563585281372
Benign,Benign,0.4321841597557068
Benign,Benign,0.3539806604385376
Benign,Benign,0.41117745637893677
Benign,Benign,0.30087366700172424
Benign,Benign,0.31103479862213135
Benign,Benign,0.386813223361969
Benign,Benign,0.30345916748046875
Benign,Benign,0.4264601469039917
Benign,Benign,0.45306870341300964
Benign,Benign,0.2613871991634369
Benign,Benign,0.43394702672958374
Benign,Benign,0.3603678047657013
Benign,Benign,0.45183971524238586
Benign,Benign,0.3171892464160919
Benign,Benign,0.36165687441825867
Benign,Benign,0.1956099271774292
Benign,Benign,0.3980555236339569
Benign,Benign,0.22050902247428894
Benign,Benign,0.3374256491661072
Benign,Benign,0.13178624212741852
Benign,Benign,0.16072382032871246
Benign,Benign,0.1047467589378357
Benign,Benign,0.09931044280529022
Benign,Benign,0.29805704951286316
Benign,Benign,0.4971303939819336
Benign,Benign,0.26515188813209534
Benign,Benign,0.37102723121643066
Benign,Benign,0.181470587849617
Benign,Benign,0.35770222544670105
Benign,Benign,0.3328750729560852
Benign,Benign,0.04666075482964516
Benign,Benign,0.21434396505355835
Benign,Benign,0.20461514592170715
Benign,Benign,0.34277501702308655
Benign,Benign,0.35917365550994873
Benign,Benign,0.4405757784843445
Benign,Benign,0.28855690360069275
Benign,Benign,0.3890356421470642
Benign,Benign,0.4244058132171631
Benign,Benign,0.40274468064308167
Benign,Benign,0.06132476031780243
Benign,Benign,0.42905372381210327
Benign,Benign,0.1966395080089569
Benign,Benign,0.4388476312160492
Benign,Benign,0.381038099527359
Benign,Benign,0.28720659017562866
Benign,Benign,0.44063428044319153
Benign,Benign,0.3532828092575073
Benign,Benign,0.31837204098701477
Benign,Benign,0.31566494703292847
Benign,Benign,0.38033562898635864
Benign,Benign,0.2650202512741089
Benign,Benign,0.22518184781074524
Benign,Benign,0.3398687541484833
Benign,Benign,0.26420122385025024
Benign,Benign,0.2294643372297287
Benign,Benign,0.3498004972934723
Benign,Benign,0.3294283449649811
Benign,Benign,0.2972717583179474
Benign,Benign,0.38195016980171204
Benign,Benign,0.444135457277298
Benign,Benign,0.382303923368454
Benign,Benign,0.36872467398643494
Benign,Benign,0.23109236359596252
Benign,Benign,0.3516605794429779
Benign,Benign,0.41916921734809875
Benign,Benign,0.4127567410469055
Benign,Benign,0.3098813593387604
Benign,Benign,0.3354155719280243
Benign,Benign,0.3293578624725342
Benign,Benign,0.4027675688266754
Benign,Benign,0.26320183277130127
Benign,Benign,0.08512282371520996
Benign,Benign,0.44879546761512756
Benign,Benign,0.32679232954978943
Benign,Benign,0.17314212024211884
Benign,Benign,0.1710440069437027
Benign,Benign,0.4194680452346802
Benign,Benign,0.03496099263429642
Benign,Benign,0.31069856882095337
Benign,Benign,0.4678518772125244
Benign,Benign,0.43094202876091003
Benign,Benign,0.3283863067626953
Benign,Benign,0.43648335337638855
Benign,Benign,0.2908247411251068
Benign,Benign,0.040167056024074554
Benign,Benign,0.2273659110069275
Benign,Benign,0.3004941940307617
Benign,Benign,0.33154982328414917
Benign,Benign,0.44435468316078186
Benign,Benign,0.19104401767253876
Benign,Benign,0.42641711235046387
Benign,Benign,0.35475239157676697
Benign,Benign,0.3338949382305145
Benign,Benign,0.2741187512874603
Benign,Benign,0.2628447413444519
Benign,Benign,0.44697555899620056
Benign,Benign,0.23892055451869965
Benign,Benign,0.059024084359407425
Benign,Benign,0.04361199587583542
Benign,Benign,0.19633717834949493
Benign,Benign,0.3717661201953888
Benign,Benign,0.306673139333725
Benign,Benign,0.2924858331680298
Benign,Benign,0.31242525577545166
Benign,Benign,0.23263020813465118
Benign,Benign,0.23207756876945496
Benign,Benign,0.20396588742733002
Benign,Benign,0.42053404450416565
Benign,Benign,0.3712823688983917
Benign,Benign,0.2715669870376587
Benign,Benign,0.3414676785469055
Benign,Benign,0.4417710304260254
Benign,Benign,0.46693599224090576
Benign,Benign,0.20393657684326172
Benign,Benign,0.4017709195613861
Benign,Benign,0.14419713616371155
Benign,Benign,0.2678477168083191
Benign,Benign,0.4062458574771881
Benign,Benign,0.4095379114151001
Benign,Benign,0.4717661142349243
Benign,Benign,0.33227044343948364
Benign,Benign,0.33840370178222656
Benign,Benign,0.44145846366882324
Benign,Benign,0.4810445308685303
Benign,Benign,0.23967187106609344
Benign,Benign,0.29224109649658203
Benign,Benign,0.33240607380867004
Benign,Benign,0.408180296421051
Benign,Benign,0.049006085842847824
Benign,Benign,0.23067373037338257
Benign,Benign,0.22930389642715454
Benign,Benign,0.4331227242946625
Benign,Benign,0.26375868916511536
Benign,Benign,0.31400856375694275
Benign,Benign,0.2193034589290619
Benign,Benign,0.1255517303943634
Benign,Benign,0.2903901934623718
Benign,Benign,0.3022879362106323
Benign,Benign,0.31462761759757996
Benign,Benign,0.3810676038265228
Benign,Benign,0.24006019532680511
Benign,Benign,0.32535749673843384
Benign,Benign,0.4116515517234802
Benign,Benign,0.3370446562767029
Benign,Benign,0.15811200439929962
Benign,Benign,0.3406485915184021
Benign,Benign,0.06004840135574341
Benign,Benign,0.3135497272014618
Benign,Benign,0.3382367789745331
Benign,Benign,0.4082695245742798
Benign,Benign,0.28331419825553894
Benign,Benign,0.3521905541419983
Benign,Benign,0.24633310735225677
Benign,Benign,0.31832966208457947
Benign,Benign,0.42323553562164307
Benign,Benign,0.26866647601127625
Benign,Benign,0.29154253005981445
Benign,Benign,0.24505917727947235
Benign,Benign,0.39862483739852905
Benign,Benign,0.4574069380760193
Benign,Benign,0.49493932723999023
Benign,Benign,0.42955660820007324
Benign,Benign,0.3486681282520294
Benign,Benign,0.3547089099884033
Benign,Benign,0.45300719141960144
Benign,Benign,0.30453482270240784
Benign,Benign,0.3084537088871002
Benign,Benign,0.3371146619319916
Benign,Benign,0.421085923910141
Benign,Benign,0.38021668791770935
Benign,Benign,0.36448171734809875
Benign,Benign,0.4533003866672516
Benign,Benign,0.4540088176727295
Benign,Benign,0.3986417055130005
Benign,Benign,0.4239978492259979
Benign,Benign,0.3846365511417389
Benign,Benign,0.1653352826833725
Benign,Benign,0.37002360820770264
Benign,Benign,0.32845038175582886
Benign,Benign,0.22304078936576843
Benign,Benign,0.46539878845214844
Benign,Benign,0.27896982431411743
Benign,Benign,0.45388171076774597
Benign,Benign,0.3115634322166443
Benign,Benign,0.0775391012430191
Benign,Benign,0.28874555230140686
Benign,Benign,0.3809684216976166
Benign,Benign,0.24450570344924927
Benign,Benign,0.31265708804130554
Benign,Benign,0.19425751268863678
Benign,Benign,0.3600580394268036
Benign,Benign,0.2166925072669983
Benign,Benign,0.45081278681755066
Benign,Benign,0.35093778371810913
Benign,Benign,0.10421080142259598
Benign,Benign,0.1610516458749771
Benign,Benign,0.2994992136955261
Benign,Benign,0.4503307044506073
Benign,Benign,0.4047500789165497
Benign,Benign,0.074004165828228
Benign,Benign,0.32132747769355774
Benign,Benign,0.25862282514572144
Benign,Benign,0.18757227063179016
Benign,Benign,0.2309715747833252
Benign,Benign,0.414654016494751
Benign,Benign,0.16067615151405334
Benign,Benign,0.3229411840438843
Benign,Benign,0.42896977066993713
Benign,Benign,0.37745124101638794
Benign,Benign,0.4509310722351074
Benign,Benign,0.3586117923259735
Benign,Benign,0.2654658555984497
Benign,Benign,0.3301543593406677
Benign,Benign,0.3806016445159912
Benign,Benign,0.4023612141609192
Benign,Benign,0.3285309076309204
Benign,Benign,0.25854066014289856
Benign,Malicious,0.9956796169281006
Benign,Malicious,0.9772135615348816
Benign,Benign,0.43276816606521606
Benign,Benign,0.21437837183475494
Benign,Benign,0.42386162281036377
Benign,Benign,0.39152732491493225
Benign,Benign,0.4413505494594574
Benign,Benign,0.12309478968381882
Benign,Benign,0.45531755685806274
Benign,Benign,0.4183962345123291
Benign,Benign,0.16455844044685364
Benign,Benign,0.4608149528503418
Benign,Benign,0.45056456327438354
Benign,Benign,0.0698271095752716
Benign,Benign,0.44216692447662354
Benign,Benign,0.26255178451538086
Benign,Benign,0.3790402114391327
Benign,Benign,0.41753384470939636
Benign,Benign,0.30358171463012695
Benign,Benign,0.4553404748439789
Benign,Benign,0.3187589645385742
Benign,Benign,0.07630345225334167
Benign,Benign,0.4478798508644104
Benign,Benign,0.4671526253223419
Benign,Benign,0.3646692633628845
Benign,Benign,0.41289255023002625
Benign,Benign,0.3815325200557709
Benign,Benign,0.2604485750198364
Benign,Benign,0.4517039358615875
Benign,Benign,0.1523774415254593
Benign,Benign,0.33643096685409546
Benign,Benign,0.33682259917259216
Benign,Benign,0.42977461218833923
Benign,Benign,0.1021059900522232
Benign,Benign,0.4045528173446655
Benign,Benign,0.32624077796936035
Benign,Benign,0.3345593512058258
Benign,Benign,0.359092116355896
Benign,Benign,0.43207406997680664
Benign,Benign,0.31435245275497437
Benign,Benign,0.3395160436630249
Benign,Benign,0.26533243060112
Benign,Benign,0.18811431527137756
Benign,Benign,0.09436880797147751
Benign,Benign,0.22239351272583008
Benign,Benign,0.24171890318393707
Benign,Benign,0.1699361652135849
Benign,Benign,0.2806181311607361
Benign,Benign,0.4218844771385193
Benign,Benign,0.3653092682361603
Benign,Benign,0.379468709230423
Benign,Benign,0.13204459846019745
Benign,Benign,0.2618715763092041
Benign,Benign,0.22229988873004913
Benign,Benign,0.4088451862335205
Benign,Benign,0.4370569884777069
Benign,Benign,0.3093872666358948
Benign,Benign,0.34087073802948
Benign,Benign,0.29846757650375366
Benign,Benign,0.07778611779212952
Benign,Benign,0.2741526663303375
Benign,Benign,0.44234544038772583
Benign,Benign,0.3862956166267395
Benign,Benign,0.3172500431537628
Benign,Benign,0.0761546716094017
Benign,Benign,0.3799198865890503
Benign,Benign,0.35045933723449707
Benign,Benign,0.45683979988098145
Benign,Benign,0.3542550802230835
Benign,Benign,0.033903878182172775
Benign,Malicious,0.629481852054596
Benign,Benign,0.030491536483168602
Benign,Benign,0.3089548647403717
Benign,Benign,0.2624243199825287
Benign,Benign,0.30036744475364685
Benign,Malicious,0.9832698106765747
Benign,Benign,0.38174960017204285
Benign,Benign,0.38031071424484253
Benign,Benign,0.229173481464386
Benign,Benign,0.06108018755912781
Benign,Benign,0.3820529282093048
Benign,Benign,0.18014372885227203
Benign,Benign,0.21606138348579407
Benign,Benign,0.4604373276233673
Benign,Benign,0.3558766841888428
Benign,Benign,0.26847538352012634
Benign,Benign,0.4403570890426636
Benign,Benign,0.10630931705236435
Benign,Benign,0.3105739653110504
Benign,Benign,0.29699018597602844
Benign,Benign,0.19292712211608887
Benign,Benign,0.43002599477767944
Benign,Benign,0.3154584765434265
Benign,Benign,0.33225640654563904
Benign,Benign,0.19858303666114807
Benign,Benign,1.551814673126945e-14
Benign,Benign,0.3196128010749817
Benign,Benign,0.07212889194488525
Benign,Benign,0.2960895299911499
Benign,Benign,0.16905012726783752
Benign,Benign,0.4553203284740448
Benign,Benign,0.2797374427318573
Benign,Benign,0.3698449730873108
Benign,Benign,0.2667894661426544
Benign,Benign,1.6003450870267014e-14
Benign,Benign,0.1867351531982422
Benign,Benign,0.3241555392742157
Benign,Benign,0.38141199946403503
Benign,Benign,0.4189731776714325
Benign,Benign,0.379058837890625
Benign,Benign,0.3263925313949585
Benign,Benign,0.35778746008872986
Benign,Benign,0.36857670545578003
Benign,Benign,0.05050770938396454
Benign,Benign,0.2976698875427246
Benign,Benign,0.4616222083568573
Benign,Benign,0.19483675062656403
Benign,Benign,0.29572227597236633
Benign,Benign,0.35686469078063965
Benign,Benign,0.42243441939353943
Benign,Benign,0.23865753412246704
Benign,Benign,0.30099624395370483
Benign,Benign,0.036814793944358826
Benign,Benign,0.28711211681365967
Benign,Benign,0.4022188186645508
Benign,Benign,0.30827781558036804
Benign,Benign,0.23357845842838287
Benign,Benign,0.26056909561157227
Benign,Benign,0.31227895617485046
Benign,Benign,0.23708714544773102
Benign,Benign,0.36950230598449707
Benign,Benign,0.27716314792633057
Benign,Benign,0.27557411789894104
Benign,Benign,0.33161213994026184
Benign,Benign,0.26266223192214966
Benign,Benign,0.13188503682613373
Benign,Benign,0.3353722393512726
Benign,Benign,0.1423160433769226
Benign,Benign,0.27359539270401
Benign,Benign,0.2557620108127594
Benign,Benign,0.4946900010108948
Benign,Malicious,0.5022521018981934
Benign,Benign,0.2614281177520752
Benign,Benign,0.41533827781677246
Benign,Benign,0.35958966612815857
Benign,Benign,0.24260340631008148
Benign,Benign,0.2964026927947998
Benign,Benign,0.33640286326408386
Benign,Benign,0.22650495171546936
Benign,Benign,0.39755094051361084
Benign,Benign,0.3178311288356781
Benign,Benign,0.035744160413742065
Benign,Benign,0.3597617745399475
Benign,Benign,0.493257611989975
Benign,Benign,0.3161313831806183
Benign,Benign,0.3258262574672699
Benign,Benign,0.4562971591949463
Benign,Benign,0.31484782695770264
Benign,Benign,0.33760353922843933
Benign,Benign,0.1977916955947876
Benign,Benign,0.22838176786899567
Benign,Benign,0.4074908196926117
Benign,Benign,0.4006316363811493
Benign,Benign,0.2772655785083771
Benign,Benign,0.3715122938156128
Benign,Benign,0.4644954800605774
Benign,Benign,0.34911155700683594
Benign,Benign,0.30329078435897827
Benign,Benign,0.3218196928501129
Benign,Benign,0.3125615119934082
Benign,Benign,0.07182486355304718
Benign,Benign,0.37248605489730835
Benign,Benign,0.29204460978507996
Benign,Benign,0.3281647264957428
Benign,Benign,0.3854422867298126
Benign,Benign,0.056035105139017105
Benign,Benign,0.1775854527950287
Benign,Benign,0.3594282865524292
Benign,Benign,0.3445674479007721
Benign,Benign,0.32122209668159485
Benign,Benign,0.3570648729801178
Benign,Benign,0.4187146723270416
Benign,Benign,0.34455013275146484
Benign,Benign,0.38598620891571045
Benign,Benign,0.3511649966239929
Benign,Benign,0.31808775663375854
Benign,Benign,0.330905556678772
Benign,Benign,0.3793894350528717
Benign,Benign,0.4352915287017822
Benign,Benign,0.11006895452737808
Benign,Benign,0.26756080985069275
Benign,Benign,0.12064385414123535
Benign,Benign,0.30767372250556946
Benign,Benign,0.20542356371879578
Benign,Benign,0.4215378165245056
Benign,Benign,0.32756656408309937
Benign,Benign,0.05161536857485771
Benign,Benign,0.315406858921051
Benign,Benign,0.3592125177383423
Benign,Benign,0.4474855959415436
Benign,Malicious,0.9786831736564636
Benign,Benign,0.3810400664806366
Benign,Benign,0.32620611786842346
Benign,Benign,0.4333783984184265
Benign,Benign,0.11441152542829514
Benign,Benign,0.34921860694885254
Benign,Benign,0.16749921441078186
Benign,Benign,0.44818127155303955
Benign,Benign,0.012460813857614994
Benign,Benign,0.306431382894516
Benign,Benign,0.3777334988117218
Benign,Benign,0.38412579894065857
Benign,Benign,0.4072006642818451
Benign,Malicious,0.7645475268363953
Benign,Benign,0.3050716519355774
Benign,Benign,0.43852531909942627
Benign,Benign,0.3100430369377136
Benign,Benign,0.37438085675239563
Benign,Benign,0.07266233116388321
Benign,Benign,0.11070478707551956
Benign,Benign,0.312642365694046
Benign,Benign,0.16602952778339386
Benign,Benign,0.3777291774749756
Benign,Benign,0.22748813033103943
Benign,Benign,0.22531601786613464
Benign,Benign,0.3561137020587921
Benign,Benign,0.3690190613269806
Benign,Benign,0.14483200013637543
Benign,Benign,0.39300844073295593
Benign,Benign,0.4202669560909271
Benign,Benign,0.4267832636833191
Benign,Benign,0.35825252532958984
Benign,Benign,0.35388246178627014
Benign,Benign,0.23741048574447632
Benign,Benign,0.05842072516679764
Benign,Benign,0.350186824798584
Benign,Benign,0.3331131935119629
Benign,Benign,0.2938634157180786
Benign,Benign,0.3833928406238556
Benign,Benign,0.41039252281188965
Benign,Benign,0.2725013196468353
Benign,Benign,0.3853078782558441
Benign,Benign,0.4995468854904175
Benign,Benign,0.2812531590461731
Benign,Benign,0.018134532496333122
Benign,Benign,0.26397889852523804
Benign,Benign,0.4481828510761261
Benign,Benign,0.4028048515319824
Benign,Benign,0.31247594952583313
Benign,Benign,0.45599308609962463
Benign,Benign,0.2886495590209961
Benign,Benign,0.39357098937034607
Benign,Benign,0.12305880337953568
Benign,Benign,0.4238124489784241
Benign,Benign,0.17420990765094757
Benign,Benign,0.4976688623428345
Benign,Benign,0.226618692278862
Benign,Benign,0.38004133105278015
Benign,Benign,0.14375340938568115
Benign,Benign,0.009710529819130898
Benign,Benign,0.41692012548446655
Benign,Benign,0.23274771869182587
Benign,Benign,0.33970287442207336
Benign,Benign,0.2658059000968933
Benign,Benign,0.42553985118865967
Benign,Benign,0.24657146632671356
Benign,Benign,0.26766422390937805
Benign,Benign,0.2925735414028168
Benign,Benign,0.40819796919822693
Benign,Benign,0.3597935140132904
Benign,Benign,0.30372679233551025
Benign,Benign,0.3064156770706177
Benign,Benign,0.35790902376174927
Benign,Benign,0.41203492879867554
Benign,Benign,0.33553096652030945
Benign,Benign,0.4581628143787384
Benign,Benign,0.34867116808891296
Benign,Benign,0.3225993514060974
Benign,Benign,0.20375467836856842
Benign,Benign,0.3237641155719757
Benign,Benign,0.13862015306949615
Benign,Benign,0.08869198709726334
Benign,Benign,0.37676241993904114
Benign,Benign,0.378875732421875
Benign,Benign,0.3122178614139557
Benign,Benign,0.38953134417533875
Benign,Benign,0.04444874823093414
Benign,Benign,0.32123956084251404
Benign,Benign,0.4137100875377655
Benign,Benign,0.13263021409511566
Benign,Benign,0.3652788996696472
Benign,Benign,0.3107073903083801
Benign,Benign,0.26842421293258667
Benign,Benign,0.015375128015875816
Benign,Benign,0.4272286891937256
Benign,Benign,0.46369096636772156
Benign,Benign,0.36916351318359375
Benign,Benign,0.3698660731315613
Benign,Benign,0.27946943044662476
Benign,Benign,0.3170686364173889
Benign,Benign,0.40451541543006897
Benign,Benign,0.34475815296173096
Benign,Malicious,0.5724107623100281
Benign,Benign,0.3066633641719818
Benign,Benign,0.37800538539886475
Benign,Benign,0.4318234622478485
Benign,Benign,0.2758840024471283
Benign,Benign,0.29543277621269226
Benign,Benign,0.23102901875972748
Benign,Benign,0.40206488966941833
Benign,Benign,0.2774879038333893
Benign,Benign,0.4713088870048523
Benign,Benign,0.2618434727191925
Benign,Benign,0.3762502372264862
Benign,Benign,0.3940543830394745
Benign,Benign,0.26819908618927
Benign,Benign,0.4288029074668884
Benign,Benign,0.38682374358177185
Benign,Benign,0.29193180799484253
Benign,Benign,0.2200845330953598
Benign,Benign,0.42781898379325867
Benign,Benign,0.22916646301746368
Benign,Benign,0.41922250390052795
Benign,Benign,0.37749961018562317
Benign,Benign,0.2602817416191101
Benign,Benign,0.2277575433254242
Benign,Benign,0.3477839231491089
Benign,Benign,0.14550688862800598
Benign,Benign,0.4233047664165497
Benign,Benign,0.0685461089015007
Benign,Benign,0.31678062677383423
Benign,Benign,0.21338872611522675
Benign,Benign,0.41513878107070923
Benign,Benign,0.297034353017807
Benign,Benign,0.42889705300331116
Benign,Benign,0.46430665254592896
Benign,Benign,0.41079849004745483
Benign,Benign,0.3317534327507019
Benign,Benign,0.43057453632354736
Benign,Benign,0.3716127872467041
Benign,Benign,0.08302699774503708
Benign,Benign,0.21470096707344055
Benign,Benign,0.3280402719974518
Benign,Benign,0.2139817476272583
Benign,Benign,0.22396311163902283
Benign,Benign,0.45037397742271423
Benign,Benign,0.42412513494491577
Benign,Benign,0.22575905919075012
Benign,Benign,0.03137905150651932
Benign,Benign,0.28889837861061096
Benign,Benign,0.34098270535469055
Benign,Benign,0.3490539491176605
Benign,Benign,0.306201696395874
Benign,Benign,0.33117297291755676
Benign,Benign,0.4387739896774292
Benign,Benign,0.34740784764289856
Benign,Benign,0.2998679280281067
Benign,Benign,0.42369556427001953
Benign,Benign,0.3958466649055481
Benign,Benign,0.25487378239631653
Benign,Benign,0.31997042894363403
Benign,Benign,0.4132595360279083
Benign,Benign,0.4087512791156769
Benign,Benign,0.40840500593185425
Benign,Benign,0.35193753242492676
Benign,Benign,0.34846487641334534
Benign,Benign,0.36489367485046387
Benign,Benign,0.39839375019073486
Benign,Benign,0.3503570258617401
Benign,Benign,0.22303593158721924
Benign,Benign,0.4218340516090393
Benign,Benign,0.32265999913215637
Benign,Benign,0.40448224544525146
Benign,Benign,0.44391724467277527
Benign,Benign,0.3663392663002014
Benign,Benign,0.36568838357925415
Benign,Benign,0.19525998830795288
Benign,Benign,0.3830403983592987
Benign,Benign,0.43404683470726013
Benign,Benign,0.37456539273262024
Benign,Benign,0.2897551655769348
Benign,Benign,0.3147680163383484
Benign,Benign,0.44500720500946045
Benign,Benign,0.30573537945747375
Benign,Benign,0.03330224007368088
Benign,Benign,0.30130666494369507
Benign,Benign,0.05940094590187073
Benign,Benign,0.09477168321609497
Benign,Benign,0.30974313616752625
Benign,Benign,0.4581153094768524
Benign,Benign,0.4753698408603668
Benign,Benign,0.3732331395149231
Benign,Malicious,0.5113337635993958
Benign,Benign,0.3570556938648224
Benign,Malicious,0.9695071578025818
Benign,Benign,0.3762764036655426
Benign,Benign,0.301090270280838
Benign,Benign,0.29952847957611084
Benign,Benign,0.3135240375995636
Benign,Benign,0.4342002272605896
Benign,Benign,0.13381478190422058
Benign,Benign,0.3885921537876129
Benign,Benign,0.4453187584877014
Benign,Benign,0.45573538541793823
Benign,Benign,0.22412441670894623
Benign,Benign,0.4171587824821472
Benign,Benign,0.35858267545700073
Benign,Benign,0.19589069485664368
Benign,Benign,0.36746659874916077
Benign,Benign,0.20555107295513153
Benign,Benign,0.30681806802749634
Benign,Benign,0.35108664631843567
Benign,Benign,0.28748059272766113
Benign,Benign,0.463495671749115
Benign,Benign,0.4453437626361847
Benign,Benign,0.3481293320655823
Benign,Benign,0.2907167971134186
Benign,Benign,6.392898968328459e-20
Benign,Benign,0.3375200629234314
Benign,Benign,0.17240826785564423
Benign,Benign,0.053561702370643616
Benign,Benign,0.449970543384552
Benign,Benign,0.23335330188274384
Benign,Benign,0.2779529392719269
Benign,Benign,0.25465020537376404
Benign,Benign,0.432886004447937
Benign,Benign,0.4272971749305725
Benign,Benign,0.3633394241333008
Benign,Benign,0.357075035572052
Benign,Benign,0.2165607362985611
Benign,Benign,0.2817241847515106
Benign,Benign,0.4233495891094208
Benign,Benign,0.4712132215499878
Benign,Benign,0.27901795506477356
Benign,Benign,0.3944622874259949
Benign,Benign,0.4559440314769745
Benign,Benign,0.3491218090057373
Benign,Benign,0.3094574809074402
Benign,Benign,0.31622111797332764
Benign,Benign,0.18287281692028046
Benign,Benign,0.3911246359348297
Benign,Benign,0.4629502296447754
Benign,Benign,0.14137856662273407
Benign,Benign,0.4018154740333557
Benign,Benign,0.044293664395809174
Benign,Benign,0.3040355443954468
Benign,Benign,0.35008662939071655
Benign,Benign,0.24006390571594238
Benign,Benign,0.31534889340400696
Benign,Benign,0.44769009947776794
Benign,Benign,0.4447273910045624
Benign,Benign,0.3006059527397156
Benign,Benign,0.22603367269039154
Benign,Benign,0.379381388425827
Benign,Benign,0.43220841884613037
Benign,Benign,0.10701146721839905
Benign,Benign,0.20338280498981476
Benign,Benign,0.33551058173179626
Benign,Benign,0.2598932385444641
Benign,Benign,0.355729341506958
Benign,Benign,0.19298644363880157
Benign,Benign,0.330871045589447
Benign,Malicious,0.5853322148323059
Benign,Benign,0.3849242627620697
Benign,Benign,0.38970261812210083
Benign,Benign,0.4275050163269043
Benign,Benign,0.39124739170074463
Benign,Benign,0.4904046952724457
Benign,Benign,0.3437671661376953
Benign,Benign,0.4534507393836975
Benign,Benign,0.3444213569164276
Benign,Benign,0.43741142749786377
Benign,Benign,0.4114014208316803
Benign,Benign,0.07204216718673706
Benign,Benign,0.3690459430217743
Benign,Benign,0.330816388130188
Benign,Benign,0.43300923705101013
Benign,Benign,0.32196372747421265
Benign,Benign,0.1824323982000351
Benign,Benign,0.3200750946998596
Benign,Benign,0.29982790350914
Benign,Benign,0.33853670954704285
Benign,Benign,0.3126849830150604
Benign,Benign,0.03860527649521828
Benign,Benign,0.32291266322135925
Benign,Benign,0.42128461599349976
Benign,Benign,0.40098080039024353
Benign,Benign,0.35461488366127014
Benign,Benign,0.3127894103527069
Benign,Benign,0.44727954268455505
Benign,Benign,0.35971206426620483
Benign,Benign,0.07443796098232269
Benign,Benign,0.45282337069511414
Benign,Benign,0.15228153765201569
Benign,Benign,0.07437494397163391
Benign,Benign,0.374590128660202
Benign,Benign,0.13090986013412476
Benign,Benign,0.3048720061779022
Benign,Benign,0.3481804430484772
Benign,Benign,0.45401591062545776
Benign,Benign,0.14873364567756653
Benign,Benign,0.24333755671977997
Benign,Benign,0.4357193410396576
Benign,Benign,0.27812033891677856
Benign,Benign,0.2153480052947998
Benign,Benign,0.25406453013420105
Benign,Benign,0.22381605207920074
Benign,Benign,0.2286972999572754
Benign,Benign,0.31768444180488586
Benign,Benign,0.4562850296497345
Benign,Benign,0.19074787199497223
Benign,Benign,0.2652415931224823
Benign,Benign,0.035006456077098846
Benign,Benign,0.3009699583053589
Benign,Benign,3.960742721295633e-20
Benign,Benign,0.330718994140625
Benign,Benign,0.3233315944671631
Benign,Benign,0.35257816314697266
Benign,Benign,0.33786913752555847
Benign,Benign,0.3747260570526123
Benign,Benign,0.48404788970947266
Benign,Benign,0.06882941722869873
Benign,Benign,0.2580300271511078
Benign,Benign,0.2957382798194885
Benign,Benign,0.33450302481651306
Benign,Benign,0.4646105170249939
Benign,Benign,0.26203063130378723
Benign,Benign,0.37745627760887146
Benign,Benign,0.18723925948143005
Benign,Benign,0.2779713273048401
Benign,Benign,0.43179142475128174
Benign,Benign,0.41318443417549133
Benign,Benign,0.12246403098106384
Benign,Benign,0.31292033195495605
Benign,Benign,0.3553313612937927
Benign,Benign,0.4678482413291931
Benign,Benign,0.43324318528175354
Benign,Benign,0.4081800878047943
Benign,Benign,0.3217848241329193
Benign,Benign,0.11626891791820526
Benign,Benign,0.390437513589859
Benign,Benign,0.46704626083374023
Benign,Benign,0.4190790057182312
Benign,Benign,0.29113319516181946
Benign,Benign,0.3366695046424866
Benign,Benign,0.40933576226234436
Benign,Benign,0.2152339071035385
Benign,Benign,0.3910420835018158
Benign,Benign,0.2770072817802429
Benign,Benign,0.3500633239746094
Benign,Benign,0.3498780131340027
Benign,Benign,0.2894355058670044
Benign,Benign,0.07551910728216171
Benign,Benign,0.2690083384513855
Benign,Benign,0.31491556763648987
Benign,Benign,0.2734943926334381
Benign,Benign,0.27406761050224304
Benign,Benign,0.3820177912712097
Benign,Benign,0.2677213251590729
Benign,Benign,0.3162303864955902
Benign,Benign,0.1632392555475235
Benign,Benign,0.42496010661125183
Benign,Benign,0.3807227313518524
Benign,Benign,0.15113672614097595
Benign,Benign,0.37343743443489075
Benign,Benign,0.3134656548500061
Benign,Benign,0.3343814015388489
Benign,Benign,0.45061084628105164
Benign,Benign,0.23591287434101105
Benign,Benign,0.4341179430484772
Benign,Benign,0.3028993308544159
Benign,Benign,0.4004053771495819
Benign,Benign,0.42347070574760437
Benign,Benign,0.42501935362815857
Benign,Benign,0.15152183175086975
Benign,Benign,0.41303449869155884
Benign,Benign,0.262713760137558
Benign,Benign,0.25099891424179077
Benign,Benign,0.3943205773830414
Benign,Benign,0.18603359162807465
Benign,Benign,0.35490790009498596
Benign,Benign,0.38067957758903503
Benign,Benign,0.2622371017932892
Benign,Benign,0.43415191769599915
Benign,Benign,0.2882477343082428
Benign,Benign,0.13495144248008728
Benign,Benign,0.10489528626203537
Benign,Benign,0.26373475790023804
Benign,Benign,0.2582436501979828
Benign,Benign,0.4375750422477722
Benign,Benign,0.38224852085113525
Benign,Benign,0.4165647029876709
Benign,Benign,0.29820704460144043
Benign,Benign,0.27527916431427
Benign,Benign,0.4366506338119507
Benign,Benign,0.3307272791862488
Benign,Benign,0.16954724490642548
Benign,Benign,0.06274691969156265
Benign,Benign,0.2772294580936432
Benign,Benign,0.33797600865364075
Benign,Benign,0.2897798717021942
Benign,Benign,0.4301932454109192
Benign,Benign,0.19760537147521973
Benign,Benign,0.08510947227478027
Benign,Benign,0.37600505352020264
Benign,Benign,0.3426257073879242
Benign,Benign,0.22596396505832672
Benign,Benign,0.40472176671028137
Benign,Benign,0.10848616808652878
Benign,Benign,0.433351993560791
Benign,Benign,0.3672010004520416
Benign,Benign,0.35764533281326294
Benign,Benign,0.2942986488342285
Benign,Benign,0.42684701085090637
Benign,Benign,0.10899170488119125
Benign,Benign,0.38672930002212524
Benign,Benign,0.4365978240966797
Benign,Benign,0.31577885150909424
Benign,Benign,0.23318277299404144
Benign,Benign,0.3626401424407959
Benign,Benign,0.3532921075820923
Benign,Benign,0.4219930171966553
Benign,Benign,0.31328433752059937
Benign,Benign,0.2970443367958069
Benign,Benign,0.2935762405395508
Benign,Benign,0.06143426150083542
Benign,Benign,0.2819499671459198
Benign,Benign,0.36316701769828796
Benign,Benign,0.2832129895687103
Benign,Benign,0.341189444065094
Benign,Malicious,0.6230338215827942
Benign,Benign,0.3118545413017273
Benign,Benign,0.25944915413856506
Benign,Benign,0.426434189081192
Benign,Benign,0.4363744258880615
Benign,Benign,0.3024008870124817
Benign,Benign,0.092707060277462
Benign,Benign,0.09018958359956741
Benign,Benign,0.29851576685905457
Benign,Benign,0.34196287393569946
Benign,Benign,0.37631550431251526
Benign,Benign,0.421325147151947
Benign,Benign,0.3682638108730316
Benign,Benign,0.4129628539085388
Benign,Benign,0.45831912755966187
Benign,Benign,0.06514330953359604
Benign,Benign,0.275408536195755
Benign,Benign,0.3445071280002594
Benign,Benign,0.22143606841564178
Benign,Benign,0.38015758991241455
Benign,Benign,0.34044772386550903
Benign,Benign,0.32905977964401245
Benign,Benign,0.32729798555374146
Benign,Benign,0.26809024810791016
Benign,Benign,0.32239601016044617
Benign,Benign,0.2522183060646057
Benign,Benign,0.39477604627609253
Benign,Benign,0.3843591809272766
Benign,Benign,0.056721460074186325
Benign,Benign,0.2422775775194168
Benign,Benign,0.3303062915802002
Benign,Benign,0.1724376231431961
Benign,Benign,0.356844037771225
Benign,Benign,0.422793447971344
Benign,Benign,0.38547757267951965
Benign,Benign,0.0516032911837101
Benign,Benign,0.42757850885391235
Benign,Benign,0.3534562885761261
Benign,Benign,0.41094809770584106
Benign,Benign,0.11750977486371994
Benign,Benign,0.30503472685813904
Benign,Benign,0.45367664098739624
Benign,Benign,0.4171605706214905
Benign,Benign,0.05550070479512215
Benign,Benign,0.45798587799072266
Benign,Benign,0.2960536777973175
Benign,Benign,0.3688898980617523
Benign,Benign,0.3426046371459961
Benign,Benign,0.03860893473029137
Benign,Benign,0.1701861321926117
Benign,Benign,0.4290550649166107
Benign,Benign,0.06713718175888062
Benign,Benign,0.3912738859653473
Benign,Benign,0.26690325140953064
Benign,Benign,0.4519398808479309
Benign,Benign,0.2737560570240021
Benign,Benign,0.32531672716140747
Benign,Benign,0.3439145088195801
Benign,Benign,0.37620893120765686
Benign,Benign,0.3109636604785919
Benign,Benign,0.3111264705657959
Benign,Benign,0.3042032718658447
Benign,Benign,0.30561646819114685
Benign,Benign,0.3825191259384155
Benign,Benign,0.32189106941223145
Benign,Benign,0.2277441769838333
Benign,Benign,0.32394158840179443
Benign,Benign,0.37019461393356323
Benign,Benign,0.33963364362716675
Benign,Benign,0.2870391607284546
Benign,Benign,0.3037751317024231
Benign,Benign,0.253266841173172
Benign,Benign,0.2514636218547821
Benign,Benign,0.4384159743785858
Benign,Benign,0.4526643455028534
Benign,Benign,0.3080255389213562
Benign,Benign,0.33752819895744324
Benign,Benign,0.38352903723716736
Benign,Benign,0.15323281288146973
Benign,Benign,0.43804481625556946
Benign,Benign,0.4522101879119873
Benign,Benign,0.2626647651195526
Benign,Benign,0.4205535054206848
Benign,Benign,0.3436027765274048
Benign,Benign,0.3106563091278076
Benign,Benign,0.33224451541900635
Benign,Benign,0.20411910116672516
Benign,Benign,2.1970395283200047e-20
Benign,Benign,0.496662974357605
Benign,Benign,0.4403674602508545
Benign,Benign,0.2611323595046997
Benign,Benign,0.07505107671022415
Benign,Benign,0.42833781242370605
Benign,Benign,0.3947853147983551
Benign,Benign,0.16373524069786072
Benign,Benign,0.4250994324684143
Benign,Benign,0.4307914078235626
Benign,Benign,0.19865354895591736
Benign,Benign,0.3029967248439789
Benign,Benign,0.2283402383327484
Benign,Benign,0.4406163990497589
Benign,Benign,0.07459361106157303
Benign,Benign,0.4516521990299225
Benign,Benign,0.3443882465362549
Benign,Benign,2.290650847384292e-20
Benign,Benign,0.29348039627075195
Benign,Benign,0.21001160144805908
Benign,Benign,0.07544433325529099
Benign,Benign,0.31215521693229675
Benign,Benign,0.20155248045921326
Benign,Benign,0.26354479789733887
Benign,Benign,0.4104193449020386
Benign,Benign,0.306220144033432
Benign,Benign,0.3970775902271271
Benign,Benign,0.321440726518631
