y_real,y_pred,score_malicious
Malicious,Malicious,0.9999991655349731
Malicious,Malicious,0.9999988079071044
Malicious,Malicious,0.9999966621398926
Malicious,Malicious,0.999996542930603
Malicious,Malicious,0.9999972581863404
Malicious,Malicious,0.9999982118606568
Malicious,Malicious,0.999998927116394
Malicious,Malicious,0.9999984502792358
Malicious,Malicious,0.9999982118606568
Malicious,Malicious,0.9999982118606568
Malicious,Malicious,0.9999984502792358
Malicious,Malicious,0.9999980926513672
Malicious,Malicious,0.9999974966049194
Malicious,Malicious,0.9999984502792358
Malicious,Malicious,0.9999982118606568
Malicious,Malicious,0.9999953508377076
Malicious,Malicious,0.9999988079071044
Malicious,Malicious,0.999997615814209
Malicious,Malicious,0.9999988079071044
Malicious,Malicious,0.999998927116394
Malicious,Malicious,0.9999984502792358
Malicious,Malicious,0.9999982118606568
Malicious,Malicious,0.9999984502792358
Malicious,Malicious,0.9999982118606568
Malicious,Malicious,0.999998927116394
Malicious,Malicious,0.9999986886978148
Malicious,Malicious,0.9999982118606568
Malicious,Malicious,0.9999988079071044
Malicious,Malicious,0.999985933303833
Malicious,Malicious,0.9999986886978148
Malicious,Malicious,0.999990940093994
Malicious,Malicious,0.9999982118606568
Malicious,Malicious,0.9999986886978148
Malicious,Malicious,0.9999982118606568
Malicious,Malicious,0.9999982118606568
Malicious,Malicious,0.9999982118606568
Malicious,Malicious,0.9999982118606568
Malicious,Malicious,0.9999985694885254
Malicious,Malicious,0.9999984502792358
Malicious,Malicious,0.9999986886978148
Malicious,Malicious,0.9999982118606568
Malicious,Malicious,0.9999988079071044
Malicious,Malicious,0.9999988079071044
Malicious,Malicious,0.9999983310699464
Malicious,Malicious,0.9999943971633912
Malicious,Malicious,0.9999988079071044
Malicious,Malicious,0.9999828338623048
Malicious,Malicious,0.999998927116394
Malicious,Malicious,0.9999974966049194
Malicious,Malicious,0.9999982118606568
Malicious,Malicious,0.999998927116394
Malicious,Malicious,0.9999971389770508
Malicious,Malicious,0.9999982118606568
Malicious,Benign,0.0085571128875017
Malicious,Malicious,0.9999986886978148
Malicious,Malicious,0.9999972581863404
Malicious,Malicious,0.9999982118606568
Malicious,Malicious,0.9999982118606568
Malicious,Malicious,0.9999984502792358
Malicious,Malicious,0.9999984502792358
Malicious,Malicious,0.9999986886978148
Malicious,Malicious,0.9999972581863404
Malicious,Benign,0.0008523647557012737
Malicious,Malicious,0.9999982118606568
Malicious,Malicious,0.9999984502792358
Malicious,Malicious,0.9999991655349731
Malicious,Malicious,0.999998927116394
Malicious,Malicious,0.9999885559082032
Malicious,Malicious,0.9999988079071044
Malicious,Malicious,0.9999988079071044
Malicious,Malicious,0.999998927116394
Malicious,Malicious,0.9999960660934448
Malicious,Malicious,0.9999980926513672
Malicious,Malicious,0.9999984502792358
Malicious,Malicious,0.9999984502792358
Malicious,Malicious,0.9999991655349731
Malicious,Malicious,0.99998939037323
Malicious,Malicious,0.9999964237213136
Malicious,Malicious,0.9999986886978148
Malicious,Malicious,0.999998927116394
Malicious,Malicious,0.9999977350234984
Malicious,Malicious,0.9999988079071044
Malicious,Malicious,0.9999991655349731
Malicious,Malicious,0.9999948740005492
Malicious,Malicious,0.9999986886978148
Malicious,Malicious,0.9999982118606568
Malicious,Malicious,0.9999984502792358
Malicious,Malicious,0.9999982118606568
Malicious,Malicious,0.9999986886978148
Malicious,Malicious,0.999997615814209
Malicious,Malicious,0.9999830722808838
Malicious,Malicious,0.9999982118606568
Malicious,Malicious,0.9999959468841552
Malicious,Malicious,0.9999982118606568
Malicious,Malicious,0.9999984502792358
Malicious,Malicious,0.9999988079071044
Malicious,Malicious,0.9999916553497314
Malicious,Malicious,0.9999990463256836
Malicious,Malicious,0.9999984502792358
Malicious,Malicious,0.9999982118606568
Malicious,Malicious,0.9999982118606568
Malicious,Malicious,0.9999988079071044
Malicious,Malicious,0.9999986886978148
Malicious,Malicious,0.9999988079071044
Malicious,Malicious,0.9999986886978148
Malicious,Malicious,0.9999986886978148
Malicious,Malicious,0.9999984502792358
Malicious,Malicious,0.9999979734420776
Malicious,Malicious,0.9999971389770508
Malicious,Malicious,0.999998927116394
Malicious,Malicious,0.9999986886978148
Malicious,Malicious,0.9999986886978148
Malicious,Malicious,0.999997615814209
Malicious,Malicious,0.9999986886978148
Malicious,Malicious,0.9999991655349731
Malicious,Malicious,0.9999988079071044
Malicious,Benign,0.0050435662269592
Malicious,Malicious,0.9999971389770508
Malicious,Benign,0.0641693845391273
Malicious,Malicious,0.9999986886978148
Malicious,Malicious,0.9999988079071044
Malicious,Malicious,0.9999988079071044
Malicious,Malicious,0.9999986886978148
Malicious,Malicious,0.9999960660934448
Malicious,Benign,0.003579088486731
Malicious,Malicious,0.9999948740005492
Malicious,Malicious,0.9999986886978148
Malicious,Malicious,0.99999737739563
Malicious,Malicious,0.9999988079071044
Malicious,Malicious,0.9999982118606568
Malicious,Malicious,0.9999988079071044
Malicious,Malicious,0.9999984502792358
Malicious,Malicious,0.9999959468841552
Malicious,Benign,0.011382520198822
Malicious,Malicious,0.9999994039535522
Malicious,Malicious,0.9999982118606568
Malicious,Malicious,0.9999990463256836
Malicious,Malicious,0.9999988079071044
Malicious,Malicious,0.9999991655349731
Malicious,Malicious,0.9999984502792358
Malicious,Malicious,0.9999982118606568
Malicious,Malicious,0.9999984502792358
Malicious,Malicious,0.9999982118606568
Malicious,Malicious,0.9999986886978148
Malicious,Malicious,0.9999982118606568
Malicious,Malicious,0.9999977350234984
Malicious,Malicious,0.9999982118606568
Malicious,Malicious,0.999998927116394
Malicious,Malicious,0.9999992847442628
Malicious,Malicious,0.9999964237213136
Malicious,Malicious,0.9999961853027344
Malicious,Malicious,0.9999984502792358
Malicious,Malicious,0.9999980926513672
Malicious,Malicious,0.99999737739563
Malicious,Malicious,0.9999986886978148
Malicious,Malicious,0.9999984502792358
Malicious,Malicious,0.9999991655349731
Malicious,Malicious,0.9999828338623048
Malicious,Malicious,0.9999983310699464
Malicious,Malicious,0.9999984502792358
Malicious,Malicious,0.9999984502792358
Malicious,Malicious,0.999997854232788
Malicious,Malicious,0.9999984502792358
Malicious,Malicious,0.9999988079071044
Malicious,Malicious,0.9999984502792358
Malicious,Malicious,0.9999573230743408
Malicious,Malicious,0.9999986886978148
Malicious,Malicious,0.9999984502792358
Malicious,Malicious,0.9999982118606568
Malicious,Malicious,0.999997854232788
Malicious,Malicious,0.9999982118606568
Malicious,Malicious,0.9999988079071044
Malicious,Malicious,0.9999982118606568
Malicious,Malicious,0.9999988079071044
Malicious,Malicious,0.9999982118606568
Malicious,Malicious,0.9999986886978148
Malicious,Malicious,0.999997615814209
Malicious,Malicious,0.999998927116394
Malicious,Malicious,0.9999986886978148
Malicious,Malicious,0.9999982118606568
Malicious,Malicious,0.9999986886978148
Malicious,Malicious,0.9999982118606568
Malicious,Malicious,0.9999964237213136
Malicious,Malicious,0.9999984502792358
Malicious,Malicious,0.9999982118606568
Malicious,Malicious,0.9999982118606568
Malicious,Malicious,0.9999986886978148
Malicious,Malicious,0.9999986886978148
Malicious,Malicious,0.9999986886978148
Malicious,Malicious,0.9999988079071044
Malicious,Malicious,0.9999977350234984
Malicious,Malicious,0.9999984502792358
Malicious,Malicious,0.9999988079071044
Malicious,Malicious,0.9999924898147584
Malicious,Malicious,0.9999991655349731
Malicious,Malicious,0.9999995231628418
Malicious,Malicious,0.9999988079071044
Malicious,Malicious,0.9999971389770508
Malicious,Malicious,0.9949919581413268
Malicious,Malicious,0.9999982118606568
Malicious,Malicious,0.9999991655349731
Malicious,Malicious,0.999996781349182
Malicious,Malicious,0.9999988079071044
Malicious,Malicious,0.9999954700469972
Malicious,Malicious,0.999977707862854
Malicious,Malicious,0.9999982118606568
Malicious,Malicious,0.9999982118606568
Malicious,Malicious,0.9999986886978148
Malicious,Malicious,0.999998927116394
Malicious,Malicious,0.9999985694885254
Malicious,Malicious,0.9999984502792358
Malicious,Malicious,0.9999990463256836
Malicious,Malicious,0.9999979734420776
Malicious,Malicious,0.9999986886978148
Malicious,Malicious,0.9999979734420776
Malicious,Malicious,0.999990463256836
Malicious,Malicious,0.9999988079071044
Malicious,Malicious,0.999998927116394
Malicious,Malicious,0.9999982118606568
Malicious,Malicious,0.9999982118606568
Malicious,Malicious,0.9999983310699464
Malicious,Malicious,0.9999984502792358
Malicious,Malicious,0.9999991655349731
Malicious,Malicious,0.9999986886978148
Malicious,Malicious,0.9999984502792358
Malicious,Malicious,0.9999830722808838
Malicious,Malicious,0.9999986886978148
Malicious,Malicious,0.99999737739563
Malicious,Malicious,0.9358928799629213
Malicious,Malicious,0.9999971389770508
Malicious,Malicious,0.9999994039535522
Malicious,Malicious,0.999998927116394
Malicious,Malicious,0.9999982118606568
Malicious,Malicious,0.999997854232788
Malicious,Malicious,0.9999979734420776
Malicious,Malicious,0.9999988079071044
Malicious,Malicious,0.9999986886978148
Malicious,Malicious,0.9999986886978148
Malicious,Malicious,0.9999986886978148
Malicious,Malicious,0.9999966621398926
Malicious,Malicious,0.9999992847442628
Malicious,Malicious,0.999998927116394
Malicious,Malicious,0.9999974966049194
Malicious,Malicious,0.9999984502792358
Malicious,Malicious,0.9999982118606568
Malicious,Malicious,0.999987006187439
Malicious,Malicious,0.999998927116394
Malicious,Malicious,0.9999986886978148
Malicious,Malicious,0.999997615814209
Malicious,Malicious,0.9999986886978148
Malicious,Malicious,0.9999891519546508
Malicious,Malicious,0.9999969005584716
Malicious,Malicious,0.9999971389770508
Malicious,Malicious,0.999997854232788
Malicious,Malicious,0.9999897480010986
Malicious,Malicious,0.9999982118606568
Malicious,Malicious,0.9999982118606568
Malicious,Malicious,0.9999982118606568
Malicious,Malicious,0.999996304512024
Malicious,Malicious,0.9999991655349731
Malicious,Malicious,0.9999986886978148
Malicious,Malicious,0.9999974966049194
Malicious,Malicious,0.9999983310699464
Malicious,Malicious,0.9999986886978148
Malicious,Malicious,0.9999986886978148
Malicious,Malicious,0.9999982118606568
Malicious,Malicious,0.9999991655349731
Malicious,Malicious,0.9999785423278807
Malicious,Malicious,0.9999992847442628
Malicious,Malicious,0.999998927116394
Malicious,Malicious,0.9999982118606568
Malicious,Malicious,0.9999986886978148
Malicious,Malicious,0.9999948740005492
Malicious,Malicious,0.9999984502792358
Malicious,Malicious,0.9999994039535522
Malicious,Malicious,0.9999986886978148
Malicious,Malicious,0.9999982118606568
Malicious,Malicious,0.9999984502792358
Malicious,Malicious,0.9999982118606568
Malicious,Malicious,0.9999984502792358
Malicious,Malicious,0.9999988079071044
Malicious,Malicious,0.9999991655349731
Malicious,Malicious,0.9999988079071044
Malicious,Malicious,0.9999984502792358
Malicious,Malicious,0.9999996423721312
Malicious,Malicious,0.9999988079071044
Malicious,Malicious,0.999998927116394
Malicious,Malicious,0.9999991655349731
Malicious,Malicious,0.9999988079071044
Malicious,Malicious,0.9999912977218628
Malicious,Malicious,0.9999986886978148
Malicious,Malicious,0.9999982118606568
Malicious,Malicious,0.9999908208847046
Malicious,Malicious,0.9999948740005492
Malicious,Malicious,0.9999982118606568
Malicious,Malicious,0.9999982118606568
Malicious,Malicious,0.999996781349182
Malicious,Malicious,0.9999988079071044
Malicious,Malicious,0.9999984502792358
Malicious,Malicious,0.9999982118606568
Malicious,Malicious,0.9999982118606568
Malicious,Malicious,0.9999986886978148
Malicious,Malicious,0.9999986886978148
Malicious,Malicious,0.999998927116394
Malicious,Malicious,0.9999985694885254
Malicious,Malicious,0.9999984502792358
Malicious,Malicious,0.9999991655349731
Malicious,Malicious,0.9999971389770508
Malicious,Malicious,0.9999986886978148
Malicious,Malicious,0.999998927116394
Malicious,Malicious,0.9999977350234984
Malicious,Malicious,0.999964952468872
Malicious,Malicious,0.999998927116394
Malicious,Benign,0.0197977907955646
Malicious,Malicious,0.9999971389770508
Malicious,Malicious,0.9999982118606568
Malicious,Malicious,0.9999986886978148
Malicious,Malicious,0.9999972581863404
Malicious,Malicious,0.9999983310699464
Malicious,Malicious,0.9999971389770508
Malicious,Malicious,0.9999984502792358
Malicious,Malicious,0.9999984502792358
Malicious,Malicious,0.9999939203262328
Malicious,Malicious,0.9999936819076538
Malicious,Malicious,0.9999827146530152
Malicious,Malicious,0.9999988079071044
Malicious,Malicious,0.9999986886978148
Malicious,Malicious,0.9999982118606568
Malicious,Malicious,0.9999984502792358
Malicious,Malicious,0.9999986886978148
Malicious,Malicious,0.999998927116394
Malicious,Malicious,0.9999988079071044
Malicious,Malicious,0.9999985694885254
Malicious,Malicious,0.9999986886978148
Malicious,Malicious,0.9999951124191284
Malicious,Malicious,0.999998927116394
Malicious,Malicious,0.9999984502792358
Malicious,Malicious,0.9999986886978148
Malicious,Malicious,0.9999988079071044
Malicious,Malicious,0.9999858140945436
Malicious,Malicious,0.999997615814209
Malicious,Malicious,0.999997615814209
Malicious,Malicious,0.9999977350234984
Malicious,Malicious,0.9999982118606568
Malicious,Malicious,0.9999990463256836
Malicious,Malicious,0.9999986886978148
Malicious,Malicious,0.9999986886978148
Malicious,Malicious,0.9999908208847046
Malicious,Malicious,0.9999986886978148
Malicious,Malicious,0.999998927116394
Malicious,Malicious,0.9999985694885254
Malicious,Malicious,0.9999988079071044
Malicious,Malicious,0.9999971389770508
Malicious,Malicious,0.9999984502792358
Malicious,Malicious,0.999997854232788
Malicious,Malicious,0.9999983310699464
Malicious,Malicious,0.9999988079071044
Malicious,Malicious,0.999998927116394
Malicious,Malicious,0.9999982118606568
Malicious,Malicious,0.9999974966049194
Malicious,Malicious,0.9999984502792358
Malicious,Malicious,0.9999991655349731
Malicious,Malicious,0.9999988079071044
Malicious,Malicious,0.9999912977218628
Malicious,Malicious,0.999990701675415
Malicious,Malicious,0.999998927116394
Malicious,Malicious,0.999998927116394
Malicious,Malicious,0.999998927116394
Malicious,Malicious,0.9999982118606568
Malicious,Malicious,0.9999988079071044
Malicious,Malicious,0.9999984502792358
Malicious,Malicious,0.9999984502792358
Malicious,Malicious,0.9999988079071044
Malicious,Malicious,0.9999988079071044
Malicious,Malicious,0.9999986886978148
Malicious,Malicious,0.9999984502792358
Malicious,Malicious,0.9999986886978148
Malicious,Malicious,0.9999982118606568
Malicious,Malicious,0.9999984502792358
Malicious,Malicious,0.9999986886978148
Malicious,Malicious,0.999996781349182
Malicious,Malicious,0.9989508390426636
Malicious,Malicious,0.9999982118606568
Malicious,Malicious,0.9999984502792358
Malicious,Malicious,0.9999988079071044
Malicious,Malicious,0.9999988079071044
Malicious,Malicious,0.9999924898147584
Malicious,Malicious,0.9999986886978148
Malicious,Malicious,0.9999988079071044
Malicious,Malicious,0.9999982118606568
Malicious,Malicious,0.9999986886978148
Malicious,Malicious,0.9999974966049194
Malicious,Malicious,0.9999984502792358
Malicious,Malicious,0.9999988079071044
Malicious,Malicious,0.9999988079071044
Malicious,Malicious,0.8935328722000122
Malicious,Malicious,0.999996304512024
Malicious,Malicious,0.9999972581863404
Malicious,Malicious,0.9999984502792358
Malicious,Malicious,0.9999988079071044
Malicious,Benign,0.0040070530958473
Malicious,Malicious,0.999996304512024
Malicious,Malicious,0.9999988079071044
Malicious,Malicious,0.9999982118606568
Malicious,Malicious,0.9999982118606568
Malicious,Malicious,0.9999984502792358
Malicious,Malicious,0.9999986886978148
Malicious,Malicious,0.9999984502792358
Malicious,Malicious,0.9999986886978148
Malicious,Malicious,0.9999986886978148
Malicious,Malicious,0.9999983310699464
Malicious,Malicious,0.9999985694885254
Malicious,Malicious,0.9999986886978148
Malicious,Malicious,0.9999984502792358
Malicious,Malicious,0.999998927116394
Malicious,Malicious,0.999998927116394
Malicious,Malicious,0.9999982118606568
Malicious,Malicious,0.9999982118606568
Malicious,Malicious,0.9999986886978148
Malicious,Malicious,0.9999982118606568
Malicious,Malicious,0.9999990463256836
Malicious,Malicious,0.9999604225158693
Malicious,Malicious,0.9999984502792358
Malicious,Malicious,0.999975562095642
Malicious,Malicious,0.9999984502792358
Malicious,Malicious,0.9999986886978148
Malicious,Malicious,0.9999955892562866
Malicious,Malicious,0.9999986886978148
Malicious,Malicious,0.9999986886978148
Malicious,Malicious,0.9999988079071044
Malicious,Malicious,0.9999986886978148
Malicious,Malicious,0.9999982118606568
Malicious,Malicious,0.999997854232788
Malicious,Malicious,0.9999988079071044
Malicious,Malicious,0.9999982118606568
Malicious,Malicious,0.9999986886978148
Malicious,Malicious,0.9999979734420776
Malicious,Malicious,0.9999971389770508
Malicious,Malicious,0.999998927116394
Malicious,Malicious,0.9999984502792358
Malicious,Malicious,0.999998927116394
Malicious,Malicious,0.9999984502792358
Malicious,Malicious,0.9999984502792358
Malicious,Malicious,0.9999986886978148
Malicious,Benign,0.0026160171255469
Malicious,Malicious,0.9999986886978148
Malicious,Malicious,0.9999982118606568
Malicious,Malicious,0.9999986886978148
Malicious,Malicious,0.9999982118606568
Malicious,Malicious,0.9999984502792358
Malicious,Malicious,0.9999949932098388
Malicious,Malicious,0.9999986886978148
Malicious,Malicious,0.999997854232788
Malicious,Malicious,0.9999984502792358
Malicious,Malicious,0.9999949932098388
Malicious,Malicious,0.9999991655349731
Malicious,Malicious,0.9999982118606568
Malicious,Malicious,0.9999974966049194
Malicious,Malicious,0.9999984502792358
Malicious,Malicious,0.9999986886978148
Malicious,Malicious,0.999996542930603
Malicious,Malicious,0.9999988079071044
Malicious,Malicious,0.999997854232788
Malicious,Malicious,0.9999986886978148
Malicious,Malicious,0.9999986886978148
Malicious,Malicious,0.9999988079071044
Malicious,Malicious,0.9999955892562866
Malicious,Malicious,0.4750075042247772
Malicious,Malicious,0.9999992847442628
Malicious,Malicious,0.9999986886978148
Malicious,Malicious,0.9999986886978148
Malicious,Malicious,0.9999982118606568
Malicious,Malicious,0.9999982118606568
Malicious,Malicious,0.9999982118606568
Malicious,Malicious,0.998790681362152
Malicious,Malicious,0.9999992847442628
Malicious,Malicious,0.9999988079071044
Malicious,Malicious,0.999998927116394
Malicious,Malicious,0.9999971389770508
Malicious,Malicious,0.999997854232788
Malicious,Malicious,0.9999982118606568
Malicious,Malicious,0.9999988079071044
Malicious,Malicious,0.9999957084655762
Malicious,Malicious,0.9999984502792358
Malicious,Malicious,0.9999992847442628
Malicious,Malicious,0.9999984502792358
Malicious,Benign,0.0098296422511339
Malicious,Malicious,0.9999921321868896
Malicious,Malicious,0.9999986886978148
Malicious,Malicious,0.9999986886978148
Malicious,Malicious,0.9999988079071044
Malicious,Malicious,0.9999827146530152
Malicious,Malicious,0.999998927116394
Malicious,Malicious,0.9999613761901855
Malicious,Malicious,0.9999970197677612
Malicious,Malicious,0.9999988079071044
Malicious,Malicious,0.999998927116394
Malicious,Malicious,0.99999737739563
Malicious,Malicious,0.999996304512024
Malicious,Malicious,0.9999982118606568
Malicious,Malicious,0.9999984502792358
Malicious,Malicious,0.9999971389770508
Malicious,Malicious,0.9999927282333374
Malicious,Malicious,0.9999980926513672
Malicious,Malicious,0.9999984502792358
Malicious,Malicious,0.9999984502792358
Malicious,Malicious,0.9999982118606568
Malicious,Malicious,0.9999986886978148
Malicious,Malicious,0.999992609024048
Malicious,Malicious,0.9999984502792358
Malicious,Malicious,0.9999988079071044
Malicious,Malicious,0.9999984502792358
Malicious,Malicious,0.9999979734420776
Malicious,Malicious,0.9999982118606568
Malicious,Malicious,0.9999988079071044
Malicious,Malicious,0.999996304512024
Malicious,Malicious,0.9999984502792358
Malicious,Malicious,0.9999897480010986
Malicious,Malicious,0.9999983310699464
Malicious,Malicious,0.9999992847442628
Malicious,Malicious,0.9999982118606568
Malicious,Malicious,0.9999984502792358
Malicious,Malicious,0.9999986886978148
Malicious,Malicious,0.9999983310699464
Malicious,Malicious,0.9999700784683228
Malicious,Malicious,0.9999983310699464
Malicious,Malicious,0.9999988079071044
Malicious,Malicious,0.9999986886978148
Malicious,Malicious,0.9999991655349731
Malicious,Malicious,0.9999984502792358
Malicious,Malicious,0.9999936819076538
Malicious,Malicious,0.999996542930603
Malicious,Malicious,0.999998927116394
Malicious,Malicious,0.9999984502792358
Malicious,Malicious,0.9999986886978148
Malicious,Malicious,0.9999982118606568
Malicious,Malicious,0.9999983310699464
Malicious,Malicious,0.9999986886978148
Malicious,Malicious,0.999996304512024
Malicious,Malicious,0.9999982118606568
Malicious,Malicious,0.9999663829803468
Malicious,Malicious,0.9999982118606568
Malicious,Malicious,0.9999986886978148
Malicious,Malicious,0.9999854564666748
Malicious,Malicious,0.999990701675415
Malicious,Malicious,0.9999940395355223
Malicious,Malicious,0.9999974966049194
Malicious,Malicious,0.9999992847442628
Malicious,Malicious,0.9999985694885254
Malicious,Malicious,0.999997854232788
Malicious,Malicious,0.9999988079071044
Malicious,Malicious,0.9999988079071044
Malicious,Malicious,0.999998927116394
Malicious,Malicious,0.9999878406524658
Malicious,Malicious,0.9999953508377076
Malicious,Malicious,0.9999971389770508
Malicious,Malicious,0.9999982118606568
Malicious,Malicious,0.9999977350234984
Malicious,Malicious,0.9999959468841552
Malicious,Malicious,0.9999971389770508
Malicious,Malicious,0.999998927116394
Malicious,Malicious,0.9999784231185912
Malicious,Malicious,0.9999982118606568
Malicious,Malicious,0.9999988079071044
Malicious,Malicious,0.9999986886978148
Malicious,Malicious,0.9999972581863404
Malicious,Malicious,0.9999982118606568
Malicious,Malicious,0.9999982118606568
Malicious,Malicious,0.9999971389770508
Malicious,Malicious,0.9999921321868896
Malicious,Malicious,0.999997854232788
Malicious,Malicious,0.9999984502792358
Malicious,Malicious,0.9999986886978148
Malicious,Malicious,0.9999988079071044
Malicious,Malicious,0.9999955892562866
Malicious,Malicious,0.9999982118606568
Malicious,Malicious,0.9999961853027344
Malicious,Malicious,0.999997854232788
Malicious,Malicious,0.999992847442627
Malicious,Malicious,0.999998927116394
Malicious,Malicious,0.9999984502792358
Malicious,Malicious,0.9999986886978148
Malicious,Malicious,0.9690390825271606
Malicious,Malicious,0.9999929666519164
Malicious,Malicious,0.9999912977218628
Malicious,Malicious,0.9995585083961488
Malicious,Malicious,0.9999986886978148
Malicious,Malicious,0.9999982118606568
Malicious,Malicious,0.9999991655349731
Malicious,Malicious,0.9999988079071044
Malicious,Malicious,0.9999991655349731
Malicious,Malicious,0.9999982118606568
Malicious,Malicious,0.9999912977218628
Malicious,Malicious,0.999997615814209
Malicious,Malicious,0.9999986886978148
Malicious,Malicious,0.9999986886978148
Malicious,Malicious,0.9999988079071044
Malicious,Malicious,0.5119965672492981
Malicious,Malicious,0.9999985694885254
Malicious,Malicious,0.9999982118606568
Malicious,Malicious,0.9999982118606568
Malicious,Malicious,0.9999988079071044
Malicious,Malicious,0.9999982118606568
Malicious,Malicious,0.9999986886978148
Malicious,Malicious,0.9999885559082032
Malicious,Malicious,0.9999988079071044
Malicious,Malicious,0.9999988079071044
Malicious,Malicious,0.9999886751174928
Malicious,Benign,0.0161288529634475
Malicious,Malicious,0.9999996423721312
Malicious,Malicious,0.9999986886978148
Malicious,Malicious,0.9999939203262328
Malicious,Malicious,0.9999984502792358
Malicious,Malicious,0.9999986886978148
Malicious,Malicious,0.9999984502792358
Malicious,Malicious,0.9999982118606568
Malicious,Malicious,0.9999988079071044
Malicious,Malicious,0.9999830722808838
Malicious,Malicious,0.9999984502792358
Malicious,Malicious,0.9999986886978148
Malicious,Malicious,0.4466208219528198
Malicious,Malicious,0.9999984502792358
Malicious,Malicious,0.999997615814209
Malicious,Malicious,0.9999983310699464
Malicious,Malicious,0.999998927116394
Malicious,Malicious,0.9999988079071044
Malicious,Malicious,0.9999986886978148
Malicious,Malicious,0.9999982118606568
Malicious,Malicious,0.9999986886978148
Malicious,Malicious,0.9999983310699464
Malicious,Malicious,0.9999966621398926
Malicious,Malicious,0.999992847442627
Malicious,Malicious,0.9999984502792358
Malicious,Malicious,0.9999982118606568
Malicious,Malicious,0.99999737739563
Malicious,Malicious,0.9999988079071044
Malicious,Malicious,0.9999986886978148
Malicious,Malicious,0.9999988079071044
Malicious,Malicious,0.9999984502792358
Malicious,Malicious,0.9999895095825196
Malicious,Malicious,0.9999608993530272
Malicious,Malicious,0.9999991655349731
Malicious,Malicious,0.9999955892562866
Malicious,Malicious,0.9999984502792358
Malicious,Malicious,0.9999895095825196
Malicious,Malicious,0.9999982118606568
Malicious,Malicious,0.9999988079071044
Malicious,Malicious,0.9999982118606568
Malicious,Malicious,0.9999947547912598
Malicious,Malicious,0.9999979734420776
Malicious,Malicious,0.9999940395355223
Malicious,Malicious,0.9999949932098388
Malicious,Malicious,0.9999983310699464
Malicious,Malicious,0.9999982118606568
Malicious,Malicious,0.9999991655349731
Malicious,Malicious,0.9999984502792358
Malicious,Malicious,0.9999986886978148
Malicious,Malicious,0.9999983310699464
Malicious,Malicious,0.9999986886978148
Malicious,Malicious,0.9999977350234984
Malicious,Malicious,0.999998927116394
Malicious,Malicious,0.999998927116394
Malicious,Benign,0.1796616315841674
Malicious,Malicious,0.9999891519546508
Malicious,Malicious,0.9999982118606568
Malicious,Malicious,0.999995231628418
Malicious,Malicious,0.9999986886978148
Malicious,Malicious,0.9999991655349731
Malicious,Malicious,0.9999984502792358
Malicious,Malicious,0.9999984502792358
Malicious,Malicious,0.9999986886978148
Malicious,Malicious,0.999998927116394
Malicious,Malicious,0.999997854232788
Malicious,Malicious,0.999996781349182
Malicious,Malicious,0.999997854232788
Malicious,Malicious,0.9999983310699464
Malicious,Malicious,0.999998927116394
Malicious,Benign,0.0466257259249687
Malicious,Malicious,0.9999984502792358
Malicious,Malicious,0.9999982118606568
Malicious,Malicious,0.999998927116394
Malicious,Malicious,0.9999982118606568
Malicious,Malicious,0.9999982118606568
Malicious,Malicious,0.999996781349182
Malicious,Malicious,0.9995455145835876
Malicious,Malicious,0.9999988079071044
Malicious,Malicious,0.9999984502792358
Malicious,Malicious,0.9999991655349731
Malicious,Malicious,0.9999905824661256
Malicious,Malicious,0.9999982118606568
Malicious,Malicious,0.9999984502792358
Malicious,Malicious,0.9999986886978148
Malicious,Malicious,0.9999986886978148
Malicious,Malicious,0.9999982118606568
Malicious,Malicious,0.9999977350234984
Malicious,Malicious,0.9999982118606568
Malicious,Malicious,0.9999983310699464
Malicious,Malicious,0.9999991655349731
Malicious,Malicious,0.9999983310699464
Malicious,Malicious,0.9999977350234984
Malicious,Malicious,0.9999972581863404
Malicious,Malicious,0.9999983310699464
Malicious,Malicious,0.9999983310699464
Malicious,Malicious,0.999998927116394
Malicious,Malicious,0.9999984502792358
Malicious,Malicious,0.9999985694885254
Malicious,Malicious,0.9999988079071044
Malicious,Malicious,0.9999982118606568
Malicious,Malicious,0.999991536140442
Malicious,Malicious,0.999964952468872
Malicious,Malicious,0.9999979734420776
Malicious,Malicious,0.9999982118606568
Malicious,Malicious,0.9999988079071044
Malicious,Malicious,0.9999988079071044
Malicious,Malicious,0.8450025916099548
Malicious,Malicious,0.9999977350234984
Malicious,Malicious,0.9999982118606568
Malicious,Malicious,0.9999984502792358
Malicious,Malicious,0.9999984502792358
Malicious,Malicious,0.9999984502792358
Malicious,Malicious,0.999974250793457
Malicious,Malicious,0.9999986886978148
Malicious,Malicious,0.9999977350234984
Malicious,Malicious,0.9999994039535522
Malicious,Malicious,0.9999991655349731
Malicious,Malicious,0.9999979734420776
Malicious,Malicious,0.999997854232788
Malicious,Malicious,0.9999985694885254
Malicious,Malicious,0.9999988079071044
Malicious,Malicious,0.9999980926513672
Malicious,Malicious,0.9999980926513672
Malicious,Malicious,0.9999988079071044
Malicious,Malicious,0.9999982118606568
Malicious,Malicious,0.9999986886978148
Malicious,Malicious,0.9999828338623048
Malicious,Malicious,0.9999977350234984
Malicious,Malicious,0.9999983310699464
Malicious,Malicious,0.999997854232788
Malicious,Malicious,0.9999984502792358
Malicious,Malicious,0.9999986886978148
Malicious,Malicious,0.9999895095825196
Malicious,Malicious,0.9999982118606568
Malicious,Malicious,0.9999986886978148
Malicious,Malicious,0.999997854232788
Malicious,Malicious,0.9999982118606568
Malicious,Malicious,0.9999982118606568
Malicious,Malicious,0.9999979734420776
Malicious,Malicious,0.9999982118606568
Malicious,Malicious,0.999998927116394
Malicious,Malicious,0.9999982118606568
Malicious,Malicious,0.9999986886978148
Malicious,Malicious,0.9999988079071044
Malicious,Malicious,0.9999986886978148
Malicious,Malicious,0.9999982118606568
Malicious,Malicious,0.9999982118606568
Malicious,Malicious,0.9999984502792358
Malicious,Malicious,0.9999984502792358
Malicious,Malicious,0.9999988079071044
Malicious,Malicious,0.9999933242797852
Malicious,Malicious,0.9999983310699464
Malicious,Malicious,0.999985933303833
Malicious,Malicious,0.9999988079071044
Malicious,Malicious,0.9999991655349731
Malicious,Malicious,0.9999984502792358
Malicious,Malicious,0.9999982118606568
Malicious,Malicious,0.9999986886978148
Malicious,Malicious,0.999996781349182
Malicious,Malicious,0.999998927116394
Malicious,Malicious,0.9999929666519164
Malicious,Malicious,0.9999983310699464
Malicious,Malicious,0.9999983310699464
Malicious,Malicious,0.9999982118606568
Malicious,Malicious,0.9999977350234984
Malicious,Malicious,0.9999984502792358
Malicious,Malicious,0.9999977350234984
Malicious,Malicious,0.999993085861206
Malicious,Malicious,0.9999991655349731
Malicious,Malicious,0.9999982118606568
Malicious,Malicious,0.9999984502792358
Malicious,Malicious,0.9999980926513672
Malicious,Malicious,0.9999984502792358
Malicious,Malicious,0.9999984502792358
Malicious,Malicious,0.9999988079071044
Malicious,Malicious,0.9999713897705078
Malicious,Malicious,0.9999982118606568
Malicious,Malicious,0.999994158744812
Malicious,Malicious,0.9999896287918092
Malicious,Malicious,0.9999988079071044
Malicious,Malicious,0.9999982118606568
Malicious,Malicious,0.9999898672103882
Malicious,Malicious,0.9999980926513672
Malicious,Malicious,0.9999982118606568
Malicious,Malicious,0.9999991655349731
Malicious,Malicious,0.9999984502792358
Malicious,Malicious,0.9999986886978148
Malicious,Malicious,0.9714490175247192
Malicious,Malicious,0.9999988079071044
Malicious,Malicious,0.9999990463256836
Malicious,Malicious,0.9999929666519164
Malicious,Malicious,0.9999982118606568
Malicious,Malicious,0.9999984502792358
Malicious,Malicious,0.9999982118606568
Malicious,Malicious,0.9999982118606568
Malicious,Malicious,0.9999982118606568
Malicious,Benign,0.0028577430639415
Malicious,Malicious,0.9999984502792358
Malicious,Malicious,0.9999982118606568
Malicious,Malicious,0.9999982118606568
Malicious,Malicious,0.9999982118606568
Malicious,Malicious,0.9999990463256836
Malicious,Malicious,0.9999977350234984
Malicious,Malicious,0.9999986886978148
Malicious,Malicious,0.9999985694885254
Malicious,Malicious,0.9999957084655762
Malicious,Malicious,0.9999986886978148
Malicious,Malicious,0.9999986886978148
Malicious,Malicious,0.9999984502792358
Malicious,Malicious,0.9999984502792358
Malicious,Malicious,0.999998927116394
Malicious,Malicious,0.9999988079071044
Malicious,Malicious,0.9999986886978148
Malicious,Malicious,0.9999988079071044
Malicious,Malicious,0.9999982118606568
Malicious,Malicious,0.9999984502792358
Malicious,Malicious,0.9999988079071044
Malicious,Malicious,0.9999966621398926
Malicious,Malicious,0.9999980926513672
Malicious,Malicious,0.999998927116394
Malicious,Malicious,0.9999974966049194
Malicious,Malicious,0.9999984502792358
Malicious,Malicious,0.9999735355377196
Malicious,Malicious,0.9999982118606568
Malicious,Malicious,0.9999982118606568
Malicious,Malicious,0.999998927116394
Malicious,Malicious,0.999998927116394
Malicious,Malicious,0.999998927116394
Malicious,Malicious,0.999363124370575
Malicious,Malicious,0.9999979734420776
Malicious,Malicious,0.9999982118606568
Malicious,Malicious,0.999990701675415
Malicious,Malicious,0.9999830722808838
Malicious,Malicious,0.9999990463256836
Malicious,Malicious,0.9999991655349731
Malicious,Malicious,0.9999988079071044
Malicious,Malicious,0.9999988079071044
Malicious,Malicious,0.9999984502792358
Malicious,Malicious,0.9999984502792358
Malicious,Malicious,0.577619194984436
Malicious,Malicious,0.9999988079071044
Malicious,Malicious,0.999998927116394
Malicious,Malicious,0.9999961853027344
Malicious,Malicious,0.9999986886978148
Malicious,Malicious,0.9999988079071044
Malicious,Malicious,0.9999984502792358
Malicious,Malicious,0.9999982118606568
Malicious,Malicious,0.999998927116394
Malicious,Malicious,0.999998927116394
Malicious,Malicious,0.9999986886978148
Malicious,Malicious,0.9999983310699464
Malicious,Malicious,0.999998927116394
Malicious,Malicious,0.9999982118606568
Malicious,Malicious,0.9999984502792358
Malicious,Malicious,0.9999986886978148
Malicious,Malicious,0.9999939203262328
Malicious,Malicious,0.9999986886978148
Malicious,Malicious,0.9999982118606568
Malicious,Malicious,0.9999982118606568
Malicious,Malicious,0.9999986886978148
Malicious,Malicious,0.9999961853027344
Malicious,Malicious,0.9999988079071044
Malicious,Malicious,0.9999982118606568
Malicious,Malicious,0.9999977350234984
Malicious,Malicious,0.9999988079071044
Malicious,Malicious,0.9999986886978148
Malicious,Malicious,0.9999982118606568
Malicious,Malicious,0.9999982118606568
Malicious,Malicious,0.9999982118606568
Malicious,Malicious,0.9999984502792358
Malicious,Malicious,0.9999966621398926
Malicious,Malicious,0.9999974966049194
Malicious,Malicious,0.9999762773513794
Malicious,Malicious,0.9999966621398926
Malicious,Malicious,0.999997854232788
Malicious,Malicious,0.9999991655349731
Malicious,Malicious,0.9999986886978148
Malicious,Malicious,0.999996304512024
Malicious,Malicious,0.99999737739563
Malicious,Malicious,0.9999984502792358
Malicious,Malicious,0.9999983310699464
Malicious,Malicious,0.9999984502792358
Malicious,Malicious,0.9999982118606568
Malicious,Malicious,0.9999982118606568
Malicious,Malicious,0.9999847412109376
Malicious,Malicious,0.9999988079071044
Malicious,Malicious,0.9999991655349731
Malicious,Malicious,0.9999951124191284
Malicious,Malicious,0.999997615814209
Malicious,Malicious,0.9999971389770508
Malicious,Malicious,0.999998927116394
Malicious,Malicious,0.9999982118606568
Malicious,Malicious,0.999990463256836
Malicious,Malicious,0.9999984502792358
Malicious,Malicious,0.9999912977218628
Malicious,Malicious,0.9999988079071044
Malicious,Malicious,0.9999984502792358
Malicious,Malicious,0.9999680519104004
Malicious,Malicious,0.9999982118606568
Malicious,Malicious,0.9999982118606568
Malicious,Malicious,0.9999698400497437
Malicious,Malicious,0.9999984502792358
Malicious,Malicious,0.9999984502792358
Malicious,Malicious,0.9999984502792358
Malicious,Malicious,0.999997854232788
Malicious,Malicious,0.9999984502792358
Malicious,Malicious,0.9999984502792358
Malicious,Malicious,0.999985933303833
Malicious,Malicious,0.9999992847442628
Malicious,Malicious,0.9999982118606568
Malicious,Malicious,0.9999983310699464
Malicious,Malicious,0.9999985694885254
Malicious,Malicious,0.9999984502792358
Malicious,Malicious,0.9999988079071044
Malicious,Malicious,0.9999982118606568
Malicious,Malicious,0.9998984336853028
Malicious,Malicious,0.999998927116394
Malicious,Malicious,0.9999988079071044
Malicious,Malicious,0.9999979734420776
Malicious,Malicious,0.9999984502792358
Malicious,Malicious,0.9999986886978148
Malicious,Malicious,0.9999979734420776
Malicious,Malicious,0.9999984502792358
Malicious,Malicious,0.9999986886978148
Malicious,Malicious,0.9999986886978148
Malicious,Malicious,0.999997615814209
Malicious,Malicious,0.9999936819076538
Malicious,Malicious,0.9999985694885254
Malicious,Malicious,0.9999986886978148
Malicious,Malicious,0.9999982118606568
Malicious,Malicious,0.9999982118606568
Malicious,Malicious,0.9999984502792358
Malicious,Malicious,0.999998927116394
Malicious,Malicious,0.9999972581863404
Malicious,Malicious,0.9999971389770508
Malicious,Malicious,0.9999988079071044
Malicious,Malicious,0.999997615814209
Malicious,Malicious,0.9999982118606568
Malicious,Benign,0.0068745319731533
Malicious,Malicious,0.9994352459907532
Malicious,Malicious,0.9999982118606568
Malicious,Malicious,0.9999991655349731
Malicious,Malicious,0.9999982118606568
Malicious,Malicious,0.9999988079071044
Malicious,Malicious,0.9999982118606568
Malicious,Malicious,0.9999959468841552
Malicious,Malicious,0.999998927116394
Malicious,Malicious,0.9999946355819702
Malicious,Malicious,0.9999985694885254
Malicious,Malicious,0.999998927116394
Malicious,Malicious,0.9999988079071044
Malicious,Malicious,0.999998927116394
Malicious,Malicious,0.9999988079071044
Malicious,Malicious,0.9999971389770508
Malicious,Malicious,0.9999986886978148
Malicious,Malicious,0.9999970197677612
Malicious,Malicious,0.9999982118606568
Malicious,Malicious,0.9999982118606568
Malicious,Malicious,0.9999984502792358
Malicious,Malicious,0.9999988079071044
Malicious,Malicious,0.9999982118606568
Malicious,Malicious,0.9999929666519164
Malicious,Malicious,0.9999986886978148
Malicious,Malicious,0.999996781349182
Malicious,Malicious,0.9999991655349731
Malicious,Malicious,0.999996304512024
Malicious,Malicious,0.9999986886978148
Malicious,Malicious,0.9999986886978148
Malicious,Malicious,0.9999984502792358
Malicious,Malicious,0.9999982118606568
Malicious,Malicious,0.999998927116394
Malicious,Malicious,0.9999897480010986
Malicious,Malicious,0.999945878982544
Malicious,Malicious,0.9999988079071044
Malicious,Malicious,0.999998927116394
Malicious,Malicious,0.999998927116394
Malicious,Malicious,0.9999988079071044
Malicious,Malicious,0.9999988079071044
Malicious,Malicious,0.999998927116394
Malicious,Malicious,0.9999988079071044
Malicious,Malicious,0.9999988079071044
Malicious,Malicious,0.9999983310699464
Malicious,Malicious,0.9999982118606568
Malicious,Malicious,0.9999984502792358
Malicious,Malicious,0.9999994039535522
Malicious,Malicious,0.9999986886978148
Malicious,Malicious,0.9999984502792358
Malicious,Malicious,0.9999984502792358
Malicious,Malicious,0.9999986886978148
Malicious,Malicious,0.999987244606018
Malicious,Malicious,0.9999949932098388
Malicious,Malicious,0.9999986886978148
Malicious,Malicious,0.9999988079071044
Malicious,Malicious,0.999997854232788
Malicious,Malicious,0.999998927116394
Malicious,Malicious,0.9999992847442628
Malicious,Malicious,0.999998927116394
Malicious,Malicious,0.9999974966049194
Malicious,Malicious,0.9999982118606568
Malicious,Malicious,0.9999972581863404
Malicious,Malicious,0.9999078512191772
Malicious,Malicious,0.9999988079071044
Malicious,Malicious,0.9999947547912598
Malicious,Malicious,0.999997615814209
Malicious,Malicious,0.9999984502792358
Malicious,Malicious,0.9999992847442628
Malicious,Malicious,0.9999982118606568
Malicious,Malicious,0.999998927116394
Malicious,Malicious,0.9999549388885498
Malicious,Malicious,0.9999994039535522
Malicious,Malicious,0.999997615814209
Malicious,Malicious,0.9999984502792358
Malicious,Malicious,0.9983376264572144
Malicious,Malicious,0.9999982118606568
Malicious,Benign,0.0012449097121134
Malicious,Malicious,0.9999828338623048
Malicious,Malicious,0.9999979734420776
Malicious,Malicious,0.9999980926513672
Malicious,Malicious,0.9999970197677612
Malicious,Malicious,0.9999984502792358
Malicious,Malicious,0.9999984502792358
Malicious,Malicious,0.9999985694885254
Malicious,Malicious,0.9999897480010986
Malicious,Malicious,0.9999982118606568
Malicious,Malicious,0.999998927116394
Malicious,Malicious,0.9999984502792358
Malicious,Malicious,0.9999985694885254
Malicious,Malicious,0.9999982118606568
Malicious,Malicious,0.9999984502792358
Malicious,Malicious,0.999997854232788
Malicious,Malicious,0.9999929666519164
Malicious,Malicious,0.9999988079071044
Malicious,Malicious,0.9999984502792358
Malicious,Malicious,0.9999982118606568
Malicious,Malicious,0.9999881982803344
Malicious,Malicious,0.9999986886978148
Malicious,Malicious,0.999997854232788
Malicious,Malicious,0.9999988079071044
Malicious,Malicious,0.9999982118606568
Malicious,Malicious,0.9999986886978148
Malicious,Malicious,0.9999984502792358
Malicious,Malicious,0.9999970197677612
Malicious,Malicious,0.9999986886978148
Malicious,Malicious,0.9999982118606568
Malicious,Malicious,0.9999974966049194
Malicious,Malicious,0.9999983310699464
Malicious,Benign,0.0007785336347296834
Malicious,Malicious,0.9999880790710448
Malicious,Malicious,0.999992609024048
Malicious,Malicious,0.9999988079071044
Malicious,Malicious,0.9999887943267822
Malicious,Malicious,0.9999991655349731
Malicious,Malicious,0.9999986886978148
Malicious,Malicious,0.9999979734420776
Malicious,Malicious,0.9999986886978148
Malicious,Malicious,0.999996542930603
Malicious,Malicious,0.9999991655349731
Malicious,Malicious,0.9999986886978148
Malicious,Malicious,0.9999984502792358
Malicious,Malicious,0.999997854232788
Malicious,Malicious,0.9999984502792358
Malicious,Malicious,0.9999988079071044
Malicious,Malicious,0.9999986886978148
Malicious,Malicious,0.9999982118606568
Malicious,Benign,0.003855453338474
Malicious,Malicious,0.9999984502792358
Malicious,Benign,0.0013623655540868
Malicious,Malicious,0.9999947547912598
Malicious,Malicious,0.9999994039535522
Malicious,Malicious,0.9999991655349731
Malicious,Malicious,0.999998927116394
Malicious,Malicious,0.9999977350234984
Malicious,Malicious,0.9999982118606568
Malicious,Malicious,0.9999983310699464
Malicious,Malicious,0.9999983310699464
Malicious,Malicious,0.9999984502792358
Malicious,Malicious,0.9999977350234984
Malicious,Malicious,0.9999984502792358
Malicious,Malicious,0.9999988079071044
Malicious,Malicious,0.9999982118606568
Malicious,Malicious,0.999998927116394
Malicious,Malicious,0.9999984502792358
Malicious,Malicious,0.9999982118606568
Malicious,Malicious,0.999996781349182
Malicious,Malicious,0.9999982118606568
Malicious,Malicious,0.9999982118606568
Malicious,Malicious,0.9999984502792358
Malicious,Malicious,0.999998927116394
Malicious,Malicious,0.999998927116394
Malicious,Malicious,0.9999983310699464
Malicious,Malicious,0.9999982118606568
Malicious,Malicious,0.9999984502792358
Malicious,Malicious,0.999998927116394
Malicious,Malicious,0.9999959468841552
Malicious,Malicious,0.9999971389770508
Malicious,Malicious,0.9999986886978148
Malicious,Malicious,0.9999986886978148
Malicious,Malicious,0.9999984502792358
Malicious,Malicious,0.999996781349182
Malicious,Malicious,0.9999986886978148
Malicious,Malicious,0.999998927116394
Malicious,Malicious,0.9999984502792358
Malicious,Malicious,0.9999988079071044
Malicious,Malicious,0.9999990463256836
Malicious,Malicious,0.9999988079071044
Malicious,Benign,0.0283655803650617
Malicious,Malicious,0.9999979734420776
Malicious,Malicious,0.9999984502792358
Malicious,Malicious,0.999998927116394
Malicious,Malicious,0.9999982118606568
Malicious,Malicious,0.9999836683273317
Malicious,Malicious,0.99999737739563
Malicious,Malicious,0.999911904335022
Malicious,Malicious,0.9999830722808838
Malicious,Malicious,0.9999983310699464
Malicious,Malicious,0.999996304512024
Malicious,Malicious,0.9999988079071044
Malicious,Malicious,0.9999982118606568
Malicious,Malicious,0.999998927116394
Malicious,Malicious,0.9999986886978148
Malicious,Malicious,0.9999974966049194
Malicious,Malicious,0.9999982118606568
Malicious,Malicious,0.9999971389770508
Malicious,Malicious,0.9999951124191284
Malicious,Malicious,0.9999991655349731
Malicious,Malicious,0.9999982118606568
Malicious,Malicious,0.9999988079071044
Malicious,Malicious,0.9999986886978148
Malicious,Malicious,0.9999986886978148
Malicious,Malicious,0.9998670816421508
Malicious,Malicious,0.9999982118606568
Malicious,Malicious,0.9999938011169434
Malicious,Benign,0.0224497783929109
Malicious,Malicious,0.9999988079071044
Malicious,Malicious,0.9999970197677612
Malicious,Malicious,0.9999992847442628
Malicious,Malicious,0.9999982118606568
Malicious,Malicious,0.9999979734420776
Malicious,Malicious,0.999998927116394
Malicious,Malicious,0.9999984502792358
Malicious,Malicious,0.9999982118606568
Malicious,Malicious,0.999943733215332
Malicious,Malicious,0.9999984502792358
Malicious,Malicious,0.9999582767486572
Malicious,Malicious,0.9999988079071044
Malicious,Malicious,0.9999988079071044
Malicious,Malicious,0.9999977350234984
Malicious,Malicious,0.9999984502792358
Malicious,Malicious,0.9999984502792358
Malicious,Malicious,0.9999984502792358
Malicious,Malicious,0.9999986886978148
Malicious,Malicious,0.9999986886978148
Malicious,Malicious,0.999998927116394
Malicious,Malicious,0.9999983310699464
Malicious,Malicious,0.9999986886978148
Malicious,Malicious,0.999998927116394
Malicious,Malicious,0.9999929666519164
Malicious,Malicious,0.9999986886978148
Malicious,Malicious,0.999992609024048
Malicious,Malicious,0.9999986886978148
Malicious,Malicious,0.999996781349182
Malicious,Malicious,0.9999982118606568
Malicious,Malicious,0.9999982118606568
Malicious,Malicious,0.9999988079071044
Malicious,Malicious,0.9999984502792358
Malicious,Malicious,0.9999984502792358
Malicious,Malicious,0.999998927116394
Malicious,Malicious,0.9999984502792358
Malicious,Malicious,0.9999988079071044
Malicious,Malicious,0.9999986886978148
Malicious,Malicious,0.9999986886978148
Malicious,Malicious,0.9999986886978148
Malicious,Malicious,0.9999984502792358
Malicious,Malicious,0.9999986886978148
Malicious,Malicious,0.9999984502792358
Malicious,Malicious,0.9999979734420776
Malicious,Malicious,0.999998927116394
Malicious,Malicious,0.9999985694885254
Malicious,Malicious,0.9999984502792358
Malicious,Malicious,0.9999911785125732
Malicious,Malicious,0.9999986886978148
Malicious,Malicious,0.9999860525131226
Malicious,Malicious,0.9999988079071044
Malicious,Malicious,0.9999982118606568
Malicious,Malicious,0.9999982118606568
Malicious,Malicious,0.9999936819076538
Malicious,Malicious,0.9999984502792358
Malicious,Malicious,0.9999983310699464
Malicious,Malicious,0.9999982118606568
Malicious,Malicious,0.9999986886978148
Malicious,Malicious,0.9999988079071044
Malicious,Malicious,0.999996304512024
Malicious,Malicious,0.9999986886978148
Malicious,Malicious,0.9999643564224244
Malicious,Malicious,0.999996304512024
Malicious,Malicious,0.9999986886978148
Malicious,Malicious,0.999998927116394
Malicious,Malicious,0.9999974966049194
Malicious,Malicious,0.9999974966049194
Malicious,Malicious,0.9999994039535522
Malicious,Malicious,0.999998927116394
Malicious,Malicious,0.9999988079071044
Malicious,Malicious,0.9999988079071044
Malicious,Malicious,0.9999988079071044
Malicious,Malicious,0.999997615814209
Malicious,Malicious,0.9999991655349731
Malicious,Malicious,0.9999984502792358
Malicious,Malicious,0.9999971389770508
Malicious,Malicious,0.9999984502792358
Malicious,Malicious,0.9999988079071044
Malicious,Malicious,0.9999984502792358
Malicious,Malicious,0.9999969005584716
Malicious,Malicious,0.9999982118606568
Malicious,Malicious,0.999995231628418
Malicious,Malicious,0.9999982118606568
Malicious,Benign,0.0130126550793647
Malicious,Malicious,0.9999830722808838
Malicious,Malicious,0.9999982118606568
Malicious,Malicious,0.999998927116394
Malicious,Malicious,0.9999982118606568
Malicious,Malicious,0.9999994039535522
Malicious,Malicious,0.9999988079071044
Malicious,Malicious,0.9999984502792358
Malicious,Malicious,0.9999984502792358
Malicious,Malicious,0.9999979734420776
Malicious,Malicious,0.9999977350234984
Malicious,Malicious,0.9999979734420776
Malicious,Malicious,0.9853112697601318
Malicious,Malicious,0.9999991655349731
Malicious,Malicious,0.9999982118606568
Malicious,Malicious,0.9999988079071044
Malicious,Malicious,0.9999986886978148
Malicious,Malicious,0.9999984502792358
Malicious,Malicious,0.9999984502792358
Malicious,Malicious,0.9999979734420776
Malicious,Malicious,0.9999988079071044
Malicious,Malicious,0.9999991655349731
Malicious,Malicious,0.9999984502792358
Malicious,Malicious,0.9999984502792358
Malicious,Malicious,0.999997615814209
Malicious,Malicious,0.9999971389770508
Malicious,Malicious,0.9999986886978148
Malicious,Malicious,0.9999953508377076
Malicious,Malicious,0.9999899864196776
Malicious,Malicious,0.9999959468841552
Malicious,Malicious,0.9999982118606568
Malicious,Malicious,0.999998927116394
Malicious,Malicious,0.9999934434890748
Malicious,Malicious,0.9999984502792358
Malicious,Malicious,0.99999737739563
Malicious,Malicious,0.9999715089797974
Malicious,Malicious,0.9999953508377076
Malicious,Malicious,0.9999984502792358
Malicious,Malicious,0.9999984502792358
Malicious,Malicious,0.9999982118606568
Malicious,Malicious,0.9999984502792358
Malicious,Malicious,0.9999988079071044
Malicious,Malicious,0.9999912977218628
Malicious,Malicious,0.9999990463256836
Malicious,Malicious,0.9999988079071044
Malicious,Malicious,0.9999982118606568
Malicious,Malicious,0.9999984502792358
Malicious,Malicious,0.9999984502792358
Malicious,Malicious,0.9999982118606568
Malicious,Malicious,0.9999982118606568
Malicious,Malicious,0.9999982118606568
Malicious,Malicious,0.9999986886978148
Malicious,Malicious,0.9999984502792358
Malicious,Malicious,0.9999985694885254
Malicious,Malicious,0.9999984502792358
Malicious,Malicious,0.9999984502792358
Malicious,Malicious,0.999997615814209
Malicious,Malicious,0.9999935626983644
Malicious,Malicious,0.9999979734420776
Malicious,Malicious,0.9999984502792358
Malicious,Malicious,0.999996542930603
Malicious,Malicious,0.9999986886978148
Malicious,Malicious,0.9999988079071044
Malicious,Malicious,0.9999985694885254
Malicious,Malicious,0.9999233484268188
Malicious,Malicious,0.999998927116394
Malicious,Malicious,0.9999986886978148
Malicious,Malicious,0.9999972581863404
Malicious,Malicious,0.999998927116394
Malicious,Malicious,0.9999991655349731
Malicious,Malicious,0.9999982118606568
Malicious,Malicious,0.9399850368499756
Malicious,Malicious,0.9999990463256836
Malicious,Malicious,0.9999980926513672
Malicious,Malicious,0.9999988079071044
Malicious,Malicious,0.9999986886978148
Malicious,Malicious,0.9999982118606568
Malicious,Malicious,0.9999982118606568
Malicious,Malicious,0.9999982118606568
Malicious,Malicious,0.9981695413589478
Malicious,Malicious,0.9999983310699464
Malicious,Malicious,0.9999889135360718
Malicious,Malicious,0.999998927116394
Malicious,Malicious,0.9999960660934448
Malicious,Malicious,0.9999988079071044
Malicious,Malicious,0.9999984502792358
Malicious,Malicious,0.9999992847442628
Malicious,Malicious,0.9999982118606568
Malicious,Malicious,0.9999971389770508
Malicious,Malicious,0.9999988079071044
Malicious,Malicious,0.9999898672103882
Malicious,Malicious,0.9999984502792358
Malicious,Malicious,0.9999982118606568
Malicious,Malicious,0.9999971389770508
Malicious,Malicious,0.9999982118606568
Malicious,Malicious,0.9999982118606568
Malicious,Malicious,0.9999988079071044
Malicious,Malicious,0.9999988079071044
Malicious,Malicious,0.9999982118606568
Malicious,Malicious,0.999998927116394
Malicious,Malicious,0.9999982118606568
Malicious,Malicious,0.9999922513961792
Malicious,Malicious,0.9999982118606568
Malicious,Malicious,0.9999970197677612
Malicious,Malicious,0.9999896287918092
Malicious,Malicious,0.9999984502792358
Malicious,Malicious,0.9999983310699464
Malicious,Malicious,0.9999970197677612
Malicious,Malicious,0.9999984502792358
Malicious,Malicious,0.9999986886978148
Malicious,Malicious,0.9999982118606568
Malicious,Malicious,0.9999982118606568
Malicious,Malicious,0.9999986886978148
Malicious,Malicious,0.9999985694885254
Malicious,Malicious,0.9999988079071044
Malicious,Malicious,0.9999986886978148
Malicious,Malicious,0.9999858140945436
Malicious,Malicious,0.9999961853027344
Malicious,Malicious,0.9999828338623048
Malicious,Malicious,0.9999988079071044
Malicious,Malicious,0.9999984502792358
Malicious,Malicious,0.9999988079071044
Malicious,Malicious,0.9999979734420776
Malicious,Malicious,0.9983600974082948
Malicious,Malicious,0.9999974966049194
Malicious,Malicious,0.9999986886978148
Malicious,Malicious,0.9999986886978148
Malicious,Malicious,0.999997854232788
Malicious,Malicious,0.9999983310699464
Malicious,Malicious,0.9999929666519164
Malicious,Malicious,0.9999990463256836
Malicious,Malicious,0.9999988079071044
Malicious,Malicious,0.999996781349182
Malicious,Malicious,0.9999982118606568
Malicious,Benign,0.0062032910063862
Malicious,Malicious,0.999997615814209
Malicious,Malicious,0.9999914169311525
Malicious,Malicious,0.999981164932251
Malicious,Malicious,0.9999988079071044
Malicious,Malicious,0.999997854232788
Malicious,Malicious,0.9999971389770508
Malicious,Malicious,0.9999977350234984
Malicious,Malicious,0.9999985694885254
Malicious,Malicious,0.9999988079071044
Malicious,Malicious,0.9999979734420776
Malicious,Malicious,0.9999994039535522
Malicious,Malicious,0.9999986886978148
Malicious,Malicious,0.9999986886978148
Malicious,Malicious,0.9999982118606568
Malicious,Malicious,0.9999984502792358
Malicious,Malicious,0.9999988079071044
Malicious,Malicious,0.999998927116394
Malicious,Malicious,0.999987244606018
Malicious,Malicious,0.999050796031952
Malicious,Malicious,0.9999986886978148
Malicious,Malicious,0.9999988079071044
Malicious,Malicious,0.9999988079071044
Malicious,Malicious,0.9999988079071044
Malicious,Malicious,0.9999990463256836
Malicious,Malicious,0.9999982118606568
Malicious,Malicious,0.9999779462814332
Malicious,Malicious,0.9999966621398926
Malicious,Malicious,0.9999972581863404
Malicious,Malicious,0.9999895095825196
Malicious,Malicious,0.9999988079071044
Malicious,Malicious,0.9999982118606568
Malicious,Malicious,0.9999980926513672
Malicious,Malicious,0.9999983310699464
Malicious,Malicious,0.9999957084655762
Malicious,Malicious,0.9999982118606568
Malicious,Malicious,0.9999982118606568
Malicious,Malicious,0.9999984502792358
Malicious,Malicious,0.9999241828918456
Malicious,Malicious,0.9999988079071044
Malicious,Malicious,0.9999986886978148
Malicious,Malicious,0.9999986886978148
Malicious,Malicious,0.9999980926513672
Malicious,Malicious,0.9999986886978148
Malicious,Malicious,0.9999955892562866
Malicious,Malicious,0.9999990463256836
Malicious,Malicious,0.9999991655349731
Malicious,Malicious,0.9999986886978148
Malicious,Malicious,0.9999982118606568
Malicious,Malicious,0.9999988079071044
Malicious,Malicious,0.9999982118606568
Malicious,Malicious,0.9999991655349731
Malicious,Malicious,0.999996304512024
Malicious,Malicious,0.999998927116394
Malicious,Malicious,0.9999988079071044
Malicious,Malicious,0.9999982118606568
Malicious,Malicious,0.9999986886978148
Malicious,Malicious,0.9999948740005492
Malicious,Malicious,0.9999992847442628
Malicious,Malicious,0.9999957084655762
Malicious,Malicious,0.9999983310699464
Malicious,Malicious,0.9999988079071044
Malicious,Malicious,0.9999982118606568
Malicious,Malicious,0.999997615814209
Malicious,Malicious,0.9999939203262328
Malicious,Malicious,0.9999945163726808
Malicious,Malicious,0.9999985694885254
Malicious,Malicious,0.9999984502792358
Malicious,Malicious,0.9999927282333374
Malicious,Malicious,0.9999982118606568
Malicious,Malicious,0.9999988079071044
Malicious,Malicious,0.9999984502792358
Malicious,Malicious,0.9999982118606568
Malicious,Malicious,0.9999984502792358
Malicious,Malicious,0.9999984502792358
Malicious,Malicious,0.999997615814209
Malicious,Malicious,0.999997615814209
Malicious,Malicious,0.999998927116394
Malicious,Malicious,0.9999991655349731
Malicious,Malicious,0.999970555305481
Malicious,Malicious,0.9999841451644896
Malicious,Malicious,0.9999992847442628
Malicious,Malicious,0.9999988079071044
Malicious,Malicious,0.9999986886978148
Malicious,Malicious,0.9999954700469972
Malicious,Malicious,0.999990701675415
Malicious,Malicious,0.9999984502792358
Malicious,Malicious,0.9999929666519164
Malicious,Malicious,0.9999895095825196
Malicious,Malicious,0.99999737739563
Malicious,Malicious,0.999997854232788
Malicious,Malicious,0.9999988079071044
Malicious,Malicious,0.9999971389770508
Malicious,Malicious,0.9999984502792358
Malicious,Malicious,0.9999985694885254
Malicious,Malicious,0.9999988079071044
Malicious,Malicious,0.9999982118606568
Malicious,Malicious,0.99999737739563
Malicious,Malicious,0.9999979734420776
Malicious,Malicious,0.9997186064720154
Malicious,Malicious,0.9999988079071044
Malicious,Malicious,0.9999985694885254
Malicious,Malicious,0.9999971389770508
Malicious,Malicious,0.9999984502792358
Malicious,Malicious,0.9999979734420776
Malicious,Malicious,0.9999972581863404
Malicious,Malicious,0.9999988079071044
Malicious,Malicious,0.9999982118606568
Malicious,Malicious,0.9999988079071044
Malicious,Malicious,0.9999984502792358
Malicious,Malicious,0.9999982118606568
Malicious,Malicious,0.9999912977218628
Malicious,Malicious,0.9999982118606568
Malicious,Malicious,0.9999984502792358
Malicious,Malicious,0.999996304512024
Malicious,Malicious,0.9999979734420776
Malicious,Malicious,0.9999986886978148
Malicious,Malicious,0.9999986886978148
Malicious,Malicious,0.9999982118606568
Malicious,Malicious,0.9999986886978148
Malicious,Malicious,0.9999982118606568
Malicious,Malicious,0.9999985694885254
Malicious,Malicious,0.9999986886978148
Malicious,Malicious,0.9999936819076538
Malicious,Malicious,0.9999980926513672
Malicious,Malicious,0.9999986886978148
Malicious,Malicious,0.999998927116394
Malicious,Malicious,0.999998927116394
Malicious,Malicious,0.9999991655349731
Malicious,Malicious,0.9999986886978148
Malicious,Malicious,0.9999988079071044
Malicious,Malicious,0.9999936819076538
Malicious,Malicious,0.999985933303833
Malicious,Malicious,0.999995231628418
Malicious,Malicious,0.999958038330078
Malicious,Malicious,0.9999974966049194
Malicious,Malicious,0.9700396656990052
Malicious,Malicious,0.9999986886978148
Malicious,Malicious,0.9999971389770508
Malicious,Malicious,0.999998927116394
Malicious,Malicious,0.9999924898147584
Malicious,Malicious,0.9999986886978148
Malicious,Malicious,0.9999984502792358
Malicious,Malicious,0.9999986886978148
Malicious,Malicious,0.9999986886978148
Malicious,Benign,0.0324783958494663
Malicious,Malicious,0.9999966621398926
Malicious,Malicious,0.999994158744812
Malicious,Malicious,0.9999988079071044
Malicious,Malicious,0.999997854232788
Malicious,Malicious,0.9999984502792358
Malicious,Malicious,0.999998927116394
Malicious,Malicious,0.9999589920043944
Malicious,Malicious,0.9999988079071044
Malicious,Malicious,0.9999982118606568
Malicious,Malicious,0.9999986886978148
Malicious,Malicious,0.99999737739563
Malicious,Malicious,0.9999986886978148
Malicious,Malicious,0.9999819993972778
Malicious,Malicious,0.999998927116394
Malicious,Malicious,0.9999983310699464
Malicious,Malicious,0.9999991655349731
Malicious,Malicious,0.9999589920043944
Malicious,Malicious,0.9999985694885254
Malicious,Malicious,0.9999988079071044
Malicious,Malicious,0.999998927116394
Malicious,Malicious,0.9999977350234984
Malicious,Malicious,0.9999994039535522
Malicious,Malicious,0.9999986886978148
Malicious,Malicious,0.9999988079071044
Malicious,Malicious,0.9999979734420776
Malicious,Malicious,0.9999971389770508
Malicious,Malicious,0.9999982118606568
Malicious,Malicious,0.999997615814209
Malicious,Malicious,0.9999988079071044
Malicious,Malicious,0.9999988079071044
Malicious,Malicious,0.9999984502792358
Malicious,Malicious,0.9999985694885254
Malicious,Malicious,0.9999982118606568
Malicious,Malicious,0.9999986886978148
Malicious,Malicious,0.9999988079071044
Malicious,Malicious,0.9999982118606568
Malicious,Malicious,0.9999988079071044
Malicious,Malicious,0.9999949932098388
Malicious,Malicious,0.9999936819076538
Malicious,Malicious,0.9999988079071044
Malicious,Malicious,0.9999982118606568
Malicious,Malicious,0.9999986886978148
Malicious,Malicious,0.9999984502792358
Malicious,Malicious,0.9999988079071044
Malicious,Malicious,0.9999982118606568
Malicious,Malicious,0.9999984502792358
Malicious,Malicious,0.9999988079071044
Malicious,Malicious,0.9999988079071044
Malicious,Malicious,0.9999986886978148
Malicious,Malicious,0.9999986886978148
Malicious,Malicious,0.9999982118606568
Malicious,Malicious,0.9999984502792358
Malicious,Malicious,0.9999971389770508
Malicious,Malicious,0.9999986886978148
Malicious,Malicious,0.999991536140442
Malicious,Malicious,0.9999983310699464
Malicious,Malicious,0.9999988079071044
Malicious,Malicious,0.9999983310699464
Malicious,Malicious,0.9999754428863524
Malicious,Malicious,0.9999982118606568
Malicious,Malicious,0.9999985694885254
Malicious,Benign,0.1545231193304062
Malicious,Malicious,0.9999988079071044
Malicious,Malicious,0.9999988079071044
Malicious,Malicious,0.9999980926513672
Malicious,Malicious,0.999990940093994
Malicious,Malicious,0.999997854232788
Malicious,Malicious,0.9999990463256836
Malicious,Malicious,0.9999984502792358
Malicious,Malicious,0.9999991655349731
Malicious,Malicious,0.9999991655349731
Malicious,Malicious,0.9999979734420776
Malicious,Malicious,0.9999988079071044
Malicious,Malicious,0.9999984502792358
Malicious,Malicious,0.9999982118606568
Malicious,Malicious,0.9999986886978148
Malicious,Malicious,0.9999982118606568
Malicious,Malicious,0.9999982118606568
Malicious,Malicious,0.9999986886978148
Malicious,Malicious,0.9999988079071044
Malicious,Malicious,0.9999984502792358
Malicious,Malicious,0.9999982118606568
Malicious,Malicious,0.9999971389770508
Malicious,Malicious,0.9999984502792358
Malicious,Malicious,0.9999980926513672
Malicious,Malicious,0.9999988079071044
Malicious,Malicious,0.9999984502792358
Malicious,Malicious,0.9999982118606568
Malicious,Malicious,0.9999892711639404
Malicious,Malicious,0.999998927116394
Malicious,Malicious,0.999997615814209
Malicious,Malicious,0.9999830722808838
Malicious,Malicious,0.999998927116394
Malicious,Malicious,0.9999955892562866
Malicious,Malicious,0.9999984502792358
Malicious,Malicious,0.9999980926513672
Malicious,Malicious,0.9999988079071044
Malicious,Malicious,0.999998927116394
Malicious,Malicious,0.9999988079071044
Malicious,Malicious,0.9999982118606568
Malicious,Malicious,0.9999961853027344
Malicious,Malicious,0.9999986886978148
Malicious,Malicious,0.9999986886978148
Malicious,Malicious,0.9999946355819702
Malicious,Malicious,0.9999929666519164
Malicious,Malicious,0.9999966621398926
Malicious,Malicious,0.9999971389770508
Malicious,Malicious,0.999997854232788
Malicious,Malicious,0.9999988079071044
Malicious,Malicious,0.999996304512024
Malicious,Malicious,0.9999982118606568
Malicious,Malicious,0.9999969005584716
Malicious,Malicious,0.9999988079071044
Malicious,Malicious,0.9999982118606568
Malicious,Malicious,0.999996781349182
Malicious,Malicious,0.9999986886978148
Malicious,Malicious,0.9999984502792358
Malicious,Malicious,0.9999984502792358
Malicious,Malicious,0.9999971389770508
Malicious,Malicious,0.9999984502792358
Malicious,Malicious,0.9999977350234984
Malicious,Malicious,0.9999982118606568
Malicious,Malicious,0.9999988079071044
Malicious,Malicious,0.9999988079071044
Malicious,Malicious,0.9999982118606568
Malicious,Malicious,0.9999988079071044
Malicious,Malicious,0.999997854232788
Malicious,Malicious,0.9999984502792358
Malicious,Malicious,0.9999982118606568
Malicious,Malicious,0.9999948740005492
Malicious,Malicious,0.9999959468841552
Malicious,Malicious,0.9999982118606568
Malicious,Malicious,0.9999988079071044
Malicious,Malicious,0.9999984502792358
Malicious,Malicious,0.9999982118606568
Malicious,Malicious,0.9999984502792358
Malicious,Malicious,0.9999886751174928
Malicious,Malicious,0.9999966621398926
Malicious,Malicious,0.9999912977218628
Malicious,Malicious,0.9999986886978148
Malicious,Malicious,0.9999648332595824
Malicious,Malicious,0.9999982118606568
Malicious,Malicious,0.9999986886978148
Malicious,Malicious,0.9999982118606568
Malicious,Malicious,0.9999986886978148
Malicious,Malicious,0.999985933303833
Malicious,Malicious,0.9999977350234984
Malicious,Malicious,0.9999982118606568
Malicious,Malicious,0.9999984502792358
Malicious,Malicious,0.999996304512024
Malicious,Malicious,0.9999988079071044
Malicious,Malicious,0.9999982118606568
Malicious,Malicious,0.9999984502792358
Malicious,Malicious,0.999998927116394
Malicious,Malicious,0.9999984502792358
Malicious,Malicious,0.9999982118606568
Malicious,Malicious,0.9999957084655762
Malicious,Malicious,0.999998927116394
Malicious,Malicious,0.9999984502792358
Malicious,Malicious,0.999997854232788
Malicious,Malicious,0.9999982118606568
Malicious,Malicious,0.9999977350234984
Malicious,Malicious,0.9999936819076538
Malicious,Malicious,0.9999971389770508
Malicious,Malicious,0.9999986886978148
Malicious,Malicious,0.999998927116394
Malicious,Malicious,0.999998927116394
Malicious,Malicious,0.9999905824661256
Malicious,Malicious,0.9999988079071044
Malicious,Malicious,0.9999979734420776
Malicious,Malicious,0.999998927116394
Malicious,Malicious,0.9999988079071044
Malicious,Malicious,0.9999986886978148
Malicious,Malicious,0.999996781349182
Malicious,Malicious,0.9999984502792358
Malicious,Malicious,0.9999988079071044
Malicious,Malicious,0.9999980926513672
Malicious,Malicious,0.9998446702957152
Malicious,Malicious,0.9999949932098388
Malicious,Malicious,0.9999984502792358
Malicious,Malicious,0.9999986886978148
Malicious,Malicious,0.9991377592086792
Malicious,Malicious,0.9999988079071044
Malicious,Malicious,0.9999951124191284
Malicious,Malicious,0.9999986886978148
Malicious,Malicious,0.9999986886978148
Malicious,Malicious,0.999998927116394
Malicious,Malicious,0.9999974966049194
Malicious,Malicious,0.9999986886978148
Malicious,Malicious,0.9999991655349731
Malicious,Malicious,0.9999994039535522
Malicious,Malicious,0.9999986886978148
Malicious,Malicious,0.9999988079071044
Malicious,Malicious,0.999998927116394
Malicious,Malicious,0.9999982118606568
Malicious,Malicious,0.9999988079071044
Malicious,Malicious,0.9999974966049194
Malicious,Malicious,0.9999986886978148
Malicious,Malicious,0.9999982118606568
Malicious,Malicious,0.9999982118606568
Malicious,Malicious,0.9999979734420776
Malicious,Malicious,0.9999899864196776
Malicious,Malicious,0.9999982118606568
Malicious,Malicious,0.9999982118606568
Malicious,Malicious,0.9999984502792358
Malicious,Malicious,0.9999912977218628
Malicious,Malicious,0.9999988079071044
Malicious,Malicious,0.9999984502792358
Malicious,Malicious,0.9999984502792358
Malicious,Malicious,0.9999960660934448
Malicious,Malicious,0.9999988079071044
Malicious,Malicious,0.9999982118606568
Malicious,Malicious,0.9999982118606568
Malicious,Malicious,0.9999966621398926
Malicious,Malicious,0.9999984502792358
Malicious,Malicious,0.9999982118606568
Malicious,Malicious,0.9999982118606568
Malicious,Malicious,0.9999982118606568
Malicious,Malicious,0.9999986886978148
Malicious,Malicious,0.9999986886978148
Malicious,Malicious,0.9999986886978148
Malicious,Malicious,0.9999986886978148
Malicious,Malicious,0.9999982118606568
Malicious,Malicious,0.9999980926513672
Malicious,Malicious,0.9999984502792358
Malicious,Malicious,0.9999971389770508
Malicious,Malicious,0.9999984502792358
Malicious,Malicious,0.9999988079071044
Malicious,Malicious,0.9999986886978148
Malicious,Malicious,0.9999974966049194
Malicious,Malicious,0.999996781349182
Malicious,Malicious,0.9999982118606568
Malicious,Malicious,0.9999982118606568
Malicious,Malicious,0.9999982118606568
Malicious,Malicious,0.9999974966049194
Malicious,Malicious,0.9999983310699464
Malicious,Malicious,0.9999988079071044
Malicious,Malicious,0.9999988079071044
Malicious,Malicious,0.9999982118606568
Malicious,Malicious,0.9999988079071044
Malicious,Malicious,0.9999986886978148
Malicious,Malicious,0.9999986886978148
Malicious,Malicious,0.9999990463256836
Malicious,Benign,0.00040767338941805065
Malicious,Malicious,0.9999984502792358
Malicious,Malicious,0.999959111213684
Malicious,Malicious,0.9999984502792358
Malicious,Malicious,0.9999988079071044
Malicious,Malicious,0.9999979734420776
Malicious,Malicious,0.999997615814209
Malicious,Malicious,0.9999984502792358
Malicious,Malicious,0.9999982118606568
Malicious,Malicious,0.9999920129776
Malicious,Malicious,0.9999982118606568
Malicious,Malicious,0.9999984502792358
Malicious,Malicious,0.9999982118606568
Malicious,Malicious,0.9999920129776
Malicious,Malicious,0.999997854232788
Malicious,Malicious,0.9999986886978148
Malicious,Malicious,0.9999984502792358
Malicious,Malicious,0.9999892711639404
Malicious,Malicious,0.999998927116394
Malicious,Malicious,0.9999983310699464
Malicious,Malicious,0.9999982118606568
Malicious,Malicious,0.9999982118606568
Malicious,Malicious,0.9999959468841552
Malicious,Malicious,0.9999970197677612
Malicious,Malicious,0.9999986886978148
Malicious,Malicious,0.9999986886978148
Malicious,Malicious,0.9999929666519164
Malicious,Malicious,0.9999982118606568
Malicious,Malicious,0.9999984502792358
Malicious,Malicious,0.9999990463256836
Malicious,Malicious,0.999981164932251
Malicious,Malicious,0.9999988079071044
Malicious,Malicious,0.9999986886978148
Malicious,Malicious,0.9999990463256836
Malicious,Malicious,0.9999980926513672
Malicious,Malicious,0.9999986886978148
Malicious,Malicious,0.9999984502792358
Malicious,Malicious,0.9999977350234984
Malicious,Malicious,0.9999984502792358
Malicious,Malicious,0.9999988079071044
Malicious,Malicious,0.9999949932098388
Malicious,Malicious,0.9999924898147584
Malicious,Malicious,0.999998927116394
Malicious,Malicious,0.9999986886978148
Malicious,Malicious,0.9999970197677612
Malicious,Malicious,0.9999854564666748
Malicious,Malicious,0.9999972581863404
Malicious,Malicious,0.9999988079071044
Malicious,Malicious,0.999998927116394
Malicious,Malicious,0.9999961853027344
Malicious,Malicious,0.9995831847190856
Malicious,Malicious,0.9999984502792358
Malicious,Malicious,0.999990940093994
Malicious,Malicious,0.9999984502792358
Malicious,Malicious,0.9999982118606568
Malicious,Malicious,0.999998927116394
Malicious,Malicious,0.9999696016311646
Malicious,Malicious,0.9999675750732422
Malicious,Malicious,0.9999929666519164
Malicious,Malicious,0.9999982118606568
Malicious,Malicious,0.9999773502349854
Malicious,Malicious,0.9999982118606568
Malicious,Malicious,0.9999988079071044
Malicious,Malicious,0.999935746192932
Malicious,Malicious,0.9999982118606568
Malicious,Malicious,0.9999988079071044
Malicious,Malicious,0.999997615814209
Malicious,Malicious,0.9999988079071044
Malicious,Malicious,0.9999988079071044
Malicious,Malicious,0.9999988079071044
Malicious,Malicious,0.9999986886978148
Malicious,Malicious,0.9998239874839784
Malicious,Malicious,0.999998927116394
Malicious,Malicious,0.9999988079071044
Malicious,Malicious,0.9999979734420776
Malicious,Malicious,0.9999974966049194
Malicious,Malicious,0.999998927116394
Malicious,Malicious,0.9999988079071044
Malicious,Malicious,0.999996781349182
Malicious,Malicious,0.999990940093994
Malicious,Malicious,0.999998927116394
Malicious,Malicious,0.9999972581863404
Malicious,Malicious,0.9999986886978148
Malicious,Malicious,0.9999983310699464
Malicious,Malicious,0.9999370574951172
Malicious,Malicious,0.9999977350234984
Malicious,Malicious,0.9999982118606568
Malicious,Malicious,0.9999984502792358
Malicious,Benign,0.0076748179271817
Malicious,Malicious,0.9999986886978148
Malicious,Malicious,0.999996781349182
Malicious,Malicious,0.9999982118606568
Malicious,Malicious,0.9999977350234984
Malicious,Malicious,0.9999949932098388
Malicious,Malicious,0.9999886751174928
Malicious,Malicious,0.9999992847442628
Malicious,Malicious,0.9999544620513916
Malicious,Malicious,0.9999991655349731
Malicious,Malicious,0.9999982118606568
Malicious,Malicious,0.999996781349182
Malicious,Malicious,0.9999983310699464
Malicious,Malicious,0.9999985694885254
Malicious,Malicious,0.9999843835830688
Malicious,Malicious,0.9999958276748656
Malicious,Malicious,0.9999986886978148
Malicious,Malicious,0.9999988079071044
Malicious,Malicious,0.9999988079071044
Malicious,Malicious,0.9999983310699464
Malicious,Malicious,0.9999982118606568
Malicious,Malicious,0.9999895095825196
Malicious,Malicious,0.9999984502792358
Malicious,Malicious,0.9999988079071044
Malicious,Malicious,0.9999982118606568
Malicious,Malicious,0.9999982118606568
Malicious,Malicious,0.9999988079071044
Malicious,Malicious,0.9999986886978148
Malicious,Malicious,0.9999988079071044
Malicious,Malicious,0.9998494386672974
Malicious,Malicious,0.9999984502792358
Malicious,Malicious,0.9999991655349731
Malicious,Malicious,0.9999982118606568
Malicious,Malicious,0.9999986886978148
Malicious,Malicious,0.9999988079071044
Malicious,Malicious,0.99999737739563
Malicious,Malicious,0.999998927116394
Malicious,Malicious,0.9999986886978148
Malicious,Malicious,0.9999964237213136
Malicious,Malicious,0.9999949932098388
Malicious,Malicious,0.9999632835388184
Malicious,Malicious,0.9999991655349731
Malicious,Malicious,0.9999986886978148
Malicious,Malicious,0.9999982118606568
Malicious,Malicious,0.999998927116394
Malicious,Malicious,0.9999982118606568
Malicious,Malicious,0.9999988079071044
Malicious,Malicious,0.9999991655349731
Malicious,Malicious,0.999998927116394
Malicious,Malicious,0.9999986886978148
Malicious,Malicious,0.9999984502792358
Malicious,Malicious,0.9999977350234984
Malicious,Malicious,0.9999982118606568
Malicious,Malicious,0.999997854232788
Malicious,Malicious,0.9999982118606568
Malicious,Malicious,0.9999980926513672
Malicious,Malicious,0.9999948740005492
Malicious,Malicious,0.9999984502792358
Malicious,Malicious,0.999998927116394
Malicious,Malicious,0.9999988079071044
Malicious,Malicious,0.9999991655349731
Malicious,Malicious,0.9999984502792358
Malicious,Malicious,0.999997615814209
Malicious,Malicious,0.9999982118606568
Malicious,Malicious,0.9999783039093018
Malicious,Malicious,0.9999746084213256
Malicious,Malicious,0.999996304512024
Malicious,Malicious,0.999997615814209
Malicious,Malicious,0.9999984502792358
Malicious,Malicious,0.9999895095825196
Malicious,Malicious,0.9999982118606568
Malicious,Malicious,0.9999949932098388
Malicious,Malicious,0.9999988079071044
Malicious,Malicious,0.9999971389770508
Malicious,Malicious,0.9999959468841552
Malicious,Malicious,0.9999985694885254
Malicious,Malicious,0.999992609024048
Malicious,Malicious,0.9999982118606568
Malicious,Malicious,0.9999986886978148
Malicious,Malicious,0.9999979734420776
Malicious,Malicious,0.9999990463256836
Malicious,Malicious,0.9999974966049194
Malicious,Malicious,0.9999986886978148
Malicious,Malicious,0.9999986886978148
Malicious,Malicious,0.9999984502792358
Malicious,Malicious,0.9999868869781494
Malicious,Malicious,0.9999983310699464
Malicious,Malicious,0.9999986886978148
Malicious,Malicious,0.9999982118606568
Malicious,Malicious,0.9999982118606568
Malicious,Malicious,0.9999990463256836
Malicious,Malicious,0.999998927116394
Malicious,Malicious,0.9999985694885254
Malicious,Malicious,0.9999991655349731
Malicious,Malicious,0.9999984502792358
Malicious,Malicious,0.9999990463256836
Malicious,Malicious,0.9999979734420776
Malicious,Malicious,0.999992847442627
Malicious,Malicious,0.9999990463256836
Malicious,Malicious,0.9999986886978148
Malicious,Malicious,0.9999984502792358
Malicious,Malicious,0.9999977350234984
Malicious,Malicious,0.999998927116394
Malicious,Malicious,0.999998927116394
Malicious,Malicious,0.9999974966049194
Malicious,Malicious,0.999998927116394
Malicious,Malicious,0.9999986886978148
Malicious,Malicious,0.9999923706054688
Malicious,Malicious,0.9999955892562866
Malicious,Malicious,0.999994158744812
Malicious,Malicious,0.9999982118606568
Malicious,Malicious,0.999997615814209
Malicious,Malicious,0.999998927116394
Malicious,Malicious,0.999998927116394
Malicious,Malicious,0.9999982118606568
Malicious,Malicious,0.9999986886978148
Malicious,Benign,0.0901469886302948
Malicious,Malicious,0.9999979734420776
Malicious,Malicious,0.9999982118606568
Malicious,Malicious,0.9999982118606568
Malicious,Malicious,0.9999991655349731
Malicious,Malicious,0.9999980926513672
Malicious,Malicious,0.9999984502792358
Malicious,Malicious,0.9999984502792358
Malicious,Malicious,0.9999982118606568
Malicious,Malicious,0.9999986886978148
Malicious,Malicious,0.9999988079071044
Malicious,Malicious,0.9999982118606568
Malicious,Malicious,0.9999984502792358
Malicious,Malicious,0.9999929666519164
Malicious,Malicious,0.99999737739563
Malicious,Malicious,0.9999988079071044
Malicious,Malicious,0.9999971389770508
Malicious,Malicious,0.9999960660934448
Malicious,Malicious,0.9999988079071044
Malicious,Malicious,0.9999892711639404
Malicious,Malicious,0.9999958276748656
Malicious,Malicious,0.9999984502792358
Malicious,Malicious,0.9999986886978148
Malicious,Malicious,0.9999688863754272
Malicious,Malicious,0.9999910593032836
Malicious,Malicious,0.9999986886978148
Malicious,Malicious,0.999997615814209
Malicious,Malicious,0.9999982118606568
Malicious,Malicious,0.9999996423721312
Malicious,Malicious,0.9999982118606568
Malicious,Malicious,0.9999991655349731
Malicious,Malicious,0.9999982118606568
Malicious,Malicious,0.999842643737793
Malicious,Malicious,0.9999947547912598
Malicious,Malicious,0.9999974966049194
Malicious,Malicious,0.9999984502792358
Malicious,Malicious,0.9999984502792358
Malicious,Malicious,0.999998927116394
Malicious,Malicious,0.999998927116394
Malicious,Malicious,0.9999986886978148
Malicious,Malicious,0.9999984502792358
Malicious,Malicious,0.9999977350234984
Malicious,Malicious,0.9999984502792358
Malicious,Malicious,0.9999988079071044
Malicious,Malicious,0.9999986886978148
Malicious,Malicious,0.9999871253967284
Malicious,Malicious,0.9999992847442628
Malicious,Malicious,0.9999895095825196
Malicious,Malicious,0.9999949932098388
Malicious,Malicious,0.9999972581863404
Malicious,Malicious,0.9999988079071044
Malicious,Malicious,0.9999977350234984
Malicious,Malicious,0.9999986886978148
Malicious,Malicious,0.9999991655349731
Malicious,Malicious,0.999997615814209
Malicious,Malicious,0.9999991655349731
Malicious,Malicious,0.9999986886978148
Malicious,Malicious,0.9999927282333374
Malicious,Malicious,0.9999988079071044
Malicious,Malicious,0.9999986886978148
Malicious,Malicious,0.9999971389770508
Malicious,Benign,0.0011980714043602
Malicious,Malicious,0.9999982118606568
Malicious,Malicious,0.9999593496322632
Malicious,Malicious,0.9999991655349731
Malicious,Malicious,0.9999984502792358
Malicious,Malicious,0.9999984502792358
Malicious,Malicious,0.9999988079071044
Malicious,Malicious,0.9999984502792358
Malicious,Malicious,0.9999895095825196
Malicious,Malicious,0.9999986886978148
Malicious,Malicious,0.9999984502792358
Malicious,Malicious,0.999998927116394
Malicious,Malicious,0.9999986886978148
Malicious,Malicious,0.9999986886978148
Malicious,Malicious,0.9999984502792358
Malicious,Malicious,0.9999988079071044
Malicious,Malicious,0.9999988079071044
Malicious,Malicious,0.9999990463256836
Malicious,Malicious,0.9999991655349731
Malicious,Malicious,0.9999929666519164
Malicious,Malicious,0.999997854232788
Malicious,Malicious,0.9999982118606568
Malicious,Malicious,0.9913329482078552
Malicious,Malicious,0.9999984502792358
Malicious,Malicious,0.9999986886978148
Malicious,Malicious,0.9999986886978148
Malicious,Malicious,0.9999979734420776
Malicious,Malicious,0.9999988079071044
Malicious,Malicious,0.9999986886978148
Malicious,Malicious,0.9999986886978148
Malicious,Malicious,0.9999984502792358
Malicious,Malicious,0.9999984502792358
Malicious,Malicious,0.9999988079071044
Malicious,Malicious,0.9999630451202391
Malicious,Malicious,0.9999979734420776
Malicious,Malicious,0.9999986886978148
Malicious,Malicious,0.999998927116394
Malicious,Malicious,0.9999983310699464
Malicious,Malicious,0.9999451637268066
Malicious,Malicious,0.9999953508377076
Malicious,Malicious,0.999997615814209
Malicious,Malicious,0.9999982118606568
Malicious,Malicious,0.9999984502792358
Malicious,Malicious,0.9999984502792358
Malicious,Malicious,0.9999982118606568
Malicious,Malicious,0.9999966621398926
Malicious,Malicious,0.9999988079071044
Malicious,Malicious,0.999992847442627
Malicious,Malicious,0.999998927116394
Malicious,Malicious,0.9999043941497804
Malicious,Malicious,0.9999984502792358
Malicious,Malicious,0.9999986886978148
Malicious,Malicious,0.9999984502792358
Malicious,Malicious,0.9999988079071044
Malicious,Malicious,0.9999982118606568
Malicious,Malicious,0.9999982118606568
Malicious,Malicious,0.9999991655349731
Malicious,Malicious,0.9999971389770508
Malicious,Malicious,0.9999974966049194
Malicious,Benign,0.0547324158251285
Malicious,Malicious,0.9999982118606568
Malicious,Malicious,0.9999988079071044
Malicious,Malicious,0.999996542930603
Malicious,Malicious,0.9999974966049194
Malicious,Malicious,0.9999986886978148
Malicious,Malicious,0.9999991655349731
Malicious,Malicious,0.9999982118606568
Malicious,Malicious,0.9999982118606568
Malicious,Malicious,0.999992847442627
Malicious,Malicious,0.9999986886978148
Malicious,Malicious,0.9999977350234984
Malicious,Malicious,0.9999988079071044
Malicious,Malicious,0.9999986886978148
Malicious,Malicious,0.9999986886978148
Malicious,Malicious,0.9999984502792358
Malicious,Malicious,0.9999979734420776
Malicious,Malicious,0.9999971389770508
Malicious,Malicious,0.9999992847442628
Malicious,Malicious,0.9999979734420776
Malicious,Malicious,0.9999988079071044
Malicious,Malicious,0.9999990463256836
Malicious,Malicious,0.9999986886978148
Malicious,Malicious,0.9999992847442628
Malicious,Malicious,0.9999986886978148
Malicious,Malicious,0.9999966621398926
Malicious,Malicious,0.9999984502792358
Malicious,Malicious,0.9999988079071044
Malicious,Malicious,0.9999897480010986
Malicious,Malicious,0.9999982118606568
Malicious,Malicious,0.999998927116394
Malicious,Malicious,0.9999982118606568
Malicious,Malicious,0.9999990463256836
Malicious,Malicious,0.9999986886978148
Malicious,Malicious,0.999997615814209
Malicious,Malicious,0.999998927116394
Malicious,Benign,0.0044802804477512
Malicious,Malicious,0.999998927116394
Malicious,Malicious,0.9999984502792358
Malicious,Malicious,0.9999983310699464
Malicious,Malicious,0.9999984502792358
Malicious,Malicious,0.999998927116394
Malicious,Malicious,0.999996304512024
Malicious,Malicious,0.9999984502792358
Malicious,Malicious,0.9999982118606568
Malicious,Malicious,0.9999986886978148
Malicious,Malicious,0.9999984502792358
Malicious,Malicious,0.9999974966049194
Malicious,Malicious,0.9999991655349731
Malicious,Malicious,0.999998927116394
Malicious,Benign,0.002007589675486
Malicious,Malicious,0.9999984502792358
Malicious,Malicious,0.9999876022338868
Malicious,Malicious,0.9999984502792358
Malicious,Malicious,0.9999988079071044
Malicious,Malicious,0.9999984502792358
Malicious,Malicious,0.9999988079071044
Malicious,Malicious,0.9999984502792358
Malicious,Malicious,0.9999986886978148
Malicious,Malicious,0.999996781349182
Malicious,Malicious,0.9999984502792358
Malicious,Malicious,0.9999986886978148
Malicious,Malicious,0.9999971389770508
Malicious,Malicious,0.9999982118606568
Malicious,Malicious,0.9999982118606568
Malicious,Malicious,0.9999982118606568
Malicious,Malicious,0.9999982118606568
Malicious,Malicious,0.999997854232788
Malicious,Malicious,0.9999982118606568
Malicious,Malicious,0.9999667406082152
Malicious,Malicious,0.9999843835830688
Malicious,Malicious,0.99999737739563
Malicious,Malicious,0.9999806880950928
Malicious,Malicious,0.999998927116394
Malicious,Malicious,0.9999984502792358
Malicious,Malicious,0.9999984502792358
Malicious,Malicious,0.9999982118606568
Malicious,Malicious,0.9999988079071044
Malicious,Malicious,0.9999979734420776
Malicious,Malicious,0.9999982118606568
Malicious,Malicious,0.9999991655349731
Malicious,Malicious,0.9999988079071044
Malicious,Malicious,0.9999984502792358
Malicious,Malicious,0.9999735355377196
Malicious,Malicious,0.9999986886978148
Malicious,Malicious,0.9999988079071044
Malicious,Malicious,0.9999986886978148
Malicious,Malicious,0.999997615814209
Malicious,Malicious,0.9999983310699464
Malicious,Malicious,0.9999986886978148
Malicious,Malicious,0.9999935626983644
Malicious,Malicious,0.9999982118606568
Malicious,Malicious,0.9999982118606568
Malicious,Malicious,0.9999986886978148
Malicious,Malicious,0.9999972581863404
Malicious,Malicious,0.9999996423721312
Malicious,Malicious,0.9999986886978148
Malicious,Malicious,0.9999982118606568
Malicious,Malicious,0.9999972581863404
Malicious,Malicious,0.9999853372573853
Malicious,Malicious,0.9999986886978148
Malicious,Malicious,0.9999988079071044
Malicious,Malicious,0.9999986886978148
Malicious,Malicious,0.9999912977218628
Malicious,Malicious,0.9999961853027344
Malicious,Malicious,0.9999984502792358
Malicious,Malicious,0.9999983310699464
Malicious,Malicious,0.9999912977218628
Malicious,Malicious,0.9999984502792358
Malicious,Malicious,0.9999984502792358
Malicious,Malicious,0.9999986886978148
Malicious,Malicious,0.9999986886978148
Malicious,Malicious,0.9999984502792358
Malicious,Malicious,0.9999977350234984
Malicious,Malicious,0.9999983310699464
Malicious,Malicious,0.9999979734420776
Malicious,Malicious,0.999998927116394
Malicious,Malicious,0.9999984502792358
Malicious,Malicious,0.999996304512024
Malicious,Malicious,0.9999992847442628
Malicious,Malicious,0.9999984502792358
Malicious,Malicious,0.9999982118606568
Malicious,Malicious,0.9999984502792358
Malicious,Malicious,0.9999982118606568
Malicious,Malicious,0.9999988079071044
Malicious,Malicious,0.9999988079071044
Malicious,Malicious,0.999997854232788
Malicious,Malicious,0.9999982118606568
Malicious,Malicious,0.9999991655349731
Malicious,Malicious,0.9999986886978148
Malicious,Malicious,0.9999982118606568
Malicious,Malicious,0.9999988079071044
Malicious,Malicious,0.9999982118606568
Malicious,Malicious,0.9999982118606568
Malicious,Malicious,0.9999947547912598
Malicious,Malicious,0.9999972581863404
Malicious,Malicious,0.9999986886978148
Malicious,Malicious,0.9999979734420776
Malicious,Malicious,0.9999982118606568
Malicious,Benign,0.0024060981813818
Malicious,Malicious,0.9999830722808838
Malicious,Malicious,0.999998927116394
Malicious,Malicious,0.999998927116394
Malicious,Malicious,0.999998927116394
Malicious,Malicious,0.9999608993530272
Malicious,Malicious,0.9999982118606568
Malicious,Malicious,0.9999990463256836
Malicious,Benign,0.0105988476425409
Malicious,Malicious,0.9999982118606568
Malicious,Malicious,0.9999988079071044
Malicious,Malicious,0.9999986886978148
Malicious,Malicious,0.9999982118606568
Malicious,Malicious,0.9999988079071044
Malicious,Malicious,0.9999982118606568
Malicious,Malicious,0.9999980926513672
Malicious,Malicious,0.999998927116394
Malicious,Malicious,0.9999914169311525
Malicious,Malicious,0.9999984502792358
Malicious,Malicious,0.9999990463256836
Malicious,Malicious,0.999998927116394
Malicious,Malicious,0.9999988079071044
Malicious,Malicious,0.9999929666519164
Malicious,Malicious,0.9999984502792358
Malicious,Malicious,0.9999986886978148
Malicious,Malicious,0.9999986886978148
Malicious,Malicious,0.9999986886978148
Malicious,Malicious,0.9999986886978148
Malicious,Malicious,0.9999912977218628
Malicious,Malicious,0.9999986886978148
Malicious,Malicious,0.9999982118606568
Malicious,Malicious,0.9999986886978148
Malicious,Malicious,0.9999986886978148
Malicious,Malicious,0.9999986886978148
Malicious,Malicious,0.9999982118606568
Malicious,Malicious,0.9999984502792358
Malicious,Malicious,0.9999988079071044
Malicious,Malicious,0.9999982118606568
Malicious,Malicious,0.9999984502792358
Malicious,Malicious,0.9999984502792358
Malicious,Malicious,0.9999935626983644
Malicious,Malicious,0.9999780654907228
Malicious,Malicious,0.9999984502792358
Malicious,Malicious,0.9999982118606568
Malicious,Malicious,0.978553295135498
Malicious,Malicious,0.9999984502792358
Malicious,Malicious,0.9999988079071044
Malicious,Malicious,0.9999990463256836
Malicious,Malicious,0.9999971389770508
Malicious,Malicious,0.9999988079071044
Malicious,Malicious,0.9999929666519164
Malicious,Malicious,0.9999982118606568
Malicious,Malicious,0.9999982118606568
Malicious,Malicious,0.9999986886978148
Malicious,Malicious,0.9999982118606568
Malicious,Malicious,0.9999982118606568
Malicious,Malicious,0.9999969005584716
Malicious,Malicious,0.9999984502792358
Malicious,Malicious,0.9999982118606568
Malicious,Malicious,0.9999985694885254
Malicious,Malicious,0.9999983310699464
Malicious,Malicious,0.9999982118606568
Malicious,Malicious,0.999997854232788
Malicious,Malicious,0.9999982118606568
Malicious,Malicious,0.9999948740005492
Malicious,Malicious,0.9999990463256836
Malicious,Malicious,0.9999982118606568
Malicious,Malicious,0.9999992847442628
Malicious,Malicious,0.9999979734420776
Malicious,Malicious,0.9999971389770508
Malicious,Malicious,0.9999979734420776
Malicious,Malicious,0.999998927116394
Malicious,Malicious,0.9999990463256836
Malicious,Malicious,0.9999980926513672
Malicious,Malicious,0.999998927116394
Malicious,Malicious,0.999997615814209
Malicious,Malicious,0.9999982118606568
Malicious,Malicious,0.9999984502792358
Malicious,Malicious,0.9999986886978148
Malicious,Malicious,0.9999986886978148
Malicious,Malicious,0.9999986886978148
Malicious,Malicious,0.9999988079071044
Malicious,Malicious,0.9999949932098388
Malicious,Malicious,0.9999959468841552
Malicious,Malicious,0.9999982118606568
Malicious,Malicious,0.9999982118606568
Malicious,Malicious,0.9999988079071044
Malicious,Malicious,0.9999988079071044
Malicious,Malicious,0.9999986886978148
Malicious,Malicious,0.9999966621398926
Malicious,Malicious,0.9999979734420776
Malicious,Malicious,0.999998927116394
Malicious,Malicious,0.9999986886978148
Malicious,Malicious,0.9999986886978148
Malicious,Malicious,0.9999984502792358
Malicious,Malicious,0.999992847442627
Malicious,Malicious,0.9999985694885254
Malicious,Malicious,0.9999982118606568
Malicious,Malicious,0.9999984502792358
Malicious,Malicious,0.9999984502792358
Malicious,Malicious,0.9999982118606568
Malicious,Malicious,0.9999982118606568
Malicious,Malicious,0.9999991655349731
Malicious,Malicious,0.9999988079071044
Malicious,Malicious,0.999998927116394
Malicious,Malicious,0.9999958276748656
Malicious,Malicious,0.9999964237213136
Malicious,Malicious,0.9999974966049194
Malicious,Malicious,0.9999984502792358
Malicious,Malicious,0.999998927116394
Malicious,Malicious,0.9999992847442628
Malicious,Malicious,0.9999982118606568
Malicious,Malicious,0.9999984502792358
Malicious,Malicious,0.9999988079071044
Malicious,Malicious,0.9999986886978148
Malicious,Malicious,0.999997854232788
Malicious,Malicious,0.999998927116394
Malicious,Malicious,0.9999988079071044
Malicious,Malicious,0.9999986886978148
Malicious,Malicious,0.9999982118606568
Malicious,Malicious,0.9999984502792358
Malicious,Malicious,0.999996304512024
Malicious,Malicious,0.999998927116394
Malicious,Malicious,0.9999991655349731
Malicious,Malicious,0.9999988079071044
Malicious,Malicious,0.9999986886978148
Malicious,Malicious,0.9999984502792358
Malicious,Malicious,0.9999974966049194
Malicious,Malicious,0.9999959468841552
Malicious,Malicious,0.9999982118606568
Malicious,Malicious,0.9999982118606568
Malicious,Malicious,0.9999982118606568
Malicious,Malicious,0.9999982118606568
Malicious,Malicious,0.9999988079071044
Malicious,Malicious,0.9999982118606568
Malicious,Malicious,0.9999984502792358
Malicious,Malicious,0.9999984502792358
Malicious,Malicious,0.99999737739563
Malicious,Malicious,0.999998927116394
Malicious,Malicious,0.999998927116394
Malicious,Malicious,0.9999986886978148
Malicious,Malicious,0.9999929666519164
Malicious,Malicious,0.9999988079071044
Malicious,Malicious,0.9999988079071044
Malicious,Malicious,0.9999971389770508
Malicious,Malicious,0.9999977350234984
Malicious,Malicious,0.9999972581863404
Malicious,Malicious,0.9999986886978148
Malicious,Malicious,0.9999985694885254
Malicious,Malicious,0.9999910593032836
Malicious,Malicious,0.9999910593032836
Malicious,Malicious,0.9999892711639404
Malicious,Malicious,0.9999985694885254
Malicious,Malicious,0.9999974966049194
Malicious,Malicious,0.9999986886978148
Malicious,Malicious,0.9999781847000122
Malicious,Malicious,0.999998927116394
Malicious,Malicious,0.999964952468872
Malicious,Malicious,0.9999980926513672
Malicious,Malicious,0.9999979734420776
Malicious,Malicious,0.9999988079071044
Malicious,Malicious,0.9999983310699464
Malicious,Malicious,0.9999955892562866
Malicious,Malicious,0.9999971389770508
Malicious,Malicious,0.9999984502792358
Malicious,Malicious,0.9999974966049194
Malicious,Malicious,0.9999988079071044
Malicious,Malicious,0.9999982118606568
Malicious,Malicious,0.9999892711639404
Malicious,Malicious,0.9999986886978148
Malicious,Malicious,0.9999984502792358
Malicious,Malicious,0.9999984502792358
Malicious,Malicious,0.9999977350234984
Malicious,Malicious,0.9999984502792358
Malicious,Malicious,0.9999984502792358
Malicious,Malicious,0.9999984502792358
Malicious,Malicious,0.9999912977218628
Malicious,Malicious,0.9999982118606568
Malicious,Malicious,0.9999982118606568
Malicious,Malicious,0.9999991655349731
Malicious,Malicious,0.9999984502792358
Malicious,Malicious,0.9999982118606568
Malicious,Malicious,0.9999986886978148
Malicious,Malicious,0.9999982118606568
Malicious,Malicious,0.9999988079071044
Malicious,Malicious,0.9999984502792358
Malicious,Malicious,0.9999970197677612
Malicious,Malicious,0.9999982118606568
Malicious,Malicious,0.9999982118606568
Malicious,Malicious,0.999996304512024
Malicious,Malicious,0.999997854232788
Malicious,Malicious,0.9999979734420776
Malicious,Malicious,0.9999986886978148
Malicious,Malicious,0.9999986886978148
Malicious,Malicious,0.9999966621398926
Malicious,Malicious,0.9999983310699464
Malicious,Malicious,0.9999986886978148
Malicious,Malicious,0.9999986886978148
Malicious,Malicious,0.9999984502792358
Malicious,Malicious,0.9999977350234984
Malicious,Malicious,0.999985933303833
Malicious,Malicious,0.9999969005584716
Malicious,Malicious,0.9999986886978148
Malicious,Malicious,0.9999982118606568
Malicious,Malicious,0.9999986886978148
Malicious,Malicious,0.9999982118606568
Malicious,Malicious,0.9999983310699464
Malicious,Benign,0.0204850044101476
Malicious,Malicious,0.9999936819076538
Malicious,Malicious,0.9999895095825196
Malicious,Malicious,0.9999912977218628
Malicious,Malicious,0.9999986886978148
Malicious,Malicious,0.9999971389770508
Malicious,Malicious,0.9999982118606568
Malicious,Malicious,0.9999979734420776
Malicious,Malicious,0.9999984502792358
Malicious,Malicious,0.9999984502792358
Malicious,Malicious,0.9999985694885254
Malicious,Malicious,0.9999982118606568
Malicious,Malicious,0.9999986886978148
Malicious,Malicious,0.9999988079071044
Malicious,Malicious,0.9999984502792358
Malicious,Malicious,0.999926209449768
Malicious,Malicious,0.999998927116394
Malicious,Malicious,0.9999948740005492
Malicious,Malicious,0.9999988079071044
Malicious,Malicious,0.9999982118606568
Malicious,Malicious,0.9999984502792358
Malicious,Malicious,0.9999986886978148
Malicious,Malicious,0.9999986886978148
Malicious,Malicious,0.9999986886978148
Malicious,Malicious,0.995415449142456
Malicious,Malicious,0.9999985694885254
Malicious,Malicious,0.9999984502792358
Malicious,Malicious,0.9999980926513672
Malicious,Malicious,0.9999899864196776
Malicious,Malicious,0.9999991655349731
Malicious,Malicious,0.9999986886978148
Malicious,Malicious,0.999998927116394
Malicious,Malicious,0.9999752044677734
Malicious,Malicious,0.9999946355819702
Malicious,Malicious,0.9999988079071044
Malicious,Malicious,0.999997615814209
Malicious,Malicious,0.9999990463256836
Malicious,Malicious,0.9999986886978148
Malicious,Benign,0.0094620287418365
Malicious,Malicious,0.9999988079071044
Malicious,Malicious,0.9999974966049194
Malicious,Malicious,0.999990701675415
Malicious,Malicious,0.999998927116394
Malicious,Malicious,0.9999986886978148
Malicious,Malicious,0.9999980926513672
Malicious,Malicious,0.9999979734420776
Malicious,Malicious,0.9999982118606568
Malicious,Malicious,0.9999982118606568
Malicious,Malicious,0.999998927116394
Malicious,Malicious,0.9999982118606568
Malicious,Malicious,0.9999980926513672
Malicious,Malicious,0.9999948740005492
Malicious,Malicious,0.9999988079071044
Malicious,Malicious,0.9999986886978148
Malicious,Malicious,0.9999986886978148
Malicious,Malicious,0.9999984502792358
Malicious,Malicious,0.999998927116394
Malicious,Malicious,0.999997615814209
Malicious,Malicious,0.9999986886978148
Malicious,Malicious,0.9999550580978394
Malicious,Malicious,0.999997615814209
Malicious,Malicious,0.9999984502792358
Malicious,Malicious,0.9999988079071044
Malicious,Malicious,0.999998927116394
Malicious,Malicious,0.9999982118606568
Malicious,Malicious,0.9999986886978148
Malicious,Malicious,0.999998927116394
Malicious,Malicious,0.9999970197677612
Malicious,Malicious,0.9999988079071044
Malicious,Malicious,0.9999988079071044
Malicious,Malicious,0.9999982118606568
Malicious,Malicious,0.999998927116394
Malicious,Malicious,0.9999982118606568
Malicious,Malicious,0.999997854232788
Malicious,Malicious,0.9999982118606568
Malicious,Malicious,0.9999984502792358
Malicious,Malicious,0.9999982118606568
Malicious,Malicious,0.9999984502792358
Malicious,Malicious,0.999998927116394
Malicious,Malicious,0.9999991655349731
Malicious,Malicious,0.999998927116394
Malicious,Malicious,0.9999982118606568
Malicious,Malicious,0.9999992847442628
Malicious,Malicious,0.999996542930603
Malicious,Malicious,0.9999949932098388
Malicious,Malicious,0.9999986886978148
Malicious,Malicious,0.9999994039535522
Malicious,Malicious,0.9999986886978148
Malicious,Malicious,0.999997615814209
Malicious,Malicious,0.9999982118606568
Malicious,Malicious,0.9999977350234984
Malicious,Malicious,0.9999991655349731
Malicious,Malicious,0.9999988079071044
Malicious,Malicious,0.9999982118606568
Malicious,Malicious,0.9999984502792358
Malicious,Malicious,0.9999988079071044
Malicious,Malicious,0.9999982118606568
Malicious,Malicious,0.9999988079071044
Malicious,Malicious,0.9999892711639404
Malicious,Malicious,0.9999984502792358
Malicious,Malicious,0.9999912977218628
Malicious,Malicious,0.9999960660934448
Malicious,Malicious,0.9999986886978148
Malicious,Malicious,0.9999971389770508
Malicious,Malicious,0.9999992847442628
Malicious,Malicious,0.9999885559082032
Malicious,Malicious,0.999997854232788
Malicious,Malicious,0.9999988079071044
Malicious,Malicious,0.999996781349182
Malicious,Malicious,0.999998927116394
Malicious,Malicious,0.9999986886978148
Malicious,Malicious,0.9998795986175536
Malicious,Malicious,0.9999982118606568
Malicious,Malicious,0.9999984502792358
Malicious,Malicious,0.9999990463256836
Malicious,Malicious,0.9999986886978148
Malicious,Malicious,0.9999988079071044
Malicious,Malicious,0.9999984502792358
Malicious,Malicious,0.9999988079071044
Malicious,Malicious,0.9999982118606568
Malicious,Malicious,0.9999865293502808
Malicious,Malicious,0.9999988079071044
Malicious,Malicious,0.9999982118606568
Malicious,Malicious,0.9999984502792358
Malicious,Malicious,0.9999984502792358
Malicious,Malicious,0.9999985694885254
Malicious,Malicious,0.9999974966049194
Malicious,Malicious,0.9999982118606568
Malicious,Malicious,0.999997854232788
Malicious,Malicious,0.9999986886978148
Malicious,Malicious,0.9999982118606568
Malicious,Malicious,0.9999986886978148
Malicious,Malicious,0.999998927116394
Malicious,Malicious,0.9999991655349731
Malicious,Malicious,0.9999985694885254
Malicious,Malicious,0.9999982118606568
Malicious,Malicious,0.9999984502792358
Malicious,Malicious,0.9999986886978148
Malicious,Malicious,0.9999939203262328
Malicious,Malicious,0.9999986886978148
Malicious,Benign,0.0028865819331258
Malicious,Malicious,0.9999971389770508
Malicious,Malicious,0.9999979734420776
Malicious,Malicious,0.999996542930603
Malicious,Malicious,0.9999980926513672
Malicious,Malicious,0.9999983310699464
Malicious,Malicious,0.999998927116394
Malicious,Malicious,0.9999982118606568
Malicious,Malicious,0.9999984502792358
Malicious,Malicious,0.999996781349182
Malicious,Malicious,0.9999986886978148
Malicious,Malicious,0.9999986886978148
Malicious,Malicious,0.9999992847442628
Malicious,Malicious,0.9999774694442748
Malicious,Malicious,0.9999984502792358
Malicious,Malicious,0.9999988079071044
Malicious,Malicious,0.9999984502792358
Malicious,Malicious,0.9999983310699464
Malicious,Malicious,0.9999982118606568
Malicious,Malicious,0.9999988079071044
Malicious,Malicious,0.999997615814209
Malicious,Malicious,0.9999984502792358
Malicious,Malicious,0.9999974966049194
Malicious,Malicious,0.9999984502792358
Malicious,Malicious,0.9999986886978148
Malicious,Malicious,0.9999984502792358
Malicious,Malicious,0.9999986886978148
Malicious,Malicious,0.9999984502792358
Malicious,Malicious,0.9999984502792358
Malicious,Malicious,0.9999778270721436
Malicious,Malicious,0.9999936819076538
Malicious,Malicious,0.9999986886978148
Malicious,Malicious,0.9999990463256836
Malicious,Malicious,0.9999977350234984
Malicious,Malicious,0.9999988079071044
Malicious,Malicious,0.9999986886978148
Malicious,Malicious,0.9999986886978148
Malicious,Malicious,0.9999984502792358
Malicious,Malicious,0.9999985694885254
Malicious,Malicious,0.9999988079071044
Malicious,Malicious,0.9999977350234984
Malicious,Malicious,0.999996781349182
Malicious,Malicious,0.999994158744812
Malicious,Malicious,0.9999985694885254
Malicious,Malicious,0.9999986886978148
Malicious,Malicious,0.9999988079071044
Malicious,Malicious,0.9999982118606568
Malicious,Malicious,0.9999936819076538
Malicious,Malicious,0.9999988079071044
Malicious,Malicious,0.9999982118606568
Malicious,Malicious,0.9999982118606568
Malicious,Malicious,0.9999991655349731
Malicious,Malicious,0.9999982118606568
Malicious,Malicious,0.999996781349182
Malicious,Malicious,0.9999988079071044
Malicious,Malicious,0.9999078512191772
Malicious,Malicious,0.9999982118606568
Malicious,Malicious,0.9999991655349731
Malicious,Malicious,0.9999986886978148
Malicious,Malicious,0.999998927116394
Malicious,Malicious,0.9999984502792358
Malicious,Malicious,0.9999992847442628
Malicious,Malicious,0.999997615814209
Malicious,Malicious,0.9999969005584716
Malicious,Malicious,0.9999984502792358
Malicious,Malicious,0.9999984502792358
Malicious,Malicious,0.9999994039535522
Malicious,Malicious,0.9999986886978148
Malicious,Malicious,0.9999897480010986
Malicious,Malicious,0.9999979734420776
Malicious,Malicious,0.9999984502792358
Malicious,Malicious,0.9999912977218628
Malicious,Malicious,0.9999986886978148
Malicious,Malicious,0.9999986886978148
Malicious,Malicious,0.9999980926513672
Malicious,Malicious,0.999998927116394
Malicious,Malicious,0.999848484992981
Malicious,Malicious,0.9999984502792358
Malicious,Malicious,0.9999988079071044
Malicious,Malicious,0.9999990463256836
Malicious,Benign,0.0047759590670466
Malicious,Malicious,0.9999980926513672
Malicious,Malicious,0.9999982118606568
Malicious,Malicious,0.999998927116394
Malicious,Malicious,0.999998927116394
Malicious,Malicious,0.9999970197677612
Malicious,Malicious,0.999995231628418
Malicious,Malicious,0.999998927116394
Malicious,Malicious,0.9999961853027344
Malicious,Malicious,0.9999988079071044
Malicious,Malicious,0.999998927116394
Malicious,Malicious,0.9999982118606568
Malicious,Malicious,0.9999988079071044
Malicious,Malicious,0.9999988079071044
Malicious,Malicious,0.9999988079071044
Malicious,Malicious,0.9999929666519164
Malicious,Malicious,0.9999986886978148
Malicious,Malicious,0.9999988079071044
Malicious,Malicious,0.9999971389770508
Malicious,Malicious,0.9999970197677612
Malicious,Malicious,0.9999988079071044
Malicious,Malicious,0.9999984502792358
Malicious,Malicious,0.9999984502792358
Malicious,Malicious,0.9999982118606568
Malicious,Malicious,0.999990701675415
Malicious,Malicious,0.9999985694885254
Malicious,Malicious,0.9999977350234984
Malicious,Malicious,0.9999986886978148
Malicious,Malicious,0.9999984502792358
Malicious,Malicious,0.9999984502792358
Malicious,Malicious,0.9999982118606568
Malicious,Malicious,0.9999886751174928
Malicious,Malicious,0.9999910593032836
Malicious,Malicious,0.9999982118606568
Malicious,Malicious,0.9999990463256836
Malicious,Malicious,0.999992609024048
Malicious,Malicious,0.9999988079071044
Malicious,Malicious,0.9999986886978148
Malicious,Malicious,0.9999984502792358
Malicious,Malicious,0.9999984502792358
Malicious,Malicious,0.9999988079071044
Malicious,Malicious,0.9999988079071044
Malicious,Malicious,0.9999912977218628
Malicious,Malicious,0.9999982118606568
Malicious,Malicious,0.9999986886978148
Malicious,Malicious,0.9999980926513672
Malicious,Malicious,0.9999986886978148
Malicious,Malicious,0.9999988079071044
Malicious,Malicious,0.9999982118606568
Malicious,Malicious,0.9999880790710448
Malicious,Malicious,0.9999982118606568
Malicious,Malicious,0.9999984502792358
Malicious,Malicious,0.9999982118606568
Malicious,Malicious,0.9999982118606568
Malicious,Malicious,0.9999986886978148
Malicious,Benign,0.0006720972014591098
Malicious,Malicious,0.9999991655349731
Malicious,Malicious,0.9999840259552002
Malicious,Malicious,0.9999964237213136
Malicious,Malicious,0.9999043941497804
Malicious,Malicious,0.9999988079071044
Malicious,Malicious,0.9999988079071044
Malicious,Malicious,0.9999984502792358
Malicious,Malicious,0.9999988079071044
Malicious,Malicious,0.9999986886978148
Malicious,Malicious,0.9999984502792358
Malicious,Malicious,0.999994158744812
Malicious,Malicious,0.9999970197677612
Malicious,Malicious,0.9999983310699464
Malicious,Malicious,0.9999673366546632
Malicious,Malicious,0.9999982118606568
Malicious,Malicious,0.9999988079071044
Malicious,Malicious,0.9999982118606568
Malicious,Malicious,0.9999982118606568
Malicious,Malicious,0.9999966621398926
Malicious,Malicious,0.9999982118606568
Malicious,Malicious,0.999998927116394
Malicious,Malicious,0.9999983310699464
Malicious,Malicious,0.9999974966049194
Malicious,Malicious,0.9999984502792358
Malicious,Malicious,0.9999986886978148
Malicious,Malicious,0.9999982118606568
Malicious,Malicious,0.9999986886978148
Malicious,Malicious,0.9999986886978148
Malicious,Malicious,0.9999988079071044
Malicious,Malicious,0.9999991655349731
Malicious,Malicious,0.9999988079071044
Malicious,Malicious,0.999998927116394
Malicious,Malicious,0.9999984502792358
Malicious,Malicious,0.9999986886978148
Malicious,Malicious,0.9999984502792358
Malicious,Malicious,0.9999984502792358
Malicious,Malicious,0.9999986886978148
Malicious,Malicious,0.9999977350234984
Malicious,Malicious,0.999998927116394
Malicious,Malicious,0.9999986886978148
Malicious,Malicious,0.99999737739563
Malicious,Malicious,0.9999961853027344
Malicious,Malicious,0.999998927116394
Malicious,Benign,0.0034270852338522
Malicious,Malicious,0.9999780654907228
Malicious,Malicious,0.9999974966049194
Malicious,Malicious,0.9999986886978148
Malicious,Malicious,0.9999971389770508
Malicious,Malicious,0.999998927116394
Malicious,Malicious,0.9999982118606568
Malicious,Malicious,0.9999977350234984
Malicious,Malicious,0.9999982118606568
Malicious,Malicious,0.9999988079071044
Malicious,Malicious,0.9999982118606568
Malicious,Malicious,0.9999984502792358
Malicious,Malicious,0.9999984502792358
Malicious,Malicious,0.9999986886978148
Malicious,Malicious,0.999998927116394
Malicious,Malicious,0.9999986886978148
Malicious,Malicious,0.9999966621398926
Malicious,Malicious,0.9999982118606568
Malicious,Malicious,0.9999972581863404
Malicious,Malicious,0.9999964237213136
Malicious,Malicious,0.9999990463256836
Malicious,Malicious,0.999992847442627
Malicious,Malicious,0.9999984502792358
Malicious,Malicious,0.9999986886978148
Malicious,Malicious,0.9999991655349731
Malicious,Malicious,0.999952793121338
Malicious,Malicious,0.9999984502792358
Malicious,Malicious,0.9999982118606568
Malicious,Malicious,0.999983549118042
Malicious,Malicious,0.9999699592590332
Malicious,Malicious,0.9999984502792358
Malicious,Malicious,0.9999921321868896
Malicious,Malicious,0.9999991655349731
Malicious,Malicious,0.9999982118606568
Malicious,Malicious,0.9999984502792358
Malicious,Malicious,0.9999991655349731
Malicious,Malicious,0.9999984502792358
Malicious,Malicious,0.9999984502792358
Malicious,Malicious,0.9999984502792358
Malicious,Malicious,0.9999988079071044
Malicious,Malicious,0.9999982118606568
Malicious,Malicious,0.9999982118606568
Malicious,Malicious,0.999998927116394
Malicious,Malicious,0.999995231628418
Malicious,Malicious,0.9999843835830688
Malicious,Malicious,0.9999984502792358
Malicious,Malicious,0.999998927116394
Malicious,Malicious,0.9999982118606568
Malicious,Malicious,0.9999986886978148
Malicious,Malicious,0.9999982118606568
Malicious,Malicious,0.9999979734420776
Malicious,Malicious,0.9999988079071044
Malicious,Malicious,0.9999982118606568
Malicious,Malicious,0.9999984502792358
Malicious,Malicious,0.9999983310699464
Malicious,Malicious,0.9999986886978148
Malicious,Malicious,0.9999921321868896
Malicious,Malicious,0.999998927116394
Malicious,Malicious,0.9999988079071044
Malicious,Malicious,0.999997854232788
Malicious,Malicious,0.9999982118606568
Malicious,Malicious,0.9999885559082032
Malicious,Malicious,0.99999737739563
Malicious,Malicious,0.9999986886978148
Malicious,Malicious,0.9999986886978148
Malicious,Malicious,0.9999988079071044
Malicious,Malicious,0.9999982118606568
Malicious,Malicious,0.9999982118606568
Malicious,Malicious,0.999997854232788
Malicious,Malicious,0.9999984502792358
Malicious,Malicious,0.9999982118606568
Malicious,Malicious,0.9999988079071044
Malicious,Malicious,0.999997854232788
Malicious,Malicious,0.9999982118606568
Malicious,Malicious,0.9999982118606568
Malicious,Malicious,0.9999986886978148
Malicious,Malicious,0.9999854564666748
Malicious,Malicious,0.9999984502792358
Malicious,Malicious,0.999998927116394
Malicious,Malicious,0.9981801509857178
Malicious,Malicious,0.9999982118606568
Malicious,Malicious,0.9999977350234984
Malicious,Malicious,0.9999983310699464
Malicious,Malicious,0.9999972581863404
Malicious,Malicious,0.999998927116394
Malicious,Malicious,0.9996770620346068
Malicious,Malicious,0.9999984502792358
Malicious,Malicious,0.9999984502792358
Malicious,Malicious,0.9999939203262328
Malicious,Malicious,0.9999988079071044
Malicious,Malicious,0.9999984502792358
Malicious,Malicious,0.9999983310699464
Malicious,Malicious,0.9999984502792358
Malicious,Malicious,0.9999986886978148
Malicious,Malicious,0.9999969005584716
Malicious,Malicious,0.9999982118606568
Malicious,Malicious,0.9999986886978148
Malicious,Malicious,0.9999971389770508
Malicious,Malicious,0.9999982118606568
Malicious,Malicious,0.9999982118606568
Malicious,Benign,0.1767495572566986
Malicious,Malicious,0.9999986886978148
Malicious,Malicious,0.999998927116394
Malicious,Malicious,0.9999984502792358
Malicious,Malicious,0.9999990463256836
Malicious,Malicious,0.9999982118606568
Malicious,Malicious,0.9999988079071044
Malicious,Malicious,0.9999988079071044
Malicious,Malicious,0.9998786449432372
Malicious,Malicious,0.999997854232788
Malicious,Malicious,0.999998927116394
Malicious,Malicious,0.9599867463111876
Malicious,Malicious,0.9999910593032836
Malicious,Malicious,0.9999991655349731
Malicious,Malicious,0.999998927116394
Malicious,Malicious,0.9999988079071044
Malicious,Malicious,0.9999988079071044
Malicious,Malicious,0.9999988079071044
Malicious,Malicious,0.9999982118606568
Malicious,Malicious,0.9999977350234984
Malicious,Malicious,0.9999974966049194
Malicious,Malicious,0.9999959468841552
Malicious,Malicious,0.999998927116394
Malicious,Malicious,0.9999984502792358
Malicious,Malicious,0.9999986886978148
Malicious,Malicious,0.9999986886978148
Malicious,Malicious,0.9999929666519164
Malicious,Malicious,0.999998927116394
Malicious,Malicious,0.999996781349182
Malicious,Malicious,0.9999988079071044
Malicious,Malicious,0.9999988079071044
Malicious,Malicious,0.9999986886978148
Malicious,Malicious,0.9999983310699464
Malicious,Malicious,0.9999988079071044
Malicious,Malicious,0.9999788999557496
Malicious,Malicious,0.9999988079071044
Malicious,Malicious,0.9999986886978148
Malicious,Malicious,0.9999974966049194
Malicious,Malicious,0.999998927116394
Malicious,Malicious,0.9999984502792358
Malicious,Malicious,0.3864935934543609
Malicious,Malicious,0.9999986886978148
Malicious,Malicious,0.999998927116394
Malicious,Malicious,0.999997854232788
Malicious,Malicious,0.999997615814209
Malicious,Malicious,0.9999988079071044
Malicious,Malicious,0.9999982118606568
Malicious,Malicious,0.9999970197677612
Malicious,Malicious,0.9999953508377076
Malicious,Malicious,0.9999982118606568
Malicious,Malicious,0.9999986886978148
Malicious,Malicious,0.9999979734420776
Malicious,Malicious,0.9999988079071044
Malicious,Malicious,0.9999984502792358
Malicious,Malicious,0.9999982118606568
Malicious,Malicious,0.9999984502792358
Malicious,Malicious,0.9999984502792358
Malicious,Malicious,0.999998927116394
Malicious,Malicious,0.9999986886978148
Malicious,Malicious,0.999997615814209
Malicious,Malicious,0.9999984502792358
Malicious,Malicious,0.9999984502792358
Malicious,Malicious,0.9999979734420776
Malicious,Malicious,0.9999961853027344
Malicious,Malicious,0.999907612800598
Malicious,Malicious,0.9999982118606568
Malicious,Malicious,0.9999912977218628
Malicious,Malicious,0.9999986886978148
Malicious,Malicious,0.9999982118606568
Malicious,Malicious,0.999998927116394
Malicious,Malicious,0.9999929666519164
Malicious,Malicious,0.9999986886978148
Malicious,Malicious,0.9999986886978148
Malicious,Malicious,0.9999988079071044
Malicious,Malicious,0.9999959468841552
Malicious,Malicious,0.999998927116394
Malicious,Malicious,0.999997854232788
Malicious,Malicious,0.9999972581863404
Malicious,Malicious,0.9999988079071044
Malicious,Malicious,0.9999980926513672
Malicious,Malicious,0.9999982118606568
Malicious,Malicious,0.9999982118606568
Malicious,Malicious,0.9999991655349731
Malicious,Malicious,0.9999982118606568
Malicious,Benign,0.1307225227355957
Malicious,Malicious,0.9999979734420776
Malicious,Malicious,0.9999982118606568
Malicious,Malicious,0.9999986886978148
Malicious,Malicious,0.9999988079071044
Malicious,Malicious,0.9999982118606568
Malicious,Malicious,0.9999971389770508
Malicious,Malicious,0.9999983310699464
Malicious,Malicious,0.9999984502792358
Malicious,Malicious,0.9999982118606568
Malicious,Malicious,0.9999986886978148
Malicious,Malicious,0.999998927116394
Malicious,Malicious,0.9999982118606568
Malicious,Malicious,0.9999988079071044
Malicious,Malicious,0.9999984502792358
Malicious,Malicious,0.9999979734420776
Malicious,Malicious,0.9999988079071044
Malicious,Malicious,0.9999988079071044
Malicious,Malicious,0.9999988079071044
Malicious,Malicious,0.9999892711639404
Malicious,Malicious,0.9994232654571532
Malicious,Malicious,0.9999986886978148
Malicious,Malicious,0.9999986886978148
Malicious,Malicious,0.9999972581863404
Malicious,Malicious,0.9999979734420776
Malicious,Malicious,0.999996304512024
Malicious,Malicious,0.9999895095825196
Malicious,Malicious,0.9999982118606568
Malicious,Malicious,0.9999988079071044
Malicious,Malicious,0.999998927116394
Malicious,Malicious,0.999985933303833
Malicious,Malicious,0.9999982118606568
Malicious,Malicious,0.9999986886978148
Malicious,Malicious,0.9999986886978148
Malicious,Malicious,0.9999982118606568
Malicious,Malicious,0.9999990463256836
Malicious,Malicious,0.9999985694885254
Malicious,Malicious,0.9999982118606568
Malicious,Malicious,0.9999988079071044
Malicious,Malicious,0.9999982118606568
Malicious,Malicious,0.9999984502792358
Malicious,Malicious,0.999997615814209
Malicious,Malicious,0.9999982118606568
Malicious,Malicious,0.9999992847442628
Malicious,Malicious,0.9999984502792358
Malicious,Malicious,0.9999988079071044
Malicious,Malicious,0.99998676776886
Malicious,Malicious,0.999997615814209
Malicious,Malicious,0.9999988079071044
Malicious,Malicious,0.9999988079071044
Malicious,Malicious,0.99999737739563
Malicious,Malicious,0.7737486362457275
Malicious,Malicious,0.9999977350234984
Malicious,Malicious,0.9999920129776
Malicious,Malicious,0.9999988079071044
Malicious,Malicious,0.9999972581863404
Malicious,Malicious,0.9999971389770508
Malicious,Malicious,0.9999991655349731
Malicious,Malicious,0.9999988079071044
Malicious,Malicious,0.9999982118606568
Malicious,Malicious,0.9999984502792358
Malicious,Malicious,0.999996542930603
Malicious,Malicious,0.9999979734420776
Malicious,Malicious,0.9999984502792358
Malicious,Malicious,0.9999854564666748
Malicious,Malicious,0.9999980926513672
Malicious,Malicious,0.9423165917396544
Malicious,Malicious,0.9999988079071044
Malicious,Malicious,0.9999988079071044
Malicious,Malicious,0.999997854232788
Malicious,Malicious,0.9999986886978148
Malicious,Malicious,0.999998927116394
Malicious,Malicious,0.9999936819076538
Malicious,Malicious,0.9999966621398926
Malicious,Malicious,0.9999982118606568
Malicious,Malicious,0.999998927116394
Malicious,Malicious,0.9999933242797852
Malicious,Malicious,0.9999986886978148
Malicious,Malicious,0.9999986886978148
Malicious,Malicious,0.9999988079071044
Malicious,Malicious,0.9999977350234984
Malicious,Malicious,0.9999982118606568
Malicious,Malicious,0.9999661445617676
Malicious,Malicious,0.999997615814209
Malicious,Malicious,0.9999986886978148
Malicious,Malicious,0.9999982118606568
Malicious,Malicious,0.9999986886978148
Malicious,Malicious,0.9999988079071044
Malicious,Malicious,0.9999988079071044
Malicious,Malicious,0.9999986886978148
Malicious,Malicious,0.9999988079071044
Malicious,Malicious,0.9999984502792358
Malicious,Malicious,0.9999949932098388
Malicious,Malicious,0.9999992847442628
Malicious,Malicious,0.9999988079071044
Malicious,Malicious,0.9999986886978148
Malicious,Malicious,0.9997702240943908
Malicious,Malicious,0.9999986886978148
Malicious,Malicious,0.9999945163726808
Malicious,Malicious,0.9999984502792358
Malicious,Malicious,0.9999986886978148
Malicious,Malicious,0.9999979734420776
Malicious,Malicious,0.9999996423721312
Malicious,Malicious,0.9999980926513672
Malicious,Malicious,0.999998927116394
Malicious,Malicious,0.9999984502792358
Malicious,Malicious,0.9999979734420776
Malicious,Malicious,0.9999983310699464
Malicious,Malicious,0.9999972581863404
Malicious,Malicious,0.9999982118606568
Malicious,Malicious,0.9999986886978148
Malicious,Malicious,0.9999972581863404
Malicious,Malicious,0.9999984502792358
Malicious,Malicious,0.999998927116394
Malicious,Malicious,0.9999991655349731
Malicious,Malicious,0.9999986886978148
Malicious,Malicious,0.9999982118606568
Malicious,Malicious,0.9999984502792358
Malicious,Malicious,0.9999986886978148
Malicious,Malicious,0.9999982118606568
Malicious,Malicious,0.9999984502792358
Malicious,Malicious,0.9999994039535522
Malicious,Malicious,0.9999984502792358
Malicious,Malicious,0.999998927116394
Malicious,Malicious,0.9999948740005492
Malicious,Malicious,0.999998927116394
Malicious,Malicious,0.9999986886978148
Malicious,Malicious,0.9999977350234984
Malicious,Malicious,0.9999982118606568
Malicious,Malicious,0.9999986886978148
Malicious,Malicious,0.9999972581863404
Malicious,Malicious,0.9999984502792358
Malicious,Malicious,0.5999515652656555
Malicious,Malicious,0.9999982118606568
Malicious,Malicious,0.999998927116394
Malicious,Malicious,0.9999654293060304
Malicious,Malicious,0.9999982118606568
Malicious,Malicious,0.9999996423721312
Malicious,Malicious,0.9999972581863404
Malicious,Malicious,0.9999980926513672
Malicious,Malicious,0.9999982118606568
Malicious,Malicious,0.9999991655349731
Malicious,Malicious,0.9999991655349731
Malicious,Malicious,0.9999984502792358
Malicious,Malicious,0.9999986886978148
Malicious,Malicious,0.9999983310699464
Malicious,Malicious,0.9999988079071044
Malicious,Malicious,0.9999808073043824
Malicious,Malicious,0.9999982118606568
Malicious,Malicious,0.9999982118606568
Malicious,Malicious,0.999998927116394
Malicious,Malicious,0.999998927116394
Malicious,Malicious,0.9999916553497314
Malicious,Malicious,0.9999984502792358
Malicious,Malicious,0.999998927116394
Malicious,Malicious,0.9998342990875244
Malicious,Malicious,0.9999984502792358
Malicious,Malicious,0.9999929666519164
Malicious,Malicious,0.9999988079071044
Malicious,Benign,0.1305501759052276
Malicious,Malicious,0.9999936819076538
Malicious,Malicious,0.9999985694885254
Malicious,Benign,0.031398057937622
Malicious,Malicious,0.9999986886978148
Malicious,Malicious,0.9999984502792358
Malicious,Malicious,0.9999988079071044
Malicious,Malicious,0.9999984502792358
Malicious,Malicious,0.9999986886978148
Malicious,Malicious,0.9999972581863404
Malicious,Malicious,0.9999982118606568
Malicious,Malicious,0.9999982118606568
Malicious,Malicious,0.9999971389770508
Malicious,Malicious,0.9999700784683228
Malicious,Malicious,0.999997615814209
Malicious,Malicious,0.9999988079071044
Malicious,Malicious,0.9999982118606568
Malicious,Malicious,0.9999990463256836
Malicious,Malicious,0.9999984502792358
Malicious,Malicious,0.9999982118606568
Malicious,Malicious,0.999996781349182
Malicious,Malicious,0.9999984502792358
Malicious,Malicious,0.9999995231628418
Malicious,Malicious,0.9999988079071044
Malicious,Malicious,0.9999585151672364
Malicious,Malicious,0.9999986886978148
Malicious,Malicious,0.9999982118606568
Malicious,Malicious,0.9999985694885254
Malicious,Malicious,0.999997854232788
Malicious,Malicious,0.9999960660934448
Malicious,Malicious,0.9999982118606568
Malicious,Malicious,0.9999986886978148
Malicious,Malicious,0.9999988079071044
Malicious,Malicious,0.9999982118606568
Malicious,Malicious,0.9999988079071044
Malicious,Malicious,0.9999984502792358
Malicious,Malicious,0.99999737739563
Malicious,Malicious,0.9999984502792358
Malicious,Malicious,0.999992847442627
Malicious,Malicious,0.9999986886978148
Malicious,Malicious,0.999992847442627
Malicious,Malicious,0.9999988079071044
Malicious,Malicious,0.9999988079071044
Malicious,Malicious,0.9999986886978148
Malicious,Malicious,0.9999974966049194
Malicious,Malicious,0.9999988079071044
Malicious,Malicious,0.9999986886978148
Malicious,Malicious,0.9999984502792358
Malicious,Malicious,0.999998927116394
Malicious,Malicious,0.9999988079071044
Malicious,Malicious,0.9999990463256836
Malicious,Malicious,0.9999982118606568
Malicious,Malicious,0.9999984502792358
Malicious,Malicious,0.999997615814209
Malicious,Malicious,0.9999984502792358
Malicious,Malicious,0.9999980926513672
Malicious,Malicious,0.9999984502792358
Malicious,Malicious,0.9999984502792358
Malicious,Malicious,0.9999982118606568
Malicious,Malicious,0.9999988079071044
Malicious,Malicious,0.999997615814209
Malicious,Malicious,0.9999986886978148
Malicious,Malicious,0.9999990463256836
Malicious,Malicious,0.999998927116394
Malicious,Malicious,0.9999912977218628
Malicious,Malicious,0.9999985694885254
Malicious,Malicious,0.9999982118606568
Malicious,Malicious,0.9999977350234984
Malicious,Malicious,0.9999974966049194
Malicious,Malicious,0.9999895095825196
Malicious,Malicious,0.9999524354934692
Malicious,Malicious,0.9999986886978148
Malicious,Malicious,0.9999982118606568
Malicious,Malicious,0.9999982118606568
Malicious,Malicious,0.9999960660934448
Malicious,Malicious,0.9999984502792358
Malicious,Malicious,0.9999988079071044
Malicious,Malicious,0.9999895095825196
Malicious,Malicious,0.999998927116394
Malicious,Malicious,0.9999988079071044
Malicious,Malicious,0.9999986886978148
Malicious,Malicious,0.9999936819076538
Malicious,Malicious,0.9934533834457396
Malicious,Malicious,0.9999982118606568
Malicious,Malicious,0.9999984502792358
Malicious,Malicious,0.9999988079071044
Malicious,Malicious,0.9999982118606568
Malicious,Benign,0.1358658224344253
Malicious,Malicious,0.9999990463256836
Malicious,Malicious,0.9999966621398926
Malicious,Malicious,0.9999980926513672
Malicious,Malicious,0.9999982118606568
Malicious,Malicious,0.999998927116394
Malicious,Malicious,0.9999986886978148
Malicious,Malicious,0.9999982118606568
Malicious,Malicious,0.999998927116394
Malicious,Malicious,0.9999983310699464
Malicious,Malicious,0.9999971389770508
Malicious,Malicious,0.9999988079071044
Malicious,Malicious,0.9999991655349731
Malicious,Malicious,0.9999971389770508
Malicious,Malicious,0.9999988079071044
Malicious,Malicious,0.9999986886978148
Malicious,Malicious,0.9999966621398926
Malicious,Malicious,0.9999974966049194
Malicious,Malicious,0.9999988079071044
Malicious,Malicious,0.999977707862854
Malicious,Malicious,0.999998927116394
Malicious,Malicious,0.9999988079071044
Malicious,Malicious,0.9999986886978148
Malicious,Malicious,0.9999988079071044
Malicious,Malicious,0.9999984502792358
Malicious,Malicious,0.7126657962799072
Malicious,Malicious,0.9999912977218628
Malicious,Malicious,0.9999988079071044
Malicious,Malicious,0.9999984502792358
Malicious,Malicious,0.9999984502792358
Malicious,Malicious,0.9999985694885254
Malicious,Malicious,0.9999984502792358
Malicious,Malicious,0.9999991655349731
Malicious,Malicious,0.9999982118606568
Malicious,Malicious,0.9999818801879884
Malicious,Malicious,0.9999983310699464
Malicious,Malicious,0.9999995231628418
Malicious,Malicious,0.9999982118606568
Malicious,Malicious,0.9999985694885254
Malicious,Malicious,0.9999986886978148
Malicious,Malicious,0.999997854232788
Malicious,Malicious,0.9999986886978148
Malicious,Malicious,0.9999970197677612
Malicious,Malicious,0.9999971389770508
Malicious,Malicious,0.9999986886978148
Malicious,Malicious,0.9999979734420776
Malicious,Malicious,0.999998927116394
Malicious,Malicious,0.9999982118606568
Malicious,Malicious,0.9999982118606568
Malicious,Malicious,0.9999982118606568
Malicious,Malicious,0.9999958276748656
Malicious,Benign,0.0119753926992416
Malicious,Malicious,0.9999839067459106
Malicious,Malicious,0.999998927116394
Malicious,Malicious,0.9999986886978148
Malicious,Malicious,0.9999986886978148
Malicious,Malicious,0.9999991655349731
Malicious,Malicious,0.9999964237213136
Malicious,Malicious,0.923125147819519
Malicious,Malicious,0.9999984502792358
Malicious,Malicious,0.9999982118606568
Malicious,Malicious,0.9999984502792358
Malicious,Malicious,0.9999982118606568
Malicious,Malicious,0.9999982118606568
Malicious,Malicious,0.9999971389770508
Malicious,Malicious,0.9999822378158568
Malicious,Malicious,0.9999991655349731
Malicious,Malicious,0.999997854232788
Malicious,Malicious,0.9999977350234984
Malicious,Malicious,0.9999984502792358
Malicious,Malicious,0.9999982118606568
Malicious,Malicious,0.9999984502792358
Malicious,Malicious,0.999997615814209
Malicious,Malicious,0.9999984502792358
Malicious,Malicious,0.9999988079071044
Malicious,Malicious,0.9999868869781494
Malicious,Malicious,0.9999936819076538
Malicious,Malicious,0.9999988079071044
Malicious,Malicious,0.999992609024048
Malicious,Malicious,0.9999805688858032
Malicious,Malicious,0.9999988079071044
Malicious,Malicious,0.9999986886978148
Malicious,Malicious,0.9999940395355223
Malicious,Malicious,0.9999945163726808
Malicious,Malicious,0.9999970197677612
Malicious,Malicious,0.999998927116394
Malicious,Malicious,0.9999982118606568
Malicious,Malicious,0.9999988079071044
Malicious,Malicious,0.9999982118606568
Malicious,Malicious,0.9999986886978148
Malicious,Malicious,0.9999990463256836
Malicious,Malicious,0.9999983310699464
Malicious,Malicious,0.9999988079071044
Malicious,Malicious,0.9999986886978148
Malicious,Malicious,0.9999679327011108
Malicious,Malicious,0.9999994039535522
Malicious,Malicious,0.9999988079071044
Malicious,Malicious,0.9999986886978148
Malicious,Malicious,0.9999912977218628
Malicious,Malicious,0.9999974966049194
Malicious,Malicious,0.9999982118606568
Malicious,Malicious,0.9999988079071044
Malicious,Malicious,0.9999986886978148
Malicious,Malicious,0.9999984502792358
Malicious,Malicious,0.999998927116394
Malicious,Malicious,0.9999982118606568
Malicious,Malicious,0.9999982118606568
Malicious,Malicious,0.9999988079071044
Malicious,Malicious,0.9999982118606568
Malicious,Malicious,0.9999957084655762
Malicious,Malicious,0.9999974966049194
Malicious,Malicious,0.999998927116394
Malicious,Malicious,0.9999982118606568
Malicious,Malicious,0.9999984502792358
Malicious,Malicious,0.9999984502792358
Malicious,Malicious,0.9999991655349731
Malicious,Malicious,0.999996781349182
Malicious,Malicious,0.999998927116394
Malicious,Malicious,0.9999932050704956
Malicious,Malicious,0.9999959468841552
Malicious,Malicious,0.9999982118606568
Malicious,Malicious,0.9999982118606568
Malicious,Malicious,0.999998927116394
Malicious,Malicious,0.9999982118606568
Malicious,Malicious,0.999995231628418
Malicious,Malicious,0.9999982118606568
Malicious,Malicious,0.9999986886978148
Malicious,Malicious,0.7308699488639832
Malicious,Malicious,0.99999737739563
Malicious,Malicious,0.999998927116394
Malicious,Malicious,0.9999983310699464
Malicious,Malicious,0.9999982118606568
Malicious,Malicious,0.999985933303833
Malicious,Malicious,0.9999984502792358
Malicious,Malicious,0.999998927116394
Malicious,Malicious,0.9999979734420776
Malicious,Malicious,0.999997854232788
Malicious,Malicious,0.999998927116394
Malicious,Malicious,0.9999986886978148
Malicious,Malicious,0.9999986886978148
Malicious,Malicious,0.9999982118606568
Malicious,Malicious,0.9999949932098388
Malicious,Malicious,0.9999988079071044
Malicious,Malicious,0.9999986886978148
Malicious,Malicious,0.9999982118606568
Malicious,Malicious,0.9999982118606568
Malicious,Malicious,0.9999988079071044
Malicious,Malicious,0.9999985694885254
Malicious,Malicious,0.9999977350234984
Malicious,Malicious,0.9999982118606568
Malicious,Malicious,0.9999977350234984
Malicious,Malicious,0.9999986886978148
Malicious,Malicious,0.9999974966049194
Malicious,Malicious,0.9999988079071044
Malicious,Malicious,0.999998927116394
Malicious,Malicious,0.9999984502792358
Malicious,Malicious,0.9999949932098388
Malicious,Malicious,0.9999991655349731
Malicious,Malicious,0.9999990463256836
Malicious,Malicious,0.9999982118606568
Malicious,Malicious,0.9999986886978148
Malicious,Benign,0.0036687597166746
Malicious,Malicious,0.937663197517395
Malicious,Malicious,0.3707744777202606
Malicious,Malicious,0.9999974966049194
Malicious,Malicious,0.9999986886978148
Malicious,Malicious,0.999990940093994
Malicious,Malicious,0.9999982118606568
Malicious,Malicious,0.9999982118606568
Malicious,Malicious,0.9999988079071044
Malicious,Malicious,0.9999845027923584
Malicious,Malicious,0.9999984502792358
Malicious,Malicious,0.9999986886978148
Malicious,Malicious,0.9999982118606568
Malicious,Malicious,0.9999988079071044
Malicious,Malicious,0.9999984502792358
Malicious,Malicious,0.9999986886978148
Malicious,Malicious,0.9999986886978148
Malicious,Malicious,0.99999737739563
Malicious,Malicious,0.9999988079071044
Malicious,Malicious,0.9999977350234984
Malicious,Malicious,0.9999836683273317
Malicious,Malicious,0.9966553449630736
Malicious,Malicious,0.999998927116394
Malicious,Malicious,0.999996542930603
Malicious,Malicious,0.9999773502349854
Malicious,Malicious,0.9999990463256836
Malicious,Malicious,0.9999879598617554
Malicious,Malicious,0.999992847442627
Malicious,Malicious,0.9999985694885254
Malicious,Malicious,0.9999982118606568
Malicious,Malicious,0.9999983310699464
Malicious,Malicious,0.9999988079071044
Malicious,Malicious,0.9999886751174928
Malicious,Malicious,0.9999984502792358
Malicious,Malicious,0.9999957084655762
Malicious,Malicious,0.9999979734420776
Malicious,Malicious,0.9999979734420776
Malicious,Malicious,0.9999991655349731
Malicious,Malicious,0.9999994039535522
Malicious,Malicious,0.999998927116394
Malicious,Malicious,0.9999977350234984
Malicious,Malicious,0.9999986886978148
Malicious,Malicious,0.9999982118606568
Malicious,Malicious,0.9999988079071044
Malicious,Malicious,0.9999986886978148
Malicious,Malicious,0.9999959468841552
Malicious,Malicious,0.9999988079071044
Malicious,Malicious,0.999998927116394
Malicious,Malicious,0.9999990463256836
Malicious,Malicious,0.9999986886978148
Malicious,Malicious,0.999991536140442
Malicious,Malicious,0.9999982118606568
Malicious,Benign,0.0281079597771167
Malicious,Malicious,0.9999988079071044
Malicious,Malicious,0.9999979734420776
Malicious,Malicious,0.9999986886978148
Malicious,Malicious,0.9999986886978148
Malicious,Malicious,0.9999986886978148
Malicious,Malicious,0.9999986886978148
Malicious,Malicious,0.9999947547912598
Malicious,Malicious,0.9999984502792358
Malicious,Malicious,0.9999986886978148
Malicious,Malicious,0.9999983310699464
Malicious,Malicious,0.9999991655349731
Malicious,Malicious,0.9999990463256836
Malicious,Malicious,0.999998927116394
Malicious,Malicious,0.9999986886978148
Malicious,Malicious,0.9999932050704956
Malicious,Malicious,0.9999988079071044
Malicious,Malicious,0.9999988079071044
Malicious,Malicious,0.999998927116394
Malicious,Malicious,0.9999988079071044
Malicious,Malicious,0.999998927116394
Malicious,Malicious,0.9999974966049194
Malicious,Malicious,0.9999984502792358
Malicious,Malicious,0.9999986886978148
Malicious,Malicious,0.9999953508377076
Malicious,Malicious,0.9999986886978148
Malicious,Malicious,0.9999988079071044
Malicious,Malicious,0.9999988079071044
Malicious,Malicious,0.9999983310699464
Malicious,Malicious,0.9999980926513672
Malicious,Benign,0.0498303212225437
Malicious,Malicious,0.9999988079071044
Malicious,Malicious,0.999998927116394
Malicious,Malicious,0.9999988079071044
Malicious,Malicious,0.9999984502792358
Malicious,Malicious,0.9999988079071044
Malicious,Malicious,0.9999984502792358
Malicious,Malicious,0.99999737739563
Malicious,Malicious,0.999998927116394
Malicious,Malicious,0.9999986886978148
Malicious,Malicious,0.9999972581863404
Malicious,Malicious,0.9999986886978148
Malicious,Malicious,0.9999982118606568
Malicious,Malicious,0.9999982118606568
Malicious,Malicious,0.9999988079071044
Malicious,Malicious,0.9999991655349731
Malicious,Malicious,0.9999982118606568
Malicious,Malicious,0.9999992847442628
Malicious,Malicious,0.9999984502792358
Malicious,Malicious,0.9999986886978148
Malicious,Benign,0.0005311685963533819
Malicious,Malicious,0.9999986886978148
Malicious,Malicious,0.9999988079071044
Malicious,Malicious,0.9999985694885254
Malicious,Malicious,0.9999982118606568
Malicious,Malicious,0.9999984502792358
Malicious,Malicious,0.9999986886978148
Malicious,Malicious,0.9999979734420776
Malicious,Malicious,0.9999986886978148
Malicious,Malicious,0.9999986886978148
Malicious,Malicious,0.9999988079071044
Malicious,Malicious,0.9999945163726808
Malicious,Malicious,0.999992847442627
Malicious,Benign,0.1194817349314689
Malicious,Malicious,0.9999986886978148
Malicious,Malicious,0.9999980926513672
Malicious,Malicious,0.9999988079071044
Malicious,Malicious,0.9999984502792358
Malicious,Malicious,0.9999982118606568
Malicious,Malicious,0.9999979734420776
Malicious,Malicious,0.999997854232788
Malicious,Malicious,0.999998927116394
Malicious,Malicious,0.9999988079071044
Malicious,Malicious,0.9999988079071044
Malicious,Malicious,0.9999988079071044
Malicious,Malicious,0.9999948740005492
Malicious,Malicious,0.999998927116394
Malicious,Malicious,0.9999986886978148
Malicious,Malicious,0.999992609024048
Malicious,Malicious,0.9999988079071044
Malicious,Malicious,0.9999986886978148
Malicious,Malicious,0.999997854232788
Malicious,Malicious,0.9999986886978148
Malicious,Malicious,0.999996542930603
Malicious,Malicious,0.9999954700469972
Malicious,Malicious,0.9999991655349731
Malicious,Malicious,0.9999949932098388
Malicious,Malicious,0.9999988079071044
Malicious,Malicious,0.999997615814209
Malicious,Malicious,0.9999988079071044
Malicious,Malicious,0.9999984502792358
Malicious,Malicious,0.9999969005584716
Malicious,Malicious,0.9999984502792358
Malicious,Malicious,0.9999988079071044
Malicious,Malicious,0.999998927116394
Malicious,Malicious,0.9999986886978148
Malicious,Malicious,0.9999986886978148
Malicious,Malicious,0.9999986886978148
Malicious,Malicious,0.9999982118606568
Malicious,Malicious,0.9999983310699464
Malicious,Malicious,0.9425185322761536
Malicious,Malicious,0.999997615814209
Malicious,Malicious,0.9999982118606568
Malicious,Malicious,0.999998927116394
Malicious,Malicious,0.999998927116394
Malicious,Malicious,0.9999984502792358
Malicious,Malicious,0.9999603033065796
Malicious,Malicious,0.9999983310699464
Malicious,Malicious,0.999996542930603
Malicious,Malicious,0.9999984502792358
Malicious,Malicious,0.9999990463256836
Malicious,Malicious,0.999969482421875
Malicious,Malicious,0.9999982118606568
Malicious,Malicious,0.9999983310699464
Malicious,Malicious,0.9999986886978148
Malicious,Malicious,0.9999982118606568
Malicious,Malicious,0.9999984502792358
Malicious,Malicious,0.999990701675415
Malicious,Malicious,0.9999982118606568
Malicious,Malicious,0.9999982118606568
Malicious,Malicious,0.999998927116394
Malicious,Malicious,0.9999847412109376
Malicious,Malicious,0.9999892711639404
Malicious,Malicious,0.9999991655349731
Malicious,Malicious,0.9999971389770508
Malicious,Malicious,0.9999982118606568
Malicious,Malicious,0.9999934434890748
Malicious,Malicious,0.9999994039535522
Malicious,Malicious,0.9999984502792358
Malicious,Malicious,0.9999991655349731
Malicious,Malicious,0.9999982118606568
Malicious,Malicious,0.9999983310699464
Malicious,Malicious,0.9999982118606568
Malicious,Malicious,0.9999971389770508
Malicious,Malicious,0.9999955892562866
Malicious,Malicious,0.9999977350234984
Malicious,Malicious,0.9999988079071044
Malicious,Malicious,0.9999984502792358
Malicious,Malicious,0.9999991655349731
Malicious,Malicious,0.9990954399108888
Malicious,Malicious,0.9999982118606568
Malicious,Malicious,0.999997854232788
Malicious,Malicious,0.9999969005584716
Malicious,Malicious,0.9999986886978148
Malicious,Malicious,0.9999988079071044
Malicious,Malicious,0.9999982118606568
Malicious,Malicious,0.999998927116394
Malicious,Malicious,0.9999618530273438
Malicious,Malicious,0.9999979734420776
Malicious,Malicious,0.9999986886978148
Malicious,Malicious,0.9999988079071044
Malicious,Malicious,0.9999988079071044
Malicious,Malicious,0.9999982118606568
Malicious,Malicious,0.9999982118606568
Malicious,Malicious,0.9999988079071044
Malicious,Malicious,0.9999933242797852
Malicious,Malicious,0.9999984502792358
Malicious,Malicious,0.9999990463256836
Malicious,Malicious,0.9999984502792358
Malicious,Malicious,0.9999983310699464
Malicious,Malicious,0.9999986886978148
Malicious,Malicious,0.9999982118606568
Malicious,Malicious,0.9999947547912598
Malicious,Malicious,0.9999966621398926
Malicious,Malicious,0.9999988079071044
Malicious,Malicious,0.9999929666519164
Malicious,Malicious,0.9999982118606568
Malicious,Malicious,0.9999982118606568
Malicious,Malicious,0.9999982118606568
Malicious,Malicious,0.9999984502792358
Malicious,Malicious,0.999998927116394
Malicious,Malicious,0.9999988079071044
Malicious,Malicious,0.9999984502792358
Malicious,Malicious,0.9999991655349731
Malicious,Malicious,0.9999988079071044
Malicious,Malicious,0.9999984502792358
Malicious,Malicious,0.9999991655349731
Malicious,Malicious,0.9999986886978148
Malicious,Malicious,0.9999982118606568
Malicious,Malicious,0.9999971389770508
Malicious,Malicious,0.9999984502792358
Malicious,Malicious,0.9999988079071044
Malicious,Malicious,0.9999958276748656
Malicious,Malicious,0.999997615814209
Malicious,Malicious,0.9999986886978148
Malicious,Malicious,0.9999984502792358
Malicious,Malicious,0.9999971389770508
Malicious,Malicious,0.9999971389770508
Malicious,Malicious,0.9999984502792358
Malicious,Malicious,0.9999988079071044
Malicious,Malicious,0.9999986886978148
Malicious,Malicious,0.9999988079071044
Malicious,Malicious,0.9999982118606568
Malicious,Malicious,0.9999986886978148
Malicious,Malicious,0.999998927116394
Malicious,Malicious,0.9999982118606568
Malicious,Malicious,0.9999982118606568
Malicious,Malicious,0.9999986886978148
Malicious,Malicious,0.9999932050704956
Malicious,Malicious,0.9999984502792358
Malicious,Malicious,0.9999985694885254
Malicious,Malicious,0.9999988079071044
Malicious,Malicious,0.9999988079071044
Malicious,Malicious,0.9999982118606568
Malicious,Malicious,0.9999988079071044
Malicious,Malicious,0.9999982118606568
Malicious,Malicious,0.9999972581863404
Malicious,Malicious,0.9999988079071044
Malicious,Malicious,0.999997854232788
Malicious,Malicious,0.9999982118606568
Malicious,Malicious,0.9999768733978271
Malicious,Malicious,0.9889583587646484
Malicious,Benign,0.0580018311738967
Malicious,Malicious,0.9999946355819702
Malicious,Malicious,0.9999986886978148
Malicious,Malicious,0.9999980926513672
Malicious,Malicious,0.9999971389770508
Malicious,Malicious,0.9999982118606568
Malicious,Malicious,0.999998927116394
Malicious,Malicious,0.9999977350234984
Malicious,Malicious,0.9999985694885254
Malicious,Malicious,0.9999982118606568
Malicious,Malicious,0.9999982118606568
Malicious,Malicious,0.9999988079071044
Malicious,Malicious,0.9999986886978148
Malicious,Malicious,0.999998927116394
Malicious,Malicious,0.9999984502792358
Malicious,Malicious,0.9999990463256836
Malicious,Malicious,0.9999949932098388
Malicious,Malicious,0.9999982118606568
Malicious,Malicious,0.9999988079071044
Malicious,Malicious,0.9999982118606568
Malicious,Malicious,0.9999982118606568
Malicious,Malicious,0.9999988079071044
Malicious,Malicious,0.999998927116394
Malicious,Malicious,0.9999988079071044
Malicious,Malicious,0.999998927116394
Malicious,Malicious,0.9999946355819702
Malicious,Malicious,0.9999828338623048
Malicious,Malicious,0.9999912977218628
Malicious,Malicious,0.999996781349182
Malicious,Malicious,0.9999982118606568
Malicious,Malicious,0.9999986886978148
Malicious,Malicious,0.9999986886978148
Malicious,Malicious,0.9999980926513672
Malicious,Malicious,0.999998927116394
Malicious,Malicious,0.999998927116394
Malicious,Malicious,0.999998927116394
Malicious,Malicious,0.9999980926513672
Malicious,Malicious,0.9999984502792358
Malicious,Malicious,0.9999984502792358
Malicious,Benign,0.0482926592230796
Malicious,Malicious,0.9999961853027344
Malicious,Malicious,0.999998927116394
Malicious,Malicious,0.9999984502792358
Malicious,Malicious,0.9999986886978148
Malicious,Malicious,0.9999988079071044
Malicious,Malicious,0.9999991655349731
Malicious,Malicious,0.9999955892562866
Malicious,Malicious,0.9999935626983644
Malicious,Malicious,0.9999988079071044
Malicious,Malicious,0.9999988079071044
Malicious,Malicious,0.9999986886978148
Malicious,Malicious,0.999998927116394
Malicious,Malicious,0.9999984502792358
Malicious,Malicious,0.9999985694885254
Malicious,Malicious,0.9999986886978148
Malicious,Malicious,0.9998966455459596
Malicious,Malicious,0.9352460503578186
Malicious,Malicious,0.9999995231628418
Malicious,Malicious,0.9999982118606568
Malicious,Malicious,0.9999988079071044
Malicious,Malicious,0.9999984502792358
Malicious,Malicious,0.9999977350234984
Malicious,Malicious,0.9999991655349731
Malicious,Malicious,0.999997615814209
Malicious,Malicious,0.9999969005584716
Malicious,Malicious,0.9999982118606568
Malicious,Malicious,0.9999986886978148
Malicious,Malicious,0.999997615814209
Malicious,Malicious,0.9999986886978148
Malicious,Malicious,0.9999984502792358
Malicious,Malicious,0.9999990463256836
Malicious,Malicious,0.9999974966049194
Malicious,Malicious,0.99999737739563
Malicious,Malicious,0.9999982118606568
Malicious,Malicious,0.9999966621398926
Malicious,Malicious,0.9999982118606568
Malicious,Malicious,0.9999988079071044
Malicious,Malicious,0.9999988079071044
Malicious,Malicious,0.9999988079071044
Malicious,Malicious,0.9999991655349731
Malicious,Malicious,0.9999982118606568
Malicious,Malicious,0.9999983310699464
Malicious,Malicious,0.9999929666519164
Malicious,Malicious,0.9999988079071044
Malicious,Malicious,0.9999972581863404
Malicious,Malicious,0.9999988079071044
Malicious,Malicious,0.999998927116394
Malicious,Benign,0.02284169010818
Malicious,Malicious,0.9999982118606568
Malicious,Malicious,0.9999982118606568
Malicious,Malicious,0.9999985694885254
Malicious,Malicious,0.9999970197677612
Malicious,Malicious,0.9999982118606568
Malicious,Malicious,0.9999984502792358
Malicious,Malicious,0.9999982118606568
Malicious,Malicious,0.999998927116394
Malicious,Malicious,0.9999982118606568
Malicious,Malicious,0.9999972581863404
Malicious,Malicious,0.9999988079071044
Malicious,Malicious,0.999998927116394
Malicious,Malicious,0.9999974966049194
Malicious,Malicious,0.9999982118606568
Malicious,Malicious,0.9999988079071044
Malicious,Malicious,0.9999988079071044
Malicious,Malicious,0.9999986886978148
Malicious,Malicious,0.999998927116394
Malicious,Malicious,0.9999984502792358
Malicious,Malicious,0.9999996423721312
Malicious,Malicious,0.9999988079071044
Malicious,Malicious,0.9999988079071044
Malicious,Benign,0.0257163532078266
Malicious,Malicious,0.9999955892562866
Malicious,Malicious,0.9999984502792358
Malicious,Malicious,0.999998927116394
Malicious,Benign,0.0049844002351164
Malicious,Malicious,0.9999984502792358
Malicious,Malicious,0.9999982118606568
Malicious,Malicious,0.999997615814209
Malicious,Malicious,0.9999982118606568
Malicious,Malicious,0.9999988079071044
Malicious,Malicious,0.9999986886978148
Malicious,Malicious,0.9999986886978148
Malicious,Malicious,0.9999984502792358
Malicious,Malicious,0.9999985694885254
Malicious,Malicious,0.9999982118606568
Malicious,Malicious,0.9999988079071044
Malicious,Malicious,0.9999986886978148
Malicious,Malicious,0.9999991655349731
Malicious,Malicious,0.9999988079071044
Malicious,Malicious,0.9999986886978148
Malicious,Malicious,0.9999991655349731
Malicious,Malicious,0.999998927116394
Malicious,Malicious,0.9999988079071044
Malicious,Malicious,0.9999986886978148
Malicious,Malicious,0.9999990463256836
Malicious,Malicious,0.9999977350234984
Malicious,Malicious,0.9999984502792358
Malicious,Malicious,0.9999982118606568
Malicious,Malicious,0.9999984502792358
Malicious,Malicious,0.9999984502792358
Malicious,Malicious,0.9999988079071044
Malicious,Malicious,0.9999979734420776
Malicious,Malicious,0.999998927116394
Malicious,Malicious,0.9999983310699464
Malicious,Malicious,0.9999984502792358
Malicious,Malicious,0.9999982118606568
Malicious,Malicious,0.9999986886978148
Malicious,Malicious,0.999998927116394
Malicious,Malicious,0.9999984502792358
Malicious,Malicious,0.999998927116394
Malicious,Malicious,0.9999982118606568
Malicious,Malicious,0.9999991655349731
Malicious,Malicious,0.9999982118606568
Malicious,Malicious,0.9999986886978148
Malicious,Malicious,0.9999979734420776
Malicious,Malicious,0.9999984502792358
Malicious,Malicious,0.9999982118606568
Malicious,Malicious,0.9999986886978148
Malicious,Malicious,0.9999984502792358
Malicious,Malicious,0.9999982118606568
Malicious,Malicious,0.999997615814209
Malicious,Malicious,0.9999984502792358
Malicious,Malicious,0.9999986886978148
Malicious,Malicious,0.9999986886978148
Malicious,Malicious,0.9999982118606568
Malicious,Malicious,0.7391132116317749
Malicious,Malicious,0.999995231628418
Malicious,Malicious,0.9999986886978148
Malicious,Malicious,0.9999986886978148
Malicious,Malicious,0.9999994039535522
Malicious,Malicious,0.9999994039535522
Malicious,Malicious,0.9999986886978148
Malicious,Malicious,0.9999986886978148
Malicious,Malicious,0.999944806098938
Malicious,Malicious,0.9999988079071044
Malicious,Malicious,0.9999984502792358
Malicious,Malicious,0.9999982118606568
Malicious,Malicious,0.999998927116394
Malicious,Malicious,0.9999985694885254
Malicious,Malicious,0.9999985694885254
Malicious,Malicious,0.9999833106994628
Malicious,Malicious,0.9999982118606568
Malicious,Malicious,0.9999980926513672
Malicious,Malicious,0.9999988079071044
Malicious,Malicious,0.9999982118606568
Malicious,Malicious,0.9999984502792358
Malicious,Malicious,0.9999991655349731
Malicious,Malicious,0.9999988079071044
Malicious,Malicious,0.9999986886978148
Malicious,Malicious,0.9999992847442628
Malicious,Malicious,0.9999984502792358
Malicious,Malicious,0.9999982118606568
Malicious,Malicious,0.9999982118606568
Malicious,Malicious,0.9999977350234984
Malicious,Malicious,0.9999948740005492
Malicious,Malicious,0.9999982118606568
Malicious,Malicious,0.9999902248382568
Malicious,Malicious,0.9999979734420776
Malicious,Malicious,0.9999988079071044
Malicious,Malicious,0.9999982118606568
Malicious,Malicious,0.9999995231628418
Malicious,Malicious,0.9999984502792358
Malicious,Malicious,0.9999971389770508
Malicious,Malicious,0.9999984502792358
Malicious,Malicious,0.9999988079071044
Malicious,Malicious,0.9999984502792358
Malicious,Malicious,0.9999985694885254
Malicious,Malicious,0.9999988079071044
Malicious,Malicious,0.999998927116394
Malicious,Malicious,0.9999895095825196
Malicious,Malicious,0.9999986886978148
Malicious,Malicious,0.999998927116394
Malicious,Benign,0.0085731763392686
Malicious,Malicious,0.9999971389770508
Malicious,Malicious,0.9999924898147584
Malicious,Malicious,0.9999988079071044
Malicious,Malicious,0.9999655485153198
Malicious,Malicious,0.999996304512024
Malicious,Malicious,0.9999983310699464
Malicious,Malicious,0.9999986886978148
Malicious,Malicious,0.9999984502792358
Malicious,Malicious,0.9999988079071044
Malicious,Malicious,0.9999986886978148
Malicious,Malicious,0.9999979734420776
Malicious,Malicious,0.9999982118606568
Malicious,Malicious,0.9999947547912598
Malicious,Malicious,0.9999982118606568
Malicious,Benign,0.0004588713636621833
Malicious,Malicious,0.999998927116394
Malicious,Malicious,0.9999982118606568
Malicious,Malicious,0.9999982118606568
Malicious,Malicious,0.999980926513672
Malicious,Malicious,0.9999984502792358
Malicious,Malicious,0.9999979734420776
Malicious,Malicious,0.9999984502792358
Malicious,Malicious,0.999998927116394
Malicious,Malicious,0.9999986886978148
Malicious,Malicious,0.9999994039535522
Malicious,Malicious,0.9999984502792358
Malicious,Malicious,0.99999737739563
Malicious,Malicious,0.9999986886978148
Malicious,Malicious,0.999997854232788
Malicious,Malicious,0.9999984502792358
Malicious,Malicious,0.9999994039535522
Malicious,Malicious,0.99999737739563
Malicious,Malicious,0.9999688863754272
Malicious,Malicious,0.9999974966049194
Malicious,Malicious,0.9999983310699464
Malicious,Malicious,0.9999986886978148
Malicious,Malicious,0.9999986886978148
Malicious,Malicious,0.9999986886978148
Malicious,Malicious,0.9999986886978148
Malicious,Malicious,0.9999986886978148
Malicious,Malicious,0.9999986886978148
Malicious,Malicious,0.999997854232788
Malicious,Malicious,0.9999927282333374
Malicious,Malicious,0.9999979734420776
Malicious,Malicious,0.9999988079071044
Malicious,Malicious,0.9999984502792358
Malicious,Malicious,0.999997615814209
Malicious,Malicious,0.9999982118606568
Malicious,Malicious,0.999998927116394
Malicious,Malicious,0.9999961853027344
Malicious,Malicious,0.9999984502792358
Malicious,Malicious,0.9999947547912598
Malicious,Malicious,0.999996781349182
Malicious,Malicious,0.9999977350234984
Malicious,Malicious,0.9999980926513672
Malicious,Malicious,0.999998927116394
Malicious,Malicious,0.9999982118606568
Malicious,Malicious,0.999998927116394
Malicious,Benign,0.0009023959282785654
Malicious,Malicious,0.9999878406524658
Malicious,Malicious,0.9999986886978148
Malicious,Malicious,0.9999982118606568
Malicious,Malicious,0.9999984502792358
Malicious,Benign,0.025535587221384
Malicious,Malicious,0.9999674558639526
Malicious,Malicious,0.9999710321426392
Malicious,Malicious,0.999997854232788
Malicious,Malicious,0.9999980926513672
Malicious,Malicious,0.9999982118606568
Malicious,Malicious,0.9999985694885254
Malicious,Malicious,0.999997615814209
Malicious,Malicious,0.9999986886978148
Malicious,Malicious,0.9999935626983644
Malicious,Malicious,0.9999982118606568
Malicious,Malicious,0.9999988079071044
Malicious,Malicious,0.9999986886978148
Malicious,Malicious,0.9999982118606568
Malicious,Malicious,0.9999986886978148
Malicious,Malicious,0.9999986886978148
Malicious,Malicious,0.9999986886978148
Malicious,Malicious,0.999998927116394
Malicious,Malicious,0.9999982118606568
Malicious,Malicious,0.999992847442627
Malicious,Malicious,0.9999988079071044
Malicious,Malicious,0.9440234303474426
Malicious,Malicious,0.999997854232788
Malicious,Malicious,0.9999971389770508
Malicious,Malicious,0.9999982118606568
Malicious,Malicious,0.999998927116394
Malicious,Malicious,0.999998927116394
Malicious,Malicious,0.9999984502792358
Malicious,Malicious,0.9999986886978148
Malicious,Malicious,0.9999984502792358
Malicious,Malicious,0.9999986886978148
Malicious,Malicious,0.9999984502792358
Malicious,Malicious,0.9999982118606568
Malicious,Malicious,0.9999954700469972
Malicious,Malicious,0.9999982118606568
Malicious,Malicious,0.9999986886978148
Malicious,Benign,0.0487699918448925
Malicious,Malicious,0.9999988079071044
Malicious,Malicious,0.9999988079071044
Malicious,Malicious,0.9999982118606568
Malicious,Malicious,0.9999984502792358
Malicious,Malicious,0.9999982118606568
Malicious,Malicious,0.999995231628418
Malicious,Malicious,0.9999982118606568
Malicious,Malicious,0.9999986886978148
Malicious,Malicious,0.9999977350234984
Malicious,Malicious,0.9999986886978148
Malicious,Malicious,0.9999986886978148
Malicious,Malicious,0.9999986886978148
Malicious,Malicious,0.9999985694885254
Malicious,Malicious,0.9999984502792358
Malicious,Malicious,0.9999986886978148
Malicious,Malicious,0.9999984502792358
Malicious,Malicious,0.9999988079071044
Malicious,Malicious,0.9999982118606568
Malicious,Malicious,0.99999737739563
Malicious,Malicious,0.9999960660934448
Malicious,Malicious,0.9999982118606568
Malicious,Malicious,0.9999970197677612
Malicious,Malicious,0.9999982118606568
Malicious,Malicious,0.9999982118606568
Malicious,Malicious,0.999351680278778
Malicious,Malicious,0.9999988079071044
Malicious,Malicious,0.9999984502792358
Malicious,Malicious,0.999997854232788
Malicious,Malicious,0.9999984502792358
Malicious,Malicious,0.9999984502792358
Malicious,Malicious,0.999998927116394
Malicious,Malicious,0.9999986886978148
Malicious,Malicious,0.9999982118606568
Malicious,Malicious,0.9999834299087524
Malicious,Malicious,0.9999929666519164
Malicious,Malicious,0.9999992847442628
Malicious,Benign,0.0134057085961103
Malicious,Malicious,0.9999988079071044
Malicious,Malicious,0.9999979734420776
Malicious,Malicious,0.9999850988388062
Malicious,Malicious,0.999996781349182
Malicious,Malicious,0.9999977350234984
Malicious,Malicious,0.999998927116394
Malicious,Malicious,0.9999986886978148
Malicious,Malicious,0.999998927116394
Malicious,Malicious,0.9999954700469972
Malicious,Malicious,0.9999986886978148
Malicious,Malicious,0.9999982118606568
Malicious,Malicious,0.9999990463256836
Malicious,Malicious,0.9999982118606568
Malicious,Malicious,0.9999984502792358
Malicious,Malicious,0.9999984502792358
Malicious,Malicious,0.9999982118606568
Malicious,Malicious,0.9999983310699464
Malicious,Malicious,0.9999984502792358
Malicious,Malicious,0.9999896287918092
Malicious,Malicious,0.9999988079071044
Malicious,Malicious,0.9999985694885254
Malicious,Malicious,0.9999986886978148
Malicious,Malicious,0.9999982118606568
Malicious,Malicious,0.9999936819076538
Malicious,Malicious,0.9999988079071044
Malicious,Malicious,0.9999984502792358
Malicious,Malicious,0.9999935626983644
Malicious,Malicious,0.9999986886978148
Malicious,Malicious,0.9999984502792358
Malicious,Malicious,0.9999994039535522
Malicious,Malicious,0.9999979734420776
Malicious,Malicious,0.9999983310699464
Malicious,Malicious,0.9999979734420776
Malicious,Malicious,0.9999988079071044
Malicious,Malicious,0.9999986886978148
Malicious,Malicious,0.999998927116394
Malicious,Malicious,0.9999979734420776
Malicious,Malicious,0.9999979734420776
Malicious,Malicious,0.9999910593032836
Malicious,Malicious,0.9999988079071044
Malicious,Malicious,0.9999986886978148
Malicious,Malicious,0.9999982118606568
Malicious,Malicious,0.999997854232788
Malicious,Malicious,0.999998927116394
Malicious,Malicious,0.9999982118606568
Malicious,Malicious,0.9999982118606568
Malicious,Malicious,0.9999988079071044
Malicious,Malicious,0.9999982118606568
Malicious,Malicious,0.9999982118606568
Malicious,Malicious,0.999997615814209
Malicious,Malicious,0.999998927116394
Malicious,Malicious,0.9999984502792358
Malicious,Malicious,0.9999982118606568
Malicious,Malicious,0.9999972581863404
Malicious,Malicious,0.9999980926513672
Malicious,Malicious,0.9999984502792358
Malicious,Malicious,0.9999986886978148
Malicious,Malicious,0.999998927116394
Malicious,Malicious,0.9999982118606568
Malicious,Malicious,0.9999984502792358
Malicious,Malicious,0.9999986886978148
Malicious,Malicious,0.9999988079071044
Malicious,Malicious,0.9999979734420776
Malicious,Malicious,0.9999974966049194
Malicious,Malicious,0.9999984502792358
Malicious,Malicious,0.9999982118606568
Malicious,Malicious,0.9999984502792358
Malicious,Malicious,0.9999984502792358
Malicious,Malicious,0.999997854232788
Malicious,Malicious,0.9999969005584716
Malicious,Malicious,0.9999982118606568
Malicious,Malicious,0.9999984502792358
Malicious,Malicious,0.9999986886978148
Malicious,Malicious,0.9999988079071044
Malicious,Malicious,0.999998927116394
Malicious,Malicious,0.999996304512024
Malicious,Malicious,0.9999991655349731
Malicious,Malicious,0.9999988079071044
Malicious,Malicious,0.999998927116394
Malicious,Malicious,0.9999984502792358
Malicious,Malicious,0.9999974966049194
Malicious,Malicious,0.9999953508377076
Malicious,Malicious,0.9999985694885254
Malicious,Malicious,0.9999988079071044
Malicious,Malicious,0.999998927116394
Malicious,Malicious,0.999993085861206
Malicious,Malicious,0.9999841451644896
Malicious,Malicious,0.9999988079071044
Malicious,Malicious,0.9999992847442628
Malicious,Malicious,0.9999985694885254
Malicious,Malicious,0.855918288230896
Malicious,Malicious,0.9999980926513672
Malicious,Malicious,0.9999974966049194
Malicious,Malicious,0.9999982118606568
Malicious,Malicious,0.999998927116394
Malicious,Malicious,0.9999982118606568
Malicious,Malicious,0.9999986886978148
Malicious,Malicious,0.9999988079071044
Malicious,Malicious,0.9999796152114868
Malicious,Malicious,0.9999971389770508
Malicious,Malicious,0.9999979734420776
Malicious,Malicious,0.9999982118606568
Malicious,Malicious,0.9999912977218628
Malicious,Malicious,0.999998927116394
Malicious,Malicious,0.9999991655349731
Malicious,Malicious,0.9999984502792358
Malicious,Malicious,0.9999986886978148
Malicious,Malicious,0.9999988079071044
Malicious,Malicious,0.9999984502792358
Malicious,Malicious,0.9999988079071044
Malicious,Malicious,0.9999984502792358
Malicious,Malicious,0.9999988079071044
Malicious,Malicious,0.9999986886978148
Malicious,Malicious,0.9999985694885254
Malicious,Malicious,0.9999986886978148
Malicious,Malicious,0.99999737739563
Malicious,Malicious,0.9999986886978148
Malicious,Malicious,0.9999984502792358
Malicious,Malicious,0.9999982118606568
Malicious,Malicious,0.9999991655349731
Malicious,Malicious,0.9999986886978148
Malicious,Malicious,0.9999830722808838
Malicious,Malicious,0.9999988079071044
Malicious,Malicious,0.9999984502792358
Malicious,Malicious,0.9999982118606568
Malicious,Malicious,0.9999986886978148
Malicious,Malicious,0.9999985694885254
Malicious,Malicious,0.9999982118606568
Malicious,Malicious,0.9999982118606568
Malicious,Malicious,0.9999960660934448
Malicious,Malicious,0.9999992847442628
Malicious,Malicious,0.9999970197677612
Malicious,Malicious,0.9999982118606568
Malicious,Malicious,0.9999984502792358
Malicious,Malicious,0.9999988079071044
Malicious,Malicious,0.9999988079071044
Malicious,Malicious,0.9999985694885254
Malicious,Malicious,0.9999758005142212
Malicious,Malicious,0.9999996423721312
Malicious,Malicious,0.9999983310699464
Malicious,Malicious,0.9999747276306152
Malicious,Malicious,0.9999982118606568
Malicious,Benign,0.0002771826693788171
Malicious,Malicious,0.9999984502792358
Malicious,Malicious,0.9999986886978148
Malicious,Malicious,0.9999982118606568
Malicious,Malicious,0.999998927116394
Malicious,Benign,0.0024782468099147
Malicious,Malicious,0.9976354837417604
Malicious,Malicious,0.9999983310699464
Malicious,Malicious,0.9999982118606568
Malicious,Malicious,0.9999986886978148
Malicious,Malicious,0.9999986886978148
Malicious,Malicious,0.999997854232788
Malicious,Malicious,0.9999972581863404
Malicious,Malicious,0.9999984502792358
Malicious,Malicious,0.9999988079071044
Malicious,Malicious,0.9999830722808838
Malicious,Malicious,0.9999715089797974
Malicious,Malicious,0.9999983310699464
Malicious,Malicious,0.9999982118606568
Malicious,Malicious,0.9999971389770508
Malicious,Malicious,0.9999971389770508
Malicious,Malicious,0.9999988079071044
Malicious,Malicious,0.9999983310699464
Malicious,Malicious,0.9999982118606568
Malicious,Malicious,0.9999741315841676
Malicious,Malicious,0.9999982118606568
Malicious,Malicious,0.9999972581863404
Malicious,Malicious,0.9999988079071044
Malicious,Malicious,0.9999078512191772
Malicious,Malicious,0.9999908208847046
Malicious,Malicious,0.9999988079071044
Malicious,Malicious,0.9999614953994752
Malicious,Malicious,0.9999986886978148
Malicious,Malicious,0.9999986886978148
Malicious,Malicious,0.999996781349182
Malicious,Malicious,0.9999984502792358
Malicious,Malicious,0.9999988079071044
Malicious,Malicious,0.999997854232788
Malicious,Malicious,0.9999971389770508
Malicious,Malicious,0.999998927116394
Malicious,Malicious,0.9999988079071044
Malicious,Malicious,0.9999971389770508
Malicious,Malicious,0.9999982118606568
Malicious,Malicious,0.9999984502792358
Malicious,Malicious,0.9999984502792358
Malicious,Malicious,0.9999991655349731
Malicious,Malicious,0.9999974966049194
Malicious,Malicious,0.999997615814209
Malicious,Malicious,0.9999982118606568
Malicious,Malicious,0.9999988079071044
Malicious,Malicious,0.9999977350234984
Malicious,Malicious,0.9999982118606568
Malicious,Malicious,0.9999984502792358
Malicious,Benign,0.0150822373107075
Malicious,Benign,0.082039751112461
Malicious,Malicious,0.999998927116394
Malicious,Benign,0.0041382457129657
Malicious,Malicious,0.9999984502792358
Malicious,Benign,0.0793823674321174
Malicious,Malicious,0.999997615814209
Malicious,Malicious,0.9999994039535522
Malicious,Malicious,0.999998927116394
Malicious,Malicious,0.9999988079071044
Malicious,Malicious,0.9999938011169434
Malicious,Malicious,0.9999986886978148
Malicious,Malicious,0.9999983310699464
Malicious,Malicious,0.9999988079071044
Malicious,Malicious,0.9999977350234984
Malicious,Malicious,0.9999935626983644
Malicious,Malicious,0.9999990463256836
Malicious,Malicious,0.9999991655349731
Malicious,Malicious,0.999985933303833
Malicious,Malicious,0.9999982118606568
Malicious,Malicious,0.9999936819076538
Malicious,Malicious,0.9999992847442628
Malicious,Malicious,0.9999979734420776
Malicious,Malicious,0.9999982118606568
Malicious,Malicious,0.9999988079071044
Malicious,Malicious,0.9999982118606568
Malicious,Malicious,0.9999982118606568
Malicious,Malicious,0.999998927116394
Malicious,Malicious,0.9999988079071044
Malicious,Malicious,0.9999992847442628
Malicious,Malicious,0.9999988079071044
Malicious,Malicious,0.9999986886978148
Malicious,Malicious,0.9999982118606568
Malicious,Malicious,0.999997854232788
Malicious,Malicious,0.9999983310699464
Malicious,Malicious,0.9999984502792358
Malicious,Malicious,0.999998927116394
Malicious,Malicious,0.999998927116394
Malicious,Malicious,0.9999988079071044
Malicious,Malicious,0.9999988079071044
Malicious,Malicious,0.9999982118606568
Malicious,Malicious,0.9999984502792358
Malicious,Malicious,0.999997854232788
Malicious,Malicious,0.9999988079071044
Malicious,Malicious,0.9999974966049194
Malicious,Benign,0.1648197472095489
Malicious,Malicious,0.9999982118606568
Malicious,Malicious,0.9999982118606568
Malicious,Malicious,0.9999986886978148
Malicious,Malicious,0.999998927116394
Malicious,Malicious,0.9999982118606568
Malicious,Malicious,0.999996304512024
Malicious,Malicious,0.9999982118606568
Malicious,Malicious,0.9999979734420776
Malicious,Malicious,0.9999982118606568
Malicious,Malicious,0.9999986886978148
Malicious,Malicious,0.9999982118606568
Malicious,Malicious,0.9999991655349731
Malicious,Malicious,0.9999988079071044
Malicious,Malicious,0.9999984502792358
Malicious,Malicious,0.9999971389770508
Malicious,Malicious,0.9999991655349731
Malicious,Malicious,0.999997854232788
Malicious,Malicious,0.9999983310699464
Malicious,Malicious,0.9999971389770508
Malicious,Malicious,0.999998927116394
Malicious,Malicious,0.9999982118606568
Malicious,Malicious,0.999997854232788
Malicious,Malicious,0.9999988079071044
Malicious,Malicious,0.9999982118606568
Malicious,Malicious,0.9999843835830688
Malicious,Malicious,0.9999982118606568
Malicious,Malicious,0.9999986886978148
Malicious,Malicious,0.999998927116394
Malicious,Malicious,0.9999982118606568
Malicious,Malicious,0.9999969005584716
Malicious,Malicious,0.9999986886978148
Malicious,Malicious,0.9999982118606568
Malicious,Malicious,0.9999979734420776
Malicious,Malicious,0.9999984502792358
Malicious,Malicious,0.9999991655349731
Malicious,Malicious,0.999998927116394
Malicious,Malicious,0.999942183494568
Malicious,Malicious,0.999984622001648
Malicious,Malicious,0.9999986886978148
Malicious,Malicious,0.9999912977218628
Malicious,Malicious,0.9999986886978148
Malicious,Malicious,0.9999984502792358
Malicious,Malicious,0.999997854232788
Malicious,Malicious,0.9999986886978148
Malicious,Malicious,0.999996542930603
Malicious,Malicious,0.9999982118606568
Malicious,Malicious,0.9999980926513672
Malicious,Malicious,0.999998927116394
Malicious,Malicious,0.9999984502792358
Malicious,Malicious,0.999995231628418
Malicious,Malicious,0.9999988079071044
Malicious,Malicious,0.999998927116394
Malicious,Malicious,0.9999982118606568
Malicious,Malicious,0.9999986886978148
Malicious,Malicious,0.9999984502792358
Malicious,Malicious,0.9999984502792358
Malicious,Malicious,0.9999982118606568
Malicious,Malicious,0.99997079372406
Malicious,Malicious,0.9999971389770508
Malicious,Malicious,0.999998927116394
Malicious,Malicious,0.9999984502792358
Malicious,Malicious,0.9999954700469972
Malicious,Malicious,0.9999986886978148
Malicious,Malicious,0.999998927116394
Malicious,Malicious,0.999998927116394
Malicious,Malicious,0.9999982118606568
Malicious,Malicious,0.9999986886978148
Malicious,Malicious,0.999998927116394
Malicious,Malicious,0.9999971389770508
Malicious,Malicious,0.9999986886978148
Malicious,Malicious,0.999997854232788
Malicious,Malicious,0.9999864101409912
Malicious,Malicious,0.9999983310699464
Malicious,Malicious,0.999997615814209
Malicious,Malicious,0.9999982118606568
Malicious,Malicious,0.9999986886978148
Malicious,Malicious,0.9999986886978148
Malicious,Malicious,0.9999916553497314
Malicious,Malicious,0.9999983310699464
Malicious,Malicious,0.9999986886978148
Malicious,Malicious,0.9999979734420776
Malicious,Malicious,0.9999992847442628
Malicious,Malicious,0.999998927116394
Malicious,Malicious,0.9999988079071044
Malicious,Malicious,0.999996781349182
Malicious,Malicious,0.9999988079071044
Malicious,Malicious,0.5299021601676941
Malicious,Malicious,0.9999988079071044
Malicious,Malicious,0.9999984502792358
Malicious,Malicious,0.9999982118606568
Malicious,Malicious,0.9999986886978148
Malicious,Malicious,0.9999982118606568
Malicious,Malicious,0.9999964237213136
Malicious,Malicious,0.9999988079071044
Malicious,Malicious,0.9999679327011108
Malicious,Malicious,0.9999974966049194
Malicious,Malicious,0.9999982118606568
Malicious,Malicious,0.9999986886978148
Malicious,Malicious,0.9999982118606568
Malicious,Malicious,0.9999977350234984
Malicious,Malicious,0.9999982118606568
Malicious,Malicious,0.9999988079071044
Malicious,Malicious,0.9999984502792358
Malicious,Malicious,0.9999988079071044
Malicious,Malicious,0.9999984502792358
Malicious,Malicious,0.9999982118606568
Malicious,Malicious,0.9999988079071044
Malicious,Malicious,0.999990940093994
Malicious,Malicious,0.999998927116394
Malicious,Malicious,0.9999986886978148
Malicious,Malicious,0.9999982118606568
Malicious,Malicious,0.9999986886978148
Malicious,Malicious,0.9999982118606568
Malicious,Malicious,0.9999958276748656
Malicious,Malicious,0.9999986886978148
Malicious,Malicious,0.999998927116394
Malicious,Malicious,0.9999991655349731
Malicious,Malicious,0.9999983310699464
Malicious,Malicious,0.9999996423721312
Malicious,Malicious,0.9999985694885254
Malicious,Malicious,0.9999986886978148
Malicious,Malicious,0.9999983310699464
Malicious,Malicious,0.999954104423523
Malicious,Malicious,0.9999979734420776
Malicious,Malicious,0.999998927116394
Malicious,Malicious,0.9999986886978148
Malicious,Malicious,0.999998927116394
Malicious,Malicious,0.9999986886978148
Malicious,Malicious,0.9999986886978148
Malicious,Malicious,0.9999988079071044
Malicious,Malicious,0.999998927116394
Malicious,Malicious,0.9999990463256836
Malicious,Malicious,0.9999988079071044
Malicious,Malicious,0.9999896287918092
Malicious,Malicious,0.9999982118606568
Malicious,Malicious,0.9999988079071044
Malicious,Malicious,0.9999971389770508
Malicious,Malicious,0.999996304512024
Malicious,Malicious,0.9999986886978148
Malicious,Malicious,0.9999984502792358
Malicious,Malicious,0.9999986886978148
Malicious,Malicious,0.9999982118606568
Malicious,Malicious,0.9999982118606568
Malicious,Malicious,0.9999983310699464
Malicious,Malicious,0.9999986886978148
Malicious,Malicious,0.9999984502792358
Malicious,Malicious,0.9999986886978148
Malicious,Malicious,0.9999982118606568
Malicious,Malicious,0.9999988079071044
Malicious,Malicious,0.9999984502792358
Malicious,Malicious,0.9999985694885254
Malicious,Malicious,0.9999988079071044
Malicious,Malicious,0.9999982118606568
Malicious,Malicious,0.9999984502792358
Malicious,Malicious,0.9999984502792358
Malicious,Malicious,0.9999971389770508
Malicious,Malicious,0.9999984502792358
Malicious,Malicious,0.9999986886978148
Malicious,Malicious,0.9999988079071044
Malicious,Malicious,0.9999984502792358
Malicious,Malicious,0.9999986886978148
Malicious,Malicious,0.9999982118606568
Malicious,Malicious,0.9999988079071044
Malicious,Malicious,0.9999996423721312
Malicious,Malicious,0.9999988079071044
Malicious,Malicious,0.9999982118606568
Malicious,Malicious,0.999997854232788
Malicious,Malicious,0.9999994039535522
Malicious,Malicious,0.9999982118606568
Malicious,Malicious,0.9999982118606568
Malicious,Malicious,0.9999984502792358
Malicious,Malicious,0.9999984502792358
Malicious,Malicious,0.9999984502792358
Malicious,Malicious,0.9999988079071044
Malicious,Malicious,0.9999994039535522
Malicious,Malicious,0.9981939196586608
Malicious,Malicious,0.9999988079071044
Malicious,Malicious,0.999997854232788
Malicious,Malicious,0.9999932050704956
Malicious,Malicious,0.9999935626983644
Malicious,Malicious,0.9999984502792358
Malicious,Malicious,0.99999737739563
Malicious,Malicious,0.9999984502792358
Malicious,Malicious,0.9999982118606568
Malicious,Malicious,0.9999986886978148
Malicious,Malicious,0.9999984502792358
Malicious,Malicious,0.9999982118606568
Malicious,Malicious,0.9999988079071044
Malicious,Malicious,0.9999983310699464
Malicious,Malicious,0.9999984502792358
Malicious,Malicious,0.9999982118606568
Malicious,Malicious,0.9999982118606568
Malicious,Malicious,0.9999988079071044
Malicious,Malicious,0.999998927116394
Malicious,Malicious,0.9999994039535522
Malicious,Malicious,0.9999984502792358
Malicious,Malicious,0.999988317489624
Malicious,Malicious,0.9999949932098388
Malicious,Malicious,0.9999984502792358
Malicious,Malicious,0.9999991655349731
Malicious,Malicious,0.9999992847442628
Malicious,Malicious,0.9999984502792358
Malicious,Malicious,0.9999986886978148
Malicious,Malicious,0.9999984502792358
Malicious,Malicious,0.999974250793457
Malicious,Malicious,0.9999982118606568
Malicious,Malicious,0.9999986886978148
Malicious,Malicious,0.9999966621398926
Malicious,Malicious,0.9999984502792358
Malicious,Malicious,0.9999982118606568
Malicious,Malicious,0.9999982118606568
Malicious,Malicious,0.9999912977218628
Malicious,Malicious,0.9999977350234984
Malicious,Malicious,0.9999986886978148
Malicious,Malicious,0.9999966621398926
Malicious,Malicious,0.9999982118606568
Malicious,Malicious,0.9999982118606568
Malicious,Malicious,0.9999982118606568
Malicious,Malicious,0.9999984502792358
Malicious,Malicious,0.999943733215332
Malicious,Malicious,0.9999986886978148
Malicious,Malicious,0.9999982118606568
Malicious,Malicious,0.9999982118606568
Malicious,Benign,0.1053934022784233
Malicious,Malicious,0.9999984502792358
Malicious,Malicious,0.9999984502792358
Malicious,Malicious,0.9999988079071044
Malicious,Malicious,0.9999982118606568
Malicious,Malicious,0.9999984502792358
Malicious,Malicious,0.99999737739563
Malicious,Malicious,0.9999983310699464
Malicious,Malicious,0.9999675750732422
Malicious,Malicious,0.9999982118606568
Malicious,Malicious,0.9999977350234984
Malicious,Malicious,0.9999977350234984
Malicious,Malicious,0.9999983310699464
Malicious,Malicious,0.9999991655349731
Malicious,Malicious,0.9999992847442628
Malicious,Malicious,0.9999966621398926
Malicious,Malicious,0.9999988079071044
Malicious,Malicious,0.9999983310699464
Malicious,Malicious,0.9999984502792358
Malicious,Malicious,0.9999988079071044
Malicious,Malicious,0.9999988079071044
Malicious,Malicious,0.9999992847442628
Malicious,Malicious,0.9999984502792358
Malicious,Malicious,0.9999984502792358
Malicious,Malicious,0.9999988079071044
Malicious,Malicious,0.9999986886978148
Malicious,Malicious,0.9999984502792358
Malicious,Malicious,0.9999982118606568
Malicious,Benign,0.026956183835864
Malicious,Malicious,0.999998927116394
Malicious,Malicious,0.9999983310699464
Malicious,Malicious,0.9999945163726808
Malicious,Malicious,0.9999982118606568
Malicious,Malicious,0.9999988079071044
Malicious,Malicious,0.9999986886978148
Malicious,Malicious,0.9999986886978148
Malicious,Malicious,0.9999988079071044
Malicious,Malicious,0.9999974966049194
Malicious,Malicious,0.9999982118606568
Malicious,Malicious,0.9999986886978148
Malicious,Malicious,0.9999886751174928
Malicious,Malicious,0.9999895095825196
Malicious,Malicious,0.9999982118606568
Malicious,Malicious,0.9999985694885254
Malicious,Malicious,0.999987244606018
Malicious,Malicious,0.9999982118606568
Malicious,Malicious,0.9999991655349731
Malicious,Malicious,0.9999986886978148
Malicious,Malicious,0.9999984502792358
Malicious,Malicious,0.9999991655349731
Malicious,Malicious,0.999998927116394
Malicious,Malicious,0.9999982118606568
Malicious,Malicious,0.9999982118606568
Malicious,Malicious,0.9999969005584716
Malicious,Malicious,0.9999988079071044
Malicious,Malicious,0.9999986886978148
Malicious,Malicious,0.9999979734420776
Malicious,Malicious,0.9999982118606568
Malicious,Malicious,0.9999982118606568
Malicious,Malicious,0.9999982118606568
Malicious,Malicious,0.9999986886978148
Malicious,Malicious,0.999997615814209
Malicious,Malicious,0.9999985694885254
Malicious,Malicious,0.999997615814209
Malicious,Malicious,0.9999948740005492
Malicious,Malicious,0.9999984502792358
Malicious,Malicious,0.9999986886978148
Malicious,Malicious,0.9999988079071044
Malicious,Malicious,0.9999988079071044
Malicious,Malicious,0.9999994039535522
Malicious,Malicious,0.9999972581863404
Malicious,Malicious,0.99999737739563
Malicious,Malicious,0.9999988079071044
Malicious,Malicious,0.9999982118606568
Malicious,Malicious,0.9999986886978148
Malicious,Malicious,0.9999992847442628
Malicious,Malicious,0.9520113468170166
Malicious,Malicious,0.9999985694885254
Malicious,Malicious,0.9999983310699464
Malicious,Malicious,0.9999988079071044
Malicious,Malicious,0.999996542930603
Malicious,Malicious,0.999998927116394
Malicious,Malicious,0.9999982118606568
Malicious,Malicious,0.9999988079071044
Malicious,Malicious,0.9999984502792358
Malicious,Malicious,0.9999992847442628
Malicious,Malicious,0.9999984502792358
Malicious,Malicious,0.9999991655349731
Malicious,Malicious,0.999996781349182
Malicious,Malicious,0.999997854232788
Malicious,Malicious,0.999997854232788
Malicious,Malicious,0.9999971389770508
Malicious,Malicious,0.9999986886978148
Malicious,Benign,0.0649778395891189
Malicious,Malicious,0.9999986886978148
Malicious,Malicious,0.9999971389770508
Malicious,Malicious,0.9999982118606568
Malicious,Malicious,0.9999982118606568
Malicious,Malicious,0.9999982118606568
Malicious,Malicious,0.9999992847442628
Malicious,Malicious,0.9999982118606568
Malicious,Malicious,0.9999982118606568
Malicious,Malicious,0.9999986886978148
Malicious,Malicious,0.99999737739563
Malicious,Malicious,0.9999983310699464
Malicious,Malicious,0.9999984502792358
Malicious,Malicious,0.9999986886978148
Malicious,Malicious,0.9999827146530152
Malicious,Malicious,0.9999985694885254
Malicious,Malicious,0.9999982118606568
Malicious,Malicious,0.9999986886978148
Malicious,Malicious,0.9999986886978148
Malicious,Malicious,0.9999986886978148
Malicious,Malicious,0.9999977350234984
Malicious,Malicious,0.9999991655349731
Malicious,Malicious,0.9999974966049194
Malicious,Malicious,0.9999984502792358
Malicious,Malicious,0.9999971389770508
Malicious,Malicious,0.9999986886978148
Malicious,Malicious,0.9999988079071044
Malicious,Malicious,0.9999983310699464
Malicious,Malicious,0.9999979734420776
Malicious,Benign,0.0008535509696230292
Malicious,Malicious,0.9999979734420776
Malicious,Malicious,0.9999988079071044
Malicious,Malicious,0.9999984502792358
Malicious,Malicious,0.9999971389770508
Malicious,Malicious,0.9999991655349731
Malicious,Malicious,0.9999988079071044
Malicious,Malicious,0.9999986886978148
Malicious,Malicious,0.9999982118606568
Malicious,Malicious,0.999952793121338
Malicious,Malicious,0.9999922513961792
Malicious,Malicious,0.9999986886978148
Malicious,Malicious,0.9999983310699464
Malicious,Malicious,0.9999988079071044
Malicious,Malicious,0.9999971389770508
Malicious,Malicious,0.9999992847442628
Malicious,Malicious,0.9999988079071044
Malicious,Malicious,0.9999984502792358
Malicious,Malicious,0.9999984502792358
Malicious,Malicious,0.999997615814209
Malicious,Malicious,0.9999982118606568
Malicious,Malicious,0.9999988079071044
Malicious,Malicious,0.9999988079071044
Malicious,Malicious,0.9999988079071044
Malicious,Malicious,0.9999849796295166
Malicious,Malicious,0.9999986886978148
Malicious,Malicious,0.9999984502792358
Malicious,Malicious,0.9999984502792358
Malicious,Malicious,0.9999984502792358
Malicious,Malicious,0.9999974966049194
Malicious,Malicious,0.9999984502792358
Malicious,Malicious,0.9999982118606568
Malicious,Malicious,0.9993109703063964
Malicious,Malicious,0.9999988079071044
Malicious,Malicious,0.99999737739563
Malicious,Malicious,0.9999986886978148
Malicious,Malicious,0.9999984502792358
Malicious,Malicious,0.99998939037323
Malicious,Malicious,0.9999988079071044
Malicious,Malicious,0.9999974966049194
Malicious,Malicious,0.9999984502792358
Malicious,Malicious,0.9999001026153564
Malicious,Malicious,0.9999988079071044
Malicious,Malicious,0.9999982118606568
Malicious,Malicious,0.9999986886978148
Malicious,Malicious,0.9999982118606568
Malicious,Malicious,0.9999982118606568
Malicious,Malicious,0.9999984502792358
Malicious,Malicious,0.999998927116394
Malicious,Malicious,0.9999979734420776
Malicious,Malicious,0.9999914169311525
Malicious,Malicious,0.9999943971633912
Malicious,Malicious,0.9999982118606568
Malicious,Malicious,0.9999982118606568
Malicious,Malicious,0.9999984502792358
Malicious,Malicious,0.9999945163726808
Malicious,Malicious,0.999998927116394
Malicious,Malicious,0.9999991655349731
Malicious,Malicious,0.9999984502792358
Malicious,Malicious,0.9999984502792358
Malicious,Malicious,0.999996304512024
Malicious,Malicious,0.9999986886978148
Malicious,Malicious,0.9999982118606568
Malicious,Malicious,0.9999216794967652
Malicious,Malicious,0.9999988079071044
Malicious,Malicious,0.9999953508377076
Malicious,Malicious,0.9999984502792358
Malicious,Malicious,0.9999984502792358
Malicious,Malicious,0.9999988079071044
Malicious,Malicious,0.9999982118606568
Malicious,Malicious,0.9999986886978148
Malicious,Malicious,0.999996304512024
Malicious,Malicious,0.9999966621398926
Malicious,Malicious,0.9999830722808838
Malicious,Malicious,0.999996304512024
Malicious,Malicious,0.9999982118606568
Malicious,Malicious,0.9999980926513672
Malicious,Malicious,0.9999988079071044
Malicious,Malicious,0.9999986886978148
Malicious,Malicious,0.9999984502792358
Malicious,Malicious,0.999998927116394
Malicious,Malicious,0.9999982118606568
Malicious,Malicious,0.9999988079071044
Malicious,Malicious,0.9999982118606568
Malicious,Malicious,0.999998927116394
Malicious,Malicious,0.9999985694885254
Malicious,Malicious,0.9999988079071044
Malicious,Malicious,0.9999982118606568
Malicious,Malicious,0.9999982118606568
Malicious,Malicious,0.9999986886978148
Malicious,Malicious,0.9999982118606568
Malicious,Malicious,0.9999237060546876
Malicious,Benign,0.0021755332127213
Malicious,Malicious,0.9999986886978148
Malicious,Malicious,0.9999986886978148
Malicious,Malicious,0.999997854232788
Malicious,Malicious,0.9999979734420776
Malicious,Malicious,0.9999982118606568
Malicious,Malicious,0.9999988079071044
Malicious,Malicious,0.9999988079071044
Malicious,Malicious,0.99996018409729
Malicious,Malicious,0.9999912977218628
Malicious,Malicious,0.9999986886978148
Malicious,Malicious,0.9999988079071044
Malicious,Malicious,0.9999986886978148
Malicious,Malicious,0.9999984502792358
Malicious,Malicious,0.9999988079071044
Malicious,Malicious,0.999995231628418
Malicious,Malicious,0.99999737739563
Malicious,Malicious,0.9999988079071044
Malicious,Malicious,0.999997615814209
Malicious,Malicious,0.9999984502792358
Malicious,Malicious,0.999998927116394
Malicious,Malicious,0.999952793121338
Malicious,Malicious,0.9999992847442628
Malicious,Malicious,0.9999982118606568
Malicious,Malicious,0.9999986886978148
Malicious,Malicious,0.9999986886978148
Malicious,Malicious,0.9999980926513672
Malicious,Malicious,0.9999988079071044
Malicious,Malicious,0.9999984502792358
Malicious,Malicious,0.9999984502792358
Malicious,Malicious,0.9999983310699464
Malicious,Malicious,0.9999986886978148
Malicious,Malicious,0.9999949932098388
Malicious,Malicious,0.9999988079071044
Malicious,Malicious,0.999996781349182
Malicious,Malicious,0.9999988079071044
Malicious,Malicious,0.9999979734420776
Malicious,Malicious,0.9999984502792358
Malicious,Malicious,0.9999984502792358
Malicious,Malicious,0.9999912977218628
Malicious,Malicious,0.9999949932098388
Malicious,Malicious,0.9999823570251464
Malicious,Malicious,0.9999988079071044
Malicious,Malicious,0.9999979734420776
Malicious,Malicious,0.9999986886978148
Malicious,Malicious,0.9999986886978148
Malicious,Malicious,0.9999948740005492
Malicious,Malicious,0.9999984502792358
Malicious,Malicious,0.9999984502792358
Malicious,Malicious,0.9999982118606568
Malicious,Malicious,0.9999984502792358
Malicious,Malicious,0.9999988079071044
Malicious,Malicious,0.999998927116394
Malicious,Malicious,0.9999984502792358
Malicious,Malicious,0.9999991655349731
Malicious,Malicious,0.9999982118606568
Malicious,Malicious,0.9999982118606568
Malicious,Malicious,0.999998927116394
Malicious,Malicious,0.99999737739563
Malicious,Malicious,0.9999988079071044
Malicious,Malicious,0.9999979734420776
Malicious,Malicious,0.99999737739563
Malicious,Malicious,0.9999990463256836
Malicious,Malicious,0.9999982118606568
Malicious,Malicious,0.999998927116394
Malicious,Malicious,0.9999988079071044
Malicious,Malicious,0.999998927116394
Malicious,Malicious,0.9999988079071044
Malicious,Malicious,0.9999991655349731
Malicious,Malicious,0.9999986886978148
Malicious,Malicious,0.9999986886978148
Malicious,Malicious,0.9999982118606568
Malicious,Malicious,0.9999982118606568
Malicious,Malicious,0.9999986886978148
Malicious,Malicious,0.9999984502792358
Malicious,Malicious,0.9999977350234984
Malicious,Malicious,0.9980186223983764
Malicious,Malicious,0.9999984502792358
Malicious,Malicious,0.9999972581863404
Malicious,Malicious,0.9999969005584716
Malicious,Malicious,0.9999984502792358
Malicious,Malicious,0.9999982118606568
Malicious,Malicious,0.9999982118606568
Malicious,Malicious,0.9999988079071044
Malicious,Malicious,0.9999986886978148
Malicious,Malicious,0.9999982118606568
Malicious,Malicious,0.9999954700469972
Malicious,Malicious,0.981097936630249
Malicious,Malicious,0.9999982118606568
Malicious,Malicious,0.999998927116394
Malicious,Malicious,0.9999982118606568
Malicious,Malicious,0.9999982118606568
Malicious,Malicious,0.9999982118606568
Malicious,Malicious,0.9999982118606568
Malicious,Malicious,0.9999971389770508
Malicious,Malicious,0.999998927116394
Malicious,Malicious,0.9999953508377076
Malicious,Malicious,0.9999986886978148
Malicious,Malicious,0.9999988079071044
Malicious,Malicious,0.999998927116394
Malicious,Malicious,0.999998927116394
Malicious,Malicious,0.9999990463256836
Malicious,Malicious,0.9999982118606568
Malicious,Malicious,0.9999687671661376
Malicious,Malicious,0.9999991655349731
Malicious,Malicious,0.9999982118606568
Malicious,Malicious,0.9999988079071044
Malicious,Malicious,0.9999991655349731
Malicious,Malicious,0.9999988079071044
Malicious,Malicious,0.9999984502792358
Malicious,Malicious,0.999997854232788
Malicious,Malicious,0.9999982118606568
Malicious,Malicious,0.999998927116394
Malicious,Malicious,0.9999979734420776
Malicious,Malicious,0.9999984502792358
Malicious,Malicious,0.9999984502792358
Malicious,Malicious,0.9999986886978148
Malicious,Malicious,0.9999986886978148
Malicious,Malicious,0.9999982118606568
Malicious,Malicious,0.9999988079071044
Malicious,Malicious,0.999998927116394
Malicious,Malicious,0.9999988079071044
Malicious,Malicious,0.9999979734420776
Malicious,Malicious,0.999996542930603
Malicious,Malicious,0.999996781349182
Malicious,Malicious,0.9999991655349731
Malicious,Malicious,0.9999984502792358
Malicious,Malicious,0.9999878406524658
Malicious,Malicious,0.999996542930603
Malicious,Malicious,0.9999972581863404
Malicious,Malicious,0.999998927116394
Malicious,Malicious,0.9999948740005492
Malicious,Malicious,0.999998927116394
Malicious,Malicious,0.9999912977218628
Malicious,Malicious,0.9999988079071044
Malicious,Malicious,0.99999737739563
Malicious,Malicious,0.9999936819076538
Malicious,Malicious,0.9999979734420776
Malicious,Malicious,0.5633413195610046
Malicious,Malicious,0.9999984502792358
Malicious,Malicious,0.9999991655349731
Malicious,Malicious,0.9999966621398926
Malicious,Malicious,0.9999994039535522
Malicious,Malicious,0.999974012374878
Malicious,Malicious,0.9999970197677612
Malicious,Malicious,0.999998927116394
Malicious,Malicious,0.9999912977218628
Malicious,Malicious,0.9999974966049194
Malicious,Malicious,0.9999984502792358
Malicious,Malicious,0.9999974966049194
Malicious,Malicious,0.9999988079071044
Malicious,Malicious,0.9999895095825196
Malicious,Malicious,0.9999986886978148
Malicious,Malicious,0.9999986886978148
Malicious,Malicious,0.9999988079071044
Malicious,Malicious,0.9999974966049194
Malicious,Malicious,0.9999898672103882
Malicious,Malicious,0.9999984502792358
Malicious,Malicious,0.9999984502792358
Malicious,Malicious,0.9999986886978148
Malicious,Malicious,0.999998927116394
Malicious,Malicious,0.9999682903289796
Malicious,Malicious,0.9999958276748656
Malicious,Malicious,0.9999982118606568
Malicious,Malicious,0.999997615814209
Malicious,Malicious,0.999998927116394
Malicious,Malicious,0.999996781349182
Malicious,Malicious,0.9999892711639404
Malicious,Malicious,0.9999977350234984
Malicious,Malicious,0.9999982118606568
Malicious,Malicious,0.9999988079071044
Malicious,Malicious,0.9999985694885254
Malicious,Malicious,0.9999974966049194
Malicious,Malicious,0.999998927116394
Malicious,Malicious,0.99999737739563
Malicious,Malicious,0.9999889135360718
Malicious,Malicious,0.9999991655349731
Malicious,Malicious,0.9999986886978148
Malicious,Malicious,0.9999986886978148
Malicious,Malicious,0.9999982118606568
Malicious,Malicious,0.9999988079071044
Malicious,Malicious,0.9999986886978148
Malicious,Malicious,0.9999986886978148
Malicious,Malicious,0.9999982118606568
Malicious,Malicious,0.9999929666519164
Malicious,Malicious,0.999998927116394
Malicious,Malicious,0.9999948740005492
Malicious,Malicious,0.9999984502792358
Malicious,Malicious,0.9999830722808838
Malicious,Malicious,0.999997854232788
Malicious,Malicious,0.9999847412109376
Malicious,Malicious,0.9999988079071044
Malicious,Malicious,0.9999970197677612
Malicious,Malicious,0.9999988079071044
Malicious,Malicious,0.9999988079071044
Malicious,Malicious,0.999997854232788
Malicious,Malicious,0.9999986886978148
Malicious,Malicious,0.999997615814209
Malicious,Malicious,0.9999988079071044
Malicious,Malicious,0.9999966621398926
Malicious,Malicious,0.9999986886978148
Malicious,Malicious,0.9999979734420776
Malicious,Malicious,0.9999984502792358
Malicious,Malicious,0.999998927116394
Malicious,Malicious,0.9999988079071044
Malicious,Malicious,0.9999982118606568
Malicious,Malicious,0.9999986886978148
Malicious,Malicious,0.9999983310699464
Malicious,Malicious,0.9999980926513672
Malicious,Malicious,0.9999982118606568
Malicious,Malicious,0.9999988079071044
Malicious,Malicious,0.999996304512024
Malicious,Malicious,0.9999982118606568
Malicious,Malicious,0.9999982118606568
Malicious,Malicious,0.9999988079071044
Malicious,Malicious,0.9999982118606568
Malicious,Malicious,0.9999966621398926
Malicious,Malicious,0.9999991655349731
Malicious,Malicious,0.999998927116394
Malicious,Malicious,0.9999986886978148
Malicious,Malicious,0.9999988079071044
Malicious,Malicious,0.9999984502792358
Malicious,Malicious,0.9999988079071044
Malicious,Malicious,0.9999988079071044
Malicious,Malicious,0.9999982118606568
Malicious,Malicious,0.9999986886978148
Malicious,Malicious,0.999998927116394
Malicious,Malicious,0.999996542930603
Malicious,Malicious,0.9999837875366212
Malicious,Malicious,0.9999982118606568
Malicious,Malicious,0.9999966621398926
Malicious,Malicious,0.9999984502792358
Malicious,Malicious,0.9999988079071044
Malicious,Malicious,0.999998927116394
Malicious,Malicious,0.9999996423721312
Malicious,Malicious,0.9999988079071044
Malicious,Malicious,0.999998927116394
Malicious,Malicious,0.999998927116394
Malicious,Malicious,0.999998927116394
Malicious,Malicious,0.9877196550369264
Malicious,Malicious,0.9999986886978148
Malicious,Malicious,0.9999982118606568
Malicious,Malicious,0.999998927116394
Malicious,Malicious,0.9999991655349731
Malicious,Malicious,0.9999986886978148
Malicious,Malicious,0.999998927116394
Malicious,Malicious,0.9999982118606568
Malicious,Malicious,0.999998927116394
Malicious,Malicious,0.9999929666519164
Malicious,Malicious,0.9999954700469972
Malicious,Malicious,0.9999988079071044
Malicious,Malicious,0.9999986886978148
Malicious,Malicious,0.9999984502792358
Malicious,Malicious,0.9999986886978148
Malicious,Malicious,0.9999988079071044
Malicious,Malicious,0.9999982118606568
Malicious,Malicious,0.999998927116394
Malicious,Malicious,0.9999972581863404
Malicious,Malicious,0.9999982118606568
Malicious,Malicious,0.9999984502792358
Malicious,Malicious,0.9999971389770508
Malicious,Malicious,0.9999959468841552
Malicious,Malicious,0.999997854232788
Malicious,Malicious,0.9999982118606568
Malicious,Malicious,0.9999985694885254
Malicious,Malicious,0.9999966621398926
Malicious,Malicious,0.9999446868896484
Malicious,Malicious,0.999998927116394
Malicious,Malicious,0.9999988079071044
Malicious,Malicious,0.9999988079071044
Malicious,Malicious,0.9999982118606568
Malicious,Malicious,0.9999961853027344
Malicious,Malicious,0.9999984502792358
Malicious,Malicious,0.9999982118606568
Malicious,Malicious,0.9999986886978148
Malicious,Malicious,0.999996304512024
Malicious,Malicious,0.9999984502792358
Malicious,Malicious,0.9999983310699464
Malicious,Malicious,0.9999982118606568
Malicious,Malicious,0.9999991655349731
Malicious,Malicious,0.9999977350234984
Malicious,Malicious,0.9999982118606568
Malicious,Malicious,0.9999988079071044
Malicious,Malicious,0.9999994039535522
Malicious,Malicious,0.9999982118606568
Malicious,Malicious,0.999998927116394
Malicious,Malicious,0.9999984502792358
Malicious,Malicious,0.9999982118606568
Malicious,Malicious,0.999998927116394
Malicious,Malicious,0.9999986886978148
Malicious,Malicious,0.999995231628418
Malicious,Malicious,0.999996542930603
Malicious,Malicious,0.9999929666519164
Malicious,Malicious,0.9999759197235109
Malicious,Malicious,0.9999991655349731
Malicious,Malicious,0.9999984502792358
Malicious,Malicious,0.9999986886978148
Malicious,Malicious,0.9999984502792358
Malicious,Malicious,0.9999984502792358
Malicious,Malicious,0.9999974966049194
Malicious,Malicious,0.9999982118606568
Malicious,Malicious,0.9999991655349731
Malicious,Malicious,0.999998927116394
Malicious,Malicious,0.9999988079071044
Malicious,Malicious,0.9999970197677612
Malicious,Malicious,0.9999918937683104
Malicious,Malicious,0.9999988079071044
Malicious,Malicious,0.9999830722808838
Malicious,Malicious,0.9999986886978148
Malicious,Malicious,0.9999988079071044
Malicious,Malicious,0.999997615814209
Malicious,Malicious,0.9999991655349731
Malicious,Malicious,0.99999737739563
Malicious,Malicious,0.9999984502792358
Malicious,Malicious,0.9999988079071044
Malicious,Benign,0.0443153195083141
Malicious,Malicious,0.9999982118606568
Malicious,Malicious,0.9999982118606568
Malicious,Malicious,0.9999982118606568
Malicious,Malicious,0.9999988079071044
Malicious,Malicious,0.9999758005142212
Malicious,Malicious,0.9999971389770508
Malicious,Malicious,0.9999947547912598
Malicious,Malicious,0.9999966621398926
Malicious,Malicious,0.9999984502792358
Malicious,Malicious,0.9999986886978148
Malicious,Malicious,0.9999982118606568
Malicious,Malicious,0.9999988079071044
Malicious,Malicious,0.9999982118606568
Malicious,Malicious,0.9999955892562866
Malicious,Malicious,0.999997615814209
Malicious,Malicious,0.9999988079071044
Malicious,Malicious,0.9999985694885254
Malicious,Malicious,0.999998927116394
Malicious,Malicious,0.9999988079071044
Malicious,Malicious,0.9999988079071044
Malicious,Malicious,0.999992847442627
Malicious,Benign,0.0196987632662057
Malicious,Malicious,0.9999982118606568
Malicious,Malicious,0.9999982118606568
Malicious,Malicious,0.9999986886978148
Malicious,Malicious,0.9999984502792358
Malicious,Malicious,0.9999984502792358
Malicious,Malicious,0.9999972581863404
Malicious,Malicious,0.9999990463256836
Malicious,Malicious,0.9999988079071044
Malicious,Malicious,0.9999986886978148
Malicious,Malicious,0.9999986886978148
Malicious,Malicious,0.9999982118606568
Malicious,Malicious,0.9999984502792358
Malicious,Malicious,0.9999988079071044
Malicious,Malicious,0.9999895095825196
Malicious,Malicious,0.9999984502792358
Malicious,Malicious,0.999998927116394
Malicious,Malicious,0.999964952468872
Malicious,Malicious,0.9999982118606568
Malicious,Malicious,0.9999984502792358
Malicious,Malicious,0.9999986886978148
Malicious,Malicious,0.9999988079071044
Malicious,Malicious,0.9999892711639404
Malicious,Malicious,0.9999982118606568
Malicious,Malicious,0.9999988079071044
Malicious,Malicious,0.98920339345932
Malicious,Malicious,0.9999964237213136
Malicious,Malicious,0.9999974966049194
Malicious,Malicious,0.9999988079071044
Malicious,Malicious,0.9999984502792358
Malicious,Malicious,0.9999988079071044
Malicious,Malicious,0.9999988079071044
Malicious,Malicious,0.99999737739563
Malicious,Malicious,0.9999988079071044
Malicious,Malicious,0.9999871253967284
Malicious,Malicious,0.9999984502792358
Malicious,Malicious,0.9999986886978148
Malicious,Malicious,0.9999990463256836
Malicious,Malicious,0.999998927116394
Malicious,Malicious,0.9999982118606568
Malicious,Benign,0.0020242386963218
Malicious,Malicious,0.9999982118606568
Malicious,Malicious,0.999998927116394
Malicious,Malicious,0.9999971389770508
Malicious,Malicious,0.9999986886978148
Malicious,Malicious,0.9999982118606568
Malicious,Malicious,0.9999982118606568
Malicious,Malicious,0.9999972581863404
Malicious,Malicious,0.9999982118606568
Malicious,Malicious,0.9999980926513672
Malicious,Malicious,0.9999986886978148
Malicious,Malicious,0.9999991655349731
Malicious,Malicious,0.9999984502792358
Malicious,Malicious,0.9999988079071044
Malicious,Malicious,0.9999828338623048
Malicious,Malicious,0.9999988079071044
Malicious,Malicious,0.9999849796295166
Malicious,Malicious,0.9999929666519164
Malicious,Malicious,0.9999947547912598
Malicious,Malicious,0.999998927116394
Malicious,Malicious,0.9999988079071044
Malicious,Malicious,0.9999986886978148
Malicious,Malicious,0.9999982118606568
Malicious,Malicious,0.9999912977218628
Malicious,Malicious,0.9999988079071044
Malicious,Malicious,0.999997854232788
Malicious,Malicious,0.9999984502792358
Malicious,Malicious,0.9999984502792358
Malicious,Malicious,0.9868116974830629
Malicious,Malicious,0.9999986886978148
Malicious,Malicious,0.9999966621398926
Malicious,Malicious,0.9999812841415404
Malicious,Malicious,0.999997854232788
Malicious,Malicious,0.9999986886978148
Malicious,Malicious,0.9999966621398926
Malicious,Malicious,0.999996304512024
Malicious,Malicious,0.9999984502792358
Malicious,Malicious,0.9999990463256836
Malicious,Malicious,0.9999992847442628
Malicious,Malicious,0.999998927116394
Malicious,Malicious,0.9999982118606568
Malicious,Malicious,0.999997615814209
Malicious,Malicious,0.9999982118606568
Malicious,Malicious,0.9999982118606568
Malicious,Malicious,0.9999990463256836
Malicious,Malicious,0.9999986886978148
Malicious,Malicious,0.9999982118606568
Malicious,Malicious,0.999997615814209
Malicious,Malicious,0.9999954700469972
Malicious,Malicious,0.999998927116394
Malicious,Malicious,0.9999988079071044
Malicious,Malicious,0.9999971389770508
Malicious,Malicious,0.9999988079071044
Malicious,Malicious,0.9999988079071044
Malicious,Malicious,0.9999980926513672
Malicious,Malicious,0.9999984502792358
Malicious,Malicious,0.9999979734420776
Malicious,Malicious,0.9999984502792358
Malicious,Malicious,0.99999737739563
Malicious,Malicious,0.9999986886978148
Malicious,Malicious,0.9899275898933412
Malicious,Malicious,0.999997854232788
Malicious,Malicious,0.9999984502792358
Malicious,Malicious,0.9999988079071044
Malicious,Malicious,0.9999974966049194
Malicious,Malicious,0.9999988079071044
Malicious,Malicious,0.999994158744812
Malicious,Malicious,0.9999996423721312
Malicious,Benign,0.0135034071281552
Malicious,Malicious,0.9999986886978148
Malicious,Malicious,0.9999980926513672
Malicious,Malicious,0.9999984502792358
Malicious,Malicious,0.9999961853027344
Malicious,Malicious,0.999998927116394
Malicious,Malicious,0.9999988079071044
Malicious,Malicious,0.9999988079071044
Malicious,Malicious,0.9999988079071044
Malicious,Malicious,0.9999982118606568
Malicious,Malicious,0.999998927116394
Malicious,Malicious,0.9999988079071044
Malicious,Malicious,0.999997615814209
Malicious,Malicious,0.9999988079071044
Malicious,Malicious,0.9999986886978148
Malicious,Malicious,0.9999982118606568
Malicious,Malicious,0.999964952468872
Malicious,Malicious,0.9999984502792358
Malicious,Malicious,0.9999929666519164
Malicious,Malicious,0.9999828338623048
Malicious,Malicious,0.999998927116394
Malicious,Malicious,0.9999948740005492
Malicious,Malicious,0.9999988079071044
Malicious,Malicious,0.9999988079071044
Malicious,Malicious,0.9999991655349731
Malicious,Malicious,0.9999984502792358
Malicious,Malicious,0.9999990463256836
Malicious,Malicious,0.9999972581863404
Malicious,Malicious,0.9999982118606568
Malicious,Malicious,0.9999984502792358
Malicious,Malicious,0.9999984502792358
Malicious,Malicious,0.9999961853027344
Malicious,Malicious,0.999996304512024
Malicious,Malicious,0.9999929666519164
Malicious,Malicious,0.9999949932098388
Malicious,Malicious,0.9999960660934448
Malicious,Malicious,0.9999982118606568
Malicious,Malicious,0.999998927116394
Malicious,Malicious,0.9999986886978148
Malicious,Malicious,0.9999982118606568
Malicious,Malicious,0.9999982118606568
Malicious,Malicious,0.9999986886978148
Malicious,Malicious,0.9999979734420776
Malicious,Malicious,0.9999995231628418
Malicious,Malicious,0.9999982118606568
Malicious,Malicious,0.999997854232788
Malicious,Malicious,0.999998927116394
Malicious,Malicious,0.999998927116394
Malicious,Malicious,0.9999980926513672
Malicious,Malicious,0.9999979734420776
Malicious,Malicious,0.9999986886978148
Malicious,Malicious,0.9999966621398926
Malicious,Malicious,0.9999986886978148
Malicious,Malicious,0.9999977350234984
Malicious,Malicious,0.9999982118606568
Malicious,Malicious,0.9999982118606568
Malicious,Malicious,0.9999970197677612
Malicious,Malicious,0.9999990463256836
Malicious,Malicious,0.9999986886978148
Malicious,Malicious,0.9999982118606568
Malicious,Malicious,0.9999983310699464
Malicious,Malicious,0.9999983310699464
Malicious,Malicious,0.999998927116394
Malicious,Malicious,0.9999979734420776
Malicious,Malicious,0.9999984502792358
Malicious,Malicious,0.9999656677246094
Malicious,Malicious,0.9999885559082032
Malicious,Malicious,0.9999988079071044
Malicious,Malicious,0.999998927116394
Malicious,Malicious,0.9999988079071044
Malicious,Malicious,0.9999986886978148
Malicious,Malicious,0.9999899864196776
Malicious,Malicious,0.9999991655349731
Malicious,Malicious,0.9999982118606568
Malicious,Malicious,0.9999992847442628
Malicious,Malicious,0.9999988079071044
Malicious,Malicious,0.999990701675415
Malicious,Malicious,0.9999988079071044
Malicious,Malicious,0.9999982118606568
Malicious,Malicious,0.9999984502792358
Malicious,Malicious,0.9999984502792358
Malicious,Malicious,0.9999982118606568
Malicious,Malicious,0.9999991655349731
Malicious,Malicious,0.999998927116394
Malicious,Malicious,0.9999632835388184
Malicious,Malicious,0.999998927116394
Malicious,Malicious,0.9999985694885254
Malicious,Malicious,0.9999983310699464
Malicious,Malicious,0.9999984502792358
Malicious,Benign,0.0268239825963974
Malicious,Malicious,0.9999982118606568
Malicious,Malicious,0.9999984502792358
Malicious,Malicious,0.975815773010254
Malicious,Malicious,0.9999982118606568
Malicious,Malicious,0.999998927116394
Malicious,Malicious,0.9999984502792358
Malicious,Malicious,0.9999984502792358
Malicious,Malicious,0.9999984502792358
Malicious,Malicious,0.9999979734420776
Malicious,Malicious,0.999998927116394
Malicious,Malicious,0.9999986886978148
Malicious,Malicious,0.9999972581863404
Malicious,Malicious,0.9999979734420776
Malicious,Malicious,0.9999988079071044
Malicious,Malicious,0.9999988079071044
Malicious,Malicious,0.999998927116394
Malicious,Malicious,0.9999983310699464
Malicious,Malicious,0.9999985694885254
Malicious,Malicious,0.9999982118606568
Malicious,Malicious,0.9999984502792358
Malicious,Malicious,0.9999902248382568
Malicious,Malicious,0.9999986886978148
Malicious,Malicious,0.9999988079071044
Malicious,Malicious,0.999997854232788
Malicious,Malicious,0.9999982118606568
Malicious,Malicious,0.9999988079071044
Malicious,Malicious,0.9999985694885254
Malicious,Malicious,0.9999984502792358
Malicious,Malicious,0.9999982118606568
Malicious,Malicious,0.9999988079071044
Malicious,Malicious,0.9999982118606568
Malicious,Malicious,0.9999986886978148
Malicious,Malicious,0.9999986886978148
Malicious,Malicious,0.9999979734420776
Malicious,Malicious,0.9999988079071044
Malicious,Malicious,0.9999991655349731
Malicious,Malicious,0.9999982118606568
Malicious,Malicious,0.9999500513076782
Malicious,Malicious,0.9999984502792358
Malicious,Malicious,0.9999988079071044
Malicious,Malicious,0.9999984502792358
Malicious,Malicious,0.9999985694885254
Malicious,Malicious,0.999998927116394
Malicious,Malicious,0.9999988079071044
Malicious,Malicious,0.9999982118606568
Malicious,Malicious,0.9999988079071044
Malicious,Malicious,0.999998927116394
Malicious,Malicious,0.9999988079071044
Malicious,Malicious,0.9999982118606568
Malicious,Malicious,0.9999984502792358
Malicious,Malicious,0.9999986886978148
Malicious,Malicious,0.999998927116394
Malicious,Malicious,0.9999599456787108
Malicious,Malicious,0.9999988079071044
Malicious,Malicious,0.9999721050262452
Malicious,Benign,0.0098885493353009
Malicious,Malicious,0.9999988079071044
Malicious,Malicious,0.9999988079071044
Malicious,Malicious,0.9999986886978148
Malicious,Malicious,0.9999990463256836
Malicious,Malicious,0.9999982118606568
Malicious,Malicious,0.9999984502792358
Malicious,Malicious,0.9999982118606568
Malicious,Malicious,0.9999912977218628
Malicious,Malicious,0.9999986886978148
Malicious,Malicious,0.9999984502792358
Malicious,Malicious,0.9999964237213136
Malicious,Benign,0.0303059238940477
Malicious,Malicious,0.9999984502792358
Malicious,Malicious,0.9999817609786988
Malicious,Malicious,0.9999988079071044
Malicious,Malicious,0.999998927116394
Malicious,Malicious,0.999998927116394
Malicious,Malicious,0.9999977350234984
Malicious,Malicious,0.9999985694885254
Malicious,Malicious,0.9999912977218628
Malicious,Malicious,0.9999986886978148
Malicious,Malicious,0.9999982118606568
Malicious,Malicious,0.9999947547912598
Malicious,Malicious,0.9999971389770508
Malicious,Malicious,0.9999992847442628
Malicious,Malicious,0.9999990463256836
Malicious,Malicious,0.9999986886978148
Malicious,Malicious,0.9999994039535522
Malicious,Malicious,0.9999886751174928
Malicious,Malicious,0.9999983310699464
Malicious,Malicious,0.9999988079071044
Malicious,Malicious,0.9999979734420776
Malicious,Malicious,0.9999982118606568
Malicious,Malicious,0.9999984502792358
Malicious,Malicious,0.9999984502792358
Malicious,Malicious,0.9999985694885254
Malicious,Malicious,0.9999974966049194
Malicious,Malicious,0.99999737739563
Malicious,Malicious,0.999998927116394
Malicious,Malicious,0.9999974966049194
Malicious,Malicious,0.999998927116394
Malicious,Malicious,0.9999984502792358
Malicious,Malicious,0.9999986886978148
Malicious,Malicious,0.999997615814209
Malicious,Malicious,0.9999986886978148
Malicious,Malicious,0.99999737739563
Malicious,Malicious,0.9999982118606568
Malicious,Malicious,0.999997854232788
Malicious,Malicious,0.9999984502792358
Malicious,Malicious,0.9999984502792358
Malicious,Malicious,0.9999936819076538
Malicious,Malicious,0.9999982118606568
Malicious,Malicious,0.999997615814209
Malicious,Malicious,0.999996542930603
Malicious,Malicious,0.999997615814209
Malicious,Malicious,0.9999988079071044
Malicious,Malicious,0.9999985694885254
Malicious,Malicious,0.9999982118606568
Malicious,Malicious,0.9999985694885254
Malicious,Malicious,0.9999982118606568
Malicious,Malicious,0.9999991655349731
Malicious,Malicious,0.9999982118606568
Malicious,Benign,0.1305971145629882
Malicious,Malicious,0.9999892711639404
Malicious,Malicious,0.9999988079071044
Malicious,Malicious,0.9999984502792358
Malicious,Malicious,0.9999984502792358
Malicious,Malicious,0.9999986886978148
Malicious,Malicious,0.9999983310699464
Malicious,Malicious,0.9999986886978148
Malicious,Malicious,0.999998927116394
Malicious,Malicious,0.999998927116394
Malicious,Malicious,0.9999984502792358
Malicious,Malicious,0.9999982118606568
Malicious,Malicious,0.9999982118606568
Malicious,Malicious,0.999985933303833
Malicious,Malicious,0.9999970197677612
Malicious,Malicious,0.999961256980896
Malicious,Malicious,0.9999988079071044
Malicious,Malicious,0.9999971389770508
Malicious,Malicious,0.9999986886978148
Malicious,Malicious,0.9999994039535522
Malicious,Malicious,0.9999984502792358
Malicious,Benign,0.0135953044518828
Malicious,Malicious,0.9999971389770508
Malicious,Malicious,0.9999982118606568
Malicious,Malicious,0.9999988079071044
Malicious,Malicious,0.9999988079071044
Malicious,Malicious,0.9999986886978148
Malicious,Malicious,0.999996542930603
Malicious,Malicious,0.9999986886978148
Malicious,Malicious,0.999998927116394
Malicious,Malicious,0.9999988079071044
Malicious,Malicious,0.9999971389770508
Malicious,Malicious,0.999998927116394
Malicious,Malicious,0.9999982118606568
Malicious,Malicious,0.9999982118606568
Malicious,Malicious,0.9999984502792358
Malicious,Malicious,0.9999964237213136
Malicious,Malicious,0.9999988079071044
Malicious,Malicious,0.9999986886978148
Malicious,Malicious,0.9999971389770508
Malicious,Malicious,0.9999984502792358
Malicious,Malicious,0.9999992847442628
Malicious,Malicious,0.9999982118606568
Malicious,Malicious,0.9999988079071044
Malicious,Malicious,0.9999992847442628
Malicious,Malicious,0.9999991655349731
Malicious,Malicious,0.9999986886978148
Malicious,Malicious,0.9999988079071044
Malicious,Malicious,0.9999865293502808
Malicious,Malicious,0.999985933303833
Malicious,Malicious,0.9999971389770508
Malicious,Malicious,0.9999980926513672
Malicious,Benign,0.0038983521517366
Malicious,Malicious,0.9999986886978148
Malicious,Malicious,0.9999897480010986
Malicious,Malicious,0.999997615814209
Malicious,Malicious,0.9999982118606568
Malicious,Malicious,0.9999986886978148
Malicious,Malicious,0.9999971389770508
Malicious,Benign,0.0852899700403213
Malicious,Malicious,0.9999982118606568
Malicious,Malicious,0.9999985694885254
Malicious,Malicious,0.9999984502792358
Malicious,Malicious,0.9999897480010986
Malicious,Malicious,0.9999988079071044
Malicious,Malicious,0.9999984502792358
Malicious,Malicious,0.9999982118606568
Malicious,Malicious,0.9999982118606568
Malicious,Malicious,0.9999971389770508
Malicious,Malicious,0.9999982118606568
Malicious,Malicious,0.9999986886978148
Malicious,Malicious,0.999996781349182
Malicious,Malicious,0.9999828338623048
Malicious,Malicious,0.9999994039535522
Malicious,Malicious,0.9999984502792358
Malicious,Malicious,0.9999974966049194
Malicious,Malicious,0.9999988079071044
Malicious,Malicious,0.999997615814209
Malicious,Malicious,0.999997854232788
Malicious,Malicious,0.9999988079071044
Malicious,Malicious,0.9999984502792358
Malicious,Malicious,0.9999984502792358
Malicious,Malicious,0.9999934434890748
Malicious,Malicious,0.999997615814209
Malicious,Malicious,0.9999982118606568
Malicious,Malicious,0.9999977350234984
Malicious,Malicious,0.9999985694885254
Malicious,Malicious,0.9999991655349731
Malicious,Malicious,0.9999830722808838
Malicious,Malicious,0.9999977350234984
Malicious,Malicious,0.9999972581863404
Malicious,Malicious,0.9999971389770508
Malicious,Malicious,0.9999984502792358
Malicious,Malicious,0.999997615814209
Malicious,Malicious,0.9999986886978148
Malicious,Malicious,0.9999985694885254
Malicious,Malicious,0.9999971389770508
Malicious,Malicious,0.999998927116394
Malicious,Malicious,0.9999986886978148
Malicious,Malicious,0.999998927116394
Malicious,Malicious,0.9999986886978148
Malicious,Malicious,0.9999982118606568
Malicious,Malicious,0.9999984502792358
Malicious,Malicious,0.9999986886978148
Malicious,Malicious,0.9999988079071044
Malicious,Malicious,0.9999984502792358
Malicious,Malicious,0.9999986886978148
Malicious,Malicious,0.9999977350234984
Malicious,Malicious,0.999997615814209
Malicious,Malicious,0.9999988079071044
Malicious,Malicious,0.9999984502792358
Malicious,Malicious,0.9999899864196776
Malicious,Malicious,0.9999988079071044
Malicious,Malicious,0.999923825263977
Malicious,Malicious,0.9999985694885254
Malicious,Malicious,0.999997854232788
Malicious,Malicious,0.9999997615814208
Malicious,Malicious,0.9999988079071044
Malicious,Malicious,0.9999988079071044
Malicious,Malicious,0.999998927116394
Malicious,Malicious,0.9999982118606568
Malicious,Malicious,0.9999892711639404
Malicious,Malicious,0.9999905824661256
Malicious,Malicious,0.9999982118606568
Malicious,Malicious,0.9999982118606568
Malicious,Malicious,0.9999988079071044
Malicious,Malicious,0.9999982118606568
Malicious,Malicious,0.9999984502792358
Malicious,Malicious,0.9999972581863404
Malicious,Malicious,0.9999974966049194
Malicious,Malicious,0.9999984502792358
Malicious,Malicious,0.9999982118606568
Malicious,Malicious,0.9999979734420776
Malicious,Malicious,0.9999984502792358
Malicious,Benign,0.0098565090447664
Malicious,Malicious,0.9999986886978148
Malicious,Malicious,0.9999988079071044
Malicious,Malicious,0.9999984502792358
Malicious,Malicious,0.9999977350234984
Malicious,Malicious,0.9999979734420776
Malicious,Malicious,0.9999983310699464
Malicious,Malicious,0.9999980926513672
Malicious,Malicious,0.999996304512024
Malicious,Malicious,0.9999984502792358
Malicious,Malicious,0.9999984502792358
Malicious,Malicious,0.9999984502792358
Malicious,Malicious,0.9999984502792358
Malicious,Malicious,0.9999986886978148
Malicious,Malicious,0.999998927116394
Malicious,Malicious,0.9999988079071044
Malicious,Malicious,0.9999982118606568
Malicious,Malicious,0.9999986886978148
Malicious,Malicious,0.9999984502792358
Malicious,Malicious,0.9999982118606568
Malicious,Malicious,0.999891757965088
Malicious,Malicious,0.9999982118606568
Malicious,Malicious,0.9999991655349731
Malicious,Malicious,0.999997615814209
Malicious,Malicious,0.9999918937683104
Malicious,Malicious,0.9999988079071044
Malicious,Malicious,0.9999910593032836
Malicious,Malicious,0.9999986886978148
Malicious,Malicious,0.9999985694885254
Malicious,Malicious,0.9999986886978148
Malicious,Benign,0.1216943860054016
Malicious,Malicious,0.9999979734420776
Malicious,Malicious,0.9999988079071044
Malicious,Malicious,0.9999969005584716
Malicious,Malicious,0.9999982118606568
Malicious,Malicious,0.9999988079071044
Malicious,Malicious,0.9999939203262328
Malicious,Malicious,0.9999984502792358
Malicious,Malicious,0.999997854232788
Malicious,Malicious,0.9999988079071044
Malicious,Malicious,0.9999977350234984
Malicious,Malicious,0.9999995231628418
Malicious,Malicious,0.9999932050704956
Malicious,Malicious,0.9999986886978148
Malicious,Malicious,0.9999927282333374
Malicious,Benign,0.0169763546437025
Malicious,Malicious,0.9999984502792358
Malicious,Malicious,0.9999986886978148
Malicious,Malicious,0.9999986886978148
Malicious,Malicious,0.9999979734420776
Malicious,Malicious,0.9999984502792358
Malicious,Malicious,0.9999971389770508
Malicious,Malicious,0.9999988079071044
Malicious,Malicious,0.9999983310699464
Malicious,Malicious,0.9999895095825196
Malicious,Malicious,0.9999984502792358
Malicious,Malicious,0.9999984502792358
Malicious,Malicious,0.9999986886978148
Malicious,Malicious,0.9999984502792358
Malicious,Malicious,0.999997854232788
Malicious,Malicious,0.9999986886978148
Malicious,Malicious,0.9999985694885254
Malicious,Malicious,0.9999970197677612
Malicious,Malicious,0.9999974966049194
Malicious,Malicious,0.9999971389770508
Malicious,Malicious,0.9999982118606568
Malicious,Malicious,0.9999974966049194
Malicious,Malicious,0.9999986886978148
Malicious,Malicious,0.9999988079071044
Malicious,Malicious,0.9999988079071044
Malicious,Malicious,0.9999986886978148
Malicious,Malicious,0.99999737739563
Malicious,Malicious,0.9999984502792358
Malicious,Malicious,0.999998927116394
Malicious,Malicious,0.9999954700469972
Malicious,Malicious,0.9999980926513672
Malicious,Malicious,0.9999982118606568
Malicious,Malicious,0.9999982118606568
Malicious,Malicious,0.9999970197677612
Malicious,Malicious,0.9999988079071044
Malicious,Malicious,0.9999988079071044
Malicious,Malicious,0.9999982118606568
Malicious,Malicious,0.9999988079071044
Malicious,Malicious,0.9999986886978148
Malicious,Malicious,0.999998927116394
Malicious,Malicious,0.99997079372406
Malicious,Malicious,0.9999972581863404
Malicious,Malicious,0.9999983310699464
Malicious,Malicious,0.9999982118606568
Malicious,Malicious,0.9999949932098388
Malicious,Malicious,0.9999984502792358
Malicious,Malicious,0.999998927116394
Malicious,Malicious,0.9999982118606568
Malicious,Malicious,0.9999982118606568
Malicious,Malicious,0.9999986886978148
Malicious,Malicious,0.9999984502792358
Malicious,Malicious,0.9999977350234984
Malicious,Malicious,0.9999984502792358
Malicious,Malicious,0.9999984502792358
Malicious,Malicious,0.9999984502792358
Malicious,Malicious,0.9999983310699464
Malicious,Malicious,0.9999986886978148
Malicious,Malicious,0.9999984502792358
Malicious,Malicious,0.999998927116394
Malicious,Malicious,0.9999977350234984
Malicious,Malicious,0.9999988079071044
Malicious,Malicious,0.9999984502792358
Malicious,Malicious,0.9999984502792358
Malicious,Malicious,0.9999986886978148
Malicious,Malicious,0.9999984502792358
Malicious,Malicious,0.9999984502792358
Malicious,Malicious,0.9999982118606568
Malicious,Malicious,0.9999991655349731
Malicious,Malicious,0.9999982118606568
Malicious,Malicious,0.999996781349182
Malicious,Malicious,0.9999984502792358
Malicious,Malicious,0.9999984502792358
Malicious,Malicious,0.9999988079071044
Malicious,Malicious,0.9999984502792358
Malicious,Malicious,0.9999982118606568
Malicious,Malicious,0.9999982118606568
Malicious,Malicious,0.9999830722808838
Malicious,Malicious,0.9999724626541138
Malicious,Malicious,0.9999984502792358
Malicious,Malicious,0.9999988079071044
Malicious,Malicious,0.999997615814209
Malicious,Benign,0.0302882026880979
Malicious,Malicious,0.9999988079071044
Malicious,Malicious,0.9999988079071044
Malicious,Malicious,0.9999991655349731
Malicious,Malicious,0.9999988079071044
Malicious,Malicious,0.999998927116394
Malicious,Malicious,0.9999984502792358
Malicious,Malicious,0.9999984502792358
Malicious,Malicious,0.9999988079071044
Malicious,Malicious,0.9999982118606568
Malicious,Malicious,0.9999988079071044
Malicious,Malicious,0.9999986886978148
Malicious,Malicious,0.9999984502792358
Malicious,Malicious,0.9999986886978148
Malicious,Malicious,0.9999984502792358
Malicious,Malicious,0.9999984502792358
Malicious,Malicious,0.9999988079071044
Malicious,Malicious,0.9999984502792358
Malicious,Malicious,0.99998939037323
Malicious,Malicious,0.999998927116394
Malicious,Malicious,0.9999988079071044
Malicious,Malicious,0.9999986886978148
Malicious,Malicious,0.9999982118606568
Malicious,Malicious,0.9999979734420776
Malicious,Malicious,0.9999986886978148
Malicious,Malicious,0.9999982118606568
Malicious,Malicious,0.9999985694885254
Malicious,Malicious,0.9999929666519164
Malicious,Malicious,0.9999984502792358
Malicious,Malicious,0.9999984502792358
Malicious,Malicious,0.9999979734420776
Malicious,Malicious,0.9999953508377076
Malicious,Malicious,0.9063397645950316
Malicious,Malicious,0.9999984502792358
Malicious,Malicious,0.9999988079071044
Malicious,Malicious,0.999964952468872
Malicious,Malicious,0.9999988079071044
Malicious,Malicious,0.9999927282333374
Malicious,Malicious,0.97018301486969
Malicious,Malicious,0.9999988079071044
Malicious,Malicious,0.9999986886978148
Malicious,Malicious,0.9999982118606568
Malicious,Malicious,0.999996542930603
Malicious,Malicious,0.9999982118606568
Malicious,Malicious,0.9999982118606568
Malicious,Malicious,0.9999972581863404
Malicious,Malicious,0.9999984502792358
Malicious,Malicious,0.9999960660934448
Malicious,Malicious,0.9999982118606568
Malicious,Malicious,0.9999986886978148
Malicious,Malicious,0.9999969005584716
Malicious,Benign,0.0027256889734417
Malicious,Malicious,0.9999988079071044
Malicious,Malicious,0.9999986886978148
Malicious,Malicious,0.9999986886978148
Malicious,Malicious,0.9999984502792358
Malicious,Malicious,0.9999984502792358
Malicious,Malicious,0.9999986886978148
Malicious,Malicious,0.9999984502792358
Malicious,Malicious,0.9999982118606568
Malicious,Malicious,0.999997615814209
Malicious,Malicious,0.9999971389770508
Malicious,Malicious,0.9999984502792358
Malicious,Malicious,0.9999984502792358
Malicious,Malicious,0.999998927116394
Malicious,Malicious,0.9999984502792358
Malicious,Malicious,0.9999988079071044
Malicious,Malicious,0.9999951124191284
Malicious,Malicious,0.9999969005584716
Malicious,Malicious,0.9999986886978148
Malicious,Malicious,0.9999988079071044
Malicious,Malicious,0.9999916553497314
Malicious,Malicious,0.9999988079071044
Malicious,Malicious,0.9999983310699464
Malicious,Malicious,0.999997854232788
Malicious,Malicious,0.9999979734420776
Malicious,Malicious,0.9999938011169434
Malicious,Malicious,0.9999986886978148
Malicious,Malicious,0.9999985694885254
Malicious,Malicious,0.9999982118606568
Malicious,Malicious,0.9999988079071044
Malicious,Malicious,0.9999984502792358
Malicious,Malicious,0.9999986886978148
Malicious,Malicious,0.999997615814209
Malicious,Malicious,0.9999988079071044
Malicious,Malicious,0.9999966621398926
Malicious,Malicious,0.999997615814209
Malicious,Malicious,0.9999986886978148
Malicious,Malicious,0.999998927116394
Malicious,Malicious,0.9999984502792358
Malicious,Malicious,0.9999984502792358
Malicious,Malicious,0.9999892711639404
Malicious,Malicious,0.9999927282333374
Malicious,Malicious,0.9999982118606568
Malicious,Malicious,0.9999986886978148
Malicious,Malicious,0.9999986886978148
Malicious,Malicious,0.999997615814209
Malicious,Malicious,0.999992609024048
Malicious,Malicious,0.9999966621398926
Malicious,Malicious,0.9999982118606568
Malicious,Malicious,0.9999983310699464
Malicious,Malicious,0.9999983310699464
Malicious,Malicious,0.9999991655349731
Malicious,Malicious,0.999998927116394
Malicious,Malicious,0.9999972581863404
Malicious,Malicious,0.9999979734420776
Malicious,Malicious,0.9999936819076538
Malicious,Malicious,0.9999986886978148
Malicious,Malicious,0.999998927116394
Malicious,Malicious,0.9999988079071044
Malicious,Malicious,0.9999980926513672
Malicious,Malicious,0.9999992847442628
Malicious,Malicious,0.9999986886978148
Malicious,Malicious,0.9999936819076538
Malicious,Malicious,0.9999988079071044
Malicious,Malicious,0.9999992847442628
Malicious,Malicious,0.9999986886978148
Malicious,Malicious,0.9999988079071044
Malicious,Malicious,0.9999983310699464
Malicious,Malicious,0.9993181228637696
Malicious,Malicious,0.9999984502792358
Malicious,Malicious,0.999998927116394
Malicious,Malicious,0.9999991655349731
Malicious,Malicious,0.9999984502792358
Malicious,Malicious,0.9999986886978148
Malicious,Malicious,0.9999988079071044
Malicious,Malicious,0.9999984502792358
Malicious,Malicious,0.9999988079071044
Malicious,Malicious,0.9999947547912598
Malicious,Malicious,0.9999986886978148
Malicious,Malicious,0.999998927116394
Malicious,Malicious,0.9999984502792358
Malicious,Malicious,0.9999982118606568
Malicious,Malicious,0.9999984502792358
Malicious,Malicious,0.9999971389770508
Malicious,Malicious,0.9999982118606568
Malicious,Malicious,0.9999986886978148
Malicious,Malicious,0.9999986886978148
Malicious,Malicious,0.9999982118606568
Malicious,Malicious,0.9999991655349731
Malicious,Malicious,0.9999984502792358
Malicious,Malicious,0.99999737739563
Malicious,Malicious,0.9999986886978148
Malicious,Malicious,0.9999986886978148
Malicious,Malicious,0.9999988079071044
Malicious,Malicious,0.999980092048645
Malicious,Malicious,0.9999988079071044
Malicious,Malicious,0.999998927116394
Malicious,Malicious,0.999997854232788
Malicious,Malicious,0.9999969005584716
Malicious,Malicious,0.9999984502792358
Malicious,Malicious,0.9999988079071044
Malicious,Malicious,0.9999986886978148
Malicious,Malicious,0.9999988079071044
Malicious,Malicious,0.9999983310699464
Malicious,Malicious,0.9999988079071044
Malicious,Malicious,0.9999992847442628
Malicious,Malicious,0.9999982118606568
Malicious,Malicious,0.9999986886978148
Malicious,Malicious,0.9999979734420776
Malicious,Malicious,0.9974074959754944
Malicious,Malicious,0.9999985694885254
Malicious,Benign,0.0256557185202837
Malicious,Malicious,0.9999940395355223
Malicious,Malicious,0.9999984502792358
Malicious,Malicious,0.9999984502792358
Malicious,Malicious,0.9999986886978148
Malicious,Malicious,0.9999945163726808
Malicious,Malicious,0.9999982118606568
Malicious,Malicious,0.9999985694885254
Malicious,Malicious,0.9999984502792358
Malicious,Malicious,0.9999988079071044
Malicious,Malicious,0.9999984502792358
Malicious,Benign,0.0495716519653797
Malicious,Malicious,0.999997615814209
Malicious,Malicious,0.9999986886978148
Malicious,Malicious,0.9999984502792358
Malicious,Malicious,0.9999988079071044
Malicious,Malicious,0.9999986886978148
Malicious,Malicious,0.999986171722412
Malicious,Malicious,0.9999986886978148
Malicious,Malicious,0.999996781349182
Malicious,Malicious,0.9999752044677734
Malicious,Malicious,0.9999986886978148
Malicious,Malicious,0.9999986886978148
Malicious,Malicious,0.9999990463256836
Malicious,Malicious,0.9999986886978148
Malicious,Malicious,0.9999948740005492
Malicious,Malicious,0.9999992847442628
Malicious,Malicious,0.9999979734420776
Malicious,Malicious,0.9999985694885254
Malicious,Malicious,0.9999966621398926
Malicious,Malicious,0.9999990463256836
Malicious,Malicious,0.9999955892562866
Malicious,Malicious,0.999998927116394
Malicious,Malicious,0.9999984502792358
Malicious,Malicious,0.9999984502792358
Malicious,Malicious,0.9999988079071044
Malicious,Malicious,0.9999982118606568
Malicious,Malicious,0.9999898672103882
Malicious,Malicious,0.9999988079071044
Malicious,Malicious,0.9999986886978148
Malicious,Malicious,0.9999983310699464
Malicious,Malicious,0.9999982118606568
Malicious,Malicious,0.9999984502792358
Malicious,Malicious,0.9999986886978148
Malicious,Malicious,0.9999988079071044
Malicious,Malicious,0.9999991655349731
Malicious,Malicious,0.999998927116394
Malicious,Malicious,0.999998927116394
Malicious,Malicious,0.9999988079071044
Malicious,Malicious,0.9999971389770508
Malicious,Malicious,0.9999982118606568
Malicious,Malicious,0.9999984502792358
Malicious,Malicious,0.9999961853027344
Malicious,Malicious,0.9999984502792358
Malicious,Malicious,0.9999991655349731
Malicious,Malicious,0.9999984502792358
Malicious,Malicious,0.9999982118606568
Malicious,Malicious,0.9999986886978148
Malicious,Malicious,0.9999992847442628
Malicious,Malicious,0.9999984502792358
Malicious,Malicious,0.9999986886978148
Malicious,Malicious,0.9999991655349731
Malicious,Malicious,0.999998927116394
Malicious,Malicious,0.9999984502792358
Malicious,Malicious,0.9999985694885254
Malicious,Malicious,0.9999988079071044
Malicious,Malicious,0.9999986886978148
Malicious,Malicious,0.9999991655349731
Malicious,Malicious,0.9999982118606568
Malicious,Malicious,0.9999984502792358
Malicious,Malicious,0.9999984502792358
Malicious,Malicious,0.999998927116394
Malicious,Malicious,0.9999258518218994
Malicious,Malicious,0.9999988079071044
Malicious,Malicious,0.999998927116394
Malicious,Malicious,0.99999737739563
Malicious,Malicious,0.9999982118606568
Malicious,Malicious,0.9999974966049194
Malicious,Malicious,0.9999992847442628
Malicious,Malicious,0.9999980926513672
Malicious,Malicious,0.9999986886978148
Malicious,Malicious,0.9999982118606568
Malicious,Malicious,0.999996781349182
Malicious,Malicious,0.9999966621398926
Malicious,Malicious,0.9999982118606568
Malicious,Malicious,0.9999961853027344
Malicious,Malicious,0.9999982118606568
Malicious,Malicious,0.9999984502792358
Malicious,Malicious,0.9999991655349731
Malicious,Malicious,0.999958634376526
Malicious,Malicious,0.9999862909317015
Malicious,Malicious,0.9999992847442628
Malicious,Malicious,0.9999991655349731
Malicious,Malicious,0.9999957084655762
Malicious,Malicious,0.9999991655349731
Malicious,Malicious,0.9999986886978148
Malicious,Malicious,0.9999974966049194
Malicious,Malicious,0.9990412592887878
Malicious,Malicious,0.9999982118606568
Malicious,Malicious,0.9999988079071044
Malicious,Malicious,0.9999984502792358
Malicious,Malicious,0.99999737739563
Malicious,Malicious,0.9999984502792358
Malicious,Malicious,0.9999988079071044
Malicious,Malicious,0.9948745369911194
Malicious,Malicious,0.9999954700469972
Malicious,Malicious,0.9999933242797852
Malicious,Malicious,0.9999988079071044
Malicious,Malicious,0.9999983310699464
Malicious,Malicious,0.9999986886978148
Malicious,Malicious,0.9999988079071044
Malicious,Malicious,0.9999982118606568
Malicious,Malicious,0.9999818801879884
Malicious,Malicious,0.999998927116394
Malicious,Malicious,0.9999986886978148
Malicious,Malicious,0.999998927116394
Malicious,Malicious,0.9999982118606568
Malicious,Malicious,0.999998927116394
Malicious,Malicious,0.9999982118606568
Malicious,Malicious,0.9999986886978148
Malicious,Malicious,0.9999912977218628
Malicious,Malicious,0.9999958276748656
Malicious,Malicious,0.9999988079071044
Malicious,Malicious,0.9999985694885254
Malicious,Malicious,0.9999982118606568
Malicious,Malicious,0.9999992847442628
Malicious,Malicious,0.9999936819076538
Malicious,Malicious,0.9999988079071044
Malicious,Malicious,0.999998927116394
Malicious,Malicious,0.9999895095825196
Malicious,Malicious,0.999998927116394
Malicious,Malicious,0.9999830722808838
Malicious,Malicious,0.9999982118606568
Malicious,Malicious,0.9999979734420776
Malicious,Malicious,0.9999991655349731
Malicious,Malicious,0.9999984502792358
Malicious,Malicious,0.9999988079071044
Malicious,Malicious,0.9999986886978148
Malicious,Malicious,0.9999982118606568
Malicious,Malicious,0.9999988079071044
Malicious,Malicious,0.9999984502792358
Malicious,Malicious,0.999997854232788
Malicious,Malicious,0.9999983310699464
Malicious,Malicious,0.999990463256836
Malicious,Malicious,0.9999979734420776
Malicious,Malicious,0.9999986886978148
Malicious,Malicious,0.9999984502792358
Malicious,Malicious,0.9999940395355223
Malicious,Malicious,0.9999986886978148
Malicious,Malicious,0.9999982118606568
Malicious,Malicious,0.9999980926513672
Malicious,Malicious,0.9999982118606568
Malicious,Malicious,0.9490855932235718
Malicious,Malicious,0.9999983310699464
Malicious,Malicious,0.9999758005142212
Malicious,Malicious,0.9999990463256836
Malicious,Malicious,0.9999988079071044
Malicious,Malicious,0.9999970197677612
Malicious,Malicious,0.9999946355819702
Malicious,Malicious,0.999996542930603
Malicious,Malicious,0.9999982118606568
Malicious,Malicious,0.9999912977218628
Malicious,Malicious,0.9999568462371826
Malicious,Malicious,0.9999699592590332
Malicious,Malicious,0.9999988079071044
Malicious,Malicious,0.9999897480010986
Malicious,Malicious,0.9999982118606568
Malicious,Malicious,0.9999966621398926
Malicious,Malicious,0.9999887943267822
Malicious,Malicious,0.9999982118606568
Malicious,Malicious,0.9999982118606568
Malicious,Malicious,0.9999982118606568
Malicious,Malicious,0.9999984502792358
Malicious,Malicious,0.9999979734420776
Malicious,Malicious,0.9999982118606568
Malicious,Malicious,0.9999994039535522
Malicious,Malicious,0.9999982118606568
Malicious,Malicious,0.9999988079071044
Malicious,Malicious,0.999998927116394
Malicious,Malicious,0.9999982118606568
Malicious,Malicious,0.999998927116394
Malicious,Malicious,0.9999982118606568
Malicious,Malicious,0.9999982118606568
Malicious,Malicious,0.9999980926513672
Malicious,Malicious,0.9999982118606568
Malicious,Malicious,0.9999982118606568
Malicious,Malicious,0.9999982118606568
Malicious,Malicious,0.999997854232788
Malicious,Malicious,0.9999986886978148
Malicious,Malicious,0.9999994039535522
Malicious,Malicious,0.9999982118606568
Malicious,Malicious,0.99999737739563
Malicious,Malicious,0.9999988079071044
Malicious,Malicious,0.9999982118606568
Malicious,Malicious,0.9999991655349731
Malicious,Malicious,0.9999947547912598
Malicious,Malicious,0.9999854564666748
Malicious,Malicious,0.9999932050704956
Malicious,Malicious,0.9999980926513672
Malicious,Malicious,0.999998927116394
Malicious,Malicious,0.9999986886978148
Malicious,Malicious,0.9999986886978148
Malicious,Malicious,0.9999983310699464
Malicious,Malicious,0.9999986886978148
Malicious,Malicious,0.9999979734420776
Malicious,Malicious,0.9999985694885254
Malicious,Malicious,0.9999988079071044
Malicious,Malicious,0.9999898672103882
Malicious,Malicious,0.9999470710754396
Malicious,Malicious,0.9999984502792358
Malicious,Malicious,0.9999891519546508
Malicious,Malicious,0.9999964237213136
Malicious,Malicious,0.9999982118606568
Malicious,Malicious,0.9999984502792358
Malicious,Malicious,0.9999984502792358
Malicious,Benign,0.0065056285820901
Malicious,Malicious,0.9999984502792358
Malicious,Malicious,0.9999971389770508
Malicious,Malicious,0.9999982118606568
Malicious,Malicious,0.9999988079071044
Malicious,Malicious,0.9999988079071044
Malicious,Malicious,0.9999980926513672
Malicious,Malicious,0.9999992847442628
Malicious,Malicious,0.999996781349182
Malicious,Malicious,0.9999986886978148
Malicious,Malicious,0.9999979734420776
Malicious,Malicious,0.9999988079071044
Malicious,Malicious,0.9999988079071044
Malicious,Malicious,0.9999986886978148
Malicious,Malicious,0.9999982118606568
Malicious,Malicious,0.9999984502792358
Malicious,Malicious,0.9999939203262328
Malicious,Malicious,0.9999979734420776
Malicious,Malicious,0.9999977350234984
Malicious,Malicious,0.9999983310699464
Malicious,Malicious,0.9999988079071044
Malicious,Malicious,0.9999982118606568
Malicious,Malicious,0.9999982118606568
Malicious,Malicious,0.999997854232788
Malicious,Malicious,0.9999988079071044
Malicious,Malicious,0.9999980926513672
Malicious,Malicious,0.9999982118606568
Malicious,Malicious,0.9999983310699464
Malicious,Malicious,0.9999982118606568
Malicious,Malicious,0.9999984502792358
Malicious,Malicious,0.9999988079071044
Malicious,Malicious,0.9999986886978148
Malicious,Malicious,0.9999984502792358
Malicious,Malicious,0.9999984502792358
Malicious,Malicious,0.9999988079071044
Malicious,Malicious,0.9999972581863404
Malicious,Malicious,0.9999936819076538
Malicious,Malicious,0.9999955892562866
Malicious,Malicious,0.999998927116394
Malicious,Malicious,0.9999881982803344
Malicious,Malicious,0.9999982118606568
Malicious,Malicious,0.9999643564224244
Malicious,Malicious,0.9999971389770508
Malicious,Malicious,0.9965588450431824
Malicious,Malicious,0.9999992847442628
Malicious,Malicious,0.999996781349182
Malicious,Malicious,0.9999984502792358
Malicious,Malicious,0.9999982118606568
Malicious,Malicious,0.9999948740005492
Malicious,Malicious,0.9999984502792358
Malicious,Malicious,0.9999920129776
Malicious,Malicious,0.9999994039535522
Malicious,Malicious,0.9999983310699464
Malicious,Malicious,0.999998927116394
Malicious,Malicious,0.9999982118606568
Malicious,Malicious,0.999998927116394
Malicious,Malicious,0.9999982118606568
Malicious,Malicious,0.9999921321868896
Malicious,Malicious,0.9999984502792358
Malicious,Malicious,0.9999986886978148
Malicious,Malicious,0.9999971389770508
Malicious,Malicious,0.9999988079071044
Malicious,Malicious,0.9999982118606568
Malicious,Malicious,0.9999984502792358
Malicious,Malicious,0.9999984502792358
Malicious,Malicious,0.9999986886978148
Malicious,Malicious,0.9999982118606568
Malicious,Malicious,0.9999986886978148
Malicious,Malicious,0.9999982118606568
Malicious,Malicious,0.9999982118606568
Malicious,Malicious,0.9999984502792358
Malicious,Malicious,0.9999988079071044
Malicious,Malicious,0.999998927116394
Malicious,Malicious,0.9999985694885254
Malicious,Malicious,0.999998927116394
Malicious,Malicious,0.9999988079071044
Malicious,Malicious,0.9999980926513672
Malicious,Malicious,0.9999988079071044
Malicious,Malicious,0.9999988079071044
Malicious,Malicious,0.9999831914901732
Malicious,Malicious,0.9999982118606568
Malicious,Malicious,0.9999938011169434
Malicious,Malicious,0.9999984502792358
Malicious,Malicious,0.9999959468841552
Malicious,Malicious,0.999996304512024
Malicious,Malicious,0.9999988079071044
Malicious,Malicious,0.9999982118606568
Malicious,Malicious,0.999998927116394
Malicious,Malicious,0.9999971389770508
Malicious,Malicious,0.9999934434890748
Malicious,Malicious,0.9999982118606568
Malicious,Malicious,0.999992609024048
Malicious,Malicious,0.9999960660934448
Malicious,Malicious,0.9999983310699464
Malicious,Malicious,0.9999895095825196
Malicious,Malicious,0.9999986886978148
Malicious,Malicious,0.9999986886978148
Malicious,Malicious,0.9997196793556212
Malicious,Malicious,0.9999982118606568
Malicious,Malicious,0.9999986886978148
Malicious,Malicious,0.9999988079071044
Malicious,Malicious,0.9999984502792358
Malicious,Malicious,0.9999979734420776
Malicious,Malicious,0.9999988079071044
Malicious,Malicious,0.9999886751174928
Malicious,Malicious,0.9999982118606568
Malicious,Malicious,0.9999945163726808
Malicious,Malicious,0.9999984502792358
Malicious,Malicious,0.9999980926513672
Malicious,Malicious,0.9999977350234984
Malicious,Malicious,0.999998927116394
Malicious,Malicious,0.9999986886978148
Malicious,Malicious,0.9999986886978148
Malicious,Malicious,0.999997854232788
Malicious,Malicious,0.9999991655349731
Malicious,Malicious,0.9999854564666748
Malicious,Malicious,0.9999982118606568
Malicious,Malicious,0.9999984502792358
Malicious,Malicious,0.9999982118606568
Malicious,Malicious,0.9999986886978148
Malicious,Malicious,0.9999988079071044
Malicious,Malicious,0.9999984502792358
Malicious,Malicious,0.9999971389770508
Malicious,Malicious,0.9999979734420776
Malicious,Malicious,0.9999982118606568
Malicious,Malicious,0.9999988079071044
Malicious,Malicious,0.9999948740005492
Malicious,Malicious,0.999998927116394
Malicious,Malicious,0.9996691942214966
Malicious,Malicious,0.9999986886978148
Malicious,Malicious,0.9999984502792358
Malicious,Malicious,0.999990701675415
Malicious,Malicious,0.9999991655349731
Malicious,Malicious,0.9999988079071044
Malicious,Malicious,0.999998927116394
Malicious,Malicious,0.9999960660934448
Malicious,Malicious,0.9999982118606568
Malicious,Malicious,0.9999984502792358
Malicious,Malicious,0.9999984502792358
Malicious,Malicious,0.9999991655349731
Malicious,Malicious,0.9999992847442628
Malicious,Malicious,0.9999988079071044
Malicious,Malicious,0.999997615814209
Malicious,Malicious,0.9999983310699464
Malicious,Malicious,0.9999970197677612
Malicious,Malicious,0.999997854232788
Malicious,Malicious,0.9999986886978148
Malicious,Malicious,0.9999991655349731
Malicious,Malicious,0.9999986886978148
Malicious,Malicious,0.999997854232788
Malicious,Malicious,0.999998927116394
Malicious,Malicious,0.9999988079071044
Malicious,Malicious,0.9999966621398926
Malicious,Malicious,0.9999988079071044
Malicious,Malicious,0.9999984502792358
Malicious,Malicious,0.9999984502792358
Malicious,Malicious,0.999998927116394
Malicious,Malicious,0.9999982118606568
Malicious,Malicious,0.9999984502792358
Malicious,Malicious,0.9999986886978148
Malicious,Malicious,0.9999953508377076
Malicious,Malicious,0.9999984502792358
Malicious,Malicious,0.9999986886978148
Malicious,Malicious,0.9395787715911864
Malicious,Malicious,0.9999984502792358
Malicious,Malicious,0.9999985694885254
Malicious,Malicious,0.999996304512024
Malicious,Malicious,0.9999983310699464
Malicious,Malicious,0.9999977350234984
Malicious,Malicious,0.9999982118606568
Malicious,Malicious,0.9999992847442628
Malicious,Malicious,0.9999849796295166
Malicious,Malicious,0.9817100167274476
Malicious,Malicious,0.9999982118606568
Malicious,Malicious,0.9999988079071044
Malicious,Malicious,0.9999982118606568
Malicious,Malicious,0.9999986886978148
Malicious,Malicious,0.9999949932098388
Malicious,Malicious,0.9999986886978148
Malicious,Malicious,0.9999990463256836
Malicious,Malicious,0.9999961853027344
Malicious,Malicious,0.999998927116394
Malicious,Malicious,0.999869704246521
Malicious,Malicious,0.9999979734420776
Malicious,Malicious,0.9999984502792358
Malicious,Malicious,0.9999984502792358
Malicious,Malicious,0.9999985694885254
Malicious,Malicious,0.999998927116394
Malicious,Malicious,0.9999991655349731
Malicious,Malicious,0.9999988079071044
Malicious,Malicious,0.9999988079071044
Malicious,Malicious,0.9999988079071044
Malicious,Malicious,0.9999984502792358
Malicious,Malicious,0.9999979734420776
Malicious,Malicious,0.9999988079071044
Malicious,Malicious,0.999990463256836
Malicious,Malicious,0.9999990463256836
Malicious,Malicious,0.999980092048645
Malicious,Malicious,0.9999977350234984
Malicious,Malicious,0.9999974966049194
Malicious,Malicious,0.999993085861206
Malicious,Malicious,0.9999982118606568
Malicious,Malicious,0.9999974966049194
Malicious,Malicious,0.9999974966049194
Malicious,Malicious,0.9999948740005492
Malicious,Malicious,0.9999988079071044
Malicious,Malicious,0.9999979734420776
Malicious,Malicious,0.9999990463256836
Malicious,Malicious,0.9999988079071044
Malicious,Malicious,0.9999986886978148
Malicious,Malicious,0.999996781349182
Malicious,Malicious,0.9999985694885254
Malicious,Malicious,0.999998927116394
Malicious,Malicious,0.9999986886978148
Malicious,Malicious,0.9999982118606568
Malicious,Benign,0.0388595536351203
Malicious,Malicious,0.9999990463256836
Malicious,Malicious,0.9999988079071044
Malicious,Malicious,0.9999982118606568
Malicious,Malicious,0.9999974966049194
Malicious,Malicious,0.9999880790710448
Malicious,Malicious,0.9999986886978148
Malicious,Malicious,0.9999971389770508
Malicious,Malicious,0.9999988079071044
Malicious,Malicious,0.9999977350234984
Malicious,Malicious,0.9999988079071044
Malicious,Malicious,0.9999988079071044
Malicious,Malicious,0.9999986886978148
Malicious,Malicious,0.9999992847442628
Malicious,Malicious,0.999990940093994
Malicious,Malicious,0.9999475479125975
Malicious,Malicious,0.9999971389770508
Malicious,Malicious,0.999998927116394
Malicious,Malicious,0.99999737739563
Malicious,Malicious,0.9999986886978148
Malicious,Malicious,0.9999977350234984
Malicious,Malicious,0.9999984502792358
Malicious,Malicious,0.9999994039535522
Malicious,Malicious,0.999992609024048
Malicious,Malicious,0.9999984502792358
Malicious,Malicious,0.9999982118606568
Malicious,Malicious,0.9999984502792358
Malicious,Malicious,0.9999986886978148
Malicious,Malicious,0.9999984502792358
Malicious,Malicious,0.9999985694885254
Malicious,Malicious,0.9999983310699464
Malicious,Malicious,0.999998927116394
Malicious,Malicious,0.9999948740005492
Malicious,Malicious,0.9999988079071044
Malicious,Malicious,0.9999988079071044
Malicious,Malicious,0.9999982118606568
Malicious,Malicious,0.9999958276748656
Malicious,Malicious,0.9999983310699464
Malicious,Malicious,0.9999977350234984
Malicious,Malicious,0.9999988079071044
Malicious,Malicious,0.9999990463256836
Malicious,Malicious,0.9999991655349731
Malicious,Malicious,0.999998927116394
Malicious,Malicious,0.999998927116394
Malicious,Malicious,0.9999982118606568
Malicious,Malicious,0.9999988079071044
Malicious,Malicious,0.9999982118606568
Malicious,Malicious,0.999998927116394
Malicious,Malicious,0.9999990463256836
Malicious,Malicious,0.999998927116394
Malicious,Malicious,0.9999979734420776
Malicious,Malicious,0.9999986886978148
Malicious,Malicious,0.9999986886978148
Malicious,Malicious,0.9999982118606568
Malicious,Malicious,0.999997854232788
Malicious,Malicious,0.999993085861206
Malicious,Malicious,0.9999980926513672
Malicious,Malicious,0.9999982118606568
Malicious,Malicious,0.999998927116394
Malicious,Malicious,0.9999982118606568
Malicious,Malicious,0.9999984502792358
Malicious,Malicious,0.9999991655349731
Malicious,Malicious,0.9999977350234984
Malicious,Malicious,0.9999986886978148
Malicious,Malicious,0.9999984502792358
Malicious,Malicious,0.9999986886978148
Malicious,Malicious,0.99999737739563
Malicious,Malicious,0.9999982118606568
Malicious,Malicious,0.9999983310699464
Malicious,Malicious,0.9999988079071044
Malicious,Malicious,0.9999979734420776
Malicious,Malicious,0.9999988079071044
Malicious,Malicious,0.9999953508377076
Malicious,Malicious,0.9999982118606568
Malicious,Malicious,0.9999984502792358
Malicious,Malicious,0.9999716281890868
Malicious,Malicious,0.9999979734420776
Malicious,Malicious,0.9999986886978148
Malicious,Malicious,0.9999980926513672
Malicious,Malicious,0.999998927116394
Malicious,Malicious,0.9999984502792358
Malicious,Malicious,0.9999986886978148
Malicious,Malicious,0.9999984502792358
Malicious,Malicious,0.9993188381195068
Malicious,Malicious,0.9999992847442628
Malicious,Malicious,0.9999988079071044
Malicious,Malicious,0.9999988079071044
Malicious,Malicious,0.9999988079071044
Malicious,Malicious,0.9999982118606568
Malicious,Malicious,0.9999947547912598
Malicious,Malicious,0.9999971389770508
Malicious,Malicious,0.999998927116394
Malicious,Malicious,0.9999988079071044
Malicious,Malicious,0.999998927116394
Malicious,Malicious,0.9999984502792358
Malicious,Malicious,0.999996781349182
Malicious,Malicious,0.9999990463256836
Malicious,Malicious,0.9999986886978148
Malicious,Malicious,0.999997615814209
Malicious,Malicious,0.9999948740005492
Malicious,Malicious,0.9999982118606568
Malicious,Malicious,0.9999982118606568
Malicious,Malicious,0.999997854232788
Malicious,Malicious,0.9999984502792358
Malicious,Malicious,0.999985933303833
Malicious,Malicious,0.9999984502792358
Malicious,Malicious,0.9999986886978148
Malicious,Malicious,0.999987006187439
Malicious,Malicious,0.9999938011169434
Malicious,Malicious,0.9999984502792358
Malicious,Malicious,0.9999984502792358
Malicious,Malicious,0.9999982118606568
Malicious,Malicious,0.9999988079071044
Malicious,Malicious,0.9999164342880248
Malicious,Malicious,0.9999991655349731
Malicious,Malicious,0.999981164932251
Malicious,Malicious,0.9999977350234984
Malicious,Malicious,0.9999986886978148
Malicious,Malicious,0.999998927116394
Malicious,Malicious,0.9999784231185912
Malicious,Malicious,0.9999986886978148
Malicious,Malicious,0.9999966621398926
Malicious,Malicious,0.999992609024048
Malicious,Malicious,0.9999986886978148
Malicious,Malicious,0.9999984502792358
Malicious,Malicious,0.9999986886978148
Malicious,Malicious,0.9999988079071044
Malicious,Malicious,0.999997615814209
Malicious,Malicious,0.9999983310699464
Malicious,Malicious,0.9999986886978148
Malicious,Malicious,0.9999996423721312
Malicious,Malicious,0.999980092048645
Malicious,Malicious,0.9999988079071044
Malicious,Malicious,0.9999988079071044
Malicious,Malicious,0.9999986886978148
Malicious,Malicious,0.999997854232788
Malicious,Malicious,0.9999986886978148
Malicious,Malicious,0.9999736547470092
Malicious,Malicious,0.9999986886978148
Malicious,Malicious,0.9999986886978148
Malicious,Malicious,0.9999945163726808
Malicious,Benign,0.0031850077211856
Malicious,Malicious,0.9999984502792358
Malicious,Malicious,0.9999984502792358
Malicious,Malicious,0.9999988079071044
Malicious,Malicious,0.9999984502792358
Malicious,Malicious,0.9999972581863404
Malicious,Malicious,0.9999986886978148
Malicious,Malicious,0.9999982118606568
Malicious,Malicious,0.9999982118606568
Malicious,Malicious,0.9999982118606568
Malicious,Malicious,0.999998927116394
Malicious,Malicious,0.999996304512024
Malicious,Malicious,0.9999982118606568
Malicious,Malicious,0.9999988079071044
Malicious,Malicious,0.9999994039535522
Malicious,Malicious,0.9999982118606568
Malicious,Malicious,0.9999988079071044
Malicious,Malicious,0.9999988079071044
Malicious,Malicious,0.9999982118606568
Malicious,Malicious,0.9999983310699464
Malicious,Malicious,0.99999737739563
Malicious,Malicious,0.9999725818634032
Malicious,Malicious,0.9999991655349731
Malicious,Malicious,0.9999986886978148
Malicious,Malicious,0.9999831914901732
Malicious,Malicious,0.9999977350234984
Malicious,Malicious,0.999997854232788
Malicious,Malicious,0.9999984502792358
Malicious,Malicious,0.5113415122032166
Malicious,Malicious,0.9999986886978148
Malicious,Malicious,0.9999986886978148
Malicious,Malicious,0.999998927116394
Malicious,Malicious,0.9999829530715942
Malicious,Malicious,0.999997854232788
Malicious,Malicious,0.9999984502792358
Malicious,Malicious,0.9999982118606568
Malicious,Malicious,0.9999984502792358
Malicious,Benign,0.0049457233399152
Malicious,Malicious,0.9999982118606568
Malicious,Malicious,0.9999966621398926
Malicious,Malicious,0.9999862909317015
Malicious,Malicious,0.9999979734420776
Malicious,Malicious,0.9999988079071044
Malicious,Malicious,0.9999984502792358
Malicious,Malicious,0.9999988079071044
Malicious,Malicious,0.999998927116394
Malicious,Malicious,0.9999988079071044
Malicious,Malicious,0.9999986886978148
Malicious,Malicious,0.9999988079071044
Malicious,Benign,0.0038748886436223
Malicious,Malicious,0.9999996423721312
Malicious,Malicious,0.9998944997787476
Malicious,Malicious,0.9999984502792358
Malicious,Malicious,0.9999986886978148
Malicious,Malicious,0.9999982118606568
Malicious,Malicious,0.9999984502792358
Malicious,Malicious,0.9999982118606568
Malicious,Malicious,0.9999964237213136
Malicious,Malicious,0.9999986886978148
Malicious,Malicious,0.999761998653412
Malicious,Malicious,0.9999982118606568
Malicious,Malicious,0.9999986886978148
Malicious,Malicious,0.9999992847442628
Malicious,Malicious,0.9999986886978148
Malicious,Malicious,0.9999986886978148
Malicious,Malicious,0.9999986886978148
Malicious,Malicious,0.9999988079071044
Malicious,Malicious,0.9999918937683104
Malicious,Malicious,0.9999986886978148
Malicious,Malicious,0.9999984502792358
Malicious,Malicious,0.9999982118606568
Malicious,Malicious,0.9999979734420776
Malicious,Malicious,0.9999991655349731
Malicious,Malicious,0.999998927116394
Malicious,Malicious,0.9999994039535522
Malicious,Malicious,0.9999984502792358
Malicious,Malicious,0.9999988079071044
Malicious,Malicious,0.9999988079071044
Malicious,Malicious,0.9999984502792358
Malicious,Malicious,0.999998927116394
Malicious,Malicious,0.9999984502792358
Malicious,Malicious,0.9999984502792358
Malicious,Malicious,0.999997615814209
Malicious,Malicious,0.9999986886978148
Malicious,Malicious,0.999998927116394
Malicious,Malicious,0.9999986886978148
Malicious,Malicious,0.9999986886978148
Malicious,Malicious,0.9999958276748656
Malicious,Malicious,0.9999977350234984
Malicious,Malicious,0.9999935626983644
Malicious,Malicious,0.9999947547912598
Malicious,Malicious,0.9999982118606568
Malicious,Malicious,0.9999988079071044
Malicious,Malicious,0.9999986886978148
Malicious,Malicious,0.9999984502792358
Malicious,Malicious,0.9999988079071044
Malicious,Malicious,0.9999984502792358
Malicious,Malicious,0.9999986886978148
Malicious,Malicious,0.999997854232788
Malicious,Malicious,0.999998927116394
Malicious,Malicious,0.9999988079071044
Malicious,Malicious,0.99999737739563
Malicious,Malicious,0.999993085861206
Malicious,Malicious,0.9999984502792358
Malicious,Malicious,0.999933123588562
Malicious,Malicious,0.9999986886978148
Malicious,Malicious,0.9999984502792358
Malicious,Malicious,0.9999988079071044
Malicious,Benign,0.0030905483290553
Malicious,Malicious,0.9999986886978148
Malicious,Malicious,0.999997854232788
Malicious,Malicious,0.9999984502792358
Malicious,Malicious,0.9999983310699464
Malicious,Malicious,0.9999629259109496
Malicious,Malicious,0.999996304512024
Malicious,Malicious,0.9999986886978148
Malicious,Malicious,0.9999949932098388
Malicious,Malicious,0.9999996423721312
Malicious,Malicious,0.999997615814209
Malicious,Malicious,0.999996542930603
Malicious,Malicious,0.9999982118606568
Malicious,Malicious,0.9999988079071044
Malicious,Malicious,0.9999982118606568
Malicious,Malicious,0.9999988079071044
Malicious,Malicious,0.9999982118606568
Malicious,Malicious,0.9999971389770508
Malicious,Benign,0.0006400799029506743
Malicious,Malicious,0.9999979734420776
Malicious,Malicious,0.9999991655349731
Malicious,Malicious,0.9999982118606568
Malicious,Malicious,0.9999921321868896
Malicious,Malicious,0.9999986886978148
Malicious,Malicious,0.9999971389770508
Malicious,Malicious,0.9999982118606568
Malicious,Malicious,0.9999972581863404
Malicious,Malicious,0.9999988079071044
Malicious,Malicious,0.9999982118606568
Malicious,Malicious,0.9999991655349731
Malicious,Malicious,0.9999988079071044
Malicious,Malicious,0.9999285936355592
Malicious,Malicious,0.9999984502792358
Malicious,Malicious,0.9999977350234984
Malicious,Malicious,0.9999970197677612
Malicious,Malicious,0.9999303817749025
Malicious,Malicious,0.9999912977218628
Malicious,Malicious,0.9999982118606568
Malicious,Malicious,0.9999982118606568
Malicious,Malicious,0.9999991655349731
Malicious,Malicious,0.9999982118606568
Malicious,Malicious,0.9999984502792358
Malicious,Malicious,0.9999954700469972
Malicious,Malicious,0.9999984502792358
Malicious,Malicious,0.9999923706054688
Malicious,Malicious,0.9999984502792358
Malicious,Malicious,0.9999986886978148
Malicious,Malicious,0.9999982118606568
Malicious,Malicious,0.999998927116394
Malicious,Malicious,0.9999520778656006
Malicious,Malicious,0.9999982118606568
Malicious,Malicious,0.9999984502792358
Malicious,Malicious,0.9999985694885254
Malicious,Malicious,0.9999982118606568
Malicious,Malicious,0.9999982118606568
Malicious,Malicious,0.999998927116394
Malicious,Malicious,0.999998927116394
Malicious,Malicious,0.9999979734420776
Malicious,Malicious,0.9999991655349731
Malicious,Malicious,0.9999955892562866
Malicious,Malicious,0.9999990463256836
Malicious,Malicious,0.999998927116394
Malicious,Malicious,0.999998927116394
Malicious,Malicious,0.9999994039535522
Malicious,Malicious,0.9999988079071044
Malicious,Malicious,0.9999961853027344
Malicious,Malicious,0.9999982118606568
Malicious,Malicious,0.9999991655349731
Malicious,Malicious,0.9999990463256836
Malicious,Malicious,0.9999974966049194
Malicious,Malicious,0.9999991655349731
Malicious,Malicious,0.9999982118606568
Malicious,Malicious,0.9999982118606568
Malicious,Malicious,0.9999991655349731
Malicious,Malicious,0.9999986886978148
Malicious,Malicious,0.9999946355819702
Malicious,Malicious,0.999998927116394
Malicious,Malicious,0.9999982118606568
Malicious,Malicious,0.9999986886978148
Malicious,Malicious,0.9999988079071044
Malicious,Malicious,0.9999988079071044
Malicious,Malicious,0.9999991655349731
Malicious,Malicious,0.9999986886978148
Malicious,Benign,0.0588244274258613
Malicious,Malicious,0.9999982118606568
Malicious,Malicious,0.9999982118606568
Malicious,Malicious,0.9999988079071044
Malicious,Malicious,0.9999988079071044
Malicious,Malicious,0.999992609024048
Malicious,Malicious,0.9999982118606568
Malicious,Malicious,0.9999948740005492
Malicious,Malicious,0.999996304512024
Malicious,Malicious,0.999997854232788
Malicious,Malicious,0.9999947547912598
Malicious,Malicious,0.9999986886978148
Malicious,Malicious,0.9999988079071044
Malicious,Malicious,0.9999984502792358
Malicious,Malicious,0.9999895095825196
Malicious,Malicious,0.9999983310699464
Malicious,Malicious,0.999998927116394
Malicious,Malicious,0.999998927116394
Malicious,Malicious,0.9999874830245972
Malicious,Malicious,0.9999988079071044
Malicious,Malicious,0.9999982118606568
Malicious,Malicious,0.9999988079071044
Malicious,Malicious,0.9999990463256836
Malicious,Malicious,0.9999456405639648
Malicious,Malicious,0.9999988079071044
Malicious,Malicious,0.9999984502792358
Malicious,Malicious,0.9999984502792358
Malicious,Malicious,0.9999951124191284
Malicious,Malicious,0.9999980926513672
Malicious,Malicious,0.9999979734420776
Malicious,Malicious,0.9999991655349731
Malicious,Malicious,0.9999984502792358
Malicious,Malicious,0.9999982118606568
Malicious,Malicious,0.9999982118606568
Malicious,Malicious,0.999997615814209
Malicious,Malicious,0.9999984502792358
Malicious,Malicious,0.9999984502792358
Malicious,Malicious,0.9999986886978148
Malicious,Malicious,0.9999988079071044
Malicious,Malicious,0.9999984502792358
Malicious,Malicious,0.9999991655349731
Malicious,Malicious,0.9999983310699464
Malicious,Malicious,0.9999986886978148
Malicious,Malicious,0.9999966621398926
Malicious,Malicious,0.999998927116394
Malicious,Malicious,0.9999986886978148
Malicious,Malicious,0.9999986886978148
Malicious,Malicious,0.999961256980896
Malicious,Malicious,0.999998927116394
Malicious,Malicious,0.9999831914901732
Malicious,Malicious,0.9999982118606568
Malicious,Malicious,0.9999943971633912
Malicious,Malicious,0.9999984502792358
Malicious,Malicious,0.9999988079071044
Malicious,Malicious,0.9999986886978148
Malicious,Malicious,0.9999984502792358
Malicious,Malicious,0.9999984502792358
Malicious,Malicious,0.9999988079071044
Malicious,Malicious,0.977114737033844
Malicious,Malicious,0.9999985694885254
Malicious,Malicious,0.9999988079071044
Malicious,Malicious,0.999998927116394
Malicious,Malicious,0.9999986886978148
Malicious,Malicious,0.9999982118606568
Malicious,Malicious,0.9999977350234984
Malicious,Malicious,0.9999986886978148
Malicious,Malicious,0.99999737739563
Malicious,Malicious,0.9999983310699464
Malicious,Malicious,0.99999737739563
Malicious,Malicious,0.9999984502792358
Malicious,Malicious,0.9999984502792358
Malicious,Malicious,0.9999988079071044
Malicious,Malicious,0.9999974966049194
Malicious,Malicious,0.999997615814209
Malicious,Malicious,0.9999964237213136
Malicious,Malicious,0.9999984502792358
Malicious,Malicious,0.9999982118606568
Malicious,Malicious,0.9999991655349731
Malicious,Malicious,0.9999991655349731
Malicious,Malicious,0.9999982118606568
Malicious,Malicious,0.9999979734420776
Malicious,Malicious,0.999998927116394
Malicious,Malicious,0.9999986886978148
Malicious,Malicious,0.9999996423721312
Malicious,Malicious,0.9999982118606568
Malicious,Malicious,0.9999984502792358
Malicious,Malicious,0.9999982118606568
Malicious,Malicious,0.9999988079071044
Malicious,Malicious,0.9999982118606568
Malicious,Malicious,0.9999982118606568
Malicious,Malicious,0.999998927116394
Malicious,Malicious,0.9999974966049194
Malicious,Malicious,0.9999982118606568
Malicious,Malicious,0.9999961853027344
Malicious,Malicious,0.9999982118606568
Malicious,Malicious,0.9999986886978148
Malicious,Malicious,0.9999984502792358
Malicious,Malicious,0.999998927116394
Malicious,Malicious,0.9999984502792358
Malicious,Malicious,0.9999988079071044
Malicious,Malicious,0.9999982118606568
Malicious,Malicious,0.9999986886978148
Malicious,Malicious,0.9999957084655762
Malicious,Malicious,0.9999984502792358
Malicious,Malicious,0.9999984502792358
Malicious,Malicious,0.9999986886978148
Malicious,Malicious,0.9999988079071044
Malicious,Malicious,0.9999984502792358
Malicious,Malicious,0.9999974966049194
Malicious,Malicious,0.9999982118606568
Malicious,Malicious,0.999998927116394
Malicious,Malicious,0.9999929666519164
Malicious,Malicious,0.9999986886978148
Malicious,Malicious,0.9999986886978148
Malicious,Benign,0.0439312160015106
Malicious,Malicious,0.9999991655349731
Malicious,Malicious,0.999996781349182
Malicious,Malicious,0.9999986886978148
Malicious,Malicious,0.999997854232788
Malicious,Malicious,0.999998927116394
Malicious,Malicious,0.9999979734420776
Malicious,Malicious,0.999997615814209
Malicious,Malicious,0.999998927116394
Malicious,Malicious,0.9999982118606568
Malicious,Malicious,0.9999982118606568
Malicious,Malicious,0.9999986886978148
Malicious,Malicious,0.9999983310699464
Malicious,Malicious,0.9999983310699464
Malicious,Malicious,0.999997854232788
Malicious,Malicious,0.9999984502792358
Malicious,Malicious,0.9999929666519164
Malicious,Malicious,0.9999982118606568
Malicious,Malicious,0.9999984502792358
Malicious,Malicious,0.9999949932098388
Malicious,Malicious,0.9999971389770508
Malicious,Malicious,0.9999988079071044
Malicious,Malicious,0.9999982118606568
Malicious,Malicious,0.9999971389770508
Malicious,Malicious,0.99999737739563
Malicious,Malicious,0.9999988079071044
Malicious,Malicious,0.9999984502792358
Malicious,Malicious,0.9999984502792358
Malicious,Malicious,0.9999984502792358
Malicious,Malicious,0.9999986886978148
Malicious,Malicious,0.999998927116394
Malicious,Malicious,0.9999991655349731
Malicious,Malicious,0.9999984502792358
Malicious,Malicious,0.9999990463256836
Malicious,Malicious,0.9999982118606568
Malicious,Benign,0.0020319384057074
Malicious,Malicious,0.9999996423721312
Malicious,Malicious,0.9999949932098388
Malicious,Malicious,0.9999971389770508
Malicious,Malicious,0.9999974966049194
Malicious,Malicious,0.9999977350234984
Malicious,Benign,0.0018433681689202
Malicious,Malicious,0.9999982118606568
Malicious,Malicious,0.9999979734420776
Malicious,Malicious,0.9999994039535522
Malicious,Malicious,0.9999912977218628
Malicious,Malicious,0.999998927116394
Malicious,Malicious,0.999997615814209
Malicious,Malicious,0.999986171722412
Malicious,Malicious,0.9999983310699464
Malicious,Malicious,0.9999992847442628
Malicious,Malicious,0.9999986886978148
Malicious,Malicious,0.999997615814209
Malicious,Malicious,0.9999986886978148
Malicious,Malicious,0.9999986886978148
Malicious,Malicious,0.9999078512191772
Malicious,Malicious,0.9999988079071044
Malicious,Malicious,0.9999986886978148
Malicious,Malicious,0.9999988079071044
Malicious,Malicious,0.999996304512024
Malicious,Malicious,0.9999982118606568
Malicious,Malicious,0.9999985694885254
Malicious,Malicious,0.9999984502792358
Malicious,Malicious,0.999990701675415
Malicious,Malicious,0.9999986886978148
Malicious,Malicious,0.9999979734420776
Malicious,Malicious,0.9999982118606568
Malicious,Malicious,0.9999988079071044
Malicious,Malicious,0.9999988079071044
Malicious,Malicious,0.9999984502792358
Malicious,Malicious,0.9999982118606568
Malicious,Malicious,0.999997615814209
Malicious,Malicious,0.9999828338623048
Malicious,Malicious,0.9999988079071044
Malicious,Malicious,0.9999984502792358
Malicious,Malicious,0.999996304512024
Malicious,Malicious,0.9999982118606568
Malicious,Malicious,0.9999971389770508
Malicious,Malicious,0.9999992847442628
Malicious,Malicious,0.9999971389770508
Malicious,Malicious,0.999998927116394
Malicious,Malicious,0.9999982118606568
Malicious,Malicious,0.9999982118606568
Malicious,Malicious,0.9999990463256836
Malicious,Malicious,0.9999986886978148
Malicious,Benign,0.0015728920698165
Malicious,Malicious,0.9999982118606568
Malicious,Malicious,0.9999984502792358
Malicious,Malicious,0.9999886751174928
Malicious,Malicious,0.9999991655349731
Malicious,Malicious,0.9999986886978148
Malicious,Malicious,0.9999992847442628
Malicious,Malicious,0.9999982118606568
Malicious,Malicious,0.9999984502792358
Malicious,Malicious,0.9999982118606568
Malicious,Malicious,0.9999895095825196
Malicious,Malicious,0.9999986886978148
Malicious,Malicious,0.9999982118606568
Malicious,Malicious,0.9999982118606568
Malicious,Malicious,0.99986732006073
Malicious,Malicious,0.9999982118606568
Malicious,Malicious,0.9999985694885254
Malicious,Malicious,0.9999982118606568
Malicious,Malicious,0.999987006187439
Malicious,Malicious,0.9999942779541016
Malicious,Malicious,0.9999984502792358
Malicious,Malicious,0.9999986886978148
Malicious,Malicious,0.9197881817817688
Malicious,Malicious,0.99999737739563
Malicious,Malicious,0.9999986886978148
Malicious,Malicious,0.999997615814209
Malicious,Malicious,0.9999988079071044
Malicious,Malicious,0.999996542930603
Malicious,Malicious,0.999998927116394
Malicious,Malicious,0.9999980926513672
Malicious,Malicious,0.9999982118606568
Malicious,Malicious,0.9999982118606568
Malicious,Malicious,0.9999988079071044
Malicious,Malicious,0.9999980926513672
Malicious,Malicious,0.9999977350234984
Malicious,Malicious,0.9999977350234984
Malicious,Malicious,0.999997615814209
Malicious,Malicious,0.9998186230659484
Malicious,Malicious,0.9999982118606568
Malicious,Malicious,0.9999984502792358
Malicious,Malicious,0.9999984502792358
Malicious,Malicious,0.9999982118606568
Malicious,Malicious,0.9999983310699464
Malicious,Malicious,0.9999992847442628
Malicious,Malicious,0.9999982118606568
Malicious,Malicious,0.9999991655349731
Malicious,Malicious,0.9999988079071044
Malicious,Malicious,0.9999988079071044
Malicious,Malicious,0.9999971389770508
Malicious,Malicious,0.9999982118606568
Malicious,Malicious,0.9999979734420776
Malicious,Malicious,0.9999984502792358
Malicious,Malicious,0.9999992847442628
Malicious,Malicious,0.9999988079071044
Malicious,Malicious,0.9999984502792358
Malicious,Malicious,0.9999912977218628
Malicious,Malicious,0.9999979734420776
Malicious,Malicious,0.999997854232788
Malicious,Malicious,0.9999988079071044
Malicious,Malicious,0.9999984502792358
Malicious,Malicious,0.9999940395355223
Malicious,Malicious,0.9999991655349731
Malicious,Malicious,0.9999988079071044
Malicious,Malicious,0.9999984502792358
Malicious,Malicious,0.9999679327011108
Malicious,Malicious,0.9999986886978148
Malicious,Malicious,0.9999988079071044
Malicious,Malicious,0.999997615814209
Malicious,Malicious,0.9999970197677612
Malicious,Malicious,0.9999986886978148
Malicious,Malicious,0.9999990463256836
Malicious,Malicious,0.9999988079071044
Malicious,Malicious,0.999998927116394
Malicious,Malicious,0.9999991655349731
Malicious,Malicious,0.9999916553497314
Malicious,Malicious,0.9999980926513672
Malicious,Malicious,0.9999971389770508
Malicious,Malicious,0.9970884919166564
Malicious,Malicious,0.9999984502792358
Malicious,Malicious,0.9999988079071044
Malicious,Malicious,0.9999982118606568
Malicious,Malicious,0.999996304512024
Malicious,Malicious,0.9999984502792358
Malicious,Malicious,0.9999986886978148
Malicious,Malicious,0.999997615814209
Malicious,Malicious,0.9999986886978148
Malicious,Malicious,0.9999983310699464
Malicious,Malicious,0.9999986886978148
Malicious,Malicious,0.9999982118606568
Malicious,Malicious,0.999997615814209
Malicious,Malicious,0.9999988079071044
Malicious,Malicious,0.9999991655349731
Malicious,Malicious,0.9999982118606568
Malicious,Malicious,0.9999982118606568
Malicious,Malicious,0.9999988079071044
Malicious,Malicious,0.9999898672103882
Malicious,Malicious,0.9999986886978148
Malicious,Malicious,0.9999984502792358
Malicious,Malicious,0.9999988079071044
Malicious,Malicious,0.9999988079071044
Malicious,Malicious,0.9999984502792358
Malicious,Malicious,0.9999982118606568
Malicious,Malicious,0.9999940395355223
Malicious,Malicious,0.9999986886978148
Malicious,Malicious,0.9999943971633912
Malicious,Malicious,0.9999986886978148
Malicious,Malicious,0.9999991655349731
Malicious,Malicious,0.9999982118606568
Malicious,Malicious,0.9999982118606568
Malicious,Malicious,0.999996304512024
Malicious,Malicious,0.9999980926513672
Malicious,Malicious,0.9999984502792358
Malicious,Malicious,0.9999971389770508
Malicious,Malicious,0.9999986886978148
Malicious,Malicious,0.9999982118606568
Malicious,Malicious,0.9999979734420776
Malicious,Malicious,0.999996542930603
Malicious,Malicious,0.9999983310699464
Malicious,Malicious,0.9999983310699464
Malicious,Malicious,0.9999886751174928
Malicious,Malicious,0.9999982118606568
Malicious,Malicious,0.9999986886978148
Malicious,Malicious,0.9999974966049194
Malicious,Malicious,0.9999486207962036
Malicious,Malicious,0.9999988079071044
Malicious,Malicious,0.999984860420227
Malicious,Malicious,0.9999988079071044
Malicious,Malicious,0.9999988079071044
Malicious,Malicious,0.9998542070388794
Malicious,Malicious,0.9999974966049194
Malicious,Malicious,0.9999988079071044
Malicious,Malicious,0.999997854232788
Malicious,Malicious,0.9999897480010986
Malicious,Malicious,0.9999982118606568
Malicious,Malicious,0.9999982118606568
Malicious,Malicious,0.9999988079071044
Malicious,Malicious,0.9999986886978148
Malicious,Malicious,0.999998927116394
Malicious,Malicious,0.9999988079071044
Malicious,Malicious,0.9999984502792358
Malicious,Malicious,0.9999988079071044
Malicious,Malicious,0.9999988079071044
Malicious,Malicious,0.999998927116394
Malicious,Malicious,0.9999982118606568
Malicious,Malicious,0.9999984502792358
Malicious,Malicious,0.9999946355819702
Malicious,Malicious,0.999996304512024
Malicious,Malicious,0.999998927116394
Malicious,Malicious,0.9999986886978148
Malicious,Malicious,0.9999982118606568
Malicious,Malicious,0.9999982118606568
Malicious,Malicious,0.999996781349182
Malicious,Malicious,0.9999984502792358
Malicious,Malicious,0.9999986886978148
Malicious,Malicious,0.9999982118606568
Malicious,Malicious,0.9999982118606568
Malicious,Malicious,0.999997615814209
Malicious,Malicious,0.9999982118606568
Malicious,Malicious,0.9999986886978148
Malicious,Malicious,0.9999982118606568
Malicious,Malicious,0.9999994039535522
Malicious,Malicious,0.9999992847442628
Malicious,Malicious,0.9999986886978148
Malicious,Malicious,0.9999986886978148
Malicious,Malicious,0.9999954700469972
Malicious,Malicious,0.9999984502792358
Malicious,Malicious,0.9999986886978148
Malicious,Malicious,0.9999984502792358
Malicious,Malicious,0.9999982118606568
Malicious,Malicious,0.9999934434890748
Malicious,Malicious,0.9999984502792358
Malicious,Malicious,0.9999979734420776
Malicious,Malicious,0.9999988079071044
Malicious,Malicious,0.999998927116394
Malicious,Malicious,0.999998927116394
Malicious,Malicious,0.9999986886978148
Malicious,Malicious,0.9999983310699464
Malicious,Malicious,0.9999994039535522
Malicious,Malicious,0.9999947547912598
Malicious,Malicious,0.9999988079071044
Malicious,Malicious,0.9999986886978148
Malicious,Malicious,0.9999982118606568
Malicious,Malicious,0.9999988079071044
Malicious,Malicious,0.999750792980194
Malicious,Malicious,0.9999971389770508
Malicious,Malicious,0.999998927116394
Malicious,Malicious,0.9999997615814208
Malicious,Malicious,0.9999982118606568
Malicious,Malicious,0.99999737739563
Malicious,Malicious,0.999998927116394
Malicious,Malicious,0.9999988079071044
Malicious,Malicious,0.999998927116394
Malicious,Malicious,0.9999960660934448
Malicious,Malicious,0.999998927116394
Malicious,Malicious,0.999998927116394
Malicious,Malicious,0.9999984502792358
Malicious,Malicious,0.9999982118606568
Malicious,Malicious,0.9999986886978148
Malicious,Malicious,0.9999984502792358
Malicious,Malicious,0.9999979734420776
Malicious,Malicious,0.9999970197677612
Malicious,Malicious,0.9999986886978148
Malicious,Malicious,0.9999997615814208
Malicious,Malicious,0.9999982118606568
Malicious,Malicious,0.9999982118606568
Malicious,Malicious,0.9999991655349731
Malicious,Malicious,0.9999986886978148
Malicious,Malicious,0.9999986886978148
Malicious,Malicious,0.9999923706054688
Malicious,Benign,0.001810569432564
Malicious,Malicious,0.9999830722808838
Malicious,Malicious,0.999998927116394
Malicious,Malicious,0.9999984502792358
Malicious,Malicious,0.9999986886978148
Malicious,Malicious,0.9999977350234984
Malicious,Malicious,0.9999982118606568
Malicious,Malicious,0.9999852180480956
Malicious,Malicious,0.9999887943267822
Malicious,Malicious,0.9999988079071044
Malicious,Malicious,0.9999971389770508
Malicious,Malicious,0.9999974966049194
Malicious,Malicious,0.999997615814209
Malicious,Malicious,0.9999972581863404
Malicious,Malicious,0.9999982118606568
Malicious,Malicious,0.9999971389770508
Malicious,Malicious,0.9999985694885254
Malicious,Malicious,0.9992446899414062
Malicious,Malicious,0.999996304512024
Malicious,Malicious,0.9999977350234984
Malicious,Malicious,0.9999984502792358
Malicious,Malicious,0.9999988079071044
Malicious,Malicious,0.9999969005584716
Malicious,Malicious,0.9999986886978148
Malicious,Malicious,0.9999985694885254
Malicious,Malicious,0.9999982118606568
Malicious,Malicious,0.9999947547912598
Malicious,Malicious,0.9999934434890748
Malicious,Malicious,0.999997854232788
Malicious,Malicious,0.9999984502792358
Malicious,Malicious,0.9999988079071044
Malicious,Malicious,0.9999992847442628
Malicious,Malicious,0.99999737739563
Malicious,Malicious,0.9999933242797852
Malicious,Malicious,0.9999982118606568
Malicious,Malicious,0.9999984502792358
Malicious,Malicious,0.9999984502792358
Malicious,Malicious,0.999998927116394
Malicious,Malicious,0.9999980926513672
Malicious,Malicious,0.9999982118606568
Malicious,Malicious,0.999998927116394
Malicious,Malicious,0.999996304512024
Malicious,Malicious,0.9999942779541016
Malicious,Malicious,0.9999982118606568
Malicious,Malicious,0.999998927116394
Malicious,Malicious,0.9999988079071044
Malicious,Malicious,0.9999983310699464
Malicious,Malicious,0.9999988079071044
Malicious,Malicious,0.9999982118606568
Malicious,Malicious,0.9999748468399048
Malicious,Malicious,0.9999964237213136
Malicious,Malicious,0.9999986886978148
Malicious,Malicious,0.9999843835830688
Malicious,Malicious,0.999996542930603
Malicious,Malicious,0.9999986886978148
Malicious,Malicious,0.9999986886978148
Malicious,Malicious,0.9999881982803344
Malicious,Malicious,0.9999983310699464
Malicious,Malicious,0.9999982118606568
Malicious,Malicious,0.9999984502792358
Malicious,Malicious,0.9999984502792358
Malicious,Malicious,0.999998927116394
Malicious,Malicious,0.9999982118606568
Malicious,Malicious,0.9999988079071044
Malicious,Malicious,0.9999979734420776
Malicious,Malicious,0.999996781349182
Malicious,Malicious,0.9999974966049194
Malicious,Malicious,0.9999984502792358
Malicious,Malicious,0.9999984502792358
Malicious,Malicious,0.9999982118606568
Malicious,Malicious,0.9999982118606568
Malicious,Malicious,0.999998927116394
Malicious,Malicious,0.999998927116394
Malicious,Malicious,0.9999982118606568
Malicious,Malicious,0.9999983310699464
Malicious,Malicious,0.9999957084655762
Malicious,Malicious,0.9999986886978148
Malicious,Malicious,0.9999986886978148
Malicious,Malicious,0.9999982118606568
Malicious,Malicious,0.9999988079071044
Malicious,Benign,0.0080921566113829
Malicious,Malicious,0.9999986886978148
Malicious,Malicious,0.9999984502792358
Malicious,Malicious,0.9999986886978148
Malicious,Malicious,0.9999985694885254
Malicious,Malicious,0.9999984502792358
Malicious,Malicious,0.9999988079071044
Malicious,Malicious,0.9999972581863404
Malicious,Malicious,0.9999982118606568
Malicious,Malicious,0.999998927116394
Malicious,Malicious,0.9999988079071044
Malicious,Malicious,0.9999885559082032
Malicious,Malicious,0.9886066317558287
Malicious,Malicious,0.9999986886978148
Malicious,Malicious,0.9999990463256836
Malicious,Malicious,0.9999982118606568
Malicious,Malicious,0.9999982118606568
Malicious,Malicious,0.999998927116394
Malicious,Malicious,0.9999971389770508
Malicious,Malicious,0.9999986886978148
Malicious,Malicious,0.999979853630066
Malicious,Malicious,0.9999912977218628
Malicious,Malicious,0.9999986886978148
Malicious,Malicious,0.9999730587005616
Malicious,Malicious,0.9999986886978148
Malicious,Malicious,0.9999980926513672
Malicious,Malicious,0.9999934434890748
Malicious,Malicious,0.9999561309814452
Malicious,Malicious,0.9999898672103882
Malicious,Malicious,0.9999985694885254
Malicious,Malicious,0.9999986886978148
Malicious,Malicious,0.9999982118606568
Malicious,Malicious,0.9999988079071044
Malicious,Malicious,0.9999986886978148
Malicious,Malicious,0.9999986886978148
Malicious,Malicious,0.9999979734420776
Malicious,Malicious,0.9999979734420776
Malicious,Malicious,0.999998927116394
Malicious,Malicious,0.9999922513961792
Malicious,Malicious,0.999995231628418
Malicious,Malicious,0.999998927116394
Malicious,Malicious,0.9999985694885254
Malicious,Malicious,0.9999982118606568
Malicious,Malicious,0.9999991655349731
Malicious,Malicious,0.9999984502792358
Malicious,Malicious,0.9999991655349731
Malicious,Malicious,0.9999966621398926
Malicious,Malicious,0.9999984502792358
Malicious,Malicious,0.9999986886978148
Malicious,Malicious,0.9999985694885254
Malicious,Malicious,0.9999982118606568
Malicious,Malicious,0.9999982118606568
Malicious,Malicious,0.9999982118606568
Malicious,Malicious,0.9999974966049194
Malicious,Malicious,0.9999988079071044
Malicious,Malicious,0.9999986886978148
Malicious,Malicious,0.9999991655349731
Malicious,Malicious,0.9999840259552002
Malicious,Malicious,0.9999986886978148
Malicious,Malicious,0.9999994039535522
Malicious,Malicious,0.999997615814209
Malicious,Malicious,0.9999972581863404
Malicious,Malicious,0.9999991655349731
Malicious,Malicious,0.9999983310699464
Malicious,Malicious,0.9999982118606568
Malicious,Malicious,0.999997854232788
Malicious,Malicious,0.999998927116394
Malicious,Malicious,0.9999988079071044
Malicious,Malicious,0.9999995231628418
Malicious,Malicious,0.9999984502792358
Malicious,Malicious,0.9999986886978148
Malicious,Malicious,0.9999990463256836
Malicious,Malicious,0.9999982118606568
Malicious,Malicious,0.9999986886978148
Malicious,Malicious,0.9999991655349731
Malicious,Malicious,0.9999895095825196
Malicious,Malicious,0.9999972581863404
Malicious,Malicious,0.9999982118606568
Malicious,Malicious,0.9999984502792358
Malicious,Malicious,0.999996304512024
Malicious,Malicious,0.9999984502792358
Malicious,Malicious,0.9999988079071044
Malicious,Malicious,0.9999986886978148
Malicious,Malicious,0.9999971389770508
Malicious,Malicious,0.9999964237213136
Malicious,Malicious,0.9999988079071044
Malicious,Malicious,0.9999982118606568
Malicious,Malicious,0.9999982118606568
Malicious,Malicious,0.999992609024048
Malicious,Malicious,0.9999986886978148
Malicious,Malicious,0.9999988079071044
Malicious,Malicious,0.9999986886978148
Malicious,Malicious,0.9999982118606568
Malicious,Malicious,0.999997854232788
Malicious,Malicious,0.9999971389770508
Malicious,Malicious,0.9999991655349731
Malicious,Malicious,0.999998927116394
Malicious,Malicious,0.9999986886978148
Malicious,Malicious,0.9999984502792358
Malicious,Malicious,0.9999984502792358
Malicious,Malicious,0.9999986886978148
Malicious,Malicious,0.9999972581863404
Malicious,Malicious,0.9999840259552002
Malicious,Malicious,0.9999982118606568
Malicious,Malicious,0.9999988079071044
Malicious,Malicious,0.9999986886978148
Malicious,Malicious,0.9999985694885254
Malicious,Malicious,0.9999969005584716
Malicious,Malicious,0.9999982118606568
Malicious,Malicious,0.9999986886978148
Malicious,Malicious,0.9999988079071044
Malicious,Malicious,0.999998927116394
Malicious,Malicious,0.9999984502792358
Malicious,Malicious,0.9999991655349731
Malicious,Malicious,0.999948501586914
Malicious,Malicious,0.9999988079071044
Malicious,Malicious,0.9999988079071044
Malicious,Malicious,0.9999982118606568
Malicious,Malicious,0.9999951124191284
Malicious,Malicious,0.9999986886978148
Malicious,Malicious,0.9999983310699464
Malicious,Malicious,0.9999961853027344
Malicious,Malicious,0.9999982118606568
Malicious,Malicious,0.994998335838318
Malicious,Malicious,0.9999966621398926
Malicious,Malicious,0.9999984502792358
Malicious,Malicious,0.9999929666519164
Malicious,Malicious,0.9999984502792358
Malicious,Benign,0.0008339014602825046
Malicious,Malicious,0.9999984502792358
Malicious,Malicious,0.9999979734420776
Malicious,Malicious,0.9999895095825196
Malicious,Malicious,0.9999982118606568
Malicious,Malicious,0.9999982118606568
Malicious,Malicious,0.9999984502792358
Malicious,Malicious,0.999996304512024
Malicious,Malicious,0.9999986886978148
Malicious,Malicious,0.9999986886978148
Malicious,Malicious,0.9999986886978148
Malicious,Malicious,0.9999982118606568
Malicious,Malicious,0.9999982118606568
Malicious,Malicious,0.9999984502792358
Malicious,Malicious,0.9999985694885254
Malicious,Malicious,0.9999986886978148
Malicious,Malicious,0.9999986886978148
Malicious,Malicious,0.999992847442627
Malicious,Malicious,0.999998927116394
Malicious,Malicious,0.9999988079071044
Malicious,Malicious,0.9999986886978148
Malicious,Malicious,0.9999982118606568
Malicious,Malicious,0.9999982118606568
Malicious,Malicious,0.9999982118606568
Malicious,Malicious,0.9999974966049194
Malicious,Malicious,0.9999979734420776
Malicious,Benign,0.0008389661088585854
Malicious,Malicious,0.9999984502792358
Malicious,Malicious,0.9999980926513672
Malicious,Malicious,0.9999984502792358
Malicious,Malicious,0.9999982118606568
Malicious,Malicious,0.9999988079071044
Malicious,Malicious,0.9999977350234984
Malicious,Malicious,0.9999988079071044
Malicious,Malicious,0.9999986886978148
Malicious,Malicious,0.999998927116394
Malicious,Malicious,0.9999988079071044
Malicious,Malicious,0.9999986886978148
Malicious,Malicious,0.9999988079071044
Malicious,Malicious,0.9999933242797852
Malicious,Malicious,0.9999984502792358
Malicious,Malicious,0.9999984502792358
Malicious,Malicious,0.9999984502792358
Malicious,Malicious,0.999998927116394
Malicious,Malicious,0.9999984502792358
Malicious,Malicious,0.9999977350234984
Malicious,Malicious,0.9999986886978148
Malicious,Malicious,0.9999982118606568
Malicious,Malicious,0.9999988079071044
Malicious,Malicious,0.999998927116394
Malicious,Malicious,0.9999979734420776
Malicious,Malicious,0.9999970197677612
Malicious,Malicious,0.9999899864196776
Malicious,Malicious,0.9999986886978148
Malicious,Malicious,0.9999908208847046
Malicious,Malicious,0.999998927116394
Malicious,Malicious,0.9999982118606568
Malicious,Malicious,0.9999982118606568
Malicious,Malicious,0.9999985694885254
Malicious,Malicious,0.9999665021896362
Malicious,Malicious,0.9999994039535522
Malicious,Malicious,0.9999986886978148
Malicious,Malicious,0.9999988079071044
Malicious,Malicious,0.9999920129776
Malicious,Malicious,0.9999991655349731
Malicious,Malicious,0.9999991655349731
Malicious,Malicious,0.9999986886978148
Malicious,Malicious,0.999998927116394
Malicious,Malicious,0.9999984502792358
Malicious,Malicious,0.999998927116394
Malicious,Malicious,0.999998927116394
Malicious,Malicious,0.9999988079071044
Malicious,Malicious,0.9999510049819946
Malicious,Malicious,0.9999982118606568
Malicious,Malicious,0.999992609024048
Malicious,Benign,0.0235266331583261
Malicious,Malicious,0.9999991655349731
Malicious,Malicious,0.9999984502792358
Malicious,Malicious,0.9999876022338868
Malicious,Malicious,0.9999986886978148
Malicious,Malicious,0.9999984502792358
Malicious,Malicious,0.9999984502792358
Malicious,Malicious,0.9999986886978148
Malicious,Malicious,0.9999982118606568
Malicious,Malicious,0.999998927116394
Malicious,Malicious,0.9999986886978148
Malicious,Malicious,0.9999984502792358
Malicious,Malicious,0.9999984502792358
Malicious,Malicious,0.9999966621398926
Malicious,Malicious,0.9999984502792358
Malicious,Malicious,0.9999934434890748
Malicious,Malicious,0.9999986886978148
Malicious,Malicious,0.9999982118606568
Malicious,Malicious,0.9999984502792358
Malicious,Malicious,0.9999984502792358
Malicious,Malicious,0.9999983310699464
Malicious,Malicious,0.9999959468841552
Malicious,Malicious,0.9999982118606568
Malicious,Malicious,0.9999895095825196
Malicious,Malicious,0.9999983310699464
Malicious,Malicious,0.9999984502792358
Malicious,Malicious,0.9999986886978148
Malicious,Malicious,0.9999964237213136
Malicious,Malicious,0.9999986886978148
Malicious,Malicious,0.9999988079071044
Malicious,Malicious,0.9999986886978148
Malicious,Malicious,0.999997854232788
Malicious,Malicious,0.9999984502792358
Malicious,Malicious,0.9999979734420776
Malicious,Malicious,0.9999986886978148
Malicious,Malicious,0.999998927116394
Malicious,Malicious,0.9999982118606568
Malicious,Malicious,0.9999984502792358
Malicious,Malicious,0.999997615814209
Malicious,Malicious,0.9999984502792358
Malicious,Malicious,0.9999984502792358
Malicious,Malicious,0.9999985694885254
Malicious,Malicious,0.9999986886978148
Malicious,Malicious,0.9999984502792358
Malicious,Malicious,0.9999980926513672
Malicious,Malicious,0.9999974966049194
Malicious,Malicious,0.9999990463256836
Malicious,Malicious,0.9999984502792358
Malicious,Malicious,0.999998927116394
Malicious,Malicious,0.9999986886978148
Malicious,Malicious,0.999998927116394
Malicious,Malicious,0.9999988079071044
Malicious,Malicious,0.9999986886978148
Malicious,Malicious,0.9999986886978148
Malicious,Malicious,0.9999986886978148
Malicious,Malicious,0.9999982118606568
Malicious,Malicious,0.9999982118606568
Malicious,Malicious,0.9999979734420776
Malicious,Malicious,0.9999984502792358
Malicious,Malicious,0.9999984502792358
Malicious,Malicious,0.999998927116394
Malicious,Malicious,0.9999992847442628
Malicious,Malicious,0.9999984502792358
Malicious,Malicious,0.9999986886978148
Malicious,Malicious,0.9999986886978148
Malicious,Malicious,0.999974250793457
Malicious,Malicious,0.9999983310699464
Malicious,Malicious,0.9999986886978148
Malicious,Malicious,0.9999986886978148
Malicious,Malicious,0.999998927116394
Malicious,Malicious,0.9999988079071044
Malicious,Malicious,0.9999982118606568
Malicious,Malicious,0.9999985694885254
Malicious,Malicious,0.9999984502792358
Malicious,Malicious,0.9999984502792358
Malicious,Malicious,0.9999988079071044
Malicious,Malicious,0.9999982118606568
Malicious,Malicious,0.9999971389770508
Malicious,Malicious,0.9999988079071044
Malicious,Malicious,0.9999982118606568
Malicious,Malicious,0.9999938011169434
Malicious,Malicious,0.9999805688858032
Malicious,Malicious,0.9999984502792358
Malicious,Malicious,0.9999966621398926
Malicious,Malicious,0.9999986886978148
Malicious,Malicious,0.9999986886978148
Malicious,Malicious,0.9999984502792358
Malicious,Malicious,0.9999986886978148
Malicious,Malicious,0.9999945163726808
Malicious,Malicious,0.9999991655349731
Malicious,Malicious,0.9999971389770508
Malicious,Malicious,0.9999984502792358
Malicious,Malicious,0.9999986886978148
Malicious,Malicious,0.9999939203262328
Malicious,Malicious,0.999997854232788
Malicious,Malicious,0.9999818801879884
Malicious,Malicious,0.9999982118606568
Malicious,Malicious,0.9999980926513672
Malicious,Malicious,0.9999982118606568
Malicious,Malicious,0.9999988079071044
Malicious,Malicious,0.9999983310699464
Malicious,Malicious,0.9999938011169434
Malicious,Malicious,0.9999996423721312
Malicious,Malicious,0.9999980926513672
Malicious,Malicious,0.999998927116394
Malicious,Malicious,0.9999982118606568
Malicious,Malicious,0.9999929666519164
Malicious,Malicious,0.9999990463256836
Malicious,Malicious,0.9999986886978148
Malicious,Malicious,0.999998927116394
Malicious,Malicious,0.9999984502792358
Malicious,Malicious,0.999998927116394
Malicious,Malicious,0.9999982118606568
Malicious,Malicious,0.9999988079071044
Malicious,Malicious,0.9999986886978148
Malicious,Malicious,0.9999996423721312
Malicious,Malicious,0.999997854232788
Malicious,Malicious,0.9999924898147584
Malicious,Malicious,0.9999655485153198
Malicious,Malicious,0.9999986886978148
Malicious,Malicious,0.9999982118606568
Malicious,Malicious,0.9999982118606568
Malicious,Malicious,0.9999988079071044
Malicious,Malicious,0.9999991655349731
Malicious,Malicious,0.9999986886978148
Malicious,Malicious,0.999997615814209
Malicious,Malicious,0.998853087425232
Malicious,Malicious,0.9999988079071044
Malicious,Malicious,0.9999986886978148
Malicious,Malicious,0.9999982118606568
Malicious,Malicious,0.9999986886978148
Malicious,Malicious,0.999998927116394
Malicious,Malicious,0.999996781349182
Malicious,Malicious,0.9999982118606568
Malicious,Malicious,0.9999605417251588
Malicious,Malicious,0.999990940093994
Malicious,Benign,0.0105898659676313
Malicious,Malicious,0.9999994039535522
Malicious,Malicious,0.9999988079071044
Malicious,Malicious,0.999998927116394
Malicious,Malicious,0.9999954700469972
Malicious,Malicious,0.9999982118606568
Malicious,Malicious,0.9999986886978148
Malicious,Malicious,0.9999984502792358
Malicious,Malicious,0.9999988079071044
Malicious,Malicious,0.9999958276748656
Malicious,Malicious,0.999996542930603
Malicious,Malicious,0.999997615814209
Malicious,Malicious,0.9999982118606568
Malicious,Malicious,0.999998927116394
Malicious,Malicious,0.9999988079071044
Malicious,Malicious,0.9999970197677612
Malicious,Malicious,0.9999986886978148
Malicious,Malicious,0.999998927116394
Malicious,Malicious,0.9999971389770508
Malicious,Malicious,0.9999982118606568
Malicious,Malicious,0.9999984502792358
Malicious,Malicious,0.9999895095825196
Malicious,Malicious,0.9999984502792358
Malicious,Malicious,0.999997615814209
Malicious,Malicious,0.9999984502792358
Malicious,Malicious,0.9999982118606568
Malicious,Malicious,0.999994158744812
Malicious,Malicious,0.9999988079071044
Malicious,Malicious,0.9999990463256836
Malicious,Malicious,0.9999986886978148
Malicious,Malicious,0.9999988079071044
Malicious,Malicious,0.9999748468399048
Malicious,Malicious,0.9999982118606568
Malicious,Malicious,0.9999988079071044
Malicious,Malicious,0.9999982118606568
Malicious,Malicious,0.999992609024048
Malicious,Malicious,0.999997854232788
Malicious,Malicious,0.9999982118606568
Malicious,Malicious,0.999996542930603
Malicious,Malicious,0.9999982118606568
Malicious,Malicious,0.9999986886978148
Malicious,Malicious,0.99999737739563
Malicious,Malicious,0.9999986886978148
Malicious,Malicious,0.9999982118606568
Malicious,Malicious,0.9999984502792358
Malicious,Malicious,0.9999988079071044
Malicious,Malicious,0.9999983310699464
Malicious,Malicious,0.9999891519546508
Malicious,Malicious,0.9999982118606568
Malicious,Malicious,0.9999984502792358
Malicious,Malicious,0.9999977350234984
Malicious,Malicious,0.9999990463256836
Malicious,Malicious,0.9999984502792358
Malicious,Malicious,0.9999983310699464
Malicious,Malicious,0.9999984502792358
Malicious,Malicious,0.9999988079071044
Malicious,Malicious,0.9999951124191284
Malicious,Malicious,0.9999873638153076
Malicious,Malicious,0.9999984502792358
Malicious,Malicious,0.9999984502792358
Malicious,Malicious,0.9999974966049194
Malicious,Malicious,0.999997615814209
Malicious,Malicious,0.9999986886978148
Malicious,Malicious,0.9999984502792358
Malicious,Malicious,0.9999984502792358
Malicious,Malicious,0.9999988079071044
Malicious,Malicious,0.9999986886978148
Malicious,Malicious,0.9999988079071044
Malicious,Malicious,0.9999980926513672
Malicious,Malicious,0.999998927116394
Malicious,Malicious,0.9999986886978148
Malicious,Malicious,0.9999990463256836
Malicious,Malicious,0.9999979734420776
Malicious,Malicious,0.9999984502792358
Malicious,Malicious,0.9999982118606568
Malicious,Malicious,0.9999752044677734
Malicious,Malicious,0.9999988079071044
Malicious,Malicious,0.9999986886978148
Malicious,Malicious,0.9999982118606568
Malicious,Malicious,0.9999990463256836
Malicious,Malicious,0.9999984502792358
Malicious,Malicious,0.999998927116394
Malicious,Malicious,0.9999645948410034
Malicious,Benign,0.0017197619890794
Malicious,Malicious,0.9999984502792358
Malicious,Malicious,0.999998927116394
Malicious,Malicious,0.9999979734420776
Malicious,Malicious,0.9999892711639404
Malicious,Malicious,0.9999988079071044
Malicious,Malicious,0.9999984502792358
Malicious,Malicious,0.9999971389770508
Malicious,Malicious,0.9999979734420776
Malicious,Malicious,0.9999984502792358
Malicious,Malicious,0.9999984502792358
Malicious,Malicious,0.9391042590141296
Malicious,Malicious,0.9999984502792358
Malicious,Malicious,0.9999988079071044
Malicious,Malicious,0.9999984502792358
Malicious,Malicious,0.9999990463256836
Malicious,Malicious,0.9999985694885254
Malicious,Benign,0.016829190775752
Malicious,Malicious,0.999997615814209
Malicious,Malicious,0.9999986886978148
Malicious,Malicious,0.9999982118606568
Malicious,Malicious,0.9999984502792358
Malicious,Malicious,0.9999982118606568
Malicious,Malicious,0.999996304512024
Malicious,Malicious,0.9999984502792358
Malicious,Malicious,0.9999986886978148
Malicious,Malicious,0.9999986886978148
Malicious,Malicious,0.999998927116394
Malicious,Malicious,0.9999986886978148
Malicious,Malicious,0.9999982118606568
Malicious,Malicious,0.9999982118606568
Malicious,Malicious,0.9999988079071044
Malicious,Malicious,0.9999984502792358
Malicious,Malicious,0.9999988079071044
Malicious,Malicious,0.999998927116394
Malicious,Malicious,0.9999830722808838
Malicious,Malicious,0.9999974966049194
Malicious,Malicious,0.9999971389770508
Malicious,Malicious,0.9999986886978148
Malicious,Malicious,0.9999984502792358
Malicious,Malicious,0.9999988079071044
Malicious,Malicious,0.9999991655349731
Malicious,Malicious,0.9999988079071044
Malicious,Malicious,0.9999984502792358
Malicious,Malicious,0.9999966621398926
Malicious,Malicious,0.9999710321426392
Malicious,Malicious,0.9999986886978148
Malicious,Malicious,0.9999984502792358
Malicious,Malicious,0.9999498128890992
Malicious,Malicious,0.9999984502792358
Malicious,Malicious,0.9999986886978148
Malicious,Malicious,0.9946019649505616
Malicious,Malicious,0.9999974966049194
Malicious,Malicious,0.9999991655349731
Malicious,Malicious,0.9999984502792358
Malicious,Malicious,0.9999991655349731
Malicious,Malicious,0.999998927116394
Malicious,Malicious,0.9999984502792358
Malicious,Malicious,0.9999974966049194
Malicious,Malicious,0.9999982118606568
Malicious,Malicious,0.9999986886978148
Malicious,Malicious,0.9999988079071044
Malicious,Malicious,0.9999986886978148
Malicious,Malicious,0.9999971389770508
Malicious,Malicious,0.9999984502792358
Malicious,Malicious,0.9999988079071044
Malicious,Malicious,0.9999990463256836
Malicious,Malicious,0.999990940093994
Malicious,Malicious,0.9999991655349731
Malicious,Malicious,0.9999984502792358
Malicious,Malicious,0.9999982118606568
Malicious,Malicious,0.9999974966049194
Malicious,Malicious,0.9999982118606568
Malicious,Malicious,0.999998927116394
Malicious,Malicious,0.9999988079071044
Malicious,Malicious,0.9999986886978148
Malicious,Malicious,0.9999982118606568
Malicious,Malicious,0.999998927116394
Malicious,Malicious,0.9999972581863404
Malicious,Malicious,0.9999966621398926
Malicious,Malicious,0.9999984502792358
Malicious,Malicious,0.999998927116394
Malicious,Malicious,0.9999507665634156
Malicious,Malicious,0.9999991655349731
Malicious,Malicious,0.999997854232788
Malicious,Malicious,0.9999992847442628
Malicious,Malicious,0.9999988079071044
Malicious,Malicious,0.9999988079071044
Malicious,Malicious,0.9999984502792358
Malicious,Malicious,0.9999984502792358
Malicious,Malicious,0.9999986886978148
Malicious,Malicious,0.9999970197677612
Malicious,Malicious,0.9999986886978148
Malicious,Malicious,0.9999984502792358
Malicious,Malicious,0.9999737739562988
Malicious,Malicious,0.9999966621398926
Malicious,Malicious,0.9999986886978148
Malicious,Malicious,0.9999988079071044
Malicious,Malicious,0.9999966621398926
Malicious,Malicious,0.999990940093994
Malicious,Malicious,0.9999986886978148
Malicious,Malicious,0.9999986886978148
Malicious,Malicious,0.999998927116394
Malicious,Malicious,0.9999971389770508
Malicious,Malicious,0.9999885559082032
Malicious,Malicious,0.9999984502792358
Malicious,Malicious,0.999962568283081
Malicious,Malicious,0.9999984502792358
Malicious,Malicious,0.9999988079071044
Malicious,Malicious,0.9999984502792358
Malicious,Malicious,0.9999992847442628
Malicious,Malicious,0.999964952468872
Malicious,Malicious,0.9999984502792358
Malicious,Malicious,0.9999990463256836
Malicious,Malicious,0.9999982118606568
Malicious,Malicious,0.999998927116394
Malicious,Malicious,0.9999680519104004
Malicious,Malicious,0.9999985694885254
Malicious,Malicious,0.9999985694885254
Malicious,Malicious,0.9999912977218628
Malicious,Malicious,0.9999988079071044
Malicious,Malicious,0.9999982118606568
Malicious,Malicious,0.9999176263809204
Malicious,Malicious,0.9999988079071044
Malicious,Malicious,0.9999986886978148
Malicious,Malicious,0.9999971389770508
Malicious,Malicious,0.9998912811279296
Malicious,Malicious,0.9999986886978148
Malicious,Malicious,0.9999980926513672
Malicious,Malicious,0.9999912977218628
Malicious,Malicious,0.9999982118606568
Malicious,Malicious,0.9999986886978148
Malicious,Malicious,0.9999966621398926
Malicious,Malicious,0.9999986886978148
Malicious,Malicious,0.9999988079071044
Malicious,Malicious,0.9999984502792358
Malicious,Malicious,0.9999982118606568
Malicious,Malicious,0.9999982118606568
Malicious,Malicious,0.999998927116394
Malicious,Malicious,0.999997615814209
Malicious,Malicious,0.9999982118606568
Malicious,Malicious,0.9999984502792358
Malicious,Malicious,0.9999961853027344
Malicious,Malicious,0.9999984502792358
Malicious,Malicious,0.9999966621398926
Malicious,Malicious,0.9999980926513672
Malicious,Malicious,0.9999984502792358
Malicious,Malicious,0.9999984502792358
Malicious,Malicious,0.9999992847442628
Malicious,Malicious,0.9999974966049194
Malicious,Malicious,0.9999986886978148
Malicious,Malicious,0.5244212746620178
Malicious,Malicious,0.9999988079071044
Malicious,Malicious,0.9999982118606568
Malicious,Malicious,0.999998927116394
Malicious,Malicious,0.9999948740005492
Malicious,Malicious,0.9999982118606568
Malicious,Malicious,0.9999953508377076
Malicious,Malicious,0.9999985694885254
Malicious,Malicious,0.9999948740005492
Malicious,Malicious,0.999998927116394
Malicious,Malicious,0.9999986886978148
Malicious,Malicious,0.9999991655349731
Malicious,Malicious,0.9999988079071044
Malicious,Malicious,0.9999949932098388
Malicious,Malicious,0.999980092048645
Malicious,Malicious,0.999998927116394
Malicious,Malicious,0.9999985694885254
Malicious,Benign,0.0088840266689658
Malicious,Malicious,0.9999986886978148
Malicious,Malicious,0.9999982118606568
Malicious,Malicious,0.9999986886978148
Malicious,Malicious,0.999998927116394
Malicious,Malicious,0.9999984502792358
Malicious,Malicious,0.9999983310699464
Malicious,Malicious,0.9999986886978148
Malicious,Malicious,0.9999986886978148
Malicious,Malicious,0.9999982118606568
Malicious,Malicious,0.9999979734420776
Malicious,Malicious,0.9999988079071044
Malicious,Malicious,0.999994158744812
Malicious,Malicious,0.9999982118606568
Malicious,Malicious,0.999998927116394
Malicious,Malicious,0.9999983310699464
Malicious,Malicious,0.9999986886978148
Malicious,Malicious,0.9999979734420776
Malicious,Malicious,0.9999984502792358
Malicious,Malicious,0.9999988079071044
Malicious,Malicious,0.9999982118606568
Malicious,Malicious,0.9999970197677612
Malicious,Malicious,0.999997854232788
Malicious,Malicious,0.9999982118606568
Malicious,Malicious,0.9999918937683104
Malicious,Malicious,0.999987244606018
Malicious,Malicious,0.9999932050704956
Malicious,Malicious,0.999991774559021
Malicious,Malicious,0.9999982118606568
Malicious,Malicious,0.9999935626983644
Malicious,Malicious,0.9999982118606568
Malicious,Malicious,0.999998927116394
Malicious,Malicious,0.9999980926513672
Malicious,Malicious,0.9999988079071044
Malicious,Malicious,0.9999886751174928
Malicious,Malicious,0.9999891519546508
Malicious,Malicious,0.9999984502792358
Malicious,Malicious,0.9999986886978148
Malicious,Malicious,0.9999986886978148
Malicious,Malicious,0.9999983310699464
Malicious,Malicious,0.9999982118606568
Malicious,Malicious,0.9999986886978148
Malicious,Malicious,0.9999988079071044
Malicious,Malicious,0.9999977350234984
Malicious,Malicious,0.9999988079071044
Malicious,Malicious,0.9998052716255188
Malicious,Malicious,0.9999986886978148
Malicious,Malicious,0.9999985694885254
Malicious,Malicious,0.9997774958610536
Malicious,Malicious,0.9999988079071044
Malicious,Malicious,0.9999988079071044
Malicious,Malicious,0.9999966621398926
Malicious,Malicious,0.9999988079071044
Malicious,Malicious,0.999998927116394
Malicious,Malicious,0.9999135732650756
Malicious,Malicious,0.9999988079071044
Malicious,Malicious,0.9999986886978148
Malicious,Malicious,0.9999991655349731
Malicious,Malicious,0.9999982118606568
Malicious,Malicious,0.9999943971633912
Malicious,Malicious,0.9876749515533448
Malicious,Malicious,0.9999982118606568
Malicious,Malicious,0.9999971389770508
Malicious,Malicious,0.9999982118606568
Malicious,Malicious,0.9999986886978148
Malicious,Malicious,0.9999977350234984
Malicious,Malicious,0.9999980926513672
Malicious,Malicious,0.9999991655349731
Malicious,Benign,0.0036625545471906
Malicious,Malicious,0.9999984502792358
Malicious,Malicious,0.9999948740005492
Malicious,Malicious,0.9999986886978148
Malicious,Malicious,0.9999983310699464
Malicious,Malicious,0.9999982118606568
Malicious,Malicious,0.9999982118606568
Malicious,Malicious,0.9999971389770508
Malicious,Malicious,0.9999986886978148
Malicious,Malicious,0.9999996423721312
Malicious,Malicious,0.9999986886978148
Malicious,Benign,0.0540035665035247
Malicious,Malicious,0.9999988079071044
Malicious,Malicious,0.999992609024048
Malicious,Malicious,0.9999732971191406
Malicious,Malicious,0.9999982118606568
Malicious,Malicious,0.9999986886978148
Malicious,Malicious,0.9999982118606568
Malicious,Malicious,0.9999855756759644
Malicious,Malicious,0.9999986886978148
Malicious,Malicious,0.9999988079071044
Malicious,Malicious,0.9999986886978148
Malicious,Malicious,0.9999988079071044
Malicious,Malicious,0.9999983310699464
Malicious,Malicious,0.9999982118606568
Malicious,Malicious,0.9999979734420776
Malicious,Malicious,0.9999948740005492
Malicious,Malicious,0.9999966621398926
Malicious,Malicious,0.9999970197677612
Malicious,Malicious,0.9999984502792358
Malicious,Malicious,0.9999986886978148
Malicious,Malicious,0.9999982118606568
Malicious,Malicious,0.9999982118606568
Malicious,Malicious,0.9999988079071044
Malicious,Malicious,0.9999984502792358
Malicious,Malicious,0.9999996423721312
Malicious,Malicious,0.9999982118606568
Malicious,Malicious,0.9999982118606568
Malicious,Malicious,0.9999982118606568
Malicious,Malicious,0.999997615814209
Malicious,Malicious,0.9999608993530272
Malicious,Malicious,0.9999988079071044
Malicious,Malicious,0.9999901056289672
Malicious,Malicious,0.9999982118606568
Malicious,Malicious,0.9999984502792358
Malicious,Malicious,0.9999982118606568
Malicious,Malicious,0.9999823570251464
Malicious,Malicious,0.9999988079071044
Malicious,Malicious,0.9999897480010986
Malicious,Malicious,0.9999986886978148
Malicious,Malicious,0.999996304512024
Malicious,Malicious,0.9999974966049194
Malicious,Malicious,0.9999988079071044
Malicious,Malicious,0.9999982118606568
Malicious,Malicious,0.9999982118606568
Malicious,Malicious,0.9999977350234984
Malicious,Malicious,0.999998927116394
Malicious,Malicious,0.9999977350234984
Malicious,Malicious,0.9999984502792358
Malicious,Malicious,0.999997854232788
Malicious,Malicious,0.9999990463256836
Malicious,Malicious,0.9999991655349731
Malicious,Malicious,0.9999988079071044
Malicious,Malicious,0.9999961853027344
Malicious,Benign,0.0118121681734919
Malicious,Malicious,0.9999982118606568
Malicious,Malicious,0.9999982118606568
Malicious,Malicious,0.9999984502792358
Malicious,Malicious,0.999998927116394
Malicious,Malicious,0.999997615814209
Malicious,Benign,0.1551556140184402
Malicious,Malicious,0.9999972581863404
Malicious,Malicious,0.9999982118606568
Malicious,Malicious,0.9999984502792358
Malicious,Malicious,0.9999984502792358
Malicious,Malicious,0.9999979734420776
Malicious,Malicious,0.9999988079071044
Malicious,Malicious,0.999998927116394
Malicious,Malicious,0.9999936819076538
Malicious,Malicious,0.9999982118606568
Malicious,Malicious,0.9999984502792358
Malicious,Malicious,0.9999984502792358
Malicious,Malicious,0.9999990463256836
Malicious,Malicious,0.9999988079071044
Malicious,Malicious,0.9999977350234984
Malicious,Malicious,0.999998927116394
Malicious,Malicious,0.9998819828033448
Malicious,Malicious,0.999985933303833
Malicious,Malicious,0.9999971389770508
Malicious,Malicious,0.9999982118606568
Malicious,Malicious,0.999997615814209
Malicious,Malicious,0.9999988079071044
Malicious,Malicious,0.9999971389770508
Malicious,Malicious,0.9999988079071044
Malicious,Malicious,0.9999984502792358
Malicious,Malicious,0.9999984502792358
Malicious,Malicious,0.9999986886978148
Malicious,Malicious,0.9999977350234984
Malicious,Malicious,0.9999953508377076
Malicious,Malicious,0.9999991655349731
Malicious,Malicious,0.9999992847442628
Malicious,Malicious,0.9999982118606568
Malicious,Malicious,0.9999988079071044
Malicious,Malicious,0.9999983310699464
Malicious,Malicious,0.9999986886978148
Malicious,Malicious,0.9999984502792358
Malicious,Malicious,0.9999982118606568
Malicious,Malicious,0.9999986886978148
Malicious,Malicious,0.9999982118606568
Malicious,Malicious,0.9999984502792358
Malicious,Malicious,0.9999986886978148
Malicious,Malicious,0.9999991655349731
Malicious,Malicious,0.9999986886978148
Malicious,Malicious,0.996701180934906
Malicious,Malicious,0.9999982118606568
Malicious,Malicious,0.9999980926513672
Malicious,Malicious,0.9999982118606568
Malicious,Malicious,0.9999982118606568
Malicious,Malicious,0.9999982118606568
Malicious,Malicious,0.9999986886978148
Malicious,Malicious,0.9999991655349731
Malicious,Malicious,0.9999971389770508
Malicious,Malicious,0.9999971389770508
Malicious,Malicious,0.9999991655349731
Malicious,Malicious,0.9976593255996704
Malicious,Malicious,0.9999986886978148
Malicious,Malicious,0.9999974966049194
Malicious,Malicious,0.9999986886978148
Malicious,Malicious,0.9999947547912598
Malicious,Malicious,0.9999988079071044
Malicious,Malicious,0.9999986886978148
Malicious,Malicious,0.9999988079071044
Malicious,Malicious,0.9999984502792358
Malicious,Malicious,0.9999986886978148
Malicious,Malicious,0.9999985694885254
Malicious,Malicious,0.9999984502792358
Malicious,Malicious,0.9999988079071044
Malicious,Malicious,0.9999982118606568
Malicious,Malicious,0.9999988079071044
Malicious,Malicious,0.9999991655349731
Malicious,Malicious,0.9999974966049194
Malicious,Malicious,0.9999977350234984
Malicious,Malicious,0.9984365105628968
Malicious,Malicious,0.99999737739563
Malicious,Malicious,0.999985933303833
Malicious,Malicious,0.9999984502792358
Malicious,Malicious,0.9999971389770508
Malicious,Malicious,0.9999982118606568
Malicious,Malicious,0.999997615814209
Malicious,Malicious,0.9999986886978148
Malicious,Malicious,0.9999986886978148
Malicious,Malicious,0.9999984502792358
Malicious,Malicious,0.9999984502792358
Malicious,Malicious,0.9999979734420776
Malicious,Malicious,0.9999986886978148
Malicious,Malicious,0.9999984502792358
Malicious,Malicious,0.9999984502792358
Malicious,Malicious,0.9999986886978148
Malicious,Malicious,0.9999986886978148
Malicious,Malicious,0.9999982118606568
Malicious,Malicious,0.9999986886978148
Malicious,Malicious,0.9999990463256836
Malicious,Malicious,0.9999988079071044
Malicious,Malicious,0.9999982118606568
Malicious,Malicious,0.9999923706054688
Malicious,Malicious,0.9999988079071044
Malicious,Malicious,0.9999986886978148
Malicious,Malicious,0.999998927116394
Malicious,Malicious,0.9999988079071044
Malicious,Malicious,0.9999977350234984
Malicious,Malicious,0.9999982118606568
Malicious,Malicious,0.9999986886978148
Malicious,Malicious,0.9999982118606568
Malicious,Malicious,0.9999979734420776
Malicious,Malicious,0.9999982118606568
Malicious,Malicious,0.9999982118606568
Malicious,Malicious,0.9999984502792358
Malicious,Malicious,0.9999974966049194
Malicious,Malicious,0.9999982118606568
Malicious,Malicious,0.9999982118606568
Malicious,Malicious,0.9999988079071044
Malicious,Malicious,0.9999984502792358
Malicious,Malicious,0.9999969005584716
Malicious,Malicious,0.9999982118606568
Malicious,Malicious,0.9999986886978148
Malicious,Malicious,0.9999984502792358
Malicious,Malicious,0.9999984502792358
Malicious,Malicious,0.9999986886978148
Malicious,Benign,0.0009306981810368598
Malicious,Malicious,0.9999984502792358
Malicious,Malicious,0.999997854232788
Malicious,Malicious,0.9999892711639404
Malicious,Benign,0.0005466470611281693
Malicious,Malicious,0.9999984502792358
Malicious,Malicious,0.999998927116394
Malicious,Malicious,0.9999986886978148
Malicious,Malicious,0.999992847442627
Malicious,Malicious,0.9999971389770508
Malicious,Malicious,0.9999982118606568
Malicious,Malicious,0.9999958276748656
Malicious,Malicious,0.999997615814209
Malicious,Malicious,0.9999994039535522
Malicious,Malicious,0.9999984502792358
Malicious,Malicious,0.9999982118606568
Malicious,Malicious,0.9999994039535522
Malicious,Malicious,0.9999984502792358
Malicious,Malicious,0.999998927116394
Malicious,Malicious,0.9999948740005492
Malicious,Malicious,0.9999979734420776
Malicious,Malicious,0.9999984502792358
Malicious,Malicious,0.9999982118606568
Malicious,Malicious,0.9999982118606568
Malicious,Malicious,0.9999988079071044
Malicious,Malicious,0.9999988079071044
Malicious,Malicious,0.9999982118606568
Malicious,Malicious,0.999998927116394
Malicious,Malicious,0.9999979734420776
Malicious,Malicious,0.9999983310699464
Malicious,Malicious,0.9999983310699464
Malicious,Malicious,0.999997854232788
Malicious,Malicious,0.9999984502792358
Malicious,Malicious,0.9999579191207886
Malicious,Malicious,0.999996304512024
Malicious,Malicious,0.9999988079071044
Malicious,Malicious,0.9999984502792358
Malicious,Malicious,0.9999990463256836
Malicious,Malicious,0.999964952468872
Malicious,Malicious,0.9999985694885254
Malicious,Malicious,0.9999982118606568
Malicious,Malicious,0.999998927116394
Malicious,Malicious,0.9999983310699464
Malicious,Malicious,0.9999868869781494
Malicious,Malicious,0.9999984502792358
Malicious,Malicious,0.9999990463256836
Malicious,Malicious,0.9999985694885254
Malicious,Malicious,0.9999984502792358
Malicious,Malicious,0.999993085861206
Malicious,Malicious,0.9999949932098388
Malicious,Malicious,0.999997615814209
Malicious,Malicious,0.9999984502792358
Malicious,Malicious,0.9999984502792358
Malicious,Malicious,0.999997615814209
Malicious,Malicious,0.999998927116394
Malicious,Malicious,0.9999971389770508
Malicious,Malicious,0.9999990463256836
Malicious,Malicious,0.9999984502792358
Malicious,Malicious,0.9999936819076538
Malicious,Malicious,0.9999988079071044
Malicious,Malicious,0.9999984502792358
Malicious,Malicious,0.9999960660934448
Malicious,Malicious,0.9999980926513672
Malicious,Malicious,0.9999986886978148
Malicious,Malicious,0.999997615814209
Malicious,Malicious,0.9999984502792358
Malicious,Malicious,0.999998927116394
Malicious,Malicious,0.999998927116394
Malicious,Malicious,0.9999971389770508
Malicious,Malicious,0.9999984502792358
Malicious,Malicious,0.999998927116394
Malicious,Malicious,0.999998927116394
Malicious,Malicious,0.9999971389770508
Malicious,Malicious,0.9999974966049194
Malicious,Malicious,0.9999992847442628
Malicious,Malicious,0.9999979734420776
Malicious,Malicious,0.9999986886978148
Malicious,Malicious,0.9999990463256836
Malicious,Malicious,0.9999984502792358
Malicious,Malicious,0.9999982118606568
Malicious,Malicious,0.9999984502792358
Malicious,Malicious,0.9999974966049194
Malicious,Malicious,0.9999988079071044
Malicious,Malicious,0.9999990463256836
Malicious,Malicious,0.9999984502792358
Malicious,Malicious,0.9999982118606568
Malicious,Malicious,0.999996304512024
Malicious,Malicious,0.9999984502792358
Malicious,Malicious,0.9999986886978148
Malicious,Malicious,0.9999986886978148
Malicious,Malicious,0.9999988079071044
Malicious,Malicious,0.9999982118606568
Malicious,Malicious,0.9999982118606568
Malicious,Malicious,0.9999810457229614
Malicious,Malicious,0.9999982118606568
Malicious,Malicious,0.9999982118606568
Malicious,Malicious,0.9999984502792358
Malicious,Malicious,0.9999992847442628
Malicious,Malicious,0.9999982118606568
Malicious,Malicious,0.9999984502792358
Malicious,Malicious,0.9999969005584716
Malicious,Benign,0.0075678378343582
Malicious,Malicious,0.9999986886978148
Malicious,Malicious,0.9999971389770508
Malicious,Malicious,0.9999984502792358
Malicious,Malicious,0.999998927116394
Malicious,Malicious,0.999998927116394
Malicious,Malicious,0.999997615814209
Malicious,Malicious,0.9999982118606568
Malicious,Malicious,0.9999969005584716
Malicious,Malicious,0.9999920129776
Malicious,Malicious,0.9999982118606568
Malicious,Malicious,0.9999986886978148
Malicious,Malicious,0.9999984502792358
Malicious,Malicious,0.9999988079071044
Malicious,Malicious,0.999997615814209
Malicious,Malicious,0.9999988079071044
Malicious,Malicious,0.999997854232788
Malicious,Malicious,0.9999988079071044
Malicious,Malicious,0.9999986886978148
Malicious,Malicious,0.9999984502792358
Malicious,Malicious,0.9999977350234984
Malicious,Malicious,0.999998927116394
Malicious,Malicious,0.9999986886978148
Malicious,Malicious,0.999998927116394
Malicious,Malicious,0.9974982142448424
Malicious,Malicious,0.9999982118606568
Malicious,Malicious,0.9999982118606568
Malicious,Malicious,0.9999986886978148
Malicious,Malicious,0.9999984502792358
Malicious,Malicious,0.9999986886978148
Malicious,Benign,0.0030598975718021
Malicious,Malicious,0.999998927116394
Malicious,Malicious,0.9999991655349731
Malicious,Malicious,0.9999971389770508
Malicious,Malicious,0.999997615814209
Malicious,Malicious,0.999996781349182
Malicious,Malicious,0.9999990463256836
Malicious,Malicious,0.9999991655349731
Malicious,Malicious,0.9999982118606568
Malicious,Malicious,0.9999982118606568
Malicious,Malicious,0.9999983310699464
Malicious,Malicious,0.9999912977218628
Malicious,Malicious,0.999996304512024
Malicious,Benign,0.0074705858714878
Malicious,Malicious,0.9999991655349731
Malicious,Malicious,0.9999986886978148
Malicious,Malicious,0.9999986886978148
Malicious,Malicious,0.999994158744812
Malicious,Malicious,0.9999982118606568
Malicious,Malicious,0.9999986886978148
Malicious,Malicious,0.9999974966049194
Malicious,Malicious,0.9999982118606568
Malicious,Malicious,0.9999991655349731
Malicious,Malicious,0.999998927116394
Malicious,Malicious,0.9999982118606568
Malicious,Malicious,0.999998927116394
Malicious,Malicious,0.999998927116394
Malicious,Malicious,0.9999988079071044
Malicious,Malicious,0.9999986886978148
Malicious,Malicious,0.9999982118606568
Malicious,Malicious,0.9999977350234984
Malicious,Malicious,0.9999971389770508
Malicious,Malicious,0.999996304512024
Malicious,Malicious,0.9999986886978148
Malicious,Malicious,0.9999982118606568
Malicious,Malicious,0.9999971389770508
Malicious,Benign,0.0069967713207006
Malicious,Malicious,0.9999929666519164
Malicious,Malicious,0.9999984502792358
Malicious,Malicious,0.9999988079071044
Malicious,Malicious,0.9999990463256836
Malicious,Malicious,0.9999982118606568
Malicious,Malicious,0.999948024749756
Malicious,Malicious,0.9999979734420776
Malicious,Malicious,0.9999971389770508
Malicious,Malicious,0.9999982118606568
Malicious,Malicious,0.9999984502792358
Malicious,Malicious,0.9999984502792358
Malicious,Malicious,0.9999984502792358
Malicious,Malicious,0.9999984502792358
Malicious,Malicious,0.9999986886978148
Malicious,Malicious,0.999998927116394
Malicious,Malicious,0.9999958276748656
Malicious,Malicious,0.9999982118606568
Malicious,Malicious,0.9999984502792358
Malicious,Malicious,0.9999986886978148
Malicious,Malicious,0.9999970197677612
Malicious,Malicious,0.9999986886978148
Malicious,Malicious,0.9999979734420776
Malicious,Malicious,0.9999868869781494
Malicious,Malicious,0.9999984502792358
Malicious,Malicious,0.9999983310699464
Malicious,Malicious,0.9999984502792358
Malicious,Malicious,0.999998927116394
Malicious,Malicious,0.9999988079071044
Malicious,Malicious,0.9999986886978148
Malicious,Malicious,0.999998927116394
Malicious,Malicious,0.9999984502792358
Malicious,Malicious,0.9999988079071044
Malicious,Malicious,0.9999822378158568
Malicious,Malicious,0.9999984502792358
Malicious,Malicious,0.9999991655349731
Malicious,Malicious,0.9999988079071044
Malicious,Malicious,0.9999988079071044
Malicious,Malicious,0.999993085861206
Malicious,Malicious,0.9999982118606568
Malicious,Malicious,0.9999982118606568
Malicious,Malicious,0.9999986886978148
Malicious,Malicious,0.9999964237213136
Malicious,Malicious,0.999998927116394
Malicious,Malicious,0.9999988079071044
Malicious,Malicious,0.9999982118606568
Malicious,Malicious,0.999998927116394
Malicious,Malicious,0.9999982118606568
Malicious,Malicious,0.9999982118606568
Malicious,Malicious,0.9999982118606568
Malicious,Malicious,0.999995231628418
Malicious,Malicious,0.999998927116394
Malicious,Malicious,0.999998927116394
Malicious,Malicious,0.9999988079071044
Malicious,Malicious,0.9971432089805604
Malicious,Malicious,0.9999986886978148
Malicious,Malicious,0.9999653100967408
Malicious,Malicious,0.9999986886978148
Malicious,Malicious,0.9999986886978148
Malicious,Malicious,0.9999988079071044
Malicious,Malicious,0.9999988079071044
Malicious,Malicious,0.999998927116394
Malicious,Malicious,0.9999984502792358
Malicious,Malicious,0.999996781349182
Malicious,Malicious,0.9999986886978148
Malicious,Malicious,0.9999984502792358
Malicious,Benign,0.0117221847176551
Malicious,Malicious,0.9999990463256836
Malicious,Benign,0.0032180179841816
Malicious,Malicious,0.9999979734420776
Malicious,Malicious,0.9999974966049194
Malicious,Malicious,0.9999988079071044
Malicious,Malicious,0.9999982118606568
Malicious,Malicious,0.9999984502792358
Malicious,Malicious,0.9999984502792358
Malicious,Malicious,0.9999983310699464
Malicious,Malicious,0.9999982118606568
Malicious,Malicious,0.9999830722808838
Malicious,Malicious,0.9999984502792358
Malicious,Malicious,0.9999984502792358
Malicious,Malicious,0.9993417859077454
Malicious,Malicious,0.9999984502792358
Malicious,Malicious,0.9997962117195128
Malicious,Malicious,0.9999982118606568
Malicious,Malicious,0.9999942779541016
Malicious,Benign,0.0038181704003363
Malicious,Malicious,0.9999990463256836
Malicious,Malicious,0.9999986886978148
Malicious,Malicious,0.9999988079071044
Malicious,Malicious,0.9999988079071044
Malicious,Malicious,0.9999990463256836
Malicious,Malicious,0.9999986886978148
Malicious,Benign,0.0624023862183094
Malicious,Malicious,0.9999428987503052
Malicious,Malicious,0.9999986886978148
Malicious,Malicious,0.9999982118606568
Malicious,Malicious,0.9999982118606568
Malicious,Malicious,0.9999982118606568
Malicious,Malicious,0.9999982118606568
Malicious,Malicious,0.9999951124191284
Malicious,Malicious,0.999996542930603
Malicious,Malicious,0.9999991655349731
Malicious,Malicious,0.9999948740005492
Malicious,Malicious,0.9999988079071044
Malicious,Malicious,0.9999986886978148
Malicious,Malicious,0.9999637603759766
Malicious,Malicious,0.9999986886978148
Malicious,Malicious,0.9999972581863404
Malicious,Malicious,0.999996304512024
Malicious,Malicious,0.9999982118606568
Malicious,Malicious,0.9999984502792358
Malicious,Malicious,0.9999984502792358
Malicious,Malicious,0.9999895095825196
Malicious,Malicious,0.9999980926513672
Malicious,Malicious,0.9999986886978148
Malicious,Malicious,0.9999982118606568
Malicious,Malicious,0.9999984502792358
Malicious,Malicious,0.9999988079071044
Malicious,Malicious,0.9999985694885254
Malicious,Malicious,0.9999988079071044
Malicious,Malicious,0.9999988079071044
Malicious,Malicious,0.9999986886978148
Malicious,Malicious,0.9999988079071044
Malicious,Malicious,0.9999982118606568
Malicious,Malicious,0.9999984502792358
Malicious,Malicious,0.9999964237213136
Malicious,Malicious,0.9999948740005492
Malicious,Malicious,0.9999977350234984
Malicious,Malicious,0.9999988079071044
Malicious,Malicious,0.999997854232788
Malicious,Malicious,0.9999988079071044
Malicious,Malicious,0.9999988079071044
Malicious,Malicious,0.9999982118606568
Malicious,Malicious,0.9999982118606568
Malicious,Malicious,0.9999986886978148
Malicious,Malicious,0.9999990463256836
Malicious,Malicious,0.9999986886978148
Malicious,Malicious,0.999997854232788
Malicious,Malicious,0.9999984502792358
Malicious,Benign,0.0006045062909834087
Malicious,Malicious,0.9999983310699464
Malicious,Malicious,0.9999983310699464
Malicious,Malicious,0.9999990463256836
Malicious,Malicious,0.9999984502792358
Malicious,Malicious,0.9999982118606568
Malicious,Malicious,0.9999986886978148
Malicious,Malicious,0.9999986886978148
Malicious,Malicious,0.9999986886978148
Malicious,Malicious,0.9999984502792358
Malicious,Malicious,0.9999988079071044
Malicious,Malicious,0.9999983310699464
Malicious,Malicious,0.9999984502792358
Malicious,Malicious,0.9999983310699464
Malicious,Malicious,0.9999984502792358
Malicious,Malicious,0.9999982118606568
Malicious,Malicious,0.9999892711639404
Malicious,Malicious,0.9999971389770508
Malicious,Malicious,0.9999982118606568
Malicious,Malicious,0.999998927116394
Malicious,Malicious,0.9999984502792358
Malicious,Malicious,0.999997854232788
Malicious,Malicious,0.9999992847442628
Malicious,Malicious,0.9999955892562866
Malicious,Malicious,0.999996781349182
Malicious,Malicious,0.9999984502792358
Malicious,Malicious,0.9999986886978148
Malicious,Malicious,0.9999980926513672
Malicious,Malicious,0.999998927116394
Malicious,Malicious,0.9999983310699464
Malicious,Malicious,0.9999370574951172
Malicious,Malicious,0.9999984502792358
Malicious,Malicious,0.9999977350234984
Malicious,Malicious,0.9999802112579346
Malicious,Malicious,0.999997615814209
Malicious,Malicious,0.9999991655349731
Malicious,Malicious,0.999981164932251
Malicious,Malicious,0.9999988079071044
Malicious,Malicious,0.9999988079071044
Malicious,Malicious,0.9351258277893066
Malicious,Malicious,0.999997615814209
Malicious,Malicious,0.9999988079071044
Malicious,Malicious,0.9999988079071044
Malicious,Malicious,0.9999982118606568
Malicious,Malicious,0.9999985694885254
Malicious,Malicious,0.9999986886978148
Malicious,Malicious,0.9999974966049194
Malicious,Malicious,0.9999982118606568
Malicious,Malicious,0.9999984502792358
Malicious,Malicious,0.9999988079071044
Malicious,Malicious,0.9999897480010986
Malicious,Malicious,0.9999980926513672
Malicious,Benign,0.0009393091895617544
Malicious,Malicious,0.999996304512024
Malicious,Malicious,0.9999949932098388
Malicious,Malicious,0.9999991655349731
Malicious,Malicious,0.999992847442627
Malicious,Malicious,0.9999982118606568
Malicious,Malicious,0.9999979734420776
Malicious,Malicious,0.9999986886978148
Malicious,Malicious,0.9999982118606568
Malicious,Benign,0.0651669278740882
Malicious,Malicious,0.9999982118606568
Malicious,Malicious,0.9999982118606568
Malicious,Malicious,0.9999980926513672
Malicious,Malicious,0.9999983310699464
Malicious,Malicious,0.9999984502792358
Malicious,Malicious,0.9999983310699464
Malicious,Malicious,0.9999996423721312
Malicious,Malicious,0.9999984502792358
Malicious,Malicious,0.9991071820259094
Malicious,Malicious,0.9987996816635132
Malicious,Malicious,0.9999991655349731
Malicious,Malicious,0.9999986886978148
Malicious,Malicious,0.9999984502792358
Malicious,Malicious,0.9999982118606568
Malicious,Malicious,0.9999982118606568
Malicious,Malicious,0.9999984502792358
Malicious,Malicious,0.9999964237213136
Malicious,Malicious,0.9999984502792358
Malicious,Malicious,0.9999984502792358
Malicious,Malicious,0.999998927116394
Malicious,Malicious,0.9999991655349731
Malicious,Malicious,0.999998927116394
Malicious,Malicious,0.9999986886978148
Malicious,Malicious,0.9999992847442628
Malicious,Malicious,0.9999982118606568
Malicious,Malicious,0.9999984502792358
Malicious,Malicious,0.9999977350234984
Malicious,Malicious,0.9999988079071044
Malicious,Malicious,0.9999979734420776
Malicious,Malicious,0.9999984502792358
Malicious,Malicious,0.9999988079071044
Malicious,Malicious,0.9999971389770508
Malicious,Malicious,0.9999986886978148
Malicious,Malicious,0.999998927116394
Malicious,Malicious,0.9999986886978148
Malicious,Malicious,0.9999988079071044
Malicious,Malicious,0.9999991655349731
Malicious,Malicious,0.9999992847442628
Malicious,Malicious,0.9994137287139891
Malicious,Malicious,0.9999991655349731
Malicious,Malicious,0.9999988079071044
Malicious,Malicious,0.9999423027038574
Malicious,Malicious,0.999998927116394
Malicious,Malicious,0.999930739402771
Malicious,Malicious,0.9999990463256836
Malicious,Malicious,0.9999986886978148
Malicious,Malicious,0.999987006187439
Malicious,Malicious,0.9999986886978148
Malicious,Malicious,0.999998927116394
Malicious,Malicious,0.999986171722412
Malicious,Malicious,0.9999982118606568
Malicious,Malicious,0.9999982118606568
Malicious,Malicious,0.9999983310699464
Malicious,Malicious,0.9999986886978148
Malicious,Malicious,0.9999986886978148
Malicious,Malicious,0.9999986886978148
Malicious,Malicious,0.9999984502792358
Malicious,Malicious,0.9999988079071044
Malicious,Malicious,0.9999988079071044
Malicious,Malicious,0.9999982118606568
Malicious,Malicious,0.9999984502792358
Malicious,Malicious,0.999992609024048
Malicious,Malicious,0.9999985694885254
Malicious,Malicious,0.9999984502792358
Malicious,Malicious,0.9999988079071044
Malicious,Malicious,0.9999982118606568
Malicious,Malicious,0.9999971389770508
Malicious,Malicious,0.9999986886978148
Malicious,Malicious,0.9999979734420776
Malicious,Malicious,0.9999992847442628
Malicious,Malicious,0.9999971389770508
Malicious,Malicious,0.9999988079071044
Malicious,Malicious,0.999981164932251
Malicious,Malicious,0.9999990463256836
Malicious,Malicious,0.9999988079071044
Malicious,Malicious,0.999997854232788
Malicious,Malicious,0.9999982118606568
Malicious,Malicious,0.9999982118606568
Malicious,Malicious,0.9999982118606568
Malicious,Malicious,0.9999991655349731
Malicious,Malicious,0.9999986886978148
Malicious,Benign,0.0072188382036983
Malicious,Malicious,0.9999996423721312
Malicious,Malicious,0.9999985694885254
Malicious,Malicious,0.9999988079071044
Malicious,Malicious,0.9999974966049194
Malicious,Malicious,0.999998927116394
Malicious,Malicious,0.9999986886978148
Malicious,Malicious,0.9999982118606568
Malicious,Malicious,0.9999977350234984
Malicious,Malicious,0.999996304512024
Malicious,Malicious,0.999997615814209
Malicious,Malicious,0.9999984502792358
Malicious,Malicious,0.9999964237213136
Malicious,Malicious,0.9884259700775146
Malicious,Malicious,0.9999984502792358
Malicious,Malicious,0.9999977350234984
Malicious,Malicious,0.999998927116394
Malicious,Malicious,0.9999984502792358
Malicious,Malicious,0.9999986886978148
Malicious,Malicious,0.9999830722808838
Malicious,Malicious,0.9999979734420776
Malicious,Malicious,0.999998927116394
Malicious,Malicious,0.999859094619751
Malicious,Malicious,0.9999986886978148
Malicious,Malicious,0.9763501286506652
Malicious,Malicious,0.999998927116394
Malicious,Malicious,0.999997854232788
Malicious,Malicious,0.9999982118606568
Malicious,Malicious,0.9999984502792358
Malicious,Malicious,0.9999983310699464
Malicious,Malicious,0.9999984502792358
Malicious,Benign,0.0831485092639923
Malicious,Malicious,0.999998927116394
Malicious,Malicious,0.999975323677063
Malicious,Malicious,0.999996781349182
Malicious,Malicious,0.999990463256836
Malicious,Malicious,0.9999988079071044
Malicious,Malicious,0.9999991655349731
Malicious,Malicious,0.99999737739563
Malicious,Malicious,0.9999982118606568
Malicious,Malicious,0.9999984502792358
Malicious,Malicious,0.9999988079071044
Malicious,Malicious,0.9999984502792358
Malicious,Malicious,0.9999984502792358
Malicious,Malicious,0.9999986886978148
Malicious,Malicious,0.9999986886978148
Malicious,Malicious,0.9999991655349731
Malicious,Malicious,0.9999984502792358
Malicious,Malicious,0.9999974966049194
Malicious,Malicious,0.999998927116394
Malicious,Malicious,0.9999986886978148
Malicious,Malicious,0.9999988079071044
Malicious,Malicious,0.9999986886978148
Malicious,Malicious,0.9999984502792358
Malicious,Malicious,0.999998927116394
Malicious,Malicious,0.9999985694885254
Malicious,Malicious,0.9999771118164062
Malicious,Malicious,0.9999984502792358
Malicious,Malicious,0.9999982118606568
Malicious,Malicious,0.9999988079071044
Malicious,Malicious,0.999998927116394
Malicious,Malicious,0.9999988079071044
Malicious,Malicious,0.9999984502792358
Malicious,Malicious,0.999998927116394
Malicious,Malicious,0.9999982118606568
Malicious,Malicious,0.999997854232788
Malicious,Malicious,0.9999984502792358
Malicious,Malicious,0.9999977350234984
Malicious,Malicious,0.999997854232788
Malicious,Malicious,0.9999983310699464
Malicious,Malicious,0.9997003078460692
Malicious,Malicious,0.999996542930603
Malicious,Malicious,0.9999892711639404
Malicious,Malicious,0.999997854232788
Malicious,Malicious,0.9999996423721312
Malicious,Malicious,0.9999985694885254
Malicious,Malicious,0.9999712705612184
Malicious,Malicious,0.9999984502792358
Malicious,Malicious,0.9999982118606568
Malicious,Malicious,0.9999983310699464
Malicious,Malicious,0.999998927116394
Malicious,Malicious,0.9999984502792358
Malicious,Malicious,0.9999979734420776
Malicious,Malicious,0.9999988079071044
Malicious,Malicious,0.999997854232788
Malicious,Malicious,0.9999984502792358
Malicious,Malicious,0.9999980926513672
Malicious,Malicious,0.9992175102233888
Malicious,Malicious,0.9999982118606568
Malicious,Malicious,0.9999970197677612
Malicious,Malicious,0.9999984502792358
Malicious,Malicious,0.9999982118606568
Malicious,Malicious,0.9999935626983644
Malicious,Malicious,0.999998927116394
Malicious,Malicious,0.9999988079071044
Malicious,Malicious,0.9999988079071044
Malicious,Malicious,0.9999977350234984
Malicious,Malicious,0.999996304512024
Malicious,Malicious,0.9999986886978148
Malicious,Malicious,0.9999982118606568
Malicious,Malicious,0.9999980926513672
Malicious,Malicious,0.9999982118606568
Malicious,Malicious,0.9999988079071044
Malicious,Malicious,0.9999982118606568
Malicious,Malicious,0.9999986886978148
Malicious,Malicious,0.9999946355819702
Malicious,Malicious,0.9999958276748656
Malicious,Malicious,0.999992609024048
Malicious,Malicious,0.9999982118606568
Malicious,Malicious,0.9999982118606568
Malicious,Malicious,0.999998927116394
Malicious,Malicious,0.9999990463256836
Malicious,Malicious,0.9999986886978148
Malicious,Malicious,0.999998927116394
Malicious,Malicious,0.9999986886978148
Malicious,Benign,0.0014182173181325
Malicious,Malicious,0.9999986886978148
Malicious,Malicious,0.9999988079071044
Malicious,Malicious,0.9999986886978148
Malicious,Malicious,0.9999792575836182
Malicious,Malicious,0.9999830722808838
Malicious,Malicious,0.9999991655349731
Malicious,Malicious,0.9999988079071044
Malicious,Malicious,0.9999912977218628
Malicious,Malicious,0.9999990463256836
Malicious,Malicious,0.999998927116394
Malicious,Malicious,0.9999984502792358
Malicious,Malicious,0.9999953508377076
Malicious,Malicious,0.9999986886978148
Malicious,Malicious,0.9999986886978148
Malicious,Malicious,0.9999984502792358
Malicious,Malicious,0.9999983310699464
Malicious,Malicious,0.999998927116394
Malicious,Malicious,0.9999971389770508
Malicious,Malicious,0.999998927116394
Malicious,Malicious,0.9999986886978148
Malicious,Malicious,0.9999986886978148
Malicious,Malicious,0.9999982118606568
Malicious,Malicious,0.9999991655349731
Malicious,Malicious,0.9999988079071044
Malicious,Malicious,0.9999979734420776
Malicious,Malicious,0.9999982118606568
Malicious,Malicious,0.9999830722808838
Malicious,Malicious,0.9999988079071044
Malicious,Malicious,0.999998927116394
Malicious,Malicious,0.9999984502792358
Malicious,Malicious,0.9999984502792358
Malicious,Malicious,0.9999982118606568
Malicious,Malicious,0.9999988079071044
Malicious,Malicious,0.9999984502792358
Malicious,Malicious,0.9999982118606568
Malicious,Malicious,0.9999994039535522
Malicious,Malicious,0.9999988079071044
Malicious,Malicious,0.9999982118606568
Malicious,Malicious,0.9999957084655762
Malicious,Malicious,0.9999982118606568
Malicious,Malicious,0.999997854232788
Malicious,Malicious,0.999996542930603
Malicious,Malicious,0.9999964237213136
Malicious,Malicious,0.9999984502792358
Malicious,Malicious,0.9999986886978148
Malicious,Malicious,0.9999984502792358
Malicious,Malicious,0.9999988079071044
Malicious,Malicious,0.9999984502792358
Malicious,Malicious,0.9999983310699464
Malicious,Malicious,0.999996781349182
Malicious,Malicious,0.9999980926513672
Malicious,Malicious,0.9999982118606568
Malicious,Malicious,0.9999986886978148
Malicious,Malicious,0.9999984502792358
Malicious,Malicious,0.9999988079071044
Malicious,Malicious,0.9999982118606568
Malicious,Malicious,0.9999628067016602
Malicious,Malicious,0.9999984502792358
Malicious,Malicious,0.999997615814209
Malicious,Malicious,0.9999977350234984
Malicious,Malicious,0.9999949932098388
Malicious,Malicious,0.9999991655349731
Malicious,Malicious,0.9999982118606568
Malicious,Malicious,0.999998927116394
Malicious,Malicious,0.9999986886978148
Malicious,Malicious,0.9999982118606568
Malicious,Malicious,0.999997615814209
Malicious,Malicious,0.9999970197677612
Malicious,Malicious,0.9999994039535522
Malicious,Malicious,0.9999988079071044
Malicious,Malicious,0.9999862909317015
Malicious,Malicious,0.999996781349182
Malicious,Malicious,0.9999982118606568
Malicious,Malicious,0.9999988079071044
Malicious,Malicious,0.9999972581863404
Malicious,Malicious,0.9999982118606568
Malicious,Malicious,0.9999982118606568
Malicious,Malicious,0.9999982118606568
Malicious,Malicious,0.9999982118606568
Malicious,Malicious,0.9999982118606568
Malicious,Malicious,0.9999843835830688
Malicious,Malicious,0.9999984502792358
Malicious,Malicious,0.9999982118606568
Malicious,Malicious,0.9999982118606568
Malicious,Malicious,0.9999974966049194
Malicious,Malicious,0.9999984502792358
Malicious,Malicious,0.9999982118606568
Malicious,Malicious,0.9999984502792358
Malicious,Malicious,0.9999988079071044
Malicious,Malicious,0.9999984502792358
Malicious,Malicious,0.9999991655349731
Malicious,Malicious,0.9999988079071044
Malicious,Malicious,0.9999986886978148
Malicious,Malicious,0.9999982118606568
Malicious,Malicious,0.9999986886978148
Malicious,Malicious,0.999998927116394
Malicious,Malicious,0.9999982118606568
Malicious,Malicious,0.9999986886978148
Malicious,Malicious,0.9999988079071044
Malicious,Malicious,0.9999966621398926
Malicious,Malicious,0.999998927116394
Malicious,Malicious,0.9999984502792358
Malicious,Malicious,0.9999982118606568
Malicious,Malicious,0.9999984502792358
Malicious,Malicious,0.9999991655349731
Malicious,Malicious,0.9999984502792358
Malicious,Malicious,0.9999949932098388
Malicious,Malicious,0.999998927116394
Malicious,Malicious,0.9999986886978148
Malicious,Malicious,0.999997615814209
Malicious,Malicious,0.9999986886978148
Malicious,Malicious,0.99999737739563
Malicious,Malicious,0.9999984502792358
Malicious,Malicious,0.9999830722808838
Malicious,Malicious,0.999998927116394
Malicious,Malicious,0.9999971389770508
Malicious,Malicious,0.9999986886978148
Malicious,Malicious,0.99999737739563
Malicious,Malicious,0.9999982118606568
Malicious,Malicious,0.9999988079071044
Malicious,Malicious,0.9999986886978148
Malicious,Malicious,0.9999982118606568
Malicious,Benign,0.0008142592268995941
Malicious,Malicious,0.9999984502792358
Malicious,Malicious,0.9999988079071044
Malicious,Malicious,0.999998927116394
Malicious,Malicious,0.9999985694885254
Malicious,Malicious,0.9999988079071044
Malicious,Malicious,0.999997854232788
Malicious,Malicious,0.9999984502792358
Malicious,Malicious,0.9999988079071044
Malicious,Malicious,0.9999988079071044
Malicious,Malicious,0.9999948740005492
Malicious,Malicious,0.9999982118606568
Malicious,Malicious,0.9999990463256836
Malicious,Malicious,0.9999984502792358
Malicious,Malicious,0.9999986886978148
Malicious,Malicious,0.9999982118606568
Malicious,Malicious,0.9999986886978148
Malicious,Malicious,0.9999971389770508
Malicious,Malicious,0.999998927116394
Malicious,Malicious,0.9999983310699464
Malicious,Malicious,0.9999977350234984
Malicious,Malicious,0.9999984502792358
Malicious,Malicious,0.9999984502792358
Malicious,Malicious,0.9999986886978148
Malicious,Malicious,0.9999971389770508
Malicious,Malicious,0.9999990463256836
Malicious,Malicious,0.9999911785125732
Malicious,Malicious,0.9999982118606568
Malicious,Malicious,0.9999986886978148
Malicious,Malicious,0.9999991655349731
Malicious,Malicious,0.9999982118606568
Malicious,Malicious,0.9999988079071044
Malicious,Malicious,0.9999984502792358
Malicious,Malicious,0.9999994039535522
Malicious,Malicious,0.999996781349182
Malicious,Malicious,0.9999974966049194
Malicious,Malicious,0.9999949932098388
Malicious,Malicious,0.9999984502792358
Malicious,Malicious,0.9999971389770508
Malicious,Malicious,0.99999737739563
Malicious,Malicious,0.9999970197677612
Malicious,Malicious,0.99999737739563
Malicious,Malicious,0.9999905824661256
Malicious,Malicious,0.9999988079071044
Malicious,Malicious,0.9999935626983644
Malicious,Malicious,0.9999988079071044
Malicious,Malicious,0.9999984502792358
Malicious,Malicious,0.9999984502792358
Malicious,Malicious,0.9999988079071044
Malicious,Malicious,0.9999971389770508
Malicious,Malicious,0.9999986886978148
Malicious,Malicious,0.999996304512024
Malicious,Malicious,0.9999986886978148
Malicious,Malicious,0.9999988079071044
Malicious,Malicious,0.9999982118606568
Malicious,Malicious,0.9999986886978148
Malicious,Malicious,0.9999948740005492
Malicious,Malicious,0.9999984502792358
Malicious,Malicious,0.9999992847442628
Malicious,Malicious,0.9999991655349731
Malicious,Malicious,0.999997615814209
Malicious,Malicious,0.9999984502792358
Malicious,Malicious,0.9999982118606568
Malicious,Malicious,0.9999991655349731
Malicious,Malicious,0.9999982118606568
Malicious,Malicious,0.9999984502792358
Malicious,Malicious,0.9999982118606568
Malicious,Malicious,0.9999979734420776
Malicious,Malicious,0.9999982118606568
Malicious,Malicious,0.9999982118606568
Malicious,Malicious,0.999997854232788
Malicious,Malicious,0.9999984502792358
Malicious,Malicious,0.9999988079071044
Malicious,Malicious,0.9999452829360962
Malicious,Malicious,0.9999982118606568
Malicious,Malicious,0.9999982118606568
Malicious,Malicious,0.9999985694885254
Malicious,Malicious,0.9999986886978148
Malicious,Malicious,0.9999986886978148
Malicious,Malicious,0.9999948740005492
Malicious,Malicious,0.9999985694885254
Malicious,Malicious,0.9999895095825196
Malicious,Malicious,0.9999988079071044
Malicious,Malicious,0.9999980926513672
Malicious,Malicious,0.9999072551727296
Malicious,Malicious,0.9999988079071044
Malicious,Malicious,0.9999983310699464
Malicious,Malicious,0.9999986886978148
Malicious,Malicious,0.9999984502792358
Malicious,Malicious,0.9999653100967408
Malicious,Malicious,0.9999935626983644
Malicious,Malicious,0.9999986886978148
Malicious,Malicious,0.9999899864196776
Malicious,Malicious,0.9999980926513672
Malicious,Malicious,0.9999986886978148
Malicious,Malicious,0.9999982118606568
Malicious,Malicious,0.9999986886978148
Malicious,Malicious,0.999998927116394
Malicious,Malicious,0.9999991655349731
Malicious,Malicious,0.9999985694885254
Malicious,Malicious,0.9999982118606568
Malicious,Malicious,0.9999984502792358
Malicious,Malicious,0.9999986886978148
Malicious,Malicious,0.8908651471138
Malicious,Malicious,0.9999992847442628
Malicious,Malicious,0.9999796152114868
Malicious,Malicious,0.9999986886978148
Malicious,Malicious,0.9999953508377076
Malicious,Malicious,0.999996781349182
Malicious,Malicious,0.999998927116394
Malicious,Malicious,0.9999899864196776
Malicious,Malicious,0.9999986886978148
Malicious,Malicious,0.9999984502792358
Malicious,Malicious,0.9999974966049194
Malicious,Malicious,0.9999991655349731
Malicious,Malicious,0.9999988079071044
Malicious,Malicious,0.9999982118606568
Malicious,Malicious,0.9999983310699464
Malicious,Malicious,0.9999988079071044
Malicious,Malicious,0.9999984502792358
Malicious,Malicious,0.9999984502792358
Malicious,Malicious,0.9999948740005492
Malicious,Malicious,0.9999986886978148
Malicious,Malicious,0.9999982118606568
Malicious,Malicious,0.999985933303833
Malicious,Malicious,0.9999984502792358
Malicious,Benign,0.1545231193304062
Malicious,Malicious,0.9999988079071044
Malicious,Malicious,0.9999971389770508
Malicious,Malicious,0.9999988079071044
Malicious,Malicious,0.998817503452301
Malicious,Malicious,0.9999991655349731
Malicious,Malicious,0.9999984502792358
Malicious,Malicious,0.9999986886978148
Malicious,Malicious,0.9999991655349731
Malicious,Malicious,0.9999988079071044
Malicious,Malicious,0.9999982118606568
Malicious,Malicious,0.9999984502792358
Malicious,Malicious,0.9999982118606568
Malicious,Malicious,0.9999898672103882
Malicious,Malicious,0.9999986886978148
Malicious,Malicious,0.9999984502792358
Malicious,Malicious,0.9999982118606568
Malicious,Malicious,0.9999986886978148
Malicious,Benign,0.0018505614716559
Malicious,Malicious,0.9999991655349731
Malicious,Malicious,0.9999982118606568
Malicious,Malicious,0.999998927116394
Malicious,Malicious,0.9999986886978148
Malicious,Malicious,0.9999775886535645
Malicious,Malicious,0.9999980926513672
Malicious,Malicious,0.9999991655349731
Malicious,Malicious,0.9999982118606568
Malicious,Malicious,0.9999986886978148
Malicious,Malicious,0.9999982118606568
Malicious,Malicious,0.9999986886978148
Malicious,Malicious,0.9999948740005492
Malicious,Malicious,0.9999982118606568
Malicious,Malicious,0.9999984502792358
Malicious,Malicious,0.999996781349182
Malicious,Malicious,0.9999986886978148
Malicious,Benign,0.0040643238462507
Malicious,Malicious,0.999998927116394
Malicious,Malicious,0.9999990463256836
Malicious,Malicious,0.9999969005584716
Malicious,Malicious,0.9999982118606568
Malicious,Malicious,0.9999593496322632
Malicious,Malicious,0.999996304512024
Malicious,Malicious,0.9999986886978148
Malicious,Malicious,0.9999984502792358
Malicious,Malicious,0.9999982118606568
Malicious,Malicious,0.9999982118606568
Malicious,Malicious,0.9999982118606568
Malicious,Malicious,0.9999986886978148
Malicious,Malicious,0.9999984502792358
Malicious,Malicious,0.9999977350234984
Malicious,Malicious,0.9999986886978148
Malicious,Malicious,0.999998927116394
Malicious,Malicious,0.9999984502792358
Malicious,Malicious,0.9999982118606568
Malicious,Malicious,0.9999984502792358
Malicious,Malicious,0.9999986886978148
Malicious,Malicious,0.9999533891677856
Malicious,Malicious,0.9999892711639404
Malicious,Malicious,0.9999988079071044
Malicious,Malicious,0.9999961853027344
Malicious,Malicious,0.9999840259552002
Malicious,Malicious,0.9999983310699464
Malicious,Malicious,0.999998927116394
Malicious,Malicious,0.9999982118606568
Malicious,Malicious,0.9999986886978148
Malicious,Malicious,0.9999988079071044
Malicious,Malicious,0.9999988079071044
Malicious,Malicious,0.9999982118606568
Malicious,Malicious,0.9999983310699464
Malicious,Malicious,0.9999970197677612
Malicious,Malicious,0.9999984502792358
Malicious,Malicious,0.9999988079071044
Malicious,Malicious,0.9999990463256836
Malicious,Malicious,0.9999988079071044
Malicious,Malicious,0.9999929666519164
Malicious,Malicious,0.9999992847442628
Malicious,Malicious,0.9999984502792358
Malicious,Malicious,0.9999572038650512
Malicious,Malicious,0.9999992847442628
Malicious,Malicious,0.9999979734420776
Malicious,Malicious,0.9999982118606568
Malicious,Malicious,0.9999974966049194
Malicious,Malicious,0.9999936819076538
Malicious,Malicious,0.9999982118606568
Malicious,Malicious,0.9999979734420776
Malicious,Malicious,0.9999984502792358
Malicious,Malicious,0.9999986886978148
Malicious,Malicious,0.9999980926513672
Malicious,Malicious,0.9999986886978148
Malicious,Malicious,0.999998927116394
Malicious,Malicious,0.9999995231628418
Malicious,Malicious,0.9999982118606568
Malicious,Malicious,0.9999982118606568
Malicious,Malicious,0.9999986886978148
Malicious,Malicious,0.9999982118606568
Malicious,Malicious,0.9999986886978148
Malicious,Malicious,0.9999988079071044
Malicious,Malicious,0.9999971389770508
Malicious,Malicious,0.9999982118606568
Malicious,Malicious,0.9999984502792358
Malicious,Malicious,0.9999974966049194
Malicious,Malicious,0.999981164932251
Malicious,Malicious,0.9999574422836304
Malicious,Malicious,0.9999986886978148
Malicious,Malicious,0.9999972581863404
Malicious,Malicious,0.999997615814209
Malicious,Malicious,0.9999986886978148
Malicious,Malicious,0.9999988079071044
Malicious,Malicious,0.999998927116394
Malicious,Malicious,0.9999985694885254
Malicious,Malicious,0.9999984502792358
Malicious,Malicious,0.9999991655349731
Malicious,Malicious,0.9999969005584716
Malicious,Malicious,0.9999985694885254
Malicious,Malicious,0.9999982118606568
Malicious,Malicious,0.999998927116394
Malicious,Malicious,0.9999986886978148
Malicious,Malicious,0.9999988079071044
Malicious,Malicious,0.9999986886978148
Malicious,Malicious,0.9999979734420776
Malicious,Malicious,0.9999984502792358
Malicious,Malicious,0.9999966621398926
Malicious,Malicious,0.9999988079071044
Malicious,Malicious,0.9999936819076538
Malicious,Malicious,0.9999988079071044
Malicious,Malicious,0.9999936819076538
Malicious,Malicious,0.9999984502792358
Malicious,Malicious,0.9999994039535522
Malicious,Malicious,0.9999984502792358
Malicious,Malicious,0.9999445676803588
Malicious,Malicious,0.999997854232788
Malicious,Malicious,0.9999982118606568
Malicious,Malicious,0.9999979734420776
Malicious,Malicious,0.9999979734420776
Malicious,Malicious,0.9999988079071044
Malicious,Malicious,0.9999986886978148
Malicious,Malicious,0.9999955892562866
Malicious,Malicious,0.999998927116394
Malicious,Malicious,0.9999986886978148
Malicious,Malicious,0.9999984502792358
Malicious,Malicious,0.9999986886978148
Malicious,Malicious,0.999992847442627
Malicious,Malicious,0.9999986886978148
Malicious,Malicious,0.9999979734420776
Malicious,Malicious,0.9999980926513672
Malicious,Malicious,0.9999949932098388
Malicious,Malicious,0.9999984502792358
Malicious,Malicious,0.9999985694885254
Malicious,Benign,0.0015019478742033
Malicious,Malicious,0.9999896287918092
Malicious,Malicious,0.9999986886978148
Malicious,Malicious,0.9999983310699464
Malicious,Malicious,0.9999991655349731
Malicious,Malicious,0.9999896287918092
Malicious,Malicious,0.9999912977218628
Malicious,Malicious,0.9999984502792358
Malicious,Malicious,0.9999988079071044
Malicious,Malicious,0.9999986886978148
Malicious,Malicious,0.9999982118606568
Malicious,Malicious,0.999997615814209
Malicious,Malicious,0.9999984502792358
Malicious,Malicious,0.9999984502792358
Malicious,Malicious,0.9999979734420776
Malicious,Malicious,0.999998927116394
Malicious,Malicious,0.9999988079071044
Malicious,Malicious,0.9999982118606568
Malicious,Malicious,0.9999912977218628
Malicious,Malicious,0.99998939037323
Malicious,Malicious,0.999998927116394
Malicious,Malicious,0.9999983310699464
Malicious,Malicious,0.9999984502792358
Malicious,Malicious,0.9999984502792358
Malicious,Malicious,0.999996781349182
Malicious,Malicious,0.9999986886978148
Malicious,Malicious,0.9999984502792358
Malicious,Malicious,0.9999953508377076
Malicious,Malicious,0.999998927116394
Malicious,Malicious,0.9999953508377076
Malicious,Malicious,0.9999982118606568
Malicious,Malicious,0.999997615814209
Malicious,Malicious,0.9999991655349731
Malicious,Malicious,0.9999982118606568
Malicious,Malicious,0.9999986886978148
Malicious,Malicious,0.9999982118606568
Malicious,Malicious,0.999990940093994
Malicious,Malicious,0.9999991655349731
Malicious,Malicious,0.9999986886978148
Malicious,Malicious,0.999997615814209
Malicious,Malicious,0.9999979734420776
Malicious,Malicious,0.9999964237213136
Malicious,Malicious,0.9999984502792358
Malicious,Malicious,0.9999948740005492
Malicious,Malicious,0.9999972581863404
Malicious,Malicious,0.9999988079071044
Malicious,Malicious,0.9999982118606568
Malicious,Malicious,0.9999984502792358
Malicious,Malicious,0.9999986886978148
Malicious,Malicious,0.9999988079071044
Malicious,Malicious,0.9999346733093262
Malicious,Malicious,0.9999982118606568
Malicious,Malicious,0.9999984502792358
Malicious,Malicious,0.9999988079071044
Malicious,Malicious,0.9999988079071044
Malicious,Malicious,0.9999912977218628
Malicious,Malicious,0.9999996423721312
Malicious,Malicious,0.9999979734420776
Malicious,Malicious,0.9999982118606568
Malicious,Malicious,0.9999974966049194
Malicious,Malicious,0.9999991655349731
Malicious,Malicious,0.999998927116394
Malicious,Malicious,0.9999982118606568
Malicious,Malicious,0.9999982118606568
Malicious,Malicious,0.9999986886978148
Malicious,Malicious,0.9999982118606568
Malicious,Malicious,0.9999977350234984
Malicious,Malicious,0.9999990463256836
Malicious,Malicious,0.9999983310699464
Malicious,Malicious,0.9999830722808838
Malicious,Malicious,0.9999912977218628
Malicious,Malicious,0.9999890327453612
Malicious,Malicious,0.9999991655349731
Malicious,Malicious,0.9999986886978148
Malicious,Malicious,0.9999986886978148
Malicious,Malicious,0.9999970197677612
Malicious,Malicious,0.9999991655349731
Malicious,Malicious,0.9999974966049194
Malicious,Malicious,0.9999982118606568
Malicious,Malicious,0.9999984502792358
Malicious,Malicious,0.9999984502792358
Malicious,Malicious,0.9999984502792358
Malicious,Malicious,0.9999986886978148
Malicious,Malicious,0.9999990463256836
Malicious,Malicious,0.9999986886978148
Malicious,Malicious,0.999996304512024
Malicious,Malicious,0.999997854232788
Malicious,Malicious,0.9999986886978148
Malicious,Malicious,0.999998927116394
Malicious,Malicious,0.9999982118606568
Malicious,Malicious,0.9999843835830688
Malicious,Malicious,0.9999988079071044
Malicious,Malicious,0.9999991655349731
Malicious,Malicious,0.9999977350234984
Malicious,Malicious,0.999997615814209
Malicious,Malicious,0.9999982118606568
Malicious,Malicious,0.999998927116394
Malicious,Malicious,0.999998927116394
Malicious,Malicious,0.9999984502792358
Malicious,Malicious,0.9999979734420776
Malicious,Malicious,0.9999982118606568
Malicious,Malicious,0.4059549570083618
Malicious,Malicious,0.9999994039535522
Malicious,Malicious,0.99999737739563
Malicious,Malicious,0.9999920129776
Malicious,Malicious,0.9999990463256836
Malicious,Malicious,0.9999982118606568
Malicious,Malicious,0.9999986886978148
Malicious,Malicious,0.9999982118606568
Malicious,Malicious,0.9999986886978148
Malicious,Malicious,0.9999954700469972
Malicious,Malicious,0.9999991655349731
Malicious,Malicious,0.9999986886978148
Malicious,Malicious,0.9999986886978148
Malicious,Malicious,0.9999984502792358
Malicious,Malicious,0.9999979734420776
Malicious,Malicious,0.9999991655349731
Malicious,Malicious,0.999998927116394
Malicious,Malicious,0.999998927116394
Malicious,Malicious,0.9999988079071044
Malicious,Malicious,0.9999992847442628
Malicious,Malicious,0.9999974966049194
Malicious,Malicious,0.9999984502792358
Malicious,Malicious,0.9999982118606568
Malicious,Malicious,0.9999984502792358
Malicious,Malicious,0.9999982118606568
Malicious,Malicious,0.9999982118606568
Malicious,Malicious,0.9999983310699464
Malicious,Malicious,0.99999737739563
Malicious,Malicious,0.9999988079071044
Malicious,Malicious,0.9999974966049194
Malicious,Malicious,0.9999864101409912
Malicious,Malicious,0.984245240688324
Malicious,Malicious,0.9999984502792358
Malicious,Malicious,0.9999988079071044
Malicious,Malicious,0.9999982118606568
Malicious,Malicious,0.999997854232788
Malicious,Malicious,0.9999991655349731
Malicious,Malicious,0.9999988079071044
Malicious,Malicious,0.9999984502792358
Malicious,Malicious,0.9999986886978148
Malicious,Malicious,0.999986171722412
Malicious,Malicious,0.9999979734420776
Malicious,Malicious,0.9999986886978148
Malicious,Malicious,0.9999986886978148
Malicious,Malicious,0.9999984502792358
Malicious,Malicious,0.9999988079071044
Malicious,Malicious,0.9999988079071044
Malicious,Malicious,0.999996542930603
Malicious,Malicious,0.9999940395355223
Malicious,Malicious,0.9999986886978148
Malicious,Malicious,0.978198766708374
Malicious,Malicious,0.999998927116394
Malicious,Malicious,0.999998927116394
Malicious,Malicious,0.9999986886978148
Malicious,Malicious,0.9999828338623048
Malicious,Malicious,0.9999970197677612
Malicious,Malicious,0.9999991655349731
Malicious,Malicious,0.9999986886978148
Malicious,Malicious,0.9999986886978148
Malicious,Malicious,0.999997615814209
Malicious,Malicious,0.9999983310699464
Malicious,Malicious,0.9999984502792358
Malicious,Malicious,0.9999992847442628
Malicious,Malicious,0.9999986886978148
Malicious,Malicious,0.9999988079071044
Malicious,Malicious,0.9999982118606568
Malicious,Malicious,0.9999988079071044
Malicious,Malicious,0.999998927116394
Malicious,Malicious,0.999998927116394
Malicious,Malicious,0.9999986886978148
Malicious,Malicious,0.9999984502792358
Malicious,Malicious,0.9999984502792358
Malicious,Malicious,0.9999986886978148
Malicious,Malicious,0.9999837875366212
Malicious,Malicious,0.9999986886978148
Malicious,Malicious,0.9999988079071044
Malicious,Malicious,0.9999988079071044
Malicious,Malicious,0.9999548196792604
Malicious,Malicious,0.9999986886978148
Malicious,Malicious,0.9999984502792358
Malicious,Malicious,0.9999949932098388
Malicious,Malicious,0.9999984502792358
Malicious,Malicious,0.9999982118606568
Malicious,Malicious,0.9999986886978148
Malicious,Malicious,0.9999986886978148
Malicious,Malicious,0.9999988079071044
Malicious,Malicious,0.99998140335083
Malicious,Malicious,0.9999980926513672
Malicious,Malicious,0.9999988079071044
Malicious,Malicious,0.9999984502792358
Malicious,Benign,0.0022305229213088
Malicious,Malicious,0.999996304512024
Malicious,Malicious,0.9999970197677612
Malicious,Malicious,0.9999982118606568
Malicious,Malicious,0.9999960660934448
Malicious,Malicious,0.9999986886978148
Malicious,Malicious,0.999998927116394
Malicious,Malicious,0.999981164932251
Malicious,Malicious,0.999998927116394
Malicious,Malicious,0.9999980926513672
Malicious,Malicious,0.8317581415176392
Malicious,Malicious,0.9999986886978148
Malicious,Malicious,0.9999994039535522
Malicious,Malicious,0.999998927116394
Malicious,Malicious,0.9999986886978148
Malicious,Malicious,0.999998927116394
Malicious,Malicious,0.9999895095825196
Malicious,Malicious,0.9999982118606568
Malicious,Malicious,0.9999984502792358
Malicious,Malicious,0.999998927116394
Malicious,Malicious,0.9999984502792358
Malicious,Malicious,0.999997615814209
Malicious,Malicious,0.9999957084655762
Malicious,Malicious,0.9999830722808838
Malicious,Malicious,0.9999986886978148
Malicious,Malicious,0.9999982118606568
Malicious,Malicious,0.9999984502792358
Malicious,Malicious,0.9999982118606568
Malicious,Malicious,0.9999982118606568
Malicious,Malicious,0.9999947547912598
Malicious,Malicious,0.9999988079071044
Malicious,Malicious,0.9999985694885254
Malicious,Malicious,0.9999988079071044
Malicious,Malicious,0.9999988079071044
Malicious,Malicious,0.9999988079071044
Malicious,Malicious,0.9999984502792358
Malicious,Malicious,0.9999991655349731
Malicious,Malicious,0.999998927116394
Malicious,Malicious,0.9999982118606568
Malicious,Malicious,0.9999988079071044
Malicious,Malicious,0.999997854232788
Malicious,Malicious,0.9999984502792358
Malicious,Malicious,0.9999984502792358
Malicious,Malicious,0.9999942779541016
Malicious,Malicious,0.999997615814209
Malicious,Malicious,0.9999964237213136
Malicious,Malicious,0.9999650716781616
Malicious,Malicious,0.9999984502792358
Malicious,Malicious,0.999998927116394
Malicious,Malicious,0.9999988079071044
Malicious,Malicious,0.9999988079071044
Malicious,Malicious,0.9999974966049194
Malicious,Malicious,0.9999988079071044
Malicious,Malicious,0.9999983310699464
Malicious,Benign,0.0008404331165365875
Malicious,Malicious,0.9999988079071044
Malicious,Malicious,0.9999988079071044
Malicious,Malicious,0.9999988079071044
Malicious,Malicious,0.9999984502792358
Malicious,Malicious,0.9999986886978148
Malicious,Malicious,0.9999982118606568
Malicious,Malicious,0.9999983310699464
Malicious,Malicious,0.9999955892562866
Malicious,Malicious,0.999997854232788
Malicious,Malicious,0.9999979734420776
Malicious,Malicious,0.9999986886978148
Malicious,Malicious,0.999997854232788
Malicious,Malicious,0.9999992847442628
Malicious,Malicious,0.9999986886978148
Malicious,Malicious,0.9999984502792358
Malicious,Malicious,0.9999971389770508
Malicious,Malicious,0.999997854232788
Malicious,Malicious,0.9999984502792358
Malicious,Malicious,0.9999982118606568
Malicious,Malicious,0.9999986886978148
Malicious,Malicious,0.9999938011169434
Malicious,Malicious,0.9999966621398926
Malicious,Malicious,0.9999988079071044
Malicious,Malicious,0.9999988079071044
Malicious,Malicious,0.999997854232788
Malicious,Malicious,0.9999988079071044
Malicious,Malicious,0.9999988079071044
Malicious,Malicious,0.9999982118606568
Malicious,Malicious,0.9999936819076538
Malicious,Malicious,0.9999984502792358
Malicious,Malicious,0.9999988079071044
Malicious,Malicious,0.9999986886978148
Malicious,Malicious,0.9999982118606568
Malicious,Malicious,0.9999988079071044
Malicious,Malicious,0.999997854232788
Malicious,Malicious,0.9999982118606568
Malicious,Malicious,0.999998927116394
Malicious,Malicious,0.999997615814209
Malicious,Malicious,0.999964952468872
Malicious,Malicious,0.9999988079071044
Malicious,Malicious,0.9999982118606568
Malicious,Malicious,0.999990940093994
Malicious,Malicious,0.9999988079071044
Malicious,Malicious,0.9999984502792358
Malicious,Malicious,0.999997854232788
Malicious,Malicious,0.9999982118606568
Malicious,Malicious,0.9999977350234984
Malicious,Malicious,0.9999985694885254
Malicious,Malicious,0.999997615814209
Malicious,Malicious,0.9999971389770508
Malicious,Malicious,0.9999988079071044
Malicious,Malicious,0.9999984502792358
Malicious,Malicious,0.9999982118606568
Malicious,Malicious,0.9999984502792358
Malicious,Malicious,0.9999986886978148
Malicious,Malicious,0.9999986886978148
Malicious,Malicious,0.9999986886978148
Malicious,Malicious,0.9999895095825196
Malicious,Malicious,0.9999938011169434
Malicious,Malicious,0.9999977350234984
Malicious,Malicious,0.999998927116394
Malicious,Malicious,0.9999992847442628
Malicious,Malicious,0.9999991655349731
Malicious,Malicious,0.9999984502792358
Malicious,Malicious,0.9999982118606568
Malicious,Malicious,0.9999951124191284
Malicious,Malicious,0.9999984502792358
Malicious,Malicious,0.999996781349182
Malicious,Malicious,0.9999986886978148
Malicious,Malicious,0.9999984502792358
Malicious,Malicious,0.9999984502792358
Malicious,Malicious,0.9999986886978148
Malicious,Malicious,0.9999961853027344
Malicious,Malicious,0.9999889135360718
Malicious,Malicious,0.999998927116394
Malicious,Malicious,0.9999986886978148
Malicious,Malicious,0.9999991655349731
Malicious,Malicious,0.9999988079071044
Malicious,Malicious,0.9999988079071044
Malicious,Malicious,0.9999986886978148
Malicious,Malicious,0.9999986886978148
Malicious,Malicious,0.9999984502792358
Malicious,Malicious,0.999997854232788
Malicious,Malicious,0.9999982118606568
Malicious,Malicious,0.999997615814209
Malicious,Malicious,0.9999988079071044
Malicious,Malicious,0.9999980926513672
Malicious,Malicious,0.9999988079071044
Malicious,Malicious,0.9999988079071044
Malicious,Malicious,0.9999982118606568
Malicious,Malicious,0.9999984502792358
Malicious,Malicious,0.9999986886978148
Malicious,Malicious,0.9999986886978148
Malicious,Malicious,0.9999984502792358
Malicious,Malicious,0.9999858140945436
Malicious,Malicious,0.9999991655349731
Malicious,Malicious,0.9999988079071044
Malicious,Malicious,0.9999954700469972
Malicious,Malicious,0.9999979734420776
Malicious,Malicious,0.9999988079071044
Malicious,Malicious,0.9999982118606568
Malicious,Malicious,0.9999972581863404
Malicious,Malicious,0.9999138116836548
Malicious,Malicious,0.9999982118606568
Malicious,Malicious,0.9999992847442628
Malicious,Malicious,0.9999988079071044
Malicious,Malicious,0.9999984502792358
Malicious,Malicious,0.9999979734420776
Malicious,Malicious,0.9999988079071044
Malicious,Malicious,0.9999986886978148
Malicious,Malicious,0.9999984502792358
Malicious,Malicious,0.9999986886978148
Malicious,Malicious,0.9999986886978148
Malicious,Malicious,0.9999986886978148
Malicious,Malicious,0.9999984502792358
Malicious,Malicious,0.9999929666519164
Malicious,Malicious,0.9999971389770508
Malicious,Malicious,0.9999983310699464
Malicious,Malicious,0.9999953508377076
Malicious,Malicious,0.999998927116394
Malicious,Malicious,0.9999982118606568
Malicious,Malicious,0.9999959468841552
Malicious,Malicious,0.9999985694885254
Malicious,Malicious,0.9999986886978148
Malicious,Malicious,0.9999982118606568
Malicious,Malicious,0.9999982118606568
Malicious,Malicious,0.9999988079071044
Malicious,Malicious,0.9999982118606568
Malicious,Malicious,0.9999897480010986
Malicious,Malicious,0.999997615814209
Malicious,Malicious,0.9999593496322632
Malicious,Malicious,0.9999984502792358
Malicious,Malicious,0.9999984502792358
Malicious,Malicious,0.9999650716781616
Malicious,Malicious,0.9999990463256836
Malicious,Malicious,0.9999984502792358
Malicious,Malicious,0.9999986886978148
Malicious,Malicious,0.9999984502792358
Malicious,Malicious,0.999998927116394
Malicious,Malicious,0.9999988079071044
Malicious,Malicious,0.9999984502792358
Malicious,Malicious,0.9999984502792358
Malicious,Malicious,0.999998927116394
Malicious,Malicious,0.9999979734420776
Malicious,Malicious,0.9999986886978148
Malicious,Malicious,0.9999991655349731
Malicious,Malicious,0.9999984502792358
Malicious,Malicious,0.9999982118606568
Malicious,Malicious,0.9999970197677612
Malicious,Malicious,0.9999986886978148
Malicious,Malicious,0.999985933303833
Malicious,Benign,0.00017023805412463844
Malicious,Malicious,0.9999984502792358
Malicious,Malicious,0.9999885559082032
Malicious,Malicious,0.999998927116394
Malicious,Malicious,0.9998904466629028
Malicious,Malicious,0.999998927116394
Malicious,Malicious,0.9999982118606568
Malicious,Malicious,0.9999986886978148
Malicious,Malicious,0.9999923706054688
Malicious,Malicious,0.9999895095825196
Malicious,Malicious,0.9999971389770508
Malicious,Malicious,0.9999986886978148
Malicious,Malicious,0.9999982118606568
Malicious,Malicious,0.9999988079071044
Malicious,Malicious,0.9999977350234984
Malicious,Malicious,0.999998927116394
Malicious,Malicious,0.9999988079071044
Malicious,Malicious,0.9999954700469972
Malicious,Malicious,0.9999982118606568
Malicious,Malicious,0.9999954700469972
Malicious,Malicious,0.9999986886978148
Malicious,Malicious,0.9999984502792358
Malicious,Malicious,0.9999982118606568
Malicious,Malicious,0.9999982118606568
Malicious,Malicious,0.9999988079071044
Malicious,Malicious,0.9999983310699464
Malicious,Malicious,0.999998927116394
Malicious,Malicious,0.999998927116394
Malicious,Malicious,0.9999984502792358
Malicious,Malicious,0.9999995231628418
Malicious,Malicious,0.9999982118606568
Malicious,Malicious,0.9999986886978148
Malicious,Malicious,0.9999982118606568
Malicious,Malicious,0.999998927116394
Malicious,Malicious,0.9999971389770508
Malicious,Malicious,0.999998927116394
Malicious,Malicious,0.9999986886978148
Malicious,Malicious,0.9999991655349731
Malicious,Malicious,0.9999984502792358
Malicious,Malicious,0.9999982118606568
Malicious,Malicious,0.999998927116394
Malicious,Malicious,0.999998927116394
Malicious,Malicious,0.9999986886978148
Malicious,Malicious,0.9999943971633912
Malicious,Malicious,0.9999986886978148
Malicious,Malicious,0.9999984502792358
Malicious,Malicious,0.9999986886978148
Malicious,Malicious,0.9999979734420776
Malicious,Malicious,0.9999982118606568
Malicious,Malicious,0.9999979734420776
Malicious,Malicious,0.9999990463256836
Malicious,Benign,0.1302973628044128
Malicious,Malicious,0.9999982118606568
Malicious,Malicious,0.9999988079071044
Malicious,Malicious,0.9999977350234984
Malicious,Malicious,0.9999983310699464
Malicious,Malicious,0.9999986886978148
Malicious,Malicious,0.9999984502792358
Malicious,Malicious,0.9999982118606568
Malicious,Malicious,0.999998927116394
Malicious,Malicious,0.9999986886978148
Malicious,Malicious,0.999997854232788
Malicious,Malicious,0.9999983310699464
Malicious,Malicious,0.9999991655349731
Malicious,Malicious,0.9999986886978148
Malicious,Malicious,0.999998927116394
Malicious,Malicious,0.9999986886978148
Malicious,Malicious,0.9999986886978148
Malicious,Malicious,0.9999986886978148
Malicious,Malicious,0.9999988079071044
Malicious,Malicious,0.9999982118606568
Malicious,Malicious,0.9999971389770508
Malicious,Malicious,0.9999984502792358
Malicious,Malicious,0.9999982118606568
Malicious,Malicious,0.9999982118606568
Malicious,Malicious,0.9999984502792358
Malicious,Malicious,0.9999841451644896
Malicious,Malicious,0.9999988079071044
Malicious,Malicious,0.999998927116394
Malicious,Malicious,0.9999982118606568
Malicious,Malicious,0.9999984502792358
Malicious,Malicious,0.9999980926513672
Malicious,Malicious,0.9999982118606568
Malicious,Malicious,0.9999988079071044
Malicious,Malicious,0.9999988079071044
Malicious,Malicious,0.9999988079071044
Malicious,Malicious,0.9999991655349731
Malicious,Benign,0.0057234531268477
Malicious,Malicious,0.9999986886978148
Malicious,Malicious,0.9999988079071044
Malicious,Malicious,0.999998927116394
Malicious,Malicious,0.9999983310699464
Malicious,Malicious,0.9999984502792358
Malicious,Malicious,0.9999984502792358
Malicious,Malicious,0.9999986886978148
Malicious,Malicious,0.9999979734420776
Malicious,Malicious,0.9999986886978148
Malicious,Malicious,0.9999984502792358
Malicious,Malicious,0.9999984502792358
Malicious,Malicious,0.99999737739563
Malicious,Malicious,0.9999979734420776
Malicious,Malicious,0.999998927116394
Malicious,Malicious,0.9999966621398926
Malicious,Malicious,0.9999982118606568
Malicious,Malicious,0.9999960660934448
Malicious,Malicious,0.9999984502792358
Malicious,Malicious,0.9999988079071044
Malicious,Malicious,0.9999984502792358
Malicious,Malicious,0.9999957084655762
Malicious,Malicious,0.9999983310699464
Malicious,Malicious,0.9999995231628418
Malicious,Malicious,0.9999971389770508
Malicious,Malicious,0.9994864463806152
Malicious,Malicious,0.9999983310699464
Malicious,Malicious,0.9999986886978148
Malicious,Malicious,0.9999988079071044
Malicious,Malicious,0.9999979734420776
Malicious,Malicious,0.999997615814209
Malicious,Malicious,0.9999984502792358
Malicious,Malicious,0.999997615814209
Malicious,Malicious,0.9999572038650512
Malicious,Malicious,0.9999984502792358
Malicious,Malicious,0.9999977350234984
Malicious,Malicious,0.9999983310699464
Malicious,Malicious,0.999997854232788
Malicious,Malicious,0.9999986886978148
Malicious,Malicious,0.9999897480010986
Malicious,Malicious,0.9999980926513672
Malicious,Malicious,0.9999974966049194
Malicious,Malicious,0.9999984502792358
Malicious,Malicious,0.9999983310699464
Malicious,Malicious,0.9927588701248168
Malicious,Malicious,0.9999972581863404
Malicious,Malicious,0.9999986886978148
Malicious,Malicious,0.9999994039535522
Malicious,Malicious,0.9999986886978148
Malicious,Malicious,0.9999984502792358
Malicious,Malicious,0.9999983310699464
Malicious,Malicious,0.9999977350234984
Malicious,Malicious,0.9999974966049194
Malicious,Malicious,0.9999982118606568
Malicious,Malicious,0.9999589920043944
Malicious,Malicious,0.9999991655349731
Malicious,Malicious,0.9999988079071044
Malicious,Malicious,0.9999988079071044
Malicious,Malicious,0.999998927116394
Malicious,Malicious,0.9999946355819702
Malicious,Malicious,0.9999982118606568
Malicious,Malicious,0.9999984502792358
Malicious,Malicious,0.999998927116394
Malicious,Malicious,0.9999982118606568
Malicious,Malicious,0.9999982118606568
Malicious,Malicious,0.999987244606018
Malicious,Malicious,0.9999982118606568
Malicious,Malicious,0.9999984502792358
Malicious,Malicious,0.9999866485595704
Malicious,Malicious,0.9999921321868896
Malicious,Malicious,0.9999984502792358
Malicious,Malicious,0.9999982118606568
Malicious,Malicious,0.9999984502792358
Malicious,Malicious,0.999998927116394
Malicious,Malicious,0.9999977350234984
Malicious,Malicious,0.9999966621398926
Malicious,Malicious,0.9999984502792358
Malicious,Malicious,0.999998927116394
Malicious,Malicious,0.999998927116394
Malicious,Malicious,0.9999982118606568
Malicious,Malicious,0.9921689629554749
Malicious,Malicious,0.9999980926513672
Malicious,Malicious,0.999998927116394
Malicious,Malicious,0.9999986886978148
Malicious,Malicious,0.9999986886978148
Malicious,Malicious,0.9999984502792358
Malicious,Malicious,0.9999988079071044
Malicious,Malicious,0.9999980926513672
Malicious,Malicious,0.9999974966049194
Malicious,Malicious,0.9999988079071044
Malicious,Malicious,0.9999980926513672
Malicious,Malicious,0.9999992847442628
Malicious,Malicious,0.99999737739563
Malicious,Malicious,0.999998927116394
Malicious,Malicious,0.9999954700469972
Malicious,Malicious,0.9999988079071044
Malicious,Malicious,0.9999985694885254
Malicious,Malicious,0.9999990463256836
Malicious,Malicious,0.9343178868293762
Malicious,Malicious,0.9999986886978148
Malicious,Malicious,0.999998927116394
Malicious,Malicious,0.999998927116394
Malicious,Malicious,0.9999948740005492
Malicious,Malicious,0.999998927116394
Malicious,Malicious,0.9999984502792358
Malicious,Malicious,0.94114488363266
Malicious,Malicious,0.9999984502792358
Malicious,Malicious,0.9999982118606568
Malicious,Malicious,0.9999986886978148
Malicious,Malicious,0.9999984502792358
Malicious,Malicious,0.9999982118606568
Malicious,Malicious,0.9999984502792358
Malicious,Malicious,0.9999982118606568
Malicious,Malicious,0.999998927116394
Malicious,Malicious,0.9999984502792358
Malicious,Malicious,0.9999980926513672
Malicious,Malicious,0.9999988079071044
Malicious,Malicious,0.9999977350234984
Malicious,Malicious,0.9999988079071044
Malicious,Malicious,0.9999953508377076
Malicious,Malicious,0.9999988079071044
Malicious,Benign,0.1416541785001754
Malicious,Malicious,0.9999982118606568
Malicious,Malicious,0.3971386551856994
Malicious,Malicious,0.9999688863754272
Malicious,Malicious,0.9999988079071044
Malicious,Malicious,0.9999982118606568
Malicious,Malicious,0.9999988079071044
Malicious,Malicious,0.9999984502792358
Malicious,Malicious,0.9999982118606568
Malicious,Malicious,0.9999982118606568
Malicious,Malicious,0.9999983310699464
Malicious,Malicious,0.9999985694885254
Malicious,Malicious,0.9999977350234984
Malicious,Malicious,0.9999986886978148
Malicious,Malicious,0.9839858412742616
Malicious,Malicious,0.9999985694885254
Malicious,Malicious,0.9999992847442628
Malicious,Malicious,0.9999982118606568
Malicious,Malicious,0.9999986886978148
Malicious,Malicious,0.9999982118606568
Malicious,Malicious,0.9999886751174928
Malicious,Malicious,0.9999984502792358
Malicious,Malicious,0.9999984502792358
Malicious,Malicious,0.9999986886978148
Malicious,Malicious,0.9999986886978148
Malicious,Malicious,0.9999982118606568
Malicious,Malicious,0.999998927116394
Malicious,Malicious,0.9999982118606568
Malicious,Malicious,0.999998927116394
Malicious,Malicious,0.9999983310699464
Malicious,Malicious,0.9999983310699464
Malicious,Malicious,0.99990975856781
Malicious,Malicious,0.999998927116394
Malicious,Malicious,0.9999982118606568
Malicious,Malicious,0.9999983310699464
Malicious,Malicious,0.9999991655349731
Malicious,Malicious,0.9999860525131226
Malicious,Malicious,0.9999984502792358
Malicious,Malicious,0.9999991655349731
Malicious,Malicious,0.9999912977218628
Malicious,Malicious,0.9999984502792358
Malicious,Malicious,0.9999982118606568
Malicious,Malicious,0.9999988079071044
Malicious,Malicious,0.999997854232788
Malicious,Malicious,0.9999988079071044
Malicious,Malicious,0.9999951124191284
Malicious,Malicious,0.9999988079071044
Malicious,Malicious,0.999985933303833
Malicious,Malicious,0.999998927116394
Malicious,Malicious,0.9707452654838562
Malicious,Malicious,0.9999979734420776
Malicious,Malicious,0.9999912977218628
Malicious,Malicious,0.9999971389770508
Malicious,Malicious,0.9999986886978148
Malicious,Malicious,0.9995365142822266
Malicious,Malicious,0.9999871253967284
Malicious,Malicious,0.999996781349182
Malicious,Malicious,0.9999983310699464
Malicious,Malicious,0.9999979734420776
Malicious,Malicious,0.999998927116394
Malicious,Malicious,0.999998927116394
Malicious,Malicious,0.9999982118606568
Malicious,Malicious,0.9999985694885254
Malicious,Malicious,0.9999679327011108
Malicious,Malicious,0.9999982118606568
Malicious,Malicious,0.9999982118606568
Malicious,Malicious,0.9999982118606568
Malicious,Malicious,0.9999974966049194
Malicious,Malicious,0.9999970197677612
Malicious,Malicious,0.9999971389770508
Malicious,Malicious,0.999996304512024
Malicious,Malicious,0.9999986886978148
Malicious,Malicious,0.9999988079071044
Malicious,Malicious,0.9999980926513672
Malicious,Malicious,0.9999986886978148
Malicious,Malicious,0.9999986886978148
Malicious,Malicious,0.9999982118606568
Malicious,Malicious,0.999998927116394
Malicious,Malicious,0.9999982118606568
Malicious,Malicious,0.9998186230659484
Malicious,Malicious,0.9999990463256836
Malicious,Malicious,0.9999988079071044
Malicious,Malicious,0.999996304512024
Malicious,Malicious,0.9999988079071044
Malicious,Malicious,0.9999986886978148
Malicious,Malicious,0.999994158744812
Malicious,Malicious,0.9999986886978148
Malicious,Malicious,0.9999991655349731
Malicious,Malicious,0.999998927116394
Malicious,Malicious,0.9999988079071044
Malicious,Malicious,0.9999988079071044
Malicious,Malicious,0.9999982118606568
Malicious,Malicious,0.9999264478683472
Malicious,Malicious,0.9999936819076538
Malicious,Malicious,0.9999986886978148
Malicious,Malicious,0.999997615814209
Malicious,Malicious,0.9999982118606568
Malicious,Malicious,0.9999979734420776
Malicious,Malicious,0.9999984502792358
Malicious,Malicious,0.9999984502792358
Malicious,Malicious,0.9999986886978148
Malicious,Malicious,0.99999737739563
Malicious,Benign,0.0041509857401251
Malicious,Malicious,0.9999984502792358
Malicious,Malicious,0.9999982118606568
Malicious,Malicious,0.9999936819076538
Malicious,Malicious,0.999997615814209
Malicious,Malicious,0.9999982118606568
Malicious,Malicious,0.999998927116394
Malicious,Malicious,0.9999986886978148
Malicious,Malicious,0.999998927116394
Malicious,Malicious,0.9999982118606568
Malicious,Malicious,0.9999986886978148
Malicious,Malicious,0.9999984502792358
Malicious,Malicious,0.9999986886978148
Malicious,Malicious,0.9999979734420776
Malicious,Malicious,0.9999984502792358
Malicious,Malicious,0.9999982118606568
Malicious,Malicious,0.9999982118606568
Malicious,Malicious,0.9999984502792358
Malicious,Malicious,0.999996542930603
Malicious,Malicious,0.999997615814209
Malicious,Malicious,0.9999988079071044
Malicious,Malicious,0.999985933303833
Malicious,Malicious,0.9999986886978148
Malicious,Malicious,0.9999982118606568
Malicious,Malicious,0.9999988079071044
Malicious,Malicious,0.9999983310699464
Malicious,Malicious,0.999998927116394
Malicious,Malicious,0.999998927116394
Malicious,Malicious,0.9999996423721312
Malicious,Malicious,0.9999982118606568
Malicious,Malicious,0.9999988079071044
Malicious,Malicious,0.9999982118606568
Malicious,Malicious,0.9999985694885254
Malicious,Malicious,0.9999986886978148
Malicious,Malicious,0.9999947547912598
Malicious,Malicious,0.9999979734420776
Malicious,Benign,0.0651042535901069
Malicious,Malicious,0.9999984502792358
Malicious,Malicious,0.9999984502792358
Malicious,Malicious,0.999997615814209
Malicious,Malicious,0.9999982118606568
Malicious,Malicious,0.999998927116394
Malicious,Malicious,0.9999668598175048
Malicious,Malicious,0.999997615814209
Malicious,Malicious,0.999998927116394
Malicious,Malicious,0.9999985694885254
Malicious,Malicious,0.9999985694885254
Malicious,Malicious,0.9999929666519164
Malicious,Malicious,0.9999911785125732
Malicious,Malicious,0.9999984502792358
Malicious,Malicious,0.9999977350234984
Malicious,Malicious,0.9999982118606568
Malicious,Malicious,0.9999972581863404
Malicious,Malicious,0.9999533891677856
Malicious,Malicious,0.9999929666519164
Malicious,Malicious,0.9999977350234984
Malicious,Malicious,0.9999864101409912
Malicious,Malicious,0.99999737739563
Malicious,Malicious,0.9999984502792358
Malicious,Malicious,0.9999984502792358
Malicious,Malicious,0.9999949932098388
Malicious,Malicious,0.999997615814209
Malicious,Malicious,0.999997854232788
Malicious,Malicious,0.999990463256836
Malicious,Malicious,0.9999986886978148
Malicious,Malicious,0.9999986886978148
Malicious,Malicious,0.9999982118606568
Malicious,Malicious,0.9999983310699464
Malicious,Malicious,0.9999988079071044
Malicious,Malicious,0.9999986886978148
Malicious,Malicious,0.999966025352478
Malicious,Malicious,0.9999984502792358
Malicious,Malicious,0.9999982118606568
Malicious,Malicious,0.9999983310699464
Malicious,Malicious,0.9999984502792358
Malicious,Benign,0.0142217380926013
Malicious,Malicious,0.9993416666984558
Malicious,Malicious,0.9999982118606568
Malicious,Malicious,0.9999986886978148
Malicious,Malicious,0.9999990463256836
Malicious,Malicious,0.999985933303833
Malicious,Malicious,0.9999985694885254
Malicious,Malicious,0.9999983310699464
Malicious,Malicious,0.9999984502792358
Malicious,Malicious,0.9999979734420776
Malicious,Malicious,0.9999988079071044
Malicious,Malicious,0.9999982118606568
Malicious,Malicious,0.9999951124191284
Malicious,Malicious,0.9999984502792358
Malicious,Malicious,0.9999986886978148
Malicious,Malicious,0.9999988079071044
Malicious,Malicious,0.9999984502792358
Malicious,Malicious,0.9999986886978148
Malicious,Malicious,0.9999971389770508
Malicious,Malicious,0.9999982118606568
Malicious,Malicious,0.961864173412323
Malicious,Malicious,0.999998927116394
Malicious,Malicious,0.9999986886978148
Malicious,Malicious,0.9999986886978148
Malicious,Malicious,0.9999895095825196
Malicious,Malicious,0.9999982118606568
Malicious,Malicious,0.9999974966049194
Malicious,Malicious,0.9999984502792358
Malicious,Malicious,0.9999990463256836
Malicious,Malicious,0.9999988079071044
Malicious,Malicious,0.9999972581863404
Malicious,Malicious,0.9999984502792358
Malicious,Malicious,0.9999986886978148
Malicious,Malicious,0.9999980926513672
Malicious,Malicious,0.9999603033065796
Malicious,Malicious,0.9999986886978148
Malicious,Malicious,0.9999985694885254
Malicious,Malicious,0.9999988079071044
Malicious,Malicious,0.9999984502792358
Malicious,Malicious,0.999997615814209
Malicious,Malicious,0.9999982118606568
Malicious,Malicious,0.9999895095825196
Malicious,Malicious,0.9999984502792358
Malicious,Malicious,0.9999982118606568
Malicious,Malicious,0.4286488890647888
Malicious,Malicious,0.9999982118606568
Malicious,Malicious,0.9999991655349731
Malicious,Malicious,0.9999974966049194
Malicious,Malicious,0.9999982118606568
Malicious,Malicious,0.9999960660934448
Malicious,Malicious,0.9999984502792358
Malicious,Malicious,0.9999986886978148
Malicious,Malicious,0.999998927116394
Malicious,Malicious,0.9999986886978148
Malicious,Malicious,0.9999982118606568
Malicious,Malicious,0.9999982118606568
Malicious,Malicious,0.9999984502792358
Malicious,Malicious,0.9999986886978148
Malicious,Malicious,0.9999982118606568
Malicious,Malicious,0.9999984502792358
Malicious,Malicious,0.9999985694885254
Malicious,Malicious,0.9999988079071044
Malicious,Malicious,0.9999982118606568
Malicious,Malicious,0.9999982118606568
Malicious,Malicious,0.999992847442627
Malicious,Malicious,0.9999988079071044
Malicious,Malicious,0.9999982118606568
Malicious,Malicious,0.9999778270721436
Malicious,Malicious,0.9999984502792358
Malicious,Malicious,0.9999977350234984
Malicious,Malicious,0.9999982118606568
Malicious,Malicious,0.9999982118606568
Malicious,Malicious,0.9999964237213136
Malicious,Malicious,0.999998927116394
Malicious,Malicious,0.9999984502792358
Malicious,Malicious,0.999996304512024
Malicious,Malicious,0.999995231628418
Malicious,Malicious,0.999996304512024
Malicious,Malicious,0.9999979734420776
Malicious,Malicious,0.9999983310699464
Malicious,Malicious,0.9999979734420776
Malicious,Malicious,0.9999986886978148
Malicious,Malicious,0.9999991655349731
Malicious,Malicious,0.9999982118606568
Malicious,Malicious,0.999998927116394
Malicious,Malicious,0.9999988079071044
Malicious,Malicious,0.9999986886978148
Malicious,Malicious,0.9999985694885254
Malicious,Malicious,0.9999980926513672
Malicious,Malicious,0.9999998807907104
Malicious,Malicious,0.9999892711639404
Malicious,Malicious,0.9999971389770508
Malicious,Malicious,0.9999948740005492
Malicious,Malicious,0.9999988079071044
Malicious,Malicious,0.9999899864196776
Malicious,Malicious,0.9999984502792358
Malicious,Malicious,0.9999918937683104
Malicious,Malicious,0.9999895095825196
Malicious,Malicious,0.9999982118606568
Malicious,Malicious,0.999998927116394
Malicious,Malicious,0.9999879598617554
Malicious,Malicious,0.9999988079071044
Malicious,Malicious,0.9999984502792358
Malicious,Malicious,0.9999984502792358
Malicious,Malicious,0.9999986886978148
Malicious,Malicious,0.9999970197677612
Malicious,Malicious,0.9999979734420776
Malicious,Malicious,0.9999986886978148
Malicious,Malicious,0.9999982118606568
Malicious,Malicious,0.9999971389770508
Malicious,Malicious,0.9999984502792358
Malicious,Malicious,0.9999984502792358
Malicious,Malicious,0.9999988079071044
Malicious,Malicious,0.9999983310699464
Malicious,Malicious,0.9999982118606568
Malicious,Benign,0.0003566410159692168
Malicious,Benign,0.0338204614818096
Malicious,Malicious,0.9999983310699464
Malicious,Malicious,0.9999988079071044
Malicious,Malicious,0.9999982118606568
Malicious,Malicious,0.9999986886978148
Malicious,Malicious,0.9999983310699464
Malicious,Malicious,0.9999982118606568
Malicious,Malicious,0.9999936819076538
Malicious,Malicious,0.9999982118606568
Malicious,Malicious,0.9999974966049194
Malicious,Malicious,0.9999964237213136
Malicious,Malicious,0.999997615814209
Malicious,Malicious,0.9999988079071044
Malicious,Malicious,0.9999984502792358
Malicious,Malicious,0.9999982118606568
Malicious,Malicious,0.9999971389770508
Malicious,Malicious,0.9999984502792358
Malicious,Malicious,0.9999982118606568
Malicious,Malicious,0.9999792575836182
Malicious,Malicious,0.9999990463256836
Malicious,Malicious,0.9999984502792358
Malicious,Malicious,0.9999982118606568
Malicious,Malicious,0.9999982118606568
Malicious,Malicious,0.9999982118606568
Malicious,Malicious,0.9999982118606568
Malicious,Malicious,0.9999982118606568
Malicious,Malicious,0.9999988079071044
Malicious,Malicious,0.9999979734420776
Malicious,Malicious,0.9999986886978148
Malicious,Malicious,0.9999827146530152
Malicious,Malicious,0.9999980926513672
Malicious,Malicious,0.999998927116394
Malicious,Malicious,0.9999984502792358
Malicious,Malicious,0.9999827146530152
Malicious,Malicious,0.999983549118042
Malicious,Malicious,0.9999986886978148
Malicious,Malicious,0.9999986886978148
Malicious,Malicious,0.9999982118606568
Malicious,Malicious,0.9999920129776
Malicious,Malicious,0.9999985694885254
Malicious,Malicious,0.9999988079071044
Malicious,Malicious,0.9999988079071044
Malicious,Malicious,0.9999980926513672
Malicious,Malicious,0.9999982118606568
Malicious,Malicious,0.9999932050704956
Malicious,Malicious,0.9999988079071044
Malicious,Malicious,0.9999986886978148
Malicious,Malicious,0.999990940093994
Malicious,Malicious,0.9999966621398926
Malicious,Malicious,0.9999977350234984
Malicious,Malicious,0.9999982118606568
Malicious,Malicious,0.9999986886978148
Malicious,Malicious,0.999998927116394
Malicious,Malicious,0.9999982118606568
Malicious,Benign,0.2170522212982177
Malicious,Malicious,0.999998927116394
Malicious,Malicious,0.9999982118606568
Malicious,Malicious,0.9999977350234984
Malicious,Malicious,0.9999971389770508
Malicious,Malicious,0.9999984502792358
Malicious,Malicious,0.9999988079071044
Malicious,Malicious,0.9999979734420776
Malicious,Malicious,0.9999988079071044
Malicious,Malicious,0.9999986886978148
Malicious,Malicious,0.9999598264694214
Malicious,Malicious,0.9999986886978148
Malicious,Malicious,0.9999974966049194
Malicious,Malicious,0.9999693632125854
Malicious,Malicious,0.9999986886978148
Malicious,Malicious,0.999964952468872
Malicious,Malicious,0.9999986886978148
Malicious,Benign,0.2117991298437118
Malicious,Malicious,0.999998927116394
Malicious,Malicious,0.999998927116394
Malicious,Malicious,0.9999982118606568
Malicious,Malicious,0.9999982118606568
Malicious,Malicious,0.9999986886978148
Malicious,Malicious,0.9999982118606568
Malicious,Malicious,0.9915560483932496
Malicious,Malicious,0.9999982118606568
Malicious,Malicious,0.9999780654907228
Malicious,Malicious,0.9999986886978148
Malicious,Malicious,0.9999986886978148
Malicious,Malicious,0.999996542930603
Malicious,Malicious,0.9999988079071044
Malicious,Malicious,0.9999986886978148
Malicious,Malicious,0.9999961853027344
Malicious,Malicious,0.407377690076828
Malicious,Malicious,0.9999986886978148
Malicious,Malicious,0.999997854232788
Malicious,Malicious,0.999981164932251
Malicious,Malicious,0.9999988079071044
Malicious,Malicious,0.9999979734420776
Malicious,Malicious,0.9999988079071044
Malicious,Malicious,0.9999971389770508
Malicious,Malicious,0.9999984502792358
Malicious,Malicious,0.9999971389770508
Malicious,Malicious,0.9999979734420776
Malicious,Malicious,0.9999974966049194
Malicious,Malicious,0.9999982118606568
Malicious,Malicious,0.9999982118606568
Malicious,Malicious,0.9999988079071044
Malicious,Malicious,0.9999983310699464
Malicious,Malicious,0.9999953508377076
Malicious,Malicious,0.9999984502792358
Malicious,Malicious,0.9999990463256836
Malicious,Malicious,0.9999988079071044
Malicious,Malicious,0.9999985694885254
Malicious,Malicious,0.9999959468841552
Malicious,Malicious,0.9999982118606568
Malicious,Malicious,0.9999997615814208
Malicious,Malicious,0.9999982118606568
Malicious,Malicious,0.9999986886978148
Malicious,Malicious,0.9999985694885254
Malicious,Malicious,0.9999984502792358
Malicious,Malicious,0.9999986886978148
Malicious,Malicious,0.9986479878425598
Malicious,Malicious,0.9999983310699464
Malicious,Malicious,0.999996781349182
Malicious,Malicious,0.9999966621398926
Malicious,Malicious,0.9999998807907104
Malicious,Malicious,0.9999970197677612
Malicious,Malicious,0.9999971389770508
Malicious,Malicious,0.9999828338623048
Malicious,Malicious,0.9999986886978148
Malicious,Malicious,0.9999986886978148
Malicious,Malicious,0.9999984502792358
Malicious,Malicious,0.9999982118606568
Malicious,Malicious,0.9999984502792358
Malicious,Malicious,0.9999980926513672
Malicious,Malicious,0.999998927116394
Malicious,Malicious,0.9999988079071044
Malicious,Malicious,0.9999980926513672
Malicious,Malicious,0.9999977350234984
Malicious,Malicious,0.9999984502792358
Malicious,Malicious,0.9999982118606568
Malicious,Malicious,0.9999970197677612
Malicious,Malicious,0.9999994039535522
Malicious,Malicious,0.9999984502792358
Malicious,Malicious,0.999998927116394
Malicious,Malicious,0.9999991655349731
Malicious,Malicious,0.9999982118606568
Malicious,Malicious,0.9999986886978148
Malicious,Malicious,0.9999980926513672
Malicious,Malicious,0.9999986886978148
Malicious,Benign,0.0153358560055494
Malicious,Malicious,0.999997615814209
Malicious,Malicious,0.9999984502792358
Malicious,Malicious,0.9999982118606568
Malicious,Malicious,0.9999986886978148
Malicious,Malicious,0.9999988079071044
Malicious,Malicious,0.9999979734420776
Malicious,Malicious,0.9999984502792358
Malicious,Malicious,0.9999948740005492
Malicious,Malicious,0.9999982118606568
Malicious,Malicious,0.9999982118606568
Malicious,Malicious,0.9999986886978148
Malicious,Malicious,0.9999849796295166
Malicious,Malicious,0.9999936819076538
Malicious,Malicious,0.9999986886978148
Malicious,Malicious,0.9999982118606568
Malicious,Malicious,0.9999979734420776
Malicious,Malicious,0.9999986886978148
Malicious,Malicious,0.9999986886978148
Malicious,Malicious,0.9999982118606568
Malicious,Malicious,0.9999988079071044
Malicious,Malicious,0.9999988079071044
Malicious,Malicious,0.9999958276748656
Malicious,Malicious,0.9999988079071044
Malicious,Malicious,0.9999984502792358
Malicious,Malicious,0.9999979734420776
Malicious,Malicious,0.9999943971633912
Malicious,Malicious,0.9999988079071044
Malicious,Malicious,0.9999983310699464
Malicious,Malicious,0.9999982118606568
Malicious,Malicious,0.9999986886978148
Malicious,Malicious,0.999998927116394
Malicious,Malicious,0.9999982118606568
Malicious,Malicious,0.9999986886978148
Malicious,Malicious,0.9999986886978148
Malicious,Malicious,0.9999986886978148
Malicious,Malicious,0.9999995231628418
Malicious,Malicious,0.9999988079071044
Malicious,Malicious,0.9999984502792358
Malicious,Malicious,0.9999986886978148
Malicious,Malicious,0.9999984502792358
Malicious,Malicious,0.9999982118606568
Malicious,Malicious,0.9999986886978148
Malicious,Malicious,0.9999986886978148
Malicious,Malicious,0.9999984502792358
Malicious,Malicious,0.9999991655349731
Malicious,Malicious,0.9999679327011108
Malicious,Malicious,0.9999982118606568
Malicious,Malicious,0.9999982118606568
Malicious,Malicious,0.9999992847442628
Malicious,Malicious,0.9999982118606568
Malicious,Malicious,0.9999988079071044
Malicious,Malicious,0.9999982118606568
Malicious,Malicious,0.9999988079071044
Malicious,Malicious,0.9999984502792358
Malicious,Malicious,0.9999995231628418
Malicious,Benign,0.121821828186512
Malicious,Malicious,0.9999986886978148
Malicious,Malicious,0.999992847442627
Malicious,Malicious,0.9870136380195618
Malicious,Malicious,0.3735841512680053
Malicious,Malicious,0.999992847442627
Malicious,Malicious,0.9999982118606568
Malicious,Malicious,0.9999988079071044
Malicious,Malicious,0.9999988079071044
Malicious,Malicious,0.9999984502792358
Malicious,Malicious,0.9999808073043824
Malicious,Benign,0.0844092518091201
Malicious,Malicious,0.9999984502792358
Malicious,Malicious,0.9999982118606568
Malicious,Malicious,0.9999984502792358
Malicious,Malicious,0.9999884366989136
Malicious,Malicious,0.9999830722808838
Malicious,Malicious,0.9999984502792358
Malicious,Malicious,0.9999982118606568
Malicious,Benign,0.0043164868839085
Malicious,Malicious,0.9999986886978148
Malicious,Malicious,0.9999982118606568
Malicious,Malicious,0.9999704360961914
Malicious,Malicious,0.9999982118606568
Malicious,Malicious,0.9999972581863404
Malicious,Malicious,0.9999990463256836
Malicious,Malicious,0.9999992847442628
Malicious,Malicious,0.9999985694885254
Malicious,Malicious,0.9999985694885254
Malicious,Malicious,0.9999982118606568
Malicious,Malicious,0.999998927116394
Malicious,Malicious,0.9999984502792358
Malicious,Malicious,0.9999977350234984
Malicious,Malicious,0.9999982118606568
Malicious,Malicious,0.9999986886978148
Malicious,Malicious,0.9999994039535522
Malicious,Malicious,0.9999980926513672
Malicious,Benign,0.0066106533631682
Malicious,Malicious,0.9999984502792358
Malicious,Malicious,0.999998927116394
Malicious,Malicious,0.9999992847442628
Malicious,Malicious,0.9999982118606568
Malicious,Malicious,0.9999988079071044
Malicious,Malicious,0.9999982118606568
Malicious,Malicious,0.9999986886978148
Malicious,Malicious,0.999998927116394
Malicious,Malicious,0.9999986886978148
Malicious,Malicious,0.9999986886978148
Malicious,Malicious,0.9999990463256836
Malicious,Malicious,0.938652276992798
Malicious,Malicious,0.9999988079071044
Malicious,Malicious,0.9999988079071044
Malicious,Malicious,0.9999985694885254
Malicious,Malicious,0.9999983310699464
Malicious,Malicious,0.999998927116394
Malicious,Malicious,0.9999994039535522
Malicious,Malicious,0.99999737739563
Malicious,Malicious,0.9999986886978148
Malicious,Malicious,0.9999935626983644
Malicious,Malicious,0.9999819993972778
Malicious,Malicious,0.9999988079071044
Malicious,Malicious,0.9999991655349731
Malicious,Malicious,0.9999986886978148
Malicious,Malicious,0.999997615814209
Malicious,Malicious,0.9999984502792358
Malicious,Malicious,0.9999982118606568
Malicious,Malicious,0.9999982118606568
Malicious,Malicious,0.999990701675415
Malicious,Malicious,0.999997615814209
Malicious,Malicious,0.999996781349182
Malicious,Malicious,0.9999984502792358
Malicious,Malicious,0.9999979734420776
Malicious,Malicious,0.9999982118606568
Malicious,Malicious,0.999998927116394
Malicious,Malicious,0.9999971389770508
Malicious,Malicious,0.999998927116394
Malicious,Malicious,0.999998927116394
Malicious,Malicious,0.9999974966049194
Malicious,Malicious,0.9999986886978148
Malicious,Malicious,0.9999986886978148
Malicious,Malicious,0.9999982118606568
Malicious,Malicious,0.999996542930603
Malicious,Malicious,0.9999986886978148
Malicious,Malicious,0.9999982118606568
Malicious,Malicious,0.9999886751174928
Malicious,Malicious,0.9948000907897948
Malicious,Benign,0.010558670386672
Malicious,Malicious,0.9999988079071044
Malicious,Malicious,0.9999986886978148
Malicious,Malicious,0.9999982118606568
Malicious,Malicious,0.9999988079071044
Malicious,Malicious,0.9999984502792358
Malicious,Malicious,0.999998927116394
Malicious,Malicious,0.9999982118606568
Malicious,Malicious,0.9999988079071044
Malicious,Malicious,0.999998927116394
Malicious,Malicious,0.9999971389770508
Malicious,Malicious,0.9999948740005492
Malicious,Malicious,0.9999986886978148
Malicious,Malicious,0.9999986886978148
Malicious,Malicious,0.9999982118606568
Malicious,Malicious,0.9999922513961792
Malicious,Malicious,0.999998927116394
Malicious,Malicious,0.9999971389770508
Malicious,Malicious,0.9999979734420776
Malicious,Malicious,0.9999972581863404
Malicious,Malicious,0.9999933242797852
Malicious,Malicious,0.9999992847442628
Malicious,Malicious,0.9999986886978148
Malicious,Malicious,0.9999984502792358
Malicious,Malicious,0.9999991655349731
Malicious,Malicious,0.9999982118606568
Malicious,Malicious,0.9999982118606568
Malicious,Malicious,0.9999945163726808
Malicious,Benign,0.0018300749361515
Malicious,Malicious,0.9999988079071044
Malicious,Malicious,0.999996304512024
Malicious,Malicious,0.9999988079071044
Malicious,Malicious,0.9999988079071044
Malicious,Malicious,0.9999979734420776
Malicious,Malicious,0.9999992847442628
Malicious,Malicious,0.9999984502792358
Malicious,Malicious,0.9999988079071044
Malicious,Malicious,0.9999983310699464
Malicious,Malicious,0.9999984502792358
Malicious,Malicious,0.9999988079071044
Malicious,Malicious,0.9999980926513672
Malicious,Malicious,0.9999988079071044
Malicious,Malicious,0.9999986886978148
Malicious,Malicious,0.9999988079071044
Malicious,Malicious,0.999997854232788
Malicious,Malicious,0.9999984502792358
Malicious,Malicious,0.9999985694885254
Malicious,Malicious,0.9999985694885254
Malicious,Malicious,0.9999995231628418
Malicious,Malicious,0.9999990463256836
Malicious,Malicious,0.9999984502792358
Malicious,Malicious,0.999992609024048
Malicious,Malicious,0.9999986886978148
Malicious,Malicious,0.9999982118606568
Malicious,Malicious,0.9999982118606568
Malicious,Malicious,0.9999986886978148
Malicious,Malicious,0.9999982118606568
Malicious,Malicious,0.9999891519546508
Malicious,Malicious,0.9999984502792358
Malicious,Malicious,0.9999986886978148
Malicious,Benign,0.0291236415505409
Malicious,Malicious,0.9999823570251464
Malicious,Malicious,0.9999985694885254
Malicious,Malicious,0.9999982118606568
Malicious,Malicious,0.9999988079071044
Benign,Benign,0.0017408245475962
Benign,Benign,0.0150613207370042
Benign,Benign,0.0003746541333384812
Benign,Benign,3.568237298168242e-05
Benign,Benign,0.0022266982123255
Benign,Benign,0.0031337169930338
Benign,Benign,0.0058838627301156
Benign,Benign,0.00047441248898394406
Benign,Benign,0.0015197311295196
Benign,Benign,1.2663434972637331e-05
Benign,Benign,0.0308143757283687
Benign,Benign,0.00029318660381250083
Benign,Benign,0.0052668093703687
Benign,Benign,0.0025407592765986
Benign,Benign,0.0024524773471057
Benign,Benign,0.0008611184894107282
Benign,Benign,0.0012403315631672
Benign,Benign,0.0181096047163009
Benign,Benign,0.0002766501856967807
Benign,Benign,0.0005371248116716743
Benign,Benign,0.0110858734697103
Benign,Benign,0.000979513511992991
Benign,Benign,0.0184150505810976
Benign,Benign,0.0003847028128802776
Benign,Benign,0.0579351857304573
Benign,Benign,0.0006178274634294212
Benign,Benign,7.934917812235653e-05
Benign,Benign,0.0254775416105985
Benign,Benign,0.0004170113243162632
Benign,Benign,0.00024824714637361467
Benign,Benign,0.0024150100070983
Benign,Benign,0.00022911337146069852
Benign,Benign,8.799014176474884e-05
Benign,Benign,4.783426265930757e-05
Benign,Benign,0.0039950339123606
Benign,Benign,2.751196370809339e-05
Benign,Benign,0.0004256237880326808
Benign,Benign,0.0005191026721149683
Benign,Benign,0.0057324636727571
Benign,Benign,0.0063056759536266
Benign,Benign,0.0061364197172224
Benign,Benign,2.8240647225175053e-05
Benign,Benign,0.0013355985283851
Benign,Benign,0.00031153432792052627
Benign,Benign,0.00013458674948196858
Benign,Benign,0.00012498626892920583
Benign,Benign,0.0003005662001669407
Benign,Benign,0.0010262350551784
Benign,Benign,0.00031512611894868314
Benign,Benign,0.000665412750095129
Benign,Benign,0.0004054697928950191
Benign,Benign,0.0544890537858009
Benign,Benign,0.0019028335809707
Benign,Benign,0.155113473534584
Benign,Benign,0.0062587182037532
Benign,Benign,5.6851662520784885e-05
Benign,Benign,3.660318543552421e-05
Benign,Benign,0.0071290731430053
Benign,Benign,0.0014431022573262
Benign,Benign,0.0055749481543898
Benign,Benign,0.2069850414991378
Benign,Benign,0.00020577713439706716
Benign,Benign,0.0009366312879137696
Benign,Benign,9.208649134961888e-05
Benign,Benign,0.0013196761719882
Benign,Benign,0.016768429428339
Benign,Benign,0.0008097355021163821
Benign,Benign,0.0005318066687323153
Benign,Benign,0.0066345729865133
Benign,Benign,0.0027393950149416
Benign,Benign,0.0018469503847882
Benign,Benign,0.0036914865486323
Benign,Benign,5.626120764645748e-05
Benign,Benign,0.0071857520379126
Benign,Benign,0.0002910002658609301
Benign,Benign,0.0018009815830737
Benign,Benign,0.0008594797691330314
Benign,Benign,0.0587817542254924
Benign,Benign,0.0125319194048643
Benign,Benign,0.0018099757144227
Benign,Benign,0.0027599707245826
Benign,Benign,0.0118841184303164
Benign,Benign,0.00026657417765818536
Benign,Benign,0.0026465659029781
Benign,Benign,0.0020471496973186
Benign,Benign,0.0425380170345306
Benign,Benign,0.0295849908143281
Benign,Benign,0.000426619197241962
Benign,Benign,0.0219683498144149
Benign,Benign,6.153325375635177e-05
Benign,Benign,0.0121609279885888
Benign,Benign,0.0031387647613883
Benign,Benign,0.031990397721529
Benign,Benign,0.0032753120176494
Benign,Benign,0.0140457991510629
Benign,Benign,0.0099159488454461
Benign,Benign,0.0027691174764186
Benign,Benign,0.0424517467617988
Benign,Benign,0.0013912222348153
Benign,Benign,0.00014103321882430464
Benign,Benign,0.0020206633489578
Benign,Benign,0.00019272412464488295
Benign,Benign,0.0005526472232304513
Benign,Benign,0.00023640839208383116
Benign,Benign,0.0396314859390258
Benign,Benign,0.0014654588885605
Benign,Benign,0.0006100574973970652
Benign,Benign,0.0015072239330038
Benign,Benign,0.0024036862887442
Benign,Benign,0.00041780556784942746
Benign,Benign,0.0006789296166971326
Benign,Benign,0.0005306137027218938
Benign,Benign,0.0005562147707678378
Benign,Benign,0.0056152339093387
Benign,Benign,0.0074017108418047
Benign,Benign,0.0001802634942578152
Benign,Benign,0.0042798686772584
Benign,Benign,0.0013470074627548
Benign,Benign,9.203846275340766e-05
Benign,Benign,0.0016638214001432
Benign,Benign,0.0001924692332977429
Benign,Benign,0.0022552094887942
Benign,Benign,0.001695402781479
Benign,Benign,0.0011025066487491
Benign,Benign,0.0005708630778826773
Benign,Benign,0.0014549299376085
Benign,Benign,0.0098861269652843
Benign,Benign,0.0043325466103851
Benign,Benign,0.0086427684873342
Benign,Benign,0.0013298196718096
Benign,Benign,0.0356409437954425
Benign,Benign,0.0002525548916310072
Benign,Benign,0.0037669616285711
Benign,Benign,0.0005806160625070333
Benign,Benign,0.0034687649458646
Benign,Benign,0.00027820811374112964
Benign,Benign,0.0008005938143469393
Benign,Benign,0.0085811074823141
Benign,Benign,0.00021213095169514415
Benign,Benign,7.148285658331588e-05
Benign,Benign,0.0033323713578283
Benign,Benign,0.0001837271120166406
Benign,Benign,0.0010176493087783
Benign,Benign,0.0010759336873888
Benign,Benign,0.001339534879662
Benign,Benign,0.0068430909886956
Benign,Benign,0.0070691984146833
Benign,Benign,0.0033712731674313
Benign,Benign,0.00027399425744079053
Benign,Benign,0.0184782110154628
Benign,Benign,0.00035380537156015635
Benign,Benign,0.0012227620463818
Benign,Benign,0.0012060789158567
Benign,Benign,0.0046907211653888
Benign,Benign,0.0001223802682943642
Benign,Benign,0.0010200589895248
Benign,Benign,0.0040337494574487
Benign,Benign,0.0044639534316957
Benign,Benign,0.0014376171166077
Benign,Benign,0.0001385265786666423
Benign,Benign,0.0045643695630133
Benign,Benign,0.0004086885892320424
Benign,Benign,0.0075305979698896
Benign,Benign,0.00015368119056802243
Benign,Benign,0.0384211130440235
Benign,Benign,0.0013469458790495
Benign,Benign,0.0103599792346358
Benign,Benign,0.0005329734995029867
Benign,Benign,0.0028088572435081
Benign,Benign,0.0174495950341224
Benign,Benign,5.088701436761767e-05
Benign,Benign,0.0033101469743996
Benign,Benign,0.0007050916901789606
Benign,Benign,0.0768700838088989
Benign,Benign,0.00035145197762176394
Benign,Benign,0.0250239502638578
Benign,Benign,0.008533882908523
Benign,Benign,0.01141401194036
Benign,Benign,0.0075597129762172
Benign,Benign,0.0007682263385504484
Benign,Benign,0.0005189288058318198
Benign,Benign,0.0002467432932462543
Benign,Benign,0.0063652293756604
Benign,Benign,0.0025878476444631
Benign,Benign,0.0032453418243676
Benign,Benign,0.0003813617222476751
Benign,Benign,0.0007738154381513596
Benign,Benign,0.00022911337146069852
Benign,Benign,0.0012326367432251
Benign,Benign,0.0086749233305454
Benign,Benign,0.00032002112129703164
Benign,Benign,0.0039116339758038
Benign,Benign,0.0012709643924608
Benign,Benign,0.0201020799577236
Benign,Benign,0.0002528358018025756
Benign,Benign,0.0003096805594395846
Benign,Benign,0.0100063411518931
Benign,Benign,0.0063868048600852
Benign,Benign,0.00022864768106956035
Benign,Benign,0.0240431278944015
Benign,Benign,0.0006071221432648599
Benign,Benign,0.00022418476874008772
Benign,Benign,0.0007362503092736006
Benign,Benign,0.0077765653841197
Benign,Benign,0.0002497953828424216
Benign,Benign,0.0023658673744648
Benign,Benign,0.0004900990170426667
Benign,Benign,0.0004587349249050021
Benign,Benign,0.0017677727155387
Benign,Benign,0.0111346645280718
Benign,Benign,0.0059367734938859
Benign,Benign,0.00015998711751308292
Benign,Benign,0.0058945519849658
Benign,Benign,3.0274593882495537e-05
Benign,Benign,0.030739327892661
Benign,Benign,0.000114959133497905
Benign,Benign,0.0033154448028653
Benign,Benign,0.0006838763947598636
Benign,Benign,0.0051997862756252
Benign,Benign,0.000866128655616194
Benign,Benign,0.0030750161968171
Benign,Benign,0.0251398496329784
Benign,Benign,0.0019066627137362
Benign,Benign,0.0453295446932315
Benign,Benign,0.000400763878133148
Benign,Benign,0.00040680787060409773
Benign,Benign,0.0101255113258957
Benign,Benign,0.0070251813158392
Benign,Benign,0.036628421396017
Benign,Benign,0.00040691858157515526
Benign,Benign,0.0044701411388814
Benign,Benign,0.0086530903354287
Benign,Benign,0.0156477689743042
Benign,Benign,0.00022637739311903715
Benign,Benign,0.0126318335533142
Benign,Benign,0.0041623665019869
Benign,Benign,0.0043615167960524
Benign,Benign,0.0010330082150176
Benign,Benign,0.0004612895718310028
Benign,Benign,0.02545877546072
Benign,Benign,0.0013526800321415
Benign,Benign,0.0024421028792858
Benign,Benign,0.0076600480824708
Benign,Benign,6.75716219120659e-05
Benign,Benign,0.0035184798762202
Benign,Benign,0.0004189593892078847
Benign,Benign,0.0010196970542892
Benign,Benign,0.0010342366294935
Benign,Benign,0.0014562272699549
Benign,Benign,0.0007071485160849988
Benign,Malicious,0.3645380437374115
Benign,Benign,0.0002682354243006557
Benign,Benign,0.0124652814120054
Benign,Benign,0.0047975708730518
Benign,Benign,0.0020071112085133
Benign,Benign,5.253796916804277e-05
Benign,Benign,0.0047710612416267
Benign,Benign,0.0009741440298967065
Benign,Benign,0.00020126689923927188
Benign,Benign,0.00017487684090156108
Benign,Benign,0.0007376981084235013
Benign,Benign,0.0003918037982657552
Benign,Benign,0.0022727218456566
Benign,Benign,0.00032625810126774013
Benign,Benign,0.0058686453849077
Benign,Benign,0.00016049576515797526
Benign,Benign,0.0004200683615636081
Benign,Benign,0.000787208613473922
Benign,Benign,0.0041077751666307
Benign,Benign,0.0035514845512807
Benign,Benign,0.0010373000986874
Benign,Benign,0.0002824945258907974
Benign,Benign,0.0036584278568625
Benign,Benign,0.0003055172273889184
Benign,Benign,0.0005792899755761027
Benign,Benign,0.0042153717949986
Benign,Benign,0.00020614809182006863
Benign,Benign,0.0043003312312066
Benign,Benign,0.0010673607466742
Benign,Benign,0.0005574909737333655
Benign,Benign,0.0433706939220428
Benign,Benign,0.0015183063223958
Benign,Benign,0.00655904924497
Benign,Benign,0.0004789012891706079
Benign,Benign,0.00020914434571750465
Benign,Benign,0.0057616913691163
Benign,Benign,0.0001977800420718268
Benign,Benign,0.0009278794750571252
Benign,Benign,0.0010610749013721
Benign,Benign,0.00012004967720713466
Benign,Benign,0.0003205451066605747
Benign,Benign,0.0081302169710397
Benign,Benign,0.1070424765348434
Benign,Benign,0.0005609123036265373
Benign,Benign,0.0082010980695486
Benign,Benign,0.0042861541733145
Benign,Benign,0.0009193565347231925
Benign,Benign,0.0893432721495628
Benign,Benign,0.00018463256128598005
Benign,Benign,0.0005369576974771917
Benign,Benign,0.0013404320925474
Benign,Benign,0.0034101463388651
Benign,Benign,0.090454950928688
Benign,Benign,0.000251809018664062
Benign,Benign,0.0003582151257432997
Benign,Benign,0.0038629728369414
Benign,Benign,7.8339442552533e-05
Benign,Benign,0.0023850151337683
Benign,Benign,0.0005848410655744374
Benign,Benign,6.905509508214891e-05
Benign,Benign,0.0005277532618492842
Benign,Benign,0.0019646810833364
Benign,Benign,0.0052794530056416
Benign,Benign,0.0004588971787597984
Benign,Benign,0.0559326447546482
Benign,Benign,0.0030221056658774
Benign,Benign,2.284751280967612e-05
Benign,Benign,0.0060932813212275
Benign,Benign,0.0097632938995957
Benign,Benign,0.0181504767388105
Benign,Benign,0.0003652299928944558
Benign,Benign,0.0005734529113397002
Benign,Benign,0.001672804239206
Benign,Benign,0.0004297402629163116
Benign,Benign,0.0047644767910242
Benign,Benign,0.0001667692995397374
Benign,Benign,0.0155506832525134
Benign,Benign,0.0034725761506706
Benign,Benign,0.0004205138538964093
Benign,Benign,0.0004297816485632211
Benign,Benign,0.0160980466753244
Benign,Benign,0.0067739076912403
Benign,Benign,2.501270137145184e-05
Benign,Benign,0.0190237313508987
Benign,Benign,0.0013100503711029
Benign,Benign,0.0024852242786437
Benign,Benign,0.0003366695891600102
Benign,Benign,0.0151214217767119
Benign,Benign,0.0072625335305929
Benign,Benign,5.171139855519869e-05
Benign,Benign,0.0281570330262184
Benign,Benign,2.5074868972296827e-05
Benign,Benign,0.0037566875107586
Benign,Benign,0.0004553284961730242
Benign,Benign,0.0018822120036929
Benign,Benign,0.00030643263016827404
Benign,Benign,0.00093955168267712
Benign,Benign,0.0006011167424730957
Benign,Benign,0.0161814969033002
Benign,Benign,0.0019655826035887
Benign,Benign,0.00022351201914716512
Benign,Benign,0.0005875233910046518
Benign,Benign,0.0076076365076005
Benign,Benign,0.0009245335822924972
Benign,Benign,0.00012016935943393035
Benign,Benign,0.0821425765752792
Benign,Benign,0.0026686976198107
Benign,Benign,0.001713203266263
Benign,Benign,0.000392475922126323
Benign,Benign,0.00016855710418894887
Benign,Benign,0.00015465242904610932
Benign,Benign,0.0021861838176846
Benign,Benign,0.0086105596274137
Benign,Benign,0.0016254521906375
Benign,Benign,0.0169975198805332
Benign,Benign,0.0011406362755224
Benign,Benign,0.0003153863945044577
Benign,Benign,0.00010993168689310552
Benign,Benign,4.184532735962421e-05
Benign,Benign,0.00015492120292037723
Benign,Benign,0.0061952355317771
Benign,Benign,0.0092631597071886
Benign,Benign,0.00011753359285648912
Benign,Benign,0.0010431911796331
Benign,Benign,0.00047656401875428855
Benign,Benign,0.0014337737811729
Benign,Benign,0.0008490146137773991
Benign,Benign,0.0018230382120236
Benign,Benign,0.0017624191241338
Benign,Benign,0.00016667184536345303
Benign,Benign,0.0004868356045335531
Benign,Benign,0.0009135206346400082
Benign,Benign,0.00031511980341747403
Benign,Benign,0.0003566410159692168
Benign,Benign,0.0012794634094461
Benign,Benign,0.00018555682618170977
Benign,Benign,0.0048411921598017
Benign,Benign,0.0004938897327519953
Benign,Benign,0.00023466751736123115
Benign,Benign,0.0004320750886108726
Benign,Benign,0.004075123462826
Benign,Benign,0.0003784145519603044
Benign,Benign,0.0029144221916794
Benign,Benign,0.0049637942574918
Benign,Benign,0.0031064071226865
Benign,Benign,0.0011208043433725
Benign,Benign,0.004000584129244
Benign,Benign,0.0108775766566395
Benign,Benign,0.001731758005917
Benign,Benign,0.0014020488597452
Benign,Benign,0.0037409591022878
Benign,Benign,0.0125667406246066
Benign,Benign,0.0001397688902216032
Benign,Benign,0.00027279992355033755
Benign,Benign,0.0010659756371751
Benign,Benign,0.0003806131426244974
Benign,Benign,0.0024408532772213
Benign,Benign,0.00010070823918795212
Benign,Benign,0.0066496143117547
Benign,Benign,0.0009223840897902846
Benign,Benign,0.0008832057355903089
Benign,Benign,0.0019231123151257
Benign,Benign,0.0016039623878896
Benign,Benign,5.5249947763513774e-05
Benign,Benign,0.015685623511672
Benign,Benign,0.0131530091166496
Benign,Benign,0.0022938640322536
Benign,Benign,0.0006852970109321177
Benign,Benign,0.0067100385203957
Benign,Benign,0.00028868240769952536
Benign,Benign,0.001031179795973
Benign,Benign,0.0012781535042449
Benign,Benign,0.0094628594815731
Benign,Benign,0.0087712528184056
Benign,Benign,0.0003168326511513442
Benign,Benign,0.0461714006960392
Benign,Benign,0.0005672297556884587
Benign,Benign,0.0006386077729985118
Benign,Benign,0.0004152269102633
Benign,Benign,0.00023760787735227493
Benign,Benign,2.198078618675936e-05
Benign,Benign,0.0072223697789013
Benign,Benign,0.0012984463246539
Benign,Benign,0.0002614935510791838
Benign,Benign,0.0117911249399185
Benign,Benign,0.0001750516821630299
Benign,Benign,0.0017953055212274
Benign,Benign,0.0122138382866978
Benign,Benign,8.74083416420035e-05
Benign,Benign,0.0058980877511203
Benign,Benign,0.0014485678402706
Benign,Benign,0.0100141232833266
Benign,Benign,0.004290004260838
Benign,Benign,0.0068067675456404
Benign,Benign,0.0005091257044114172
Benign,Benign,0.0074248327873647
Benign,Benign,0.0010681455023586
Benign,Benign,0.0002573580713942647
Benign,Benign,0.00020192083320580423
Benign,Benign,0.0004381464095786214
Benign,Benign,0.0012410305207595
Benign,Benign,0.0031408378854393
Benign,Benign,0.0001871478307293728
Benign,Benign,0.1274615973234176
Benign,Benign,0.001562226563692
Benign,Benign,5.693168714060448e-05
Benign,Benign,0.0036259398330003
Benign,Benign,0.0049331937916576
Benign,Benign,0.0337116308510303
Benign,Benign,0.0078629087656736
Benign,Benign,9.580878395354377e-05
Benign,Benign,0.0029585273005068
Benign,Benign,0.00027229971601627767
Benign,Benign,0.00017694933922030032
Benign,Benign,0.0034690762404352
Benign,Benign,0.0016298310365527
Benign,Benign,0.0466622598469257
Benign,Benign,0.0008251136168837547
Benign,Benign,0.00021844981529284269
Benign,Benign,0.00031702269916422665
Benign,Benign,0.0002979348646476865
Benign,Benign,0.0300703849643468
Benign,Benign,0.0094484519213438
Benign,Benign,0.0015334059717133
Benign,Benign,0.0049790395423769
Benign,Benign,0.0095585100352764
Benign,Benign,0.00031034971470944583
Benign,Benign,0.00067266880068928
Benign,Benign,0.0032050022855401
Benign,Benign,0.0056386166252195
Benign,Benign,0.0046946387737989
Benign,Benign,9.471887460676952e-05
Benign,Benign,0.0023537569213658
Benign,Benign,0.0013646120205521
Benign,Benign,0.0139057589694857
Benign,Benign,0.0013957940973341
Benign,Benign,0.0002762408694252372
Benign,Benign,1.723956120258663e-05
Benign,Benign,0.0023862805683165
Benign,Benign,0.0032198738772422
Benign,Benign,0.0128340451046824
Benign,Benign,0.0146221052855253
Benign,Benign,0.0007938773487694561
Benign,Benign,3.690777884912677e-05
Benign,Benign,0.0003080471942666918
Benign,Benign,0.0134039800614118
Benign,Benign,0.00013596903590951115
Benign,Benign,1.9405686543905176e-05
Benign,Benign,0.00018864774028770623
Benign,Benign,0.0007909717387519777
Benign,Benign,3.264767656219192e-05
Benign,Benign,0.0005945924203842878
Benign,Benign,0.0083718309178948
Benign,Benign,0.0014049446908757
Benign,Benign,0.001558803836815
Benign,Benign,0.0016520118806511
Benign,Benign,0.0003525415959302336
Benign,Malicious,0.2237361669540405
Benign,Benign,4.432559944689274e-05
Benign,Benign,0.0110006453469395
Benign,Benign,0.002590849995613
Benign,Benign,0.0002452997723594308
Benign,Benign,0.0027801357209682
Benign,Benign,0.0013656007358804
Benign,Benign,0.0015340282116085
Benign,Benign,0.0107605019584298
Benign,Benign,0.0004699195851571858
Benign,Benign,0.0087540401145815
Benign,Benign,0.0021884744055569
Benign,Benign,0.0016017267480492
Benign,Benign,0.00012946197239216417
Benign,Benign,5.363931268220768e-05
Benign,Benign,0.0002526326570659876
Benign,Benign,0.0007438598549924791
Benign,Benign,3.835300958598964e-05
Benign,Benign,0.0010929482523351
Benign,Benign,0.0024254287127405
Benign,Benign,0.0013948313426226
Benign,Benign,0.0025942309293895
Benign,Benign,0.0006947442889213562
Benign,Benign,0.00022203476692084223
Benign,Benign,0.00011153720697620884
Benign,Benign,0.00021572900004684925
Benign,Benign,0.0022293536458164
Benign,Benign,0.0019350087968632
Benign,Benign,0.0003566410159692168
Benign,Benign,0.0005585731123574078
Benign,Benign,0.1447277814149856
Benign,Benign,0.0087727000936865
Benign,Benign,0.0017498477827757
Benign,Benign,0.0024668222758919
Benign,Benign,0.0011223214678466
Benign,Benign,0.0002254814753541723
Benign,Benign,0.0129453698173165
Benign,Benign,0.0006127557717263699
Benign,Benign,0.00036058228579349816
Benign,Benign,5.800259532406926e-05
Benign,Benign,0.0015594305004924
Benign,Benign,0.0003906606580130756
Benign,Benign,0.0928349122405052
Benign,Benign,0.0043211868032813
Benign,Benign,0.0415560118854045
Benign,Benign,0.0292345080524683
Benign,Benign,5.168567076907493e-05
Benign,Benign,0.0001692016958259046
Benign,Benign,0.0005966030876152217
Benign,Benign,0.0004993765032850206
Benign,Benign,0.0019638529047369
Benign,Benign,0.0006790163461118937
Benign,Benign,0.0034857988357543
Benign,Benign,0.0982750654220581
Benign,Malicious,0.3406852781772613
Benign,Benign,0.0003612839209381491
Benign,Benign,0.0018422551220282
Benign,Benign,0.0018372664926573
Benign,Benign,0.0007722692098468542
Benign,Benign,0.0025450300890952
Benign,Benign,0.0003399107663426548
Benign,Benign,0.0675023943185806
Benign,Benign,0.0005877471412532032
Benign,Benign,0.0006224128883332014
Benign,Benign,0.0009507015347480774
Benign,Benign,0.0530129820108413
Benign,Benign,0.0111969150602817
Benign,Benign,0.0219255462288856
Benign,Benign,0.0003645570541266352
Benign,Benign,0.0005962631548754871
Benign,Benign,0.004869517404586
Benign,Benign,0.0001523071259725839
Benign,Benign,0.00017306971130892634
Benign,Benign,0.0013583317631855
Benign,Benign,0.0021844587754458
Benign,Benign,0.0064719528891146
Benign,Benign,0.0002487781166564673
Benign,Benign,0.0002607715432532132
Benign,Benign,0.0029232967644929
Benign,Benign,0.0131275281310081
Benign,Benign,0.0048985579051077
Benign,Benign,0.0020898927468806
Benign,Benign,0.0005019839736633003
Benign,Benign,0.0577514581382274
Benign,Benign,0.0021709545981138
Benign,Benign,0.0014265003846958
Benign,Benign,0.0022380584850907
Benign,Benign,0.0229031629860401
Benign,Benign,0.0035260645672678
Benign,Benign,0.0048901629634201
Benign,Benign,0.0026680594310164
Benign,Benign,0.0030867999885231
Benign,Benign,0.0109232645481824
Benign,Benign,0.0454671420156955
Benign,Benign,0.0034466001670807
Benign,Benign,0.002844450995326
Benign,Benign,0.0011684146011248
Benign,Benign,0.0006729396991431713
Benign,Benign,0.0002092508657369763
Benign,Benign,8.386422268813476e-05
Benign,Benign,0.0019698359537869
Benign,Benign,0.00086122757056728
Benign,Benign,0.0001778053119778633
Benign,Benign,0.0020421720109879
Benign,Benign,0.001556719886139
Benign,Benign,0.0062547181732952
Benign,Benign,0.0010025993688032
Benign,Benign,0.002508551813662
Benign,Benign,0.0002615933190099895
Benign,Benign,0.0234079770743846
Benign,Benign,0.00047441248898394406
Benign,Benign,0.0019363777246326
Benign,Benign,0.0003273885522503406
Benign,Malicious,0.3805515170097351
Benign,Benign,0.0026180197019129
Benign,Benign,0.0017983075231313
Benign,Benign,0.0143324295058846
Benign,Benign,0.0055982009507715
Benign,Benign,3.443057357799262e-05
Benign,Benign,0.0014567384496331
Benign,Benign,0.0040797633118927
Benign,Benign,0.0012227701954543
Benign,Benign,0.00018329577869735655
Benign,Benign,0.001110250595957
Benign,Benign,0.0007454984588548541
Benign,Benign,0.0079095214605331
Benign,Benign,0.0008409261936321855
Benign,Benign,0.0006833408260717988
Benign,Benign,0.0004118685028515756
Benign,Benign,0.0046229483559727
Benign,Benign,0.0001602789125172421
Benign,Benign,0.0007766152266412973
Benign,Benign,0.0356349274516105
Benign,Benign,0.0019493873696774
Benign,Benign,5.824042091262527e-05
Benign,Benign,0.0009873270755633712
Benign,Benign,0.0090783992782235
Benign,Benign,7.586929859826341e-05
Benign,Benign,0.00016121588123496622
Benign,Benign,0.0021718482021242
Benign,Benign,0.001192913390696
Benign,Benign,4.2579034925438464e-05
Benign,Benign,0.0136316660791635
Benign,Benign,0.0017223113682121
Benign,Benign,0.0020054965279996
Benign,Benign,0.00018030389037448916
Benign,Benign,0.0139293894171714
Benign,Benign,0.0005019839736633003
Benign,Benign,0.004211978521198
Benign,Benign,0.0087999971583485
Benign,Benign,0.0025029345415532
Benign,Benign,0.0002638883888721466
Benign,Benign,0.0114615112543106
Benign,Benign,0.0043077450245618
Benign,Benign,0.000750674051232636
Benign,Benign,0.0005449575837701559
Benign,Benign,0.0007962062954902649
Benign,Benign,0.0859433859586715
Benign,Benign,0.000767626625020057
Benign,Benign,0.0282427947968244
Benign,Benign,0.002141494769603
Benign,Benign,0.0010221262928098
Benign,Benign,0.001062617637217
Benign,Benign,0.0151336779817938
Benign,Benign,0.0314161628484725
Benign,Benign,0.0007553649484179914
Benign,Benign,0.0753007680177688
Benign,Benign,0.0014369921991601
Benign,Benign,7.78615958552109e-06
Benign,Benign,0.0044444873929023
Benign,Benign,0.0007381467730738223
Benign,Benign,0.0018728096038103
Benign,Benign,0.0045442283153533
Benign,Benign,0.00022882086341269317
Benign,Benign,0.0044235936366021
Benign,Benign,0.0015279985964298
Benign,Benign,0.0088300686329603
Benign,Benign,0.0006627792026847601
Benign,Benign,0.0002135651593562216
Benign,Benign,0.0008917085942812264
Benign,Benign,0.0019588563591241
Benign,Benign,5.679752575815655e-05
Benign,Benign,0.0035563732963055
Benign,Benign,0.002392669674009
Benign,Benign,0.0032139397226274
Benign,Benign,0.0016015390865504
Benign,Benign,0.0030774010811001
Benign,Benign,0.0016485346714034
Benign,Benign,0.0011434811167418
Benign,Benign,0.1158665791153907
Benign,Benign,0.002148259198293
Benign,Benign,0.0006641409127041698
Benign,Benign,0.0002459393290337175
Benign,Benign,0.0480044558644294
Benign,Benign,0.0052397735416889
Benign,Benign,0.0044081998057663
Benign,Benign,0.00023779440380167216
Benign,Benign,0.0763970017433166
Benign,Benign,0.003640963230282
Benign,Benign,0.0002633118710946292
Benign,Benign,0.001167528447695
Benign,Benign,0.0006045684567652643
Benign,Benign,0.0009953954722732306
Benign,Benign,0.0104600060731172
Benign,Benign,0.00019549363059923053
Benign,Benign,0.0379251465201377
Benign,Benign,0.0500378757715225
Benign,Benign,0.0020299011375755
Benign,Benign,0.0010304393945261
Benign,Benign,0.0020999638363718
Benign,Benign,0.0032604904845356
Benign,Benign,0.0007289998466148973
Benign,Benign,0.0012066080234944
Benign,Benign,0.0005656729335896671
Benign,Benign,0.0012375236256048
Benign,Benign,4.3522475607460365e-05
Benign,Benign,0.005698861554265
Benign,Benign,0.0175225399434566
Benign,Benign,0.0161363612860441
Benign,Benign,0.002121735131368
Benign,Benign,0.0015674111200496
Benign,Benign,0.00042810742161236703
Benign,Benign,0.00022911337146069852
Benign,Benign,0.000682276557199657
Benign,Benign,0.0006428708438761532
Benign,Benign,0.00029058329528197646
Benign,Benign,0.00020331083214841783
Benign,Benign,0.0010897170286625
Benign,Benign,0.0005171193624846637
Benign,Benign,4.196301233605482e-05
Benign,Benign,0.0009548672242090106
Benign,Benign,0.0018645622767508
Benign,Benign,0.0006572589045390487
Benign,Benign,0.00012463149323593825
Benign,Benign,0.0026767917443066
Benign,Benign,0.00017733275308273733
Benign,Benign,8.345051173819229e-05
Benign,Benign,0.0037969942204654
Benign,Benign,0.0013483050279319
Benign,Benign,0.0061240755021572
Benign,Benign,0.00016924994997680187
Benign,Benign,0.0324076488614082
Benign,Benign,0.000651184469461441
Benign,Benign,0.0004001170163974166
Benign,Benign,0.0007664330187253654
Benign,Benign,0.0013010094407945
Benign,Benign,0.0024052693042904
Benign,Benign,0.00021762638061773032
Benign,Benign,0.0012035662075504
Benign,Benign,0.0019712105859071
Benign,Benign,0.0008119007688947022
Benign,Benign,0.002519727917388
Benign,Benign,0.0008443434489890933
Benign,Benign,0.0134572815150022
Benign,Benign,0.0038241511210799
Benign,Benign,0.0017439165385439
Benign,Benign,0.0011006182758137
Benign,Benign,0.1073305681347847
Benign,Benign,0.0246312674134969
Benign,Benign,0.0007279948913492262
Benign,Benign,0.0046892496757209
Benign,Benign,0.0204930286854505
Benign,Benign,0.0016812386456876
Benign,Benign,0.0025452552363276
Benign,Benign,0.0014392554294317
Benign,Benign,0.00017862692766357213
Benign,Benign,0.00020101797417737544
Benign,Benign,0.0016830138629302
Benign,Benign,0.0049347789026796
Benign,Benign,0.0017015694174915
Benign,Benign,0.0004394081188365817
Benign,Benign,0.000258451298577711
Benign,Benign,0.0063606947660446
Benign,Benign,0.0986397936940193
Benign,Benign,0.0006004138849675655
Benign,Benign,0.0013547873822972
Benign,Benign,3.5879533243132755e-05
Benign,Benign,8.45365138957277e-05
Benign,Benign,0.00021873931109439584
Benign,Benign,0.0032543330453336
Benign,Benign,0.0007802644977346063
Benign,Benign,0.0569730922579765
Benign,Benign,0.00035209438647143543
Benign,Benign,0.007412358187139
Benign,Benign,0.0017528322059661
Benign,Benign,0.00038427652907557786
Benign,Benign,0.0010659253457561
Benign,Benign,0.0098465271294116
Benign,Benign,0.00040680787060409773
Benign,Benign,0.00408132141456
Benign,Benign,0.0040399115532636
Benign,Benign,0.001361462753266
Benign,Benign,0.0001519185461802408
Benign,Benign,0.0044392682611942
Benign,Benign,0.0015948647633194
Benign,Benign,0.00011701839684974402
Benign,Benign,0.00013368413783609867
Benign,Benign,0.0006477290880866349
Benign,Benign,0.0157596599310636
Benign,Benign,0.0319227762520313
Benign,Benign,0.0008983565494418144
Benign,Benign,0.0070427530445158
Benign,Benign,0.0005025361897423863
Benign,Benign,0.0064294431358575
Benign,Benign,0.0039681456983089
Benign,Benign,0.0127632245421409
Benign,Benign,0.0010579092195257
Benign,Benign,0.0003563008503988385
Benign,Benign,0.0010390288662165
Benign,Benign,0.0028892445843666
Benign,Benign,0.002428283682093
Benign,Benign,0.002638662001118
Benign,Benign,0.0002816984197124839
Benign,Benign,0.0341419987380504
Benign,Benign,0.00011381960212020203
Benign,Benign,0.0010781796881929
Benign,Benign,5.443852205644362e-05
Benign,Benign,0.0425703562796115
Benign,Benign,0.0120794791728258
Benign,Benign,0.0047069960273802
Benign,Benign,0.0031433454714715
Benign,Benign,0.0002419526281300932
Benign,Benign,0.0012673957971855
Benign,Benign,0.0007364442571997643
Benign,Benign,0.0324419438838958
Benign,Benign,0.0012111443793401
Benign,Benign,0.0003760806866921485
Benign,Benign,0.0001815270952647552
Benign,Benign,0.0013480656780302
Benign,Benign,0.0001611496409168467
Benign,Benign,0.0003319878014735877
Benign,Benign,0.2119206190109253
Benign,Benign,0.0022274949587881
Benign,Benign,0.0026836937759071
Benign,Benign,0.001799734076485
Benign,Benign,0.0015501612797379
Benign,Benign,0.0003748097224161029
Benign,Benign,0.007890629582107
Benign,Benign,2.609015245980117e-05
Benign,Benign,0.0215538442134857
Benign,Benign,0.0004839394823648036
Benign,Benign,0.0029995292425155
Benign,Benign,0.0040004565380513
Benign,Benign,0.0008073908393271267
Benign,Benign,0.0018913254607468
Benign,Benign,0.0020998038817197
Benign,Benign,0.0005549793131649494
Benign,Benign,0.0008615250699222088
Benign,Benign,0.0005894857458770275
Benign,Benign,0.0009901314042508602
Benign,Benign,0.00044387124944478273
Benign,Benign,0.0019693681970238
Benign,Benign,0.00040680787060409773
Benign,Benign,0.1803333908319473
Benign,Benign,0.0141229648143053
Benign,Benign,0.0584461279213428
Benign,Benign,0.0002780627692118287
Benign,Benign,8.044461719691753e-05
Benign,Benign,0.002085763728246
Benign,Benign,0.000246307288762182
Benign,Benign,0.0001926791010191664
Benign,Benign,0.0019301293650642
Benign,Benign,0.011924372985959
Benign,Benign,0.0009279957157559692
Benign,Benign,0.003943745046854
Benign,Benign,0.0006194373709149659
Benign,Benign,0.0003146118833683431
Benign,Benign,0.0226751957088708
Benign,Benign,0.0010076166363433
Benign,Benign,0.0014906504657119
Benign,Benign,0.00037990030250512064
Benign,Benign,0.0118199465796351
Benign,Benign,0.0009270982700400054
Benign,Benign,0.0104281306266784
Benign,Benign,0.00010086316615343094
Benign,Benign,0.00021911505609750748
Benign,Benign,0.00036637362791225314
Benign,Benign,0.0838218256831169
Benign,Benign,0.0016262695426121
Benign,Benign,0.0035023232921957
Benign,Benign,0.0003067945363000036
Benign,Benign,0.0025235957000404
Benign,Benign,0.00013968627899885178
Benign,Benign,0.0004361304163467139
Benign,Benign,2.9649238058482297e-05
Benign,Benign,4.658364196075127e-05
Benign,Benign,0.0020301146432757
Benign,Benign,0.0008977127145044506
Benign,Benign,0.00025558279594406486
Benign,Benign,0.0045660184696316
Benign,Benign,0.0002651448594406247
Benign,Benign,0.025763725861907
Benign,Benign,0.0005504287546500564
Benign,Benign,0.0079579586163163
Benign,Benign,0.0016314020613208
Benign,Benign,0.001359659130685
Benign,Benign,1.413451445841929e-05
Benign,Benign,0.0029743581544607
Benign,Benign,0.0018563512712717
Benign,Benign,0.0185441561043262
Benign,Benign,0.00016689591575413942
Benign,Benign,0.0005381599767133594
Benign,Benign,0.0032888017594814
Benign,Benign,0.0007697718683630228
Benign,Benign,0.0004586465656757355
Benign,Benign,0.0012072881218045
Benign,Benign,0.0029793581925332
Benign,Benign,0.0018823302816599
Benign,Benign,0.00022369260841514915
Benign,Benign,0.0004273076774552465
Benign,Benign,0.0004754829569719732
Benign,Benign,0.0061717554926872
Benign,Benign,0.0018476967234164
Benign,Benign,0.000909739639610052
Benign,Benign,0.0029510355088859
Benign,Benign,0.0016982347005978
Benign,Benign,0.0036782326642423
Benign,Benign,0.0035255956463515
Benign,Benign,0.0138943335041403
Benign,Benign,0.0005754212033934891
Benign,Benign,0.0105463881045579
Benign,Benign,0.0093856714665889
Benign,Benign,0.0032082761172205
Benign,Benign,0.0922117233276367
Benign,Benign,0.0004025145899504423
Benign,Benign,0.0012975606368854
Benign,Benign,0.0642659068107605
Benign,Benign,0.0005376403569243848
Benign,Benign,0.00013213242345955223
Benign,Benign,0.0011270182440057
Benign,Benign,0.0009889312786981463
Benign,Benign,0.00039828941226005554
Benign,Benign,0.0114307738840579
Benign,Benign,4.7125358833000064e-05
Benign,Benign,0.0032542354892939
Benign,Benign,6.5906613599509e-05
Benign,Benign,0.0049131349660456
Benign,Benign,4.820182584808208e-05
Benign,Benign,0.0014412297168746
Benign,Benign,0.00019699691620189697
Benign,Benign,0.0012444911990314
Benign,Benign,0.0003914867993444204
Benign,Benign,0.00063359021442011
Benign,Benign,0.0009033344686031342
Benign,Benign,0.0024291432928293
Benign,Benign,0.0007133414037525654
Benign,Benign,0.0005015195347368717
Benign,Benign,0.00214873556979
Benign,Benign,0.0008378088823519647
Benign,Benign,0.0699299126863479
Benign,Benign,0.0018268426647409
Benign,Benign,0.0049057342112064
Benign,Benign,0.0220358818769454
Benign,Benign,0.008370310999453
Benign,Benign,3.895368718076497e-05
Benign,Benign,0.0010000608162954
Benign,Benign,0.00016240157128777355
Benign,Benign,1.5217604413919616e-05
Benign,Benign,0.0025108186528086
Benign,Benign,0.0200266037136316
Benign,Benign,0.00015413570508826524
Benign,Benign,0.0031788339838385
Benign,Benign,0.0087162367999553
Benign,Benign,0.0035126965958625
Benign,Benign,0.0014853565953671
Benign,Benign,0.0042596319690346
Benign,Benign,0.0130870528519153
Benign,Benign,0.0023952240590006
Benign,Benign,0.0029720156453549
Benign,Malicious,0.2550672590732574
Benign,Benign,0.0012781674740836
Benign,Benign,0.0028507090173661
Benign,Benign,0.0001331950188614428
Benign,Benign,0.00029685746994800866
Benign,Benign,0.0073225703090429
Benign,Benign,1.276025977858808e-05
Benign,Benign,0.0011907087173312
Benign,Benign,0.0135512445122003
Benign,Benign,0.0017397128976881
Benign,Benign,0.00011365616228431465
Benign,Benign,0.0015567265218123
Benign,Benign,0.0044269738718867
Benign,Benign,0.0225978940725326
Benign,Benign,0.00017560954438522458
Benign,Benign,0.0207006633281707
Benign,Benign,0.00031798408599570394
Benign,Benign,0.0021968630608171
Benign,Benign,0.000258451298577711
Benign,Benign,0.0003299783857073635
Benign,Benign,0.0104297250509262
Benign,Benign,0.001307760248892
Benign,Benign,0.0013929296983405
Benign,Benign,0.0113201141357421
Benign,Benign,0.00012382821296341717
Benign,Benign,0.0049712425097823
Benign,Benign,0.0003861219447571784
Benign,Benign,0.00029850666760467
Benign,Benign,0.049092810600996
Benign,Benign,0.0087583651766181
Benign,Benign,0.00042356501217000186
Benign,Benign,0.0027897031977772
Benign,Benign,0.0006936685531400144
Benign,Benign,0.0359671562910079
Benign,Benign,0.019876193255186
Benign,Benign,0.0018458517733961
Benign,Benign,0.0005053862114436924
Benign,Benign,0.0035779015161097
Benign,Benign,0.0045536705292761
Benign,Benign,0.0030508663039654
Benign,Benign,0.0004882986540906131
Benign,Benign,7.822104817023501e-05
Benign,Benign,0.00016648108430672437
Benign,Benign,0.0027072539087384
Benign,Benign,0.0008256649598479271
Benign,Benign,0.002987262327224
Benign,Benign,0.00040751718915998936
Benign,Benign,0.001532613299787
Benign,Benign,0.00015034389798529446
Benign,Benign,0.0005024087731726468
Benign,Benign,0.00021758695947937667
Benign,Benign,0.0013703169533982
Benign,Benign,0.0003989998367615044
Benign,Benign,0.0001983356341952458
Benign,Benign,0.0820891633629798
Benign,Benign,0.0002942972932942212
Benign,Benign,0.0020028138533234
Benign,Benign,5.329997657099739e-05
Benign,Benign,0.0005406272830441594
Benign,Benign,9.075045818462968e-05
Benign,Benign,0.00040680787060409773
Benign,Benign,0.0014806152321398
Benign,Benign,0.1412509232759475
Benign,Benign,0.0030607471708208
Benign,Benign,0.0009851064532995224
Benign,Benign,0.0009330453467555344
Benign,Benign,0.0014613965759053
Benign,Benign,0.0280700977891683
Benign,Benign,0.0034957607276737
Benign,Benign,0.0009088485385291278
Benign,Benign,0.001857173978351
Benign,Benign,0.0015092670219019
Benign,Benign,0.000901243241969496
Benign,Benign,0.0003303743724245578
Benign,Benign,0.00015602684288751334
Benign,Benign,0.00032856702455319464
Benign,Benign,0.0017257713479921
Benign,Benign,0.0019126329571008
Benign,Benign,0.001908864476718
Benign,Benign,0.0053165508434176
Benign,Benign,0.033022690564394
Benign,Benign,0.0024562762118875
Benign,Benign,0.00023640839208383116
Benign,Benign,0.0014452545437961
Benign,Benign,0.00012299258378334343
Benign,Benign,0.00014514403301291168
Benign,Benign,0.0055939843878149
Benign,Benign,0.0017073366325348
Benign,Benign,0.000825303141027689
Benign,Benign,0.0013935845345258
Benign,Benign,0.0305164642632007
Benign,Benign,3.661054870462976e-05
Benign,Benign,0.0142954736948013
Benign,Benign,0.0437589772045612
Benign,Benign,0.0007681677816435695
Benign,Benign,0.00015207406249828637
Benign,Benign,0.0018246842082589
Benign,Benign,3.2686770282452926e-05
Benign,Benign,0.001012128428556
Benign,Benign,0.0005311285494826734
Benign,Benign,8.16124229459092e-05
Benign,Benign,0.0004307682975195348
Benign,Benign,0.0002828791330102831
Benign,Benign,0.0020313689019531
Benign,Benign,0.0001875629968708381
Benign,Benign,0.0012482081074267
Benign,Benign,0.0008608727948740125
Benign,Benign,0.0011488457676023
Benign,Benign,0.00026903708931058645
Benign,Benign,0.0004169795429334045
Benign,Benign,0.0005453322664834559
Benign,Benign,0.0004280258144717664
Benign,Benign,0.0017472583567723
Benign,Benign,0.00030029265326447785
Benign,Benign,0.0455620288848876
Benign,Benign,0.0036865829024463
Benign,Benign,3.5613906220532954e-05
Benign,Benign,0.0005115462117828429
Benign,Malicious,0.2772941887378692
Benign,Benign,0.0030890295747667
Benign,Benign,0.0088056297972798
Benign,Benign,0.0054572452791035
Benign,Benign,0.00014684586494695395
Benign,Benign,0.0005932067288085818
Benign,Benign,4.932212323183194e-05
Benign,Benign,7.843497587600723e-05
Benign,Benign,0.0006429958157241344
Benign,Benign,0.0064180879853665
Benign,Benign,6.67545828036964e-05
Benign,Benign,0.0002994355745613575
Benign,Benign,0.00012027195771224795
Benign,Benign,0.0124880876392126
Benign,Benign,0.0004413278074935079
Benign,Benign,0.0005332687287591398
Benign,Benign,0.0077579487115144
Benign,Benign,0.0014440370723605
Benign,Benign,0.0018765864660963
Benign,Benign,0.000652934133540839
Benign,Benign,0.0011825073743239
Benign,Benign,0.0003935022687073797
Benign,Benign,0.0017023480031639
Benign,Benign,0.0013068277621641
Benign,Benign,0.000950859976001084
Benign,Benign,0.0041454266756772
Benign,Benign,0.0169166177511215
Benign,Benign,0.0005182925960980356
Benign,Benign,0.0033101469743996
Benign,Benign,0.0008168015629053116
Benign,Benign,0.000933855539187789
Benign,Benign,0.0023497014772146
Benign,Benign,0.0005585731123574078
Benign,Benign,0.0160792078822851
Benign,Benign,0.0013152217725291
Benign,Benign,0.0333553440868854
Benign,Benign,0.00047441248898394406
Benign,Benign,0.0204795766621828
Benign,Benign,0.0034550614655017
Benign,Benign,0.00035803348873741925
Benign,Benign,0.00043366639874875546
Benign,Benign,0.0004910939605906606
Benign,Benign,0.0008836619672365487
Benign,Benign,0.0003067945363000036
Benign,Benign,0.00030866454471834004
Benign,Benign,0.0078548518940806
Benign,Benign,0.0052387793548405
Benign,Benign,0.0051270332187414
Benign,Benign,0.0019112881273031
Benign,Benign,0.00017771987768355757
Benign,Benign,0.0011137106921523
Benign,Benign,0.0268543660640716
Benign,Benign,0.0008658028091304004
Benign,Benign,0.00023956919903866947
Benign,Benign,0.0006298618391156197
Benign,Benign,0.0019217747030779
Benign,Benign,0.1166876927018165
Benign,Benign,0.000215482315979898
Benign,Benign,0.0014531734632328
Benign,Benign,0.0010774625698104
Benign,Benign,0.00010074589226860552
Benign,Benign,0.00012198134936625138
Benign,Benign,0.1324004530906677
Benign,Benign,0.00013111703447066247
Benign,Benign,0.0063643241301178
Benign,Benign,0.000298893399303779
Benign,Benign,0.00018093663675244895
Benign,Benign,0.0283281747251749
Benign,Benign,0.0014831228181719
Benign,Benign,5.4037260269979015e-05
Benign,Benign,0.0007938773487694561
Benign,Benign,0.0004358471487648785
Benign,Benign,3.987901072832756e-05
Benign,Benign,0.0006086563225835562
Benign,Benign,0.0003591587010305375
Benign,Benign,0.0076175685971975
Benign,Benign,0.0001362797775072977
Benign,Benign,0.01183239556849
Benign,Benign,0.0119927814230322
Benign,Benign,0.0004584601556416601
Benign,Benign,0.0009133092244155704
Benign,Benign,0.0009401695569977164
Benign,Benign,0.0003954984713345766
Benign,Benign,0.0011102844728156
Benign,Benign,0.0047886953689157
Benign,Benign,0.0013753951061517
Benign,Benign,0.0018945662304759
Benign,Benign,0.0005058918031863868
Benign,Benign,0.1984907984733581
Benign,Benign,0.0022973783779889
Benign,Benign,0.0004739729047287256
Benign,Benign,0.0026919445954263
Benign,Benign,0.0012503719190135
Benign,Benign,0.0021528741344809
Benign,Benign,0.00019462376076262444
Benign,Benign,0.0002733182336669415
Benign,Benign,0.0010708719491958
Benign,Benign,0.003245216794312
Benign,Benign,0.0009972949046641588
Benign,Benign,0.0065705394372344
Benign,Benign,0.00010826160723809151
Benign,Benign,0.0031368271447718
Benign,Benign,0.0018969046650454
Benign,Benign,0.0012102799955755
Benign,Benign,1.869728475867305e-05
Benign,Benign,0.0003369573096279055
Benign,Benign,0.00040740551776252687
Benign,Benign,7.713457307545468e-06
Benign,Benign,0.0003992612473666668
Benign,Benign,0.0097642987966537
Benign,Benign,0.0001975273189600557
Benign,Benign,0.0039450000040233
Benign,Benign,0.000507652759552002
Benign,Benign,0.0018671234138309
Benign,Benign,0.0037199181970208
Benign,Benign,0.000191545594134368
Benign,Benign,0.0283229164779186
Benign,Benign,0.0009065605117939412
Benign,Benign,0.0040359264239668
Benign,Benign,0.00025383938918821514
Benign,Benign,0.0196372643113136
Benign,Benign,0.0002548661723267287
Benign,Benign,0.0611707419157028
Benign,Benign,0.0018370155012235
Benign,Benign,0.00032072392059490085
Benign,Benign,0.0171831976622343
Benign,Benign,0.0033400785177946
Benign,Benign,0.0005585731123574078
Benign,Benign,0.00023928841983433813
Benign,Benign,0.0012142985360696
Benign,Malicious,0.8358613848686218
Benign,Benign,0.0011274038115516
Benign,Benign,0.0070030195638537
Benign,Benign,0.0066785346716642
Benign,Benign,0.0386060662567615
Benign,Benign,0.00012764630082529038
Benign,Benign,1.4092426681600044e-05
Benign,Benign,0.00016228316235356033
Benign,Benign,0.0040284371934831
Benign,Benign,0.0014447447611019
Benign,Benign,0.0003689918667078018
Benign,Benign,0.008240052498877
Benign,Benign,0.0023133535869419
Benign,Benign,0.0019274196820333
Benign,Benign,0.0003341960546094924
Benign,Benign,0.0061424570158123
Benign,Benign,0.0020124020520597
Benign,Benign,0.0036848511081188
Benign,Benign,0.0268443915992975
Benign,Benign,0.00010021803609561176
Benign,Benign,0.0069182771258056
Benign,Benign,0.0037379374261945
Benign,Benign,0.0039746360853314
Benign,Benign,0.0005366291734389961
Benign,Benign,0.0057648746296763
Benign,Benign,0.0007827865774743259
Benign,Benign,0.0352290831506252
Benign,Benign,3.3909502235474065e-05
Benign,Benign,0.0775442942976951
Benign,Benign,0.1874277591705322
Benign,Benign,0.0135794030502438
Benign,Benign,0.0021746784914284
Benign,Benign,0.0008225528872571886
Benign,Benign,0.001610939274542
Benign,Benign,0.0008504947181791067
Benign,Benign,0.0747901499271392
Benign,Benign,0.0018512170063331
Benign,Benign,0.0006650561699643731
Benign,Benign,0.0052745421417057
Benign,Benign,0.0038938941434025
Benign,Benign,0.0012564456555992
Benign,Benign,0.014619056135416
Benign,Benign,0.0063378824852406
Benign,Benign,0.0047985156998038
Benign,Benign,0.00045796704944223166
Benign,Benign,0.0008815372711978853
Benign,Benign,0.0009312197798863052
Benign,Benign,0.0019402815960347
Benign,Benign,0.0011448370059952
Benign,Benign,0.0011801206273958
Benign,Benign,0.0189326591789722
Benign,Benign,0.0017300012987107
Benign,Benign,0.00018145926878787577
Benign,Benign,0.0020942250266671
Benign,Benign,0.0033225256484001
Benign,Benign,0.001174894394353
Benign,Benign,0.0009068154031410812
Benign,Benign,0.0351302698254585
Benign,Benign,0.0011982425348833
Benign,Benign,0.0005726516246795654
Benign,Benign,0.00016720844723749906
Benign,Benign,0.0023172032088041
Benign,Benign,0.0755458697676658
Benign,Benign,7.178644409577828e-06
Benign,Benign,6.996871525188908e-05
Benign,Benign,0.0018006244208663
Benign,Benign,0.0003236749325878918
Benign,Benign,0.0115418937057256
Benign,Benign,0.00013498993939720094
Benign,Benign,0.0036851787008345
Benign,Benign,0.0029415034223347
Benign,Benign,0.0010447585955262
Benign,Benign,0.0032715518027544
Benign,Benign,5.167699418962002e-05
Benign,Benign,0.019127020612359
Benign,Benign,0.00024106357886921612
Benign,Benign,0.000395216338802129
Benign,Benign,0.00024052360095083716
Benign,Benign,0.0006628439878113568
Benign,Benign,0.0153896156698465
Benign,Benign,0.0006245190743356943
Benign,Benign,0.0123607702553272
Benign,Benign,0.1765354722738266
Benign,Benign,0.0006142986239865422
Benign,Benign,0.0068460823968052
Benign,Benign,0.00022143981186673045
Benign,Benign,7.894787268014625e-05
Benign,Benign,0.0070287473499774
Benign,Benign,0.0005493134376592934
Benign,Benign,0.0013846540823578
Benign,Benign,0.0003391325008124113
Benign,Benign,0.0190682765096426
Benign,Benign,0.00010047581599792466
Benign,Benign,0.000389239692594856
Benign,Benign,3.442732122493908e-05
Benign,Benign,0.0005260015605017543
Benign,Benign,0.0361611284315586
Benign,Benign,0.0014237785944715
Benign,Benign,0.0014150206698104
Benign,Benign,0.0262360703200101
Benign,Benign,0.0008374545723199844
Benign,Benign,0.0051992638036608
Benign,Benign,0.0083291316404938
Benign,Benign,0.00046734075294807553
Benign,Benign,8.147618791554123e-05
Benign,Benign,0.00026652056840248406
Benign,Benign,0.001309961779043
Benign,Benign,0.0001961529196705669
Benign,Benign,0.0110951727256178
Benign,Benign,0.0692508295178413
Benign,Benign,0.0075686792843043
Benign,Benign,0.00019612412143033
Benign,Benign,0.0006131434347480536
Benign,Benign,0.0017253055702894
Benign,Benign,0.0005565127939917147
Benign,Benign,0.0004006279050372541
Benign,Benign,0.00012431589129846543
Benign,Benign,0.0017440408701077
Benign,Benign,0.0004567528376355767
Benign,Benign,5.0011873099720106e-05
Benign,Benign,0.0025945936795324
Benign,Benign,0.0003318811359349638
Benign,Benign,6.691008456982672e-05
Benign,Benign,0.0010033169528469
Benign,Benign,0.1189143434166908
Benign,Benign,0.0004068809794262052
Benign,Benign,0.0103542264550924
Benign,Benign,0.00026557568344287574
Benign,Benign,0.0116905299946665
Benign,Benign,0.00023231042723637077
Benign,Benign,0.0361086204648017
Benign,Benign,0.00010386758367531002
Benign,Benign,0.0031775075476616
Benign,Benign,0.0043822494335472
Benign,Benign,0.0019112435402348
Benign,Benign,0.0062122247181832
Benign,Benign,0.0043236408382654
Benign,Benign,0.0018033835804089
Benign,Benign,0.0001988745789276436
Benign,Benign,0.0046942490153014
Benign,Benign,0.0003854963288176805
Benign,Benign,0.000510227051563561
Benign,Benign,0.00030211874400265515
Benign,Benign,2.864790803869255e-05
Benign,Benign,0.001279930351302
Benign,Benign,0.0004801145696546882
Benign,Benign,0.0038444534875452
Benign,Benign,0.00022911337146069852
Benign,Benign,0.0075784102082252
Benign,Benign,0.0018443589797243
Benign,Benign,0.0055647739209234
Benign,Benign,0.0004011365526821464
Benign,Benign,0.0061489287763834
Benign,Benign,0.0008471317123621702
Benign,Benign,3.6623994674300775e-05
Benign,Benign,0.0089537538588047
Benign,Benign,0.0036390332970768
Benign,Benign,0.0016921494388952
Benign,Benign,0.0036185896024107
Benign,Benign,0.0056286714971065
Benign,Benign,0.0001451930293114856
Benign,Benign,0.0006943113985471427
Benign,Benign,0.0003138210449833423
Benign,Benign,0.0026510779280215
Benign,Benign,0.00047485879622399807
Benign,Benign,0.0366122052073478
Benign,Benign,0.0017381146317347
Benign,Benign,0.00019825223716907203
Benign,Benign,0.00024034912348724904
Benign,Benign,0.0005388626595959067
Benign,Benign,0.0002198755682911724
Benign,Benign,0.0004845873336307704
Benign,Benign,0.0007773212273605168
Benign,Benign,0.0035469599533826
Benign,Benign,0.009970330633223
Benign,Benign,0.0206349082291126
Benign,Benign,0.0049486830830574
Benign,Benign,0.0006230954895727336
Benign,Benign,0.0004946303670294583
Benign,Benign,3.2020630897022784e-05
Benign,Benign,0.0587547682225704
Benign,Benign,0.0065782256424427
Benign,Benign,0.102793201804161
Benign,Benign,4.239913323544897e-05
Benign,Benign,0.0008475180948153138
Benign,Benign,0.0049356874078512
Benign,Benign,0.00026385998353362083
Benign,Benign,0.0014048818266019
Benign,Benign,0.0013106026453897
Benign,Benign,0.002362048253417
Benign,Benign,0.0101501448079943
Benign,Benign,0.009679271839559
Benign,Benign,0.0006488139624707401
Benign,Benign,5.329997657099739e-05
Benign,Benign,0.1287898272275924
Benign,Benign,0.017678489908576
Benign,Benign,0.0142014287412166
Benign,Benign,0.01219710893929
Benign,Benign,0.0447854101657867
Benign,Benign,0.0009957753354683518
Benign,Benign,0.0027088841889053
Benign,Benign,0.0004214240179862827
Benign,Benign,0.0018795058131217
Benign,Benign,0.0031890689861029
Benign,Benign,0.0008608993957750499
Benign,Benign,0.00031924620270729065
Benign,Benign,0.0064392890781164
Benign,Benign,0.0020611796062439
Benign,Benign,0.0005302191129885614
Benign,Benign,0.035052053630352
Benign,Benign,0.0071023674681782
Benign,Benign,0.0013290023198351
Benign,Benign,0.004259577486664
Benign,Benign,0.0111241163685917
Benign,Benign,0.013445820659399
Benign,Benign,0.0002919100224971771
Benign,Benign,0.000518888991791755
Benign,Benign,0.0143219977617263
Benign,Benign,0.0049033486284315
Benign,Benign,0.0110509200021624
Benign,Benign,0.0042769638821482
Benign,Benign,0.001479203114286
Benign,Benign,0.0065872841514647
Benign,Benign,0.00023414765018969772
Benign,Benign,0.0017995429225265
Benign,Benign,0.0030324649997055
Benign,Benign,0.00013921702338848263
Benign,Benign,0.0040808329358696
Benign,Benign,0.0030558679718524
Benign,Benign,4.711030123871751e-05
Benign,Benign,0.0107895992696285
Benign,Benign,0.00028784116148017347
Benign,Benign,0.0004363495681900531
Benign,Benign,0.0014193996321409
Benign,Benign,0.0003481560561340302
Benign,Benign,2.152606612071395e-05
Benign,Benign,0.0263536442071199
Benign,Benign,0.00027030668570660055
Benign,Benign,6.516771827591583e-05
Benign,Benign,0.002192192710936
Benign,Benign,0.00013057791511528194
Benign,Benign,0.0058183539658784
Benign,Benign,0.00014059912064112723
Benign,Benign,0.00021311095042619852
Benign,Benign,0.0014524643775075
Benign,Benign,0.0025995392352342
Benign,Benign,0.0006239464273676276
Benign,Benign,0.0002516726963222027
Benign,Benign,0.0114318458363413
Benign,Benign,0.0642872750759124
Benign,Benign,0.0105528980493545
Benign,Benign,0.0185063946992158
Benign,Benign,0.002802237868309
Benign,Benign,0.0046694045886397
Benign,Benign,4.194316716166213e-05
Benign,Benign,0.0566278509795665
Benign,Benign,0.0009164338116534054
Benign,Benign,0.0014743633801117
Benign,Benign,0.0002693738497328013
Benign,Benign,0.0019326591864228
Benign,Benign,0.0019257344538345
Benign,Benign,0.001158578437753
Benign,Benign,0.0006820425624027848
Benign,Benign,0.0004261680587660521
Benign,Benign,0.0012747184373438
Benign,Benign,0.00019758043345063925
Benign,Benign,0.00034586709807626903
Benign,Benign,0.0013595891650766
Benign,Benign,0.0184860210865736
Benign,Benign,0.0018150744726881
Benign,Benign,0.00015622275532223284
Benign,Benign,0.1200207471847534
Benign,Benign,0.0042050541378557
Benign,Benign,0.0050512100569903
Benign,Benign,0.001136492122896
Benign,Benign,0.0001493773452239111
Benign,Benign,0.0028435857966542
Benign,Benign,0.0066062989644706
Benign,Benign,0.1071819067001342
Benign,Benign,0.0008835028274916112
Benign,Benign,0.0001979896769626066
Benign,Benign,9.685219993116334e-05
Benign,Benign,0.0017763483338057
Benign,Benign,0.0057720094919204
Benign,Benign,0.0140637392178177
Benign,Benign,0.00032620553974993527
Benign,Benign,0.0145240547135472
Benign,Benign,0.0046976562589406
Benign,Benign,0.00017348010442219677
Benign,Benign,0.004577369429171
Benign,Benign,0.0012773824855685
Benign,Benign,0.0047484124079346
Benign,Benign,0.0001503268285887316
Benign,Benign,0.0034872365649789
Benign,Benign,0.0251662917435169
Benign,Benign,0.0106635428965091
Benign,Benign,0.0027668154798448
Benign,Benign,0.00022473068383987996
Benign,Benign,0.00014084373833611608
Benign,Benign,0.000192883686395362
Benign,Benign,0.0073627475649118
Benign,Benign,0.0008717439486645162
Benign,Benign,0.0068651726469397
Benign,Benign,0.0005376370390877128
Benign,Benign,0.00033159207669086754
Benign,Benign,0.0007073146407492459
Benign,Benign,0.00023998825054150075
Benign,Benign,6.979059253353626e-05
Benign,Benign,0.00027637387393042445
Benign,Benign,0.0041881999932229
Benign,Benign,0.0011129587655887
Benign,Benign,0.0029172918293625
Benign,Benign,0.0010072859004139
Benign,Benign,0.0003448213101364672
Benign,Benign,0.0074016200378537
Benign,Benign,0.0028303042054176
Benign,Benign,0.0070251114666461
Benign,Benign,0.0091905500739812
Benign,Benign,0.0016158374492079
Benign,Benign,0.0201326217502355
Benign,Benign,0.009054253809154
Benign,Benign,0.0052268477156758
Benign,Benign,0.0024261339567601
Benign,Benign,0.00035593623761087656
Benign,Benign,0.0009802627610042691
Benign,Benign,0.0005485620931722224
Benign,Benign,0.0022811323869973
Benign,Benign,0.0002109417837345973
Benign,Benign,0.000349611509591341
Benign,Benign,0.0002443760458845645
Benign,Benign,0.0025211663451045
Benign,Benign,0.0001869626867119223
Benign,Benign,0.0192373041063547
Benign,Benign,0.0007334917900152504
Benign,Benign,0.0022923902142792
Benign,Benign,3.687390199047513e-05
Benign,Benign,0.0016815611161291
Benign,Benign,0.0062682121060788
Benign,Benign,8.864225492288824e-06
Benign,Benign,0.00026562027051113546
Benign,Benign,0.0017773201689124
Benign,Benign,0.00029913170146755874
Benign,Benign,0.00017431298329029232
Benign,Benign,0.0064297476783394
Benign,Benign,0.0002044801949523389
Benign,Benign,0.000215482315979898
Benign,Benign,0.0002523365546949208
Benign,Benign,0.0025112114381045
Benign,Benign,0.0029434675816446
Benign,Benign,0.0086917402222752
Benign,Benign,0.0012136659352108
Benign,Benign,0.0248168893158435
Benign,Benign,0.0021347000729292
Benign,Benign,0.0020324944052845
Benign,Benign,0.0014060884714126
Benign,Benign,0.00017555714293848723
Benign,Benign,8.379043720196933e-05
Benign,Benign,0.0016732526710256
Benign,Benign,0.0030087153427302
Benign,Benign,0.00011468497541500255
Benign,Benign,0.00036550965160131454
Benign,Benign,0.0302428156137466
Benign,Benign,9.003691229736432e-05
Benign,Benign,0.0169311910867691
Benign,Benign,0.0071486686356365
Benign,Benign,0.0005528708570636809
Benign,Benign,0.0151277007535099
Benign,Benign,0.000569929601624608
Benign,Benign,0.008152793161571
Benign,Benign,0.0028746293392032
Benign,Benign,0.00140950048808
Benign,Benign,6.675591430393979e-05
Benign,Benign,0.0028964972589164
Benign,Benign,0.0008271154365502298
Benign,Benign,0.0011385449906811
Benign,Benign,0.0010299211135134
Benign,Benign,0.0051526352763175
Benign,Benign,0.0007304560276679695
Benign,Benign,0.0040015149861574
Benign,Benign,0.0015944199403747
Benign,Benign,0.0007273077499121428
Benign,Benign,0.0021075045224279
Benign,Benign,0.0102861067280173
Benign,Benign,0.0114105315878987
Benign,Benign,0.0001191520204884
Benign,Benign,0.0005233829142525792
Benign,Benign,0.0054636569693684
Benign,Benign,0.063028946518898
Benign,Benign,0.0014472096227109
Benign,Benign,0.0003566410159692168
Benign,Benign,0.0005946935852989554
Benign,Benign,0.0012500034645199
Benign,Benign,0.000780212867539376
Benign,Benign,0.000172351035871543
Benign,Benign,0.0129560306668281
Benign,Benign,0.00017499126261100173
Benign,Benign,0.0039487439207732
Benign,Benign,0.0003752053016796708
Benign,Benign,0.0002455246285535395
Benign,Benign,0.0092311240732669
Benign,Benign,0.0004868068208452314
Benign,Benign,4.463197183213197e-05
Benign,Benign,0.0040194056928157
Benign,Benign,0.00022611809254158288
Benign,Benign,0.0053299600258469
Benign,Benign,0.0013191176112741
Benign,Benign,0.0001695694518275559
Benign,Benign,0.0061943670734763
Benign,Benign,0.0207838770002126
Benign,Benign,0.0004129409790039063
Benign,Benign,0.0014307477977126
Benign,Benign,0.00015598324534948915
Benign,Benign,0.0052376189269125
Benign,Benign,0.0006130291731096804
Benign,Benign,0.0006658279453404248
Benign,Benign,4.384908606880345e-05
Benign,Benign,8.429364970652387e-05
Benign,Benign,0.0006925156340003014
Benign,Benign,0.0007683635922148824
Benign,Benign,0.0003098864108324051
Benign,Benign,0.0004133720649406314
Benign,Benign,0.0091902324929833
Benign,Benign,0.0056389267556369
Benign,Benign,0.0170900430530309
Benign,Benign,0.0003377855173312128
Benign,Benign,0.0008120133425109088
Benign,Benign,0.0003806131426244974
Benign,Benign,0.0009198367479257286
Benign,Benign,0.0003045238554477692
Benign,Benign,0.0002942972932942212
Benign,Benign,0.0005856194766238332
Benign,Benign,0.0007576224743388593
Benign,Benign,0.00021885029855184257
Benign,Benign,0.0630678460001945
Benign,Benign,0.0024611507542431
Benign,Benign,0.00046195185859687626
Benign,Benign,0.0086772283539175
Benign,Benign,0.0016432693228125
Benign,Benign,0.0006177644245326519
Benign,Benign,0.0007329680374823511
Benign,Benign,0.0067768469452857
Benign,Benign,0.0003910608647856861
Benign,Benign,0.0016523862723261
Benign,Benign,0.0015545920468866
Benign,Benign,0.1925493478775024
Benign,Benign,0.009687808342278
Benign,Benign,0.0063307844102382
Benign,Benign,0.0008520030532963574
Benign,Benign,0.0094891590997576
Benign,Benign,0.0003477097488939762
Benign,Benign,0.0080524338409304
Benign,Benign,7.050904241623357e-05
Benign,Benign,0.0077740717679262
Benign,Benign,8.035384234972298e-05
Benign,Benign,0.0016160458326339
Benign,Benign,4.494890526984818e-05
Benign,Benign,0.0003806131426244974
Benign,Benign,0.0002316638856427744
Benign,Benign,0.00045252847485244274
Benign,Benign,0.0001875629968708381
Benign,Benign,0.0010375541169196
Benign,Benign,0.00066190684447065
Benign,Benign,0.0008420150843448937
Benign,Benign,0.0005748968687839806
Benign,Benign,0.022088672965765
Benign,Benign,0.0393340624868869
Benign,Benign,0.0325061492621898
Benign,Benign,0.0033789430744946
Benign,Benign,0.0014808535343036
Benign,Benign,0.0019940102938562
Benign,Benign,0.00011969658953603356
Benign,Benign,0.0002985112078022212
Benign,Benign,0.0084627633914351
Benign,Benign,0.0047662248834967
Benign,Benign,0.0014483808772638
Benign,Benign,0.00034141706419177353
Benign,Benign,0.00012091407552361488
Benign,Benign,0.00013737703557126224
Benign,Benign,0.0001507172273704782
Benign,Benign,0.0026675025001168
Benign,Benign,0.0029767076484858
Benign,Benign,0.0078765135258436
Benign,Benign,0.0059333299286663
Benign,Benign,7.784297486068681e-05
Benign,Benign,0.0042340317741036
Benign,Benign,0.0024661992210894
Benign,Benign,0.0019551978912204
Benign,Benign,0.0050867898389697
Benign,Malicious,0.2388543784618377
Benign,Benign,0.000953821639996022
Benign,Benign,0.0003891964443027973
Benign,Benign,0.0002864613488782197
Benign,Benign,0.0185046158730983
Benign,Benign,0.0001583146513439715
Benign,Benign,9.427238546777517e-05
Benign,Benign,0.0049771168269217
Benign,Benign,0.0010504107922315
Benign,Benign,0.1226454451680183
Benign,Benign,0.0015472812810912
Benign,Benign,0.0014595482498407
Benign,Benign,0.0187781043350696
Benign,Benign,0.0019285740563645
Benign,Benign,0.0005606717895716429
Benign,Benign,6.548424426000565e-05
Benign,Benign,0.0032342337071895
Benign,Benign,0.0020347405225038
Benign,Benign,0.00016840062744449824
Benign,Benign,0.0017957465024664
Benign,Benign,0.0013360705925151
Benign,Benign,0.00040680787060409773
Benign,Benign,0.00035640259739011526
Benign,Malicious,0.9738982319831848
Benign,Benign,0.0018277872586622
Benign,Benign,0.0064106150530278
Benign,Benign,0.00047039557830430567
Benign,Benign,0.0013256219681352
Benign,Benign,0.0002728912222664803
Benign,Benign,0.0150018343701958
Benign,Benign,0.00048338831402361393
Benign,Benign,0.0012902588350698
Benign,Benign,0.0045614866539835
Benign,Benign,0.0104158604517579
Benign,Benign,0.071336455643177
Benign,Benign,0.0035861695650964
Benign,Benign,0.0016003570053726
Benign,Benign,0.0322560966014862
Benign,Benign,0.0003185815585311502
Benign,Benign,0.0012838164111599
Benign,Benign,0.0004378401790745557
Benign,Benign,7.628310413565487e-05
Benign,Benign,0.0013255664380267
Benign,Benign,0.0038307525683194
Benign,Benign,0.0002599218860268593
Benign,Benign,0.0054431823082268
Benign,Benign,0.000324037711834535
Benign,Benign,0.0029073748737573
Benign,Benign,0.0070705977268517
Benign,Benign,0.0003127162635792047
Benign,Benign,0.0135906366631388
Benign,Benign,0.00020930873870383948
Benign,Benign,0.007601551245898
Benign,Benign,0.0012094255071133
Benign,Benign,0.0160361882299184
Benign,Benign,2.45325736614177e-05
Benign,Benign,0.0002072810020763427
Benign,Benign,0.00011255433491896838
Benign,Benign,0.0015536479186266
Benign,Benign,0.00019688256725203249
Benign,Benign,0.0006802554125897586
Benign,Benign,0.0048599885776638
Benign,Benign,0.0006283622933551669
Benign,Benign,0.000172351035871543
Benign,Benign,0.0169880576431751
Benign,Benign,0.0041549177840352
Benign,Benign,0.0160856656730175
Benign,Benign,0.0194365121424198
Benign,Benign,0.0387533009052276
Benign,Benign,0.0172929298132658
Benign,Benign,0.00014344741066452116
Benign,Benign,0.0009650388965383172
Benign,Benign,0.0056718220002949
Benign,Benign,0.00012476122356019914
Benign,Benign,0.0021329934243112
Benign,Benign,0.0016174028860405
Benign,Benign,0.0170735511928796
Benign,Benign,0.0027424125000834
Benign,Benign,0.0022192017640918
Benign,Benign,0.0157087501138448
Benign,Benign,0.000401105935452506
Benign,Benign,0.0010499625932425
Benign,Benign,0.0035344501957297
Benign,Benign,0.0025264758151024
Benign,Benign,6.869525350339245e-06
Benign,Benign,0.0017747849924489
Benign,Benign,0.0399180762469768
Benign,Benign,0.0018314300104975
Benign,Benign,4.915097815683112e-05
Benign,Benign,0.0020555621013045
Benign,Benign,0.0111607406288385
Benign,Benign,0.0041899285279214
Benign,Malicious,0.9893171191215516
Benign,Benign,0.0006911257514730096
Benign,Benign,0.0013480656780302
Benign,Benign,0.00048415816854685545
Benign,Benign,0.0403109565377235
Benign,Benign,0.000980918644927442
Benign,Benign,0.000501915521454066
Benign,Benign,0.1305971145629882
Benign,Benign,0.0008308846736326814
Benign,Benign,0.0005826189299114048
Benign,Benign,0.0019549522548913
Benign,Benign,0.004746283404529
Benign,Benign,0.000525532232131809
Benign,Benign,0.0066558476537466
Benign,Benign,0.0027819355018436
Benign,Benign,0.0017543012509122
Benign,Benign,0.00032800648477859795
Benign,Benign,0.0036123008467257
Benign,Benign,0.0007867777603678405
Benign,Benign,0.0074094468727707
Benign,Benign,0.0044769919477403
Benign,Benign,0.0026596905663609
Benign,Benign,0.0010128673166036
Benign,Benign,0.00019413410336710515
Benign,Benign,0.00015530383097939193
Benign,Benign,0.00014983440632931888
Benign,Malicious,0.2769756913185119
Benign,Benign,0.0006989683606661856
Benign,Benign,0.011823751963675
Benign,Benign,0.00022882086341269317
Benign,Benign,0.0015819488326087
Benign,Benign,0.0132060525938868
Benign,Benign,0.0008490223553963006
Benign,Benign,0.00022369260841514915
Benign,Benign,0.0026084883138537
Benign,Benign,0.0043735303916037
Benign,Benign,0.0028567838016897
Benign,Benign,0.00022848794469609857
Benign,Benign,0.0062531833536922
Benign,Malicious,0.3923737704753876
Benign,Benign,0.0021541528403759
Benign,Benign,0.0097352946177124
Benign,Benign,0.0834838673472404
Benign,Benign,0.0006281482055783272
Benign,Benign,0.0035681466106325
Benign,Benign,0.0016439359169453
Benign,Benign,0.0322208777070045
Benign,Benign,0.002265011658892
Benign,Benign,0.0257771275937557
Benign,Benign,0.0022561291698366
Benign,Benign,0.0008488415624015033
Benign,Benign,0.000258451298577711
Benign,Benign,6.781220872653648e-05
Benign,Benign,0.0116198156028985
Benign,Benign,0.0017761556664481
Benign,Benign,0.0132330106571316
Benign,Benign,0.0005400401423685253
Benign,Benign,0.006410411093384
Benign,Benign,0.00024283523089252407
Benign,Benign,0.001469935523346
Benign,Benign,0.0003150582197122276
Benign,Benign,0.0007892012945376337
Benign,Benign,0.029261477291584
Benign,Benign,0.0006867072079330683
Benign,Benign,0.00037979293847456574
Benign,Benign,0.00028105833916924894
Benign,Benign,0.0014275392750278
Benign,Benign,0.0003410354838706553
Benign,Benign,0.0003612072905525565
Benign,Benign,0.0009853983065113423
Benign,Benign,0.0349927432835102
Benign,Benign,0.0344478860497474
Benign,Benign,0.0007871602429077029
Benign,Benign,0.0007527066627517343
Benign,Benign,0.0052064624615013
Benign,Benign,0.0112208565697073
Benign,Benign,0.0037151284050196
Benign,Benign,0.001465520937927
Benign,Benign,0.0007515891920775175
Benign,Benign,0.0035918580833822
Benign,Benign,0.0019695255905389
Benign,Benign,0.00012360195978544652
Benign,Benign,0.0013154139742255
Benign,Benign,0.0113234976306557
Benign,Benign,0.0043039568699896
Benign,Benign,0.0005580800352618098
Benign,Benign,0.0081621948629617
Benign,Benign,0.0002354871539864689
Benign,Benign,0.000682276557199657
Benign,Benign,0.0391955114901065
Benign,Benign,0.0017456880304962
Benign,Benign,0.0006637340411543846
Benign,Benign,0.00257128640078
Benign,Malicious,0.5650675892829895
Benign,Benign,0.0095015689730644
Benign,Benign,0.0354469381272792
Benign,Benign,0.023408256471157
Benign,Benign,0.0021543302573263
Benign,Benign,0.0033920425921678
Benign,Benign,0.0004870783304795623
Benign,Benign,0.0022499025799334
Benign,Benign,0.0003508196386974305
Benign,Benign,0.0007708336343057454
Benign,Benign,0.002255605533719
Benign,Benign,0.0021975270938128
Benign,Benign,0.00030526044429279864
Benign,Benign,0.0013268630718812
Benign,Benign,0.0018723855027928
Benign,Benign,0.0004661459242925048
Benign,Benign,0.0011771926656365
Benign,Benign,0.003840775694698
Benign,Benign,0.0010104144457727
Benign,Benign,0.0014773302245885
Benign,Benign,0.00042797031346708536
Benign,Benign,0.0188943147659301
Benign,Benign,0.0004626247682608664
Benign,Benign,0.0061395931988954
Benign,Benign,0.0004895072779618204
Benign,Benign,0.0001448738476028666
Benign,Benign,0.0405039303004741
Benign,Malicious,0.3102273046970367
Benign,Benign,0.0433477833867073
Benign,Benign,0.0257042534649372
Benign,Benign,0.00136810017284
Benign,Benign,0.000963676837272942
Benign,Benign,0.0070241899229586
Benign,Benign,0.0064470516517758
Benign,Benign,2.4595847207820043e-05
Benign,Benign,4.792987965629436e-05
Benign,Benign,0.0008018543594516814
Benign,Benign,0.0002355796896154061
Benign,Benign,0.0456720665097236
Benign,Benign,0.0004632405762095004
Benign,Benign,0.00066553452052176
Benign,Benign,0.0009489011135883628
Benign,Benign,0.00020012297318317
Benign,Benign,0.0612886361777782
Benign,Benign,0.0034462134353816
Benign,Benign,0.000732193817384541
Benign,Benign,0.0063536739908158
Benign,Benign,0.0016117602353915
Benign,Benign,0.0011782881338149
Benign,Benign,0.0008427005377598107
Benign,Malicious,0.282615065574646
Benign,Benign,0.0040517221204936
Benign,Benign,6.801076233386993e-05
Benign,Benign,4.8861420509638265e-05
Benign,Benign,0.0010207083541899
Benign,Benign,0.0008324775262735784
Benign,Benign,0.0032500668894499
Benign,Benign,0.00014174629177432507
Benign,Benign,0.0002560440334491432
Benign,Benign,0.0483114644885063
Benign,Benign,0.0004587349249050021
Benign,Benign,0.0010612225160002
Benign,Benign,0.000496045860927552
Benign,Benign,0.0009803934954106808
Benign,Benign,0.00012078684812877329
Benign,Benign,0.000673971779178828
Benign,Benign,0.0019636938814073
Benign,Benign,0.0178124383091926
Benign,Benign,0.0004214240179862827
Benign,Benign,0.0043770279735326
Benign,Benign,0.087112046778202
Benign,Benign,0.00011846954294014722
Benign,Benign,0.0024292990565299
Benign,Benign,0.0005545367021113634
Benign,Benign,0.00046610328718088567
Benign,Benign,0.0009656275506131352
Benign,Benign,0.0003406725008971989
Benign,Benign,0.00035231918445788324
Benign,Benign,0.0022592558525502
Benign,Benign,0.0013359178556129
Benign,Benign,0.0323278605937957
Benign,Benign,0.0225700419396162
Benign,Benign,8.083155262283981e-05
Benign,Benign,0.1196432411670684
Benign,Benign,0.0014073530910536
Benign,Benign,0.0003598561743274331
Benign,Benign,0.0058894772082567
Benign,Benign,0.0002762734948191792
Benign,Benign,0.0060222456231713
Benign,Benign,0.0002896434452850372
Benign,Benign,0.0023633779492229
Benign,Benign,0.0156965535134077
Benign,Benign,0.0014578389236703
Benign,Benign,0.0240306444466114
Benign,Benign,0.1545174419879913
Benign,Benign,0.0027776064816862
Benign,Benign,0.0059627895243465
Benign,Benign,0.0010704100131988
Benign,Benign,0.000517407082952559
Benign,Benign,0.0003964517964050174
Benign,Benign,0.0063062561675906
Benign,Benign,0.00045065206359140575
Benign,Benign,0.0069895596243441
Benign,Benign,0.001558803836815
Benign,Benign,0.0101116653531789
Benign,Benign,0.00037481990875676274
Benign,Benign,0.0007063769735395908
Benign,Benign,0.0001875994785223156
Benign,Benign,0.0004819967143703252
Benign,Benign,0.0013873548014089
Benign,Benign,0.0010116719640791
Benign,Benign,0.0148442788049578
Benign,Benign,0.0213710311800241
Benign,Benign,0.00070794956991449
Benign,Benign,8.909282041713595e-05
Benign,Benign,0.0036253954749554
Benign,Benign,0.0837681218981742
Benign,Benign,2.4770080926828086e-05
Benign,Benign,0.00023657343990635127
Benign,Benign,0.0001927108969539404
Benign,Benign,0.0003045238554477692
Benign,Benign,0.0198416206985712
Benign,Benign,5.327573308022693e-05
Benign,Benign,0.0002962190774269402
Benign,Benign,4.963239553035237e-05
Benign,Benign,0.0001523071259725839
Benign,Benign,0.00019826529023703188
Benign,Benign,0.002180882031098
Benign,Benign,0.00031789345666766167
Benign,Benign,0.0041655832901597
Benign,Benign,0.00011614993127295747
Benign,Benign,0.0155342379584908
Benign,Benign,0.0004189044411759824
Benign,Benign,0.0028435857966542
Benign,Benign,0.00021972134709358213
Benign,Benign,0.0102871069684624
Benign,Benign,0.00029723154148086905
Benign,Benign,0.0019197397632524
Benign,Benign,0.000239008862990886
Benign,Benign,0.0265443455427885
Benign,Benign,0.00010937323531834409
Benign,Benign,0.0009361908887512982
Benign,Benign,0.0012306061107665
Benign,Benign,0.0002893409691751003
Benign,Benign,0.033856563270092
Benign,Benign,0.0058758608065545
Benign,Benign,0.0014409703435376
Benign,Benign,0.00021369940077420324
Benign,Benign,0.0168418493121862
Benign,Benign,3.900249430444092e-05
Benign,Benign,8.554637315683067e-05
Benign,Benign,7.496043690480292e-05
Benign,Benign,0.0011206094641238
Benign,Benign,5.890229294891469e-05
Benign,Benign,0.00047441248898394406
Benign,Benign,0.0162504240870475
Benign,Benign,0.0018183161737397
Benign,Benign,0.009502681903541
Benign,Benign,0.000745532161090523
Benign,Benign,0.0007388548110611737
Benign,Benign,0.0004378391313366592
Benign,Benign,1.6205374777200632e-05
Benign,Benign,0.0025783302262425
Benign,Benign,0.00028720300178974867
Benign,Benign,0.0002113446098519489
Benign,Benign,0.00022267925669439137
Benign,Benign,0.00022862260811962187
Benign,Benign,2.474231769156177e-05
Benign,Benign,0.0016278233379125
Benign,Benign,0.0063858698122203
Benign,Benign,0.0025847712531685
Benign,Benign,0.00040680787060409773
Benign,Benign,0.0027058341074734
Benign,Benign,0.0542333275079727
Benign,Benign,0.0013900268822908
Benign,Benign,0.0141837773844599
Benign,Benign,0.003570789238438
Benign,Benign,0.0016174282645806
Benign,Benign,8.134933887049556e-05
Benign,Benign,0.0075614769011735
Benign,Malicious,0.2958901226520538
Benign,Benign,0.0011453725164756
Benign,Benign,0.0036434936337172
Benign,Benign,0.0023987966123968
Benign,Benign,0.0038442469667643
Benign,Benign,0.0025494387373328
Benign,Benign,0.001089132274501
Benign,Benign,0.0007644231081940234
Benign,Benign,0.0008527470054104924
Benign,Benign,0.0003815089876297861
Benign,Benign,0.000729728548321873
Benign,Benign,0.0015039265854284
Benign,Benign,0.0021330988965928
Benign,Benign,3.273531183367595e-05
Benign,Benign,0.0598627664148807
Benign,Benign,0.0002159631985705346
Benign,Benign,0.00013968627899885178
Benign,Benign,0.00010042878420790656
Benign,Benign,0.0057408595457673
Benign,Benign,0.0478104278445243
Benign,Benign,0.0003126739466097206
Benign,Benign,0.0081357136368751
Benign,Benign,0.0001238430995726958
Benign,Benign,0.0480554066598415
Benign,Benign,4.829288445762359e-05
Benign,Benign,0.0296963509172201
Benign,Benign,0.0007440338958986104
Benign,Benign,0.0011679511517286
Benign,Benign,0.0034100941848009
Benign,Benign,0.0020666646305471
Benign,Benign,0.0005004312261007726
Benign,Benign,0.007584186270833
Benign,Benign,0.0013617844088003
Benign,Benign,0.0161907747387886
Benign,Benign,0.0005184010369703174
Benign,Benign,0.0004604946007020772
Benign,Benign,0.00013229668547865003
Benign,Benign,0.0013650143519043
Benign,Benign,8.313493890454993e-05
Benign,Benign,0.0011816223850473
Benign,Benign,0.0090417619794607
Benign,Benign,0.00011658635776257142
Benign,Benign,0.0020195059478282
Benign,Benign,0.0198777876794338
Benign,Benign,0.0018232238944619
Benign,Benign,0.0008743188809603453
Benign,Benign,0.0029045259580016
Benign,Benign,0.0005231614923104644
Benign,Benign,0.0011048901360481
Benign,Benign,0.0016743794549256
Benign,Benign,0.0087813576683402
Benign,Benign,0.0019086039392277
Benign,Benign,0.0002652457333169877
Benign,Benign,0.0411116555333137
Benign,Benign,0.0005672808038070798
Benign,Benign,0.004864489659667
Benign,Benign,0.00022191792959347367
Benign,Benign,0.0006089345552027225
Benign,Benign,0.0010625756112858
Benign,Benign,0.0053484844975173
Benign,Benign,0.0226363874971866
Benign,Benign,0.0088172871619462
Benign,Benign,0.0003816315729636699
Benign,Benign,0.00012191100540803744
Benign,Benign,0.000955076073296368
Benign,Benign,0.0009682785021141173
Benign,Benign,0.0302408933639526
Benign,Benign,0.0013948240084573
Benign,Benign,0.0005683301715180278
Benign,Benign,0.0033725437242537
Benign,Benign,0.0003220460203010589
Benign,Benign,0.0411116555333137
Benign,Benign,0.0027966895140707
Benign,Benign,0.0014412701129913
Benign,Benign,0.0189129523932933
Benign,Benign,0.0016319248825311
Benign,Benign,0.0008141331491060555
Benign,Benign,0.00010256152745569123
Benign,Benign,0.030569152906537
Benign,Benign,0.0058248564600944
Benign,Benign,0.0024550450034439
Benign,Benign,0.0007053672452457249
Benign,Benign,0.0094037326052784
Benign,Benign,0.0020058983936905
Benign,Benign,0.0009796572849154472
Benign,Benign,0.0035418807528913
Benign,Benign,0.001112408703193
Benign,Benign,0.0010802174219861
Benign,Benign,0.001753615681082
Benign,Benign,0.00013560416118707508
Benign,Benign,8.691810944583267e-05
Benign,Benign,0.0026598637923598
Benign,Benign,0.00010695209493860602
Benign,Benign,0.0060994350351393
Benign,Benign,0.0058429348282516
Benign,Benign,0.0020301772747188
Benign,Benign,0.0255895648151636
Benign,Benign,0.0014480726094916
Benign,Benign,0.0002277351886732504
Benign,Benign,0.0017466263379901
Benign,Benign,0.0007475209422409534
Benign,Benign,0.0016490527195855
Benign,Benign,0.00016584369586780667
Benign,Benign,0.0027211068663746
Benign,Benign,0.0005037887021899223
Benign,Benign,0.00033821535180322826
Benign,Benign,0.0047949189320206
Benign,Benign,0.0038410967681556
Benign,Benign,0.0008736260933801532
Benign,Benign,0.0005133136874064803
Benign,Benign,0.0013920995406806
Benign,Benign,0.0006542571936734021
Benign,Benign,0.0070893056690692
Benign,Benign,0.0030955225229263
Benign,Benign,0.0063731716945767
Benign,Benign,0.0089537538588047
Benign,Benign,0.0003302503318991512
Benign,Benign,0.004184927791357
Benign,Benign,0.0128623787313699
Benign,Benign,0.0005781947984360158
Benign,Benign,0.000752204330638051
Benign,Benign,0.0001475632598157972
Benign,Benign,0.0025480675976723
Benign,Benign,0.00034465911448933184
Benign,Benign,0.0009538379381410778
Benign,Benign,0.0024538252037018
Benign,Benign,0.0131220370531082
Benign,Benign,0.0006351688643917441
Benign,Benign,0.0001470402057748288
Benign,Benign,0.00037672193138860166
Benign,Benign,8.681936742505059e-05
Benign,Benign,0.0007541921804659069
Benign,Benign,0.0158123057335615
Benign,Benign,7.140573143260553e-05
Benign,Benign,0.0211725551635026
Benign,Benign,0.0060420869849622
Benign,Benign,0.0015979611780494
Benign,Benign,0.0012878922279924
Benign,Benign,0.0069225798361003
Benign,Benign,0.0063068773597478
Benign,Benign,0.0106953270733356
Benign,Benign,0.0007675702800042927
Benign,Benign,0.0009513561381027102
Benign,Benign,0.0007805966306477785
Benign,Benign,0.0003136565210297704
Benign,Benign,0.0006141317426227033
Benign,Benign,0.000909778638742864
Benign,Benign,0.0028549630660563
Benign,Benign,0.069402277469635
Benign,Benign,0.0007431856938637793
Benign,Benign,0.0059260190464556
Benign,Benign,0.0003301111864857376
Benign,Benign,0.0004189044411759824
Benign,Benign,0.0108655728399753
Benign,Benign,0.0036074589006602
Benign,Benign,0.0003494310949463397
Benign,Benign,0.0005125299212522805
Benign,Benign,0.0010806013597175
Benign,Benign,0.0027590114623308
Benign,Benign,0.000633717339951545
Benign,Benign,4.2255313019268215e-05
Benign,Benign,0.0014381853397935
Benign,Benign,0.0164478216320276
Benign,Benign,0.0007887084502726793
Benign,Benign,0.0034446860663592
Benign,Benign,0.001303794211708
Benign,Benign,0.0009202194050885736
Benign,Benign,0.0016384404152631
Benign,Benign,0.0047051939181983
Benign,Benign,0.001028771395795
Benign,Benign,4.093273673788645e-05
Benign,Benign,0.0002518102410249412
Benign,Benign,0.000905440072529018
Benign,Benign,0.0021557114087045
Benign,Benign,0.0021934437099844
Benign,Benign,0.0001653918734518811
Benign,Benign,0.0021570359822362
Benign,Benign,0.0035081461537629
Benign,Benign,0.0028764312155544
Benign,Benign,0.0023610587231814
Benign,Benign,0.0028764312155544
Benign,Benign,0.0039212531410157
Benign,Benign,0.0039291973225772
Benign,Benign,0.0002843069960363209
Benign,Benign,0.0189806781709194
Benign,Benign,0.00021260377252474427
Benign,Benign,0.0004110650043003261
Benign,Benign,0.0002873476187232882
Benign,Benign,0.008060279302299
Benign,Benign,0.000172351035871543
Benign,Benign,0.0026558379177004
Benign,Benign,0.00013968627899885178
Benign,Benign,0.0157558806240558
Benign,Benign,0.0001309602230321616
Benign,Benign,0.0017845196416601
Benign,Benign,0.0025534518063068
Benign,Benign,0.0004958983627147973
Benign,Benign,0.0001130892414948903
Benign,Benign,0.0012547671794891
Benign,Benign,0.0007294494425877929
Benign,Benign,0.00013460227637551725
Benign,Benign,0.0286741834133863
Benign,Benign,0.00015761952090542763
Benign,Benign,0.0361329354345798
Benign,Benign,0.0011418996145948
Benign,Benign,0.0024790000170469
Benign,Benign,0.010266819037497
Benign,Benign,0.0022107153199613
Benign,Benign,0.0005184927140362561
Benign,Benign,0.0005073934444226325
Benign,Benign,0.0258835610002279
Benign,Benign,0.00017363153165206313
Benign,Benign,0.0307847689837217
Benign,Benign,0.0012478895951062
Benign,Benign,0.0054099317640066
Benign,Benign,0.0065759234130382
Benign,Benign,0.00014253062545321882
Benign,Benign,0.00016480438353028148
Benign,Benign,0.0487047024071216
Benign,Benign,0.00016339535068254918
Benign,Benign,0.0007002902566455305
Benign,Benign,0.0027624287176877
Benign,Benign,0.0026756285224109
Benign,Benign,0.0006363134016282856
Benign,Benign,0.000395624985685572
Benign,Benign,0.0004095963668078184
Benign,Benign,0.0035869840066879
Benign,Benign,0.0177584681659936
Benign,Benign,0.0019200596725568
Benign,Benign,0.0245739091187715
Benign,Benign,0.0007499247440136969
Benign,Benign,0.00014662102330476046
Benign,Benign,0.0035739273298531
Benign,Benign,0.00030628571403212845
Benign,Benign,0.0094186514616012
Benign,Benign,0.0026888085994869
Benign,Benign,0.0087891686707735
Benign,Benign,0.0005817525088787079
Benign,Benign,0.0302110817283391
Benign,Benign,0.0005463103298097849
Benign,Benign,0.0003777167876251042
Benign,Benign,0.0040096971206367
Benign,Benign,0.0089908018708229
Benign,Benign,0.0567114874720573
Benign,Benign,0.003310766769573
Benign,Benign,0.0082189114764332
Benign,Benign,0.0002673752314876765
Benign,Benign,0.0081477053463459
Benign,Benign,0.0069175139069557
Benign,Benign,0.00020006668637506664
Benign,Benign,0.0012066529598087
Benign,Benign,7.712425576755777e-05
Benign,Benign,0.0014015230117365
Benign,Benign,0.00027138067525811493
Benign,Benign,0.00025479888427071273
Benign,Benign,0.0006907905917614698
Benign,Benign,0.0002967948967125267
Benign,Benign,0.0005585731123574078
Benign,Benign,0.0067335623316466
Benign,Benign,0.0049426662735641
Benign,Benign,0.00019027720554731784
Benign,Benign,0.0002771826693788171
Benign,Benign,0.0003065188357140869
Benign,Benign,0.000872831093147397
Benign,Benign,0.0014752594288438
Benign,Benign,0.0170568004250526
Benign,Benign,4.482391523197293e-05
Benign,Benign,0.0009662943775765598
Benign,Benign,0.0077249202877283
Benign,Benign,0.0009668215643614532
Benign,Benign,0.0009931187378242612
Benign,Benign,0.0038911004085093
Benign,Benign,0.0007403055788017809
Benign,Benign,0.0094500724226236
Benign,Benign,0.0067904782481491
Benign,Benign,0.0009586292435415088
Benign,Benign,0.0023723938502371
Benign,Benign,0.0008755043963901699
Benign,Benign,0.000962197023909539
Benign,Benign,0.0198174323886632
Benign,Benign,0.0036043408326804
Benign,Benign,0.0004530012956820429
Benign,Benign,0.0006371457129716873
Benign,Benign,0.00014145234308671206
Benign,Benign,2.8533038857858628e-05
Benign,Benign,0.0530117712914943
Benign,Benign,0.0036666253581643
Benign,Benign,0.0008332616416737437
Benign,Benign,7.769501826260239e-05
Benign,Benign,0.0004231166676618159
Benign,Benign,0.0037323636934161
Benign,Benign,0.00018032091611530632
Benign,Benign,0.0192056745290756
Benign,Benign,0.00763103319332
Benign,Benign,0.0044864397495985
Benign,Benign,0.0001193075513583608
Benign,Benign,0.0014044971903786
Benign,Benign,0.0095938490703701
Benign,Benign,0.0022966854739934
Benign,Benign,0.00017640486476011574
Benign,Benign,0.0008124691667035222
Benign,Benign,0.00037362176226451993
Benign,Benign,0.0001466938847443089
Benign,Benign,0.0079380916431546
Benign,Benign,0.000436517468187958
Benign,Benign,0.0411116555333137
Benign,Benign,0.0008100600098259747
Benign,Benign,0.0030639295000582
Benign,Benign,0.0313476957380771
Benign,Benign,0.0094547560438513
Benign,Benign,0.0005246626096777618
Benign,Benign,0.0007792636170051992
Benign,Benign,8.26138275442645e-05
Benign,Benign,0.0008913700585253537
Benign,Benign,6.791083433199674e-05
Benign,Benign,0.0002493145293556154
Benign,Benign,0.0095385238528251
Benign,Benign,0.000146432823385112
Benign,Benign,0.0027791152242571
Benign,Benign,0.0122051890939474
Benign,Benign,0.0019361528102308
Benign,Benign,0.0015717789065092
Benign,Benign,0.0020107419695705
Benign,Benign,0.00033355338382534683
Benign,Benign,0.0002577457926236093
Benign,Benign,0.0100729167461395
Benign,Benign,0.0208968464285135
Benign,Benign,0.0025330346543341
Benign,Benign,0.0014800477074459
Benign,Benign,0.00017262075562030077
Benign,Benign,0.00029128589085303247
Benign,Benign,0.1046064421534538
Benign,Benign,0.0087375836446881
Benign,Benign,0.00022485159570351243
Benign,Benign,0.0011111436178907
Benign,Benign,0.0019854777492582
Benign,Benign,5.990158024360426e-05
Benign,Benign,0.0012567179510369
Benign,Benign,0.0008149935747496784
Benign,Benign,0.0071095675230026
Benign,Benign,0.0014853248139843
Benign,Benign,0.0006597610772587359
Benign,Benign,0.00029444071697071195
Benign,Benign,0.0016933493316173
Benign,Benign,8.309047552756965e-05
Benign,Benign,0.00023269836674444375
Benign,Benign,0.0009112504194490612
Benign,Benign,0.0047863367944955
Benign,Benign,0.001028818427585
Benign,Benign,0.037629023194313
Benign,Benign,0.00027152171242050827
Benign,Benign,0.0043064462952315
Benign,Benign,0.0017497678054496
Benign,Benign,0.0029076957143843
Benign,Benign,0.0008631212403997779
Benign,Benign,0.0515746064484119
Benign,Benign,9.200029307976364e-05
Benign,Benign,0.0011478628730401
Benign,Benign,0.000211581529583782
Benign,Benign,0.0028461667243391
Benign,Benign,0.0015822479035705
Benign,Benign,0.0005472019547596574
Benign,Benign,0.0654081553220748
Benign,Benign,0.0018787357257679
Benign,Benign,0.0119349285960197
Benign,Benign,0.00019415169663261625
Benign,Benign,0.0028665261343121
Benign,Benign,0.0008012627949938178
Benign,Benign,0.0025766948238015
Benign,Benign,0.0010738534620031
Benign,Benign,7.090361759765074e-05
Benign,Benign,0.0021483276505023
Benign,Benign,0.0032438167836517
Benign,Benign,0.0222799889743328
Benign,Benign,0.0040476373396813
Benign,Benign,0.0008862488903105259
Benign,Benign,0.0021732789464294
Benign,Benign,0.0023280614987015
Benign,Benign,0.0006414325907826424
Benign,Benign,0.0004476709582377225
Benign,Benign,0.0019459086470305
Benign,Benign,0.0016564297256991
Benign,Benign,0.0026238008867949
Benign,Benign,0.04390599578619
Benign,Benign,0.0002410477172816172
Benign,Benign,0.0025835114065557
Benign,Benign,0.000245187315158546
Benign,Benign,0.000548055162653327
Benign,Benign,0.0006011167424730957
Benign,Benign,0.00017262075562030077
Benign,Benign,0.011825356632471
Benign,Benign,0.0004027661925647408
Benign,Benign,0.0049179508350789
Benign,Benign,0.0005227619549259543
Benign,Benign,0.0014178433921188
Benign,Benign,4.1139908717013896e-05
Benign,Benign,0.0030086622573435
Benign,Benign,0.0038871769793331
Benign,Benign,0.0087006110697984
Benign,Benign,0.0004219761467538774
Benign,Benign,0.0010855926666408
Benign,Benign,0.0023526418954133
Benign,Benign,0.0020788398105651
Benign,Benign,0.0124442661181092
Benign,Benign,0.00037792458897456527
Benign,Benign,0.0018417773535475
Benign,Benign,0.0002674307907000184
Benign,Benign,0.00034382109879516065
Benign,Benign,0.0025381708983331
Benign,Benign,0.0054099317640066
Benign,Benign,0.0133114131167531
Benign,Benign,0.024296848103404
Benign,Benign,0.0001447926479158923
Benign,Benign,0.0159128941595554
Benign,Benign,0.0332328975200653
Benign,Benign,0.0006829830817878246
Benign,Benign,0.0006965438951738179
Benign,Benign,0.0057231816463172
Benign,Benign,0.00026565699954517186
Benign,Benign,0.0004829072568099946
Benign,Benign,0.000878733757417649
Benign,Benign,0.00015656708274036646
Benign,Benign,0.0035355265717953
Benign,Benign,0.0018484365427866
Benign,Benign,0.026203753426671
Benign,Benign,0.0003642650553956628
Benign,Benign,0.0003076585999224335
Benign,Benign,0.00047793678822927177
Benign,Benign,0.0019300513667985
Benign,Benign,0.0029728522058576
Benign,Benign,0.009891252964735
Benign,Benign,0.0012619902845472
Benign,Benign,0.0227860230952501
Benign,Benign,0.0008935771766118705
Benign,Benign,0.0005790049326606095
Benign,Benign,0.0041901213116943
Benign,Benign,0.0004138262302149087
Benign,Benign,4.441547571332194e-05
Benign,Benign,0.00042575952829793096
Benign,Benign,0.0027919672429561
Benign,Benign,0.00047441248898394406
Benign,Benign,0.0048949774354696
Benign,Benign,0.0088394852355122
Benign,Benign,0.0013409690000116
Benign,Benign,0.0105781611055135
Benign,Benign,0.0006496096611954272
Benign,Benign,0.00018067940254695716
Benign,Benign,0.0003806131426244974
Benign,Benign,0.0010892588179558
Benign,Benign,0.0001485162356402725
Benign,Benign,0.0041836006566882
Benign,Benign,0.0014017632929608
Benign,Benign,0.0087619926780462
Benign,Benign,0.000315515702823177
Benign,Benign,8.191612141672522e-05
Benign,Benign,0.0030867999885231
Benign,Benign,0.0002813468163367361
Benign,Benign,0.002803046721965
Benign,Benign,0.0004556374333333224
Benign,Benign,0.0009259444777853788
Benign,Benign,0.0009528229129500688
Benign,Benign,0.0185035094618797
Benign,Benign,0.0015563450288027
Benign,Benign,0.00026139087276533246
Benign,Benign,0.0115644382312893
Benign,Benign,0.0200393162667751
Benign,Benign,0.0004949567373842001
Benign,Benign,0.0035374541766941
Benign,Benign,0.0462518669664859
Benign,Benign,0.0249589066952466
Benign,Benign,0.0011996929533779
Benign,Benign,0.0003055172273889184
Benign,Benign,0.00014639610890299082
Benign,Benign,0.0020080138929188
Benign,Benign,7.287274638656527e-05
Benign,Benign,0.0366459004580974
Benign,Benign,0.0087634827941656
Benign,Benign,0.0079504968598485
Benign,Benign,0.000189391546882689
Benign,Benign,8.732378773856908e-05
Benign,Benign,4.310759322834201e-05
Benign,Benign,0.00010631952318362892
Benign,Benign,0.00016342027811333537
Benign,Benign,0.0001746811904013157
Benign,Benign,0.0025227018631994
Benign,Benign,0.00010002688941312954
Benign,Benign,0.0168919097632169
Benign,Benign,0.0005835567717440426
Benign,Benign,0.0012678310740739
Benign,Benign,0.025346191599965
Benign,Benign,0.0032783036585897
Benign,Benign,0.0007327665807679296
Benign,Benign,0.0034203676041215
Benign,Benign,0.0379592031240463
Benign,Benign,0.0014028128935024
Benign,Benign,0.0022952798753976
Benign,Benign,1.95023440028308e-05
Benign,Benign,5.7898701925296336e-05
Benign,Benign,0.0001456156314816326
Benign,Benign,0.0002568768395576626
Benign,Benign,0.0099597228690981
Benign,Benign,5.897294613532722e-05
Benign,Benign,0.034844484180212
Benign,Benign,0.0218850523233413
Benign,Benign,0.00028832783573307097
Benign,Benign,0.0041707553900778
Benign,Benign,0.0964149981737136
Benign,Benign,0.0106763625517487
Benign,Benign,0.0002502616844139993
Benign,Benign,0.0382373705506324
Benign,Benign,0.00022848794469609857
Benign,Benign,0.00017054089403245598
Benign,Benign,0.0006616173777729273
Benign,Benign,0.0087011912837624
Benign,Benign,0.0017279702005907
Benign,Benign,9.16996068553999e-05
Benign,Benign,0.0044068861752748
Benign,Benign,4.174170317128301e-05
Benign,Benign,0.0006343899294734001
Benign,Benign,0.000497040047775954
Benign,Benign,0.0025278185494244
Benign,Benign,0.033689122647047
Benign,Benign,0.008413478732109
Benign,Benign,0.00010516308975638822
Benign,Benign,0.0010495946044102
Benign,Benign,0.0002596499398350716
Benign,Benign,0.0002491888008080423
Benign,Benign,0.000217722452362068
Benign,Benign,0.0017202080925926
Benign,Benign,0.066537506878376
Benign,Benign,0.0020944233983755
Benign,Benign,0.008370310999453
Benign,Benign,0.0093806581571698
Benign,Benign,0.0006391947390511632
Benign,Benign,0.0015359809622168
Benign,Benign,0.0033840839751064
Benign,Benign,0.0161326061934232
Benign,Benign,0.0017587870825082
Benign,Benign,0.0006581458728760481
Benign,Benign,0.0005480115651153028
Benign,Benign,0.0121505232527852
Benign,Benign,0.0003958352899644524
Benign,Benign,0.0024487285409122
Benign,Benign,0.0111521454527974
Benign,Benign,0.0006954411510378122
Benign,Benign,0.005053580738604
Benign,Benign,0.0014702099142596
Benign,Benign,0.0005102712893858552
Benign,Benign,0.0001454410667065531
Benign,Benign,0.0002423326222924516
Benign,Benign,0.0880201384425163
Benign,Benign,0.0002684365026652813
Benign,Benign,0.0114280153065919
Benign,Benign,0.0560855120420455
Benign,Benign,0.00040680787060409773
Benign,Benign,0.0402855426073074
Benign,Benign,0.000160641226102598
Benign,Benign,0.0112093975767493
Benign,Benign,0.0025407280772924
Benign,Benign,0.0001350959064438939
Benign,Benign,0.0019948568660765
Benign,Benign,0.00046963320346549153
Benign,Benign,0.0079642888158559
Benign,Benign,0.0022042475175112
Benign,Benign,0.0021026143804192
Benign,Benign,0.0334898866713047
Benign,Benign,0.0060616345144808
Benign,Benign,0.0150499930605292
Benign,Benign,0.005908640101552
Benign,Benign,0.0005544302402995527
Benign,Benign,0.0187518522143363
Benign,Benign,0.0078764269128441
Benign,Benign,0.001111144083552
Benign,Benign,0.0033344163093715
Benign,Benign,0.0574063435196876
Benign,Benign,8.773712033871561e-05
Benign,Benign,0.0015784543938934
Benign,Benign,0.0018679056083783
Benign,Benign,0.0108319232240319
Benign,Benign,0.0025189430452883
Benign,Benign,0.0009119079331867396
Benign,Benign,0.0001856796588981524
Benign,Benign,0.0003499876765999943
Benign,Benign,0.0465746447443962
Benign,Benign,0.0003368352772668004
Benign,Benign,0.0006908248760737479
Benign,Benign,0.0014624414034187
Benign,Benign,0.0010074231540784
Benign,Benign,0.0013202656991779
Benign,Benign,0.0093046966940164
Benign,Benign,9.70468099694699e-05
Benign,Benign,6.423563172575086e-05
Benign,Benign,0.0004725987382698804
Benign,Benign,6.0226188907108735e-06
Benign,Benign,0.0010678351391106
Benign,Benign,0.0038954792544245
Benign,Benign,0.0058926409110426
Benign,Benign,0.00013968627899885178
Benign,Benign,0.00022848794469609857
Benign,Benign,0.0010057310573756
Benign,Benign,0.055279828608036
Benign,Benign,0.00017181171278934926
Benign,Benign,0.0032201020512729
Benign,Benign,0.0024193355347961
Benign,Benign,0.0007812558906152844
Benign,Benign,0.0039946092292666
Benign,Benign,0.0009078943985514344
Benign,Benign,0.0027152709662914
Benign,Benign,0.0005585731123574078
Benign,Benign,0.0138248680159449
Benign,Benign,0.0031433678232133
Benign,Benign,9.528316877549514e-05
Benign,Benign,0.0012264982797205
Benign,Benign,0.0099008539691567
Benign,Benign,0.0006602781941182911
Benign,Benign,0.0018666932592168
Benign,Benign,0.0068376711569726
Benign,Benign,0.01476049143821
Benign,Benign,0.0002214898559032008
Benign,Benign,0.0002218671579612419
Benign,Benign,0.0015359809622168
Benign,Benign,0.0002964971063192934
Benign,Benign,0.0008838733774609864
Benign,Benign,0.0361033119261264
Benign,Benign,0.0114531517028808
Benign,Benign,9.61831901804544e-05
Benign,Benign,0.00013968627899885178
Benign,Benign,0.0050172400660812
Benign,Benign,0.002023444045335
Benign,Benign,0.0010786082129925
Benign,Benign,0.0035032301675528
Benign,Benign,0.0031341875437647
Benign,Benign,0.0005655710119754076
Benign,Benign,0.0021526999771595
Benign,Benign,0.0023922668769955
Benign,Benign,0.0225266013294458
Benign,Benign,0.0135545851662755
Benign,Benign,0.0010599585948511
Benign,Benign,0.009154082275927
Benign,Benign,0.00031174675677903
Benign,Benign,0.0002455075446050614
Benign,Benign,0.0002708141109906137
Benign,Benign,0.0016243746504187
Benign,Benign,0.0324883013963699
Benign,Benign,0.000584546010941267
Benign,Benign,0.0650328770279884
Benign,Benign,0.0001338959118584171
Benign,Benign,0.0005363101372495294
Benign,Benign,0.0001226092135766521
Benign,Benign,0.0133402459323406
Benign,Benign,0.00013240661064628512
Benign,Benign,0.017318433150649
Benign,Benign,0.000559701060410589
Benign,Benign,0.0002538086555432528
Benign,Benign,0.0002776225155685097
Benign,Benign,0.000648272514808923
Benign,Benign,0.0013820383464917
Benign,Benign,0.0049522840417921
Benign,Benign,0.0018699042266234
Benign,Benign,0.0150366174057126
Benign,Benign,0.0004652926872950047
Benign,Benign,0.0004033344448544085
Benign,Benign,0.0021992067340761
Benign,Benign,2.214595588156953e-05
Benign,Benign,0.0060364599339663
Benign,Benign,5.503744614543393e-05
Benign,Benign,0.0002762734948191792
Benign,Benign,0.0001906815014081076
Benign,Benign,0.00017030624439939857
Benign,Benign,0.0187703389674425
Benign,Benign,0.0009510389063507318
Benign,Benign,0.00036723227822221816
Benign,Benign,5.883543417439796e-05
Benign,Benign,0.0032134021166712
Benign,Benign,0.0019465541699901
Benign,Benign,0.0004112482129130513
Benign,Benign,0.0006004582974128425
Benign,Benign,0.0021921175066381
Benign,Benign,4.976405762135983e-05
Benign,Benign,0.0009699229267425836
Benign,Benign,0.0003113065904472023
Benign,Benign,0.0024079482536762
Benign,Benign,0.0039431699551641
Benign,Benign,0.005187933333218
Benign,Benign,0.0123561955988407
Benign,Benign,9.03137115528807e-05
Benign,Benign,0.000955631723627448
Benign,Benign,0.0040897708386182
Benign,Benign,0.00015918989083729684
Benign,Benign,0.0025114826858043
Benign,Benign,0.0004900990170426667
Benign,Benign,0.0013270936906337
Benign,Benign,0.0030771906021982
Benign,Benign,0.0015784783754497
Benign,Benign,0.0057994741946458
Benign,Benign,0.00018191749404650184
Benign,Benign,0.0004627943271771073
Benign,Benign,0.0002506282180547714
Benign,Benign,0.0009393225191161036
Benign,Benign,0.0004670584166888148
Benign,Benign,0.0092978468164801
Benign,Benign,0.0012571555562317
Benign,Benign,0.0190783161669969
Benign,Benign,0.0002364660904277116
Benign,Benign,0.0010456676827743
Benign,Benign,0.0008010940509848297
Benign,Benign,0.0007404505740851164
Benign,Benign,0.0048872255720198
Benign,Benign,0.0003829375200439245
Benign,Benign,0.0003786866436712444
Benign,Benign,0.0006992178387008607
Benign,Benign,0.0014875392662361
Benign,Benign,0.000626994704362005
Benign,Benign,0.0004935621982440352
Benign,Benign,0.0058023035526275
Benign,Benign,0.0004423240607138723
Benign,Benign,0.0242020525038242
Benign,Benign,0.0005553155788220465
Benign,Benign,0.0029993380885571
Benign,Benign,0.0117998737841844
Benign,Benign,0.0119104199111461
Benign,Benign,0.0551050268113613
Benign,Benign,0.0004122673999518156
Benign,Benign,0.006525017786771
Benign,Benign,0.0035976478829979
Benign,Benign,0.0153239434584975
Benign,Benign,0.025036197155714
Benign,Benign,0.0047973450273275
Benign,Benign,0.1305971145629882
Benign,Benign,0.0005436450592242181
Benign,Benign,0.0004602299886755645
Benign,Benign,0.0005946286837570369
Benign,Benign,8.050593169173226e-05
Benign,Benign,0.0029162974096834
Benign,Benign,0.0033445230219513
Benign,Benign,0.0006257902714423835
Benign,Benign,0.0090954191982746
Benign,Benign,0.0370553359389305
Benign,Benign,0.0015136221190914
Benign,Benign,0.0045560682192444
Benign,Malicious,0.3352783918380737
Benign,Benign,0.0337982475757598
Benign,Benign,0.0010648358147591
Benign,Benign,0.039770770817995
Benign,Benign,0.0037239140365272
Benign,Benign,0.00032976834336295724
Benign,Benign,3.659037611214444e-05
Benign,Benign,0.1354658156633377
Benign,Benign,0.0056231869384646
Benign,Benign,0.000498215202242136
Benign,Benign,0.00046306109288707376
Benign,Benign,0.0003136565210297704
Benign,Benign,0.0017609482165426
Benign,Benign,0.00011987076868535952
Benign,Benign,8.151908696163446e-05
Benign,Benign,0.0014293988933786
Benign,Malicious,0.364535242319107
Benign,Benign,0.0029138652607798
Benign,Benign,0.0005876278737559915
Benign,Benign,0.0002247757074655965
Benign,Benign,0.0735688209533691
Benign,Benign,0.0011289718095213
Benign,Benign,0.0158116742968559
Benign,Benign,0.0015701147494837
Benign,Benign,0.0018171499250456
Benign,Benign,0.0307560116052627
Benign,Benign,0.00041242444422096014
Benign,Benign,0.0015028758207336
Benign,Benign,0.0034481252077966
Benign,Benign,0.007430886849761
Benign,Benign,0.0078567145392298
Benign,Benign,0.0027413184288889
Benign,Benign,0.0004939361242577434
Benign,Malicious,0.2385075986385345
Benign,Benign,0.1235967278480529
Benign,Benign,0.0189237762242555
Benign,Benign,0.0045502632856369
Benign,Benign,0.0009895391995087266
Benign,Benign,0.0085637783631682
Benign,Benign,0.0416422523558139
Benign,Benign,0.0018802805570885
Benign,Benign,0.0007543053943663836
Benign,Benign,0.0030466760508716
Benign,Benign,0.0002699723991099745
Benign,Benign,0.0103341583162546
Benign,Benign,0.0437513403594493
Benign,Benign,0.0005096636596135795
Benign,Benign,0.0012736674398183
Benign,Benign,0.0021888574119657
Benign,Benign,0.00019186091958545148
Benign,Benign,0.00028378298156894743
Benign,Benign,0.0407656319439411
Benign,Benign,0.0178050976246595
Benign,Benign,0.0211030505597591
Benign,Benign,0.067497044801712
Benign,Benign,0.00036270503187552094
Benign,Benign,0.0024677810724824
Benign,Benign,0.0004446950333658606
Benign,Benign,5.275374496704899e-05
Benign,Benign,0.0008552451618015766
Benign,Benign,0.0005585731123574078
Benign,Benign,0.0295110065490007
Benign,Benign,0.0014369921991601
Benign,Benign,0.1580998301506042
Benign,Benign,0.000258451298577711
Benign,Benign,0.00055773148778826
Benign,Benign,0.1545231193304062
Benign,Benign,0.014529931358993
Benign,Benign,0.0006750281900167465
Benign,Benign,0.00034229850280098617
Benign,Benign,0.0016034540021792
Benign,Benign,0.0249478574842214
Benign,Benign,0.0199593361467123
Benign,Benign,0.0002854969643522054
Benign,Benign,0.0157160069793462
Benign,Benign,0.0055304914712905
Benign,Benign,0.0161955244839191
Benign,Benign,0.0036952134687453
Benign,Benign,0.002025855705142
Benign,Benign,0.0025352041702717
Benign,Benign,0.0221334546804428
Benign,Benign,0.0016786267515271
Benign,Benign,0.004617738071829
Benign,Benign,0.0371944680809974
Benign,Benign,0.0005740552442148328
Benign,Benign,0.0033082473091781
Benign,Benign,0.0406798347830772
Benign,Benign,0.0011416993802413
Benign,Benign,0.0104821100831031
Benign,Benign,0.002037689089775
Benign,Benign,0.1044741794466972
Benign,Benign,0.0040296693332493
Benign,Benign,0.0010720626451075
Benign,Benign,0.0001944343966897577
Benign,Benign,0.0015840161358937
Benign,Benign,0.0029491756577044
Benign,Benign,0.0057243104092776
Benign,Benign,0.00047848219401203096
Benign,Benign,0.0006567864329554141
Benign,Benign,0.0003180929343216121
Benign,Benign,0.00034703401615843177
Benign,Benign,0.0003806131426244974
Benign,Benign,9.004755702335387e-05
Benign,Benign,0.00016711487842258066
Benign,Benign,0.0560562498867511
Benign,Benign,0.0005616561975330114
Benign,Benign,0.0004594539350364357
Benign,Benign,0.0709876790642738
Benign,Benign,0.0003330167382955551
Benign,Benign,0.0011520468397065
Benign,Benign,0.022415867075324
Benign,Benign,0.0046774158254265
Benign,Benign,0.0004530472797341645
Benign,Benign,0.016732171177864
Benign,Benign,0.0002841988462023437
Benign,Benign,0.0012092774268239
Benign,Benign,0.00020380361820571125
Benign,Benign,0.0123576559126377
Benign,Benign,0.0225200038403272
Benign,Benign,0.0176472645252943
Benign,Benign,0.0015695244073867
Benign,Benign,0.0001644163712626323
Benign,Benign,0.0007403137278743088
Benign,Benign,0.004859663080424
Benign,Benign,0.0006457994459196925
Benign,Benign,0.0181264989078044
Benign,Benign,0.015368515625596
Benign,Benign,0.0031849490478634
Benign,Benign,3.70735397154931e-05
Benign,Benign,8.921397238736972e-05
Benign,Benign,0.0039720116183161
Benign,Benign,0.00010140931408386678
Benign,Benign,0.0005374143947847188
Benign,Benign,0.0006170148262754083
Benign,Benign,0.00010306643525836988
Benign,Benign,0.0007269282941706479
Benign,Benign,0.0010258088586851
Benign,Benign,0.00012443460582289845
Benign,Benign,0.0004294818791095168
Benign,Benign,0.0005427151918411255
Benign,Benign,0.0003303617995698005
Benign,Benign,5.441417306428775e-05
Benign,Benign,0.0007161474204622209
Benign,Benign,0.0165185146033763
Benign,Benign,0.00013914999726694077
Benign,Benign,0.0186056476086378
Benign,Benign,0.0009652582230046391
Benign,Benign,0.0008409261936321855
Benign,Benign,0.002216205233708
Benign,Benign,0.0128663573414087
Benign,Benign,0.0017313516000285
Benign,Benign,0.021633667871356
Benign,Benign,0.0005653365515172482
Benign,Benign,0.0019324457971379
Benign,Benign,0.0004141686076764017
Benign,Benign,0.0012868531048297
Benign,Benign,2.804836731229443e-05
Benign,Benign,0.00032705129706300795
Benign,Benign,9.824722656048834e-05
Benign,Benign,0.0002762316435109824
Benign,Benign,0.00042913094512186944
Benign,Benign,0.0005492945783771574
Benign,Benign,0.0197089221328496
Benign,Benign,0.0005690809339284897
Benign,Benign,0.0004883326473645866
Benign,Benign,0.0022132769227027
Benign,Benign,0.0044385204091668
Benign,Benign,0.00035098407533951104
Benign,Benign,0.0600481554865837
Benign,Benign,0.0034666785504668
Benign,Benign,0.0070073115639388
Benign,Benign,0.0003413824015296996
Benign,Benign,0.00013495633902493864
Benign,Benign,0.0031608517747372
Benign,Benign,0.0229031629860401
Benign,Benign,0.00205894629471
Benign,Benign,8.553283259971067e-05
Benign,Benign,0.0005025718710385263
Benign,Benign,0.0474756583571434
Benign,Benign,0.0091494815424084
Benign,Malicious,0.36831995844841
Benign,Benign,0.0718298852443695
Benign,Benign,0.0004823671479243785
Benign,Benign,0.0010231111664324
Benign,Benign,0.0008286162046715617
Benign,Benign,0.0030855911318212
Benign,Benign,0.0015129563398659
Benign,Benign,0.0397407971322536
Benign,Benign,0.00033166984212584794
Benign,Benign,0.0005153752281330526
Benign,Benign,0.00027331459568813443
Benign,Benign,0.002510598860681
Benign,Benign,0.0072889500297605
Benign,Benign,0.00166640302632
Benign,Benign,0.0233408100903034
Benign,Benign,0.000448730104835704
Benign,Benign,0.00028020350146107376
Benign,Benign,0.00012802844867110252
Benign,Benign,0.0073475167155265
Benign,Benign,0.0119653875008225
Benign,Benign,0.000481776922242716
Benign,Benign,0.000258451298577711
Benign,Benign,0.0015416771639138
Benign,Benign,0.0014752923743799
Benign,Benign,0.0012308687437325
Benign,Benign,0.0018081185407936
Benign,Benign,0.000956520379986614
Benign,Benign,0.0034900961909443
Benign,Benign,3.0147972211125307e-05
Benign,Benign,0.0023536505177617
Benign,Benign,0.0055545009672641
Benign,Benign,0.1517050713300705
Benign,Benign,0.0003888322680722922
Benign,Benign,0.0041775698773562
Benign,Benign,0.1327300518751144
Benign,Benign,0.0003391029022168368
Benign,Benign,0.0002942972932942212
Benign,Benign,0.0008301407797262073
Benign,Benign,0.0003427424235269428
Benign,Benign,0.0002244212810182944
Benign,Benign,6.516771827591583e-05
Benign,Benign,0.0006097383447922766
Benign,Benign,0.0006526967626996338
Benign,Benign,9.558967576595025e-05
Benign,Benign,0.0005859399680048227
Benign,Benign,4.2051942727994174e-05
Benign,Benign,0.00027078052517026663
Benign,Benign,0.0079594496637582
Benign,Benign,0.008809152059257
Benign,Benign,0.0012459850404411
Benign,Benign,0.00029683028697036207
Benign,Benign,0.0051622865721583
Benign,Benign,0.0003466337802819908
Benign,Benign,0.0120288599282503
Benign,Benign,0.0031458700541406
Benign,Benign,0.00018785579595714808
Benign,Benign,0.0042962026782333
Benign,Benign,0.00035962724359706044
Benign,Benign,0.00011431505845393986
Benign,Benign,0.0005014777416363358
Benign,Benign,0.000349611509591341
Benign,Benign,0.00022231436742004007
Benign,Benign,0.0658423230051994
Benign,Benign,0.0005585731123574078
Benign,Benign,0.00018934767285827547
Benign,Benign,0.0008014674531295896
Benign,Benign,0.0023700285237282
Benign,Benign,0.0008784520323388278
Benign,Benign,0.0203766133636236
Benign,Benign,0.00014449487207457423
Benign,Benign,0.0014736707089468
Benign,Benign,0.0316044315695762
Benign,Benign,0.0013485150411725
Benign,Benign,0.0041457535699009
Benign,Benign,0.0007024100050330162
Benign,Benign,0.001249749911949
Benign,Benign,0.0003685872070491314
Benign,Benign,0.0007869742694310844
Benign,Benign,0.0028369722422212
Benign,Benign,0.0021908527705818
Benign,Benign,6.56965930829756e-05
Benign,Benign,0.0006502167088910937
Benign,Benign,0.003237223252654
Benign,Benign,0.0010141766397282
Benign,Benign,0.0002255810395581648
Benign,Benign,0.0001885304955067113
Benign,Benign,0.002886796137318
Benign,Benign,0.0062431995756924
Benign,Benign,0.0012321168323978
Benign,Benign,0.0014684420311823
Benign,Benign,0.0018180012702941
Benign,Benign,0.0005850850138813257
Benign,Benign,0.0030420289840549
Benign,Benign,0.0026435845065861
Benign,Benign,0.001696745515801
Benign,Benign,0.0018374230712652
Benign,Benign,0.0030495119281113
Benign,Benign,0.0004665086453314871
Benign,Benign,0.006070811767131
Benign,Benign,0.0238930843770504
Benign,Benign,0.0003806131426244974
Benign,Benign,0.0021244091913104
Benign,Benign,0.0093725128099322
Benign,Benign,0.0031840556766837
Benign,Benign,0.0022232567425817
Benign,Benign,0.0003126739466097206
Benign,Benign,0.0008008337463252246
Benign,Benign,0.0071978825144469
Benign,Benign,0.0001434066507499665
Benign,Benign,0.0084626069292426
Benign,Benign,0.00023428589338436723
Benign,Benign,0.0013032852439209
Benign,Benign,0.0005138531560078263
Benign,Benign,0.0004656374221667648
Benign,Benign,0.0014605137985199
Benign,Benign,0.000443946773884818
Benign,Benign,0.0209008138626813
Benign,Benign,0.00023840255744289607
Benign,Benign,0.003623497672379
Benign,Benign,2.600061270641163e-05
Benign,Benign,0.0028297526296228
Benign,Benign,0.0010055878665298
Benign,Benign,0.005051318090409
Benign,Benign,0.0056946291588246
Benign,Benign,0.0004342682950664312
Benign,Benign,0.0019183488329872
Benign,Benign,9.958947339328006e-05
Benign,Benign,0.0097087109461426
Benign,Benign,0.00012537982547655702
Benign,Benign,0.0321676358580589
Benign,Benign,0.007435365114361
Benign,Benign,0.0068572019226849
Benign,Benign,0.0001943956594914198
Benign,Benign,0.0028490885160863
Benign,Benign,0.0009488883661106228
Benign,Benign,0.0013437394518405
Benign,Benign,5.943567521171644e-05
Benign,Benign,0.0375242084264755
Benign,Benign,0.0131833469495177
Benign,Benign,0.0002255810395581648
Benign,Benign,0.0030025951564311
Benign,Benign,0.0004660497070290148
Benign,Benign,0.0052335066720843
Benign,Benign,4.404749415698461e-05
Benign,Benign,0.002251110272482
Benign,Benign,0.0140764405950903
Benign,Benign,0.0037897073198109
Benign,Benign,0.00014342633949127048
Benign,Benign,0.0082761561498045
Benign,Benign,0.0225924849510192
Benign,Benign,0.0002607325150165707
Benign,Benign,0.0017211327794939
Benign,Benign,0.0035472651943564
Benign,Benign,0.00024461219436489046
Benign,Benign,0.0039585176855325
Benign,Benign,9.1879912361037e-05
Benign,Benign,0.0003950073150917888
Benign,Benign,0.0016484060324728
Benign,Benign,0.0091466857120394
Benign,Benign,3.081868271692656e-05
Benign,Benign,0.0100082261487841
Benign,Benign,0.00012382821296341717
Benign,Benign,0.001274861046113
Benign,Benign,0.0010560704395174
Benign,Benign,0.0027884566225111
Benign,Benign,0.0066241505555808
Benign,Benign,0.0008349629351869226
Benign,Benign,0.0002590157091617584
Benign,Benign,0.005988853983581
Benign,Benign,0.0020284305792301
Benign,Benign,0.0003495137207210064
Benign,Benign,0.0028295519296079
Benign,Benign,0.0023580088745802
Benign,Benign,0.0007914399029687047
Benign,Benign,0.0022530411370098
Benign,Benign,4.174607965978794e-05
Benign,Benign,0.0004505835531745106
Benign,Benign,0.0005585731123574078
Benign,Benign,0.0020943444687873
Benign,Benign,0.2126601189374923
Benign,Benign,0.0050053116865456
Benign,Benign,0.1447222828865051
Benign,Benign,0.0159714687615633
Benign,Benign,0.0174178127199411
Benign,Benign,0.0155647415667772
Benign,Benign,0.00029597178217954934
Benign,Benign,0.011902111582458
Benign,Benign,0.0002490716869942844
Benign,Benign,0.0077662081457674
Benign,Benign,0.0020982567220926
Benign,Benign,0.0003656407352536917
Benign,Benign,0.036516148597002
Benign,Benign,0.0011417152127251
Benign,Benign,0.0004985296982340515
Benign,Benign,0.001571039087139
Benign,Benign,0.0418409742414951
Benign,Benign,0.0111145945265889
Benign,Benign,0.0010079382918775
Benign,Benign,0.0072092278860509
Benign,Benign,0.0168167296797037
Benign,Benign,0.0033651953563094
Benign,Benign,0.0004583948466461152
Benign,Benign,0.0490519218146801
Benign,Benign,0.0209442246705293
Benign,Benign,0.00016889222024474293
Benign,Benign,0.0003867607447318733
Benign,Benign,0.0070841549895703
Benign,Benign,4.077378616784699e-05
Benign,Benign,0.0031521583441644
Benign,Benign,0.0001984553673537448
Benign,Benign,0.0177966281771659
Benign,Benign,0.0002679624303709716
Benign,Benign,0.0021681850776076
Benign,Benign,0.0003625911194831133
Benign,Benign,0.032987080514431
Benign,Benign,0.001626037992537
Benign,Benign,0.0025773518718779
Benign,Benign,0.0011835226323455
Benign,Benign,0.00012115783465560526
Benign,Benign,0.1326989829540252
Benign,Benign,0.0004438814066816121
Benign,Benign,0.0005118527915328741
Benign,Benign,0.00047234786325134337
Benign,Benign,0.0110308853909373
Benign,Benign,6.686989945592359e-05
Benign,Benign,0.00010688328620744868
Benign,Benign,0.0033363392576575
Benign,Benign,0.0228467397391796
Benign,Benign,0.0005169668584130704
Benign,Benign,0.00021238210320007056
Benign,Benign,0.0092788347974419
Benign,Benign,0.0006443816237151623
Benign,Benign,8.136826363625005e-05
Benign,Benign,0.00015025904576759783
Benign,Benign,0.0086270086467266
Benign,Benign,0.0004143567639403045
Benign,Benign,0.0108568789437413
Benign,Benign,0.0002555301762185991
Benign,Benign,0.0013803645269945
Benign,Benign,0.0081251934170722
Benign,Benign,0.0007399430614896119
Benign,Benign,0.0006588396499864757
Benign,Benign,0.0468684025108814
Benign,Benign,0.0274704992771148
Benign,Benign,0.0008008452714420855
Benign,Benign,0.0005940746632404625
Benign,Benign,0.0040205246768891
Benign,Benign,0.0016279605915769
Benign,Benign,0.0035969268064945
Benign,Benign,0.00024143344489857557
Benign,Benign,0.00012309278827160597
Benign,Benign,0.0011799172498285
Benign,Benign,0.0063520395196974
Benign,Benign,0.0044641569256782
Benign,Benign,0.00321761588566
Benign,Benign,0.0012175211450085
Benign,Benign,0.0096754552796483
Benign,Benign,4.716825060313568e-05
Benign,Benign,0.0019507525721564
Benign,Benign,0.0034538530744612
Benign,Benign,0.0096991565078496
Benign,Benign,0.0052711558528244
Benign,Benign,0.00022911337146069852
Benign,Benign,0.001323276432231
Benign,Benign,0.0009355221991427244
Benign,Benign,0.0012568921083584
Benign,Benign,0.0016810017405077
Benign,Benign,0.0008607193594798446
Benign,Benign,0.0002550171047914773
Benign,Benign,0.0009825353045016527
Benign,Benign,0.0442796796560287
Benign,Benign,0.0005100575508549809
Benign,Benign,0.0353183522820472
Benign,Benign,0.0006942327017895877
Benign,Benign,0.0002942972932942212
Benign,Benign,8.390125731239095e-05
Benign,Malicious,0.5467130541801453
Benign,Benign,0.0005149710923433304
Benign,Benign,0.00033505994360893965
Benign,Benign,0.0005301341880112886
Benign,Benign,0.0049234214238822
Benign,Benign,0.0004739394644275308
Benign,Benign,0.1094860881567001
Benign,Benign,0.0013573477044701
Benign,Benign,2.71161970886169e-05
Benign,Benign,0.0012176138116046
Benign,Benign,0.0028483448550105
Benign,Benign,0.0006270637968555093
Benign,Benign,0.0005744852242060006
Benign,Benign,0.00013162374671082944
Benign,Benign,0.00017584195302333683
Benign,Benign,0.0002566729090176523
Benign,Benign,0.0017158760456368
Benign,Benign,0.0059466417878866
Benign,Benign,0.00013395324640441686
Benign,Benign,0.0002096914686262608
Benign,Benign,0.027788246050477
Benign,Benign,0.00033975104452110827
Benign,Benign,0.0051914951764047
Benign,Benign,0.00011641693708952516
Benign,Benign,0.0006838760455138981
Benign,Benign,0.0009405311429873108
Benign,Benign,0.0015174442669376
Benign,Benign,0.00039461831329390407
Benign,Benign,0.00022213364718481896
Benign,Benign,0.0004269157943781465
Benign,Benign,9.66685838648118e-05
Benign,Benign,0.0047634551301598
Benign,Benign,0.0022780315484851
Benign,Benign,0.0006442478043027222
Benign,Benign,0.000305876019410789
Benign,Benign,0.0045417719520628
Benign,Benign,0.0039025743026286
Benign,Benign,0.0003910358936991543
Benign,Benign,0.0008797440677881241
Benign,Benign,0.0002942972932942212
Benign,Benign,0.0009536221041344106
Benign,Benign,0.0061152125708758
Benign,Benign,0.0030596503056585
Benign,Benign,0.00011967181490035728
Benign,Benign,0.0007192553021013737
Benign,Benign,0.0009564132778905332
Benign,Benign,0.0108078243210911
Benign,Benign,0.0042334264144301
Benign,Benign,0.0043237088248133
Benign,Benign,0.0005642873584292829
Benign,Benign,0.0048946128226816
Benign,Benign,0.0076715899631381
Benign,Benign,0.0051917196251451
Benign,Benign,0.0011020929086953
Benign,Benign,0.1713294386863708
Benign,Benign,0.0080713620409369
Benign,Benign,0.0004794021078851074
Benign,Benign,0.0006401152932085097
Benign,Benign,0.0008508931496180594
Benign,Benign,0.0002924234140664339
Benign,Benign,0.00036857856321148574
Benign,Benign,0.0436465255916118
Benign,Benign,0.0001964759867405519
Benign,Benign,0.00075856305193156
Benign,Benign,0.0047128079459071
Benign,Benign,0.0545691847801208
Benign,Benign,0.00047441248898394406
Benign,Benign,0.0037974109873175
Benign,Benign,0.0016756982076913
Benign,Malicious,0.254840612411499
Benign,Benign,0.0015658953925594
Benign,Benign,0.0011131920618936
Benign,Benign,0.0005072198691777885
Benign,Benign,0.0002676233707461506
Benign,Benign,0.0034063286148011
Benign,Benign,0.0002935074153356254
Benign,Benign,0.0024051768705248
Benign,Benign,0.0002517079992685467
Benign,Benign,0.0008782884106040001
Benign,Benign,0.0862025842070579
Benign,Benign,0.0003129465330857784
Benign,Benign,0.0054119592532515
Benign,Benign,4.426384111866355e-05
Benign,Benign,0.0109120868146419
Benign,Benign,0.0007286678301170468
Benign,Benign,0.0130799897015094
Benign,Benign,0.00041277665877714753
Benign,Benign,0.0010698297992348
Benign,Benign,0.0010157547658309
Benign,Benign,0.0014545884914696
Benign,Benign,0.0199183002114295
Benign,Benign,0.0031671619508415
Benign,Benign,0.0003222705563530326
Benign,Benign,0.0051032551564276
Benign,Benign,0.0014666636707261
Benign,Benign,0.0008687401423230767
Benign,Benign,0.0005175520782358944
Benign,Benign,0.0005585731123574078
Benign,Benign,0.0010912317084148
Benign,Benign,0.0060094404034316
Benign,Benign,0.0002238182642031461
Benign,Benign,0.1287898272275924
Benign,Benign,0.0400409437716007
Benign,Benign,0.001174938166514
Benign,Benign,0.0005551327485591173
Benign,Benign,0.0117578627541661
Benign,Benign,0.0005000336095690727
Benign,Benign,0.0265443455427885
Benign,Benign,0.00013265456072986126
Benign,Benign,9.870557551039384e-05
Benign,Benign,0.0021560695022344
Benign,Benign,0.002521876245737
Benign,Benign,0.0510846562683582
Benign,Benign,0.0003126739466097206
Benign,Benign,0.0024180561304092
Benign,Benign,0.0004511568695306778
Benign,Benign,0.0169456973671913
Benign,Benign,0.0012635816819965
Benign,Benign,0.0016797995194792
Benign,Benign,0.0271793026477098
Benign,Benign,0.029684405773878
Benign,Benign,0.0005928565515205264
Benign,Benign,0.0012056361883878
Benign,Benign,0.0025522352661937
Benign,Benign,0.0010416210861876
Benign,Benign,0.0093093710020184
Benign,Benign,0.0002766501856967807
Benign,Benign,0.0032925552222877
Benign,Benign,0.031603492796421
Benign,Benign,0.0025013838894665
Benign,Benign,0.0276087503880262
Benign,Benign,0.001303898054175
Benign,Benign,0.0005715744337067008
Benign,Benign,0.0001238016557181254
Benign,Benign,0.0002039163518929854
Benign,Benign,0.00034078213502652943
Benign,Benign,0.0175666771829128
Benign,Benign,0.00071386230411008
Benign,Benign,2.858026164176408e-05
Benign,Benign,0.0008048609015531838
Benign,Benign,0.003565453691408
Benign,Benign,0.0157963074743747
Benign,Benign,0.0257537383586168
Benign,Benign,0.001404782757163
Benign,Benign,0.0053776334971189
Benign,Benign,0.0032627021428197
Benign,Benign,0.00010373810800956562
Benign,Benign,0.00019729015184566376
Benign,Benign,0.0028382958844304
Benign,Benign,0.0038298538420349
Benign,Benign,0.00031207295251078904
Benign,Benign,4.215426088194363e-06
Benign,Benign,0.0008749189437367022
Benign,Benign,0.001346287317574
Benign,Benign,0.0046220272779464
Benign,Benign,0.0031124744564294
Benign,Benign,0.0007976582855917513
Benign,Benign,0.0021637864410877
Benign,Benign,0.0016812913818284
Benign,Benign,0.0011738557368516
Benign,Benign,0.0006247577839531004
Benign,Benign,0.0042137508280575
Benign,Benign,0.0005129815544933081
Benign,Benign,0.0528982765972614
Benign,Benign,0.0016242361161857
Benign,Benign,0.0280762333422899
Benign,Benign,0.002222170587629
Benign,Benign,0.0152345933020114
Benign,Benign,0.0005390098667703569
Benign,Benign,0.00025474154972471297
Benign,Benign,0.006226610392332
Benign,Benign,0.0007646606536582112
Benign,Benign,0.000586892943829298
Benign,Benign,0.0005957263638265431
Benign,Benign,0.00014950515469536185
Benign,Benign,0.0046762507408857
Benign,Benign,0.014892142266035
Benign,Benign,6.306402065092698e-05
Benign,Benign,0.0041234651580452
Benign,Benign,0.0092035811394453
Benign,Benign,0.00038774957647547126
Benign,Benign,0.0010548069840297
Benign,Benign,0.0409993380308151
Benign,Benign,0.0297778118401765
Benign,Benign,0.000760515162255615
Benign,Benign,0.0005922929267399013
Benign,Benign,0.0004999611410312355
Benign,Benign,0.0011236810823902
Benign,Benign,9.29305169847794e-05
Benign,Benign,0.0034900961909443
Benign,Benign,0.0004754886613227427
Benign,Benign,0.0329723395407199
Benign,Benign,0.0017863451503217
Benign,Benign,0.00011484989227028564
Benign,Benign,8.402191451750696e-05
Benign,Benign,0.0002065577282337472
Benign,Benign,9.976236469810829e-05
Benign,Benign,0.0026371653657406
Benign,Benign,0.0003817833203356713
Benign,Benign,0.0003995009465143085
Benign,Benign,0.0004137550422456116
Benign,Benign,0.0007486897520720959
Benign,Benign,0.034227430820465
Benign,Benign,0.0022372547537088
Benign,Benign,0.0059596365317702
Benign,Benign,0.0066515202634036
Benign,Benign,0.0064438148401677
Benign,Benign,0.0035864810924977
Benign,Benign,0.0002002193359658122
Benign,Benign,0.0400268696248531
Benign,Benign,0.0014695555437356
Benign,Benign,0.028518684208393
Benign,Benign,0.00041659674025140703
Benign,Benign,0.0051606195047497
Benign,Benign,0.0019052386051043
Benign,Benign,0.0007272855145856738
Benign,Benign,0.000245187315158546
Benign,Benign,3.946854849345982e-05
Benign,Benign,0.0352089181542396
Benign,Benign,0.0025452552363276
Benign,Benign,0.0031280140392482
Benign,Benign,0.0002253789425594732
Benign,Benign,0.0003713730548042804
Benign,Benign,0.0049850693903863
Benign,Benign,0.0003377855173312128
Benign,Benign,0.003172569675371
Benign,Benign,0.0008888934389688075
Benign,Benign,0.0007576119969598949
Benign,Benign,5.587261694017798e-05
Benign,Benign,0.0017917243530973
Benign,Benign,0.0036543561145663
Benign,Benign,0.0060341972857713
Benign,Benign,0.0014512062771245
Benign,Benign,9.293282346334308e-05
Benign,Benign,0.0053540272638201
Benign,Malicious,0.3352783918380737
Benign,Benign,4.863891808781773e-05
Benign,Benign,0.0051715984009206
Benign,Benign,0.0003317855880595744
Benign,Benign,0.0027981754392385
Benign,Benign,0.00031462867627851665
Benign,Benign,0.001004327321425
Benign,Benign,0.00019442196935415268
Benign,Benign,8.708130189916119e-05
Benign,Benign,0.0004808382655028254
Benign,Benign,0.0014434616314247
Benign,Malicious,0.3888502418994903
Benign,Benign,0.0001616151275811717
Benign,Benign,0.0006469603395089507
Benign,Benign,0.0003444467729423195
Benign,Benign,0.00022581151279155165
Benign,Benign,0.0009245211840607226
Benign,Benign,0.00027665201923809946
Benign,Benign,0.0029765067156404
Benign,Benign,0.0077207912690937
Benign,Benign,0.0013388697989284
Benign,Benign,0.0002188292273785919
Benign,Benign,2.0956638763891533e-05
Benign,Benign,0.0006159415934234858
Benign,Benign,0.0621060095727443
Benign,Benign,0.0003864804748445749
Benign,Benign,0.000474644300993532
Benign,Benign,0.0004941060906276107
Benign,Benign,0.0572514198720455
Benign,Benign,0.0206753388047218
Benign,Benign,0.00047105917474254966
Benign,Benign,0.0137126874178648
Benign,Benign,0.0008288408862426877
Benign,Benign,0.0003481560561340302
Benign,Benign,0.0051606195047497
Benign,Benign,0.0004313464742153883
Benign,Benign,9.275804768549278e-05
Benign,Benign,0.0017682547913864
Benign,Benign,0.0025786575861275
Benign,Benign,0.0471920222043991
Benign,Malicious,0.362887442111969
Benign,Benign,0.0117234997451305
Benign,Benign,0.0072485241107642
Benign,Benign,0.0155192296952009
Benign,Benign,7.27472870494239e-05
Benign,Benign,0.0019875357393175
Benign,Benign,4.880702545051463e-05
Benign,Benign,0.0021058374550193
Benign,Benign,0.0096545610576868
Benign,Benign,0.0100136836990714
Benign,Benign,0.0042294664308428
Benign,Benign,0.00015971001994330436
Benign,Benign,0.0007630639593116939
Benign,Benign,0.002251339610666
Benign,Benign,0.0011507346061989
Benign,Benign,0.00027590972604230046
Benign,Benign,0.1822768747806549
Benign,Benign,0.0001924692332977429
Benign,Benign,0.0346129350364208
Benign,Benign,0.0005693733692169189
Benign,Benign,0.0045053400099277
Benign,Benign,5.537532706512138e-05
Benign,Benign,0.0048384638503193
Benign,Benign,0.0005540628335438669
Benign,Benign,0.0002364821266382933
Benign,Benign,0.0567495822906494
Benign,Benign,0.00095084507483989
Benign,Benign,0.0001533088507130742
Benign,Benign,0.0070911925286054
Benign,Benign,0.0037652365863323
Benign,Benign,0.0029482406098395
Benign,Benign,0.00027820674586109817
Benign,Benign,0.0014699572930112
Benign,Benign,9.871047222986816e-05
Benign,Benign,0.0031650252640247
Benign,Benign,0.0103881871327757
Benign,Benign,0.0011894578346982
Benign,Benign,0.00070794956991449
Benign,Benign,0.0042671584524214
Benign,Benign,0.0004347266221884638
Benign,Benign,0.0004900644416920841
Benign,Benign,0.0051595838740468
Benign,Benign,0.0204610358923673
Benign,Benign,0.0180901009589433
Benign,Benign,0.0028626157436519
Benign,Benign,0.0022050971165299
Benign,Benign,0.0005639687879011035
Benign,Benign,0.0011500787222757
Benign,Benign,0.0644586607813835
Benign,Benign,0.0148244109004735
Benign,Benign,5.850517118233256e-05
Benign,Benign,0.0003003696911036968
Benign,Benign,0.0017893610056489
Benign,Benign,0.0010012252023443
Benign,Benign,0.00020103962742723525
Benign,Benign,0.00038073689211159945
Benign,Benign,0.0012050276855006
Benign,Benign,0.0002757324837148189
Benign,Benign,0.0577119551599025
Benign,Benign,7.51662373659201e-05
Benign,Benign,0.0036538369022309
Benign,Benign,0.0017893745098263
Benign,Benign,0.0003641857183538377
Benign,Benign,0.002809036290273
Benign,Benign,0.00013775166007690132
Benign,Benign,0.000258451298577711
Benign,Benign,0.0004846806696150452
Benign,Benign,0.0026979206595569
Benign,Benign,0.0026897282805293
Benign,Benign,0.0022949040867388
Benign,Benign,0.015135133638978
Benign,Benign,0.0044231400825083
Benign,Benign,0.0120240999385714
Benign,Benign,1.234232786373468e-05
Benign,Benign,0.008370310999453
Benign,Benign,0.00031138822669163346
Benign,Benign,0.0005890552420169115
Benign,Benign,0.0005329506820999086
Benign,Benign,0.0193571113049983
Benign,Benign,0.0120427394285798
Benign,Benign,0.00034245059941895306
Benign,Benign,0.0122943744063377
Benign,Benign,0.0003454614488873631
Benign,Benign,0.0129565736278891
Benign,Benign,0.0006358002428896725
Benign,Benign,0.0036241365596652
Benign,Benign,3.290974927949719e-05
Benign,Benign,0.0001889096456579864
Benign,Benign,0.0025571209844201
Benign,Benign,0.0062515125609934
Benign,Benign,0.0022644805721938
Benign,Benign,0.00013436209701467303
Benign,Benign,0.00013824275811202824
Benign,Benign,0.011397399008274
Benign,Benign,0.0007530944421887398
Benign,Benign,0.0018583119381219
Benign,Benign,0.0068049887195229
Benign,Benign,0.00019487091049086305
Benign,Benign,0.0008539052796550095
Benign,Benign,0.0015779982786625
Benign,Benign,0.0057191890664398
Benign,Benign,0.00011815308971563354
Benign,Benign,0.0011474229395389
Benign,Benign,6.210845458554104e-05
Benign,Benign,0.0006327921291813254
Benign,Benign,0.0148093411698937
Benign,Benign,0.0286037921905517
Benign,Benign,0.0009396462119184434
Benign,Benign,0.0015285515692085
Benign,Benign,0.0007724505849182606
Benign,Benign,0.0223603826016187
Benign,Benign,0.001641706447117
Benign,Benign,0.0010112171294167
Benign,Benign,0.0009801652049645782
Benign,Benign,0.0121807232499122
Benign,Benign,0.0181657057255506
Benign,Benign,0.0074004321359097
Benign,Malicious,0.3192775845527649
Benign,Benign,0.0003469661751296371
Benign,Benign,0.1413690447807312
Benign,Benign,0.00012056959531037136
Benign,Benign,0.0012873349478468
Benign,Benign,0.1160890758037567
Benign,Benign,0.0012540413299575
Benign,Benign,0.0005318025941960514
Benign,Benign,0.0780592933297157
Benign,Benign,0.0001731662778183818
Benign,Benign,0.0011173300445079
Benign,Benign,0.0007572030881419778
Benign,Benign,0.0022011455148458
Benign,Benign,0.0063386126421391
Benign,Benign,0.0040493924170732
Benign,Benign,0.0036972046364098
Benign,Benign,0.0138761382550001
Benign,Benign,0.0002542674192227423
Benign,Benign,0.0190668161958456
Benign,Benign,0.0859297960996627
Benign,Benign,0.000172351035871543
Benign,Benign,0.0436408221721649
Benign,Benign,0.0020300981123
Benign,Benign,0.005047365091741
Benign,Benign,0.0040192967280745
Benign,Benign,0.0021791779436171
Benign,Benign,0.00014664298214484006
Benign,Benign,0.0011606246698647
Benign,Benign,0.00021567636576946825
Benign,Benign,0.0026804783847182
Benign,Benign,0.0078439647331833
Benign,Benign,0.0019887299276888
Benign,Benign,0.0047132954932749
Benign,Benign,0.0060104173608124
Benign,Benign,0.0007398930029012263
Benign,Benign,0.000439391762483865
Benign,Benign,0.0005377382622100413
Benign,Benign,0.0115277916193008
Benign,Benign,0.0009303444530814886
Benign,Benign,0.0003658797359094024
Benign,Benign,0.0825002044439315
Benign,Benign,0.0007465851376764476
Benign,Benign,8.109489863272756e-05
Benign,Benign,0.0005078091053292155
Benign,Benign,9.036548726726323e-05
Benign,Benign,0.004041273612529
Benign,Benign,0.0005585241015069187
Benign,Benign,0.0041238316334784
Benign,Benign,0.0054400181397795
Benign,Benign,0.0154637778177857
Benign,Benign,5.087396493763663e-05
Benign,Benign,5.377098568715155e-05
Benign,Benign,0.0152484215795993
Benign,Benign,0.037005890160799
Benign,Benign,0.00027677309117279947
Benign,Benign,0.0020625942852348
Benign,Benign,0.0084241107106208
Benign,Benign,6.40695943729952e-05
Benign,Benign,0.00010364961053710432
Benign,Benign,8.644456102047116e-05
Benign,Benign,0.0009745817515067756
Benign,Benign,0.00047039557830430567
Benign,Benign,0.0002143611927749589
Benign,Benign,0.0007806654321029782
Benign,Benign,0.0024001968558877
Benign,Benign,2.428055086056702e-05
Benign,Benign,0.001336152665317
Benign,Benign,0.0545265041291713
Benign,Benign,0.0096617629751563
Benign,Benign,0.0002408255822956562
Benign,Benign,0.0013472543796524
Benign,Benign,0.000390379223972559
Benign,Benign,0.00025505846133455634
Benign,Benign,0.0008973996737040579
Benign,Benign,0.000654009054414928
Benign,Benign,0.0003996283048763871
Benign,Benign,0.0031326594762504
Benign,Benign,0.002234258223325
Benign,Benign,0.0010283470619469
Benign,Benign,0.00022357297712005675
Benign,Benign,0.0002308812981937081
Benign,Benign,0.00010095852485392244
Benign,Benign,0.0052192220464348
Benign,Benign,0.0095421820878982
Benign,Benign,0.0019922498613595
Benign,Benign,7.819569873390719e-05
Benign,Benign,0.0045838770456612
Benign,Benign,0.0035371596459299
Benign,Benign,0.0100983818992972
Benign,Benign,0.0093617616221308
Benign,Benign,0.0043644001707434
Benign,Benign,0.0057828174903988
Benign,Benign,0.0029986279550939
Benign,Benign,0.0005962631548754871
Benign,Benign,0.0035754747223109
Benign,Benign,0.0113518359139561
Benign,Benign,0.0004670584166888148
Benign,Benign,0.0004275187093298882
Benign,Benign,0.0014060569228604
Benign,Benign,9.47943262872286e-05
Benign,Benign,1.3974201465316582e-05
Benign,Benign,0.000991907436400652
Benign,Benign,9.40860336413607e-05
Benign,Benign,0.00040671092574484646
Benign,Benign,0.000427396094892174
Benign,Benign,0.0024266601540148
Benign,Benign,0.0176954977214336
Benign,Benign,0.0007107614655978978
Benign,Benign,0.0558810122311115
Benign,Benign,0.00022101393551565707
Benign,Benign,0.0002721172641031444
Benign,Benign,0.00033797137439250946
Benign,Benign,0.000549441494513303
Benign,Benign,0.0002496244269423187
Benign,Benign,0.0004052912699989975
Benign,Benign,0.0005244553321972489
Benign,Benign,0.0357223562896251
Benign,Benign,0.0029355545993894
Benign,Benign,0.0005658692098222673
Benign,Benign,0.0003938253503292799
Benign,Benign,0.0017382577061653
Benign,Benign,0.0074085211381316
Benign,Benign,0.0023535061627626
Benign,Benign,0.0003786637098528445
Benign,Benign,0.0045079817064106
Benign,Benign,0.001558803836815
Benign,Malicious,0.2409887909889221
Benign,Benign,0.0005171945667825639
Benign,Benign,0.0006900944281369448
Benign,Benign,0.002921865787357
Benign,Benign,0.00044430961133912206
Benign,Benign,0.0113542284816503
Benign,Benign,0.0006197140319272876
Benign,Benign,0.0009550569229759276
Benign,Benign,0.0017374883173033
Benign,Benign,0.0002267033269163221
Benign,Benign,0.0091875242069363
Benign,Benign,0.0019582381937652
Benign,Benign,0.001049184706062
Benign,Benign,0.0008836269844323397
Benign,Benign,0.00021691291476599872
Benign,Benign,0.0022971762809902
Benign,Benign,0.0011012937175109
Benign,Benign,0.0041784942150115
Benign,Benign,0.027016682550311
Benign,Benign,0.0037468869704753
Benign,Benign,0.0009602426434867084
Benign,Benign,0.0197383239865303
Benign,Benign,0.0005407012067735195
Benign,Benign,0.0053038387559354
Benign,Benign,0.0029462368693202
Benign,Benign,0.00014742487110197544
Benign,Benign,0.0035411941353231
Benign,Benign,0.0002202769974246621
Benign,Benign,0.0003279980446677655
Benign,Benign,0.0014387249248102
Benign,Benign,0.0140750240534543
Benign,Benign,0.0004926411784254014
Benign,Benign,0.0126969907432794
Benign,Benign,0.0014858058420941
Benign,Benign,0.0005174608086235821
Benign,Benign,0.0002106370957335457
Benign,Benign,0.050449576228857
Benign,Benign,0.0007051192224025726
Benign,Benign,0.00692352745682
Benign,Benign,0.0004642909043468535
Benign,Benign,0.00014343428483698517
Benign,Benign,0.0071285362355411
Benign,Benign,0.0015196949243545
Benign,Benign,0.0123902484774589
Benign,Benign,0.0002541326393838972
Benign,Benign,0.0008455954375676811
Benign,Benign,0.0098339086398482
Benign,Benign,0.00016772805247455835
Benign,Benign,0.0004894321318715811
Benign,Benign,0.0006361684645526111
Benign,Benign,0.0026393234729766
Benign,Benign,0.00026760934269987047
Benign,Benign,0.0750554352998733
Benign,Benign,0.0037116797175258
Benign,Benign,0.0002803357783704996
Benign,Benign,0.00017699709860607982
Benign,Benign,0.0012708905851468
Benign,Benign,0.0014311983250081
Benign,Benign,0.0010131471790373
Benign,Benign,0.0005441248067654669
Benign,Benign,0.0029627103358507
Benign,Benign,0.0003878778661601245
Benign,Benign,0.0019275600789114
Benign,Benign,0.0004255076055414975
Benign,Benign,0.0002773193409666419
Benign,Benign,0.1191536113619804
Benign,Benign,0.00011666420323308556
Benign,Benign,0.00022911337146069852
Benign,Benign,0.0012373386416584
Benign,Benign,0.0009024161263369024
Benign,Benign,0.0016584731638431
Benign,Benign,0.0021387077867984
Benign,Benign,0.0237906072288751
Benign,Benign,0.0008101560524664819
Benign,Benign,0.00012772178160957992
Benign,Benign,0.00011410617298679426
Benign,Benign,0.0006895849364809692
Benign,Benign,0.0002087118627969176
Benign,Benign,0.00032058116630651057
Benign,Benign,0.0029528515879064
Benign,Benign,0.0029433947056531
Benign,Benign,0.0156282950192689
Benign,Benign,0.0047422661446034
Benign,Benign,0.0147468093782663
Benign,Benign,0.0025371231604367
Benign,Benign,0.0477835796773433
Benign,Benign,0.0006442244630306959
Benign,Benign,2.4328483050339852e-05
Benign,Benign,0.0083206556737422
Benign,Benign,0.00033583067124709487
Benign,Benign,9.869117639027536e-05
Benign,Benign,0.0014649133663624
Benign,Benign,0.000367409666068852
Benign,Benign,0.0005373539752326906
Benign,Benign,0.0774441584944725
Benign,Benign,0.00010074589226860552
Benign,Benign,0.0014799294294789
Benign,Benign,0.0431084856390953
Benign,Benign,0.0040507158264517
Benign,Benign,0.0163023397326469
Benign,Benign,0.0108004249632358
Benign,Benign,0.0060897152870893
Benign,Benign,0.00032408529659733176
Benign,Benign,0.0018007528269663
Benign,Malicious,0.4812175929546356
Benign,Benign,0.0224323309957981
Benign,Benign,0.0011121024144813
Benign,Benign,0.0016469737747684
Benign,Benign,0.0005973393563181162
Benign,Benign,0.001463618595153
Benign,Benign,0.00018102186731994152
Benign,Benign,0.00022832938702777028
Benign,Benign,0.0040471814572811
Benign,Benign,0.0005119562265463173
Benign,Benign,0.0030425698496401
Benign,Benign,0.0019399067386984
Benign,Benign,0.00354302697815
Benign,Benign,0.0016094996826723
Benign,Benign,0.000592742464505136
Benign,Benign,0.000401995173888281
Benign,Benign,0.0005925789009779692
Benign,Benign,0.0024335600901395
Benign,Benign,0.00026429377612657845
Benign,Benign,0.0007676123641431332
Benign,Benign,0.0013509521959349
Benign,Benign,0.0012400026898831
Benign,Benign,0.00017181171278934926
Benign,Benign,0.0008820174844004214
Benign,Benign,0.0152786951512098
Benign,Benign,0.00040233886102214456
Benign,Benign,4.895744859823026e-05
Benign,Benign,0.0011046464787796
Benign,Benign,0.1282990425825119
Benign,Benign,0.0006371672498062253
Benign,Benign,0.00136810017284
Benign,Benign,0.1055446192622184
Benign,Benign,0.008121327497065
Benign,Benign,0.0790239199995994
Benign,Benign,0.00021033224766142664
Benign,Benign,0.00017788601689971983
Benign,Benign,0.0007909027626737952
Benign,Benign,0.0010075075551867
Benign,Benign,0.008281578309834
Benign,Benign,0.0005608390783891082
Benign,Benign,0.002398814773187
Benign,Benign,0.0022363266907632
Benign,Benign,0.0041177496314048
Benign,Benign,0.0008897599182091653
Benign,Benign,0.0008825802942737937
Benign,Benign,0.0002097684482578188
Benign,Benign,0.0003989998367615044
Benign,Benign,0.008647046983242
Benign,Benign,0.0043904832564294
Benign,Benign,0.00016113289166241884
Benign,Benign,0.0041839322075247
Benign,Benign,0.0042922063730657
Benign,Benign,0.0171959344297647
Benign,Benign,0.0935319140553474
Benign,Benign,0.0139695154502987
Benign,Benign,0.0040385569445788
Benign,Benign,2.826274067047052e-05
Benign,Benign,0.0003835330135188997
Benign,Benign,0.0011567159090191
Benign,Benign,0.0041457554325461
Benign,Benign,0.1329342722892761
Benign,Benign,0.0003772613708861172
Benign,Benign,0.0021137674339115
Benign,Benign,0.001057019107975
Benign,Benign,0.0003142977075185627
Benign,Benign,0.0381598584353923
Benign,Benign,0.0006203800439834595
Benign,Benign,0.0019637471996247
Benign,Benign,0.0081637697294354
Benign,Benign,0.00026385998353362083
Benign,Benign,0.0004569834272842854
Benign,Benign,0.0067704687826335
Benign,Benign,3.19017271976918e-05
Benign,Malicious,0.8043206930160522
Benign,Benign,0.0065715196542441
Benign,Benign,0.1201331987977027
Benign,Benign,0.0029257286805659
Benign,Benign,0.0282973665744066
Benign,Benign,0.0081554120406508
Benign,Benign,0.0014312017010524
Benign,Benign,0.0023785796947777
Benign,Benign,0.0204326715320348
Benign,Benign,0.0007145389099605381
Benign,Benign,6.130775000201538e-05
Benign,Benign,0.0024164542555809
Benign,Benign,0.0045206486247479
Benign,Benign,0.0059506488032639
Benign,Benign,0.0007981859380379319
Benign,Benign,0.0082977404817938
Benign,Benign,0.0012636923929676
Benign,Benign,0.0004733788955491036
Benign,Benign,0.0006216395413503051
Benign,Benign,0.1545231193304062
Benign,Benign,0.0001338784204563126
Benign,Benign,0.0022337033879011
Benign,Benign,0.0028742356225848
Benign,Benign,0.0009435926913283764
Benign,Benign,0.00020385374955367297
Benign,Benign,0.0007459020707756281
Benign,Benign,0.0024006846360862
Benign,Benign,0.0022130936849862
Benign,Benign,0.0012040260480716
Benign,Benign,0.000772235740441829
Benign,Benign,0.0002721439814195037
Benign,Benign,0.0012932331301271
Benign,Benign,4.2785643017850816e-05
Benign,Benign,0.0013871665578335
Benign,Benign,0.0018824662547558
Benign,Benign,0.0011781438952311
Benign,Benign,0.0011705177603289
Benign,Benign,0.0015032908413559
Benign,Benign,0.0006282182293944061
Benign,Benign,0.0021629661787301
Benign,Benign,0.0003289748274255544
Benign,Benign,0.0002035581273958087
Benign,Benign,0.0033373478800058
Benign,Benign,0.0014324696967378
Benign,Benign,0.0080848345533013
Benign,Benign,0.0719048380851745
Benign,Benign,0.0158526953309774
Benign,Benign,0.0035985163412988
Benign,Benign,0.002168271690607
Benign,Benign,0.0008328821859322488
Benign,Benign,9.213957127940375e-06
Benign,Benign,0.00023559786495752635
Benign,Benign,0.0019004623172804
Benign,Benign,0.0168104544281959
Benign,Benign,0.0007481541833840311
Benign,Benign,0.0034741456620395
Benign,Benign,0.0014546735910698
Benign,Benign,5.9578451327979565e-05
Benign,Benign,0.0005096347886137664
Benign,Benign,0.0760952606797218
Benign,Benign,0.0727194100618362
Benign,Benign,0.0005175580154173076
Benign,Benign,0.0032451213337481
Benign,Benign,1.4745562111784238e-05
Benign,Benign,0.002401300240308
Benign,Benign,0.0005289402324706316
Benign,Benign,0.001164419692941
Benign,Benign,0.0005356927285902202
Benign,Benign,0.0029820704367011
Benign,Benign,0.0003269403241574764
Benign,Benign,0.0007024571532383561
Benign,Benign,0.0003841735888272524
Benign,Benign,0.0001788404624676332
Benign,Benign,0.0028105888050049
Benign,Benign,0.0035751604009419
Benign,Benign,0.0006211598520167172
Benign,Benign,0.0034900961909443
Benign,Benign,0.0028332921210676
Benign,Benign,0.0003396079409867525
Benign,Benign,0.0003320656542200595
Benign,Benign,0.0021157800219953
Benign,Benign,0.0027890030760318
Benign,Benign,0.0068952548317611
Benign,Benign,0.0059448974207043
Benign,Benign,0.0004304212343413383
Benign,Benign,0.0004356650169938802
Benign,Benign,2.4913122615544125e-05
Benign,Benign,0.00048620073357596993
Benign,Benign,0.00028451441903598607
Benign,Benign,0.0004184243734925985
Benign,Benign,0.0025240136310458
Benign,Benign,0.0010737844277173
Benign,Benign,0.00043263248517178
Benign,Benign,0.0047630053013563
Benign,Benign,0.0006174077279865742
Benign,Benign,0.0003231926530133933
Benign,Benign,0.0366331823170185
Benign,Benign,0.00020783889340236783
Benign,Benign,0.0013301685685291
Benign,Benign,0.000235590006923303
Benign,Benign,0.0002737553440965712
Benign,Benign,0.0005062939017079771
Benign,Benign,0.0006214449531398714
Benign,Benign,0.0358435995876789
Benign,Benign,0.0169846881181001
Benign,Benign,0.00015718066424597055
Benign,Benign,0.0087219569832086
Benign,Benign,0.0001026911922963336
Benign,Benign,0.0073304707184433
Benign,Benign,0.0037398857530206
Benign,Benign,0.00024106357886921612
Benign,Benign,0.1564704775810241
Benign,Benign,0.0035989163443446
Benign,Benign,0.0023982774000614
Benign,Benign,0.0004157136427238584
Benign,Benign,8.177805284503847e-05
Benign,Benign,0.0033523410093039
Benign,Benign,0.0004105433472432196
Benign,Benign,5.488649549079128e-05
Benign,Benign,0.0023921041283756
Benign,Benign,0.0004893973818980157
Benign,Benign,0.0032967578154057
Benign,Benign,0.0006669472786597908
Benign,Benign,0.0002755947643890977
Benign,Benign,1.585132849868387e-05
Benign,Benign,0.0030711332801729
Benign,Benign,0.0021255468018352
Benign,Benign,0.050384696573019
Benign,Benign,0.00028092251159250736
Benign,Benign,0.0025255109649151
Benign,Benign,0.0034032186958938
Benign,Benign,0.000813442631624639
Benign,Benign,0.0003185946261510253
Benign,Benign,0.0002196876157540828
Benign,Benign,0.0003428976924624294
Benign,Benign,0.0009572519920766354
Benign,Benign,0.0011415389599278
Benign,Benign,0.0009444476454518736
Benign,Benign,6.010929791955277e-05
Benign,Benign,0.002189053222537
Benign,Benign,0.0322072878479957
Benign,Benign,0.0104193510487675
Benign,Benign,0.0920603349804878
Benign,Benign,0.0006678142235614359
Benign,Benign,0.0004966836422681808
Benign,Benign,0.0006513833650387824
Benign,Benign,0.0009255546610802412
Benign,Benign,0.0011937114177271
Benign,Benign,0.0121418610215187
Benign,Benign,0.0010071275755763
Benign,Benign,0.0084912469610571
Benign,Benign,0.0021208338439464
Benign,Benign,0.049103494733572
Benign,Benign,0.0076748179271817
Benign,Benign,0.0291622150689363
Benign,Benign,0.000973171496298164
Benign,Benign,8.838741632644087e-05
Benign,Benign,5.327070539351553e-05
Benign,Benign,0.0045260121114552
Benign,Benign,0.0047818054445087
Benign,Benign,0.0011473638005554
Benign,Benign,0.0103481458500027
Benign,Benign,0.1230327785015106
Benign,Benign,0.0086924629285931
Benign,Benign,0.0001945297117345035
Benign,Benign,0.0007925705285742879
Benign,Benign,0.0014701097970828
Benign,Benign,0.0008778541814535856
Benign,Benign,0.0003691355814225972
Benign,Benign,9.560927719576284e-05
Benign,Benign,0.0042671826668083
Benign,Benign,0.0089531438425183
Benign,Benign,0.0005761922802776098
Benign,Benign,0.0075676585547626
Benign,Benign,0.0004203611752018333
Benign,Benign,0.00029486912535503507
Benign,Benign,0.00042799703078344464
Benign,Benign,0.000551189761608839
Benign,Benign,0.0010009000543504
Benign,Benign,0.0029380652122199
Benign,Benign,0.0308860801160335
Benign,Benign,0.0005962631548754871
Benign,Benign,0.0002847893338184804
Benign,Benign,0.127591073513031
Benign,Benign,0.000913282623514533
Benign,Benign,0.011708216741681
Benign,Benign,0.0011540304403752
Benign,Benign,0.0004329491639509797
Benign,Benign,0.0049078036099672
Benign,Benign,0.0004967747954651713
Benign,Benign,0.00011457118671387434
Benign,Benign,0.0002961950667668134
Benign,Benign,0.0003566410159692168
Benign,Benign,0.0012392334174364
Benign,Benign,0.0036769837606698
Benign,Benign,0.0139583153650164
Benign,Benign,0.0005352175212465227
Benign,Benign,8.980745042208582e-05
Benign,Benign,0.00037329812766984105
Benign,Benign,0.0114983348175883
Benign,Benign,0.0209711231291294
Benign,Benign,4.309551150072366e-05
Benign,Benign,0.0003848790656775236
Benign,Benign,0.004037007689476
Benign,Benign,0.0104351993650197
Benign,Benign,3.2866500987438485e-05
Benign,Benign,0.0036373396869748
Benign,Benign,0.1419826447963714
Benign,Benign,0.0569085702300071
Benign,Benign,0.0002418515941826627
Benign,Benign,0.0004764713812619448
Benign,Benign,3.721533721545711e-05
Benign,Benign,0.00010902834765147418
Benign,Benign,0.0003828013723250479
Benign,Benign,0.00014310026017483324
Benign,Benign,0.0009739277884364128
Benign,Benign,0.0008204189944081008
Benign,Benign,0.0014235345879569
Benign,Benign,0.0017766916425898
Benign,Benign,0.00044092474854551256
Benign,Benign,0.00031913575367070735
Benign,Benign,0.0086570102721452
Benign,Benign,4.2404793930472806e-05
Benign,Benign,0.0016211863839998
Benign,Benign,0.0065071177668869
Benign,Benign,0.0035221008583903
Benign,Benign,0.00015546503709629178
Benign,Benign,0.0046406676992774
Benign,Benign,0.0025739255361258
Benign,Benign,0.0037533217109739
Benign,Benign,0.0001294860412599519
Benign,Benign,0.140854462981224
Benign,Benign,0.0006949856760911644
Benign,Benign,0.0011308059329167
Benign,Benign,0.0001875629968708381
Benign,Benign,0.0005210891249589622
Benign,Benign,0.002060892060399
Benign,Benign,6.560837937286124e-05
Benign,Benign,0.0038231851067394
Benign,Benign,0.000903879525139928
Benign,Benign,0.0030952827073633
Benign,Benign,0.0021653498988598
Benign,Benign,0.0007011269335635006
Benign,Benign,0.0044338917359709
Benign,Benign,0.0227526277303695
Benign,Benign,0.0009495793492533268
Benign,Benign,0.2162734717130661
Benign,Benign,0.0018861844437196
Benign,Benign,0.0007791823009029031
Benign,Benign,0.0013146782293915
Benign,Benign,0.001588522340171
Benign,Benign,0.0030836628284305
Benign,Benign,0.0050274501554667
Benign,Benign,0.0014451512834057
Benign,Benign,0.0025628546718508
Benign,Benign,0.0076225083321332
Benign,Benign,0.0013071893481537
Benign,Benign,0.0239789187908172
Benign,Benign,0.0015428249025717
Benign,Benign,0.0002218402805738151
Benign,Benign,0.0020237262360751
Benign,Benign,0.0017038730438798
Benign,Benign,0.003579540643841
Benign,Benign,0.0056885038502514
Benign,Benign,0.0004379253077786416
Benign,Benign,0.0007385619101114571
Benign,Benign,0.0044920677319169
Benign,Benign,0.0004464942612685263
Benign,Benign,0.0753032565116882
Benign,Benign,0.0003989998367615044
Benign,Benign,0.00019442196935415268
Benign,Benign,0.0001250339555554092
Benign,Benign,0.0022678487002849
Benign,Benign,0.000172351035871543
Benign,Benign,0.00011692926636897027
Benign,Benign,2.9737075237790123e-05
Benign,Benign,0.0029907522257417
Benign,Benign,0.0035556347575038
Benign,Benign,0.0017612215597182
Benign,Benign,0.0080751851201057
Benign,Benign,0.0058573917485773
Benign,Benign,0.0038630922790616
Benign,Benign,0.0012335941428318
Benign,Benign,0.0007770482916384935
Benign,Benign,0.0179631393402814
Benign,Benign,8.184733451344073e-05
Benign,Benign,0.0003907241625711322
Benign,Benign,0.0096724219620227
Benign,Benign,0.0061844415031373
Benign,Benign,0.0069299563765525
Benign,Benign,0.00022369260841514915
Benign,Benign,0.00035209438647143543
Benign,Benign,0.0016001528128981
Benign,Benign,0.000336142024025321
Benign,Benign,0.0004584601556416601
Benign,Benign,0.0015693742316216
Benign,Benign,0.0010647049639374
Benign,Benign,0.00037255208007991314
Benign,Benign,0.0065741976723074
Benign,Benign,0.0023140138946473
Benign,Benign,0.00047039557830430567
Benign,Benign,0.0017091768095269
Benign,Benign,0.0005628048675134778
Benign,Benign,0.00010320136789232492
Benign,Benign,6.263459363253787e-05
Benign,Benign,0.0018334690248593
Benign,Benign,0.0016112860757857
Benign,Benign,0.0012584044598042
Benign,Benign,0.0015627986285835
Benign,Benign,0.0032570685725659
Benign,Benign,0.0250366739928722
Benign,Benign,0.00011124127922812475
Benign,Benign,6.112783012213185e-05
Benign,Benign,0.00027200079057365656
Benign,Benign,0.0003041782765649259
Benign,Benign,0.0029928786680102
Benign,Benign,0.0008687401423230767
Benign,Benign,0.0255886018276214
Benign,Benign,0.0016991281881928
Benign,Benign,0.0108564030379056
Benign,Benign,0.0031477008014917
Benign,Benign,0.0025720689445734
Benign,Benign,6.53837196296081e-05
Benign,Benign,0.0072555891238152
Benign,Benign,0.00017983840371016413
Benign,Benign,0.0394960939884185
Benign,Benign,0.0008785842801444232
Benign,Benign,0.0006360838888213038
Benign,Benign,0.0212425887584686
Benign,Benign,0.0029051171150058
Benign,Benign,0.0048477784730494
Benign,Benign,0.0089737679809331
Benign,Benign,9.190568380290642e-05
Benign,Benign,0.00032112779445014894
Benign,Benign,0.00016317707195412368
Benign,Benign,0.0001893949665827677
Benign,Benign,0.00023890406009741127
Benign,Benign,8.302031346829608e-05
Benign,Benign,0.0043594068847596
Benign,Benign,0.0181296560913324
Benign,Benign,0.0005156676052138209
Benign,Benign,0.0004180910182185471
Benign,Benign,0.06307303160429
Benign,Benign,0.0018272444140166
Benign,Benign,0.0001022977157845162
Benign,Benign,0.0006530716200359166
Benign,Benign,0.0239776372909545
Benign,Benign,0.0007996918284334242
Benign,Benign,0.0011683005141094
Benign,Benign,0.0035423133522272
Benign,Benign,0.0004684202722273767
Benign,Benign,0.0041105365380644
Benign,Benign,0.00033321554656140506
Benign,Benign,0.0028322776779532
Benign,Benign,0.0007189366733655334
Benign,Benign,0.00044618453830480576
Benign,Benign,0.0003950545506086201
Benign,Benign,0.00040313071804121137
Benign,Benign,0.000531894329469651
Benign,Benign,0.0035138868261128
Benign,Benign,0.00016107574629131705
Benign,Benign,0.044083759188652
Benign,Benign,0.0005306137027218938
Benign,Benign,0.0007842342602089047
Benign,Benign,0.0087206792086362
Benign,Benign,0.0441470369696617
Benign,Benign,0.0073587447404861
Benign,Benign,0.0028253279160708
Benign,Benign,0.0037081653717905
Benign,Benign,0.0008815372711978853
Benign,Benign,0.0054526459425687
Benign,Benign,0.0024170165415853
Benign,Benign,0.0029954409692436
Benign,Benign,1.432446515536867e-05
Benign,Benign,0.0010782562894746
Benign,Benign,0.0021756989881396
Benign,Benign,8.175201219273731e-05
Benign,Benign,0.0024669782724231
Benign,Benign,0.0035183124709874
Benign,Benign,0.002913367934525
Benign,Benign,0.00017560954438522458
Benign,Benign,2.523054354242049e-05
Benign,Benign,0.0004234471416566521
Benign,Benign,0.0187431704252958
Benign,Benign,0.0011883524712175
Benign,Benign,0.0016049607656896
Benign,Benign,0.0360106974840164
Benign,Benign,0.0383510589599609
Benign,Benign,4.730433283839375e-05
Benign,Benign,0.0007628891034983099
Benign,Benign,0.00029831062420271337
Benign,Benign,0.0011672232067212
Benign,Benign,0.0084828529506921
Benign,Benign,0.0082727642729878
Benign,Benign,0.000549160351511091
Benign,Benign,0.00017354496230836958
Benign,Benign,0.0029910309240221
Benign,Benign,0.0011090676998719
Benign,Benign,0.00014131430361885575
Benign,Benign,0.00021570596436504277
Benign,Benign,0.0261216908693313
Benign,Benign,0.0005439830129034817
Benign,Malicious,0.2901189625263214
Benign,Benign,0.00019775873806793243
Benign,Benign,0.0210885014384984
Benign,Benign,0.000406813487643376
Benign,Benign,0.0022215258795768
Benign,Benign,0.0276272613555192
Benign,Benign,0.0253240372985601
Benign,Benign,0.0003202399529982358
Benign,Benign,2.5576171537977643e-05
Benign,Benign,0.0006812019855715334
Benign,Benign,0.0021864282898604
Benign,Benign,0.0010115302866324
Benign,Benign,0.0013519085478037
Benign,Benign,0.0002630268281791359
Benign,Benign,0.0151753248646855
Benign,Benign,0.0159693397581577
Benign,Benign,0.0017499410314485
Benign,Benign,0.0291493199765682
Benign,Benign,0.0004933627205900848
Benign,Benign,0.003361964598298
Benign,Benign,0.0005296801100485027
Benign,Benign,4.136812640354037e-05
Benign,Benign,0.0008614783291704953
Benign,Benign,0.0002238046145066619
Benign,Benign,0.0401257425546646
Benign,Benign,0.0004423799691721797
Benign,Benign,9.271092130802572e-05
Benign,Benign,0.0022528222762048
Benign,Benign,0.0014650367666035
Benign,Benign,0.0039083785377442
Benign,Benign,0.0005558072589337826
Benign,Benign,0.0177154429256916
Benign,Benign,0.00017677513824310154
Benign,Benign,0.00024213077267631888
Benign,Benign,0.00031738166580908
Benign,Benign,0.0188989881426095
Benign,Benign,0.0102318990975618
Benign,Benign,2.6221156076644547e-05
Benign,Benign,0.0009937206050381064
Benign,Benign,0.0013669221661984
Benign,Benign,0.0450926609337329
Benign,Benign,0.00029320368776097894
Benign,Benign,0.0002516726963222027
Benign,Benign,0.0013879515463486
Benign,Benign,0.0019949954003095
Benign,Benign,0.0030432164203375
Benign,Benign,0.0014019608497619
Benign,Benign,0.0007165225106291473
Benign,Benign,0.0010777818970382
Benign,Benign,0.00017492887855041772
Benign,Benign,4.036031168652698e-05
Benign,Benign,0.001452604890801
Benign,Benign,0.000608521222602576
Benign,Benign,0.0173221342265605
Benign,Benign,0.0001652794744586572
Benign,Benign,0.0044042384251952
Benign,Benign,0.0019887299276888
Benign,Benign,5.564360253629275e-05
Benign,Benign,8.773712033871561e-05
Benign,Benign,0.00012382821296341717
Benign,Benign,0.0007595088100060821
Benign,Benign,0.0005694778519682586
Benign,Benign,0.0048829349689185
Benign,Benign,0.0080465581268072
Benign,Benign,0.00031645892886444926
Benign,Benign,0.0011732974089682
Benign,Benign,0.0014387249248102
Benign,Benign,0.0007269314373843372
Benign,Benign,0.0015925704501569
Benign,Benign,0.0005940021947026253
Benign,Benign,0.0047634756192564
Benign,Benign,0.0013331078225746
Benign,Benign,0.0006198407500050962
Benign,Benign,0.0023908165749162
Benign,Benign,0.0005920612020418048
Benign,Benign,0.0023946478031575
Benign,Benign,0.0300754774361848
Benign,Benign,0.002777429530397
Benign,Benign,0.00031714182114228606
Benign,Benign,0.0252001341432333
Benign,Benign,0.0057634562253952
Benign,Benign,0.0127139780670404
Benign,Benign,0.0026954072527587
Benign,Benign,0.0022649157326668
Benign,Benign,0.0031986054964363
Benign,Benign,0.0092637632042169
Benign,Benign,0.0190089512616395
Benign,Benign,0.0002964971063192934
Benign,Benign,0.0029860639479011
Benign,Benign,0.0035044625401496
Benign,Benign,0.014784088358283
Benign,Benign,0.002066700020805
Benign,Benign,0.0035109508316963
Benign,Benign,0.0145818376913666
Benign,Malicious,0.2583484351634979
Benign,Benign,9.500481246504933e-05
Benign,Benign,0.0010548206046223
Benign,Benign,0.0015278639039024
Benign,Benign,0.0014669626252725
Benign,Benign,0.0004474887973628938
Benign,Benign,0.00044795783469453454
Benign,Benign,0.0002403188991593197
Benign,Benign,0.00026344144134782255
Benign,Benign,0.001072451355867
Benign,Benign,0.0041752476245164
Benign,Benign,0.0006761933327652514
Benign,Benign,0.0002699294127523899
Benign,Benign,0.0018832630012184
Benign,Benign,0.0020013465546071
Benign,Benign,2.523054354242049e-05
Benign,Benign,0.0326993651688098
Benign,Benign,0.0002618440776132047
Benign,Benign,0.0029658912681043
Benign,Benign,0.0021676754113286
Benign,Benign,0.0007032803841866553
Benign,Benign,0.0026897527277469
Benign,Benign,7.009012188063934e-05
Benign,Benign,0.0162898488342762
Benign,Benign,0.00046959627070464194
Benign,Benign,0.0445124730467796
Benign,Benign,0.0003858853306155652
Benign,Benign,0.0010522196535021
Benign,Benign,0.006075233221054
Benign,Benign,0.0010681764688342
Benign,Benign,0.0269956272095441
Benign,Benign,0.00025846040807664394
Benign,Benign,0.0064236395992338
Benign,Benign,0.0012417210964486
Benign,Benign,0.0063141523860394
Benign,Benign,0.0066894027404487
Benign,Benign,0.0009682775707915424
Benign,Benign,0.0033330966252833
Benign,Benign,0.0007093302556313574
Benign,Benign,0.0019091262947767
Benign,Benign,0.0023610587231814
Benign,Benign,0.001787757850252
Benign,Benign,0.0005332360160537064
Benign,Benign,0.0003661759837996215
Benign,Benign,0.0026051967870444
Benign,Benign,0.00018218949844595045
Benign,Benign,0.0020491760224103
Benign,Benign,1.3719874004891608e-05
Benign,Benign,0.0004778575093951076
Benign,Benign,0.0075713596306741
Benign,Benign,0.0015133424894884
Benign,Benign,0.0090083479881286
Benign,Benign,0.0036824659910053
Benign,Benign,0.003489757888019
Benign,Benign,0.0030315292533487
Benign,Benign,6.193469016579911e-05
Benign,Benign,0.0022061730269342
Benign,Benign,0.0090806726366281
Benign,Benign,0.0036115371622145
Benign,Benign,0.0041483230888843
Benign,Benign,0.0004155937640462071
Benign,Benign,5.231419345363975e-05
Benign,Benign,0.0527674667537212
Benign,Benign,0.0006130358669906855
Benign,Benign,0.0050598876550793
Benign,Benign,0.00073868507752195
Benign,Benign,0.00017462208052165806
Benign,Benign,0.005083933006972
Benign,Benign,0.0011877641081809
Benign,Benign,0.0007231764029711485
Benign,Benign,0.00044409302063286304
Benign,Benign,0.0022177430801093
Benign,Benign,0.0005362546653486788
Benign,Benign,0.0097135938704013
Benign,Benign,0.0002452403714414686
Benign,Benign,0.015571691095829
Benign,Benign,8.138269913615659e-05
Benign,Benign,0.0014043246628716
Benign,Benign,0.0090766232460737
Benign,Benign,0.0103367734700441
Benign,Benign,0.0009967334335669875
Benign,Benign,0.0056090946309268
Benign,Benign,0.0015744676347821
Benign,Benign,0.001474350108765
Benign,Benign,0.0642403662204742
Benign,Benign,0.0028435857966542
Benign,Benign,0.00039458804531022906
Benign,Benign,0.0002467665763106197
Benign,Benign,0.0003664489195216447
Benign,Benign,0.0023957232479006
Benign,Benign,0.0138633353635668
Benign,Benign,6.562527414644137e-05
Benign,Benign,0.0004884925438091159
Benign,Benign,0.0003529458190314472
Benign,Benign,0.0036266185343265
Benign,Benign,0.0174122005701065
Benign,Benign,0.0011323445942252
Benign,Benign,0.0005970695056021214
Benign,Benign,0.0020757161546498
Benign,Benign,3.205628308933228e-05
Benign,Benign,0.00032839292543940246
Benign,Benign,0.0037576125469058
Benign,Benign,2.363267049076967e-05
Benign,Benign,0.0063007036224007
Benign,Benign,0.0010750403162091
Benign,Benign,0.0011478360975161
Benign,Benign,0.0275117401033639
Benign,Benign,0.0196584183722734
Benign,Benign,0.0073676211759448
Benign,Benign,0.0265869423747062
Benign,Benign,0.0026122562121599
Benign,Benign,0.0005585731123574078
Benign,Benign,0.040731381624937
Benign,Benign,0.0037994589656591
Benign,Benign,0.00042945300810970366
Benign,Benign,0.0035013235174119
Benign,Benign,0.0006284344708546996
Benign,Benign,0.0004602299886755645
Benign,Benign,0.0013759197900071
Benign,Benign,0.0006090750102885067
Benign,Benign,0.000672146852593869
Benign,Benign,0.0012197910109534
Benign,Benign,0.0054293219000101
Benign,Benign,0.00012382821296341717
Benign,Benign,0.0008107105386443436
Benign,Benign,0.0761654525995254
Benign,Benign,0.0027620028704404
Benign,Benign,0.0001596218644408509
Benign,Benign,0.0151450028643012
Benign,Benign,0.0007197366212494671
Benign,Benign,0.0058687259443104
Benign,Benign,0.001047900528647
Benign,Benign,0.0083109783008694
Benign,Benign,0.0009361908887512982
Benign,Benign,0.00034293526550754905
Benign,Benign,0.0003428976924624294
Benign,Benign,0.0051248571835458
Benign,Benign,0.0013587336288765
Benign,Benign,0.000378299126168713
Benign,Benign,0.002817596308887
Benign,Benign,0.0019278628751635
Benign,Benign,0.0002649249800015241
Benign,Benign,0.0048531414940953
Benign,Benign,0.0005173843819648027
Benign,Benign,0.0028963470831513
Benign,Benign,0.0004828297242056578
Benign,Benign,0.0005989541532471776
Benign,Benign,0.00030563349719159305
Benign,Benign,0.0112284393981099
Benign,Benign,0.0009913070825859904
Benign,Benign,0.0095385098829865
Benign,Benign,0.0005280826007947326
Benign,Benign,0.00015077674470376223
Benign,Benign,0.0011082486016675
Benign,Benign,0.0005136949475854635
Benign,Benign,0.0009174266597256064
Benign,Benign,0.2151716500520706
Benign,Benign,0.0273435544222593
Benign,Benign,0.0017303019994869
Benign,Benign,0.0006871189689263701
Benign,Benign,0.0016895045991986
Benign,Benign,0.0023788365069776
Benign,Benign,0.0014324922813102
Benign,Benign,0.0002384396066190675
Benign,Benign,0.0002796169137582183
Benign,Benign,0.0003269194567110389
Benign,Benign,0.0021963531617075
Benign,Benign,0.0435297600924968
Benign,Benign,0.0004754829569719732
Benign,Benign,0.0009247524430975318
Benign,Benign,0.0008764538215473294
Benign,Benign,0.0009041198063641788
Benign,Benign,0.0001590967149240896
Benign,Benign,0.0021781888790428
Benign,Benign,0.0011410302249714
Benign,Benign,0.0681529715657234
Benign,Benign,0.0004148087173234672
Benign,Benign,0.0017458426300436
Benign,Benign,0.0007938773487694561
Benign,Malicious,0.2561133205890655
Benign,Benign,0.0305456183850765
Benign,Benign,0.0013342255260795
Benign,Benign,0.0049286619760096
Benign,Benign,8.431824971921742e-05
Benign,Benign,0.0003054225817322731
Benign,Benign,0.0020578387193381
Benign,Benign,0.0013435116270557
Benign,Benign,0.0004212810308672488
Benign,Benign,0.0008196630515158176
Benign,Benign,0.0004071164585184306
Benign,Benign,0.0005619568401016295
Benign,Benign,0.0014726760564371
Benign,Benign,0.0032120326068252
Benign,Benign,0.0143248056992888
Benign,Benign,0.0002771826693788171
Benign,Benign,0.0075259660370647
Benign,Benign,0.0016780172009021
Benign,Benign,0.0107604004442691
Benign,Benign,0.0003951530379708856
Benign,Benign,0.0108526041731238
Benign,Benign,6.435469549614936e-05
Benign,Benign,0.00031645892886444926
Benign,Benign,0.0006480819429270923
Benign,Benign,0.0019204845884814
Benign,Benign,0.0007315461989492178
Benign,Benign,0.002366785891354
Benign,Benign,0.00020448000577744097
Benign,Benign,0.0026427889242768
Benign,Benign,0.0123808225616812
Benign,Benign,0.0019560905639082
Benign,Benign,0.0006269290461204946
Benign,Benign,0.0014496233779937
Benign,Benign,0.0018229800043627
Benign,Benign,0.0077514061704277
Benign,Benign,0.0002852564502973109
Benign,Benign,0.0022774778772145
Benign,Benign,0.0007981345988810062
Benign,Benign,0.0038140807300806
Benign,Benign,0.0052132834680378
Benign,Benign,0.0002771826693788171
Benign,Benign,0.0011529460316523
Benign,Benign,0.0157748814672231
Benign,Benign,0.0002728912222664803
Benign,Benign,0.0201401375234127
Benign,Benign,0.00012382821296341717
Benign,Benign,0.0562235638499259
Benign,Benign,0.0034605937544256
Benign,Benign,0.0099139930680394
Benign,Benign,4.151601388002746e-05
Benign,Benign,0.0045465412549674
Benign,Benign,0.00027138067525811493
Benign,Benign,0.0002077632088912651
Benign,Benign,0.0002785570977721364
Benign,Benign,0.0669601336121559
Benign,Benign,0.0015265174442902
Benign,Benign,0.00013796580606140196
Benign,Benign,0.0014921544352546
Benign,Benign,0.00013968627899885178
Benign,Benign,0.0034794108942151
Benign,Benign,0.00034124671947211027
Benign,Benign,0.0004900990170426667
Benign,Benign,0.0072998227551579
Benign,Benign,0.0011946104932576
Benign,Benign,0.0014863010728731
Benign,Benign,0.0086794970557093
Benign,Benign,0.010588876903057
Benign,Benign,0.0008818077039904892
Benign,Benign,7.452829595422372e-05
Benign,Benign,0.0002516726963222027
Benign,Benign,0.0095347175374627
Benign,Benign,0.0004677021643146873
Benign,Benign,0.0132905542850494
Benign,Benign,0.0005790603463537991
Benign,Benign,0.0006576094310730696
Benign,Benign,0.0403965711593627
Benign,Benign,0.0039644557982683
Benign,Benign,0.0152493603527545
Benign,Benign,0.1377015560865402
Benign,Benign,0.0002278902829857543
Benign,Benign,0.00184438272845
Benign,Benign,0.000211581529583782
Benign,Benign,0.0064787049777805
Benign,Benign,0.0007533571915701032
Benign,Benign,0.00037449272349476814
Benign,Benign,0.00017262075562030077
Benign,Benign,0.0136399790644645
Benign,Benign,0.00012690234871115535
Benign,Benign,0.0003431668155826628
Benign,Benign,0.0023417985066771
Benign,Benign,0.0001890561397885904
Benign,Benign,0.0009094593115150928
Benign,Benign,0.0009145748917944728
Benign,Benign,0.0062609012238681
Benign,Benign,0.2193999290466308
Benign,Benign,0.00015703836106695235
Benign,Benign,0.000109840628283564
Benign,Benign,4.408169479575008e-05
Benign,Benign,0.000258451298577711
Benign,Benign,0.0026127891615033
Benign,Benign,0.0098357014358043
Benign,Benign,0.0482084974646568
Benign,Benign,0.0002693368587642908
Benign,Benign,0.0005890799220651388
Benign,Benign,0.0009277706849388778
Benign,Benign,0.001299622352235
Benign,Benign,0.0037531612906605
Benign,Benign,0.0009696175693534316
Benign,Benign,0.002959233475849
Benign,Benign,0.0073090200312435
Benign,Benign,0.0008317864849232137
Benign,Benign,0.0060699260793626
Benign,Benign,0.0065046208910644
Benign,Benign,0.0035880815703421
Benign,Benign,0.0007610479951836169
Benign,Benign,0.0001916049659484997
Benign,Benign,0.0033237955067306
Benign,Benign,0.0005585731123574078
Benign,Benign,0.00031207295251078904
Benign,Benign,0.0016868342645466
Benign,Benign,0.0012280687224119
Benign,Benign,0.0005458686500787735
Benign,Benign,0.0054355515167117
Benign,Benign,0.0004932703450322151
Benign,Benign,0.0031071719713509
Benign,Benign,0.00031207295251078904
Benign,Benign,0.0053586275316774
Benign,Benign,0.0061145606450736
Benign,Benign,0.004939688835293
Benign,Benign,0.00016474844596814364
Benign,Benign,0.0006741754477843642
Benign,Benign,0.0006060578161850572
Benign,Benign,0.0080699920654296
Benign,Benign,0.0005167143535800278
Benign,Benign,0.00018171379633713516
Benign,Benign,0.000258451298577711
Benign,Benign,0.0011816223850473
Benign,Benign,0.00033892999636009336
Benign,Benign,0.0004033848526887596
Benign,Benign,0.0017548273317515
Benign,Benign,0.0003584163205232471
Benign,Benign,0.00017817647312767804
Benign,Benign,0.0299675930291414
Benign,Benign,0.0067425235174596
Benign,Benign,0.0032234725076705
Benign,Benign,0.001671407255344
Benign,Benign,0.0015609211986884
Benign,Benign,0.0013875014847144
Benign,Benign,0.0013806814095005
Benign,Benign,0.0020754039287567
Benign,Benign,0.0051727686077356
Benign,Benign,0.0006931161624379456
Benign,Benign,0.0005569076165556908
Benign,Benign,0.00043099792674183846
Benign,Benign,0.0084734931588172
Benign,Benign,0.00022911337146069852
Benign,Benign,0.00047441248898394406
Benign,Benign,0.0092562083154916
Benign,Benign,0.004606656730175
Benign,Benign,0.0088533870875835
Benign,Benign,0.00393817294389
Benign,Benign,0.0008494742214679718
Benign,Benign,0.0004641174746211618
Benign,Benign,0.00017560954438522458
Benign,Benign,0.00029347019153647125
Benign,Benign,0.0169256124645471
Benign,Malicious,0.5917158722877502
Benign,Benign,0.0015288244467228
Benign,Benign,0.00028997001936659217
Benign,Malicious,0.6338446140289307
Benign,Benign,0.000940115365665406
Benign,Benign,0.0010800374438986
Benign,Benign,0.0229831505566835
Benign,Benign,0.0013417841400951
Benign,Benign,0.0013994650216773
Benign,Benign,0.0003045238554477692
Benign,Benign,0.000755645043682307
Benign,Benign,0.00010359279986005276
Benign,Benign,0.0005216887220740318
Benign,Benign,0.1052959859371185
Benign,Benign,0.0107068913057446
Benign,Benign,0.0002144235477317125
Benign,Benign,0.0263985991477966
Benign,Benign,0.0011156629770994
Benign,Benign,0.0003690592129714787
Benign,Benign,0.0060651805251836
Benign,Benign,0.0017885973211377
Benign,Benign,0.0014077404048293
Benign,Benign,0.00020239732111804187
Benign,Benign,0.000561400898732245
Benign,Benign,0.1418073624372482
Benign,Benign,0.0012469621142372
Benign,Benign,0.0445598438382148
Benign,Benign,0.0036885747686028
Benign,Benign,0.0016405368223786
Benign,Benign,0.0035767506342381
Benign,Benign,5.153825622983277e-05
Benign,Benign,0.0267520006746053
Benign,Benign,0.0016232451889663
Benign,Benign,0.00018629946862347424
Benign,Benign,3.845863830065355e-05
Benign,Benign,0.0051028649322688
Benign,Benign,0.0045771109871566
Benign,Benign,0.0008026088471524417
Benign,Benign,0.0072910413146018
Benign,Benign,0.0007075044559314847
Benign,Benign,0.0002516726963222027
Benign,Benign,0.00022265315055847168
Benign,Benign,0.0073568187654018
Benign,Benign,0.000999454059638083
Benign,Benign,0.00033705850364640355
Benign,Benign,0.0752753913402557
Benign,Benign,0.000979466363787651
Benign,Benign,0.0008500730618834496
Benign,Benign,0.0036578960716724
Benign,Benign,0.0026173037476837
Benign,Benign,0.0012537218863144
Benign,Benign,0.0028273747302591
Benign,Benign,0.00016809708904474974
Benign,Benign,0.002721288241446
Benign,Benign,0.0079258782789111
Benign,Benign,0.0333099141716957
Benign,Benign,0.0001193075513583608
Benign,Benign,0.00021469521743711084
Benign,Benign,0.0002511570928618312
Benign,Benign,0.0649464875459671
Benign,Benign,0.00021391220798250288
Benign,Benign,0.0010375594720244
Benign,Benign,0.0010152960894629
Benign,Benign,0.0031449042726308
Benign,Benign,0.0002771826693788171
Benign,Benign,0.0032686935737729
Benign,Benign,0.0004930627765133977
Benign,Benign,0.0155287906527519
Benign,Benign,0.0019688846077769
Benign,Benign,0.0012242181692272
Benign,Benign,0.0004056745383422822
Benign,Benign,3.742110857274383e-05
Benign,Benign,0.0004638775135390461
Benign,Benign,0.0012011228827759
Benign,Benign,0.0026921480894088
Benign,Benign,0.0006969021051190794
Benign,Benign,0.0070268847048282
Benign,Benign,0.0004220000992063433
Benign,Benign,0.0012483175378292
Benign,Benign,0.0005998241831548512
Benign,Benign,0.0005173168028704822
Benign,Benign,0.0024947572965174
Benign,Benign,0.00012764106213580817
Benign,Benign,0.0114591885358095
Benign,Benign,0.00045982786105014384
Benign,Benign,0.0004611506592482328
Benign,Benign,0.00033731566509231925
Benign,Benign,0.0001454507582820952
Benign,Benign,0.0003776179510168731
Benign,Benign,0.0004948536516167223
Benign,Benign,0.0012205993989482
Benign,Benign,0.0049356874078512
Benign,Benign,0.00094291236018762
Benign,Benign,0.0016022596973925
Benign,Benign,0.0006080770981498063
Benign,Benign,0.0003464416367933154
Benign,Benign,0.0018005077727138
Benign,Benign,0.0013309339992702
Benign,Benign,0.006178755313158
Benign,Benign,0.0078136371448636
Benign,Benign,0.0011073395144194
Benign,Benign,0.0080383950844407
Benign,Benign,0.0066333818249404
Benign,Benign,0.00011186377378180624
Benign,Benign,0.00010116225166711956
Benign,Benign,0.000839767511934042
Benign,Benign,0.0115948533639311
Benign,Benign,0.00028082047356292605
Benign,Benign,0.0001531587913632393
Benign,Benign,0.0002573045785538852
Benign,Benign,0.0007729520439170301
Benign,Benign,0.0001270601205760613
Benign,Benign,0.0059398100711405
Benign,Benign,0.00027677309117279947
Benign,Benign,0.0240901727229356
Benign,Benign,0.00031216908246278763
Benign,Benign,0.0014635663246735
Benign,Benign,0.0002345026732655242
Benign,Benign,0.0030975271947681
Benign,Benign,0.0009414029773324728
Benign,Benign,0.0019719339907169
Benign,Benign,0.0054057664237916
Benign,Benign,0.0001598805101821199
Benign,Benign,0.0014022446703165
Benign,Benign,0.0029733867850154
Benign,Benign,0.00010132521128980444
Benign,Benign,3.9965012547327206e-05
Benign,Benign,0.0022318453993648
Benign,Benign,0.0024853106588125
Benign,Benign,0.00035863847006112337
Benign,Benign,0.0005502052954398096
Benign,Benign,0.0173834171146154
Benign,Benign,0.0063353455625474
Benign,Benign,0.0034992543514817
Benign,Benign,0.0033602267503738
Benign,Benign,0.0469821654260158
Benign,Benign,0.0022265447769314
Benign,Benign,0.006245904136449
Benign,Benign,0.0022799703292548
Benign,Benign,0.00022420015011448413
Benign,Benign,0.000878223916515708
Benign,Benign,0.00243312260136
Benign,Benign,0.0008814814500510693
Benign,Benign,0.0003566410159692168
Benign,Benign,0.0007678992114961147
Benign,Benign,0.0019126485567539
Benign,Benign,0.0023501014802604
Benign,Benign,1.311472078668885e-05
Benign,Benign,0.0012733751209452
Benign,Benign,0.00036397241638042033
Benign,Benign,0.0027900747954845
Benign,Benign,0.0002863376575987786
Benign,Benign,0.0108165042474865
Benign,Benign,0.0007931481231935322
Benign,Benign,0.0091147655621171
Benign,Benign,0.0007733594975434244
Benign,Benign,0.00032646628096699715
Benign,Benign,0.0002395207848167047
Benign,Benign,0.0009877580450847745
Benign,Benign,0.00020820881763938812
Benign,Benign,0.0062029995024204
Benign,Benign,0.00018067940254695716
Benign,Benign,0.1354692280292511
Benign,Benign,0.000245187315158546
Benign,Benign,0.00033629301469773054
Benign,Benign,0.00048703726497478783
Benign,Benign,0.0025512678548693
Benign,Benign,0.004475213587284
Benign,Benign,0.007076462265104
Benign,Benign,0.00020006668637506664
Benign,Benign,0.0008788505801931024
Benign,Benign,0.00022426045325119048
Benign,Benign,0.0007361513562500477
Benign,Benign,0.015088110230863
Benign,Benign,0.0159512460231781
Benign,Benign,0.002208815421909
Benign,Benign,0.0004079723439645022
Benign,Benign,0.0003320656542200595
Benign,Benign,0.00035623801522888243
Benign,Benign,0.0052569485269486
Benign,Benign,0.00022917739988770336
Benign,Benign,0.0005426797433756292
Benign,Benign,0.00012687960406765342
Benign,Benign,0.1504681706428527
Benign,Benign,0.00011027669097529724
Benign,Benign,0.0015127136139199
Benign,Benign,0.00016293219232466072
Benign,Benign,0.0001493403105996549
Benign,Benign,0.0156733933836221
Benign,Benign,0.00016797531861811876
Benign,Benign,0.0095484890043735
Benign,Benign,0.0052825012244284
Benign,Malicious,0.2790773808956146
Benign,Benign,0.0204207971692085
Benign,Benign,0.0004595268692355603
Benign,Benign,0.0009601566707715392
Benign,Benign,0.0021790007594972
Benign,Benign,0.00032206447212956846
Benign,Benign,0.00014995031233411282
Benign,Benign,0.0010484377853572
Benign,Benign,0.0024757005739957
Benign,Benign,0.0026582311838865
Benign,Benign,0.0057438192889094
Benign,Benign,0.0093160094693303
Benign,Benign,0.0012152426643297
Benign,Benign,0.0017437554197385
Benign,Benign,0.0008854664629325271
Benign,Benign,0.00010308206401532516
Benign,Benign,0.0013683802681043
Benign,Benign,0.00017351617862004787
Benign,Benign,0.0107376594096422
Benign,Benign,0.0006416126270778477
Benign,Benign,0.0013164016418159
Benign,Benign,0.0168980788439512
Benign,Benign,0.0300701782107353
Benign,Benign,0.0055043594911694
Benign,Benign,0.0014605137985199
Benign,Benign,0.0005970829515717924
Benign,Benign,7.296655530808493e-05
Benign,Benign,0.00040737888775765896
Benign,Benign,0.0017810515128076
Benign,Benign,0.0010595098137855
Benign,Benign,5.3371793910628185e-05
Benign,Benign,0.002232848200947
Benign,Benign,0.0459615141153335
Benign,Benign,0.0002197975991293788
Benign,Benign,0.0013495730236172
Benign,Benign,0.0003472901589702815
Benign,Benign,0.00031441188184544444
Benign,Benign,0.0017291121184825
Benign,Benign,0.0018321980023756
Benign,Benign,0.0018836429808288
Benign,Benign,0.0011034659110009
Benign,Benign,0.0004895896418020129
Benign,Benign,0.0235334485769271
Benign,Benign,0.0001044665477820672
Benign,Benign,0.0034857140854001
Benign,Benign,0.0007376685971394181
Benign,Benign,0.0051618702709674
Benign,Benign,0.00011931676999665795
Benign,Benign,3.2087940780911595e-05
Benign,Benign,0.0040002991445362
Benign,Benign,0.0198687817901372
Benign,Benign,0.0442330576479435
Benign,Benign,0.000519214547239244
Benign,Benign,0.0052366601303219
Benign,Benign,0.00035082516842521727
Benign,Benign,0.001330793951638
Benign,Benign,3.322892735013738e-05
Benign,Benign,0.0002214235573774204
Benign,Benign,0.1083573549985885
Benign,Benign,0.0019115245668217
Benign,Benign,0.0004757688438985497
Benign,Benign,0.00013223703717812896
Benign,Benign,0.0023914682678878
Benign,Benign,0.0001145994829130359
Benign,Benign,0.00023599356063641608
Benign,Benign,0.0037575999740511
Benign,Benign,0.0082056522369384
Benign,Benign,0.0009861045982688663
Benign,Benign,0.0001953320752363652
Benign,Benign,0.0003740419342648238
Benign,Benign,0.0082778390496969
Benign,Benign,0.0115103842690587
Benign,Benign,0.0132759306579828
Benign,Benign,0.0091308774426579
Benign,Benign,0.073075458407402
Benign,Benign,0.001101806294173
Benign,Benign,0.0011283954372629
Benign,Benign,0.0109483618289232
Benign,Benign,0.00018939100846182555
Benign,Benign,0.0089775137603282
Benign,Benign,0.0003126739466097206
Benign,Benign,0.0080771064385771
Benign,Benign,0.00012382821296341717
Benign,Benign,0.0204966813325881
Benign,Benign,0.0022001257166266
Benign,Benign,0.00022912780696060508
Benign,Benign,0.00017729100363794714
Benign,Benign,0.0038240132853388
Benign,Benign,0.0003989998367615044
Benign,Benign,0.0007473998120985925
Benign,Benign,0.0001747085043461993
Benign,Benign,0.0003428827913012356
Benign,Benign,0.0016756455879658
Benign,Benign,0.001318254857324
Benign,Benign,0.0010224008001387
Benign,Benign,0.2093131095170974
Benign,Benign,0.0433986373245716
Benign,Benign,0.0024194701109081
Benign,Benign,0.0016036288579925
Benign,Benign,0.0012236195616424
Benign,Benign,0.0012893705861642
Benign,Benign,0.0009172518621198832
Benign,Benign,0.0062264772132039
Benign,Benign,0.001156473532319
Benign,Benign,0.0008557758410461247
Benign,Benign,0.0005797158228233457
Benign,Benign,0.0008722303900867701
Benign,Benign,0.0165872108191251
Benign,Benign,0.0007144551491364837
Benign,Benign,0.0007543485262431204
Benign,Benign,0.0026976319495588
Benign,Benign,0.087520532310009
Benign,Benign,0.0009448621422052385
Benign,Benign,0.0154406372457742
Benign,Benign,0.0029972528573125
Benign,Benign,0.0746140778064727
Benign,Benign,0.0006107250228524208
Benign,Benign,0.0240449011325836
Benign,Benign,0.00553296552971
Benign,Benign,0.0004910249263048172
Benign,Benign,0.0011384207755327
Benign,Benign,0.0002081665297737345
Benign,Benign,0.0004818237503059208
Benign,Benign,0.0003529458190314472
Benign,Benign,0.0004157639923505485
Benign,Benign,0.0046832249499857
Benign,Benign,0.0003272665198892355
Benign,Benign,0.0005512512288987637
Benign,Benign,0.0025541842915117
Benign,Benign,0.0443951375782489
Benign,Benign,0.0002310760028194636
Benign,Benign,0.00074533506995067
Benign,Benign,0.0172341261059045
Benign,Benign,0.000880551291629672
Benign,Benign,0.0004351907991804183
Benign,Benign,0.0043789572082459
Benign,Benign,0.0012679706560447
Benign,Benign,0.0010348156793043
Benign,Benign,0.0047647189348936
Benign,Benign,0.0034886207431554
Benign,Benign,6.12818548688665e-05
Benign,Benign,0.0009026251500472426
Benign,Benign,0.0027394080534577
Benign,Benign,0.0013700023991987
Benign,Benign,0.0001493773452239111
Benign,Benign,0.0013660573167726
Benign,Benign,0.0019313056254759
Benign,Benign,0.00309464847669
Benign,Benign,0.0027658552862703
Benign,Benign,0.0038239569403231
Benign,Benign,0.0005329734995029867
Benign,Benign,0.001506406115368
Benign,Benign,0.0009811344789341092
Benign,Benign,0.0014457219513133
Benign,Benign,0.0027292091399431
Benign,Benign,0.0073818354867398
Benign,Benign,0.0022386622149497
Benign,Benign,0.0002432379696983844
Benign,Benign,0.0005434979102574289
Benign,Benign,0.0009292516624554992
Benign,Benign,0.0017385149840265
Benign,Benign,0.0127866966649889
Benign,Benign,0.0565399937331676
Benign,Benign,0.00040680787060409773
Benign,Benign,0.0011019711382687
Benign,Benign,9.524456254439428e-05
Benign,Benign,0.0014973111683502
Benign,Benign,0.0009491877281107008
Benign,Benign,0.0021487264893949
Benign,Benign,0.0868805646896362
Benign,Benign,0.0027435878291726
Benign,Benign,0.0003325481666252017
Benign,Benign,0.0006983970524743199
Benign,Benign,0.0006345341098494828
Benign,Benign,0.0002349103888263926
Benign,Benign,5.587405394180678e-05
Benign,Benign,0.00033918730332516134
Benign,Benign,0.00016798893921077251
Benign,Benign,0.000653067952953279
Benign,Benign,0.00015446660108864307
Benign,Benign,0.0005867472500540316
Benign,Benign,0.00012124462955398484
Benign,Benign,0.0141044203191995
Benign,Benign,0.0024002380669116
Benign,Malicious,0.310477614402771
Benign,Benign,0.001309419167228
Benign,Benign,0.00033583067124709487
Benign,Benign,0.0218064840883016
Benign,Benign,0.0036848615854978
Benign,Benign,0.0006912042153999209
Benign,Benign,0.00026037180214189
Benign,Benign,0.0026674680411815
Benign,Benign,0.0006371457129716873
Benign,Benign,0.00034821598092094064
Benign,Benign,0.0013364135520532
Benign,Benign,0.000258451298577711
Benign,Benign,0.00016027785022743046
Benign,Benign,0.00022911337146069852
Benign,Benign,0.0144472010433673
Benign,Benign,3.8593989302171394e-05
Benign,Benign,0.00043388971243985
Benign,Benign,0.0005237567238509655
Benign,Benign,0.000753081520088017
Benign,Benign,0.002326374175027
Benign,Benign,0.0067691514268517
Benign,Benign,0.0023120883852243
Benign,Benign,0.0171316247433424
Benign,Benign,0.0063440985977649
Benign,Benign,0.00047607094165869057
Benign,Benign,0.1254516690969467
Benign,Benign,0.0026510339230298
Benign,Benign,0.0007172035984694958
Benign,Benign,0.0011896543437615
Benign,Benign,0.0007285490864887834
Benign,Benign,0.0189146120101213
Benign,Benign,0.0004143567639403045
Benign,Benign,0.0025936213787645
Benign,Benign,0.0173148550093173
Benign,Benign,0.0045342543162405
Benign,Benign,0.0138116320595145
Benign,Benign,0.0017110295593738
Benign,Benign,0.000258591549936682
Benign,Benign,0.0111831650137901
Benign,Benign,0.0009417511173523962
Benign,Benign,0.0066969860345125
Benign,Benign,0.00013259093975648284
Benign,Benign,0.0071128937415778
Benign,Benign,0.0013193909544497
Benign,Benign,0.0002214224950876087
Benign,Benign,0.0004665497690439224
Benign,Benign,0.0006227428093552589
Benign,Benign,0.1013277545571327
Benign,Benign,0.0027872489299625
Benign,Benign,0.00017753509746398777
Benign,Benign,0.0046857660636305
Benign,Benign,0.0004539468791335821
Benign,Benign,0.0036639731843024
Benign,Benign,7.932186417747289e-05
Benign,Benign,0.0015434713568538
Benign,Benign,0.0004931720905005932
Benign,Benign,0.0349524058401584
Benign,Benign,0.0021443285513669
Benign,Benign,7.500942592741922e-05
Benign,Benign,0.0109993433579802
Benign,Benign,0.0081839179620146
Benign,Benign,0.0002268042735522613
Benign,Benign,8.83684479049407e-05
Benign,Benign,0.0007166567374952137
Benign,Benign,0.0134821766987442
Benign,Benign,0.0005585731123574078
Benign,Benign,0.0016042992938309
Benign,Benign,0.0502473376691341
Benign,Benign,0.0016360522713512
Benign,Benign,0.0002008352166740224
Benign,Benign,0.0004602299886755645
Benign,Benign,0.00014573606313206255
Benign,Benign,2.059969665424433e-05
Benign,Benign,0.0002749551786109805
Benign,Benign,0.00027231397689320147
Benign,Benign,0.0001761037128744647
Benign,Benign,2.6803894797922112e-05
Benign,Benign,0.00037155539030209184
Benign,Benign,0.00034105274244211614
Benign,Benign,0.0005554839153774083
Benign,Benign,0.0178942270576953
Benign,Benign,0.00029126674053259194
Benign,Benign,0.0050660781562328
Benign,Benign,0.0006091049290262163
Benign,Benign,0.0007406820659525692
Benign,Benign,0.0017614412354305
Benign,Benign,0.0007938773487694561
Benign,Benign,0.0013912533177062
Benign,Benign,0.0002391552261542529
Benign,Benign,0.0012128807138651
Benign,Benign,0.00016618624795228243
Benign,Benign,6.090149327064864e-05
Benign,Benign,0.001250305911526
Benign,Benign,7.90956401033327e-05
Benign,Benign,0.0016419041203334
Benign,Benign,0.0133881624788045
Benign,Benign,0.0003123128553852439
Benign,Benign,0.00098579830955714
Benign,Benign,0.0010180736426264
Benign,Benign,0.0003931580577045679
Benign,Benign,0.0084588220342993
Benign,Benign,0.0003481560561340302
Benign,Benign,0.0018704560352489
Benign,Benign,0.0006387906614691019
Benign,Benign,0.0002851947210729122
Benign,Benign,0.0009223066736012696
Benign,Benign,0.0020022438839077
Benign,Benign,0.000818365893792361
Benign,Benign,0.0001467837137170136
Benign,Benign,0.0011412253370508
Benign,Benign,0.0009959465824067593
Benign,Benign,0.0054099317640066
Benign,Benign,0.0172165762633085
Benign,Benign,0.0126495687291026
Benign,Benign,0.0081984186545014
Benign,Benign,0.0352865979075431
Benign,Benign,0.021915690973401
Benign,Benign,0.0130413165315985
Benign,Benign,0.0004602299886755645
Benign,Benign,0.00035783505882136524
Benign,Benign,0.0011271912371739
Benign,Benign,0.0018295637564733
Benign,Benign,0.0014979136176407
Benign,Benign,0.0008615628466941416
Benign,Benign,0.00014556940004695207
Benign,Benign,0.0008946028538048267
Benign,Benign,0.0016760684084147
Benign,Benign,0.0099204303696751
Benign,Benign,0.0246312674134969
Benign,Benign,0.000620226317550987
Benign,Benign,0.0018853407818824
Benign,Benign,0.0012642014771699
Benign,Benign,0.0245383083820343
Benign,Benign,0.0089495228603482
Benign,Benign,0.0002604231995064765
Benign,Benign,0.0101151838898658
Benign,Benign,0.00015209334378596395
Benign,Benign,0.020874448120594
Benign,Benign,0.0013547873822972
Benign,Benign,0.0611707419157028
Benign,Benign,0.018689414486289
Benign,Benign,0.0016418931772932
Benign,Benign,0.0007356198038905859
Benign,Benign,0.0019028715323656
Benign,Benign,0.0021232429426163
Benign,Benign,0.000453461630968377
Benign,Benign,0.0056253899820148
Benign,Benign,0.0215460862964391
Benign,Benign,0.0012706200359389
Benign,Benign,6.362397834891453e-05
Benign,Benign,0.0018872566288337
Benign,Benign,0.0009222064982168376
Benign,Benign,0.0107534686103463
Benign,Benign,0.0002123401936842129
Benign,Benign,0.0030372692272067
Benign,Benign,0.0008756970637477934
Benign,Benign,0.0050618443638086
Benign,Benign,0.0047131543979048
Benign,Benign,2.994258829858154e-05
Benign,Benign,0.001183200860396
Benign,Benign,0.0063521536067128
Benign,Benign,0.0003657909983303398
Benign,Benign,0.0004090307920705527
Benign,Benign,0.0007255925447680056
Benign,Benign,0.0475417487323284
Benign,Benign,0.0002516726963222027
Benign,Benign,0.0004987868596799672
Benign,Benign,0.0059837149456143
Benign,Benign,0.00029560038819909096
Benign,Benign,0.00026515848003327847
Benign,Benign,0.000494209467433393
Benign,Malicious,0.4470583498477936
Benign,Benign,0.0007403055788017809
Benign,Benign,0.0048284977674484
Benign,Benign,0.0009450979996472596
Benign,Benign,0.0071691973134875
Benign,Benign,0.0070430058985948
Benign,Benign,0.0010758850257843
Benign,Benign,0.006918525788933
Benign,Benign,0.0018742380198091
Benign,Benign,0.0082724001258611
Benign,Benign,9.96160670183599e-05
Benign,Benign,0.0630295127630233
Benign,Benign,0.0032208780758082
Benign,Benign,0.0024611565750092
Benign,Benign,0.0040390673093497
Benign,Benign,4.582054316415452e-05
Benign,Benign,0.0011001654202118
Benign,Benign,0.00011030172026949003
Benign,Benign,0.0021033559460192
Benign,Benign,0.0008776095928624272
Benign,Benign,0.0371101610362529
Benign,Benign,4.691935464506969e-05
Benign,Benign,0.0019563464447855
Benign,Benign,0.0054677939042449
Benign,Benign,0.0088271647691726
Benign,Benign,0.0002548610791563988
Benign,Benign,0.00044761828030459583
Benign,Benign,0.0091211153194308
Benign,Benign,8.596973930252716e-05
Benign,Benign,0.0007864775834605098
Benign,Benign,0.002022243803367
Benign,Benign,0.00013533624587580562
Benign,Benign,0.0001750633673509583
Benign,Benign,0.0011728029930964
Benign,Benign,0.0041374107822775
Benign,Benign,0.0001975273189600557
Benign,Benign,0.0012321168323978
Benign,Benign,0.0002670417306944728
Benign,Benign,0.00019864336354658008
Benign,Benign,0.0002238270244561136
Benign,Benign,0.00010371150710852815
Benign,Benign,0.0005590799264609814
Benign,Benign,0.0025421979371458
Benign,Benign,0.0013902897480875
Benign,Benign,0.0018710526637732
Benign,Benign,0.0002334975724807009
Benign,Benign,0.0005982743459753692
Benign,Benign,0.087112046778202
Benign,Benign,0.0170745030045509
Benign,Benign,0.0002506795863155276
Benign,Benign,0.005298345349729
Benign,Benign,0.000566854898352176
Benign,Benign,0.0005338912596926093
Benign,Benign,0.00041008592233993113
Benign,Benign,0.0018679056083783
Benign,Benign,0.0029452622402459
Benign,Benign,0.0034999325871467
Benign,Benign,0.0016192964976653
Benign,Benign,0.0035635011736303
Benign,Benign,0.0063810306601226
Benign,Benign,0.002802072558552
Benign,Benign,0.0444220900535583
Benign,Benign,0.132416546344757
Benign,Benign,0.0007313841488212347
Benign,Benign,0.0064698439091444
Benign,Benign,0.0005585731123574078
Benign,Benign,0.0031832929234951
Benign,Benign,0.01095553021878
Benign,Benign,0.00010704628220992164
Benign,Benign,0.00014868103608023375
Benign,Benign,0.0119747938588261
Benign,Benign,0.0003126739466097206
Benign,Benign,0.000783934723585844
Benign,Benign,0.0105762556195259
Benign,Benign,7.006520172581077e-05
Benign,Benign,0.0008662971085868776
Benign,Benign,0.0095995459705591
Benign,Benign,0.0062338281422853
Benign,Benign,0.00027287378907203674
Benign,Benign,0.00025650899624451995
Benign,Benign,0.0052005164325237
Benign,Benign,0.00012991309631615877
Benign,Benign,0.00027549650985747576
Benign,Benign,0.0004269800847396255
Benign,Benign,0.0010466270614415
Benign,Benign,0.0958990752696991
Benign,Benign,0.0013407282531261
Benign,Benign,0.0024668974801898
Benign,Benign,0.0039671133272349
Benign,Benign,0.00045605155173689127
Benign,Benign,0.00019442196935415268
Benign,Benign,5.492571654031053e-05
Benign,Benign,0.0011711328988894
Benign,Benign,0.0069545586593449
Benign,Benign,0.0005420356173999608
Benign,Benign,0.0211400762200355
Benign,Benign,0.0014104477595537
Benign,Benign,0.0023478309158235
Benign,Benign,0.0016412804834544
Benign,Benign,0.0025091471616178
Benign,Benign,0.00033196216099895537
Benign,Benign,0.00041343134944327176
Benign,Benign,0.0019692417699843
Benign,Benign,0.0012505173217505
Benign,Benign,0.00016195097123272717
Benign,Benign,0.0003773565113078803
Benign,Benign,4.0500537579646334e-05
Benign,Benign,0.00177376891952
Benign,Benign,0.0004012183926533908
Benign,Benign,0.0025084968656301
Benign,Benign,0.0142708411440253
Benign,Benign,0.0012850183993577
Benign,Benign,0.000661840895190835
Benign,Benign,0.0005346410907804966
Benign,Benign,0.0006973744602873921
Benign,Benign,0.0010112054878845
Benign,Benign,0.0209537222981452
Benign,Benign,0.0025168110150843
Benign,Benign,0.0018377045635133
Benign,Benign,0.00024709501303732395
Benign,Benign,0.0241907611489295
Benign,Benign,0.002161908429116
Benign,Benign,0.1287898272275924
Benign,Benign,0.0049604536034166
Benign,Benign,1.2748691915476227e-05
Benign,Benign,0.0155556835234165
Benign,Benign,0.0407793000340461
Benign,Benign,0.0017453847685828
Benign,Benign,0.0016510338755324
Benign,Benign,8.293848804896697e-05
Benign,Benign,0.0021342197433114
Benign,Benign,0.00033881934359669685
Benign,Benign,0.0009719505906105042
Benign,Benign,0.0037233282346278
Benign,Benign,0.0219288300722837
Benign,Benign,0.0009790788171812892
Benign,Benign,0.0017626320477575
Benign,Benign,0.0008802589145489037
Benign,Benign,8.041216642595828e-05
Benign,Benign,0.0025574492756277
Benign,Benign,0.002802709583193
Benign,Benign,0.0003160103224217892
Benign,Benign,0.001165639841929
Benign,Benign,0.0060750399716198
Benign,Benign,0.000630073482170701
Benign,Benign,0.0052733039483428
Benign,Benign,7.373414700850844e-05
Benign,Benign,0.0018046020995825
Benign,Benign,0.0014005355769768
Benign,Benign,0.000290701340418309
Benign,Benign,0.0005145066534169018
Benign,Benign,0.000172351035871543
Benign,Benign,0.0009649759158492088
Benign,Benign,0.00020507904991973191
Benign,Benign,0.00020720987231470644
Benign,Benign,0.0001428436953574419
Benign,Benign,0.003304639365524
Benign,Benign,0.0012472544331103
Benign,Benign,0.0059565412811934
Benign,Benign,0.0018989687087014
Benign,Benign,0.0004776953719556332
Benign,Benign,0.00041175325168296695
Benign,Benign,0.000267789262579754
Benign,Benign,0.0037275035865604
Benign,Benign,0.0006712282774969935
Benign,Benign,0.0739960446953773
Benign,Benign,0.025353955104947
Benign,Benign,0.0004941060906276107
Benign,Benign,0.0056979511864483
Benign,Benign,0.0020514053758233
Benign,Benign,0.0191163718700408
Benign,Benign,0.0017146815080195
Benign,Benign,0.0143904229626059
Benign,Benign,0.0021033720113337
Benign,Benign,0.0006593110738322139
Benign,Benign,0.0005537455435842276
Benign,Benign,0.0005361169460229576
Benign,Benign,0.0008032240439206362
Benign,Benign,0.0133833643049001
Benign,Benign,0.0021387678571045
Benign,Benign,0.00020827908883802595
Benign,Benign,0.0015302232932299
Benign,Benign,0.0049793631769716
Benign,Benign,0.00039716329774819314
Benign,Benign,0.0004079966456629336
Benign,Benign,0.0027902605943381
Benign,Benign,0.0041009904816746
Benign,Benign,0.0082070305943489
Benign,Benign,0.0351731926202774
Benign,Benign,0.0008855744963511825
Benign,Benign,0.0022970822174102
Benign,Malicious,0.2712298035621643
Benign,Benign,0.00022637436632066965
Benign,Benign,0.00020155421225354075
Benign,Benign,0.0023176663089543
Benign,Benign,0.00025780723080970347
Benign,Benign,0.0007063941447995603
Benign,Benign,0.0002284679067088291
Benign,Benign,0.0024488426279276
Benign,Benign,0.0003126739466097206
Benign,Benign,0.0006851197103969753
Benign,Benign,0.01024832110852
Benign,Benign,0.000676227209623903
Benign,Benign,0.0136574460193514
Benign,Benign,0.00024254714662674812
Benign,Benign,0.0051561365835368
Benign,Benign,0.0086507350206375
Benign,Benign,0.0005533574731089175
Benign,Benign,0.0007688645855523646
Benign,Benign,0.0003596277383621782
Benign,Benign,0.00011619258293649182
Benign,Benign,0.00017177403788082302
Benign,Benign,0.00011547220492502674
Benign,Benign,0.0022568956483155
Benign,Benign,0.0007692508515901864
Benign,Benign,0.0003483442706055939
Benign,Benign,0.035500630736351
Benign,Benign,0.0020490121096372
Benign,Benign,0.0176904592663049
Benign,Benign,0.0057968599721789
Benign,Benign,0.00043891562381759286
Benign,Benign,0.0006088768132030964
Benign,Benign,0.000825303141027689
Benign,Benign,0.0118282930925488
Benign,Benign,0.0007416659500449896
Benign,Benign,0.0370540060102939
Benign,Benign,0.0020008950959891
Benign,Benign,0.0079293921589851
Benign,Benign,0.0020751701667904
Benign,Benign,0.0030166241340339
Benign,Benign,0.0026959853712469
Benign,Benign,0.0011507346061989
Benign,Benign,0.0005614694091491401
Benign,Benign,0.0238194521516561
Benign,Benign,0.0097880298271775
Benign,Benign,0.0004151714674662799
Benign,Benign,0.0014485318679362
Benign,Benign,0.0581219866871833
Benign,Benign,0.00036133729736320674
Benign,Benign,0.0012896268162876
Benign,Benign,0.0078446362167596
Benign,Benign,0.00011152273509651424
Benign,Benign,0.0007246662280522287
Benign,Benign,0.00015823557623662057
Benign,Benign,0.0013295232784003
Benign,Benign,0.0025582669768482
Benign,Benign,0.0007553790346719325
Benign,Benign,0.0001220434860442765
Benign,Benign,0.0004203403368592262
Benign,Benign,0.001738395076245
Benign,Benign,0.0002482843119651079
Benign,Benign,0.000337007426423952
Benign,Benign,0.0046745729632675
Benign,Benign,0.0063138022087514
Benign,Benign,0.00013783983013127
Benign,Benign,0.0021818524692207
Benign,Benign,0.0079929875209927
Benign,Benign,0.002472996013239
Benign,Benign,0.0224842857569456
Benign,Benign,0.0001622133859200403
Benign,Benign,0.0099620828405022
Benign,Benign,0.0044134436175227
Benign,Benign,0.0104029867798089
Benign,Benign,0.0003017281414940953
Benign,Benign,0.0051311845891177
Benign,Benign,0.0004438679025042802
Benign,Benign,0.0006936348509043455
Benign,Benign,0.0040147639811038
Benign,Benign,0.0005248331581242383
Benign,Benign,0.0031671619508415
Benign,Benign,0.0003851888468489051
Benign,Benign,0.0003208297421224416
Benign,Benign,0.0075794644653797
Benign,Benign,0.0080910855904221
Benign,Benign,0.0053574740886688
Benign,Benign,0.0016486829845234
Benign,Benign,0.0030484839808195
Benign,Benign,0.0010103296954184
Benign,Benign,0.00035169097827747464
Benign,Benign,0.0010356422280892
Benign,Benign,0.0290823951363563
Benign,Benign,0.0011286470107734
Benign,Benign,0.0012489317450672
Benign,Benign,0.0111482813954353
Benign,Benign,0.0091455616056919
Benign,Benign,0.00455854088068
Benign,Benign,0.0003918971924576908
Benign,Benign,0.1850060522556305
Benign,Benign,0.005027390550822
Benign,Benign,0.00017340006888844073
Benign,Benign,0.0254626087844371
Benign,Benign,0.00027781049720942974
Benign,Benign,0.0033146983478218
Benign,Benign,0.0007981345988810062
Benign,Benign,0.0039639268070459
Benign,Benign,0.0018781082471832
Benign,Benign,0.0001631686754990369
Benign,Benign,0.0017194672254845
Benign,Benign,0.00030010976479388773
Benign,Benign,2.9289072699612007e-05
Benign,Benign,0.0002552394580561668
Benign,Benign,0.0032922811806201
Benign,Benign,0.0139131098985672
Benign,Benign,2.681619298527949e-05
Benign,Benign,0.002122294390574
Benign,Benign,0.0004960160586051643
Benign,Benign,0.0010914042359218
Benign,Benign,0.0007098780479282141
Benign,Benign,0.0102064572274684
Benign,Benign,0.0014770213747397
Benign,Benign,0.0003717575455084443
Benign,Benign,0.0019547923002392
Benign,Benign,0.0232969466596841
Benign,Benign,0.00032870800350792706
Benign,Benign,0.0006027937633916736
Benign,Benign,0.00012976513244211674
Benign,Benign,0.0028226315043866
Benign,Benign,0.0672002583742141
Benign,Benign,0.0013710591010749
Benign,Benign,0.0006031258963048458
Benign,Benign,0.0366204045712947
Benign,Benign,0.0958580896258354
Benign,Benign,0.0006575608858838677
Benign,Benign,0.0006894912803545594
Benign,Benign,0.00012434150266926736
Benign,Benign,0.0030607471708208
Benign,Benign,0.0035541942343115
Benign,Benign,0.0002987438056152314
Benign,Benign,0.0157021898776292
Benign,Benign,0.060243371874094
Benign,Benign,0.000258451298577711
Benign,Benign,0.001163309905678
Benign,Benign,0.0024418530520051
Benign,Benign,0.0026720846071839
Benign,Benign,0.0003510869573801756
Benign,Benign,0.0028722274582833
Benign,Benign,0.00021645879314746708
Benign,Benign,0.0182560849934816
Benign,Benign,0.0045424425043165
Benign,Benign,4.149301821598783e-05
Benign,Benign,0.0017754194559529
Benign,Benign,0.0781000331044197
Benign,Benign,0.00040680787060409773
Benign,Benign,0.0107351522892713
Benign,Benign,0.0073493532836437
Benign,Benign,0.0001274809910682961
Benign,Benign,0.0064546801149845
Benign,Benign,0.002909149043262
Benign,Benign,0.001491768634878
Benign,Benign,0.0012143435887992
Benign,Benign,0.0107051646336913
Benign,Benign,0.0003237622731830925
Benign,Benign,0.0010221033589914
Benign,Benign,0.0007449268014170229
Benign,Benign,0.00017054089403245598
Benign,Benign,0.0109395096078515
Benign,Benign,0.0129132624715566
Benign,Benign,0.0058340723626315
Benign,Benign,0.0012806302402168
Benign,Benign,0.0006011167424730957
Benign,Benign,0.0051709408871829
Benign,Benign,0.0049991765990853
Benign,Benign,0.0015394262736663
Benign,Benign,0.0017979214899241
Benign,Benign,0.0066572353243827
Benign,Benign,0.0012921410379931
Benign,Benign,2.2237041775952093e-05
Benign,Benign,0.0009410277125425636
Benign,Benign,0.0028676344081759
Benign,Benign,0.0005607390776276588
Benign,Benign,0.0078723737969994
Benign,Benign,0.0022049713879823
Benign,Benign,0.0051204119808971
Benign,Benign,0.0046342932619154
Benign,Benign,0.004266224335879
Benign,Benign,0.00025853238184936345
Benign,Benign,0.0004246740136295557
Benign,Benign,0.0012042394373565
Benign,Benign,0.0083064911887049
Benign,Benign,0.0010759741999208
Benign,Benign,0.0028339535929262
Benign,Benign,0.0007089609862305224
Benign,Malicious,0.4097558557987213
Benign,Benign,0.0004379186721052975
Benign,Benign,0.000259830936556682
Benign,Benign,0.0023367993999272
Benign,Benign,0.00011736716260202228
Benign,Benign,0.00010389839007984848
Benign,Benign,0.0006386077729985118
Benign,Benign,0.0018745521083474
Benign,Benign,0.001662925700657
Benign,Benign,0.0037362240254878
Benign,Benign,0.0004543375689536333
Benign,Benign,0.00011179083230672404
Benign,Benign,0.002750992309302
Benign,Benign,0.0051450263708829
Benign,Benign,0.0048535903915762
Benign,Benign,0.0002694090362638235
Benign,Benign,5.323277218849398e-05
Benign,Benign,0.0006194081506691873
Benign,Benign,0.0005602671299129725
Benign,Benign,0.0011044524144381
Benign,Benign,0.0005585731123574078
Benign,Benign,0.00033562167664058506
Benign,Benign,0.0015332520706579
Benign,Benign,0.000622438732534647
Benign,Benign,0.0920649021863937
Benign,Benign,0.000450813997304067
Benign,Benign,0.0949269980192184
Benign,Benign,0.0023316738661378
Benign,Benign,0.0037492960691452
Benign,Benign,0.0012578616151586
Benign,Benign,0.0002728912222664803
Benign,Benign,0.0047901500947773
Benign,Benign,0.0004851692356169224
Benign,Benign,0.00018056522822007537
Benign,Benign,0.0020776984747499
Benign,Benign,0.0034914314746856
Benign,Benign,0.0010707755573093
Benign,Benign,0.0057260235771536
Benign,Benign,0.0053041409701108
Benign,Benign,0.0069861356168985
Benign,Benign,0.0024366423022001
Benign,Benign,0.0420181341469287
Benign,Benign,0.0047526638954877
Benign,Benign,0.0060936505906283
Benign,Benign,0.0019773412495851
Benign,Benign,0.0002517079992685467
Benign,Benign,0.000732267799321562
Benign,Benign,0.0013339632423594
Benign,Benign,0.00022776798869017512
Benign,Benign,0.0015252067241817
Benign,Benign,0.0004764000477734953
Benign,Benign,0.0033508709166198
Benign,Benign,0.0089999791234731
Benign,Benign,0.0004196144873276353
Benign,Benign,0.0034831180237233
Benign,Benign,0.00016609008889645338
Benign,Benign,0.00031456450233235955
Benign,Benign,0.0087532829493284
Benign,Benign,0.00013515583123080432
Benign,Benign,0.0017060034442692
Benign,Benign,0.0012183133512735
Benign,Benign,0.0004341847088653594
Benign,Benign,0.0005122402799315751
Benign,Benign,0.0005061308038420975
Benign,Benign,6.692705937894061e-05
Benign,Benign,0.0017369540873914
Benign,Benign,0.0031397123821079
Benign,Benign,0.0005187566857784986
Benign,Benign,0.00059170724125579
Benign,Benign,0.000692430476192385
Benign,Benign,0.0064258947968482
Benign,Benign,0.0034059837926179
Benign,Benign,0.0014906198484823
Benign,Benign,0.0453562475740909
Benign,Benign,0.0391705818474292
Benign,Benign,0.00029278325382620096
Benign,Benign,0.00022911337146069852
Benign,Benign,0.0016506297979503
Benign,Benign,9.219877392752096e-05
Benign,Benign,0.0010808464139699
Benign,Benign,0.1171042695641517
Benign,Benign,0.0008324736263602972
Benign,Benign,0.0009847957408055663
Benign,Benign,9.88148240139708e-05
Benign,Benign,0.0004274353850632906
Benign,Benign,0.0123790791258215
Benign,Benign,0.00016941543435677886
Benign,Benign,0.000747592537663877
Benign,Benign,0.001078636967577
Benign,Benign,0.00011381960212020203
Benign,Benign,0.0007530072471126914
Benign,Benign,0.00027820674586109817
Benign,Benign,0.0042139487341046
Benign,Benign,0.1289191544055938
Benign,Benign,0.0002791276201605797
Benign,Benign,0.0045915441587567
Benign,Benign,0.0013734905514866
Benign,Benign,0.0002455246285535395
Benign,Benign,0.0005782096413895488
Benign,Benign,0.0041998741216957
Benign,Benign,0.0032937119249254
Benign,Benign,0.0010589411249384
Benign,Benign,0.0013578416546806
Benign,Benign,0.0183625202625989
Benign,Benign,9.187921386910602e-05
Benign,Benign,0.015549355186522
Benign,Benign,0.0007515663164667785
Benign,Benign,0.0013650143519043
Benign,Benign,0.0212853550910949
Benign,Benign,0.0002143611927749589
Benign,Benign,0.000536981737241149
Benign,Benign,0.0217412542551755
Benign,Benign,0.00042103935265913606
Benign,Benign,0.0002964971063192934
Benign,Benign,0.0396212004125118
Benign,Benign,0.0024391307961195
Benign,Benign,0.000819317065179348
Benign,Benign,0.0032386775128543
Benign,Benign,0.0642097741365432
Benign,Benign,0.0003907513746526092
Benign,Benign,0.001695021870546
Benign,Benign,0.0003566410159692168
Benign,Benign,0.00027387726004235446
Benign,Benign,0.0006248989957384765
Benign,Benign,0.027349242940545
Benign,Benign,0.00063359021442011
Benign,Benign,0.0006487419595941901
Benign,Benign,0.0010833039414137
Benign,Benign,0.001268828404136
Benign,Benign,0.0010574244661256
Benign,Benign,0.0002587350900284946
Benign,Benign,0.0034638054203242
Benign,Benign,0.0003189432027284056
Benign,Benign,0.0003878854331560433
Benign,Benign,0.0074656661599874
Benign,Benign,0.0172832328826189
Benign,Benign,0.001279930351302
Benign,Benign,0.1545231193304062
Benign,Benign,0.0005310554406605661
Benign,Benign,0.1273245811462402
Benign,Benign,0.0030116734560579
Benign,Benign,0.0014674321282655
Benign,Benign,0.005801145453006
Benign,Benign,0.1118674576282501
Benign,Benign,0.0005341654177755117
Benign,Benign,0.0001635725930100307
Benign,Benign,0.00010788771032821388
Benign,Benign,0.00017054089403245598
Benign,Benign,0.00020849051361437887
Benign,Benign,0.0020253285765647
Benign,Benign,7.594334601890296e-05
Benign,Benign,0.0019612126052379
Benign,Benign,0.0007938773487694561
Benign,Benign,0.0093498416244983
Benign,Benign,0.0430354848504066
Benign,Benign,0.0011008027940988
Benign,Benign,0.0031285358127206
Benign,Benign,0.0022258658427745
Benign,Benign,0.0045810644514858
Benign,Benign,0.0076143788173794
Benign,Benign,0.0002594527031760663
Benign,Benign,0.0002475036308169365
Benign,Benign,0.0114283924922347
Benign,Benign,0.0013640624238178
Benign,Benign,0.004539007321
Benign,Benign,0.0227603390812873
Benign,Benign,0.00018128857482224703
Benign,Benign,0.0010700046550482
Benign,Benign,0.00022358322166837752
Benign,Benign,0.0011015277123078
Benign,Benign,0.0005845432169735432
Benign,Benign,0.0018465522443875
Benign,Benign,0.0132492464035749
Benign,Benign,0.0276311542838811
Benign,Benign,0.0008733564172871411
Benign,Benign,0.0020636280532926
Benign,Benign,5.541442078538239e-05
Benign,Benign,0.0396047346293926
Benign,Benign,0.0009637438342906536
Benign,Benign,0.0009056195849552752
Benign,Benign,0.0013789619551971
Benign,Benign,0.0007193578057922423
Benign,Benign,0.0014857881469652
Benign,Benign,7.063758675940335e-05
Benign,Benign,0.0012562070041894
Benign,Benign,0.0066129425540566
Benign,Benign,0.0007221712148748338
Benign,Benign,0.0009722220129333436
Benign,Benign,0.0003536393051035702
Benign,Benign,0.0028712141793221
Benign,Benign,3.976076186518185e-05
Benign,Benign,0.0187887828797101
Benign,Benign,0.0099103711545467
Benign,Benign,0.0007644599536433816
Benign,Benign,0.0129928216338157
Benign,Benign,0.0224714241921901
Benign,Benign,0.0102390395477414
Benign,Benign,0.0752884224057197
Benign,Benign,0.003132976591587
Benign,Benign,0.00038477854104712605
Benign,Benign,0.0037809826899319
Benign,Benign,0.000652934133540839
Benign,Benign,6.16319666733034e-05
Benign,Benign,0.0013816421851515
Benign,Benign,0.0006036613485775888
Benign,Benign,0.00018328004807699472
Benign,Benign,0.0033958584535866
Benign,Benign,0.0016139284707605
Benign,Benign,0.000755675311665982
Benign,Benign,0.1401206105947494
Benign,Benign,0.0036674682050943
Benign,Benign,0.006770568434149
Benign,Benign,3.243008904973976e-05
Benign,Benign,7.140975503716618e-05
Benign,Benign,0.0004567560972645879
Benign,Benign,0.00021350754832383245
Benign,Benign,0.0002218830195488408
Benign,Benign,0.0072149164043366
Benign,Benign,0.0034754334483295
Benign,Benign,0.0019748378545045
Benign,Benign,0.0024051768705248
Benign,Benign,0.00019277668616268784
Benign,Benign,0.00585447717458
Benign,Benign,0.0003136565210297704
Benign,Benign,5.888892701477744e-05
Benign,Benign,0.0074832332320511
Benign,Benign,0.00025229062885046005
Benign,Benign,0.0004019453481305391
Benign,Benign,0.0018777067307382
Benign,Benign,0.0005599040887318552
Benign,Benign,0.0018157726153731
Benign,Benign,0.0070773065090179
Benign,Benign,0.0002455585927236825
Benign,Benign,0.0008078711689449847
Benign,Benign,0.0024054732639342
Benign,Benign,0.000591468415223062
Benign,Benign,0.0001655937230680138
Benign,Benign,0.0792093873023986
Benign,Benign,0.1380315572023391
Benign,Benign,0.000523729482665658
Benign,Benign,0.0012792057823389
Benign,Benign,0.0062535270117223
Benign,Benign,0.0007572193280793726
Benign,Benign,0.0045692594721913
Benign,Benign,0.0102401794865727
Benign,Benign,0.00011160071881022304
Benign,Benign,0.000435113615822047
Benign,Benign,0.000802688067778945
Benign,Benign,0.0182438679039478
Benign,Benign,0.0034828598145395
Benign,Benign,0.0059028789401054
Benign,Benign,0.0069041061215102
Benign,Benign,0.0005089517217129469
Benign,Benign,0.006337228231132
Benign,Benign,0.0004985296982340515
Benign,Benign,0.0006331776385195553
Benign,Benign,0.0206515956670045
Benign,Benign,0.0013990785228088
Benign,Benign,0.0002220847236458212
Benign,Benign,0.0010552583262324
Benign,Benign,0.0046214503236114
Benign,Benign,0.0008841470698826015
Benign,Benign,0.00020597322145476937
Benign,Benign,0.00023455968766938892
Benign,Benign,0.0008317021420225501
Benign,Benign,0.0003113398270215839
Benign,Benign,0.000258451298577711
Benign,Benign,0.0007410841644741595
Benign,Benign,0.0006818404071964324
Benign,Benign,0.0011795340105891
Benign,Benign,0.0002982671139761805
Benign,Benign,0.0020156097598373
Benign,Benign,0.0005585731123574078
Benign,Benign,0.1396375745534896
Benign,Benign,0.00010314440442016348
Benign,Benign,5.8660589274950325e-05
Benign,Benign,0.0013246476883068
Benign,Benign,0.0006611965945921838
Benign,Benign,0.003542304970324
Benign,Benign,0.0033793351612985
Benign,Benign,0.0030323336832225
Benign,Benign,2.6965648430632427e-05
Benign,Benign,0.0008139690035022795
Benign,Benign,0.0006654152530245483
Benign,Benign,0.0039357063360512
Benign,Benign,0.00038016168400645256
Benign,Benign,0.1940456330776214
Benign,Benign,0.0004281047731637954
Benign,Benign,0.00031459989259019494
Benign,Benign,0.012747636064887
Benign,Benign,0.0052647041156888
Benign,Benign,0.00014069459575694054
Benign,Benign,0.0140146920457482
Benign,Benign,0.0017628587083891
Benign,Benign,0.000375927280401811
Benign,Benign,0.0007157090585678816
Benign,Benign,0.0222002975642681
Benign,Benign,0.0024669782724231
Benign,Benign,0.0664383620023727
Benign,Benign,0.0024534948170185
Benign,Benign,0.00044196919770911336
Benign,Benign,3.856245893985033e-05
Benign,Benign,0.00022779012215323743
Benign,Benign,0.0013433030107989
Benign,Benign,0.0005220160237513483
Benign,Benign,0.0018337388755753
Benign,Benign,0.0008098974940367043
Benign,Benign,0.0025233859196305
Benign,Benign,0.0097155394032597
Benign,Benign,0.00044443117803893983
Benign,Benign,4.561706737149507e-05
Benign,Benign,0.0009569665417075156
Benign,Benign,0.0004893824807368219
Benign,Benign,0.0004672195645980537
Benign,Benign,0.1311368346214294
Benign,Benign,0.0002493145293556154
Benign,Benign,0.001379728433676
Benign,Benign,0.0013752706581726
Benign,Benign,5.089191472507082e-05
Benign,Benign,0.0167126953601837
Benign,Benign,0.002057189354673
Benign,Benign,0.0004286846669856459
Benign,Benign,0.0040324050933122
Benign,Benign,0.00031207295251078904
Benign,Benign,0.0018908268539234
Benign,Benign,0.0048212832771241
Benign,Benign,0.0093680210411548
Benign,Benign,0.0016976519254967
Benign,Benign,0.0001594008790561929
Benign,Benign,0.0023878067731857
Benign,Benign,0.0083366809412837
Benign,Benign,4.01747201976832e-05
Benign,Benign,0.0016533210873603
Benign,Benign,0.001004974823445
Benign,Benign,0.0008306585950776935
Benign,Benign,0.0029110484756529
Benign,Benign,0.0019512892467901
Benign,Benign,0.0014451561728492
Benign,Benign,0.00021847148309461767
Benign,Benign,0.0020506936125457
Benign,Benign,0.0337536633014678
Benign,Benign,0.00013078463962301612
Benign,Benign,7.511457079090178e-05
Benign,Benign,0.0006244253600016236
Benign,Benign,0.0015339142410084
Benign,Benign,0.000477955472888425
Benign,Benign,0.0024574941489845
Benign,Benign,0.0132520273327827
Benign,Benign,2.0916586436214857e-05
Benign,Benign,0.0048635201528668
Benign,Benign,0.0632735639810562
Benign,Benign,0.0003995079605374485
Benign,Benign,0.0041005425155162
Benign,Benign,0.0083817290142178
Benign,Benign,0.001731633557938
Benign,Benign,0.0007645170553587377
Benign,Benign,0.0028597125783562
Benign,Benign,0.0026747162919491
Benign,Benign,0.0005638467846438289
Benign,Benign,0.0010266985045745
Benign,Benign,0.0008093744399957359
Benign,Benign,0.0006038167048245668
Benign,Benign,0.00018469279166311023
Benign,Benign,0.0004976561176590621
Benign,Benign,0.0034922959748655
Benign,Benign,0.000267169059952721
Benign,Benign,0.0058869621716439
Benign,Benign,0.0195304211229085
Benign,Benign,0.0391518995165824
Benign,Benign,0.0011306593660265
Benign,Benign,0.0240523386746644
Benign,Benign,0.0019905250519514
Benign,Benign,0.0008597709820605814
Benign,Benign,0.00025474154972471297
Benign,Benign,5.340167626854964e-05
Benign,Benign,0.002836829284206
Benign,Benign,0.0026042291428893
Benign,Benign,0.0020776332821696
Benign,Benign,0.0003706327697727829
Benign,Benign,0.0024237381294369
Benign,Benign,0.0012012755032628
Benign,Benign,0.0330438166856765
Benign,Benign,0.000172351035871543
Benign,Benign,0.0004195662913843989
Benign,Benign,0.0002192308311350644
Benign,Benign,0.0085336687043309
Benign,Benign,0.0007755185361020267
Benign,Benign,0.0050488789565861
Benign,Benign,0.000821684836409986
Benign,Benign,0.0251686554402112
Benign,Benign,0.0015855326782912
Benign,Benign,0.016439052298665
Benign,Benign,0.009462091140449
Benign,Benign,0.00012382821296341717
Benign,Benign,0.00031207295251078904
Benign,Benign,0.0008562012226320803
Benign,Benign,0.0101328939199447
Benign,Benign,0.001779060345143
Benign,Benign,0.0006545556243509054
Benign,Benign,0.0007065591053105891
Benign,Benign,0.00032189348712563515
Benign,Benign,0.00011320285557303578
Benign,Benign,0.0015512524405494
Benign,Benign,0.0012162443017587
Benign,Benign,0.0003664489195216447
Benign,Benign,0.0004361815517768264
Benign,Benign,0.0002947805915027857
Benign,Benign,0.00042279998888261616
Benign,Benign,0.000556957209482789
Benign,Benign,0.0526412911713123
Benign,Benign,0.0006031515076756477
Benign,Benign,0.0235041882842779
Benign,Benign,0.0016080001369118
Benign,Benign,0.0001014837034745142
Benign,Benign,0.0011585861211642
Benign,Benign,0.0016175491036847
Benign,Benign,0.0052417474798858
Benign,Benign,0.0062403245829045
Benign,Benign,0.0002493145293556154
Benign,Benign,0.0002548899792600423
Benign,Benign,0.0006136821466498077
Benign,Benign,4.4187254388816655e-05
Benign,Benign,0.0003910358936991543
Benign,Benign,0.0002494543441571295
Benign,Benign,0.0102599551901221
Benign,Benign,0.025023840367794
Benign,Benign,0.00010050783021142706
Benign,Benign,0.0012671538861468
Benign,Benign,0.0001122647081501782
Benign,Benign,6.819747795816511e-05
Benign,Benign,0.0025239067617803
Benign,Benign,0.00012775052164215597
Benign,Benign,0.0019955451134592
Benign,Benign,0.0212673619389534
Benign,Benign,0.0071187890134751
Benign,Benign,0.0064904280006885
Benign,Benign,0.00026845955289900303
Benign,Benign,0.0053103487007319
Benign,Benign,0.0003843803715426475
Benign,Benign,0.00016562767268624157
Benign,Benign,0.0089067025110125
Benign,Benign,0.0001853250287240371
Benign,Benign,0.0122709348797798
Benign,Benign,0.0002903064014390111
Benign,Benign,0.0010809956584125
Benign,Benign,8.472794434055686e-05
Benign,Benign,0.0002053872449323535
Benign,Benign,0.0005231614923104644
Benign,Benign,0.0017718179151415
Benign,Benign,0.0030302226077765
Benign,Benign,0.00019800194422714407
Benign,Benign,0.0603105425834655
Benign,Benign,0.0030136983841657
Benign,Benign,0.0001532305177533999
Benign,Benign,4.092894960194826e-05
Benign,Benign,0.0020960015244781
Benign,Benign,0.0255994591861963
Benign,Benign,0.0006172668072395027
Benign,Benign,0.0034189033322036
Benign,Benign,0.0828254148364067
Benign,Benign,0.0168437678366899
Benign,Benign,0.0007017803727649152
Benign,Benign,0.0014852852327749
Benign,Benign,0.0309752561151981
Benign,Benign,0.0039501562714576
Benign,Benign,0.0004870268458034843
Benign,Benign,0.00030154321575537324
Benign,Benign,0.0004778723232448101
Benign,Benign,9.437347762286664e-05
Benign,Benign,0.0277314130216836
Benign,Benign,0.0033101469743996
Benign,Benign,0.000381592835765332
Benign,Benign,0.0041668098419904
Benign,Benign,0.0002766501856967807
Benign,Benign,0.007663401775062
Benign,Benign,0.0198633056133985
Benign,Benign,0.0004011365526821464
Benign,Benign,0.0005585731123574078
Benign,Benign,0.0138442860916256
Benign,Benign,0.0040030051022768
Benign,Benign,0.0003164127701893449
Benign,Benign,0.0003753573400899768
Benign,Benign,0.0044187307357788
Benign,Benign,0.0007389505044557154
Benign,Benign,0.00024106357886921612
Benign,Benign,0.000836215796880424
Benign,Benign,0.002523066708818
Benign,Benign,0.0047644204460084
Benign,Benign,0.0236519258469343
Benign,Benign,0.0183465015143156
Benign,Benign,0.00035292780376039445
Benign,Benign,0.0007265096646733582
Benign,Benign,0.0043877596035599
Benign,Benign,0.0023613730445504
Benign,Benign,0.0048754545859992
Benign,Benign,0.0001878704788396135
Benign,Benign,0.0001943710085470229
Benign,Benign,0.0006456957198679447
Benign,Benign,0.0198371149599552
Benign,Benign,0.0006720968522131443
Benign,Benign,0.0003932761319447309
Benign,Benign,0.001191776478663
Benign,Benign,0.0018325966084375
Benign,Benign,0.0003481560561340302
Benign,Benign,0.000431695458246395
Benign,Benign,0.0205130912363529
Benign,Benign,0.0061546368524432
Benign,Benign,0.0032161145936697
Benign,Benign,0.0034424869809299
Benign,Benign,0.0344907343387603
Benign,Benign,0.01498060580343
Benign,Benign,0.0002852213801816106
Benign,Benign,0.0011271912371739
Benign,Benign,0.0247343387454748
Benign,Benign,0.0462876074016094
Benign,Benign,0.0055175670422613
Benign,Benign,0.0006960717146284878
Benign,Benign,0.00010037622269010173
Benign,Benign,0.0007167092990130186
Benign,Benign,0.0009097743313759564
Benign,Benign,0.0047007296234369
Benign,Benign,0.0182219836860895
Benign,Benign,0.0304601173847913
Benign,Benign,0.0009936975548043847
Benign,Benign,0.0004977664211764932
Benign,Benign,0.0001910740829771385
Benign,Benign,0.0004825955256819725
Benign,Benign,9.437419794267043e-05
Benign,Benign,0.00019546994008123875
Benign,Benign,0.0012800601543858
Benign,Benign,0.0051366663537919
Benign,Benign,0.0180619042366743
Benign,Benign,0.00043802554137073457
Benign,Benign,0.0011802719673141
Benign,Benign,0.0024893213994801
Benign,Benign,0.0005873957416042686
Benign,Benign,0.000268828880507499
Benign,Benign,0.00015162881754804405
Benign,Benign,0.0001794143463484943
Benign,Benign,0.0005779620260000229
Benign,Benign,0.001788735971786
Benign,Benign,0.0002255810395581648
Benign,Benign,0.0346643403172493
Benign,Benign,0.0017810260178521
Benign,Benign,0.0999066084623336
Benign,Malicious,0.3354885876178741
Benign,Benign,0.0003126739466097206
Benign,Benign,5.882421646674629e-06
Benign,Benign,0.0032682167366147
Benign,Benign,0.0009961306350305676
Benign,Benign,0.0002965154708363116
Benign,Benign,0.0002516726963222027
Benign,Benign,0.0013000847538933
Benign,Benign,0.0082097202539443
Benign,Benign,0.0025389026850461
Benign,Benign,0.0032772738486528
Benign,Benign,0.0022919767070561
Benign,Benign,0.0017472583567723
Benign,Benign,5.35105646122247e-05
Benign,Benign,9.749760647537188e-05
Benign,Benign,0.0079054851084947
Benign,Benign,0.0042214086279273
Benign,Benign,0.002168430481106
Benign,Benign,0.002640577731654
Benign,Benign,0.0020280617754906
Benign,Benign,0.0448632463812828
Benign,Benign,0.0004420068871695548
Benign,Benign,0.096665546298027
Benign,Benign,0.0013251397758722
Benign,Benign,0.0007032803841866553
Benign,Benign,0.0003457654092926532
Benign,Benign,0.125546395778656
Benign,Benign,0.0005715744337067008
Benign,Benign,0.0935257077217102
Benign,Benign,0.0001448494003852829
Benign,Benign,0.0045415973290801
Benign,Benign,0.00035872889566235244
Benign,Benign,0.0043137436732649
Benign,Benign,0.0007833532872609794
Benign,Benign,0.00012007039913441986
Benign,Benign,0.0004143567639403045
Benign,Benign,0.0006372647476382554
Benign,Benign,0.0015547393122687
Benign,Benign,0.0062345406040549
Benign,Benign,6.3356987993756775e-06
Benign,Benign,6.995263538556173e-05
Benign,Benign,0.002136243507266
Benign,Benign,0.0002694095310289413
Benign,Benign,0.000201956630917266
Benign,Benign,0.0005958796828053892
Benign,Benign,0.0006651502917520702
Benign,Benign,0.0002393020986346528
Benign,Benign,8.558513218304142e-05
Benign,Benign,7.77641762397252e-05
Benign,Benign,8.504055585945025e-05
Benign,Benign,0.0021592776756733
Benign,Benign,0.0013780298177152
Benign,Benign,0.0006040000589564443
Benign,Benign,0.002032114425674
Benign,Benign,0.00034564395900815725
Benign,Benign,0.0163923725485801
Benign,Benign,0.00054142065346241
Benign,Benign,0.0054293912835419
Benign,Benign,0.0051188212819397
Benign,Benign,7.251401257235557e-05
Benign,Benign,0.0126471342518925
Benign,Benign,0.00025846040807664394
Benign,Benign,0.00019908117246814072
Benign,Benign,0.0003503616026137024
Benign,Benign,0.0111457640305161
Benign,Benign,0.0007958478527143598
Benign,Benign,0.0029861647635698
Benign,Benign,0.0032872748561203
Benign,Benign,0.0018494538962841
Benign,Benign,0.0007221371633931994
Benign,Benign,0.0072061573155224
Benign,Benign,0.00023185767349787056
Benign,Benign,0.0022873298730701
Benign,Benign,0.0002839266671799124
Benign,Malicious,0.5992128849029541
Benign,Benign,0.0021450130734592
Benign,Benign,0.00017054089403245598
Benign,Benign,0.053470429033041
Benign,Benign,0.0004047183319926262
Benign,Benign,0.0001864234945969656
Benign,Benign,0.0003442832676228136
Benign,Benign,0.0034557152539491
Benign,Benign,0.0020652667153626
Benign,Benign,0.000688854546751827
Benign,Benign,0.0025629922747612
Benign,Benign,0.001815129769966
Benign,Benign,0.0004079966456629336
Benign,Benign,0.0243965368717908
Benign,Benign,0.0002141030126949772
Benign,Benign,0.0089665194973349
Benign,Benign,0.0039741154760122
Benign,Benign,0.0022481777705252
Benign,Benign,0.0051941634155809
Benign,Benign,0.0048201400786638
Benign,Benign,0.00020340175251476467
Benign,Benign,0.0002789512218441814
Benign,Benign,0.0077861924655735
Benign,Benign,0.0116446111351251
Benign,Benign,0.0002852779580280185
Benign,Benign,0.0250222329050302
Benign,Benign,0.0003816315729636699
Benign,Benign,0.093384601175785
Benign,Benign,0.0052505964413285
Benign,Benign,0.0045637390576303
Benign,Benign,0.00030189071549102664
Benign,Benign,0.0777882263064384
Benign,Benign,2.9480690500349734e-05
Benign,Benign,0.0088974889367818
Benign,Benign,0.00020771111303474757
Benign,Benign,0.0059485537931323
Benign,Benign,0.00037865180638618767
Benign,Benign,0.0185120552778244
Benign,Benign,0.0003188766131643206
Benign,Benign,0.0024991647806018
Benign,Benign,0.0005299894837662578
Benign,Benign,0.0011703332420438
Benign,Benign,0.0016445278888568
Benign,Benign,0.0003565065853763372
Benign,Benign,0.0008508652099408209
Benign,Benign,0.0070165116339921
Benign,Benign,0.0004330205556470901
Benign,Benign,0.0009524449706077576
Benign,Benign,0.00013513932935893536
Benign,Benign,0.0089758588001132
Benign,Benign,0.0022350258659571
Benign,Benign,0.0019208018202334
Benign,Benign,0.0023968790192157
Benign,Benign,4.13017078244593e-05
Benign,Benign,0.0001550357264932245
Benign,Benign,0.0013120308285579
Benign,Benign,0.0041900039650499
Benign,Benign,0.0016734304372221
Benign,Benign,0.0040072239935398
Benign,Benign,0.0172299277037382
Benign,Benign,0.0031200929079204
Benign,Benign,0.0009759393869899212
Benign,Benign,0.0062603969126939
Benign,Benign,4.628823080565781e-05
Benign,Benign,0.00016684627917129546
Benign,Benign,0.0007615990471094847
Benign,Benign,0.0007894972804933786
Benign,Benign,0.0001150689131463878
Benign,Benign,0.0014481545658782
Benign,Benign,0.0002015257632592693
Benign,Benign,0.004096838645637
Benign,Benign,0.0021462065633386
Benign,Benign,0.0007623432902619243
Benign,Benign,0.0031673472840338
Benign,Benign,0.0007921468932181597
Benign,Benign,0.0004255076055414975
Benign,Benign,0.0010696051176637
Benign,Benign,0.0012282687239348
Benign,Benign,0.0010799741139635
Benign,Benign,0.0050987903960049
Benign,Benign,0.0211448576301336
Benign,Benign,0.0006695399642921984
Benign,Benign,0.0027581981848925
Benign,Benign,0.0327429138123989
Benign,Benign,0.0056640561670064
Benign,Benign,0.0015456327237188
Benign,Benign,0.0008549701306037605
Benign,Benign,0.0006601891363970935
Benign,Benign,0.000550147844478488
Benign,Benign,0.0049772514030337
Benign,Benign,0.00017678221047390252
Benign,Benign,0.0007133992039598525
Benign,Benign,0.0039055694360285
Benign,Benign,0.0056816865690052
Benign,Benign,0.0109676178544759
Benign,Benign,0.001671437639743
Benign,Benign,0.0015083331381902
Benign,Benign,0.00048319550114683807
Benign,Benign,0.0216667968779802
Benign,Benign,0.00022369260841514915
Benign,Benign,0.00018566656217444688
Benign,Benign,0.0028794130776077
Benign,Benign,0.0007034476730041206
Benign,Benign,0.0045355157926678
Benign,Benign,0.0079582901671528
Benign,Benign,0.031366728246212
Benign,Benign,7.93809667811729e-05
Benign,Benign,4.7319310397142544e-05
Benign,Benign,0.00043640279909595847
Benign,Benign,0.001075139734894
Benign,Benign,0.0046563274227082
Benign,Benign,0.0001805373321985826
Benign,Benign,0.0011040795361623
Benign,Benign,0.0036642481572926
Benign,Benign,0.0005585731123574078
Benign,Benign,0.0019005781505256
Benign,Benign,0.0087507972493767
Benign,Benign,0.0089246975257992
Benign,Benign,0.0003836637479253113
Benign,Benign,6.646296242251992e-05
Benign,Benign,8.462999539915472e-05
Benign,Benign,0.001784200198017
Benign,Benign,0.0017142327269539
Benign,Benign,0.00017089788161683828
Benign,Benign,0.0013646386796608
Benign,Benign,0.0003750653122551739
Benign,Benign,0.0014873736072331
Benign,Benign,0.0021864406298846
Benign,Benign,0.0005914145731367171
Benign,Benign,0.0004773287510033697
Benign,Benign,0.0013107805280014
Benign,Benign,0.0027804793789982
Benign,Benign,0.0036238559987396
Benign,Benign,6.452226807596162e-05
Benign,Benign,0.00155297270976
Benign,Benign,0.0215578656643629
Benign,Benign,0.0004488359845709056
Benign,Benign,0.00022882086341269317
Benign,Benign,0.0009655097965151072
Benign,Benign,0.0012557511217892
Benign,Benign,0.001729364041239
Benign,Benign,0.0011449111625552
Benign,Benign,0.0283163171261549
Benign,Benign,0.0138912117108702
Benign,Benign,0.0002893575001507997
Benign,Benign,0.0005504746804945171
Benign,Benign,0.0059489677660167
Benign,Benign,0.000172351035871543
Benign,Benign,0.0006220968207344413
Benign,Benign,0.0006371457129716873
Benign,Benign,0.00012382821296341717
Benign,Benign,0.000924667459912598
Benign,Benign,0.0054121031425893
Benign,Benign,0.0005600503063760698
Benign,Benign,0.0009270129958167672
Benign,Benign,3.5525779821909964e-05
Benign,Benign,0.0013073860900476
Benign,Benign,8.963804430095479e-05
Benign,Benign,0.0007453286671079695
Benign,Benign,0.0017947236774489
Benign,Benign,0.00029081583488732576
Benign,Benign,0.0006057344144210219
Benign,Benign,0.000211581529583782
Benign,Benign,0.0125716952607035
Benign,Benign,0.0074701686389744
Benign,Benign,0.000283479574136436
Benign,Benign,0.0012654417660087
Benign,Malicious,0.3805515170097351
Benign,Benign,0.003983567468822
Benign,Benign,0.0006310822791419923
Benign,Benign,3.838795601041056e-05
Benign,Benign,0.0002469066239427775
Benign,Benign,0.0611707419157028
Benign,Benign,0.0016572341555729
Benign,Benign,0.0074822772294282
Benign,Benign,0.0130164893344044
Benign,Benign,0.0018810692708939
Benign,Benign,0.0021997217554599
Benign,Benign,0.001435560057871
Benign,Benign,0.00034924125066027045
Benign,Benign,0.0001963295362656936
Benign,Benign,0.0197377335280179
Benign,Benign,0.0006248730351217091
Benign,Benign,0.0005220698076300323
Benign,Benign,0.0027422625571489
Benign,Benign,5.212277756072581e-05
Benign,Benign,0.000299963605357334
Benign,Benign,0.0007388339727185667
Benign,Benign,0.00033879041438922286
Benign,Benign,0.0006728855660185218
Benign,Benign,0.0001988654548767954
Benign,Benign,0.0675279200077056
Benign,Benign,0.0008238699520006776
Benign,Benign,0.001145293470472
Benign,Benign,5.067785969004035e-05
Benign,Benign,0.0179892256855964
Benign,Benign,0.0005585731123574078
Benign,Benign,0.0010386750800535
Benign,Benign,0.00017354496230836958
Benign,Benign,0.2136676609516143
Benign,Benign,0.000891876348759979
Benign,Benign,0.000254609709372744
Benign,Benign,0.0019399122102186
Benign,Benign,0.0083900960162281
Benign,Benign,0.00028304665465839207
Benign,Benign,0.0001560122473165393
Benign,Benign,0.0008346061804331839
Benign,Benign,0.0004270484787411988
Benign,Benign,0.0044967015273869
Benign,Benign,0.0012020407011732
Benign,Benign,0.0025391501840204
Benign,Benign,0.0009636309114284812
Benign,Benign,0.0465099066495895
Benign,Benign,0.0003457654092926532
Benign,Benign,0.0016794172115623
Benign,Benign,0.0014743205392733
Benign,Benign,0.0089392978698015
Benign,Benign,0.0011736941523849
Benign,Benign,0.0034915360156446
Benign,Benign,0.0010007084347307
Benign,Benign,0.0016067704418674
Benign,Benign,5.318319745128974e-05
Benign,Benign,0.0007179295062087476
Benign,Benign,0.0255233161151409
Benign,Benign,0.0146026276051998
Benign,Benign,0.000961377751082182
Benign,Benign,0.00019430318207014352
Benign,Benign,0.0090581998229026
Benign,Benign,0.0029733798000961
Benign,Benign,0.0002538924163673073
Benign,Benign,0.0030891911592334
Benign,Benign,0.00018546679348219183
Benign,Benign,0.0006102077895775437
Benign,Benign,0.0007024257211014628
Benign,Benign,0.0005577715928666294
Benign,Benign,0.0010297808330506
Benign,Benign,0.00016257759125437587
Benign,Benign,0.0013686591992154
Benign,Benign,0.0001084172909031622
Benign,Benign,0.0006701473612338305
Benign,Benign,0.00029861112125217915
Benign,Benign,0.0003624265955295414
Benign,Benign,0.0049612536095082
Benign,Benign,0.0001868987164925784
Benign,Benign,9.612762369215488e-05
Benign,Benign,0.0007133682374842465
Benign,Benign,0.0003734698984771967
Benign,Benign,0.0053526409901678
Benign,Benign,0.0010040680645033
Benign,Benign,0.003001604694873
Benign,Benign,0.0141314258798956
Benign,Benign,0.0087016886100173
Benign,Benign,0.030420234426856
Benign,Benign,0.0036742577794939
Benign,Benign,0.0014272796688601
Benign,Benign,0.0092671811580657
Benign,Benign,2.631933602970093e-05
Benign,Benign,0.0040373336523771
Benign,Benign,0.0009975485736504195
Benign,Benign,0.002973286435008
Benign,Benign,0.0075253429822623
Benign,Benign,0.0003436687111388892
Benign,Benign,0.0005145407631061971
Benign,Benign,0.00027474501985125244
Benign,Benign,0.000172351035871543
Benign,Benign,0.014354184269905
Benign,Benign,0.00016954650345724076
Benign,Benign,0.00033002308919094503
Benign,Benign,0.00019772893574554476
Benign,Benign,0.0006931161624379456
Benign,Benign,0.0040095904842019
Benign,Benign,0.0007250779308378696
Benign,Benign,0.0004235807864461094
Benign,Benign,0.0180196724832057
Benign,Benign,0.0051622865721583
Benign,Benign,0.0004747691855300218
Benign,Benign,0.003193937242031
Benign,Benign,0.0001859090698417276
Benign,Benign,0.0012050725053995
Benign,Benign,0.00047690054634585977
Benign,Benign,0.0021273961756378
Benign,Benign,0.000258451298577711
Benign,Benign,0.0075974739156663
Benign,Benign,0.0017060034442692
Benign,Benign,0.004858779720962
Benign,Benign,0.0072612753137946
Benign,Benign,0.0003302814729977399
Benign,Benign,0.0108093693852424
Benign,Benign,0.0001225692394655198
Benign,Benign,0.0006327945739030838
Benign,Benign,0.0084086628630757
Benign,Benign,0.002521090907976
Benign,Benign,0.0013547873822972
Benign,Benign,0.0044820825569331
Benign,Benign,0.0032679697033017
Benign,Benign,4.2579034925438464e-05
Benign,Benign,0.00029910006560385227
Benign,Benign,0.00024274911265820265
Benign,Benign,0.0008241471368819475
Benign,Benign,0.0064506693743169
Benign,Benign,0.0015158051392063
Benign,Benign,0.0004717714036814869
Benign,Benign,0.00022980800713412464
Benign,Benign,0.0086643788963556
Benign,Benign,0.0052091181278228
Benign,Benign,0.0013005894143134
Benign,Benign,0.0006490761879831553
Benign,Benign,2.7935424441238865e-05
Benign,Benign,0.0016039609909057
Benign,Benign,0.005385213997215
Benign,Benign,0.0022813363466411
Benign,Benign,0.0004182106349617243
Benign,Benign,0.0008898153901100159
Benign,Benign,0.0043570585548877
Benign,Benign,0.00039289184496738017
Benign,Benign,0.000277894752798602
Benign,Benign,0.0034289453178644
Benign,Benign,0.0047900681383907
Benign,Benign,0.0006427189218811691
Benign,Benign,0.0005663165356963873
Benign,Benign,0.00017758419562596828
Benign,Benign,2.9123129934305325e-05
Benign,Benign,0.0309865660965442
Benign,Benign,0.0071396278217434
Benign,Benign,0.0110826753079891
Benign,Benign,0.0019972191657871
Benign,Benign,0.0004079124773852527
Benign,Benign,0.000780724105425179
Benign,Benign,0.0006640300853177905
Benign,Benign,0.0033538101706653
Benign,Benign,0.001721840002574
Benign,Benign,0.0122944265604019
Benign,Benign,0.0006848726188763976
Benign,Benign,0.0025041217450052
Benign,Benign,0.0112166078761219
Benign,Benign,0.0003947400546167046
Benign,Benign,0.0225698016583919
Benign,Benign,0.0008437249925918877
Benign,Benign,7.180074317147955e-05
Benign,Benign,0.003124423790723
Benign,Benign,0.0309201143682003
Benign,Benign,0.0011524821165949
Benign,Benign,0.0007928351988084614
Benign,Benign,0.0017306701047345
Benign,Benign,0.00022768591588828715
Benign,Benign,0.0060288826934993
Benign,Benign,3.72687864000909e-05
Benign,Benign,0.00027757699717767537
Benign,Benign,0.0016040953341871
Benign,Benign,5.2370447519933805e-05
Benign,Benign,0.0032062847167253
Benign,Benign,0.0003340632247272879
Benign,Benign,0.0013785049086436
Benign,Benign,0.0059826178476214
Benign,Benign,0.000181807205080986
Benign,Benign,0.0008616610430181026
Benign,Benign,0.0001402686320943758
Benign,Benign,0.0256114918738603
Benign,Benign,0.0135026201605796
Benign,Benign,0.0026806518435478
Benign,Benign,0.00010386758367531002
Benign,Malicious,0.2805138230323791
Benign,Benign,0.0004514240426942706
Benign,Benign,0.0002910535549744964
Benign,Benign,0.0036531565710902
Benign,Benign,0.0006696436321362853
Benign,Benign,0.00026452948804944754
Benign,Benign,0.0009128933306783438
Benign,Benign,0.0032202932052314
Benign,Benign,0.00018168780661653727
Benign,Benign,0.0011881720274686
Benign,Benign,0.0005468919989652932
Benign,Benign,0.002716101007536
Benign,Benign,0.065111219882965
Benign,Benign,0.0002827316347975284
Benign,Benign,0.0001895299355965108
Benign,Benign,0.014592976309359
Benign,Benign,0.006054735276848
Benign,Benign,0.00010678333637770264
Benign,Benign,0.0006997688324190676
Benign,Benign,0.0002835798659361899
Benign,Benign,0.0162817221134901
Benign,Benign,0.0294229201972484
Benign,Benign,0.0102379033342003
Benign,Benign,0.0197068620473146
Benign,Benign,0.0014168404741212
Benign,Benign,0.0003915321722161025
Benign,Benign,0.000416903814766556
Benign,Benign,0.0014508076710626
Benign,Benign,0.008592571131885
Benign,Benign,0.0004693306691478938
Benign,Benign,0.0021713522728532
Benign,Benign,0.0005417492357082665
Benign,Benign,0.0189465507864952
Benign,Benign,0.00012956990394741297
Benign,Benign,0.0005002669640816748
Benign,Benign,0.0284652877599
Benign,Benign,0.000211581529583782
Benign,Benign,0.0003101012844126672
Benign,Benign,0.00063359021442011
Benign,Benign,0.00029933397308923304
Benign,Benign,0.0008493095519952476
Benign,Benign,7.67624587751925e-05
Benign,Benign,0.0085668070241808
Benign,Benign,0.0012999337632209
Benign,Benign,5.246126966085285e-05
Benign,Benign,0.0030526637565344
Benign,Benign,0.0003109746612608433
Benign,Benign,0.0036461721174418
Benign,Benign,0.0011494718492031
Benign,Benign,0.0012361818226054
Benign,Benign,0.00016646456788294017
Benign,Benign,0.0003208936541341245
Benign,Benign,0.0012159518664702
Benign,Benign,0.0001544125407235697
Benign,Benign,0.0094752935692667
Benign,Benign,0.0003112519916612655
Benign,Benign,0.0022102745715528
Benign,Benign,0.00017823917733039707
Benign,Benign,0.0008757709292694926
Benign,Benign,0.0015917123528197
Benign,Benign,0.0026472555473446
Benign,Benign,0.0010073938174173
Benign,Benign,0.0004305451584514231
Benign,Benign,0.0008071758784353733
Benign,Benign,0.0020365635864436
Benign,Benign,0.0005544757004827261
Benign,Benign,4.825444193556905e-05
Benign,Benign,0.00026908659492619336
Benign,Benign,0.0148009611293673
Benign,Benign,0.0002670916437637061
Benign,Benign,0.0028498512692749
Benign,Benign,0.0008718963945284486
Benign,Benign,0.0017900383099913
Benign,Benign,0.0081756133586168
Benign,Benign,0.0036674961447715
Benign,Benign,2.58509080595104e-05
Benign,Benign,0.0039521418511867
Benign,Benign,0.0075814770534634
Benign,Benign,0.0244432240724563
Benign,Benign,0.0004375218704808504
Benign,Benign,0.0046476703137159
Benign,Benign,0.0030089728534221
Benign,Benign,0.0046419254504144
Benign,Benign,0.00021828470926266164
Benign,Benign,0.0021014760714024
Benign,Benign,0.0008376692421734333
Benign,Benign,0.0131088783964514
Benign,Benign,0.0077564171515405
Benign,Benign,0.0010404612403362
Benign,Benign,0.0015799407847225
Benign,Benign,0.0001868987164925784
Benign,Benign,0.00010405633656773716
Benign,Benign,6.852669321233407e-05
Benign,Benign,0.0049435342662036
Benign,Benign,0.0005745884263888001
Benign,Benign,0.0047035994939506
Benign,Benign,0.0010093989549204
Benign,Benign,0.1545231193304062
Benign,Benign,0.0006914380937814713
Benign,Benign,0.0097128003835678
Benign,Benign,0.0024487285409122
Benign,Benign,0.0068139662034809
Benign,Benign,0.000316145335091278
Benign,Benign,0.0068588876165449
Benign,Benign,0.0011555864475667
Benign,Malicious,0.2395156174898147
Benign,Benign,0.000221618713112548
Benign,Benign,0.0061913998797535
Benign,Benign,0.0057244384661316
Benign,Benign,0.004504217300564
Benign,Benign,0.0013958464842289
Benign,Benign,0.0023031926248222
Benign,Benign,0.0003987511736340821
Benign,Benign,0.0019156228518113
Benign,Benign,0.0011880917008966
Benign,Benign,0.0029989404138177
Benign,Benign,0.0004544140538200736
Benign,Benign,0.0098013207316398
Benign,Benign,0.0016191123286262
Benign,Benign,0.0004027661925647408
Benign,Benign,0.0004233186191413552
Benign,Benign,0.000582026201300323
Benign,Benign,0.0042915949597954
Benign,Benign,0.0801389142870903
Benign,Benign,0.0002000033564399928
Benign,Benign,0.0005122989532537758
Benign,Benign,0.002753815613687
Benign,Benign,0.0003257928183302284
Benign,Benign,5.405076080933213e-05
Benign,Benign,0.0005860304227098823
Benign,Benign,0.0064407717436552
Benign,Benign,0.000892926414962858
Benign,Benign,0.0140028037130832
Benign,Benign,2.3339734980254437e-05
Benign,Benign,0.0021223479416221
Benign,Malicious,0.2439256161451339
Benign,Benign,0.0003758878447115421
Benign,Benign,0.0011598482960835
Benign,Benign,0.0016258963150903
Benign,Benign,0.0005401850794441998
Benign,Benign,0.0057383123785257
Benign,Benign,0.0104261869564652
Benign,Benign,0.0014494977658614
Benign,Benign,0.00493297399953
Benign,Benign,0.0002710892294999212
Benign,Benign,0.0010009944671764
Benign,Benign,0.021946758031845
Benign,Benign,0.0192999299615621
Benign,Benign,0.0029020414222031
Benign,Benign,0.00010047581599792466
Benign,Benign,0.0007016639574430883
Benign,Benign,0.0013552274322137
Benign,Benign,0.0069047696888446
Benign,Benign,0.0027629223186522
Benign,Benign,9.021162986755372e-05
Benign,Benign,0.0042331749573349
Benign,Benign,0.00019791963859461248
Benign,Benign,0.0146098602563142
Benign,Benign,0.0035357063170522
Benign,Benign,0.0004899371997453272
Benign,Benign,0.0003663341631181538
Benign,Benign,0.0015308791771531
Benign,Benign,0.0013609009329229
Benign,Benign,0.0015137288719415
Benign,Benign,0.0014369921991601
Benign,Benign,0.0006153897265903652
Benign,Benign,0.00021636532619595528
Benign,Benign,0.0036793197505176
Benign,Benign,0.00016477970348205415
Benign,Benign,0.000211581529583782
Benign,Benign,3.0189255539880837e-06
Benign,Benign,0.0008966479799710214
Benign,Benign,3.5879533243132755e-05
Benign,Benign,0.0027127645444124
Benign,Benign,0.0034398736897855
Benign,Benign,0.0002002773981075734
Benign,Benign,0.0006386585882864892
Benign,Benign,0.0004402861522976309
Benign,Benign,0.004610160831362
Benign,Benign,0.0043252487666904
Benign,Benign,0.0007365292403846979
Benign,Benign,0.0146393962204456
Benign,Benign,0.0005931654595769942
Benign,Benign,0.0008239587186835706
Benign,Benign,0.0066001368686556
Benign,Benign,0.0007643637945875525
Benign,Benign,0.0885475650429725
Benign,Benign,0.0005585731123574078
Benign,Benign,0.00022394313418772072
Benign,Benign,0.0063265771605074
Benign,Benign,0.00031207295251078904
Benign,Benign,0.0004900990170426667
Benign,Benign,0.00037547689862549305
Benign,Benign,0.0065079345367848
Benign,Benign,0.0050741406157612
Benign,Benign,0.0001990016462514177
Benign,Malicious,0.5833122134208679
Benign,Benign,0.0148807438090443
Benign,Benign,0.0003300548705738038
Benign,Benign,0.0041119107045233
Benign,Benign,0.0005288568208925426
Benign,Benign,0.00014355550229083747
Benign,Benign,0.0038439913187175
Benign,Benign,0.0019082460785284
Benign,Benign,0.0108082173392176
Benign,Benign,7.35297508072108e-05
Benign,Benign,0.0008301850175485015
Benign,Benign,0.0037791617214679
Benign,Benign,0.0010046350071206
Benign,Benign,0.0118826059624552
Benign,Benign,0.00030684220837429166
Benign,Benign,0.0012101687025278
Benign,Benign,0.0048549105413258
Benign,Benign,0.0005066482699476182
Benign,Benign,0.0023267604410648
Benign,Benign,0.00017205892072524875
Benign,Benign,0.0095283882692456
Benign,Benign,0.0106591917574405
Benign,Benign,0.0323309190571308
Benign,Benign,0.0010581217939034
Benign,Benign,0.0031067612580955
Benign,Benign,8.287958917208016e-05
Benign,Benign,0.0005764075904153287
Benign,Benign,0.0041490797884762
Benign,Benign,0.0001158320446847938
Benign,Benign,0.0019108107080683
Benign,Benign,5.762153523392044e-05
Benign,Benign,0.00020028177823405716
Benign,Benign,0.0009198003099299968
Benign,Benign,0.0002942972932942212
Benign,Benign,9.621033677831292e-05
Benign,Benign,0.0230295863002538
Benign,Benign,0.0018724504625424
Benign,Benign,0.00017694933922030032
Benign,Benign,0.0019249309552833
Benign,Benign,0.0026094773784279
Benign,Benign,0.0009981680195778608
Benign,Benign,0.0582004897296428
Benign,Benign,0.0041934256441891
Benign,Benign,0.0016782615566626
Benign,Benign,0.0009492406388744712
Benign,Benign,0.0290606431663036
Benign,Benign,0.005836249794811
Benign,Benign,0.0282307565212249
Benign,Benign,0.0014011466410011
Benign,Benign,0.0857055857777595
Benign,Benign,3.859483058477053e-06
Benign,Benign,0.00017561005370225755
Benign,Benign,0.0013673244975507
Benign,Benign,0.0007188307936303318
Benign,Benign,0.0339263938367366
Benign,Benign,0.0009762671543285252
Benign,Benign,0.0123984841629862
Benign,Benign,0.0027806921862065
Benign,Benign,0.0013753407401964
Benign,Benign,0.0073502296581864
Benign,Benign,0.0018566922517493
Benign,Benign,0.0006304462440311909
Benign,Benign,0.0025965417735278
Benign,Benign,0.0019579662475734
Benign,Benign,0.0007423041388392448
Benign,Benign,0.00024130319070536643
Benign,Benign,0.0010769366053864
Benign,Benign,0.0049150376580655
Benign,Benign,0.0121698435395956
Benign,Benign,0.0710953623056411
Benign,Benign,0.0003388487675692886
Benign,Benign,0.0003123992355540395
Benign,Benign,8.257869922090322e-05
Benign,Benign,0.0061986804939806
Benign,Benign,0.0018182668136432
Benign,Benign,0.0004660497070290148
Benign,Benign,0.000109747976239305
Benign,Benign,0.0007396934670396149
Benign,Benign,0.0098641663789749
Benign,Benign,0.0052160145714879
Benign,Benign,0.0014279519673436
Benign,Benign,0.006670409347862
Benign,Benign,0.0847333148121833
Benign,Benign,0.0003302814729977399
Benign,Benign,0.0005395076586864889
Benign,Benign,0.0004039609048049897
Benign,Benign,0.0021019973792135
Benign,Benign,0.0015904783504083
Benign,Benign,0.0004001170163974166
Benign,Benign,0.0005253451527096331
Benign,Benign,0.0016606166027486
Benign,Benign,0.001478299847804
Benign,Benign,0.0010652015917003
Benign,Benign,0.0006665755063295364
Benign,Benign,0.0002395527553744614
Benign,Benign,0.0400040559470653
Benign,Benign,0.0046744314022362
Benign,Benign,0.001112408703193
Benign,Benign,0.0013037291355431
Benign,Benign,0.0018864107551053
Benign,Benign,0.0011002100072801
Benign,Benign,0.0018121955217793
Benign,Benign,6.529698293888941e-05
Benign,Benign,0.0004175017529632896
Benign,Benign,0.00027387726004235446
Benign,Benign,0.0056329886429011
Benign,Benign,0.0004773594555445016
Benign,Benign,0.0007478451007045805
Benign,Benign,0.0034446860663592
Benign,Benign,0.0003566410159692168
Benign,Benign,0.0082950415089726
Benign,Benign,0.001181227969937
Benign,Benign,0.0086565306410193
Benign,Benign,0.0011523305438458
Benign,Benign,0.0024321840610355
Benign,Benign,3.682136593852192e-05
Benign,Benign,0.0024003956932574
Benign,Benign,0.0028131306171417
Benign,Benign,9.982773917727172e-05
Benign,Benign,0.000305029476294294
Benign,Benign,0.0001998367515625432
Benign,Benign,0.0014926126459613
Benign,Benign,0.0010927806142717
Benign,Benign,0.0024133010301738
Benign,Benign,0.0457522310316562
Benign,Benign,0.0053328778594732
Benign,Benign,0.0012849180493503
Benign,Benign,0.0002135378890670836
Benign,Benign,0.0006230348953977227
Benign,Malicious,0.4675332009792328
Benign,Benign,0.0023270207457244
Benign,Benign,0.0008023045375011861
Benign,Benign,0.0003566410159692168
Benign,Benign,0.0009968607919290662
Benign,Benign,0.0014807716943323
Benign,Benign,0.00011423115211073308
Benign,Benign,0.0004237847460899502
Benign,Benign,0.0026909450534731
Benign,Benign,9.10939706955105e-05
Benign,Benign,0.0012687111739069
Benign,Benign,0.0157598089426755
Benign,Benign,0.0002632084651850164
Benign,Benign,0.00024150505487341436
Benign,Benign,0.0004893824807368219
Benign,Benign,0.0415612161159515
Benign,Benign,0.0013193425256758
Benign,Benign,0.0014139605918899
Benign,Benign,0.0068184887059032
Benign,Benign,0.0005932078347541392
Benign,Benign,0.00018052442464977503
Benign,Benign,0.0021662639919668
Benign,Benign,0.0002942972932942212
Benign,Benign,0.0034849853254854
Benign,Benign,0.0044486671686172
Benign,Benign,0.0043028434738516
Benign,Benign,0.000309971219394356
Benign,Benign,0.0001447904360247776
Benign,Benign,0.00030153346597217023
Benign,Benign,0.0042496505193412
Benign,Benign,0.0011909095337614
Benign,Benign,0.0068360874429345
Benign,Benign,0.0277513116598129
Benign,Benign,0.0028919025789946
Benign,Benign,0.00035643624141812325
Benign,Benign,0.0028942395001649
Benign,Benign,0.0075190775096416
Benign,Benign,0.00019371640519239008
Benign,Benign,0.0141896978020668
Benign,Benign,8.087658352451399e-05
Benign,Benign,0.0041165645234286
Benign,Benign,0.001103623653762
Benign,Benign,0.00010890418343478814
Benign,Benign,0.0005986473988741636
Benign,Benign,0.017727080732584
Benign,Benign,0.0002190958330174908
Benign,Benign,5.255104406387545e-05
Benign,Benign,0.021939693018794
Benign,Benign,0.0008560976129956543
Benign,Benign,0.00039763058885000646
Benign,Benign,0.004120229743421
Benign,Benign,0.0014555702218785
Benign,Benign,0.0003607827820815146
Benign,Benign,0.0008968098554760218
Benign,Benign,0.0029805339872837
Benign,Benign,0.0010490642162039
Benign,Benign,0.0111299557611346
Benign,Benign,0.0004275435640010983
Benign,Benign,0.00034617423079907894
Benign,Benign,0.0017654945841059
Benign,Benign,0.0002537305117584765
Benign,Benign,0.0054371296428143
Benign,Benign,0.0141327939927577
Benign,Benign,0.00010593506158329546
Benign,Benign,0.0013638052623718
Benign,Benign,0.0131473904475569
Benign,Benign,0.0007113937172107399
Benign,Benign,0.0001916789769893512
Benign,Benign,0.0007666068850085139
Benign,Benign,0.0016419783933088
Benign,Benign,0.0104087069630622
Benign,Benign,0.000643195933662355
Benign,Benign,0.0022441339679062
Benign,Benign,0.0010581903625279
Benign,Benign,0.0307221729308366
Benign,Benign,0.0010060981148853
Benign,Benign,0.0014755460433661
Benign,Benign,0.0001493773452239111
Benign,Benign,0.0040209330618381
Benign,Benign,0.0280031785368919
Benign,Benign,0.0020044900011271
Benign,Benign,0.0003825928724836558
Benign,Benign,0.00011770553101086988
Benign,Benign,0.0009092128020711244
Benign,Benign,0.0025599903892725
Benign,Benign,8.877885557012632e-05
Benign,Benign,0.0010317973792552
Benign,Benign,0.0662419721484184
Benign,Benign,0.0071936277672648
Benign,Benign,0.0004227985336910933
Benign,Benign,0.0002089028130285442
Benign,Benign,0.0376547798514366
Benign,Benign,0.005516214761883
Benign,Benign,0.0054007750004529
Benign,Benign,0.0007304560276679695
Benign,Benign,0.0018808998866006
Benign,Benign,0.0007566729327663779
Benign,Benign,0.0010501841315999
Benign,Benign,0.0011439970694482
Benign,Benign,0.0291491318494081
Benign,Benign,0.0011672232067212
Benign,Benign,0.0097038429230451
Benign,Benign,0.0673014968633651
Benign,Benign,0.0006447490304708481
Benign,Benign,0.0002033490163739771
Benign,Benign,0.006107123568654
Benign,Benign,0.0030871829949319
Benign,Benign,0.0024758337531238
Benign,Benign,0.0017375024035573
Benign,Benign,0.0017159701092168
Benign,Benign,0.0027039472479373
Benign,Benign,0.00012119400344090536
Benign,Benign,0.0007607177831232548
Benign,Benign,0.0012654851889237
Benign,Benign,0.0260029081255197
Benign,Benign,0.0031643346883356
Benign,Benign,0.0003044425684493035
Benign,Benign,0.0025812417734414
Benign,Benign,0.000258451298577711
Benign,Benign,0.0012938996078446
Benign,Benign,0.001354624168016
Benign,Benign,0.0093625616282224
Benign,Benign,0.0061261104419827
Benign,Benign,0.0017264491179957
Benign,Benign,0.0024428660981357
Benign,Benign,0.0015235302271321
Benign,Benign,1.7108830434153788e-05
Benign,Benign,0.0063781687058508
Benign,Benign,0.0019914174918085
Benign,Benign,0.0008957640966400504
Benign,Benign,0.0009330906323157252
Benign,Benign,0.0187021680176258
Benign,Benign,0.0010637250961735
Benign,Benign,0.0010136468335986
Benign,Benign,0.0029804687947034
Benign,Benign,0.0004092972085345537
Benign,Benign,0.0006477321730926633
Benign,Benign,0.0080523071810603
Benign,Benign,0.0099166799336671
Benign,Benign,0.0075483336113393
Benign,Benign,0.0002453278284519911
Benign,Benign,0.0010144220432266
Benign,Benign,0.0002712073619477451
Benign,Benign,0.0067100385203957
Benign,Benign,0.0003626782272476703
Benign,Benign,0.0016500352649018
Benign,Benign,0.0004058201448060572
Benign,Benign,0.0011513924691826
Benign,Benign,0.0044403709471225
Benign,Benign,0.0013197974767535
Benign,Benign,0.0041051330044865
Benign,Benign,0.00023376644821837544
Benign,Benign,0.0003170731943100691
Benign,Benign,0.0065283882431685
Benign,Benign,0.0005255532450973988
Benign,Benign,0.0005209962837398052
Benign,Benign,0.0004577782237902284
Benign,Malicious,0.3708456158638
Benign,Benign,0.0011579908896237
Benign,Benign,0.0690757408738136
Benign,Benign,0.000619859027210623
Benign,Benign,0.002047745976597
Benign,Benign,0.0005483786226250231
Benign,Benign,0.0043526692315936
Benign,Benign,0.002553041325882
Benign,Benign,0.000836761377286166
Benign,Benign,0.0101631321012973
Benign,Benign,0.0006888039642944932
Benign,Benign,0.005861613433808
Benign,Benign,0.0009163731010630728
Benign,Benign,0.0031591663137078
Benign,Benign,0.000114622111141216
Benign,Benign,0.0002847722207661718
Benign,Benign,0.0711799636483192
Benign,Benign,0.0008911212207749486
Benign,Benign,0.0115996850654482
Benign,Benign,0.0040892870165407
Benign,Malicious,0.4244684278964996
Benign,Benign,0.0052992850542068
Benign,Benign,0.0024137466680258
Benign,Benign,0.0189269389957189
Benign,Benign,0.0006743309204466641
Benign,Benign,0.00017140574345830828
Benign,Benign,0.0001588008744874969
Benign,Benign,0.0264902114868164
Benign,Benign,0.0010769756045192
Benign,Benign,1.6314415915985592e-05
Benign,Benign,9.098553709918632e-05
Benign,Benign,7.274222298292443e-05
Benign,Benign,0.0104904575273394
Benign,Benign,0.000792094855569303
Benign,Benign,0.00020647542260121557
Benign,Benign,0.0009065644117072224
Benign,Benign,0.0019854002166539
Benign,Benign,0.0037024004850536
Benign,Benign,0.0162952002137899
Benign,Benign,0.0009558507008478044
Benign,Benign,0.0026614340022206
Benign,Benign,0.0007938773487694561
Benign,Benign,0.000514483661390841
Benign,Benign,0.0005386064294725657
Benign,Benign,0.0062188492156565
Benign,Benign,0.005018716212362
Benign,Benign,0.0015605021035298
Benign,Benign,0.0020199008285999
Benign,Benign,0.0023383086081594
Benign,Benign,0.0697841644287109
Benign,Benign,0.0100935213267803
Benign,Benign,0.0250657331198453
Benign,Benign,0.0012730767484754
Benign,Benign,0.0005862871184945107
Benign,Benign,0.0243248250335454
Benign,Benign,0.0005957382963970304
Benign,Benign,0.0039995731785893
Benign,Benign,0.1821899563074112
Benign,Benign,0.031273316591978
Benign,Benign,0.0018797974335029
Benign,Benign,0.00047610729234293103
Benign,Benign,0.00020171703363303092
Benign,Benign,0.0007843322237022221
Benign,Benign,3.773959542741068e-05
Benign,Benign,0.0048094172962009
Benign,Benign,0.0006040714215487242
Benign,Benign,0.0020486104767769
Benign,Benign,0.0303947236388921
Benign,Benign,0.0106341186910867
Benign,Benign,0.0004086056142114103
Benign,Benign,0.0004234085790812969
Benign,Benign,0.00023176903778221455
Benign,Benign,0.0016867265803739
Benign,Benign,0.00029012406594119966
Benign,Benign,0.0227860230952501
Benign,Benign,0.0539061799645423
Benign,Benign,0.1191290169954299
Benign,Benign,0.0006401125574484468
Benign,Benign,0.0052860281430184
Benign,Benign,0.0021760901436209
Benign,Benign,0.0035861879587173
Benign,Benign,0.0033677665051072
Benign,Benign,0.0078830067068338
Benign,Benign,0.0034157738555222
Benign,Benign,0.0001896349567687139
Benign,Benign,0.0002383602986810729
Benign,Benign,0.0811496824026107
Benign,Benign,0.0008775853202678263
Benign,Benign,3.627082332968712e-05
Benign,Benign,0.00023902389511931688
Benign,Benign,0.0030189824756234
Benign,Benign,0.0014316221931949
Benign,Benign,0.0075312997214496
Benign,Benign,0.0002202232280978933
Benign,Benign,0.0120444996282458
Benign,Benign,0.0035781171172857
Benign,Benign,5.6851662520784885e-05
Benign,Benign,3.528242086758837e-05
Benign,Benign,0.0025040230248123
Benign,Benign,6.627031689276919e-05
Benign,Benign,0.0290620513260364
Benign,Benign,0.00038069425499998033
Benign,Benign,0.0040010171942412
Benign,Benign,0.0017169504426419
Benign,Benign,0.0029041464440524
Benign,Benign,0.0003818501136265695
Benign,Benign,0.0116048250347375
Benign,Benign,0.0070363930426537
Benign,Benign,0.0096717281267046
Benign,Benign,0.0007981345988810062
Benign,Benign,0.0004747553903143853
Benign,Benign,0.1305971145629882
Benign,Benign,0.0039789504371583
Benign,Benign,0.0036467683967202
Benign,Benign,0.00038326659705489874
Benign,Benign,0.0018536882707849
Benign,Benign,0.00037474167766049504
Benign,Benign,0.00011010657908627763
Benign,Benign,0.015096410177648
Benign,Benign,0.0126613248139619
Benign,Benign,0.0003388731565792113
Benign,Benign,0.0007584362174384296
Benign,Benign,6.426939216908067e-05
Benign,Benign,0.0362777411937713
Benign,Benign,0.0429987870156765
Benign,Benign,0.0023115307558327
Benign,Benign,0.0009530590614303946
Benign,Benign,0.0093494085595011
Benign,Benign,7.877467578509822e-05
Benign,Benign,0.000330051378114149
Benign,Benign,9.279901132686064e-05
Benign,Benign,8.059472747845575e-05
Benign,Benign,0.0001686130417510867
Benign,Benign,4.436708695720881e-05
Benign,Benign,0.0004257286782376468
Benign,Benign,0.0010150939924642
Benign,Benign,0.0046112616546452
Benign,Benign,0.0003793373762164265
Benign,Benign,0.0003569316759239882
Benign,Benign,0.0153163904324173
Benign,Benign,0.0094496086239814
Benign,Benign,0.0008409261936321855
Benign,Benign,0.00024379216483794155
Benign,Benign,0.0003021648444700986
Benign,Benign,0.0007429831312038004
Benign,Benign,0.0006122831837274134
Benign,Benign,0.0077101239003241
Benign,Benign,0.0006074621924199164
Benign,Benign,0.0020903940312564
Benign,Benign,0.0006149620749056339
Benign,Benign,1.5139366951189004e-05
Benign,Benign,0.0174265224486589
Benign,Benign,0.0004639084509108216
Benign,Benign,0.0179171692579984
Benign,Benign,0.0003989998367615044
Benign,Benign,0.0593113228678703
Benign,Benign,0.00024896059767343104
Benign,Benign,0.0151822380721569
Benign,Benign,0.00024627792299725115
Benign,Benign,0.0226864889264106
Benign,Benign,0.0038122769910842
Benign,Benign,0.0516388230025768
Benign,Benign,0.0002722592034842819
Benign,Benign,0.007358883973211
Benign,Benign,0.0004613832570612431
Benign,Benign,0.006393086630851
Benign,Benign,0.0008884862181730568
Benign,Benign,0.0034620494116097
Benign,Benign,0.0176962614059448
Benign,Benign,0.0008931651245802641
Benign,Benign,0.0142431994900107
Benign,Benign,0.00019326807523611933
Benign,Benign,6.947365909582004e-05
Benign,Benign,0.0003914077242370695
Benign,Benign,0.0097322342917323
Benign,Benign,0.0025381708983331
Benign,Benign,0.0025761139113456
Benign,Benign,0.0190333221107721
Benign,Benign,0.0007753459503874183
Benign,Benign,0.0007522777887061238
Benign,Benign,0.0035421350039541
Benign,Benign,0.001414643600583
Benign,Benign,0.00015433217049576342
Benign,Benign,0.0004637639212887734
Benign,Benign,0.0007488799747079611
Benign,Benign,0.0015754888299852
Benign,Benign,0.00013458674948196858
Benign,Benign,0.0016039609909057
Benign,Benign,0.0035777280572801
Benign,Benign,0.0004238738329149783
Benign,Benign,0.0024487285409122
Benign,Benign,0.0043855626136064
Benign,Benign,0.002288477262482
Benign,Benign,0.0016819614684209
Benign,Benign,0.0006096299621276557
Benign,Benign,0.0202158968895673
Benign,Benign,0.00032058116630651057
Benign,Benign,1.0782839126477484e-05
Benign,Benign,0.0003948286757804453
Benign,Benign,0.0382284894585609
Benign,Benign,0.0006055543199181557
Benign,Benign,0.0023939551319926
Benign,Benign,0.0023725924547761
Benign,Benign,0.0005857545766048133
Benign,Benign,0.0011656282003968
Benign,Benign,0.0017516595544293
Benign,Benign,0.0015147633384913
Benign,Benign,0.0001193075513583608
Benign,Benign,0.0113671142607927
Benign,Benign,0.0026823540683835
Benign,Benign,0.000702056975569576
Benign,Benign,0.0006179829360917211
Benign,Benign,0.0024572717957198
Benign,Benign,0.0010274583473801
Benign,Benign,0.00278021232225
Benign,Benign,0.0111496904864907
Benign,Benign,0.0012503648176789
Benign,Benign,0.0004774543340317905
Benign,Benign,0.00018268074200022968
Benign,Benign,0.002213996136561
Benign,Benign,0.0005144701572135091
Benign,Benign,0.0005560152349062264
Benign,Benign,0.00014957302482798696
Benign,Benign,0.0031998739577829
Benign,Benign,0.0024231951683759
Benign,Benign,0.0015239641070365
Benign,Benign,0.0052844583988189
Benign,Benign,6.140639743534848e-05
Benign,Benign,0.0093484204262495
Benign,Benign,0.0002198791335104033
Benign,Benign,0.00021620736515615133
Benign,Benign,0.0049137873575091
Benign,Benign,0.0136559419333934
Benign,Benign,0.0024854831863194
Benign,Benign,0.00016156320634763688
Benign,Benign,0.0083264177665114
Benign,Benign,0.0018683109665289
Benign,Benign,0.000915605458430946
Benign,Benign,0.0119925606995821
Benign,Benign,0.0027305148541927
Benign,Benign,0.0011350703425705
Benign,Benign,0.0046975761651992
Benign,Benign,0.00012952765973750502
Benign,Benign,0.0003684773691929877
Benign,Benign,0.000542169960681349
Benign,Benign,0.0015302357496693
Benign,Benign,0.0046061798930168
Benign,Benign,0.0022209689486771
Benign,Benign,6.995263538556173e-05
Benign,Benign,0.000359033903805539
Benign,Benign,0.0013612022157758
Benign,Benign,0.001951623475179
Benign,Benign,0.0007847340311855078
Benign,Benign,0.0067712231539189
Benign,Benign,0.0042597311548888
Benign,Benign,0.0213845688849687
Benign,Benign,2.456558468111325e-05
Benign,Benign,0.0045476504601538
Benign,Benign,0.0005871072062291205
Benign,Benign,0.0028556552715599
Benign,Benign,0.0009401628631167114
Benign,Benign,0.0011178081622347
Benign,Benign,0.0004725709732156247
Benign,Benign,0.00014212362293619665
Benign,Benign,0.00021442641445901245
Benign,Benign,8.287958917208016e-05
Benign,Benign,0.1324004530906677
Benign,Benign,0.0037250430323183
Benign,Benign,0.0006224989192560315
Benign,Benign,0.0001653921935940161
Benign,Benign,0.0005661998875439167
Benign,Benign,0.0015455090906471
Benign,Benign,0.0077920774929225
Benign,Benign,0.0834534466266632
Benign,Benign,0.0009479482541792096
Benign,Benign,0.0046192416921257
Benign,Benign,0.000104930586530827
Benign,Benign,0.0017634612740948
Benign,Benign,5.503744614543393e-05
Benign,Benign,0.0007807029178366065
Benign,Benign,0.0001162009939434938
Benign,Benign,0.0263510644435882
Benign,Benign,5.93751719861757e-05
Benign,Benign,0.0075180707499384
Benign,Benign,0.00013387177023105323
Benign,Benign,0.0033457232639193
Benign,Benign,0.1636087745428085
Benign,Benign,0.0017818408086895
Benign,Benign,0.0002008352166740224
Benign,Benign,0.0119335735216736
Benign,Benign,0.0006294696358963847
Benign,Benign,0.0026302663609385
Benign,Benign,0.0053363293409347
Benign,Benign,0.0005585731123574078
Benign,Benign,0.0003480080340523273
Benign,Benign,3.082288458244875e-05
Benign,Benign,0.00010743076563812792
Benign,Benign,0.0008953887154348195
Benign,Benign,0.1951688975095749
Benign,Benign,0.0027203783392906
Benign,Benign,0.0023357269819825
Benign,Benign,8.479826647089794e-05
Benign,Benign,0.0013792857062071
Benign,Benign,0.00022371840896084905
Benign,Benign,0.0070850471965968
Benign,Benign,9.423284063814208e-05
Benign,Benign,0.0007134770276024938
Benign,Benign,0.0006021704175509512
Benign,Benign,0.000542169960681349
Benign,Benign,0.0385412871837616
Benign,Benign,0.0022407881915569
Benign,Benign,0.0008120938437059522
Benign,Benign,0.0016779541037976
Benign,Benign,0.0006535009597428143
Benign,Benign,0.0176076292991638
Benign,Benign,0.0008716621086932719
Benign,Benign,0.0032735751010477
Benign,Benign,0.0002994415699504316
Benign,Benign,0.0023418865166604
Benign,Benign,0.0003426150360610336
Benign,Benign,0.0002606780908536166
Benign,Benign,0.0012444799067452
Benign,Benign,0.00063494429923594
Benign,Benign,0.0008766709361225367
Benign,Benign,0.0045465733855962
Benign,Benign,0.0003463827015366405
Benign,Benign,0.0111081656068563
Benign,Benign,0.0068716611713171
Benign,Benign,0.000324358232319355
Benign,Benign,0.0028357652481645
Benign,Benign,0.0045640897005796
Benign,Benign,0.0027193697169423
Benign,Benign,7.477018516510725e-05
Benign,Benign,0.0173133146017789
Benign,Benign,0.0010008920216932
Benign,Benign,0.0034156083129346
Benign,Benign,0.0412813462316989
Benign,Benign,0.0014476547949016
Benign,Benign,0.1350535601377487
Benign,Benign,0.0048875785432755
Benign,Benign,5.439498272608034e-05
Benign,Benign,0.0102205285802483
Benign,Benign,0.0068368487991392
Benign,Benign,0.0009562155464664102
Benign,Benign,4.709390850621276e-05
Benign,Benign,0.0154583333060145
Benign,Benign,0.0035754747223109
Benign,Benign,0.0009406054741702974
Benign,Benign,0.0012890513753518
Benign,Benign,0.0266364160925149
Benign,Benign,0.0038548910524696
Benign,Benign,0.0543426498770713
Benign,Benign,0.0027757750358432
Benign,Benign,0.0029560765251517
Benign,Benign,0.0023206539917737
Benign,Benign,0.0004538880311883986
Benign,Benign,0.0016039609909057
Benign,Benign,0.0023629430215805
Benign,Benign,0.0009859419660642743
Benign,Benign,0.0051031243056058
Benign,Benign,0.0002666003711055964
Benign,Benign,0.0198169127106666
Benign,Benign,0.0093700122088193
Benign,Benign,0.0003239824145566672
Benign,Benign,0.0002228291996289045
Benign,Benign,0.0095324935391545
Benign,Benign,0.0058353780768811
Benign,Benign,0.0017378771444782
Benign,Benign,0.0026929497253149
Benign,Benign,0.003655057400465
Benign,Benign,0.0008302542264573276
Benign,Benign,0.0002934399817604572
Benign,Benign,0.0135309966281056
Benign,Benign,0.0095629300922155
Benign,Benign,0.0001947347627719864
Benign,Benign,0.00027138067525811493
Benign,Benign,0.00025763941812328994
Benign,Benign,0.0095082391053438
Benign,Benign,0.0090428469702601
Benign,Benign,0.0060426485724747
Benign,Benign,0.0006997101590968668
Benign,Benign,0.0063320593908429
Benign,Benign,0.0001550783053971827
Benign,Benign,0.000640259007923305
Benign,Benign,0.0002912089985329658
Benign,Benign,3.211488001397811e-05
Benign,Benign,0.0043089087121188
Benign,Benign,0.000395242910599336
Benign,Benign,4.548757351585664e-05
Benign,Benign,0.000795565836597234
Benign,Benign,0.0018653345759958
Benign,Benign,0.0007938516791909933
Benign,Benign,0.0394405238330364
Benign,Benign,0.0008991092327050865
Benign,Benign,0.0018288906430825
Benign,Benign,0.0020362117793411
Benign,Benign,0.0011583208106458
Benign,Benign,0.0006700519006699324
Benign,Benign,0.0006208497215993702
Benign,Benign,1.4271465261117555e-05
Benign,Benign,0.0006971615366637707
Benign,Benign,0.0115656368434429
Benign,Benign,0.0024185669608414
Benign,Benign,6.532438419526443e-05
Benign,Benign,0.0008776438771747053
Benign,Benign,2.413080801488832e-05
Benign,Benign,0.00010627035226207228
Benign,Benign,0.0032812485005706
Benign,Benign,0.0639090985059738
Benign,Benign,0.0022428936790674
Benign,Benign,0.00029740590252913535
Benign,Benign,0.004557694774121
Benign,Benign,0.00024438934633508325
Benign,Benign,0.0011132444487884
Benign,Benign,0.0744195058941841
Benign,Benign,0.00011771068966481836
Benign,Benign,0.0100591331720352
Benign,Benign,0.0105308098718523
Benign,Benign,7.314678805414587e-05
Benign,Benign,0.0031641856767237
Benign,Benign,5.596844493993558e-05
Benign,Benign,0.0071665234863758
Benign,Benign,0.00031359432614408433
Benign,Benign,0.0002967948967125267
Benign,Benign,0.0321352519094944
Benign,Benign,0.0013723941519856
Benign,Benign,0.00031018260051496327
Benign,Benign,0.00027693359879776835
Benign,Benign,0.0009911252418532968
Benign,Benign,0.00019407301442697644
Benign,Benign,0.0304939579218626
Benign,Benign,9.96856761048548e-06
Benign,Benign,0.0006162222707644105
Benign,Benign,0.0032541505061089
Benign,Benign,4.869572512689047e-05
Benign,Benign,0.0044040875509381
Benign,Benign,0.0236390456557273
Benign,Benign,0.0004685739113483578
Benign,Benign,0.0026300486642867
Benign,Benign,0.0010536179179325
Benign,Malicious,0.4625291526317596
Benign,Benign,0.00043354241643100977
Benign,Benign,0.0007489716517738998
Benign,Benign,0.1466024816036224
Benign,Benign,0.012271205894649
Benign,Benign,0.0001788919762475416
Benign,Benign,2.379763100179844e-05
Benign,Benign,0.0018341543618589
Benign,Benign,0.0089423572644591
Benign,Benign,0.0014444675762206
Benign,Benign,0.010942549444735
Benign,Benign,0.0090318378061056
Benign,Benign,0.0026630964130163
Benign,Benign,0.0027472942601889
Benign,Benign,0.000194729000213556
Benign,Benign,0.0079243332147598
Benign,Benign,0.0017066849395632
Benign,Benign,0.0002516726963222027
Benign,Benign,0.0034649048466235
Benign,Benign,0.0006620254134759307
Benign,Benign,0.0123544381931424
Benign,Benign,0.0042671076953411
Benign,Benign,0.0008078711689449847
Benign,Benign,0.000889764167368412
Benign,Benign,0.0054055000655353
Benign,Benign,0.00028300887788645923
Benign,Benign,0.00027432703063823283
Benign,Benign,0.0003747891751118004
Benign,Benign,0.0013061377685517
Benign,Benign,0.0002455585927236825
Benign,Benign,0.0026116585358977
Benign,Benign,0.002467265818268
Benign,Benign,0.0013213909696787
Benign,Benign,0.0008890475728549063
Benign,Benign,5.503744614543393e-05
Benign,Benign,0.0318132862448692
Benign,Benign,0.0012135520810261
Benign,Benign,0.0053784702904522
Benign,Benign,0.0009672259911894798
Benign,Benign,0.0022363991010934
Benign,Benign,0.0007427336531691253
Benign,Benign,0.0007069726125337183
Benign,Benign,0.00026766114751808345
Benign,Benign,0.0008726422674953938
Benign,Benign,4.3847496272064745e-05
Benign,Benign,0.0064555210992693
Benign,Benign,0.0010380765888839
Benign,Benign,0.0043483357876539
Benign,Benign,0.000708273146301508
Benign,Benign,0.0037790217902511
Benign,Benign,0.0096018854528665
Benign,Benign,0.0006846344331279397
Benign,Benign,0.0002637646393850446
Benign,Benign,0.0672423914074897
Benign,Benign,0.0012313589686527
Benign,Benign,0.0072131850756704
Benign,Benign,0.0003492234682198614
Benign,Benign,0.0021719196811318
Benign,Benign,0.0022112547885626
Benign,Benign,0.0001055767497746274
Benign,Benign,0.0205384623259305
Benign,Benign,0.0003049163497053087
Benign,Benign,0.0001848063984652981
Benign,Benign,0.00034684562706388533
Benign,Benign,0.008433248847723
Benign,Benign,6.88590735080652e-05
Benign,Benign,0.00021890770585741848
Benign,Benign,0.0024996118154376
Benign,Benign,0.0003564435464795679
Benign,Benign,0.0008145060273818672
Benign,Benign,0.0026684957556426
Benign,Benign,0.0156359933316707
Benign,Benign,0.0005444090929813683
Benign,Benign,0.0024487285409122
Benign,Benign,0.0016810393426567
Benign,Benign,0.0006329824100248516
Benign,Benign,0.000881049782037735
Benign,Benign,0.0050697587430477
Benign,Benign,0.00017148633196484298
Benign,Benign,0.0001453552395105362
Benign,Benign,0.00012104501365683971
Benign,Benign,0.00013960905198473483
Benign,Benign,0.0656119436025619
Benign,Benign,0.0023159347474575
Benign,Benign,0.001406789640896
Benign,Benign,0.00035564691643230617
Benign,Benign,0.0003554735158104449
Benign,Benign,0.0009959893068298695
Benign,Benign,5.005567072657868e-05
Benign,Benign,0.0011111499043181
Benign,Benign,0.0122755877673625
Benign,Benign,0.0009278967045247556
Benign,Benign,0.0322521701455116
Benign,Benign,0.0018792856717482
Benign,Benign,0.0013652744237333
Benign,Benign,0.0008308188989758492
Benign,Benign,0.0033530483487993
Benign,Benign,0.0067210467532277
Benign,Benign,0.0059332600794732
Benign,Benign,0.0004110706504434347
Benign,Benign,0.0003247936256229877
Benign,Benign,0.000542941561434418
Benign,Benign,0.003410727949813
Benign,Benign,0.0297018121927976
Benign,Benign,0.0184209682047367
Benign,Benign,0.0012777025112882
Benign,Benign,0.0020609255880117
Benign,Benign,0.0016238844254985
Benign,Benign,0.1890734285116195
Benign,Benign,0.00063359021442011
Benign,Benign,0.0038956960197538
Benign,Benign,0.022742198780179
Benign,Benign,9.651743312133476e-05
Benign,Benign,0.003470939816907
Benign,Benign,0.0098911831155419
Benign,Benign,0.0018173696007579
Benign,Benign,0.0015015954850241
Benign,Benign,0.0072435294277966
Benign,Benign,0.0007400086615234613
Benign,Benign,0.0024308029096573
Benign,Benign,0.0028811139054596
Benign,Benign,0.0116638727486133
Benign,Benign,0.0020311861298978
Benign,Benign,0.0053741764277219
Benign,Benign,0.0037745202425867
Benign,Benign,0.0003625620738603175
Benign,Benign,0.0004519157228060066
Benign,Benign,0.00077097985194996
Benign,Benign,0.0018183412030339
Benign,Benign,0.0096924444660544
Benign,Benign,0.0016987529816105
Benign,Benign,0.0006100862519815564
Benign,Benign,0.0001282828743569553
Benign,Benign,0.00036205173819325853
Benign,Benign,0.0062920809723436
Benign,Benign,0.0002516726963222027
Benign,Benign,0.00012382821296341717
Benign,Benign,0.0004305940528865904
Benign,Benign,0.0077695520594716
Benign,Benign,0.0003821749414782971
Benign,Benign,0.0009674960747361184
Benign,Benign,0.0005712633719667792
Benign,Benign,0.0027265432290732
Benign,Benign,0.0006766184815205634
Benign,Benign,0.0009007418993860484
Benign,Benign,0.0001423710200469941
Benign,Benign,0.000690535525791347
Benign,Benign,0.00021707118139602244
Benign,Benign,2.477175803505816e-05
Benign,Benign,0.0537936463952064
Benign,Benign,5.215797500568442e-05
Benign,Benign,0.0001904993987409398
Benign,Benign,0.0202404726296663
Benign,Benign,0.0009673827444203198
Benign,Benign,4.1967254219343886e-05
Benign,Benign,0.0006651990697719157
Benign,Benign,0.0005076794186607003
Benign,Benign,0.00015071622328832746
Benign,Benign,0.0017350179841741
Benign,Benign,0.0026016281917691
Benign,Benign,0.0901469886302948
Benign,Benign,0.0003225856344215572
Benign,Benign,0.00017089788161683828
Benign,Benign,0.0003641496005002409
Benign,Benign,0.0022521740756928
Benign,Benign,0.0005306137027218938
Benign,Benign,0.0011496733641251
Benign,Benign,0.0129124848172068
Benign,Benign,0.0114395273849368
Benign,Benign,0.013576497323811
Benign,Benign,0.00047364752390421927
Benign,Benign,0.0012476708507165
Benign,Benign,0.0012013465166091
Benign,Benign,0.0089000454172492
Benign,Benign,8.620476728538051e-05
Benign,Benign,0.0050569796003401
Benign,Benign,0.0003481560561340302
Benign,Benign,0.0018266992410644
Benign,Benign,0.0033185363281518
Benign,Benign,0.0046183890663087
Benign,Benign,0.000432095053838566
Benign,Benign,0.0017737706657499
Benign,Benign,0.0235515944659709
Benign,Benign,0.0030867999885231
Benign,Benign,0.0082005085423588
Benign,Benign,0.002344416687265
Benign,Benign,3.755387751880335e-06
Benign,Benign,0.0675066336989402
Benign,Benign,0.0058215404860675
Benign,Benign,0.00012197065370855852
Benign,Benign,0.0047837141901254
Benign,Benign,0.0371021255850791
Benign,Benign,0.0128590324893593
Benign,Benign,0.025046482682228
Benign,Benign,8.060063555603847e-05
Benign,Benign,0.0010867960518226
Benign,Benign,0.033558215945959
Benign,Benign,0.0014608761994168
Benign,Benign,0.0019444228382781
Benign,Benign,0.00026973464991897345
Benign,Benign,0.00135681591928
Benign,Benign,0.003044654848054
Benign,Benign,0.0031341875437647
Benign,Benign,0.0005504287546500564
Benign,Benign,0.0092525267973542
Benign,Benign,0.0007112062303349376
Benign,Benign,0.0022512441501021
Benign,Benign,0.0077883214689791
Benign,Benign,0.002495925175026
Benign,Benign,0.0033400785177946
Benign,Benign,0.0035289258230477
Benign,Benign,0.0006089711096137762
Benign,Benign,0.0055119157768785
Benign,Benign,0.0016560307703912
Benign,Benign,0.00021942028251942247
Benign,Benign,0.0001390682882629335
Benign,Benign,0.0025462007615715
Benign,Benign,0.002363471314311
Benign,Benign,0.0006662656087428331
Benign,Benign,0.010272242128849
Benign,Benign,0.007443037815392
Benign,Benign,0.00012382821296341717
Benign,Benign,6.317874795058742e-05
Benign,Benign,0.0320126488804817
Benign,Benign,0.0004056331526953727
Benign,Benign,0.000793134793639183
Benign,Benign,0.1324004530906677
Benign,Benign,0.0074204383417963
Benign,Benign,0.0166540648788213
Benign,Benign,0.0039488729089498
Benign,Benign,0.0493059866130352
Benign,Benign,0.0028747918549925
Benign,Benign,0.0032342919148504
Benign,Benign,0.0018576681613922
Benign,Benign,0.0023493559565395
Benign,Benign,0.0016402994515374
Benign,Benign,0.0264310277998447
Benign,Benign,0.0025860019959509
Benign,Benign,0.0003499504819046706
Benign,Benign,0.0032747329678386
Benign,Benign,0.0008094523218460381
Benign,Benign,0.0005585731123574078
Benign,Benign,0.001186974113807
Benign,Benign,0.0003978907479904592
Benign,Benign,0.0231886282563209
Benign,Benign,0.0003460478619672358
Benign,Benign,0.0042417664080858
Benign,Benign,0.0006007439224049449
Benign,Benign,0.0011442836839705
Benign,Benign,0.0010854261927306
Benign,Benign,0.0032221027649939
Benign,Benign,0.010181232355535
Benign,Benign,0.0012187126558274
Benign,Benign,0.0010346544440835
Benign,Benign,0.0007066678372211754
Benign,Benign,0.0007051363936625421
Benign,Benign,0.0008324088994413614
Benign,Benign,4.614737190422602e-05
Benign,Benign,0.012659715488553
Benign,Benign,0.0511393286287784
Benign,Benign,0.0532297417521476
Benign,Benign,0.001232333946973
Benign,Benign,0.0038092827890068
Benign,Benign,0.0010276912944391
Benign,Benign,0.0044726626947522
Benign,Malicious,0.2884138822555542
Benign,Benign,0.0406956821680069
Benign,Benign,0.0611707419157028
Benign,Benign,0.00011249200906604528
Benign,Benign,9.992745617637412e-05
Benign,Benign,0.0340895503759384
Benign,Benign,0.0093819880858063
Benign,Benign,0.0027409235481172
Benign,Benign,0.0004308853531256318
Benign,Benign,0.0475032031536102
Benign,Benign,0.0060992934741079
Benign,Benign,0.0019487072713673
Benign,Benign,0.0027818321250379
Benign,Benign,0.001742428750731
Benign,Benign,0.0944274812936782
Benign,Benign,0.003053521271795
Benign,Benign,0.0028295051306486
Benign,Benign,0.0166616644710302
Benign,Benign,0.00031758478144183755
Benign,Benign,0.00022812356473878023
Benign,Benign,0.0015801123809069
Benign,Benign,0.0184086803346872
Benign,Benign,0.0510232076048851
Benign,Benign,0.0004197899252176285
Benign,Benign,0.0046832850202918
Benign,Benign,0.0005210891249589622
Benign,Benign,0.0022215258795768
Benign,Benign,0.0023822668008506
Benign,Benign,0.00038323720218613744
Benign,Benign,0.0014732616255059
Benign,Benign,4.717027331935242e-05
Benign,Benign,0.0950745269656181
Benign,Benign,0.0048087094910442
Benign,Benign,0.0006278902292251587
Benign,Benign,0.0005176530103199184
Benign,Benign,0.002439625095576
Benign,Benign,0.0099664907902479
Benign,Benign,0.0011315897572785
Benign,Benign,0.0069074253551661
Benign,Benign,0.0032749166712164
Benign,Benign,0.00017077488882932812
Benign,Benign,0.0081721255555748
Benign,Benign,0.00327546778135
Benign,Benign,0.0001222081482410431
Benign,Benign,0.0018864898011088
Benign,Benign,0.0004268100019544363
Benign,Benign,0.0007331653614528477
Benign,Benign,0.0038653479423373
Benign,Benign,0.0005666404613293707
Benign,Benign,0.0048990622162818
Benign,Benign,0.0156136015430092
Benign,Benign,0.0005443452973850071
Benign,Benign,0.0012004754971712
Benign,Benign,0.0146870706230402
Benign,Benign,0.00033962330780923367
Benign,Benign,0.00013968627899885178
Benign,Benign,0.037259042263031
Benign,Benign,0.0010500596836209
Benign,Benign,0.0029177151154726
Benign,Benign,1.2305858035688289e-05
Benign,Benign,0.00014240115706343204
Benign,Benign,0.0017728277016431
Benign,Benign,0.000265049806330353
Benign,Benign,0.0296363923698663
Benign,Benign,0.0028777718544006
Benign,Benign,0.0003976408625021577
Benign,Benign,0.0012928476789966
Benign,Benign,0.0032884704414755
Benign,Benign,0.012638353742659
Benign,Benign,0.0138393985107541
Benign,Benign,0.0001323783362749964
Benign,Benign,0.0006226971163414419
Benign,Benign,0.0035129319876432
Benign,Benign,0.0011183480964973
Benign,Benign,0.0700627416372299
Benign,Benign,0.0038375770673155
Benign,Benign,0.0202384535223245
Benign,Benign,0.000981756835244596
Benign,Benign,0.0008575745741836727
Benign,Benign,0.0084886662662029
Benign,Benign,1.8779826859827157e-05
Benign,Benign,0.0010071890428662
Benign,Benign,0.0012497534044086
Benign,Benign,0.0015746760182082
Benign,Benign,0.0077669019810855
Benign,Benign,0.0002202585164923221
Benign,Benign,0.0004687430046033114
Benign,Benign,0.0006764031131751835
Benign,Benign,0.0001310626685153693
Benign,Benign,0.0034445368219166
Benign,Benign,0.0005155447288416326
Benign,Benign,0.00045215743011794973
Benign,Benign,0.0100437458604574
Benign,Benign,0.0010455173905938
Benign,Benign,0.0535738132894039
Benign,Benign,0.006521547678858
Benign,Benign,0.0383004434406757
Benign,Benign,0.0032906560227274
Benign,Benign,0.000304518936900422
Benign,Benign,0.0004665142332669348
Benign,Benign,0.000775065622292459
Benign,Benign,0.010161904618144
Benign,Benign,7.377669680863619e-05
Benign,Benign,0.0005854766350239515
Benign,Benign,0.0038380764890462
Benign,Benign,0.0076071834191679
Benign,Benign,0.016878992319107
Benign,Benign,0.0055982801131904
Benign,Benign,0.0015352753689512
Benign,Benign,0.000268819130724296
Benign,Benign,0.004316568840295
Benign,Benign,0.1287898272275924
Benign,Benign,0.0003057200228795409
Benign,Benign,0.0150679573416709
Benign,Benign,0.0004096559132449329
Benign,Benign,0.0016594146145507
Benign,Benign,0.00010183384438278154
Benign,Benign,0.0036402679979801
Benign,Benign,0.0007302914164029062
Benign,Benign,0.012928350828588
Benign,Benign,0.0003910608647856861
Benign,Benign,0.0051752943545579
Benign,Benign,0.0010205362923443
Benign,Benign,0.0003045238554477692
Benign,Benign,0.0096257673576474
Benign,Benign,0.00041787727968767285
Benign,Benign,0.0434116832911968
Benign,Benign,0.00034674431663006544
Benign,Benign,0.00012062731548212469
Benign,Benign,0.0010661000851541
Benign,Benign,0.00019557864288799465
Benign,Benign,0.0373171120882034
Benign,Benign,0.0002794002648442984
Benign,Benign,0.006602281704545
Benign,Benign,0.0012434846721589
Benign,Benign,0.0012819208204746
Benign,Benign,0.0120330769568681
Benign,Benign,0.000978147378191352
Benign,Benign,0.0081127090379595
Benign,Benign,0.00023404521925840527
Benign,Benign,0.0007081641815602779
Benign,Benign,0.00010189427121076732
Benign,Benign,0.0028845227789133
Benign,Benign,0.001091567450203
Benign,Benign,0.0008232225081883371
Benign,Benign,0.00016984858666546643
Benign,Benign,0.0083315623924136
Benign,Benign,0.0005094378138892353
Benign,Benign,0.0039504561573266
Benign,Benign,0.0013176710344851
Benign,Benign,0.0078612165525555
Benign,Benign,0.00036466220626607537
Benign,Benign,0.0017135334201157
Benign,Benign,0.0004346899513620883
Benign,Benign,0.0063197314739227
Benign,Benign,0.0001229361951118335
Benign,Benign,0.00012579777103383094
Benign,Benign,0.0007748838979750872
Benign,Benign,0.00031446883804164827
Benign,Benign,0.0006031866068951786
Benign,Benign,0.0020196703262627
Benign,Benign,0.0017509275348857
Benign,Benign,0.0009129384998232126
Benign,Benign,0.0049433913081884
Benign,Benign,0.0003864454629365355
Benign,Benign,3.719248707056977e-05
Benign,Benign,0.0004779745941050351
Benign,Benign,0.0017598128179088
Benign,Benign,0.00034335596137680113
Benign,Benign,0.0006306802970357239
Benign,Benign,0.0027597355656325
Benign,Benign,0.0036791872698813
Benign,Benign,0.0014833841705694
Benign,Benign,0.0184203255921602
Benign,Benign,0.0011222620960325
Benign,Benign,0.0014615218387916
Benign,Benign,0.00012100322783226149
Benign,Benign,0.0008396822959184647
Benign,Benign,0.0079649966210126
Benign,Benign,0.00023599356063641608
Benign,Benign,0.0003566410159692168
Benign,Benign,0.0002095553500112146
Benign,Benign,0.00015129188250284642
Benign,Benign,0.0039572524838149
Benign,Benign,0.000217722452362068
Benign,Benign,0.0677581876516342
Benign,Benign,0.0035741105675697
Benign,Benign,0.0037759011611342
Benign,Benign,0.00013458674948196858
Benign,Benign,0.000182742063771002
Benign,Benign,0.0028209786396473
Benign,Benign,0.0155123332515358
Benign,Benign,0.00032704975455999374
Benign,Benign,0.0294789597392082
Benign,Benign,0.0029114764183759
Benign,Benign,0.0021903493907302
Benign,Benign,0.0001565099082654342
Benign,Benign,0.0105172097682952
Benign,Benign,0.0014378285268321
Benign,Benign,0.0043204049579799
Benign,Benign,0.00015613027790095657
Benign,Benign,6.333812780212611e-05
Benign,Benign,0.0017611485673114
Benign,Benign,0.00027935445541515946
Benign,Benign,0.0002267993113491684
Benign,Benign,0.0002006045979214832
Benign,Benign,0.013202772475779
Benign,Benign,0.0009907319908961654
Benign,Benign,0.00013458674948196858
Benign,Benign,0.0018193194409832
Benign,Benign,0.005928480066359
Benign,Benign,0.0006815945380367339
Benign,Benign,0.0007122766110114753
Benign,Benign,0.0002534688974265009
Benign,Benign,0.0400384850800037
Benign,Benign,0.011281301267445
Benign,Benign,0.001882977085188
Benign,Benign,6.198609480634332e-05
Benign,Benign,0.0003787041350733489
Benign,Benign,0.0017281397012993
Benign,Benign,0.0012889992212876
Benign,Benign,0.0036721425130963
Benign,Benign,0.0064040883444249
Benign,Benign,0.0026644228491932
Benign,Benign,0.0004027018730994314
Benign,Benign,0.1225542202591896
Benign,Benign,0.0001652794744586572
Benign,Benign,0.001204737345688
Benign,Benign,0.00029308180091902614
Benign,Benign,0.0005199651350267231
Benign,Benign,0.0010049503762274
Benign,Benign,0.0003800013510044664
Benign,Benign,0.000349611509591341
Benign,Benign,0.004750607535243
Benign,Benign,0.0020439627114683
Benign,Benign,0.0054099624976515
Benign,Benign,0.0079024340957403
Benign,Benign,0.0004397538432385773
Benign,Benign,0.0009626953396946192
Benign,Benign,0.0281638447195291
Benign,Benign,0.00031524719088338315
Benign,Benign,0.0004689322668127716
Benign,Benign,5.753708319389261e-05
Benign,Benign,0.0009380168048664927
Benign,Benign,0.0010324232280254
Benign,Benign,0.0007939916104078293
Benign,Benign,2.4083356038318016e-05
Benign,Malicious,0.3916653990745544
Benign,Benign,0.00022391154197975996
Benign,Benign,0.0007914399029687047
Benign,Benign,0.0012177077587693
Benign,Benign,3.989879041910172e-05
Benign,Benign,0.001752549316734
Benign,Benign,0.0015267222188413
Benign,Benign,0.0135624622926115
Benign,Benign,8.898354280972853e-05
Benign,Benign,0.0063213845714926
Benign,Benign,0.0003758697421289981
Benign,Benign,0.001404168899171
Benign,Benign,0.00019504287047311664
Benign,Benign,7.83652940299362e-05
Benign,Benign,0.002764951903373
Benign,Benign,0.0002716454619076103
Benign,Benign,5.741332279285416e-05
Benign,Benign,0.0065816636197268
Benign,Benign,0.0161035098135471
Benign,Benign,0.0014453826006501
Benign,Benign,0.0001875629968708381
Benign,Benign,0.0226322524249553
Benign,Benign,0.00013718186528421938
Benign,Benign,0.0001742461754474789
Benign,Benign,0.0006214843597263098
Benign,Benign,0.0001408731477567926
Benign,Benign,0.00034407831844873726
Benign,Benign,0.0134038608521223
Benign,Benign,0.0031311381608247
Benign,Benign,0.0002207649959018454
Benign,Benign,0.0479916855692863
Benign,Benign,0.0027870053891092
Benign,Benign,3.612552973208949e-05
Benign,Benign,0.0020415354520082
Benign,Benign,0.0007225191802717745
Benign,Benign,0.0055333878844976
Benign,Benign,0.0039534950628876
Benign,Benign,0.0006575132720172405
Benign,Benign,0.0036158175207674
Benign,Benign,0.0027322606183588
Benign,Benign,0.0041229208000004
Benign,Benign,0.0011685675708577
Benign,Benign,0.0003566114464774728
Benign,Benign,0.0018493472598493
Benign,Benign,0.0016488517867401
Benign,Benign,0.0020696946885436
Benign,Benign,0.0010063621448352
Benign,Benign,2.064347245323006e-05
Benign,Benign,0.00021550347446464
Benign,Benign,0.0004653250507544726
Benign,Benign,0.0044121970422565
Benign,Benign,0.0312529616057872
Benign,Benign,0.005001681856811
Benign,Benign,0.0002143611927749589
Benign,Benign,0.0011593418894335
Benign,Benign,0.0024403179995715
Benign,Benign,0.0019329165806993
Benign,Benign,0.2208624631166458
Benign,Benign,0.0034596878103911
Benign,Benign,0.0151243703439831
Benign,Benign,0.00044125187559984624
Benign,Benign,0.0132835898548364
Benign,Benign,0.0156600326299667
Benign,Benign,0.0003813342773355544
Benign,Benign,0.0081078987568616
Benign,Benign,0.003421934787184
Benign,Benign,0.0014918048400431
Benign,Benign,0.0020947600714862
Benign,Benign,0.0045615406706929
Benign,Benign,0.0016252340283244
Benign,Benign,0.0018472492229193
Benign,Benign,0.0003514995914883912
Benign,Benign,0.0005585462204180658
Benign,Benign,0.0037673856131732
Benign,Benign,0.0012106582289561
Benign,Benign,0.0018196313176304
Benign,Benign,6.162021600175649e-05
Benign,Benign,0.0019285604357719
Benign,Benign,0.003308011451736
Benign,Benign,0.0002599380095489323
Benign,Benign,0.00012318178778514266
Benign,Benign,0.0019528907723724
Benign,Benign,0.0003090597165282816
Benign,Benign,0.0004486712859943509
Benign,Benign,0.0363285839557647
Benign,Benign,0.00024253534502349797
Benign,Benign,0.0005421178066171706
Benign,Benign,0.0004872970748692751
Benign,Benign,8.104635344352573e-05
Benign,Benign,0.0055412650108337
Benign,Malicious,0.2630621492862701
Benign,Benign,0.0028480279725044
Benign,Benign,0.0007030261331237853
Benign,Benign,0.0008348213159479201
Benign,Benign,0.0011816223850473
Benign,Benign,0.0652545914053917
Benign,Benign,0.0218457542359828
Benign,Benign,0.0583497211337089
Benign,Benign,0.0004570368037093431
Benign,Benign,0.0083098737522959
Benign,Benign,0.0017737612361088
Benign,Benign,0.0003552775306161493
Benign,Benign,0.0097391940653324
Benign,Benign,0.001699001295492
Benign,Benign,0.0138393267989158
Benign,Benign,0.0009164137300103904
Benign,Benign,7.998222281457856e-05
Benign,Benign,0.010750507004559
Benign,Benign,0.001707597519271
Benign,Benign,0.0002668841916602105
Benign,Benign,0.0745867863297462
Benign,Benign,0.0467935018241405
Benign,Benign,0.0105080092325806
Benign,Benign,0.0020725519862025
Benign,Benign,0.0023274049162864
Benign,Benign,0.0132382102310657
Benign,Benign,0.0039567337371408
Benign,Benign,0.0008583589224144816
Benign,Benign,0.000616111618001014
Benign,Benign,0.0196580495685338
Benign,Benign,0.0008551367791369557
Benign,Benign,0.00026309379609301686
Benign,Benign,0.0005591278895735741
Benign,Benign,0.003817668184638
Benign,Benign,0.0005175222759135067
Benign,Benign,0.1944791823625564
Benign,Benign,0.0008065850124694407
Benign,Benign,0.0026434599421918
Benign,Benign,0.0007511820876970887
Benign,Benign,0.0011825248366221
Benign,Benign,0.0010513588786125
Benign,Benign,0.000848438823595643
Benign,Benign,0.0004544417606666684
Benign,Benign,0.001179815037176
Benign,Benign,0.0017342946957796
Benign,Benign,0.0004524546966422349
Benign,Benign,0.0039498186670243
Benign,Benign,4.554260885925032e-05
Benign,Benign,0.0134770339354872
Benign,Benign,0.0004603140405379236
Benign,Benign,0.0003976408625021577
Benign,Benign,0.00020183691231068224
Benign,Benign,0.0006197255570441484
Benign,Benign,0.0013665544101968
Benign,Benign,0.0016332344384863
Benign,Benign,0.0046699186787009
Benign,Benign,7.352512329816818e-05
Benign,Malicious,0.5269748568534851
Benign,Benign,4.541739690466784e-05
Benign,Benign,0.0005527325556613505
Benign,Benign,0.0008325672242790461
Benign,Benign,0.1151255071163177
Benign,Benign,0.0287748835980892
Benign,Benign,0.0005801627994515002
Benign,Benign,0.0022932027932256
Benign,Benign,0.0007296674302779138
Benign,Benign,0.0004124234546907246
Benign,Benign,0.0010104144457727
Benign,Benign,0.0011255913414061
Benign,Benign,0.0016242361161857
Benign,Benign,0.0012152281124144
Benign,Benign,0.0011729744728654
Benign,Benign,0.0012787252198904
Benign,Benign,0.0095990570262074
Benign,Benign,0.0069317617453634
Benign,Benign,0.0014043895062059
Benign,Benign,0.000634156574960798
Benign,Benign,0.0213427729904651
Benign,Benign,0.0252682343125343
Benign,Benign,0.0007859785691834986
Benign,Benign,0.0204106085002422
Benign,Benign,0.0003055172273889184
Benign,Benign,0.0029767076484858
Benign,Benign,5.303490615915507e-05
Benign,Benign,0.0001368027733406052
Benign,Benign,0.0090325037017464
Benign,Benign,0.0025616041384637
Benign,Malicious,0.2426109611988067
Benign,Benign,0.0065684979781508
Benign,Benign,0.0004827404336538166
Benign,Benign,0.0054808338172733
Benign,Benign,0.0006929467199370265
Benign,Benign,0.0198308285325765
Benign,Benign,0.0005082451389171183
Benign,Benign,0.003422881476581
Benign,Benign,0.0015698150964453
Benign,Benign,0.0005327505059540272
Benign,Benign,0.0004151204484514892
Benign,Benign,4.664387233788148e-05
Benign,Benign,0.0006658054189756513
Benign,Benign,0.0001154048295575194
Benign,Benign,0.0002110552304657176
Benign,Benign,0.0002793105086311698
Benign,Benign,4.963641913491301e-05
Benign,Benign,0.0271131973713636
Benign,Benign,0.0270373858511447
Benign,Benign,0.00013458674948196858
Benign,Benign,0.0005088889156468213
Benign,Benign,0.00022596376948058605
Benign,Benign,0.00017283158376812935
Benign,Benign,0.0006184059893712401
Benign,Benign,0.0286292135715484
Benign,Benign,0.0050077293999493
Benign,Benign,0.0088488021865487
Benign,Benign,0.00028796575497835875
Benign,Benign,0.00021882756846025583
Benign,Benign,0.0006547440425492823
Benign,Benign,0.0004616463265847415
Benign,Benign,0.0027470483910292
Benign,Benign,0.00018789737077895552
Benign,Benign,3.0455694286501966e-05
Benign,Benign,0.00046505191130563617
Benign,Benign,0.0008085207082331181
Benign,Benign,0.0026781719643622
Benign,Benign,0.0020369968842715
Benign,Benign,0.0004777169961016625
Benign,Benign,0.0007867444073781371
Benign,Benign,0.0047074742615222
Benign,Benign,2.4083356038318016e-05
Benign,Benign,0.0024286762345582
Benign,Benign,0.0215350314974784
Benign,Benign,0.017195651307702
Benign,Benign,0.0022545561660081
Benign,Benign,0.0004859016626141965
Benign,Benign,0.0083808060735464
Benign,Benign,0.0004402753838803619
Benign,Benign,0.000211581529583782
Benign,Benign,0.0073242518119513
Benign,Benign,0.0173238720744848
Benign,Benign,0.000552390469238162
Benign,Benign,0.0085228681564331
Benign,Benign,0.0173876695334911
Benign,Benign,0.0006894984981045127
Benign,Benign,0.00046949152601882815
Benign,Benign,0.0009449593489989638
Benign,Benign,0.0011266270885244
Benign,Benign,0.00012382821296341717
Benign,Benign,0.0049439799040555
Benign,Benign,0.0003929674858227372
Benign,Benign,0.0002143611927749589
Benign,Benign,0.0074355136603116
Benign,Benign,0.0005315663875080645
Benign,Benign,0.0024003363214433
Benign,Benign,0.00042219384340569377
Benign,Benign,0.1305194795131683
Benign,Benign,0.00017089788161683828
Benign,Benign,0.0004077796766068786
Benign,Benign,0.0046496735885739
Benign,Benign,0.0011599831050261
Benign,Benign,0.0039241393096745
Benign,Benign,0.0563076771795749
Benign,Benign,0.00034926639636978507
Benign,Benign,0.0036253281868994
Benign,Benign,7.68241225159727e-05
Benign,Benign,0.0032429965212941
Benign,Benign,0.0004397089942358434
Benign,Benign,0.0006668872083537281
Benign,Benign,0.0003424034221097827
Benign,Benign,0.0002510431513655931
Benign,Benign,0.0012243224773555
Benign,Benign,0.0596335604786872
Benign,Benign,0.0019525198731571
Benign,Benign,0.0025472934357821
Benign,Benign,0.0007277455297298729
Benign,Benign,0.0177673194557428
Benign,Benign,0.00022369260841514915
Benign,Benign,0.0095014879480004
Benign,Benign,0.0052704759873449
Benign,Benign,0.0025062153581529
Benign,Benign,0.0011139191919937
Benign,Benign,0.0045025651343166
Benign,Benign,5.125486495671794e-05
Benign,Benign,0.0162888560444116
Benign,Benign,0.0002496489614713937
Benign,Benign,0.0018837731331586
Benign,Benign,0.0092420633882284
Benign,Benign,8.41434666654095e-05
Benign,Benign,0.0002336258330615237
Benign,Benign,0.0022964146919548
Benign,Benign,0.0023143596481531
Benign,Benign,0.0004545405099634081
Benign,Benign,0.001354046864435
Benign,Benign,0.0282874889671802
Benign,Benign,0.0667552053928375
Benign,Benign,0.0016588111175224
Benign,Benign,0.0008730723056942225
Benign,Benign,0.0076612145639956
Benign,Benign,0.0039182277396321
Benign,Benign,0.00010018621833296491
Benign,Benign,0.0011894578346982
Benign,Benign,0.0041626174934208
Benign,Benign,0.0004934777389280498
Benign,Benign,0.0001550783053971827
Benign,Benign,0.00014346094394568354
Benign,Benign,0.0076272888109087
Benign,Benign,0.0009283238323405384
Benign,Benign,0.0011381030781194
Benign,Benign,0.0136065762490034
Benign,Benign,0.0026320957113057
Benign,Benign,0.0013650143519043
Benign,Benign,0.1321436017751693
Benign,Benign,0.0012785126455128
Benign,Benign,0.0001559489028295502
Benign,Benign,0.0001924692332977429
Benign,Benign,0.0151728093624114
Benign,Malicious,0.2666121423244476
Benign,Benign,0.0016498152399435
Benign,Benign,0.0019000129541382
Benign,Benign,0.001132782548666
Benign,Benign,0.0014321294147521
Benign,Benign,0.000421101925894618
Benign,Benign,0.0014552430948242
Benign,Benign,0.0004626251757144928
Benign,Benign,0.0030289378482848
Benign,Benign,0.0023760204203426
Benign,Benign,0.0016790134832262
Benign,Benign,0.0077867596410214
Benign,Benign,0.00027766593848355114
Benign,Benign,0.0046247150748968
Benign,Benign,0.0018232507864013
Benign,Benign,0.1515542268753051
Benign,Benign,0.0010085366666316
Benign,Benign,0.001309419167228
Benign,Benign,0.0017749943071976
Benign,Benign,0.00021369940077420324
Benign,Benign,7.158729567890987e-05
Benign,Benign,7.297108095372096e-05
Benign,Benign,0.0333241820335388
Benign,Benign,0.0051006628200411
Benign,Benign,0.0004812603292521089
Benign,Benign,0.0003977073938585818
Benign,Benign,0.00031220956589095294
Benign,Benign,0.0035805408842861
Benign,Benign,0.0063164415769279
Benign,Benign,6.736612704116851e-05
Benign,Benign,0.0021526119671761
Benign,Benign,0.0058099417947232
Benign,Benign,0.0005406945128925145
Benign,Benign,0.0117831770330667
Benign,Benign,0.0159608516842126
Benign,Benign,0.0003481560561340302
Benign,Benign,0.0029427411500364
Benign,Benign,0.0001123563852161169
Benign,Benign,0.0011100390693172
Benign,Benign,0.001226991880685
Benign,Benign,0.0460301339626312
Benign,Benign,0.0033672316931188
Benign,Benign,5.329997657099739e-05
Benign,Benign,0.0011546582682058
Benign,Benign,0.0014993479708209
Benign,Benign,0.00014093751087784767
Benign,Benign,0.103886529803276
Benign,Benign,0.0011276787845417
Benign,Benign,0.0017364200903102
Benign,Benign,0.0013839567545801
Benign,Benign,0.0006306802970357239
Benign,Benign,0.00026578237884677947
Benign,Benign,8.432235517830122e-06
Benign,Benign,0.00010024164657806978
Benign,Benign,0.00166640302632
Benign,Benign,0.0101739838719367
Benign,Benign,0.0131848854944109
Benign,Benign,0.0036143336910754
Benign,Benign,0.0025919592007994
Benign,Benign,0.0001875629968708381
Benign,Benign,0.0012221391079947
Benign,Benign,0.0004017404280602932
Benign,Benign,0.0002675432770047337
Benign,Benign,0.0284380763769149
Benign,Benign,0.0050750216469168
Benign,Benign,0.0063466662541031
Benign,Benign,0.001518283272162
Benign,Benign,0.0217917300760746
Benign,Benign,0.0031508596148341
Benign,Benign,0.0011317282915115
Benign,Benign,0.0018833166686818
Benign,Benign,6.21751751168631e-05
Benign,Benign,0.0005559815326705575
Benign,Benign,0.005005931481719
Benign,Benign,0.0017981943674385
Benign,Benign,0.00046847047633491457
Benign,Benign,0.0017989573534578
Benign,Benign,0.0013818147126585
Benign,Benign,6.75081173540093e-05
Benign,Benign,0.0002475123619660735
Benign,Benign,0.0226783193647861
Benign,Benign,0.0042237383313477
Benign,Benign,0.0025901377666741
Benign,Benign,0.0003598715993575752
Benign,Benign,0.0010994215263053
Benign,Benign,0.000312446296447888
Benign,Benign,0.0001958819048013538
Benign,Benign,5.9058038459625095e-05
Benign,Benign,0.001679309294559
Benign,Benign,0.0007465015514753759
Benign,Benign,0.00025388417998328805
Benign,Benign,0.0015701970551162
Benign,Benign,0.0021244091913104
Benign,Benign,0.0023915388155728
Benign,Benign,9.526962821837516e-05
Benign,Benign,0.0007356159621849656
Benign,Benign,0.0029596299864351
Benign,Benign,0.00013932379079051316
Benign,Benign,0.0446589440107345
Benign,Benign,0.0025676775258034
Benign,Benign,0.0040110573172569
Benign,Benign,0.0004767007776536048
Benign,Benign,0.0012042394373565
Benign,Benign,0.00014756129530724138
Benign,Benign,0.0004600755928549916
Benign,Benign,0.0019444273784756
Benign,Benign,0.00034382109879516065
Benign,Benign,0.0034952193964272
Benign,Benign,0.00013259093975648284
Benign,Benign,0.0003083225165028125
Benign,Benign,0.0611707419157028
Benign,Benign,0.0090619074180722
Benign,Benign,0.0028493120335042
Benign,Benign,0.0474525094032287
Benign,Benign,0.0005857967189513147
Benign,Benign,0.0005181182059459388
Benign,Benign,0.001044682925567
Benign,Benign,0.0135336630046367
Benign,Benign,0.000331460585584864
Benign,Benign,0.0002008880692301318
Benign,Benign,0.00013154921180102974
Benign,Benign,0.0547709986567497
Benign,Benign,0.0003026893245987594
Benign,Benign,0.0002736212336458266
Benign,Benign,0.011771872639656
Benign,Benign,4.5024757127976045e-05
Benign,Benign,0.0006038794526830316
Benign,Benign,0.0004362771578598768
Benign,Benign,0.0093789221718907
Benign,Benign,0.000819384993519634
Benign,Benign,0.00033040429116226733
Benign,Benign,0.0047337105497717
Benign,Benign,0.0002317999897059053
Benign,Benign,0.0005604612524621189
Benign,Benign,3.704872870002873e-05
Benign,Benign,0.0037531612906605
Benign,Benign,0.0037712457124143
Benign,Benign,0.0015482302987948
Benign,Benign,0.001258376869373
Benign,Benign,0.0007425128133036196
Benign,Benign,8.3145649114158e-05
Benign,Benign,0.0024754190817475
Benign,Benign,0.0025488943792879
Benign,Benign,0.00015868220361880958
Benign,Benign,0.0063440417870879
Benign,Benign,0.0018703395035117
Benign,Benign,0.0021906828042119
Benign,Benign,0.0007766152266412973
Benign,Benign,0.0002234730200143531
Benign,Benign,0.00017675929120741785
Benign,Benign,0.0113265039399266
Benign,Benign,0.0045793643221259
Benign,Benign,0.000803294824436307
Benign,Benign,0.0563220307230949
Benign,Benign,0.0065354802645742
Benign,Benign,0.0005722974892705679
Benign,Benign,0.0001147605653386563
Benign,Benign,0.0027351009193807
Benign,Benign,0.0045944000594317
Benign,Benign,0.0086217327043414
Benign,Benign,0.0007442827918566763
Benign,Benign,0.00027516655973158777
Benign,Benign,0.0044994177296757
Benign,Benign,0.0001337656140094623
Benign,Benign,0.000646300904918462
Benign,Benign,0.00026072305627167225
Benign,Benign,0.0004329877556301653
Benign,Benign,0.0007528422283940017
Benign,Benign,0.00017684172780718654
Benign,Benign,0.021915690973401
Benign,Benign,0.00020061204850208012
Benign,Benign,0.0570313446223735
Benign,Benign,0.0002743445220403373
Benign,Benign,0.0049958378076553
Benign,Benign,0.0002579031279310584
Benign,Benign,0.0039251814596354
Benign,Benign,0.001280627795495
Benign,Benign,0.00023110948677640408
Benign,Benign,0.00017335114534944296
Benign,Benign,0.0003325212164781988
Benign,Benign,0.00010963646491291
Benign,Benign,0.0003051882958970964
Benign,Benign,0.0006656766054220498
Benign,Benign,0.0427236221730709
Benign,Benign,6.79622680763714e-05
Benign,Benign,0.000168315862538293
Benign,Benign,0.0018271669978275
Benign,Benign,0.00035425732494331896
Benign,Benign,0.0014003388350829
Benign,Benign,0.0004538408538792282
Benign,Benign,0.1107914075255394
Benign,Benign,1.0653893696144223e-05
Benign,Benign,0.0009313297923654318
Benign,Benign,0.0006015758262947202
Benign,Benign,0.0217282250523567
Benign,Benign,0.0003598076291382313
Benign,Benign,0.0056244963780045
Benign,Benign,0.00016095138562377542
Benign,Benign,0.0004790665698237717
Benign,Benign,0.0051041892729699
Benign,Benign,0.0192963425070047
Benign,Benign,0.0040682307444512
Benign,Benign,0.0036260948982089
Benign,Benign,0.002061860403046
Benign,Benign,0.00013421445328276604
Benign,Benign,0.0014853629982098
Benign,Benign,0.0002990187786053866
Benign,Benign,0.0058637205511331
Benign,Benign,0.0103893736377358
Benign,Benign,0.0010532045271247
Benign,Benign,0.0027649439871311
Benign,Benign,0.0044208541512489
Benign,Benign,0.0014001949457451
Benign,Benign,0.0021433217916637
Benign,Benign,0.0004444072546903044
Benign,Benign,0.0267419405281543
Benign,Benign,0.0039111585356295
Benign,Benign,0.0103876870125532
Benign,Benign,4.047231414006092e-05
Benign,Benign,2.819237306539435e-05
Benign,Benign,0.0633638426661491
Benign,Benign,0.0016742534935474
Benign,Benign,0.114208810031414
Benign,Benign,0.0460818782448768
Benign,Benign,0.000818103551864624
Benign,Benign,0.00016801120364107192
Benign,Benign,0.0001651909260544926
Benign,Benign,0.0092959934845566
Benign,Benign,0.006683109793812
Benign,Benign,0.00015077674470376223
Benign,Benign,0.0053094495087862
Benign,Benign,0.0003566410159692168
Benign,Benign,0.0009190478594973684
Benign,Benign,0.0022612626198679
Benign,Benign,0.00013460227637551725
Benign,Benign,0.0064844563603401
Benign,Benign,0.0024140567984431
Benign,Benign,0.00041863240767270327
Benign,Benign,0.00039633503183722496
Benign,Benign,0.0016214426141232
Benign,Benign,0.0088821202516555
Benign,Benign,0.00020576555107254532
Benign,Benign,0.0007378957234323025
Benign,Benign,9.169217810267584e-05
Benign,Benign,0.0018483714666217
Benign,Benign,0.0068850424140691
Benign,Benign,0.0004290597571525723
Benign,Benign,0.0027748644351959
Benign,Benign,0.0001958850771188736
Benign,Benign,2.1196487068664283e-05
Benign,Benign,0.00023898197105154395
Benign,Benign,0.0034309749025851
Benign,Benign,0.00041912554297596216
Benign,Benign,0.0002152106608264148
Benign,Benign,0.0094107175245881
Benign,Benign,0.0003642334486357868
Benign,Benign,0.0111421272158622
Benign,Benign,0.00033505994360893965
Benign,Benign,0.0005340391071513295
Benign,Benign,0.0056237494572997
Benign,Benign,0.00011640539742074908
Benign,Benign,0.0108564030379056
Benign,Benign,0.004863635636866
Benign,Benign,0.00039652566192671657
Benign,Benign,0.00023604578746017069
Benign,Benign,0.0017763229552656
Benign,Benign,0.0009368780883960426
Benign,Benign,0.0095827048644423
Benign,Benign,0.0006237799534574151
Benign,Benign,0.0025990768335759
Benign,Benign,0.0037450948730111
Benign,Benign,0.0002556549443397671
Benign,Benign,0.0042576869018375
Benign,Benign,0.0005324640078470111
Benign,Benign,0.0002771808358374983
Benign,Benign,0.0001197090241475962
Benign,Benign,0.0008988360641524196
Benign,Benign,0.00015715234621893617
Benign,Benign,0.0052379295229911
Benign,Benign,0.0033957615960389
Benign,Benign,0.0008129768539220095
Benign,Benign,0.0005820212536491454
Benign,Benign,0.0775046348571777
Benign,Benign,8.26138275442645e-05
Benign,Benign,0.0002257135638501495
Benign,Benign,5.503744614543393e-05
Benign,Benign,0.0002516726963222027
Benign,Benign,0.0001156877842731774
Benign,Benign,0.0023061914835125
Benign,Benign,0.000911050767172128
Benign,Benign,0.00013963300443720073
Benign,Benign,0.0153234330937266
Benign,Benign,0.0209675095975399
Benign,Malicious,0.2715327739715576
Benign,Benign,0.000423365825554356
Benign,Benign,0.001413844176568
Benign,Benign,0.0009741663816384972
Benign,Benign,0.0055909855291247
Benign,Benign,0.00010750999354058877
Benign,Benign,0.0027070180512964
Benign,Benign,0.0320126488804817
Benign,Benign,0.0010257912799715
Benign,Benign,0.1314754635095596
Benign,Benign,0.00020465164561755955
Benign,Benign,0.0034266945440322
Benign,Benign,0.0004114405310247093
Benign,Benign,0.0006691664457321167
Benign,Benign,0.00021369940077420324
Benign,Benign,0.0027458954136818
Benign,Benign,0.0062537700869143
Benign,Benign,0.0024181769695132
Benign,Benign,0.0576952584087848
Benign,Benign,0.0005526485037989914
Benign,Benign,0.0003761561820283532
Benign,Benign,0.0016580374212935
Benign,Benign,0.0008613186655566096
Benign,Benign,0.0045111649669706
Benign,Benign,0.0051980703137815
Benign,Benign,0.0015235302271321
Benign,Benign,0.001933264429681
Benign,Benign,0.0001284970057895407
Benign,Benign,0.00035885960096493363
Benign,Benign,0.00032622175058349967
Benign,Benign,0.0010737425182014
Benign,Benign,0.0056340838782489
Benign,Benign,0.0154705746099352
Benign,Benign,0.0002380516234552488
Benign,Benign,0.0290012937039136
Benign,Benign,0.0037413020618259
Benign,Benign,0.0019350306829437
Benign,Benign,0.0014916820218786
Benign,Benign,0.00093498220667243
Benign,Benign,0.0004559474182315171
Benign,Benign,0.0018899217247962
Benign,Benign,0.0002953567018266767
Benign,Benign,0.001559347147122
Benign,Benign,0.002461286727339
Benign,Benign,0.0013586508575826
Benign,Benign,0.0003618969931267202
Benign,Benign,0.0100852586328983
Benign,Benign,8.224486373364925e-05
Benign,Benign,0.000498215202242136
Benign,Benign,0.0073538143187761
Benign,Benign,0.0089964801445603
Benign,Benign,0.0169449914246797
Benign,Benign,0.0004529885482043028
Benign,Benign,0.0020656972192227
Benign,Benign,0.0012320774840191
Benign,Malicious,0.5500999689102173
Benign,Benign,0.0312636829912662
Benign,Benign,0.00011400893708923832
Benign,Benign,0.0003136158629786223
Benign,Benign,0.0241591893136501
Benign,Benign,0.00047359714517369866
Benign,Benign,0.0002967838663607836
Benign,Benign,0.0009876149706542492
Benign,Benign,6.578724423889071e-05
Benign,Benign,0.0048565855249762
Benign,Benign,0.0010033546714112
Benign,Benign,0.0010583400726318
Benign,Benign,0.0037793880328536
Benign,Benign,0.0002238182642031461
Benign,Benign,0.0324776321649551
Benign,Benign,0.0006385667365975678
Benign,Benign,0.0005181680899113417
Benign,Benign,0.0003141682827845216
Benign,Benign,0.0581656731665134
Benign,Benign,0.0029280013404786
Benign,Benign,0.008370310999453
Benign,Benign,0.0012142041232436
Benign,Benign,0.0029619808774441
Benign,Benign,0.0156197603791952
Benign,Benign,0.0073058791458606
Benign,Benign,0.0009592057904228568
Benign,Benign,0.0005291477427817881
Benign,Benign,0.0029765788931399
Benign,Benign,0.0089942179620265
Benign,Benign,0.00029239384457468987
Benign,Benign,3.0860857805237174e-05
Benign,Benign,0.00010104973625857384
Benign,Benign,0.002243194496259
Benign,Benign,0.0083105498924851
Benign,Benign,0.0148996701464056
Benign,Benign,0.0005585731123574078
Benign,Benign,0.0389875769615173
Benign,Benign,0.0124323004856705
Benign,Benign,0.0002108826593030244
Benign,Benign,0.0022726280149072
Benign,Benign,8.898354280972853e-05
Benign,Benign,0.0029344158247113
Benign,Benign,6.771192420274019e-05
Benign,Benign,0.00031938563915900886
Benign,Benign,0.0129206422716379
Benign,Benign,0.0124037684872746
Benign,Benign,3.8401172787416726e-05
Benign,Benign,0.0351748540997505
Benign,Benign,0.0143401566892862
Benign,Benign,0.0039089615456759
Benign,Benign,0.0011830560397356
Benign,Benign,0.0070807454176247
Benign,Benign,0.00027164132916368544
Benign,Benign,0.00012410471390467137
Benign,Benign,0.00016362797759938985
Benign,Benign,0.0029674356337636
Benign,Benign,0.0045803384855389
Benign,Benign,0.0017133312067016
Benign,Benign,0.0003142440691590309
Benign,Benign,0.02577187679708
Benign,Benign,0.0002819367509800941
Benign,Benign,0.0026798192411661
Benign,Benign,0.0009546611690893768
Benign,Benign,0.0006263514515012503
Benign,Benign,0.0070442100986838
Benign,Benign,4.489998173085041e-05
Benign,Benign,0.1577112376689911
Benign,Benign,0.0313669219613075
Benign,Benign,0.00017728372768033296
Benign,Benign,0.0139047717675566
Benign,Benign,7.440416811732575e-05
Benign,Benign,0.0098682753741741
Benign,Benign,0.0018254008609801
Benign,Benign,0.00020600444986484945
Benign,Benign,0.0555423349142074
Benign,Benign,0.0160532239824533
Benign,Malicious,0.6869503259658813
Benign,Benign,0.0017039508093148
Benign,Benign,0.000326431734720245
Benign,Benign,6.392897921614349e-05
Benign,Benign,0.0006759411189705133
Benign,Benign,0.0110490694642066
Benign,Benign,0.0045292763970792
Benign,Benign,0.0125957373529672
Benign,Benign,0.0006188502302393317
Benign,Benign,0.0004908826667815447
Benign,Benign,0.0002692441630642861
Benign,Benign,2.7374799174140207e-05
Benign,Benign,0.0003529458190314472
Benign,Benign,0.0008055070065893233
Benign,Benign,0.002088924171403
Benign,Benign,0.0008384438697248697
Benign,Benign,5.922249329159968e-05
Benign,Benign,0.0007531098672188818
Benign,Benign,0.035734973847866
Benign,Benign,0.0001956110936589539
Benign,Benign,1.100272584153572e-05
Benign,Benign,0.0017935307696461
Benign,Benign,0.0018370242323726
Benign,Benign,0.0054272059351205
Benign,Benign,0.0009498815634287894
Benign,Benign,0.0007701038266532123
Benign,Benign,0.0047321384772658
Benign,Benign,0.0005585731123574078
Benign,Benign,0.0005672023980878294
Benign,Benign,0.0006192777073010802
Benign,Benign,0.0013195147039368
Benign,Benign,0.004535851534456
Benign,Benign,0.0004792887775693089
Benign,Benign,0.005274009425193
Benign,Benign,3.191417272319086e-05
Benign,Benign,0.0213059466332197
Benign,Benign,0.0272646304219961
Benign,Benign,0.0037564949598163
Benign,Benign,0.0169260967522859
Benign,Benign,0.0191543512046337
Benign,Benign,0.003003928810358
Benign,Benign,0.0034086634404957
Benign,Benign,4.19265306845773e-05
Benign,Benign,0.0020911619067192
Benign,Benign,0.0002047918096650392
Benign,Benign,0.0058180200867354
Benign,Benign,0.00037576191243715584
Benign,Benign,0.00030949345091357827
Benign,Benign,0.0035201935097575
Benign,Benign,0.0013331128284335
Benign,Benign,0.0012247605482116
Benign,Benign,0.0382216945290565
Benign,Benign,0.0359463468194007
Benign,Benign,0.00036335099139250815
Benign,Benign,0.0039792223833501
Benign,Benign,0.000197039931663312
Benign,Benign,0.000129688938613981
Benign,Benign,0.0027685752138495
Benign,Benign,0.000766619632486254
Benign,Benign,0.0023649896029382
Benign,Benign,0.00018328739679418504
Benign,Benign,0.0004058180202264339
Benign,Benign,0.0025510629639029
Benign,Benign,0.007152609527111
Benign,Benign,0.0082870125770568
Benign,Benign,0.0003070499806199223
Benign,Benign,7.005597581155598e-05
Benign,Benign,0.0282212346792221
Benign,Benign,0.00037799414712935686
Benign,Benign,0.0176190175116062
Benign,Benign,0.0011189336655661
Benign,Benign,0.0015563413035124
Benign,Benign,0.0004232495848555118
Benign,Benign,0.00046291787293739617
Benign,Benign,0.0013099225470796
Benign,Benign,0.0074555780738592
Benign,Benign,0.0014012674801051
Benign,Benign,0.0028005046769976
Benign,Benign,0.0157291945070028
Benign,Benign,0.0012238037306815
Benign,Benign,0.0210988949984312
Benign,Benign,0.0002827030548360199
Benign,Benign,0.000163300966960378
Benign,Benign,0.0007693042862229049
Benign,Benign,0.0011057915398851
Benign,Benign,0.0161601640284061
Benign,Benign,0.0005715744337067008
Benign,Benign,0.015313047915697
Benign,Benign,0.0090184807777404
Benign,Benign,0.0012530540116131
Benign,Benign,0.00016533007146790624
Benign,Benign,0.005705268587917
Benign,Benign,0.0005163773894309998
Benign,Benign,0.2229273468255996
Benign,Benign,0.0041730194352567
Benign,Benign,8.926059672376141e-05
Benign,Benign,0.015797359868884
Benign,Benign,0.0028120912611484
Benign,Benign,0.001814019982703
Benign,Benign,0.001580809126608
Benign,Benign,0.00039044301956892014
Benign,Benign,0.0010987551650032
Benign,Benign,0.0017306231893599
Benign,Benign,0.0004660497070290148
Benign,Benign,0.0001269842905458063
Benign,Benign,0.0010642420966178
Benign,Benign,0.002102616475895
Benign,Benign,0.0005783220985904336
Benign,Benign,0.0001976916246348992
Benign,Benign,0.0034698841627687
Benign,Benign,0.0027539532165974
Benign,Benign,0.0021475693210959
Benign,Benign,0.00047441248898394406
Benign,Benign,0.0005519512924365699
Benign,Benign,0.0003119590401183814
Benign,Benign,0.0089931637048721
Benign,Benign,0.0015452507650479
Benign,Benign,0.00026159730623476207
Benign,Benign,0.003622552845627
Benign,Benign,0.0009981951443478465
Benign,Benign,0.0042209397070109
Benign,Benign,0.00026715887361206114
Benign,Benign,0.0004917227779515088
Benign,Benign,0.0003460008301772177
Benign,Benign,0.00023212554515339437
Benign,Benign,0.0066393134184181
Benign,Benign,0.0012169448891654
Benign,Benign,0.00020188251801300797
Benign,Benign,0.0011281821643933
Benign,Benign,0.0005871072062291205
Benign,Benign,9.28133522393182e-05
Benign,Benign,0.003095757914707
Benign,Benign,8.269296085927635e-05
Benign,Benign,0.0003727487055584788
Benign,Benign,0.0003780001134146005
Benign,Benign,0.0731578469276428
Benign,Benign,0.0093155605718493
Benign,Benign,0.0037642440292984
Benign,Benign,0.0030867999885231
Benign,Benign,0.00031924620270729065
Benign,Benign,2.898810271290131e-05
Benign,Benign,0.0110614206641912
Benign,Benign,0.0005392621387727559
Benign,Benign,0.0010582846589386
Benign,Benign,1.4344629562401678e-05
Benign,Benign,0.0016614064807072
Benign,Benign,0.0006840364076197147
Benign,Benign,0.0003247586137149483
Benign,Benign,0.0009470246732234956
Benign,Benign,7.077310874592513e-05
Benign,Benign,0.0196395516395568
Benign,Benign,0.001112384838052
Benign,Malicious,0.7812455892562866
Benign,Benign,0.0002391137240920216
Benign,Benign,0.000525512732565403
Benign,Benign,0.00021605362417176369
Benign,Benign,0.0029339166358113
Benign,Benign,0.0288889538496732
Benign,Benign,0.0012326627038419
Benign,Benign,0.0005413705948740244
Benign,Benign,0.00046410111826844513
Benign,Benign,0.0363564305007457
Benign,Benign,0.0118864877149462
Benign,Benign,0.2119641453027725
Benign,Benign,0.0008106352179311216
Benign,Benign,0.0007209908799268305
Benign,Benign,0.00014266469224821776
Benign,Malicious,0.2478163689374923
Benign,Benign,0.0002942972932942212
Benign,Benign,0.0032654018141329
Benign,Benign,0.0003908106009475887
Benign,Benign,0.0069442228414118
Benign,Benign,0.1117315515875816
Benign,Benign,0.0314591974020004
Benign,Benign,0.0003620058414526284
Benign,Benign,0.0025611461605876
Benign,Benign,0.0006171724526211619
Benign,Benign,4.47723941761069e-05
Benign,Benign,0.006870636716485
Benign,Benign,0.0019332792144268
Benign,Benign,3.743117122212425e-05
Benign,Benign,0.0005300409975461662
Benign,Benign,0.0006920313462615013
Benign,Benign,0.00019599063671194017
Benign,Benign,0.0591922476887702
Benign,Benign,0.0057600880973041
Benign,Benign,0.00037734484067186713
Benign,Benign,0.0006342562846839428
Benign,Benign,5.372071427700576e-06
Benign,Benign,0.017628040164709
Benign,Benign,0.0003263750986661762
Benign,Benign,0.000394919392419979
Benign,Benign,0.0008939987164922059
Benign,Benign,0.0131469145417213
Benign,Benign,5.353434971766546e-05
Benign,Benign,0.0066106533631682
Benign,Benign,0.0007733023958280683
Benign,Benign,0.0001997059007408097
Benign,Benign,0.0138730788603425
Benign,Benign,0.0012729743029922
Benign,Benign,0.0014502578414976
Benign,Benign,0.0026350792031735
Benign,Benign,0.00011221558816032484
Benign,Benign,0.0003549523535184562
Benign,Benign,0.0004933627205900848
Benign,Benign,0.0022644805721938
Benign,Benign,0.000979083008132875
Benign,Benign,0.0014419386861845
Benign,Benign,0.0008452912443317473
Benign,Benign,0.0036494964733719
Benign,Benign,0.000666473584715277
Benign,Benign,0.00031012610998004675
Benign,Benign,0.0032934693153947
Benign,Benign,0.0017071553738787
Benign,Benign,0.0013673172798007
Benign,Benign,0.0004613832570612431
Benign,Benign,0.0016917660832405
Benign,Benign,0.0003566410159692168
Benign,Benign,0.0016082206275314
Benign,Benign,0.0007020198390819132
Benign,Benign,0.000185688870260492
Benign,Benign,0.0098808212205767
Benign,Benign,0.00020858077914454043
Benign,Benign,0.0191819630563259
Benign,Benign,0.0016175807686522
Benign,Benign,0.0035250962246209
Benign,Benign,0.0008362914668396115
Benign,Benign,0.0005074809887446463
Benign,Benign,0.0008456123759970069
Benign,Benign,0.0010421089828014
Benign,Benign,0.0043266513384878
Benign,Benign,0.0002368196437601
Benign,Benign,0.0021320029627531
Benign,Benign,0.0009745154529809952
Benign,Benign,0.0061162644997239
Benign,Benign,0.0032665254548192
Benign,Benign,0.0004602299886755645
Benign,Benign,0.0003070455859415233
Benign,Benign,0.0009440140565857292
Benign,Benign,0.00027437671087682247
Benign,Benign,0.0009892384987324476
Benign,Benign,5.741146014770493e-05
Benign,Benign,0.0025670900940895
Benign,Benign,0.0005585731123574078
Benign,Benign,0.003793979762122
Benign,Benign,0.00010104019747814164
Benign,Benign,0.00020590626809280368
Benign,Benign,4.377321602078155e-05
Benign,Benign,0.00031404581386595964
Benign,Benign,0.0004941060906276107
Benign,Benign,0.0001501042424933985
Benign,Benign,0.0002602985769044608
Benign,Benign,0.0014338680775836
Benign,Benign,0.0003728790034074336
Benign,Benign,0.0005181338055990636
Benign,Benign,0.0002132747758878395
Benign,Benign,0.0006388409528881311
Benign,Benign,0.002181916963309
Benign,Benign,0.0011358957272022
Benign,Benign,0.0083285802975296
Benign,Benign,0.003421934787184
Benign,Benign,0.0013269969495013
Benign,Benign,0.0003934960695914924
Benign,Benign,0.0005720611079595983
Benign,Benign,0.0017822403460741
Benign,Benign,0.0005138891283422709
Benign,Benign,0.0384832769632339
Benign,Benign,0.0403673499822616
Benign,Benign,0.00015798785898368806
Benign,Benign,0.00027379763196222484
Benign,Benign,0.0015787828015163
Benign,Benign,5.642605174216442e-05
Benign,Benign,0.00011104987788712606
Benign,Benign,0.0086982706561684
Benign,Benign,0.0033401816617697
Benign,Benign,0.0043767667375504
Benign,Benign,0.0004514612373895943
Benign,Benign,0.0083951791748404
Benign,Benign,0.0053047551773488
Benign,Benign,0.001640853122808
Benign,Benign,0.0127048660069704
Benign,Benign,0.0236465409398078
Benign,Benign,0.010632392950356
Benign,Benign,0.0006089940434321761
Benign,Benign,0.0031682283151894
Benign,Benign,0.00021806130826007572
Benign,Benign,0.0123104592785239
Benign,Benign,0.0017223752802237
Benign,Benign,0.0003317365772090852
Benign,Benign,0.0013353308895602
Benign,Benign,0.0121600851416587
Benign,Benign,0.0004512269515544176
Benign,Benign,7.201702101156116e-05
Benign,Benign,0.0016581551171839
Benign,Benign,0.000743549840990454
Benign,Benign,0.0025518820621073
Benign,Benign,0.0007330913213081658
Benign,Benign,0.0012759859673678
Benign,Benign,0.0002805221301969141
Benign,Benign,9.703273826744407e-05
Benign,Malicious,0.4799365401268005
Benign,Benign,0.003470055758953
Benign,Benign,0.0135902082547545
Benign,Benign,0.0012719768565148
Benign,Benign,0.000538903521373868
Benign,Benign,0.0009815178345888853
Benign,Benign,0.0010449273977428
Benign,Benign,6.105500506237149e-05
Benign,Benign,0.1025591194629669
Benign,Benign,0.0003664489195216447
Benign,Benign,0.0007795807905495167
Benign,Benign,1.549328226246871e-05
Benign,Benign,0.0019476356683298
Benign,Benign,0.0013090445427224
Benign,Benign,0.0002975746465381235
Benign,Benign,0.0146675137802958
Benign,Benign,0.00031988293631002307
Benign,Benign,0.00016836755094118416
Benign,Benign,0.00010921023203991354
Benign,Benign,0.0052397660911083
Benign,Benign,0.0053277183324098
Benign,Benign,0.00017851812299340963
Benign,Benign,0.0024606580846011
Benign,Benign,0.0276487618684768
Benign,Benign,0.0012516165152192
Benign,Benign,0.00013001756451558322
Benign,Benign,0.0052015059627592
Benign,Benign,0.001192889525555
Benign,Benign,0.0002450748870614916
Benign,Benign,6.159136682981625e-05
Benign,Benign,0.0003101344045717269
Benign,Benign,0.0038757461588829
Benign,Benign,0.006010697223246
Benign,Benign,4.7925357648637146e-05
Benign,Benign,0.0061418344266712
Benign,Benign,0.0015308791771531
Benign,Benign,0.0009230913710780442
Benign,Benign,0.0004609384050127119
Benign,Benign,0.0051733674481511
Benign,Benign,0.0002942972932942212
Benign,Benign,0.0004945461987517774
Benign,Benign,0.001195695484057
Benign,Benign,4.607560549629852e-05
Benign,Benign,0.0022140140645205
Benign,Benign,0.0141799161210656
Benign,Benign,0.0060789077542722
Benign,Benign,0.0058069019578397
Benign,Benign,0.0348140485584735
Benign,Benign,0.00023094250354915857
Benign,Benign,0.00039828941226005554
Benign,Benign,0.0008418361539952457
Benign,Benign,0.0001051126528182067
Benign,Benign,0.0013827248476445
Benign,Benign,0.018354382365942
Benign,Benign,0.0013040687190368
Benign,Benign,0.0439015738666057
Benign,Benign,0.0004605154681485146
Benign,Benign,0.0009948507649824023
Benign,Benign,0.0011625743936747
Benign,Benign,0.0025028844829648
Benign,Benign,0.000259086606092751
Benign,Benign,0.0003678968350868672
Benign,Benign,9.260162187274544e-05
Benign,Benign,0.0005816075135953724
Benign,Benign,7.484138041036204e-05
Benign,Benign,0.0004763426550198346
Benign,Benign,0.00022498969337902963
Benign,Benign,0.0163661539554595
Benign,Benign,0.0120514519512653
Benign,Benign,0.00029708934016525745
Benign,Benign,0.0024615325964987
Benign,Benign,0.0007005171501077712
Benign,Benign,0.00028872149414382875
Benign,Benign,0.00023618218256160617
Benign,Benign,0.0005682724877260625
Benign,Malicious,0.2521550059318542
Benign,Benign,0.0004611829936038703
Benign,Benign,0.0013225260190665
Benign,Benign,0.0002596672566141933
Benign,Benign,0.0124154621735215
Benign,Benign,0.0005798960337415338
Benign,Benign,0.0009755493374541402
Benign,Benign,0.00019512191647663715
Benign,Benign,0.0187033060938119
Benign,Benign,9.623722144169732e-05
Benign,Benign,0.000262332585407421
Benign,Benign,7.269431080203503e-05
Benign,Benign,0.0009637203766033052
Benign,Benign,0.0004787620564457029
Benign,Benign,0.0037434550467878
Benign,Benign,0.010258512571454
Benign,Benign,0.0009858274133875966
Benign,Benign,0.0004214240179862827
Benign,Benign,0.000211581529583782
Benign,Benign,0.0008029266609810293
Benign,Benign,0.0011179950088262
Benign,Benign,0.0010628144955262
Benign,Benign,0.00030189071549102664
Benign,Benign,0.0005932726198807359
Benign,Benign,0.0021831879857927
Benign,Benign,0.0160272307693958
Benign,Benign,0.00021853191719856116
Benign,Benign,0.0002849813608918339
Benign,Benign,0.0030873324722051
Benign,Benign,0.0005135028040967882
Benign,Benign,0.0103136040270328
Benign,Benign,3.648396523203701e-05
Benign,Benign,0.0011043114354833
Benign,Benign,0.0002817854401655495
Benign,Benign,0.0073169195093214
Benign,Benign,0.0002947805915027857
Benign,Benign,0.0003953652048949152
Benign,Benign,0.0013398028677329
Benign,Benign,0.000832578691188246
Benign,Benign,0.0016093044541776
Benign,Benign,0.0074170213192701
Benign,Benign,0.0001656627282500267
Benign,Benign,0.0019694487564265
Benign,Benign,0.0001978519139811397
Benign,Benign,0.0002803333627525717
Benign,Benign,0.00028740157722495496
Benign,Benign,0.018299700692296
Benign,Benign,0.0074053057469427
Benign,Benign,0.025390850380063
Benign,Benign,0.0736801251769065
Benign,Benign,9.726239659357816e-05
Benign,Benign,0.0007529749418608844
Benign,Benign,0.0001947206619661301
Benign,Benign,0.0082057071849703
Benign,Benign,0.0002464327262714505
Benign,Benign,0.0081380615010857
Benign,Benign,0.0064997817389667
Benign,Benign,0.001537961885333
Benign,Benign,0.0002823224640451372
Benign,Benign,0.0042597311548888
Benign,Benign,0.0029756901785731
Benign,Benign,0.0021621501073241
Benign,Benign,0.0004478075716178864
Benign,Benign,0.0007550008594989777
Benign,Benign,0.0006011167424730957
Benign,Benign,0.0039123049937188
Benign,Benign,0.0262245349586009
Benign,Benign,3.880201620631851e-05
Benign,Benign,0.00010122265666723251
Benign,Benign,0.0003457654092926532
Benign,Benign,0.0002576730621512979
Benign,Benign,0.0034751445055007
Benign,Benign,0.0003070754464715719
Benign,Benign,0.0004076648037880659
Benign,Benign,0.0001210504342452623
Benign,Benign,0.0006513833650387824
Benign,Benign,0.0009576187003403902
Benign,Benign,0.0031866268254816
Benign,Benign,0.0003877051931340248
Benign,Benign,0.0047193323262035
Benign,Benign,3.157933315378614e-05
Benign,Benign,0.1615677326917648
Benign,Benign,0.00012382821296341717
Benign,Benign,0.0006165489321574569
Benign,Benign,0.0003816281096078456
Benign,Benign,9.70035107457079e-05
Benign,Benign,0.00046037917491048574
Benign,Benign,0.0075196684338152
Benign,Benign,9.712689643492922e-05
Benign,Benign,0.0012451314833015
Benign,Benign,4.077125413459726e-05
Benign,Benign,0.00016788949142210186
Benign,Benign,0.0007634898065589368
Benign,Benign,7.339930743910372e-05
Benign,Benign,0.003566853236407
Benign,Benign,0.0037456804420799
Benign,Benign,0.0035064327530562
Benign,Benign,0.0035969268064945
Benign,Benign,0.00026949174934998155
Benign,Benign,0.000541972869541496
Benign,Benign,0.0018597549060359
Benign,Benign,0.0035808894317597
Benign,Benign,0.0089862486347556
Benign,Benign,0.0056545785628259
Benign,Benign,0.00026687936042435467
Benign,Benign,0.0012199705233797
Benign,Benign,0.0679433941841125
Benign,Benign,0.0332315266132354
Benign,Benign,0.001753783551976
Benign,Benign,0.0033038603141903
Benign,Benign,0.0170747265219688
Benign,Benign,0.0007947220583446324
Benign,Benign,0.0003249896690249443
Benign,Benign,0.001112408703193
Benign,Benign,0.00029835046734660864
Benign,Benign,0.00038167377351783216
Benign,Benign,0.0003806131426244974
Benign,Benign,0.0024339028168469
Benign,Benign,0.0010114184115082
Benign,Benign,0.000550758617464453
Benign,Benign,0.0012645814567804
Benign,Benign,0.0051821013912558
Benign,Benign,4.837612505070865e-05
Benign,Benign,0.0065896557644009
Benign,Benign,0.000666778243612498
Benign,Benign,0.0006668532150797546
Benign,Benign,0.00044978983351029456
Benign,Benign,0.0009929734515026212
Benign,Benign,0.0130268577486276
Benign,Benign,0.0011138200061395
Benign,Benign,0.0022534581366926
Benign,Benign,0.0012414781376719
Benign,Benign,0.000421095930505544
Benign,Benign,0.0011393663007766
Benign,Benign,0.00011824427201645447
Benign,Benign,0.0053209527395665
Benign,Benign,0.0010028682881966
Benign,Benign,0.0005695369909517467
Benign,Benign,0.0020318098831921
Benign,Benign,0.00019442196935415268
Benign,Benign,0.00032112779445014894
Benign,Benign,0.0008259888272732496
Benign,Benign,0.0729690641164779
Benign,Benign,0.084815926849842
Benign,Benign,0.020710801705718
Benign,Benign,0.001615832792595
Benign,Benign,0.0002971134090330452
Benign,Benign,0.0079674012959003
Benign,Benign,0.0176592804491519
Benign,Benign,0.001656727050431
Benign,Benign,3.843700324068777e-05
Benign,Benign,0.0118556059896945
Benign,Benign,0.0005155447288416326
Benign,Benign,0.0064060916192829
Benign,Benign,0.00015614858421031386
Benign,Benign,0.0008020511013455689
Benign,Benign,0.0033295329194515
Benign,Benign,0.0006637435290031135
Benign,Benign,0.0018899074057117
Benign,Benign,0.0003393692313693464
Benign,Benign,0.0040143616497516
Benign,Benign,0.0024219551123678
Benign,Benign,0.0037746999878436
Benign,Benign,0.0009170997655019164
Benign,Benign,0.00035739014856517315
Benign,Benign,0.0005986473988741636
Benign,Benign,0.0016125676920637
Benign,Benign,0.0079143196344375
Benign,Benign,0.0007885434897616506
Benign,Benign,0.0003188063856214285
Benign,Benign,0.001585291000083
Benign,Benign,0.0023424858227372
Benign,Benign,0.0112305888906121
Benign,Benign,0.000444179167971015
Benign,Benign,0.00037984325899742544
Benign,Benign,0.0001160528408945538
Benign,Benign,0.0181895606219768
Benign,Benign,0.0032821404747664
Benign,Benign,0.00015110835374798626
Benign,Benign,0.0062511982396245
Benign,Benign,0.0003648014389909804
Benign,Benign,0.0065048211254179
Benign,Benign,0.001646714285016
Benign,Benign,0.0018346509896218
Benign,Benign,0.0004933627205900848
Benign,Benign,0.001184714375995
Benign,Benign,0.0008977127145044506
Benign,Benign,4.101878221263178e-05
Benign,Benign,0.0021790380124002
Benign,Benign,0.0100178066641092
Benign,Benign,0.0008993573137558997
Benign,Benign,0.0002728397084865719
Benign,Benign,0.0231238417327404
Benign,Benign,0.0024249558337032
Benign,Benign,0.000942935817874968
Benign,Benign,6.66624036966823e-05
Benign,Benign,0.2210520803928375
Benign,Benign,0.0037525463849306
Benign,Benign,0.0017228386132046
Benign,Malicious,0.2435202747583389
Benign,Benign,0.000873229990247637
Benign,Benign,0.0236664339900016
Benign,Benign,0.0013960645301267
Benign,Benign,0.0065518198534846
Benign,Benign,0.0036218557506799
Benign,Benign,2.255748950119596e-05
Benign,Benign,0.0007065695244818926
Benign,Benign,0.00016783860337454826
Benign,Benign,0.0037432736717164
Benign,Benign,0.0014077404048293
Benign,Benign,0.0005360405193641782
Benign,Benign,0.0036621161270886
Benign,Benign,0.00037306349258869886
Benign,Benign,0.0024897772818803
Benign,Benign,6.995263538556173e-05
Benign,Benign,0.0010613206541165
Benign,Benign,0.00025379681028425694
Benign,Benign,0.0003435118414927274
Benign,Benign,0.0017958355601876
Benign,Benign,0.0188256334513425
Benign,Benign,0.0046476395800709
Benign,Benign,0.0022705951705574
Benign,Benign,0.0047389389947056
Benign,Benign,0.0052766515873372
Benign,Benign,0.00027220495394431055
Benign,Benign,0.00366324884817
Benign,Benign,8.0015481216833e-05
Benign,Benign,0.001073318067938
Benign,Benign,0.0204238314181566
Benign,Benign,0.0014486028812825
Benign,Benign,0.0093309842050075
Benign,Benign,0.0144765609875321
Benign,Benign,0.0006652504089288414
Benign,Benign,8.763870937400497e-06
Benign,Benign,0.00034707371378317475
Benign,Benign,0.001846524188295
Benign,Benign,0.00011135855311295018
Benign,Benign,0.003773181233555
Benign,Benign,0.001065362477675
Benign,Benign,0.000358876190148294
Benign,Malicious,0.2543827891349792
Benign,Benign,0.0002506282180547714
Benign,Benign,0.0262528397142887
Benign,Benign,0.0002684641513042152
Benign,Benign,0.0114154648035764
Benign,Benign,0.0003481560561340302
Benign,Benign,0.0070750983431935
Benign,Benign,0.0019780846778303
Benign,Benign,0.0001875629968708381
Benign,Benign,0.0011740017216652
Benign,Benign,0.0051528206095099
Benign,Benign,0.002174578141421
Benign,Benign,8.785842510405928e-05
Benign,Benign,0.0010357818100601
Benign,Benign,0.0174653884023427
Benign,Benign,0.00018646313401404768
Benign,Benign,0.0068953856825828
Benign,Benign,0.00030293065356090665
Benign,Benign,8.704444189788774e-05
Benign,Benign,0.1094034686684608
Benign,Benign,0.00010314136306988075
Benign,Benign,0.0009241161169484258
Benign,Benign,0.0013596902135759
Benign,Benign,0.0011676958529278
Benign,Benign,0.00034679603413678706
Benign,Benign,0.0021032548975199
Benign,Benign,0.00018939442816190424
Benign,Benign,0.001279930351302
Benign,Benign,0.0030884337611496
Benign,Benign,0.008288481272757
Benign,Benign,0.001123423106037
Benign,Benign,0.0010343544417992
Benign,Benign,0.00013340296573005617
Benign,Benign,0.0772180780768394
Benign,Benign,0.0002766501856967807
Benign,Benign,0.0034684333950281
Benign,Benign,0.0091834617778658
Benign,Benign,0.0006736831273883581
Benign,Benign,0.00041844547376967967
Benign,Benign,0.0002953054790850729
Benign,Benign,0.00031982013024389744
Benign,Benign,0.0181280728429555
Benign,Benign,0.0141457021236419
Benign,Benign,0.0008245339849963784
Benign,Benign,0.0024046676699072
Benign,Benign,0.0006338577950373292
Benign,Benign,0.0005825079279020429
Benign,Benign,0.0042804130353033
Benign,Malicious,0.5698987245559692
Benign,Benign,0.0269471667706966
Benign,Benign,0.0085075860843062
Benign,Benign,0.0003329637402202934
Benign,Benign,7.903841469669715e-05
Benign,Benign,0.0005808917921967804
Benign,Benign,0.0002523365546949208
Benign,Benign,5.127612894284539e-05
Benign,Benign,0.0080971494317054
Benign,Benign,0.000879432715009898
Benign,Benign,0.0007776598213240504
Benign,Benign,0.0012970935786142
Benign,Benign,0.0006159128388389945
Benign,Benign,0.0003457654092926532
Benign,Benign,0.0074042263440787
Benign,Benign,0.001650545047596
Benign,Benign,5.0907256081700325e-05
Benign,Benign,0.0023120585829019
Benign,Benign,0.0007854675641283393
Benign,Benign,0.000608521222602576
Benign,Benign,0.0301501601934433
Benign,Benign,0.00032868701964616776
Benign,Benign,0.0012870505452156
Benign,Benign,0.0010398339945822
Benign,Benign,0.0020872033201158
Benign,Benign,0.00012012480146950112
Benign,Benign,0.0003987517557106912
Benign,Benign,0.0016142290551215
Benign,Benign,0.0163489375263452
Benign,Benign,0.0001210175469168462
Benign,Benign,0.00036393667687661946
Benign,Benign,0.00023812698782421649
Benign,Benign,0.000630565220490098
Benign,Benign,0.0029928530566394
Benign,Benign,0.0095032649114727
Benign,Benign,0.00032932625617831945
Benign,Benign,0.0504649169743061
Benign,Benign,0.1030057743191719
Benign,Benign,0.0002681574260350317
Benign,Benign,0.0040730787441134
Benign,Benign,0.0009204745874740184
Benign,Benign,0.0007511774892918766
Benign,Benign,0.0004362522158771753
Benign,Benign,0.0052282665856182
Benign,Benign,0.0056389267556369
Benign,Benign,0.0007683197036385536
Benign,Benign,0.0266995597630739
Benign,Benign,0.0011871634051203
Benign,Benign,0.00012344741844572127
Benign,Benign,0.00011342100333422422
Benign,Benign,0.0003399366978555918
Benign,Benign,0.0033359017688781
Benign,Benign,0.0008080886327661574
Benign,Benign,0.015166618861258
Benign,Benign,0.0006572369602508843
Benign,Benign,0.0077564171515405
Benign,Benign,0.0004826091171707958
Benign,Benign,0.0006245065596885979
Benign,Benign,0.0002868152514565736
Benign,Benign,0.0022559971548616
Benign,Benign,0.0003045238554477692
Benign,Benign,0.004576570354402
Benign,Benign,0.0131764449179172
Benign,Benign,0.0031999377533793
Benign,Benign,0.0006909308140166104
Benign,Benign,0.0002654964628163725
Benign,Benign,0.0009854851523414254
Benign,Benign,0.2012471556663513
Benign,Benign,0.0016403150511905
Benign,Benign,0.0077003971673548
Benign,Benign,0.0023583467118442
Benign,Benign,0.0021791779436171
Benign,Benign,0.0028752882499247
Benign,Benign,0.0183611139655113
Benign,Benign,0.0048338123597204
Benign,Benign,0.000934025039896369
Benign,Benign,0.0005549700581468642
Benign,Benign,0.003559699980542
Benign,Benign,0.0004668464825954288
Benign,Benign,0.0054099317640066
Benign,Benign,0.0115516306832432
Benign,Benign,2.4083356038318016e-05
Benign,Benign,0.0033776590134948
Benign,Benign,0.0010463134385645
Benign,Benign,0.0036716593895107
Benign,Malicious,0.5661824345588684
Benign,Benign,0.0018718196079134
Benign,Benign,0.0003820181300397962
Benign,Benign,0.0006752155022695661
Benign,Benign,9.065730409929527e-05
Benign,Benign,0.0006038895226083696
Benign,Benign,6.283818220254034e-05
Benign,Benign,0.0004952613380737603
Benign,Benign,0.0319010578095912
Benign,Benign,0.0008844141266308725
Benign,Benign,0.00025430863024666905
Benign,Benign,0.0009078692528419196
Benign,Benign,9.643914381740616e-05
Benign,Benign,7.835685391910374e-05
Benign,Benign,0.0694144517183303
Benign,Benign,0.00031207295251078904
Benign,Benign,0.0538098998367786
Benign,Benign,0.0219292640686035
Benign,Benign,0.0002525548916310072
Benign,Benign,0.0284192282706499
Benign,Malicious,0.3805515170097351
Benign,Benign,0.0036695459857583
Benign,Benign,0.0184378661215305
Benign,Benign,0.0005585731123574078
Benign,Benign,0.0003040530427824706
Benign,Benign,0.0004887232789769769
Benign,Benign,0.0005916384398005903
Benign,Benign,0.0047429143451154
Benign,Benign,0.0023023162502795
Benign,Benign,0.000211581529583782
Benign,Benign,0.00034891144605353475
Benign,Benign,0.0013683281140401
Benign,Benign,0.0478073246777057
Benign,Benign,0.00022306686150841412
Benign,Benign,0.0029865934047847
Benign,Benign,0.0006959530292078853
Benign,Benign,0.0006086818757466972
Benign,Benign,0.004918894264847
Benign,Benign,0.0033075066749006
Benign,Benign,0.00022369260841514915
Benign,Benign,0.0004442433419171721
Benign,Benign,0.0006902677705511451
Benign,Benign,0.0097020231187343
Benign,Benign,0.0002333713782718405
Benign,Benign,0.0005779259372502565
Benign,Benign,0.0059746350161731
Benign,Benign,0.0018788643646985
Benign,Benign,0.0004757688438985497
Benign,Benign,0.0047715613618493
Benign,Benign,0.00013163867697585374
Benign,Benign,0.0029696668498218
Benign,Benign,0.0003652767918538302
Benign,Benign,0.0011638047872111
Benign,Benign,0.0092228194698691
Benign,Benign,0.0022144292015582
Benign,Benign,0.023035766556859
Benign,Benign,0.0041032382287085
Benign,Benign,0.0048355008475482
Benign,Benign,0.0004602299886755645
Benign,Benign,0.0024683868978172
Benign,Benign,0.0021971631795167
Benign,Benign,0.0003126739466097206
Benign,Benign,0.0117410365492105
Benign,Benign,0.0020690390374511
Benign,Benign,0.0023746476508677
Benign,Benign,0.00011047151201637462
Benign,Benign,0.0029981592670083
Benign,Benign,0.00016648108430672437
Benign,Benign,0.0001377598091494292
Benign,Benign,0.0233450401574373
Benign,Benign,0.000171284016687423
Benign,Benign,0.0037570230197161
Benign,Benign,0.1743286252021789
Benign,Benign,0.00039504573214799166
Benign,Benign,0.0009646780672483146
Benign,Benign,0.010938823223114
Benign,Benign,0.0001791080430848524
Benign,Benign,0.0114037338644266
Benign,Benign,0.0100805032998323
Benign,Benign,0.0055617298930883
Benign,Benign,0.0001226593740284443
Benign,Benign,0.00032844115048646927
Benign,Benign,9.45026840781793e-06
Benign,Benign,0.0630447342991828
Benign,Benign,0.0014424126129597
Benign,Benign,0.00035732032847590744
Benign,Benign,0.001086201518774
Benign,Benign,0.00022620261006522924
Benign,Benign,0.0003457654092926532
Benign,Benign,0.0034796455875039
Benign,Benign,0.0106674209237098
Benign,Benign,0.0002235311985714361
Benign,Benign,0.0019485023804008
Benign,Benign,0.0282254852354526
Benign,Benign,0.0020031977910548
Benign,Benign,0.0008106352179311216
Benign,Benign,8.107155008474365e-05
Benign,Benign,0.0006004556780681014
Benign,Benign,0.018830494955182
Benign,Benign,0.0004650926857721061
Benign,Benign,1.878942748589907e-05
Benign,Benign,0.00010629225289449096
Benign,Benign,0.0124085890129208
Benign,Benign,0.0027657342143356
Benign,Benign,6.362373824231327e-05
Benign,Benign,0.0039096875116229
Benign,Benign,0.0005585731123574078
Benign,Benign,0.0034173815511167
Benign,Benign,0.0005695055588148534
Benign,Benign,0.0001296916598221287
Benign,Benign,0.0011107187019661
Benign,Benign,0.0011408563004806
Benign,Benign,0.013036579824984
Benign,Benign,0.0029689781367778
Benign,Benign,0.0005596199771389365
Benign,Benign,0.0518063567578792
Benign,Benign,0.0051523051224648
Benign,Benign,0.0003579345066100359
Benign,Benign,0.00027387726004235446
Benign,Benign,0.0028889847453683
Benign,Benign,0.0018052824307233
Benign,Benign,0.00028649496380239725
Benign,Benign,0.00031164364190772176
Benign,Benign,0.127100795507431
Benign,Benign,0.0016015581786632
Benign,Benign,5.209663504501805e-05
Benign,Benign,0.0007463183719664812
Benign,Benign,0.1451853066682815
Benign,Benign,0.052546989172697
Benign,Benign,0.0042818398214876
Benign,Benign,0.0001323890610365197
Benign,Benign,0.0008517356473021209
Benign,Benign,0.0342832319438457
Benign,Benign,0.0005592864472419024
Benign,Benign,9.883422899292782e-05
Benign,Benign,0.0009327990701422096
Benign,Benign,0.0014137384714558
Benign,Benign,0.00046031884266994894
Benign,Benign,0.0067937113344669
Benign,Benign,0.0095489444211125
Benign,Benign,0.0005194531404413283
Benign,Benign,0.0036975264083594
Benign,Benign,0.0047626551240682
Benign,Benign,0.0021788191515952
Benign,Benign,0.0092077953740954
Benign,Benign,0.0006570932455360889
Benign,Benign,0.0002392688038526103
Benign,Benign,0.000460128445411101
Benign,Benign,0.0020774889271706
Benign,Benign,0.0006487577338702977
Benign,Benign,0.0132234059274196
Benign,Benign,0.00018780046957544985
Benign,Benign,0.0042744441889226
Benign,Benign,0.0012575554428622
Benign,Benign,0.0011174216633662
Benign,Benign,0.0017604201566427
Benign,Benign,0.0077792117372155
Benign,Benign,0.0082233753055334
Benign,Benign,0.0005122996517457068
Benign,Benign,0.0012066999915987
Benign,Benign,0.0009041301091201604
Benign,Benign,0.0003388487675692886
Benign,Benign,0.0005242342012934387
Benign,Benign,0.00024314544862136245
Benign,Benign,0.0034160611685365
Benign,Benign,0.012383715249598
Benign,Benign,0.0467571765184402
Benign,Benign,0.0012735824566334
Benign,Benign,9.647519618738444e-05
Benign,Benign,0.0012815124355256
Benign,Benign,0.0019214848289266
Benign,Benign,0.0070325694978237
Benign,Benign,0.0878229439258575
Benign,Benign,0.0037260213866829
Benign,Benign,0.0143262520432472
Benign,Benign,0.0015119410818442
Benign,Benign,0.0056785438209772
Benign,Benign,0.011968889273703
Benign,Benign,0.00013885680527891964
Benign,Benign,0.0010917712934315
Benign,Benign,0.0006278654327616096
Benign,Benign,0.0005399964284151793
Benign,Benign,0.0004666020686272532
Benign,Benign,0.0023910847958177
Benign,Benign,0.0005826711421832442
Benign,Benign,0.00038158753886818886
Benign,Benign,0.0014935751678422
Benign,Benign,0.0003771328192669898
Benign,Benign,0.002041278174147
Benign,Benign,0.00019014609279111028
Benign,Benign,0.0009327310835942626
Benign,Benign,0.0061971768736839
Benign,Benign,0.0029318430460989
Benign,Benign,0.00039828941226005554
Benign,Benign,0.0706734731793403
Benign,Benign,0.0144061408936977
Benign,Malicious,0.2768750190734863
Benign,Benign,0.0303430873900651
Benign,Benign,0.0082186898216605
Benign,Benign,0.00017955363728106022
Benign,Benign,0.0011793430894613
Benign,Benign,0.0144101502373814
Benign,Benign,0.0005420513916760683
Benign,Benign,0.000939226825721562
Benign,Benign,0.0072530508041381
Benign,Benign,0.0158081650733947
Benign,Benign,0.1433837413787841
Benign,Benign,0.0011359649943187
Benign,Benign,0.0003166880051139742
Benign,Benign,0.0007292273221537471
Benign,Benign,0.0012386173475533
Benign,Benign,0.00015837988757994026
Benign,Benign,0.00010491538705537096
Benign,Benign,0.0286695882678031
Benign,Benign,0.0010408647358417
Benign,Benign,0.00017863049288280308
Benign,Benign,0.0044791474938392
Benign,Benign,0.0030595615971833
Benign,Benign,0.0004900990170426667
Benign,Benign,0.0037956959567964
Benign,Benign,0.0003668529679998756
Benign,Benign,0.0018675241153687
Benign,Benign,0.0001958932989509776
Benign,Benign,0.0010570916347205
Benign,Benign,0.0014585915487259
Benign,Benign,0.00033700966741889715
Benign,Benign,0.0090669142082333
Benign,Benign,0.0004988120635971427
Benign,Benign,5.97470898355823e-05
Benign,Benign,0.0004393339913804084
Benign,Benign,0.0001625219447305426
Benign,Benign,0.0060843611136078
Benign,Benign,0.0124124865978956
Benign,Benign,0.0299964305013418
Benign,Benign,0.0022756496910005
Benign,Benign,0.0022838795557618
Benign,Benign,0.1244976669549942
Benign,Benign,0.001307017635554
Benign,Benign,2.40819099417422e-05
Benign,Benign,0.00016538416093681008
Benign,Benign,0.001271431101486
Benign,Benign,0.0041976170614361
Benign,Benign,0.000614142045378685
Benign,Benign,0.0007478451007045805
Benign,Benign,0.0005340989446267486
Benign,Benign,0.0036514648236334
Benign,Benign,0.0051126205362379
Benign,Benign,0.0033303196541965
Benign,Benign,0.000766133249271661
Benign,Benign,0.0176662467420101
Benign,Benign,0.009406535886228
Benign,Benign,0.0004941553343087435
Benign,Benign,0.0005791942239739001
Benign,Benign,0.0551980808377265
Benign,Malicious,0.2405713051557541
Benign,Benign,0.0006852202932350338
Benign,Benign,0.0003457654092926532
Benign,Benign,0.0009883600287139416
Benign,Benign,0.0011807874543592
Benign,Benign,0.0054343324154615
Benign,Benign,0.00034591672010719776
Benign,Benign,0.0014434404438361
Benign,Benign,0.00018557842122390864
Benign,Benign,0.0028791297227144
Benign,Benign,0.0007523477543145418
Benign,Benign,0.0051740766502916
Benign,Benign,0.0020334802102297
Benign,Benign,7.632865890627727e-05
Benign,Benign,0.0092567550018429
Benign,Benign,0.1242000013589859
Benign,Benign,0.0005539973499253392
Benign,Benign,0.0024505169130861
Benign,Benign,0.0044216183014214
Benign,Benign,0.0393931604921817
Benign,Benign,0.0008451358880847692
Benign,Benign,0.0167567431926727
Benign,Benign,0.0416209064424037
Benign,Benign,0.0047027491964399
Benign,Benign,0.0014177650446072
Benign,Benign,9.612130088498816e-05
Benign,Benign,7.315494440263137e-05
Benign,Benign,0.0030298049096018
Benign,Benign,0.0093942889943718
Benign,Benign,0.0017979624681174
Benign,Benign,4.489779530558735e-05
Benign,Benign,0.0039847446605563
Benign,Benign,0.0005005085258744657
Benign,Benign,0.0090476851910352
Benign,Benign,0.00015579343016725034
Benign,Benign,0.0044883633963763
Benign,Benign,0.0023227336350828
Benign,Benign,0.000594035314861685
Benign,Benign,3.634748645708896e-05
Benign,Benign,0.00045886525185778737
Benign,Benign,0.0023698210716247
Benign,Benign,0.0029232718516141
Benign,Benign,0.00029934680787846446
Benign,Benign,0.001332669169642
Benign,Benign,0.0032490289304405
Benign,Benign,0.0058680861257016
Benign,Benign,0.00031207295251078904
Benign,Benign,0.0035969268064945
Benign,Benign,0.0274606458842754
Benign,Benign,0.0101526174694299
Benign,Benign,0.0003205820685252547
Benign,Benign,0.0026132725179195
Benign,Benign,0.0023782618809491
Benign,Benign,0.0008016247884370387
Benign,Benign,0.0158875714987516
Benign,Benign,0.0050555374473333
Benign,Benign,0.0003836637479253113
Benign,Benign,0.0043060602620244
Benign,Benign,0.0006034263642504811
Benign,Benign,0.0008587893098592758
Benign,Benign,0.00036950031062588096
Benign,Benign,0.0004369248053990305
Benign,Benign,0.0026424857787787
Benign,Benign,0.0024594692513346
Benign,Benign,0.0059988657012581
Benign,Benign,0.0110710533335804
Benign,Benign,0.00027481731376610696
Benign,Benign,0.0344945862889289
Benign,Benign,0.0050137680955231
Benign,Benign,0.0604908652603626
Benign,Benign,0.0070954202674329
Benign,Benign,0.0247458778321743
Benign,Benign,0.0002954840019810945
Benign,Benign,0.0045243795029819
Benign,Benign,0.00030766063719056547
Benign,Benign,0.0004599407548084855
Benign,Benign,0.0002942972932942212
Benign,Benign,0.0223735570907592
Benign,Benign,0.0262081995606422
Benign,Benign,0.1726889610290527
Benign,Benign,0.0041649881750345
Benign,Benign,0.0005278591415844858
Benign,Benign,0.0240816548466682
Benign,Benign,0.0011399188078939
Benign,Benign,0.0022756194230169
Benign,Benign,0.000994776375591755
Benign,Benign,0.0025846839416772
Benign,Benign,0.000706166320014745
Benign,Benign,0.0006586324307136238
Benign,Benign,6.572585698449984e-05
Benign,Benign,0.000172351035871543
Benign,Benign,0.00035653155646286905
Benign,Benign,0.0003235632320865989
Benign,Benign,6.59992583678104e-05
Benign,Benign,0.0009993355488404632
Benign,Benign,0.0054010082967579
Benign,Benign,0.00043402620940469205
Benign,Benign,0.0035694064572453
Benign,Benign,0.0087112197652459
Benign,Benign,0.00014796906907577068
Benign,Benign,0.0002989734639413655
Benign,Benign,0.0198732633143663
Benign,Benign,0.00012017141852993518
Benign,Benign,0.0002775502798613161
Benign,Benign,0.0010032266145572
Benign,Benign,0.0058666206896305
Benign,Benign,0.0004433206922840327
Benign,Benign,0.0009972031693905592
Benign,Benign,0.0006041589076630771
Benign,Benign,0.0137177715077996
Benign,Benign,0.0016512506408616
Benign,Benign,0.003834503237158
Benign,Benign,0.00014996719255577773
Benign,Benign,0.0001221256679855287
Benign,Benign,0.0018245433457195
Benign,Benign,0.004591709934175
Benign,Benign,0.0035754747223109
