y_real,y_pred
DNS_Spoofing,DNS_Spoofing
DNS_Spoofing,DNS_Spoofing
DNS_Spoofing,MITM-ArpSpoofing
DNS_Spoofing,BenignTraffic
DNS_Spoofing,DNS_Spoofing
DNS_Spoofing,DNS_Spoofing
DNS_Spoofing,DNS_Spoofing
DNS_Spoofing,DNS_Spoofing
DNS_Spoofing,VulnerabilityScan
DNS_Spoofing,DNS_Spoofing
DNS_Spoofing,XSS
DNS_Spoofing,DNS_Spoofing
DNS_Spoofing,DNS_Spoofing
DNS_Spoofing,MITM-ArpSpoofing
DNS_Spoofing,DNS_Spoofing
DNS_Spoofing,CommandInjection
DNS_Spoofing,BenignTraffic
DNS_Spoofing,DNS_Spoofing
DNS_Spoofing,DNS_Spoofing
DNS_Spoofing,DNS_Spoofing
DNS_Spoofing,DNS_Spoofing
DNS_Spoofing,MITM-ArpSpoofing
DNS_Spoofing,DNS_Spoofing
DNS_Spoofing,DNS_Spoofing
DNS_Spoofing,DNS_Spoofing
DNS_Spoofing,MITM-ArpSpoofing
DNS_Spoofing,MITM-ArpSpoofing
DNS_Spoofing,DNS_Spoofing
DNS_Spoofing,BenignTraffic
DNS_Spoofing,DNS_Spoofing
DNS_Spoofing,DNS_Spoofing
DNS_Spoofing,DNS_Spoofing
DNS_Spoofing,DNS_Spoofing
DNS_Spoofing,DNS_Spoofing
DNS_Spoofing,BenignTraffic
DNS_Spoofing,DNS_Spoofing
DNS_Spoofing,DNS_Spoofing
DNS_Spoofing,MITM-ArpSpoofing
DNS_Spoofing,DNS_Spoofing
DNS_Spoofing,MITM-ArpSpoofing
DNS_Spoofing,DNS_Spoofing
DNS_Spoofing,DNS_Spoofing
DNS_Spoofing,DNS_Spoofing
DNS_Spoofing,DNS_Spoofing
DNS_Spoofing,MITM-ArpSpoofing
DNS_Spoofing,SqlInjection
DNS_Spoofing,DNS_Spoofing
DNS_Spoofing,DNS_Spoofing
DNS_Spoofing,DNS_Spoofing
DNS_Spoofing,DNS_Spoofing
DNS_Spoofing,DNS_Spoofing
DNS_Spoofing,BenignTraffic
DNS_Spoofing,DNS_Spoofing
DNS_Spoofing,DNS_Spoofing
DNS_Spoofing,DNS_Spoofing
DNS_Spoofing,DNS_Spoofing
DNS_Spoofing,XSS
DNS_Spoofing,DNS_Spoofing
DNS_Spoofing,DNS_Spoofing
DNS_Spoofing,DNS_Spoofing
DNS_Spoofing,DNS_Spoofing
DNS_Spoofing,DNS_Spoofing
DNS_Spoofing,DNS_Spoofing
DNS_Spoofing,BenignTraffic
DNS_Spoofing,DNS_Spoofing
DNS_Spoofing,DNS_Spoofing
DNS_Spoofing,DNS_Spoofing
DNS_Spoofing,DNS_Spoofing
DNS_Spoofing,BenignTraffic
DNS_Spoofing,DNS_Spoofing
DNS_Spoofing,DNS_Spoofing
DNS_Spoofing,MITM-ArpSpoofing
DNS_Spoofing,DNS_Spoofing
DNS_Spoofing,DNS_Spoofing
DNS_Spoofing,DNS_Spoofing
DNS_Spoofing,DNS_Spoofing
DNS_Spoofing,MITM-ArpSpoofing
DNS_Spoofing,DNS_Spoofing
DNS_Spoofing,MITM-ArpSpoofing
DNS_Spoofing,DNS_Spoofing
DNS_Spoofing,DNS_Spoofing
DNS_Spoofing,MITM-ArpSpoofing
DNS_Spoofing,DNS_Spoofing
DNS_Spoofing,DNS_Spoofing
DNS_Spoofing,DNS_Spoofing
DNS_Spoofing,DNS_Spoofing
DNS_Spoofing,DNS_Spoofing
DNS_Spoofing,DNS_Spoofing
DNS_Spoofing,DNS_Spoofing
DNS_Spoofing,DNS_Spoofing
DNS_Spoofing,DNS_Spoofing
DNS_Spoofing,BenignTraffic
DNS_Spoofing,DNS_Spoofing
DNS_Spoofing,DNS_Spoofing
DNS_Spoofing,Backdoor_Malware
DNS_Spoofing,DNS_Spoofing
DNS_Spoofing,DNS_Spoofing
DNS_Spoofing,MITM-ArpSpoofing
DNS_Spoofing,DNS_Spoofing
DNS_Spoofing,DNS_Spoofing
DNS_Spoofing,DNS_Spoofing
DNS_Spoofing,DNS_Spoofing
DNS_Spoofing,DNS_Spoofing
DNS_Spoofing,DNS_Spoofing
DNS_Spoofing,DNS_Spoofing
DNS_Spoofing,MITM-ArpSpoofing
DNS_Spoofing,DNS_Spoofing
DNS_Spoofing,DNS_Spoofing
DNS_Spoofing,DNS_Spoofing
DNS_Spoofing,DNS_Spoofing
DNS_Spoofing,DNS_Spoofing
DNS_Spoofing,Recon-PingSweep
DNS_Spoofing,DNS_Spoofing
DNS_Spoofing,DNS_Spoofing
DNS_Spoofing,XSS
DNS_Spoofing,DNS_Spoofing
DNS_Spoofing,MITM-ArpSpoofing
DNS_Spoofing,DNS_Spoofing
DNS_Spoofing,MITM-ArpSpoofing
DNS_Spoofing,BenignTraffic
DNS_Spoofing,MITM-ArpSpoofing
DNS_Spoofing,MITM-ArpSpoofing
DNS_Spoofing,DNS_Spoofing
DNS_Spoofing,BrowserHijacking
DNS_Spoofing,DNS_Spoofing
DNS_Spoofing,Backdoor_Malware
DNS_Spoofing,Uploading_Attack
DNS_Spoofing,DNS_Spoofing
DNS_Spoofing,DNS_Spoofing
DNS_Spoofing,DNS_Spoofing
DNS_Spoofing,DNS_Spoofing
DNS_Spoofing,DNS_Spoofing
DNS_Spoofing,DNS_Spoofing
DNS_Spoofing,DNS_Spoofing
DNS_Spoofing,DNS_Spoofing
DNS_Spoofing,DNS_Spoofing
DNS_Spoofing,DNS_Spoofing
DNS_Spoofing,BrowserHijacking
DNS_Spoofing,DNS_Spoofing
DNS_Spoofing,VulnerabilityScan
DNS_Spoofing,DNS_Spoofing
DNS_Spoofing,DNS_Spoofing
DNS_Spoofing,BenignTraffic
DNS_Spoofing,DNS_Spoofing
DNS_Spoofing,DNS_Spoofing
DNS_Spoofing,DNS_Spoofing
DNS_Spoofing,MITM-ArpSpoofing
DNS_Spoofing,DNS_Spoofing
DNS_Spoofing,DNS_Spoofing
DNS_Spoofing,DNS_Spoofing
DNS_Spoofing,Backdoor_Malware
DNS_Spoofing,MITM-ArpSpoofing
DNS_Spoofing,DNS_Spoofing
DNS_Spoofing,DNS_Spoofing
DNS_Spoofing,DNS_Spoofing
DNS_Spoofing,DNS_Spoofing
DNS_Spoofing,DNS_Spoofing
DNS_Spoofing,DNS_Spoofing
DNS_Spoofing,DNS_Spoofing
DNS_Spoofing,DNS_Spoofing
DNS_Spoofing,MITM-ArpSpoofing
DNS_Spoofing,DNS_Spoofing
DNS_Spoofing,DNS_Spoofing
DNS_Spoofing,DNS_Spoofing
DNS_Spoofing,DNS_Spoofing
DNS_Spoofing,DNS_Spoofing
DNS_Spoofing,DNS_Spoofing
DNS_Spoofing,DNS_Spoofing
DNS_Spoofing,DNS_Spoofing
DNS_Spoofing,DNS_Spoofing
DNS_Spoofing,DNS_Spoofing
DNS_Spoofing,Backdoor_Malware
DNS_Spoofing,DNS_Spoofing
DNS_Spoofing,DNS_Spoofing
DNS_Spoofing,DNS_Spoofing
DNS_Spoofing,DNS_Spoofing
DNS_Spoofing,DNS_Spoofing
DNS_Spoofing,DNS_Spoofing
DNS_Spoofing,DNS_Spoofing
DNS_Spoofing,DNS_Spoofing
DNS_Spoofing,MITM-ArpSpoofing
DNS_Spoofing,DNS_Spoofing
DNS_Spoofing,DNS_Spoofing
DNS_Spoofing,BrowserHijacking
DNS_Spoofing,DNS_Spoofing
DNS_Spoofing,DNS_Spoofing
DNS_Spoofing,DNS_Spoofing
DNS_Spoofing,DNS_Spoofing
DNS_Spoofing,MITM-ArpSpoofing
DNS_Spoofing,DNS_Spoofing
DNS_Spoofing,DNS_Spoofing
DNS_Spoofing,MITM-ArpSpoofing
DNS_Spoofing,MITM-ArpSpoofing
DNS_Spoofing,MITM-ArpSpoofing
DNS_Spoofing,DNS_Spoofing
DNS_Spoofing,DNS_Spoofing
DNS_Spoofing,DNS_Spoofing
DNS_Spoofing,DNS_Spoofing
DNS_Spoofing,MITM-ArpSpoofing
DNS_Spoofing,XSS
DNS_Spoofing,MITM-ArpSpoofing
DNS_Spoofing,DNS_Spoofing
DNS_Spoofing,DNS_Spoofing
DNS_Spoofing,MITM-ArpSpoofing
DNS_Spoofing,DNS_Spoofing
DNS_Spoofing,DNS_Spoofing
DNS_Spoofing,DNS_Spoofing
DNS_Spoofing,DNS_Spoofing
DNS_Spoofing,DNS_Spoofing
DNS_Spoofing,DNS_Spoofing
DNS_Spoofing,DNS_Spoofing
DNS_Spoofing,DNS_Spoofing
DNS_Spoofing,DNS_Spoofing
DNS_Spoofing,DNS_Spoofing
DNS_Spoofing,DNS_Spoofing
DNS_Spoofing,MITM-ArpSpoofing
DNS_Spoofing,MITM-ArpSpoofing
DNS_Spoofing,DNS_Spoofing
DNS_Spoofing,DNS_Spoofing
DNS_Spoofing,VulnerabilityScan
DNS_Spoofing,DNS_Spoofing
DNS_Spoofing,DNS_Spoofing
DNS_Spoofing,DNS_Spoofing
DNS_Spoofing,MITM-ArpSpoofing
DNS_Spoofing,MITM-ArpSpoofing
DNS_Spoofing,DNS_Spoofing
DNS_Spoofing,DNS_Spoofing
DNS_Spoofing,DNS_Spoofing
DNS_Spoofing,VulnerabilityScan
DNS_Spoofing,DNS_Spoofing
DNS_Spoofing,DNS_Spoofing
DNS_Spoofing,MITM-ArpSpoofing
DNS_Spoofing,Backdoor_Malware
DNS_Spoofing,DNS_Spoofing
DNS_Spoofing,DNS_Spoofing
DNS_Spoofing,Backdoor_Malware
DNS_Spoofing,DNS_Spoofing
DNS_Spoofing,DNS_Spoofing
DNS_Spoofing,DNS_Spoofing
DNS_Spoofing,DNS_Spoofing
DNS_Spoofing,DNS_Spoofing
DNS_Spoofing,DNS_Spoofing
DNS_Spoofing,BrowserHijacking
DNS_Spoofing,DNS_Spoofing
DNS_Spoofing,MITM-ArpSpoofing
DNS_Spoofing,SqlInjection
DNS_Spoofing,DNS_Spoofing
DNS_Spoofing,DNS_Spoofing
DNS_Spoofing,DNS_Spoofing
DNS_Spoofing,DNS_Spoofing
DNS_Spoofing,DNS_Spoofing
DNS_Spoofing,DNS_Spoofing
DNS_Spoofing,DNS_Spoofing
DNS_Spoofing,BenignTraffic
DNS_Spoofing,MITM-ArpSpoofing
DNS_Spoofing,DNS_Spoofing
DNS_Spoofing,DNS_Spoofing
DNS_Spoofing,DNS_Spoofing
DNS_Spoofing,DNS_Spoofing
DNS_Spoofing,DNS_Spoofing
DNS_Spoofing,DNS_Spoofing
DNS_Spoofing,DNS_Spoofing
DNS_Spoofing,MITM-ArpSpoofing
DNS_Spoofing,MITM-ArpSpoofing
DNS_Spoofing,DNS_Spoofing
DNS_Spoofing,DNS_Spoofing
DNS_Spoofing,BenignTraffic
DNS_Spoofing,DNS_Spoofing
DNS_Spoofing,DNS_Spoofing
DNS_Spoofing,DNS_Spoofing
DNS_Spoofing,MITM-ArpSpoofing
DNS_Spoofing,DNS_Spoofing
DNS_Spoofing,DNS_Spoofing
DNS_Spoofing,CommandInjection
DNS_Spoofing,MITM-ArpSpoofing
DNS_Spoofing,DNS_Spoofing
DNS_Spoofing,DNS_Spoofing
DNS_Spoofing,DNS_Spoofing
DNS_Spoofing,DNS_Spoofing
DNS_Spoofing,DNS_Spoofing
DNS_Spoofing,DNS_Spoofing
DNS_Spoofing,DNS_Spoofing
DNS_Spoofing,DNS_Spoofing
DNS_Spoofing,DNS_Spoofing
DNS_Spoofing,Recon-HostDiscovery
DNS_Spoofing,DNS_Spoofing
DNS_Spoofing,DNS_Spoofing
DNS_Spoofing,DNS_Spoofing
DNS_Spoofing,MITM-ArpSpoofing
DNS_Spoofing,XSS
DNS_Spoofing,DNS_Spoofing
DNS_Spoofing,VulnerabilityScan
DNS_Spoofing,DNS_Spoofing
DNS_Spoofing,MITM-ArpSpoofing
DNS_Spoofing,DNS_Spoofing
DNS_Spoofing,DNS_Spoofing
DNS_Spoofing,DNS_Spoofing
DNS_Spoofing,XSS
DNS_Spoofing,DNS_Spoofing
DNS_Spoofing,DNS_Spoofing
DNS_Spoofing,DNS_Spoofing
DNS_Spoofing,Uploading_Attack
DNS_Spoofing,MITM-ArpSpoofing
DNS_Spoofing,MITM-ArpSpoofing
DoS-SYN_Flood,DoS-SYN_Flood
DoS-SYN_Flood,DoS-SYN_Flood
DoS-SYN_Flood,DDoS-SYN_Flood
DoS-SYN_Flood,DoS-SYN_Flood
DoS-SYN_Flood,DDoS-SynonymousIP_Flood
DoS-SYN_Flood,DoS-SYN_Flood
DoS-SYN_Flood,DoS-SYN_Flood
DoS-SYN_Flood,DDoS-SynonymousIP_Flood
DoS-SYN_Flood,DoS-SYN_Flood
DoS-SYN_Flood,DoS-SYN_Flood
DoS-SYN_Flood,DoS-SYN_Flood
DoS-SYN_Flood,DoS-SYN_Flood
DoS-SYN_Flood,DoS-SYN_Flood
DoS-SYN_Flood,DDoS-SYN_Flood
DoS-SYN_Flood,DoS-SYN_Flood
DoS-SYN_Flood,DoS-SYN_Flood
DoS-SYN_Flood,DDoS-SYN_Flood
DoS-SYN_Flood,DoS-SYN_Flood
DoS-SYN_Flood,DoS-SYN_Flood
DoS-SYN_Flood,DoS-SYN_Flood
DoS-SYN_Flood,DoS-SYN_Flood
DoS-SYN_Flood,DDoS-SynonymousIP_Flood
DoS-SYN_Flood,DDoS-SYN_Flood
DoS-SYN_Flood,DoS-SYN_Flood
DoS-SYN_Flood,DoS-SYN_Flood
DoS-SYN_Flood,DoS-SYN_Flood
DoS-SYN_Flood,DoS-SYN_Flood
DoS-SYN_Flood,DoS-SYN_Flood
DoS-SYN_Flood,DoS-SYN_Flood
DoS-SYN_Flood,DoS-SYN_Flood
DoS-SYN_Flood,DoS-SYN_Flood
DoS-SYN_Flood,DoS-SYN_Flood
DoS-SYN_Flood,DoS-SYN_Flood
DoS-SYN_Flood,DoS-SYN_Flood
DoS-SYN_Flood,DoS-SYN_Flood
DoS-SYN_Flood,DDoS-SynonymousIP_Flood
DoS-SYN_Flood,DDoS-SynonymousIP_Flood
DoS-SYN_Flood,DoS-SYN_Flood
DoS-SYN_Flood,DoS-SYN_Flood
DoS-SYN_Flood,DoS-SYN_Flood
DoS-SYN_Flood,DDoS-SynonymousIP_Flood
DoS-SYN_Flood,DoS-SYN_Flood
DoS-SYN_Flood,DoS-SYN_Flood
DoS-SYN_Flood,DDoS-SynonymousIP_Flood
DoS-SYN_Flood,DDoS-SYN_Flood
DoS-SYN_Flood,DoS-SYN_Flood
DoS-SYN_Flood,DoS-SYN_Flood
DoS-SYN_Flood,DoS-SYN_Flood
DoS-SYN_Flood,DDoS-SYN_Flood
DoS-SYN_Flood,DDoS-SYN_Flood
DoS-SYN_Flood,DoS-SYN_Flood
DoS-SYN_Flood,DoS-SYN_Flood
DoS-SYN_Flood,DoS-SYN_Flood
DoS-SYN_Flood,DoS-SYN_Flood
DoS-SYN_Flood,DDoS-SynonymousIP_Flood
DoS-SYN_Flood,DoS-SYN_Flood
DoS-SYN_Flood,DDoS-SynonymousIP_Flood
DoS-SYN_Flood,DoS-SYN_Flood
DoS-SYN_Flood,DoS-SYN_Flood
DoS-SYN_Flood,DDoS-SYN_Flood
DoS-SYN_Flood,DoS-SYN_Flood
DoS-SYN_Flood,DoS-SYN_Flood
DoS-SYN_Flood,DDoS-SYN_Flood
DoS-SYN_Flood,DoS-SYN_Flood
DoS-SYN_Flood,DDoS-SYN_Flood
DoS-SYN_Flood,DoS-SYN_Flood
DoS-SYN_Flood,DDoS-SynonymousIP_Flood
DoS-SYN_Flood,DoS-SYN_Flood
DoS-SYN_Flood,DoS-SYN_Flood
DoS-SYN_Flood,DoS-SYN_Flood
DoS-SYN_Flood,DoS-SYN_Flood
DoS-SYN_Flood,DDoS-SynonymousIP_Flood
DoS-SYN_Flood,DoS-SYN_Flood
DoS-SYN_Flood,DoS-SYN_Flood
DoS-SYN_Flood,DoS-SYN_Flood
DoS-SYN_Flood,DoS-SYN_Flood
DoS-SYN_Flood,DoS-SYN_Flood
DoS-SYN_Flood,DoS-SYN_Flood
DoS-SYN_Flood,DoS-SYN_Flood
DoS-SYN_Flood,DoS-SYN_Flood
DoS-SYN_Flood,DoS-SYN_Flood
DoS-SYN_Flood,DoS-SYN_Flood
DoS-SYN_Flood,DoS-SYN_Flood
DoS-SYN_Flood,DoS-SYN_Flood
DoS-SYN_Flood,DoS-SYN_Flood
DoS-SYN_Flood,DoS-SYN_Flood
DoS-SYN_Flood,DoS-SYN_Flood
DoS-SYN_Flood,DDoS-SynonymousIP_Flood
DoS-SYN_Flood,DoS-SYN_Flood
DoS-SYN_Flood,DoS-SYN_Flood
DoS-SYN_Flood,DoS-SYN_Flood
DoS-SYN_Flood,DoS-SYN_Flood
DoS-SYN_Flood,DDoS-SynonymousIP_Flood
DoS-SYN_Flood,DoS-SYN_Flood
DoS-SYN_Flood,DoS-SYN_Flood
DoS-SYN_Flood,DoS-SYN_Flood
DoS-SYN_Flood,DDoS-SYN_Flood
DoS-SYN_Flood,DoS-SYN_Flood
DoS-SYN_Flood,DoS-SYN_Flood
DoS-SYN_Flood,DoS-SYN_Flood
DoS-SYN_Flood,DoS-SYN_Flood
DoS-SYN_Flood,DDoS-SYN_Flood
DoS-SYN_Flood,DoS-SYN_Flood
DoS-SYN_Flood,DDoS-SynonymousIP_Flood
DoS-SYN_Flood,DDoS-SynonymousIP_Flood
DoS-SYN_Flood,DoS-SYN_Flood
DoS-SYN_Flood,DoS-SYN_Flood
DoS-SYN_Flood,DoS-SYN_Flood
DoS-SYN_Flood,DDoS-SynonymousIP_Flood
DoS-SYN_Flood,DoS-SYN_Flood
DoS-SYN_Flood,DoS-SYN_Flood
DoS-SYN_Flood,DDoS-SynonymousIP_Flood
DoS-SYN_Flood,DDoS-SYN_Flood
DoS-SYN_Flood,DoS-SYN_Flood
DoS-SYN_Flood,DoS-SYN_Flood
DoS-SYN_Flood,DoS-SYN_Flood
DoS-SYN_Flood,DDoS-SynonymousIP_Flood
DoS-SYN_Flood,DDoS-SYN_Flood
DoS-SYN_Flood,DoS-SYN_Flood
DoS-SYN_Flood,DDoS-SynonymousIP_Flood
DoS-SYN_Flood,DoS-SYN_Flood
DoS-SYN_Flood,DDoS-SynonymousIP_Flood
DoS-SYN_Flood,DDoS-SYN_Flood
DoS-SYN_Flood,DDoS-SYN_Flood
DoS-SYN_Flood,DoS-SYN_Flood
DoS-SYN_Flood,DoS-SYN_Flood
DoS-SYN_Flood,DoS-SYN_Flood
DoS-SYN_Flood,DoS-SYN_Flood
DoS-SYN_Flood,DoS-SYN_Flood
DoS-SYN_Flood,DoS-SYN_Flood
DoS-SYN_Flood,DDoS-SynonymousIP_Flood
DoS-SYN_Flood,DoS-SYN_Flood
DoS-SYN_Flood,DoS-SYN_Flood
DoS-SYN_Flood,DoS-SYN_Flood
DoS-SYN_Flood,DoS-SYN_Flood
DoS-SYN_Flood,DoS-SYN_Flood
DoS-SYN_Flood,DoS-SYN_Flood
DoS-SYN_Flood,DoS-SYN_Flood
DoS-SYN_Flood,DDoS-SynonymousIP_Flood
DoS-SYN_Flood,DoS-SYN_Flood
DoS-SYN_Flood,DoS-SYN_Flood
DoS-SYN_Flood,DoS-SYN_Flood
DoS-SYN_Flood,DoS-SYN_Flood
DoS-SYN_Flood,DoS-SYN_Flood
DoS-SYN_Flood,DDoS-SYN_Flood
DoS-SYN_Flood,DDoS-SynonymousIP_Flood
DoS-SYN_Flood,DDoS-SYN_Flood
DoS-SYN_Flood,DoS-SYN_Flood
DoS-SYN_Flood,DoS-SYN_Flood
DoS-SYN_Flood,DoS-SYN_Flood
DoS-SYN_Flood,DoS-SYN_Flood
DoS-SYN_Flood,DoS-SYN_Flood
DoS-SYN_Flood,DoS-SYN_Flood
DoS-SYN_Flood,DDoS-SYN_Flood
DoS-SYN_Flood,DoS-SYN_Flood
DoS-SYN_Flood,DoS-SYN_Flood
DoS-SYN_Flood,DoS-SYN_Flood
DoS-SYN_Flood,DoS-SYN_Flood
DoS-SYN_Flood,DDoS-SYN_Flood
DoS-SYN_Flood,DDoS-SYN_Flood
DoS-SYN_Flood,DDoS-SYN_Flood
DoS-SYN_Flood,DoS-SYN_Flood
DoS-SYN_Flood,DDoS-SynonymousIP_Flood
DoS-SYN_Flood,DoS-SYN_Flood
DoS-SYN_Flood,DoS-SYN_Flood
DoS-SYN_Flood,DDoS-SynonymousIP_Flood
DoS-SYN_Flood,DoS-SYN_Flood
DoS-SYN_Flood,DoS-SYN_Flood
DoS-SYN_Flood,DoS-SYN_Flood
DoS-SYN_Flood,DDoS-SynonymousIP_Flood
DoS-SYN_Flood,DDoS-SYN_Flood
DoS-SYN_Flood,DoS-SYN_Flood
DoS-SYN_Flood,DoS-SYN_Flood
DoS-SYN_Flood,DoS-SYN_Flood
DoS-SYN_Flood,DoS-SYN_Flood
DoS-SYN_Flood,DDoS-SYN_Flood
DoS-SYN_Flood,DoS-SYN_Flood
DoS-SYN_Flood,DoS-SYN_Flood
DoS-SYN_Flood,DDoS-SynonymousIP_Flood
DoS-SYN_Flood,DoS-SYN_Flood
DoS-SYN_Flood,DoS-SYN_Flood
DoS-SYN_Flood,DDoS-SYN_Flood
DoS-SYN_Flood,DoS-SYN_Flood
DoS-SYN_Flood,DoS-SYN_Flood
DoS-SYN_Flood,DoS-SYN_Flood
DoS-SYN_Flood,DoS-SYN_Flood
DoS-SYN_Flood,DoS-SYN_Flood
DoS-SYN_Flood,DDoS-SYN_Flood
DoS-SYN_Flood,DoS-SYN_Flood
DoS-SYN_Flood,DoS-SYN_Flood
DoS-SYN_Flood,DDoS-SynonymousIP_Flood
DoS-SYN_Flood,DDoS-SYN_Flood
DoS-SYN_Flood,DoS-SYN_Flood
DoS-SYN_Flood,DoS-SYN_Flood
DoS-SYN_Flood,DoS-SYN_Flood
DoS-SYN_Flood,DoS-SYN_Flood
DoS-SYN_Flood,DoS-SYN_Flood
DoS-SYN_Flood,DoS-SYN_Flood
DoS-SYN_Flood,DoS-SYN_Flood
DoS-SYN_Flood,DDoS-SynonymousIP_Flood
DoS-SYN_Flood,DoS-SYN_Flood
DoS-SYN_Flood,DoS-SYN_Flood
DoS-SYN_Flood,DoS-SYN_Flood
DoS-SYN_Flood,DoS-SYN_Flood
DoS-SYN_Flood,DoS-SYN_Flood
DoS-SYN_Flood,DoS-SYN_Flood
DoS-SYN_Flood,DDoS-SYN_Flood
DoS-SYN_Flood,DoS-SYN_Flood
DoS-SYN_Flood,DDoS-SynonymousIP_Flood
DoS-SYN_Flood,DoS-SYN_Flood
DoS-SYN_Flood,DDoS-SynonymousIP_Flood
DoS-SYN_Flood,DDoS-SYN_Flood
DoS-SYN_Flood,DDoS-SYN_Flood
DoS-SYN_Flood,DoS-SYN_Flood
DoS-SYN_Flood,DoS-SYN_Flood
DoS-SYN_Flood,DDoS-SYN_Flood
DoS-SYN_Flood,DDoS-SYN_Flood
DoS-SYN_Flood,DDoS-SynonymousIP_Flood
DoS-SYN_Flood,DoS-SYN_Flood
DoS-SYN_Flood,DoS-SYN_Flood
DoS-SYN_Flood,DoS-SYN_Flood
DoS-SYN_Flood,DoS-SYN_Flood
DoS-SYN_Flood,DDoS-SynonymousIP_Flood
DoS-SYN_Flood,DDoS-SynonymousIP_Flood
DoS-SYN_Flood,DDoS-SYN_Flood
DoS-SYN_Flood,DoS-SYN_Flood
DoS-SYN_Flood,DoS-SYN_Flood
DoS-SYN_Flood,DoS-SYN_Flood
DoS-SYN_Flood,DDoS-SYN_Flood
DoS-SYN_Flood,DDoS-SYN_Flood
DoS-SYN_Flood,DoS-SYN_Flood
DoS-SYN_Flood,DoS-SYN_Flood
DoS-SYN_Flood,DDoS-SynonymousIP_Flood
DoS-SYN_Flood,DoS-SYN_Flood
DoS-SYN_Flood,DDoS-SynonymousIP_Flood
DoS-SYN_Flood,DoS-SYN_Flood
DoS-SYN_Flood,DoS-SYN_Flood
DoS-SYN_Flood,DDoS-SynonymousIP_Flood
DoS-SYN_Flood,DDoS-SYN_Flood
DoS-SYN_Flood,DoS-SYN_Flood
DoS-SYN_Flood,DoS-SYN_Flood
DoS-SYN_Flood,DoS-SYN_Flood
DoS-SYN_Flood,DoS-SYN_Flood
DoS-SYN_Flood,DDoS-SYN_Flood
DoS-SYN_Flood,DDoS-SYN_Flood
DoS-SYN_Flood,DDoS-SynonymousIP_Flood
DoS-SYN_Flood,DoS-SYN_Flood
DoS-SYN_Flood,DDoS-SYN_Flood
DoS-SYN_Flood,DoS-SYN_Flood
DoS-SYN_Flood,DoS-SYN_Flood
DoS-SYN_Flood,DoS-SYN_Flood
DoS-SYN_Flood,DoS-SYN_Flood
DoS-SYN_Flood,DoS-SYN_Flood
DoS-SYN_Flood,DDoS-SynonymousIP_Flood
DoS-SYN_Flood,DoS-SYN_Flood
DoS-SYN_Flood,DDoS-SynonymousIP_Flood
DoS-SYN_Flood,DoS-SYN_Flood
DoS-SYN_Flood,DoS-SYN_Flood
DoS-SYN_Flood,DDoS-SYN_Flood
DoS-SYN_Flood,DDoS-SYN_Flood
DoS-SYN_Flood,DoS-SYN_Flood
DoS-SYN_Flood,DoS-SYN_Flood
DoS-SYN_Flood,DDoS-SYN_Flood
DoS-SYN_Flood,DoS-SYN_Flood
DoS-SYN_Flood,DoS-SYN_Flood
DoS-SYN_Flood,DoS-SYN_Flood
DoS-SYN_Flood,DoS-SYN_Flood
DoS-SYN_Flood,DoS-SYN_Flood
DoS-SYN_Flood,DoS-SYN_Flood
DoS-SYN_Flood,DDoS-SynonymousIP_Flood
DoS-SYN_Flood,DoS-SYN_Flood
DoS-SYN_Flood,DoS-SYN_Flood
DoS-SYN_Flood,DoS-SYN_Flood
DoS-SYN_Flood,DoS-SYN_Flood
DoS-SYN_Flood,DDoS-SYN_Flood
DoS-SYN_Flood,DoS-SYN_Flood
DoS-SYN_Flood,DoS-SYN_Flood
DoS-SYN_Flood,DDoS-SYN_Flood
DoS-SYN_Flood,DoS-SYN_Flood
DoS-SYN_Flood,DoS-SYN_Flood
DoS-SYN_Flood,DoS-SYN_Flood
DoS-SYN_Flood,DoS-SYN_Flood
DoS-SYN_Flood,DDoS-SYN_Flood
DoS-SYN_Flood,DDoS-SYN_Flood
DoS-SYN_Flood,DDoS-SynonymousIP_Flood
DoS-SYN_Flood,DDoS-SYN_Flood
DoS-SYN_Flood,DDoS-SynonymousIP_Flood
DoS-SYN_Flood,DoS-SYN_Flood
DoS-SYN_Flood,DDoS-SynonymousIP_Flood
DoS-SYN_Flood,DoS-SYN_Flood
DoS-SYN_Flood,DoS-SYN_Flood
DoS-SYN_Flood,DoS-SYN_Flood
DoS-SYN_Flood,DDoS-SynonymousIP_Flood
DoS-SYN_Flood,DDoS-SynonymousIP_Flood
DoS-SYN_Flood,DDoS-SYN_Flood
DoS-SYN_Flood,DDoS-SYN_Flood
DoS-SYN_Flood,DoS-SYN_Flood
DoS-SYN_Flood,DoS-SYN_Flood
DoS-SYN_Flood,DDoS-SYN_Flood
DoS-SYN_Flood,DoS-SYN_Flood
DoS-SYN_Flood,DoS-SYN_Flood
DoS-SYN_Flood,DoS-SYN_Flood
DoS-SYN_Flood,DoS-SYN_Flood
DoS-SYN_Flood,DoS-SYN_Flood
DoS-SYN_Flood,DDoS-SynonymousIP_Flood
DoS-SYN_Flood,DoS-SYN_Flood
DoS-SYN_Flood,DoS-SYN_Flood
DoS-SYN_Flood,DoS-SYN_Flood
DoS-SYN_Flood,DoS-SYN_Flood
DoS-SYN_Flood,DDoS-SynonymousIP_Flood
DoS-SYN_Flood,DoS-SYN_Flood
DoS-SYN_Flood,DoS-SYN_Flood
DoS-SYN_Flood,DDoS-SYN_Flood
DoS-SYN_Flood,DoS-SYN_Flood
DoS-SYN_Flood,DoS-SYN_Flood
DoS-SYN_Flood,DoS-SYN_Flood
DoS-SYN_Flood,DDoS-SynonymousIP_Flood
DoS-SYN_Flood,DoS-SYN_Flood
DoS-SYN_Flood,DDoS-SynonymousIP_Flood
DoS-SYN_Flood,DDoS-SYN_Flood
DoS-SYN_Flood,DoS-SYN_Flood
DoS-SYN_Flood,DDoS-SYN_Flood
DoS-SYN_Flood,DDoS-SynonymousIP_Flood
DoS-SYN_Flood,DoS-SYN_Flood
DoS-SYN_Flood,DoS-SYN_Flood
DoS-SYN_Flood,DoS-SYN_Flood
DoS-SYN_Flood,DoS-SYN_Flood
DoS-SYN_Flood,DoS-SYN_Flood
DoS-SYN_Flood,DoS-SYN_Flood
DoS-SYN_Flood,DoS-SYN_Flood
DoS-SYN_Flood,DoS-SYN_Flood
DoS-SYN_Flood,DDoS-SynonymousIP_Flood
DoS-SYN_Flood,DoS-SYN_Flood
DoS-SYN_Flood,DoS-SYN_Flood
DoS-SYN_Flood,DoS-SYN_Flood
DoS-SYN_Flood,DoS-SYN_Flood
DoS-SYN_Flood,DoS-SYN_Flood
DoS-SYN_Flood,DDoS-SynonymousIP_Flood
DoS-SYN_Flood,DoS-SYN_Flood
DoS-SYN_Flood,DDoS-SYN_Flood
DoS-SYN_Flood,DoS-SYN_Flood
DoS-SYN_Flood,DoS-SYN_Flood
DoS-SYN_Flood,DDoS-SYN_Flood
DoS-SYN_Flood,DoS-SYN_Flood
DoS-SYN_Flood,DoS-SYN_Flood
DoS-SYN_Flood,DoS-SYN_Flood
DoS-SYN_Flood,DoS-SYN_Flood
DoS-SYN_Flood,DDoS-SYN_Flood
DoS-SYN_Flood,DoS-SYN_Flood
DoS-SYN_Flood,DoS-SYN_Flood
DoS-SYN_Flood,DDoS-SYN_Flood
DoS-SYN_Flood,DDoS-SynonymousIP_Flood
DoS-SYN_Flood,DoS-SYN_Flood
DoS-SYN_Flood,DoS-SYN_Flood
DoS-SYN_Flood,DDoS-SYN_Flood
DoS-SYN_Flood,DoS-SYN_Flood
DoS-SYN_Flood,DoS-SYN_Flood
DoS-SYN_Flood,DDoS-SynonymousIP_Flood
DoS-SYN_Flood,DoS-SYN_Flood
DoS-SYN_Flood,DoS-SYN_Flood
DoS-SYN_Flood,DoS-SYN_Flood
DoS-SYN_Flood,DDoS-SYN_Flood
DoS-SYN_Flood,DoS-SYN_Flood
DoS-SYN_Flood,DDoS-SYN_Flood
DoS-SYN_Flood,DDoS-SYN_Flood
DoS-SYN_Flood,DDoS-SYN_Flood
DoS-SYN_Flood,DoS-SYN_Flood
DoS-SYN_Flood,DoS-SYN_Flood
DoS-SYN_Flood,DoS-SYN_Flood
DoS-SYN_Flood,DoS-SYN_Flood
DoS-SYN_Flood,DoS-SYN_Flood
DoS-SYN_Flood,DDoS-SynonymousIP_Flood
DoS-SYN_Flood,DDoS-SYN_Flood
DoS-SYN_Flood,DoS-SYN_Flood
DoS-SYN_Flood,DDoS-SYN_Flood
DoS-SYN_Flood,DoS-SYN_Flood
DoS-SYN_Flood,DoS-SYN_Flood
DoS-SYN_Flood,DDoS-SynonymousIP_Flood
DoS-SYN_Flood,DoS-SYN_Flood
DoS-SYN_Flood,DoS-SYN_Flood
DoS-SYN_Flood,DoS-SYN_Flood
DoS-SYN_Flood,DDoS-SYN_Flood
DoS-SYN_Flood,DoS-SYN_Flood
DoS-SYN_Flood,DoS-SYN_Flood
DoS-SYN_Flood,DoS-SYN_Flood
DoS-SYN_Flood,DoS-SYN_Flood
DoS-SYN_Flood,DoS-SYN_Flood
DoS-SYN_Flood,DoS-SYN_Flood
DoS-SYN_Flood,DoS-SYN_Flood
DoS-SYN_Flood,DDoS-SynonymousIP_Flood
DoS-SYN_Flood,DDoS-SynonymousIP_Flood
DoS-SYN_Flood,DDoS-SYN_Flood
DoS-SYN_Flood,DDoS-SynonymousIP_Flood
DoS-SYN_Flood,DoS-SYN_Flood
DoS-SYN_Flood,DDoS-SynonymousIP_Flood
DoS-SYN_Flood,DoS-SYN_Flood
DoS-SYN_Flood,DDoS-SYN_Flood
DoS-SYN_Flood,DoS-SYN_Flood
DoS-SYN_Flood,DoS-SYN_Flood
DoS-SYN_Flood,DoS-SYN_Flood
SqlInjection,SqlInjection
SqlInjection,XSS
SqlInjection,SqlInjection
SqlInjection,SqlInjection
SqlInjection,Backdoor_Malware
SqlInjection,VulnerabilityScan
SqlInjection,SqlInjection
SqlInjection,Recon-PingSweep
SqlInjection,Recon-PortScan
SqlInjection,Recon-PingSweep
SqlInjection,SqlInjection
SqlInjection,SqlInjection
SqlInjection,SqlInjection
SqlInjection,BrowserHijacking
SqlInjection,SqlInjection
SqlInjection,SqlInjection
SqlInjection,SqlInjection
SqlInjection,SqlInjection
SqlInjection,SqlInjection
SqlInjection,Backdoor_Malware
SqlInjection,VulnerabilityScan
SqlInjection,SqlInjection
SqlInjection,Recon-OSScan
SqlInjection,Recon-PingSweep
SqlInjection,SqlInjection
SqlInjection,SqlInjection
SqlInjection,SqlInjection
SqlInjection,Recon-OSScan
SqlInjection,VulnerabilityScan
SqlInjection,XSS
SqlInjection,SqlInjection
SqlInjection,SqlInjection
SqlInjection,Recon-PingSweep
SqlInjection,SqlInjection
SqlInjection,Recon-PortScan
SqlInjection,Backdoor_Malware
SqlInjection,XSS
SqlInjection,DictionaryBruteForce
SqlInjection,SqlInjection
SqlInjection,SqlInjection
SqlInjection,MITM-ArpSpoofing
SqlInjection,VulnerabilityScan
SqlInjection,SqlInjection
SqlInjection,Recon-OSScan
SqlInjection,Backdoor_Malware
SqlInjection,Uploading_Attack
SqlInjection,XSS
SqlInjection,VulnerabilityScan
SqlInjection,SqlInjection
SqlInjection,VulnerabilityScan
SqlInjection,SqlInjection
SqlInjection,SqlInjection
SqlInjection,Recon-PingSweep
SqlInjection,SqlInjection
SqlInjection,SqlInjection
SqlInjection,SqlInjection
SqlInjection,Recon-PingSweep
SqlInjection,SqlInjection
SqlInjection,BrowserHijacking
SqlInjection,VulnerabilityScan
SqlInjection,SqlInjection
SqlInjection,SqlInjection
SqlInjection,Recon-PingSweep
SqlInjection,SqlInjection
SqlInjection,XSS
SqlInjection,SqlInjection
SqlInjection,VulnerabilityScan
SqlInjection,SqlInjection
SqlInjection,BenignTraffic
SqlInjection,SqlInjection
SqlInjection,SqlInjection
SqlInjection,VulnerabilityScan
SqlInjection,VulnerabilityScan
SqlInjection,SqlInjection
SqlInjection,VulnerabilityScan
SqlInjection,VulnerabilityScan
SqlInjection,VulnerabilityScan
SqlInjection,SqlInjection
SqlInjection,SqlInjection
SqlInjection,DictionaryBruteForce
SqlInjection,SqlInjection
SqlInjection,SqlInjection
SqlInjection,XSS
SqlInjection,SqlInjection
SqlInjection,SqlInjection
SqlInjection,SqlInjection
SqlInjection,Backdoor_Malware
SqlInjection,Recon-PortScan
SqlInjection,Recon-PingSweep
SqlInjection,Recon-PingSweep
SqlInjection,BenignTraffic
SqlInjection,SqlInjection
SqlInjection,SqlInjection
SqlInjection,XSS
SqlInjection,VulnerabilityScan
SqlInjection,Recon-PingSweep
SqlInjection,Recon-PingSweep
SqlInjection,SqlInjection
SqlInjection,VulnerabilityScan
SqlInjection,SqlInjection
SqlInjection,SqlInjection
SqlInjection,Backdoor_Malware
SqlInjection,XSS
SqlInjection,BenignTraffic
SqlInjection,BenignTraffic
SqlInjection,SqlInjection
SqlInjection,XSS
SqlInjection,DictionaryBruteForce
SqlInjection,DictionaryBruteForce
SqlInjection,VulnerabilityScan
SqlInjection,DictionaryBruteForce
SqlInjection,SqlInjection
SqlInjection,SqlInjection
SqlInjection,Backdoor_Malware
SqlInjection,Recon-PortScan
SqlInjection,SqlInjection
SqlInjection,Backdoor_Malware
SqlInjection,DictionaryBruteForce
SqlInjection,SqlInjection
SqlInjection,VulnerabilityScan
SqlInjection,DictionaryBruteForce
SqlInjection,XSS
SqlInjection,VulnerabilityScan
SqlInjection,Recon-PingSweep
SqlInjection,SqlInjection
SqlInjection,SqlInjection
SqlInjection,SqlInjection
SqlInjection,SqlInjection
SqlInjection,VulnerabilityScan
SqlInjection,SqlInjection
SqlInjection,SqlInjection
SqlInjection,VulnerabilityScan
SqlInjection,Backdoor_Malware
SqlInjection,SqlInjection
SqlInjection,SqlInjection
SqlInjection,SqlInjection
SqlInjection,SqlInjection
SqlInjection,SqlInjection
SqlInjection,SqlInjection
SqlInjection,SqlInjection
SqlInjection,SqlInjection
SqlInjection,DictionaryBruteForce
SqlInjection,SqlInjection
SqlInjection,SqlInjection
SqlInjection,VulnerabilityScan
SqlInjection,BenignTraffic
SqlInjection,SqlInjection
SqlInjection,SqlInjection
SqlInjection,SqlInjection
SqlInjection,SqlInjection
SqlInjection,SqlInjection
SqlInjection,SqlInjection
SqlInjection,SqlInjection
SqlInjection,Backdoor_Malware
SqlInjection,Recon-PingSweep
SqlInjection,BenignTraffic
SqlInjection,SqlInjection
SqlInjection,SqlInjection
SqlInjection,SqlInjection
SqlInjection,SqlInjection
SqlInjection,SqlInjection
SqlInjection,SqlInjection
SqlInjection,VulnerabilityScan
SqlInjection,Recon-OSScan
SqlInjection,SqlInjection
SqlInjection,SqlInjection
SqlInjection,SqlInjection
SqlInjection,Recon-PingSweep
SqlInjection,Uploading_Attack
SqlInjection,VulnerabilityScan
SqlInjection,SqlInjection
SqlInjection,SqlInjection
SqlInjection,VulnerabilityScan
SqlInjection,SqlInjection
SqlInjection,SqlInjection
SqlInjection,SqlInjection
SqlInjection,BrowserHijacking
SqlInjection,SqlInjection
SqlInjection,Recon-PingSweep
SqlInjection,XSS
SqlInjection,Recon-PingSweep
SqlInjection,SqlInjection
SqlInjection,SqlInjection
SqlInjection,DictionaryBruteForce
SqlInjection,XSS
SqlInjection,XSS
SqlInjection,VulnerabilityScan
SqlInjection,VulnerabilityScan
SqlInjection,SqlInjection
SqlInjection,SqlInjection
SqlInjection,SqlInjection
SqlInjection,VulnerabilityScan
DictionaryBruteForce,DictionaryBruteForce
DictionaryBruteForce,CommandInjection
DictionaryBruteForce,XSS
DictionaryBruteForce,BenignTraffic
DictionaryBruteForce,DictionaryBruteForce
DictionaryBruteForce,DictionaryBruteForce
DictionaryBruteForce,Recon-PingSweep
DictionaryBruteForce,DictionaryBruteForce
DictionaryBruteForce,DictionaryBruteForce
DictionaryBruteForce,XSS
DictionaryBruteForce,DictionaryBruteForce
DictionaryBruteForce,DictionaryBruteForce
DictionaryBruteForce,DictionaryBruteForce
DictionaryBruteForce,DictionaryBruteForce
DictionaryBruteForce,VulnerabilityScan
DictionaryBruteForce,Recon-PingSweep
DictionaryBruteForce,Uploading_Attack
DictionaryBruteForce,DictionaryBruteForce
DictionaryBruteForce,DictionaryBruteForce
DictionaryBruteForce,Recon-HostDiscovery
DictionaryBruteForce,Backdoor_Malware
DictionaryBruteForce,DictionaryBruteForce
DictionaryBruteForce,Recon-HostDiscovery
DictionaryBruteForce,DictionaryBruteForce
DictionaryBruteForce,Uploading_Attack
DictionaryBruteForce,Recon-PortScan
DictionaryBruteForce,DictionaryBruteForce
DictionaryBruteForce,DictionaryBruteForce
DictionaryBruteForce,Recon-PingSweep
DictionaryBruteForce,CommandInjection
DictionaryBruteForce,Recon-PingSweep
DictionaryBruteForce,DictionaryBruteForce
DictionaryBruteForce,BrowserHijacking
DictionaryBruteForce,DictionaryBruteForce
DictionaryBruteForce,DictionaryBruteForce
DictionaryBruteForce,DictionaryBruteForce
DictionaryBruteForce,DictionaryBruteForce
DictionaryBruteForce,VulnerabilityScan
DictionaryBruteForce,Recon-PingSweep
DictionaryBruteForce,Recon-PingSweep
DictionaryBruteForce,Recon-HostDiscovery
DictionaryBruteForce,BenignTraffic
DictionaryBruteForce,XSS
DictionaryBruteForce,DictionaryBruteForce
DictionaryBruteForce,DictionaryBruteForce
DictionaryBruteForce,Recon-HostDiscovery
DictionaryBruteForce,Recon-HostDiscovery
DictionaryBruteForce,DictionaryBruteForce
DictionaryBruteForce,DictionaryBruteForce
DictionaryBruteForce,Recon-PingSweep
DictionaryBruteForce,DictionaryBruteForce
DictionaryBruteForce,DictionaryBruteForce
DictionaryBruteForce,DictionaryBruteForce
DictionaryBruteForce,VulnerabilityScan
DictionaryBruteForce,DictionaryBruteForce
DictionaryBruteForce,XSS
DictionaryBruteForce,DictionaryBruteForce
DictionaryBruteForce,BenignTraffic
DictionaryBruteForce,XSS
DictionaryBruteForce,DictionaryBruteForce
DictionaryBruteForce,VulnerabilityScan
DictionaryBruteForce,Recon-PingSweep
DictionaryBruteForce,DictionaryBruteForce
DictionaryBruteForce,Backdoor_Malware
DictionaryBruteForce,DictionaryBruteForce
DictionaryBruteForce,DictionaryBruteForce
DictionaryBruteForce,DictionaryBruteForce
DictionaryBruteForce,DictionaryBruteForce
DictionaryBruteForce,DictionaryBruteForce
DictionaryBruteForce,Backdoor_Malware
DictionaryBruteForce,XSS
DictionaryBruteForce,DictionaryBruteForce
DictionaryBruteForce,DictionaryBruteForce
DictionaryBruteForce,BenignTraffic
DictionaryBruteForce,SqlInjection
DictionaryBruteForce,DictionaryBruteForce
DictionaryBruteForce,DictionaryBruteForce
DictionaryBruteForce,Backdoor_Malware
DictionaryBruteForce,Recon-PingSweep
DictionaryBruteForce,DictionaryBruteForce
DictionaryBruteForce,BenignTraffic
DictionaryBruteForce,BrowserHijacking
DictionaryBruteForce,DictionaryBruteForce
DictionaryBruteForce,DictionaryBruteForce
DictionaryBruteForce,DictionaryBruteForce
DictionaryBruteForce,DictionaryBruteForce
DictionaryBruteForce,DictionaryBruteForce
DictionaryBruteForce,DictionaryBruteForce
DictionaryBruteForce,DictionaryBruteForce
DictionaryBruteForce,DictionaryBruteForce
DictionaryBruteForce,Recon-HostDiscovery
DictionaryBruteForce,Recon-PingSweep
DictionaryBruteForce,CommandInjection
DictionaryBruteForce,XSS
DictionaryBruteForce,XSS
DictionaryBruteForce,XSS
DictionaryBruteForce,DictionaryBruteForce
DictionaryBruteForce,Recon-HostDiscovery
DictionaryBruteForce,BenignTraffic
DictionaryBruteForce,Recon-PingSweep
DictionaryBruteForce,VulnerabilityScan
DictionaryBruteForce,DictionaryBruteForce
DictionaryBruteForce,DictionaryBruteForce
DictionaryBruteForce,DictionaryBruteForce
DictionaryBruteForce,DictionaryBruteForce
DictionaryBruteForce,XSS
DictionaryBruteForce,BrowserHijacking
DictionaryBruteForce,SqlInjection
DictionaryBruteForce,DictionaryBruteForce
DictionaryBruteForce,Recon-PingSweep
DictionaryBruteForce,DictionaryBruteForce
DictionaryBruteForce,DictionaryBruteForce
DictionaryBruteForce,DictionaryBruteForce
DictionaryBruteForce,BenignTraffic
DictionaryBruteForce,DictionaryBruteForce
DictionaryBruteForce,DictionaryBruteForce
DictionaryBruteForce,Recon-HostDiscovery
DictionaryBruteForce,Recon-HostDiscovery
DictionaryBruteForce,Uploading_Attack
DictionaryBruteForce,Recon-PingSweep
DictionaryBruteForce,BenignTraffic
DictionaryBruteForce,XSS
DictionaryBruteForce,Recon-PingSweep
DictionaryBruteForce,DictionaryBruteForce
DictionaryBruteForce,DictionaryBruteForce
DictionaryBruteForce,XSS
DictionaryBruteForce,DictionaryBruteForce
DictionaryBruteForce,MITM-ArpSpoofing
DictionaryBruteForce,DictionaryBruteForce
DictionaryBruteForce,BrowserHijacking
DictionaryBruteForce,DictionaryBruteForce
DictionaryBruteForce,DictionaryBruteForce
DictionaryBruteForce,VulnerabilityScan
DictionaryBruteForce,Backdoor_Malware
DictionaryBruteForce,DictionaryBruteForce
DictionaryBruteForce,Recon-PingSweep
DictionaryBruteForce,XSS
DictionaryBruteForce,DictionaryBruteForce
DictionaryBruteForce,VulnerabilityScan
DictionaryBruteForce,DictionaryBruteForce
DictionaryBruteForce,DictionaryBruteForce
DictionaryBruteForce,Recon-HostDiscovery
DictionaryBruteForce,DictionaryBruteForce
DictionaryBruteForce,SqlInjection
DictionaryBruteForce,DictionaryBruteForce
DictionaryBruteForce,Recon-HostDiscovery
DictionaryBruteForce,DictionaryBruteForce
DictionaryBruteForce,DictionaryBruteForce
DictionaryBruteForce,Recon-PingSweep
DictionaryBruteForce,DictionaryBruteForce
DictionaryBruteForce,DictionaryBruteForce
DictionaryBruteForce,DictionaryBruteForce
DictionaryBruteForce,BrowserHijacking
DictionaryBruteForce,DictionaryBruteForce
DictionaryBruteForce,XSS
DictionaryBruteForce,Recon-OSScan
DictionaryBruteForce,DictionaryBruteForce
DictionaryBruteForce,Backdoor_Malware
DictionaryBruteForce,BenignTraffic
DictionaryBruteForce,DictionaryBruteForce
DictionaryBruteForce,DictionaryBruteForce
DictionaryBruteForce,BenignTraffic
DictionaryBruteForce,DictionaryBruteForce
DictionaryBruteForce,Recon-PingSweep
DictionaryBruteForce,DictionaryBruteForce
DictionaryBruteForce,Recon-HostDiscovery
DictionaryBruteForce,DictionaryBruteForce
DictionaryBruteForce,BrowserHijacking
DictionaryBruteForce,BenignTraffic
DictionaryBruteForce,BrowserHijacking
DictionaryBruteForce,DictionaryBruteForce
DictionaryBruteForce,BenignTraffic
DictionaryBruteForce,BenignTraffic
DictionaryBruteForce,XSS
DictionaryBruteForce,BenignTraffic
DictionaryBruteForce,Recon-HostDiscovery
DictionaryBruteForce,Recon-OSScan
DictionaryBruteForce,Recon-HostDiscovery
DictionaryBruteForce,BenignTraffic
DictionaryBruteForce,DictionaryBruteForce
DictionaryBruteForce,DictionaryBruteForce
DictionaryBruteForce,DictionaryBruteForce
DictionaryBruteForce,Recon-OSScan
DictionaryBruteForce,XSS
DictionaryBruteForce,Backdoor_Malware
DictionaryBruteForce,DictionaryBruteForce
DictionaryBruteForce,DictionaryBruteForce
DictionaryBruteForce,VulnerabilityScan
DictionaryBruteForce,DictionaryBruteForce
DictionaryBruteForce,BenignTraffic
DictionaryBruteForce,Recon-PingSweep
DictionaryBruteForce,DictionaryBruteForce
DictionaryBruteForce,DictionaryBruteForce
DictionaryBruteForce,Recon-PingSweep
DictionaryBruteForce,DictionaryBruteForce
DictionaryBruteForce,DictionaryBruteForce
DictionaryBruteForce,MITM-ArpSpoofing
DictionaryBruteForce,BenignTraffic
DictionaryBruteForce,VulnerabilityScan
DictionaryBruteForce,BrowserHijacking
DictionaryBruteForce,DNS_Spoofing
DictionaryBruteForce,VulnerabilityScan
DictionaryBruteForce,DictionaryBruteForce
DictionaryBruteForce,DictionaryBruteForce
DictionaryBruteForce,Recon-PingSweep
DictionaryBruteForce,DictionaryBruteForce
DictionaryBruteForce,Recon-PingSweep
DictionaryBruteForce,XSS
DictionaryBruteForce,DictionaryBruteForce
DictionaryBruteForce,BenignTraffic
DictionaryBruteForce,DictionaryBruteForce
DictionaryBruteForce,BrowserHijacking
DictionaryBruteForce,DictionaryBruteForce
DictionaryBruteForce,Recon-HostDiscovery
DictionaryBruteForce,CommandInjection
DictionaryBruteForce,DictionaryBruteForce
DictionaryBruteForce,BenignTraffic
DictionaryBruteForce,DictionaryBruteForce
DictionaryBruteForce,DictionaryBruteForce
DictionaryBruteForce,DictionaryBruteForce
DictionaryBruteForce,CommandInjection
DictionaryBruteForce,DictionaryBruteForce
DictionaryBruteForce,DictionaryBruteForce
DictionaryBruteForce,DictionaryBruteForce
DictionaryBruteForce,DictionaryBruteForce
DictionaryBruteForce,DictionaryBruteForce
DictionaryBruteForce,Recon-PingSweep
DictionaryBruteForce,Recon-PingSweep
DictionaryBruteForce,DictionaryBruteForce
DictionaryBruteForce,DictionaryBruteForce
DictionaryBruteForce,Backdoor_Malware
DictionaryBruteForce,BrowserHijacking
DictionaryBruteForce,Backdoor_Malware
DictionaryBruteForce,DictionaryBruteForce
DictionaryBruteForce,DictionaryBruteForce
DictionaryBruteForce,DictionaryBruteForce
DictionaryBruteForce,DictionaryBruteForce
DictionaryBruteForce,XSS
DictionaryBruteForce,DictionaryBruteForce
DictionaryBruteForce,CommandInjection
DictionaryBruteForce,XSS
DictionaryBruteForce,BenignTraffic
DictionaryBruteForce,XSS
DictionaryBruteForce,XSS
DictionaryBruteForce,Recon-PortScan
DictionaryBruteForce,Recon-PingSweep
DictionaryBruteForce,Recon-PortScan
DictionaryBruteForce,DictionaryBruteForce
DictionaryBruteForce,DictionaryBruteForce
DictionaryBruteForce,Recon-OSScan
DictionaryBruteForce,DictionaryBruteForce
DictionaryBruteForce,BrowserHijacking
DictionaryBruteForce,VulnerabilityScan
DictionaryBruteForce,XSS
DictionaryBruteForce,VulnerabilityScan
DictionaryBruteForce,DictionaryBruteForce
DictionaryBruteForce,DictionaryBruteForce
DictionaryBruteForce,BenignTraffic
DictionaryBruteForce,DictionaryBruteForce
DictionaryBruteForce,DictionaryBruteForce
DictionaryBruteForce,DictionaryBruteForce
DictionaryBruteForce,DictionaryBruteForce
DictionaryBruteForce,DictionaryBruteForce
DictionaryBruteForce,Uploading_Attack
DictionaryBruteForce,DictionaryBruteForce
DictionaryBruteForce,Recon-HostDiscovery
DictionaryBruteForce,DictionaryBruteForce
DictionaryBruteForce,BenignTraffic
DictionaryBruteForce,DictionaryBruteForce
DictionaryBruteForce,DictionaryBruteForce
DictionaryBruteForce,DictionaryBruteForce
DictionaryBruteForce,DictionaryBruteForce
DictionaryBruteForce,Recon-PingSweep
DictionaryBruteForce,BenignTraffic
DictionaryBruteForce,XSS
DictionaryBruteForce,Recon-OSScan
DictionaryBruteForce,DictionaryBruteForce
DictionaryBruteForce,DictionaryBruteForce
DictionaryBruteForce,BenignTraffic
DictionaryBruteForce,Recon-PortScan
DictionaryBruteForce,XSS
DictionaryBruteForce,BrowserHijacking
DictionaryBruteForce,Recon-PingSweep
DictionaryBruteForce,Recon-OSScan
DictionaryBruteForce,DictionaryBruteForce
DictionaryBruteForce,Backdoor_Malware
DictionaryBruteForce,DictionaryBruteForce
DictionaryBruteForce,Recon-HostDiscovery
DictionaryBruteForce,DictionaryBruteForce
DictionaryBruteForce,BenignTraffic
DictionaryBruteForce,BrowserHijacking
DictionaryBruteForce,DictionaryBruteForce
DictionaryBruteForce,Backdoor_Malware
DictionaryBruteForce,Uploading_Attack
DictionaryBruteForce,DictionaryBruteForce
DictionaryBruteForce,DictionaryBruteForce
DictionaryBruteForce,DictionaryBruteForce
DictionaryBruteForce,DictionaryBruteForce
DictionaryBruteForce,Backdoor_Malware
DictionaryBruteForce,Recon-OSScan
DictionaryBruteForce,DictionaryBruteForce
DictionaryBruteForce,DictionaryBruteForce
DictionaryBruteForce,Recon-HostDiscovery
DictionaryBruteForce,DictionaryBruteForce
DictionaryBruteForce,BenignTraffic
DictionaryBruteForce,VulnerabilityScan
DictionaryBruteForce,DictionaryBruteForce
DictionaryBruteForce,DictionaryBruteForce
DictionaryBruteForce,DictionaryBruteForce
DictionaryBruteForce,XSS
DictionaryBruteForce,Recon-PingSweep
DictionaryBruteForce,BenignTraffic
DictionaryBruteForce,DictionaryBruteForce
DictionaryBruteForce,VulnerabilityScan
DictionaryBruteForce,DictionaryBruteForce
DictionaryBruteForce,DictionaryBruteForce
DictionaryBruteForce,BrowserHijacking
DictionaryBruteForce,XSS
DictionaryBruteForce,DictionaryBruteForce
DictionaryBruteForce,DictionaryBruteForce
DictionaryBruteForce,Backdoor_Malware
DictionaryBruteForce,CommandInjection
DictionaryBruteForce,DictionaryBruteForce
DictionaryBruteForce,DictionaryBruteForce
DictionaryBruteForce,Recon-HostDiscovery
DictionaryBruteForce,DictionaryBruteForce
DictionaryBruteForce,DictionaryBruteForce
DictionaryBruteForce,DictionaryBruteForce
DictionaryBruteForce,XSS
DictionaryBruteForce,BenignTraffic
DictionaryBruteForce,DictionaryBruteForce
DictionaryBruteForce,Recon-HostDiscovery
DictionaryBruteForce,Recon-PingSweep
DictionaryBruteForce,BenignTraffic
DictionaryBruteForce,CommandInjection
DictionaryBruteForce,DictionaryBruteForce
DictionaryBruteForce,CommandInjection
DictionaryBruteForce,DictionaryBruteForce
DictionaryBruteForce,BrowserHijacking
DictionaryBruteForce,BenignTraffic
DictionaryBruteForce,XSS
DictionaryBruteForce,DictionaryBruteForce
DictionaryBruteForce,VulnerabilityScan
DictionaryBruteForce,Backdoor_Malware
DictionaryBruteForce,Backdoor_Malware
DictionaryBruteForce,DictionaryBruteForce
DictionaryBruteForce,BenignTraffic
DictionaryBruteForce,DictionaryBruteForce
DictionaryBruteForce,Backdoor_Malware
DictionaryBruteForce,Uploading_Attack
DictionaryBruteForce,DictionaryBruteForce
DictionaryBruteForce,VulnerabilityScan
DictionaryBruteForce,DictionaryBruteForce
DictionaryBruteForce,DictionaryBruteForce
DictionaryBruteForce,Recon-PingSweep
DictionaryBruteForce,DictionaryBruteForce
DictionaryBruteForce,CommandInjection
DictionaryBruteForce,BenignTraffic
DictionaryBruteForce,BrowserHijacking
DictionaryBruteForce,Recon-PingSweep
DictionaryBruteForce,DictionaryBruteForce
DictionaryBruteForce,DictionaryBruteForce
DictionaryBruteForce,BenignTraffic
DictionaryBruteForce,DictionaryBruteForce
DictionaryBruteForce,SqlInjection
DictionaryBruteForce,BenignTraffic
DictionaryBruteForce,XSS
DictionaryBruteForce,DictionaryBruteForce
DictionaryBruteForce,DictionaryBruteForce
DictionaryBruteForce,DictionaryBruteForce
DictionaryBruteForce,BenignTraffic
DictionaryBruteForce,XSS
DictionaryBruteForce,Recon-PingSweep
DictionaryBruteForce,Backdoor_Malware
DictionaryBruteForce,DictionaryBruteForce
DictionaryBruteForce,DictionaryBruteForce
DictionaryBruteForce,Recon-PingSweep
DictionaryBruteForce,Backdoor_Malware
DictionaryBruteForce,DictionaryBruteForce
DictionaryBruteForce,DictionaryBruteForce
DictionaryBruteForce,DictionaryBruteForce
DictionaryBruteForce,DictionaryBruteForce
DictionaryBruteForce,XSS
DictionaryBruteForce,DictionaryBruteForce
DictionaryBruteForce,Recon-PingSweep
DictionaryBruteForce,DictionaryBruteForce
DictionaryBruteForce,DictionaryBruteForce
DictionaryBruteForce,DictionaryBruteForce
DictionaryBruteForce,DictionaryBruteForce
DictionaryBruteForce,Recon-PortScan
DictionaryBruteForce,VulnerabilityScan
DictionaryBruteForce,Recon-PingSweep
DictionaryBruteForce,DictionaryBruteForce
DictionaryBruteForce,VulnerabilityScan
DictionaryBruteForce,DictionaryBruteForce
DictionaryBruteForce,SqlInjection
DictionaryBruteForce,Uploading_Attack
DictionaryBruteForce,XSS
DictionaryBruteForce,DictionaryBruteForce
DictionaryBruteForce,DictionaryBruteForce
Mirai-greeth_flood,DDoS-SlowLoris
Mirai-greeth_flood,Mirai-greeth_flood
Mirai-greeth_flood,Mirai-greeth_flood
Mirai-greeth_flood,Mirai-greeth_flood
Mirai-greeth_flood,Mirai-greeth_flood
Mirai-greeth_flood,Mirai-greeth_flood
Mirai-greeth_flood,Mirai-greeth_flood
Mirai-greeth_flood,Mirai-greeth_flood
Mirai-greeth_flood,Mirai-greeth_flood
Mirai-greeth_flood,Mirai-greeth_flood
Mirai-greeth_flood,Mirai-greeth_flood
Mirai-greeth_flood,Mirai-greeth_flood
Mirai-greeth_flood,Mirai-greeth_flood
Mirai-greeth_flood,Mirai-greeth_flood
Mirai-greeth_flood,Mirai-greeth_flood
Mirai-greeth_flood,Mirai-greeth_flood
Mirai-greeth_flood,Mirai-greeth_flood
Mirai-greeth_flood,Mirai-greeth_flood
Mirai-greeth_flood,Mirai-greeth_flood
Mirai-greeth_flood,Mirai-greeth_flood
Mirai-greeth_flood,Mirai-greeth_flood
Mirai-greeth_flood,DDoS-SlowLoris
Mirai-greeth_flood,Mirai-greeth_flood
Mirai-greeth_flood,Mirai-greeth_flood
Mirai-greeth_flood,Mirai-greeth_flood
Mirai-greeth_flood,Mirai-greeth_flood
Mirai-greeth_flood,Mirai-greeth_flood
Mirai-greeth_flood,Mirai-greeth_flood
Mirai-greeth_flood,Mirai-greeth_flood
Mirai-greeth_flood,Mirai-greeth_flood
Mirai-greeth_flood,Mirai-greeth_flood
Mirai-greeth_flood,Mirai-greeth_flood
Mirai-greeth_flood,Mirai-greeth_flood
Mirai-greeth_flood,Mirai-greeth_flood
Mirai-greeth_flood,Mirai-greeth_flood
Mirai-greeth_flood,Mirai-greeth_flood
Mirai-greeth_flood,Mirai-greeth_flood
Mirai-greeth_flood,Mirai-greeth_flood
Mirai-greeth_flood,Mirai-greeth_flood
Mirai-greeth_flood,Mirai-greeth_flood
Mirai-greeth_flood,Mirai-greeth_flood
Mirai-greeth_flood,DDoS-UDP_Fragmentation
Mirai-greeth_flood,Mirai-greeth_flood
Mirai-greeth_flood,Mirai-greeth_flood
Mirai-greeth_flood,Mirai-greeth_flood
Mirai-greeth_flood,Mirai-greeth_flood
Mirai-greeth_flood,Mirai-greeth_flood
Mirai-greeth_flood,Mirai-greeth_flood
Mirai-greeth_flood,Mirai-greeth_flood
Mirai-greeth_flood,Mirai-greeth_flood
Mirai-greeth_flood,Mirai-greeth_flood
Mirai-greeth_flood,Mirai-greeth_flood
Mirai-greeth_flood,Mirai-greeth_flood
Mirai-greeth_flood,Mirai-greeth_flood
Mirai-greeth_flood,Mirai-greeth_flood
Mirai-greeth_flood,Mirai-greeth_flood
Mirai-greeth_flood,Mirai-greeth_flood
Mirai-greeth_flood,Mirai-greeth_flood
Mirai-greeth_flood,Mirai-greeth_flood
Mirai-greeth_flood,Mirai-greeth_flood
Mirai-greeth_flood,Mirai-greeth_flood
Mirai-greeth_flood,Mirai-greeth_flood
Mirai-greeth_flood,Mirai-greeth_flood
Mirai-greeth_flood,Mirai-greeth_flood
Mirai-greeth_flood,Mirai-greeth_flood
Mirai-greeth_flood,Mirai-greeth_flood
Mirai-greeth_flood,Mirai-greeth_flood
Mirai-greeth_flood,Mirai-greeth_flood
Mirai-greeth_flood,Mirai-greeth_flood
Mirai-greeth_flood,Mirai-greeth_flood
Mirai-greeth_flood,Mirai-greeth_flood
Mirai-greeth_flood,Mirai-greeth_flood
Mirai-greeth_flood,Mirai-greeth_flood
Mirai-greeth_flood,Mirai-greeth_flood
Mirai-greeth_flood,Mirai-greeth_flood
Mirai-greeth_flood,Mirai-greeth_flood
Mirai-greeth_flood,Mirai-greeth_flood
Mirai-greeth_flood,Mirai-greeth_flood
Mirai-greeth_flood,Mirai-greeth_flood
Mirai-greeth_flood,Mirai-greeth_flood
Mirai-greeth_flood,Mirai-greeth_flood
Mirai-greeth_flood,Mirai-greeth_flood
Mirai-greeth_flood,Mirai-greeth_flood
Mirai-greeth_flood,Mirai-greeth_flood
Mirai-greeth_flood,Mirai-greeth_flood
Mirai-greeth_flood,Mirai-greeth_flood
Mirai-greeth_flood,Mirai-greeth_flood
Mirai-greeth_flood,Mirai-greeth_flood
Mirai-greeth_flood,Mirai-greeth_flood
Mirai-greeth_flood,Mirai-greeth_flood
Mirai-greeth_flood,Mirai-greeth_flood
Mirai-greeth_flood,Mirai-greeth_flood
Mirai-greeth_flood,Mirai-greip_flood
Mirai-greeth_flood,Mirai-greeth_flood
Mirai-greeth_flood,Mirai-greeth_flood
Mirai-greeth_flood,Mirai-greeth_flood
Mirai-greeth_flood,Mirai-greeth_flood
Mirai-greeth_flood,Mirai-greeth_flood
Mirai-greeth_flood,Mirai-greeth_flood
Mirai-greeth_flood,Mirai-greeth_flood
Mirai-greeth_flood,Mirai-greeth_flood
Mirai-greeth_flood,Mirai-greeth_flood
Mirai-greeth_flood,Mirai-greeth_flood
Mirai-greeth_flood,Mirai-greeth_flood
Mirai-greeth_flood,Mirai-greeth_flood
Mirai-greeth_flood,Mirai-greeth_flood
Mirai-greeth_flood,Mirai-greeth_flood
Mirai-greeth_flood,Mirai-greeth_flood
Mirai-greeth_flood,Mirai-greeth_flood
Mirai-greeth_flood,Mirai-greeth_flood
Mirai-greeth_flood,Mirai-greeth_flood
Mirai-greeth_flood,Mirai-greeth_flood
Mirai-greeth_flood,Mirai-greeth_flood
Mirai-greeth_flood,Mirai-greeth_flood
Mirai-greeth_flood,Mirai-greeth_flood
Mirai-greeth_flood,Mirai-greeth_flood
Mirai-greeth_flood,Mirai-greeth_flood
Mirai-greeth_flood,Mirai-greeth_flood
Mirai-greeth_flood,Mirai-greeth_flood
Mirai-greeth_flood,Mirai-greeth_flood
Mirai-greeth_flood,Mirai-greeth_flood
Mirai-greeth_flood,Mirai-greeth_flood
Mirai-greeth_flood,Mirai-greeth_flood
Mirai-greeth_flood,Mirai-greeth_flood
Mirai-greeth_flood,Mirai-greeth_flood
Mirai-greeth_flood,Mirai-greeth_flood
Mirai-greeth_flood,Mirai-greeth_flood
Mirai-greeth_flood,Mirai-greeth_flood
Mirai-greeth_flood,Mirai-greeth_flood
Mirai-greeth_flood,Mirai-greeth_flood
Mirai-greeth_flood,Mirai-greeth_flood
Mirai-greeth_flood,Mirai-greeth_flood
Mirai-greeth_flood,Mirai-greeth_flood
Mirai-greeth_flood,Mirai-greeth_flood
Mirai-greeth_flood,Mirai-greeth_flood
Mirai-greeth_flood,Mirai-greeth_flood
Mirai-greeth_flood,Mirai-greeth_flood
Mirai-greeth_flood,Mirai-greeth_flood
Mirai-greeth_flood,Mirai-greeth_flood
Mirai-greeth_flood,Mirai-greeth_flood
Mirai-greeth_flood,Mirai-greeth_flood
Mirai-greeth_flood,Mirai-greeth_flood
Mirai-greeth_flood,Mirai-greeth_flood
Mirai-greeth_flood,Mirai-greeth_flood
Mirai-greeth_flood,Mirai-greeth_flood
Mirai-greeth_flood,Mirai-greeth_flood
Mirai-greeth_flood,Mirai-greeth_flood
Mirai-greeth_flood,Mirai-greeth_flood
Mirai-greeth_flood,Mirai-greeth_flood
Mirai-greeth_flood,Mirai-greeth_flood
Mirai-greeth_flood,Mirai-greeth_flood
Mirai-greeth_flood,Mirai-greeth_flood
Mirai-greeth_flood,Mirai-greeth_flood
Mirai-greeth_flood,Mirai-greeth_flood
Mirai-greeth_flood,Mirai-greeth_flood
Mirai-greeth_flood,Mirai-greeth_flood
Mirai-greeth_flood,Mirai-greeth_flood
Mirai-greeth_flood,Mirai-greeth_flood
Mirai-greeth_flood,Mirai-greeth_flood
Mirai-greeth_flood,Mirai-greeth_flood
Mirai-greeth_flood,Mirai-greeth_flood
Mirai-greeth_flood,Mirai-greeth_flood
Mirai-greeth_flood,Mirai-greeth_flood
Mirai-greeth_flood,Mirai-greeth_flood
Mirai-greeth_flood,Mirai-greeth_flood
Mirai-greeth_flood,Mirai-greeth_flood
Mirai-greeth_flood,Mirai-greeth_flood
Mirai-greeth_flood,Mirai-greeth_flood
Mirai-greeth_flood,Mirai-greeth_flood
Mirai-greeth_flood,Mirai-greeth_flood
Mirai-greeth_flood,Mirai-greeth_flood
Mirai-greeth_flood,Mirai-greeth_flood
Mirai-greeth_flood,Mirai-greeth_flood
Mirai-greeth_flood,Mirai-greeth_flood
Mirai-greeth_flood,Mirai-greeth_flood
Mirai-greeth_flood,Mirai-greeth_flood
Mirai-greeth_flood,Mirai-greeth_flood
Mirai-greeth_flood,Mirai-greeth_flood
Mirai-greeth_flood,Mirai-greeth_flood
Mirai-greeth_flood,Mirai-greeth_flood
Mirai-greeth_flood,Mirai-greeth_flood
Mirai-greeth_flood,Mirai-greeth_flood
Mirai-greeth_flood,Mirai-greeth_flood
Mirai-greeth_flood,Mirai-greeth_flood
Mirai-greeth_flood,Mirai-greeth_flood
Mirai-greeth_flood,Mirai-greeth_flood
Mirai-greeth_flood,Mirai-greeth_flood
Mirai-greeth_flood,Mirai-greeth_flood
Mirai-greeth_flood,Mirai-greeth_flood
Mirai-greeth_flood,Mirai-greeth_flood
Mirai-greeth_flood,Mirai-greeth_flood
Mirai-greeth_flood,Mirai-greeth_flood
Mirai-greeth_flood,Mirai-greeth_flood
Mirai-greeth_flood,Mirai-greeth_flood
Mirai-greeth_flood,Mirai-greeth_flood
Mirai-greeth_flood,Mirai-greeth_flood
Mirai-greeth_flood,Mirai-greeth_flood
Mirai-greeth_flood,Mirai-greeth_flood
Mirai-greeth_flood,Mirai-greeth_flood
Mirai-greeth_flood,Mirai-greeth_flood
Mirai-greeth_flood,Mirai-greeth_flood
Mirai-greeth_flood,Mirai-greeth_flood
Mirai-greeth_flood,Mirai-greeth_flood
Mirai-greeth_flood,Mirai-greeth_flood
Mirai-greeth_flood,Mirai-greeth_flood
Mirai-greeth_flood,Mirai-greeth_flood
Mirai-greeth_flood,Mirai-greeth_flood
Mirai-greeth_flood,Mirai-greeth_flood
Mirai-greeth_flood,Mirai-greeth_flood
Mirai-greeth_flood,Mirai-greeth_flood
Mirai-greeth_flood,Mirai-greeth_flood
Mirai-greeth_flood,Mirai-greeth_flood
Mirai-greeth_flood,Mirai-greeth_flood
Mirai-greeth_flood,Mirai-greeth_flood
Mirai-greeth_flood,Mirai-greeth_flood
Mirai-greeth_flood,Mirai-greeth_flood
Mirai-greeth_flood,Mirai-greeth_flood
Mirai-greeth_flood,Mirai-greeth_flood
Mirai-greeth_flood,Mirai-greeth_flood
Mirai-greeth_flood,Mirai-greeth_flood
Mirai-greeth_flood,Mirai-greeth_flood
Mirai-greeth_flood,Mirai-greeth_flood
Mirai-greeth_flood,Mirai-greeth_flood
Mirai-greeth_flood,Mirai-greeth_flood
Mirai-greeth_flood,Mirai-greeth_flood
Mirai-greeth_flood,Mirai-greeth_flood
Mirai-greeth_flood,Mirai-greeth_flood
Mirai-greeth_flood,Mirai-greeth_flood
Mirai-greeth_flood,Mirai-greeth_flood
Mirai-greeth_flood,Mirai-greeth_flood
Mirai-greeth_flood,Mirai-greeth_flood
Mirai-greeth_flood,DDoS-SlowLoris
Mirai-greeth_flood,Mirai-greeth_flood
Mirai-greeth_flood,Mirai-greeth_flood
Mirai-greeth_flood,Mirai-greeth_flood
Mirai-greeth_flood,Mirai-greeth_flood
Mirai-greeth_flood,Mirai-greeth_flood
Mirai-greeth_flood,Mirai-greeth_flood
Mirai-greeth_flood,Mirai-greeth_flood
Mirai-greeth_flood,Mirai-greeth_flood
Mirai-greeth_flood,Mirai-greeth_flood
Mirai-greeth_flood,Mirai-greeth_flood
Mirai-greeth_flood,Mirai-greeth_flood
Mirai-greeth_flood,Mirai-greeth_flood
Mirai-greeth_flood,Mirai-greeth_flood
Mirai-greeth_flood,Mirai-greeth_flood
Mirai-greeth_flood,Mirai-greeth_flood
Mirai-greeth_flood,Mirai-greeth_flood
Mirai-greeth_flood,Mirai-greeth_flood
Mirai-greeth_flood,Mirai-greeth_flood
Mirai-greeth_flood,Mirai-greeth_flood
Mirai-greeth_flood,Mirai-greeth_flood
Mirai-greeth_flood,Mirai-greeth_flood
Mirai-greeth_flood,Mirai-greeth_flood
Mirai-greeth_flood,Mirai-greeth_flood
Mirai-greeth_flood,Mirai-greeth_flood
Mirai-greeth_flood,Mirai-greeth_flood
Mirai-greeth_flood,Mirai-greeth_flood
Mirai-greeth_flood,Mirai-greeth_flood
Mirai-greeth_flood,Mirai-greeth_flood
Mirai-greeth_flood,Mirai-greeth_flood
Mirai-greeth_flood,Mirai-greeth_flood
Mirai-greeth_flood,Mirai-greeth_flood
Mirai-greeth_flood,Mirai-greeth_flood
Mirai-greeth_flood,Mirai-greeth_flood
Mirai-greeth_flood,Mirai-greeth_flood
Mirai-greeth_flood,Mirai-greeth_flood
Mirai-greeth_flood,Mirai-greeth_flood
Mirai-greeth_flood,Mirai-greeth_flood
Mirai-greeth_flood,Mirai-greeth_flood
Mirai-greeth_flood,Mirai-greeth_flood
Mirai-greeth_flood,Mirai-greeth_flood
Mirai-greeth_flood,Mirai-greeth_flood
Mirai-greeth_flood,Mirai-greeth_flood
Mirai-greeth_flood,Mirai-greeth_flood
Mirai-greeth_flood,Mirai-greeth_flood
Mirai-greeth_flood,Mirai-greeth_flood
Mirai-greeth_flood,Mirai-greeth_flood
Mirai-greeth_flood,Mirai-greeth_flood
Mirai-greeth_flood,Mirai-greeth_flood
Mirai-greeth_flood,Mirai-greeth_flood
Mirai-greeth_flood,Mirai-greeth_flood
Mirai-greeth_flood,Mirai-greeth_flood
Mirai-greeth_flood,Mirai-greeth_flood
Mirai-greeth_flood,Mirai-greeth_flood
Mirai-greeth_flood,Mirai-greeth_flood
Mirai-greeth_flood,Mirai-greeth_flood
Mirai-greeth_flood,Mirai-greeth_flood
Mirai-greeth_flood,Mirai-greeth_flood
Mirai-greeth_flood,Mirai-greeth_flood
Mirai-greeth_flood,Mirai-greeth_flood
Mirai-greeth_flood,Mirai-greeth_flood
Mirai-greeth_flood,Mirai-greeth_flood
Mirai-greeth_flood,Mirai-greeth_flood
Mirai-greeth_flood,Mirai-greeth_flood
Mirai-greeth_flood,Mirai-greeth_flood
Mirai-greeth_flood,Mirai-greeth_flood
Mirai-greeth_flood,Mirai-greeth_flood
Mirai-greeth_flood,Mirai-greeth_flood
Mirai-greeth_flood,Mirai-greeth_flood
Mirai-greeth_flood,Mirai-greeth_flood
Mirai-greeth_flood,Mirai-greeth_flood
Mirai-greeth_flood,Mirai-greeth_flood
Mirai-greeth_flood,Mirai-greeth_flood
Mirai-greeth_flood,Mirai-greeth_flood
Mirai-greeth_flood,Mirai-greeth_flood
Mirai-greeth_flood,Mirai-greeth_flood
Mirai-greeth_flood,Mirai-greeth_flood
Mirai-greeth_flood,Mirai-greeth_flood
Mirai-greeth_flood,Mirai-greeth_flood
Mirai-greeth_flood,Mirai-greeth_flood
Mirai-greeth_flood,Mirai-greeth_flood
Mirai-greeth_flood,Mirai-greeth_flood
Mirai-greeth_flood,Mirai-greeth_flood
Mirai-greeth_flood,Mirai-greeth_flood
Mirai-greeth_flood,Mirai-greeth_flood
Mirai-greeth_flood,Mirai-greeth_flood
Mirai-greeth_flood,Mirai-greeth_flood
Mirai-greeth_flood,Mirai-greeth_flood
Mirai-greeth_flood,Mirai-greeth_flood
Mirai-greeth_flood,Mirai-greeth_flood
Mirai-greeth_flood,Mirai-greeth_flood
Mirai-greeth_flood,Mirai-greeth_flood
Mirai-greeth_flood,Mirai-greeth_flood
Mirai-greeth_flood,Mirai-greeth_flood
Mirai-greeth_flood,Mirai-greeth_flood
Mirai-greeth_flood,Mirai-greeth_flood
Mirai-greeth_flood,Mirai-greeth_flood
Mirai-greeth_flood,Mirai-greeth_flood
Mirai-greeth_flood,Mirai-greeth_flood
Mirai-greeth_flood,Mirai-greeth_flood
Mirai-greeth_flood,Mirai-greeth_flood
Mirai-greeth_flood,Mirai-greeth_flood
Mirai-greeth_flood,Mirai-greeth_flood
Mirai-greeth_flood,Mirai-greeth_flood
Mirai-greeth_flood,Mirai-greeth_flood
Mirai-greeth_flood,Mirai-greeth_flood
Mirai-greeth_flood,Mirai-greeth_flood
Mirai-greeth_flood,Mirai-greeth_flood
Mirai-greeth_flood,Mirai-greeth_flood
Mirai-greeth_flood,Mirai-greeth_flood
Mirai-greeth_flood,Mirai-greeth_flood
Mirai-greeth_flood,Mirai-greeth_flood
Mirai-greeth_flood,Mirai-greeth_flood
Mirai-greeth_flood,Mirai-greeth_flood
Mirai-greeth_flood,Mirai-greeth_flood
Mirai-greeth_flood,Mirai-greeth_flood
Mirai-greeth_flood,Mirai-greeth_flood
Mirai-greeth_flood,Mirai-greeth_flood
Mirai-greeth_flood,Mirai-greeth_flood
Mirai-greeth_flood,Mirai-greeth_flood
Mirai-greeth_flood,Mirai-greeth_flood
Mirai-greeth_flood,Mirai-udpplain
Mirai-greeth_flood,Mirai-greeth_flood
Mirai-greeth_flood,Mirai-greeth_flood
Mirai-greeth_flood,Mirai-greeth_flood
Mirai-greeth_flood,Mirai-greeth_flood
Mirai-greeth_flood,Mirai-greeth_flood
Mirai-greeth_flood,Mirai-greeth_flood
Mirai-greeth_flood,Mirai-greeth_flood
Mirai-greeth_flood,Mirai-greeth_flood
Mirai-greeth_flood,Mirai-greeth_flood
Mirai-greeth_flood,Mirai-greeth_flood
Mirai-greeth_flood,Mirai-greeth_flood
Mirai-greeth_flood,Mirai-greeth_flood
Mirai-greeth_flood,Mirai-greeth_flood
Mirai-greeth_flood,Mirai-greeth_flood
Mirai-greeth_flood,Mirai-greeth_flood
Mirai-greeth_flood,Mirai-greeth_flood
Mirai-greeth_flood,Mirai-greeth_flood
Mirai-greeth_flood,Mirai-greeth_flood
Mirai-greeth_flood,Mirai-greeth_flood
Mirai-greeth_flood,Mirai-greeth_flood
Mirai-greeth_flood,Mirai-greeth_flood
Mirai-greeth_flood,Mirai-greeth_flood
Mirai-greeth_flood,Mirai-greeth_flood
Mirai-greeth_flood,Mirai-greeth_flood
Mirai-greeth_flood,Mirai-greeth_flood
Mirai-greeth_flood,Mirai-greeth_flood
Mirai-greeth_flood,Mirai-greeth_flood
Mirai-greeth_flood,Mirai-greeth_flood
Mirai-greeth_flood,Mirai-greeth_flood
Mirai-greeth_flood,Mirai-greeth_flood
Mirai-greeth_flood,Mirai-greeth_flood
Mirai-greeth_flood,Mirai-greeth_flood
Mirai-greeth_flood,Mirai-greeth_flood
Mirai-greeth_flood,Mirai-greeth_flood
Mirai-greeth_flood,Mirai-greeth_flood
Mirai-greeth_flood,Mirai-greeth_flood
Mirai-greeth_flood,Mirai-greeth_flood
Mirai-greeth_flood,Mirai-greeth_flood
Mirai-greeth_flood,Mirai-greeth_flood
Mirai-greeth_flood,Mirai-greeth_flood
Mirai-greeth_flood,Mirai-greeth_flood
Mirai-greeth_flood,Mirai-greeth_flood
Mirai-greeth_flood,Mirai-greeth_flood
Mirai-greeth_flood,Mirai-greeth_flood
Mirai-greeth_flood,Mirai-greeth_flood
Mirai-greeth_flood,Mirai-greeth_flood
Mirai-greeth_flood,Mirai-greeth_flood
Recon-HostDiscovery,Recon-HostDiscovery
Recon-HostDiscovery,Recon-HostDiscovery
Recon-HostDiscovery,Recon-OSScan
Recon-HostDiscovery,Recon-HostDiscovery
Recon-HostDiscovery,Recon-PortScan
Recon-HostDiscovery,Recon-HostDiscovery
Recon-HostDiscovery,Recon-HostDiscovery
Recon-HostDiscovery,Recon-HostDiscovery
Recon-HostDiscovery,Recon-HostDiscovery
Recon-HostDiscovery,Recon-HostDiscovery
Recon-HostDiscovery,Recon-HostDiscovery
Recon-HostDiscovery,Recon-HostDiscovery
Recon-HostDiscovery,Recon-HostDiscovery
Recon-HostDiscovery,Recon-HostDiscovery
Recon-HostDiscovery,XSS
Recon-HostDiscovery,Recon-HostDiscovery
Recon-HostDiscovery,SqlInjection
Recon-HostDiscovery,Recon-HostDiscovery
Recon-HostDiscovery,XSS
Recon-HostDiscovery,XSS
Recon-HostDiscovery,Recon-HostDiscovery
Recon-HostDiscovery,Recon-HostDiscovery
Recon-HostDiscovery,XSS
Recon-HostDiscovery,Recon-HostDiscovery
Recon-HostDiscovery,XSS
Recon-HostDiscovery,XSS
Recon-HostDiscovery,SqlInjection
Recon-HostDiscovery,Recon-HostDiscovery
Recon-HostDiscovery,Recon-HostDiscovery
Recon-HostDiscovery,Recon-HostDiscovery
Recon-HostDiscovery,VulnerabilityScan
Recon-HostDiscovery,BrowserHijacking
Recon-HostDiscovery,Recon-HostDiscovery
Recon-HostDiscovery,Recon-HostDiscovery
Recon-HostDiscovery,Recon-HostDiscovery
Recon-HostDiscovery,Recon-HostDiscovery
Recon-HostDiscovery,Recon-HostDiscovery
Recon-HostDiscovery,Recon-HostDiscovery
Recon-HostDiscovery,Recon-HostDiscovery
Recon-HostDiscovery,Recon-HostDiscovery
Recon-HostDiscovery,Recon-PortScan
Recon-HostDiscovery,XSS
Recon-HostDiscovery,DictionaryBruteForce
Recon-HostDiscovery,SqlInjection
Recon-HostDiscovery,Recon-HostDiscovery
Recon-HostDiscovery,Recon-OSScan
Recon-HostDiscovery,Recon-HostDiscovery
Recon-HostDiscovery,Recon-HostDiscovery
Recon-HostDiscovery,Recon-HostDiscovery
Recon-HostDiscovery,Recon-HostDiscovery
Recon-HostDiscovery,Recon-HostDiscovery
Recon-HostDiscovery,Recon-HostDiscovery
Recon-HostDiscovery,Recon-HostDiscovery
Recon-HostDiscovery,Recon-HostDiscovery
Recon-HostDiscovery,BenignTraffic
Recon-HostDiscovery,Recon-HostDiscovery
Recon-HostDiscovery,Recon-HostDiscovery
Recon-HostDiscovery,Recon-HostDiscovery
Recon-HostDiscovery,SqlInjection
Recon-HostDiscovery,VulnerabilityScan
Recon-HostDiscovery,Recon-HostDiscovery
Recon-HostDiscovery,VulnerabilityScan
Recon-HostDiscovery,Recon-HostDiscovery
Recon-HostDiscovery,Recon-HostDiscovery
Recon-HostDiscovery,Recon-HostDiscovery
Recon-HostDiscovery,Recon-HostDiscovery
Recon-HostDiscovery,BenignTraffic
Recon-HostDiscovery,Recon-HostDiscovery
Recon-HostDiscovery,Recon-HostDiscovery
Recon-HostDiscovery,Recon-HostDiscovery
Recon-HostDiscovery,Recon-HostDiscovery
Recon-HostDiscovery,Uploading_Attack
Recon-HostDiscovery,Backdoor_Malware
Recon-HostDiscovery,Recon-HostDiscovery
Recon-HostDiscovery,BenignTraffic
Recon-HostDiscovery,Backdoor_Malware
Recon-HostDiscovery,XSS
Recon-HostDiscovery,Uploading_Attack
Recon-HostDiscovery,Backdoor_Malware
Recon-HostDiscovery,Recon-HostDiscovery
Recon-HostDiscovery,XSS
Recon-HostDiscovery,Recon-HostDiscovery
Recon-HostDiscovery,Recon-PortScan
Recon-HostDiscovery,DictionaryBruteForce
Recon-HostDiscovery,XSS
Recon-HostDiscovery,Recon-HostDiscovery
Recon-HostDiscovery,Recon-HostDiscovery
Recon-HostDiscovery,Recon-HostDiscovery
Recon-HostDiscovery,Recon-HostDiscovery
Recon-HostDiscovery,Recon-HostDiscovery
Recon-HostDiscovery,Recon-HostDiscovery
Recon-HostDiscovery,BenignTraffic
Recon-HostDiscovery,Recon-OSScan
Recon-HostDiscovery,Recon-HostDiscovery
Recon-HostDiscovery,Recon-HostDiscovery
Recon-HostDiscovery,Backdoor_Malware
Recon-PingSweep,SqlInjection
Recon-PingSweep,Recon-PingSweep
Recon-PingSweep,DictionaryBruteForce
Recon-PingSweep,Recon-PingSweep
Recon-PingSweep,SqlInjection
Recon-PingSweep,Recon-PortScan
Recon-PingSweep,Recon-PingSweep
Recon-PingSweep,Recon-OSScan
Recon-PingSweep,BenignTraffic
Recon-PingSweep,Recon-PingSweep
Recon-PingSweep,Recon-PingSweep
Recon-PingSweep,Recon-PingSweep
Recon-PingSweep,SqlInjection
Recon-PingSweep,Recon-PingSweep
Recon-PingSweep,Recon-PingSweep
Recon-PingSweep,Recon-PingSweep
Recon-PingSweep,BenignTraffic
Recon-PingSweep,SqlInjection
Recon-PingSweep,Backdoor_Malware
Recon-PingSweep,Recon-PingSweep
Recon-PingSweep,Recon-PingSweep
Recon-PingSweep,BrowserHijacking
Recon-PingSweep,BenignTraffic
Recon-PingSweep,Recon-PingSweep
Recon-PingSweep,Recon-PingSweep
Recon-PingSweep,DictionaryBruteForce
Recon-PingSweep,SqlInjection
Recon-PingSweep,Recon-PingSweep
Recon-PingSweep,Recon-PingSweep
Recon-PingSweep,BenignTraffic
Recon-PingSweep,SqlInjection
Recon-PingSweep,Recon-PingSweep
Recon-PingSweep,Recon-PingSweep
Recon-PingSweep,BenignTraffic
Recon-PingSweep,Uploading_Attack
Recon-PingSweep,Recon-PingSweep
Recon-PingSweep,SqlInjection
Recon-PingSweep,VulnerabilityScan
Recon-PingSweep,Recon-PingSweep
Recon-PingSweep,Recon-PingSweep
Recon-PingSweep,Recon-PingSweep
Recon-PingSweep,Recon-PingSweep
Recon-PingSweep,Recon-PingSweep
Recon-PingSweep,VulnerabilityScan
Recon-PingSweep,Recon-OSScan
Recon-PingSweep,BenignTraffic
Recon-PingSweep,Recon-PingSweep
Recon-PingSweep,SqlInjection
Recon-PingSweep,Recon-PingSweep
Recon-PingSweep,DictionaryBruteForce
Recon-PingSweep,BenignTraffic
Recon-PingSweep,Recon-PingSweep
Recon-PingSweep,Recon-PingSweep
Recon-PingSweep,Recon-PingSweep
Recon-PingSweep,Recon-PingSweep
Recon-PingSweep,Recon-PingSweep
Recon-PingSweep,SqlInjection
Recon-PingSweep,Recon-PingSweep
Recon-PingSweep,Recon-OSScan
Recon-PingSweep,BenignTraffic
Recon-PingSweep,Recon-PortScan
Recon-PingSweep,DictionaryBruteForce
Recon-PingSweep,BenignTraffic
Recon-PingSweep,BenignTraffic
Recon-PingSweep,Recon-PingSweep
Recon-PingSweep,Recon-OSScan
Recon-PingSweep,SqlInjection
Recon-PingSweep,SqlInjection
Recon-PingSweep,Recon-PingSweep
Recon-PingSweep,SqlInjection
Recon-PingSweep,VulnerabilityScan
Recon-PingSweep,Recon-PingSweep
Recon-PingSweep,VulnerabilityScan
Recon-PingSweep,SqlInjection
Recon-PingSweep,BenignTraffic
Recon-PingSweep,Recon-PingSweep
Recon-PingSweep,Recon-PingSweep
Recon-PingSweep,DictionaryBruteForce
Recon-PingSweep,BenignTraffic
Recon-PingSweep,BenignTraffic
Recon-PingSweep,BenignTraffic
Recon-PingSweep,BenignTraffic
Recon-PingSweep,Recon-OSScan
Recon-PingSweep,Uploading_Attack
Recon-PingSweep,Uploading_Attack
Recon-PingSweep,Recon-PingSweep
Recon-PingSweep,CommandInjection
Recon-PingSweep,Recon-PingSweep
Recon-PingSweep,Recon-PortScan
Recon-PingSweep,CommandInjection
Recon-PingSweep,XSS
Recon-PingSweep,DictionaryBruteForce
Recon-PingSweep,SqlInjection
Recon-PingSweep,VulnerabilityScan
Recon-PingSweep,VulnerabilityScan
Recon-PingSweep,Recon-PingSweep
Recon-PingSweep,Uploading_Attack
Recon-PingSweep,Recon-PingSweep
Recon-PingSweep,Recon-HostDiscovery
Recon-PingSweep,Recon-PingSweep
Recon-PingSweep,XSS
Recon-PingSweep,SqlInjection
Recon-PingSweep,BenignTraffic
Recon-PingSweep,SqlInjection
Recon-PingSweep,BenignTraffic
Recon-PingSweep,CommandInjection
Recon-PingSweep,BenignTraffic
Recon-PingSweep,Recon-PingSweep
Recon-PingSweep,BenignTraffic
Recon-PingSweep,Recon-PingSweep
Recon-PingSweep,Backdoor_Malware
Recon-PingSweep,SqlInjection
Recon-PingSweep,Backdoor_Malware
Recon-PingSweep,Recon-PingSweep
Recon-PingSweep,BenignTraffic
Recon-PingSweep,Recon-PingSweep
Recon-PingSweep,XSS
Recon-PingSweep,Recon-PingSweep
Recon-PingSweep,Recon-PingSweep
Recon-PingSweep,BenignTraffic
Recon-PingSweep,Recon-PingSweep
Recon-PingSweep,Recon-PortScan
Recon-PingSweep,Recon-PingSweep
Recon-PingSweep,VulnerabilityScan
Recon-PingSweep,Recon-PingSweep
Recon-PingSweep,SqlInjection
Recon-PingSweep,SqlInjection
Recon-PingSweep,SqlInjection
Recon-PingSweep,Recon-PingSweep
Recon-PingSweep,VulnerabilityScan
Recon-PingSweep,DNS_Spoofing
Recon-PingSweep,Recon-PingSweep
Recon-PingSweep,SqlInjection
Recon-PingSweep,SqlInjection
Recon-PingSweep,VulnerabilityScan
Recon-PingSweep,Recon-PingSweep
Recon-PingSweep,Recon-PingSweep
Recon-PingSweep,Recon-OSScan
Recon-PingSweep,Backdoor_Malware
Recon-PingSweep,Recon-PingSweep
Recon-PingSweep,DictionaryBruteForce
Recon-PingSweep,Recon-PingSweep
Recon-PingSweep,VulnerabilityScan
Recon-PingSweep,Recon-PingSweep
Recon-PingSweep,Recon-PingSweep
Recon-PingSweep,Recon-OSScan
Recon-PingSweep,SqlInjection
Recon-PingSweep,SqlInjection
Recon-PingSweep,Recon-PingSweep
Recon-PingSweep,Recon-PingSweep
Recon-PingSweep,VulnerabilityScan
Recon-PingSweep,DictionaryBruteForce
Recon-PingSweep,Recon-PingSweep
Recon-PingSweep,SqlInjection
Recon-PingSweep,SqlInjection
Recon-PingSweep,SqlInjection
Recon-PingSweep,Recon-PingSweep
Recon-PingSweep,DictionaryBruteForce
Recon-PingSweep,Recon-PingSweep
Recon-PingSweep,Recon-PingSweep
Recon-PingSweep,BenignTraffic
Recon-PingSweep,Recon-PingSweep
Recon-PingSweep,Recon-OSScan
Recon-PingSweep,Recon-PingSweep
Recon-PingSweep,Recon-PingSweep
Recon-PingSweep,VulnerabilityScan
Recon-PingSweep,Recon-PingSweep
Recon-PingSweep,Recon-PingSweep
Recon-PingSweep,Recon-PingSweep
Recon-PingSweep,SqlInjection
Recon-PingSweep,Recon-PingSweep
Recon-PingSweep,Recon-PortScan
Recon-PingSweep,Recon-PingSweep
Recon-PingSweep,SqlInjection
Recon-PingSweep,Recon-PingSweep
Recon-PingSweep,Recon-PingSweep
Recon-PingSweep,Recon-PingSweep
Recon-PingSweep,Recon-PingSweep
Recon-PingSweep,Recon-OSScan
Recon-PingSweep,DictionaryBruteForce
Recon-PingSweep,CommandInjection
Recon-PingSweep,Recon-PingSweep
Recon-PingSweep,BenignTraffic
Recon-PingSweep,BenignTraffic
Recon-PingSweep,SqlInjection
Recon-PingSweep,VulnerabilityScan
Recon-PingSweep,Backdoor_Malware
Recon-PingSweep,Recon-PingSweep
Recon-PingSweep,DictionaryBruteForce
Recon-PingSweep,SqlInjection
Recon-PingSweep,Recon-PingSweep
Recon-PingSweep,Recon-PingSweep
Recon-PingSweep,Recon-PingSweep
Recon-PingSweep,SqlInjection
Recon-PingSweep,Recon-PingSweep
Recon-PingSweep,XSS
Recon-PingSweep,Recon-PingSweep
Recon-PingSweep,XSS
Recon-PingSweep,DictionaryBruteForce
Recon-PingSweep,BenignTraffic
Recon-PingSweep,Recon-PingSweep
Recon-PingSweep,MITM-ArpSpoofing
Recon-PingSweep,Recon-PingSweep
Recon-PingSweep,SqlInjection
Recon-PingSweep,Recon-PingSweep
Recon-PingSweep,Recon-PingSweep
Recon-PingSweep,SqlInjection
Recon-PingSweep,VulnerabilityScan
Recon-PingSweep,BenignTraffic
Recon-PingSweep,VulnerabilityScan
Recon-PingSweep,SqlInjection
Recon-PingSweep,Recon-PingSweep
Recon-PingSweep,Recon-PingSweep
Recon-PingSweep,SqlInjection
Recon-PingSweep,SqlInjection
Recon-PingSweep,DictionaryBruteForce
Recon-PingSweep,BenignTraffic
Recon-PingSweep,BenignTraffic
Recon-PingSweep,BenignTraffic
Recon-PingSweep,BenignTraffic
Recon-PingSweep,DictionaryBruteForce
Recon-PingSweep,BenignTraffic
Recon-PingSweep,Recon-PingSweep
Recon-PingSweep,BrowserHijacking
Recon-PingSweep,SqlInjection
Recon-PingSweep,DictionaryBruteForce
Recon-PingSweep,Recon-PingSweep
Recon-PingSweep,SqlInjection
Recon-PingSweep,Recon-PingSweep
Recon-PingSweep,Recon-HostDiscovery
Recon-PingSweep,Recon-PingSweep
Recon-PingSweep,Recon-PingSweep
Recon-PingSweep,Recon-PingSweep
Recon-PingSweep,DictionaryBruteForce
Recon-PingSweep,Recon-OSScan
Recon-PingSweep,BenignTraffic
Recon-PingSweep,Recon-PingSweep
Recon-PingSweep,Recon-PingSweep
Recon-PingSweep,DictionaryBruteForce
Recon-PingSweep,Recon-PingSweep
Recon-PingSweep,Recon-PingSweep
Recon-PingSweep,DictionaryBruteForce
Recon-PingSweep,SqlInjection
Recon-PingSweep,SqlInjection
Recon-PingSweep,VulnerabilityScan
Recon-PingSweep,VulnerabilityScan
Recon-PingSweep,BenignTraffic
Recon-PingSweep,BrowserHijacking
Recon-PingSweep,SqlInjection
Recon-PingSweep,VulnerabilityScan
Recon-PingSweep,Recon-OSScan
Recon-PingSweep,Recon-PingSweep
Recon-PingSweep,VulnerabilityScan
Recon-PingSweep,Recon-OSScan
Recon-PingSweep,Recon-PingSweep
Recon-PingSweep,VulnerabilityScan
Recon-PingSweep,VulnerabilityScan
Recon-PingSweep,SqlInjection
Recon-PingSweep,Recon-PingSweep
Recon-PingSweep,Recon-PingSweep
Recon-PingSweep,Recon-OSScan
Recon-PingSweep,BenignTraffic
Recon-PingSweep,SqlInjection
Recon-PingSweep,Recon-PingSweep
Recon-PingSweep,Recon-PingSweep
Recon-PingSweep,Recon-PingSweep
Recon-PingSweep,SqlInjection
Recon-PingSweep,SqlInjection
Recon-PingSweep,Recon-PingSweep
Recon-PingSweep,VulnerabilityScan
Recon-PingSweep,SqlInjection
Recon-PingSweep,SqlInjection
Recon-PingSweep,VulnerabilityScan
Recon-PingSweep,BenignTraffic
Recon-PingSweep,BenignTraffic
Recon-PingSweep,Recon-PingSweep
Recon-PingSweep,Recon-PingSweep
Recon-PingSweep,Recon-PingSweep
Recon-PingSweep,SqlInjection
Recon-PingSweep,SqlInjection
Recon-PingSweep,Recon-PingSweep
Recon-PingSweep,DictionaryBruteForce
Recon-PingSweep,Recon-PingSweep
Recon-PingSweep,Recon-PingSweep
Recon-PingSweep,Recon-PingSweep
Recon-PingSweep,Recon-PingSweep
Recon-PingSweep,VulnerabilityScan
Recon-PingSweep,VulnerabilityScan
Recon-PingSweep,Recon-PingSweep
Recon-PingSweep,BenignTraffic
Recon-PingSweep,Recon-PingSweep
Recon-PingSweep,Recon-PingSweep
Recon-PingSweep,SqlInjection
Recon-PingSweep,Recon-OSScan
Recon-PingSweep,Recon-OSScan
Recon-PingSweep,SqlInjection
Recon-PingSweep,Recon-PingSweep
Recon-PingSweep,Recon-PingSweep
Recon-PingSweep,Recon-PingSweep
Recon-PingSweep,VulnerabilityScan
Recon-PingSweep,DictionaryBruteForce
Recon-PingSweep,SqlInjection
Recon-PingSweep,SqlInjection
Recon-PingSweep,Uploading_Attack
DDoS-RSTFINFlood,DDoS-RSTFINFlood
DDoS-RSTFINFlood,DDoS-RSTFINFlood
DDoS-RSTFINFlood,DDoS-RSTFINFlood
DDoS-RSTFINFlood,DDoS-RSTFINFlood
DDoS-RSTFINFlood,DDoS-RSTFINFlood
DDoS-RSTFINFlood,DDoS-RSTFINFlood
DDoS-RSTFINFlood,DDoS-RSTFINFlood
DDoS-RSTFINFlood,DDoS-RSTFINFlood
DDoS-RSTFINFlood,DDoS-RSTFINFlood
DDoS-RSTFINFlood,DDoS-RSTFINFlood
DDoS-RSTFINFlood,DDoS-RSTFINFlood
DDoS-RSTFINFlood,DDoS-RSTFINFlood
DDoS-RSTFINFlood,DDoS-RSTFINFlood
DDoS-RSTFINFlood,DDoS-RSTFINFlood
DDoS-RSTFINFlood,DDoS-RSTFINFlood
DDoS-RSTFINFlood,DDoS-RSTFINFlood
DDoS-RSTFINFlood,DDoS-RSTFINFlood
DDoS-RSTFINFlood,DDoS-RSTFINFlood
DDoS-RSTFINFlood,DDoS-RSTFINFlood
DDoS-RSTFINFlood,DDoS-RSTFINFlood
DDoS-RSTFINFlood,DDoS-RSTFINFlood
DDoS-RSTFINFlood,DDoS-RSTFINFlood
DDoS-RSTFINFlood,DDoS-RSTFINFlood
DDoS-RSTFINFlood,DDoS-RSTFINFlood
DDoS-RSTFINFlood,DDoS-RSTFINFlood
DDoS-RSTFINFlood,DDoS-RSTFINFlood
DDoS-RSTFINFlood,DDoS-RSTFINFlood
DDoS-RSTFINFlood,DDoS-RSTFINFlood
DDoS-RSTFINFlood,DDoS-RSTFINFlood
DDoS-RSTFINFlood,DDoS-RSTFINFlood
DDoS-RSTFINFlood,DDoS-RSTFINFlood
DDoS-RSTFINFlood,DDoS-RSTFINFlood
DDoS-RSTFINFlood,DDoS-RSTFINFlood
DDoS-RSTFINFlood,DDoS-RSTFINFlood
DDoS-RSTFINFlood,DDoS-RSTFINFlood
DDoS-RSTFINFlood,DDoS-RSTFINFlood
DDoS-RSTFINFlood,DDoS-RSTFINFlood
DDoS-RSTFINFlood,DDoS-RSTFINFlood
DDoS-RSTFINFlood,DDoS-RSTFINFlood
DDoS-RSTFINFlood,DDoS-RSTFINFlood
DDoS-RSTFINFlood,DDoS-RSTFINFlood
DDoS-RSTFINFlood,DDoS-RSTFINFlood
DDoS-RSTFINFlood,DDoS-RSTFINFlood
DDoS-RSTFINFlood,DDoS-RSTFINFlood
DDoS-RSTFINFlood,DDoS-RSTFINFlood
DDoS-RSTFINFlood,DDoS-RSTFINFlood
DDoS-RSTFINFlood,DDoS-RSTFINFlood
DDoS-RSTFINFlood,DDoS-RSTFINFlood
DDoS-RSTFINFlood,DDoS-RSTFINFlood
DDoS-RSTFINFlood,DDoS-RSTFINFlood
DDoS-RSTFINFlood,DDoS-RSTFINFlood
DDoS-RSTFINFlood,DDoS-RSTFINFlood
DDoS-RSTFINFlood,DDoS-RSTFINFlood
DDoS-RSTFINFlood,DDoS-RSTFINFlood
DDoS-RSTFINFlood,DDoS-RSTFINFlood
DDoS-RSTFINFlood,DDoS-RSTFINFlood
DDoS-RSTFINFlood,DDoS-RSTFINFlood
DDoS-RSTFINFlood,DDoS-RSTFINFlood
DDoS-RSTFINFlood,DDoS-RSTFINFlood
DDoS-RSTFINFlood,DDoS-RSTFINFlood
DDoS-RSTFINFlood,DDoS-RSTFINFlood
DDoS-RSTFINFlood,DDoS-RSTFINFlood
DDoS-RSTFINFlood,DDoS-RSTFINFlood
DDoS-RSTFINFlood,DDoS-RSTFINFlood
DDoS-RSTFINFlood,DDoS-RSTFINFlood
DDoS-RSTFINFlood,DDoS-RSTFINFlood
DDoS-RSTFINFlood,DDoS-RSTFINFlood
DDoS-RSTFINFlood,DDoS-RSTFINFlood
DDoS-RSTFINFlood,DDoS-RSTFINFlood
DDoS-RSTFINFlood,DDoS-RSTFINFlood
DDoS-RSTFINFlood,DDoS-RSTFINFlood
DDoS-RSTFINFlood,DDoS-RSTFINFlood
DDoS-RSTFINFlood,DDoS-RSTFINFlood
DDoS-RSTFINFlood,DDoS-RSTFINFlood
DDoS-RSTFINFlood,DDoS-RSTFINFlood
DDoS-RSTFINFlood,DDoS-RSTFINFlood
DDoS-RSTFINFlood,DDoS-RSTFINFlood
DDoS-RSTFINFlood,DDoS-RSTFINFlood
DDoS-RSTFINFlood,DDoS-RSTFINFlood
DDoS-RSTFINFlood,DDoS-RSTFINFlood
DDoS-RSTFINFlood,DDoS-RSTFINFlood
DDoS-RSTFINFlood,DDoS-RSTFINFlood
DDoS-RSTFINFlood,DDoS-RSTFINFlood
DDoS-RSTFINFlood,DDoS-RSTFINFlood
DDoS-RSTFINFlood,DDoS-RSTFINFlood
DDoS-RSTFINFlood,DDoS-RSTFINFlood
DDoS-RSTFINFlood,DDoS-RSTFINFlood
DDoS-RSTFINFlood,DDoS-RSTFINFlood
DDoS-RSTFINFlood,DDoS-RSTFINFlood
DDoS-RSTFINFlood,DDoS-RSTFINFlood
DDoS-RSTFINFlood,DDoS-RSTFINFlood
DDoS-RSTFINFlood,DDoS-RSTFINFlood
DDoS-RSTFINFlood,DDoS-RSTFINFlood
DDoS-RSTFINFlood,DDoS-RSTFINFlood
DDoS-RSTFINFlood,DDoS-RSTFINFlood
DDoS-RSTFINFlood,DDoS-RSTFINFlood
DDoS-RSTFINFlood,DDoS-RSTFINFlood
DDoS-RSTFINFlood,DDoS-RSTFINFlood
DDoS-RSTFINFlood,DDoS-RSTFINFlood
DDoS-RSTFINFlood,DDoS-RSTFINFlood
DDoS-RSTFINFlood,DDoS-RSTFINFlood
DDoS-RSTFINFlood,DDoS-RSTFINFlood
DDoS-RSTFINFlood,DDoS-RSTFINFlood
DDoS-RSTFINFlood,DDoS-RSTFINFlood
DDoS-RSTFINFlood,DDoS-RSTFINFlood
DDoS-RSTFINFlood,DDoS-RSTFINFlood
DDoS-RSTFINFlood,DDoS-RSTFINFlood
DDoS-RSTFINFlood,DDoS-RSTFINFlood
DDoS-RSTFINFlood,DDoS-RSTFINFlood
DDoS-RSTFINFlood,DDoS-RSTFINFlood
DDoS-RSTFINFlood,DDoS-RSTFINFlood
DDoS-RSTFINFlood,DDoS-RSTFINFlood
DDoS-RSTFINFlood,DDoS-RSTFINFlood
DDoS-RSTFINFlood,DDoS-RSTFINFlood
DDoS-RSTFINFlood,DDoS-RSTFINFlood
DDoS-RSTFINFlood,DDoS-RSTFINFlood
DDoS-RSTFINFlood,DDoS-RSTFINFlood
DDoS-RSTFINFlood,DDoS-RSTFINFlood
DDoS-RSTFINFlood,DDoS-RSTFINFlood
DDoS-RSTFINFlood,DDoS-RSTFINFlood
DDoS-RSTFINFlood,DDoS-RSTFINFlood
DDoS-RSTFINFlood,DDoS-RSTFINFlood
DDoS-RSTFINFlood,DDoS-RSTFINFlood
DDoS-RSTFINFlood,DDoS-RSTFINFlood
DDoS-RSTFINFlood,DDoS-RSTFINFlood
DDoS-RSTFINFlood,DDoS-RSTFINFlood
DDoS-RSTFINFlood,DDoS-RSTFINFlood
DDoS-RSTFINFlood,DDoS-RSTFINFlood
DDoS-RSTFINFlood,DDoS-RSTFINFlood
DDoS-RSTFINFlood,DDoS-RSTFINFlood
DDoS-RSTFINFlood,DDoS-RSTFINFlood
DDoS-RSTFINFlood,DDoS-RSTFINFlood
DDoS-RSTFINFlood,DDoS-RSTFINFlood
DDoS-RSTFINFlood,DDoS-RSTFINFlood
DDoS-RSTFINFlood,DDoS-RSTFINFlood
DDoS-RSTFINFlood,DDoS-RSTFINFlood
DDoS-RSTFINFlood,DDoS-RSTFINFlood
DDoS-RSTFINFlood,DDoS-RSTFINFlood
DDoS-RSTFINFlood,DDoS-RSTFINFlood
DDoS-RSTFINFlood,DDoS-RSTFINFlood
DDoS-RSTFINFlood,DDoS-RSTFINFlood
DDoS-RSTFINFlood,DDoS-RSTFINFlood
DDoS-RSTFINFlood,DDoS-RSTFINFlood
DDoS-RSTFINFlood,DDoS-RSTFINFlood
DDoS-RSTFINFlood,DDoS-RSTFINFlood
DDoS-RSTFINFlood,DDoS-RSTFINFlood
DDoS-RSTFINFlood,DDoS-RSTFINFlood
DDoS-RSTFINFlood,DDoS-RSTFINFlood
DDoS-RSTFINFlood,DDoS-RSTFINFlood
DDoS-RSTFINFlood,DDoS-RSTFINFlood
DDoS-RSTFINFlood,DDoS-RSTFINFlood
DDoS-RSTFINFlood,DDoS-RSTFINFlood
DDoS-RSTFINFlood,DDoS-RSTFINFlood
DDoS-RSTFINFlood,DDoS-RSTFINFlood
DDoS-RSTFINFlood,DDoS-RSTFINFlood
DDoS-RSTFINFlood,DDoS-RSTFINFlood
DDoS-RSTFINFlood,DDoS-RSTFINFlood
DDoS-RSTFINFlood,DDoS-RSTFINFlood
DDoS-RSTFINFlood,DDoS-RSTFINFlood
DDoS-RSTFINFlood,DDoS-RSTFINFlood
DDoS-RSTFINFlood,DDoS-RSTFINFlood
DDoS-RSTFINFlood,DDoS-RSTFINFlood
DDoS-RSTFINFlood,DDoS-RSTFINFlood
DDoS-RSTFINFlood,DDoS-RSTFINFlood
DDoS-RSTFINFlood,DDoS-RSTFINFlood
DDoS-RSTFINFlood,DDoS-RSTFINFlood
DDoS-RSTFINFlood,DDoS-RSTFINFlood
DDoS-RSTFINFlood,DDoS-RSTFINFlood
DDoS-RSTFINFlood,DDoS-RSTFINFlood
DDoS-RSTFINFlood,DDoS-RSTFINFlood
DDoS-RSTFINFlood,DDoS-RSTFINFlood
DDoS-RSTFINFlood,DDoS-RSTFINFlood
DDoS-RSTFINFlood,DDoS-RSTFINFlood
DDoS-RSTFINFlood,DDoS-RSTFINFlood
DDoS-RSTFINFlood,DDoS-RSTFINFlood
DDoS-RSTFINFlood,DDoS-RSTFINFlood
DDoS-RSTFINFlood,DDoS-RSTFINFlood
DDoS-RSTFINFlood,DDoS-RSTFINFlood
DDoS-RSTFINFlood,DDoS-RSTFINFlood
DDoS-RSTFINFlood,DDoS-RSTFINFlood
DDoS-RSTFINFlood,DDoS-RSTFINFlood
DDoS-RSTFINFlood,DDoS-RSTFINFlood
DDoS-RSTFINFlood,DDoS-RSTFINFlood
DDoS-RSTFINFlood,DDoS-RSTFINFlood
DDoS-RSTFINFlood,DDoS-RSTFINFlood
DDoS-RSTFINFlood,DDoS-RSTFINFlood
DDoS-RSTFINFlood,DDoS-RSTFINFlood
DDoS-RSTFINFlood,DDoS-RSTFINFlood
DDoS-RSTFINFlood,DDoS-RSTFINFlood
DDoS-RSTFINFlood,DDoS-RSTFINFlood
DDoS-RSTFINFlood,DDoS-RSTFINFlood
DDoS-RSTFINFlood,DDoS-RSTFINFlood
DDoS-RSTFINFlood,DDoS-RSTFINFlood
DDoS-RSTFINFlood,DDoS-RSTFINFlood
DDoS-RSTFINFlood,DDoS-RSTFINFlood
DDoS-RSTFINFlood,DDoS-RSTFINFlood
DDoS-RSTFINFlood,DDoS-RSTFINFlood
DDoS-RSTFINFlood,DDoS-RSTFINFlood
DDoS-RSTFINFlood,DDoS-RSTFINFlood
DDoS-RSTFINFlood,DDoS-RSTFINFlood
DDoS-RSTFINFlood,DDoS-RSTFINFlood
DDoS-RSTFINFlood,DDoS-RSTFINFlood
DDoS-RSTFINFlood,DDoS-RSTFINFlood
DDoS-RSTFINFlood,DDoS-RSTFINFlood
DDoS-RSTFINFlood,DDoS-RSTFINFlood
DDoS-RSTFINFlood,DDoS-RSTFINFlood
DDoS-RSTFINFlood,DDoS-RSTFINFlood
DDoS-RSTFINFlood,DDoS-RSTFINFlood
DDoS-RSTFINFlood,DDoS-RSTFINFlood
DDoS-RSTFINFlood,DDoS-RSTFINFlood
DDoS-RSTFINFlood,DDoS-RSTFINFlood
DDoS-RSTFINFlood,DDoS-RSTFINFlood
DDoS-RSTFINFlood,DDoS-RSTFINFlood
DDoS-RSTFINFlood,DDoS-RSTFINFlood
DDoS-RSTFINFlood,DDoS-RSTFINFlood
DDoS-RSTFINFlood,DDoS-RSTFINFlood
DDoS-RSTFINFlood,DDoS-RSTFINFlood
DDoS-RSTFINFlood,DDoS-RSTFINFlood
DDoS-RSTFINFlood,DDoS-RSTFINFlood
DDoS-RSTFINFlood,DDoS-RSTFINFlood
DDoS-RSTFINFlood,DDoS-RSTFINFlood
DDoS-RSTFINFlood,DDoS-RSTFINFlood
DDoS-RSTFINFlood,DDoS-RSTFINFlood
DDoS-RSTFINFlood,DDoS-RSTFINFlood
DDoS-RSTFINFlood,DDoS-RSTFINFlood
DDoS-RSTFINFlood,DDoS-RSTFINFlood
DDoS-RSTFINFlood,DDoS-RSTFINFlood
DDoS-RSTFINFlood,DDoS-RSTFINFlood
DDoS-RSTFINFlood,DDoS-RSTFINFlood
DDoS-RSTFINFlood,DDoS-RSTFINFlood
DDoS-RSTFINFlood,DDoS-RSTFINFlood
DDoS-RSTFINFlood,DDoS-RSTFINFlood
DDoS-RSTFINFlood,DDoS-RSTFINFlood
DDoS-RSTFINFlood,DDoS-RSTFINFlood
DDoS-RSTFINFlood,DDoS-RSTFINFlood
DDoS-RSTFINFlood,DDoS-RSTFINFlood
DDoS-RSTFINFlood,DDoS-RSTFINFlood
DDoS-RSTFINFlood,DDoS-RSTFINFlood
DDoS-RSTFINFlood,DDoS-RSTFINFlood
DDoS-RSTFINFlood,DDoS-RSTFINFlood
DDoS-RSTFINFlood,DDoS-RSTFINFlood
DDoS-RSTFINFlood,DDoS-RSTFINFlood
DDoS-RSTFINFlood,DDoS-RSTFINFlood
DDoS-RSTFINFlood,DDoS-RSTFINFlood
DDoS-RSTFINFlood,DDoS-RSTFINFlood
DDoS-RSTFINFlood,DDoS-RSTFINFlood
DDoS-RSTFINFlood,DDoS-RSTFINFlood
DDoS-RSTFINFlood,DDoS-RSTFINFlood
DDoS-RSTFINFlood,DDoS-RSTFINFlood
DDoS-RSTFINFlood,DDoS-RSTFINFlood
DDoS-RSTFINFlood,DDoS-RSTFINFlood
DDoS-RSTFINFlood,DDoS-RSTFINFlood
DDoS-RSTFINFlood,DDoS-RSTFINFlood
DDoS-RSTFINFlood,DDoS-RSTFINFlood
DDoS-RSTFINFlood,DDoS-RSTFINFlood
DDoS-RSTFINFlood,DDoS-RSTFINFlood
DDoS-RSTFINFlood,DDoS-RSTFINFlood
DDoS-RSTFINFlood,DDoS-RSTFINFlood
DDoS-RSTFINFlood,DDoS-RSTFINFlood
DDoS-RSTFINFlood,DDoS-RSTFINFlood
DDoS-RSTFINFlood,DDoS-RSTFINFlood
DDoS-RSTFINFlood,DDoS-RSTFINFlood
DDoS-RSTFINFlood,DDoS-RSTFINFlood
DDoS-RSTFINFlood,DDoS-RSTFINFlood
DDoS-RSTFINFlood,DDoS-RSTFINFlood
DDoS-RSTFINFlood,DDoS-RSTFINFlood
DDoS-RSTFINFlood,DDoS-RSTFINFlood
DDoS-RSTFINFlood,DDoS-RSTFINFlood
DDoS-RSTFINFlood,DDoS-RSTFINFlood
DDoS-RSTFINFlood,DDoS-RSTFINFlood
DDoS-RSTFINFlood,DDoS-RSTFINFlood
DDoS-RSTFINFlood,DDoS-RSTFINFlood
DDoS-RSTFINFlood,DDoS-RSTFINFlood
DDoS-RSTFINFlood,DDoS-RSTFINFlood
DDoS-RSTFINFlood,DDoS-RSTFINFlood
DDoS-RSTFINFlood,DDoS-RSTFINFlood
DDoS-RSTFINFlood,DDoS-RSTFINFlood
DDoS-RSTFINFlood,DDoS-RSTFINFlood
DDoS-RSTFINFlood,DDoS-RSTFINFlood
DDoS-RSTFINFlood,DDoS-RSTFINFlood
DDoS-RSTFINFlood,DDoS-RSTFINFlood
DDoS-RSTFINFlood,DDoS-RSTFINFlood
DDoS-RSTFINFlood,DDoS-RSTFINFlood
DDoS-RSTFINFlood,DDoS-RSTFINFlood
DDoS-RSTFINFlood,DDoS-RSTFINFlood
DDoS-RSTFINFlood,DDoS-RSTFINFlood
DDoS-RSTFINFlood,DDoS-RSTFINFlood
DDoS-RSTFINFlood,DDoS-RSTFINFlood
DDoS-RSTFINFlood,DDoS-RSTFINFlood
DDoS-RSTFINFlood,DDoS-RSTFINFlood
DDoS-RSTFINFlood,DDoS-RSTFINFlood
DDoS-RSTFINFlood,DDoS-RSTFINFlood
DDoS-RSTFINFlood,DDoS-RSTFINFlood
DDoS-RSTFINFlood,DDoS-RSTFINFlood
DDoS-RSTFINFlood,DDoS-RSTFINFlood
DDoS-RSTFINFlood,DDoS-RSTFINFlood
DDoS-RSTFINFlood,DDoS-RSTFINFlood
DDoS-RSTFINFlood,DDoS-RSTFINFlood
DDoS-RSTFINFlood,DDoS-RSTFINFlood
DDoS-RSTFINFlood,DDoS-RSTFINFlood
DDoS-RSTFINFlood,DDoS-RSTFINFlood
DDoS-RSTFINFlood,DDoS-RSTFINFlood
DDoS-RSTFINFlood,DDoS-RSTFINFlood
DDoS-RSTFINFlood,DDoS-RSTFINFlood
DDoS-RSTFINFlood,DDoS-RSTFINFlood
DDoS-RSTFINFlood,DDoS-RSTFINFlood
DDoS-RSTFINFlood,DDoS-RSTFINFlood
DDoS-RSTFINFlood,DDoS-RSTFINFlood
DDoS-RSTFINFlood,DDoS-RSTFINFlood
DDoS-RSTFINFlood,DDoS-RSTFINFlood
DDoS-RSTFINFlood,DDoS-RSTFINFlood
DDoS-RSTFINFlood,DDoS-RSTFINFlood
DDoS-RSTFINFlood,DDoS-RSTFINFlood
DDoS-RSTFINFlood,DDoS-RSTFINFlood
DDoS-RSTFINFlood,DDoS-RSTFINFlood
DDoS-RSTFINFlood,DDoS-RSTFINFlood
DDoS-RSTFINFlood,DDoS-RSTFINFlood
DDoS-RSTFINFlood,DDoS-RSTFINFlood
DDoS-RSTFINFlood,DDoS-RSTFINFlood
DDoS-RSTFINFlood,DDoS-RSTFINFlood
DDoS-RSTFINFlood,DDoS-RSTFINFlood
DDoS-RSTFINFlood,DDoS-RSTFINFlood
DDoS-RSTFINFlood,DDoS-RSTFINFlood
DDoS-RSTFINFlood,DDoS-RSTFINFlood
DDoS-RSTFINFlood,DDoS-RSTFINFlood
DDoS-RSTFINFlood,DDoS-RSTFINFlood
DDoS-RSTFINFlood,DDoS-RSTFINFlood
DDoS-RSTFINFlood,DDoS-RSTFINFlood
DDoS-RSTFINFlood,DDoS-RSTFINFlood
DDoS-RSTFINFlood,DDoS-RSTFINFlood
DDoS-RSTFINFlood,DDoS-RSTFINFlood
DDoS-RSTFINFlood,DDoS-RSTFINFlood
DDoS-RSTFINFlood,DDoS-RSTFINFlood
DDoS-RSTFINFlood,DDoS-RSTFINFlood
DDoS-RSTFINFlood,DDoS-RSTFINFlood
DDoS-RSTFINFlood,DDoS-RSTFINFlood
DDoS-RSTFINFlood,DDoS-RSTFINFlood
DDoS-RSTFINFlood,DDoS-RSTFINFlood
DDoS-RSTFINFlood,DDoS-RSTFINFlood
DDoS-RSTFINFlood,DDoS-RSTFINFlood
DDoS-RSTFINFlood,DDoS-RSTFINFlood
DDoS-RSTFINFlood,DDoS-RSTFINFlood
DDoS-RSTFINFlood,DDoS-RSTFINFlood
DDoS-RSTFINFlood,DDoS-RSTFINFlood
DDoS-RSTFINFlood,DDoS-RSTFINFlood
DDoS-RSTFINFlood,DDoS-RSTFINFlood
DDoS-RSTFINFlood,DDoS-RSTFINFlood
DDoS-RSTFINFlood,DDoS-RSTFINFlood
DDoS-RSTFINFlood,DDoS-RSTFINFlood
DDoS-RSTFINFlood,DDoS-RSTFINFlood
DDoS-RSTFINFlood,DDoS-RSTFINFlood
DDoS-RSTFINFlood,DDoS-RSTFINFlood
DDoS-RSTFINFlood,DDoS-RSTFINFlood
DDoS-RSTFINFlood,DDoS-RSTFINFlood
DDoS-RSTFINFlood,DDoS-RSTFINFlood
DDoS-RSTFINFlood,DDoS-RSTFINFlood
DDoS-RSTFINFlood,DDoS-RSTFINFlood
DDoS-RSTFINFlood,DDoS-RSTFINFlood
DDoS-RSTFINFlood,DDoS-RSTFINFlood
DDoS-RSTFINFlood,DDoS-RSTFINFlood
DDoS-RSTFINFlood,DDoS-RSTFINFlood
DDoS-RSTFINFlood,DDoS-RSTFINFlood
DDoS-RSTFINFlood,DDoS-RSTFINFlood
DDoS-RSTFINFlood,DDoS-RSTFINFlood
DDoS-RSTFINFlood,DDoS-RSTFINFlood
DDoS-RSTFINFlood,DDoS-RSTFINFlood
DDoS-RSTFINFlood,DDoS-RSTFINFlood
DDoS-RSTFINFlood,DDoS-RSTFINFlood
DDoS-RSTFINFlood,DDoS-RSTFINFlood
DDoS-RSTFINFlood,DDoS-RSTFINFlood
DDoS-RSTFINFlood,DDoS-RSTFINFlood
DDoS-RSTFINFlood,DDoS-RSTFINFlood
DDoS-RSTFINFlood,DDoS-RSTFINFlood
DDoS-RSTFINFlood,DDoS-RSTFINFlood
DDoS-RSTFINFlood,DDoS-RSTFINFlood
DDoS-RSTFINFlood,DDoS-RSTFINFlood
DDoS-RSTFINFlood,DDoS-RSTFINFlood
DDoS-RSTFINFlood,DDoS-RSTFINFlood
DDoS-RSTFINFlood,DDoS-RSTFINFlood
DDoS-RSTFINFlood,DDoS-RSTFINFlood
DDoS-RSTFINFlood,DDoS-RSTFINFlood
DDoS-RSTFINFlood,DDoS-RSTFINFlood
DDoS-RSTFINFlood,DDoS-RSTFINFlood
DDoS-RSTFINFlood,DDoS-RSTFINFlood
DDoS-RSTFINFlood,DDoS-RSTFINFlood
DDoS-RSTFINFlood,DDoS-RSTFINFlood
DDoS-RSTFINFlood,DDoS-RSTFINFlood
DDoS-RSTFINFlood,DDoS-RSTFINFlood
DDoS-RSTFINFlood,DDoS-RSTFINFlood
DDoS-RSTFINFlood,DDoS-RSTFINFlood
DDoS-RSTFINFlood,DDoS-RSTFINFlood
DDoS-RSTFINFlood,DDoS-RSTFINFlood
DDoS-RSTFINFlood,DDoS-RSTFINFlood
DDoS-RSTFINFlood,DDoS-RSTFINFlood
DDoS-RSTFINFlood,DDoS-RSTFINFlood
DDoS-RSTFINFlood,DDoS-RSTFINFlood
DDoS-RSTFINFlood,DDoS-RSTFINFlood
DDoS-RSTFINFlood,DDoS-RSTFINFlood
DDoS-RSTFINFlood,DDoS-RSTFINFlood
DDoS-RSTFINFlood,DDoS-RSTFINFlood
Mirai-udpplain,Mirai-udpplain
Mirai-udpplain,Mirai-udpplain
Mirai-udpplain,Mirai-udpplain
Mirai-udpplain,Mirai-udpplain
Mirai-udpplain,Mirai-udpplain
Mirai-udpplain,Mirai-udpplain
Mirai-udpplain,Mirai-udpplain
Mirai-udpplain,Mirai-udpplain
Mirai-udpplain,Mirai-udpplain
Mirai-udpplain,Mirai-udpplain
Mirai-udpplain,Mirai-udpplain
Mirai-udpplain,Mirai-udpplain
Mirai-udpplain,Mirai-udpplain
Mirai-udpplain,Mirai-udpplain
Mirai-udpplain,Mirai-udpplain
Mirai-udpplain,Mirai-udpplain
Mirai-udpplain,Mirai-udpplain
Mirai-udpplain,Mirai-udpplain
Mirai-udpplain,Mirai-udpplain
Mirai-udpplain,Mirai-udpplain
Mirai-udpplain,Mirai-udpplain
Mirai-udpplain,Mirai-udpplain
Mirai-udpplain,Mirai-udpplain
Mirai-udpplain,Mirai-udpplain
Mirai-udpplain,Mirai-udpplain
Mirai-udpplain,Mirai-udpplain
Mirai-udpplain,Mirai-udpplain
Mirai-udpplain,Mirai-udpplain
Mirai-udpplain,DDoS-SlowLoris
Mirai-udpplain,Mirai-udpplain
Mirai-udpplain,Mirai-udpplain
Mirai-udpplain,Mirai-udpplain
Mirai-udpplain,Mirai-udpplain
Mirai-udpplain,Mirai-udpplain
Mirai-udpplain,Mirai-udpplain
Mirai-udpplain,Mirai-udpplain
Mirai-udpplain,Mirai-udpplain
Mirai-udpplain,Mirai-udpplain
Mirai-udpplain,Mirai-udpplain
Mirai-udpplain,Mirai-udpplain
Mirai-udpplain,Mirai-udpplain
Mirai-udpplain,Mirai-udpplain
Mirai-udpplain,Mirai-udpplain
Mirai-udpplain,Mirai-udpplain
Mirai-udpplain,Mirai-udpplain
Mirai-udpplain,Mirai-udpplain
Mirai-udpplain,Mirai-udpplain
Mirai-udpplain,Mirai-udpplain
Mirai-udpplain,Mirai-udpplain
Mirai-udpplain,Mirai-udpplain
Mirai-udpplain,Mirai-udpplain
Mirai-udpplain,Mirai-udpplain
Mirai-udpplain,Mirai-udpplain
Mirai-udpplain,Mirai-udpplain
Mirai-udpplain,Mirai-udpplain
Mirai-udpplain,Mirai-udpplain
Mirai-udpplain,Mirai-udpplain
Mirai-udpplain,Mirai-udpplain
Mirai-udpplain,Mirai-udpplain
Mirai-udpplain,Mirai-udpplain
Mirai-udpplain,Mirai-udpplain
Mirai-udpplain,Mirai-udpplain
Mirai-udpplain,Mirai-udpplain
Mirai-udpplain,Mirai-udpplain
Mirai-udpplain,Mirai-udpplain
Mirai-udpplain,Mirai-udpplain
Mirai-udpplain,Mirai-udpplain
Mirai-udpplain,Mirai-udpplain
Mirai-udpplain,Mirai-udpplain
Mirai-udpplain,Mirai-udpplain
Mirai-udpplain,Mirai-udpplain
Mirai-udpplain,Mirai-udpplain
Mirai-udpplain,Mirai-udpplain
Mirai-udpplain,Mirai-udpplain
Mirai-udpplain,Mirai-udpplain
Mirai-udpplain,Mirai-udpplain
Mirai-udpplain,Mirai-udpplain
Mirai-udpplain,Mirai-udpplain
Mirai-udpplain,Mirai-udpplain
Mirai-udpplain,Mirai-udpplain
Mirai-udpplain,Mirai-udpplain
Mirai-udpplain,Mirai-udpplain
Mirai-udpplain,Mirai-udpplain
Mirai-udpplain,Mirai-udpplain
Mirai-udpplain,Mirai-udpplain
Mirai-udpplain,Mirai-udpplain
Mirai-udpplain,Mirai-udpplain
Mirai-udpplain,Mirai-udpplain
Mirai-udpplain,Mirai-udpplain
Mirai-udpplain,Mirai-udpplain
Mirai-udpplain,Mirai-udpplain
Mirai-udpplain,Mirai-udpplain
Mirai-udpplain,Mirai-udpplain
Mirai-udpplain,Mirai-udpplain
Mirai-udpplain,Mirai-udpplain
Mirai-udpplain,Mirai-udpplain
Mirai-udpplain,Mirai-udpplain
Mirai-udpplain,Mirai-udpplain
Mirai-udpplain,Mirai-udpplain
Mirai-udpplain,Mirai-udpplain
Mirai-udpplain,Mirai-udpplain
Mirai-udpplain,Mirai-udpplain
Mirai-udpplain,Mirai-udpplain
Mirai-udpplain,Mirai-udpplain
Mirai-udpplain,Mirai-udpplain
Mirai-udpplain,Mirai-udpplain
Mirai-udpplain,DDoS-SlowLoris
Mirai-udpplain,Mirai-udpplain
Mirai-udpplain,Mirai-udpplain
Mirai-udpplain,Mirai-udpplain
Mirai-udpplain,Mirai-udpplain
Mirai-udpplain,Mirai-udpplain
Mirai-udpplain,Mirai-udpplain
Mirai-udpplain,Mirai-udpplain
Mirai-udpplain,Mirai-udpplain
Mirai-udpplain,Mirai-udpplain
Mirai-udpplain,Mirai-udpplain
Mirai-udpplain,Mirai-udpplain
Mirai-udpplain,Mirai-udpplain
Mirai-udpplain,Mirai-udpplain
Mirai-udpplain,Mirai-udpplain
Mirai-udpplain,Mirai-udpplain
Mirai-udpplain,Mirai-udpplain
Mirai-udpplain,Mirai-udpplain
Mirai-udpplain,Mirai-udpplain
Mirai-udpplain,Mirai-udpplain
Mirai-udpplain,Mirai-udpplain
Mirai-udpplain,Mirai-udpplain
Mirai-udpplain,Mirai-udpplain
Mirai-udpplain,Mirai-udpplain
Mirai-udpplain,Mirai-udpplain
Mirai-udpplain,Mirai-udpplain
Mirai-udpplain,Mirai-udpplain
Mirai-udpplain,Mirai-udpplain
Mirai-udpplain,Mirai-udpplain
Mirai-udpplain,Mirai-udpplain
Mirai-udpplain,Mirai-udpplain
Mirai-udpplain,Mirai-udpplain
Mirai-udpplain,Mirai-udpplain
Mirai-udpplain,Mirai-udpplain
Mirai-udpplain,Mirai-udpplain
Mirai-udpplain,Mirai-udpplain
Mirai-udpplain,Mirai-udpplain
Mirai-udpplain,Mirai-udpplain
Mirai-udpplain,Mirai-udpplain
Mirai-udpplain,Mirai-udpplain
Mirai-udpplain,Mirai-udpplain
Mirai-udpplain,Mirai-udpplain
Mirai-udpplain,Mirai-udpplain
Mirai-udpplain,Mirai-udpplain
Mirai-udpplain,Mirai-udpplain
Mirai-udpplain,Mirai-udpplain
Mirai-udpplain,Mirai-udpplain
Mirai-udpplain,Mirai-udpplain
Mirai-udpplain,Mirai-udpplain
Mirai-udpplain,Mirai-udpplain
Mirai-udpplain,Mirai-udpplain
Mirai-udpplain,Mirai-udpplain
Mirai-udpplain,Mirai-udpplain
Mirai-udpplain,Mirai-udpplain
Mirai-udpplain,Mirai-udpplain
Mirai-udpplain,Mirai-udpplain
Mirai-udpplain,Mirai-udpplain
Mirai-udpplain,Mirai-udpplain
Mirai-udpplain,Mirai-udpplain
Mirai-udpplain,Mirai-udpplain
Mirai-udpplain,Mirai-udpplain
Mirai-udpplain,Mirai-udpplain
Mirai-udpplain,Mirai-udpplain
Mirai-udpplain,Mirai-udpplain
Mirai-udpplain,Mirai-udpplain
Mirai-udpplain,Mirai-udpplain
Mirai-udpplain,Mirai-udpplain
Mirai-udpplain,Mirai-udpplain
Mirai-udpplain,Mirai-udpplain
Mirai-udpplain,Mirai-udpplain
Mirai-udpplain,Mirai-udpplain
Mirai-udpplain,Mirai-udpplain
Mirai-udpplain,Mirai-udpplain
Mirai-udpplain,Mirai-udpplain
Mirai-udpplain,Mirai-udpplain
Mirai-udpplain,Mirai-udpplain
Mirai-udpplain,Mirai-udpplain
Mirai-udpplain,Mirai-udpplain
Mirai-udpplain,Mirai-udpplain
Mirai-udpplain,Mirai-udpplain
Mirai-udpplain,Mirai-udpplain
Mirai-udpplain,Mirai-udpplain
Mirai-udpplain,Mirai-udpplain
Mirai-udpplain,Mirai-udpplain
Mirai-udpplain,Mirai-udpplain
Mirai-udpplain,Mirai-udpplain
Mirai-udpplain,Mirai-udpplain
Mirai-udpplain,Mirai-udpplain
Mirai-udpplain,Mirai-udpplain
Mirai-udpplain,Mirai-udpplain
Mirai-udpplain,Mirai-udpplain
Mirai-udpplain,Mirai-udpplain
Mirai-udpplain,Mirai-udpplain
Mirai-udpplain,Mirai-udpplain
Mirai-udpplain,Mirai-udpplain
Mirai-udpplain,Mirai-udpplain
Mirai-udpplain,Mirai-udpplain
Mirai-udpplain,Mirai-udpplain
Mirai-udpplain,Mirai-udpplain
Mirai-udpplain,Mirai-udpplain
Mirai-udpplain,Mirai-udpplain
Mirai-udpplain,Mirai-udpplain
Mirai-udpplain,Mirai-udpplain
Mirai-udpplain,Mirai-udpplain
Mirai-udpplain,Mirai-udpplain
Mirai-udpplain,Mirai-udpplain
Mirai-udpplain,Mirai-udpplain
Mirai-udpplain,Mirai-udpplain
Mirai-udpplain,Mirai-udpplain
Mirai-udpplain,Mirai-udpplain
Mirai-udpplain,Mirai-udpplain
Mirai-udpplain,Mirai-udpplain
Mirai-udpplain,Mirai-udpplain
Mirai-udpplain,Mirai-udpplain
Mirai-udpplain,Mirai-udpplain
Mirai-udpplain,Mirai-udpplain
Mirai-udpplain,Mirai-udpplain
Mirai-udpplain,Mirai-udpplain
Mirai-udpplain,Mirai-udpplain
Mirai-udpplain,Mirai-udpplain
Mirai-udpplain,Mirai-udpplain
Mirai-udpplain,Mirai-udpplain
Mirai-udpplain,Mirai-udpplain
Mirai-udpplain,Mirai-udpplain
Mirai-udpplain,Mirai-udpplain
Mirai-udpplain,Mirai-udpplain
Mirai-udpplain,Mirai-udpplain
Mirai-udpplain,Mirai-udpplain
Mirai-udpplain,Mirai-udpplain
Mirai-udpplain,Mirai-udpplain
Mirai-udpplain,Mirai-udpplain
Mirai-udpplain,Mirai-udpplain
Mirai-udpplain,Mirai-udpplain
Mirai-udpplain,Mirai-udpplain
Mirai-udpplain,Mirai-udpplain
Mirai-udpplain,Mirai-udpplain
Mirai-udpplain,Mirai-udpplain
Mirai-udpplain,Mirai-udpplain
Mirai-udpplain,Mirai-udpplain
Mirai-udpplain,Mirai-udpplain
Mirai-udpplain,Mirai-udpplain
Mirai-udpplain,Mirai-udpplain
Mirai-udpplain,Mirai-udpplain
Mirai-udpplain,Mirai-udpplain
Mirai-udpplain,Mirai-udpplain
Mirai-udpplain,Mirai-udpplain
Mirai-udpplain,Mirai-udpplain
Mirai-udpplain,Mirai-udpplain
Mirai-udpplain,Mirai-udpplain
Mirai-udpplain,Mirai-udpplain
Mirai-udpplain,Mirai-udpplain
Mirai-udpplain,Mirai-udpplain
Mirai-udpplain,Mirai-udpplain
Mirai-udpplain,Mirai-udpplain
Mirai-udpplain,Mirai-udpplain
Mirai-udpplain,Mirai-udpplain
Mirai-udpplain,Mirai-udpplain
Mirai-udpplain,Mirai-udpplain
Mirai-udpplain,Mirai-udpplain
Mirai-udpplain,Mirai-udpplain
Mirai-udpplain,Mirai-udpplain
Mirai-udpplain,Mirai-udpplain
Mirai-udpplain,Mirai-udpplain
Mirai-udpplain,Mirai-udpplain
Mirai-udpplain,Mirai-udpplain
Mirai-udpplain,Mirai-udpplain
Mirai-udpplain,Mirai-udpplain
Mirai-udpplain,Mirai-udpplain
Mirai-udpplain,Mirai-udpplain
Mirai-udpplain,Mirai-udpplain
Mirai-udpplain,Mirai-udpplain
Mirai-udpplain,Mirai-udpplain
Mirai-udpplain,Mirai-udpplain
Mirai-udpplain,Mirai-udpplain
Mirai-udpplain,Mirai-udpplain
Mirai-udpplain,Mirai-udpplain
Mirai-udpplain,Mirai-udpplain
Mirai-udpplain,Mirai-udpplain
Mirai-udpplain,Mirai-udpplain
Mirai-udpplain,Mirai-udpplain
Mirai-udpplain,Mirai-udpplain
Mirai-udpplain,Mirai-udpplain
Mirai-udpplain,Mirai-udpplain
Mirai-udpplain,Mirai-udpplain
Mirai-udpplain,Mirai-udpplain
Mirai-udpplain,Mirai-udpplain
Mirai-udpplain,Mirai-udpplain
Mirai-udpplain,Mirai-udpplain
Mirai-udpplain,Mirai-udpplain
Mirai-udpplain,Mirai-udpplain
Mirai-udpplain,Mirai-udpplain
Mirai-udpplain,Mirai-udpplain
Mirai-udpplain,Mirai-udpplain
Mirai-udpplain,DDoS-ICMP_Fragmentation
Mirai-udpplain,Mirai-udpplain
Mirai-udpplain,Mirai-udpplain
Mirai-udpplain,Mirai-udpplain
Mirai-udpplain,Mirai-udpplain
Mirai-udpplain,Mirai-udpplain
Mirai-udpplain,Mirai-udpplain
Mirai-udpplain,Mirai-udpplain
Mirai-udpplain,Mirai-udpplain
Mirai-udpplain,Mirai-udpplain
Mirai-udpplain,Mirai-udpplain
Mirai-udpplain,Mirai-udpplain
Mirai-udpplain,Mirai-udpplain
Mirai-udpplain,Mirai-udpplain
Mirai-udpplain,Mirai-udpplain
Mirai-udpplain,Mirai-udpplain
Mirai-udpplain,Mirai-udpplain
Mirai-udpplain,Mirai-udpplain
Mirai-udpplain,Mirai-udpplain
Mirai-udpplain,Mirai-udpplain
Mirai-udpplain,Mirai-udpplain
Mirai-udpplain,Mirai-udpplain
Mirai-udpplain,Mirai-udpplain
Mirai-udpplain,Mirai-udpplain
Mirai-udpplain,Mirai-udpplain
Mirai-udpplain,Mirai-udpplain
Mirai-udpplain,Mirai-udpplain
Mirai-udpplain,Mirai-udpplain
Mirai-udpplain,Mirai-udpplain
Mirai-udpplain,Mirai-udpplain
Mirai-udpplain,Mirai-udpplain
Mirai-udpplain,Mirai-udpplain
Mirai-udpplain,Mirai-udpplain
Mirai-udpplain,Mirai-udpplain
Mirai-udpplain,Mirai-udpplain
Mirai-udpplain,Mirai-udpplain
Mirai-udpplain,Mirai-udpplain
Mirai-udpplain,Mirai-udpplain
Mirai-udpplain,Mirai-udpplain
Mirai-udpplain,Mirai-udpplain
Mirai-udpplain,Mirai-udpplain
Mirai-udpplain,Mirai-udpplain
Mirai-udpplain,Mirai-udpplain
Mirai-udpplain,Mirai-udpplain
Mirai-udpplain,Mirai-udpplain
Mirai-udpplain,Mirai-udpplain
Mirai-udpplain,Mirai-udpplain
Mirai-udpplain,Mirai-udpplain
Mirai-udpplain,Mirai-udpplain
Mirai-udpplain,Mirai-udpplain
Mirai-udpplain,Mirai-udpplain
Mirai-udpplain,Mirai-udpplain
Mirai-udpplain,Mirai-udpplain
Mirai-udpplain,Mirai-udpplain
Mirai-udpplain,Mirai-udpplain
Mirai-udpplain,Mirai-udpplain
Mirai-udpplain,Mirai-udpplain
Mirai-udpplain,Mirai-udpplain
Mirai-udpplain,Mirai-udpplain
Mirai-udpplain,Mirai-udpplain
Mirai-udpplain,Mirai-udpplain
Mirai-udpplain,Mirai-udpplain
Mirai-udpplain,Mirai-udpplain
Mirai-udpplain,Mirai-udpplain
Mirai-udpplain,Mirai-udpplain
Mirai-udpplain,Mirai-udpplain
Mirai-udpplain,Mirai-udpplain
Mirai-udpplain,Mirai-udpplain
Mirai-udpplain,Mirai-udpplain
Mirai-udpplain,Mirai-udpplain
Mirai-udpplain,Mirai-udpplain
Mirai-udpplain,Mirai-udpplain
Mirai-udpplain,Mirai-udpplain
Mirai-udpplain,Mirai-udpplain
Mirai-udpplain,Mirai-udpplain
Mirai-udpplain,Mirai-udpplain
Mirai-udpplain,Mirai-udpplain
Mirai-udpplain,Mirai-udpplain
Mirai-udpplain,Mirai-udpplain
Mirai-udpplain,Mirai-udpplain
Mirai-udpplain,Mirai-udpplain
Mirai-udpplain,Mirai-udpplain
Mirai-udpplain,Mirai-udpplain
Mirai-udpplain,Mirai-udpplain
Mirai-udpplain,Mirai-udpplain
Mirai-udpplain,Mirai-udpplain
Mirai-udpplain,Mirai-udpplain
Mirai-udpplain,Mirai-udpplain
Mirai-udpplain,Mirai-udpplain
Mirai-udpplain,Mirai-udpplain
Mirai-udpplain,Mirai-udpplain
Mirai-udpplain,Mirai-udpplain
Mirai-udpplain,Mirai-udpplain
Mirai-udpplain,Mirai-udpplain
Mirai-udpplain,Mirai-udpplain
Mirai-udpplain,Mirai-udpplain
Mirai-udpplain,Mirai-udpplain
Mirai-udpplain,Mirai-udpplain
Mirai-udpplain,Mirai-udpplain
Mirai-udpplain,Mirai-udpplain
Mirai-udpplain,Mirai-udpplain
DoS-TCP_Flood,DoS-TCP_Flood
DoS-TCP_Flood,DDoS-TCP_Flood
DoS-TCP_Flood,DDoS-TCP_Flood
DoS-TCP_Flood,DoS-TCP_Flood
DoS-TCP_Flood,DoS-TCP_Flood
DoS-TCP_Flood,DoS-TCP_Flood
DoS-TCP_Flood,DDoS-TCP_Flood
DoS-TCP_Flood,DoS-TCP_Flood
DoS-TCP_Flood,DDoS-TCP_Flood
DoS-TCP_Flood,DoS-TCP_Flood
DoS-TCP_Flood,DDoS-TCP_Flood
DoS-TCP_Flood,DoS-TCP_Flood
DoS-TCP_Flood,DoS-TCP_Flood
DoS-TCP_Flood,DDoS-TCP_Flood
DoS-TCP_Flood,DoS-TCP_Flood
DoS-TCP_Flood,DoS-TCP_Flood
DoS-TCP_Flood,DoS-TCP_Flood
DoS-TCP_Flood,DoS-TCP_Flood
DoS-TCP_Flood,DoS-TCP_Flood
DoS-TCP_Flood,DoS-TCP_Flood
DoS-TCP_Flood,DoS-TCP_Flood
DoS-TCP_Flood,DDoS-TCP_Flood
DoS-TCP_Flood,DoS-TCP_Flood
DoS-TCP_Flood,DoS-TCP_Flood
DoS-TCP_Flood,DDoS-TCP_Flood
DoS-TCP_Flood,DDoS-TCP_Flood
DoS-TCP_Flood,DDoS-TCP_Flood
DoS-TCP_Flood,DoS-TCP_Flood
DoS-TCP_Flood,DDoS-TCP_Flood
DoS-TCP_Flood,DDoS-TCP_Flood
DoS-TCP_Flood,DoS-TCP_Flood
DoS-TCP_Flood,DoS-TCP_Flood
DoS-TCP_Flood,DoS-TCP_Flood
DoS-TCP_Flood,DDoS-TCP_Flood
DoS-TCP_Flood,DoS-TCP_Flood
DoS-TCP_Flood,DoS-TCP_Flood
DoS-TCP_Flood,DoS-TCP_Flood
DoS-TCP_Flood,DoS-TCP_Flood
DoS-TCP_Flood,DoS-TCP_Flood
DoS-TCP_Flood,DDoS-TCP_Flood
DoS-TCP_Flood,DDoS-TCP_Flood
DoS-TCP_Flood,DDoS-TCP_Flood
DoS-TCP_Flood,DDoS-TCP_Flood
DoS-TCP_Flood,DoS-TCP_Flood
DoS-TCP_Flood,DoS-TCP_Flood
DoS-TCP_Flood,DoS-TCP_Flood
DoS-TCP_Flood,DoS-TCP_Flood
DoS-TCP_Flood,DDoS-TCP_Flood
DoS-TCP_Flood,DoS-TCP_Flood
DoS-TCP_Flood,DoS-TCP_Flood
DoS-TCP_Flood,DoS-TCP_Flood
DoS-TCP_Flood,DoS-TCP_Flood
DoS-TCP_Flood,DDoS-TCP_Flood
DoS-TCP_Flood,DoS-TCP_Flood
DoS-TCP_Flood,DoS-TCP_Flood
DoS-TCP_Flood,DDoS-TCP_Flood
DoS-TCP_Flood,DDoS-TCP_Flood
DoS-TCP_Flood,DDoS-TCP_Flood
DoS-TCP_Flood,DoS-TCP_Flood
DoS-TCP_Flood,DoS-TCP_Flood
DoS-TCP_Flood,DoS-TCP_Flood
DoS-TCP_Flood,DoS-TCP_Flood
DoS-TCP_Flood,DoS-TCP_Flood
DoS-TCP_Flood,DoS-TCP_Flood
DoS-TCP_Flood,DDoS-TCP_Flood
DoS-TCP_Flood,DoS-TCP_Flood
DoS-TCP_Flood,DoS-TCP_Flood
DoS-TCP_Flood,DoS-TCP_Flood
DoS-TCP_Flood,DoS-TCP_Flood
DoS-TCP_Flood,DoS-TCP_Flood
DoS-TCP_Flood,DoS-TCP_Flood
DoS-TCP_Flood,DoS-TCP_Flood
DoS-TCP_Flood,DDoS-TCP_Flood
DoS-TCP_Flood,DoS-TCP_Flood
DoS-TCP_Flood,DoS-TCP_Flood
DoS-TCP_Flood,DoS-TCP_Flood
DoS-TCP_Flood,DoS-TCP_Flood
DoS-TCP_Flood,DoS-TCP_Flood
DoS-TCP_Flood,DDoS-TCP_Flood
DoS-TCP_Flood,DoS-TCP_Flood
DoS-TCP_Flood,DoS-TCP_Flood
DoS-TCP_Flood,DoS-TCP_Flood
DoS-TCP_Flood,DDoS-TCP_Flood
DoS-TCP_Flood,DDoS-TCP_Flood
DoS-TCP_Flood,DDoS-TCP_Flood
DoS-TCP_Flood,DoS-TCP_Flood
DoS-TCP_Flood,DDoS-TCP_Flood
DoS-TCP_Flood,DDoS-TCP_Flood
DoS-TCP_Flood,DoS-TCP_Flood
DoS-TCP_Flood,DoS-TCP_Flood
DoS-TCP_Flood,DDoS-TCP_Flood
DoS-TCP_Flood,DDoS-TCP_Flood
DoS-TCP_Flood,DoS-TCP_Flood
DoS-TCP_Flood,DDoS-TCP_Flood
DoS-TCP_Flood,DoS-TCP_Flood
DoS-TCP_Flood,DoS-TCP_Flood
DoS-TCP_Flood,DDoS-TCP_Flood
DoS-TCP_Flood,DoS-TCP_Flood
DoS-TCP_Flood,DoS-TCP_Flood
DoS-TCP_Flood,DoS-TCP_Flood
DoS-TCP_Flood,DoS-TCP_Flood
DoS-TCP_Flood,DoS-TCP_Flood
DoS-TCP_Flood,DDoS-TCP_Flood
DoS-TCP_Flood,DoS-TCP_Flood
DoS-TCP_Flood,DoS-TCP_Flood
DoS-TCP_Flood,DoS-TCP_Flood
DoS-TCP_Flood,DoS-TCP_Flood
DoS-TCP_Flood,DoS-TCP_Flood
DoS-TCP_Flood,DDoS-TCP_Flood
DoS-TCP_Flood,DDoS-TCP_Flood
DoS-TCP_Flood,DoS-TCP_Flood
DoS-TCP_Flood,DDoS-TCP_Flood
DoS-TCP_Flood,DoS-TCP_Flood
DoS-TCP_Flood,DoS-TCP_Flood
DoS-TCP_Flood,DDoS-TCP_Flood
DoS-TCP_Flood,DDoS-TCP_Flood
DoS-TCP_Flood,DDoS-TCP_Flood
DoS-TCP_Flood,DoS-TCP_Flood
DoS-TCP_Flood,DoS-TCP_Flood
DoS-TCP_Flood,DoS-TCP_Flood
DoS-TCP_Flood,DDoS-TCP_Flood
DoS-TCP_Flood,DoS-TCP_Flood
DoS-TCP_Flood,DoS-TCP_Flood
DoS-TCP_Flood,DoS-TCP_Flood
DoS-TCP_Flood,DoS-TCP_Flood
DoS-TCP_Flood,DoS-TCP_Flood
DoS-TCP_Flood,DDoS-TCP_Flood
DoS-TCP_Flood,DoS-TCP_Flood
DoS-TCP_Flood,DDoS-TCP_Flood
DoS-TCP_Flood,DoS-TCP_Flood
DoS-TCP_Flood,DoS-TCP_Flood
DoS-TCP_Flood,DoS-TCP_Flood
DoS-TCP_Flood,DDoS-TCP_Flood
DoS-TCP_Flood,DoS-TCP_Flood
DoS-TCP_Flood,DoS-TCP_Flood
DoS-TCP_Flood,DoS-TCP_Flood
DoS-TCP_Flood,DoS-TCP_Flood
DoS-TCP_Flood,DoS-TCP_Flood
DoS-TCP_Flood,DoS-TCP_Flood
DoS-TCP_Flood,DoS-TCP_Flood
DoS-TCP_Flood,DoS-TCP_Flood
DoS-TCP_Flood,DoS-TCP_Flood
DoS-TCP_Flood,DoS-TCP_Flood
DoS-TCP_Flood,DDoS-TCP_Flood
DoS-TCP_Flood,DoS-TCP_Flood
DoS-TCP_Flood,DoS-TCP_Flood
DoS-TCP_Flood,DoS-TCP_Flood
DoS-TCP_Flood,DoS-TCP_Flood
DoS-TCP_Flood,DDoS-TCP_Flood
DoS-TCP_Flood,DoS-TCP_Flood
DoS-TCP_Flood,DoS-TCP_Flood
DoS-TCP_Flood,DoS-TCP_Flood
DoS-TCP_Flood,DoS-TCP_Flood
DoS-TCP_Flood,DoS-TCP_Flood
DoS-TCP_Flood,DoS-TCP_Flood
DoS-TCP_Flood,DoS-TCP_Flood
DoS-TCP_Flood,DoS-TCP_Flood
DoS-TCP_Flood,DoS-TCP_Flood
DoS-TCP_Flood,DoS-TCP_Flood
DoS-TCP_Flood,DoS-TCP_Flood
DoS-TCP_Flood,DoS-TCP_Flood
DoS-TCP_Flood,DoS-TCP_Flood
DoS-TCP_Flood,DDoS-TCP_Flood
DoS-TCP_Flood,DoS-TCP_Flood
DoS-TCP_Flood,DDoS-TCP_Flood
DoS-TCP_Flood,DoS-TCP_Flood
DoS-TCP_Flood,DoS-TCP_Flood
DoS-TCP_Flood,DoS-TCP_Flood
DoS-TCP_Flood,DoS-TCP_Flood
DoS-TCP_Flood,DoS-TCP_Flood
DoS-TCP_Flood,DoS-TCP_Flood
DoS-TCP_Flood,DoS-TCP_Flood
DoS-TCP_Flood,DoS-TCP_Flood
DoS-TCP_Flood,DoS-TCP_Flood
DoS-TCP_Flood,DoS-TCP_Flood
DoS-TCP_Flood,DoS-TCP_Flood
DoS-TCP_Flood,DoS-TCP_Flood
DoS-TCP_Flood,DoS-TCP_Flood
DoS-TCP_Flood,DoS-TCP_Flood
DoS-TCP_Flood,DDoS-TCP_Flood
DoS-TCP_Flood,DoS-TCP_Flood
DoS-TCP_Flood,DoS-TCP_Flood
DoS-TCP_Flood,DoS-TCP_Flood
DoS-TCP_Flood,DoS-TCP_Flood
DoS-TCP_Flood,DoS-TCP_Flood
DoS-TCP_Flood,DDoS-TCP_Flood
DoS-TCP_Flood,DDoS-TCP_Flood
DoS-TCP_Flood,DoS-TCP_Flood
DoS-TCP_Flood,DoS-TCP_Flood
DoS-TCP_Flood,DDoS-TCP_Flood
DoS-TCP_Flood,DDoS-TCP_Flood
DoS-TCP_Flood,DDoS-TCP_Flood
DoS-TCP_Flood,DDoS-TCP_Flood
DoS-TCP_Flood,DoS-TCP_Flood
DoS-TCP_Flood,DoS-TCP_Flood
DoS-TCP_Flood,DoS-TCP_Flood
DoS-TCP_Flood,DoS-TCP_Flood
DoS-TCP_Flood,DDoS-TCP_Flood
DoS-TCP_Flood,DoS-TCP_Flood
DoS-TCP_Flood,DoS-TCP_Flood
DoS-TCP_Flood,DoS-TCP_Flood
DoS-TCP_Flood,DDoS-TCP_Flood
DoS-TCP_Flood,DDoS-TCP_Flood
DoS-TCP_Flood,DDoS-TCP_Flood
DoS-TCP_Flood,DoS-TCP_Flood
DoS-TCP_Flood,DoS-TCP_Flood
DoS-TCP_Flood,DoS-TCP_Flood
DoS-TCP_Flood,DoS-TCP_Flood
DoS-TCP_Flood,DoS-TCP_Flood
DoS-TCP_Flood,DoS-TCP_Flood
DoS-TCP_Flood,DoS-TCP_Flood
DoS-TCP_Flood,DoS-TCP_Flood
DoS-TCP_Flood,DoS-TCP_Flood
DoS-TCP_Flood,DoS-TCP_Flood
DoS-TCP_Flood,DoS-TCP_Flood
DoS-TCP_Flood,DoS-TCP_Flood
DoS-TCP_Flood,DoS-TCP_Flood
DoS-TCP_Flood,DoS-TCP_Flood
DoS-TCP_Flood,DoS-TCP_Flood
DoS-TCP_Flood,DoS-TCP_Flood
DoS-TCP_Flood,DoS-TCP_Flood
DoS-TCP_Flood,DoS-TCP_Flood
DoS-TCP_Flood,DDoS-TCP_Flood
DoS-TCP_Flood,DoS-TCP_Flood
DoS-TCP_Flood,DoS-TCP_Flood
DoS-TCP_Flood,DoS-TCP_Flood
DoS-TCP_Flood,DDoS-TCP_Flood
DoS-TCP_Flood,DDoS-TCP_Flood
DoS-TCP_Flood,DDoS-TCP_Flood
DoS-TCP_Flood,DDoS-TCP_Flood
DoS-TCP_Flood,DoS-TCP_Flood
DoS-TCP_Flood,DoS-TCP_Flood
DoS-TCP_Flood,DDoS-TCP_Flood
DoS-TCP_Flood,DoS-TCP_Flood
DoS-TCP_Flood,DoS-TCP_Flood
DoS-TCP_Flood,DoS-TCP_Flood
DoS-TCP_Flood,DDoS-TCP_Flood
DoS-TCP_Flood,DDoS-TCP_Flood
DoS-TCP_Flood,DDoS-TCP_Flood
DoS-TCP_Flood,DoS-TCP_Flood
DoS-TCP_Flood,DoS-TCP_Flood
DoS-TCP_Flood,DDoS-TCP_Flood
DoS-TCP_Flood,DoS-TCP_Flood
DoS-TCP_Flood,DoS-TCP_Flood
DoS-TCP_Flood,DoS-TCP_Flood
DoS-TCP_Flood,DoS-TCP_Flood
DoS-TCP_Flood,DoS-TCP_Flood
DoS-TCP_Flood,DoS-TCP_Flood
DoS-TCP_Flood,DoS-TCP_Flood
DoS-TCP_Flood,DoS-TCP_Flood
DoS-TCP_Flood,DDoS-TCP_Flood
DoS-TCP_Flood,DoS-TCP_Flood
DoS-TCP_Flood,DDoS-TCP_Flood
DoS-TCP_Flood,DoS-TCP_Flood
DoS-TCP_Flood,DoS-TCP_Flood
DoS-TCP_Flood,DoS-TCP_Flood
DoS-TCP_Flood,DoS-TCP_Flood
DoS-TCP_Flood,DDoS-TCP_Flood
DoS-TCP_Flood,DDoS-TCP_Flood
DoS-TCP_Flood,DDoS-TCP_Flood
DoS-TCP_Flood,DDoS-TCP_Flood
DoS-TCP_Flood,DoS-TCP_Flood
DoS-TCP_Flood,DDoS-TCP_Flood
DoS-TCP_Flood,DoS-TCP_Flood
DoS-TCP_Flood,DoS-TCP_Flood
DoS-TCP_Flood,DoS-TCP_Flood
DoS-TCP_Flood,DoS-TCP_Flood
DoS-TCP_Flood,DoS-TCP_Flood
DoS-TCP_Flood,DoS-TCP_Flood
DoS-TCP_Flood,DoS-TCP_Flood
DoS-TCP_Flood,DoS-TCP_Flood
DoS-TCP_Flood,DoS-TCP_Flood
DoS-TCP_Flood,DoS-TCP_Flood
DoS-TCP_Flood,DDoS-TCP_Flood
DoS-TCP_Flood,DoS-TCP_Flood
DoS-TCP_Flood,DoS-TCP_Flood
DoS-TCP_Flood,DoS-TCP_Flood
DoS-TCP_Flood,DoS-TCP_Flood
DoS-TCP_Flood,DoS-TCP_Flood
DoS-TCP_Flood,DoS-TCP_Flood
DoS-TCP_Flood,DoS-TCP_Flood
DoS-TCP_Flood,DoS-TCP_Flood
DoS-TCP_Flood,DDoS-TCP_Flood
DoS-TCP_Flood,DoS-TCP_Flood
DoS-TCP_Flood,DoS-TCP_Flood
DoS-TCP_Flood,DoS-TCP_Flood
DoS-TCP_Flood,DDoS-TCP_Flood
DoS-TCP_Flood,DoS-TCP_Flood
DoS-TCP_Flood,DoS-TCP_Flood
DoS-TCP_Flood,DoS-TCP_Flood
DoS-TCP_Flood,DoS-TCP_Flood
DoS-TCP_Flood,DoS-TCP_Flood
DoS-TCP_Flood,DoS-TCP_Flood
DoS-TCP_Flood,DoS-TCP_Flood
DoS-TCP_Flood,DoS-TCP_Flood
DoS-TCP_Flood,DDoS-TCP_Flood
DoS-TCP_Flood,DDoS-TCP_Flood
DoS-TCP_Flood,DoS-TCP_Flood
DoS-TCP_Flood,DoS-TCP_Flood
DoS-TCP_Flood,DDoS-TCP_Flood
DoS-TCP_Flood,DoS-TCP_Flood
DoS-TCP_Flood,DoS-TCP_Flood
DoS-TCP_Flood,DoS-TCP_Flood
DoS-TCP_Flood,DoS-TCP_Flood
DoS-TCP_Flood,DoS-TCP_Flood
DoS-TCP_Flood,DoS-TCP_Flood
DoS-TCP_Flood,DDoS-TCP_Flood
DoS-TCP_Flood,DoS-TCP_Flood
DoS-TCP_Flood,DoS-TCP_Flood
DoS-TCP_Flood,DoS-TCP_Flood
DoS-TCP_Flood,DoS-TCP_Flood
DoS-TCP_Flood,DDoS-TCP_Flood
DoS-TCP_Flood,DDoS-TCP_Flood
DoS-TCP_Flood,DoS-TCP_Flood
DoS-TCP_Flood,DoS-TCP_Flood
DoS-TCP_Flood,DDoS-TCP_Flood
DoS-TCP_Flood,DoS-TCP_Flood
DoS-TCP_Flood,DoS-TCP_Flood
DoS-TCP_Flood,DDoS-TCP_Flood
DoS-TCP_Flood,DDoS-TCP_Flood
DoS-TCP_Flood,DDoS-TCP_Flood
DoS-TCP_Flood,DoS-TCP_Flood
DoS-TCP_Flood,DoS-TCP_Flood
DoS-TCP_Flood,DDoS-TCP_Flood
DoS-TCP_Flood,DoS-TCP_Flood
DoS-TCP_Flood,DDoS-TCP_Flood
DoS-TCP_Flood,DoS-TCP_Flood
DoS-TCP_Flood,DDoS-TCP_Flood
DoS-TCP_Flood,DoS-TCP_Flood
DoS-TCP_Flood,DoS-TCP_Flood
DoS-TCP_Flood,DDoS-TCP_Flood
DoS-TCP_Flood,DDoS-TCP_Flood
DoS-TCP_Flood,DoS-TCP_Flood
DoS-TCP_Flood,DoS-TCP_Flood
DoS-TCP_Flood,DoS-TCP_Flood
DoS-TCP_Flood,DDoS-TCP_Flood
DoS-TCP_Flood,DDoS-TCP_Flood
DoS-TCP_Flood,DDoS-TCP_Flood
DoS-TCP_Flood,DoS-TCP_Flood
DoS-TCP_Flood,DDoS-TCP_Flood
DoS-TCP_Flood,DoS-TCP_Flood
DoS-TCP_Flood,DoS-TCP_Flood
DoS-TCP_Flood,DDoS-TCP_Flood
DoS-TCP_Flood,DoS-TCP_Flood
DoS-TCP_Flood,DoS-TCP_Flood
DoS-TCP_Flood,DoS-TCP_Flood
DoS-TCP_Flood,DoS-TCP_Flood
DoS-TCP_Flood,DoS-TCP_Flood
DoS-TCP_Flood,DDoS-TCP_Flood
DoS-TCP_Flood,DoS-TCP_Flood
DoS-TCP_Flood,DoS-TCP_Flood
DoS-TCP_Flood,DoS-TCP_Flood
DoS-TCP_Flood,DoS-TCP_Flood
DoS-TCP_Flood,DDoS-TCP_Flood
DoS-TCP_Flood,DDoS-TCP_Flood
DoS-TCP_Flood,DDoS-TCP_Flood
DoS-TCP_Flood,DDoS-TCP_Flood
DoS-TCP_Flood,DoS-TCP_Flood
DoS-TCP_Flood,DoS-TCP_Flood
DoS-TCP_Flood,DoS-TCP_Flood
DoS-TCP_Flood,DoS-TCP_Flood
DoS-TCP_Flood,DDoS-TCP_Flood
DoS-TCP_Flood,DoS-TCP_Flood
DoS-TCP_Flood,DoS-TCP_Flood
DoS-TCP_Flood,DDoS-TCP_Flood
DoS-TCP_Flood,DDoS-TCP_Flood
DoS-TCP_Flood,DoS-TCP_Flood
DoS-TCP_Flood,DoS-TCP_Flood
DoS-TCP_Flood,DoS-TCP_Flood
DoS-TCP_Flood,DoS-TCP_Flood
DoS-TCP_Flood,DoS-TCP_Flood
DoS-TCP_Flood,DoS-TCP_Flood
DoS-TCP_Flood,DDoS-TCP_Flood
DoS-TCP_Flood,DDoS-TCP_Flood
DoS-TCP_Flood,DDoS-TCP_Flood
DoS-TCP_Flood,DoS-TCP_Flood
DoS-TCP_Flood,DoS-TCP_Flood
DoS-TCP_Flood,DoS-TCP_Flood
DoS-TCP_Flood,DoS-TCP_Flood
DoS-TCP_Flood,DoS-TCP_Flood
DoS-TCP_Flood,DoS-TCP_Flood
DoS-TCP_Flood,DoS-TCP_Flood
DoS-TCP_Flood,DoS-TCP_Flood
DoS-TCP_Flood,DDoS-TCP_Flood
DoS-TCP_Flood,DoS-TCP_Flood
DoS-TCP_Flood,DDoS-TCP_Flood
DoS-TCP_Flood,DDoS-TCP_Flood
DoS-TCP_Flood,DoS-TCP_Flood
DoS-TCP_Flood,DDoS-TCP_Flood
DoS-TCP_Flood,DoS-TCP_Flood
DoS-TCP_Flood,DoS-TCP_Flood
DoS-TCP_Flood,DDoS-TCP_Flood
DoS-TCP_Flood,DDoS-TCP_Flood
DoS-TCP_Flood,DDoS-TCP_Flood
DoS-TCP_Flood,DoS-TCP_Flood
DoS-TCP_Flood,DoS-TCP_Flood
DoS-TCP_Flood,DoS-TCP_Flood
DoS-TCP_Flood,DoS-TCP_Flood
DoS-TCP_Flood,DoS-TCP_Flood
DoS-TCP_Flood,DoS-TCP_Flood
BenignTraffic,VulnerabilityScan
BenignTraffic,VulnerabilityScan
BenignTraffic,BenignTraffic
BenignTraffic,BenignTraffic
BenignTraffic,VulnerabilityScan
BenignTraffic,BenignTraffic
BenignTraffic,Uploading_Attack
BenignTraffic,BenignTraffic
BenignTraffic,BenignTraffic
BenignTraffic,BenignTraffic
BenignTraffic,DictionaryBruteForce
BenignTraffic,BenignTraffic
BenignTraffic,BenignTraffic
BenignTraffic,Recon-PingSweep
BenignTraffic,BenignTraffic
BenignTraffic,DNS_Spoofing
BenignTraffic,BrowserHijacking
BenignTraffic,DictionaryBruteForce
BenignTraffic,VulnerabilityScan
BenignTraffic,Recon-PingSweep
BenignTraffic,BenignTraffic
BenignTraffic,SqlInjection
BenignTraffic,BenignTraffic
BenignTraffic,DictionaryBruteForce
BenignTraffic,XSS
BenignTraffic,VulnerabilityScan
BenignTraffic,BenignTraffic
BenignTraffic,Recon-PingSweep
BenignTraffic,XSS
BenignTraffic,Backdoor_Malware
BenignTraffic,BenignTraffic
BenignTraffic,VulnerabilityScan
BenignTraffic,SqlInjection
BenignTraffic,BenignTraffic
BenignTraffic,BenignTraffic
BenignTraffic,Backdoor_Malware
BenignTraffic,BenignTraffic
BenignTraffic,Recon-PingSweep
BenignTraffic,BenignTraffic
BenignTraffic,BenignTraffic
BenignTraffic,Uploading_Attack
BenignTraffic,DictionaryBruteForce
BenignTraffic,BenignTraffic
BenignTraffic,Recon-PingSweep
BenignTraffic,VulnerabilityScan
BenignTraffic,BrowserHijacking
BenignTraffic,BenignTraffic
BenignTraffic,Recon-OSScan
BenignTraffic,Recon-PingSweep
BenignTraffic,DictionaryBruteForce
BenignTraffic,Backdoor_Malware
BenignTraffic,DictionaryBruteForce
BenignTraffic,BenignTraffic
BenignTraffic,BenignTraffic
BenignTraffic,BenignTraffic
BenignTraffic,VulnerabilityScan
BenignTraffic,BenignTraffic
BenignTraffic,BenignTraffic
BenignTraffic,BenignTraffic
BenignTraffic,BenignTraffic
BenignTraffic,BenignTraffic
BenignTraffic,BenignTraffic
BenignTraffic,BenignTraffic
BenignTraffic,BenignTraffic
BenignTraffic,BrowserHijacking
BenignTraffic,DictionaryBruteForce
BenignTraffic,Recon-OSScan
BenignTraffic,VulnerabilityScan
BenignTraffic,BenignTraffic
BenignTraffic,BenignTraffic
BenignTraffic,VulnerabilityScan
BenignTraffic,Recon-PingSweep
BenignTraffic,BenignTraffic
BenignTraffic,BrowserHijacking
BenignTraffic,BenignTraffic
BenignTraffic,Recon-PingSweep
BenignTraffic,Recon-OSScan
BenignTraffic,SqlInjection
BenignTraffic,BenignTraffic
BenignTraffic,BenignTraffic
BenignTraffic,Recon-PingSweep
BenignTraffic,BenignTraffic
BenignTraffic,BrowserHijacking
BenignTraffic,BenignTraffic
BenignTraffic,BrowserHijacking
BenignTraffic,BenignTraffic
BenignTraffic,BenignTraffic
BenignTraffic,BenignTraffic
BenignTraffic,BenignTraffic
BenignTraffic,SqlInjection
BenignTraffic,MITM-ArpSpoofing
BenignTraffic,BenignTraffic
BenignTraffic,MITM-ArpSpoofing
BenignTraffic,SqlInjection
BenignTraffic,Recon-PingSweep
BenignTraffic,Recon-OSScan
BenignTraffic,BenignTraffic
BenignTraffic,BenignTraffic
BenignTraffic,BenignTraffic
BenignTraffic,BenignTraffic
BenignTraffic,SqlInjection
BenignTraffic,VulnerabilityScan
BenignTraffic,Recon-OSScan
BenignTraffic,BenignTraffic
BenignTraffic,BenignTraffic
BenignTraffic,BenignTraffic
BenignTraffic,VulnerabilityScan
BenignTraffic,BenignTraffic
BenignTraffic,BenignTraffic
BenignTraffic,BenignTraffic
BenignTraffic,BenignTraffic
BenignTraffic,MITM-ArpSpoofing
BenignTraffic,BenignTraffic
BenignTraffic,BenignTraffic
BenignTraffic,BenignTraffic
BenignTraffic,BenignTraffic
BenignTraffic,MITM-ArpSpoofing
BenignTraffic,SqlInjection
BenignTraffic,BenignTraffic
BenignTraffic,Recon-OSScan
BenignTraffic,VulnerabilityScan
BenignTraffic,Recon-PortScan
BenignTraffic,Recon-PingSweep
BenignTraffic,VulnerabilityScan
BenignTraffic,BenignTraffic
BenignTraffic,DictionaryBruteForce
BenignTraffic,DictionaryBruteForce
BenignTraffic,SqlInjection
BenignTraffic,VulnerabilityScan
BenignTraffic,BenignTraffic
BenignTraffic,Backdoor_Malware
BenignTraffic,BenignTraffic
BenignTraffic,BenignTraffic
BenignTraffic,XSS
BenignTraffic,MITM-ArpSpoofing
BenignTraffic,BenignTraffic
BenignTraffic,XSS
BenignTraffic,Recon-OSScan
BenignTraffic,BenignTraffic
BenignTraffic,XSS
BenignTraffic,BenignTraffic
BenignTraffic,BenignTraffic
BenignTraffic,BenignTraffic
BenignTraffic,Recon-OSScan
BenignTraffic,BenignTraffic
BenignTraffic,BenignTraffic
BenignTraffic,BenignTraffic
BenignTraffic,BenignTraffic
BenignTraffic,BenignTraffic
BenignTraffic,BenignTraffic
BenignTraffic,XSS
BenignTraffic,BenignTraffic
BenignTraffic,BenignTraffic
BenignTraffic,SqlInjection
BenignTraffic,BrowserHijacking
BenignTraffic,BenignTraffic
BenignTraffic,BenignTraffic
BenignTraffic,BenignTraffic
BenignTraffic,Recon-PortScan
BenignTraffic,SqlInjection
BenignTraffic,BenignTraffic
BenignTraffic,DictionaryBruteForce
BenignTraffic,BenignTraffic
BenignTraffic,VulnerabilityScan
BenignTraffic,BenignTraffic
BenignTraffic,BenignTraffic
BenignTraffic,BenignTraffic
BenignTraffic,BenignTraffic
BenignTraffic,SqlInjection
BenignTraffic,BenignTraffic
BenignTraffic,Uploading_Attack
BenignTraffic,BenignTraffic
BenignTraffic,BenignTraffic
BenignTraffic,VulnerabilityScan
BenignTraffic,BenignTraffic
BenignTraffic,DictionaryBruteForce
BenignTraffic,SqlInjection
BenignTraffic,BenignTraffic
BenignTraffic,SqlInjection
BenignTraffic,BenignTraffic
BenignTraffic,Backdoor_Malware
BenignTraffic,BenignTraffic
BenignTraffic,Recon-OSScan
BenignTraffic,DictionaryBruteForce
BenignTraffic,SqlInjection
BenignTraffic,BenignTraffic
BenignTraffic,BenignTraffic
BenignTraffic,BenignTraffic
BenignTraffic,VulnerabilityScan
BenignTraffic,Recon-OSScan
BenignTraffic,BenignTraffic
BenignTraffic,BenignTraffic
BenignTraffic,BenignTraffic
BenignTraffic,BenignTraffic
BenignTraffic,Recon-OSScan
BenignTraffic,BenignTraffic
BenignTraffic,BenignTraffic
BenignTraffic,BenignTraffic
BenignTraffic,BenignTraffic
BenignTraffic,BenignTraffic
BenignTraffic,BenignTraffic
BenignTraffic,CommandInjection
BenignTraffic,CommandInjection
BenignTraffic,BenignTraffic
BenignTraffic,BenignTraffic
BenignTraffic,VulnerabilityScan
BenignTraffic,BenignTraffic
BenignTraffic,DictionaryBruteForce
BenignTraffic,BenignTraffic
BenignTraffic,VulnerabilityScan
BenignTraffic,BenignTraffic
BenignTraffic,BenignTraffic
BenignTraffic,Recon-PingSweep
BenignTraffic,BenignTraffic
BenignTraffic,BenignTraffic
BenignTraffic,BenignTraffic
BenignTraffic,BenignTraffic
BenignTraffic,Recon-OSScan
BenignTraffic,BenignTraffic
BenignTraffic,SqlInjection
BenignTraffic,BenignTraffic
BenignTraffic,BrowserHijacking
BenignTraffic,BenignTraffic
BenignTraffic,BenignTraffic
BenignTraffic,BenignTraffic
BenignTraffic,BenignTraffic
BenignTraffic,BenignTraffic
BenignTraffic,DictionaryBruteForce
BenignTraffic,SqlInjection
BenignTraffic,BenignTraffic
BenignTraffic,VulnerabilityScan
BenignTraffic,BenignTraffic
BenignTraffic,SqlInjection
BenignTraffic,BenignTraffic
BenignTraffic,BenignTraffic
BenignTraffic,BenignTraffic
BenignTraffic,DictionaryBruteForce
BenignTraffic,BenignTraffic
BenignTraffic,VulnerabilityScan
BenignTraffic,MITM-ArpSpoofing
BenignTraffic,Backdoor_Malware
BenignTraffic,VulnerabilityScan
BenignTraffic,Recon-PortScan
BenignTraffic,BenignTraffic
BenignTraffic,SqlInjection
BenignTraffic,Recon-PingSweep
BenignTraffic,BenignTraffic
BenignTraffic,SqlInjection
BenignTraffic,BenignTraffic
BenignTraffic,BenignTraffic
BenignTraffic,Recon-PingSweep
BenignTraffic,BenignTraffic
BenignTraffic,XSS
BenignTraffic,Recon-OSScan
BenignTraffic,BenignTraffic
BenignTraffic,BrowserHijacking
BenignTraffic,BenignTraffic
BenignTraffic,VulnerabilityScan
BenignTraffic,SqlInjection
BenignTraffic,BenignTraffic
BenignTraffic,BenignTraffic
BenignTraffic,BenignTraffic
BenignTraffic,BenignTraffic
BenignTraffic,BenignTraffic
BenignTraffic,Recon-OSScan
BenignTraffic,BenignTraffic
BenignTraffic,SqlInjection
BenignTraffic,BenignTraffic
BenignTraffic,VulnerabilityScan
BenignTraffic,BenignTraffic
BenignTraffic,VulnerabilityScan
BenignTraffic,BenignTraffic
BenignTraffic,SqlInjection
BenignTraffic,Backdoor_Malware
BenignTraffic,XSS
BenignTraffic,BenignTraffic
BenignTraffic,VulnerabilityScan
BenignTraffic,VulnerabilityScan
BenignTraffic,BenignTraffic
BenignTraffic,BenignTraffic
BenignTraffic,BenignTraffic
BenignTraffic,BenignTraffic
BenignTraffic,BenignTraffic
BenignTraffic,SqlInjection
BenignTraffic,SqlInjection
BenignTraffic,Recon-PingSweep
BenignTraffic,BenignTraffic
BenignTraffic,VulnerabilityScan
BenignTraffic,Recon-OSScan
BenignTraffic,BenignTraffic
BenignTraffic,VulnerabilityScan
BenignTraffic,Recon-PingSweep
BenignTraffic,DNS_Spoofing
BenignTraffic,BenignTraffic
BenignTraffic,BenignTraffic
BenignTraffic,Recon-OSScan
BenignTraffic,VulnerabilityScan
BenignTraffic,BenignTraffic
BenignTraffic,MITM-ArpSpoofing
BenignTraffic,SqlInjection
BenignTraffic,Recon-PingSweep
BenignTraffic,Recon-OSScan
BenignTraffic,XSS
BenignTraffic,BenignTraffic
BenignTraffic,VulnerabilityScan
BenignTraffic,DNS_Spoofing
BenignTraffic,BenignTraffic
BenignTraffic,Recon-PortScan
BenignTraffic,Recon-OSScan
BenignTraffic,BenignTraffic
BenignTraffic,VulnerabilityScan
BenignTraffic,Recon-OSScan
BenignTraffic,XSS
BenignTraffic,BenignTraffic
BenignTraffic,Backdoor_Malware
BenignTraffic,BenignTraffic
BenignTraffic,Recon-PortScan
BenignTraffic,BenignTraffic
BenignTraffic,BenignTraffic
BenignTraffic,BenignTraffic
BenignTraffic,BrowserHijacking
BenignTraffic,BenignTraffic
BenignTraffic,BenignTraffic
BenignTraffic,BenignTraffic
BenignTraffic,BenignTraffic
BenignTraffic,BenignTraffic
BenignTraffic,CommandInjection
BenignTraffic,BenignTraffic
BenignTraffic,BenignTraffic
BenignTraffic,Recon-PingSweep
BenignTraffic,BenignTraffic
BenignTraffic,Backdoor_Malware
BenignTraffic,SqlInjection
BenignTraffic,BenignTraffic
BenignTraffic,BenignTraffic
BenignTraffic,BenignTraffic
BenignTraffic,CommandInjection
BenignTraffic,BenignTraffic
BenignTraffic,BenignTraffic
BenignTraffic,BenignTraffic
BenignTraffic,Backdoor_Malware
BenignTraffic,CommandInjection
BenignTraffic,BenignTraffic
BenignTraffic,Recon-OSScan
BenignTraffic,BenignTraffic
BenignTraffic,BenignTraffic
BenignTraffic,BenignTraffic
BenignTraffic,BenignTraffic
BenignTraffic,BenignTraffic
BenignTraffic,Backdoor_Malware
BenignTraffic,DictionaryBruteForce
BenignTraffic,Recon-OSScan
BenignTraffic,BenignTraffic
BenignTraffic,BenignTraffic
BenignTraffic,BrowserHijacking
BenignTraffic,BenignTraffic
BenignTraffic,Recon-PingSweep
BenignTraffic,XSS
BenignTraffic,Recon-PortScan
BenignTraffic,Recon-OSScan
BenignTraffic,BenignTraffic
BenignTraffic,BenignTraffic
BenignTraffic,BenignTraffic
BenignTraffic,BenignTraffic
BenignTraffic,SqlInjection
BenignTraffic,BenignTraffic
BenignTraffic,Recon-PingSweep
BenignTraffic,BenignTraffic
BenignTraffic,BenignTraffic
BenignTraffic,BenignTraffic
BenignTraffic,VulnerabilityScan
BenignTraffic,BenignTraffic
BenignTraffic,Recon-PortScan
BenignTraffic,CommandInjection
BenignTraffic,BenignTraffic
BenignTraffic,Recon-PingSweep
BenignTraffic,BenignTraffic
BenignTraffic,BenignTraffic
BenignTraffic,BenignTraffic
BenignTraffic,BenignTraffic
BenignTraffic,SqlInjection
BenignTraffic,BenignTraffic
BenignTraffic,SqlInjection
BenignTraffic,SqlInjection
BenignTraffic,SqlInjection
BenignTraffic,VulnerabilityScan
BenignTraffic,BenignTraffic
BenignTraffic,BenignTraffic
BenignTraffic,BenignTraffic
BenignTraffic,BenignTraffic
BenignTraffic,SqlInjection
BenignTraffic,BenignTraffic
BenignTraffic,DictionaryBruteForce
BenignTraffic,SqlInjection
BenignTraffic,XSS
BenignTraffic,BenignTraffic
BenignTraffic,Recon-OSScan
BenignTraffic,BenignTraffic
BenignTraffic,DictionaryBruteForce
BenignTraffic,DNS_Spoofing
DDoS-ACK_Fragmentation,DDoS-ACK_Fragmentation
DDoS-ACK_Fragmentation,DDoS-ACK_Fragmentation
DDoS-ACK_Fragmentation,DDoS-ACK_Fragmentation
DDoS-ACK_Fragmentation,DDoS-ACK_Fragmentation
DDoS-ACK_Fragmentation,DDoS-ACK_Fragmentation
DDoS-ACK_Fragmentation,DDoS-ACK_Fragmentation
DDoS-ACK_Fragmentation,DDoS-ACK_Fragmentation
DDoS-ACK_Fragmentation,DDoS-ACK_Fragmentation
DDoS-ACK_Fragmentation,DDoS-ACK_Fragmentation
DDoS-ACK_Fragmentation,DDoS-ACK_Fragmentation
DDoS-ACK_Fragmentation,DDoS-ACK_Fragmentation
DDoS-ACK_Fragmentation,DDoS-ACK_Fragmentation
DDoS-ACK_Fragmentation,DDoS-ACK_Fragmentation
DDoS-ACK_Fragmentation,DDoS-ACK_Fragmentation
DDoS-ACK_Fragmentation,DDoS-SlowLoris
DDoS-ACK_Fragmentation,DDoS-ACK_Fragmentation
DDoS-ACK_Fragmentation,DDoS-ACK_Fragmentation
DDoS-ACK_Fragmentation,DDoS-ACK_Fragmentation
DDoS-ACK_Fragmentation,DDoS-ACK_Fragmentation
DDoS-ACK_Fragmentation,DDoS-ACK_Fragmentation
DDoS-ACK_Fragmentation,DDoS-ACK_Fragmentation
DDoS-ACK_Fragmentation,DDoS-ACK_Fragmentation
DDoS-ACK_Fragmentation,DDoS-ACK_Fragmentation
DDoS-ACK_Fragmentation,DDoS-ACK_Fragmentation
DDoS-ACK_Fragmentation,DDoS-ACK_Fragmentation
DDoS-ACK_Fragmentation,DDoS-ACK_Fragmentation
DDoS-ACK_Fragmentation,DDoS-ACK_Fragmentation
DDoS-ACK_Fragmentation,DDoS-ACK_Fragmentation
DDoS-ACK_Fragmentation,DDoS-ACK_Fragmentation
DDoS-ACK_Fragmentation,DDoS-ACK_Fragmentation
DDoS-ACK_Fragmentation,DDoS-ACK_Fragmentation
DDoS-ACK_Fragmentation,DDoS-ACK_Fragmentation
DDoS-ACK_Fragmentation,DDoS-ACK_Fragmentation
DDoS-ACK_Fragmentation,DDoS-ACK_Fragmentation
DDoS-ACK_Fragmentation,DDoS-ACK_Fragmentation
DDoS-ACK_Fragmentation,DDoS-ACK_Fragmentation
DDoS-ACK_Fragmentation,DDoS-ACK_Fragmentation
DDoS-ACK_Fragmentation,DDoS-ACK_Fragmentation
DDoS-ACK_Fragmentation,DDoS-ACK_Fragmentation
DDoS-ACK_Fragmentation,DDoS-ACK_Fragmentation
DDoS-ACK_Fragmentation,DDoS-ACK_Fragmentation
DDoS-ACK_Fragmentation,DDoS-ACK_Fragmentation
DDoS-ACK_Fragmentation,DDoS-ACK_Fragmentation
DDoS-ACK_Fragmentation,DDoS-ACK_Fragmentation
DDoS-ACK_Fragmentation,DDoS-ACK_Fragmentation
DDoS-ACK_Fragmentation,DDoS-ACK_Fragmentation
DDoS-ACK_Fragmentation,DDoS-ACK_Fragmentation
DDoS-ACK_Fragmentation,DDoS-ACK_Fragmentation
DDoS-ACK_Fragmentation,DDoS-ACK_Fragmentation
DDoS-ACK_Fragmentation,DDoS-ACK_Fragmentation
DDoS-ACK_Fragmentation,DDoS-ACK_Fragmentation
DDoS-ACK_Fragmentation,DDoS-ACK_Fragmentation
DDoS-ACK_Fragmentation,DDoS-ACK_Fragmentation
DDoS-ACK_Fragmentation,DDoS-ACK_Fragmentation
DDoS-ACK_Fragmentation,DDoS-ACK_Fragmentation
DDoS-ACK_Fragmentation,DDoS-ACK_Fragmentation
DDoS-ACK_Fragmentation,DDoS-ACK_Fragmentation
DDoS-ACK_Fragmentation,DDoS-ACK_Fragmentation
DDoS-ACK_Fragmentation,DDoS-ACK_Fragmentation
DDoS-ACK_Fragmentation,DDoS-ACK_Fragmentation
DDoS-ACK_Fragmentation,DDoS-ACK_Fragmentation
DDoS-ACK_Fragmentation,DDoS-ACK_Fragmentation
DDoS-ACK_Fragmentation,DDoS-ACK_Fragmentation
DDoS-ACK_Fragmentation,DDoS-ACK_Fragmentation
DDoS-ACK_Fragmentation,DDoS-ACK_Fragmentation
DDoS-ACK_Fragmentation,DDoS-ACK_Fragmentation
DDoS-ACK_Fragmentation,DDoS-ACK_Fragmentation
DDoS-ACK_Fragmentation,DDoS-ACK_Fragmentation
DDoS-ACK_Fragmentation,DDoS-ACK_Fragmentation
DDoS-ACK_Fragmentation,DDoS-ACK_Fragmentation
DDoS-ACK_Fragmentation,DDoS-ACK_Fragmentation
DDoS-ACK_Fragmentation,DDoS-ACK_Fragmentation
DDoS-ACK_Fragmentation,DDoS-ACK_Fragmentation
DDoS-ACK_Fragmentation,DDoS-ACK_Fragmentation
DDoS-ACK_Fragmentation,DDoS-ACK_Fragmentation
DDoS-ACK_Fragmentation,DDoS-ACK_Fragmentation
DDoS-ACK_Fragmentation,DDoS-ACK_Fragmentation
DDoS-ACK_Fragmentation,DDoS-ACK_Fragmentation
DDoS-ACK_Fragmentation,DDoS-ACK_Fragmentation
DDoS-ACK_Fragmentation,DDoS-ACK_Fragmentation
DDoS-ACK_Fragmentation,DDoS-ACK_Fragmentation
DDoS-ACK_Fragmentation,DDoS-ACK_Fragmentation
DDoS-ACK_Fragmentation,DDoS-ACK_Fragmentation
DDoS-ACK_Fragmentation,DDoS-ACK_Fragmentation
DDoS-ACK_Fragmentation,DDoS-ACK_Fragmentation
DDoS-ACK_Fragmentation,DDoS-ACK_Fragmentation
DDoS-ACK_Fragmentation,DDoS-ACK_Fragmentation
DDoS-ACK_Fragmentation,DDoS-ACK_Fragmentation
DDoS-ACK_Fragmentation,DDoS-ACK_Fragmentation
DDoS-ACK_Fragmentation,DDoS-ACK_Fragmentation
DDoS-ACK_Fragmentation,DDoS-ACK_Fragmentation
DDoS-ACK_Fragmentation,DDoS-ACK_Fragmentation
DDoS-ACK_Fragmentation,DDoS-ACK_Fragmentation
DDoS-ACK_Fragmentation,DDoS-ACK_Fragmentation
DDoS-ACK_Fragmentation,DDoS-ACK_Fragmentation
DDoS-ACK_Fragmentation,DDoS-ACK_Fragmentation
DDoS-ACK_Fragmentation,DDoS-ACK_Fragmentation
DDoS-ACK_Fragmentation,DDoS-ACK_Fragmentation
DDoS-ACK_Fragmentation,DDoS-ACK_Fragmentation
DDoS-ACK_Fragmentation,DDoS-ACK_Fragmentation
DDoS-ACK_Fragmentation,DDoS-ACK_Fragmentation
DDoS-ACK_Fragmentation,DDoS-ACK_Fragmentation
DDoS-ACK_Fragmentation,DDoS-ACK_Fragmentation
DDoS-ACK_Fragmentation,DDoS-ACK_Fragmentation
DDoS-ACK_Fragmentation,DDoS-ACK_Fragmentation
DDoS-ACK_Fragmentation,DDoS-ACK_Fragmentation
DDoS-ACK_Fragmentation,DDoS-UDP_Fragmentation
DDoS-ACK_Fragmentation,DDoS-ACK_Fragmentation
DDoS-ACK_Fragmentation,DDoS-ACK_Fragmentation
DDoS-ACK_Fragmentation,DDoS-ACK_Fragmentation
DDoS-ACK_Fragmentation,DDoS-ACK_Fragmentation
DDoS-ACK_Fragmentation,DDoS-ACK_Fragmentation
DDoS-ACK_Fragmentation,DDoS-ACK_Fragmentation
DDoS-ACK_Fragmentation,DDoS-ACK_Fragmentation
DDoS-ACK_Fragmentation,DDoS-ACK_Fragmentation
DDoS-ACK_Fragmentation,DDoS-ACK_Fragmentation
DDoS-ACK_Fragmentation,DDoS-ACK_Fragmentation
DDoS-ACK_Fragmentation,DDoS-ACK_Fragmentation
DDoS-ACK_Fragmentation,DDoS-ACK_Fragmentation
DDoS-ACK_Fragmentation,DDoS-ACK_Fragmentation
DDoS-ACK_Fragmentation,DDoS-ACK_Fragmentation
DDoS-ACK_Fragmentation,DDoS-ACK_Fragmentation
DDoS-ACK_Fragmentation,DDoS-ACK_Fragmentation
DDoS-ACK_Fragmentation,DDoS-ACK_Fragmentation
DDoS-ACK_Fragmentation,DDoS-ACK_Fragmentation
DDoS-ACK_Fragmentation,DDoS-ACK_Fragmentation
DDoS-ACK_Fragmentation,DDoS-ACK_Fragmentation
DDoS-ACK_Fragmentation,DDoS-ACK_Fragmentation
DDoS-ACK_Fragmentation,DDoS-ACK_Fragmentation
DDoS-ACK_Fragmentation,DDoS-ACK_Fragmentation
DDoS-ACK_Fragmentation,DDoS-ACK_Fragmentation
DDoS-ACK_Fragmentation,DDoS-ACK_Fragmentation
DDoS-ACK_Fragmentation,DDoS-ACK_Fragmentation
DDoS-ACK_Fragmentation,DDoS-ACK_Fragmentation
DDoS-ACK_Fragmentation,DDoS-ACK_Fragmentation
DDoS-ACK_Fragmentation,DDoS-ACK_Fragmentation
DDoS-ACK_Fragmentation,DDoS-SlowLoris
DDoS-ACK_Fragmentation,DDoS-ACK_Fragmentation
DDoS-ACK_Fragmentation,DDoS-ACK_Fragmentation
DDoS-ACK_Fragmentation,DDoS-ACK_Fragmentation
DDoS-ACK_Fragmentation,DDoS-SlowLoris
DDoS-ACK_Fragmentation,DDoS-ACK_Fragmentation
DDoS-ACK_Fragmentation,DDoS-ACK_Fragmentation
DDoS-ACK_Fragmentation,DDoS-ACK_Fragmentation
DDoS-ACK_Fragmentation,DDoS-ACK_Fragmentation
DDoS-ACK_Fragmentation,DDoS-ACK_Fragmentation
DDoS-ACK_Fragmentation,DDoS-ACK_Fragmentation
DDoS-ACK_Fragmentation,DDoS-ACK_Fragmentation
DDoS-ACK_Fragmentation,DDoS-ACK_Fragmentation
DDoS-ACK_Fragmentation,DDoS-ACK_Fragmentation
DDoS-ACK_Fragmentation,DDoS-ACK_Fragmentation
DDoS-ACK_Fragmentation,DDoS-ACK_Fragmentation
DDoS-ACK_Fragmentation,DDoS-ACK_Fragmentation
DDoS-ACK_Fragmentation,DDoS-ACK_Fragmentation
DDoS-ACK_Fragmentation,DDoS-ACK_Fragmentation
DDoS-ACK_Fragmentation,DDoS-ACK_Fragmentation
DDoS-ACK_Fragmentation,DDoS-SlowLoris
DDoS-ACK_Fragmentation,DDoS-ACK_Fragmentation
DDoS-ACK_Fragmentation,DDoS-ACK_Fragmentation
DDoS-ACK_Fragmentation,DDoS-ACK_Fragmentation
DDoS-ACK_Fragmentation,DDoS-SlowLoris
DDoS-ACK_Fragmentation,DDoS-ACK_Fragmentation
DDoS-ACK_Fragmentation,DDoS-ACK_Fragmentation
DDoS-ACK_Fragmentation,DDoS-ACK_Fragmentation
DDoS-ACK_Fragmentation,DDoS-ACK_Fragmentation
DDoS-ACK_Fragmentation,DDoS-ACK_Fragmentation
DDoS-ACK_Fragmentation,DDoS-ACK_Fragmentation
DDoS-ACK_Fragmentation,DDoS-ACK_Fragmentation
DDoS-ACK_Fragmentation,DDoS-ACK_Fragmentation
DDoS-ACK_Fragmentation,DDoS-ACK_Fragmentation
DDoS-ACK_Fragmentation,DDoS-ACK_Fragmentation
DDoS-ACK_Fragmentation,DDoS-ACK_Fragmentation
DDoS-ACK_Fragmentation,DDoS-ACK_Fragmentation
DDoS-ACK_Fragmentation,DDoS-ACK_Fragmentation
DDoS-ACK_Fragmentation,DDoS-ACK_Fragmentation
DDoS-ACK_Fragmentation,DDoS-ACK_Fragmentation
DDoS-ACK_Fragmentation,DDoS-ACK_Fragmentation
DDoS-ACK_Fragmentation,DDoS-ACK_Fragmentation
DDoS-ACK_Fragmentation,DDoS-ACK_Fragmentation
DDoS-ACK_Fragmentation,DDoS-ACK_Fragmentation
DDoS-ACK_Fragmentation,DDoS-ACK_Fragmentation
DDoS-ACK_Fragmentation,DDoS-ACK_Fragmentation
DDoS-ACK_Fragmentation,DDoS-ACK_Fragmentation
DDoS-ACK_Fragmentation,DDoS-ACK_Fragmentation
DDoS-ACK_Fragmentation,DDoS-ACK_Fragmentation
DDoS-ACK_Fragmentation,DDoS-ACK_Fragmentation
DDoS-ACK_Fragmentation,DDoS-ACK_Fragmentation
DDoS-ACK_Fragmentation,DDoS-ACK_Fragmentation
DDoS-ACK_Fragmentation,DDoS-ACK_Fragmentation
DDoS-ACK_Fragmentation,DDoS-ACK_Fragmentation
DDoS-ACK_Fragmentation,DDoS-ACK_Fragmentation
DDoS-ACK_Fragmentation,DDoS-ACK_Fragmentation
DDoS-ACK_Fragmentation,DDoS-ACK_Fragmentation
DDoS-ACK_Fragmentation,DDoS-ACK_Fragmentation
DDoS-ACK_Fragmentation,DDoS-ACK_Fragmentation
DDoS-ACK_Fragmentation,DDoS-ACK_Fragmentation
DDoS-ACK_Fragmentation,DDoS-ACK_Fragmentation
DDoS-ACK_Fragmentation,DDoS-ACK_Fragmentation
DDoS-ACK_Fragmentation,DDoS-ACK_Fragmentation
DDoS-ACK_Fragmentation,DDoS-ACK_Fragmentation
DDoS-ACK_Fragmentation,DDoS-ACK_Fragmentation
DDoS-ACK_Fragmentation,DDoS-ACK_Fragmentation
DDoS-ACK_Fragmentation,DDoS-ACK_Fragmentation
DDoS-ACK_Fragmentation,DDoS-ACK_Fragmentation
DDoS-ACK_Fragmentation,DDoS-ACK_Fragmentation
DDoS-ACK_Fragmentation,DDoS-ACK_Fragmentation
DDoS-ACK_Fragmentation,DDoS-ACK_Fragmentation
DDoS-ACK_Fragmentation,DDoS-ACK_Fragmentation
DDoS-ACK_Fragmentation,DDoS-ACK_Fragmentation
DDoS-ACK_Fragmentation,DDoS-ACK_Fragmentation
DDoS-ACK_Fragmentation,DDoS-ACK_Fragmentation
DDoS-ACK_Fragmentation,DDoS-ACK_Fragmentation
DDoS-ACK_Fragmentation,DDoS-ACK_Fragmentation
DDoS-ACK_Fragmentation,DDoS-ACK_Fragmentation
DDoS-ACK_Fragmentation,DDoS-ACK_Fragmentation
DDoS-ACK_Fragmentation,DDoS-ACK_Fragmentation
DDoS-ACK_Fragmentation,DDoS-ACK_Fragmentation
DDoS-ACK_Fragmentation,DDoS-SlowLoris
DDoS-ACK_Fragmentation,DDoS-ACK_Fragmentation
DDoS-ACK_Fragmentation,DDoS-SlowLoris
DDoS-ACK_Fragmentation,DDoS-ACK_Fragmentation
DDoS-ACK_Fragmentation,DDoS-ACK_Fragmentation
DDoS-ACK_Fragmentation,DDoS-ACK_Fragmentation
DDoS-ACK_Fragmentation,DDoS-ACK_Fragmentation
DDoS-ACK_Fragmentation,DDoS-ACK_Fragmentation
DDoS-ACK_Fragmentation,DDoS-ACK_Fragmentation
DDoS-ACK_Fragmentation,DDoS-ACK_Fragmentation
DDoS-ACK_Fragmentation,DDoS-ACK_Fragmentation
DDoS-ACK_Fragmentation,DDoS-ACK_Fragmentation
DDoS-ACK_Fragmentation,DDoS-ACK_Fragmentation
DDoS-ACK_Fragmentation,DDoS-ACK_Fragmentation
DDoS-ACK_Fragmentation,DDoS-ACK_Fragmentation
DDoS-ACK_Fragmentation,DDoS-ACK_Fragmentation
DDoS-ACK_Fragmentation,DDoS-ACK_Fragmentation
DDoS-ACK_Fragmentation,DDoS-ACK_Fragmentation
DDoS-ACK_Fragmentation,DDoS-ACK_Fragmentation
DDoS-ACK_Fragmentation,DDoS-ACK_Fragmentation
DDoS-ACK_Fragmentation,DDoS-ACK_Fragmentation
DDoS-ACK_Fragmentation,DDoS-ACK_Fragmentation
DDoS-ACK_Fragmentation,DDoS-ACK_Fragmentation
DDoS-ACK_Fragmentation,DDoS-ACK_Fragmentation
DDoS-ACK_Fragmentation,DDoS-ACK_Fragmentation
DDoS-ACK_Fragmentation,DDoS-ACK_Fragmentation
DDoS-ACK_Fragmentation,DDoS-ACK_Fragmentation
DDoS-ACK_Fragmentation,DDoS-ACK_Fragmentation
DDoS-ACK_Fragmentation,DDoS-ACK_Fragmentation
DDoS-ACK_Fragmentation,DDoS-ACK_Fragmentation
DDoS-ACK_Fragmentation,DDoS-ACK_Fragmentation
DDoS-ACK_Fragmentation,DDoS-ACK_Fragmentation
DDoS-ACK_Fragmentation,DDoS-ACK_Fragmentation
DDoS-ACK_Fragmentation,DDoS-ACK_Fragmentation
DDoS-ACK_Fragmentation,DDoS-ACK_Fragmentation
DDoS-ACK_Fragmentation,DDoS-ACK_Fragmentation
DDoS-ACK_Fragmentation,DDoS-ACK_Fragmentation
DDoS-ACK_Fragmentation,DDoS-ACK_Fragmentation
DDoS-ACK_Fragmentation,DDoS-ACK_Fragmentation
DDoS-ACK_Fragmentation,DDoS-ACK_Fragmentation
DDoS-ACK_Fragmentation,DDoS-ACK_Fragmentation
DDoS-ACK_Fragmentation,DDoS-ACK_Fragmentation
DDoS-ACK_Fragmentation,DDoS-ACK_Fragmentation
DDoS-ACK_Fragmentation,DDoS-SlowLoris
DDoS-ACK_Fragmentation,DDoS-ACK_Fragmentation
DDoS-ACK_Fragmentation,DDoS-ACK_Fragmentation
DDoS-ACK_Fragmentation,DDoS-ACK_Fragmentation
DDoS-ACK_Fragmentation,DDoS-ACK_Fragmentation
DDoS-ACK_Fragmentation,DDoS-ACK_Fragmentation
DDoS-ACK_Fragmentation,DDoS-ACK_Fragmentation
DDoS-ACK_Fragmentation,DDoS-ACK_Fragmentation
DDoS-ACK_Fragmentation,DDoS-ACK_Fragmentation
DDoS-ACK_Fragmentation,DDoS-ACK_Fragmentation
DDoS-ACK_Fragmentation,DDoS-ACK_Fragmentation
DDoS-ACK_Fragmentation,DDoS-ACK_Fragmentation
DDoS-ACK_Fragmentation,DDoS-ACK_Fragmentation
DDoS-ACK_Fragmentation,DDoS-ACK_Fragmentation
DDoS-ACK_Fragmentation,DDoS-ACK_Fragmentation
DDoS-ACK_Fragmentation,DDoS-ACK_Fragmentation
DDoS-ACK_Fragmentation,DDoS-ACK_Fragmentation
DDoS-ACK_Fragmentation,DDoS-ACK_Fragmentation
DDoS-ACK_Fragmentation,DDoS-ACK_Fragmentation
DDoS-ACK_Fragmentation,DDoS-ACK_Fragmentation
DDoS-ACK_Fragmentation,DDoS-ACK_Fragmentation
DDoS-ACK_Fragmentation,DDoS-ACK_Fragmentation
DDoS-ACK_Fragmentation,DDoS-ACK_Fragmentation
DDoS-ACK_Fragmentation,DDoS-ACK_Fragmentation
DDoS-ACK_Fragmentation,DDoS-ACK_Fragmentation
DDoS-ACK_Fragmentation,DDoS-ACK_Fragmentation
DDoS-ACK_Fragmentation,DDoS-ACK_Fragmentation
DDoS-ACK_Fragmentation,DDoS-ACK_Fragmentation
DDoS-ACK_Fragmentation,DDoS-ACK_Fragmentation
DDoS-ACK_Fragmentation,DDoS-ACK_Fragmentation
DDoS-ACK_Fragmentation,DDoS-ACK_Fragmentation
DDoS-ACK_Fragmentation,DDoS-ACK_Fragmentation
DDoS-ACK_Fragmentation,DDoS-ACK_Fragmentation
DDoS-ACK_Fragmentation,DDoS-ACK_Fragmentation
DDoS-ACK_Fragmentation,DDoS-ACK_Fragmentation
DDoS-ACK_Fragmentation,DDoS-ACK_Fragmentation
DDoS-ACK_Fragmentation,DDoS-ACK_Fragmentation
DDoS-ACK_Fragmentation,DDoS-ACK_Fragmentation
DDoS-ACK_Fragmentation,DDoS-ACK_Fragmentation
DDoS-ACK_Fragmentation,DDoS-ACK_Fragmentation
DDoS-ACK_Fragmentation,DDoS-ACK_Fragmentation
DDoS-ACK_Fragmentation,DDoS-ACK_Fragmentation
DDoS-ACK_Fragmentation,DDoS-ACK_Fragmentation
DDoS-ACK_Fragmentation,DDoS-ACK_Fragmentation
DDoS-ACK_Fragmentation,DDoS-ACK_Fragmentation
DDoS-ACK_Fragmentation,DDoS-ACK_Fragmentation
DDoS-ACK_Fragmentation,DDoS-ACK_Fragmentation
DDoS-ACK_Fragmentation,DDoS-ACK_Fragmentation
DDoS-ACK_Fragmentation,DDoS-ACK_Fragmentation
DDoS-ACK_Fragmentation,DDoS-ACK_Fragmentation
DDoS-ACK_Fragmentation,DDoS-ACK_Fragmentation
DDoS-ACK_Fragmentation,DDoS-ACK_Fragmentation
DDoS-ACK_Fragmentation,DDoS-ACK_Fragmentation
DDoS-ACK_Fragmentation,DDoS-ACK_Fragmentation
DDoS-ACK_Fragmentation,DDoS-ACK_Fragmentation
DDoS-ACK_Fragmentation,DDoS-ACK_Fragmentation
DDoS-ACK_Fragmentation,DDoS-ACK_Fragmentation
DDoS-ACK_Fragmentation,DDoS-ACK_Fragmentation
DDoS-ACK_Fragmentation,DDoS-ACK_Fragmentation
DDoS-ACK_Fragmentation,DDoS-ACK_Fragmentation
DDoS-ACK_Fragmentation,DDoS-ACK_Fragmentation
DDoS-ACK_Fragmentation,DDoS-ACK_Fragmentation
DDoS-ACK_Fragmentation,DDoS-ACK_Fragmentation
DDoS-ACK_Fragmentation,DDoS-ACK_Fragmentation
DDoS-ACK_Fragmentation,DDoS-ACK_Fragmentation
DDoS-ACK_Fragmentation,DDoS-ACK_Fragmentation
DDoS-ACK_Fragmentation,DDoS-ACK_Fragmentation
DDoS-ACK_Fragmentation,DDoS-ACK_Fragmentation
DDoS-ACK_Fragmentation,DDoS-ACK_Fragmentation
DDoS-ACK_Fragmentation,DDoS-ACK_Fragmentation
DDoS-ACK_Fragmentation,DDoS-ACK_Fragmentation
DDoS-ACK_Fragmentation,DDoS-ACK_Fragmentation
DDoS-ACK_Fragmentation,DDoS-ACK_Fragmentation
DDoS-ACK_Fragmentation,DDoS-ACK_Fragmentation
DDoS-ACK_Fragmentation,DDoS-ACK_Fragmentation
DDoS-ACK_Fragmentation,DDoS-ACK_Fragmentation
DDoS-ACK_Fragmentation,DDoS-ACK_Fragmentation
DDoS-ACK_Fragmentation,DDoS-ACK_Fragmentation
DDoS-ACK_Fragmentation,DDoS-ACK_Fragmentation
DDoS-ACK_Fragmentation,DDoS-ACK_Fragmentation
DDoS-ACK_Fragmentation,DDoS-ACK_Fragmentation
DDoS-ACK_Fragmentation,DDoS-ACK_Fragmentation
DDoS-ACK_Fragmentation,DDoS-ACK_Fragmentation
DDoS-ACK_Fragmentation,DDoS-ACK_Fragmentation
DDoS-ACK_Fragmentation,DDoS-ACK_Fragmentation
DDoS-ACK_Fragmentation,DDoS-ACK_Fragmentation
DDoS-ACK_Fragmentation,DDoS-ACK_Fragmentation
DDoS-ACK_Fragmentation,DDoS-ACK_Fragmentation
DDoS-ACK_Fragmentation,DDoS-ACK_Fragmentation
DDoS-ACK_Fragmentation,DDoS-ACK_Fragmentation
DDoS-ACK_Fragmentation,DDoS-ACK_Fragmentation
DDoS-ACK_Fragmentation,DDoS-ACK_Fragmentation
DDoS-ACK_Fragmentation,DDoS-ACK_Fragmentation
DDoS-ACK_Fragmentation,DDoS-ACK_Fragmentation
DDoS-ACK_Fragmentation,DDoS-ACK_Fragmentation
DDoS-ACK_Fragmentation,DoS-UDP_Flood
DDoS-ACK_Fragmentation,DDoS-ACK_Fragmentation
DDoS-ACK_Fragmentation,DDoS-ACK_Fragmentation
DDoS-ACK_Fragmentation,DDoS-ACK_Fragmentation
DDoS-ACK_Fragmentation,DDoS-ACK_Fragmentation
DDoS-ACK_Fragmentation,DDoS-ACK_Fragmentation
DDoS-ACK_Fragmentation,DDoS-ACK_Fragmentation
DDoS-ACK_Fragmentation,DDoS-ACK_Fragmentation
DDoS-ACK_Fragmentation,DDoS-ACK_Fragmentation
DDoS-ACK_Fragmentation,DDoS-ACK_Fragmentation
DDoS-ACK_Fragmentation,DDoS-ACK_Fragmentation
DDoS-ACK_Fragmentation,DDoS-ACK_Fragmentation
DDoS-ACK_Fragmentation,DDoS-ACK_Fragmentation
DDoS-ACK_Fragmentation,DDoS-ACK_Fragmentation
DDoS-ACK_Fragmentation,DDoS-ACK_Fragmentation
DDoS-ACK_Fragmentation,DDoS-ACK_Fragmentation
DDoS-ACK_Fragmentation,DDoS-ACK_Fragmentation
DDoS-ACK_Fragmentation,DDoS-ACK_Fragmentation
DDoS-ACK_Fragmentation,DDoS-ACK_Fragmentation
DDoS-ACK_Fragmentation,DDoS-ACK_Fragmentation
DDoS-ACK_Fragmentation,DDoS-ACK_Fragmentation
DDoS-ACK_Fragmentation,DDoS-ACK_Fragmentation
DDoS-ACK_Fragmentation,DDoS-ACK_Fragmentation
DDoS-ACK_Fragmentation,DDoS-ACK_Fragmentation
DDoS-ACK_Fragmentation,DDoS-ACK_Fragmentation
DDoS-ACK_Fragmentation,DDoS-ACK_Fragmentation
DDoS-ACK_Fragmentation,DDoS-ACK_Fragmentation
DDoS-ACK_Fragmentation,DDoS-ACK_Fragmentation
DDoS-ACK_Fragmentation,DDoS-ACK_Fragmentation
DDoS-ACK_Fragmentation,DDoS-ACK_Fragmentation
DDoS-ACK_Fragmentation,DDoS-ACK_Fragmentation
DDoS-ACK_Fragmentation,DDoS-ACK_Fragmentation
DDoS-ACK_Fragmentation,DDoS-ACK_Fragmentation
DDoS-ACK_Fragmentation,DDoS-ACK_Fragmentation
DDoS-ACK_Fragmentation,DDoS-ACK_Fragmentation
DDoS-ACK_Fragmentation,DDoS-ACK_Fragmentation
DDoS-ACK_Fragmentation,DDoS-ACK_Fragmentation
DDoS-ACK_Fragmentation,DDoS-ACK_Fragmentation
DDoS-ACK_Fragmentation,DDoS-SlowLoris
DDoS-ACK_Fragmentation,DDoS-ACK_Fragmentation
DDoS-ACK_Fragmentation,DDoS-ACK_Fragmentation
DDoS-ACK_Fragmentation,DDoS-ACK_Fragmentation
DDoS-ACK_Fragmentation,DDoS-ACK_Fragmentation
DDoS-ACK_Fragmentation,DDoS-ACK_Fragmentation
DDoS-ACK_Fragmentation,DDoS-ACK_Fragmentation
DNS_Spoofing,DNS_Spoofing
DNS_Spoofing,DNS_Spoofing
DNS_Spoofing,DNS_Spoofing
DNS_Spoofing,DNS_Spoofing
DNS_Spoofing,DNS_Spoofing
DNS_Spoofing,DNS_Spoofing
DNS_Spoofing,Recon-OSScan
DNS_Spoofing,DNS_Spoofing
DNS_Spoofing,DNS_Spoofing
DNS_Spoofing,XSS
DNS_Spoofing,MITM-ArpSpoofing
DNS_Spoofing,DNS_Spoofing
DNS_Spoofing,MITM-ArpSpoofing
DNS_Spoofing,DNS_Spoofing
DNS_Spoofing,MITM-ArpSpoofing
DNS_Spoofing,DNS_Spoofing
DNS_Spoofing,DNS_Spoofing
DNS_Spoofing,DNS_Spoofing
DNS_Spoofing,DNS_Spoofing
DNS_Spoofing,DNS_Spoofing
DNS_Spoofing,DNS_Spoofing
DNS_Spoofing,DNS_Spoofing
DNS_Spoofing,DNS_Spoofing
DNS_Spoofing,DNS_Spoofing
DNS_Spoofing,DNS_Spoofing
DNS_Spoofing,MITM-ArpSpoofing
DNS_Spoofing,DNS_Spoofing
DNS_Spoofing,DNS_Spoofing
DNS_Spoofing,DNS_Spoofing
DNS_Spoofing,Recon-OSScan
DNS_Spoofing,DNS_Spoofing
DNS_Spoofing,DNS_Spoofing
DNS_Spoofing,DNS_Spoofing
DNS_Spoofing,DNS_Spoofing
DNS_Spoofing,Recon-PingSweep
DNS_Spoofing,XSS
DNS_Spoofing,MITM-ArpSpoofing
DNS_Spoofing,MITM-ArpSpoofing
DNS_Spoofing,MITM-ArpSpoofing
DNS_Spoofing,MITM-ArpSpoofing
DNS_Spoofing,DNS_Spoofing
DNS_Spoofing,DNS_Spoofing
DNS_Spoofing,DNS_Spoofing
DNS_Spoofing,DNS_Spoofing
DNS_Spoofing,DNS_Spoofing
DNS_Spoofing,DNS_Spoofing
DNS_Spoofing,DNS_Spoofing
DNS_Spoofing,Recon-PingSweep
DNS_Spoofing,DNS_Spoofing
DNS_Spoofing,MITM-ArpSpoofing
DNS_Spoofing,MITM-ArpSpoofing
DNS_Spoofing,BrowserHijacking
DNS_Spoofing,DNS_Spoofing
DNS_Spoofing,DNS_Spoofing
DNS_Spoofing,DNS_Spoofing
DNS_Spoofing,DNS_Spoofing
DNS_Spoofing,DNS_Spoofing
DNS_Spoofing,DNS_Spoofing
DNS_Spoofing,DNS_Spoofing
DNS_Spoofing,MITM-ArpSpoofing
DNS_Spoofing,DNS_Spoofing
DNS_Spoofing,DNS_Spoofing
DNS_Spoofing,MITM-ArpSpoofing
DNS_Spoofing,MITM-ArpSpoofing
DNS_Spoofing,DNS_Spoofing
DNS_Spoofing,DNS_Spoofing
DNS_Spoofing,DNS_Spoofing
DNS_Spoofing,DNS_Spoofing
DNS_Spoofing,DNS_Spoofing
DNS_Spoofing,DNS_Spoofing
DNS_Spoofing,DNS_Spoofing
DNS_Spoofing,MITM-ArpSpoofing
DNS_Spoofing,DNS_Spoofing
DNS_Spoofing,DNS_Spoofing
DNS_Spoofing,CommandInjection
DNS_Spoofing,DNS_Spoofing
DNS_Spoofing,DNS_Spoofing
DNS_Spoofing,DNS_Spoofing
DNS_Spoofing,DNS_Spoofing
DNS_Spoofing,DictionaryBruteForce
DNS_Spoofing,XSS
DNS_Spoofing,DNS_Spoofing
DNS_Spoofing,DNS_Spoofing
DNS_Spoofing,DNS_Spoofing
DNS_Spoofing,DNS_Spoofing
DNS_Spoofing,DNS_Spoofing
DNS_Spoofing,DNS_Spoofing
DNS_Spoofing,DNS_Spoofing
DNS_Spoofing,DNS_Spoofing
DNS_Spoofing,MITM-ArpSpoofing
DNS_Spoofing,MITM-ArpSpoofing
DNS_Spoofing,DNS_Spoofing
DNS_Spoofing,DNS_Spoofing
DNS_Spoofing,DNS_Spoofing
DNS_Spoofing,MITM-ArpSpoofing
DNS_Spoofing,DNS_Spoofing
DDoS-SlowLoris,DDoS-SlowLoris
DDoS-SlowLoris,DDoS-SlowLoris
DDoS-SlowLoris,DDoS-SlowLoris
DDoS-SlowLoris,DDoS-SlowLoris
DDoS-SlowLoris,DDoS-SlowLoris
DDoS-SlowLoris,DDoS-SlowLoris
DDoS-SlowLoris,DDoS-SlowLoris
DDoS-SlowLoris,DDoS-SlowLoris
DDoS-SlowLoris,DDoS-SlowLoris
DDoS-SlowLoris,DDoS-SlowLoris
DDoS-SlowLoris,DDoS-SlowLoris
DDoS-SlowLoris,DDoS-SlowLoris
DDoS-SlowLoris,DDoS-SlowLoris
DDoS-SlowLoris,DDoS-SlowLoris
DDoS-SlowLoris,DDoS-SlowLoris
DDoS-SlowLoris,DDoS-SlowLoris
DDoS-SlowLoris,DDoS-SlowLoris
DDoS-SlowLoris,DDoS-SlowLoris
DDoS-SlowLoris,DDoS-SlowLoris
DDoS-SlowLoris,DDoS-SlowLoris
DDoS-SlowLoris,DDoS-SlowLoris
DDoS-SlowLoris,DDoS-SlowLoris
DDoS-SlowLoris,DDoS-SlowLoris
DDoS-SlowLoris,DDoS-SlowLoris
DDoS-SlowLoris,DDoS-SlowLoris
DDoS-SlowLoris,DDoS-SlowLoris
DDoS-SlowLoris,DDoS-SlowLoris
DDoS-SlowLoris,DDoS-SlowLoris
DDoS-SlowLoris,DDoS-SlowLoris
DDoS-SlowLoris,DDoS-SlowLoris
DDoS-SlowLoris,DDoS-SlowLoris
DDoS-SlowLoris,DDoS-SlowLoris
DDoS-SlowLoris,DDoS-SlowLoris
DDoS-SlowLoris,DoS-TCP_Flood
DDoS-SlowLoris,DDoS-SlowLoris
DDoS-SlowLoris,DDoS-SlowLoris
DDoS-SlowLoris,DDoS-SlowLoris
DDoS-SlowLoris,DDoS-SlowLoris
DDoS-SlowLoris,DDoS-SlowLoris
DDoS-SlowLoris,DDoS-SlowLoris
DDoS-SlowLoris,DDoS-SlowLoris
DDoS-SlowLoris,DDoS-SlowLoris
DDoS-SlowLoris,DDoS-SlowLoris
DDoS-SlowLoris,DDoS-SlowLoris
DDoS-SlowLoris,DDoS-SlowLoris
DDoS-SlowLoris,DDoS-SlowLoris
DDoS-SlowLoris,DDoS-SlowLoris
DDoS-SlowLoris,DDoS-SlowLoris
DDoS-SlowLoris,DDoS-SlowLoris
DDoS-SlowLoris,DDoS-SlowLoris
DDoS-SlowLoris,DDoS-SlowLoris
DDoS-SlowLoris,DDoS-SlowLoris
DDoS-SlowLoris,DDoS-SlowLoris
DDoS-SlowLoris,DDoS-SlowLoris
DDoS-SlowLoris,DDoS-SlowLoris
DDoS-SlowLoris,DDoS-SlowLoris
DDoS-SlowLoris,DDoS-SlowLoris
DDoS-SlowLoris,DDoS-SlowLoris
DDoS-SlowLoris,DDoS-SlowLoris
DDoS-SlowLoris,DDoS-SlowLoris
DDoS-SlowLoris,DDoS-SlowLoris
DDoS-SlowLoris,DDoS-SlowLoris
DDoS-SlowLoris,DDoS-SlowLoris
DDoS-SlowLoris,DDoS-SlowLoris
DDoS-SlowLoris,DDoS-SlowLoris
DDoS-SlowLoris,DDoS-SlowLoris
DDoS-SlowLoris,DDoS-SlowLoris
DDoS-SlowLoris,DDoS-SlowLoris
DDoS-SlowLoris,DDoS-SlowLoris
DDoS-SlowLoris,DDoS-SlowLoris
DDoS-SlowLoris,DDoS-SlowLoris
DDoS-SlowLoris,DDoS-SlowLoris
DDoS-SlowLoris,DDoS-SlowLoris
DDoS-SlowLoris,DDoS-SlowLoris
DDoS-SlowLoris,DDoS-SlowLoris
DDoS-SlowLoris,DDoS-SlowLoris
DDoS-SlowLoris,DDoS-SlowLoris
DDoS-SlowLoris,DDoS-SlowLoris
DDoS-SlowLoris,DDoS-SlowLoris
DDoS-SlowLoris,DDoS-SlowLoris
DDoS-SlowLoris,DDoS-SlowLoris
DDoS-SlowLoris,DDoS-HTTP_Flood
DDoS-SlowLoris,DDoS-SlowLoris
DDoS-SlowLoris,DDoS-SlowLoris
DDoS-SlowLoris,DDoS-SlowLoris
DDoS-SlowLoris,DDoS-SlowLoris
DDoS-SlowLoris,DDoS-SlowLoris
DDoS-SlowLoris,DDoS-SlowLoris
DDoS-SlowLoris,DDoS-SlowLoris
DDoS-SlowLoris,DDoS-SlowLoris
DDoS-SlowLoris,DDoS-SlowLoris
DDoS-SlowLoris,DDoS-SlowLoris
DDoS-SlowLoris,DDoS-SlowLoris
DDoS-SlowLoris,DDoS-SlowLoris
DDoS-SlowLoris,DDoS-SlowLoris
DDoS-SlowLoris,DDoS-ACK_Fragmentation
DDoS-SlowLoris,DDoS-SlowLoris
DDoS-SlowLoris,DDoS-SlowLoris
DDoS-SlowLoris,DDoS-SlowLoris
DDoS-SlowLoris,DDoS-SlowLoris
DDoS-SlowLoris,DDoS-SlowLoris
DDoS-SlowLoris,DDoS-SlowLoris
DDoS-SlowLoris,DDoS-SlowLoris
DDoS-SlowLoris,DDoS-SlowLoris
DDoS-SlowLoris,DDoS-SlowLoris
DDoS-SlowLoris,DDoS-SlowLoris
DDoS-SlowLoris,DDoS-SlowLoris
DDoS-SlowLoris,DDoS-SlowLoris
DDoS-SlowLoris,DDoS-SlowLoris
DDoS-SlowLoris,DDoS-SlowLoris
DDoS-SlowLoris,DDoS-SlowLoris
DDoS-SlowLoris,DDoS-SlowLoris
DDoS-SlowLoris,DDoS-SlowLoris
DDoS-SlowLoris,DDoS-SlowLoris
DDoS-SlowLoris,DDoS-SlowLoris
DDoS-SlowLoris,DDoS-SlowLoris
DDoS-SlowLoris,DDoS-SlowLoris
DDoS-SlowLoris,DDoS-SlowLoris
DDoS-SlowLoris,DDoS-SlowLoris
DDoS-SlowLoris,DDoS-SlowLoris
DDoS-SlowLoris,DDoS-SlowLoris
DDoS-SlowLoris,DDoS-SlowLoris
DDoS-SlowLoris,DDoS-SlowLoris
DDoS-SlowLoris,DDoS-SlowLoris
DDoS-SlowLoris,DDoS-SlowLoris
DDoS-SlowLoris,DDoS-HTTP_Flood
DDoS-SlowLoris,DDoS-SlowLoris
DDoS-SlowLoris,DDoS-SlowLoris
DDoS-SlowLoris,DDoS-SlowLoris
DDoS-SlowLoris,DDoS-SlowLoris
DDoS-SlowLoris,DDoS-SlowLoris
DDoS-SlowLoris,DDoS-SlowLoris
DDoS-SlowLoris,DDoS-SlowLoris
DDoS-SlowLoris,DDoS-SlowLoris
DDoS-SlowLoris,DDoS-SlowLoris
DDoS-SlowLoris,DDoS-SlowLoris
DDoS-SlowLoris,DDoS-SlowLoris
DDoS-SlowLoris,DDoS-SlowLoris
DDoS-SlowLoris,DDoS-SlowLoris
DDoS-SlowLoris,DDoS-SlowLoris
DDoS-SlowLoris,DDoS-SlowLoris
DDoS-SlowLoris,DDoS-SlowLoris
DDoS-SlowLoris,DDoS-SlowLoris
DDoS-SlowLoris,DDoS-SlowLoris
DDoS-SlowLoris,DDoS-SlowLoris
DDoS-SlowLoris,DDoS-SlowLoris
DDoS-SlowLoris,DDoS-SlowLoris
DDoS-SlowLoris,DDoS-SlowLoris
DDoS-SlowLoris,DDoS-SlowLoris
DDoS-SlowLoris,DDoS-SlowLoris
DDoS-SlowLoris,DDoS-SlowLoris
DDoS-SlowLoris,DDoS-SlowLoris
DDoS-SlowLoris,DDoS-SlowLoris
DDoS-SlowLoris,DDoS-SlowLoris
DDoS-SlowLoris,DDoS-SlowLoris
DDoS-SlowLoris,DDoS-SlowLoris
DDoS-SlowLoris,DDoS-SlowLoris
DDoS-SlowLoris,DDoS-SlowLoris
DDoS-SlowLoris,DDoS-SlowLoris
DDoS-SlowLoris,DDoS-SlowLoris
DDoS-SlowLoris,DDoS-SlowLoris
DDoS-SlowLoris,DDoS-SlowLoris
DDoS-SlowLoris,DDoS-SlowLoris
DDoS-SlowLoris,DDoS-SlowLoris
DDoS-SlowLoris,DDoS-SlowLoris
DDoS-SlowLoris,DDoS-SlowLoris
DDoS-SlowLoris,DDoS-SlowLoris
DDoS-SlowLoris,DDoS-SlowLoris
DDoS-SlowLoris,DDoS-SlowLoris
DDoS-SlowLoris,DDoS-SlowLoris
DDoS-SlowLoris,DDoS-SlowLoris
DDoS-SlowLoris,DDoS-SlowLoris
DDoS-SlowLoris,DDoS-SlowLoris
DDoS-SlowLoris,DDoS-SlowLoris
DDoS-SlowLoris,DDoS-SlowLoris
DDoS-SlowLoris,DDoS-SlowLoris
DDoS-SlowLoris,DDoS-SlowLoris
DDoS-SlowLoris,DDoS-SlowLoris
DDoS-SlowLoris,DDoS-SlowLoris
DDoS-SlowLoris,DDoS-SlowLoris
DDoS-SlowLoris,DDoS-SlowLoris
DDoS-SlowLoris,DDoS-SlowLoris
DDoS-SlowLoris,DDoS-SlowLoris
DDoS-SlowLoris,DDoS-SlowLoris
DDoS-SlowLoris,DDoS-SlowLoris
DDoS-SlowLoris,DDoS-SlowLoris
DDoS-SlowLoris,DDoS-SlowLoris
DDoS-SlowLoris,DDoS-SlowLoris
DDoS-SlowLoris,DDoS-SlowLoris
DDoS-SlowLoris,DDoS-SlowLoris
DDoS-SlowLoris,DDoS-SlowLoris
DDoS-SlowLoris,DDoS-SlowLoris
DDoS-SlowLoris,DoS-HTTP_Flood
DDoS-SlowLoris,DDoS-SlowLoris
DDoS-SlowLoris,DDoS-SlowLoris
DDoS-SlowLoris,DDoS-SlowLoris
DDoS-SlowLoris,DDoS-SlowLoris
DDoS-SlowLoris,DDoS-SlowLoris
DDoS-SlowLoris,DDoS-SlowLoris
DDoS-SlowLoris,DDoS-SlowLoris
DDoS-SlowLoris,DDoS-SlowLoris
DDoS-SlowLoris,DDoS-SlowLoris
DDoS-SlowLoris,DDoS-SlowLoris
DDoS-SlowLoris,DDoS-SlowLoris
DDoS-SlowLoris,DDoS-SlowLoris
DDoS-SlowLoris,DDoS-SlowLoris
DDoS-SlowLoris,DDoS-SlowLoris
DDoS-SlowLoris,DDoS-SlowLoris
DDoS-SlowLoris,DDoS-SlowLoris
DDoS-SlowLoris,DDoS-SlowLoris
DDoS-SlowLoris,DDoS-SlowLoris
DDoS-SlowLoris,DDoS-SlowLoris
DDoS-SlowLoris,DDoS-SlowLoris
DDoS-SlowLoris,DDoS-SlowLoris
DDoS-SlowLoris,DDoS-SlowLoris
DDoS-SlowLoris,DDoS-SlowLoris
DDoS-SlowLoris,DDoS-SlowLoris
DDoS-SlowLoris,DDoS-SlowLoris
DDoS-SlowLoris,DDoS-SlowLoris
DDoS-SlowLoris,DDoS-SlowLoris
DDoS-SlowLoris,DDoS-SlowLoris
DDoS-SlowLoris,DDoS-SlowLoris
DDoS-SlowLoris,DDoS-SlowLoris
DDoS-SlowLoris,DDoS-SlowLoris
DDoS-SlowLoris,DDoS-SlowLoris
DDoS-SlowLoris,DDoS-SlowLoris
DDoS-SlowLoris,DDoS-SlowLoris
DDoS-SlowLoris,DDoS-SlowLoris
DDoS-SlowLoris,DDoS-SlowLoris
DDoS-SlowLoris,DDoS-SlowLoris
DDoS-SlowLoris,DDoS-SlowLoris
DDoS-SlowLoris,DDoS-SlowLoris
DDoS-SlowLoris,DDoS-SlowLoris
DDoS-SlowLoris,DDoS-SlowLoris
DDoS-SlowLoris,DDoS-SlowLoris
DDoS-SlowLoris,DDoS-SlowLoris
DDoS-SlowLoris,DDoS-SlowLoris
DDoS-SlowLoris,DDoS-SlowLoris
DDoS-SlowLoris,DDoS-SlowLoris
DDoS-SlowLoris,DDoS-SlowLoris
DDoS-SlowLoris,DDoS-SlowLoris
DDoS-SlowLoris,Mirai-udpplain
DDoS-SlowLoris,DDoS-SlowLoris
DDoS-SlowLoris,DDoS-SlowLoris
DDoS-SlowLoris,DDoS-SlowLoris
DDoS-SlowLoris,DDoS-SlowLoris
DDoS-SlowLoris,DDoS-SlowLoris
DDoS-SlowLoris,DDoS-SlowLoris
DDoS-SlowLoris,DDoS-SlowLoris
DDoS-SlowLoris,DDoS-SlowLoris
DDoS-SlowLoris,DDoS-SlowLoris
DDoS-SlowLoris,DDoS-SlowLoris
DDoS-SlowLoris,DDoS-SlowLoris
DDoS-SlowLoris,DDoS-SlowLoris
DDoS-SlowLoris,DDoS-SlowLoris
DDoS-SlowLoris,DDoS-SlowLoris
DDoS-SlowLoris,DDoS-SlowLoris
DDoS-SlowLoris,DDoS-SlowLoris
DDoS-SlowLoris,DDoS-SlowLoris
DDoS-SlowLoris,DDoS-SlowLoris
DDoS-SlowLoris,DDoS-SlowLoris
DDoS-SlowLoris,DDoS-SlowLoris
DDoS-SlowLoris,DDoS-SlowLoris
DDoS-SlowLoris,DDoS-SlowLoris
DDoS-SlowLoris,DDoS-SlowLoris
DDoS-SlowLoris,DDoS-SlowLoris
DDoS-SlowLoris,DDoS-SlowLoris
DDoS-SlowLoris,DDoS-SlowLoris
DDoS-SlowLoris,DDoS-SlowLoris
DDoS-SlowLoris,DDoS-SlowLoris
DDoS-SlowLoris,DDoS-SlowLoris
DDoS-SlowLoris,DDoS-SlowLoris
DDoS-SlowLoris,DDoS-SlowLoris
DDoS-SlowLoris,DDoS-SlowLoris
DDoS-SlowLoris,DoS-HTTP_Flood
DDoS-SlowLoris,DDoS-SlowLoris
DDoS-SlowLoris,DDoS-SlowLoris
DDoS-SlowLoris,DDoS-SlowLoris
DDoS-SlowLoris,DDoS-SlowLoris
DDoS-SlowLoris,DDoS-SlowLoris
DDoS-SlowLoris,DDoS-SlowLoris
DDoS-SlowLoris,DDoS-SlowLoris
DDoS-SlowLoris,DDoS-SlowLoris
DDoS-SlowLoris,DDoS-SlowLoris
DDoS-SlowLoris,DDoS-SlowLoris
DDoS-SlowLoris,DDoS-SlowLoris
DDoS-SlowLoris,DDoS-SlowLoris
DDoS-SlowLoris,DDoS-SlowLoris
DDoS-SlowLoris,DDoS-SlowLoris
DDoS-SlowLoris,DDoS-SlowLoris
DDoS-SlowLoris,DDoS-SlowLoris
DDoS-SlowLoris,DDoS-SlowLoris
DDoS-SlowLoris,DDoS-SlowLoris
DDoS-SlowLoris,DDoS-SlowLoris
DDoS-SlowLoris,DDoS-SlowLoris
DDoS-SlowLoris,DDoS-SlowLoris
DDoS-SlowLoris,DDoS-SlowLoris
DDoS-SlowLoris,DDoS-SlowLoris
DDoS-SlowLoris,DDoS-SlowLoris
DDoS-SlowLoris,DDoS-SlowLoris
DDoS-SlowLoris,DDoS-SlowLoris
DDoS-SlowLoris,DDoS-SlowLoris
DDoS-SlowLoris,DDoS-SlowLoris
DDoS-SlowLoris,DDoS-SlowLoris
DDoS-SlowLoris,DDoS-SlowLoris
DDoS-SlowLoris,DDoS-SlowLoris
DDoS-SlowLoris,DDoS-SlowLoris
DDoS-SlowLoris,DDoS-SlowLoris
DDoS-SlowLoris,DDoS-SlowLoris
DDoS-SlowLoris,DDoS-SlowLoris
DDoS-SlowLoris,DDoS-SlowLoris
DDoS-SlowLoris,DDoS-SlowLoris
DDoS-SlowLoris,DDoS-SlowLoris
DDoS-SlowLoris,DDoS-SlowLoris
DDoS-SlowLoris,DDoS-SlowLoris
DDoS-SlowLoris,DDoS-SlowLoris
DDoS-SlowLoris,DDoS-SlowLoris
DDoS-SlowLoris,DDoS-SlowLoris
DDoS-SlowLoris,DDoS-SlowLoris
DDoS-SlowLoris,DDoS-SlowLoris
DDoS-SlowLoris,DDoS-SlowLoris
DDoS-SlowLoris,DDoS-SlowLoris
DDoS-SlowLoris,DDoS-SlowLoris
DDoS-SlowLoris,DDoS-SlowLoris
DDoS-SlowLoris,DDoS-SlowLoris
DDoS-SlowLoris,DDoS-SlowLoris
DDoS-SlowLoris,DDoS-SlowLoris
DDoS-SlowLoris,DDoS-SlowLoris
DDoS-SlowLoris,DDoS-SlowLoris
DDoS-SlowLoris,DDoS-SlowLoris
DDoS-SlowLoris,DDoS-SlowLoris
DDoS-SlowLoris,DDoS-SlowLoris
DDoS-SlowLoris,DDoS-SlowLoris
DDoS-SlowLoris,DDoS-SlowLoris
DDoS-SlowLoris,DDoS-SlowLoris
DDoS-SlowLoris,DDoS-SlowLoris
DDoS-SlowLoris,DDoS-SlowLoris
DDoS-SlowLoris,DDoS-SlowLoris
DDoS-SlowLoris,DDoS-SlowLoris
DDoS-SlowLoris,DDoS-SlowLoris
DDoS-SlowLoris,DDoS-SlowLoris
DDoS-SlowLoris,DDoS-SlowLoris
DDoS-SlowLoris,DDoS-SlowLoris
DDoS-SlowLoris,DDoS-SlowLoris
DDoS-SlowLoris,DDoS-SlowLoris
DDoS-SlowLoris,DDoS-SlowLoris
DDoS-SlowLoris,DDoS-SlowLoris
DDoS-SlowLoris,DDoS-SlowLoris
DDoS-SlowLoris,DDoS-SlowLoris
DDoS-SlowLoris,DDoS-SlowLoris
DDoS-SlowLoris,DDoS-SlowLoris
DDoS-SlowLoris,DDoS-SlowLoris
DDoS-SlowLoris,DDoS-SlowLoris
DDoS-SlowLoris,DDoS-SlowLoris
DDoS-SlowLoris,DDoS-SlowLoris
DDoS-SlowLoris,DDoS-SlowLoris
DDoS-SlowLoris,DDoS-SlowLoris
DDoS-SlowLoris,DDoS-SlowLoris
DDoS-SlowLoris,DDoS-SlowLoris
DDoS-SlowLoris,DDoS-SlowLoris
DDoS-SlowLoris,DDoS-SlowLoris
DDoS-SlowLoris,DDoS-SlowLoris
DDoS-SlowLoris,DDoS-SlowLoris
DDoS-SlowLoris,DDoS-SlowLoris
DDoS-SlowLoris,DDoS-SlowLoris
DDoS-SlowLoris,DDoS-SlowLoris
DDoS-SlowLoris,DDoS-SlowLoris
DDoS-SlowLoris,DDoS-SlowLoris
DDoS-SlowLoris,DDoS-SlowLoris
DDoS-SlowLoris,DDoS-SlowLoris
DDoS-SlowLoris,DDoS-SlowLoris
DDoS-SlowLoris,DDoS-SlowLoris
DDoS-SlowLoris,DDoS-SlowLoris
DDoS-SlowLoris,DDoS-SlowLoris
DDoS-SlowLoris,DDoS-SlowLoris
DDoS-SlowLoris,DDoS-SlowLoris
DDoS-SlowLoris,DDoS-SlowLoris
DDoS-SlowLoris,DDoS-SlowLoris
DDoS-SlowLoris,DDoS-SlowLoris
DDoS-SlowLoris,DDoS-SlowLoris
DDoS-SlowLoris,DDoS-SlowLoris
DDoS-SlowLoris,DDoS-SlowLoris
DDoS-SlowLoris,DDoS-SlowLoris
DDoS-SlowLoris,DDoS-SlowLoris
DDoS-SlowLoris,DDoS-SlowLoris
DDoS-SlowLoris,DDoS-SlowLoris
DDoS-SlowLoris,DDoS-SlowLoris
DDoS-SlowLoris,DDoS-SlowLoris
DDoS-SlowLoris,DDoS-SlowLoris
DDoS-SlowLoris,DDoS-SlowLoris
DDoS-SlowLoris,DDoS-SlowLoris
DDoS-SlowLoris,DDoS-SlowLoris
DDoS-SlowLoris,DDoS-SlowLoris
DDoS-SlowLoris,DDoS-SlowLoris
DDoS-SlowLoris,DDoS-SlowLoris
DDoS-SlowLoris,DDoS-SlowLoris
DDoS-SlowLoris,DDoS-SlowLoris
DDoS-SlowLoris,DDoS-SlowLoris
DDoS-SlowLoris,DDoS-SlowLoris
DDoS-SlowLoris,DDoS-SlowLoris
DDoS-SynonymousIP_Flood,DDoS-SynonymousIP_Flood
DDoS-SynonymousIP_Flood,DDoS-SynonymousIP_Flood
DDoS-SynonymousIP_Flood,DDoS-SYN_Flood
DDoS-SynonymousIP_Flood,DDoS-SYN_Flood
DDoS-SynonymousIP_Flood,DDoS-SynonymousIP_Flood
DDoS-SynonymousIP_Flood,DDoS-SynonymousIP_Flood
DDoS-SynonymousIP_Flood,DDoS-SynonymousIP_Flood
DDoS-SynonymousIP_Flood,DDoS-SynonymousIP_Flood
DDoS-SynonymousIP_Flood,DDoS-SYN_Flood
DDoS-SynonymousIP_Flood,DDoS-SynonymousIP_Flood
DDoS-SynonymousIP_Flood,DDoS-SYN_Flood
DDoS-SynonymousIP_Flood,DDoS-SynonymousIP_Flood
DDoS-SynonymousIP_Flood,DDoS-SynonymousIP_Flood
DDoS-SynonymousIP_Flood,DDoS-SYN_Flood
DDoS-SynonymousIP_Flood,DDoS-SynonymousIP_Flood
DDoS-SynonymousIP_Flood,DDoS-SynonymousIP_Flood
DDoS-SynonymousIP_Flood,DDoS-SYN_Flood
DDoS-SynonymousIP_Flood,DDoS-SynonymousIP_Flood
DDoS-SynonymousIP_Flood,DDoS-SynonymousIP_Flood
DDoS-SynonymousIP_Flood,DDoS-SynonymousIP_Flood
DDoS-SynonymousIP_Flood,DDoS-SYN_Flood
DDoS-SynonymousIP_Flood,DDoS-SYN_Flood
DDoS-SynonymousIP_Flood,DDoS-SynonymousIP_Flood
DDoS-SynonymousIP_Flood,DDoS-SynonymousIP_Flood
DDoS-SynonymousIP_Flood,DDoS-SynonymousIP_Flood
DDoS-SynonymousIP_Flood,DDoS-SYN_Flood
DDoS-SynonymousIP_Flood,DDoS-SynonymousIP_Flood
DDoS-SynonymousIP_Flood,DDoS-SynonymousIP_Flood
DDoS-SynonymousIP_Flood,DDoS-SynonymousIP_Flood
DDoS-SynonymousIP_Flood,DDoS-SYN_Flood
DDoS-SynonymousIP_Flood,DDoS-SynonymousIP_Flood
DDoS-SynonymousIP_Flood,DDoS-SynonymousIP_Flood
DDoS-SynonymousIP_Flood,DDoS-SynonymousIP_Flood
DDoS-SynonymousIP_Flood,DDoS-SynonymousIP_Flood
DDoS-SynonymousIP_Flood,DDoS-SYN_Flood
DDoS-SynonymousIP_Flood,DDoS-SYN_Flood
DDoS-SynonymousIP_Flood,DDoS-SynonymousIP_Flood
DDoS-SynonymousIP_Flood,DDoS-SYN_Flood
DDoS-SynonymousIP_Flood,DDoS-SYN_Flood
DDoS-SynonymousIP_Flood,DDoS-SynonymousIP_Flood
DDoS-SynonymousIP_Flood,DDoS-SynonymousIP_Flood
DDoS-SynonymousIP_Flood,DDoS-SYN_Flood
DDoS-SynonymousIP_Flood,DDoS-SYN_Flood
DDoS-SynonymousIP_Flood,DDoS-SYN_Flood
DDoS-SynonymousIP_Flood,DDoS-SynonymousIP_Flood
DDoS-SynonymousIP_Flood,DDoS-SynonymousIP_Flood
DDoS-SynonymousIP_Flood,DDoS-SynonymousIP_Flood
DDoS-SynonymousIP_Flood,DDoS-SynonymousIP_Flood
DDoS-SynonymousIP_Flood,DDoS-SynonymousIP_Flood
DDoS-SynonymousIP_Flood,DDoS-SYN_Flood
DDoS-SynonymousIP_Flood,DDoS-SynonymousIP_Flood
DDoS-SynonymousIP_Flood,DDoS-SYN_Flood
DDoS-SynonymousIP_Flood,DDoS-SynonymousIP_Flood
DDoS-SynonymousIP_Flood,DDoS-SynonymousIP_Flood
DDoS-SynonymousIP_Flood,DDoS-SynonymousIP_Flood
DDoS-SynonymousIP_Flood,DDoS-SynonymousIP_Flood
DDoS-SynonymousIP_Flood,DDoS-SynonymousIP_Flood
DDoS-SynonymousIP_Flood,DDoS-SynonymousIP_Flood
DDoS-SynonymousIP_Flood,DDoS-SYN_Flood
DDoS-SynonymousIP_Flood,DDoS-SynonymousIP_Flood
DDoS-SynonymousIP_Flood,DDoS-SYN_Flood
DDoS-SynonymousIP_Flood,DDoS-SynonymousIP_Flood
DDoS-SynonymousIP_Flood,DDoS-SynonymousIP_Flood
DDoS-SynonymousIP_Flood,DDoS-SYN_Flood
DDoS-SynonymousIP_Flood,DDoS-SynonymousIP_Flood
DDoS-SynonymousIP_Flood,DDoS-SynonymousIP_Flood
DDoS-SynonymousIP_Flood,DDoS-SynonymousIP_Flood
DDoS-SynonymousIP_Flood,DDoS-SynonymousIP_Flood
DDoS-SynonymousIP_Flood,DDoS-SYN_Flood
DDoS-SynonymousIP_Flood,DDoS-SynonymousIP_Flood
DDoS-SynonymousIP_Flood,DDoS-SynonymousIP_Flood
DDoS-SynonymousIP_Flood,DDoS-SynonymousIP_Flood
DDoS-SynonymousIP_Flood,DDoS-SynonymousIP_Flood
DDoS-SynonymousIP_Flood,DDoS-SYN_Flood
DDoS-SynonymousIP_Flood,DDoS-SynonymousIP_Flood
DDoS-SynonymousIP_Flood,DDoS-SynonymousIP_Flood
DDoS-SynonymousIP_Flood,DDoS-SynonymousIP_Flood
DDoS-SynonymousIP_Flood,DDoS-SynonymousIP_Flood
DDoS-SynonymousIP_Flood,DDoS-SYN_Flood
DDoS-SynonymousIP_Flood,DDoS-SynonymousIP_Flood
DDoS-SynonymousIP_Flood,DDoS-SynonymousIP_Flood
DDoS-SynonymousIP_Flood,DDoS-SYN_Flood
DDoS-SynonymousIP_Flood,DDoS-SYN_Flood
DDoS-SynonymousIP_Flood,DDoS-SynonymousIP_Flood
DDoS-SynonymousIP_Flood,DDoS-SynonymousIP_Flood
DDoS-SynonymousIP_Flood,DDoS-SynonymousIP_Flood
DDoS-SynonymousIP_Flood,DDoS-SynonymousIP_Flood
DDoS-SynonymousIP_Flood,DDoS-SynonymousIP_Flood
DDoS-SynonymousIP_Flood,DDoS-SYN_Flood
DDoS-SynonymousIP_Flood,DDoS-SynonymousIP_Flood
DDoS-SynonymousIP_Flood,DDoS-SynonymousIP_Flood
DDoS-SynonymousIP_Flood,DDoS-SynonymousIP_Flood
DDoS-SynonymousIP_Flood,DDoS-SYN_Flood
DDoS-SynonymousIP_Flood,DDoS-SynonymousIP_Flood
DDoS-SynonymousIP_Flood,DDoS-SynonymousIP_Flood
DDoS-SynonymousIP_Flood,DDoS-SynonymousIP_Flood
DDoS-SynonymousIP_Flood,DDoS-SynonymousIP_Flood
DDoS-SynonymousIP_Flood,DDoS-SYN_Flood
DDoS-SynonymousIP_Flood,DDoS-SYN_Flood
DDoS-SynonymousIP_Flood,DDoS-SYN_Flood
DDoS-SynonymousIP_Flood,DDoS-SYN_Flood
DDoS-SynonymousIP_Flood,DDoS-SYN_Flood
DDoS-SynonymousIP_Flood,DDoS-SYN_Flood
DDoS-SynonymousIP_Flood,DDoS-SynonymousIP_Flood
DDoS-SynonymousIP_Flood,DDoS-SynonymousIP_Flood
DDoS-SynonymousIP_Flood,DDoS-SynonymousIP_Flood
DDoS-SynonymousIP_Flood,DDoS-SYN_Flood
DDoS-SynonymousIP_Flood,DDoS-SynonymousIP_Flood
DDoS-SynonymousIP_Flood,DDoS-SynonymousIP_Flood
DDoS-SynonymousIP_Flood,DDoS-SynonymousIP_Flood
DDoS-SynonymousIP_Flood,DDoS-SynonymousIP_Flood
DDoS-SynonymousIP_Flood,DDoS-SynonymousIP_Flood
DDoS-SynonymousIP_Flood,DDoS-SYN_Flood
DDoS-SynonymousIP_Flood,DDoS-SynonymousIP_Flood
DDoS-SynonymousIP_Flood,DDoS-SynonymousIP_Flood
DDoS-SynonymousIP_Flood,DDoS-SynonymousIP_Flood
DDoS-SynonymousIP_Flood,DDoS-SynonymousIP_Flood
DDoS-SynonymousIP_Flood,DDoS-SynonymousIP_Flood
DDoS-SynonymousIP_Flood,DDoS-SYN_Flood
DDoS-SynonymousIP_Flood,DDoS-SYN_Flood
DDoS-SynonymousIP_Flood,DDoS-SYN_Flood
DDoS-SynonymousIP_Flood,DDoS-SynonymousIP_Flood
DDoS-SynonymousIP_Flood,DDoS-SynonymousIP_Flood
DDoS-SynonymousIP_Flood,DDoS-SynonymousIP_Flood
DDoS-SynonymousIP_Flood,DDoS-SynonymousIP_Flood
DDoS-SynonymousIP_Flood,DDoS-SynonymousIP_Flood
DDoS-SynonymousIP_Flood,DDoS-SynonymousIP_Flood
DDoS-SynonymousIP_Flood,DDoS-SynonymousIP_Flood
DDoS-SynonymousIP_Flood,DDoS-SYN_Flood
DDoS-SynonymousIP_Flood,DDoS-SynonymousIP_Flood
DDoS-SynonymousIP_Flood,DDoS-SYN_Flood
DDoS-SynonymousIP_Flood,DDoS-SynonymousIP_Flood
DDoS-SynonymousIP_Flood,DDoS-SynonymousIP_Flood
DDoS-SynonymousIP_Flood,DDoS-SynonymousIP_Flood
DDoS-SynonymousIP_Flood,DDoS-SynonymousIP_Flood
DDoS-SynonymousIP_Flood,DDoS-SynonymousIP_Flood
DDoS-SynonymousIP_Flood,DDoS-SynonymousIP_Flood
DDoS-SynonymousIP_Flood,DDoS-SYN_Flood
DDoS-SynonymousIP_Flood,DDoS-SYN_Flood
DDoS-SynonymousIP_Flood,DDoS-SynonymousIP_Flood
DDoS-SynonymousIP_Flood,DDoS-SynonymousIP_Flood
DDoS-SynonymousIP_Flood,DDoS-SynonymousIP_Flood
DDoS-SynonymousIP_Flood,DDoS-SynonymousIP_Flood
DDoS-SynonymousIP_Flood,DDoS-SYN_Flood
DDoS-SynonymousIP_Flood,DDoS-SYN_Flood
DDoS-SynonymousIP_Flood,DDoS-SynonymousIP_Flood
DDoS-SynonymousIP_Flood,DDoS-SynonymousIP_Flood
DDoS-SynonymousIP_Flood,DDoS-SynonymousIP_Flood
DDoS-SynonymousIP_Flood,DDoS-SYN_Flood
DDoS-SynonymousIP_Flood,DDoS-SYN_Flood
DDoS-SynonymousIP_Flood,DDoS-SynonymousIP_Flood
DDoS-SynonymousIP_Flood,DDoS-SYN_Flood
DDoS-SynonymousIP_Flood,DDoS-SynonymousIP_Flood
DDoS-SynonymousIP_Flood,DDoS-SYN_Flood
DDoS-SynonymousIP_Flood,DDoS-SYN_Flood
DDoS-SynonymousIP_Flood,DDoS-SynonymousIP_Flood
DDoS-SynonymousIP_Flood,DDoS-SynonymousIP_Flood
DDoS-SynonymousIP_Flood,DDoS-SynonymousIP_Flood
DDoS-SynonymousIP_Flood,DDoS-SynonymousIP_Flood
DDoS-SynonymousIP_Flood,DDoS-SynonymousIP_Flood
DDoS-SynonymousIP_Flood,DDoS-SynonymousIP_Flood
DDoS-SynonymousIP_Flood,DDoS-SynonymousIP_Flood
DDoS-SynonymousIP_Flood,DDoS-SYN_Flood
DDoS-SynonymousIP_Flood,DDoS-SynonymousIP_Flood
DDoS-SynonymousIP_Flood,DDoS-SynonymousIP_Flood
DDoS-SynonymousIP_Flood,DDoS-SYN_Flood
DDoS-SynonymousIP_Flood,DDoS-SynonymousIP_Flood
DDoS-SynonymousIP_Flood,DDoS-SynonymousIP_Flood
DDoS-SynonymousIP_Flood,DDoS-SynonymousIP_Flood
DDoS-SynonymousIP_Flood,DDoS-SYN_Flood
DDoS-SynonymousIP_Flood,DDoS-SYN_Flood
DDoS-SynonymousIP_Flood,DDoS-SynonymousIP_Flood
DDoS-SynonymousIP_Flood,DDoS-SynonymousIP_Flood
DDoS-SynonymousIP_Flood,DDoS-SYN_Flood
DDoS-SynonymousIP_Flood,DDoS-SynonymousIP_Flood
DDoS-SynonymousIP_Flood,DDoS-SynonymousIP_Flood
DDoS-SynonymousIP_Flood,DDoS-SynonymousIP_Flood
DDoS-SynonymousIP_Flood,DDoS-SYN_Flood
DDoS-SynonymousIP_Flood,DDoS-SynonymousIP_Flood
DDoS-SynonymousIP_Flood,DDoS-SynonymousIP_Flood
DDoS-SynonymousIP_Flood,DDoS-SYN_Flood
DDoS-SynonymousIP_Flood,DDoS-SynonymousIP_Flood
DDoS-SynonymousIP_Flood,DDoS-SynonymousIP_Flood
DDoS-SynonymousIP_Flood,DDoS-SynonymousIP_Flood
DDoS-SynonymousIP_Flood,DDoS-SYN_Flood
DDoS-SynonymousIP_Flood,DDoS-SYN_Flood
DDoS-SynonymousIP_Flood,DDoS-SYN_Flood
DDoS-SynonymousIP_Flood,DDoS-SynonymousIP_Flood
DDoS-SynonymousIP_Flood,DDoS-SynonymousIP_Flood
DDoS-SynonymousIP_Flood,DDoS-SynonymousIP_Flood
DDoS-SynonymousIP_Flood,DDoS-SYN_Flood
DDoS-SynonymousIP_Flood,DDoS-SYN_Flood
DDoS-SynonymousIP_Flood,DDoS-SynonymousIP_Flood
DDoS-SynonymousIP_Flood,DDoS-SynonymousIP_Flood
DDoS-SynonymousIP_Flood,DDoS-SynonymousIP_Flood
DDoS-SynonymousIP_Flood,DDoS-SynonymousIP_Flood
DDoS-SynonymousIP_Flood,DDoS-SynonymousIP_Flood
DDoS-SynonymousIP_Flood,DDoS-SynonymousIP_Flood
DDoS-SynonymousIP_Flood,DDoS-SynonymousIP_Flood
DDoS-SynonymousIP_Flood,DDoS-SynonymousIP_Flood
DDoS-SynonymousIP_Flood,DDoS-SynonymousIP_Flood
DDoS-SynonymousIP_Flood,DDoS-SYN_Flood
DDoS-SynonymousIP_Flood,DDoS-SynonymousIP_Flood
DDoS-SynonymousIP_Flood,DDoS-SYN_Flood
DDoS-SynonymousIP_Flood,DDoS-SynonymousIP_Flood
DDoS-SynonymousIP_Flood,DDoS-SynonymousIP_Flood
DDoS-SynonymousIP_Flood,DDoS-SYN_Flood
DDoS-SynonymousIP_Flood,DDoS-SynonymousIP_Flood
DDoS-SynonymousIP_Flood,DDoS-SynonymousIP_Flood
DDoS-SynonymousIP_Flood,DDoS-SynonymousIP_Flood
DDoS-SynonymousIP_Flood,DDoS-SynonymousIP_Flood
DDoS-SynonymousIP_Flood,DDoS-SynonymousIP_Flood
DDoS-SynonymousIP_Flood,DDoS-SynonymousIP_Flood
DDoS-SynonymousIP_Flood,DDoS-SynonymousIP_Flood
DDoS-SynonymousIP_Flood,DDoS-SynonymousIP_Flood
DDoS-SynonymousIP_Flood,DDoS-SynonymousIP_Flood
DDoS-SynonymousIP_Flood,DDoS-SynonymousIP_Flood
DDoS-SynonymousIP_Flood,DDoS-SYN_Flood
DDoS-SynonymousIP_Flood,DDoS-SynonymousIP_Flood
DDoS-SynonymousIP_Flood,DDoS-SynonymousIP_Flood
DDoS-SynonymousIP_Flood,DDoS-SYN_Flood
DDoS-SynonymousIP_Flood,DDoS-SynonymousIP_Flood
DDoS-SynonymousIP_Flood,DDoS-SYN_Flood
DDoS-SynonymousIP_Flood,DDoS-SynonymousIP_Flood
DDoS-SynonymousIP_Flood,DDoS-SynonymousIP_Flood
DDoS-SynonymousIP_Flood,DDoS-SynonymousIP_Flood
DDoS-SynonymousIP_Flood,DDoS-SYN_Flood
DDoS-SynonymousIP_Flood,DDoS-SynonymousIP_Flood
DDoS-SynonymousIP_Flood,DDoS-SynonymousIP_Flood
DDoS-SynonymousIP_Flood,DDoS-SynonymousIP_Flood
DDoS-SynonymousIP_Flood,DDoS-SynonymousIP_Flood
DDoS-SynonymousIP_Flood,DDoS-SynonymousIP_Flood
DDoS-SynonymousIP_Flood,DDoS-SynonymousIP_Flood
DDoS-SynonymousIP_Flood,DDoS-SynonymousIP_Flood
DDoS-SynonymousIP_Flood,DDoS-SYN_Flood
DDoS-SynonymousIP_Flood,DDoS-SYN_Flood
DDoS-SynonymousIP_Flood,DDoS-SynonymousIP_Flood
DDoS-SynonymousIP_Flood,DDoS-SYN_Flood
DDoS-SynonymousIP_Flood,DDoS-SynonymousIP_Flood
DDoS-SynonymousIP_Flood,DDoS-SynonymousIP_Flood
DDoS-SynonymousIP_Flood,DDoS-SYN_Flood
DDoS-SynonymousIP_Flood,DDoS-SynonymousIP_Flood
DDoS-SynonymousIP_Flood,DDoS-SynonymousIP_Flood
DDoS-SynonymousIP_Flood,DDoS-SynonymousIP_Flood
DDoS-SynonymousIP_Flood,DDoS-SynonymousIP_Flood
DDoS-SynonymousIP_Flood,DDoS-SynonymousIP_Flood
DDoS-SynonymousIP_Flood,DDoS-SynonymousIP_Flood
DDoS-SynonymousIP_Flood,DDoS-SYN_Flood
DDoS-SynonymousIP_Flood,DDoS-SynonymousIP_Flood
DDoS-SynonymousIP_Flood,DDoS-SynonymousIP_Flood
DDoS-SynonymousIP_Flood,DDoS-SynonymousIP_Flood
DDoS-SynonymousIP_Flood,DDoS-SynonymousIP_Flood
DDoS-SynonymousIP_Flood,DDoS-SynonymousIP_Flood
DDoS-SynonymousIP_Flood,DDoS-SynonymousIP_Flood
DDoS-SynonymousIP_Flood,DDoS-SynonymousIP_Flood
DDoS-SynonymousIP_Flood,DDoS-SynonymousIP_Flood
DDoS-SynonymousIP_Flood,DDoS-SynonymousIP_Flood
DDoS-SynonymousIP_Flood,DDoS-SYN_Flood
DDoS-SynonymousIP_Flood,DDoS-SYN_Flood
DDoS-SynonymousIP_Flood,DDoS-SynonymousIP_Flood
DDoS-SynonymousIP_Flood,DDoS-SynonymousIP_Flood
DDoS-SynonymousIP_Flood,DDoS-SynonymousIP_Flood
DDoS-SynonymousIP_Flood,DDoS-SynonymousIP_Flood
DDoS-SynonymousIP_Flood,DDoS-SynonymousIP_Flood
DDoS-SynonymousIP_Flood,DDoS-SynonymousIP_Flood
DDoS-SynonymousIP_Flood,DDoS-SynonymousIP_Flood
DDoS-SynonymousIP_Flood,DDoS-SYN_Flood
DDoS-SynonymousIP_Flood,DDoS-SYN_Flood
DDoS-SynonymousIP_Flood,DDoS-SynonymousIP_Flood
DDoS-SynonymousIP_Flood,DDoS-SynonymousIP_Flood
DDoS-SynonymousIP_Flood,DDoS-SynonymousIP_Flood
DDoS-SynonymousIP_Flood,DDoS-SYN_Flood
DDoS-SynonymousIP_Flood,DDoS-SynonymousIP_Flood
DDoS-SynonymousIP_Flood,DDoS-SynonymousIP_Flood
DDoS-SynonymousIP_Flood,DDoS-SYN_Flood
DDoS-SynonymousIP_Flood,DDoS-SynonymousIP_Flood
DDoS-SynonymousIP_Flood,DDoS-SynonymousIP_Flood
DDoS-SynonymousIP_Flood,DDoS-SYN_Flood
DDoS-SynonymousIP_Flood,DDoS-SynonymousIP_Flood
DDoS-SynonymousIP_Flood,DDoS-SynonymousIP_Flood
DDoS-SynonymousIP_Flood,DDoS-SynonymousIP_Flood
DDoS-SynonymousIP_Flood,DDoS-SynonymousIP_Flood
DDoS-SynonymousIP_Flood,DDoS-SynonymousIP_Flood
DDoS-SynonymousIP_Flood,DDoS-SYN_Flood
DDoS-SynonymousIP_Flood,DDoS-SynonymousIP_Flood
DDoS-SynonymousIP_Flood,DDoS-SynonymousIP_Flood
DDoS-SynonymousIP_Flood,DDoS-SynonymousIP_Flood
DDoS-SynonymousIP_Flood,DDoS-SynonymousIP_Flood
DDoS-SynonymousIP_Flood,DDoS-SYN_Flood
DDoS-SynonymousIP_Flood,DDoS-SynonymousIP_Flood
DDoS-SynonymousIP_Flood,DDoS-SynonymousIP_Flood
DDoS-SynonymousIP_Flood,DDoS-SYN_Flood
DDoS-SynonymousIP_Flood,DDoS-SYN_Flood
DDoS-SynonymousIP_Flood,DDoS-SYN_Flood
DDoS-SynonymousIP_Flood,DDoS-SynonymousIP_Flood
DDoS-SynonymousIP_Flood,DDoS-SynonymousIP_Flood
DDoS-SynonymousIP_Flood,DDoS-SYN_Flood
DDoS-SynonymousIP_Flood,DDoS-SYN_Flood
DDoS-SynonymousIP_Flood,DDoS-SynonymousIP_Flood
DDoS-SynonymousIP_Flood,DDoS-SYN_Flood
DDoS-SynonymousIP_Flood,DDoS-SynonymousIP_Flood
DDoS-SynonymousIP_Flood,DDoS-SynonymousIP_Flood
DDoS-SynonymousIP_Flood,DDoS-SynonymousIP_Flood
DDoS-SynonymousIP_Flood,DDoS-SYN_Flood
DDoS-SynonymousIP_Flood,DDoS-SYN_Flood
DDoS-SynonymousIP_Flood,DDoS-SynonymousIP_Flood
DDoS-SynonymousIP_Flood,DDoS-SynonymousIP_Flood
DDoS-SynonymousIP_Flood,DDoS-SynonymousIP_Flood
DDoS-SynonymousIP_Flood,DDoS-SYN_Flood
DDoS-SynonymousIP_Flood,DDoS-SynonymousIP_Flood
DDoS-SynonymousIP_Flood,DDoS-SYN_Flood
DDoS-SynonymousIP_Flood,DDoS-SynonymousIP_Flood
DDoS-SynonymousIP_Flood,DDoS-SYN_Flood
DDoS-SynonymousIP_Flood,DDoS-SYN_Flood
DDoS-SynonymousIP_Flood,DDoS-SynonymousIP_Flood
DDoS-SynonymousIP_Flood,DDoS-SynonymousIP_Flood
DDoS-SynonymousIP_Flood,DDoS-SYN_Flood
DDoS-SynonymousIP_Flood,DDoS-SynonymousIP_Flood
DDoS-SynonymousIP_Flood,DDoS-SYN_Flood
DDoS-SynonymousIP_Flood,DDoS-SynonymousIP_Flood
DDoS-SynonymousIP_Flood,DDoS-SynonymousIP_Flood
DDoS-SynonymousIP_Flood,DDoS-SynonymousIP_Flood
DDoS-SynonymousIP_Flood,DDoS-SynonymousIP_Flood
DDoS-SynonymousIP_Flood,DDoS-SynonymousIP_Flood
DDoS-SynonymousIP_Flood,DDoS-SynonymousIP_Flood
DDoS-SynonymousIP_Flood,DDoS-SYN_Flood
DDoS-SynonymousIP_Flood,DDoS-SYN_Flood
DDoS-SynonymousIP_Flood,DDoS-SYN_Flood
DDoS-SynonymousIP_Flood,DDoS-SynonymousIP_Flood
DDoS-SynonymousIP_Flood,DDoS-SYN_Flood
DDoS-SynonymousIP_Flood,DDoS-SynonymousIP_Flood
DDoS-SynonymousIP_Flood,DDoS-SynonymousIP_Flood
DDoS-SynonymousIP_Flood,DDoS-SYN_Flood
DDoS-SynonymousIP_Flood,DDoS-SYN_Flood
DDoS-SynonymousIP_Flood,DDoS-SYN_Flood
DDoS-SynonymousIP_Flood,DDoS-SynonymousIP_Flood
DDoS-SynonymousIP_Flood,DDoS-SynonymousIP_Flood
DDoS-SynonymousIP_Flood,DDoS-SynonymousIP_Flood
DDoS-SynonymousIP_Flood,DDoS-SYN_Flood
DDoS-SynonymousIP_Flood,DDoS-SynonymousIP_Flood
DDoS-SynonymousIP_Flood,DDoS-SynonymousIP_Flood
DDoS-SynonymousIP_Flood,DDoS-SynonymousIP_Flood
DDoS-SynonymousIP_Flood,DDoS-SYN_Flood
DDoS-SynonymousIP_Flood,DDoS-SynonymousIP_Flood
DDoS-SynonymousIP_Flood,DDoS-SynonymousIP_Flood
DDoS-SynonymousIP_Flood,DDoS-SynonymousIP_Flood
DDoS-SynonymousIP_Flood,DDoS-SynonymousIP_Flood
DDoS-SynonymousIP_Flood,DDoS-SynonymousIP_Flood
DDoS-SynonymousIP_Flood,DDoS-SYN_Flood
DDoS-SynonymousIP_Flood,DDoS-SynonymousIP_Flood
DDoS-SynonymousIP_Flood,DDoS-SYN_Flood
DDoS-SynonymousIP_Flood,DDoS-SynonymousIP_Flood
DDoS-SynonymousIP_Flood,DDoS-SynonymousIP_Flood
DDoS-SynonymousIP_Flood,DDoS-SynonymousIP_Flood
DDoS-SynonymousIP_Flood,DDoS-SynonymousIP_Flood
DDoS-SynonymousIP_Flood,DDoS-SynonymousIP_Flood
DDoS-SynonymousIP_Flood,DDoS-SynonymousIP_Flood
DDoS-SynonymousIP_Flood,DDoS-SynonymousIP_Flood
DDoS-SynonymousIP_Flood,DDoS-SynonymousIP_Flood
DDoS-SynonymousIP_Flood,DDoS-SynonymousIP_Flood
DDoS-SynonymousIP_Flood,DDoS-SynonymousIP_Flood
DDoS-SynonymousIP_Flood,DDoS-SynonymousIP_Flood
DDoS-SynonymousIP_Flood,DDoS-SYN_Flood
DDoS-SynonymousIP_Flood,DDoS-SynonymousIP_Flood
DDoS-SynonymousIP_Flood,DDoS-SynonymousIP_Flood
DDoS-SynonymousIP_Flood,DDoS-SynonymousIP_Flood
DDoS-SynonymousIP_Flood,DDoS-SynonymousIP_Flood
DDoS-SynonymousIP_Flood,DDoS-SynonymousIP_Flood
DDoS-SynonymousIP_Flood,DDoS-SynonymousIP_Flood
DDoS-SynonymousIP_Flood,DDoS-SynonymousIP_Flood
DDoS-SynonymousIP_Flood,DDoS-SynonymousIP_Flood
DDoS-SynonymousIP_Flood,DDoS-SynonymousIP_Flood
DDoS-SynonymousIP_Flood,DDoS-SynonymousIP_Flood
DDoS-SynonymousIP_Flood,DDoS-SYN_Flood
DDoS-SynonymousIP_Flood,DDoS-SynonymousIP_Flood
DDoS-SynonymousIP_Flood,DDoS-SynonymousIP_Flood
DDoS-SynonymousIP_Flood,DDoS-SynonymousIP_Flood
DDoS-SynonymousIP_Flood,DDoS-SYN_Flood
DDoS-SynonymousIP_Flood,DDoS-SynonymousIP_Flood
DDoS-SynonymousIP_Flood,DDoS-SynonymousIP_Flood
DDoS-SynonymousIP_Flood,DDoS-SYN_Flood
DDoS-SynonymousIP_Flood,DDoS-SynonymousIP_Flood
DDoS-SynonymousIP_Flood,DDoS-SYN_Flood
DDoS-SynonymousIP_Flood,DDoS-SYN_Flood
DDoS-SynonymousIP_Flood,DDoS-SynonymousIP_Flood
DDoS-SynonymousIP_Flood,DDoS-SynonymousIP_Flood
DDoS-SynonymousIP_Flood,DDoS-SynonymousIP_Flood
DDoS-SynonymousIP_Flood,DDoS-SynonymousIP_Flood
DDoS-SynonymousIP_Flood,DDoS-SynonymousIP_Flood
DDoS-SynonymousIP_Flood,DDoS-SYN_Flood
DDoS-SynonymousIP_Flood,DDoS-SYN_Flood
DDoS-SynonymousIP_Flood,DDoS-SynonymousIP_Flood
DDoS-SynonymousIP_Flood,DDoS-SynonymousIP_Flood
DDoS-SynonymousIP_Flood,DDoS-SynonymousIP_Flood
DDoS-SynonymousIP_Flood,DDoS-SynonymousIP_Flood
DDoS-SynonymousIP_Flood,DDoS-SynonymousIP_Flood
DDoS-SynonymousIP_Flood,DDoS-SynonymousIP_Flood
DDoS-SynonymousIP_Flood,DDoS-SynonymousIP_Flood
DDoS-SynonymousIP_Flood,DDoS-SynonymousIP_Flood
DDoS-SynonymousIP_Flood,DDoS-SynonymousIP_Flood
Uploading_Attack,CommandInjection
Uploading_Attack,XSS
Uploading_Attack,MITM-ArpSpoofing
Uploading_Attack,XSS
Uploading_Attack,BrowserHijacking
Uploading_Attack,XSS
Uploading_Attack,Backdoor_Malware
Uploading_Attack,Backdoor_Malware
Uploading_Attack,Backdoor_Malware
Uploading_Attack,BrowserHijacking
Uploading_Attack,BenignTraffic
Uploading_Attack,XSS
Uploading_Attack,Uploading_Attack
Uploading_Attack,BenignTraffic
Uploading_Attack,CommandInjection
Uploading_Attack,SqlInjection
Uploading_Attack,Backdoor_Malware
Uploading_Attack,XSS
Uploading_Attack,BenignTraffic
Uploading_Attack,VulnerabilityScan
Uploading_Attack,Uploading_Attack
Uploading_Attack,Uploading_Attack
Uploading_Attack,SqlInjection
Uploading_Attack,Uploading_Attack
Uploading_Attack,XSS
Uploading_Attack,VulnerabilityScan
Uploading_Attack,XSS
Uploading_Attack,CommandInjection
Uploading_Attack,CommandInjection
Uploading_Attack,BenignTraffic
Uploading_Attack,Uploading_Attack
Uploading_Attack,Backdoor_Malware
Uploading_Attack,XSS
Uploading_Attack,XSS
Uploading_Attack,Backdoor_Malware
Uploading_Attack,Uploading_Attack
Uploading_Attack,Uploading_Attack
Uploading_Attack,DictionaryBruteForce
Uploading_Attack,XSS
Uploading_Attack,Recon-HostDiscovery
Uploading_Attack,XSS
Uploading_Attack,VulnerabilityScan
Uploading_Attack,Uploading_Attack
Uploading_Attack,MITM-ArpSpoofing
Uploading_Attack,Recon-OSScan
Uploading_Attack,BenignTraffic
Uploading_Attack,Recon-PingSweep
Uploading_Attack,Uploading_Attack
Uploading_Attack,Recon-PingSweep
Uploading_Attack,Uploading_Attack
Uploading_Attack,Uploading_Attack
Uploading_Attack,XSS
Uploading_Attack,MITM-ArpSpoofing
Uploading_Attack,Uploading_Attack
Uploading_Attack,XSS
Uploading_Attack,Backdoor_Malware
Uploading_Attack,Recon-PingSweep
Uploading_Attack,Uploading_Attack
Uploading_Attack,VulnerabilityScan
Uploading_Attack,Backdoor_Malware
Uploading_Attack,Uploading_Attack
Uploading_Attack,XSS
Uploading_Attack,Backdoor_Malware
Uploading_Attack,XSS
Uploading_Attack,Recon-OSScan
Uploading_Attack,CommandInjection
Uploading_Attack,XSS
Uploading_Attack,CommandInjection
Uploading_Attack,CommandInjection
Uploading_Attack,VulnerabilityScan
Uploading_Attack,XSS
Uploading_Attack,XSS
Uploading_Attack,Uploading_Attack
Uploading_Attack,VulnerabilityScan
Uploading_Attack,Uploading_Attack
Uploading_Attack,XSS
Uploading_Attack,Uploading_Attack
Uploading_Attack,XSS
Uploading_Attack,VulnerabilityScan
Uploading_Attack,XSS
Uploading_Attack,XSS
Uploading_Attack,MITM-ArpSpoofing
Uploading_Attack,BenignTraffic
Uploading_Attack,Uploading_Attack
Uploading_Attack,XSS
Uploading_Attack,XSS
Uploading_Attack,XSS
Uploading_Attack,XSS
Uploading_Attack,DictionaryBruteForce
Uploading_Attack,Backdoor_Malware
Uploading_Attack,XSS
Uploading_Attack,XSS
Uploading_Attack,XSS
Uploading_Attack,XSS
Uploading_Attack,XSS
Uploading_Attack,BenignTraffic
Recon-PortScan,VulnerabilityScan
Recon-PortScan,VulnerabilityScan
Recon-PortScan,Recon-PortScan
Recon-PortScan,Recon-HostDiscovery
Recon-PortScan,BenignTraffic
Recon-PortScan,BenignTraffic
Recon-PortScan,XSS
Recon-PortScan,Recon-OSScan
Recon-PortScan,XSS
Recon-PortScan,Recon-PortScan
Recon-PortScan,Recon-PortScan
Recon-PortScan,Recon-HostDiscovery
Recon-PortScan,DictionaryBruteForce
Recon-PortScan,Recon-PortScan
Recon-PortScan,Recon-PortScan
Recon-PortScan,Recon-PingSweep
Recon-PortScan,SqlInjection
Recon-PortScan,VulnerabilityScan
Recon-PortScan,Recon-HostDiscovery
Recon-PortScan,Recon-PingSweep
Recon-PortScan,SqlInjection
Recon-PortScan,Recon-PingSweep
Recon-PortScan,Recon-OSScan
Recon-PortScan,Recon-OSScan
Recon-PortScan,Recon-PortScan
Recon-PortScan,Recon-PingSweep
Recon-PortScan,VulnerabilityScan
Recon-PortScan,BrowserHijacking
Recon-PortScan,Recon-HostDiscovery
Recon-PortScan,XSS
Recon-PortScan,Recon-OSScan
Recon-PortScan,SqlInjection
Recon-PortScan,BenignTraffic
Recon-PortScan,Recon-PortScan
Recon-PortScan,Recon-PortScan
Recon-PortScan,Recon-OSScan
Recon-PortScan,Recon-PortScan
Recon-PortScan,SqlInjection
Recon-PortScan,Recon-PortScan
Recon-PortScan,Recon-PortScan
Recon-PortScan,Recon-PortScan
Recon-PortScan,Recon-PortScan
Recon-PortScan,Recon-PortScan
Recon-PortScan,Recon-PortScan
Recon-PortScan,VulnerabilityScan
Recon-PortScan,Recon-PortScan
Recon-PortScan,Backdoor_Malware
Recon-PortScan,SqlInjection
Recon-PortScan,SqlInjection
Recon-PortScan,Recon-PortScan
Recon-PortScan,Recon-OSScan
Recon-PortScan,Recon-OSScan
Recon-PortScan,Backdoor_Malware
Recon-PortScan,Recon-HostDiscovery
Recon-PortScan,BenignTraffic
Recon-PortScan,VulnerabilityScan
Recon-PortScan,Recon-PortScan
Recon-PortScan,Recon-HostDiscovery
Recon-PortScan,Recon-PingSweep
Recon-PortScan,VulnerabilityScan
Recon-PortScan,Recon-OSScan
Recon-PortScan,VulnerabilityScan
Recon-PortScan,VulnerabilityScan
Recon-PortScan,DictionaryBruteForce
Recon-PortScan,VulnerabilityScan
Recon-PortScan,VulnerabilityScan
Recon-PortScan,SqlInjection
Recon-PortScan,Recon-PortScan
Recon-PortScan,Recon-PingSweep
Recon-PortScan,Recon-PingSweep
Recon-PortScan,BenignTraffic
Recon-PortScan,BenignTraffic
Recon-PortScan,Recon-HostDiscovery
Recon-PortScan,BenignTraffic
Recon-PortScan,Recon-PortScan
Recon-PortScan,Recon-HostDiscovery
Recon-PortScan,Recon-PortScan
Recon-PortScan,Recon-OSScan
Recon-PortScan,VulnerabilityScan
Recon-PortScan,BenignTraffic
Recon-PortScan,BenignTraffic
Recon-PortScan,Recon-PortScan
Recon-PortScan,Recon-OSScan
Recon-PortScan,Recon-HostDiscovery
Recon-PortScan,Recon-PortScan
Recon-PortScan,SqlInjection
Recon-PortScan,Recon-PortScan
Recon-PortScan,Recon-PortScan
Recon-PortScan,BenignTraffic
Recon-PortScan,Recon-PortScan
Recon-PortScan,Recon-HostDiscovery
Recon-PortScan,VulnerabilityScan
Recon-PortScan,Recon-PingSweep
Recon-PortScan,Recon-PortScan
Recon-PortScan,VulnerabilityScan
Recon-PortScan,BenignTraffic
Recon-PortScan,SqlInjection
Recon-PortScan,Recon-OSScan
Recon-PortScan,Recon-PortScan
Recon-PortScan,Recon-PingSweep
Recon-PortScan,Recon-PortScan
Recon-PortScan,Recon-PortScan
Recon-PortScan,SqlInjection
Recon-PortScan,Recon-PortScan
Recon-PortScan,Recon-PortScan
Recon-PortScan,Recon-PortScan
Recon-PortScan,DictionaryBruteForce
Recon-PortScan,VulnerabilityScan
Recon-PortScan,Recon-OSScan
Recon-PortScan,Recon-PingSweep
Recon-PortScan,Recon-PortScan
Recon-PortScan,BenignTraffic
Recon-PortScan,Recon-PortScan
Recon-PortScan,XSS
Recon-PortScan,Recon-PingSweep
Recon-PortScan,Recon-PortScan
Recon-PortScan,Recon-PortScan
Recon-PortScan,BenignTraffic
Recon-PortScan,Recon-PortScan
Recon-PortScan,Recon-PortScan
Recon-PortScan,Recon-HostDiscovery
Recon-PortScan,Recon-PortScan
Recon-PortScan,Recon-PingSweep
Recon-PortScan,Recon-OSScan
Recon-PortScan,Recon-PortScan
Recon-PortScan,Recon-PingSweep
Recon-PortScan,SqlInjection
Recon-PortScan,BenignTraffic
Recon-PortScan,SqlInjection
Recon-PortScan,DictionaryBruteForce
Recon-PortScan,VulnerabilityScan
Recon-PortScan,VulnerabilityScan
Recon-PortScan,SqlInjection
Recon-PortScan,Recon-PortScan
Recon-PortScan,Recon-PortScan
Recon-PortScan,Recon-HostDiscovery
Recon-PortScan,BenignTraffic
Recon-PortScan,DictionaryBruteForce
Recon-PortScan,Recon-PortScan
Recon-PortScan,Recon-PortScan
Recon-PortScan,Recon-OSScan
Recon-PortScan,Recon-PortScan
Recon-PortScan,VulnerabilityScan
Recon-PortScan,SqlInjection
Recon-PortScan,Recon-PortScan
Recon-PortScan,Recon-HostDiscovery
Recon-PortScan,Recon-OSScan
Recon-PortScan,Recon-OSScan
Recon-PortScan,BenignTraffic
Recon-PortScan,BrowserHijacking
Recon-PortScan,Recon-OSScan
Recon-PortScan,Recon-PingSweep
Recon-PortScan,Recon-HostDiscovery
Recon-PortScan,Recon-HostDiscovery
Recon-PortScan,Recon-PortScan
Recon-PortScan,Recon-HostDiscovery
Recon-PortScan,Recon-PortScan
Recon-PortScan,BenignTraffic
Recon-PortScan,VulnerabilityScan
Recon-PortScan,SqlInjection
Recon-PortScan,Recon-PortScan
Recon-PortScan,SqlInjection
Recon-PortScan,Recon-PortScan
Recon-PortScan,Recon-PortScan
Recon-PortScan,Recon-OSScan
Recon-PortScan,Recon-OSScan
Recon-PortScan,SqlInjection
Recon-PortScan,Recon-HostDiscovery
Recon-PortScan,Recon-PortScan
Recon-PortScan,Recon-OSScan
Recon-PortScan,DNS_Spoofing
Recon-PortScan,Recon-OSScan
Recon-PortScan,SqlInjection
Recon-PortScan,Recon-OSScan
Recon-PortScan,BenignTraffic
Recon-PortScan,Recon-PortScan
Recon-PortScan,BenignTraffic
Recon-PortScan,Recon-PortScan
Recon-PortScan,VulnerabilityScan
Recon-PortScan,Recon-PortScan
Recon-PortScan,Recon-HostDiscovery
Recon-PortScan,Recon-PingSweep
Recon-PortScan,Recon-HostDiscovery
Recon-PortScan,Recon-PingSweep
Recon-PortScan,Recon-PortScan
Recon-PortScan,Recon-PortScan
Recon-PortScan,Recon-PortScan
Recon-PortScan,BenignTraffic
Recon-PortScan,Recon-HostDiscovery
Recon-PortScan,Recon-PortScan
Recon-PortScan,BenignTraffic
Recon-PortScan,Recon-PortScan
Recon-PortScan,Recon-OSScan
Recon-PortScan,SqlInjection
Recon-PortScan,SqlInjection
Recon-PortScan,Recon-PortScan
Recon-PortScan,Recon-PortScan
Recon-PortScan,Recon-OSScan
Recon-PortScan,DictionaryBruteForce
Recon-PortScan,VulnerabilityScan
Recon-PortScan,Recon-PortScan
Recon-PortScan,Recon-PingSweep
Recon-PortScan,Recon-PortScan
Recon-PortScan,Recon-HostDiscovery
Recon-PortScan,Recon-PortScan
Recon-PortScan,Recon-PingSweep
Recon-PortScan,SqlInjection
Recon-PortScan,MITM-ArpSpoofing
Recon-PortScan,DictionaryBruteForce
Recon-PortScan,BenignTraffic
Recon-PortScan,Recon-PortScan
Recon-PortScan,BrowserHijacking
Recon-PortScan,Recon-HostDiscovery
Recon-PortScan,SqlInjection
Recon-PortScan,BenignTraffic
Recon-PortScan,BenignTraffic
Recon-PortScan,MITM-ArpSpoofing
Recon-PortScan,DictionaryBruteForce
Recon-PortScan,SqlInjection
Recon-PortScan,Recon-PortScan
Recon-PortScan,Recon-OSScan
Recon-PortScan,BenignTraffic
Recon-PortScan,Recon-PortScan
Recon-PortScan,VulnerabilityScan
Recon-PortScan,Recon-PingSweep
Recon-PortScan,Recon-PortScan
Recon-PortScan,Recon-PortScan
Recon-PortScan,SqlInjection
Recon-PortScan,VulnerabilityScan
Recon-PortScan,Recon-HostDiscovery
Recon-PortScan,Recon-OSScan
Recon-PortScan,Recon-PingSweep
Recon-PortScan,Recon-PortScan
Recon-PortScan,Recon-PortScan
Recon-PortScan,SqlInjection
Recon-PortScan,SqlInjection
Recon-PortScan,Recon-PortScan
Recon-PortScan,DictionaryBruteForce
Recon-PortScan,SqlInjection
Recon-PortScan,Recon-PingSweep
Recon-PortScan,BenignTraffic
Recon-PortScan,Recon-PortScan
Recon-PortScan,Recon-PortScan
Recon-PortScan,Recon-PortScan
Recon-PortScan,BenignTraffic
Recon-PortScan,Recon-PortScan
Recon-PortScan,BenignTraffic
Recon-PortScan,Recon-PortScan
Recon-PortScan,SqlInjection
Recon-PortScan,SqlInjection
Recon-PortScan,Recon-PortScan
Recon-PortScan,Recon-OSScan
Recon-PortScan,Recon-PingSweep
Recon-PortScan,SqlInjection
Recon-PortScan,Recon-PortScan
Recon-PortScan,BenignTraffic
Recon-PortScan,Recon-PortScan
Recon-PortScan,Recon-PortScan
Recon-PortScan,Recon-OSScan
Recon-PortScan,SqlInjection
Recon-PortScan,BenignTraffic
Recon-PortScan,SqlInjection
Recon-PortScan,Recon-OSScan
Recon-PortScan,Recon-PortScan
Recon-PortScan,VulnerabilityScan
Recon-PortScan,Recon-PortScan
Recon-PortScan,VulnerabilityScan
Recon-PortScan,Recon-OSScan
Recon-PortScan,Recon-PortScan
Recon-PortScan,Recon-PortScan
Recon-PortScan,SqlInjection
Recon-PortScan,Recon-PortScan
Recon-PortScan,Recon-PortScan
Recon-PortScan,Recon-PortScan
Recon-PortScan,Recon-PortScan
Recon-PortScan,Uploading_Attack
Recon-PortScan,Recon-PortScan
Recon-PortScan,BenignTraffic
Recon-PortScan,Recon-PortScan
Recon-PortScan,SqlInjection
Recon-PortScan,SqlInjection
Recon-PortScan,Recon-PortScan
Recon-PortScan,Recon-PortScan
Recon-PortScan,Recon-PortScan
Recon-PortScan,VulnerabilityScan
Recon-PortScan,BenignTraffic
Recon-PortScan,Recon-HostDiscovery
Recon-PortScan,DictionaryBruteForce
Recon-PortScan,DictionaryBruteForce
Recon-PortScan,Recon-PortScan
Recon-PortScan,Recon-PortScan
Recon-PortScan,Recon-PortScan
Recon-PortScan,Recon-PortScan
Recon-PortScan,Recon-PortScan
Recon-PortScan,Recon-OSScan
Recon-PortScan,Recon-PingSweep
Recon-PortScan,SqlInjection
Recon-PortScan,VulnerabilityScan
Recon-PortScan,SqlInjection
Recon-PortScan,Backdoor_Malware
Recon-PortScan,Recon-PortScan
Recon-PortScan,Recon-OSScan
Recon-PortScan,Recon-PortScan
Recon-PortScan,SqlInjection
Recon-PortScan,Recon-PortScan
Recon-PortScan,Recon-OSScan
Recon-PortScan,Recon-PortScan
Recon-PortScan,Recon-HostDiscovery
Recon-PortScan,Recon-OSScan
Recon-PortScan,Recon-PingSweep
Recon-PortScan,SqlInjection
Recon-PortScan,VulnerabilityScan
Recon-PortScan,Recon-PortScan
Recon-PortScan,CommandInjection
Recon-PortScan,VulnerabilityScan
Recon-PortScan,VulnerabilityScan
Recon-PortScan,SqlInjection
Recon-PortScan,XSS
Recon-PortScan,VulnerabilityScan
Recon-PortScan,SqlInjection
Recon-PortScan,VulnerabilityScan
Recon-PortScan,SqlInjection
Recon-PortScan,Recon-PortScan
Recon-PortScan,DictionaryBruteForce
Recon-PortScan,SqlInjection
Recon-PortScan,VulnerabilityScan
Recon-PortScan,Recon-PortScan
Recon-PortScan,CommandInjection
Recon-PortScan,BenignTraffic
Recon-PortScan,DictionaryBruteForce
Recon-PortScan,Recon-PingSweep
Recon-PortScan,Backdoor_Malware
Recon-PortScan,VulnerabilityScan
Recon-PortScan,Recon-HostDiscovery
Recon-PortScan,BenignTraffic
Recon-PortScan,Recon-PingSweep
Recon-PortScan,XSS
Recon-PortScan,Recon-PortScan
Recon-PortScan,VulnerabilityScan
Recon-PortScan,Recon-HostDiscovery
Recon-PortScan,Recon-OSScan
Recon-PortScan,VulnerabilityScan
Recon-PortScan,Recon-PortScan
Recon-PortScan,Recon-PortScan
Recon-PortScan,Recon-PortScan
Recon-PortScan,Recon-PortScan
Recon-PortScan,Recon-HostDiscovery
Recon-PortScan,Recon-PortScan
Recon-PortScan,VulnerabilityScan
Recon-PortScan,Recon-OSScan
Recon-PortScan,BenignTraffic
Recon-PortScan,SqlInjection
Recon-PortScan,Recon-PortScan
Recon-PortScan,Backdoor_Malware
Recon-PortScan,SqlInjection
Recon-PortScan,SqlInjection
Recon-PortScan,DictionaryBruteForce
Recon-PortScan,Recon-PortScan
Recon-PortScan,Recon-PortScan
Recon-PortScan,Recon-PortScan
Recon-PortScan,VulnerabilityScan
Recon-PortScan,Recon-HostDiscovery
Recon-PortScan,SqlInjection
Recon-PortScan,Recon-PortScan
Recon-PortScan,SqlInjection
Recon-PortScan,Recon-PortScan
Recon-PortScan,Recon-PortScan
Recon-PortScan,CommandInjection
Recon-PortScan,SqlInjection
Recon-PortScan,Recon-PortScan
Recon-PortScan,DictionaryBruteForce
Recon-PortScan,VulnerabilityScan
Recon-PortScan,SqlInjection
Recon-PortScan,SqlInjection
Recon-PortScan,Recon-PortScan
Recon-PortScan,Backdoor_Malware
Recon-PortScan,Recon-PortScan
Recon-PortScan,Recon-OSScan
Recon-PortScan,Recon-PortScan
Recon-PortScan,Recon-PortScan
Recon-PortScan,SqlInjection
Recon-PortScan,Recon-HostDiscovery
Recon-PortScan,SqlInjection
Recon-PortScan,Recon-PortScan
Recon-PortScan,SqlInjection
Recon-PortScan,Recon-PortScan
Recon-PortScan,Recon-HostDiscovery
Recon-PortScan,Recon-HostDiscovery
Recon-PortScan,Recon-PortScan
Recon-PortScan,Recon-PortScan
Recon-PortScan,Recon-HostDiscovery
Recon-PortScan,BenignTraffic
Recon-PortScan,Recon-OSScan
Recon-PortScan,VulnerabilityScan
Recon-PortScan,DictionaryBruteForce
Recon-PortScan,SqlInjection
Recon-PortScan,Recon-HostDiscovery
Recon-PortScan,Recon-PortScan
Recon-PortScan,Recon-PortScan
Recon-PortScan,Recon-PortScan
VulnerabilityScan,SqlInjection
VulnerabilityScan,VulnerabilityScan
VulnerabilityScan,SqlInjection
VulnerabilityScan,VulnerabilityScan
VulnerabilityScan,VulnerabilityScan
VulnerabilityScan,SqlInjection
VulnerabilityScan,BenignTraffic
VulnerabilityScan,BenignTraffic
VulnerabilityScan,XSS
VulnerabilityScan,VulnerabilityScan
VulnerabilityScan,SqlInjection
VulnerabilityScan,Recon-PingSweep
VulnerabilityScan,SqlInjection
VulnerabilityScan,Recon-PingSweep
VulnerabilityScan,Backdoor_Malware
VulnerabilityScan,BenignTraffic
VulnerabilityScan,Recon-PingSweep
VulnerabilityScan,VulnerabilityScan
VulnerabilityScan,BrowserHijacking
VulnerabilityScan,SqlInjection
VulnerabilityScan,VulnerabilityScan
VulnerabilityScan,Recon-PortScan
VulnerabilityScan,VulnerabilityScan
VulnerabilityScan,Recon-OSScan
VulnerabilityScan,VulnerabilityScan
VulnerabilityScan,SqlInjection
VulnerabilityScan,XSS
VulnerabilityScan,VulnerabilityScan
VulnerabilityScan,VulnerabilityScan
VulnerabilityScan,Recon-PingSweep
VulnerabilityScan,SqlInjection
VulnerabilityScan,Recon-OSScan
VulnerabilityScan,VulnerabilityScan
VulnerabilityScan,SqlInjection
VulnerabilityScan,VulnerabilityScan
VulnerabilityScan,SqlInjection
VulnerabilityScan,SqlInjection
VulnerabilityScan,VulnerabilityScan
VulnerabilityScan,VulnerabilityScan
VulnerabilityScan,BenignTraffic
VulnerabilityScan,SqlInjection
VulnerabilityScan,DictionaryBruteForce
VulnerabilityScan,SqlInjection
VulnerabilityScan,SqlInjection
VulnerabilityScan,CommandInjection
VulnerabilityScan,VulnerabilityScan
VulnerabilityScan,VulnerabilityScan
VulnerabilityScan,DNS_Spoofing
VulnerabilityScan,DictionaryBruteForce
VulnerabilityScan,DNS_Spoofing
VulnerabilityScan,Recon-PingSweep
VulnerabilityScan,SqlInjection
VulnerabilityScan,VulnerabilityScan
VulnerabilityScan,VulnerabilityScan
VulnerabilityScan,CommandInjection
VulnerabilityScan,BenignTraffic
VulnerabilityScan,MITM-ArpSpoofing
VulnerabilityScan,SqlInjection
VulnerabilityScan,BrowserHijacking
VulnerabilityScan,VulnerabilityScan
VulnerabilityScan,XSS
VulnerabilityScan,XSS
VulnerabilityScan,VulnerabilityScan
VulnerabilityScan,VulnerabilityScan
VulnerabilityScan,BrowserHijacking
VulnerabilityScan,XSS
VulnerabilityScan,BrowserHijacking
VulnerabilityScan,SqlInjection
VulnerabilityScan,SqlInjection
VulnerabilityScan,VulnerabilityScan
VulnerabilityScan,VulnerabilityScan
VulnerabilityScan,Backdoor_Malware
VulnerabilityScan,SqlInjection
VulnerabilityScan,SqlInjection
VulnerabilityScan,VulnerabilityScan
VulnerabilityScan,VulnerabilityScan
VulnerabilityScan,DictionaryBruteForce
VulnerabilityScan,Uploading_Attack
VulnerabilityScan,VulnerabilityScan
VulnerabilityScan,SqlInjection
VulnerabilityScan,Recon-PingSweep
VulnerabilityScan,SqlInjection
VulnerabilityScan,SqlInjection
VulnerabilityScan,Backdoor_Malware
VulnerabilityScan,SqlInjection
VulnerabilityScan,Recon-PingSweep
VulnerabilityScan,Recon-OSScan
VulnerabilityScan,SqlInjection
VulnerabilityScan,MITM-ArpSpoofing
VulnerabilityScan,VulnerabilityScan
VulnerabilityScan,VulnerabilityScan
VulnerabilityScan,VulnerabilityScan
VulnerabilityScan,VulnerabilityScan
VulnerabilityScan,VulnerabilityScan
VulnerabilityScan,SqlInjection
VulnerabilityScan,VulnerabilityScan
VulnerabilityScan,SqlInjection
VulnerabilityScan,Recon-PingSweep
VulnerabilityScan,Recon-PingSweep
VulnerabilityScan,VulnerabilityScan
VulnerabilityScan,Recon-PingSweep
VulnerabilityScan,VulnerabilityScan
VulnerabilityScan,SqlInjection
VulnerabilityScan,BrowserHijacking
VulnerabilityScan,SqlInjection
VulnerabilityScan,Recon-PortScan
VulnerabilityScan,VulnerabilityScan
VulnerabilityScan,VulnerabilityScan
VulnerabilityScan,Recon-OSScan
VulnerabilityScan,Recon-PingSweep
VulnerabilityScan,SqlInjection
VulnerabilityScan,BenignTraffic
VulnerabilityScan,Recon-OSScan
VulnerabilityScan,VulnerabilityScan
VulnerabilityScan,Backdoor_Malware
VulnerabilityScan,SqlInjection
VulnerabilityScan,SqlInjection
VulnerabilityScan,SqlInjection
VulnerabilityScan,Recon-PortScan
VulnerabilityScan,VulnerabilityScan
VulnerabilityScan,SqlInjection
VulnerabilityScan,SqlInjection
VulnerabilityScan,VulnerabilityScan
VulnerabilityScan,BenignTraffic
VulnerabilityScan,Recon-HostDiscovery
VulnerabilityScan,BrowserHijacking
VulnerabilityScan,XSS
VulnerabilityScan,SqlInjection
VulnerabilityScan,Uploading_Attack
VulnerabilityScan,Recon-HostDiscovery
VulnerabilityScan,Recon-OSScan
VulnerabilityScan,SqlInjection
VulnerabilityScan,SqlInjection
VulnerabilityScan,SqlInjection
VulnerabilityScan,SqlInjection
VulnerabilityScan,BenignTraffic
VulnerabilityScan,Recon-PingSweep
VulnerabilityScan,DictionaryBruteForce
VulnerabilityScan,XSS
VulnerabilityScan,VulnerabilityScan
VulnerabilityScan,SqlInjection
VulnerabilityScan,Recon-PingSweep
VulnerabilityScan,VulnerabilityScan
VulnerabilityScan,SqlInjection
VulnerabilityScan,SqlInjection
VulnerabilityScan,Recon-HostDiscovery
VulnerabilityScan,Recon-HostDiscovery
VulnerabilityScan,SqlInjection
VulnerabilityScan,VulnerabilityScan
VulnerabilityScan,Recon-PingSweep
VulnerabilityScan,VulnerabilityScan
VulnerabilityScan,SqlInjection
VulnerabilityScan,SqlInjection
VulnerabilityScan,Recon-PortScan
VulnerabilityScan,SqlInjection
VulnerabilityScan,VulnerabilityScan
VulnerabilityScan,VulnerabilityScan
VulnerabilityScan,SqlInjection
VulnerabilityScan,SqlInjection
VulnerabilityScan,DictionaryBruteForce
VulnerabilityScan,Recon-HostDiscovery
VulnerabilityScan,VulnerabilityScan
VulnerabilityScan,DictionaryBruteForce
VulnerabilityScan,SqlInjection
VulnerabilityScan,VulnerabilityScan
VulnerabilityScan,BrowserHijacking
VulnerabilityScan,VulnerabilityScan
VulnerabilityScan,VulnerabilityScan
VulnerabilityScan,SqlInjection
VulnerabilityScan,Uploading_Attack
VulnerabilityScan,VulnerabilityScan
VulnerabilityScan,XSS
VulnerabilityScan,VulnerabilityScan
VulnerabilityScan,Recon-OSScan
VulnerabilityScan,SqlInjection
VulnerabilityScan,XSS
VulnerabilityScan,SqlInjection
VulnerabilityScan,XSS
VulnerabilityScan,VulnerabilityScan
VulnerabilityScan,Recon-HostDiscovery
VulnerabilityScan,SqlInjection
VulnerabilityScan,XSS
VulnerabilityScan,Recon-PortScan
VulnerabilityScan,Backdoor_Malware
VulnerabilityScan,VulnerabilityScan
VulnerabilityScan,VulnerabilityScan
VulnerabilityScan,VulnerabilityScan
VulnerabilityScan,Backdoor_Malware
VulnerabilityScan,DictionaryBruteForce
VulnerabilityScan,SqlInjection
VulnerabilityScan,DictionaryBruteForce
VulnerabilityScan,XSS
VulnerabilityScan,SqlInjection
VulnerabilityScan,XSS
VulnerabilityScan,VulnerabilityScan
VulnerabilityScan,BrowserHijacking
VulnerabilityScan,VulnerabilityScan
VulnerabilityScan,SqlInjection
VulnerabilityScan,VulnerabilityScan
VulnerabilityScan,Recon-PortScan
VulnerabilityScan,VulnerabilityScan
VulnerabilityScan,SqlInjection
VulnerabilityScan,Recon-HostDiscovery
VulnerabilityScan,BrowserHijacking
VulnerabilityScan,VulnerabilityScan
VulnerabilityScan,SqlInjection
VulnerabilityScan,SqlInjection
VulnerabilityScan,SqlInjection
VulnerabilityScan,VulnerabilityScan
VulnerabilityScan,CommandInjection
VulnerabilityScan,Backdoor_Malware
VulnerabilityScan,Recon-PingSweep
VulnerabilityScan,VulnerabilityScan
VulnerabilityScan,SqlInjection
VulnerabilityScan,BenignTraffic
VulnerabilityScan,VulnerabilityScan
VulnerabilityScan,XSS
VulnerabilityScan,VulnerabilityScan
VulnerabilityScan,VulnerabilityScan
VulnerabilityScan,XSS
VulnerabilityScan,VulnerabilityScan
VulnerabilityScan,VulnerabilityScan
VulnerabilityScan,VulnerabilityScan
VulnerabilityScan,SqlInjection
VulnerabilityScan,VulnerabilityScan
VulnerabilityScan,SqlInjection
VulnerabilityScan,CommandInjection
VulnerabilityScan,VulnerabilityScan
VulnerabilityScan,VulnerabilityScan
VulnerabilityScan,SqlInjection
VulnerabilityScan,Recon-PingSweep
VulnerabilityScan,VulnerabilityScan
VulnerabilityScan,BenignTraffic
VulnerabilityScan,SqlInjection
VulnerabilityScan,BenignTraffic
VulnerabilityScan,Recon-HostDiscovery
VulnerabilityScan,SqlInjection
VulnerabilityScan,Recon-PortScan
VulnerabilityScan,DictionaryBruteForce
VulnerabilityScan,DNS_Spoofing
VulnerabilityScan,Recon-PingSweep
VulnerabilityScan,Recon-HostDiscovery
VulnerabilityScan,VulnerabilityScan
VulnerabilityScan,SqlInjection
VulnerabilityScan,XSS
VulnerabilityScan,VulnerabilityScan
VulnerabilityScan,VulnerabilityScan
VulnerabilityScan,DictionaryBruteForce
VulnerabilityScan,SqlInjection
VulnerabilityScan,BenignTraffic
VulnerabilityScan,VulnerabilityScan
VulnerabilityScan,VulnerabilityScan
VulnerabilityScan,SqlInjection
VulnerabilityScan,Recon-OSScan
VulnerabilityScan,BenignTraffic
VulnerabilityScan,BrowserHijacking
VulnerabilityScan,Backdoor_Malware
VulnerabilityScan,VulnerabilityScan
VulnerabilityScan,Recon-PingSweep
VulnerabilityScan,XSS
VulnerabilityScan,SqlInjection
VulnerabilityScan,Recon-PortScan
VulnerabilityScan,VulnerabilityScan
VulnerabilityScan,VulnerabilityScan
VulnerabilityScan,Uploading_Attack
VulnerabilityScan,VulnerabilityScan
VulnerabilityScan,BenignTraffic
VulnerabilityScan,Recon-HostDiscovery
VulnerabilityScan,VulnerabilityScan
VulnerabilityScan,SqlInjection
VulnerabilityScan,SqlInjection
VulnerabilityScan,XSS
VulnerabilityScan,SqlInjection
VulnerabilityScan,Recon-HostDiscovery
VulnerabilityScan,SqlInjection
VulnerabilityScan,VulnerabilityScan
VulnerabilityScan,VulnerabilityScan
VulnerabilityScan,DictionaryBruteForce
VulnerabilityScan,XSS
VulnerabilityScan,SqlInjection
VulnerabilityScan,VulnerabilityScan
VulnerabilityScan,VulnerabilityScan
VulnerabilityScan,BenignTraffic
VulnerabilityScan,VulnerabilityScan
VulnerabilityScan,VulnerabilityScan
VulnerabilityScan,Recon-OSScan
VulnerabilityScan,Backdoor_Malware
VulnerabilityScan,VulnerabilityScan
VulnerabilityScan,VulnerabilityScan
VulnerabilityScan,MITM-ArpSpoofing
VulnerabilityScan,VulnerabilityScan
VulnerabilityScan,VulnerabilityScan
VulnerabilityScan,SqlInjection
VulnerabilityScan,BenignTraffic
VulnerabilityScan,SqlInjection
VulnerabilityScan,SqlInjection
VulnerabilityScan,VulnerabilityScan
VulnerabilityScan,BenignTraffic
VulnerabilityScan,Recon-PingSweep
VulnerabilityScan,Backdoor_Malware
VulnerabilityScan,SqlInjection
VulnerabilityScan,BenignTraffic
VulnerabilityScan,VulnerabilityScan
VulnerabilityScan,SqlInjection
VulnerabilityScan,SqlInjection
VulnerabilityScan,VulnerabilityScan
VulnerabilityScan,DictionaryBruteForce
VulnerabilityScan,VulnerabilityScan
VulnerabilityScan,VulnerabilityScan
VulnerabilityScan,Recon-PingSweep
VulnerabilityScan,XSS
VulnerabilityScan,SqlInjection
VulnerabilityScan,BenignTraffic
VulnerabilityScan,SqlInjection
VulnerabilityScan,Recon-PingSweep
VulnerabilityScan,VulnerabilityScan
VulnerabilityScan,VulnerabilityScan
VulnerabilityScan,Recon-OSScan
VulnerabilityScan,BenignTraffic
VulnerabilityScan,DictionaryBruteForce
VulnerabilityScan,BrowserHijacking
VulnerabilityScan,VulnerabilityScan
VulnerabilityScan,Recon-PortScan
VulnerabilityScan,Recon-PortScan
VulnerabilityScan,VulnerabilityScan
VulnerabilityScan,SqlInjection
VulnerabilityScan,VulnerabilityScan
VulnerabilityScan,SqlInjection
VulnerabilityScan,VulnerabilityScan
VulnerabilityScan,Recon-PortScan
VulnerabilityScan,SqlInjection
VulnerabilityScan,BenignTraffic
VulnerabilityScan,BenignTraffic
VulnerabilityScan,SqlInjection
VulnerabilityScan,SqlInjection
VulnerabilityScan,XSS
VulnerabilityScan,Recon-PortScan
VulnerabilityScan,BenignTraffic
VulnerabilityScan,Recon-HostDiscovery
VulnerabilityScan,SqlInjection
VulnerabilityScan,XSS
VulnerabilityScan,VulnerabilityScan
VulnerabilityScan,BrowserHijacking
VulnerabilityScan,VulnerabilityScan
VulnerabilityScan,VulnerabilityScan
VulnerabilityScan,CommandInjection
VulnerabilityScan,VulnerabilityScan
VulnerabilityScan,VulnerabilityScan
VulnerabilityScan,SqlInjection
VulnerabilityScan,SqlInjection
VulnerabilityScan,Recon-HostDiscovery
VulnerabilityScan,VulnerabilityScan
VulnerabilityScan,DictionaryBruteForce
VulnerabilityScan,SqlInjection
VulnerabilityScan,SqlInjection
VulnerabilityScan,DictionaryBruteForce
VulnerabilityScan,VulnerabilityScan
VulnerabilityScan,VulnerabilityScan
VulnerabilityScan,Recon-HostDiscovery
VulnerabilityScan,VulnerabilityScan
VulnerabilityScan,MITM-ArpSpoofing
VulnerabilityScan,SqlInjection
VulnerabilityScan,SqlInjection
VulnerabilityScan,DictionaryBruteForce
VulnerabilityScan,SqlInjection
VulnerabilityScan,VulnerabilityScan
VulnerabilityScan,Recon-HostDiscovery
VulnerabilityScan,VulnerabilityScan
VulnerabilityScan,SqlInjection
VulnerabilityScan,DictionaryBruteForce
VulnerabilityScan,VulnerabilityScan
VulnerabilityScan,XSS
VulnerabilityScan,Recon-HostDiscovery
VulnerabilityScan,BrowserHijacking
VulnerabilityScan,VulnerabilityScan
VulnerabilityScan,SqlInjection
VulnerabilityScan,BrowserHijacking
VulnerabilityScan,SqlInjection
VulnerabilityScan,BrowserHijacking
VulnerabilityScan,VulnerabilityScan
VulnerabilityScan,VulnerabilityScan
VulnerabilityScan,DictionaryBruteForce
VulnerabilityScan,VulnerabilityScan
VulnerabilityScan,Recon-PingSweep
VulnerabilityScan,XSS
VulnerabilityScan,XSS
VulnerabilityScan,XSS
VulnerabilityScan,Recon-OSScan
VulnerabilityScan,VulnerabilityScan
VulnerabilityScan,VulnerabilityScan
VulnerabilityScan,VulnerabilityScan
VulnerabilityScan,BenignTraffic
VulnerabilityScan,Recon-PortScan
VulnerabilityScan,BenignTraffic
VulnerabilityScan,SqlInjection
VulnerabilityScan,Recon-PingSweep
VulnerabilityScan,XSS
VulnerabilityScan,SqlInjection
VulnerabilityScan,Recon-HostDiscovery
VulnerabilityScan,SqlInjection
Backdoor_Malware,SqlInjection
Backdoor_Malware,Backdoor_Malware
Backdoor_Malware,XSS
Backdoor_Malware,XSS
Backdoor_Malware,BenignTraffic
Backdoor_Malware,Backdoor_Malware
Backdoor_Malware,Backdoor_Malware
Backdoor_Malware,XSS
Backdoor_Malware,Uploading_Attack
Backdoor_Malware,XSS
Backdoor_Malware,Recon-PingSweep
Backdoor_Malware,XSS
Backdoor_Malware,Backdoor_Malware
Backdoor_Malware,XSS
Backdoor_Malware,VulnerabilityScan
Backdoor_Malware,XSS
Backdoor_Malware,XSS
Backdoor_Malware,XSS
Backdoor_Malware,SqlInjection
Backdoor_Malware,Backdoor_Malware
Backdoor_Malware,XSS
Backdoor_Malware,XSS
Backdoor_Malware,Backdoor_Malware
Backdoor_Malware,SqlInjection
Backdoor_Malware,XSS
Backdoor_Malware,Backdoor_Malware
Backdoor_Malware,Backdoor_Malware
Backdoor_Malware,CommandInjection
Backdoor_Malware,Recon-HostDiscovery
Backdoor_Malware,Backdoor_Malware
Backdoor_Malware,Backdoor_Malware
Backdoor_Malware,XSS
Backdoor_Malware,Uploading_Attack
Backdoor_Malware,Recon-HostDiscovery
Backdoor_Malware,XSS
Backdoor_Malware,XSS
Backdoor_Malware,XSS
Backdoor_Malware,Recon-HostDiscovery
Backdoor_Malware,Backdoor_Malware
Backdoor_Malware,Backdoor_Malware
Backdoor_Malware,Backdoor_Malware
Backdoor_Malware,Backdoor_Malware
Backdoor_Malware,XSS
Backdoor_Malware,Recon-HostDiscovery
Backdoor_Malware,Backdoor_Malware
Backdoor_Malware,XSS
Backdoor_Malware,XSS
Backdoor_Malware,BenignTraffic
Backdoor_Malware,Backdoor_Malware
Backdoor_Malware,XSS
Backdoor_Malware,XSS
Backdoor_Malware,SqlInjection
Backdoor_Malware,BrowserHijacking
Backdoor_Malware,Recon-HostDiscovery
Backdoor_Malware,Backdoor_Malware
Backdoor_Malware,XSS
Backdoor_Malware,SqlInjection
Backdoor_Malware,BenignTraffic
Backdoor_Malware,XSS
Backdoor_Malware,BenignTraffic
Backdoor_Malware,SqlInjection
Backdoor_Malware,Backdoor_Malware
Backdoor_Malware,XSS
Backdoor_Malware,VulnerabilityScan
Backdoor_Malware,SqlInjection
Backdoor_Malware,Backdoor_Malware
Backdoor_Malware,Backdoor_Malware
Backdoor_Malware,Backdoor_Malware
Backdoor_Malware,XSS
Backdoor_Malware,Backdoor_Malware
Backdoor_Malware,CommandInjection
Backdoor_Malware,Recon-OSScan
Backdoor_Malware,Backdoor_Malware
Backdoor_Malware,Backdoor_Malware
Backdoor_Malware,XSS
Backdoor_Malware,Backdoor_Malware
Backdoor_Malware,XSS
Backdoor_Malware,Backdoor_Malware
Backdoor_Malware,VulnerabilityScan
Backdoor_Malware,Uploading_Attack
Backdoor_Malware,Backdoor_Malware
Backdoor_Malware,BrowserHijacking
Backdoor_Malware,XSS
Backdoor_Malware,XSS
Backdoor_Malware,Backdoor_Malware
Backdoor_Malware,SqlInjection
Backdoor_Malware,BrowserHijacking
Backdoor_Malware,VulnerabilityScan
Backdoor_Malware,MITM-ArpSpoofing
Backdoor_Malware,XSS
Backdoor_Malware,VulnerabilityScan
Backdoor_Malware,SqlInjection
Backdoor_Malware,Backdoor_Malware
Backdoor_Malware,XSS
Backdoor_Malware,CommandInjection
Backdoor_Malware,XSS
Backdoor_Malware,BenignTraffic
Backdoor_Malware,XSS
Backdoor_Malware,XSS
Backdoor_Malware,XSS
Backdoor_Malware,Recon-PingSweep
Backdoor_Malware,BenignTraffic
Backdoor_Malware,SqlInjection
Backdoor_Malware,XSS
Backdoor_Malware,SqlInjection
Backdoor_Malware,XSS
Backdoor_Malware,Uploading_Attack
Backdoor_Malware,CommandInjection
Backdoor_Malware,XSS
Backdoor_Malware,Backdoor_Malware
Backdoor_Malware,SqlInjection
Backdoor_Malware,SqlInjection
Backdoor_Malware,XSS
Backdoor_Malware,XSS
Backdoor_Malware,Backdoor_Malware
Backdoor_Malware,Backdoor_Malware
Backdoor_Malware,Recon-HostDiscovery
Backdoor_Malware,Backdoor_Malware
Backdoor_Malware,BenignTraffic
Backdoor_Malware,SqlInjection
Backdoor_Malware,CommandInjection
Backdoor_Malware,XSS
Backdoor_Malware,BenignTraffic
Backdoor_Malware,XSS
Backdoor_Malware,BenignTraffic
Backdoor_Malware,XSS
Backdoor_Malware,DNS_Spoofing
Backdoor_Malware,XSS
Backdoor_Malware,Backdoor_Malware
Backdoor_Malware,SqlInjection
Backdoor_Malware,XSS
Backdoor_Malware,Backdoor_Malware
Backdoor_Malware,Backdoor_Malware
Backdoor_Malware,Recon-HostDiscovery
Backdoor_Malware,Backdoor_Malware
Backdoor_Malware,SqlInjection
Backdoor_Malware,XSS
Backdoor_Malware,XSS
Backdoor_Malware,Backdoor_Malware
Backdoor_Malware,XSS
Backdoor_Malware,VulnerabilityScan
Backdoor_Malware,BenignTraffic
Backdoor_Malware,Recon-PingSweep
Backdoor_Malware,BenignTraffic
Backdoor_Malware,Uploading_Attack
Backdoor_Malware,Backdoor_Malware
Backdoor_Malware,DictionaryBruteForce
Backdoor_Malware,Uploading_Attack
Backdoor_Malware,BrowserHijacking
Backdoor_Malware,BenignTraffic
Backdoor_Malware,Backdoor_Malware
Backdoor_Malware,Recon-OSScan
Backdoor_Malware,XSS
Backdoor_Malware,Uploading_Attack
Backdoor_Malware,CommandInjection
Backdoor_Malware,XSS
Backdoor_Malware,BenignTraffic
Backdoor_Malware,XSS
Backdoor_Malware,Backdoor_Malware
Backdoor_Malware,SqlInjection
Backdoor_Malware,Backdoor_Malware
Backdoor_Malware,BenignTraffic
Backdoor_Malware,XSS
Backdoor_Malware,Recon-HostDiscovery
Backdoor_Malware,Backdoor_Malware
Backdoor_Malware,XSS
Backdoor_Malware,Backdoor_Malware
Backdoor_Malware,Backdoor_Malware
Backdoor_Malware,CommandInjection
Backdoor_Malware,XSS
Backdoor_Malware,Backdoor_Malware
Backdoor_Malware,XSS
Backdoor_Malware,Backdoor_Malware
Backdoor_Malware,Recon-OSScan
Backdoor_Malware,XSS
Backdoor_Malware,XSS
Backdoor_Malware,BrowserHijacking
Backdoor_Malware,Uploading_Attack
Backdoor_Malware,XSS
Backdoor_Malware,Backdoor_Malware
Backdoor_Malware,Uploading_Attack
Backdoor_Malware,Recon-HostDiscovery
Backdoor_Malware,VulnerabilityScan
Backdoor_Malware,Backdoor_Malware
Backdoor_Malware,Backdoor_Malware
Backdoor_Malware,Backdoor_Malware
Backdoor_Malware,Backdoor_Malware
Backdoor_Malware,XSS
Backdoor_Malware,XSS
Backdoor_Malware,Recon-HostDiscovery
Backdoor_Malware,BenignTraffic
Backdoor_Malware,Backdoor_Malware
Backdoor_Malware,SqlInjection
Backdoor_Malware,Recon-PingSweep
Backdoor_Malware,Backdoor_Malware
Backdoor_Malware,XSS
Backdoor_Malware,XSS
Backdoor_Malware,SqlInjection
Backdoor_Malware,Backdoor_Malware
Backdoor_Malware,XSS
Backdoor_Malware,XSS
Backdoor_Malware,Uploading_Attack
Backdoor_Malware,Backdoor_Malware
Backdoor_Malware,MITM-ArpSpoofing
Backdoor_Malware,XSS
Backdoor_Malware,Uploading_Attack
Backdoor_Malware,MITM-ArpSpoofing
Backdoor_Malware,XSS
Backdoor_Malware,Backdoor_Malware
Backdoor_Malware,CommandInjection
Backdoor_Malware,XSS
Backdoor_Malware,XSS
Backdoor_Malware,Backdoor_Malware
Backdoor_Malware,BrowserHijacking
Backdoor_Malware,XSS
Backdoor_Malware,Backdoor_Malware
Backdoor_Malware,Backdoor_Malware
Backdoor_Malware,VulnerabilityScan
Backdoor_Malware,DictionaryBruteForce
Backdoor_Malware,Backdoor_Malware
Backdoor_Malware,Uploading_Attack
Backdoor_Malware,XSS
Backdoor_Malware,VulnerabilityScan
Backdoor_Malware,Backdoor_Malware
Backdoor_Malware,XSS
Backdoor_Malware,Backdoor_Malware
Backdoor_Malware,XSS
Backdoor_Malware,Backdoor_Malware
Backdoor_Malware,BrowserHijacking
Backdoor_Malware,SqlInjection
Backdoor_Malware,Recon-HostDiscovery
Backdoor_Malware,Backdoor_Malware
Backdoor_Malware,BrowserHijacking
Backdoor_Malware,BrowserHijacking
Backdoor_Malware,Backdoor_Malware
Backdoor_Malware,Backdoor_Malware
Backdoor_Malware,XSS
Backdoor_Malware,Recon-PingSweep
Backdoor_Malware,CommandInjection
Backdoor_Malware,Backdoor_Malware
Backdoor_Malware,XSS
Backdoor_Malware,BenignTraffic
Backdoor_Malware,Uploading_Attack
Backdoor_Malware,VulnerabilityScan
Backdoor_Malware,XSS
Backdoor_Malware,XSS
Backdoor_Malware,SqlInjection
Backdoor_Malware,Recon-PingSweep
Backdoor_Malware,Recon-OSScan
Backdoor_Malware,Backdoor_Malware
Backdoor_Malware,Uploading_Attack
Backdoor_Malware,XSS
Backdoor_Malware,Backdoor_Malware
Backdoor_Malware,Recon-HostDiscovery
Backdoor_Malware,Recon-HostDiscovery
Backdoor_Malware,VulnerabilityScan
Backdoor_Malware,Backdoor_Malware
Backdoor_Malware,Uploading_Attack
Backdoor_Malware,Backdoor_Malware
Backdoor_Malware,Backdoor_Malware
Backdoor_Malware,XSS
Backdoor_Malware,SqlInjection
Backdoor_Malware,XSS
Backdoor_Malware,Backdoor_Malware
Backdoor_Malware,Uploading_Attack
Backdoor_Malware,Backdoor_Malware
Backdoor_Malware,Backdoor_Malware
Backdoor_Malware,XSS
Backdoor_Malware,Uploading_Attack
Backdoor_Malware,XSS
Backdoor_Malware,SqlInjection
Backdoor_Malware,Backdoor_Malware
Backdoor_Malware,CommandInjection
Backdoor_Malware,XSS
Backdoor_Malware,Backdoor_Malware
Backdoor_Malware,CommandInjection
Backdoor_Malware,MITM-ArpSpoofing
Backdoor_Malware,Backdoor_Malware
Backdoor_Malware,Backdoor_Malware
Backdoor_Malware,SqlInjection
Backdoor_Malware,Backdoor_Malware
Backdoor_Malware,Recon-PingSweep
Backdoor_Malware,SqlInjection
Backdoor_Malware,Backdoor_Malware
Backdoor_Malware,Backdoor_Malware
Backdoor_Malware,XSS
Backdoor_Malware,Backdoor_Malware
Backdoor_Malware,Recon-PingSweep
Backdoor_Malware,Backdoor_Malware
Backdoor_Malware,CommandInjection
Backdoor_Malware,Recon-HostDiscovery
Backdoor_Malware,XSS
Backdoor_Malware,BenignTraffic
Backdoor_Malware,Recon-HostDiscovery
Backdoor_Malware,Backdoor_Malware
Backdoor_Malware,Backdoor_Malware
Backdoor_Malware,Backdoor_Malware
Backdoor_Malware,VulnerabilityScan
Backdoor_Malware,XSS
Backdoor_Malware,VulnerabilityScan
Backdoor_Malware,VulnerabilityScan
Backdoor_Malware,CommandInjection
Backdoor_Malware,XSS
Backdoor_Malware,Backdoor_Malware
Backdoor_Malware,VulnerabilityScan
Backdoor_Malware,XSS
Backdoor_Malware,Recon-OSScan
Backdoor_Malware,Recon-HostDiscovery
Backdoor_Malware,Backdoor_Malware
Backdoor_Malware,Backdoor_Malware
Backdoor_Malware,Recon-PingSweep
Backdoor_Malware,Uploading_Attack
Backdoor_Malware,XSS
Backdoor_Malware,VulnerabilityScan
Backdoor_Malware,BrowserHijacking
Backdoor_Malware,Recon-PingSweep
Backdoor_Malware,Backdoor_Malware
Backdoor_Malware,Recon-PingSweep
Backdoor_Malware,XSS
Backdoor_Malware,CommandInjection
Backdoor_Malware,XSS
Backdoor_Malware,XSS
Backdoor_Malware,SqlInjection
Backdoor_Malware,XSS
Backdoor_Malware,XSS
Backdoor_Malware,Backdoor_Malware
Backdoor_Malware,Backdoor_Malware
Backdoor_Malware,DictionaryBruteForce
Backdoor_Malware,XSS
Backdoor_Malware,XSS
Backdoor_Malware,XSS
Backdoor_Malware,Backdoor_Malware
Backdoor_Malware,Backdoor_Malware
Backdoor_Malware,XSS
Backdoor_Malware,XSS
Backdoor_Malware,SqlInjection
Backdoor_Malware,XSS
Backdoor_Malware,VulnerabilityScan
Backdoor_Malware,Backdoor_Malware
Backdoor_Malware,Backdoor_Malware
Backdoor_Malware,DictionaryBruteForce
Backdoor_Malware,DictionaryBruteForce
Backdoor_Malware,Backdoor_Malware
Backdoor_Malware,SqlInjection
Backdoor_Malware,XSS
Backdoor_Malware,Backdoor_Malware
Backdoor_Malware,Backdoor_Malware
Backdoor_Malware,XSS
Backdoor_Malware,SqlInjection
Backdoor_Malware,BrowserHijacking
Backdoor_Malware,XSS
Backdoor_Malware,CommandInjection
Backdoor_Malware,SqlInjection
Backdoor_Malware,Backdoor_Malware
Backdoor_Malware,SqlInjection
Backdoor_Malware,XSS
Backdoor_Malware,Backdoor_Malware
Backdoor_Malware,Backdoor_Malware
Backdoor_Malware,VulnerabilityScan
Backdoor_Malware,XSS
Backdoor_Malware,VulnerabilityScan
Backdoor_Malware,Backdoor_Malware
Backdoor_Malware,Backdoor_Malware
Backdoor_Malware,Backdoor_Malware
Backdoor_Malware,Uploading_Attack
Backdoor_Malware,VulnerabilityScan
Backdoor_Malware,Backdoor_Malware
Backdoor_Malware,Backdoor_Malware
Backdoor_Malware,BenignTraffic
Backdoor_Malware,XSS
Backdoor_Malware,BrowserHijacking
Backdoor_Malware,XSS
Backdoor_Malware,VulnerabilityScan
Backdoor_Malware,XSS
Backdoor_Malware,XSS
Backdoor_Malware,XSS
Backdoor_Malware,Backdoor_Malware
Backdoor_Malware,Recon-PingSweep
Backdoor_Malware,DictionaryBruteForce
Backdoor_Malware,Uploading_Attack
Backdoor_Malware,MITM-ArpSpoofing
Backdoor_Malware,Recon-HostDiscovery
Backdoor_Malware,Backdoor_Malware
Backdoor_Malware,Uploading_Attack
Backdoor_Malware,Backdoor_Malware
Backdoor_Malware,XSS
Backdoor_Malware,XSS
Backdoor_Malware,XSS
Backdoor_Malware,CommandInjection
Backdoor_Malware,Backdoor_Malware
Backdoor_Malware,Recon-HostDiscovery
Backdoor_Malware,Backdoor_Malware
Backdoor_Malware,Backdoor_Malware
Backdoor_Malware,Backdoor_Malware
Backdoor_Malware,Backdoor_Malware
Backdoor_Malware,VulnerabilityScan
Backdoor_Malware,CommandInjection
Backdoor_Malware,BenignTraffic
Backdoor_Malware,XSS
Backdoor_Malware,XSS
DDoS-PSHACK_Flood,DDoS-PSHACK_Flood
DDoS-PSHACK_Flood,DDoS-PSHACK_Flood
DDoS-PSHACK_Flood,DDoS-PSHACK_Flood
DDoS-PSHACK_Flood,DDoS-PSHACK_Flood
DDoS-PSHACK_Flood,DDoS-PSHACK_Flood
DDoS-PSHACK_Flood,DDoS-PSHACK_Flood
DDoS-PSHACK_Flood,DDoS-PSHACK_Flood
DDoS-PSHACK_Flood,DDoS-PSHACK_Flood
DDoS-PSHACK_Flood,DDoS-PSHACK_Flood
DDoS-PSHACK_Flood,DDoS-PSHACK_Flood
DDoS-PSHACK_Flood,DDoS-PSHACK_Flood
DDoS-PSHACK_Flood,DDoS-PSHACK_Flood
DDoS-PSHACK_Flood,DDoS-PSHACK_Flood
DDoS-PSHACK_Flood,DDoS-PSHACK_Flood
DDoS-PSHACK_Flood,DDoS-PSHACK_Flood
DDoS-PSHACK_Flood,DDoS-PSHACK_Flood
DDoS-PSHACK_Flood,DDoS-PSHACK_Flood
DDoS-PSHACK_Flood,DDoS-PSHACK_Flood
DDoS-PSHACK_Flood,DDoS-PSHACK_Flood
DDoS-PSHACK_Flood,DDoS-PSHACK_Flood
DDoS-PSHACK_Flood,DDoS-PSHACK_Flood
DDoS-PSHACK_Flood,DDoS-PSHACK_Flood
DDoS-PSHACK_Flood,DDoS-PSHACK_Flood
DDoS-PSHACK_Flood,DDoS-PSHACK_Flood
DDoS-PSHACK_Flood,DDoS-PSHACK_Flood
DDoS-PSHACK_Flood,DDoS-PSHACK_Flood
DDoS-PSHACK_Flood,DDoS-PSHACK_Flood
DDoS-PSHACK_Flood,DDoS-PSHACK_Flood
DDoS-PSHACK_Flood,DDoS-PSHACK_Flood
DDoS-PSHACK_Flood,DDoS-PSHACK_Flood
DDoS-PSHACK_Flood,DDoS-PSHACK_Flood
DDoS-PSHACK_Flood,DDoS-PSHACK_Flood
DDoS-PSHACK_Flood,DDoS-PSHACK_Flood
DDoS-PSHACK_Flood,DDoS-PSHACK_Flood
DDoS-PSHACK_Flood,DDoS-PSHACK_Flood
DDoS-PSHACK_Flood,DDoS-PSHACK_Flood
DDoS-PSHACK_Flood,DDoS-PSHACK_Flood
DDoS-PSHACK_Flood,DDoS-PSHACK_Flood
DDoS-PSHACK_Flood,DDoS-PSHACK_Flood
DDoS-PSHACK_Flood,DDoS-PSHACK_Flood
DDoS-PSHACK_Flood,DDoS-PSHACK_Flood
DDoS-PSHACK_Flood,DDoS-PSHACK_Flood
DDoS-PSHACK_Flood,DDoS-PSHACK_Flood
DDoS-PSHACK_Flood,DDoS-PSHACK_Flood
DDoS-PSHACK_Flood,DDoS-PSHACK_Flood
DDoS-PSHACK_Flood,DDoS-PSHACK_Flood
DDoS-PSHACK_Flood,DDoS-PSHACK_Flood
DDoS-PSHACK_Flood,DDoS-PSHACK_Flood
DDoS-PSHACK_Flood,DDoS-PSHACK_Flood
DDoS-PSHACK_Flood,DDoS-PSHACK_Flood
DDoS-PSHACK_Flood,DDoS-PSHACK_Flood
DDoS-PSHACK_Flood,DDoS-PSHACK_Flood
DDoS-PSHACK_Flood,DDoS-PSHACK_Flood
DDoS-PSHACK_Flood,DDoS-PSHACK_Flood
DDoS-PSHACK_Flood,DDoS-PSHACK_Flood
DDoS-PSHACK_Flood,DDoS-PSHACK_Flood
DDoS-PSHACK_Flood,DDoS-PSHACK_Flood
DDoS-PSHACK_Flood,DDoS-PSHACK_Flood
DDoS-PSHACK_Flood,DDoS-PSHACK_Flood
DDoS-PSHACK_Flood,DDoS-PSHACK_Flood
DDoS-PSHACK_Flood,DDoS-PSHACK_Flood
DDoS-PSHACK_Flood,DDoS-PSHACK_Flood
DDoS-PSHACK_Flood,DDoS-PSHACK_Flood
DDoS-PSHACK_Flood,DDoS-PSHACK_Flood
DDoS-PSHACK_Flood,DDoS-PSHACK_Flood
DDoS-PSHACK_Flood,DDoS-PSHACK_Flood
DDoS-PSHACK_Flood,DDoS-PSHACK_Flood
DDoS-PSHACK_Flood,DDoS-PSHACK_Flood
DDoS-PSHACK_Flood,DDoS-PSHACK_Flood
DDoS-PSHACK_Flood,DDoS-PSHACK_Flood
DDoS-PSHACK_Flood,DDoS-PSHACK_Flood
DDoS-PSHACK_Flood,DDoS-PSHACK_Flood
DDoS-PSHACK_Flood,DDoS-PSHACK_Flood
DDoS-PSHACK_Flood,DDoS-PSHACK_Flood
DDoS-PSHACK_Flood,DDoS-PSHACK_Flood
DDoS-PSHACK_Flood,DDoS-PSHACK_Flood
DDoS-PSHACK_Flood,DDoS-PSHACK_Flood
DDoS-PSHACK_Flood,DDoS-PSHACK_Flood
DDoS-PSHACK_Flood,DDoS-PSHACK_Flood
DDoS-PSHACK_Flood,DDoS-PSHACK_Flood
DDoS-PSHACK_Flood,DDoS-PSHACK_Flood
DDoS-PSHACK_Flood,DDoS-PSHACK_Flood
DDoS-PSHACK_Flood,DDoS-PSHACK_Flood
DDoS-PSHACK_Flood,DDoS-PSHACK_Flood
DDoS-PSHACK_Flood,DDoS-PSHACK_Flood
DDoS-PSHACK_Flood,DDoS-PSHACK_Flood
DDoS-PSHACK_Flood,DDoS-PSHACK_Flood
DDoS-PSHACK_Flood,DDoS-PSHACK_Flood
DDoS-PSHACK_Flood,DDoS-PSHACK_Flood
DDoS-PSHACK_Flood,DDoS-PSHACK_Flood
DDoS-PSHACK_Flood,DDoS-PSHACK_Flood
DDoS-PSHACK_Flood,DDoS-PSHACK_Flood
DDoS-PSHACK_Flood,DDoS-PSHACK_Flood
DDoS-PSHACK_Flood,DDoS-PSHACK_Flood
DDoS-PSHACK_Flood,DDoS-PSHACK_Flood
DDoS-PSHACK_Flood,DDoS-PSHACK_Flood
DDoS-PSHACK_Flood,DDoS-PSHACK_Flood
DDoS-PSHACK_Flood,DDoS-PSHACK_Flood
DDoS-PSHACK_Flood,DDoS-PSHACK_Flood
DDoS-PSHACK_Flood,DDoS-PSHACK_Flood
DDoS-PSHACK_Flood,DDoS-PSHACK_Flood
DDoS-PSHACK_Flood,DDoS-PSHACK_Flood
DDoS-PSHACK_Flood,DDoS-PSHACK_Flood
DDoS-PSHACK_Flood,DDoS-PSHACK_Flood
DDoS-PSHACK_Flood,DDoS-PSHACK_Flood
DDoS-PSHACK_Flood,DDoS-PSHACK_Flood
DDoS-PSHACK_Flood,DDoS-PSHACK_Flood
DDoS-PSHACK_Flood,DDoS-PSHACK_Flood
DDoS-PSHACK_Flood,DDoS-PSHACK_Flood
DDoS-PSHACK_Flood,DDoS-PSHACK_Flood
DDoS-PSHACK_Flood,DDoS-PSHACK_Flood
DDoS-PSHACK_Flood,DDoS-PSHACK_Flood
DDoS-PSHACK_Flood,DDoS-PSHACK_Flood
DDoS-PSHACK_Flood,DDoS-PSHACK_Flood
DDoS-PSHACK_Flood,DDoS-PSHACK_Flood
DDoS-PSHACK_Flood,DDoS-PSHACK_Flood
DDoS-PSHACK_Flood,DDoS-PSHACK_Flood
DDoS-PSHACK_Flood,DDoS-PSHACK_Flood
DDoS-PSHACK_Flood,DDoS-PSHACK_Flood
DDoS-PSHACK_Flood,DDoS-PSHACK_Flood
DDoS-PSHACK_Flood,DDoS-PSHACK_Flood
DDoS-PSHACK_Flood,DDoS-PSHACK_Flood
DDoS-PSHACK_Flood,DDoS-PSHACK_Flood
DDoS-PSHACK_Flood,DDoS-PSHACK_Flood
DDoS-PSHACK_Flood,DDoS-PSHACK_Flood
DDoS-PSHACK_Flood,DDoS-PSHACK_Flood
DDoS-PSHACK_Flood,DDoS-PSHACK_Flood
DDoS-PSHACK_Flood,DDoS-PSHACK_Flood
DDoS-PSHACK_Flood,DDoS-PSHACK_Flood
DDoS-PSHACK_Flood,DDoS-PSHACK_Flood
DDoS-PSHACK_Flood,DDoS-PSHACK_Flood
DDoS-PSHACK_Flood,DDoS-PSHACK_Flood
DDoS-PSHACK_Flood,DDoS-PSHACK_Flood
DDoS-PSHACK_Flood,DDoS-PSHACK_Flood
DDoS-PSHACK_Flood,DDoS-PSHACK_Flood
DDoS-PSHACK_Flood,DDoS-PSHACK_Flood
DDoS-PSHACK_Flood,DDoS-PSHACK_Flood
DDoS-PSHACK_Flood,DDoS-PSHACK_Flood
DDoS-PSHACK_Flood,DDoS-PSHACK_Flood
DDoS-PSHACK_Flood,DDoS-PSHACK_Flood
DDoS-PSHACK_Flood,DDoS-PSHACK_Flood
DDoS-PSHACK_Flood,DDoS-PSHACK_Flood
DDoS-PSHACK_Flood,DDoS-PSHACK_Flood
DDoS-PSHACK_Flood,DDoS-PSHACK_Flood
DDoS-PSHACK_Flood,DDoS-PSHACK_Flood
DDoS-PSHACK_Flood,DDoS-PSHACK_Flood
DDoS-PSHACK_Flood,DDoS-PSHACK_Flood
DDoS-PSHACK_Flood,DDoS-PSHACK_Flood
DDoS-PSHACK_Flood,DDoS-PSHACK_Flood
DDoS-PSHACK_Flood,DDoS-PSHACK_Flood
DDoS-PSHACK_Flood,DDoS-PSHACK_Flood
DDoS-PSHACK_Flood,DDoS-PSHACK_Flood
DDoS-PSHACK_Flood,DDoS-PSHACK_Flood
DDoS-PSHACK_Flood,DDoS-PSHACK_Flood
DDoS-PSHACK_Flood,DDoS-PSHACK_Flood
DDoS-PSHACK_Flood,DDoS-PSHACK_Flood
DDoS-PSHACK_Flood,DDoS-PSHACK_Flood
DDoS-PSHACK_Flood,DDoS-PSHACK_Flood
DDoS-PSHACK_Flood,DDoS-PSHACK_Flood
DDoS-PSHACK_Flood,DDoS-PSHACK_Flood
DDoS-PSHACK_Flood,DDoS-PSHACK_Flood
DDoS-PSHACK_Flood,DDoS-PSHACK_Flood
DDoS-PSHACK_Flood,DDoS-PSHACK_Flood
DDoS-PSHACK_Flood,DDoS-PSHACK_Flood
DDoS-PSHACK_Flood,DDoS-PSHACK_Flood
DDoS-PSHACK_Flood,DDoS-PSHACK_Flood
DDoS-PSHACK_Flood,DDoS-PSHACK_Flood
DDoS-PSHACK_Flood,DDoS-PSHACK_Flood
DDoS-PSHACK_Flood,DDoS-PSHACK_Flood
DDoS-PSHACK_Flood,DDoS-PSHACK_Flood
DDoS-PSHACK_Flood,DDoS-PSHACK_Flood
DDoS-PSHACK_Flood,DDoS-PSHACK_Flood
DDoS-PSHACK_Flood,DDoS-PSHACK_Flood
DDoS-PSHACK_Flood,DDoS-PSHACK_Flood
DDoS-PSHACK_Flood,DDoS-PSHACK_Flood
DDoS-PSHACK_Flood,DDoS-PSHACK_Flood
DDoS-PSHACK_Flood,DDoS-PSHACK_Flood
DDoS-PSHACK_Flood,DDoS-PSHACK_Flood
DDoS-PSHACK_Flood,DDoS-PSHACK_Flood
DDoS-PSHACK_Flood,DDoS-PSHACK_Flood
DDoS-PSHACK_Flood,DDoS-PSHACK_Flood
DDoS-PSHACK_Flood,DDoS-PSHACK_Flood
DDoS-PSHACK_Flood,DDoS-PSHACK_Flood
DDoS-PSHACK_Flood,DDoS-PSHACK_Flood
DDoS-PSHACK_Flood,DDoS-PSHACK_Flood
DDoS-PSHACK_Flood,DDoS-PSHACK_Flood
DDoS-PSHACK_Flood,DDoS-PSHACK_Flood
DDoS-PSHACK_Flood,DoS-SYN_Flood
DDoS-PSHACK_Flood,DDoS-PSHACK_Flood
DDoS-PSHACK_Flood,DDoS-PSHACK_Flood
DDoS-PSHACK_Flood,DDoS-PSHACK_Flood
DDoS-PSHACK_Flood,DDoS-PSHACK_Flood
DDoS-PSHACK_Flood,DDoS-PSHACK_Flood
DDoS-PSHACK_Flood,DDoS-PSHACK_Flood
DDoS-PSHACK_Flood,DDoS-PSHACK_Flood
DDoS-PSHACK_Flood,DDoS-PSHACK_Flood
DDoS-PSHACK_Flood,DDoS-PSHACK_Flood
DDoS-PSHACK_Flood,DDoS-PSHACK_Flood
DDoS-PSHACK_Flood,DDoS-PSHACK_Flood
DDoS-PSHACK_Flood,DDoS-PSHACK_Flood
DDoS-PSHACK_Flood,DDoS-PSHACK_Flood
DDoS-PSHACK_Flood,DDoS-PSHACK_Flood
DDoS-PSHACK_Flood,DDoS-PSHACK_Flood
DDoS-PSHACK_Flood,DDoS-PSHACK_Flood
DDoS-PSHACK_Flood,DDoS-PSHACK_Flood
DDoS-PSHACK_Flood,DDoS-PSHACK_Flood
DDoS-PSHACK_Flood,DDoS-PSHACK_Flood
DDoS-PSHACK_Flood,DDoS-PSHACK_Flood
DDoS-PSHACK_Flood,DDoS-PSHACK_Flood
DDoS-PSHACK_Flood,DDoS-PSHACK_Flood
DDoS-PSHACK_Flood,DDoS-PSHACK_Flood
DDoS-PSHACK_Flood,DDoS-PSHACK_Flood
DDoS-PSHACK_Flood,DDoS-PSHACK_Flood
DDoS-PSHACK_Flood,DDoS-PSHACK_Flood
DDoS-PSHACK_Flood,DDoS-PSHACK_Flood
DDoS-PSHACK_Flood,DDoS-PSHACK_Flood
DDoS-PSHACK_Flood,DDoS-PSHACK_Flood
DDoS-PSHACK_Flood,DDoS-PSHACK_Flood
DDoS-PSHACK_Flood,DDoS-PSHACK_Flood
DDoS-PSHACK_Flood,DDoS-PSHACK_Flood
DDoS-PSHACK_Flood,DDoS-PSHACK_Flood
DDoS-PSHACK_Flood,DDoS-PSHACK_Flood
DDoS-PSHACK_Flood,DDoS-PSHACK_Flood
DDoS-PSHACK_Flood,DDoS-PSHACK_Flood
DDoS-PSHACK_Flood,DDoS-PSHACK_Flood
DDoS-PSHACK_Flood,DDoS-PSHACK_Flood
DDoS-PSHACK_Flood,DDoS-PSHACK_Flood
DDoS-PSHACK_Flood,DDoS-PSHACK_Flood
DDoS-PSHACK_Flood,DDoS-PSHACK_Flood
DDoS-PSHACK_Flood,DDoS-PSHACK_Flood
DDoS-PSHACK_Flood,DDoS-PSHACK_Flood
DDoS-PSHACK_Flood,DDoS-PSHACK_Flood
DDoS-PSHACK_Flood,DDoS-PSHACK_Flood
DDoS-PSHACK_Flood,DDoS-PSHACK_Flood
DDoS-PSHACK_Flood,DDoS-PSHACK_Flood
DDoS-PSHACK_Flood,DDoS-PSHACK_Flood
DDoS-PSHACK_Flood,DDoS-PSHACK_Flood
DDoS-PSHACK_Flood,DDoS-PSHACK_Flood
DDoS-PSHACK_Flood,DDoS-PSHACK_Flood
DDoS-PSHACK_Flood,DDoS-PSHACK_Flood
DDoS-PSHACK_Flood,DDoS-PSHACK_Flood
DDoS-PSHACK_Flood,DDoS-PSHACK_Flood
DDoS-PSHACK_Flood,DDoS-PSHACK_Flood
DDoS-PSHACK_Flood,DDoS-PSHACK_Flood
DDoS-PSHACK_Flood,DDoS-PSHACK_Flood
DDoS-PSHACK_Flood,DDoS-PSHACK_Flood
DDoS-PSHACK_Flood,DDoS-PSHACK_Flood
DDoS-PSHACK_Flood,DDoS-PSHACK_Flood
DDoS-PSHACK_Flood,DDoS-PSHACK_Flood
DDoS-PSHACK_Flood,DDoS-PSHACK_Flood
DDoS-PSHACK_Flood,DDoS-PSHACK_Flood
DDoS-PSHACK_Flood,DDoS-PSHACK_Flood
DDoS-PSHACK_Flood,DDoS-PSHACK_Flood
DDoS-PSHACK_Flood,DDoS-PSHACK_Flood
DDoS-PSHACK_Flood,DDoS-PSHACK_Flood
DDoS-PSHACK_Flood,DDoS-PSHACK_Flood
DDoS-PSHACK_Flood,DDoS-PSHACK_Flood
DDoS-PSHACK_Flood,DDoS-PSHACK_Flood
DDoS-PSHACK_Flood,DDoS-PSHACK_Flood
DDoS-PSHACK_Flood,DDoS-PSHACK_Flood
DDoS-PSHACK_Flood,DDoS-PSHACK_Flood
DDoS-PSHACK_Flood,DDoS-PSHACK_Flood
DDoS-PSHACK_Flood,DDoS-PSHACK_Flood
DDoS-PSHACK_Flood,DDoS-PSHACK_Flood
DDoS-PSHACK_Flood,DDoS-PSHACK_Flood
DDoS-PSHACK_Flood,DDoS-PSHACK_Flood
DDoS-PSHACK_Flood,DDoS-PSHACK_Flood
DDoS-PSHACK_Flood,DDoS-PSHACK_Flood
DDoS-PSHACK_Flood,DDoS-PSHACK_Flood
DDoS-PSHACK_Flood,DDoS-PSHACK_Flood
DDoS-PSHACK_Flood,DDoS-PSHACK_Flood
DDoS-PSHACK_Flood,DDoS-PSHACK_Flood
DDoS-PSHACK_Flood,DDoS-PSHACK_Flood
DDoS-PSHACK_Flood,DDoS-PSHACK_Flood
DDoS-PSHACK_Flood,DDoS-PSHACK_Flood
DDoS-PSHACK_Flood,DDoS-PSHACK_Flood
DDoS-PSHACK_Flood,DDoS-PSHACK_Flood
DDoS-PSHACK_Flood,DDoS-PSHACK_Flood
DDoS-PSHACK_Flood,DDoS-PSHACK_Flood
DDoS-PSHACK_Flood,DDoS-PSHACK_Flood
DDoS-PSHACK_Flood,DDoS-PSHACK_Flood
DDoS-PSHACK_Flood,DDoS-PSHACK_Flood
DDoS-PSHACK_Flood,DDoS-PSHACK_Flood
DDoS-PSHACK_Flood,DDoS-PSHACK_Flood
DDoS-PSHACK_Flood,DDoS-PSHACK_Flood
DDoS-PSHACK_Flood,DDoS-PSHACK_Flood
DDoS-PSHACK_Flood,DDoS-PSHACK_Flood
DDoS-PSHACK_Flood,DDoS-PSHACK_Flood
DDoS-PSHACK_Flood,DDoS-PSHACK_Flood
DDoS-PSHACK_Flood,DDoS-PSHACK_Flood
DDoS-PSHACK_Flood,DDoS-PSHACK_Flood
DDoS-PSHACK_Flood,DDoS-PSHACK_Flood
DDoS-PSHACK_Flood,DDoS-PSHACK_Flood
DDoS-PSHACK_Flood,DDoS-PSHACK_Flood
DDoS-PSHACK_Flood,DDoS-PSHACK_Flood
DDoS-PSHACK_Flood,DDoS-PSHACK_Flood
DDoS-PSHACK_Flood,DDoS-PSHACK_Flood
DDoS-PSHACK_Flood,DDoS-PSHACK_Flood
DDoS-PSHACK_Flood,DDoS-PSHACK_Flood
DDoS-PSHACK_Flood,DDoS-PSHACK_Flood
DDoS-PSHACK_Flood,DDoS-PSHACK_Flood
DDoS-PSHACK_Flood,DDoS-PSHACK_Flood
DDoS-PSHACK_Flood,DDoS-PSHACK_Flood
DDoS-PSHACK_Flood,DDoS-PSHACK_Flood
DDoS-PSHACK_Flood,DDoS-PSHACK_Flood
DDoS-PSHACK_Flood,DDoS-PSHACK_Flood
DDoS-PSHACK_Flood,DDoS-PSHACK_Flood
DDoS-PSHACK_Flood,DDoS-PSHACK_Flood
DDoS-PSHACK_Flood,DDoS-PSHACK_Flood
DDoS-PSHACK_Flood,DDoS-PSHACK_Flood
DDoS-PSHACK_Flood,DDoS-PSHACK_Flood
DDoS-PSHACK_Flood,DDoS-PSHACK_Flood
DDoS-PSHACK_Flood,DDoS-PSHACK_Flood
DDoS-PSHACK_Flood,DDoS-PSHACK_Flood
DDoS-PSHACK_Flood,DDoS-PSHACK_Flood
DDoS-PSHACK_Flood,DDoS-PSHACK_Flood
DDoS-PSHACK_Flood,DDoS-PSHACK_Flood
DDoS-PSHACK_Flood,DDoS-PSHACK_Flood
DDoS-PSHACK_Flood,DDoS-PSHACK_Flood
DDoS-PSHACK_Flood,DDoS-PSHACK_Flood
DDoS-PSHACK_Flood,DDoS-PSHACK_Flood
DDoS-PSHACK_Flood,DDoS-PSHACK_Flood
DDoS-PSHACK_Flood,DDoS-PSHACK_Flood
DDoS-PSHACK_Flood,DDoS-PSHACK_Flood
DDoS-PSHACK_Flood,DDoS-PSHACK_Flood
DDoS-PSHACK_Flood,DDoS-PSHACK_Flood
DDoS-PSHACK_Flood,DDoS-PSHACK_Flood
DDoS-PSHACK_Flood,DDoS-PSHACK_Flood
DDoS-PSHACK_Flood,DDoS-PSHACK_Flood
DDoS-PSHACK_Flood,DDoS-PSHACK_Flood
DDoS-PSHACK_Flood,DDoS-PSHACK_Flood
DDoS-PSHACK_Flood,DDoS-PSHACK_Flood
DDoS-PSHACK_Flood,DDoS-PSHACK_Flood
DDoS-PSHACK_Flood,DDoS-PSHACK_Flood
DDoS-PSHACK_Flood,DDoS-PSHACK_Flood
DDoS-PSHACK_Flood,DDoS-PSHACK_Flood
DDoS-PSHACK_Flood,DDoS-PSHACK_Flood
DDoS-PSHACK_Flood,DDoS-PSHACK_Flood
DDoS-PSHACK_Flood,DDoS-PSHACK_Flood
DDoS-PSHACK_Flood,DDoS-PSHACK_Flood
DDoS-PSHACK_Flood,DDoS-PSHACK_Flood
DDoS-PSHACK_Flood,DDoS-PSHACK_Flood
DDoS-PSHACK_Flood,DDoS-PSHACK_Flood
DDoS-PSHACK_Flood,DDoS-PSHACK_Flood
DDoS-PSHACK_Flood,DDoS-PSHACK_Flood
DDoS-PSHACK_Flood,DDoS-PSHACK_Flood
DDoS-PSHACK_Flood,DDoS-PSHACK_Flood
DDoS-PSHACK_Flood,DDoS-PSHACK_Flood
DDoS-PSHACK_Flood,DDoS-PSHACK_Flood
DDoS-PSHACK_Flood,DDoS-PSHACK_Flood
DDoS-PSHACK_Flood,DDoS-PSHACK_Flood
DDoS-PSHACK_Flood,DDoS-PSHACK_Flood
DDoS-PSHACK_Flood,DDoS-PSHACK_Flood
DDoS-PSHACK_Flood,DDoS-PSHACK_Flood
DDoS-PSHACK_Flood,DDoS-PSHACK_Flood
DDoS-PSHACK_Flood,DDoS-PSHACK_Flood
DDoS-PSHACK_Flood,DDoS-PSHACK_Flood
DDoS-PSHACK_Flood,DDoS-PSHACK_Flood
DDoS-PSHACK_Flood,DDoS-PSHACK_Flood
DDoS-PSHACK_Flood,DDoS-PSHACK_Flood
DDoS-PSHACK_Flood,DDoS-PSHACK_Flood
DDoS-PSHACK_Flood,DDoS-PSHACK_Flood
DDoS-PSHACK_Flood,DDoS-PSHACK_Flood
DDoS-PSHACK_Flood,DDoS-PSHACK_Flood
DDoS-PSHACK_Flood,DDoS-PSHACK_Flood
DDoS-PSHACK_Flood,DDoS-PSHACK_Flood
DDoS-PSHACK_Flood,DDoS-PSHACK_Flood
DDoS-PSHACK_Flood,DDoS-PSHACK_Flood
DDoS-PSHACK_Flood,DDoS-PSHACK_Flood
DDoS-PSHACK_Flood,DDoS-PSHACK_Flood
DDoS-PSHACK_Flood,DDoS-PSHACK_Flood
DDoS-PSHACK_Flood,DDoS-PSHACK_Flood
DDoS-PSHACK_Flood,DDoS-PSHACK_Flood
DDoS-PSHACK_Flood,DDoS-PSHACK_Flood
DDoS-PSHACK_Flood,DDoS-PSHACK_Flood
DDoS-PSHACK_Flood,DDoS-PSHACK_Flood
DDoS-PSHACK_Flood,DDoS-PSHACK_Flood
DDoS-PSHACK_Flood,DDoS-PSHACK_Flood
DDoS-PSHACK_Flood,DDoS-PSHACK_Flood
DDoS-PSHACK_Flood,DDoS-PSHACK_Flood
DDoS-PSHACK_Flood,DDoS-PSHACK_Flood
DDoS-PSHACK_Flood,DDoS-PSHACK_Flood
DDoS-PSHACK_Flood,DDoS-PSHACK_Flood
DDoS-PSHACK_Flood,DDoS-PSHACK_Flood
DDoS-PSHACK_Flood,DDoS-PSHACK_Flood
DDoS-PSHACK_Flood,DDoS-PSHACK_Flood
DDoS-PSHACK_Flood,DDoS-PSHACK_Flood
DDoS-PSHACK_Flood,DDoS-PSHACK_Flood
DDoS-PSHACK_Flood,DDoS-PSHACK_Flood
DDoS-PSHACK_Flood,DDoS-PSHACK_Flood
DDoS-PSHACK_Flood,DDoS-PSHACK_Flood
DDoS-PSHACK_Flood,DDoS-PSHACK_Flood
DDoS-PSHACK_Flood,DDoS-PSHACK_Flood
DDoS-PSHACK_Flood,DDoS-PSHACK_Flood
DDoS-PSHACK_Flood,DDoS-PSHACK_Flood
DDoS-PSHACK_Flood,DDoS-PSHACK_Flood
DDoS-PSHACK_Flood,DDoS-PSHACK_Flood
DDoS-PSHACK_Flood,DDoS-PSHACK_Flood
DDoS-PSHACK_Flood,DDoS-PSHACK_Flood
DDoS-PSHACK_Flood,DDoS-PSHACK_Flood
DoS-HTTP_Flood,DoS-HTTP_Flood
DoS-HTTP_Flood,DoS-HTTP_Flood
DoS-HTTP_Flood,DDoS-HTTP_Flood
DoS-HTTP_Flood,DoS-HTTP_Flood
DoS-HTTP_Flood,DoS-HTTP_Flood
DoS-HTTP_Flood,VulnerabilityScan
DoS-HTTP_Flood,DoS-HTTP_Flood
DoS-HTTP_Flood,DoS-HTTP_Flood
DoS-HTTP_Flood,DoS-HTTP_Flood
DoS-HTTP_Flood,DoS-HTTP_Flood
DoS-HTTP_Flood,DoS-HTTP_Flood
DoS-HTTP_Flood,DoS-HTTP_Flood
DoS-HTTP_Flood,DoS-HTTP_Flood
DoS-HTTP_Flood,DoS-HTTP_Flood
DoS-HTTP_Flood,DoS-HTTP_Flood
DoS-HTTP_Flood,DDoS-HTTP_Flood
DoS-HTTP_Flood,DoS-HTTP_Flood
DoS-HTTP_Flood,DoS-HTTP_Flood
DoS-HTTP_Flood,DoS-HTTP_Flood
DoS-HTTP_Flood,DoS-HTTP_Flood
DoS-HTTP_Flood,DoS-HTTP_Flood
DoS-HTTP_Flood,DoS-HTTP_Flood
DoS-HTTP_Flood,DoS-HTTP_Flood
DoS-HTTP_Flood,DoS-HTTP_Flood
DoS-HTTP_Flood,DoS-HTTP_Flood
DoS-HTTP_Flood,DoS-HTTP_Flood
DoS-HTTP_Flood,DoS-HTTP_Flood
DoS-HTTP_Flood,DoS-HTTP_Flood
DoS-HTTP_Flood,DoS-HTTP_Flood
DoS-HTTP_Flood,DoS-HTTP_Flood
DoS-HTTP_Flood,DoS-HTTP_Flood
DoS-HTTP_Flood,DoS-HTTP_Flood
DoS-HTTP_Flood,DoS-HTTP_Flood
DoS-HTTP_Flood,DoS-HTTP_Flood
DoS-HTTP_Flood,DoS-HTTP_Flood
DoS-HTTP_Flood,DoS-HTTP_Flood
DoS-HTTP_Flood,DoS-HTTP_Flood
DoS-HTTP_Flood,DoS-HTTP_Flood
DoS-HTTP_Flood,DoS-HTTP_Flood
DoS-HTTP_Flood,DoS-HTTP_Flood
DoS-HTTP_Flood,DoS-HTTP_Flood
DoS-HTTP_Flood,DoS-HTTP_Flood
DoS-HTTP_Flood,DoS-HTTP_Flood
DoS-HTTP_Flood,DoS-HTTP_Flood
DoS-HTTP_Flood,DoS-HTTP_Flood
DoS-HTTP_Flood,DDoS-HTTP_Flood
DoS-HTTP_Flood,DoS-HTTP_Flood
DoS-HTTP_Flood,DoS-HTTP_Flood
DoS-HTTP_Flood,DoS-HTTP_Flood
DoS-HTTP_Flood,DoS-HTTP_Flood
DoS-HTTP_Flood,DoS-HTTP_Flood
DoS-HTTP_Flood,DoS-HTTP_Flood
DoS-HTTP_Flood,DDoS-HTTP_Flood
DoS-HTTP_Flood,DoS-HTTP_Flood
DoS-HTTP_Flood,DoS-HTTP_Flood
DoS-HTTP_Flood,DoS-HTTP_Flood
DoS-HTTP_Flood,DoS-HTTP_Flood
DoS-HTTP_Flood,DoS-HTTP_Flood
DoS-HTTP_Flood,DoS-HTTP_Flood
DoS-HTTP_Flood,DoS-HTTP_Flood
DoS-HTTP_Flood,DoS-HTTP_Flood
DoS-HTTP_Flood,DoS-HTTP_Flood
DoS-HTTP_Flood,DoS-HTTP_Flood
DoS-HTTP_Flood,DoS-HTTP_Flood
DoS-HTTP_Flood,DoS-HTTP_Flood
DoS-HTTP_Flood,DoS-HTTP_Flood
DoS-HTTP_Flood,DoS-HTTP_Flood
DoS-HTTP_Flood,DoS-HTTP_Flood
DoS-HTTP_Flood,DoS-HTTP_Flood
DoS-HTTP_Flood,DoS-HTTP_Flood
DoS-HTTP_Flood,DoS-HTTP_Flood
DoS-HTTP_Flood,DoS-HTTP_Flood
DoS-HTTP_Flood,DoS-HTTP_Flood
DoS-HTTP_Flood,DoS-HTTP_Flood
DoS-HTTP_Flood,DoS-HTTP_Flood
DoS-HTTP_Flood,DoS-HTTP_Flood
DoS-HTTP_Flood,DoS-HTTP_Flood
DoS-HTTP_Flood,DoS-HTTP_Flood
DoS-HTTP_Flood,DoS-HTTP_Flood
DoS-HTTP_Flood,DoS-HTTP_Flood
DoS-HTTP_Flood,DoS-HTTP_Flood
DoS-HTTP_Flood,DoS-HTTP_Flood
DoS-HTTP_Flood,DoS-HTTP_Flood
DoS-HTTP_Flood,DoS-HTTP_Flood
DoS-HTTP_Flood,DoS-HTTP_Flood
DoS-HTTP_Flood,DoS-HTTP_Flood
DoS-HTTP_Flood,DoS-HTTP_Flood
DoS-HTTP_Flood,DoS-HTTP_Flood
DoS-HTTP_Flood,DoS-HTTP_Flood
DoS-HTTP_Flood,DoS-HTTP_Flood
DoS-HTTP_Flood,DoS-HTTP_Flood
DoS-HTTP_Flood,DoS-HTTP_Flood
DoS-HTTP_Flood,DoS-HTTP_Flood
DoS-HTTP_Flood,DoS-HTTP_Flood
DoS-HTTP_Flood,DoS-HTTP_Flood
DoS-HTTP_Flood,DoS-HTTP_Flood
DoS-HTTP_Flood,DoS-HTTP_Flood
DoS-HTTP_Flood,DoS-HTTP_Flood
DoS-HTTP_Flood,DoS-HTTP_Flood
DoS-HTTP_Flood,DoS-HTTP_Flood
DoS-HTTP_Flood,DoS-HTTP_Flood
DoS-HTTP_Flood,DoS-HTTP_Flood
DoS-HTTP_Flood,DoS-HTTP_Flood
DoS-HTTP_Flood,DoS-HTTP_Flood
DoS-HTTP_Flood,DoS-HTTP_Flood
DoS-HTTP_Flood,DoS-HTTP_Flood
DoS-HTTP_Flood,DoS-HTTP_Flood
DoS-HTTP_Flood,DoS-HTTP_Flood
DoS-HTTP_Flood,DoS-HTTP_Flood
DoS-HTTP_Flood,DoS-HTTP_Flood
DoS-HTTP_Flood,DoS-HTTP_Flood
DoS-HTTP_Flood,DoS-HTTP_Flood
DoS-HTTP_Flood,DoS-HTTP_Flood
DoS-HTTP_Flood,DoS-HTTP_Flood
DoS-HTTP_Flood,DoS-HTTP_Flood
DoS-HTTP_Flood,DoS-HTTP_Flood
DoS-HTTP_Flood,DoS-HTTP_Flood
DoS-HTTP_Flood,DDoS-HTTP_Flood
DoS-HTTP_Flood,DoS-HTTP_Flood
DoS-HTTP_Flood,DoS-HTTP_Flood
DoS-HTTP_Flood,DoS-HTTP_Flood
DoS-HTTP_Flood,DoS-HTTP_Flood
DoS-HTTP_Flood,DoS-HTTP_Flood
DoS-HTTP_Flood,DoS-HTTP_Flood
DoS-HTTP_Flood,DoS-HTTP_Flood
DoS-HTTP_Flood,DDoS-HTTP_Flood
DoS-HTTP_Flood,DoS-HTTP_Flood
DoS-HTTP_Flood,DoS-HTTP_Flood
DoS-HTTP_Flood,DoS-HTTP_Flood
DoS-HTTP_Flood,DoS-HTTP_Flood
DoS-HTTP_Flood,DoS-HTTP_Flood
DoS-HTTP_Flood,DoS-HTTP_Flood
DoS-HTTP_Flood,DoS-HTTP_Flood
DoS-HTTP_Flood,DoS-HTTP_Flood
DoS-HTTP_Flood,DoS-HTTP_Flood
DoS-HTTP_Flood,DoS-HTTP_Flood
DoS-HTTP_Flood,DoS-HTTP_Flood
DoS-HTTP_Flood,DoS-HTTP_Flood
DoS-HTTP_Flood,DoS-HTTP_Flood
DoS-HTTP_Flood,DoS-HTTP_Flood
DoS-HTTP_Flood,DoS-HTTP_Flood
DoS-HTTP_Flood,DoS-HTTP_Flood
DoS-HTTP_Flood,DDoS-HTTP_Flood
DoS-HTTP_Flood,DoS-HTTP_Flood
DoS-HTTP_Flood,DDoS-HTTP_Flood
DoS-HTTP_Flood,DoS-HTTP_Flood
DoS-HTTP_Flood,DoS-HTTP_Flood
DoS-HTTP_Flood,DoS-HTTP_Flood
DoS-HTTP_Flood,DoS-HTTP_Flood
DoS-HTTP_Flood,DoS-HTTP_Flood
DoS-HTTP_Flood,DoS-HTTP_Flood
DoS-HTTP_Flood,DoS-HTTP_Flood
DoS-HTTP_Flood,DoS-HTTP_Flood
DoS-HTTP_Flood,DoS-HTTP_Flood
DoS-HTTP_Flood,DDoS-HTTP_Flood
DoS-HTTP_Flood,DoS-HTTP_Flood
DoS-HTTP_Flood,DoS-HTTP_Flood
DoS-HTTP_Flood,DoS-HTTP_Flood
DoS-HTTP_Flood,DoS-HTTP_Flood
DoS-HTTP_Flood,DoS-HTTP_Flood
DoS-HTTP_Flood,DDoS-HTTP_Flood
DoS-HTTP_Flood,DoS-HTTP_Flood
DoS-HTTP_Flood,DoS-HTTP_Flood
DoS-HTTP_Flood,DoS-HTTP_Flood
DoS-HTTP_Flood,DoS-HTTP_Flood
DoS-HTTP_Flood,DoS-HTTP_Flood
DoS-HTTP_Flood,DoS-HTTP_Flood
DoS-HTTP_Flood,DoS-HTTP_Flood
DoS-HTTP_Flood,DoS-HTTP_Flood
DoS-HTTP_Flood,DDoS-HTTP_Flood
DoS-HTTP_Flood,DoS-HTTP_Flood
DoS-HTTP_Flood,DoS-HTTP_Flood
DoS-HTTP_Flood,DDoS-HTTP_Flood
DoS-HTTP_Flood,DoS-HTTP_Flood
DoS-HTTP_Flood,DoS-HTTP_Flood
DoS-HTTP_Flood,DoS-HTTP_Flood
DoS-HTTP_Flood,DoS-HTTP_Flood
DoS-HTTP_Flood,DoS-HTTP_Flood
DoS-HTTP_Flood,DoS-HTTP_Flood
DoS-HTTP_Flood,DoS-HTTP_Flood
DoS-HTTP_Flood,DoS-HTTP_Flood
DoS-HTTP_Flood,DDoS-HTTP_Flood
DoS-HTTP_Flood,DoS-HTTP_Flood
DoS-HTTP_Flood,DoS-HTTP_Flood
DoS-HTTP_Flood,DoS-HTTP_Flood
DoS-HTTP_Flood,DoS-HTTP_Flood
DoS-HTTP_Flood,DoS-HTTP_Flood
DoS-HTTP_Flood,DoS-HTTP_Flood
DoS-HTTP_Flood,DoS-HTTP_Flood
DoS-HTTP_Flood,DoS-HTTP_Flood
DoS-HTTP_Flood,DoS-HTTP_Flood
DoS-HTTP_Flood,DDoS-HTTP_Flood
DoS-HTTP_Flood,DoS-HTTP_Flood
DoS-HTTP_Flood,DoS-HTTP_Flood
DoS-HTTP_Flood,DDoS-HTTP_Flood
DoS-HTTP_Flood,DoS-HTTP_Flood
DoS-HTTP_Flood,DDoS-HTTP_Flood
DoS-HTTP_Flood,DoS-HTTP_Flood
DoS-HTTP_Flood,DoS-HTTP_Flood
DoS-HTTP_Flood,DoS-HTTP_Flood
DoS-HTTP_Flood,DoS-HTTP_Flood
DoS-HTTP_Flood,DoS-HTTP_Flood
DoS-HTTP_Flood,DoS-HTTP_Flood
DoS-HTTP_Flood,DoS-HTTP_Flood
DoS-HTTP_Flood,DoS-HTTP_Flood
DoS-HTTP_Flood,DoS-HTTP_Flood
DoS-HTTP_Flood,DoS-HTTP_Flood
DoS-HTTP_Flood,DoS-HTTP_Flood
DoS-HTTP_Flood,DoS-HTTP_Flood
DoS-HTTP_Flood,DDoS-HTTP_Flood
DoS-HTTP_Flood,DoS-HTTP_Flood
DoS-HTTP_Flood,DoS-HTTP_Flood
DoS-HTTP_Flood,DoS-HTTP_Flood
DoS-HTTP_Flood,DoS-HTTP_Flood
DoS-HTTP_Flood,DoS-HTTP_Flood
DoS-HTTP_Flood,DoS-HTTP_Flood
DoS-HTTP_Flood,DDoS-HTTP_Flood
DoS-HTTP_Flood,DoS-HTTP_Flood
DoS-HTTP_Flood,DoS-HTTP_Flood
DoS-HTTP_Flood,DoS-HTTP_Flood
DoS-HTTP_Flood,DoS-HTTP_Flood
DoS-HTTP_Flood,DoS-HTTP_Flood
DoS-HTTP_Flood,DDoS-HTTP_Flood
DoS-HTTP_Flood,DDoS-HTTP_Flood
DoS-HTTP_Flood,DoS-HTTP_Flood
DoS-HTTP_Flood,DoS-HTTP_Flood
DoS-HTTP_Flood,DoS-HTTP_Flood
DoS-HTTP_Flood,DoS-HTTP_Flood
DoS-HTTP_Flood,DoS-HTTP_Flood
DoS-HTTP_Flood,DoS-HTTP_Flood
DoS-HTTP_Flood,DDoS-SlowLoris
DoS-HTTP_Flood,DoS-HTTP_Flood
DoS-HTTP_Flood,DoS-HTTP_Flood
DoS-HTTP_Flood,DoS-HTTP_Flood
DoS-HTTP_Flood,DoS-HTTP_Flood
DoS-HTTP_Flood,DoS-HTTP_Flood
DoS-HTTP_Flood,DoS-HTTP_Flood
DoS-HTTP_Flood,DoS-HTTP_Flood
DoS-HTTP_Flood,DoS-HTTP_Flood
DoS-HTTP_Flood,DoS-HTTP_Flood
DoS-HTTP_Flood,DoS-HTTP_Flood
DoS-HTTP_Flood,DoS-HTTP_Flood
DoS-HTTP_Flood,DoS-HTTP_Flood
DoS-HTTP_Flood,DoS-HTTP_Flood
DoS-HTTP_Flood,DDoS-HTTP_Flood
DoS-HTTP_Flood,DoS-HTTP_Flood
DoS-HTTP_Flood,DoS-HTTP_Flood
DoS-HTTP_Flood,DoS-HTTP_Flood
DoS-HTTP_Flood,DoS-HTTP_Flood
DoS-HTTP_Flood,DDoS-HTTP_Flood
DoS-HTTP_Flood,DoS-HTTP_Flood
DoS-HTTP_Flood,DDoS-HTTP_Flood
DoS-HTTP_Flood,DoS-HTTP_Flood
DoS-HTTP_Flood,DoS-HTTP_Flood
DoS-HTTP_Flood,DoS-HTTP_Flood
DoS-HTTP_Flood,DoS-HTTP_Flood
DoS-HTTP_Flood,DoS-HTTP_Flood
DoS-HTTP_Flood,DoS-HTTP_Flood
DoS-HTTP_Flood,DoS-HTTP_Flood
DoS-HTTP_Flood,DoS-HTTP_Flood
DoS-HTTP_Flood,DoS-HTTP_Flood
DoS-HTTP_Flood,DoS-HTTP_Flood
DoS-HTTP_Flood,DDoS-HTTP_Flood
DoS-HTTP_Flood,DoS-HTTP_Flood
DoS-HTTP_Flood,DoS-HTTP_Flood
DoS-HTTP_Flood,DoS-HTTP_Flood
DoS-HTTP_Flood,DoS-HTTP_Flood
DoS-HTTP_Flood,DoS-HTTP_Flood
DoS-HTTP_Flood,DoS-HTTP_Flood
DoS-HTTP_Flood,DoS-HTTP_Flood
DoS-HTTP_Flood,DoS-HTTP_Flood
DoS-HTTP_Flood,DoS-HTTP_Flood
DoS-HTTP_Flood,DoS-HTTP_Flood
DoS-HTTP_Flood,DoS-HTTP_Flood
DoS-HTTP_Flood,DoS-HTTP_Flood
DoS-HTTP_Flood,DoS-HTTP_Flood
DoS-HTTP_Flood,DoS-HTTP_Flood
DoS-HTTP_Flood,DoS-HTTP_Flood
DoS-HTTP_Flood,DDoS-HTTP_Flood
DoS-HTTP_Flood,DoS-HTTP_Flood
DoS-HTTP_Flood,DoS-HTTP_Flood
DoS-HTTP_Flood,DoS-HTTP_Flood
DoS-HTTP_Flood,DoS-HTTP_Flood
DoS-HTTP_Flood,DoS-HTTP_Flood
DoS-HTTP_Flood,DoS-HTTP_Flood
DoS-HTTP_Flood,DoS-HTTP_Flood
DoS-HTTP_Flood,DDoS-HTTP_Flood
DoS-HTTP_Flood,DoS-HTTP_Flood
DoS-HTTP_Flood,DoS-HTTP_Flood
DoS-HTTP_Flood,DoS-HTTP_Flood
DoS-HTTP_Flood,DoS-HTTP_Flood
DoS-HTTP_Flood,DoS-HTTP_Flood
DoS-HTTP_Flood,DoS-HTTP_Flood
DoS-HTTP_Flood,DoS-HTTP_Flood
DoS-HTTP_Flood,DoS-HTTP_Flood
DoS-HTTP_Flood,DoS-HTTP_Flood
DoS-HTTP_Flood,DoS-HTTP_Flood
DoS-HTTP_Flood,DoS-HTTP_Flood
DoS-HTTP_Flood,DoS-HTTP_Flood
DoS-HTTP_Flood,DDoS-HTTP_Flood
DoS-HTTP_Flood,DoS-HTTP_Flood
DoS-HTTP_Flood,DoS-HTTP_Flood
DoS-HTTP_Flood,DoS-HTTP_Flood
DoS-HTTP_Flood,DoS-HTTP_Flood
DoS-HTTP_Flood,DoS-HTTP_Flood
DoS-HTTP_Flood,DoS-HTTP_Flood
DoS-HTTP_Flood,DoS-HTTP_Flood
DoS-HTTP_Flood,DoS-HTTP_Flood
DoS-HTTP_Flood,DoS-HTTP_Flood
DoS-HTTP_Flood,DoS-HTTP_Flood
DoS-HTTP_Flood,DoS-HTTP_Flood
DoS-HTTP_Flood,DoS-HTTP_Flood
DoS-HTTP_Flood,DoS-HTTP_Flood
DoS-HTTP_Flood,DoS-HTTP_Flood
DoS-HTTP_Flood,DoS-HTTP_Flood
DoS-HTTP_Flood,DDoS-HTTP_Flood
DoS-HTTP_Flood,DDoS-HTTP_Flood
DoS-HTTP_Flood,DoS-HTTP_Flood
DoS-HTTP_Flood,DoS-HTTP_Flood
DoS-HTTP_Flood,DoS-HTTP_Flood
DoS-HTTP_Flood,DoS-HTTP_Flood
DoS-HTTP_Flood,DoS-HTTP_Flood
DoS-HTTP_Flood,DoS-HTTP_Flood
DoS-HTTP_Flood,DoS-HTTP_Flood
DoS-HTTP_Flood,DoS-HTTP_Flood
DoS-HTTP_Flood,DoS-HTTP_Flood
DoS-HTTP_Flood,DoS-HTTP_Flood
DoS-HTTP_Flood,DDoS-HTTP_Flood
DoS-HTTP_Flood,DoS-HTTP_Flood
DoS-HTTP_Flood,DDoS-HTTP_Flood
DoS-HTTP_Flood,DoS-HTTP_Flood
DoS-HTTP_Flood,DoS-HTTP_Flood
DoS-HTTP_Flood,DoS-HTTP_Flood
DoS-HTTP_Flood,DoS-HTTP_Flood
DoS-HTTP_Flood,DoS-HTTP_Flood
DoS-HTTP_Flood,DoS-HTTP_Flood
DoS-HTTP_Flood,DDoS-HTTP_Flood
DoS-HTTP_Flood,DDoS-HTTP_Flood
DoS-HTTP_Flood,DoS-HTTP_Flood
DoS-HTTP_Flood,DoS-HTTP_Flood
DoS-HTTP_Flood,DoS-HTTP_Flood
DoS-HTTP_Flood,DDoS-HTTP_Flood
DoS-HTTP_Flood,DoS-HTTP_Flood
DoS-HTTP_Flood,DDoS-HTTP_Flood
DoS-HTTP_Flood,DoS-HTTP_Flood
DoS-HTTP_Flood,DoS-HTTP_Flood
DoS-HTTP_Flood,DoS-HTTP_Flood
DoS-HTTP_Flood,DoS-HTTP_Flood
DoS-HTTP_Flood,DoS-HTTP_Flood
DoS-HTTP_Flood,DoS-HTTP_Flood
DoS-HTTP_Flood,DoS-HTTP_Flood
DoS-HTTP_Flood,DoS-HTTP_Flood
DoS-HTTP_Flood,DoS-HTTP_Flood
DoS-HTTP_Flood,DoS-HTTP_Flood
DoS-HTTP_Flood,DoS-HTTP_Flood
DoS-HTTP_Flood,DoS-HTTP_Flood
DoS-HTTP_Flood,DoS-HTTP_Flood
DoS-HTTP_Flood,DoS-HTTP_Flood
DoS-HTTP_Flood,DoS-HTTP_Flood
DoS-HTTP_Flood,DoS-HTTP_Flood
DoS-HTTP_Flood,DDoS-HTTP_Flood
DoS-HTTP_Flood,DoS-HTTP_Flood
DoS-HTTP_Flood,DoS-HTTP_Flood
DoS-HTTP_Flood,DoS-HTTP_Flood
DoS-HTTP_Flood,DoS-HTTP_Flood
DoS-HTTP_Flood,DoS-HTTP_Flood
DoS-HTTP_Flood,DoS-HTTP_Flood
DoS-HTTP_Flood,DoS-HTTP_Flood
DoS-HTTP_Flood,DoS-HTTP_Flood
DoS-HTTP_Flood,DoS-HTTP_Flood
DoS-HTTP_Flood,DoS-HTTP_Flood
DoS-HTTP_Flood,DDoS-HTTP_Flood
DoS-HTTP_Flood,DoS-HTTP_Flood
DoS-HTTP_Flood,DoS-HTTP_Flood
DoS-HTTP_Flood,DoS-HTTP_Flood
DoS-HTTP_Flood,DoS-HTTP_Flood
DoS-HTTP_Flood,DoS-HTTP_Flood
DoS-HTTP_Flood,DoS-HTTP_Flood
DoS-HTTP_Flood,DoS-HTTP_Flood
DoS-HTTP_Flood,DoS-HTTP_Flood
DoS-HTTP_Flood,DoS-HTTP_Flood
DoS-HTTP_Flood,DoS-HTTP_Flood
DoS-HTTP_Flood,DoS-HTTP_Flood
DoS-HTTP_Flood,DoS-HTTP_Flood
DoS-HTTP_Flood,DoS-HTTP_Flood
DoS-HTTP_Flood,DoS-HTTP_Flood
DoS-HTTP_Flood,DoS-HTTP_Flood
DoS-HTTP_Flood,DoS-HTTP_Flood
DoS-HTTP_Flood,DoS-HTTP_Flood
DoS-HTTP_Flood,DoS-HTTP_Flood
DoS-HTTP_Flood,DoS-HTTP_Flood
DoS-HTTP_Flood,DoS-HTTP_Flood
DoS-HTTP_Flood,DoS-HTTP_Flood
DoS-HTTP_Flood,DoS-HTTP_Flood
DoS-HTTP_Flood,DoS-HTTP_Flood
DoS-HTTP_Flood,DoS-HTTP_Flood
DoS-HTTP_Flood,DoS-HTTP_Flood
DoS-HTTP_Flood,DoS-HTTP_Flood
DoS-HTTP_Flood,DoS-HTTP_Flood
DoS-HTTP_Flood,DoS-HTTP_Flood
XSS,DictionaryBruteForce
XSS,XSS
XSS,CommandInjection
XSS,Backdoor_Malware
XSS,XSS
XSS,XSS
XSS,XSS
XSS,XSS
XSS,SqlInjection
XSS,XSS
XSS,Recon-HostDiscovery
XSS,SqlInjection
XSS,XSS
XSS,VulnerabilityScan
XSS,CommandInjection
XSS,Backdoor_Malware
XSS,MITM-ArpSpoofing
XSS,VulnerabilityScan
XSS,Uploading_Attack
XSS,XSS
XSS,BenignTraffic
XSS,Backdoor_Malware
XSS,CommandInjection
XSS,Backdoor_Malware
XSS,Backdoor_Malware
XSS,CommandInjection
XSS,Backdoor_Malware
XSS,Recon-PingSweep
XSS,DictionaryBruteForce
XSS,XSS
XSS,Backdoor_Malware
XSS,BenignTraffic
XSS,DictionaryBruteForce
XSS,Backdoor_Malware
XSS,XSS
XSS,XSS
XSS,Backdoor_Malware
XSS,BenignTraffic
XSS,Backdoor_Malware
XSS,XSS
XSS,XSS
XSS,XSS
XSS,SqlInjection
XSS,SqlInjection
XSS,XSS
XSS,Uploading_Attack
XSS,XSS
XSS,XSS
XSS,XSS
XSS,XSS
XSS,Uploading_Attack
XSS,Uploading_Attack
XSS,Backdoor_Malware
XSS,XSS
XSS,CommandInjection
XSS,DictionaryBruteForce
XSS,XSS
XSS,XSS
XSS,XSS
XSS,XSS
XSS,Recon-HostDiscovery
XSS,Backdoor_Malware
XSS,XSS
XSS,Backdoor_Malware
XSS,Backdoor_Malware
XSS,Recon-PingSweep
XSS,CommandInjection
XSS,Backdoor_Malware
XSS,Uploading_Attack
XSS,Recon-HostDiscovery
XSS,XSS
XSS,XSS
XSS,XSS
XSS,Backdoor_Malware
XSS,XSS
XSS,Uploading_Attack
XSS,XSS
XSS,XSS
XSS,Recon-PingSweep
XSS,XSS
XSS,DictionaryBruteForce
XSS,XSS
XSS,VulnerabilityScan
XSS,XSS
XSS,XSS
XSS,SqlInjection
XSS,Uploading_Attack
XSS,CommandInjection
XSS,VulnerabilityScan
XSS,Recon-OSScan
XSS,SqlInjection
XSS,SqlInjection
XSS,Uploading_Attack
XSS,XSS
XSS,XSS
XSS,VulnerabilityScan
XSS,SqlInjection
XSS,Uploading_Attack
XSS,Recon-OSScan
XSS,VulnerabilityScan
XSS,Recon-PingSweep
XSS,BrowserHijacking
XSS,Backdoor_Malware
XSS,BenignTraffic
XSS,Recon-HostDiscovery
XSS,BrowserHijacking
XSS,XSS
XSS,BenignTraffic
XSS,XSS
XSS,CommandInjection
XSS,CommandInjection
XSS,Backdoor_Malware
XSS,CommandInjection
XSS,CommandInjection
XSS,CommandInjection
XSS,XSS
XSS,Uploading_Attack
XSS,CommandInjection
XSS,BenignTraffic
XSS,Backdoor_Malware
XSS,XSS
XSS,BenignTraffic
XSS,BrowserHijacking
XSS,Uploading_Attack
XSS,Backdoor_Malware
XSS,SqlInjection
XSS,Backdoor_Malware
XSS,BenignTraffic
XSS,Backdoor_Malware
XSS,XSS
XSS,BenignTraffic
XSS,VulnerabilityScan
XSS,XSS
XSS,XSS
XSS,Backdoor_Malware
XSS,Backdoor_Malware
XSS,XSS
XSS,XSS
XSS,XSS
XSS,CommandInjection
XSS,SqlInjection
XSS,Backdoor_Malware
XSS,Uploading_Attack
XSS,DictionaryBruteForce
XSS,SqlInjection
XSS,Recon-OSScan
XSS,XSS
XSS,XSS
XSS,XSS
XSS,CommandInjection
XSS,Backdoor_Malware
XSS,XSS
XSS,BenignTraffic
XSS,XSS
XSS,XSS
XSS,XSS
XSS,DictionaryBruteForce
XSS,XSS
XSS,DictionaryBruteForce
XSS,SqlInjection
XSS,XSS
XSS,SqlInjection
XSS,XSS
XSS,CommandInjection
XSS,Recon-PingSweep
XSS,Backdoor_Malware
XSS,BenignTraffic
XSS,XSS
XSS,Recon-HostDiscovery
XSS,Uploading_Attack
XSS,Backdoor_Malware
XSS,XSS
XSS,Backdoor_Malware
XSS,XSS
XSS,XSS
XSS,XSS
XSS,XSS
XSS,XSS
XSS,XSS
XSS,CommandInjection
XSS,XSS
XSS,Backdoor_Malware
XSS,XSS
XSS,XSS
XSS,XSS
XSS,Backdoor_Malware
XSS,SqlInjection
XSS,SqlInjection
XSS,XSS
XSS,Backdoor_Malware
XSS,BenignTraffic
XSS,XSS
XSS,Backdoor_Malware
XSS,BenignTraffic
XSS,XSS
XSS,Backdoor_Malware
XSS,BrowserHijacking
XSS,XSS
XSS,XSS
XSS,VulnerabilityScan
XSS,XSS
XSS,XSS
XSS,CommandInjection
XSS,Recon-OSScan
XSS,XSS
XSS,Backdoor_Malware
XSS,Backdoor_Malware
XSS,Backdoor_Malware
XSS,BenignTraffic
XSS,XSS
XSS,DictionaryBruteForce
XSS,SqlInjection
XSS,XSS
XSS,VulnerabilityScan
XSS,CommandInjection
XSS,Backdoor_Malware
XSS,XSS
XSS,XSS
XSS,CommandInjection
XSS,Backdoor_Malware
XSS,XSS
XSS,SqlInjection
XSS,Uploading_Attack
XSS,XSS
XSS,XSS
XSS,BenignTraffic
XSS,BrowserHijacking
XSS,XSS
XSS,XSS
XSS,XSS
XSS,XSS
XSS,Recon-PingSweep
XSS,XSS
XSS,Backdoor_Malware
XSS,CommandInjection
XSS,SqlInjection
XSS,XSS
XSS,BenignTraffic
XSS,VulnerabilityScan
XSS,Backdoor_Malware
XSS,Recon-HostDiscovery
XSS,Backdoor_Malware
XSS,Backdoor_Malware
XSS,XSS
XSS,XSS
XSS,XSS
XSS,XSS
XSS,XSS
XSS,XSS
XSS,BrowserHijacking
XSS,Backdoor_Malware
XSS,SqlInjection
XSS,XSS
XSS,Backdoor_Malware
XSS,XSS
XSS,BenignTraffic
XSS,Uploading_Attack
XSS,BrowserHijacking
XSS,BenignTraffic
XSS,XSS
XSS,Recon-HostDiscovery
XSS,XSS
XSS,XSS
XSS,XSS
XSS,Backdoor_Malware
XSS,Recon-PingSweep
XSS,Uploading_Attack
XSS,SqlInjection
XSS,BrowserHijacking
XSS,XSS
XSS,CommandInjection
XSS,Recon-PingSweep
XSS,CommandInjection
XSS,XSS
XSS,Backdoor_Malware
XSS,Backdoor_Malware
XSS,BrowserHijacking
XSS,Backdoor_Malware
XSS,Uploading_Attack
XSS,BenignTraffic
XSS,VulnerabilityScan
XSS,Backdoor_Malware
XSS,DictionaryBruteForce
XSS,SqlInjection
XSS,XSS
XSS,XSS
XSS,BenignTraffic
XSS,XSS
XSS,XSS
XSS,Backdoor_Malware
XSS,XSS
XSS,Recon-PingSweep
XSS,CommandInjection
XSS,Backdoor_Malware
XSS,XSS
XSS,Backdoor_Malware
XSS,MITM-ArpSpoofing
XSS,XSS
XSS,Backdoor_Malware
XSS,XSS
XSS,XSS
XSS,BenignTraffic
XSS,Uploading_Attack
XSS,Backdoor_Malware
XSS,XSS
XSS,Recon-HostDiscovery
XSS,Recon-HostDiscovery
XSS,Backdoor_Malware
XSS,Backdoor_Malware
XSS,XSS
XSS,Backdoor_Malware
XSS,Backdoor_Malware
XSS,Backdoor_Malware
XSS,Recon-HostDiscovery
XSS,Backdoor_Malware
XSS,VulnerabilityScan
XSS,XSS
XSS,CommandInjection
XSS,Uploading_Attack
XSS,BenignTraffic
XSS,XSS
XSS,Backdoor_Malware
XSS,Recon-HostDiscovery
XSS,XSS
XSS,DictionaryBruteForce
XSS,BrowserHijacking
XSS,BenignTraffic
XSS,Recon-HostDiscovery
XSS,BrowserHijacking
XSS,XSS
XSS,Uploading_Attack
XSS,Backdoor_Malware
XSS,BrowserHijacking
XSS,XSS
XSS,Backdoor_Malware
XSS,BenignTraffic
XSS,Recon-OSScan
XSS,CommandInjection
XSS,XSS
XSS,SqlInjection
XSS,BenignTraffic
XSS,VulnerabilityScan
XSS,XSS
XSS,XSS
XSS,CommandInjection
XSS,CommandInjection
XSS,XSS
XSS,Uploading_Attack
XSS,Backdoor_Malware
XSS,BenignTraffic
XSS,BrowserHijacking
XSS,BrowserHijacking
XSS,Backdoor_Malware
XSS,XSS
XSS,Backdoor_Malware
XSS,DictionaryBruteForce
XSS,XSS
XSS,XSS
XSS,XSS
XSS,SqlInjection
XSS,BenignTraffic
XSS,XSS
XSS,XSS
XSS,Backdoor_Malware
XSS,XSS
XSS,Uploading_Attack
XSS,XSS
XSS,Backdoor_Malware
XSS,CommandInjection
XSS,Recon-OSScan
XSS,XSS
XSS,Uploading_Attack
XSS,XSS
XSS,SqlInjection
XSS,Uploading_Attack
XSS,XSS
XSS,Uploading_Attack
XSS,XSS
XSS,CommandInjection
XSS,Backdoor_Malware
XSS,VulnerabilityScan
XSS,XSS
XSS,VulnerabilityScan
XSS,Uploading_Attack
XSS,CommandInjection
XSS,Recon-HostDiscovery
XSS,Recon-PingSweep
XSS,Backdoor_Malware
XSS,Uploading_Attack
XSS,DictionaryBruteForce
XSS,Backdoor_Malware
XSS,Backdoor_Malware
XSS,XSS
XSS,XSS
XSS,Recon-HostDiscovery
XSS,SqlInjection
XSS,XSS
XSS,BenignTraffic
XSS,Backdoor_Malware
XSS,CommandInjection
Recon-HostDiscovery,Recon-HostDiscovery
Recon-HostDiscovery,Recon-PortScan
Recon-HostDiscovery,Recon-HostDiscovery
Recon-HostDiscovery,Recon-HostDiscovery
Recon-HostDiscovery,Recon-HostDiscovery
Recon-HostDiscovery,BrowserHijacking
Recon-HostDiscovery,Recon-HostDiscovery
Recon-HostDiscovery,DictionaryBruteForce
Recon-HostDiscovery,Recon-HostDiscovery
Recon-HostDiscovery,Recon-HostDiscovery
Recon-HostDiscovery,Recon-HostDiscovery
Recon-HostDiscovery,Recon-HostDiscovery
Recon-HostDiscovery,Recon-HostDiscovery
Recon-HostDiscovery,Recon-HostDiscovery
Recon-HostDiscovery,Recon-HostDiscovery
Recon-HostDiscovery,XSS
Recon-HostDiscovery,Backdoor_Malware
Recon-HostDiscovery,Recon-HostDiscovery
Recon-HostDiscovery,Recon-HostDiscovery
Recon-HostDiscovery,Recon-HostDiscovery
Recon-HostDiscovery,Recon-HostDiscovery
Recon-HostDiscovery,BenignTraffic
Recon-HostDiscovery,DictionaryBruteForce
Recon-HostDiscovery,Recon-HostDiscovery
Recon-HostDiscovery,Recon-HostDiscovery
Recon-HostDiscovery,BrowserHijacking
Recon-HostDiscovery,Recon-HostDiscovery
Recon-HostDiscovery,Recon-HostDiscovery
Recon-HostDiscovery,Recon-HostDiscovery
Recon-HostDiscovery,Recon-HostDiscovery
Recon-HostDiscovery,Recon-HostDiscovery
Recon-HostDiscovery,XSS
Recon-HostDiscovery,Backdoor_Malware
Recon-HostDiscovery,Recon-HostDiscovery
Recon-HostDiscovery,Recon-HostDiscovery
Recon-HostDiscovery,Recon-HostDiscovery
Recon-HostDiscovery,BenignTraffic
Recon-HostDiscovery,Recon-HostDiscovery
Recon-HostDiscovery,XSS
Recon-HostDiscovery,BrowserHijacking
Recon-HostDiscovery,Backdoor_Malware
Recon-HostDiscovery,Recon-HostDiscovery
Recon-HostDiscovery,Recon-HostDiscovery
Recon-HostDiscovery,Recon-HostDiscovery
Recon-HostDiscovery,Recon-HostDiscovery
Recon-HostDiscovery,Recon-PortScan
Recon-HostDiscovery,Recon-HostDiscovery
Recon-HostDiscovery,Recon-HostDiscovery
Recon-HostDiscovery,Recon-HostDiscovery
Recon-HostDiscovery,Recon-OSScan
Recon-HostDiscovery,Recon-HostDiscovery
Recon-HostDiscovery,Recon-HostDiscovery
Recon-HostDiscovery,VulnerabilityScan
Recon-HostDiscovery,BrowserHijacking
Recon-HostDiscovery,Backdoor_Malware
Recon-HostDiscovery,Recon-HostDiscovery
Recon-HostDiscovery,SqlInjection
Recon-HostDiscovery,Recon-HostDiscovery
Recon-HostDiscovery,Uploading_Attack
Recon-HostDiscovery,XSS
Recon-HostDiscovery,Recon-HostDiscovery
Recon-HostDiscovery,Backdoor_Malware
Recon-HostDiscovery,Recon-HostDiscovery
Recon-HostDiscovery,SqlInjection
Recon-HostDiscovery,Recon-PingSweep
Recon-HostDiscovery,MITM-ArpSpoofing
Recon-HostDiscovery,Recon-HostDiscovery
Recon-HostDiscovery,Recon-HostDiscovery
Recon-HostDiscovery,Recon-HostDiscovery
Recon-HostDiscovery,DNS_Spoofing
Recon-HostDiscovery,Recon-HostDiscovery
Recon-HostDiscovery,Recon-HostDiscovery
Recon-HostDiscovery,VulnerabilityScan
Recon-HostDiscovery,Recon-HostDiscovery
Recon-HostDiscovery,Recon-PortScan
Recon-HostDiscovery,VulnerabilityScan
Recon-HostDiscovery,Uploading_Attack
Recon-HostDiscovery,Recon-HostDiscovery
Recon-HostDiscovery,CommandInjection
Recon-HostDiscovery,Recon-HostDiscovery
Recon-HostDiscovery,XSS
Recon-HostDiscovery,XSS
Recon-HostDiscovery,DictionaryBruteForce
Recon-HostDiscovery,Backdoor_Malware
Recon-HostDiscovery,Recon-HostDiscovery
Recon-HostDiscovery,Recon-HostDiscovery
Recon-HostDiscovery,BrowserHijacking
Recon-HostDiscovery,Recon-HostDiscovery
Recon-HostDiscovery,Recon-HostDiscovery
Recon-HostDiscovery,Recon-HostDiscovery
Recon-HostDiscovery,BrowserHijacking
Recon-HostDiscovery,Recon-HostDiscovery
Recon-HostDiscovery,Recon-HostDiscovery
Recon-HostDiscovery,Recon-HostDiscovery
Recon-HostDiscovery,BrowserHijacking
Recon-HostDiscovery,BrowserHijacking
Recon-HostDiscovery,Recon-HostDiscovery
Recon-HostDiscovery,XSS
Recon-HostDiscovery,BrowserHijacking
Recon-HostDiscovery,BenignTraffic
Recon-HostDiscovery,Recon-HostDiscovery
Recon-HostDiscovery,Recon-HostDiscovery
Recon-HostDiscovery,Recon-HostDiscovery
Recon-HostDiscovery,BrowserHijacking
Recon-HostDiscovery,XSS
Recon-HostDiscovery,Recon-HostDiscovery
Recon-HostDiscovery,Recon-HostDiscovery
Recon-HostDiscovery,Recon-HostDiscovery
Recon-HostDiscovery,BenignTraffic
Recon-HostDiscovery,Recon-HostDiscovery
Recon-HostDiscovery,Recon-HostDiscovery
Recon-HostDiscovery,Recon-HostDiscovery
Recon-HostDiscovery,Recon-HostDiscovery
Recon-HostDiscovery,Recon-PortScan
Recon-HostDiscovery,SqlInjection
Recon-HostDiscovery,Backdoor_Malware
Recon-HostDiscovery,Recon-HostDiscovery
Recon-HostDiscovery,Recon-HostDiscovery
Recon-HostDiscovery,Recon-HostDiscovery
Recon-HostDiscovery,SqlInjection
Recon-HostDiscovery,Recon-HostDiscovery
Recon-HostDiscovery,SqlInjection
Recon-HostDiscovery,Recon-PortScan
Recon-HostDiscovery,Recon-HostDiscovery
Recon-HostDiscovery,XSS
Recon-HostDiscovery,BenignTraffic
Recon-HostDiscovery,Recon-HostDiscovery
Recon-HostDiscovery,Recon-OSScan
Recon-HostDiscovery,BrowserHijacking
Recon-HostDiscovery,Recon-HostDiscovery
Recon-HostDiscovery,DNS_Spoofing
Recon-HostDiscovery,Recon-HostDiscovery
Recon-HostDiscovery,DictionaryBruteForce
Recon-HostDiscovery,Recon-HostDiscovery
Recon-HostDiscovery,DictionaryBruteForce
Recon-HostDiscovery,Recon-PortScan
Recon-HostDiscovery,BrowserHijacking
Recon-HostDiscovery,SqlInjection
Recon-HostDiscovery,Recon-HostDiscovery
Recon-HostDiscovery,Recon-HostDiscovery
Recon-HostDiscovery,Recon-HostDiscovery
Recon-HostDiscovery,XSS
Recon-HostDiscovery,DictionaryBruteForce
Recon-HostDiscovery,BrowserHijacking
Recon-HostDiscovery,Recon-PingSweep
Recon-HostDiscovery,DictionaryBruteForce
Recon-HostDiscovery,Recon-HostDiscovery
Recon-HostDiscovery,Recon-HostDiscovery
Recon-HostDiscovery,Recon-HostDiscovery
Recon-HostDiscovery,Recon-HostDiscovery
Recon-HostDiscovery,Backdoor_Malware
Recon-HostDiscovery,Recon-PingSweep
Recon-HostDiscovery,BrowserHijacking
Recon-HostDiscovery,Recon-HostDiscovery
Recon-HostDiscovery,Recon-HostDiscovery
Recon-HostDiscovery,SqlInjection
Recon-HostDiscovery,Recon-HostDiscovery
Recon-HostDiscovery,Recon-HostDiscovery
Recon-HostDiscovery,BenignTraffic
Recon-HostDiscovery,Recon-HostDiscovery
Recon-HostDiscovery,Recon-HostDiscovery
Recon-HostDiscovery,Recon-HostDiscovery
Recon-HostDiscovery,Recon-HostDiscovery
Recon-HostDiscovery,Recon-HostDiscovery
Recon-HostDiscovery,Recon-HostDiscovery
Recon-HostDiscovery,XSS
Recon-HostDiscovery,Recon-HostDiscovery
Recon-HostDiscovery,Recon-HostDiscovery
Recon-HostDiscovery,Recon-HostDiscovery
Recon-HostDiscovery,Backdoor_Malware
Recon-HostDiscovery,BenignTraffic
Recon-HostDiscovery,Recon-HostDiscovery
Recon-HostDiscovery,Recon-HostDiscovery
Recon-HostDiscovery,Backdoor_Malware
Recon-HostDiscovery,Recon-HostDiscovery
Recon-HostDiscovery,Recon-HostDiscovery
Recon-HostDiscovery,MITM-ArpSpoofing
Recon-HostDiscovery,Recon-HostDiscovery
Recon-HostDiscovery,Recon-HostDiscovery
Recon-HostDiscovery,Recon-HostDiscovery
Recon-HostDiscovery,Recon-HostDiscovery
Recon-HostDiscovery,Recon-HostDiscovery
Recon-HostDiscovery,BrowserHijacking
Recon-HostDiscovery,Recon-HostDiscovery
Recon-HostDiscovery,Recon-HostDiscovery
Recon-HostDiscovery,Recon-HostDiscovery
Recon-HostDiscovery,Recon-HostDiscovery
Recon-HostDiscovery,Recon-HostDiscovery
Recon-HostDiscovery,Recon-HostDiscovery
Recon-HostDiscovery,Recon-HostDiscovery
Recon-HostDiscovery,XSS
Recon-HostDiscovery,Recon-HostDiscovery
Recon-HostDiscovery,Recon-HostDiscovery
Recon-HostDiscovery,Recon-HostDiscovery
Recon-HostDiscovery,Recon-HostDiscovery
Recon-HostDiscovery,Recon-HostDiscovery
Recon-HostDiscovery,Recon-HostDiscovery
Recon-HostDiscovery,CommandInjection
Recon-HostDiscovery,Recon-HostDiscovery
Recon-HostDiscovery,Recon-HostDiscovery
Recon-HostDiscovery,Recon-HostDiscovery
Recon-HostDiscovery,Recon-HostDiscovery
Recon-HostDiscovery,Recon-HostDiscovery
Recon-HostDiscovery,Backdoor_Malware
Recon-HostDiscovery,BrowserHijacking
Recon-HostDiscovery,Recon-HostDiscovery
Recon-HostDiscovery,SqlInjection
Recon-HostDiscovery,SqlInjection
Recon-HostDiscovery,XSS
Recon-HostDiscovery,Recon-HostDiscovery
Recon-HostDiscovery,Recon-HostDiscovery
Recon-HostDiscovery,VulnerabilityScan
Recon-HostDiscovery,Recon-HostDiscovery
Recon-HostDiscovery,Backdoor_Malware
Recon-HostDiscovery,DictionaryBruteForce
Recon-HostDiscovery,Recon-OSScan
Recon-HostDiscovery,Recon-HostDiscovery
Recon-HostDiscovery,Recon-HostDiscovery
Recon-HostDiscovery,Recon-OSScan
Recon-HostDiscovery,Recon-HostDiscovery
Recon-HostDiscovery,Recon-HostDiscovery
Recon-HostDiscovery,Recon-HostDiscovery
Recon-HostDiscovery,Recon-HostDiscovery
Recon-HostDiscovery,Recon-HostDiscovery
Recon-HostDiscovery,Recon-HostDiscovery
Recon-HostDiscovery,Recon-HostDiscovery
Recon-HostDiscovery,Recon-HostDiscovery
Recon-HostDiscovery,Recon-HostDiscovery
Recon-HostDiscovery,Uploading_Attack
Recon-HostDiscovery,Recon-HostDiscovery
Recon-HostDiscovery,Recon-HostDiscovery
Recon-HostDiscovery,Recon-HostDiscovery
Recon-HostDiscovery,Recon-HostDiscovery
Recon-HostDiscovery,Recon-HostDiscovery
Recon-HostDiscovery,Recon-HostDiscovery
Recon-HostDiscovery,Recon-HostDiscovery
Recon-HostDiscovery,Recon-HostDiscovery
Recon-HostDiscovery,Recon-HostDiscovery
Recon-HostDiscovery,XSS
Recon-HostDiscovery,Recon-HostDiscovery
Recon-HostDiscovery,XSS
Recon-HostDiscovery,Recon-PortScan
Recon-HostDiscovery,Recon-HostDiscovery
Recon-HostDiscovery,Recon-HostDiscovery
Recon-HostDiscovery,Recon-HostDiscovery
Recon-HostDiscovery,Uploading_Attack
Recon-HostDiscovery,Recon-HostDiscovery
Recon-HostDiscovery,VulnerabilityScan
Recon-HostDiscovery,Recon-HostDiscovery
Recon-HostDiscovery,BrowserHijacking
Recon-HostDiscovery,Recon-HostDiscovery
Recon-HostDiscovery,Recon-HostDiscovery
Recon-HostDiscovery,Recon-HostDiscovery
Recon-HostDiscovery,DictionaryBruteForce
Recon-HostDiscovery,Recon-HostDiscovery
Recon-HostDiscovery,Uploading_Attack
Recon-HostDiscovery,BrowserHijacking
Recon-HostDiscovery,Recon-PingSweep
Recon-HostDiscovery,Recon-HostDiscovery
Recon-HostDiscovery,Recon-HostDiscovery
Recon-HostDiscovery,Recon-HostDiscovery
Recon-HostDiscovery,Recon-HostDiscovery
Recon-HostDiscovery,Recon-HostDiscovery
Recon-HostDiscovery,Recon-HostDiscovery
Recon-HostDiscovery,Recon-HostDiscovery
Recon-HostDiscovery,Recon-HostDiscovery
Recon-HostDiscovery,XSS
Recon-HostDiscovery,Recon-PingSweep
Recon-HostDiscovery,CommandInjection
Recon-HostDiscovery,Recon-PortScan
Recon-HostDiscovery,Recon-HostDiscovery
Recon-HostDiscovery,Recon-PortScan
Recon-HostDiscovery,Recon-HostDiscovery
Recon-HostDiscovery,Recon-HostDiscovery
Recon-HostDiscovery,BrowserHijacking
Recon-HostDiscovery,Recon-HostDiscovery
Recon-HostDiscovery,Recon-HostDiscovery
Recon-HostDiscovery,Backdoor_Malware
Recon-HostDiscovery,Recon-HostDiscovery
Recon-HostDiscovery,Recon-HostDiscovery
Recon-HostDiscovery,Recon-PortScan
Recon-HostDiscovery,Recon-HostDiscovery
Recon-HostDiscovery,XSS
Recon-HostDiscovery,Recon-HostDiscovery
Recon-HostDiscovery,Recon-HostDiscovery
Recon-HostDiscovery,Recon-HostDiscovery
Recon-HostDiscovery,Recon-HostDiscovery
Recon-HostDiscovery,Recon-HostDiscovery
Recon-HostDiscovery,Recon-HostDiscovery
Recon-HostDiscovery,Recon-HostDiscovery
Recon-HostDiscovery,XSS
Recon-HostDiscovery,DictionaryBruteForce
Recon-HostDiscovery,DictionaryBruteForce
Recon-HostDiscovery,XSS
Recon-HostDiscovery,Recon-HostDiscovery
Recon-HostDiscovery,Recon-PingSweep
Recon-HostDiscovery,Recon-HostDiscovery
Recon-HostDiscovery,Recon-PortScan
Recon-HostDiscovery,Recon-HostDiscovery
Recon-HostDiscovery,Recon-HostDiscovery
Recon-HostDiscovery,DNS_Spoofing
Recon-HostDiscovery,Backdoor_Malware
Recon-HostDiscovery,VulnerabilityScan
Recon-HostDiscovery,Uploading_Attack
DDoS-HTTP_Flood,DoS-HTTP_Flood
DDoS-HTTP_Flood,DDoS-HTTP_Flood
DDoS-HTTP_Flood,DDoS-HTTP_Flood
DDoS-HTTP_Flood,DDoS-HTTP_Flood
DDoS-HTTP_Flood,DDoS-HTTP_Flood
DDoS-HTTP_Flood,DDoS-HTTP_Flood
DDoS-HTTP_Flood,DoS-HTTP_Flood
DDoS-HTTP_Flood,DDoS-HTTP_Flood
DDoS-HTTP_Flood,DoS-HTTP_Flood
DDoS-HTTP_Flood,DDoS-HTTP_Flood
DDoS-HTTP_Flood,DDoS-HTTP_Flood
DDoS-HTTP_Flood,DoS-HTTP_Flood
DDoS-HTTP_Flood,DDoS-HTTP_Flood
DDoS-HTTP_Flood,DDoS-HTTP_Flood
DDoS-HTTP_Flood,DDoS-HTTP_Flood
DDoS-HTTP_Flood,DDoS-HTTP_Flood
DDoS-HTTP_Flood,DDoS-HTTP_Flood
DDoS-HTTP_Flood,DDoS-HTTP_Flood
DDoS-HTTP_Flood,DDoS-HTTP_Flood
DDoS-HTTP_Flood,DDoS-SlowLoris
DDoS-HTTP_Flood,DDoS-HTTP_Flood
DDoS-HTTP_Flood,DDoS-HTTP_Flood
DDoS-HTTP_Flood,DDoS-HTTP_Flood
DDoS-HTTP_Flood,DDoS-HTTP_Flood
DDoS-HTTP_Flood,DoS-HTTP_Flood
DDoS-HTTP_Flood,DDoS-HTTP_Flood
DDoS-HTTP_Flood,DoS-HTTP_Flood
DDoS-HTTP_Flood,DDoS-HTTP_Flood
DDoS-HTTP_Flood,DDoS-HTTP_Flood
DDoS-HTTP_Flood,DDoS-HTTP_Flood
DDoS-HTTP_Flood,DDoS-HTTP_Flood
DDoS-HTTP_Flood,DDoS-HTTP_Flood
DDoS-HTTP_Flood,DDoS-HTTP_Flood
DDoS-HTTP_Flood,DDoS-HTTP_Flood
DDoS-HTTP_Flood,DDoS-HTTP_Flood
DDoS-HTTP_Flood,DDoS-HTTP_Flood
DDoS-HTTP_Flood,DDoS-ACK_Fragmentation
DDoS-HTTP_Flood,DDoS-HTTP_Flood
DDoS-HTTP_Flood,DDoS-HTTP_Flood
DDoS-HTTP_Flood,DoS-HTTP_Flood
DDoS-HTTP_Flood,DDoS-HTTP_Flood
DDoS-HTTP_Flood,DDoS-HTTP_Flood
DDoS-HTTP_Flood,DDoS-HTTP_Flood
DDoS-HTTP_Flood,DDoS-HTTP_Flood
DDoS-HTTP_Flood,DDoS-HTTP_Flood
DDoS-HTTP_Flood,DDoS-HTTP_Flood
DDoS-HTTP_Flood,DDoS-HTTP_Flood
DDoS-HTTP_Flood,DDoS-HTTP_Flood
DDoS-HTTP_Flood,DDoS-HTTP_Flood
DDoS-HTTP_Flood,DoS-HTTP_Flood
DDoS-HTTP_Flood,DDoS-HTTP_Flood
DDoS-HTTP_Flood,DDoS-HTTP_Flood
DDoS-HTTP_Flood,DDoS-HTTP_Flood
DDoS-HTTP_Flood,DDoS-HTTP_Flood
DDoS-HTTP_Flood,DDoS-HTTP_Flood
DDoS-HTTP_Flood,DDoS-HTTP_Flood
DDoS-HTTP_Flood,DDoS-HTTP_Flood
DDoS-HTTP_Flood,DDoS-HTTP_Flood
DDoS-HTTP_Flood,DoS-HTTP_Flood
DDoS-HTTP_Flood,DDoS-HTTP_Flood
DDoS-HTTP_Flood,DDoS-HTTP_Flood
DDoS-HTTP_Flood,DDoS-HTTP_Flood
DDoS-HTTP_Flood,DDoS-HTTP_Flood
DDoS-HTTP_Flood,DDoS-HTTP_Flood
DDoS-HTTP_Flood,DoS-HTTP_Flood
DDoS-HTTP_Flood,DDoS-SlowLoris
DDoS-HTTP_Flood,DDoS-SlowLoris
DDoS-HTTP_Flood,DDoS-HTTP_Flood
DDoS-HTTP_Flood,DDoS-HTTP_Flood
DDoS-HTTP_Flood,DDoS-HTTP_Flood
DDoS-HTTP_Flood,DDoS-HTTP_Flood
DDoS-HTTP_Flood,DDoS-HTTP_Flood
DDoS-HTTP_Flood,DDoS-HTTP_Flood
DDoS-HTTP_Flood,DDoS-HTTP_Flood
DDoS-HTTP_Flood,DDoS-HTTP_Flood
DDoS-HTTP_Flood,DDoS-HTTP_Flood
DDoS-HTTP_Flood,DoS-HTTP_Flood
DDoS-HTTP_Flood,DDoS-HTTP_Flood
DDoS-HTTP_Flood,DDoS-HTTP_Flood
DDoS-HTTP_Flood,DDoS-HTTP_Flood
DDoS-HTTP_Flood,DDoS-HTTP_Flood
DDoS-HTTP_Flood,DDoS-HTTP_Flood
DDoS-HTTP_Flood,DDoS-HTTP_Flood
DDoS-HTTP_Flood,DoS-HTTP_Flood
DDoS-HTTP_Flood,DDoS-HTTP_Flood
DDoS-HTTP_Flood,DDoS-HTTP_Flood
DDoS-HTTP_Flood,DDoS-HTTP_Flood
DDoS-HTTP_Flood,DDoS-HTTP_Flood
DDoS-HTTP_Flood,DDoS-HTTP_Flood
DDoS-HTTP_Flood,DDoS-HTTP_Flood
DDoS-HTTP_Flood,DDoS-HTTP_Flood
DDoS-HTTP_Flood,DDoS-HTTP_Flood
DDoS-HTTP_Flood,DDoS-HTTP_Flood
DDoS-HTTP_Flood,DDoS-HTTP_Flood
DDoS-HTTP_Flood,DDoS-HTTP_Flood
DDoS-HTTP_Flood,DDoS-HTTP_Flood
DDoS-HTTP_Flood,DDoS-HTTP_Flood
DDoS-HTTP_Flood,DDoS-HTTP_Flood
DDoS-HTTP_Flood,DDoS-HTTP_Flood
DDoS-HTTP_Flood,DDoS-HTTP_Flood
DDoS-HTTP_Flood,DoS-HTTP_Flood
DDoS-HTTP_Flood,DDoS-HTTP_Flood
DDoS-HTTP_Flood,DoS-HTTP_Flood
DDoS-HTTP_Flood,DDoS-HTTP_Flood
DDoS-HTTP_Flood,DDoS-HTTP_Flood
DDoS-HTTP_Flood,DDoS-HTTP_Flood
DDoS-HTTP_Flood,DDoS-HTTP_Flood
DDoS-HTTP_Flood,DDoS-HTTP_Flood
DDoS-HTTP_Flood,DoS-HTTP_Flood
DDoS-HTTP_Flood,DoS-HTTP_Flood
DDoS-HTTP_Flood,DDoS-HTTP_Flood
DDoS-HTTP_Flood,DDoS-HTTP_Flood
DDoS-HTTP_Flood,DoS-HTTP_Flood
DDoS-HTTP_Flood,DDoS-HTTP_Flood
DDoS-HTTP_Flood,DDoS-HTTP_Flood
DDoS-HTTP_Flood,DDoS-HTTP_Flood
DDoS-HTTP_Flood,DDoS-HTTP_Flood
DDoS-HTTP_Flood,DDoS-HTTP_Flood
DDoS-HTTP_Flood,DDoS-HTTP_Flood
DDoS-HTTP_Flood,DDoS-HTTP_Flood
DDoS-HTTP_Flood,DDoS-HTTP_Flood
DDoS-HTTP_Flood,DDoS-HTTP_Flood
DDoS-HTTP_Flood,DDoS-HTTP_Flood
DDoS-HTTP_Flood,DDoS-HTTP_Flood
DDoS-HTTP_Flood,DDoS-HTTP_Flood
DDoS-HTTP_Flood,DDoS-HTTP_Flood
DDoS-HTTP_Flood,DoS-HTTP_Flood
DDoS-HTTP_Flood,DDoS-HTTP_Flood
DDoS-HTTP_Flood,DDoS-HTTP_Flood
DDoS-HTTP_Flood,DDoS-HTTP_Flood
DDoS-HTTP_Flood,DDoS-HTTP_Flood
DDoS-HTTP_Flood,DDoS-HTTP_Flood
DDoS-HTTP_Flood,DDoS-HTTP_Flood
DDoS-HTTP_Flood,DDoS-HTTP_Flood
DDoS-HTTP_Flood,DDoS-HTTP_Flood
DDoS-HTTP_Flood,DDoS-HTTP_Flood
DDoS-HTTP_Flood,DDoS-HTTP_Flood
DDoS-HTTP_Flood,DDoS-HTTP_Flood
DDoS-HTTP_Flood,DDoS-HTTP_Flood
DDoS-HTTP_Flood,DDoS-HTTP_Flood
DDoS-HTTP_Flood,DDoS-HTTP_Flood
DDoS-HTTP_Flood,DoS-HTTP_Flood
DDoS-HTTP_Flood,DDoS-HTTP_Flood
DDoS-HTTP_Flood,DoS-HTTP_Flood
DDoS-HTTP_Flood,DDoS-HTTP_Flood
DDoS-HTTP_Flood,DDoS-HTTP_Flood
DDoS-HTTP_Flood,DDoS-HTTP_Flood
DDoS-HTTP_Flood,DDoS-HTTP_Flood
DDoS-HTTP_Flood,DoS-HTTP_Flood
DDoS-HTTP_Flood,DDoS-HTTP_Flood
DDoS-HTTP_Flood,DDoS-HTTP_Flood
DDoS-HTTP_Flood,DDoS-HTTP_Flood
DDoS-HTTP_Flood,DDoS-HTTP_Flood
DDoS-HTTP_Flood,DDoS-HTTP_Flood
DDoS-HTTP_Flood,DDoS-HTTP_Flood
DDoS-HTTP_Flood,DDoS-HTTP_Flood
DDoS-HTTP_Flood,DDoS-HTTP_Flood
DDoS-HTTP_Flood,DDoS-HTTP_Flood
DDoS-HTTP_Flood,DDoS-HTTP_Flood
DDoS-HTTP_Flood,DDoS-HTTP_Flood
DDoS-HTTP_Flood,DDoS-HTTP_Flood
DDoS-HTTP_Flood,DDoS-HTTP_Flood
DDoS-HTTP_Flood,DDoS-HTTP_Flood
DDoS-HTTP_Flood,DDoS-HTTP_Flood
DDoS-HTTP_Flood,DDoS-HTTP_Flood
DDoS-HTTP_Flood,DDoS-HTTP_Flood
DDoS-HTTP_Flood,DDoS-HTTP_Flood
DDoS-HTTP_Flood,DDoS-HTTP_Flood
DDoS-HTTP_Flood,DoS-HTTP_Flood
DDoS-HTTP_Flood,DoS-HTTP_Flood
DDoS-HTTP_Flood,DDoS-HTTP_Flood
DDoS-HTTP_Flood,DoS-HTTP_Flood
DDoS-HTTP_Flood,DDoS-HTTP_Flood
DDoS-HTTP_Flood,DDoS-HTTP_Flood
DDoS-HTTP_Flood,DDoS-HTTP_Flood
DDoS-HTTP_Flood,DDoS-HTTP_Flood
DDoS-HTTP_Flood,DDoS-HTTP_Flood
DDoS-HTTP_Flood,DDoS-HTTP_Flood
DDoS-HTTP_Flood,DDoS-HTTP_Flood
DDoS-HTTP_Flood,DDoS-HTTP_Flood
DDoS-HTTP_Flood,DDoS-HTTP_Flood
DDoS-HTTP_Flood,DDoS-HTTP_Flood
DDoS-HTTP_Flood,DDoS-HTTP_Flood
DDoS-HTTP_Flood,DDoS-HTTP_Flood
DDoS-HTTP_Flood,DDoS-HTTP_Flood
DDoS-HTTP_Flood,DDoS-HTTP_Flood
DDoS-HTTP_Flood,DDoS-HTTP_Flood
DDoS-HTTP_Flood,DDoS-HTTP_Flood
DDoS-HTTP_Flood,DDoS-HTTP_Flood
DDoS-HTTP_Flood,DoS-HTTP_Flood
DDoS-HTTP_Flood,DoS-HTTP_Flood
DDoS-HTTP_Flood,DDoS-HTTP_Flood
DDoS-HTTP_Flood,DDoS-HTTP_Flood
DDoS-HTTP_Flood,DoS-HTTP_Flood
DDoS-HTTP_Flood,DDoS-HTTP_Flood
DDoS-HTTP_Flood,DoS-HTTP_Flood
DDoS-HTTP_Flood,DDoS-HTTP_Flood
DDoS-HTTP_Flood,DDoS-SlowLoris
DDoS-HTTP_Flood,DDoS-HTTP_Flood
DDoS-HTTP_Flood,DDoS-HTTP_Flood
DDoS-HTTP_Flood,DDoS-HTTP_Flood
DDoS-HTTP_Flood,DDoS-HTTP_Flood
DDoS-HTTP_Flood,DDoS-HTTP_Flood
DDoS-HTTP_Flood,DDoS-HTTP_Flood
DDoS-HTTP_Flood,DDoS-HTTP_Flood
DDoS-HTTP_Flood,DDoS-HTTP_Flood
DDoS-HTTP_Flood,DDoS-HTTP_Flood
DDoS-HTTP_Flood,DDoS-HTTP_Flood
DDoS-HTTP_Flood,DDoS-HTTP_Flood
DDoS-HTTP_Flood,DoS-HTTP_Flood
DDoS-HTTP_Flood,DoS-HTTP_Flood
DDoS-HTTP_Flood,DDoS-HTTP_Flood
DDoS-HTTP_Flood,DDoS-HTTP_Flood
DDoS-HTTP_Flood,DDoS-HTTP_Flood
DDoS-HTTP_Flood,DoS-HTTP_Flood
DDoS-HTTP_Flood,DDoS-HTTP_Flood
DDoS-HTTP_Flood,DDoS-HTTP_Flood
DDoS-HTTP_Flood,DDoS-HTTP_Flood
DDoS-HTTP_Flood,DDoS-HTTP_Flood
DDoS-HTTP_Flood,DoS-HTTP_Flood
DDoS-HTTP_Flood,DDoS-HTTP_Flood
DDoS-HTTP_Flood,DDoS-HTTP_Flood
DDoS-HTTP_Flood,DoS-HTTP_Flood
DDoS-HTTP_Flood,DDoS-HTTP_Flood
DDoS-HTTP_Flood,DDoS-HTTP_Flood
DDoS-HTTP_Flood,DDoS-HTTP_Flood
DDoS-HTTP_Flood,DoS-HTTP_Flood
DDoS-HTTP_Flood,DoS-HTTP_Flood
DDoS-HTTP_Flood,DDoS-HTTP_Flood
DDoS-HTTP_Flood,DDoS-HTTP_Flood
DDoS-HTTP_Flood,DDoS-HTTP_Flood
DDoS-HTTP_Flood,DDoS-HTTP_Flood
DDoS-HTTP_Flood,DDoS-HTTP_Flood
DDoS-HTTP_Flood,DDoS-HTTP_Flood
DDoS-HTTP_Flood,DDoS-HTTP_Flood
DDoS-HTTP_Flood,DoS-HTTP_Flood
DDoS-HTTP_Flood,DDoS-HTTP_Flood
DDoS-HTTP_Flood,DDoS-HTTP_Flood
DDoS-HTTP_Flood,DDoS-HTTP_Flood
DDoS-HTTP_Flood,DDoS-HTTP_Flood
DDoS-HTTP_Flood,DDoS-HTTP_Flood
DDoS-HTTP_Flood,DoS-HTTP_Flood
DDoS-HTTP_Flood,DoS-HTTP_Flood
DDoS-HTTP_Flood,DoS-HTTP_Flood
DDoS-HTTP_Flood,DDoS-HTTP_Flood
DDoS-HTTP_Flood,DDoS-HTTP_Flood
DDoS-HTTP_Flood,DDoS-HTTP_Flood
DDoS-HTTP_Flood,DoS-HTTP_Flood
DDoS-HTTP_Flood,DDoS-HTTP_Flood
DDoS-HTTP_Flood,DoS-HTTP_Flood
DDoS-HTTP_Flood,DDoS-HTTP_Flood
DDoS-HTTP_Flood,DDoS-HTTP_Flood
DDoS-HTTP_Flood,DoS-HTTP_Flood
DDoS-HTTP_Flood,DDoS-RSTFINFlood
DDoS-HTTP_Flood,DDoS-HTTP_Flood
DDoS-HTTP_Flood,DoS-HTTP_Flood
DDoS-HTTP_Flood,DDoS-HTTP_Flood
DDoS-HTTP_Flood,DDoS-HTTP_Flood
DDoS-HTTP_Flood,DDoS-HTTP_Flood
DDoS-HTTP_Flood,DDoS-HTTP_Flood
DDoS-HTTP_Flood,DDoS-HTTP_Flood
DDoS-HTTP_Flood,DDoS-HTTP_Flood
DDoS-HTTP_Flood,DDoS-HTTP_Flood
DDoS-HTTP_Flood,DDoS-HTTP_Flood
DDoS-HTTP_Flood,DDoS-HTTP_Flood
DDoS-HTTP_Flood,DDoS-HTTP_Flood
DDoS-HTTP_Flood,DDoS-HTTP_Flood
DDoS-HTTP_Flood,DDoS-HTTP_Flood
DDoS-HTTP_Flood,DDoS-HTTP_Flood
DDoS-HTTP_Flood,DDoS-HTTP_Flood
DDoS-HTTP_Flood,DDoS-HTTP_Flood
DDoS-HTTP_Flood,DoS-HTTP_Flood
DDoS-HTTP_Flood,DDoS-HTTP_Flood
DDoS-HTTP_Flood,DDoS-HTTP_Flood
DDoS-HTTP_Flood,DDoS-HTTP_Flood
DDoS-HTTP_Flood,DDoS-HTTP_Flood
DDoS-HTTP_Flood,DDoS-HTTP_Flood
DDoS-HTTP_Flood,DDoS-HTTP_Flood
DDoS-HTTP_Flood,DoS-HTTP_Flood
DDoS-HTTP_Flood,DDoS-HTTP_Flood
DDoS-HTTP_Flood,DDoS-HTTP_Flood
DDoS-HTTP_Flood,DDoS-HTTP_Flood
DDoS-HTTP_Flood,DDoS-HTTP_Flood
DDoS-HTTP_Flood,DDoS-HTTP_Flood
DDoS-HTTP_Flood,DDoS-HTTP_Flood
DDoS-HTTP_Flood,DDoS-HTTP_Flood
DDoS-HTTP_Flood,DoS-HTTP_Flood
DDoS-HTTP_Flood,DDoS-HTTP_Flood
DDoS-HTTP_Flood,DDoS-HTTP_Flood
DDoS-HTTP_Flood,DDoS-HTTP_Flood
DDoS-HTTP_Flood,DoS-HTTP_Flood
DDoS-HTTP_Flood,DoS-HTTP_Flood
DDoS-HTTP_Flood,DDoS-HTTP_Flood
DDoS-HTTP_Flood,DDoS-HTTP_Flood
DDoS-HTTP_Flood,DDoS-HTTP_Flood
DDoS-HTTP_Flood,DDoS-HTTP_Flood
DDoS-HTTP_Flood,DDoS-HTTP_Flood
DDoS-HTTP_Flood,DDoS-HTTP_Flood
DDoS-HTTP_Flood,DoS-HTTP_Flood
DDoS-HTTP_Flood,DoS-HTTP_Flood
DDoS-HTTP_Flood,DDoS-HTTP_Flood
DDoS-HTTP_Flood,DDoS-HTTP_Flood
DDoS-HTTP_Flood,DDoS-HTTP_Flood
DDoS-HTTP_Flood,DDoS-HTTP_Flood
DDoS-HTTP_Flood,DDoS-HTTP_Flood
DDoS-HTTP_Flood,DoS-HTTP_Flood
DDoS-HTTP_Flood,DoS-HTTP_Flood
DDoS-HTTP_Flood,DDoS-HTTP_Flood
DDoS-HTTP_Flood,DDoS-HTTP_Flood
DDoS-HTTP_Flood,DDoS-HTTP_Flood
DDoS-HTTP_Flood,DoS-HTTP_Flood
DDoS-HTTP_Flood,DDoS-HTTP_Flood
DDoS-HTTP_Flood,DoS-HTTP_Flood
DDoS-HTTP_Flood,DDoS-HTTP_Flood
DDoS-HTTP_Flood,DDoS-HTTP_Flood
DDoS-HTTP_Flood,DDoS-HTTP_Flood
DDoS-HTTP_Flood,DDoS-SlowLoris
DDoS-HTTP_Flood,DDoS-HTTP_Flood
DDoS-HTTP_Flood,DDoS-HTTP_Flood
DDoS-HTTP_Flood,DDoS-HTTP_Flood
DDoS-HTTP_Flood,DDoS-HTTP_Flood
DDoS-HTTP_Flood,DDoS-HTTP_Flood
DDoS-HTTP_Flood,DoS-HTTP_Flood
DDoS-HTTP_Flood,DDoS-HTTP_Flood
DDoS-HTTP_Flood,DDoS-HTTP_Flood
DDoS-HTTP_Flood,DDoS-HTTP_Flood
DDoS-HTTP_Flood,DDoS-HTTP_Flood
DDoS-HTTP_Flood,DDoS-HTTP_Flood
DDoS-HTTP_Flood,DDoS-HTTP_Flood
DDoS-HTTP_Flood,DDoS-HTTP_Flood
DDoS-HTTP_Flood,DDoS-HTTP_Flood
DDoS-HTTP_Flood,DDoS-HTTP_Flood
DDoS-HTTP_Flood,DDoS-HTTP_Flood
DDoS-HTTP_Flood,DDoS-HTTP_Flood
DDoS-HTTP_Flood,DoS-HTTP_Flood
DDoS-HTTP_Flood,DDoS-HTTP_Flood
DDoS-HTTP_Flood,DoS-HTTP_Flood
DDoS-HTTP_Flood,DDoS-HTTP_Flood
DDoS-HTTP_Flood,DDoS-HTTP_Flood
DDoS-HTTP_Flood,DoS-HTTP_Flood
DDoS-HTTP_Flood,DDoS-HTTP_Flood
DDoS-HTTP_Flood,DoS-HTTP_Flood
DDoS-HTTP_Flood,DDoS-HTTP_Flood
DDoS-HTTP_Flood,DoS-HTTP_Flood
DDoS-HTTP_Flood,DDoS-HTTP_Flood
DDoS-HTTP_Flood,DDoS-HTTP_Flood
DDoS-HTTP_Flood,DDoS-HTTP_Flood
DDoS-HTTP_Flood,DDoS-HTTP_Flood
DDoS-HTTP_Flood,DDoS-HTTP_Flood
DDoS-HTTP_Flood,DDoS-HTTP_Flood
DDoS-HTTP_Flood,DoS-HTTP_Flood
DDoS-HTTP_Flood,DDoS-HTTP_Flood
DDoS-HTTP_Flood,DDoS-HTTP_Flood
DDoS-HTTP_Flood,DDoS-HTTP_Flood
DDoS-HTTP_Flood,DDoS-HTTP_Flood
DDoS-HTTP_Flood,DDoS-HTTP_Flood
DDoS-HTTP_Flood,DoS-HTTP_Flood
DDoS-HTTP_Flood,DDoS-HTTP_Flood
DDoS-HTTP_Flood,DDoS-HTTP_Flood
DDoS-HTTP_Flood,DDoS-HTTP_Flood
DDoS-HTTP_Flood,DDoS-HTTP_Flood
DDoS-HTTP_Flood,DDoS-HTTP_Flood
DDoS-HTTP_Flood,DDoS-HTTP_Flood
DDoS-HTTP_Flood,DDoS-HTTP_Flood
DDoS-HTTP_Flood,DoS-HTTP_Flood
DDoS-HTTP_Flood,DDoS-HTTP_Flood
DDoS-HTTP_Flood,DDoS-HTTP_Flood
DDoS-HTTP_Flood,DDoS-HTTP_Flood
DDoS-HTTP_Flood,DDoS-HTTP_Flood
DDoS-HTTP_Flood,DDoS-HTTP_Flood
DDoS-HTTP_Flood,DDoS-HTTP_Flood
DDoS-HTTP_Flood,DDoS-HTTP_Flood
DDoS-HTTP_Flood,DoS-HTTP_Flood
DDoS-HTTP_Flood,DDoS-HTTP_Flood
DDoS-HTTP_Flood,DDoS-HTTP_Flood
DDoS-HTTP_Flood,DoS-HTTP_Flood
DDoS-HTTP_Flood,DDoS-HTTP_Flood
DDoS-HTTP_Flood,DDoS-HTTP_Flood
DDoS-HTTP_Flood,DDoS-SlowLoris
DDoS-HTTP_Flood,DDoS-HTTP_Flood
DDoS-HTTP_Flood,DoS-HTTP_Flood
DDoS-HTTP_Flood,DDoS-HTTP_Flood
DDoS-HTTP_Flood,DDoS-HTTP_Flood
DDoS-HTTP_Flood,DDoS-HTTP_Flood
DDoS-HTTP_Flood,DDoS-HTTP_Flood
DDoS-HTTP_Flood,DDoS-HTTP_Flood
DDoS-HTTP_Flood,DDoS-HTTP_Flood
DDoS-HTTP_Flood,DDoS-HTTP_Flood
DDoS-HTTP_Flood,DoS-HTTP_Flood
DDoS-HTTP_Flood,DDoS-HTTP_Flood
DDoS-HTTP_Flood,DDoS-HTTP_Flood
DDoS-HTTP_Flood,DDoS-HTTP_Flood
DDoS-HTTP_Flood,DoS-HTTP_Flood
DDoS-HTTP_Flood,DDoS-HTTP_Flood
DDoS-HTTP_Flood,DDoS-HTTP_Flood
DDoS-HTTP_Flood,DDoS-HTTP_Flood
DDoS-HTTP_Flood,DDoS-HTTP_Flood
DDoS-HTTP_Flood,DDoS-HTTP_Flood
DDoS-HTTP_Flood,DoS-HTTP_Flood
DDoS-HTTP_Flood,DDoS-HTTP_Flood
Mirai-greip_flood,Mirai-greip_flood
Mirai-greip_flood,Mirai-greip_flood
Mirai-greip_flood,Mirai-greip_flood
Mirai-greip_flood,Mirai-greip_flood
Mirai-greip_flood,Mirai-greip_flood
Mirai-greip_flood,Mirai-greip_flood
Mirai-greip_flood,Mirai-greip_flood
Mirai-greip_flood,Mirai-greip_flood
Mirai-greip_flood,Mirai-greip_flood
Mirai-greip_flood,Mirai-greip_flood
Mirai-greip_flood,Mirai-greip_flood
Mirai-greip_flood,Mirai-greip_flood
Mirai-greip_flood,Mirai-greip_flood
Mirai-greip_flood,Mirai-greip_flood
Mirai-greip_flood,Mirai-greip_flood
Mirai-greip_flood,Mirai-greip_flood
Mirai-greip_flood,Mirai-greip_flood
Mirai-greip_flood,Mirai-greip_flood
Mirai-greip_flood,Mirai-greip_flood
Mirai-greip_flood,Mirai-greip_flood
Mirai-greip_flood,Mirai-greip_flood
Mirai-greip_flood,Mirai-greip_flood
Mirai-greip_flood,Mirai-greip_flood
Mirai-greip_flood,Mirai-greip_flood
Mirai-greip_flood,Mirai-greip_flood
Mirai-greip_flood,Mirai-greip_flood
Mirai-greip_flood,Mirai-greip_flood
Mirai-greip_flood,Mirai-greip_flood
Mirai-greip_flood,Mirai-greip_flood
Mirai-greip_flood,Mirai-greip_flood
Mirai-greip_flood,Mirai-greip_flood
Mirai-greip_flood,Mirai-greip_flood
Mirai-greip_flood,Mirai-greip_flood
Mirai-greip_flood,Mirai-greip_flood
Mirai-greip_flood,Mirai-greip_flood
Mirai-greip_flood,Mirai-greip_flood
Mirai-greip_flood,Mirai-greip_flood
Mirai-greip_flood,Mirai-greip_flood
Mirai-greip_flood,Mirai-greip_flood
Mirai-greip_flood,Mirai-greip_flood
Mirai-greip_flood,Mirai-greip_flood
Mirai-greip_flood,Mirai-greip_flood
Mirai-greip_flood,Mirai-greip_flood
Mirai-greip_flood,Mirai-greip_flood
Mirai-greip_flood,Mirai-greip_flood
Mirai-greip_flood,Mirai-greip_flood
Mirai-greip_flood,Mirai-greip_flood
Mirai-greip_flood,Mirai-greip_flood
Mirai-greip_flood,Mirai-greip_flood
Mirai-greip_flood,Mirai-greip_flood
Mirai-greip_flood,Mirai-greip_flood
Mirai-greip_flood,Mirai-greip_flood
Mirai-greip_flood,Mirai-greip_flood
Mirai-greip_flood,Mirai-greip_flood
Mirai-greip_flood,Mirai-greip_flood
Mirai-greip_flood,Mirai-greip_flood
Mirai-greip_flood,Mirai-greip_flood
Mirai-greip_flood,Mirai-greip_flood
Mirai-greip_flood,Mirai-greip_flood
Mirai-greip_flood,Mirai-greip_flood
Mirai-greip_flood,Mirai-greip_flood
Mirai-greip_flood,Mirai-greip_flood
Mirai-greip_flood,Mirai-greip_flood
Mirai-greip_flood,Mirai-greip_flood
Mirai-greip_flood,Mirai-greip_flood
Mirai-greip_flood,Mirai-greip_flood
Mirai-greip_flood,Mirai-greip_flood
Mirai-greip_flood,Mirai-greip_flood
Mirai-greip_flood,Mirai-greip_flood
Mirai-greip_flood,Mirai-greip_flood
Mirai-greip_flood,Mirai-greip_flood
Mirai-greip_flood,Mirai-greip_flood
Mirai-greip_flood,Mirai-greip_flood
Mirai-greip_flood,Mirai-greip_flood
Mirai-greip_flood,Mirai-greip_flood
Mirai-greip_flood,Mirai-greip_flood
Mirai-greip_flood,Mirai-greip_flood
Mirai-greip_flood,Mirai-greip_flood
Mirai-greip_flood,Mirai-greip_flood
Mirai-greip_flood,Mirai-greip_flood
Mirai-greip_flood,Mirai-greip_flood
Mirai-greip_flood,Mirai-greip_flood
Mirai-greip_flood,Mirai-greip_flood
Mirai-greip_flood,Mirai-greip_flood
Mirai-greip_flood,Mirai-greip_flood
Mirai-greip_flood,Mirai-greip_flood
Mirai-greip_flood,Mirai-greip_flood
Mirai-greip_flood,Mirai-greip_flood
Mirai-greip_flood,Mirai-greip_flood
Mirai-greip_flood,Mirai-greip_flood
Mirai-greip_flood,Mirai-greip_flood
Mirai-greip_flood,Mirai-greip_flood
Mirai-greip_flood,Mirai-greip_flood
Mirai-greip_flood,Mirai-greip_flood
Mirai-greip_flood,Mirai-greip_flood
Mirai-greip_flood,Mirai-greip_flood
Mirai-greip_flood,Mirai-greip_flood
Mirai-greip_flood,Mirai-greip_flood
Mirai-greip_flood,Mirai-greip_flood
Mirai-greip_flood,Mirai-greip_flood
Mirai-greip_flood,Mirai-greip_flood
Mirai-greip_flood,Mirai-greip_flood
Mirai-greip_flood,Mirai-greip_flood
Mirai-greip_flood,Mirai-greip_flood
Mirai-greip_flood,Mirai-greip_flood
Mirai-greip_flood,Mirai-greip_flood
Mirai-greip_flood,Mirai-greip_flood
Mirai-greip_flood,Mirai-greip_flood
Mirai-greip_flood,Mirai-greip_flood
Mirai-greip_flood,Mirai-greip_flood
Mirai-greip_flood,Mirai-greip_flood
Mirai-greip_flood,Mirai-greip_flood
Mirai-greip_flood,Mirai-greip_flood
Mirai-greip_flood,Mirai-greip_flood
Mirai-greip_flood,Mirai-greip_flood
Mirai-greip_flood,Mirai-greip_flood
Mirai-greip_flood,Mirai-greip_flood
Mirai-greip_flood,Mirai-greip_flood
Mirai-greip_flood,Mirai-greip_flood
Mirai-greip_flood,Mirai-greip_flood
Mirai-greip_flood,Mirai-greip_flood
Mirai-greip_flood,Mirai-greip_flood
Mirai-greip_flood,Mirai-greip_flood
Mirai-greip_flood,Mirai-greip_flood
Mirai-greip_flood,Mirai-greip_flood
Mirai-greip_flood,Mirai-greip_flood
Mirai-greip_flood,Mirai-greip_flood
Mirai-greip_flood,Mirai-greip_flood
Mirai-greip_flood,Mirai-greip_flood
Mirai-greip_flood,Mirai-greip_flood
Mirai-greip_flood,Mirai-greip_flood
Mirai-greip_flood,Mirai-greip_flood
Mirai-greip_flood,Mirai-greip_flood
Mirai-greip_flood,Mirai-greip_flood
Mirai-greip_flood,Mirai-greip_flood
Mirai-greip_flood,Mirai-greip_flood
Mirai-greip_flood,Mirai-greip_flood
Mirai-greip_flood,Mirai-greip_flood
Mirai-greip_flood,Mirai-greip_flood
Mirai-greip_flood,Mirai-greip_flood
Mirai-greip_flood,Mirai-greip_flood
Mirai-greip_flood,Mirai-greip_flood
Mirai-greip_flood,Mirai-greip_flood
Mirai-greip_flood,Mirai-greip_flood
Mirai-greip_flood,Mirai-greip_flood
Mirai-greip_flood,Mirai-greip_flood
Mirai-greip_flood,Mirai-greip_flood
Mirai-greip_flood,Mirai-greip_flood
Mirai-greip_flood,Mirai-greip_flood
Mirai-greip_flood,Mirai-greip_flood
Mirai-greip_flood,Mirai-greip_flood
Mirai-greip_flood,Mirai-greip_flood
Mirai-greip_flood,Mirai-greip_flood
Mirai-greip_flood,Mirai-greip_flood
Mirai-greip_flood,Mirai-greip_flood
Mirai-greip_flood,Mirai-greip_flood
Mirai-greip_flood,Mirai-greip_flood
Mirai-greip_flood,Mirai-greip_flood
Mirai-greip_flood,Mirai-greip_flood
Mirai-greip_flood,Mirai-greip_flood
Mirai-greip_flood,Mirai-greip_flood
Mirai-greip_flood,Mirai-greip_flood
Mirai-greip_flood,Mirai-greip_flood
Mirai-greip_flood,Mirai-greip_flood
Mirai-greip_flood,Mirai-greip_flood
Mirai-greip_flood,Mirai-greip_flood
Mirai-greip_flood,Mirai-greip_flood
Mirai-greip_flood,Mirai-greip_flood
Mirai-greip_flood,Mirai-greip_flood
Mirai-greip_flood,Mirai-greip_flood
Mirai-greip_flood,Mirai-greip_flood
Mirai-greip_flood,Mirai-greip_flood
Mirai-greip_flood,Mirai-greip_flood
Mirai-greip_flood,Mirai-greip_flood
Mirai-greip_flood,Mirai-greip_flood
Mirai-greip_flood,Mirai-greip_flood
Mirai-greip_flood,Mirai-greip_flood
Mirai-greip_flood,Mirai-greip_flood
Mirai-greip_flood,Mirai-greip_flood
Mirai-greip_flood,Mirai-greip_flood
Mirai-greip_flood,Mirai-greip_flood
Mirai-greip_flood,Mirai-greip_flood
Mirai-greip_flood,Mirai-greip_flood
Mirai-greip_flood,Mirai-greip_flood
Mirai-greip_flood,Mirai-greip_flood
Mirai-greip_flood,Mirai-greip_flood
Mirai-greip_flood,Mirai-greip_flood
Mirai-greip_flood,Mirai-greip_flood
Mirai-greip_flood,Mirai-greip_flood
Mirai-greip_flood,Mirai-greip_flood
Mirai-greip_flood,Mirai-greip_flood
Mirai-greip_flood,Mirai-greip_flood
Mirai-greip_flood,Mirai-greip_flood
Mirai-greip_flood,Mirai-greip_flood
Mirai-greip_flood,Mirai-greip_flood
Mirai-greip_flood,Mirai-greip_flood
Mirai-greip_flood,Mirai-greip_flood
Mirai-greip_flood,Mirai-greip_flood
Mirai-greip_flood,Mirai-greip_flood
Mirai-greip_flood,Mirai-greip_flood
Mirai-greip_flood,Mirai-greip_flood
Mirai-greip_flood,Mirai-greip_flood
Mirai-greip_flood,Mirai-greip_flood
Mirai-greip_flood,Mirai-greip_flood
Mirai-greip_flood,Mirai-greip_flood
Mirai-greip_flood,Mirai-greip_flood
Mirai-greip_flood,Mirai-greip_flood
Mirai-greip_flood,Mirai-greip_flood
Mirai-greip_flood,Mirai-greip_flood
Mirai-greip_flood,Mirai-greip_flood
Mirai-greip_flood,Mirai-greip_flood
Mirai-greip_flood,Mirai-greip_flood
Mirai-greip_flood,Mirai-greip_flood
Mirai-greip_flood,Mirai-greip_flood
Mirai-greip_flood,Mirai-greip_flood
Mirai-greip_flood,Mirai-greip_flood
Mirai-greip_flood,Mirai-greip_flood
Mirai-greip_flood,Mirai-greip_flood
Mirai-greip_flood,Mirai-greip_flood
Mirai-greip_flood,Mirai-greip_flood
Mirai-greip_flood,Mirai-greip_flood
Mirai-greip_flood,Mirai-greip_flood
Mirai-greip_flood,Mirai-greip_flood
Mirai-greip_flood,Mirai-greip_flood
Mirai-greip_flood,Mirai-greip_flood
Mirai-greip_flood,Mirai-greip_flood
Mirai-greip_flood,Mirai-greip_flood
Mirai-greip_flood,Mirai-greip_flood
Mirai-greip_flood,Mirai-greip_flood
Mirai-greip_flood,Mirai-greip_flood
Mirai-greip_flood,Mirai-greip_flood
Mirai-greip_flood,Mirai-greip_flood
Mirai-greip_flood,Mirai-greip_flood
Mirai-greip_flood,Mirai-greip_flood
Mirai-greip_flood,Mirai-greip_flood
Mirai-greip_flood,Mirai-greip_flood
Mirai-greip_flood,Mirai-greip_flood
Mirai-greip_flood,Mirai-greip_flood
Mirai-greip_flood,Mirai-greip_flood
Mirai-greip_flood,Mirai-greip_flood
Mirai-greip_flood,Mirai-greip_flood
Mirai-greip_flood,Mirai-greip_flood
Mirai-greip_flood,Mirai-greip_flood
Mirai-greip_flood,Mirai-greip_flood
Mirai-greip_flood,Mirai-greip_flood
Mirai-greip_flood,Mirai-greip_flood
Mirai-greip_flood,Mirai-greip_flood
Mirai-greip_flood,Mirai-greip_flood
Mirai-greip_flood,Mirai-greip_flood
Mirai-greip_flood,Mirai-greip_flood
Mirai-greip_flood,Mirai-greip_flood
Mirai-greip_flood,Mirai-greip_flood
Mirai-greip_flood,Mirai-greip_flood
Mirai-greip_flood,Mirai-greip_flood
Mirai-greip_flood,Mirai-greip_flood
Mirai-greip_flood,Mirai-greip_flood
Mirai-greip_flood,Mirai-greip_flood
Mirai-greip_flood,Mirai-greip_flood
Mirai-greip_flood,Mirai-greip_flood
Mirai-greip_flood,Mirai-greip_flood
Mirai-greip_flood,Mirai-greip_flood
Mirai-greip_flood,Mirai-greip_flood
Mirai-greip_flood,Mirai-greip_flood
Mirai-greip_flood,Mirai-greip_flood
Mirai-greip_flood,Mirai-greip_flood
Mirai-greip_flood,Mirai-greip_flood
Mirai-greip_flood,Mirai-greip_flood
Mirai-greip_flood,Mirai-greip_flood
Mirai-greip_flood,Mirai-greip_flood
Mirai-greip_flood,Mirai-greip_flood
Mirai-greip_flood,Mirai-greip_flood
Mirai-greip_flood,Mirai-greip_flood
Mirai-greip_flood,Mirai-greip_flood
Mirai-greip_flood,Mirai-greip_flood
Mirai-greip_flood,Mirai-greip_flood
Mirai-greip_flood,Mirai-greip_flood
Mirai-greip_flood,Mirai-greip_flood
Mirai-greip_flood,Mirai-greip_flood
Mirai-greip_flood,Mirai-greip_flood
Mirai-greip_flood,Mirai-greip_flood
Mirai-greip_flood,Mirai-greip_flood
Mirai-greip_flood,Mirai-greip_flood
Mirai-greip_flood,Mirai-greip_flood
Mirai-greip_flood,Mirai-greip_flood
Mirai-greip_flood,Mirai-greip_flood
Mirai-greip_flood,Mirai-greip_flood
Mirai-greip_flood,Mirai-greip_flood
Mirai-greip_flood,Mirai-greip_flood
Mirai-greip_flood,Mirai-greip_flood
Mirai-greip_flood,Mirai-greip_flood
Mirai-greip_flood,Mirai-greip_flood
Mirai-greip_flood,Mirai-greip_flood
Mirai-greip_flood,DDoS-ACK_Fragmentation
Mirai-greip_flood,Mirai-greip_flood
Mirai-greip_flood,Mirai-greip_flood
Mirai-greip_flood,Mirai-greip_flood
Mirai-greip_flood,Mirai-greip_flood
Mirai-greip_flood,Mirai-greip_flood
Mirai-greip_flood,Mirai-greip_flood
Mirai-greip_flood,Mirai-greip_flood
Mirai-greip_flood,Mirai-greip_flood
Mirai-greip_flood,Mirai-greip_flood
Mirai-greip_flood,Mirai-greip_flood
Mirai-greip_flood,Mirai-greip_flood
Mirai-greip_flood,Mirai-greip_flood
Mirai-greip_flood,Mirai-greip_flood
Mirai-greip_flood,Mirai-greip_flood
Mirai-greip_flood,Mirai-greip_flood
Mirai-greip_flood,Mirai-greip_flood
Mirai-greip_flood,Mirai-greip_flood
Mirai-greip_flood,Mirai-greip_flood
Mirai-greip_flood,Mirai-greip_flood
Mirai-greip_flood,Mirai-greip_flood
Mirai-greip_flood,Mirai-greip_flood
Mirai-greip_flood,Mirai-greip_flood
Mirai-greip_flood,Mirai-greip_flood
Mirai-greip_flood,Mirai-greip_flood
Mirai-greip_flood,Mirai-greip_flood
Mirai-greip_flood,Mirai-greip_flood
Mirai-greip_flood,Mirai-greip_flood
Mirai-greip_flood,Mirai-greip_flood
Mirai-greip_flood,Mirai-greip_flood
Mirai-greip_flood,Mirai-greip_flood
Mirai-greip_flood,Mirai-greip_flood
Mirai-greip_flood,Mirai-greip_flood
Mirai-greip_flood,Mirai-greip_flood
Mirai-greip_flood,Mirai-greip_flood
Mirai-greip_flood,Mirai-greip_flood
Mirai-greip_flood,Mirai-greip_flood
Mirai-greip_flood,Mirai-greip_flood
Mirai-greip_flood,Mirai-greip_flood
Mirai-greip_flood,Mirai-greip_flood
Mirai-greip_flood,Mirai-greip_flood
Mirai-greip_flood,Mirai-greip_flood
Mirai-greip_flood,Mirai-greip_flood
Mirai-greip_flood,Mirai-greip_flood
Mirai-greip_flood,Mirai-greip_flood
Mirai-greip_flood,Mirai-greip_flood
Mirai-greip_flood,Mirai-greip_flood
Mirai-greip_flood,Mirai-greip_flood
Mirai-greip_flood,Mirai-greip_flood
Mirai-greip_flood,Mirai-greip_flood
Mirai-greip_flood,Mirai-greip_flood
Mirai-greip_flood,Mirai-greip_flood
Mirai-greip_flood,Mirai-greeth_flood
Mirai-greip_flood,Mirai-greip_flood
Mirai-greip_flood,Mirai-greip_flood
Mirai-greip_flood,Mirai-greip_flood
Mirai-greip_flood,Mirai-greip_flood
Mirai-greip_flood,Mirai-greip_flood
Mirai-greip_flood,Mirai-greip_flood
Mirai-greip_flood,Mirai-greip_flood
Mirai-greip_flood,Mirai-greip_flood
Mirai-greip_flood,Mirai-greip_flood
Mirai-greip_flood,Mirai-greip_flood
Mirai-greip_flood,Mirai-greip_flood
Mirai-greip_flood,Mirai-greip_flood
Mirai-greip_flood,Mirai-greip_flood
Mirai-greip_flood,Mirai-greip_flood
Mirai-greip_flood,Mirai-greip_flood
Mirai-greip_flood,Mirai-greip_flood
Mirai-greip_flood,Mirai-greip_flood
Mirai-greip_flood,Mirai-greip_flood
Mirai-greip_flood,Mirai-greip_flood
Mirai-greip_flood,Mirai-greip_flood
Mirai-greip_flood,Mirai-greip_flood
Mirai-greip_flood,Mirai-greip_flood
Mirai-greip_flood,Mirai-greip_flood
Mirai-greip_flood,Mirai-greip_flood
Mirai-greip_flood,Mirai-greip_flood
Mirai-greip_flood,Mirai-greip_flood
Mirai-greip_flood,Mirai-greip_flood
Mirai-greip_flood,Mirai-greip_flood
Mirai-greip_flood,Mirai-greip_flood
Mirai-greip_flood,Mirai-greip_flood
Mirai-greip_flood,Mirai-greip_flood
Mirai-greip_flood,Mirai-greip_flood
Mirai-greip_flood,Mirai-greip_flood
Mirai-greip_flood,Mirai-greip_flood
Mirai-greip_flood,Mirai-greip_flood
Mirai-greip_flood,Mirai-greip_flood
Mirai-greip_flood,Mirai-greip_flood
Mirai-greip_flood,Mirai-greip_flood
Mirai-greip_flood,Mirai-greip_flood
Mirai-greip_flood,Mirai-greip_flood
Mirai-greip_flood,Mirai-greip_flood
Mirai-greip_flood,Mirai-greip_flood
Mirai-greip_flood,Mirai-greip_flood
Mirai-greip_flood,Mirai-greip_flood
Mirai-greip_flood,Mirai-greip_flood
Mirai-greip_flood,Mirai-greip_flood
Mirai-greip_flood,Mirai-greip_flood
Mirai-greip_flood,Mirai-greip_flood
Mirai-greip_flood,Mirai-greip_flood
Mirai-greip_flood,Mirai-greip_flood
Mirai-greip_flood,Mirai-greip_flood
Mirai-greip_flood,Mirai-greip_flood
Mirai-greip_flood,Mirai-greip_flood
Mirai-greip_flood,Mirai-greip_flood
Mirai-greip_flood,Mirai-greip_flood
DDoS-TCP_Flood,DDoS-TCP_Flood
DDoS-TCP_Flood,DDoS-TCP_Flood
DDoS-TCP_Flood,DDoS-TCP_Flood
DDoS-TCP_Flood,DDoS-TCP_Flood
DDoS-TCP_Flood,DDoS-TCP_Flood
DDoS-TCP_Flood,DoS-TCP_Flood
DDoS-TCP_Flood,DoS-TCP_Flood
DDoS-TCP_Flood,DDoS-TCP_Flood
DDoS-TCP_Flood,DDoS-TCP_Flood
DDoS-TCP_Flood,DDoS-TCP_Flood
DDoS-TCP_Flood,DDoS-TCP_Flood
DDoS-TCP_Flood,DDoS-TCP_Flood
DDoS-TCP_Flood,DDoS-TCP_Flood
DDoS-TCP_Flood,DDoS-TCP_Flood
DDoS-TCP_Flood,DDoS-TCP_Flood
DDoS-TCP_Flood,DDoS-TCP_Flood
DDoS-TCP_Flood,DDoS-TCP_Flood
DDoS-TCP_Flood,DDoS-TCP_Flood
DDoS-TCP_Flood,DDoS-TCP_Flood
DDoS-TCP_Flood,DDoS-TCP_Flood
DDoS-TCP_Flood,DDoS-TCP_Flood
DDoS-TCP_Flood,DDoS-TCP_Flood
DDoS-TCP_Flood,DDoS-TCP_Flood
DDoS-TCP_Flood,DDoS-TCP_Flood
DDoS-TCP_Flood,DDoS-TCP_Flood
DDoS-TCP_Flood,DoS-TCP_Flood
DDoS-TCP_Flood,DDoS-TCP_Flood
DDoS-TCP_Flood,DDoS-TCP_Flood
DDoS-TCP_Flood,DDoS-TCP_Flood
DDoS-TCP_Flood,DDoS-TCP_Flood
DDoS-TCP_Flood,DDoS-TCP_Flood
DDoS-TCP_Flood,DDoS-TCP_Flood
DDoS-TCP_Flood,DDoS-TCP_Flood
DDoS-TCP_Flood,DDoS-TCP_Flood
DDoS-TCP_Flood,DDoS-TCP_Flood
DDoS-TCP_Flood,DDoS-TCP_Flood
DDoS-TCP_Flood,DDoS-TCP_Flood
DDoS-TCP_Flood,DDoS-TCP_Flood
DDoS-TCP_Flood,DDoS-TCP_Flood
DDoS-TCP_Flood,DDoS-TCP_Flood
DDoS-TCP_Flood,DDoS-TCP_Flood
DDoS-TCP_Flood,DDoS-TCP_Flood
DDoS-TCP_Flood,DDoS-TCP_Flood
DDoS-TCP_Flood,DoS-TCP_Flood
DDoS-TCP_Flood,DDoS-TCP_Flood
DDoS-TCP_Flood,DDoS-TCP_Flood
DDoS-TCP_Flood,DoS-TCP_Flood
DDoS-TCP_Flood,DDoS-TCP_Flood
DDoS-TCP_Flood,DDoS-TCP_Flood
DDoS-TCP_Flood,DoS-TCP_Flood
DDoS-TCP_Flood,DDoS-TCP_Flood
DDoS-TCP_Flood,DDoS-TCP_Flood
DDoS-TCP_Flood,DDoS-TCP_Flood
DDoS-TCP_Flood,DDoS-TCP_Flood
DDoS-TCP_Flood,DDoS-TCP_Flood
DDoS-TCP_Flood,DDoS-TCP_Flood
DDoS-TCP_Flood,DDoS-TCP_Flood
DDoS-TCP_Flood,DDoS-TCP_Flood
DDoS-TCP_Flood,DDoS-TCP_Flood
DDoS-TCP_Flood,DDoS-TCP_Flood
DDoS-TCP_Flood,DDoS-TCP_Flood
DDoS-TCP_Flood,DDoS-TCP_Flood
DDoS-TCP_Flood,DDoS-TCP_Flood
DDoS-TCP_Flood,DDoS-TCP_Flood
DDoS-TCP_Flood,DDoS-TCP_Flood
DDoS-TCP_Flood,DDoS-TCP_Flood
DDoS-TCP_Flood,DDoS-TCP_Flood
DDoS-TCP_Flood,DDoS-TCP_Flood
DDoS-TCP_Flood,DDoS-TCP_Flood
DDoS-TCP_Flood,DDoS-TCP_Flood
DDoS-TCP_Flood,DDoS-TCP_Flood
DDoS-TCP_Flood,DoS-TCP_Flood
DDoS-TCP_Flood,DDoS-TCP_Flood
DDoS-TCP_Flood,DDoS-TCP_Flood
DDoS-TCP_Flood,DDoS-TCP_Flood
DDoS-TCP_Flood,DDoS-TCP_Flood
DDoS-TCP_Flood,DDoS-TCP_Flood
DDoS-TCP_Flood,DDoS-TCP_Flood
DDoS-TCP_Flood,DDoS-TCP_Flood
DDoS-TCP_Flood,DDoS-TCP_Flood
DDoS-TCP_Flood,DDoS-TCP_Flood
DDoS-TCP_Flood,DDoS-TCP_Flood
DDoS-TCP_Flood,DDoS-TCP_Flood
DDoS-TCP_Flood,DDoS-TCP_Flood
DDoS-TCP_Flood,DDoS-TCP_Flood
DDoS-TCP_Flood,DDoS-TCP_Flood
DDoS-TCP_Flood,DDoS-TCP_Flood
DDoS-TCP_Flood,DDoS-TCP_Flood
DDoS-TCP_Flood,DoS-TCP_Flood
DDoS-TCP_Flood,DoS-TCP_Flood
DDoS-TCP_Flood,DDoS-TCP_Flood
DDoS-TCP_Flood,DoS-TCP_Flood
DDoS-TCP_Flood,DDoS-TCP_Flood
DDoS-TCP_Flood,DDoS-TCP_Flood
DDoS-TCP_Flood,DDoS-TCP_Flood
DDoS-TCP_Flood,DoS-TCP_Flood
DDoS-TCP_Flood,DoS-TCP_Flood
DDoS-TCP_Flood,DDoS-TCP_Flood
DDoS-TCP_Flood,DDoS-TCP_Flood
DDoS-TCP_Flood,DDoS-TCP_Flood
DDoS-TCP_Flood,DDoS-TCP_Flood
DDoS-TCP_Flood,DDoS-TCP_Flood
DDoS-TCP_Flood,DDoS-TCP_Flood
DDoS-TCP_Flood,DDoS-TCP_Flood
DDoS-TCP_Flood,DDoS-TCP_Flood
DDoS-TCP_Flood,DDoS-TCP_Flood
DDoS-TCP_Flood,DoS-TCP_Flood
DDoS-TCP_Flood,DDoS-TCP_Flood
DDoS-TCP_Flood,DDoS-TCP_Flood
DDoS-TCP_Flood,DDoS-TCP_Flood
DDoS-TCP_Flood,DDoS-TCP_Flood
DDoS-TCP_Flood,DDoS-TCP_Flood
DDoS-TCP_Flood,DDoS-TCP_Flood
DDoS-TCP_Flood,DDoS-TCP_Flood
DDoS-TCP_Flood,DDoS-TCP_Flood
DDoS-TCP_Flood,DDoS-TCP_Flood
DDoS-TCP_Flood,DDoS-TCP_Flood
DDoS-TCP_Flood,DoS-TCP_Flood
DDoS-TCP_Flood,DDoS-TCP_Flood
DDoS-TCP_Flood,DoS-TCP_Flood
DDoS-TCP_Flood,DDoS-TCP_Flood
DDoS-TCP_Flood,DDoS-TCP_Flood
DDoS-TCP_Flood,DDoS-TCP_Flood
DDoS-TCP_Flood,DDoS-TCP_Flood
DDoS-TCP_Flood,DDoS-TCP_Flood
DDoS-TCP_Flood,DDoS-TCP_Flood
DDoS-TCP_Flood,DDoS-TCP_Flood
DDoS-TCP_Flood,DDoS-TCP_Flood
DDoS-TCP_Flood,DDoS-TCP_Flood
DDoS-TCP_Flood,DDoS-TCP_Flood
DDoS-TCP_Flood,DDoS-HTTP_Flood
DDoS-TCP_Flood,DDoS-TCP_Flood
DDoS-TCP_Flood,DDoS-TCP_Flood
DDoS-TCP_Flood,DDoS-TCP_Flood
DDoS-TCP_Flood,DDoS-TCP_Flood
DDoS-TCP_Flood,DDoS-TCP_Flood
DDoS-TCP_Flood,DDoS-TCP_Flood
DDoS-TCP_Flood,DDoS-TCP_Flood
DDoS-TCP_Flood,DDoS-TCP_Flood
DDoS-TCP_Flood,DDoS-TCP_Flood
DDoS-TCP_Flood,DDoS-TCP_Flood
DDoS-TCP_Flood,DDoS-TCP_Flood
DDoS-TCP_Flood,DoS-TCP_Flood
DDoS-TCP_Flood,DoS-TCP_Flood
DDoS-TCP_Flood,DDoS-TCP_Flood
DDoS-TCP_Flood,DoS-TCP_Flood
DDoS-TCP_Flood,DDoS-TCP_Flood
DDoS-TCP_Flood,DDoS-TCP_Flood
DDoS-TCP_Flood,DDoS-TCP_Flood
DDoS-TCP_Flood,DDoS-TCP_Flood
DDoS-TCP_Flood,DDoS-TCP_Flood
DDoS-TCP_Flood,DDoS-TCP_Flood
DDoS-TCP_Flood,DoS-TCP_Flood
DDoS-TCP_Flood,DDoS-TCP_Flood
DDoS-TCP_Flood,DDoS-TCP_Flood
DDoS-TCP_Flood,DDoS-TCP_Flood
DDoS-TCP_Flood,DDoS-TCP_Flood
DDoS-TCP_Flood,DDoS-TCP_Flood
DDoS-TCP_Flood,DDoS-TCP_Flood
DDoS-TCP_Flood,DDoS-TCP_Flood
DDoS-TCP_Flood,DDoS-TCP_Flood
DDoS-TCP_Flood,DoS-TCP_Flood
DDoS-TCP_Flood,DDoS-TCP_Flood
DDoS-TCP_Flood,DDoS-TCP_Flood
DDoS-TCP_Flood,DDoS-TCP_Flood
DDoS-TCP_Flood,DDoS-TCP_Flood
DDoS-TCP_Flood,DDoS-TCP_Flood
DDoS-TCP_Flood,DDoS-TCP_Flood
DDoS-TCP_Flood,DoS-TCP_Flood
DDoS-TCP_Flood,DDoS-TCP_Flood
DDoS-TCP_Flood,DDoS-TCP_Flood
DDoS-TCP_Flood,DDoS-TCP_Flood
DDoS-TCP_Flood,DDoS-TCP_Flood
DDoS-TCP_Flood,DDoS-TCP_Flood
DDoS-TCP_Flood,DDoS-TCP_Flood
DDoS-TCP_Flood,DoS-TCP_Flood
DDoS-TCP_Flood,DDoS-TCP_Flood
DDoS-TCP_Flood,DoS-TCP_Flood
DDoS-TCP_Flood,DoS-TCP_Flood
DDoS-TCP_Flood,DDoS-TCP_Flood
DDoS-TCP_Flood,DDoS-TCP_Flood
DDoS-TCP_Flood,DDoS-TCP_Flood
DDoS-TCP_Flood,DDoS-TCP_Flood
DDoS-TCP_Flood,DDoS-TCP_Flood
DDoS-TCP_Flood,DDoS-TCP_Flood
DDoS-TCP_Flood,DDoS-TCP_Flood
DDoS-TCP_Flood,DDoS-TCP_Flood
DDoS-TCP_Flood,DDoS-TCP_Flood
DDoS-TCP_Flood,DDoS-TCP_Flood
DDoS-TCP_Flood,DDoS-TCP_Flood
DDoS-TCP_Flood,DDoS-TCP_Flood
DDoS-TCP_Flood,DDoS-TCP_Flood
DDoS-TCP_Flood,DDoS-TCP_Flood
DDoS-TCP_Flood,DDoS-TCP_Flood
DDoS-TCP_Flood,DDoS-TCP_Flood
DDoS-TCP_Flood,DDoS-TCP_Flood
DDoS-TCP_Flood,DDoS-TCP_Flood
DDoS-TCP_Flood,DDoS-TCP_Flood
DDoS-TCP_Flood,DoS-TCP_Flood
DDoS-TCP_Flood,DDoS-TCP_Flood
DDoS-TCP_Flood,DDoS-TCP_Flood
DDoS-TCP_Flood,DDoS-TCP_Flood
DDoS-TCP_Flood,DDoS-TCP_Flood
DDoS-TCP_Flood,DDoS-TCP_Flood
DDoS-TCP_Flood,DDoS-TCP_Flood
DDoS-TCP_Flood,DoS-TCP_Flood
DDoS-TCP_Flood,DDoS-TCP_Flood
DDoS-TCP_Flood,DDoS-TCP_Flood
DDoS-TCP_Flood,DDoS-TCP_Flood
DDoS-TCP_Flood,DDoS-TCP_Flood
DDoS-TCP_Flood,DDoS-TCP_Flood
DDoS-TCP_Flood,DDoS-TCP_Flood
DDoS-TCP_Flood,DDoS-TCP_Flood
DDoS-TCP_Flood,DDoS-TCP_Flood
DDoS-TCP_Flood,DDoS-TCP_Flood
DDoS-TCP_Flood,DDoS-TCP_Flood
DDoS-TCP_Flood,DDoS-TCP_Flood
DDoS-TCP_Flood,DDoS-TCP_Flood
DDoS-TCP_Flood,DDoS-TCP_Flood
DDoS-TCP_Flood,DDoS-TCP_Flood
DDoS-TCP_Flood,DDoS-TCP_Flood
DDoS-TCP_Flood,DDoS-TCP_Flood
DDoS-TCP_Flood,DDoS-TCP_Flood
DDoS-TCP_Flood,DDoS-TCP_Flood
DDoS-TCP_Flood,DoS-TCP_Flood
DDoS-TCP_Flood,DDoS-TCP_Flood
DDoS-TCP_Flood,DoS-TCP_Flood
DDoS-TCP_Flood,DDoS-TCP_Flood
DDoS-TCP_Flood,DDoS-TCP_Flood
DDoS-TCP_Flood,DDoS-TCP_Flood
DDoS-TCP_Flood,DoS-TCP_Flood
DDoS-TCP_Flood,DDoS-TCP_Flood
DDoS-TCP_Flood,DDoS-TCP_Flood
DDoS-TCP_Flood,DDoS-TCP_Flood
DDoS-TCP_Flood,DDoS-TCP_Flood
DDoS-TCP_Flood,DDoS-TCP_Flood
DDoS-TCP_Flood,DDoS-TCP_Flood
DDoS-TCP_Flood,DoS-TCP_Flood
DDoS-TCP_Flood,DDoS-TCP_Flood
DDoS-TCP_Flood,DDoS-TCP_Flood
DDoS-TCP_Flood,DoS-TCP_Flood
DDoS-TCP_Flood,DoS-TCP_Flood
DDoS-TCP_Flood,DDoS-TCP_Flood
DDoS-TCP_Flood,DoS-TCP_Flood
DDoS-TCP_Flood,DDoS-TCP_Flood
DDoS-TCP_Flood,DoS-TCP_Flood
DDoS-TCP_Flood,DDoS-TCP_Flood
DDoS-TCP_Flood,DDoS-TCP_Flood
DDoS-TCP_Flood,DDoS-TCP_Flood
DDoS-TCP_Flood,DDoS-TCP_Flood
DDoS-TCP_Flood,DDoS-TCP_Flood
DDoS-TCP_Flood,DDoS-TCP_Flood
DDoS-TCP_Flood,DDoS-TCP_Flood
DDoS-TCP_Flood,DDoS-TCP_Flood
DDoS-TCP_Flood,DoS-TCP_Flood
DDoS-TCP_Flood,DDoS-TCP_Flood
DDoS-TCP_Flood,DDoS-TCP_Flood
DDoS-TCP_Flood,DDoS-TCP_Flood
DDoS-TCP_Flood,DDoS-TCP_Flood
DDoS-TCP_Flood,DDoS-TCP_Flood
DDoS-TCP_Flood,DDoS-TCP_Flood
DDoS-TCP_Flood,DDoS-TCP_Flood
DDoS-TCP_Flood,DDoS-TCP_Flood
DDoS-TCP_Flood,DDoS-TCP_Flood
DDoS-TCP_Flood,DDoS-TCP_Flood
DDoS-TCP_Flood,DDoS-TCP_Flood
DDoS-TCP_Flood,DoS-TCP_Flood
DDoS-TCP_Flood,DDoS-TCP_Flood
DDoS-TCP_Flood,DDoS-TCP_Flood
DDoS-TCP_Flood,DDoS-TCP_Flood
DDoS-TCP_Flood,DDoS-TCP_Flood
DDoS-TCP_Flood,DDoS-TCP_Flood
DDoS-TCP_Flood,DDoS-TCP_Flood
DDoS-TCP_Flood,DDoS-TCP_Flood
DDoS-TCP_Flood,DDoS-TCP_Flood
DDoS-TCP_Flood,DDoS-TCP_Flood
DDoS-TCP_Flood,DDoS-TCP_Flood
DDoS-TCP_Flood,DDoS-TCP_Flood
DDoS-TCP_Flood,DDoS-TCP_Flood
DDoS-TCP_Flood,DoS-TCP_Flood
DDoS-TCP_Flood,DDoS-TCP_Flood
DDoS-TCP_Flood,DDoS-TCP_Flood
DDoS-TCP_Flood,DDoS-TCP_Flood
DDoS-TCP_Flood,DDoS-TCP_Flood
DDoS-TCP_Flood,DDoS-TCP_Flood
DDoS-TCP_Flood,DDoS-TCP_Flood
DDoS-TCP_Flood,DoS-TCP_Flood
DDoS-TCP_Flood,DoS-TCP_Flood
DDoS-TCP_Flood,DDoS-TCP_Flood
DDoS-TCP_Flood,DDoS-TCP_Flood
DDoS-TCP_Flood,DDoS-TCP_Flood
DDoS-TCP_Flood,DoS-TCP_Flood
DDoS-TCP_Flood,DDoS-TCP_Flood
DDoS-TCP_Flood,DDoS-TCP_Flood
DDoS-TCP_Flood,DDoS-TCP_Flood
DDoS-TCP_Flood,DDoS-TCP_Flood
DDoS-TCP_Flood,DDoS-TCP_Flood
DDoS-TCP_Flood,DDoS-TCP_Flood
DDoS-TCP_Flood,DDoS-TCP_Flood
DDoS-TCP_Flood,DDoS-TCP_Flood
DDoS-TCP_Flood,DDoS-TCP_Flood
DDoS-TCP_Flood,DDoS-TCP_Flood
DDoS-TCP_Flood,DDoS-TCP_Flood
DDoS-TCP_Flood,DDoS-TCP_Flood
DDoS-TCP_Flood,DDoS-TCP_Flood
DDoS-TCP_Flood,DDoS-TCP_Flood
DDoS-TCP_Flood,DDoS-TCP_Flood
DDoS-TCP_Flood,DDoS-TCP_Flood
DDoS-TCP_Flood,DDoS-TCP_Flood
DDoS-TCP_Flood,DDoS-TCP_Flood
DDoS-TCP_Flood,DDoS-TCP_Flood
DDoS-TCP_Flood,DDoS-TCP_Flood
DDoS-TCP_Flood,DDoS-TCP_Flood
DDoS-TCP_Flood,DDoS-TCP_Flood
DDoS-TCP_Flood,DoS-TCP_Flood
DDoS-TCP_Flood,DDoS-TCP_Flood
DDoS-TCP_Flood,DDoS-TCP_Flood
DDoS-TCP_Flood,DDoS-TCP_Flood
DDoS-TCP_Flood,DDoS-TCP_Flood
DDoS-TCP_Flood,DDoS-TCP_Flood
DDoS-TCP_Flood,DoS-TCP_Flood
DDoS-TCP_Flood,DDoS-TCP_Flood
DDoS-TCP_Flood,DDoS-TCP_Flood
DDoS-TCP_Flood,DDoS-TCP_Flood
DDoS-TCP_Flood,DoS-TCP_Flood
DDoS-TCP_Flood,DDoS-TCP_Flood
DDoS-TCP_Flood,DoS-TCP_Flood
DDoS-TCP_Flood,DDoS-TCP_Flood
DDoS-TCP_Flood,DoS-TCP_Flood
DDoS-TCP_Flood,DDoS-TCP_Flood
DDoS-TCP_Flood,DDoS-TCP_Flood
DDoS-TCP_Flood,DDoS-TCP_Flood
DDoS-TCP_Flood,DoS-TCP_Flood
DDoS-TCP_Flood,DDoS-TCP_Flood
DDoS-TCP_Flood,DDoS-TCP_Flood
DDoS-TCP_Flood,DoS-TCP_Flood
DDoS-TCP_Flood,DDoS-TCP_Flood
DDoS-TCP_Flood,DoS-TCP_Flood
DDoS-TCP_Flood,DoS-TCP_Flood
DDoS-TCP_Flood,DDoS-TCP_Flood
DDoS-TCP_Flood,DDoS-TCP_Flood
DDoS-TCP_Flood,DDoS-TCP_Flood
DDoS-TCP_Flood,DDoS-TCP_Flood
DDoS-TCP_Flood,DDoS-TCP_Flood
DDoS-TCP_Flood,DDoS-TCP_Flood
DDoS-TCP_Flood,DDoS-TCP_Flood
DDoS-TCP_Flood,DDoS-TCP_Flood
DDoS-TCP_Flood,DDoS-TCP_Flood
DDoS-TCP_Flood,DDoS-TCP_Flood
DDoS-TCP_Flood,DDoS-TCP_Flood
DDoS-TCP_Flood,DDoS-TCP_Flood
DDoS-TCP_Flood,DDoS-TCP_Flood
DDoS-TCP_Flood,DDoS-TCP_Flood
DDoS-TCP_Flood,DoS-TCP_Flood
DDoS-TCP_Flood,DDoS-TCP_Flood
DDoS-TCP_Flood,DDoS-TCP_Flood
DDoS-TCP_Flood,DDoS-TCP_Flood
DDoS-TCP_Flood,DDoS-TCP_Flood
DDoS-TCP_Flood,DDoS-TCP_Flood
DDoS-TCP_Flood,DDoS-TCP_Flood
DDoS-TCP_Flood,DDoS-TCP_Flood
DDoS-TCP_Flood,DDoS-TCP_Flood
DDoS-TCP_Flood,DDoS-TCP_Flood
DDoS-TCP_Flood,DDoS-TCP_Flood
DDoS-TCP_Flood,DDoS-TCP_Flood
DDoS-TCP_Flood,DDoS-TCP_Flood
DDoS-TCP_Flood,DDoS-TCP_Flood
DDoS-TCP_Flood,DDoS-TCP_Flood
DDoS-TCP_Flood,DDoS-TCP_Flood
DDoS-TCP_Flood,DDoS-TCP_Flood
DDoS-TCP_Flood,DDoS-TCP_Flood
DDoS-TCP_Flood,DoS-TCP_Flood
DDoS-TCP_Flood,DDoS-TCP_Flood
DDoS-TCP_Flood,DDoS-TCP_Flood
DDoS-TCP_Flood,DDoS-TCP_Flood
DDoS-TCP_Flood,DDoS-TCP_Flood
DDoS-TCP_Flood,DDoS-TCP_Flood
DDoS-TCP_Flood,DoS-TCP_Flood
DDoS-TCP_Flood,DDoS-TCP_Flood
DDoS-TCP_Flood,DDoS-TCP_Flood
DDoS-TCP_Flood,DoS-TCP_Flood
DDoS-TCP_Flood,DDoS-TCP_Flood
DDoS-TCP_Flood,DDoS-TCP_Flood
DDoS-TCP_Flood,DoS-TCP_Flood
DDoS-TCP_Flood,DDoS-TCP_Flood
DDoS-TCP_Flood,DDoS-TCP_Flood
DDoS-TCP_Flood,DDoS-TCP_Flood
DDoS-TCP_Flood,DDoS-TCP_Flood
DDoS-TCP_Flood,DDoS-TCP_Flood
DDoS-TCP_Flood,DDoS-TCP_Flood
DDoS-TCP_Flood,DDoS-TCP_Flood
DDoS-TCP_Flood,DDoS-TCP_Flood
DDoS-TCP_Flood,DDoS-TCP_Flood
DDoS-TCP_Flood,DDoS-TCP_Flood
DDoS-TCP_Flood,DDoS-TCP_Flood
DDoS-TCP_Flood,DDoS-TCP_Flood
DDoS-TCP_Flood,DoS-TCP_Flood
DDoS-TCP_Flood,DDoS-TCP_Flood
DDoS-TCP_Flood,DDoS-TCP_Flood
DDoS-TCP_Flood,DDoS-TCP_Flood
DoS-UDP_Flood,DoS-UDP_Flood
DoS-UDP_Flood,DoS-UDP_Flood
DoS-UDP_Flood,DoS-UDP_Flood
DoS-UDP_Flood,DoS-UDP_Flood
DoS-UDP_Flood,DDoS-UDP_Flood
DoS-UDP_Flood,DoS-UDP_Flood
DoS-UDP_Flood,DDoS-UDP_Flood
DoS-UDP_Flood,DoS-UDP_Flood
DoS-UDP_Flood,DoS-UDP_Flood
DoS-UDP_Flood,DDoS-UDP_Flood
DoS-UDP_Flood,DoS-UDP_Flood
DoS-UDP_Flood,DoS-UDP_Flood
DoS-UDP_Flood,DoS-UDP_Flood
DoS-UDP_Flood,DoS-UDP_Flood
DoS-UDP_Flood,DoS-UDP_Flood
DoS-UDP_Flood,DoS-UDP_Flood
DoS-UDP_Flood,DDoS-UDP_Flood
DoS-UDP_Flood,DoS-UDP_Flood
DoS-UDP_Flood,DoS-UDP_Flood
DoS-UDP_Flood,DoS-UDP_Flood
DoS-UDP_Flood,DoS-UDP_Flood
DoS-UDP_Flood,DDoS-UDP_Flood
DoS-UDP_Flood,DDoS-UDP_Flood
DoS-UDP_Flood,DDoS-UDP_Flood
DoS-UDP_Flood,DDoS-UDP_Flood
DoS-UDP_Flood,DoS-UDP_Flood
DoS-UDP_Flood,DoS-UDP_Flood
DoS-UDP_Flood,DoS-UDP_Flood
DoS-UDP_Flood,DoS-UDP_Flood
DoS-UDP_Flood,DDoS-UDP_Flood
DoS-UDP_Flood,DoS-UDP_Flood
DoS-UDP_Flood,DoS-UDP_Flood
DoS-UDP_Flood,DoS-UDP_Flood
DoS-UDP_Flood,DoS-UDP_Flood
DoS-UDP_Flood,DoS-UDP_Flood
DoS-UDP_Flood,DoS-UDP_Flood
DoS-UDP_Flood,DoS-UDP_Flood
DoS-UDP_Flood,DDoS-UDP_Flood
DoS-UDP_Flood,DoS-UDP_Flood
DoS-UDP_Flood,DoS-UDP_Flood
DoS-UDP_Flood,DoS-UDP_Flood
DoS-UDP_Flood,DoS-UDP_Flood
DoS-UDP_Flood,DoS-UDP_Flood
DoS-UDP_Flood,DDoS-UDP_Flood
DoS-UDP_Flood,DoS-UDP_Flood
DoS-UDP_Flood,DDoS-UDP_Flood
DoS-UDP_Flood,DoS-UDP_Flood
DoS-UDP_Flood,DoS-UDP_Flood
DoS-UDP_Flood,DoS-UDP_Flood
DoS-UDP_Flood,DoS-UDP_Flood
DoS-UDP_Flood,DoS-UDP_Flood
DoS-UDP_Flood,DDoS-UDP_Flood
DoS-UDP_Flood,DDoS-UDP_Flood
DoS-UDP_Flood,DoS-UDP_Flood
DoS-UDP_Flood,DDoS-UDP_Flood
DoS-UDP_Flood,DoS-UDP_Flood
DoS-UDP_Flood,DoS-UDP_Flood
DoS-UDP_Flood,DoS-UDP_Flood
DoS-UDP_Flood,DoS-UDP_Flood
DoS-UDP_Flood,DDoS-UDP_Flood
DoS-UDP_Flood,DDoS-UDP_Flood
DoS-UDP_Flood,DoS-UDP_Flood
DoS-UDP_Flood,DDoS-UDP_Flood
DoS-UDP_Flood,DDoS-UDP_Flood
DoS-UDP_Flood,DoS-UDP_Flood
DoS-UDP_Flood,DDoS-UDP_Flood
DoS-UDP_Flood,DoS-UDP_Flood
DoS-UDP_Flood,DDoS-UDP_Flood
DoS-UDP_Flood,DoS-UDP_Flood
DoS-UDP_Flood,DoS-UDP_Flood
DoS-UDP_Flood,DoS-UDP_Flood
DoS-UDP_Flood,DoS-UDP_Flood
DoS-UDP_Flood,DDoS-UDP_Flood
DoS-UDP_Flood,DoS-UDP_Flood
DoS-UDP_Flood,DDoS-UDP_Flood
DoS-UDP_Flood,DDoS-UDP_Flood
DoS-UDP_Flood,DDoS-UDP_Flood
DoS-UDP_Flood,DoS-UDP_Flood
DoS-UDP_Flood,DoS-UDP_Flood
DoS-UDP_Flood,DoS-UDP_Flood
DoS-UDP_Flood,DoS-UDP_Flood
DoS-UDP_Flood,DoS-UDP_Flood
DoS-UDP_Flood,DDoS-UDP_Flood
DoS-UDP_Flood,DoS-UDP_Flood
DoS-UDP_Flood,DoS-UDP_Flood
DoS-UDP_Flood,DoS-UDP_Flood
DoS-UDP_Flood,DoS-UDP_Flood
DoS-UDP_Flood,DoS-UDP_Flood
DoS-UDP_Flood,DDoS-UDP_Flood
DoS-UDP_Flood,DoS-UDP_Flood
DoS-UDP_Flood,DoS-UDP_Flood
DoS-UDP_Flood,DDoS-UDP_Flood
DoS-UDP_Flood,DoS-UDP_Flood
DoS-UDP_Flood,DDoS-UDP_Flood
DoS-UDP_Flood,DoS-UDP_Flood
DoS-UDP_Flood,DDoS-UDP_Flood
DoS-UDP_Flood,DoS-UDP_Flood
DoS-UDP_Flood,DDoS-UDP_Flood
DoS-UDP_Flood,DoS-UDP_Flood
DoS-UDP_Flood,DoS-UDP_Flood
DoS-UDP_Flood,DoS-UDP_Flood
DoS-UDP_Flood,DoS-UDP_Flood
DoS-UDP_Flood,DoS-UDP_Flood
DoS-UDP_Flood,DoS-UDP_Flood
DoS-UDP_Flood,DoS-UDP_Flood
DoS-UDP_Flood,DoS-UDP_Flood
DoS-UDP_Flood,DoS-UDP_Flood
DoS-UDP_Flood,DoS-UDP_Flood
DoS-UDP_Flood,DoS-UDP_Flood
DoS-UDP_Flood,DDoS-UDP_Flood
DoS-UDP_Flood,DoS-UDP_Flood
DoS-UDP_Flood,DoS-UDP_Flood
DoS-UDP_Flood,DoS-UDP_Flood
DoS-UDP_Flood,DDoS-UDP_Flood
DoS-UDP_Flood,DoS-UDP_Flood
DoS-UDP_Flood,DoS-UDP_Flood
DoS-UDP_Flood,DDoS-UDP_Flood
DoS-UDP_Flood,DoS-UDP_Flood
DoS-UDP_Flood,DDoS-UDP_Flood
DoS-UDP_Flood,DoS-UDP_Flood
DoS-UDP_Flood,DoS-UDP_Flood
DoS-UDP_Flood,DoS-UDP_Flood
DoS-UDP_Flood,DoS-UDP_Flood
DoS-UDP_Flood,DoS-UDP_Flood
DoS-UDP_Flood,DDoS-UDP_Flood
DoS-UDP_Flood,DoS-UDP_Flood
DoS-UDP_Flood,DoS-UDP_Flood
DoS-UDP_Flood,DoS-UDP_Flood
DoS-UDP_Flood,DDoS-UDP_Flood
DoS-UDP_Flood,DoS-UDP_Flood
DoS-UDP_Flood,DoS-UDP_Flood
DoS-UDP_Flood,DoS-UDP_Flood
DoS-UDP_Flood,DoS-UDP_Flood
DoS-UDP_Flood,DoS-UDP_Flood
DoS-UDP_Flood,DDoS-UDP_Flood
DoS-UDP_Flood,DoS-UDP_Flood
DoS-UDP_Flood,DoS-UDP_Flood
DoS-UDP_Flood,DoS-UDP_Flood
DoS-UDP_Flood,DoS-UDP_Flood
DoS-UDP_Flood,DDoS-UDP_Flood
DoS-UDP_Flood,DoS-UDP_Flood
DoS-UDP_Flood,DoS-UDP_Flood
DoS-UDP_Flood,DoS-UDP_Flood
DoS-UDP_Flood,DoS-UDP_Flood
DoS-UDP_Flood,DoS-UDP_Flood
DoS-UDP_Flood,DDoS-UDP_Flood
DoS-UDP_Flood,DDoS-UDP_Flood
DoS-UDP_Flood,DDoS-UDP_Flood
DoS-UDP_Flood,DoS-UDP_Flood
DoS-UDP_Flood,DoS-UDP_Flood
DoS-UDP_Flood,DDoS-UDP_Flood
DoS-UDP_Flood,DDoS-UDP_Flood
DoS-UDP_Flood,DoS-UDP_Flood
DoS-UDP_Flood,DoS-UDP_Flood
DoS-UDP_Flood,DoS-UDP_Flood
DoS-UDP_Flood,DoS-UDP_Flood
DoS-UDP_Flood,DDoS-UDP_Flood
DoS-UDP_Flood,DoS-UDP_Flood
DoS-UDP_Flood,DoS-UDP_Flood
DoS-UDP_Flood,DoS-UDP_Flood
DoS-UDP_Flood,DoS-UDP_Flood
DoS-UDP_Flood,DoS-UDP_Flood
DoS-UDP_Flood,DDoS-UDP_Flood
DoS-UDP_Flood,DoS-UDP_Flood
DoS-UDP_Flood,DoS-UDP_Flood
DoS-UDP_Flood,DoS-UDP_Flood
DoS-UDP_Flood,DoS-UDP_Flood
DoS-UDP_Flood,DDoS-UDP_Flood
DoS-UDP_Flood,DoS-UDP_Flood
DoS-UDP_Flood,DoS-UDP_Flood
DoS-UDP_Flood,DDoS-UDP_Flood
DoS-UDP_Flood,DoS-UDP_Flood
DoS-UDP_Flood,DoS-UDP_Flood
DoS-UDP_Flood,DDoS-UDP_Flood
DoS-UDP_Flood,DoS-UDP_Flood
DoS-UDP_Flood,DoS-UDP_Flood
DoS-UDP_Flood,DoS-UDP_Flood
DoS-UDP_Flood,DoS-UDP_Flood
DoS-UDP_Flood,DoS-UDP_Flood
DoS-UDP_Flood,DDoS-UDP_Flood
DoS-UDP_Flood,DoS-UDP_Flood
DoS-UDP_Flood,DoS-UDP_Flood
DoS-UDP_Flood,DoS-UDP_Flood
DoS-UDP_Flood,DoS-UDP_Flood
DoS-UDP_Flood,DoS-UDP_Flood
DoS-UDP_Flood,Mirai-udpplain
DoS-UDP_Flood,DoS-UDP_Flood
DoS-UDP_Flood,DDoS-UDP_Flood
DoS-UDP_Flood,DDoS-UDP_Flood
DoS-UDP_Flood,DoS-UDP_Flood
DoS-UDP_Flood,DDoS-UDP_Flood
DoS-UDP_Flood,DoS-UDP_Flood
DoS-UDP_Flood,DoS-UDP_Flood
DoS-UDP_Flood,DDoS-UDP_Flood
DoS-UDP_Flood,DoS-UDP_Flood
DoS-UDP_Flood,DoS-UDP_Flood
DoS-UDP_Flood,DoS-UDP_Flood
DoS-UDP_Flood,DoS-UDP_Flood
DoS-UDP_Flood,DoS-UDP_Flood
DoS-UDP_Flood,DoS-UDP_Flood
DoS-UDP_Flood,DoS-UDP_Flood
DoS-UDP_Flood,DDoS-UDP_Flood
DoS-UDP_Flood,DoS-UDP_Flood
DoS-UDP_Flood,DoS-UDP_Flood
DoS-UDP_Flood,DDoS-UDP_Flood
DoS-UDP_Flood,DDoS-UDP_Flood
DoS-UDP_Flood,DDoS-UDP_Flood
DoS-UDP_Flood,DDoS-UDP_Flood
DoS-UDP_Flood,DDoS-UDP_Flood
DoS-UDP_Flood,DDoS-UDP_Flood
DoS-UDP_Flood,DoS-UDP_Flood
DoS-UDP_Flood,DoS-UDP_Flood
DoS-UDP_Flood,DDoS-UDP_Flood
DoS-UDP_Flood,DDoS-UDP_Flood
DoS-UDP_Flood,DDoS-UDP_Flood
DoS-UDP_Flood,DoS-UDP_Flood
DoS-UDP_Flood,DDoS-UDP_Flood
DoS-UDP_Flood,DoS-UDP_Flood
DoS-UDP_Flood,DoS-UDP_Flood
DoS-UDP_Flood,DoS-UDP_Flood
DoS-UDP_Flood,DDoS-UDP_Flood
DoS-UDP_Flood,DoS-UDP_Flood
DoS-UDP_Flood,DoS-UDP_Flood
DoS-UDP_Flood,DDoS-UDP_Flood
DoS-UDP_Flood,DoS-UDP_Flood
DoS-UDP_Flood,DoS-UDP_Flood
DoS-UDP_Flood,DoS-UDP_Flood
DoS-UDP_Flood,DoS-UDP_Flood
DoS-UDP_Flood,DDoS-UDP_Flood
DoS-UDP_Flood,DoS-UDP_Flood
DoS-UDP_Flood,DoS-UDP_Flood
DoS-UDP_Flood,DoS-UDP_Flood
DoS-UDP_Flood,DDoS-UDP_Flood
DoS-UDP_Flood,DoS-UDP_Flood
DoS-UDP_Flood,DDoS-UDP_Flood
DoS-UDP_Flood,DoS-UDP_Flood
DoS-UDP_Flood,DDoS-UDP_Flood
DoS-UDP_Flood,DDoS-UDP_Flood
DoS-UDP_Flood,DDoS-UDP_Flood
DoS-UDP_Flood,DoS-UDP_Flood
DoS-UDP_Flood,DoS-UDP_Flood
DoS-UDP_Flood,DoS-UDP_Flood
DoS-UDP_Flood,DoS-UDP_Flood
DoS-UDP_Flood,DDoS-UDP_Flood
DoS-UDP_Flood,DoS-UDP_Flood
DoS-UDP_Flood,DoS-UDP_Flood
DoS-UDP_Flood,DoS-UDP_Flood
DoS-UDP_Flood,DoS-UDP_Flood
DoS-UDP_Flood,DoS-UDP_Flood
DoS-UDP_Flood,DoS-UDP_Flood
DoS-UDP_Flood,DoS-UDP_Flood
DoS-UDP_Flood,DDoS-UDP_Flood
DoS-UDP_Flood,DoS-UDP_Flood
DoS-UDP_Flood,DoS-UDP_Flood
DoS-UDP_Flood,DoS-UDP_Flood
DoS-UDP_Flood,DDoS-UDP_Flood
DoS-UDP_Flood,DoS-UDP_Flood
DoS-UDP_Flood,DoS-UDP_Flood
DoS-UDP_Flood,DoS-UDP_Flood
DoS-UDP_Flood,DoS-UDP_Flood
DoS-UDP_Flood,DoS-UDP_Flood
DoS-UDP_Flood,DDoS-UDP_Flood
DoS-UDP_Flood,DoS-UDP_Flood
DoS-UDP_Flood,DoS-UDP_Flood
DoS-UDP_Flood,DoS-UDP_Flood
DoS-UDP_Flood,DoS-UDP_Flood
DoS-UDP_Flood,DDoS-UDP_Flood
DoS-UDP_Flood,DDoS-UDP_Flood
DoS-UDP_Flood,DoS-UDP_Flood
DoS-UDP_Flood,DDoS-UDP_Flood
DoS-UDP_Flood,DoS-UDP_Flood
DoS-UDP_Flood,DoS-UDP_Flood
DoS-UDP_Flood,DDoS-UDP_Flood
DoS-UDP_Flood,DDoS-UDP_Flood
DoS-UDP_Flood,DoS-UDP_Flood
DoS-UDP_Flood,DDoS-UDP_Flood
DoS-UDP_Flood,DoS-UDP_Flood
DoS-UDP_Flood,DoS-UDP_Flood
DoS-UDP_Flood,DDoS-UDP_Flood
DoS-UDP_Flood,DoS-UDP_Flood
DoS-UDP_Flood,DDoS-UDP_Flood
DoS-UDP_Flood,DDoS-UDP_Flood
DoS-UDP_Flood,DDoS-UDP_Flood
DoS-UDP_Flood,DDoS-UDP_Flood
DoS-UDP_Flood,DoS-UDP_Flood
DoS-UDP_Flood,DoS-UDP_Flood
DoS-UDP_Flood,DoS-UDP_Flood
DoS-UDP_Flood,DDoS-UDP_Flood
DoS-UDP_Flood,DoS-UDP_Flood
DoS-UDP_Flood,DoS-UDP_Flood
DoS-UDP_Flood,DDoS-UDP_Flood
DoS-UDP_Flood,DoS-UDP_Flood
DoS-UDP_Flood,DoS-UDP_Flood
DoS-UDP_Flood,DoS-UDP_Flood
DoS-UDP_Flood,DoS-UDP_Flood
DoS-UDP_Flood,DoS-UDP_Flood
DoS-UDP_Flood,DoS-UDP_Flood
DoS-UDP_Flood,DDoS-UDP_Flood
DoS-UDP_Flood,DoS-UDP_Flood
DoS-UDP_Flood,DoS-UDP_Flood
DoS-UDP_Flood,DoS-UDP_Flood
DoS-UDP_Flood,DoS-UDP_Flood
DoS-UDP_Flood,DoS-UDP_Flood
DoS-UDP_Flood,DoS-UDP_Flood
DoS-UDP_Flood,DoS-UDP_Flood
DoS-UDP_Flood,DoS-UDP_Flood
DoS-UDP_Flood,DoS-UDP_Flood
DoS-UDP_Flood,DDoS-UDP_Flood
DoS-UDP_Flood,DDoS-UDP_Flood
DoS-UDP_Flood,DDoS-UDP_Flood
DoS-UDP_Flood,DoS-UDP_Flood
DoS-UDP_Flood,DoS-UDP_Flood
DoS-UDP_Flood,DDoS-UDP_Flood
DoS-UDP_Flood,DoS-UDP_Flood
DoS-UDP_Flood,DDoS-UDP_Flood
DoS-UDP_Flood,DoS-UDP_Flood
DoS-UDP_Flood,DDoS-UDP_Flood
DoS-UDP_Flood,DoS-UDP_Flood
DoS-UDP_Flood,DoS-UDP_Flood
DoS-UDP_Flood,DoS-UDP_Flood
DoS-UDP_Flood,DoS-UDP_Flood
DoS-UDP_Flood,DoS-UDP_Flood
DoS-UDP_Flood,DDoS-UDP_Flood
DoS-UDP_Flood,DoS-UDP_Flood
DoS-UDP_Flood,DDoS-UDP_Flood
DoS-UDP_Flood,DoS-UDP_Flood
DoS-UDP_Flood,DDoS-UDP_Flood
DoS-UDP_Flood,DoS-UDP_Flood
DoS-UDP_Flood,DDoS-UDP_Flood
DoS-UDP_Flood,DoS-UDP_Flood
DoS-UDP_Flood,DoS-UDP_Flood
DoS-UDP_Flood,DoS-UDP_Flood
DoS-UDP_Flood,DoS-UDP_Flood
DoS-UDP_Flood,DoS-UDP_Flood
DoS-UDP_Flood,DoS-UDP_Flood
DoS-UDP_Flood,DDoS-UDP_Flood
DoS-UDP_Flood,DoS-UDP_Flood
DoS-UDP_Flood,DoS-UDP_Flood
DoS-UDP_Flood,DoS-UDP_Flood
DoS-UDP_Flood,DDoS-UDP_Flood
DoS-UDP_Flood,DoS-UDP_Flood
DoS-UDP_Flood,DDoS-UDP_Flood
DoS-UDP_Flood,DoS-UDP_Flood
DoS-UDP_Flood,DoS-UDP_Flood
DoS-UDP_Flood,DoS-UDP_Flood
DoS-UDP_Flood,DoS-UDP_Flood
DoS-UDP_Flood,DoS-UDP_Flood
DoS-UDP_Flood,DoS-UDP_Flood
DoS-UDP_Flood,DDoS-UDP_Flood
DoS-UDP_Flood,DDoS-UDP_Flood
DoS-UDP_Flood,DDoS-UDP_Flood
DoS-UDP_Flood,DDoS-UDP_Flood
DoS-UDP_Flood,DoS-UDP_Flood
DoS-UDP_Flood,DoS-UDP_Flood
DoS-UDP_Flood,DoS-UDP_Flood
DoS-UDP_Flood,DDoS-UDP_Flood
DoS-UDP_Flood,DoS-UDP_Flood
DoS-UDP_Flood,DDoS-UDP_Flood
DoS-UDP_Flood,DoS-UDP_Flood
DoS-UDP_Flood,DDoS-UDP_Flood
DoS-UDP_Flood,DoS-UDP_Flood
DoS-UDP_Flood,DDoS-UDP_Flood
DoS-UDP_Flood,DoS-UDP_Flood
DoS-UDP_Flood,DoS-UDP_Flood
DoS-UDP_Flood,DoS-UDP_Flood
DoS-UDP_Flood,DoS-UDP_Flood
DoS-UDP_Flood,DoS-UDP_Flood
DoS-UDP_Flood,DoS-UDP_Flood
DoS-UDP_Flood,DoS-UDP_Flood
DoS-UDP_Flood,DoS-UDP_Flood
DoS-UDP_Flood,DoS-UDP_Flood
DoS-UDP_Flood,DoS-UDP_Flood
DoS-UDP_Flood,DoS-UDP_Flood
DoS-UDP_Flood,DDoS-UDP_Flood
DoS-UDP_Flood,DDoS-UDP_Flood
DoS-UDP_Flood,DoS-UDP_Flood
DoS-UDP_Flood,DoS-UDP_Flood
DoS-UDP_Flood,DoS-UDP_Flood
DoS-UDP_Flood,DoS-UDP_Flood
DoS-UDP_Flood,DoS-UDP_Flood
DoS-UDP_Flood,DDoS-UDP_Flood
DoS-UDP_Flood,DoS-UDP_Flood
DoS-UDP_Flood,DoS-UDP_Flood
DoS-UDP_Flood,DoS-UDP_Flood
DoS-UDP_Flood,DDoS-UDP_Flood
DoS-UDP_Flood,DoS-UDP_Flood
DoS-UDP_Flood,DoS-UDP_Flood
DoS-UDP_Flood,DDoS-UDP_Flood
DoS-UDP_Flood,DDoS-UDP_Flood
DoS-UDP_Flood,DDoS-UDP_Flood
DoS-UDP_Flood,DoS-UDP_Flood
DoS-UDP_Flood,DoS-UDP_Flood
DoS-UDP_Flood,DoS-UDP_Flood
DoS-UDP_Flood,DoS-UDP_Flood
DoS-UDP_Flood,DDoS-UDP_Flood
DoS-UDP_Flood,DoS-UDP_Flood
DoS-UDP_Flood,DDoS-UDP_Flood
DoS-UDP_Flood,DoS-UDP_Flood
DoS-UDP_Flood,DDoS-UDP_Flood
DoS-UDP_Flood,DDoS-UDP_Flood
DDoS-ICMP_Flood,DDoS-ICMP_Flood
DDoS-ICMP_Flood,DDoS-ICMP_Flood
DDoS-ICMP_Flood,DDoS-ICMP_Flood
DDoS-ICMP_Flood,DDoS-ICMP_Flood
DDoS-ICMP_Flood,DDoS-ICMP_Flood
DDoS-ICMP_Flood,DDoS-ICMP_Flood
DDoS-ICMP_Flood,DDoS-ICMP_Flood
DDoS-ICMP_Flood,DDoS-ICMP_Flood
DDoS-ICMP_Flood,DDoS-ICMP_Flood
DDoS-ICMP_Flood,DDoS-ICMP_Flood
DDoS-ICMP_Flood,DDoS-ICMP_Flood
DDoS-ICMP_Flood,DDoS-ICMP_Flood
DDoS-ICMP_Flood,DDoS-ICMP_Flood
DDoS-ICMP_Flood,DDoS-ICMP_Flood
DDoS-ICMP_Flood,DDoS-ICMP_Flood
DDoS-ICMP_Flood,DDoS-ICMP_Flood
DDoS-ICMP_Flood,DDoS-ICMP_Flood
DDoS-ICMP_Flood,DDoS-ICMP_Flood
DDoS-ICMP_Flood,DDoS-ICMP_Flood
DDoS-ICMP_Flood,DDoS-ICMP_Flood
DDoS-ICMP_Flood,DDoS-ICMP_Flood
DDoS-ICMP_Flood,DDoS-ICMP_Flood
DDoS-ICMP_Flood,DDoS-ICMP_Flood
DDoS-ICMP_Flood,DDoS-ICMP_Flood
DDoS-ICMP_Flood,DDoS-ICMP_Flood
DDoS-ICMP_Flood,DDoS-ICMP_Flood
DDoS-ICMP_Flood,DDoS-ICMP_Flood
DDoS-ICMP_Flood,DDoS-ICMP_Flood
DDoS-ICMP_Flood,DDoS-ICMP_Flood
DDoS-ICMP_Flood,DDoS-ICMP_Flood
DDoS-ICMP_Flood,DDoS-ICMP_Flood
DDoS-ICMP_Flood,DDoS-ICMP_Flood
DDoS-ICMP_Flood,DDoS-ICMP_Flood
DDoS-ICMP_Flood,DDoS-ICMP_Flood
DDoS-ICMP_Flood,DDoS-ICMP_Flood
DDoS-ICMP_Flood,DDoS-ICMP_Flood
DDoS-ICMP_Flood,DDoS-ICMP_Flood
DDoS-ICMP_Flood,DDoS-ICMP_Flood
DDoS-ICMP_Flood,DDoS-ICMP_Flood
DDoS-ICMP_Flood,DDoS-ICMP_Flood
DDoS-ICMP_Flood,DDoS-ICMP_Flood
DDoS-ICMP_Flood,DDoS-ICMP_Flood
DDoS-ICMP_Flood,DDoS-ICMP_Flood
DDoS-ICMP_Flood,DDoS-ICMP_Flood
DDoS-ICMP_Flood,DDoS-ICMP_Flood
DDoS-ICMP_Flood,DDoS-ICMP_Flood
DDoS-ICMP_Flood,DDoS-ICMP_Flood
DDoS-ICMP_Flood,DDoS-ICMP_Flood
DDoS-ICMP_Flood,DDoS-ICMP_Flood
DDoS-ICMP_Flood,DDoS-ICMP_Flood
DDoS-ICMP_Flood,DDoS-ICMP_Flood
DDoS-ICMP_Flood,DDoS-ICMP_Flood
DDoS-ICMP_Flood,DDoS-ICMP_Flood
DDoS-ICMP_Flood,DDoS-ICMP_Flood
DDoS-ICMP_Flood,DDoS-ICMP_Flood
DDoS-ICMP_Flood,DDoS-ICMP_Flood
DDoS-ICMP_Flood,DDoS-ICMP_Flood
DDoS-ICMP_Flood,DDoS-ICMP_Flood
DDoS-ICMP_Flood,DDoS-ICMP_Flood
DDoS-ICMP_Flood,DDoS-ICMP_Flood
DDoS-ICMP_Flood,DDoS-ICMP_Flood
DDoS-ICMP_Flood,DDoS-ICMP_Flood
DDoS-ICMP_Flood,DDoS-ICMP_Flood
DDoS-ICMP_Flood,DDoS-ICMP_Flood
DDoS-ICMP_Flood,DDoS-ICMP_Flood
DDoS-ICMP_Flood,DDoS-ICMP_Flood
DDoS-ICMP_Flood,DDoS-ICMP_Flood
DDoS-ICMP_Flood,DDoS-ICMP_Flood
DDoS-ICMP_Flood,DDoS-ICMP_Flood
DDoS-ICMP_Flood,DDoS-ICMP_Flood
DDoS-ICMP_Flood,DDoS-ICMP_Flood
DDoS-ICMP_Flood,DDoS-ICMP_Flood
DDoS-ICMP_Flood,DDoS-ICMP_Flood
DDoS-ICMP_Flood,DDoS-ICMP_Flood
DDoS-ICMP_Flood,DDoS-ICMP_Flood
DDoS-ICMP_Flood,DDoS-ICMP_Flood
DDoS-ICMP_Flood,DDoS-ICMP_Flood
DDoS-ICMP_Flood,DDoS-ICMP_Flood
DDoS-ICMP_Flood,DDoS-ICMP_Flood
DDoS-ICMP_Flood,DDoS-ICMP_Flood
DDoS-ICMP_Flood,DDoS-ICMP_Flood
DDoS-ICMP_Flood,DDoS-ICMP_Flood
DDoS-ICMP_Flood,DDoS-ICMP_Flood
DDoS-ICMP_Flood,DDoS-ICMP_Flood
DDoS-ICMP_Flood,DDoS-ICMP_Flood
DDoS-ICMP_Flood,DDoS-ICMP_Flood
DDoS-ICMP_Flood,DDoS-ICMP_Flood
DDoS-ICMP_Flood,DDoS-ICMP_Flood
DDoS-ICMP_Flood,DDoS-ICMP_Flood
DDoS-ICMP_Flood,DDoS-ICMP_Flood
DDoS-ICMP_Flood,DDoS-ICMP_Flood
DDoS-ICMP_Flood,DDoS-ICMP_Flood
DDoS-ICMP_Flood,DDoS-ICMP_Flood
DDoS-ICMP_Flood,DDoS-ICMP_Flood
DDoS-ICMP_Flood,DDoS-ICMP_Flood
DDoS-ICMP_Flood,DDoS-ICMP_Flood
DDoS-ICMP_Flood,DDoS-ICMP_Flood
DDoS-ICMP_Flood,DDoS-ICMP_Flood
DDoS-ICMP_Flood,DDoS-ICMP_Flood
DDoS-ICMP_Flood,DDoS-ICMP_Flood
DDoS-ICMP_Flood,DDoS-ICMP_Flood
DDoS-ICMP_Flood,DDoS-ICMP_Flood
DDoS-ICMP_Flood,DDoS-ICMP_Flood
DDoS-ICMP_Flood,DDoS-ICMP_Flood
DDoS-ICMP_Flood,DDoS-ICMP_Flood
DDoS-ICMP_Flood,DDoS-ICMP_Flood
DDoS-ICMP_Flood,DDoS-ICMP_Flood
DDoS-ICMP_Flood,DDoS-ICMP_Flood
DDoS-ICMP_Flood,DDoS-ICMP_Flood
DDoS-ICMP_Flood,DDoS-ICMP_Flood
DDoS-ICMP_Flood,DDoS-ICMP_Flood
DDoS-ICMP_Flood,DDoS-ICMP_Flood
DDoS-ICMP_Flood,DDoS-ICMP_Flood
DDoS-ICMP_Flood,DDoS-ICMP_Flood
DDoS-ICMP_Flood,DDoS-ICMP_Flood
DDoS-ICMP_Flood,DDoS-ICMP_Flood
DDoS-ICMP_Flood,DDoS-ICMP_Flood
DDoS-ICMP_Flood,DDoS-ICMP_Flood
DDoS-ICMP_Flood,DDoS-ICMP_Flood
DDoS-ICMP_Flood,DDoS-ICMP_Flood
DDoS-ICMP_Flood,DDoS-ICMP_Flood
DDoS-ICMP_Flood,DDoS-ICMP_Flood
DDoS-ICMP_Flood,DDoS-ICMP_Flood
DDoS-ICMP_Flood,DDoS-ICMP_Flood
DDoS-ICMP_Flood,DDoS-ICMP_Flood
DDoS-ICMP_Flood,DDoS-ICMP_Flood
DDoS-ICMP_Flood,DDoS-ICMP_Flood
DDoS-ICMP_Flood,DDoS-ICMP_Flood
DDoS-ICMP_Flood,DDoS-ICMP_Flood
DDoS-ICMP_Flood,DDoS-ICMP_Flood
DDoS-ICMP_Flood,DDoS-ICMP_Flood
DDoS-ICMP_Flood,DDoS-ICMP_Flood
DDoS-ICMP_Flood,DDoS-ICMP_Flood
DDoS-ICMP_Flood,DDoS-ICMP_Flood
DDoS-ICMP_Flood,DDoS-ICMP_Flood
DDoS-ICMP_Flood,DDoS-ICMP_Flood
DDoS-ICMP_Flood,DDoS-ICMP_Flood
DDoS-ICMP_Flood,DDoS-ICMP_Flood
DDoS-ICMP_Flood,DDoS-ICMP_Flood
DDoS-ICMP_Flood,DDoS-ICMP_Flood
DDoS-ICMP_Flood,DDoS-ICMP_Flood
DDoS-ICMP_Flood,DDoS-ICMP_Flood
DDoS-ICMP_Flood,DDoS-ICMP_Flood
DDoS-ICMP_Flood,DDoS-ICMP_Flood
DDoS-ICMP_Flood,DDoS-ICMP_Flood
DDoS-ICMP_Flood,DDoS-ICMP_Flood
DDoS-ICMP_Flood,DDoS-ICMP_Flood
DDoS-ICMP_Flood,DDoS-ICMP_Flood
DDoS-ICMP_Flood,DDoS-ICMP_Flood
DDoS-ICMP_Flood,DDoS-ICMP_Flood
DDoS-ICMP_Flood,DDoS-ICMP_Flood
DDoS-ICMP_Flood,DDoS-ICMP_Flood
DDoS-ICMP_Flood,DDoS-ICMP_Flood
DDoS-ICMP_Flood,DDoS-ICMP_Flood
DDoS-ICMP_Flood,DDoS-ICMP_Flood
DDoS-ICMP_Flood,DDoS-ICMP_Flood
DDoS-ICMP_Flood,DDoS-ICMP_Flood
DDoS-ICMP_Flood,DDoS-ICMP_Flood
DDoS-ICMP_Flood,DDoS-ICMP_Flood
DDoS-ICMP_Flood,DDoS-ICMP_Flood
DDoS-ICMP_Flood,DDoS-ICMP_Flood
DDoS-ICMP_Flood,DDoS-ICMP_Flood
DDoS-ICMP_Flood,DDoS-ICMP_Flood
DDoS-ICMP_Flood,DDoS-ICMP_Flood
DDoS-ICMP_Flood,DDoS-ICMP_Flood
DDoS-ICMP_Flood,DDoS-ICMP_Flood
DDoS-ICMP_Flood,DDoS-ICMP_Flood
DDoS-ICMP_Flood,DDoS-ICMP_Flood
DDoS-ICMP_Flood,DDoS-ICMP_Flood
DDoS-ICMP_Flood,DDoS-ICMP_Flood
DDoS-ICMP_Flood,DDoS-ICMP_Flood
DDoS-ICMP_Flood,DDoS-ICMP_Flood
DDoS-ICMP_Flood,DDoS-ICMP_Flood
DDoS-ICMP_Flood,DDoS-ICMP_Flood
DDoS-ICMP_Flood,DDoS-ICMP_Flood
DDoS-ICMP_Flood,DDoS-ICMP_Flood
DDoS-ICMP_Flood,DDoS-ICMP_Flood
DDoS-ICMP_Flood,DDoS-ICMP_Flood
DDoS-ICMP_Flood,DDoS-ICMP_Flood
DDoS-ICMP_Flood,DDoS-ICMP_Flood
DDoS-ICMP_Flood,DDoS-ICMP_Flood
DDoS-ICMP_Flood,DDoS-ICMP_Flood
DDoS-ICMP_Flood,DDoS-ICMP_Flood
DDoS-ICMP_Flood,DDoS-ICMP_Flood
DDoS-ICMP_Flood,DDoS-ICMP_Flood
DDoS-ICMP_Flood,DDoS-ICMP_Flood
DDoS-ICMP_Flood,DDoS-ICMP_Flood
DDoS-ICMP_Flood,DDoS-ICMP_Flood
DDoS-ICMP_Flood,DDoS-ICMP_Flood
DDoS-ICMP_Flood,DDoS-ICMP_Flood
DDoS-ICMP_Flood,DDoS-ICMP_Flood
DDoS-ICMP_Flood,DDoS-ICMP_Flood
DDoS-ICMP_Flood,DDoS-ICMP_Flood
DDoS-ICMP_Flood,DDoS-ICMP_Flood
DDoS-ICMP_Flood,DDoS-ICMP_Flood
DDoS-ICMP_Flood,DDoS-ICMP_Flood
DDoS-ICMP_Flood,DDoS-ICMP_Flood
DDoS-ICMP_Flood,DDoS-ICMP_Flood
DDoS-ICMP_Flood,DDoS-ICMP_Flood
DDoS-ICMP_Flood,DDoS-ICMP_Flood
DDoS-ICMP_Flood,DDoS-ICMP_Flood
DDoS-ICMP_Flood,DDoS-ICMP_Flood
DDoS-ICMP_Flood,DDoS-ICMP_Flood
DDoS-ICMP_Flood,DDoS-ICMP_Flood
DDoS-ICMP_Flood,DDoS-ICMP_Flood
DDoS-ICMP_Flood,DDoS-ICMP_Flood
DDoS-ICMP_Flood,DDoS-ICMP_Flood
DDoS-ICMP_Flood,DDoS-ICMP_Flood
DDoS-ICMP_Flood,DDoS-ICMP_Flood
DDoS-ICMP_Flood,DDoS-ICMP_Flood
DDoS-ICMP_Flood,DDoS-ICMP_Flood
DDoS-ICMP_Flood,DDoS-ICMP_Flood
DDoS-ICMP_Flood,DDoS-ICMP_Flood
DDoS-ICMP_Flood,DDoS-ICMP_Flood
DDoS-ICMP_Flood,DDoS-ICMP_Flood
DDoS-ICMP_Flood,DDoS-ICMP_Flood
DDoS-ICMP_Flood,DDoS-ICMP_Flood
DDoS-ICMP_Flood,DDoS-ICMP_Flood
DDoS-ICMP_Flood,DDoS-ICMP_Flood
DDoS-ICMP_Flood,DDoS-ICMP_Flood
DDoS-ICMP_Flood,DDoS-ICMP_Flood
DDoS-ICMP_Flood,DDoS-ICMP_Flood
DDoS-ICMP_Flood,DDoS-ICMP_Flood
DDoS-ICMP_Flood,DDoS-ICMP_Flood
DDoS-ICMP_Flood,DDoS-ICMP_Flood
DDoS-ICMP_Flood,DDoS-ICMP_Flood
DDoS-ICMP_Flood,DDoS-ICMP_Flood
DDoS-ICMP_Flood,DDoS-ICMP_Flood
DDoS-ICMP_Flood,DDoS-ICMP_Flood
DDoS-ICMP_Flood,DDoS-ICMP_Flood
DDoS-ICMP_Flood,DDoS-ICMP_Flood
DDoS-ICMP_Flood,DDoS-ICMP_Flood
DDoS-ICMP_Flood,DDoS-ICMP_Flood
DDoS-ICMP_Flood,DDoS-ICMP_Flood
DDoS-ICMP_Flood,DDoS-ICMP_Flood
DDoS-ICMP_Flood,DDoS-ICMP_Flood
DDoS-ICMP_Flood,DDoS-ICMP_Flood
DDoS-ICMP_Flood,DDoS-ICMP_Flood
DDoS-ICMP_Flood,DDoS-ICMP_Flood
DDoS-ICMP_Flood,DDoS-ICMP_Flood
DDoS-ICMP_Flood,DDoS-ICMP_Flood
DDoS-ICMP_Flood,DDoS-ICMP_Flood
DDoS-ICMP_Flood,DDoS-ICMP_Flood
DDoS-ICMP_Flood,DDoS-ICMP_Flood
DDoS-ICMP_Flood,DDoS-ICMP_Flood
DDoS-ICMP_Flood,DDoS-ICMP_Flood
DDoS-ICMP_Flood,DDoS-ICMP_Flood
DDoS-ICMP_Flood,DDoS-ICMP_Flood
DDoS-ICMP_Flood,DDoS-ICMP_Flood
DDoS-ICMP_Flood,DDoS-ICMP_Flood
DDoS-ICMP_Flood,DDoS-ICMP_Flood
DDoS-ICMP_Flood,DDoS-ICMP_Flood
DDoS-ICMP_Flood,DDoS-ICMP_Flood
DDoS-ICMP_Flood,DDoS-ICMP_Flood
DDoS-ICMP_Flood,DDoS-ICMP_Flood
DDoS-ICMP_Flood,DDoS-ICMP_Flood
DDoS-ICMP_Flood,DDoS-ICMP_Flood
DDoS-ICMP_Flood,DDoS-ICMP_Flood
DDoS-ICMP_Flood,DDoS-ICMP_Flood
DDoS-ICMP_Flood,DDoS-ICMP_Flood
DDoS-ICMP_Flood,DDoS-ICMP_Flood
DDoS-ICMP_Flood,DDoS-ICMP_Flood
DDoS-ICMP_Flood,DDoS-ICMP_Flood
DDoS-ICMP_Flood,DDoS-ICMP_Flood
DDoS-ICMP_Flood,DDoS-ICMP_Flood
DDoS-ICMP_Flood,DDoS-ICMP_Flood
DDoS-ICMP_Flood,DDoS-ICMP_Flood
DDoS-ICMP_Flood,DDoS-ICMP_Flood
DDoS-ICMP_Flood,DDoS-ICMP_Flood
DDoS-ICMP_Flood,DDoS-ICMP_Flood
DDoS-ICMP_Flood,DDoS-ICMP_Flood
DDoS-ICMP_Flood,DDoS-ICMP_Flood
DDoS-ICMP_Flood,DDoS-ICMP_Flood
DDoS-ICMP_Flood,DDoS-ICMP_Flood
DDoS-ICMP_Flood,DDoS-ICMP_Flood
DDoS-ICMP_Flood,DDoS-ICMP_Flood
DDoS-ICMP_Flood,DDoS-ICMP_Flood
DDoS-ICMP_Flood,DDoS-ICMP_Flood
DDoS-ICMP_Flood,DDoS-ICMP_Flood
DDoS-ICMP_Flood,DDoS-ICMP_Flood
DDoS-ICMP_Flood,DDoS-ICMP_Flood
DDoS-ICMP_Flood,DDoS-ICMP_Flood
DDoS-ICMP_Flood,DDoS-ICMP_Flood
DDoS-ICMP_Flood,DDoS-ICMP_Flood
DDoS-ICMP_Flood,DDoS-ICMP_Flood
DDoS-ICMP_Flood,DDoS-ICMP_Flood
DDoS-ICMP_Flood,DDoS-ICMP_Flood
DDoS-ICMP_Flood,DDoS-ICMP_Flood
DDoS-ICMP_Flood,DDoS-ICMP_Flood
DDoS-ICMP_Flood,DDoS-ICMP_Flood
DDoS-ICMP_Flood,DDoS-ICMP_Flood
DDoS-ICMP_Flood,DDoS-ICMP_Flood
DDoS-ICMP_Flood,DDoS-ICMP_Flood
DDoS-ICMP_Flood,DDoS-ICMP_Flood
DDoS-ICMP_Flood,DDoS-ICMP_Flood
DDoS-ICMP_Flood,DDoS-ICMP_Flood
DDoS-ICMP_Flood,DDoS-ICMP_Flood
DDoS-ICMP_Flood,DDoS-ICMP_Flood
DDoS-ICMP_Flood,DDoS-ICMP_Flood
DDoS-ICMP_Flood,DDoS-ICMP_Flood
DDoS-ICMP_Flood,DDoS-ICMP_Flood
DDoS-ICMP_Flood,DDoS-ICMP_Flood
DDoS-ICMP_Flood,DDoS-ICMP_Flood
DDoS-ICMP_Flood,DDoS-ICMP_Flood
DDoS-ICMP_Flood,DDoS-ICMP_Flood
DDoS-ICMP_Flood,DDoS-ICMP_Flood
DDoS-ICMP_Flood,DDoS-ICMP_Flood
DDoS-ICMP_Flood,DDoS-ICMP_Flood
DDoS-ICMP_Flood,DDoS-ICMP_Flood
DDoS-ICMP_Flood,DDoS-ICMP_Flood
DDoS-ICMP_Flood,DDoS-ICMP_Flood
DDoS-ICMP_Flood,DDoS-ICMP_Flood
DDoS-ICMP_Flood,DDoS-ICMP_Flood
DDoS-ICMP_Flood,DDoS-ICMP_Flood
DDoS-ICMP_Flood,DDoS-ICMP_Flood
DDoS-ICMP_Flood,DDoS-ICMP_Flood
DDoS-ICMP_Flood,DDoS-ICMP_Flood
DDoS-ICMP_Flood,DDoS-ICMP_Flood
DDoS-ICMP_Flood,DDoS-ICMP_Flood
DDoS-ICMP_Flood,DDoS-ICMP_Flood
DDoS-ICMP_Flood,DDoS-ICMP_Flood
DDoS-ICMP_Flood,DDoS-ICMP_Flood
DDoS-ICMP_Flood,DDoS-ICMP_Flood
DDoS-ICMP_Flood,DDoS-ICMP_Flood
DDoS-ICMP_Flood,DDoS-ICMP_Flood
DDoS-ICMP_Flood,DDoS-ICMP_Flood
DDoS-ICMP_Flood,DDoS-ICMP_Flood
DDoS-ICMP_Flood,DDoS-ICMP_Flood
DDoS-ICMP_Flood,DDoS-ICMP_Flood
DDoS-ICMP_Flood,DDoS-ICMP_Flood
DDoS-ICMP_Flood,DDoS-ICMP_Flood
DDoS-ICMP_Flood,DDoS-ICMP_Flood
DDoS-ICMP_Flood,DDoS-ICMP_Flood
DDoS-ICMP_Flood,DDoS-ICMP_Flood
DDoS-ICMP_Flood,DDoS-ICMP_Flood
DDoS-ICMP_Flood,DDoS-ICMP_Flood
DDoS-ICMP_Flood,DDoS-ICMP_Flood
DDoS-ICMP_Flood,DDoS-ICMP_Flood
DDoS-ICMP_Flood,DDoS-ICMP_Flood
DDoS-ICMP_Flood,DDoS-ICMP_Flood
DDoS-ICMP_Flood,DDoS-ICMP_Flood
DDoS-ICMP_Flood,DDoS-ICMP_Flood
DDoS-ICMP_Flood,DDoS-ICMP_Flood
DDoS-ICMP_Flood,DDoS-ICMP_Flood
DDoS-ICMP_Flood,DDoS-ICMP_Flood
DDoS-ICMP_Flood,DDoS-ICMP_Flood
DDoS-ICMP_Flood,DDoS-ICMP_Flood
DDoS-ICMP_Flood,DDoS-ICMP_Flood
DDoS-ICMP_Flood,DDoS-ICMP_Flood
DDoS-ICMP_Flood,DDoS-ICMP_Flood
DDoS-ICMP_Flood,DDoS-ICMP_Flood
DDoS-ICMP_Flood,DDoS-ICMP_Flood
DDoS-ICMP_Flood,DDoS-ICMP_Flood
DDoS-ICMP_Flood,DDoS-ICMP_Flood
DDoS-ICMP_Flood,DDoS-ICMP_Flood
DDoS-ICMP_Flood,DDoS-ICMP_Flood
DDoS-ICMP_Flood,DDoS-ICMP_Flood
DDoS-ICMP_Flood,DDoS-ICMP_Flood
DDoS-ICMP_Flood,DDoS-ICMP_Flood
DDoS-ICMP_Flood,DDoS-ICMP_Flood
DDoS-ICMP_Flood,DDoS-ICMP_Flood
DDoS-ICMP_Flood,DDoS-ICMP_Flood
DDoS-ICMP_Flood,DDoS-ICMP_Flood
DDoS-ICMP_Flood,DDoS-ICMP_Flood
DDoS-ICMP_Flood,DDoS-ICMP_Flood
DDoS-ICMP_Flood,DDoS-ICMP_Flood
DDoS-ICMP_Flood,DDoS-ICMP_Flood
DDoS-ICMP_Flood,DDoS-ICMP_Flood
DDoS-ICMP_Flood,DDoS-ICMP_Flood
DDoS-ICMP_Flood,DDoS-ICMP_Flood
DDoS-ICMP_Flood,DDoS-ICMP_Flood
DDoS-ICMP_Flood,DDoS-ICMP_Flood
DDoS-ICMP_Flood,DDoS-ICMP_Flood
DDoS-ICMP_Flood,DDoS-ICMP_Flood
DDoS-ICMP_Flood,DDoS-ICMP_Flood
DDoS-ICMP_Flood,DDoS-ICMP_Flood
DDoS-ICMP_Flood,DDoS-ICMP_Flood
DDoS-ICMP_Flood,DDoS-ICMP_Flood
DDoS-ICMP_Flood,DDoS-ICMP_Flood
DDoS-ICMP_Flood,DDoS-ICMP_Flood
DDoS-ICMP_Flood,DDoS-ICMP_Flood
DDoS-ICMP_Flood,DDoS-ICMP_Flood
DDoS-ICMP_Flood,DDoS-ICMP_Flood
DDoS-ICMP_Flood,DDoS-ICMP_Flood
DDoS-ICMP_Flood,DDoS-ICMP_Flood
DDoS-ICMP_Flood,DDoS-ICMP_Flood
DDoS-ICMP_Flood,DDoS-ICMP_Flood
DDoS-ICMP_Flood,DDoS-ICMP_Flood
DDoS-ICMP_Flood,DDoS-ICMP_Flood
DDoS-ICMP_Flood,DDoS-ICMP_Flood
DDoS-ICMP_Flood,DDoS-ICMP_Flood
DDoS-ICMP_Flood,DDoS-ICMP_Flood
DDoS-ICMP_Flood,DDoS-ICMP_Flood
DDoS-ICMP_Flood,DDoS-ICMP_Flood
DDoS-ICMP_Flood,DDoS-ICMP_Flood
DDoS-ICMP_Flood,DDoS-ICMP_Flood
DDoS-ICMP_Flood,DDoS-ICMP_Flood
DDoS-ICMP_Flood,DDoS-ICMP_Flood
DDoS-ICMP_Flood,DDoS-ICMP_Flood
DDoS-ICMP_Flood,DDoS-ICMP_Flood
DDoS-UDP_Flood,DDoS-UDP_Flood
DDoS-UDP_Flood,DoS-UDP_Flood
DDoS-UDP_Flood,DDoS-UDP_Flood
DDoS-UDP_Flood,DDoS-UDP_Flood
DDoS-UDP_Flood,DDoS-UDP_Flood
DDoS-UDP_Flood,DDoS-UDP_Flood
DDoS-UDP_Flood,DDoS-UDP_Flood
DDoS-UDP_Flood,DDoS-UDP_Flood
DDoS-UDP_Flood,DDoS-UDP_Flood
DDoS-UDP_Flood,DDoS-UDP_Flood
DDoS-UDP_Flood,DoS-UDP_Flood
DDoS-UDP_Flood,DoS-UDP_Flood
DDoS-UDP_Flood,DDoS-UDP_Flood
DDoS-UDP_Flood,DDoS-UDP_Flood
DDoS-UDP_Flood,DoS-UDP_Flood
DDoS-UDP_Flood,DDoS-UDP_Flood
DDoS-UDP_Flood,DDoS-UDP_Flood
DDoS-UDP_Flood,DDoS-UDP_Flood
DDoS-UDP_Flood,DoS-UDP_Flood
DDoS-UDP_Flood,DoS-UDP_Flood
DDoS-UDP_Flood,DoS-UDP_Flood
DDoS-UDP_Flood,DDoS-UDP_Flood
DDoS-UDP_Flood,DDoS-UDP_Flood
DDoS-UDP_Flood,DDoS-UDP_Flood
DDoS-UDP_Flood,DDoS-UDP_Flood
DDoS-UDP_Flood,DDoS-UDP_Flood
DDoS-UDP_Flood,DDoS-UDP_Flood
DDoS-UDP_Flood,DDoS-UDP_Flood
DDoS-UDP_Flood,DoS-UDP_Flood
DDoS-UDP_Flood,DoS-UDP_Flood
DDoS-UDP_Flood,DDoS-UDP_Flood
DDoS-UDP_Flood,DDoS-UDP_Flood
DDoS-UDP_Flood,DoS-UDP_Flood
DDoS-UDP_Flood,DoS-UDP_Flood
DDoS-UDP_Flood,DDoS-UDP_Flood
DDoS-UDP_Flood,DDoS-UDP_Flood
DDoS-UDP_Flood,DDoS-UDP_Flood
DDoS-UDP_Flood,DDoS-UDP_Flood
DDoS-UDP_Flood,DDoS-UDP_Flood
DDoS-UDP_Flood,DDoS-UDP_Flood
DDoS-UDP_Flood,DDoS-UDP_Flood
DDoS-UDP_Flood,DDoS-UDP_Flood
DDoS-UDP_Flood,DDoS-UDP_Flood
DDoS-UDP_Flood,DDoS-UDP_Flood
DDoS-UDP_Flood,DDoS-UDP_Flood
DDoS-UDP_Flood,DDoS-UDP_Flood
DDoS-UDP_Flood,DoS-UDP_Flood
DDoS-UDP_Flood,DDoS-UDP_Flood
DDoS-UDP_Flood,DDoS-UDP_Flood
DDoS-UDP_Flood,DDoS-UDP_Flood
DDoS-UDP_Flood,DDoS-UDP_Flood
DDoS-UDP_Flood,DoS-UDP_Flood
DDoS-UDP_Flood,DDoS-UDP_Flood
DDoS-UDP_Flood,DDoS-UDP_Flood
DDoS-UDP_Flood,DDoS-UDP_Flood
DDoS-UDP_Flood,DDoS-UDP_Flood
DDoS-UDP_Flood,DDoS-UDP_Flood
DDoS-UDP_Flood,DDoS-UDP_Flood
DDoS-UDP_Flood,DDoS-UDP_Flood
DDoS-UDP_Flood,DoS-UDP_Flood
DDoS-UDP_Flood,DDoS-UDP_Flood
DDoS-UDP_Flood,DoS-UDP_Flood
DDoS-UDP_Flood,DDoS-UDP_Flood
DDoS-UDP_Flood,DoS-UDP_Flood
DDoS-UDP_Flood,DDoS-UDP_Flood
DDoS-UDP_Flood,DDoS-UDP_Flood
DDoS-UDP_Flood,DoS-UDP_Flood
DDoS-UDP_Flood,DDoS-UDP_Flood
DDoS-UDP_Flood,DDoS-UDP_Flood
DDoS-UDP_Flood,DDoS-UDP_Flood
DDoS-UDP_Flood,DDoS-UDP_Flood
DDoS-UDP_Flood,DDoS-UDP_Flood
DDoS-UDP_Flood,DDoS-UDP_Flood
DDoS-UDP_Flood,DDoS-UDP_Flood
DDoS-UDP_Flood,DDoS-UDP_Flood
DDoS-UDP_Flood,DoS-UDP_Flood
DDoS-UDP_Flood,DDoS-UDP_Flood
DDoS-UDP_Flood,DDoS-UDP_Flood
DDoS-UDP_Flood,DoS-UDP_Flood
DDoS-UDP_Flood,DDoS-UDP_Flood
DDoS-UDP_Flood,DDoS-UDP_Flood
DDoS-UDP_Flood,DDoS-UDP_Flood
DDoS-UDP_Flood,DDoS-UDP_Flood
DDoS-UDP_Flood,DDoS-UDP_Flood
DDoS-UDP_Flood,DoS-UDP_Flood
DDoS-UDP_Flood,DDoS-UDP_Flood
DDoS-UDP_Flood,DoS-UDP_Flood
DDoS-UDP_Flood,DDoS-UDP_Flood
DDoS-UDP_Flood,DDoS-UDP_Flood
DDoS-UDP_Flood,DDoS-UDP_Flood
DDoS-UDP_Flood,DoS-UDP_Flood
DDoS-UDP_Flood,DDoS-UDP_Flood
DDoS-UDP_Flood,DDoS-UDP_Flood
DDoS-UDP_Flood,DDoS-UDP_Flood
DDoS-UDP_Flood,DoS-UDP_Flood
DDoS-UDP_Flood,DDoS-UDP_Flood
DDoS-UDP_Flood,DoS-UDP_Flood
DDoS-UDP_Flood,DDoS-UDP_Flood
DDoS-UDP_Flood,DDoS-UDP_Flood
DDoS-UDP_Flood,DoS-UDP_Flood
DDoS-UDP_Flood,DDoS-UDP_Flood
DDoS-UDP_Flood,DDoS-UDP_Flood
DDoS-UDP_Flood,DDoS-UDP_Flood
DDoS-UDP_Flood,DDoS-UDP_Flood
DDoS-UDP_Flood,DDoS-UDP_Flood
DDoS-UDP_Flood,DDoS-UDP_Flood
DDoS-UDP_Flood,DDoS-UDP_Flood
DDoS-UDP_Flood,DDoS-UDP_Flood
DDoS-UDP_Flood,DDoS-UDP_Flood
DDoS-UDP_Flood,DDoS-UDP_Flood
DDoS-UDP_Flood,DDoS-UDP_Flood
DDoS-UDP_Flood,DDoS-UDP_Flood
DDoS-UDP_Flood,DoS-UDP_Flood
DDoS-UDP_Flood,DDoS-UDP_Flood
DDoS-UDP_Flood,DDoS-UDP_Flood
DDoS-UDP_Flood,DDoS-UDP_Flood
DDoS-UDP_Flood,DDoS-UDP_Flood
DDoS-UDP_Flood,DDoS-UDP_Flood
DDoS-UDP_Flood,DoS-UDP_Flood
DDoS-UDP_Flood,DoS-UDP_Flood
DDoS-UDP_Flood,DDoS-UDP_Flood
DDoS-UDP_Flood,DDoS-UDP_Flood
DDoS-UDP_Flood,DDoS-UDP_Flood
DDoS-UDP_Flood,DDoS-UDP_Flood
DDoS-UDP_Flood,DDoS-UDP_Flood
DDoS-UDP_Flood,DDoS-UDP_Flood
DDoS-UDP_Flood,DDoS-UDP_Flood
DDoS-UDP_Flood,DDoS-UDP_Flood
DDoS-UDP_Flood,DDoS-UDP_Flood
DDoS-UDP_Flood,DDoS-UDP_Flood
DDoS-UDP_Flood,DDoS-UDP_Flood
DDoS-UDP_Flood,DDoS-UDP_Flood
DDoS-UDP_Flood,DDoS-UDP_Flood
DDoS-UDP_Flood,DDoS-UDP_Flood
DDoS-UDP_Flood,DDoS-UDP_Flood
DDoS-UDP_Flood,DoS-UDP_Flood
DDoS-UDP_Flood,DDoS-UDP_Flood
DDoS-UDP_Flood,DoS-UDP_Flood
DDoS-UDP_Flood,DDoS-UDP_Flood
DDoS-UDP_Flood,DoS-UDP_Flood
DDoS-UDP_Flood,DoS-UDP_Flood
DDoS-UDP_Flood,DDoS-UDP_Flood
DDoS-UDP_Flood,DDoS-UDP_Flood
DDoS-UDP_Flood,DDoS-UDP_Flood
DDoS-UDP_Flood,DDoS-UDP_Flood
DDoS-UDP_Flood,DDoS-UDP_Flood
DDoS-UDP_Flood,DoS-UDP_Flood
DDoS-UDP_Flood,DoS-UDP_Flood
DDoS-UDP_Flood,DoS-UDP_Flood
DDoS-UDP_Flood,DoS-UDP_Flood
DDoS-UDP_Flood,DDoS-UDP_Flood
DDoS-UDP_Flood,DoS-UDP_Flood
DDoS-UDP_Flood,DDoS-UDP_Flood
DDoS-UDP_Flood,DDoS-UDP_Flood
DDoS-UDP_Flood,DDoS-UDP_Flood
DDoS-UDP_Flood,DDoS-UDP_Flood
DDoS-UDP_Flood,DDoS-UDP_Flood
DDoS-UDP_Flood,DDoS-UDP_Flood
DDoS-UDP_Flood,DDoS-UDP_Flood
DDoS-UDP_Flood,DDoS-UDP_Flood
DDoS-UDP_Flood,DoS-UDP_Flood
DDoS-UDP_Flood,DDoS-UDP_Flood
DDoS-UDP_Flood,DDoS-UDP_Flood
DDoS-UDP_Flood,DDoS-UDP_Flood
DDoS-UDP_Flood,DDoS-UDP_Flood
DDoS-UDP_Flood,DDoS-UDP_Flood
DDoS-UDP_Flood,DoS-UDP_Flood
DDoS-UDP_Flood,DDoS-UDP_Flood
DDoS-UDP_Flood,DDoS-UDP_Flood
DDoS-UDP_Flood,DDoS-UDP_Flood
DDoS-UDP_Flood,DoS-UDP_Flood
DDoS-UDP_Flood,DDoS-UDP_Flood
DDoS-UDP_Flood,DDoS-UDP_Flood
DDoS-UDP_Flood,DDoS-UDP_Flood
DDoS-UDP_Flood,DoS-UDP_Flood
DDoS-UDP_Flood,DDoS-UDP_Flood
DDoS-UDP_Flood,DoS-UDP_Flood
DDoS-UDP_Flood,DoS-UDP_Flood
DDoS-UDP_Flood,DDoS-UDP_Flood
DDoS-UDP_Flood,DDoS-UDP_Flood
DDoS-UDP_Flood,DDoS-UDP_Flood
DDoS-UDP_Flood,DDoS-UDP_Flood
DDoS-UDP_Flood,DDoS-UDP_Flood
DDoS-UDP_Flood,DoS-UDP_Flood
DDoS-UDP_Flood,DDoS-UDP_Flood
DDoS-UDP_Flood,DDoS-UDP_Flood
DDoS-UDP_Flood,DoS-UDP_Flood
DDoS-UDP_Flood,DDoS-UDP_Flood
DDoS-UDP_Flood,DDoS-UDP_Flood
DDoS-UDP_Flood,DDoS-UDP_Flood
DDoS-UDP_Flood,DDoS-UDP_Flood
DDoS-UDP_Flood,DDoS-UDP_Flood
DDoS-UDP_Flood,DoS-UDP_Flood
DDoS-UDP_Flood,DDoS-UDP_Flood
DDoS-UDP_Flood,DDoS-UDP_Flood
DDoS-UDP_Flood,DDoS-UDP_Flood
DDoS-UDP_Flood,DoS-UDP_Flood
DDoS-UDP_Flood,DoS-UDP_Flood
DDoS-UDP_Flood,DDoS-UDP_Flood
DDoS-UDP_Flood,DDoS-UDP_Flood
DDoS-UDP_Flood,DDoS-UDP_Flood
DDoS-UDP_Flood,DoS-UDP_Flood
DDoS-UDP_Flood,DDoS-UDP_Flood
DDoS-UDP_Flood,DDoS-UDP_Flood
DDoS-UDP_Flood,DDoS-UDP_Flood
DDoS-UDP_Flood,DoS-UDP_Flood
DDoS-UDP_Flood,DDoS-UDP_Flood
DDoS-UDP_Flood,DDoS-UDP_Flood
DDoS-UDP_Flood,DoS-UDP_Flood
DDoS-UDP_Flood,DDoS-UDP_Flood
DDoS-UDP_Flood,DDoS-UDP_Flood
DDoS-UDP_Flood,DoS-UDP_Flood
DDoS-UDP_Flood,DDoS-UDP_Flood
DDoS-UDP_Flood,DDoS-UDP_Flood
DDoS-UDP_Flood,DDoS-UDP_Flood
DDoS-UDP_Flood,DDoS-UDP_Flood
DDoS-UDP_Flood,DDoS-UDP_Flood
DDoS-UDP_Flood,DoS-UDP_Flood
DDoS-UDP_Flood,DDoS-UDP_Flood
DDoS-UDP_Flood,DDoS-UDP_Flood
DDoS-UDP_Flood,DDoS-UDP_Flood
DDoS-UDP_Flood,DDoS-UDP_Flood
DDoS-UDP_Flood,DDoS-UDP_Flood
DDoS-UDP_Flood,DDoS-UDP_Flood
DDoS-UDP_Flood,DoS-UDP_Flood
DDoS-UDP_Flood,DDoS-UDP_Flood
DDoS-UDP_Flood,DoS-UDP_Flood
DDoS-UDP_Flood,DDoS-UDP_Flood
DDoS-UDP_Flood,DDoS-UDP_Flood
DDoS-UDP_Flood,DDoS-UDP_Flood
DDoS-UDP_Flood,DDoS-UDP_Flood
DDoS-UDP_Flood,DDoS-UDP_Flood
DDoS-UDP_Flood,DDoS-UDP_Flood
DDoS-UDP_Flood,DDoS-UDP_Flood
DDoS-UDP_Flood,DoS-UDP_Flood
DDoS-UDP_Flood,DDoS-UDP_Flood
DDoS-UDP_Flood,DDoS-UDP_Flood
DDoS-UDP_Flood,DoS-UDP_Flood
DDoS-UDP_Flood,DDoS-UDP_Flood
DDoS-UDP_Flood,DoS-UDP_Flood
DDoS-UDP_Flood,DDoS-UDP_Flood
DDoS-UDP_Flood,DDoS-UDP_Flood
DDoS-UDP_Flood,DoS-UDP_Flood
DDoS-UDP_Flood,DDoS-UDP_Flood
DDoS-UDP_Flood,DoS-UDP_Flood
DDoS-UDP_Flood,DDoS-UDP_Flood
DDoS-UDP_Flood,DDoS-UDP_Flood
DDoS-UDP_Flood,DDoS-UDP_Flood
DDoS-UDP_Flood,DDoS-UDP_Flood
DDoS-UDP_Flood,DDoS-UDP_Flood
DDoS-UDP_Flood,DDoS-UDP_Flood
DDoS-UDP_Flood,DoS-UDP_Flood
DDoS-UDP_Flood,DoS-UDP_Flood
DDoS-UDP_Flood,DDoS-UDP_Flood
DDoS-UDP_Flood,DDoS-UDP_Flood
DDoS-UDP_Flood,DoS-UDP_Flood
DDoS-UDP_Flood,DoS-UDP_Flood
DDoS-UDP_Flood,DDoS-UDP_Flood
DDoS-UDP_Flood,DoS-UDP_Flood
DDoS-UDP_Flood,DoS-UDP_Flood
DDoS-UDP_Flood,DDoS-UDP_Flood
DDoS-UDP_Flood,DoS-UDP_Flood
DDoS-UDP_Flood,DDoS-UDP_Flood
DDoS-UDP_Flood,DDoS-UDP_Flood
DDoS-UDP_Flood,DDoS-UDP_Flood
DDoS-UDP_Flood,DoS-UDP_Flood
DDoS-UDP_Flood,DoS-UDP_Flood
DDoS-UDP_Flood,DDoS-UDP_Flood
DDoS-UDP_Flood,DDoS-UDP_Flood
DDoS-UDP_Flood,DoS-UDP_Flood
DDoS-UDP_Flood,DDoS-UDP_Flood
DDoS-UDP_Flood,DDoS-UDP_Flood
DDoS-UDP_Flood,DoS-UDP_Flood
DDoS-UDP_Flood,DDoS-UDP_Flood
DDoS-UDP_Flood,DDoS-UDP_Flood
DDoS-UDP_Flood,DDoS-UDP_Flood
DDoS-UDP_Flood,DDoS-UDP_Flood
DDoS-UDP_Flood,DDoS-UDP_Flood
DDoS-UDP_Flood,DDoS-UDP_Flood
DDoS-UDP_Flood,DoS-UDP_Flood
DDoS-UDP_Flood,DDoS-UDP_Flood
DDoS-UDP_Flood,DoS-UDP_Flood
DDoS-UDP_Flood,DDoS-UDP_Flood
DDoS-UDP_Flood,DDoS-UDP_Flood
DDoS-UDP_Flood,DoS-UDP_Flood
DDoS-UDP_Flood,DoS-UDP_Flood
DDoS-UDP_Flood,DDoS-UDP_Flood
DDoS-UDP_Flood,DDoS-UDP_Flood
DDoS-UDP_Flood,DDoS-UDP_Flood
DDoS-UDP_Flood,DDoS-UDP_Flood
DDoS-UDP_Flood,DDoS-UDP_Flood
DDoS-UDP_Flood,DDoS-UDP_Flood
DDoS-UDP_Flood,DDoS-UDP_Flood
DDoS-UDP_Flood,DDoS-UDP_Flood
DDoS-UDP_Flood,DDoS-UDP_Flood
DDoS-UDP_Flood,DDoS-UDP_Flood
DDoS-UDP_Flood,DoS-UDP_Flood
DDoS-UDP_Flood,DDoS-UDP_Flood
DDoS-UDP_Flood,DDoS-UDP_Flood
DDoS-UDP_Flood,DDoS-UDP_Flood
DDoS-UDP_Flood,DDoS-UDP_Flood
DDoS-UDP_Flood,DDoS-UDP_Flood
DDoS-UDP_Flood,DDoS-UDP_Flood
DDoS-UDP_Flood,DoS-UDP_Flood
DDoS-UDP_Flood,DDoS-UDP_Flood
DDoS-UDP_Flood,DDoS-UDP_Flood
DDoS-UDP_Flood,DoS-UDP_Flood
DDoS-UDP_Flood,DDoS-UDP_Flood
DDoS-UDP_Flood,DDoS-UDP_Flood
DDoS-UDP_Flood,DDoS-UDP_Flood
DDoS-UDP_Flood,DoS-UDP_Flood
DDoS-UDP_Flood,DDoS-UDP_Flood
DDoS-UDP_Flood,DoS-UDP_Flood
DDoS-UDP_Flood,DDoS-UDP_Flood
DDoS-UDP_Flood,DDoS-UDP_Flood
DDoS-UDP_Flood,DDoS-UDP_Flood
DDoS-UDP_Flood,DDoS-UDP_Flood
DDoS-UDP_Flood,DoS-UDP_Flood
DDoS-UDP_Flood,DDoS-UDP_Flood
DDoS-UDP_Flood,DDoS-UDP_Flood
DDoS-UDP_Flood,DDoS-UDP_Flood
DDoS-UDP_Flood,DDoS-UDP_Flood
DDoS-UDP_Flood,DDoS-UDP_Flood
DDoS-UDP_Flood,DoS-UDP_Flood
DDoS-UDP_Flood,DDoS-UDP_Flood
DDoS-UDP_Flood,DDoS-UDP_Flood
DDoS-UDP_Flood,DDoS-UDP_Flood
DDoS-UDP_Flood,DDoS-UDP_Flood
DDoS-UDP_Flood,DDoS-UDP_Flood
DDoS-UDP_Flood,DoS-UDP_Flood
DDoS-UDP_Flood,DDoS-UDP_Flood
DDoS-UDP_Flood,DoS-UDP_Flood
DDoS-UDP_Flood,DDoS-UDP_Flood
DDoS-UDP_Flood,DoS-UDP_Flood
DDoS-UDP_Flood,DoS-UDP_Flood
DDoS-UDP_Flood,DDoS-UDP_Flood
DDoS-UDP_Flood,DDoS-UDP_Flood
DDoS-UDP_Flood,DDoS-UDP_Flood
DDoS-UDP_Flood,DDoS-UDP_Flood
DDoS-UDP_Flood,DDoS-UDP_Flood
DDoS-UDP_Flood,DDoS-UDP_Flood
DDoS-UDP_Flood,DoS-UDP_Flood
DDoS-UDP_Flood,DDoS-UDP_Flood
DDoS-UDP_Flood,DDoS-UDP_Flood
DDoS-UDP_Flood,DDoS-UDP_Flood
DDoS-UDP_Flood,DDoS-UDP_Flood
DDoS-UDP_Flood,DDoS-UDP_Flood
DDoS-UDP_Flood,DoS-UDP_Flood
DDoS-UDP_Flood,DDoS-UDP_Flood
DDoS-UDP_Flood,DDoS-UDP_Flood
DDoS-UDP_Flood,DDoS-UDP_Flood
DDoS-UDP_Flood,DDoS-UDP_Flood
DDoS-UDP_Flood,DoS-UDP_Flood
DDoS-UDP_Flood,DDoS-UDP_Flood
DDoS-UDP_Flood,DDoS-UDP_Flood
DDoS-UDP_Flood,DDoS-UDP_Flood
DDoS-UDP_Flood,DDoS-UDP_Flood
DDoS-UDP_Flood,DoS-UDP_Flood
DDoS-UDP_Flood,DDoS-UDP_Flood
DDoS-UDP_Flood,DDoS-UDP_Flood
DDoS-UDP_Flood,DDoS-UDP_Flood
DDoS-UDP_Flood,DoS-UDP_Flood
DDoS-UDP_Flood,DDoS-UDP_Flood
DDoS-UDP_Flood,DDoS-UDP_Flood
DDoS-UDP_Flood,DDoS-UDP_Flood
DDoS-UDP_Flood,DDoS-UDP_Flood
DDoS-UDP_Flood,DDoS-UDP_Flood
DDoS-UDP_Flood,DoS-UDP_Flood
DDoS-UDP_Flood,DDoS-UDP_Flood
DDoS-UDP_Flood,DoS-UDP_Flood
DDoS-UDP_Flood,DoS-UDP_Flood
DDoS-UDP_Flood,DoS-UDP_Flood
DDoS-UDP_Flood,DoS-UDP_Flood
DDoS-UDP_Flood,DDoS-UDP_Flood
DDoS-UDP_Flood,DoS-UDP_Flood
DDoS-UDP_Flood,DDoS-UDP_Flood
DDoS-UDP_Flood,DDoS-UDP_Flood
DDoS-UDP_Flood,DoS-UDP_Flood
DDoS-UDP_Flood,DDoS-UDP_Flood
DDoS-UDP_Flood,DDoS-UDP_Flood
DDoS-UDP_Flood,DDoS-UDP_Flood
DDoS-UDP_Flood,DDoS-UDP_Flood
DDoS-UDP_Flood,DoS-UDP_Flood
DDoS-UDP_Flood,DDoS-UDP_Flood
DDoS-UDP_Flood,DDoS-UDP_Flood
DDoS-UDP_Flood,DoS-UDP_Flood
DDoS-UDP_Flood,DDoS-UDP_Flood
DDoS-UDP_Flood,DDoS-UDP_Flood
DDoS-UDP_Flood,DoS-UDP_Flood
DDoS-UDP_Flood,DDoS-UDP_Flood
DDoS-UDP_Flood,DDoS-UDP_Flood
DDoS-UDP_Flood,DDoS-UDP_Flood
DDoS-UDP_Flood,DoS-UDP_Flood
DDoS-UDP_Flood,DDoS-UDP_Flood
DDoS-UDP_Flood,DDoS-UDP_Flood
DDoS-UDP_Flood,DDoS-UDP_Flood
DDoS-UDP_Flood,DDoS-UDP_Flood
DDoS-UDP_Flood,DDoS-UDP_Flood
DDoS-UDP_Flood,DoS-UDP_Flood
DDoS-UDP_Flood,DDoS-UDP_Flood
DDoS-UDP_Fragmentation,DDoS-UDP_Fragmentation
DDoS-UDP_Fragmentation,DDoS-UDP_Fragmentation
DDoS-UDP_Fragmentation,DDoS-UDP_Fragmentation
DDoS-UDP_Fragmentation,DDoS-UDP_Fragmentation
DDoS-UDP_Fragmentation,DDoS-UDP_Fragmentation
DDoS-UDP_Fragmentation,DDoS-UDP_Fragmentation
DDoS-UDP_Fragmentation,DDoS-UDP_Fragmentation
DDoS-UDP_Fragmentation,DDoS-UDP_Fragmentation
DDoS-UDP_Fragmentation,DDoS-UDP_Fragmentation
DDoS-UDP_Fragmentation,DDoS-UDP_Fragmentation
DDoS-UDP_Fragmentation,DDoS-UDP_Fragmentation
DDoS-UDP_Fragmentation,DDoS-UDP_Fragmentation
DDoS-UDP_Fragmentation,DDoS-UDP_Fragmentation
DDoS-UDP_Fragmentation,DDoS-UDP_Fragmentation
DDoS-UDP_Fragmentation,DDoS-UDP_Fragmentation
DDoS-UDP_Fragmentation,DDoS-UDP_Fragmentation
DDoS-UDP_Fragmentation,DDoS-ACK_Fragmentation
DDoS-UDP_Fragmentation,DDoS-UDP_Fragmentation
DDoS-UDP_Fragmentation,DDoS-UDP_Fragmentation
DDoS-UDP_Fragmentation,DDoS-UDP_Fragmentation
DDoS-UDP_Fragmentation,DDoS-UDP_Fragmentation
DDoS-UDP_Fragmentation,DDoS-UDP_Fragmentation
DDoS-UDP_Fragmentation,DDoS-UDP_Fragmentation
DDoS-UDP_Fragmentation,DDoS-UDP_Fragmentation
DDoS-UDP_Fragmentation,DDoS-UDP_Fragmentation
DDoS-UDP_Fragmentation,DDoS-UDP_Fragmentation
DDoS-UDP_Fragmentation,DDoS-UDP_Fragmentation
DDoS-UDP_Fragmentation,DDoS-UDP_Fragmentation
DDoS-UDP_Fragmentation,DDoS-UDP_Fragmentation
DDoS-UDP_Fragmentation,DDoS-UDP_Fragmentation
DDoS-UDP_Fragmentation,DDoS-UDP_Fragmentation
DDoS-UDP_Fragmentation,DDoS-UDP_Fragmentation
DDoS-UDP_Fragmentation,DDoS-UDP_Fragmentation
DDoS-UDP_Fragmentation,DDoS-UDP_Fragmentation
DDoS-UDP_Fragmentation,DDoS-UDP_Fragmentation
DDoS-UDP_Fragmentation,DDoS-UDP_Fragmentation
DDoS-UDP_Fragmentation,DDoS-UDP_Fragmentation
DDoS-UDP_Fragmentation,DDoS-UDP_Fragmentation
DDoS-UDP_Fragmentation,DDoS-UDP_Fragmentation
DDoS-UDP_Fragmentation,DDoS-UDP_Fragmentation
DDoS-UDP_Fragmentation,DDoS-UDP_Fragmentation
DDoS-UDP_Fragmentation,DDoS-UDP_Fragmentation
DDoS-UDP_Fragmentation,DDoS-UDP_Fragmentation
DDoS-UDP_Fragmentation,DDoS-UDP_Fragmentation
DDoS-UDP_Fragmentation,DDoS-UDP_Fragmentation
DDoS-UDP_Fragmentation,DDoS-UDP_Fragmentation
DDoS-UDP_Fragmentation,DDoS-UDP_Fragmentation
DDoS-UDP_Fragmentation,DDoS-UDP_Fragmentation
DDoS-UDP_Fragmentation,DDoS-UDP_Fragmentation
DDoS-UDP_Fragmentation,DDoS-UDP_Fragmentation
DDoS-UDP_Fragmentation,DDoS-UDP_Fragmentation
DDoS-UDP_Fragmentation,DDoS-UDP_Fragmentation
DDoS-UDP_Fragmentation,DDoS-UDP_Fragmentation
DDoS-UDP_Fragmentation,DDoS-UDP_Fragmentation
DDoS-UDP_Fragmentation,DDoS-UDP_Fragmentation
DDoS-UDP_Fragmentation,DDoS-UDP_Fragmentation
DDoS-UDP_Fragmentation,DDoS-UDP_Fragmentation
DDoS-UDP_Fragmentation,DDoS-UDP_Fragmentation
DDoS-UDP_Fragmentation,DDoS-UDP_Fragmentation
DDoS-UDP_Fragmentation,DDoS-UDP_Fragmentation
DDoS-UDP_Fragmentation,DDoS-UDP_Fragmentation
DDoS-UDP_Fragmentation,DDoS-UDP_Fragmentation
DDoS-UDP_Fragmentation,DDoS-UDP_Fragmentation
DDoS-UDP_Fragmentation,DDoS-UDP_Fragmentation
DDoS-UDP_Fragmentation,DDoS-UDP_Fragmentation
DDoS-UDP_Fragmentation,DDoS-UDP_Fragmentation
DDoS-UDP_Fragmentation,DDoS-UDP_Fragmentation
DDoS-UDP_Fragmentation,DDoS-UDP_Fragmentation
DDoS-UDP_Fragmentation,DDoS-UDP_Fragmentation
DDoS-UDP_Fragmentation,DDoS-UDP_Fragmentation
DDoS-UDP_Fragmentation,DDoS-UDP_Fragmentation
DDoS-UDP_Fragmentation,DDoS-UDP_Fragmentation
DDoS-UDP_Fragmentation,DDoS-UDP_Fragmentation
DDoS-UDP_Fragmentation,DDoS-UDP_Fragmentation
DDoS-UDP_Fragmentation,DDoS-UDP_Fragmentation
DDoS-UDP_Fragmentation,DDoS-UDP_Fragmentation
DDoS-UDP_Fragmentation,DDoS-UDP_Fragmentation
DDoS-UDP_Fragmentation,DDoS-UDP_Fragmentation
DDoS-UDP_Fragmentation,DDoS-UDP_Fragmentation
DDoS-UDP_Fragmentation,DDoS-UDP_Fragmentation
DDoS-UDP_Fragmentation,DDoS-UDP_Fragmentation
DDoS-UDP_Fragmentation,DDoS-UDP_Fragmentation
DDoS-UDP_Fragmentation,DDoS-UDP_Fragmentation
DDoS-UDP_Fragmentation,DDoS-UDP_Fragmentation
DDoS-UDP_Fragmentation,DDoS-UDP_Fragmentation
DDoS-UDP_Fragmentation,DDoS-SlowLoris
DDoS-UDP_Fragmentation,DDoS-UDP_Fragmentation
DDoS-UDP_Fragmentation,DDoS-UDP_Fragmentation
DDoS-UDP_Fragmentation,DDoS-UDP_Fragmentation
DDoS-UDP_Fragmentation,DDoS-UDP_Fragmentation
DDoS-UDP_Fragmentation,DDoS-UDP_Fragmentation
DDoS-UDP_Fragmentation,DDoS-UDP_Fragmentation
DDoS-UDP_Fragmentation,DDoS-UDP_Fragmentation
DDoS-UDP_Fragmentation,DDoS-UDP_Fragmentation
DDoS-UDP_Fragmentation,DDoS-UDP_Fragmentation
DDoS-UDP_Fragmentation,DDoS-UDP_Fragmentation
SqlInjection,VulnerabilityScan
SqlInjection,Recon-PingSweep
SqlInjection,BenignTraffic
SqlInjection,SqlInjection
SqlInjection,VulnerabilityScan
SqlInjection,BenignTraffic
SqlInjection,SqlInjection
SqlInjection,Backdoor_Malware
SqlInjection,Backdoor_Malware
SqlInjection,SqlInjection
SqlInjection,XSS
SqlInjection,Recon-HostDiscovery
SqlInjection,BenignTraffic
SqlInjection,VulnerabilityScan
SqlInjection,Recon-PingSweep
SqlInjection,DictionaryBruteForce
SqlInjection,Recon-PingSweep
SqlInjection,Recon-PingSweep
SqlInjection,XSS
SqlInjection,VulnerabilityScan
SqlInjection,VulnerabilityScan
SqlInjection,Backdoor_Malware
SqlInjection,XSS
SqlInjection,SqlInjection
SqlInjection,SqlInjection
SqlInjection,SqlInjection
SqlInjection,XSS
SqlInjection,SqlInjection
SqlInjection,SqlInjection
SqlInjection,SqlInjection
SqlInjection,SqlInjection
SqlInjection,VulnerabilityScan
SqlInjection,SqlInjection
SqlInjection,VulnerabilityScan
SqlInjection,Recon-PingSweep
SqlInjection,VulnerabilityScan
SqlInjection,SqlInjection
SqlInjection,VulnerabilityScan
SqlInjection,SqlInjection
SqlInjection,VulnerabilityScan
SqlInjection,XSS
SqlInjection,SqlInjection
SqlInjection,SqlInjection
SqlInjection,SqlInjection
SqlInjection,SqlInjection
SqlInjection,SqlInjection
SqlInjection,CommandInjection
SqlInjection,Recon-PingSweep
SqlInjection,SqlInjection
SqlInjection,Uploading_Attack
SqlInjection,SqlInjection
SqlInjection,Recon-PingSweep
SqlInjection,VulnerabilityScan
SqlInjection,SqlInjection
SqlInjection,BenignTraffic
SqlInjection,VulnerabilityScan
SqlInjection,BenignTraffic
SqlInjection,BenignTraffic
SqlInjection,DictionaryBruteForce
SqlInjection,VulnerabilityScan
SqlInjection,BenignTraffic
SqlInjection,SqlInjection
SqlInjection,SqlInjection
SqlInjection,VulnerabilityScan
SqlInjection,VulnerabilityScan
SqlInjection,XSS
SqlInjection,SqlInjection
SqlInjection,XSS
SqlInjection,SqlInjection
SqlInjection,Recon-PingSweep
SqlInjection,SqlInjection
SqlInjection,VulnerabilityScan
SqlInjection,SqlInjection
SqlInjection,Recon-PingSweep
SqlInjection,XSS
SqlInjection,BrowserHijacking
SqlInjection,SqlInjection
SqlInjection,DictionaryBruteForce
SqlInjection,BenignTraffic
SqlInjection,Recon-PortScan
SqlInjection,SqlInjection
SqlInjection,SqlInjection
SqlInjection,Backdoor_Malware
SqlInjection,SqlInjection
SqlInjection,SqlInjection
SqlInjection,VulnerabilityScan
SqlInjection,SqlInjection
SqlInjection,BenignTraffic
SqlInjection,VulnerabilityScan
SqlInjection,SqlInjection
SqlInjection,SqlInjection
SqlInjection,XSS
SqlInjection,Backdoor_Malware
SqlInjection,SqlInjection
SqlInjection,DictionaryBruteForce
SqlInjection,Recon-PingSweep
SqlInjection,SqlInjection
SqlInjection,XSS
SqlInjection,BrowserHijacking
SqlInjection,Recon-PingSweep
SqlInjection,DictionaryBruteForce
SqlInjection,Backdoor_Malware
SqlInjection,VulnerabilityScan
SqlInjection,XSS
SqlInjection,BenignTraffic
SqlInjection,SqlInjection
SqlInjection,SqlInjection
SqlInjection,SqlInjection
SqlInjection,Recon-PingSweep
SqlInjection,VulnerabilityScan
SqlInjection,SqlInjection
SqlInjection,XSS
SqlInjection,VulnerabilityScan
SqlInjection,Recon-PingSweep
SqlInjection,SqlInjection
SqlInjection,SqlInjection
SqlInjection,SqlInjection
SqlInjection,VulnerabilityScan
SqlInjection,XSS
SqlInjection,SqlInjection
SqlInjection,SqlInjection
SqlInjection,SqlInjection
SqlInjection,SqlInjection
SqlInjection,SqlInjection
SqlInjection,Recon-PingSweep
SqlInjection,SqlInjection
SqlInjection,BenignTraffic
SqlInjection,Recon-PingSweep
SqlInjection,BenignTraffic
SqlInjection,SqlInjection
SqlInjection,Uploading_Attack
SqlInjection,SqlInjection
SqlInjection,SqlInjection
SqlInjection,SqlInjection
SqlInjection,SqlInjection
SqlInjection,VulnerabilityScan
SqlInjection,DictionaryBruteForce
SqlInjection,XSS
SqlInjection,SqlInjection
SqlInjection,BenignTraffic
SqlInjection,SqlInjection
SqlInjection,Recon-OSScan
SqlInjection,VulnerabilityScan
SqlInjection,SqlInjection
SqlInjection,Recon-PingSweep
SqlInjection,SqlInjection
SqlInjection,XSS
SqlInjection,VulnerabilityScan
SqlInjection,VulnerabilityScan
SqlInjection,BrowserHijacking
SqlInjection,SqlInjection
SqlInjection,BenignTraffic
SqlInjection,CommandInjection
SqlInjection,XSS
SqlInjection,VulnerabilityScan
SqlInjection,Recon-PortScan
SqlInjection,SqlInjection
SqlInjection,Recon-PingSweep
SqlInjection,SqlInjection
SqlInjection,DictionaryBruteForce
SqlInjection,SqlInjection
SqlInjection,SqlInjection
SqlInjection,BenignTraffic
SqlInjection,SqlInjection
SqlInjection,XSS
SqlInjection,XSS
SqlInjection,VulnerabilityScan
SqlInjection,Recon-PingSweep
SqlInjection,SqlInjection
SqlInjection,BenignTraffic
SqlInjection,Backdoor_Malware
SqlInjection,SqlInjection
SqlInjection,Recon-PingSweep
SqlInjection,VulnerabilityScan
SqlInjection,XSS
SqlInjection,SqlInjection
SqlInjection,VulnerabilityScan
SqlInjection,SqlInjection
SqlInjection,XSS
SqlInjection,SqlInjection
SqlInjection,Recon-OSScan
SqlInjection,SqlInjection
SqlInjection,Recon-PingSweep
SqlInjection,SqlInjection
SqlInjection,VulnerabilityScan
SqlInjection,SqlInjection
SqlInjection,DictionaryBruteForce
SqlInjection,SqlInjection
SqlInjection,SqlInjection
SqlInjection,SqlInjection
SqlInjection,XSS
SqlInjection,VulnerabilityScan
SqlInjection,SqlInjection
SqlInjection,Backdoor_Malware
SqlInjection,VulnerabilityScan
SqlInjection,SqlInjection
SqlInjection,SqlInjection
SqlInjection,Recon-OSScan
SqlInjection,Recon-PingSweep
SqlInjection,VulnerabilityScan
SqlInjection,Recon-PingSweep
SqlInjection,SqlInjection
SqlInjection,SqlInjection
SqlInjection,SqlInjection
SqlInjection,VulnerabilityScan
SqlInjection,SqlInjection
SqlInjection,SqlInjection
SqlInjection,VulnerabilityScan
DDoS-UDP_Fragmentation,DDoS-UDP_Fragmentation
DDoS-UDP_Fragmentation,DDoS-UDP_Fragmentation
DDoS-UDP_Fragmentation,DDoS-UDP_Fragmentation
DDoS-UDP_Fragmentation,DDoS-UDP_Fragmentation
DDoS-UDP_Fragmentation,DDoS-UDP_Fragmentation
DDoS-UDP_Fragmentation,DDoS-UDP_Fragmentation
DDoS-UDP_Fragmentation,DDoS-UDP_Fragmentation
DDoS-UDP_Fragmentation,DDoS-UDP_Fragmentation
DDoS-UDP_Fragmentation,DDoS-UDP_Fragmentation
DDoS-UDP_Fragmentation,DDoS-UDP_Fragmentation
DDoS-UDP_Fragmentation,DDoS-UDP_Fragmentation
DDoS-UDP_Fragmentation,DDoS-UDP_Fragmentation
DDoS-UDP_Fragmentation,DDoS-UDP_Fragmentation
DDoS-UDP_Fragmentation,DDoS-UDP_Fragmentation
DDoS-UDP_Fragmentation,DDoS-UDP_Fragmentation
DDoS-UDP_Fragmentation,DDoS-UDP_Fragmentation
DDoS-UDP_Fragmentation,DDoS-UDP_Fragmentation
DDoS-UDP_Fragmentation,DDoS-UDP_Fragmentation
DDoS-UDP_Fragmentation,DDoS-UDP_Fragmentation
DDoS-UDP_Fragmentation,DDoS-UDP_Fragmentation
DDoS-UDP_Fragmentation,DDoS-UDP_Fragmentation
DDoS-UDP_Fragmentation,DDoS-UDP_Fragmentation
DDoS-UDP_Fragmentation,DDoS-UDP_Fragmentation
DDoS-UDP_Fragmentation,DDoS-UDP_Fragmentation
DDoS-UDP_Fragmentation,DDoS-UDP_Fragmentation
DDoS-UDP_Fragmentation,DDoS-UDP_Fragmentation
DDoS-UDP_Fragmentation,DDoS-UDP_Fragmentation
DDoS-UDP_Fragmentation,DDoS-UDP_Fragmentation
DDoS-UDP_Fragmentation,DDoS-UDP_Fragmentation
DDoS-UDP_Fragmentation,DDoS-UDP_Fragmentation
DDoS-UDP_Fragmentation,DDoS-UDP_Fragmentation
DDoS-UDP_Fragmentation,DDoS-UDP_Fragmentation
DDoS-UDP_Fragmentation,DDoS-UDP_Fragmentation
DDoS-UDP_Fragmentation,DDoS-UDP_Fragmentation
DDoS-UDP_Fragmentation,DDoS-UDP_Fragmentation
DDoS-UDP_Fragmentation,DDoS-UDP_Fragmentation
DDoS-UDP_Fragmentation,DDoS-UDP_Fragmentation
DDoS-UDP_Fragmentation,DDoS-UDP_Fragmentation
DDoS-UDP_Fragmentation,DDoS-SlowLoris
DDoS-UDP_Fragmentation,DDoS-UDP_Fragmentation
DDoS-UDP_Fragmentation,DDoS-UDP_Fragmentation
DDoS-UDP_Fragmentation,DDoS-UDP_Fragmentation
DDoS-UDP_Fragmentation,DDoS-UDP_Fragmentation
DDoS-UDP_Fragmentation,DDoS-UDP_Fragmentation
DDoS-UDP_Fragmentation,DDoS-UDP_Fragmentation
DDoS-UDP_Fragmentation,DDoS-UDP_Fragmentation
DDoS-UDP_Fragmentation,DDoS-UDP_Fragmentation
DDoS-UDP_Fragmentation,DDoS-UDP_Fragmentation
DDoS-UDP_Fragmentation,DDoS-UDP_Fragmentation
DDoS-UDP_Fragmentation,DDoS-UDP_Fragmentation
DDoS-UDP_Fragmentation,DDoS-UDP_Fragmentation
DDoS-UDP_Fragmentation,DDoS-UDP_Fragmentation
DDoS-UDP_Fragmentation,DDoS-UDP_Fragmentation
DDoS-UDP_Fragmentation,DDoS-UDP_Fragmentation
DDoS-UDP_Fragmentation,DDoS-UDP_Fragmentation
DDoS-UDP_Fragmentation,DDoS-UDP_Fragmentation
DDoS-UDP_Fragmentation,DDoS-UDP_Fragmentation
DDoS-UDP_Fragmentation,DDoS-UDP_Fragmentation
DDoS-UDP_Fragmentation,DDoS-UDP_Fragmentation
DDoS-UDP_Fragmentation,DDoS-UDP_Fragmentation
DDoS-UDP_Fragmentation,DDoS-UDP_Fragmentation
DDoS-UDP_Fragmentation,DDoS-UDP_Fragmentation
DDoS-UDP_Fragmentation,DDoS-UDP_Fragmentation
DDoS-UDP_Fragmentation,DDoS-UDP_Fragmentation
DDoS-UDP_Fragmentation,DDoS-UDP_Fragmentation
DDoS-UDP_Fragmentation,DDoS-UDP_Fragmentation
DDoS-UDP_Fragmentation,DDoS-UDP_Fragmentation
DDoS-UDP_Fragmentation,DDoS-UDP_Fragmentation
DDoS-UDP_Fragmentation,DDoS-UDP_Fragmentation
DDoS-UDP_Fragmentation,DDoS-UDP_Fragmentation
DDoS-UDP_Fragmentation,DDoS-UDP_Fragmentation
DDoS-UDP_Fragmentation,DDoS-UDP_Fragmentation
DDoS-UDP_Fragmentation,DDoS-UDP_Fragmentation
DDoS-UDP_Fragmentation,DDoS-UDP_Fragmentation
DDoS-UDP_Fragmentation,DDoS-UDP_Fragmentation
DDoS-UDP_Fragmentation,DDoS-UDP_Fragmentation
DDoS-UDP_Fragmentation,DDoS-UDP_Fragmentation
DDoS-UDP_Fragmentation,DDoS-UDP_Fragmentation
DDoS-UDP_Fragmentation,DDoS-UDP_Fragmentation
DDoS-UDP_Fragmentation,DDoS-UDP_Fragmentation
DDoS-UDP_Fragmentation,DDoS-UDP_Fragmentation
DDoS-UDP_Fragmentation,DDoS-UDP_Fragmentation
DDoS-UDP_Fragmentation,DDoS-UDP_Fragmentation
DDoS-UDP_Fragmentation,DDoS-UDP_Fragmentation
DDoS-UDP_Fragmentation,DDoS-UDP_Fragmentation
DDoS-UDP_Fragmentation,DDoS-UDP_Fragmentation
DDoS-UDP_Fragmentation,DDoS-UDP_Fragmentation
DDoS-UDP_Fragmentation,DDoS-UDP_Fragmentation
DDoS-UDP_Fragmentation,DDoS-UDP_Fragmentation
DDoS-UDP_Fragmentation,DDoS-UDP_Fragmentation
DDoS-UDP_Fragmentation,DDoS-UDP_Fragmentation
DDoS-UDP_Fragmentation,DDoS-UDP_Fragmentation
DDoS-UDP_Fragmentation,DDoS-UDP_Fragmentation
DDoS-UDP_Fragmentation,DDoS-UDP_Fragmentation
DDoS-UDP_Fragmentation,DDoS-UDP_Fragmentation
DDoS-UDP_Fragmentation,DDoS-UDP_Fragmentation
DDoS-UDP_Fragmentation,DDoS-UDP_Fragmentation
DDoS-UDP_Fragmentation,DDoS-UDP_Fragmentation
DDoS-UDP_Fragmentation,DDoS-UDP_Fragmentation
DDoS-UDP_Fragmentation,DDoS-UDP_Fragmentation
DDoS-UDP_Fragmentation,DDoS-UDP_Fragmentation
DDoS-UDP_Fragmentation,DDoS-UDP_Fragmentation
DDoS-UDP_Fragmentation,DDoS-UDP_Fragmentation
DDoS-UDP_Fragmentation,DDoS-UDP_Fragmentation
DDoS-UDP_Fragmentation,DDoS-UDP_Fragmentation
DDoS-UDP_Fragmentation,DDoS-UDP_Fragmentation
DDoS-UDP_Fragmentation,DDoS-UDP_Fragmentation
DDoS-UDP_Fragmentation,DDoS-UDP_Fragmentation
DDoS-UDP_Fragmentation,DDoS-UDP_Fragmentation
DDoS-UDP_Fragmentation,DDoS-UDP_Fragmentation
DDoS-UDP_Fragmentation,DDoS-UDP_Fragmentation
DDoS-UDP_Fragmentation,DDoS-UDP_Fragmentation
DDoS-UDP_Fragmentation,DDoS-UDP_Fragmentation
DDoS-UDP_Fragmentation,DDoS-UDP_Fragmentation
DDoS-UDP_Fragmentation,DDoS-UDP_Fragmentation
DDoS-UDP_Fragmentation,DDoS-UDP_Fragmentation
DDoS-UDP_Fragmentation,DDoS-UDP_Fragmentation
DDoS-UDP_Fragmentation,DDoS-UDP_Fragmentation
DDoS-UDP_Fragmentation,DDoS-UDP_Fragmentation
DDoS-UDP_Fragmentation,DDoS-UDP_Fragmentation
DDoS-UDP_Fragmentation,DDoS-UDP_Fragmentation
DDoS-UDP_Fragmentation,DDoS-UDP_Fragmentation
DDoS-UDP_Fragmentation,DDoS-UDP_Fragmentation
DDoS-UDP_Fragmentation,DDoS-UDP_Fragmentation
DDoS-UDP_Fragmentation,DDoS-UDP_Fragmentation
DDoS-UDP_Fragmentation,DDoS-UDP_Fragmentation
DDoS-UDP_Fragmentation,DDoS-UDP_Fragmentation
DDoS-UDP_Fragmentation,DDoS-UDP_Fragmentation
DDoS-UDP_Fragmentation,DDoS-UDP_Fragmentation
DDoS-UDP_Fragmentation,DDoS-UDP_Fragmentation
DDoS-UDP_Fragmentation,DDoS-UDP_Fragmentation
DDoS-UDP_Fragmentation,DDoS-UDP_Fragmentation
DDoS-UDP_Fragmentation,DDoS-UDP_Fragmentation
DDoS-UDP_Fragmentation,DDoS-UDP_Fragmentation
DDoS-UDP_Fragmentation,DDoS-UDP_Fragmentation
DDoS-UDP_Fragmentation,DDoS-UDP_Fragmentation
DDoS-UDP_Fragmentation,DDoS-UDP_Fragmentation
DDoS-UDP_Fragmentation,DDoS-UDP_Fragmentation
DDoS-UDP_Fragmentation,DDoS-UDP_Fragmentation
DDoS-UDP_Fragmentation,DDoS-UDP_Fragmentation
DDoS-UDP_Fragmentation,DDoS-UDP_Fragmentation
DDoS-UDP_Fragmentation,DDoS-UDP_Fragmentation
DDoS-UDP_Fragmentation,DDoS-SlowLoris
DDoS-UDP_Fragmentation,DDoS-UDP_Fragmentation
DDoS-UDP_Fragmentation,DDoS-UDP_Fragmentation
DDoS-UDP_Fragmentation,DDoS-UDP_Fragmentation
DDoS-UDP_Fragmentation,DDoS-UDP_Fragmentation
DDoS-UDP_Fragmentation,DDoS-UDP_Fragmentation
DDoS-UDP_Fragmentation,DDoS-UDP_Fragmentation
DDoS-UDP_Fragmentation,DDoS-UDP_Fragmentation
DDoS-UDP_Fragmentation,DDoS-UDP_Fragmentation
DDoS-UDP_Fragmentation,DDoS-UDP_Fragmentation
DDoS-UDP_Fragmentation,DDoS-UDP_Fragmentation
DDoS-UDP_Fragmentation,DDoS-UDP_Fragmentation
DDoS-UDP_Fragmentation,DDoS-UDP_Fragmentation
DDoS-UDP_Fragmentation,DDoS-UDP_Fragmentation
DDoS-UDP_Fragmentation,DDoS-UDP_Fragmentation
DDoS-UDP_Fragmentation,DDoS-UDP_Fragmentation
DDoS-UDP_Fragmentation,DDoS-UDP_Fragmentation
DDoS-UDP_Fragmentation,DDoS-UDP_Fragmentation
DDoS-UDP_Fragmentation,DDoS-UDP_Fragmentation
DDoS-UDP_Fragmentation,DDoS-UDP_Fragmentation
DDoS-UDP_Fragmentation,DDoS-UDP_Fragmentation
DDoS-UDP_Fragmentation,DDoS-UDP_Fragmentation
DDoS-UDP_Fragmentation,DDoS-UDP_Fragmentation
DDoS-UDP_Fragmentation,DDoS-UDP_Fragmentation
DDoS-UDP_Fragmentation,DDoS-UDP_Fragmentation
DDoS-UDP_Fragmentation,DDoS-UDP_Fragmentation
DDoS-UDP_Fragmentation,DDoS-UDP_Fragmentation
DDoS-UDP_Fragmentation,DDoS-SlowLoris
DDoS-UDP_Fragmentation,DDoS-UDP_Fragmentation
DDoS-UDP_Fragmentation,DDoS-UDP_Fragmentation
DDoS-UDP_Fragmentation,DDoS-UDP_Fragmentation
DDoS-UDP_Fragmentation,DDoS-UDP_Fragmentation
DDoS-UDP_Fragmentation,DDoS-UDP_Fragmentation
DDoS-UDP_Fragmentation,DDoS-UDP_Fragmentation
DDoS-UDP_Fragmentation,DDoS-UDP_Fragmentation
DDoS-UDP_Fragmentation,DDoS-UDP_Fragmentation
DDoS-UDP_Fragmentation,DDoS-UDP_Fragmentation
DDoS-UDP_Fragmentation,DDoS-UDP_Fragmentation
DDoS-UDP_Fragmentation,DDoS-UDP_Fragmentation
DDoS-UDP_Fragmentation,DDoS-UDP_Fragmentation
DDoS-UDP_Fragmentation,DDoS-UDP_Fragmentation
DDoS-UDP_Fragmentation,DDoS-UDP_Fragmentation
DDoS-UDP_Fragmentation,DDoS-UDP_Fragmentation
DDoS-UDP_Fragmentation,DDoS-UDP_Fragmentation
DDoS-UDP_Fragmentation,DDoS-UDP_Fragmentation
DDoS-UDP_Fragmentation,DDoS-UDP_Fragmentation
DDoS-UDP_Fragmentation,DDoS-UDP_Fragmentation
DDoS-UDP_Fragmentation,DDoS-UDP_Fragmentation
DDoS-UDP_Fragmentation,DDoS-UDP_Fragmentation
DDoS-UDP_Fragmentation,DDoS-UDP_Fragmentation
DDoS-UDP_Fragmentation,DDoS-UDP_Fragmentation
DDoS-UDP_Fragmentation,DDoS-UDP_Fragmentation
DDoS-UDP_Fragmentation,DDoS-UDP_Fragmentation
DDoS-UDP_Fragmentation,DDoS-UDP_Fragmentation
DDoS-UDP_Fragmentation,DDoS-UDP_Fragmentation
DDoS-UDP_Fragmentation,DDoS-UDP_Fragmentation
DDoS-UDP_Fragmentation,DDoS-UDP_Fragmentation
DDoS-UDP_Fragmentation,DDoS-UDP_Fragmentation
DDoS-UDP_Fragmentation,DDoS-UDP_Fragmentation
DDoS-UDP_Fragmentation,DDoS-UDP_Fragmentation
DDoS-UDP_Fragmentation,DDoS-UDP_Fragmentation
DDoS-UDP_Fragmentation,DDoS-UDP_Fragmentation
DDoS-UDP_Fragmentation,DDoS-UDP_Fragmentation
DDoS-UDP_Fragmentation,DDoS-UDP_Fragmentation
DDoS-UDP_Fragmentation,DDoS-UDP_Fragmentation
DDoS-UDP_Fragmentation,DDoS-UDP_Fragmentation
DDoS-UDP_Fragmentation,DDoS-UDP_Fragmentation
DDoS-UDP_Fragmentation,DDoS-UDP_Fragmentation
DDoS-UDP_Fragmentation,DDoS-UDP_Fragmentation
DDoS-UDP_Fragmentation,DDoS-UDP_Fragmentation
DDoS-UDP_Fragmentation,DDoS-UDP_Fragmentation
DDoS-UDP_Fragmentation,DDoS-UDP_Fragmentation
DDoS-UDP_Fragmentation,DDoS-UDP_Fragmentation
DDoS-UDP_Fragmentation,DDoS-UDP_Fragmentation
DDoS-UDP_Fragmentation,DDoS-UDP_Fragmentation
DDoS-UDP_Fragmentation,DDoS-UDP_Fragmentation
DDoS-UDP_Fragmentation,DDoS-UDP_Fragmentation
DDoS-UDP_Fragmentation,DDoS-UDP_Fragmentation
DDoS-UDP_Fragmentation,DDoS-UDP_Fragmentation
DDoS-UDP_Fragmentation,DDoS-UDP_Fragmentation
DDoS-UDP_Fragmentation,DDoS-UDP_Fragmentation
DDoS-UDP_Fragmentation,DDoS-UDP_Fragmentation
DDoS-UDP_Fragmentation,DDoS-UDP_Fragmentation
DDoS-UDP_Fragmentation,DDoS-UDP_Fragmentation
DDoS-UDP_Fragmentation,DDoS-UDP_Fragmentation
DDoS-UDP_Fragmentation,DDoS-UDP_Fragmentation
DDoS-UDP_Fragmentation,DDoS-UDP_Fragmentation
DDoS-UDP_Fragmentation,DDoS-UDP_Fragmentation
DDoS-UDP_Fragmentation,DDoS-UDP_Fragmentation
DDoS-UDP_Fragmentation,DDoS-UDP_Fragmentation
DDoS-UDP_Fragmentation,DDoS-UDP_Fragmentation
DDoS-UDP_Fragmentation,DDoS-UDP_Fragmentation
DDoS-UDP_Fragmentation,DDoS-UDP_Fragmentation
DDoS-UDP_Fragmentation,DDoS-UDP_Fragmentation
DDoS-UDP_Fragmentation,DDoS-UDP_Fragmentation
DDoS-UDP_Fragmentation,DDoS-UDP_Fragmentation
DDoS-UDP_Fragmentation,DDoS-UDP_Fragmentation
DDoS-UDP_Fragmentation,DDoS-UDP_Fragmentation
DDoS-UDP_Fragmentation,DDoS-UDP_Fragmentation
DDoS-UDP_Fragmentation,DDoS-UDP_Fragmentation
DDoS-UDP_Fragmentation,DDoS-UDP_Fragmentation
DDoS-UDP_Fragmentation,DDoS-UDP_Fragmentation
DDoS-UDP_Fragmentation,DDoS-UDP_Fragmentation
DDoS-UDP_Fragmentation,DDoS-UDP_Fragmentation
DDoS-UDP_Fragmentation,DDoS-UDP_Fragmentation
DDoS-UDP_Fragmentation,DDoS-UDP_Fragmentation
DDoS-UDP_Fragmentation,DDoS-UDP_Fragmentation
DDoS-UDP_Fragmentation,DDoS-UDP_Fragmentation
DDoS-UDP_Fragmentation,DDoS-UDP_Fragmentation
DDoS-UDP_Fragmentation,DDoS-UDP_Fragmentation
DDoS-UDP_Fragmentation,DDoS-UDP_Fragmentation
DDoS-UDP_Fragmentation,DDoS-UDP_Fragmentation
DDoS-UDP_Fragmentation,DDoS-UDP_Fragmentation
DDoS-UDP_Fragmentation,DDoS-UDP_Fragmentation
DDoS-UDP_Fragmentation,DDoS-UDP_Fragmentation
DDoS-UDP_Fragmentation,DDoS-UDP_Fragmentation
DDoS-UDP_Fragmentation,DDoS-UDP_Fragmentation
DDoS-UDP_Fragmentation,DDoS-UDP_Fragmentation
DDoS-UDP_Fragmentation,DDoS-UDP_Fragmentation
DDoS-UDP_Fragmentation,DDoS-UDP_Fragmentation
DDoS-UDP_Fragmentation,DDoS-UDP_Fragmentation
DDoS-UDP_Fragmentation,DDoS-UDP_Fragmentation
DDoS-UDP_Fragmentation,DDoS-UDP_Fragmentation
DDoS-UDP_Fragmentation,DDoS-UDP_Fragmentation
DDoS-UDP_Fragmentation,DDoS-UDP_Fragmentation
DDoS-UDP_Fragmentation,DDoS-UDP_Fragmentation
DDoS-UDP_Fragmentation,DDoS-UDP_Fragmentation
DDoS-UDP_Fragmentation,DDoS-UDP_Fragmentation
DDoS-UDP_Fragmentation,DDoS-UDP_Fragmentation
DDoS-UDP_Fragmentation,DDoS-UDP_Fragmentation
DDoS-UDP_Fragmentation,DDoS-UDP_Fragmentation
DDoS-UDP_Fragmentation,DDoS-UDP_Fragmentation
DDoS-UDP_Fragmentation,DDoS-UDP_Fragmentation
DDoS-UDP_Fragmentation,DDoS-UDP_Fragmentation
DDoS-UDP_Fragmentation,DDoS-UDP_Fragmentation
DDoS-UDP_Fragmentation,DDoS-UDP_Fragmentation
DDoS-UDP_Fragmentation,DDoS-UDP_Fragmentation
DDoS-UDP_Fragmentation,DDoS-UDP_Fragmentation
DDoS-UDP_Fragmentation,DDoS-UDP_Fragmentation
DDoS-UDP_Fragmentation,DDoS-UDP_Fragmentation
DDoS-UDP_Fragmentation,DDoS-UDP_Fragmentation
DDoS-UDP_Fragmentation,DDoS-UDP_Fragmentation
DDoS-UDP_Fragmentation,DDoS-UDP_Fragmentation
DDoS-UDP_Fragmentation,DDoS-UDP_Fragmentation
DDoS-UDP_Fragmentation,DDoS-UDP_Fragmentation
DDoS-UDP_Fragmentation,DDoS-UDP_Fragmentation
DDoS-UDP_Fragmentation,DDoS-UDP_Fragmentation
DDoS-UDP_Fragmentation,DDoS-UDP_Fragmentation
DDoS-UDP_Fragmentation,DDoS-UDP_Fragmentation
DDoS-UDP_Fragmentation,DDoS-UDP_Fragmentation
DDoS-UDP_Fragmentation,DDoS-UDP_Fragmentation
DDoS-UDP_Fragmentation,DDoS-UDP_Fragmentation
DDoS-UDP_Fragmentation,DDoS-UDP_Fragmentation
DDoS-UDP_Fragmentation,DDoS-UDP_Fragmentation
DDoS-UDP_Fragmentation,DDoS-UDP_Fragmentation
DDoS-UDP_Fragmentation,DDoS-UDP_Fragmentation
DDoS-UDP_Fragmentation,DDoS-UDP_Fragmentation
DDoS-UDP_Fragmentation,DDoS-UDP_Fragmentation
DDoS-UDP_Fragmentation,DDoS-UDP_Fragmentation
DDoS-UDP_Fragmentation,DDoS-UDP_Fragmentation
DDoS-UDP_Fragmentation,DDoS-UDP_Fragmentation
DDoS-UDP_Fragmentation,DDoS-UDP_Fragmentation
Uploading_Attack,BenignTraffic
Uploading_Attack,XSS
Uploading_Attack,SqlInjection
Uploading_Attack,CommandInjection
Uploading_Attack,BenignTraffic
Uploading_Attack,Backdoor_Malware
Uploading_Attack,Uploading_Attack
Uploading_Attack,Uploading_Attack
Uploading_Attack,Uploading_Attack
Uploading_Attack,Recon-HostDiscovery
Uploading_Attack,Uploading_Attack
Uploading_Attack,XSS
Uploading_Attack,XSS
Uploading_Attack,Uploading_Attack
Uploading_Attack,Backdoor_Malware
Uploading_Attack,CommandInjection
Uploading_Attack,XSS
Uploading_Attack,XSS
Uploading_Attack,Uploading_Attack
Uploading_Attack,BenignTraffic
Uploading_Attack,CommandInjection
Uploading_Attack,BrowserHijacking
Uploading_Attack,BenignTraffic
Uploading_Attack,XSS
Uploading_Attack,Backdoor_Malware
Uploading_Attack,Backdoor_Malware
Uploading_Attack,Recon-HostDiscovery
Uploading_Attack,Uploading_Attack
Uploading_Attack,CommandInjection
Uploading_Attack,XSS
Uploading_Attack,Uploading_Attack
Uploading_Attack,XSS
Uploading_Attack,XSS
Uploading_Attack,CommandInjection
Uploading_Attack,Uploading_Attack
Uploading_Attack,Uploading_Attack
Uploading_Attack,XSS
Uploading_Attack,XSS
Uploading_Attack,Uploading_Attack
Uploading_Attack,CommandInjection
Uploading_Attack,CommandInjection
Uploading_Attack,Uploading_Attack
Uploading_Attack,SqlInjection
Uploading_Attack,BenignTraffic
Uploading_Attack,BenignTraffic
Uploading_Attack,XSS
Uploading_Attack,Backdoor_Malware
Uploading_Attack,SqlInjection
Uploading_Attack,Uploading_Attack
Uploading_Attack,Backdoor_Malware
Uploading_Attack,XSS
Uploading_Attack,XSS
Uploading_Attack,Recon-PingSweep
Uploading_Attack,Backdoor_Malware
Uploading_Attack,Uploading_Attack
Uploading_Attack,XSS
Uploading_Attack,Recon-HostDiscovery
Uploading_Attack,Backdoor_Malware
Uploading_Attack,BenignTraffic
Uploading_Attack,XSS
Uploading_Attack,Backdoor_Malware
Uploading_Attack,Recon-PingSweep
Uploading_Attack,SqlInjection
Uploading_Attack,XSS
Uploading_Attack,Uploading_Attack
Uploading_Attack,Uploading_Attack
Uploading_Attack,Uploading_Attack
Uploading_Attack,Backdoor_Malware
Uploading_Attack,BenignTraffic
Uploading_Attack,BenignTraffic
Uploading_Attack,Uploading_Attack
Uploading_Attack,Backdoor_Malware
Uploading_Attack,Uploading_Attack
Uploading_Attack,XSS
Uploading_Attack,Backdoor_Malware
Uploading_Attack,XSS
Uploading_Attack,Uploading_Attack
Uploading_Attack,CommandInjection
Uploading_Attack,XSS
Uploading_Attack,Backdoor_Malware
Uploading_Attack,XSS
Uploading_Attack,MITM-ArpSpoofing
Uploading_Attack,Recon-PingSweep
Uploading_Attack,XSS
Uploading_Attack,CommandInjection
Uploading_Attack,XSS
Uploading_Attack,BenignTraffic
Uploading_Attack,Backdoor_Malware
Uploading_Attack,XSS
Uploading_Attack,Backdoor_Malware
Uploading_Attack,BenignTraffic
Uploading_Attack,Backdoor_Malware
Uploading_Attack,CommandInjection
Uploading_Attack,BenignTraffic
Uploading_Attack,Backdoor_Malware
Uploading_Attack,XSS
Uploading_Attack,XSS
Uploading_Attack,Recon-PingSweep
Uploading_Attack,XSS
Uploading_Attack,Uploading_Attack
Uploading_Attack,Uploading_Attack
Uploading_Attack,XSS
Uploading_Attack,Backdoor_Malware
Uploading_Attack,Uploading_Attack
Uploading_Attack,XSS
Uploading_Attack,XSS
Uploading_Attack,Uploading_Attack
Uploading_Attack,XSS
Uploading_Attack,XSS
Uploading_Attack,XSS
Uploading_Attack,XSS
Uploading_Attack,Recon-HostDiscovery
Uploading_Attack,XSS
Uploading_Attack,Uploading_Attack
Uploading_Attack,Uploading_Attack
Uploading_Attack,Uploading_Attack
Uploading_Attack,Recon-OSScan
Uploading_Attack,Uploading_Attack
Uploading_Attack,Uploading_Attack
Uploading_Attack,CommandInjection
Uploading_Attack,Uploading_Attack
Uploading_Attack,CommandInjection
Uploading_Attack,XSS
Uploading_Attack,Backdoor_Malware
Uploading_Attack,Recon-PingSweep
Uploading_Attack,Recon-HostDiscovery
Uploading_Attack,Backdoor_Malware
Uploading_Attack,XSS
Uploading_Attack,XSS
Uploading_Attack,SqlInjection
Uploading_Attack,Recon-HostDiscovery
Uploading_Attack,DictionaryBruteForce
Uploading_Attack,XSS
Uploading_Attack,Uploading_Attack
Uploading_Attack,Uploading_Attack
Uploading_Attack,VulnerabilityScan
Uploading_Attack,XSS
Uploading_Attack,Backdoor_Malware
Uploading_Attack,Backdoor_Malware
Uploading_Attack,XSS
Uploading_Attack,Backdoor_Malware
Uploading_Attack,Uploading_Attack
Uploading_Attack,XSS
Uploading_Attack,XSS
Uploading_Attack,VulnerabilityScan
Uploading_Attack,XSS
Uploading_Attack,Uploading_Attack
Uploading_Attack,Uploading_Attack
Uploading_Attack,Uploading_Attack
Uploading_Attack,BrowserHijacking
Uploading_Attack,XSS
Uploading_Attack,Recon-HostDiscovery
Uploading_Attack,XSS
Uploading_Attack,CommandInjection
BrowserHijacking,SqlInjection
BrowserHijacking,Recon-PortScan
BrowserHijacking,BrowserHijacking
BrowserHijacking,BrowserHijacking
BrowserHijacking,BrowserHijacking
BrowserHijacking,Backdoor_Malware
BrowserHijacking,BrowserHijacking
BrowserHijacking,BrowserHijacking
BrowserHijacking,BrowserHijacking
BrowserHijacking,BrowserHijacking
BrowserHijacking,SqlInjection
BrowserHijacking,BrowserHijacking
BrowserHijacking,BrowserHijacking
BrowserHijacking,BrowserHijacking
BrowserHijacking,DictionaryBruteForce
BrowserHijacking,BenignTraffic
BrowserHijacking,BrowserHijacking
BrowserHijacking,Recon-PingSweep
BrowserHijacking,BrowserHijacking
BrowserHijacking,BrowserHijacking
BrowserHijacking,MITM-ArpSpoofing
BrowserHijacking,BrowserHijacking
BrowserHijacking,Recon-HostDiscovery
BrowserHijacking,XSS
BrowserHijacking,BrowserHijacking
BrowserHijacking,Recon-HostDiscovery
BrowserHijacking,XSS
BrowserHijacking,BrowserHijacking
BrowserHijacking,BrowserHijacking
BrowserHijacking,BrowserHijacking
BrowserHijacking,BrowserHijacking
BrowserHijacking,XSS
BrowserHijacking,BrowserHijacking
BrowserHijacking,SqlInjection
BrowserHijacking,XSS
BrowserHijacking,VulnerabilityScan
BrowserHijacking,MITM-ArpSpoofing
BrowserHijacking,BrowserHijacking
BrowserHijacking,BrowserHijacking
BrowserHijacking,SqlInjection
BrowserHijacking,DictionaryBruteForce
BrowserHijacking,DictionaryBruteForce
BrowserHijacking,SqlInjection
BrowserHijacking,BrowserHijacking
BrowserHijacking,Uploading_Attack
BrowserHijacking,BrowserHijacking
BrowserHijacking,DNS_Spoofing
BrowserHijacking,BrowserHijacking
BrowserHijacking,BrowserHijacking
BrowserHijacking,BrowserHijacking
BrowserHijacking,BrowserHijacking
BrowserHijacking,BrowserHijacking
BrowserHijacking,BenignTraffic
BrowserHijacking,BrowserHijacking
BrowserHijacking,XSS
BrowserHijacking,XSS
BrowserHijacking,BrowserHijacking
BrowserHijacking,BenignTraffic
BrowserHijacking,BrowserHijacking
BrowserHijacking,BrowserHijacking
BrowserHijacking,MITM-ArpSpoofing
BrowserHijacking,BrowserHijacking
BrowserHijacking,MITM-ArpSpoofing
BrowserHijacking,Recon-HostDiscovery
BrowserHijacking,CommandInjection
BrowserHijacking,BrowserHijacking
BrowserHijacking,BrowserHijacking
BrowserHijacking,XSS
BrowserHijacking,VulnerabilityScan
BrowserHijacking,DictionaryBruteForce
BrowserHijacking,XSS
BrowserHijacking,BrowserHijacking
BrowserHijacking,BrowserHijacking
BrowserHijacking,Backdoor_Malware
BrowserHijacking,BenignTraffic
BrowserHijacking,BrowserHijacking
BrowserHijacking,BrowserHijacking
BrowserHijacking,BrowserHijacking
BrowserHijacking,BenignTraffic
BrowserHijacking,XSS
BrowserHijacking,BrowserHijacking
BrowserHijacking,BenignTraffic
BrowserHijacking,BrowserHijacking
BrowserHijacking,BrowserHijacking
BrowserHijacking,BrowserHijacking
BrowserHijacking,BrowserHijacking
BrowserHijacking,XSS
BrowserHijacking,BrowserHijacking
BrowserHijacking,BrowserHijacking
BrowserHijacking,BenignTraffic
BrowserHijacking,BrowserHijacking
BrowserHijacking,SqlInjection
BrowserHijacking,CommandInjection
BrowserHijacking,BrowserHijacking
BrowserHijacking,BrowserHijacking
BrowserHijacking,DictionaryBruteForce
BrowserHijacking,BrowserHijacking
BrowserHijacking,BenignTraffic
BrowserHijacking,BrowserHijacking
BrowserHijacking,Recon-OSScan
BrowserHijacking,BrowserHijacking
BrowserHijacking,BrowserHijacking
BrowserHijacking,BrowserHijacking
BrowserHijacking,BrowserHijacking
BrowserHijacking,BrowserHijacking
BrowserHijacking,VulnerabilityScan
BrowserHijacking,BenignTraffic
BrowserHijacking,Recon-HostDiscovery
BrowserHijacking,BrowserHijacking
BrowserHijacking,BrowserHijacking
BrowserHijacking,Backdoor_Malware
BrowserHijacking,Recon-PingSweep
BrowserHijacking,Recon-PingSweep
BrowserHijacking,BrowserHijacking
BrowserHijacking,BrowserHijacking
BrowserHijacking,BrowserHijacking
BrowserHijacking,BrowserHijacking
BrowserHijacking,BrowserHijacking
BrowserHijacking,BrowserHijacking
BrowserHijacking,SqlInjection
BrowserHijacking,BrowserHijacking
BrowserHijacking,XSS
BrowserHijacking,Recon-PingSweep
BrowserHijacking,Backdoor_Malware
BrowserHijacking,BrowserHijacking
BrowserHijacking,DNS_Spoofing
BrowserHijacking,XSS
BrowserHijacking,MITM-ArpSpoofing
BrowserHijacking,Backdoor_Malware
BrowserHijacking,BrowserHijacking
BrowserHijacking,Recon-HostDiscovery
BrowserHijacking,VulnerabilityScan
BrowserHijacking,Recon-PingSweep
BrowserHijacking,BenignTraffic
BrowserHijacking,XSS
BrowserHijacking,BrowserHijacking
BrowserHijacking,Recon-HostDiscovery
BrowserHijacking,BrowserHijacking
BrowserHijacking,BenignTraffic
BrowserHijacking,BenignTraffic
BrowserHijacking,XSS
BrowserHijacking,BrowserHijacking
BrowserHijacking,BrowserHijacking
BrowserHijacking,BrowserHijacking
BrowserHijacking,BrowserHijacking
BrowserHijacking,SqlInjection
BrowserHijacking,BenignTraffic
BrowserHijacking,XSS
BrowserHijacking,BrowserHijacking
BrowserHijacking,BrowserHijacking
BrowserHijacking,BrowserHijacking
BrowserHijacking,BrowserHijacking
BrowserHijacking,BenignTraffic
BrowserHijacking,BrowserHijacking
BrowserHijacking,DictionaryBruteForce
BrowserHijacking,BrowserHijacking
BrowserHijacking,BrowserHijacking
BrowserHijacking,BenignTraffic
BrowserHijacking,BrowserHijacking
BrowserHijacking,BrowserHijacking
BrowserHijacking,XSS
BrowserHijacking,DictionaryBruteForce
BrowserHijacking,BrowserHijacking
BrowserHijacking,BrowserHijacking
BrowserHijacking,BrowserHijacking
BrowserHijacking,VulnerabilityScan
BrowserHijacking,BrowserHijacking
BrowserHijacking,BrowserHijacking
BrowserHijacking,BrowserHijacking
BrowserHijacking,BrowserHijacking
BrowserHijacking,BrowserHijacking
BrowserHijacking,VulnerabilityScan
BrowserHijacking,SqlInjection
BrowserHijacking,MITM-ArpSpoofing
BrowserHijacking,BrowserHijacking
BrowserHijacking,BrowserHijacking
BrowserHijacking,XSS
BrowserHijacking,BrowserHijacking
BrowserHijacking,BrowserHijacking
BrowserHijacking,BrowserHijacking
BrowserHijacking,Uploading_Attack
BrowserHijacking,BrowserHijacking
BrowserHijacking,BrowserHijacking
BrowserHijacking,CommandInjection
BrowserHijacking,DictionaryBruteForce
BrowserHijacking,BrowserHijacking
BrowserHijacking,XSS
BrowserHijacking,Recon-PingSweep
BrowserHijacking,BrowserHijacking
BrowserHijacking,VulnerabilityScan
BrowserHijacking,Recon-PortScan
BrowserHijacking,MITM-ArpSpoofing
BrowserHijacking,VulnerabilityScan
BrowserHijacking,BrowserHijacking
BrowserHijacking,BrowserHijacking
BrowserHijacking,BrowserHijacking
BrowserHijacking,Backdoor_Malware
BrowserHijacking,BrowserHijacking
BrowserHijacking,BrowserHijacking
BrowserHijacking,Backdoor_Malware
BrowserHijacking,BrowserHijacking
BrowserHijacking,BrowserHijacking
BrowserHijacking,BrowserHijacking
BrowserHijacking,Recon-PingSweep
BrowserHijacking,BrowserHijacking
BrowserHijacking,BrowserHijacking
BrowserHijacking,Recon-PingSweep
BrowserHijacking,BrowserHijacking
BrowserHijacking,BrowserHijacking
BrowserHijacking,BrowserHijacking
BrowserHijacking,BrowserHijacking
BrowserHijacking,XSS
BrowserHijacking,Backdoor_Malware
BrowserHijacking,Backdoor_Malware
BrowserHijacking,DictionaryBruteForce
BrowserHijacking,XSS
BrowserHijacking,BrowserHijacking
BrowserHijacking,BrowserHijacking
BrowserHijacking,MITM-ArpSpoofing
BrowserHijacking,CommandInjection
BrowserHijacking,BrowserHijacking
BrowserHijacking,BrowserHijacking
BrowserHijacking,DNS_Spoofing
BrowserHijacking,BenignTraffic
BrowserHijacking,XSS
BrowserHijacking,XSS
BrowserHijacking,Recon-PingSweep
BrowserHijacking,BrowserHijacking
BrowserHijacking,MITM-ArpSpoofing
BrowserHijacking,BrowserHijacking
BrowserHijacking,BrowserHijacking
BrowserHijacking,BrowserHijacking
BrowserHijacking,BrowserHijacking
BrowserHijacking,MITM-ArpSpoofing
BrowserHijacking,BrowserHijacking
BrowserHijacking,SqlInjection
BrowserHijacking,BrowserHijacking
BrowserHijacking,BrowserHijacking
BrowserHijacking,SqlInjection
BrowserHijacking,BrowserHijacking
BrowserHijacking,DictionaryBruteForce
BrowserHijacking,BrowserHijacking
BrowserHijacking,MITM-ArpSpoofing
BrowserHijacking,BrowserHijacking
BrowserHijacking,XSS
BrowserHijacking,BenignTraffic
BrowserHijacking,VulnerabilityScan
BrowserHijacking,BrowserHijacking
BrowserHijacking,XSS
BrowserHijacking,BrowserHijacking
BrowserHijacking,BenignTraffic
BrowserHijacking,BrowserHijacking
BrowserHijacking,Recon-HostDiscovery
BrowserHijacking,VulnerabilityScan
BrowserHijacking,BrowserHijacking
BrowserHijacking,BrowserHijacking
BrowserHijacking,MITM-ArpSpoofing
BrowserHijacking,BrowserHijacking
BrowserHijacking,BrowserHijacking
BrowserHijacking,Recon-HostDiscovery
BrowserHijacking,BrowserHijacking
BrowserHijacking,BrowserHijacking
BrowserHijacking,VulnerabilityScan
BrowserHijacking,BenignTraffic
BrowserHijacking,BrowserHijacking
BrowserHijacking,BrowserHijacking
BrowserHijacking,MITM-ArpSpoofing
BrowserHijacking,Recon-PingSweep
BrowserHijacking,BrowserHijacking
BrowserHijacking,Backdoor_Malware
BrowserHijacking,MITM-ArpSpoofing
BrowserHijacking,BrowserHijacking
BrowserHijacking,VulnerabilityScan
BrowserHijacking,VulnerabilityScan
BrowserHijacking,Uploading_Attack
BrowserHijacking,Uploading_Attack
BrowserHijacking,Recon-HostDiscovery
BrowserHijacking,BrowserHijacking
BrowserHijacking,BrowserHijacking
BrowserHijacking,BrowserHijacking
BrowserHijacking,BrowserHijacking
BrowserHijacking,Recon-PingSweep
BrowserHijacking,BrowserHijacking
BrowserHijacking,DictionaryBruteForce
BrowserHijacking,Backdoor_Malware
BrowserHijacking,BrowserHijacking
BrowserHijacking,XSS
BrowserHijacking,BrowserHijacking
BrowserHijacking,BrowserHijacking
BrowserHijacking,BrowserHijacking
BrowserHijacking,XSS
BrowserHijacking,BrowserHijacking
BrowserHijacking,Backdoor_Malware
BrowserHijacking,DictionaryBruteForce
BrowserHijacking,XSS
BrowserHijacking,BrowserHijacking
BrowserHijacking,BrowserHijacking
BrowserHijacking,BrowserHijacking
BrowserHijacking,VulnerabilityScan
BrowserHijacking,SqlInjection
BrowserHijacking,BrowserHijacking
BrowserHijacking,Backdoor_Malware
BrowserHijacking,XSS
BrowserHijacking,MITM-ArpSpoofing
BrowserHijacking,Recon-PortScan
BrowserHijacking,BrowserHijacking
BrowserHijacking,Backdoor_Malware
BrowserHijacking,BrowserHijacking
BrowserHijacking,BenignTraffic
BrowserHijacking,SqlInjection
BrowserHijacking,Backdoor_Malware
BrowserHijacking,BrowserHijacking
BrowserHijacking,BrowserHijacking
BrowserHijacking,MITM-ArpSpoofing
BrowserHijacking,Backdoor_Malware
BrowserHijacking,BrowserHijacking
BrowserHijacking,BrowserHijacking
BrowserHijacking,XSS
BrowserHijacking,BenignTraffic
BrowserHijacking,BrowserHijacking
BrowserHijacking,BrowserHijacking
BrowserHijacking,Recon-HostDiscovery
BrowserHijacking,VulnerabilityScan
BrowserHijacking,Recon-HostDiscovery
BrowserHijacking,BrowserHijacking
BrowserHijacking,XSS
BrowserHijacking,BrowserHijacking
BrowserHijacking,BrowserHijacking
BrowserHijacking,Recon-PingSweep
BrowserHijacking,BrowserHijacking
BrowserHijacking,BrowserHijacking
BrowserHijacking,BrowserHijacking
BrowserHijacking,BenignTraffic
BrowserHijacking,BenignTraffic
BrowserHijacking,BrowserHijacking
BrowserHijacking,Backdoor_Malware
BrowserHijacking,BrowserHijacking
BrowserHijacking,Recon-PingSweep
BrowserHijacking,XSS
BrowserHijacking,BrowserHijacking
BrowserHijacking,BrowserHijacking
BrowserHijacking,BrowserHijacking
BrowserHijacking,VulnerabilityScan
BrowserHijacking,Recon-PingSweep
BrowserHijacking,BrowserHijacking
BrowserHijacking,BrowserHijacking
BrowserHijacking,DictionaryBruteForce
BrowserHijacking,BrowserHijacking
BrowserHijacking,BrowserHijacking
BrowserHijacking,BrowserHijacking
BrowserHijacking,SqlInjection
BrowserHijacking,BenignTraffic
BrowserHijacking,BrowserHijacking
BrowserHijacking,CommandInjection
BrowserHijacking,BrowserHijacking
BrowserHijacking,Recon-HostDiscovery
BrowserHijacking,VulnerabilityScan
BrowserHijacking,BrowserHijacking
BrowserHijacking,DictionaryBruteForce
BrowserHijacking,BenignTraffic
BrowserHijacking,BrowserHijacking
BrowserHijacking,BrowserHijacking
BrowserHijacking,VulnerabilityScan
BrowserHijacking,BrowserHijacking
BrowserHijacking,BenignTraffic
BrowserHijacking,Backdoor_Malware
BrowserHijacking,BrowserHijacking
BrowserHijacking,BrowserHijacking
BrowserHijacking,BenignTraffic
BrowserHijacking,CommandInjection
BrowserHijacking,Recon-PortScan
BrowserHijacking,Recon-HostDiscovery
BrowserHijacking,BenignTraffic
BrowserHijacking,BrowserHijacking
BrowserHijacking,BrowserHijacking
BrowserHijacking,BenignTraffic
BrowserHijacking,BrowserHijacking
BrowserHijacking,Backdoor_Malware
BrowserHijacking,Uploading_Attack
BrowserHijacking,BrowserHijacking
BrowserHijacking,BrowserHijacking
BrowserHijacking,BrowserHijacking
BrowserHijacking,BrowserHijacking
BrowserHijacking,BrowserHijacking
BrowserHijacking,Recon-PortScan
BrowserHijacking,BrowserHijacking
BrowserHijacking,BrowserHijacking
BrowserHijacking,XSS
BrowserHijacking,BrowserHijacking
BrowserHijacking,BrowserHijacking
BrowserHijacking,Recon-HostDiscovery
BrowserHijacking,BrowserHijacking
BrowserHijacking,XSS
BrowserHijacking,BrowserHijacking
BrowserHijacking,BrowserHijacking
BrowserHijacking,BrowserHijacking
BrowserHijacking,BrowserHijacking
BrowserHijacking,XSS
BrowserHijacking,VulnerabilityScan
BrowserHijacking,BrowserHijacking
CommandInjection,CommandInjection
CommandInjection,XSS
CommandInjection,Recon-OSScan
CommandInjection,CommandInjection
CommandInjection,Backdoor_Malware
CommandInjection,Recon-PingSweep
CommandInjection,SqlInjection
CommandInjection,BrowserHijacking
CommandInjection,Backdoor_Malware
CommandInjection,SqlInjection
CommandInjection,CommandInjection
CommandInjection,CommandInjection
CommandInjection,XSS
CommandInjection,CommandInjection
CommandInjection,CommandInjection
CommandInjection,CommandInjection
CommandInjection,SqlInjection
CommandInjection,SqlInjection
CommandInjection,Uploading_Attack
CommandInjection,XSS
CommandInjection,CommandInjection
CommandInjection,BenignTraffic
CommandInjection,Uploading_Attack
CommandInjection,Backdoor_Malware
CommandInjection,DictionaryBruteForce
CommandInjection,DictionaryBruteForce
CommandInjection,BrowserHijacking
CommandInjection,Recon-OSScan
CommandInjection,CommandInjection
CommandInjection,CommandInjection
CommandInjection,CommandInjection
CommandInjection,SqlInjection
CommandInjection,XSS
CommandInjection,XSS
CommandInjection,XSS
CommandInjection,XSS
CommandInjection,Uploading_Attack
CommandInjection,SqlInjection
CommandInjection,XSS
CommandInjection,DictionaryBruteForce
CommandInjection,XSS
CommandInjection,XSS
CommandInjection,CommandInjection
CommandInjection,CommandInjection
CommandInjection,XSS
CommandInjection,Backdoor_Malware
CommandInjection,XSS
CommandInjection,Uploading_Attack
CommandInjection,CommandInjection
CommandInjection,XSS
CommandInjection,XSS
CommandInjection,CommandInjection
CommandInjection,BrowserHijacking
CommandInjection,XSS
CommandInjection,CommandInjection
CommandInjection,Backdoor_Malware
CommandInjection,CommandInjection
CommandInjection,XSS
CommandInjection,CommandInjection
CommandInjection,Uploading_Attack
CommandInjection,Uploading_Attack
CommandInjection,Backdoor_Malware
CommandInjection,CommandInjection
CommandInjection,Uploading_Attack
CommandInjection,XSS
CommandInjection,DictionaryBruteForce
CommandInjection,XSS
CommandInjection,CommandInjection
CommandInjection,XSS
CommandInjection,Backdoor_Malware
CommandInjection,Uploading_Attack
CommandInjection,XSS
CommandInjection,Recon-PingSweep
CommandInjection,Uploading_Attack
CommandInjection,Recon-HostDiscovery
CommandInjection,MITM-ArpSpoofing
CommandInjection,Recon-PingSweep
CommandInjection,XSS
CommandInjection,XSS
CommandInjection,VulnerabilityScan
CommandInjection,CommandInjection
CommandInjection,CommandInjection
CommandInjection,Backdoor_Malware
CommandInjection,Backdoor_Malware
CommandInjection,XSS
CommandInjection,CommandInjection
CommandInjection,XSS
CommandInjection,CommandInjection
CommandInjection,XSS
CommandInjection,CommandInjection
CommandInjection,XSS
CommandInjection,BrowserHijacking
CommandInjection,BenignTraffic
CommandInjection,Uploading_Attack
CommandInjection,SqlInjection
CommandInjection,Uploading_Attack
CommandInjection,CommandInjection
CommandInjection,XSS
CommandInjection,XSS
CommandInjection,BenignTraffic
CommandInjection,XSS
CommandInjection,CommandInjection
CommandInjection,CommandInjection
CommandInjection,XSS
CommandInjection,XSS
CommandInjection,CommandInjection
CommandInjection,XSS
CommandInjection,XSS
CommandInjection,XSS
CommandInjection,CommandInjection
CommandInjection,CommandInjection
CommandInjection,CommandInjection
CommandInjection,CommandInjection
CommandInjection,CommandInjection
CommandInjection,CommandInjection
CommandInjection,XSS
CommandInjection,Recon-PingSweep
CommandInjection,CommandInjection
CommandInjection,CommandInjection
CommandInjection,CommandInjection
CommandInjection,CommandInjection
CommandInjection,CommandInjection
CommandInjection,Backdoor_Malware
CommandInjection,CommandInjection
CommandInjection,XSS
CommandInjection,Uploading_Attack
CommandInjection,XSS
CommandInjection,XSS
CommandInjection,Backdoor_Malware
CommandInjection,XSS
CommandInjection,Uploading_Attack
CommandInjection,CommandInjection
CommandInjection,BrowserHijacking
CommandInjection,Backdoor_Malware
CommandInjection,Uploading_Attack
CommandInjection,XSS
CommandInjection,Backdoor_Malware
CommandInjection,XSS
CommandInjection,Uploading_Attack
CommandInjection,XSS
CommandInjection,DictionaryBruteForce
CommandInjection,XSS
CommandInjection,CommandInjection
CommandInjection,Backdoor_Malware
CommandInjection,XSS
CommandInjection,Recon-HostDiscovery
CommandInjection,XSS
CommandInjection,VulnerabilityScan
CommandInjection,CommandInjection
CommandInjection,CommandInjection
CommandInjection,CommandInjection
CommandInjection,BenignTraffic
CommandInjection,Backdoor_Malware
CommandInjection,XSS
CommandInjection,Uploading_Attack
CommandInjection,SqlInjection
CommandInjection,CommandInjection
CommandInjection,XSS
CommandInjection,XSS
CommandInjection,XSS
CommandInjection,Uploading_Attack
CommandInjection,Backdoor_Malware
CommandInjection,Recon-PingSweep
CommandInjection,Recon-PingSweep
CommandInjection,XSS
CommandInjection,XSS
CommandInjection,MITM-ArpSpoofing
CommandInjection,Backdoor_Malware
CommandInjection,CommandInjection
CommandInjection,XSS
CommandInjection,CommandInjection
CommandInjection,CommandInjection
CommandInjection,Recon-PingSweep
CommandInjection,CommandInjection
CommandInjection,CommandInjection
CommandInjection,CommandInjection
CommandInjection,VulnerabilityScan
CommandInjection,Recon-HostDiscovery
CommandInjection,Backdoor_Malware
CommandInjection,CommandInjection
CommandInjection,Backdoor_Malware
CommandInjection,XSS
CommandInjection,BrowserHijacking
CommandInjection,CommandInjection
CommandInjection,Uploading_Attack
CommandInjection,XSS
CommandInjection,BenignTraffic
CommandInjection,Backdoor_Malware
CommandInjection,CommandInjection
CommandInjection,CommandInjection
CommandInjection,XSS
CommandInjection,CommandInjection
CommandInjection,XSS
CommandInjection,XSS
CommandInjection,CommandInjection
CommandInjection,XSS
CommandInjection,BrowserHijacking
CommandInjection,CommandInjection
CommandInjection,CommandInjection
CommandInjection,CommandInjection
CommandInjection,Backdoor_Malware
CommandInjection,SqlInjection
CommandInjection,Backdoor_Malware
CommandInjection,Backdoor_Malware
CommandInjection,Backdoor_Malware
CommandInjection,Recon-PingSweep
CommandInjection,VulnerabilityScan
CommandInjection,XSS
CommandInjection,BenignTraffic
CommandInjection,XSS
CommandInjection,VulnerabilityScan
CommandInjection,CommandInjection
CommandInjection,Recon-PortScan
CommandInjection,XSS
CommandInjection,XSS
CommandInjection,XSS
CommandInjection,XSS
CommandInjection,Backdoor_Malware
CommandInjection,BrowserHijacking
CommandInjection,XSS
CommandInjection,Uploading_Attack
CommandInjection,BenignTraffic
CommandInjection,CommandInjection
CommandInjection,SqlInjection
CommandInjection,Backdoor_Malware
CommandInjection,Uploading_Attack
CommandInjection,XSS
CommandInjection,Backdoor_Malware
CommandInjection,Backdoor_Malware
CommandInjection,Recon-HostDiscovery
CommandInjection,CommandInjection
CommandInjection,CommandInjection
CommandInjection,BenignTraffic
CommandInjection,SqlInjection
CommandInjection,SqlInjection
CommandInjection,Backdoor_Malware
CommandInjection,XSS
CommandInjection,XSS
CommandInjection,Uploading_Attack
CommandInjection,XSS
CommandInjection,CommandInjection
CommandInjection,Backdoor_Malware
CommandInjection,CommandInjection
CommandInjection,Recon-PingSweep
CommandInjection,Backdoor_Malware
CommandInjection,Backdoor_Malware
CommandInjection,Recon-HostDiscovery
CommandInjection,CommandInjection
CommandInjection,XSS
CommandInjection,CommandInjection
CommandInjection,Backdoor_Malware
CommandInjection,BenignTraffic
CommandInjection,SqlInjection
CommandInjection,Recon-PingSweep
CommandInjection,Recon-PingSweep
CommandInjection,CommandInjection
CommandInjection,XSS
CommandInjection,XSS
CommandInjection,Backdoor_Malware
CommandInjection,CommandInjection
CommandInjection,Recon-PingSweep
CommandInjection,Backdoor_Malware
CommandInjection,CommandInjection
CommandInjection,Recon-PingSweep
CommandInjection,Uploading_Attack
CommandInjection,Recon-HostDiscovery
CommandInjection,CommandInjection
CommandInjection,XSS
CommandInjection,CommandInjection
CommandInjection,SqlInjection
CommandInjection,CommandInjection
CommandInjection,CommandInjection
CommandInjection,Backdoor_Malware
CommandInjection,XSS
CommandInjection,CommandInjection
CommandInjection,Recon-PingSweep
CommandInjection,Uploading_Attack
CommandInjection,CommandInjection
CommandInjection,CommandInjection
CommandInjection,Backdoor_Malware
CommandInjection,XSS
CommandInjection,Backdoor_Malware
CommandInjection,CommandInjection
CommandInjection,SqlInjection
CommandInjection,DictionaryBruteForce
CommandInjection,CommandInjection
CommandInjection,XSS
CommandInjection,CommandInjection
CommandInjection,Backdoor_Malware
CommandInjection,XSS
CommandInjection,XSS
CommandInjection,XSS
CommandInjection,Backdoor_Malware
CommandInjection,XSS
CommandInjection,CommandInjection
CommandInjection,XSS
CommandInjection,CommandInjection
CommandInjection,CommandInjection
CommandInjection,CommandInjection
CommandInjection,XSS
CommandInjection,CommandInjection
CommandInjection,XSS
CommandInjection,VulnerabilityScan
CommandInjection,XSS
CommandInjection,BrowserHijacking
CommandInjection,Backdoor_Malware
CommandInjection,XSS
CommandInjection,Uploading_Attack
CommandInjection,CommandInjection
CommandInjection,XSS
CommandInjection,XSS
CommandInjection,CommandInjection
CommandInjection,CommandInjection
CommandInjection,XSS
CommandInjection,XSS
CommandInjection,Backdoor_Malware
CommandInjection,XSS
CommandInjection,Uploading_Attack
CommandInjection,CommandInjection
CommandInjection,CommandInjection
CommandInjection,SqlInjection
CommandInjection,XSS
CommandInjection,CommandInjection
CommandInjection,SqlInjection
CommandInjection,Recon-HostDiscovery
CommandInjection,BenignTraffic
CommandInjection,SqlInjection
CommandInjection,Backdoor_Malware
CommandInjection,Recon-PingSweep
CommandInjection,XSS
CommandInjection,CommandInjection
CommandInjection,XSS
CommandInjection,CommandInjection
CommandInjection,XSS
CommandInjection,XSS
CommandInjection,CommandInjection
CommandInjection,CommandInjection
CommandInjection,CommandInjection
CommandInjection,CommandInjection
CommandInjection,XSS
CommandInjection,SqlInjection
CommandInjection,CommandInjection
CommandInjection,XSS
CommandInjection,DictionaryBruteForce
CommandInjection,VulnerabilityScan
CommandInjection,DictionaryBruteForce
CommandInjection,XSS
CommandInjection,Recon-HostDiscovery
CommandInjection,CommandInjection
CommandInjection,CommandInjection
CommandInjection,Uploading_Attack
CommandInjection,Backdoor_Malware
CommandInjection,BenignTraffic
CommandInjection,Backdoor_Malware
CommandInjection,XSS
CommandInjection,CommandInjection
CommandInjection,XSS
CommandInjection,CommandInjection
CommandInjection,Recon-PingSweep
CommandInjection,VulnerabilityScan
CommandInjection,XSS
CommandInjection,Backdoor_Malware
CommandInjection,CommandInjection
CommandInjection,CommandInjection
CommandInjection,Recon-HostDiscovery
CommandInjection,CommandInjection
CommandInjection,CommandInjection
CommandInjection,Recon-PingSweep
CommandInjection,Backdoor_Malware
CommandInjection,XSS
CommandInjection,Backdoor_Malware
CommandInjection,Uploading_Attack
CommandInjection,Recon-PortScan
CommandInjection,Uploading_Attack
CommandInjection,CommandInjection
CommandInjection,Uploading_Attack
CommandInjection,SqlInjection
CommandInjection,XSS
CommandInjection,DictionaryBruteForce
CommandInjection,BenignTraffic
CommandInjection,BenignTraffic
CommandInjection,Backdoor_Malware
CommandInjection,Recon-HostDiscovery
CommandInjection,Backdoor_Malware
CommandInjection,BenignTraffic
CommandInjection,Recon-HostDiscovery
CommandInjection,CommandInjection
CommandInjection,XSS
CommandInjection,CommandInjection
CommandInjection,SqlInjection
CommandInjection,XSS
CommandInjection,SqlInjection
CommandInjection,VulnerabilityScan
CommandInjection,CommandInjection
CommandInjection,BrowserHijacking
CommandInjection,CommandInjection
CommandInjection,XSS
CommandInjection,CommandInjection
CommandInjection,CommandInjection
CommandInjection,XSS
Recon-PingSweep,VulnerabilityScan
Recon-PingSweep,SqlInjection
Recon-PingSweep,Recon-PingSweep
Recon-PingSweep,Recon-PingSweep
Recon-PingSweep,BenignTraffic
Recon-PingSweep,Recon-OSScan
Recon-PingSweep,Recon-PingSweep
Recon-PingSweep,BenignTraffic
Recon-PingSweep,SqlInjection
Recon-PingSweep,Recon-PingSweep
Recon-PingSweep,BenignTraffic
Recon-PingSweep,BenignTraffic
Recon-PingSweep,VulnerabilityScan
Recon-PingSweep,Recon-OSScan
Recon-PingSweep,SqlInjection
Recon-PingSweep,XSS
Recon-PingSweep,Recon-PingSweep
Recon-PingSweep,SqlInjection
Recon-PingSweep,BenignTraffic
Recon-PingSweep,Recon-PingSweep
Recon-PingSweep,BenignTraffic
Recon-PingSweep,BenignTraffic
Recon-PingSweep,XSS
Recon-PingSweep,BrowserHijacking
Recon-PingSweep,BenignTraffic
Recon-PingSweep,BenignTraffic
Recon-PingSweep,Recon-PingSweep
Recon-PingSweep,VulnerabilityScan
Recon-PingSweep,Recon-PingSweep
Recon-PingSweep,Recon-PingSweep
Recon-PingSweep,XSS
Recon-PingSweep,BenignTraffic
Recon-PingSweep,Recon-PingSweep
Recon-PingSweep,Backdoor_Malware
Recon-PingSweep,Recon-PingSweep
Recon-PingSweep,VulnerabilityScan
Recon-PingSweep,Recon-PingSweep
Recon-PingSweep,Recon-PortScan
Recon-PingSweep,VulnerabilityScan
Recon-PingSweep,SqlInjection
Recon-PingSweep,Recon-PingSweep
Recon-PingSweep,Recon-PingSweep
Recon-PingSweep,Recon-PingSweep
Recon-PingSweep,SqlInjection
Recon-PingSweep,Recon-PingSweep
Recon-PingSweep,CommandInjection
Recon-PingSweep,Recon-PingSweep
Recon-PingSweep,BrowserHijacking
Recon-PingSweep,Recon-PingSweep
Recon-PingSweep,DictionaryBruteForce
Recon-PingSweep,XSS
Recon-PingSweep,Recon-PingSweep
Recon-PingSweep,Recon-PortScan
Recon-PingSweep,Recon-PingSweep
Recon-PingSweep,Recon-PingSweep
Recon-PingSweep,BenignTraffic
Recon-PingSweep,SqlInjection
Recon-PingSweep,XSS
Recon-PingSweep,SqlInjection
Recon-PingSweep,BrowserHijacking
Recon-PingSweep,SqlInjection
Recon-PingSweep,VulnerabilityScan
Recon-PingSweep,Recon-PingSweep
Recon-PingSweep,BenignTraffic
Recon-PingSweep,Recon-PingSweep
Recon-PingSweep,Recon-PingSweep
Recon-PingSweep,VulnerabilityScan
Recon-PingSweep,Recon-OSScan
Recon-PingSweep,BrowserHijacking
Recon-PingSweep,Recon-PingSweep
Recon-PingSweep,VulnerabilityScan
Recon-PingSweep,SqlInjection
Recon-PingSweep,SqlInjection
Recon-PingSweep,VulnerabilityScan
Recon-PingSweep,DictionaryBruteForce
Recon-PingSweep,VulnerabilityScan
Recon-PingSweep,DictionaryBruteForce
Recon-PingSweep,Recon-PingSweep
Recon-PingSweep,Recon-PingSweep
Recon-PingSweep,Recon-PingSweep
Recon-PingSweep,Recon-PingSweep
Recon-PingSweep,Recon-PingSweep
Recon-PingSweep,Recon-PingSweep
Recon-PingSweep,XSS
Recon-PingSweep,Recon-PingSweep
Recon-PingSweep,BenignTraffic
Recon-PingSweep,Recon-PingSweep
Recon-PingSweep,Recon-PingSweep
Recon-PingSweep,SqlInjection
Recon-PingSweep,Recon-OSScan
Recon-PingSweep,Recon-OSScan
Recon-PingSweep,Recon-PingSweep
Recon-PingSweep,Recon-PingSweep
Recon-PingSweep,Recon-PortScan
Recon-PingSweep,VulnerabilityScan
Recon-PingSweep,Recon-PingSweep
DDoS-SYN_Flood,DDoS-SynonymousIP_Flood
DDoS-SYN_Flood,DDoS-SYN_Flood
DDoS-SYN_Flood,DDoS-SYN_Flood
DDoS-SYN_Flood,DDoS-SYN_Flood
DDoS-SYN_Flood,DDoS-SYN_Flood
DDoS-SYN_Flood,DDoS-SYN_Flood
DDoS-SYN_Flood,DDoS-SYN_Flood
DDoS-SYN_Flood,DoS-SYN_Flood
DDoS-SYN_Flood,DDoS-SynonymousIP_Flood
DDoS-SYN_Flood,DDoS-SynonymousIP_Flood
DDoS-SYN_Flood,DDoS-SYN_Flood
DDoS-SYN_Flood,DDoS-SynonymousIP_Flood
DDoS-SYN_Flood,DDoS-SynonymousIP_Flood
DDoS-SYN_Flood,DDoS-SYN_Flood
DDoS-SYN_Flood,DDoS-SYN_Flood
DDoS-SYN_Flood,DDoS-SynonymousIP_Flood
DDoS-SYN_Flood,DDoS-SynonymousIP_Flood
DDoS-SYN_Flood,DDoS-SYN_Flood
DDoS-SYN_Flood,DDoS-SYN_Flood
DDoS-SYN_Flood,DDoS-SYN_Flood
DDoS-SYN_Flood,DDoS-SynonymousIP_Flood
DDoS-SYN_Flood,DDoS-SynonymousIP_Flood
DDoS-SYN_Flood,DDoS-SYN_Flood
DDoS-SYN_Flood,DDoS-SYN_Flood
DDoS-SYN_Flood,DDoS-SynonymousIP_Flood
DDoS-SYN_Flood,DDoS-SynonymousIP_Flood
DDoS-SYN_Flood,DDoS-SYN_Flood
DDoS-SYN_Flood,DDoS-SynonymousIP_Flood
DDoS-SYN_Flood,DoS-SYN_Flood
DDoS-SYN_Flood,DDoS-SYN_Flood
DDoS-SYN_Flood,DDoS-SynonymousIP_Flood
DDoS-SYN_Flood,DDoS-SYN_Flood
DDoS-SYN_Flood,DDoS-SynonymousIP_Flood
DDoS-SYN_Flood,DDoS-SYN_Flood
DDoS-SYN_Flood,DDoS-SYN_Flood
DDoS-SYN_Flood,DDoS-SYN_Flood
DDoS-SYN_Flood,DDoS-SynonymousIP_Flood
DDoS-SYN_Flood,DDoS-SynonymousIP_Flood
DDoS-SYN_Flood,DDoS-SYN_Flood
DDoS-SYN_Flood,DDoS-SynonymousIP_Flood
DDoS-SYN_Flood,DDoS-SYN_Flood
DDoS-SYN_Flood,DDoS-SYN_Flood
DDoS-SYN_Flood,DDoS-SYN_Flood
DDoS-SYN_Flood,DDoS-SYN_Flood
DDoS-SYN_Flood,DDoS-SYN_Flood
DDoS-SYN_Flood,DDoS-SYN_Flood
DDoS-SYN_Flood,DDoS-SynonymousIP_Flood
DDoS-SYN_Flood,DDoS-SYN_Flood
DDoS-SYN_Flood,DDoS-SYN_Flood
DDoS-SYN_Flood,DDoS-SYN_Flood
DDoS-SYN_Flood,DDoS-SYN_Flood
DDoS-SYN_Flood,DDoS-SYN_Flood
DDoS-SYN_Flood,DDoS-SYN_Flood
DDoS-SYN_Flood,DoS-SYN_Flood
DDoS-SYN_Flood,DDoS-SynonymousIP_Flood
DDoS-SYN_Flood,DDoS-SYN_Flood
DDoS-SYN_Flood,DDoS-SYN_Flood
DDoS-SYN_Flood,DDoS-SYN_Flood
DDoS-SYN_Flood,DDoS-SYN_Flood
DDoS-SYN_Flood,DDoS-SynonymousIP_Flood
DDoS-SYN_Flood,DDoS-SYN_Flood
DDoS-SYN_Flood,DDoS-SynonymousIP_Flood
DDoS-SYN_Flood,DDoS-SYN_Flood
DDoS-SYN_Flood,DDoS-SYN_Flood
DDoS-SYN_Flood,DDoS-SYN_Flood
DDoS-SYN_Flood,DDoS-SYN_Flood
DDoS-SYN_Flood,DDoS-SYN_Flood
DDoS-SYN_Flood,DDoS-SynonymousIP_Flood
DDoS-SYN_Flood,DDoS-SYN_Flood
DDoS-SYN_Flood,DDoS-SynonymousIP_Flood
DDoS-SYN_Flood,DDoS-SYN_Flood
DDoS-SYN_Flood,DDoS-SynonymousIP_Flood
DDoS-SYN_Flood,DDoS-SYN_Flood
DDoS-SYN_Flood,DDoS-SynonymousIP_Flood
DDoS-SYN_Flood,DDoS-SynonymousIP_Flood
DDoS-SYN_Flood,DDoS-SYN_Flood
DDoS-SYN_Flood,DDoS-SYN_Flood
DDoS-SYN_Flood,DDoS-SynonymousIP_Flood
DDoS-SYN_Flood,DDoS-SynonymousIP_Flood
DDoS-SYN_Flood,DDoS-SYN_Flood
DDoS-SYN_Flood,DDoS-SYN_Flood
DDoS-SYN_Flood,DDoS-SYN_Flood
DDoS-SYN_Flood,DDoS-SYN_Flood
DDoS-SYN_Flood,DDoS-SynonymousIP_Flood
DDoS-SYN_Flood,DDoS-SynonymousIP_Flood
DDoS-SYN_Flood,DDoS-SYN_Flood
DDoS-SYN_Flood,DDoS-SYN_Flood
DDoS-SYN_Flood,DDoS-SynonymousIP_Flood
DDoS-SYN_Flood,DDoS-SynonymousIP_Flood
DDoS-SYN_Flood,DDoS-SynonymousIP_Flood
DDoS-SYN_Flood,DDoS-SYN_Flood
DDoS-SYN_Flood,DoS-SYN_Flood
DDoS-SYN_Flood,DDoS-SynonymousIP_Flood
DDoS-SYN_Flood,DDoS-SYN_Flood
DDoS-SYN_Flood,DDoS-SYN_Flood
DDoS-SYN_Flood,DDoS-SYN_Flood
DDoS-SYN_Flood,DDoS-SynonymousIP_Flood
DDoS-SYN_Flood,DDoS-SYN_Flood
DDoS-SYN_Flood,DDoS-SynonymousIP_Flood
DDoS-SYN_Flood,DDoS-SynonymousIP_Flood
DDoS-SYN_Flood,DDoS-SYN_Flood
DDoS-SYN_Flood,DDoS-SYN_Flood
DDoS-SYN_Flood,DDoS-SYN_Flood
DDoS-SYN_Flood,DDoS-SYN_Flood
DDoS-SYN_Flood,DDoS-SynonymousIP_Flood
DDoS-SYN_Flood,DDoS-SYN_Flood
DDoS-SYN_Flood,DDoS-SYN_Flood
DDoS-SYN_Flood,DoS-SYN_Flood
DDoS-SYN_Flood,DDoS-SynonymousIP_Flood
DDoS-SYN_Flood,DDoS-SYN_Flood
DDoS-SYN_Flood,DDoS-SynonymousIP_Flood
DDoS-SYN_Flood,DDoS-SYN_Flood
DDoS-SYN_Flood,DoS-SYN_Flood
DDoS-SYN_Flood,DDoS-SynonymousIP_Flood
DDoS-SYN_Flood,DDoS-SynonymousIP_Flood
DDoS-SYN_Flood,DDoS-SYN_Flood
DDoS-SYN_Flood,DoS-SYN_Flood
DDoS-SYN_Flood,DDoS-SYN_Flood
DDoS-SYN_Flood,DDoS-SynonymousIP_Flood
DDoS-SYN_Flood,DDoS-SYN_Flood
DDoS-SYN_Flood,DDoS-SYN_Flood
DDoS-SYN_Flood,DDoS-SynonymousIP_Flood
DDoS-SYN_Flood,DDoS-SynonymousIP_Flood
DDoS-SYN_Flood,DDoS-SYN_Flood
DDoS-SYN_Flood,DDoS-SYN_Flood
DDoS-SYN_Flood,DoS-SYN_Flood
DDoS-SYN_Flood,DDoS-SYN_Flood
DDoS-SYN_Flood,DDoS-SynonymousIP_Flood
DDoS-SYN_Flood,DDoS-SynonymousIP_Flood
DDoS-SYN_Flood,DoS-SYN_Flood
DDoS-SYN_Flood,DDoS-SynonymousIP_Flood
DDoS-SYN_Flood,DDoS-SYN_Flood
DDoS-SYN_Flood,DDoS-SYN_Flood
DDoS-SYN_Flood,DDoS-SYN_Flood
DDoS-SYN_Flood,DDoS-SYN_Flood
DDoS-SYN_Flood,DDoS-SynonymousIP_Flood
DDoS-SYN_Flood,DDoS-SynonymousIP_Flood
DDoS-SYN_Flood,DDoS-SynonymousIP_Flood
DDoS-SYN_Flood,DDoS-SYN_Flood
DDoS-SYN_Flood,DDoS-SYN_Flood
DDoS-SYN_Flood,DDoS-SYN_Flood
DDoS-SYN_Flood,DDoS-SYN_Flood
DDoS-SYN_Flood,DDoS-SYN_Flood
DDoS-SYN_Flood,DDoS-SYN_Flood
DDoS-SYN_Flood,DDoS-SynonymousIP_Flood
DDoS-SYN_Flood,DDoS-SynonymousIP_Flood
DDoS-SYN_Flood,DDoS-SYN_Flood
DDoS-SYN_Flood,DDoS-SYN_Flood
DDoS-SYN_Flood,DDoS-SYN_Flood
DDoS-SYN_Flood,DDoS-SynonymousIP_Flood
DDoS-SYN_Flood,DDoS-SYN_Flood
DDoS-SYN_Flood,DDoS-SynonymousIP_Flood
DDoS-SYN_Flood,DDoS-SYN_Flood
DDoS-SYN_Flood,DDoS-SYN_Flood
DDoS-SYN_Flood,DDoS-SYN_Flood
DDoS-SYN_Flood,DoS-SYN_Flood
DDoS-SYN_Flood,DDoS-SYN_Flood
DDoS-SYN_Flood,DDoS-SYN_Flood
DDoS-SYN_Flood,DDoS-SYN_Flood
DDoS-SYN_Flood,DDoS-SYN_Flood
DDoS-SYN_Flood,DDoS-SYN_Flood
DDoS-SYN_Flood,DDoS-SynonymousIP_Flood
DDoS-SYN_Flood,DDoS-SYN_Flood
DDoS-SYN_Flood,DDoS-SYN_Flood
DDoS-SYN_Flood,DDoS-SynonymousIP_Flood
DDoS-SYN_Flood,DDoS-SYN_Flood
DDoS-SYN_Flood,DDoS-SYN_Flood
DDoS-SYN_Flood,DDoS-SynonymousIP_Flood
DDoS-SYN_Flood,DDoS-SYN_Flood
DDoS-SYN_Flood,DDoS-SYN_Flood
DDoS-SYN_Flood,DDoS-SynonymousIP_Flood
DDoS-SYN_Flood,DDoS-SynonymousIP_Flood
DDoS-SYN_Flood,DDoS-SYN_Flood
DDoS-SYN_Flood,DDoS-SYN_Flood
DDoS-SYN_Flood,DDoS-SYN_Flood
DDoS-SYN_Flood,DDoS-SynonymousIP_Flood
DDoS-SYN_Flood,DDoS-SYN_Flood
DDoS-SYN_Flood,DDoS-SynonymousIP_Flood
DDoS-SYN_Flood,DDoS-SYN_Flood
DDoS-SYN_Flood,DDoS-SynonymousIP_Flood
DDoS-SYN_Flood,DDoS-SynonymousIP_Flood
DDoS-SYN_Flood,DDoS-SynonymousIP_Flood
DDoS-SYN_Flood,DoS-SYN_Flood
DDoS-SYN_Flood,DDoS-SYN_Flood
DDoS-SYN_Flood,DDoS-SYN_Flood
DDoS-SYN_Flood,DDoS-SYN_Flood
DDoS-SYN_Flood,DDoS-SYN_Flood
DDoS-SYN_Flood,DDoS-SynonymousIP_Flood
DDoS-SYN_Flood,DoS-SYN_Flood
DDoS-SYN_Flood,DDoS-SynonymousIP_Flood
DDoS-SYN_Flood,DDoS-SynonymousIP_Flood
DDoS-SYN_Flood,DDoS-SynonymousIP_Flood
DDoS-SYN_Flood,DoS-SYN_Flood
DDoS-SYN_Flood,DDoS-SynonymousIP_Flood
DDoS-SYN_Flood,DDoS-SynonymousIP_Flood
DDoS-SYN_Flood,DDoS-SYN_Flood
DDoS-SYN_Flood,DDoS-SynonymousIP_Flood
DDoS-SYN_Flood,DDoS-SYN_Flood
DDoS-SYN_Flood,DDoS-SYN_Flood
DDoS-SYN_Flood,DDoS-SynonymousIP_Flood
DDoS-SYN_Flood,DDoS-SYN_Flood
DDoS-SYN_Flood,DDoS-SYN_Flood
DDoS-SYN_Flood,DDoS-SYN_Flood
DDoS-SYN_Flood,DDoS-SYN_Flood
DDoS-SYN_Flood,DoS-SYN_Flood
DDoS-SYN_Flood,DDoS-SYN_Flood
DDoS-SYN_Flood,DDoS-SYN_Flood
DDoS-SYN_Flood,DDoS-SynonymousIP_Flood
DDoS-SYN_Flood,DDoS-SYN_Flood
DDoS-SYN_Flood,DDoS-SYN_Flood
DDoS-SYN_Flood,DDoS-SYN_Flood
DDoS-SYN_Flood,DDoS-SynonymousIP_Flood
DDoS-SYN_Flood,DDoS-SYN_Flood
DDoS-SYN_Flood,DDoS-SynonymousIP_Flood
DDoS-SYN_Flood,DDoS-SYN_Flood
DDoS-SYN_Flood,DDoS-SynonymousIP_Flood
DDoS-SYN_Flood,DDoS-SYN_Flood
DDoS-SYN_Flood,DDoS-SYN_Flood
DDoS-SYN_Flood,DDoS-SynonymousIP_Flood
DDoS-SYN_Flood,DDoS-SYN_Flood
DDoS-SYN_Flood,DDoS-SynonymousIP_Flood
DDoS-SYN_Flood,DDoS-SynonymousIP_Flood
DDoS-SYN_Flood,DDoS-SYN_Flood
DDoS-SYN_Flood,DDoS-SYN_Flood
DDoS-SYN_Flood,DDoS-SYN_Flood
DDoS-SYN_Flood,DDoS-SYN_Flood
DDoS-SYN_Flood,DDoS-SynonymousIP_Flood
DDoS-SYN_Flood,DDoS-SYN_Flood
DDoS-SYN_Flood,DDoS-SynonymousIP_Flood
DDoS-SYN_Flood,DDoS-SynonymousIP_Flood
DDoS-SYN_Flood,DDoS-SynonymousIP_Flood
DDoS-SYN_Flood,DDoS-SynonymousIP_Flood
DDoS-SYN_Flood,DDoS-SYN_Flood
DDoS-SYN_Flood,DDoS-SynonymousIP_Flood
DDoS-SYN_Flood,DDoS-SynonymousIP_Flood
DDoS-SYN_Flood,DDoS-SYN_Flood
DDoS-SYN_Flood,DDoS-SYN_Flood
DDoS-SYN_Flood,DDoS-SynonymousIP_Flood
DDoS-SYN_Flood,DDoS-SYN_Flood
DDoS-SYN_Flood,DDoS-SYN_Flood
DDoS-SYN_Flood,DoS-SYN_Flood
DDoS-SYN_Flood,DDoS-SYN_Flood
DDoS-SYN_Flood,DDoS-SYN_Flood
DDoS-SYN_Flood,DDoS-SynonymousIP_Flood
DDoS-SYN_Flood,DDoS-SynonymousIP_Flood
DDoS-SYN_Flood,DDoS-SYN_Flood
DDoS-SYN_Flood,DDoS-SynonymousIP_Flood
DDoS-SYN_Flood,DDoS-SynonymousIP_Flood
DDoS-SYN_Flood,DDoS-SynonymousIP_Flood
DDoS-SYN_Flood,DDoS-SYN_Flood
DDoS-SYN_Flood,DDoS-SynonymousIP_Flood
DDoS-SYN_Flood,DDoS-SYN_Flood
DDoS-SYN_Flood,DDoS-SYN_Flood
DDoS-SYN_Flood,DDoS-SynonymousIP_Flood
DDoS-SYN_Flood,DDoS-SynonymousIP_Flood
DDoS-SYN_Flood,DDoS-SynonymousIP_Flood
DDoS-SYN_Flood,DDoS-SynonymousIP_Flood
DDoS-SYN_Flood,DDoS-SYN_Flood
DDoS-SYN_Flood,DoS-SYN_Flood
DDoS-SYN_Flood,DoS-SYN_Flood
DDoS-SYN_Flood,DDoS-SynonymousIP_Flood
DDoS-SYN_Flood,DDoS-SYN_Flood
DDoS-SYN_Flood,DoS-SYN_Flood
DDoS-SYN_Flood,DDoS-SynonymousIP_Flood
DDoS-SYN_Flood,DoS-SYN_Flood
DDoS-SYN_Flood,DDoS-SYN_Flood
DDoS-SYN_Flood,DDoS-SynonymousIP_Flood
DDoS-SYN_Flood,DDoS-SYN_Flood
DDoS-SYN_Flood,DDoS-SYN_Flood
DDoS-SYN_Flood,DDoS-SYN_Flood
DDoS-SYN_Flood,DDoS-SYN_Flood
DDoS-SYN_Flood,DDoS-SynonymousIP_Flood
DDoS-SYN_Flood,DDoS-SynonymousIP_Flood
DDoS-SYN_Flood,DDoS-SYN_Flood
DDoS-SYN_Flood,DDoS-SYN_Flood
DDoS-SYN_Flood,DDoS-SYN_Flood
DDoS-SYN_Flood,DoS-SYN_Flood
DDoS-SYN_Flood,DDoS-SYN_Flood
DDoS-SYN_Flood,DDoS-SYN_Flood
DDoS-SYN_Flood,DDoS-SynonymousIP_Flood
DDoS-SYN_Flood,DDoS-SynonymousIP_Flood
DDoS-SYN_Flood,DDoS-SynonymousIP_Flood
DDoS-SYN_Flood,DDoS-SynonymousIP_Flood
DDoS-SYN_Flood,DDoS-SYN_Flood
DDoS-SYN_Flood,DDoS-SYN_Flood
DDoS-SYN_Flood,DoS-SYN_Flood
DDoS-SYN_Flood,DDoS-SYN_Flood
DDoS-SYN_Flood,DoS-SYN_Flood
DDoS-SYN_Flood,DDoS-SYN_Flood
DDoS-SYN_Flood,DDoS-SYN_Flood
DDoS-SYN_Flood,DDoS-SynonymousIP_Flood
DDoS-SYN_Flood,DDoS-SynonymousIP_Flood
DDoS-SYN_Flood,DDoS-SynonymousIP_Flood
DDoS-SYN_Flood,DDoS-SynonymousIP_Flood
DDoS-SYN_Flood,DDoS-SYN_Flood
DDoS-SYN_Flood,DDoS-SYN_Flood
DDoS-SYN_Flood,DDoS-SYN_Flood
DDoS-SYN_Flood,DoS-SYN_Flood
DDoS-SYN_Flood,DDoS-SYN_Flood
DDoS-SYN_Flood,DoS-SYN_Flood
DDoS-SYN_Flood,DDoS-SynonymousIP_Flood
DDoS-SYN_Flood,DDoS-SynonymousIP_Flood
DDoS-SYN_Flood,DDoS-SYN_Flood
DDoS-SYN_Flood,DoS-SYN_Flood
DDoS-SYN_Flood,DDoS-SYN_Flood
DDoS-SYN_Flood,DDoS-SYN_Flood
DDoS-SYN_Flood,DDoS-SynonymousIP_Flood
DDoS-SYN_Flood,DDoS-SynonymousIP_Flood
DDoS-SYN_Flood,DDoS-SynonymousIP_Flood
DDoS-SYN_Flood,DDoS-SYN_Flood
DDoS-SYN_Flood,DDoS-SYN_Flood
DDoS-SYN_Flood,DDoS-SynonymousIP_Flood
DDoS-SYN_Flood,DDoS-SYN_Flood
DDoS-SYN_Flood,DoS-SYN_Flood
DDoS-SYN_Flood,DDoS-SYN_Flood
DDoS-SYN_Flood,DDoS-SYN_Flood
DDoS-SYN_Flood,DDoS-SynonymousIP_Flood
DDoS-SYN_Flood,DDoS-SYN_Flood
DDoS-SYN_Flood,DDoS-SYN_Flood
DDoS-SYN_Flood,DDoS-SynonymousIP_Flood
DDoS-SYN_Flood,DoS-SYN_Flood
DDoS-SYN_Flood,DDoS-SynonymousIP_Flood
DDoS-SYN_Flood,DDoS-SynonymousIP_Flood
DDoS-SYN_Flood,DDoS-SynonymousIP_Flood
DDoS-SYN_Flood,DDoS-SYN_Flood
DDoS-SYN_Flood,DDoS-SynonymousIP_Flood
DDoS-SYN_Flood,DoS-SYN_Flood
DDoS-SYN_Flood,DDoS-SYN_Flood
DDoS-SYN_Flood,DDoS-SYN_Flood
DDoS-SYN_Flood,DDoS-SynonymousIP_Flood
DDoS-SYN_Flood,DDoS-SYN_Flood
DDoS-SYN_Flood,DDoS-SYN_Flood
DDoS-SYN_Flood,DDoS-SYN_Flood
DDoS-SYN_Flood,DDoS-SYN_Flood
DDoS-SYN_Flood,DDoS-SynonymousIP_Flood
DDoS-SYN_Flood,DDoS-SYN_Flood
DDoS-SYN_Flood,DDoS-SYN_Flood
DDoS-SYN_Flood,DDoS-SynonymousIP_Flood
DDoS-SYN_Flood,DDoS-SynonymousIP_Flood
DDoS-SYN_Flood,DDoS-SYN_Flood
DDoS-SYN_Flood,DDoS-SYN_Flood
DDoS-SYN_Flood,DDoS-SynonymousIP_Flood
DDoS-SYN_Flood,DDoS-SynonymousIP_Flood
DDoS-SYN_Flood,DDoS-SynonymousIP_Flood
DDoS-SYN_Flood,DDoS-SynonymousIP_Flood
DDoS-SYN_Flood,DDoS-SYN_Flood
DDoS-SYN_Flood,DDoS-SynonymousIP_Flood
DDoS-SYN_Flood,DDoS-SynonymousIP_Flood
DDoS-SYN_Flood,DDoS-SYN_Flood
DDoS-SYN_Flood,DoS-SYN_Flood
DDoS-SYN_Flood,DDoS-SynonymousIP_Flood
DDoS-SYN_Flood,DDoS-SYN_Flood
DDoS-SYN_Flood,DDoS-SynonymousIP_Flood
DDoS-SYN_Flood,DDoS-SYN_Flood
DDoS-SYN_Flood,DoS-SYN_Flood
DDoS-SYN_Flood,DDoS-SYN_Flood
DDoS-SYN_Flood,DDoS-SynonymousIP_Flood
DDoS-SYN_Flood,DDoS-SynonymousIP_Flood
DDoS-SYN_Flood,DoS-SYN_Flood
DDoS-SYN_Flood,DDoS-SYN_Flood
DDoS-SYN_Flood,DDoS-SynonymousIP_Flood
DDoS-SYN_Flood,DDoS-SYN_Flood
DDoS-SYN_Flood,DDoS-SynonymousIP_Flood
DDoS-SYN_Flood,DDoS-SYN_Flood
DDoS-SYN_Flood,DDoS-SynonymousIP_Flood
DDoS-SYN_Flood,DDoS-SynonymousIP_Flood
DDoS-SYN_Flood,DDoS-SYN_Flood
DDoS-SYN_Flood,DDoS-SYN_Flood
DDoS-SYN_Flood,DDoS-SYN_Flood
DDoS-SYN_Flood,DDoS-SynonymousIP_Flood
DDoS-SYN_Flood,DoS-SYN_Flood
DDoS-SYN_Flood,DDoS-SYN_Flood
DDoS-SYN_Flood,DDoS-SynonymousIP_Flood
DDoS-SYN_Flood,DDoS-SYN_Flood
DDoS-SYN_Flood,DoS-SYN_Flood
DDoS-SYN_Flood,DDoS-SYN_Flood
DDoS-SYN_Flood,DDoS-SYN_Flood
DDoS-SYN_Flood,DDoS-SYN_Flood
DDoS-SYN_Flood,DoS-SYN_Flood
DDoS-SYN_Flood,DDoS-SynonymousIP_Flood
DDoS-SYN_Flood,DoS-SYN_Flood
DDoS-SYN_Flood,DDoS-SynonymousIP_Flood
DDoS-SYN_Flood,DDoS-SYN_Flood
DDoS-SYN_Flood,DDoS-SYN_Flood
DDoS-SYN_Flood,DDoS-SYN_Flood
DDoS-SYN_Flood,DDoS-SynonymousIP_Flood
DDoS-SYN_Flood,DDoS-SynonymousIP_Flood
DDoS-SYN_Flood,DDoS-SYN_Flood
DDoS-SYN_Flood,DDoS-SYN_Flood
DDoS-SYN_Flood,DoS-SYN_Flood
DDoS-SYN_Flood,DDoS-SynonymousIP_Flood
DDoS-SYN_Flood,DDoS-SYN_Flood
DDoS-SYN_Flood,DDoS-SYN_Flood
DDoS-SYN_Flood,DDoS-SYN_Flood
DDoS-SYN_Flood,DDoS-SYN_Flood
DDoS-SYN_Flood,DDoS-SYN_Flood
DDoS-SYN_Flood,DDoS-SYN_Flood
DDoS-SYN_Flood,DDoS-SynonymousIP_Flood
DDoS-SYN_Flood,DoS-SYN_Flood
DDoS-SYN_Flood,DDoS-SynonymousIP_Flood
MITM-ArpSpoofing,MITM-ArpSpoofing
MITM-ArpSpoofing,SqlInjection
MITM-ArpSpoofing,MITM-ArpSpoofing
MITM-ArpSpoofing,MITM-ArpSpoofing
MITM-ArpSpoofing,DNS_Spoofing
MITM-ArpSpoofing,DNS_Spoofing
MITM-ArpSpoofing,MITM-ArpSpoofing
MITM-ArpSpoofing,MITM-ArpSpoofing
MITM-ArpSpoofing,MITM-ArpSpoofing
MITM-ArpSpoofing,MITM-ArpSpoofing
MITM-ArpSpoofing,MITM-ArpSpoofing
MITM-ArpSpoofing,MITM-ArpSpoofing
MITM-ArpSpoofing,MITM-ArpSpoofing
MITM-ArpSpoofing,MITM-ArpSpoofing
MITM-ArpSpoofing,MITM-ArpSpoofing
MITM-ArpSpoofing,MITM-ArpSpoofing
MITM-ArpSpoofing,MITM-ArpSpoofing
MITM-ArpSpoofing,MITM-ArpSpoofing
MITM-ArpSpoofing,XSS
MITM-ArpSpoofing,MITM-ArpSpoofing
MITM-ArpSpoofing,MITM-ArpSpoofing
MITM-ArpSpoofing,MITM-ArpSpoofing
MITM-ArpSpoofing,MITM-ArpSpoofing
MITM-ArpSpoofing,DNS_Spoofing
MITM-ArpSpoofing,MITM-ArpSpoofing
MITM-ArpSpoofing,DNS_Spoofing
MITM-ArpSpoofing,MITM-ArpSpoofing
MITM-ArpSpoofing,MITM-ArpSpoofing
MITM-ArpSpoofing,DNS_Spoofing
MITM-ArpSpoofing,MITM-ArpSpoofing
MITM-ArpSpoofing,Recon-PingSweep
MITM-ArpSpoofing,MITM-ArpSpoofing
MITM-ArpSpoofing,MITM-ArpSpoofing
MITM-ArpSpoofing,DNS_Spoofing
MITM-ArpSpoofing,MITM-ArpSpoofing
MITM-ArpSpoofing,BrowserHijacking
MITM-ArpSpoofing,MITM-ArpSpoofing
MITM-ArpSpoofing,MITM-ArpSpoofing
MITM-ArpSpoofing,MITM-ArpSpoofing
MITM-ArpSpoofing,MITM-ArpSpoofing
MITM-ArpSpoofing,MITM-ArpSpoofing
MITM-ArpSpoofing,DNS_Spoofing
MITM-ArpSpoofing,DNS_Spoofing
MITM-ArpSpoofing,MITM-ArpSpoofing
MITM-ArpSpoofing,MITM-ArpSpoofing
MITM-ArpSpoofing,DNS_Spoofing
MITM-ArpSpoofing,MITM-ArpSpoofing
MITM-ArpSpoofing,MITM-ArpSpoofing
MITM-ArpSpoofing,MITM-ArpSpoofing
MITM-ArpSpoofing,MITM-ArpSpoofing
MITM-ArpSpoofing,MITM-ArpSpoofing
MITM-ArpSpoofing,DNS_Spoofing
MITM-ArpSpoofing,MITM-ArpSpoofing
MITM-ArpSpoofing,MITM-ArpSpoofing
MITM-ArpSpoofing,MITM-ArpSpoofing
MITM-ArpSpoofing,Recon-HostDiscovery
MITM-ArpSpoofing,MITM-ArpSpoofing
MITM-ArpSpoofing,MITM-ArpSpoofing
MITM-ArpSpoofing,Recon-PingSweep
MITM-ArpSpoofing,Recon-OSScan
MITM-ArpSpoofing,DNS_Spoofing
MITM-ArpSpoofing,MITM-ArpSpoofing
MITM-ArpSpoofing,DNS_Spoofing
MITM-ArpSpoofing,MITM-ArpSpoofing
MITM-ArpSpoofing,MITM-ArpSpoofing
MITM-ArpSpoofing,MITM-ArpSpoofing
MITM-ArpSpoofing,MITM-ArpSpoofing
MITM-ArpSpoofing,MITM-ArpSpoofing
MITM-ArpSpoofing,MITM-ArpSpoofing
MITM-ArpSpoofing,MITM-ArpSpoofing
MITM-ArpSpoofing,MITM-ArpSpoofing
MITM-ArpSpoofing,MITM-ArpSpoofing
MITM-ArpSpoofing,DNS_Spoofing
MITM-ArpSpoofing,MITM-ArpSpoofing
MITM-ArpSpoofing,MITM-ArpSpoofing
MITM-ArpSpoofing,MITM-ArpSpoofing
MITM-ArpSpoofing,MITM-ArpSpoofing
MITM-ArpSpoofing,MITM-ArpSpoofing
MITM-ArpSpoofing,Backdoor_Malware
MITM-ArpSpoofing,Backdoor_Malware
MITM-ArpSpoofing,MITM-ArpSpoofing
MITM-ArpSpoofing,DNS_Spoofing
MITM-ArpSpoofing,MITM-ArpSpoofing
MITM-ArpSpoofing,MITM-ArpSpoofing
MITM-ArpSpoofing,MITM-ArpSpoofing
MITM-ArpSpoofing,MITM-ArpSpoofing
MITM-ArpSpoofing,MITM-ArpSpoofing
MITM-ArpSpoofing,MITM-ArpSpoofing
MITM-ArpSpoofing,MITM-ArpSpoofing
MITM-ArpSpoofing,MITM-ArpSpoofing
MITM-ArpSpoofing,MITM-ArpSpoofing
MITM-ArpSpoofing,Uploading_Attack
MITM-ArpSpoofing,MITM-ArpSpoofing
MITM-ArpSpoofing,MITM-ArpSpoofing
MITM-ArpSpoofing,MITM-ArpSpoofing
MITM-ArpSpoofing,MITM-ArpSpoofing
MITM-ArpSpoofing,MITM-ArpSpoofing
MITM-ArpSpoofing,MITM-ArpSpoofing
MITM-ArpSpoofing,Uploading_Attack
MITM-ArpSpoofing,MITM-ArpSpoofing
MITM-ArpSpoofing,MITM-ArpSpoofing
MITM-ArpSpoofing,CommandInjection
MITM-ArpSpoofing,DNS_Spoofing
MITM-ArpSpoofing,MITM-ArpSpoofing
MITM-ArpSpoofing,MITM-ArpSpoofing
MITM-ArpSpoofing,MITM-ArpSpoofing
MITM-ArpSpoofing,MITM-ArpSpoofing
MITM-ArpSpoofing,MITM-ArpSpoofing
MITM-ArpSpoofing,MITM-ArpSpoofing
MITM-ArpSpoofing,MITM-ArpSpoofing
MITM-ArpSpoofing,Backdoor_Malware
MITM-ArpSpoofing,BenignTraffic
MITM-ArpSpoofing,Recon-PingSweep
MITM-ArpSpoofing,MITM-ArpSpoofing
MITM-ArpSpoofing,MITM-ArpSpoofing
MITM-ArpSpoofing,MITM-ArpSpoofing
MITM-ArpSpoofing,DictionaryBruteForce
MITM-ArpSpoofing,MITM-ArpSpoofing
MITM-ArpSpoofing,MITM-ArpSpoofing
MITM-ArpSpoofing,MITM-ArpSpoofing
MITM-ArpSpoofing,DNS_Spoofing
MITM-ArpSpoofing,MITM-ArpSpoofing
MITM-ArpSpoofing,MITM-ArpSpoofing
MITM-ArpSpoofing,MITM-ArpSpoofing
MITM-ArpSpoofing,CommandInjection
MITM-ArpSpoofing,MITM-ArpSpoofing
MITM-ArpSpoofing,MITM-ArpSpoofing
MITM-ArpSpoofing,MITM-ArpSpoofing
MITM-ArpSpoofing,MITM-ArpSpoofing
MITM-ArpSpoofing,MITM-ArpSpoofing
MITM-ArpSpoofing,MITM-ArpSpoofing
MITM-ArpSpoofing,MITM-ArpSpoofing
MITM-ArpSpoofing,DNS_Spoofing
MITM-ArpSpoofing,BenignTraffic
MITM-ArpSpoofing,MITM-ArpSpoofing
MITM-ArpSpoofing,MITM-ArpSpoofing
MITM-ArpSpoofing,BenignTraffic
MITM-ArpSpoofing,DNS_Spoofing
MITM-ArpSpoofing,DNS_Spoofing
MITM-ArpSpoofing,MITM-ArpSpoofing
MITM-ArpSpoofing,MITM-ArpSpoofing
MITM-ArpSpoofing,Backdoor_Malware
MITM-ArpSpoofing,BenignTraffic
MITM-ArpSpoofing,DNS_Spoofing
MITM-ArpSpoofing,Recon-PingSweep
MITM-ArpSpoofing,BrowserHijacking
MITM-ArpSpoofing,DNS_Spoofing
MITM-ArpSpoofing,MITM-ArpSpoofing
MITM-ArpSpoofing,MITM-ArpSpoofing
MITM-ArpSpoofing,DNS_Spoofing
MITM-ArpSpoofing,MITM-ArpSpoofing
MITM-ArpSpoofing,XSS
MITM-ArpSpoofing,Recon-PingSweep
MITM-ArpSpoofing,MITM-ArpSpoofing
MITM-ArpSpoofing,DNS_Spoofing
MITM-ArpSpoofing,DNS_Spoofing
MITM-ArpSpoofing,Recon-PingSweep
MITM-ArpSpoofing,MITM-ArpSpoofing
MITM-ArpSpoofing,BenignTraffic
MITM-ArpSpoofing,DNS_Spoofing
MITM-ArpSpoofing,MITM-ArpSpoofing
MITM-ArpSpoofing,DNS_Spoofing
MITM-ArpSpoofing,MITM-ArpSpoofing
MITM-ArpSpoofing,MITM-ArpSpoofing
MITM-ArpSpoofing,MITM-ArpSpoofing
MITM-ArpSpoofing,MITM-ArpSpoofing
MITM-ArpSpoofing,MITM-ArpSpoofing
MITM-ArpSpoofing,MITM-ArpSpoofing
MITM-ArpSpoofing,MITM-ArpSpoofing
MITM-ArpSpoofing,DNS_Spoofing
MITM-ArpSpoofing,MITM-ArpSpoofing
MITM-ArpSpoofing,MITM-ArpSpoofing
MITM-ArpSpoofing,BenignTraffic
MITM-ArpSpoofing,BrowserHijacking
MITM-ArpSpoofing,MITM-ArpSpoofing
MITM-ArpSpoofing,MITM-ArpSpoofing
MITM-ArpSpoofing,MITM-ArpSpoofing
MITM-ArpSpoofing,MITM-ArpSpoofing
MITM-ArpSpoofing,MITM-ArpSpoofing
MITM-ArpSpoofing,MITM-ArpSpoofing
MITM-ArpSpoofing,BrowserHijacking
MITM-ArpSpoofing,MITM-ArpSpoofing
MITM-ArpSpoofing,MITM-ArpSpoofing
MITM-ArpSpoofing,XSS
MITM-ArpSpoofing,XSS
MITM-ArpSpoofing,MITM-ArpSpoofing
MITM-ArpSpoofing,DNS_Spoofing
MITM-ArpSpoofing,BenignTraffic
MITM-ArpSpoofing,MITM-ArpSpoofing
MITM-ArpSpoofing,Backdoor_Malware
MITM-ArpSpoofing,MITM-ArpSpoofing
MITM-ArpSpoofing,MITM-ArpSpoofing
MITM-ArpSpoofing,MITM-ArpSpoofing
MITM-ArpSpoofing,DNS_Spoofing
MITM-ArpSpoofing,DNS_Spoofing
MITM-ArpSpoofing,MITM-ArpSpoofing
MITM-ArpSpoofing,MITM-ArpSpoofing
MITM-ArpSpoofing,BrowserHijacking
MITM-ArpSpoofing,MITM-ArpSpoofing
MITM-ArpSpoofing,MITM-ArpSpoofing
MITM-ArpSpoofing,Uploading_Attack
MITM-ArpSpoofing,MITM-ArpSpoofing
MITM-ArpSpoofing,MITM-ArpSpoofing
MITM-ArpSpoofing,MITM-ArpSpoofing
MITM-ArpSpoofing,MITM-ArpSpoofing
MITM-ArpSpoofing,MITM-ArpSpoofing
MITM-ArpSpoofing,MITM-ArpSpoofing
MITM-ArpSpoofing,DNS_Spoofing
MITM-ArpSpoofing,MITM-ArpSpoofing
MITM-ArpSpoofing,MITM-ArpSpoofing
MITM-ArpSpoofing,MITM-ArpSpoofing
MITM-ArpSpoofing,DNS_Spoofing
MITM-ArpSpoofing,XSS
MITM-ArpSpoofing,MITM-ArpSpoofing
MITM-ArpSpoofing,MITM-ArpSpoofing
MITM-ArpSpoofing,MITM-ArpSpoofing
MITM-ArpSpoofing,MITM-ArpSpoofing
MITM-ArpSpoofing,MITM-ArpSpoofing
MITM-ArpSpoofing,MITM-ArpSpoofing
MITM-ArpSpoofing,MITM-ArpSpoofing
MITM-ArpSpoofing,BenignTraffic
MITM-ArpSpoofing,MITM-ArpSpoofing
MITM-ArpSpoofing,Recon-HostDiscovery
MITM-ArpSpoofing,MITM-ArpSpoofing
MITM-ArpSpoofing,BrowserHijacking
MITM-ArpSpoofing,MITM-ArpSpoofing
MITM-ArpSpoofing,BrowserHijacking
MITM-ArpSpoofing,MITM-ArpSpoofing
MITM-ArpSpoofing,BenignTraffic
MITM-ArpSpoofing,MITM-ArpSpoofing
MITM-ArpSpoofing,MITM-ArpSpoofing
MITM-ArpSpoofing,DNS_Spoofing
MITM-ArpSpoofing,DNS_Spoofing
MITM-ArpSpoofing,MITM-ArpSpoofing
MITM-ArpSpoofing,Recon-PingSweep
MITM-ArpSpoofing,MITM-ArpSpoofing
MITM-ArpSpoofing,DNS_Spoofing
MITM-ArpSpoofing,DNS_Spoofing
MITM-ArpSpoofing,MITM-ArpSpoofing
MITM-ArpSpoofing,DNS_Spoofing
MITM-ArpSpoofing,DNS_Spoofing
MITM-ArpSpoofing,DNS_Spoofing
MITM-ArpSpoofing,Recon-PingSweep
MITM-ArpSpoofing,DNS_Spoofing
MITM-ArpSpoofing,MITM-ArpSpoofing
MITM-ArpSpoofing,MITM-ArpSpoofing
MITM-ArpSpoofing,BenignTraffic
MITM-ArpSpoofing,DNS_Spoofing
MITM-ArpSpoofing,DNS_Spoofing
MITM-ArpSpoofing,MITM-ArpSpoofing
MITM-ArpSpoofing,MITM-ArpSpoofing
MITM-ArpSpoofing,MITM-ArpSpoofing
MITM-ArpSpoofing,MITM-ArpSpoofing
MITM-ArpSpoofing,MITM-ArpSpoofing
MITM-ArpSpoofing,MITM-ArpSpoofing
MITM-ArpSpoofing,MITM-ArpSpoofing
MITM-ArpSpoofing,DNS_Spoofing
MITM-ArpSpoofing,DNS_Spoofing
MITM-ArpSpoofing,DNS_Spoofing
MITM-ArpSpoofing,MITM-ArpSpoofing
MITM-ArpSpoofing,MITM-ArpSpoofing
MITM-ArpSpoofing,MITM-ArpSpoofing
MITM-ArpSpoofing,DNS_Spoofing
MITM-ArpSpoofing,Uploading_Attack
MITM-ArpSpoofing,MITM-ArpSpoofing
MITM-ArpSpoofing,MITM-ArpSpoofing
MITM-ArpSpoofing,MITM-ArpSpoofing
MITM-ArpSpoofing,DNS_Spoofing
MITM-ArpSpoofing,Uploading_Attack
MITM-ArpSpoofing,DNS_Spoofing
MITM-ArpSpoofing,MITM-ArpSpoofing
MITM-ArpSpoofing,MITM-ArpSpoofing
MITM-ArpSpoofing,MITM-ArpSpoofing
MITM-ArpSpoofing,Uploading_Attack
MITM-ArpSpoofing,MITM-ArpSpoofing
MITM-ArpSpoofing,MITM-ArpSpoofing
MITM-ArpSpoofing,MITM-ArpSpoofing
MITM-ArpSpoofing,DNS_Spoofing
MITM-ArpSpoofing,MITM-ArpSpoofing
MITM-ArpSpoofing,CommandInjection
MITM-ArpSpoofing,MITM-ArpSpoofing
MITM-ArpSpoofing,MITM-ArpSpoofing
MITM-ArpSpoofing,DNS_Spoofing
MITM-ArpSpoofing,DNS_Spoofing
MITM-ArpSpoofing,MITM-ArpSpoofing
MITM-ArpSpoofing,MITM-ArpSpoofing
MITM-ArpSpoofing,MITM-ArpSpoofing
MITM-ArpSpoofing,MITM-ArpSpoofing
MITM-ArpSpoofing,MITM-ArpSpoofing
MITM-ArpSpoofing,MITM-ArpSpoofing
MITM-ArpSpoofing,MITM-ArpSpoofing
MITM-ArpSpoofing,MITM-ArpSpoofing
MITM-ArpSpoofing,Recon-PingSweep
MITM-ArpSpoofing,MITM-ArpSpoofing
MITM-ArpSpoofing,MITM-ArpSpoofing
MITM-ArpSpoofing,MITM-ArpSpoofing
MITM-ArpSpoofing,MITM-ArpSpoofing
MITM-ArpSpoofing,MITM-ArpSpoofing
MITM-ArpSpoofing,MITM-ArpSpoofing
MITM-ArpSpoofing,DNS_Spoofing
MITM-ArpSpoofing,BenignTraffic
MITM-ArpSpoofing,MITM-ArpSpoofing
MITM-ArpSpoofing,MITM-ArpSpoofing
MITM-ArpSpoofing,MITM-ArpSpoofing
MITM-ArpSpoofing,MITM-ArpSpoofing
MITM-ArpSpoofing,MITM-ArpSpoofing
MITM-ArpSpoofing,MITM-ArpSpoofing
MITM-ArpSpoofing,MITM-ArpSpoofing
MITM-ArpSpoofing,DNS_Spoofing
MITM-ArpSpoofing,DNS_Spoofing
MITM-ArpSpoofing,MITM-ArpSpoofing
MITM-ArpSpoofing,MITM-ArpSpoofing
MITM-ArpSpoofing,MITM-ArpSpoofing
MITM-ArpSpoofing,MITM-ArpSpoofing
MITM-ArpSpoofing,Uploading_Attack
MITM-ArpSpoofing,DNS_Spoofing
MITM-ArpSpoofing,DictionaryBruteForce
MITM-ArpSpoofing,MITM-ArpSpoofing
MITM-ArpSpoofing,DNS_Spoofing
MITM-ArpSpoofing,MITM-ArpSpoofing
MITM-ArpSpoofing,DNS_Spoofing
MITM-ArpSpoofing,BrowserHijacking
MITM-ArpSpoofing,DNS_Spoofing
MITM-ArpSpoofing,MITM-ArpSpoofing
MITM-ArpSpoofing,MITM-ArpSpoofing
MITM-ArpSpoofing,Recon-PingSweep
MITM-ArpSpoofing,VulnerabilityScan
MITM-ArpSpoofing,MITM-ArpSpoofing
MITM-ArpSpoofing,MITM-ArpSpoofing
MITM-ArpSpoofing,MITM-ArpSpoofing
MITM-ArpSpoofing,MITM-ArpSpoofing
MITM-ArpSpoofing,MITM-ArpSpoofing
MITM-ArpSpoofing,MITM-ArpSpoofing
MITM-ArpSpoofing,MITM-ArpSpoofing
MITM-ArpSpoofing,CommandInjection
MITM-ArpSpoofing,MITM-ArpSpoofing
MITM-ArpSpoofing,MITM-ArpSpoofing
MITM-ArpSpoofing,MITM-ArpSpoofing
MITM-ArpSpoofing,DNS_Spoofing
MITM-ArpSpoofing,MITM-ArpSpoofing
MITM-ArpSpoofing,MITM-ArpSpoofing
MITM-ArpSpoofing,BrowserHijacking
MITM-ArpSpoofing,MITM-ArpSpoofing
MITM-ArpSpoofing,MITM-ArpSpoofing
MITM-ArpSpoofing,BenignTraffic
MITM-ArpSpoofing,MITM-ArpSpoofing
MITM-ArpSpoofing,MITM-ArpSpoofing
MITM-ArpSpoofing,CommandInjection
MITM-ArpSpoofing,MITM-ArpSpoofing
MITM-ArpSpoofing,DNS_Spoofing
MITM-ArpSpoofing,MITM-ArpSpoofing
MITM-ArpSpoofing,MITM-ArpSpoofing
MITM-ArpSpoofing,MITM-ArpSpoofing
MITM-ArpSpoofing,DNS_Spoofing
MITM-ArpSpoofing,MITM-ArpSpoofing
MITM-ArpSpoofing,MITM-ArpSpoofing
MITM-ArpSpoofing,MITM-ArpSpoofing
MITM-ArpSpoofing,MITM-ArpSpoofing
MITM-ArpSpoofing,MITM-ArpSpoofing
MITM-ArpSpoofing,MITM-ArpSpoofing
MITM-ArpSpoofing,MITM-ArpSpoofing
MITM-ArpSpoofing,DNS_Spoofing
MITM-ArpSpoofing,MITM-ArpSpoofing
MITM-ArpSpoofing,MITM-ArpSpoofing
MITM-ArpSpoofing,BenignTraffic
MITM-ArpSpoofing,MITM-ArpSpoofing
MITM-ArpSpoofing,MITM-ArpSpoofing
MITM-ArpSpoofing,DNS_Spoofing
MITM-ArpSpoofing,MITM-ArpSpoofing
MITM-ArpSpoofing,DNS_Spoofing
MITM-ArpSpoofing,MITM-ArpSpoofing
MITM-ArpSpoofing,Backdoor_Malware
MITM-ArpSpoofing,MITM-ArpSpoofing
MITM-ArpSpoofing,MITM-ArpSpoofing
MITM-ArpSpoofing,Recon-PingSweep
MITM-ArpSpoofing,DNS_Spoofing
MITM-ArpSpoofing,CommandInjection
MITM-ArpSpoofing,MITM-ArpSpoofing
MITM-ArpSpoofing,MITM-ArpSpoofing
MITM-ArpSpoofing,MITM-ArpSpoofing
MITM-ArpSpoofing,MITM-ArpSpoofing
MITM-ArpSpoofing,MITM-ArpSpoofing
MITM-ArpSpoofing,MITM-ArpSpoofing
MITM-ArpSpoofing,DNS_Spoofing
MITM-ArpSpoofing,MITM-ArpSpoofing
MITM-ArpSpoofing,MITM-ArpSpoofing
MITM-ArpSpoofing,MITM-ArpSpoofing
MITM-ArpSpoofing,MITM-ArpSpoofing
MITM-ArpSpoofing,MITM-ArpSpoofing
MITM-ArpSpoofing,Backdoor_Malware
MITM-ArpSpoofing,MITM-ArpSpoofing
MITM-ArpSpoofing,MITM-ArpSpoofing
MITM-ArpSpoofing,MITM-ArpSpoofing
MITM-ArpSpoofing,MITM-ArpSpoofing
MITM-ArpSpoofing,MITM-ArpSpoofing
MITM-ArpSpoofing,MITM-ArpSpoofing
MITM-ArpSpoofing,MITM-ArpSpoofing
MITM-ArpSpoofing,MITM-ArpSpoofing
MITM-ArpSpoofing,MITM-ArpSpoofing
MITM-ArpSpoofing,MITM-ArpSpoofing
Recon-OSScan,Recon-HostDiscovery
Recon-OSScan,DictionaryBruteForce
Recon-OSScan,XSS
Recon-OSScan,Recon-PingSweep
Recon-OSScan,SqlInjection
Recon-OSScan,SqlInjection
Recon-OSScan,Recon-OSScan
Recon-OSScan,BenignTraffic
Recon-OSScan,SqlInjection
Recon-OSScan,SqlInjection
Recon-OSScan,Recon-PortScan
Recon-OSScan,Recon-PortScan
Recon-OSScan,Recon-PingSweep
Recon-OSScan,Recon-PortScan
Recon-OSScan,BenignTraffic
Recon-OSScan,Recon-OSScan
Recon-OSScan,VulnerabilityScan
Recon-OSScan,DictionaryBruteForce
Recon-OSScan,BenignTraffic
Recon-OSScan,SqlInjection
Recon-OSScan,Recon-PortScan
Recon-OSScan,Recon-OSScan
Recon-OSScan,Recon-OSScan
Recon-OSScan,BrowserHijacking
Recon-OSScan,BrowserHijacking
Recon-OSScan,Recon-HostDiscovery
Recon-OSScan,Recon-PingSweep
Recon-OSScan,SqlInjection
Recon-OSScan,Recon-PingSweep
Recon-OSScan,BenignTraffic
Recon-OSScan,Recon-PingSweep
Recon-OSScan,Recon-OSScan
Recon-OSScan,BenignTraffic
Recon-OSScan,SqlInjection
Recon-OSScan,Recon-OSScan
Recon-OSScan,Backdoor_Malware
Recon-OSScan,DictionaryBruteForce
Recon-OSScan,Recon-PingSweep
Recon-OSScan,BrowserHijacking
Recon-OSScan,Recon-OSScan
Recon-OSScan,DictionaryBruteForce
Recon-OSScan,BenignTraffic
Recon-OSScan,Recon-PortScan
Recon-OSScan,BrowserHijacking
Recon-OSScan,SqlInjection
Recon-OSScan,VulnerabilityScan
Recon-OSScan,Recon-PortScan
Recon-OSScan,Recon-PingSweep
Recon-OSScan,BenignTraffic
Recon-OSScan,Recon-PortScan
Recon-OSScan,Recon-PortScan
Recon-OSScan,SqlInjection
Recon-OSScan,DictionaryBruteForce
Recon-OSScan,BenignTraffic
Recon-OSScan,Recon-HostDiscovery
Recon-OSScan,Recon-PortScan
Recon-OSScan,BenignTraffic
Recon-OSScan,Recon-PortScan
Recon-OSScan,BenignTraffic
Recon-OSScan,SqlInjection
Recon-OSScan,BenignTraffic
Recon-OSScan,Recon-OSScan
Recon-OSScan,Recon-PortScan
Recon-OSScan,Recon-PortScan
Recon-OSScan,Recon-HostDiscovery
Recon-OSScan,Recon-PortScan
Recon-OSScan,Recon-HostDiscovery
Recon-OSScan,Recon-OSScan
Recon-OSScan,SqlInjection
Recon-OSScan,Recon-OSScan
Recon-OSScan,Recon-OSScan
Recon-OSScan,MITM-ArpSpoofing
Recon-OSScan,Recon-PortScan
Recon-OSScan,Recon-HostDiscovery
Recon-OSScan,Recon-HostDiscovery
Recon-OSScan,SqlInjection
Recon-OSScan,VulnerabilityScan
Recon-OSScan,Recon-PingSweep
Recon-OSScan,Recon-OSScan
Recon-OSScan,SqlInjection
Recon-OSScan,BenignTraffic
Recon-OSScan,BrowserHijacking
Recon-OSScan,VulnerabilityScan
Recon-OSScan,Recon-OSScan
Recon-OSScan,Recon-PortScan
Recon-OSScan,BenignTraffic
Recon-OSScan,Recon-OSScan
Recon-OSScan,MITM-ArpSpoofing
Recon-OSScan,Recon-PortScan
Recon-OSScan,Recon-HostDiscovery
Recon-OSScan,BenignTraffic
Recon-OSScan,Recon-PingSweep
Recon-OSScan,BrowserHijacking
Recon-OSScan,BrowserHijacking
Recon-OSScan,Backdoor_Malware
Recon-OSScan,BenignTraffic
Recon-OSScan,BenignTraffic
Recon-OSScan,BenignTraffic
Recon-OSScan,Recon-PortScan
Recon-OSScan,Recon-PortScan
Recon-OSScan,BenignTraffic
Recon-OSScan,Backdoor_Malware
Recon-OSScan,XSS
Recon-OSScan,SqlInjection
Recon-OSScan,SqlInjection
Recon-OSScan,VulnerabilityScan
Recon-OSScan,Recon-OSScan
Recon-OSScan,Recon-OSScan
Recon-OSScan,SqlInjection
Recon-OSScan,Recon-HostDiscovery
Recon-OSScan,Recon-OSScan
Recon-OSScan,VulnerabilityScan
Recon-OSScan,Recon-OSScan
Recon-OSScan,XSS
Recon-OSScan,BenignTraffic
Recon-OSScan,Recon-OSScan
Recon-OSScan,Recon-PingSweep
Recon-OSScan,Recon-OSScan
Recon-OSScan,SqlInjection
Recon-OSScan,BenignTraffic
Recon-OSScan,Recon-PortScan
Recon-OSScan,Recon-PortScan
Recon-OSScan,VulnerabilityScan
Recon-OSScan,XSS
Recon-OSScan,Recon-PortScan
Recon-OSScan,BenignTraffic
Recon-OSScan,Recon-OSScan
Recon-OSScan,Recon-OSScan
Recon-OSScan,Recon-OSScan
Recon-OSScan,Recon-PortScan
Recon-OSScan,Recon-PortScan
Recon-OSScan,Recon-HostDiscovery
Recon-OSScan,Recon-PingSweep
Recon-OSScan,BenignTraffic
Recon-OSScan,BenignTraffic
Recon-OSScan,Recon-PingSweep
Recon-OSScan,Recon-PortScan
Recon-OSScan,Recon-OSScan
Recon-OSScan,VulnerabilityScan
Recon-OSScan,Recon-PingSweep
Recon-OSScan,VulnerabilityScan
Recon-OSScan,Recon-PingSweep
Recon-OSScan,BenignTraffic
Recon-OSScan,Recon-PortScan
Recon-OSScan,DictionaryBruteForce
Recon-OSScan,MITM-ArpSpoofing
Recon-OSScan,Recon-PortScan
Recon-OSScan,Recon-OSScan
Recon-OSScan,Recon-PortScan
Recon-OSScan,Recon-OSScan
Recon-OSScan,VulnerabilityScan
Recon-OSScan,BenignTraffic
Recon-OSScan,Recon-OSScan
Recon-OSScan,Recon-PingSweep
Recon-OSScan,Recon-PingSweep
Recon-OSScan,BrowserHijacking
Recon-OSScan,BenignTraffic
Recon-OSScan,Recon-PingSweep
Recon-OSScan,SqlInjection
Recon-OSScan,BenignTraffic
Recon-OSScan,Recon-PortScan
Recon-OSScan,VulnerabilityScan
Recon-OSScan,Recon-HostDiscovery
Recon-OSScan,Recon-PortScan
Recon-OSScan,Recon-OSScan
Recon-OSScan,Recon-OSScan
Recon-OSScan,Recon-OSScan
Recon-OSScan,Recon-PortScan
Recon-OSScan,Recon-PortScan
Recon-OSScan,VulnerabilityScan
Recon-OSScan,BenignTraffic
Recon-OSScan,SqlInjection
Recon-OSScan,MITM-ArpSpoofing
Recon-OSScan,Recon-PingSweep
Recon-OSScan,Backdoor_Malware
Recon-OSScan,Recon-PortScan
Recon-OSScan,Recon-PingSweep
Recon-OSScan,VulnerabilityScan
Recon-OSScan,Recon-PingSweep
Recon-OSScan,Recon-OSScan
Recon-OSScan,Recon-OSScan
Recon-OSScan,Recon-OSScan
Recon-OSScan,Recon-PortScan
Recon-OSScan,Recon-PortScan
Recon-OSScan,VulnerabilityScan
Recon-OSScan,DictionaryBruteForce
Recon-OSScan,Backdoor_Malware
Recon-OSScan,Recon-PortScan
Recon-OSScan,SqlInjection
Recon-OSScan,SqlInjection
Recon-OSScan,VulnerabilityScan
Recon-OSScan,SqlInjection
Recon-OSScan,VulnerabilityScan
Recon-OSScan,Recon-PingSweep
Recon-OSScan,Recon-OSScan
Recon-OSScan,Recon-OSScan
Recon-OSScan,Recon-OSScan
Recon-OSScan,SqlInjection
Recon-OSScan,DictionaryBruteForce
Recon-OSScan,BenignTraffic
Recon-OSScan,BenignTraffic
Recon-OSScan,Recon-PortScan
Recon-OSScan,Recon-OSScan
Recon-OSScan,Recon-PortScan
Recon-OSScan,Recon-PortScan
Recon-OSScan,XSS
Recon-OSScan,Recon-PortScan
Recon-OSScan,Recon-OSScan
Recon-OSScan,SqlInjection
Recon-OSScan,BenignTraffic
Recon-OSScan,BrowserHijacking
Recon-OSScan,Recon-PortScan
Recon-OSScan,Recon-PingSweep
Recon-OSScan,SqlInjection
Recon-OSScan,SqlInjection
Recon-OSScan,Recon-PortScan
Recon-OSScan,VulnerabilityScan
Recon-OSScan,SqlInjection
Recon-OSScan,SqlInjection
Recon-OSScan,VulnerabilityScan
Recon-OSScan,DictionaryBruteForce
Recon-OSScan,Recon-PortScan
Recon-OSScan,BenignTraffic
Recon-OSScan,Recon-PortScan
Recon-OSScan,Recon-HostDiscovery
Recon-OSScan,BenignTraffic
Recon-OSScan,Recon-OSScan
Recon-OSScan,Recon-PortScan
Recon-OSScan,Recon-OSScan
Recon-OSScan,BenignTraffic
Recon-OSScan,VulnerabilityScan
Recon-OSScan,Recon-OSScan
Recon-OSScan,SqlInjection
Recon-OSScan,Recon-PortScan
Recon-OSScan,Recon-OSScan
Recon-OSScan,Recon-OSScan
Recon-OSScan,DNS_Spoofing
Recon-OSScan,SqlInjection
Recon-OSScan,BenignTraffic
Recon-OSScan,Recon-HostDiscovery
Recon-OSScan,Recon-HostDiscovery
Recon-OSScan,DictionaryBruteForce
Recon-OSScan,Recon-HostDiscovery
Recon-OSScan,Recon-PingSweep
Recon-OSScan,Recon-PortScan
Recon-OSScan,Recon-PortScan
Recon-OSScan,Recon-HostDiscovery
Recon-OSScan,Recon-PortScan
Recon-OSScan,DictionaryBruteForce
Recon-OSScan,Recon-OSScan
Recon-OSScan,VulnerabilityScan
Recon-OSScan,SqlInjection
Recon-OSScan,Recon-PingSweep
Recon-OSScan,BenignTraffic
Recon-OSScan,Recon-PingSweep
Recon-OSScan,Recon-PortScan
Recon-OSScan,Recon-PortScan
Recon-OSScan,DictionaryBruteForce
Recon-OSScan,Recon-PortScan
Recon-OSScan,BenignTraffic
Recon-OSScan,DictionaryBruteForce
Recon-OSScan,Recon-PortScan
Recon-OSScan,SqlInjection
Recon-OSScan,Recon-OSScan
Recon-OSScan,Recon-OSScan
Recon-OSScan,Recon-OSScan
Recon-OSScan,BenignTraffic
Recon-OSScan,Recon-PingSweep
Recon-OSScan,Recon-OSScan
Recon-OSScan,BenignTraffic
Recon-OSScan,Recon-PortScan
Recon-OSScan,Recon-OSScan
Recon-OSScan,BenignTraffic
Recon-OSScan,BenignTraffic
Recon-OSScan,Recon-PortScan
Recon-OSScan,SqlInjection
Recon-OSScan,Recon-PortScan
Recon-OSScan,Recon-PingSweep
Recon-OSScan,Recon-OSScan
Recon-OSScan,BenignTraffic
Recon-OSScan,Recon-PingSweep
Recon-OSScan,Recon-OSScan
Recon-OSScan,Recon-PingSweep
Recon-OSScan,BenignTraffic
Recon-OSScan,Recon-PortScan
Recon-OSScan,BenignTraffic
Recon-OSScan,Recon-PingSweep
Recon-OSScan,Recon-PortScan
Recon-OSScan,SqlInjection
Recon-OSScan,Recon-OSScan
Recon-OSScan,DictionaryBruteForce
Recon-OSScan,VulnerabilityScan
Recon-OSScan,BenignTraffic
Recon-OSScan,Recon-OSScan
Recon-OSScan,BenignTraffic
Recon-OSScan,Backdoor_Malware
Recon-OSScan,BenignTraffic
Recon-OSScan,DNS_Spoofing
Recon-OSScan,BenignTraffic
Recon-OSScan,SqlInjection
Recon-OSScan,BenignTraffic
Recon-OSScan,VulnerabilityScan
Recon-OSScan,Recon-OSScan
Recon-OSScan,BenignTraffic
Recon-OSScan,Recon-PortScan
Recon-OSScan,BenignTraffic
Recon-OSScan,Recon-PortScan
Recon-OSScan,SqlInjection
Recon-OSScan,BenignTraffic
Recon-OSScan,BenignTraffic
Recon-OSScan,Recon-HostDiscovery
Recon-OSScan,BrowserHijacking
Recon-OSScan,BenignTraffic
Recon-OSScan,Recon-PortScan
Recon-OSScan,Recon-PortScan
Recon-OSScan,Backdoor_Malware
Recon-OSScan,Recon-PortScan
Recon-OSScan,Recon-PortScan
Recon-OSScan,Recon-HostDiscovery
Recon-OSScan,MITM-ArpSpoofing
Recon-OSScan,BenignTraffic
Recon-OSScan,Recon-OSScan
Recon-OSScan,Recon-PortScan
Recon-OSScan,BenignTraffic
Recon-OSScan,BrowserHijacking
Recon-OSScan,Recon-OSScan
Recon-OSScan,Recon-PortScan
Recon-OSScan,DictionaryBruteForce
Recon-OSScan,Recon-OSScan
Recon-OSScan,DictionaryBruteForce
Recon-OSScan,Recon-PortScan
Recon-OSScan,Recon-PortScan
Recon-OSScan,Recon-PortScan
Recon-OSScan,BenignTraffic
Recon-OSScan,Recon-OSScan
Recon-OSScan,DictionaryBruteForce
Recon-OSScan,Recon-PortScan
Recon-OSScan,Backdoor_Malware
Recon-OSScan,Recon-PingSweep
Recon-OSScan,Recon-HostDiscovery
Recon-OSScan,Recon-PingSweep
Recon-OSScan,BenignTraffic
Recon-OSScan,Recon-HostDiscovery
Recon-OSScan,Recon-PingSweep
Recon-OSScan,BenignTraffic
Recon-OSScan,SqlInjection
Recon-OSScan,Recon-PortScan
Recon-OSScan,BenignTraffic
Recon-OSScan,BenignTraffic
Recon-OSScan,Recon-PortScan
Recon-OSScan,SqlInjection
Recon-OSScan,Recon-HostDiscovery
Recon-OSScan,Recon-PingSweep
Recon-OSScan,DictionaryBruteForce
Recon-OSScan,MITM-ArpSpoofing
Recon-OSScan,Recon-PortScan
Recon-OSScan,BenignTraffic
Recon-OSScan,DictionaryBruteForce
Recon-OSScan,SqlInjection
Recon-OSScan,Recon-PingSweep
Recon-OSScan,Recon-HostDiscovery
Recon-OSScan,BenignTraffic
Recon-OSScan,Recon-OSScan
Recon-OSScan,Recon-OSScan
Recon-OSScan,Recon-OSScan
Recon-OSScan,Recon-PingSweep
Recon-OSScan,BenignTraffic
Recon-OSScan,Recon-OSScan
Recon-OSScan,Recon-PortScan
Recon-OSScan,BenignTraffic
Recon-OSScan,BenignTraffic
Recon-OSScan,BenignTraffic
Recon-OSScan,BenignTraffic
Recon-OSScan,Recon-PortScan
Recon-OSScan,BrowserHijacking
Recon-OSScan,Recon-PortScan
Recon-OSScan,BenignTraffic
Recon-OSScan,SqlInjection
Recon-OSScan,SqlInjection
Recon-OSScan,BrowserHijacking
Recon-OSScan,Recon-PortScan
Recon-OSScan,VulnerabilityScan
Recon-OSScan,VulnerabilityScan
Recon-OSScan,BenignTraffic
Recon-OSScan,Recon-HostDiscovery
Recon-OSScan,Recon-OSScan
Recon-OSScan,SqlInjection
Recon-OSScan,BenignTraffic
Recon-OSScan,Recon-PingSweep
Recon-OSScan,VulnerabilityScan
Recon-OSScan,BrowserHijacking
Recon-OSScan,BenignTraffic
Recon-OSScan,SqlInjection
Recon-OSScan,Recon-OSScan
Recon-OSScan,VulnerabilityScan
Recon-OSScan,BenignTraffic
Recon-OSScan,BenignTraffic
Recon-OSScan,Recon-OSScan
Recon-OSScan,CommandInjection
Recon-OSScan,SqlInjection
DDoS-ICMP_Fragmentation,DDoS-ICMP_Fragmentation
DDoS-ICMP_Fragmentation,DDoS-ICMP_Fragmentation
DDoS-ICMP_Fragmentation,DDoS-ICMP_Fragmentation
DDoS-ICMP_Fragmentation,DDoS-ICMP_Fragmentation
DDoS-ICMP_Fragmentation,DDoS-ICMP_Fragmentation
DDoS-ICMP_Fragmentation,DDoS-ICMP_Fragmentation
DDoS-ICMP_Fragmentation,DDoS-ICMP_Fragmentation
DDoS-ICMP_Fragmentation,DDoS-ICMP_Fragmentation
DDoS-ICMP_Fragmentation,DDoS-ICMP_Fragmentation
DDoS-ICMP_Fragmentation,DDoS-ICMP_Fragmentation
DDoS-ICMP_Fragmentation,DDoS-ICMP_Fragmentation
DDoS-ICMP_Fragmentation,DDoS-ICMP_Fragmentation
DDoS-ICMP_Fragmentation,DDoS-ICMP_Fragmentation
DDoS-ICMP_Fragmentation,DDoS-ICMP_Fragmentation
DDoS-ICMP_Fragmentation,DDoS-ICMP_Fragmentation
DDoS-ICMP_Fragmentation,DDoS-ICMP_Fragmentation
DDoS-ICMP_Fragmentation,DDoS-ICMP_Fragmentation
DDoS-ICMP_Fragmentation,DDoS-ICMP_Fragmentation
DDoS-ICMP_Fragmentation,DDoS-ICMP_Fragmentation
DDoS-ICMP_Fragmentation,DDoS-ICMP_Fragmentation
DDoS-ICMP_Fragmentation,DDoS-ICMP_Fragmentation
DDoS-ICMP_Fragmentation,DDoS-ICMP_Fragmentation
DDoS-ICMP_Fragmentation,DDoS-ICMP_Fragmentation
DDoS-ICMP_Fragmentation,DDoS-ICMP_Fragmentation
DDoS-ICMP_Fragmentation,DDoS-ICMP_Fragmentation
DDoS-ICMP_Fragmentation,DDoS-ICMP_Fragmentation
DDoS-ICMP_Fragmentation,DDoS-ICMP_Fragmentation
DDoS-ICMP_Fragmentation,DDoS-ICMP_Fragmentation
DDoS-ICMP_Fragmentation,DDoS-ICMP_Fragmentation
DDoS-ICMP_Fragmentation,DDoS-ICMP_Fragmentation
DDoS-ICMP_Fragmentation,DDoS-ICMP_Fragmentation
DDoS-ICMP_Fragmentation,DDoS-ICMP_Fragmentation
DDoS-ICMP_Fragmentation,DDoS-ICMP_Fragmentation
DDoS-ICMP_Fragmentation,DDoS-ICMP_Fragmentation
DDoS-ICMP_Fragmentation,DDoS-ICMP_Fragmentation
DDoS-ICMP_Fragmentation,DDoS-ICMP_Fragmentation
DDoS-ICMP_Fragmentation,DDoS-ICMP_Fragmentation
DDoS-ICMP_Fragmentation,DDoS-ICMP_Fragmentation
DDoS-ICMP_Fragmentation,DDoS-ICMP_Fragmentation
DDoS-ICMP_Fragmentation,DDoS-ICMP_Fragmentation
DDoS-ICMP_Fragmentation,DDoS-ICMP_Fragmentation
DDoS-ICMP_Fragmentation,DDoS-ICMP_Fragmentation
DDoS-ICMP_Fragmentation,DDoS-ICMP_Fragmentation
DDoS-ICMP_Fragmentation,DDoS-ICMP_Fragmentation
DDoS-ICMP_Fragmentation,DDoS-ICMP_Fragmentation
DDoS-ICMP_Fragmentation,DDoS-ICMP_Fragmentation
DDoS-ICMP_Fragmentation,DDoS-ICMP_Fragmentation
DDoS-ICMP_Fragmentation,DDoS-ICMP_Fragmentation
DDoS-ICMP_Fragmentation,DDoS-ICMP_Fragmentation
DDoS-ICMP_Fragmentation,DDoS-ICMP_Fragmentation
DDoS-ICMP_Fragmentation,DDoS-ICMP_Fragmentation
DDoS-ICMP_Fragmentation,DDoS-ICMP_Fragmentation
DDoS-ICMP_Fragmentation,DDoS-ICMP_Fragmentation
DDoS-ICMP_Fragmentation,DDoS-ICMP_Fragmentation
DDoS-ICMP_Fragmentation,DDoS-ICMP_Fragmentation
DDoS-ICMP_Fragmentation,DDoS-ICMP_Fragmentation
DDoS-ICMP_Fragmentation,DDoS-ICMP_Fragmentation
DDoS-ICMP_Fragmentation,DDoS-ICMP_Fragmentation
DDoS-ICMP_Fragmentation,DDoS-ICMP_Fragmentation
DDoS-ICMP_Fragmentation,DDoS-ICMP_Fragmentation
DDoS-ICMP_Fragmentation,DDoS-ICMP_Fragmentation
DDoS-ICMP_Fragmentation,DDoS-ICMP_Fragmentation
DDoS-ICMP_Fragmentation,DDoS-ICMP_Fragmentation
DDoS-ICMP_Fragmentation,DDoS-ICMP_Fragmentation
DDoS-ICMP_Fragmentation,DDoS-ICMP_Fragmentation
DDoS-ICMP_Fragmentation,DDoS-ICMP_Fragmentation
DDoS-ICMP_Fragmentation,DDoS-ICMP_Fragmentation
DDoS-ICMP_Fragmentation,DDoS-ICMP_Fragmentation
DDoS-ICMP_Fragmentation,DDoS-ICMP_Fragmentation
DDoS-ICMP_Fragmentation,DDoS-ICMP_Fragmentation
DDoS-ICMP_Fragmentation,DDoS-ICMP_Fragmentation
DDoS-ICMP_Fragmentation,DDoS-ICMP_Fragmentation
DDoS-ICMP_Fragmentation,DDoS-ICMP_Fragmentation
DDoS-ICMP_Fragmentation,DDoS-ICMP_Fragmentation
DDoS-ICMP_Fragmentation,DDoS-ICMP_Fragmentation
DDoS-ICMP_Fragmentation,DDoS-ICMP_Fragmentation
DDoS-ICMP_Fragmentation,DDoS-ICMP_Fragmentation
DDoS-ICMP_Fragmentation,DDoS-ICMP_Fragmentation
DDoS-ICMP_Fragmentation,DDoS-ICMP_Fragmentation
DDoS-ICMP_Fragmentation,DDoS-ICMP_Fragmentation
DDoS-ICMP_Fragmentation,DDoS-ICMP_Fragmentation
DDoS-ICMP_Fragmentation,DDoS-ICMP_Fragmentation
DDoS-ICMP_Fragmentation,DDoS-ICMP_Fragmentation
DDoS-ICMP_Fragmentation,DDoS-ICMP_Fragmentation
DDoS-ICMP_Fragmentation,DDoS-ICMP_Fragmentation
DDoS-ICMP_Fragmentation,DDoS-ICMP_Fragmentation
DDoS-ICMP_Fragmentation,DDoS-ICMP_Fragmentation
DDoS-ICMP_Fragmentation,DDoS-ICMP_Fragmentation
DDoS-ICMP_Fragmentation,DDoS-ICMP_Fragmentation
DDoS-ICMP_Fragmentation,DDoS-ICMP_Fragmentation
DDoS-ICMP_Fragmentation,DDoS-ICMP_Fragmentation
DDoS-ICMP_Fragmentation,DDoS-ICMP_Fragmentation
DDoS-ICMP_Fragmentation,DDoS-ICMP_Fragmentation
DDoS-ICMP_Fragmentation,DDoS-ICMP_Fragmentation
DDoS-ICMP_Fragmentation,DDoS-ICMP_Fragmentation
DDoS-ICMP_Fragmentation,DDoS-ICMP_Fragmentation
DDoS-ICMP_Fragmentation,DDoS-ICMP_Fragmentation
DDoS-ICMP_Fragmentation,DDoS-ICMP_Fragmentation
DDoS-ICMP_Fragmentation,DDoS-ICMP_Fragmentation
DDoS-ICMP_Fragmentation,DDoS-ICMP_Fragmentation
DDoS-ICMP_Fragmentation,DDoS-ICMP_Fragmentation
DDoS-ICMP_Fragmentation,DDoS-ICMP_Fragmentation
DDoS-ICMP_Fragmentation,DDoS-ICMP_Fragmentation
DDoS-ICMP_Fragmentation,DDoS-ICMP_Fragmentation
DDoS-ICMP_Fragmentation,DDoS-ICMP_Fragmentation
DDoS-ICMP_Fragmentation,DDoS-ICMP_Fragmentation
DDoS-ICMP_Fragmentation,DDoS-ICMP_Fragmentation
DDoS-ICMP_Fragmentation,DDoS-ICMP_Fragmentation
DDoS-ICMP_Fragmentation,DDoS-ICMP_Fragmentation
DDoS-ICMP_Fragmentation,DDoS-ICMP_Fragmentation
DDoS-ICMP_Fragmentation,DDoS-ICMP_Fragmentation
DDoS-ICMP_Fragmentation,DDoS-ICMP_Fragmentation
DDoS-ICMP_Fragmentation,DDoS-ICMP_Fragmentation
DDoS-ICMP_Fragmentation,DDoS-ICMP_Fragmentation
DDoS-ICMP_Fragmentation,DDoS-ICMP_Fragmentation
DDoS-ICMP_Fragmentation,DDoS-ICMP_Fragmentation
DDoS-ICMP_Fragmentation,DDoS-ICMP_Fragmentation
DDoS-ICMP_Fragmentation,DDoS-ICMP_Fragmentation
DDoS-ICMP_Fragmentation,DDoS-ICMP_Fragmentation
DDoS-ICMP_Fragmentation,DDoS-ICMP_Fragmentation
DDoS-ICMP_Fragmentation,DDoS-ICMP_Fragmentation
DDoS-ICMP_Fragmentation,DDoS-ICMP_Fragmentation
DDoS-ICMP_Fragmentation,DDoS-ICMP_Fragmentation
DDoS-ICMP_Fragmentation,DDoS-ICMP_Fragmentation
DDoS-ICMP_Fragmentation,DDoS-ICMP_Fragmentation
DDoS-ICMP_Fragmentation,DDoS-ICMP_Fragmentation
DDoS-ICMP_Fragmentation,DDoS-ICMP_Fragmentation
DDoS-ICMP_Fragmentation,DDoS-ICMP_Fragmentation
DDoS-ICMP_Fragmentation,DDoS-ICMP_Fragmentation
DDoS-ICMP_Fragmentation,DDoS-ICMP_Fragmentation
DDoS-ICMP_Fragmentation,DDoS-ICMP_Fragmentation
DDoS-ICMP_Fragmentation,DDoS-ICMP_Fragmentation
DDoS-ICMP_Fragmentation,DDoS-ICMP_Fragmentation
DDoS-ICMP_Fragmentation,DDoS-ICMP_Fragmentation
DDoS-ICMP_Fragmentation,DDoS-ICMP_Fragmentation
DDoS-ICMP_Fragmentation,DDoS-ICMP_Fragmentation
DDoS-ICMP_Fragmentation,DDoS-ICMP_Fragmentation
DDoS-ICMP_Fragmentation,DDoS-ICMP_Fragmentation
DDoS-ICMP_Fragmentation,DDoS-ICMP_Fragmentation
DDoS-ICMP_Fragmentation,DDoS-ICMP_Fragmentation
DDoS-ICMP_Fragmentation,DDoS-ICMP_Fragmentation
DDoS-ICMP_Fragmentation,DDoS-ICMP_Fragmentation
DDoS-ICMP_Fragmentation,DDoS-ICMP_Fragmentation
DDoS-ICMP_Fragmentation,DDoS-ICMP_Fragmentation
DDoS-ICMP_Fragmentation,DDoS-ICMP_Fragmentation
DDoS-ICMP_Fragmentation,DDoS-ICMP_Fragmentation
DDoS-ICMP_Fragmentation,DDoS-SlowLoris
DDoS-ICMP_Fragmentation,DDoS-ICMP_Fragmentation
DDoS-ICMP_Fragmentation,DDoS-ICMP_Fragmentation
DDoS-ICMP_Fragmentation,DDoS-ICMP_Fragmentation
DDoS-ICMP_Fragmentation,DDoS-ICMP_Fragmentation
DDoS-ICMP_Fragmentation,DDoS-ICMP_Fragmentation
DDoS-ICMP_Fragmentation,DDoS-ICMP_Fragmentation
DDoS-ICMP_Fragmentation,DDoS-ICMP_Fragmentation
DDoS-ICMP_Fragmentation,DDoS-ICMP_Fragmentation
DDoS-ICMP_Fragmentation,DDoS-ICMP_Fragmentation
DDoS-ICMP_Fragmentation,DDoS-ICMP_Fragmentation
DDoS-ICMP_Fragmentation,DDoS-ICMP_Fragmentation
DDoS-ICMP_Fragmentation,DDoS-ICMP_Fragmentation
DDoS-ICMP_Fragmentation,DDoS-ICMP_Fragmentation
DDoS-ICMP_Fragmentation,DDoS-ICMP_Fragmentation
DDoS-ICMP_Fragmentation,DDoS-ICMP_Fragmentation
DDoS-ICMP_Fragmentation,DDoS-ICMP_Fragmentation
DDoS-ICMP_Fragmentation,DDoS-ICMP_Fragmentation
DDoS-ICMP_Fragmentation,DDoS-ICMP_Fragmentation
DDoS-ICMP_Fragmentation,DDoS-ICMP_Fragmentation
DDoS-ICMP_Fragmentation,DDoS-ICMP_Fragmentation
DDoS-ICMP_Fragmentation,DDoS-ICMP_Fragmentation
DDoS-ICMP_Fragmentation,DDoS-ICMP_Fragmentation
DDoS-ICMP_Fragmentation,DDoS-ICMP_Fragmentation
DDoS-ICMP_Fragmentation,DDoS-ICMP_Fragmentation
DDoS-ICMP_Fragmentation,DDoS-ICMP_Fragmentation
DDoS-ICMP_Fragmentation,DDoS-ICMP_Fragmentation
DDoS-ICMP_Fragmentation,DDoS-ICMP_Fragmentation
DDoS-ICMP_Fragmentation,DDoS-ICMP_Fragmentation
DDoS-ICMP_Fragmentation,DDoS-ICMP_Fragmentation
DDoS-ICMP_Fragmentation,DDoS-ICMP_Fragmentation
DDoS-ICMP_Fragmentation,DDoS-ICMP_Fragmentation
DDoS-ICMP_Fragmentation,DDoS-ICMP_Fragmentation
DDoS-ICMP_Fragmentation,DDoS-ICMP_Fragmentation
DDoS-ICMP_Fragmentation,DDoS-ICMP_Fragmentation
DDoS-ICMP_Fragmentation,DDoS-ICMP_Fragmentation
DDoS-ICMP_Fragmentation,DDoS-ICMP_Fragmentation
DDoS-ICMP_Fragmentation,DDoS-ICMP_Fragmentation
DDoS-ICMP_Fragmentation,DDoS-ICMP_Fragmentation
DDoS-ICMP_Fragmentation,DDoS-ICMP_Fragmentation
DDoS-ICMP_Fragmentation,DDoS-ICMP_Fragmentation
DDoS-ICMP_Fragmentation,DDoS-ICMP_Fragmentation
DDoS-ICMP_Fragmentation,DDoS-ICMP_Fragmentation
DDoS-ICMP_Fragmentation,DDoS-ICMP_Fragmentation
DDoS-ICMP_Fragmentation,DDoS-ICMP_Fragmentation
DDoS-ICMP_Fragmentation,DDoS-ICMP_Fragmentation
DDoS-ICMP_Fragmentation,DDoS-ICMP_Fragmentation
DDoS-ICMP_Fragmentation,DDoS-ICMP_Fragmentation
DDoS-ICMP_Fragmentation,DDoS-ICMP_Fragmentation
DDoS-ICMP_Fragmentation,DDoS-ICMP_Fragmentation
DDoS-ICMP_Fragmentation,DDoS-ICMP_Fragmentation
DDoS-ICMP_Fragmentation,DDoS-ICMP_Fragmentation
DDoS-ICMP_Fragmentation,DDoS-ICMP_Fragmentation
DDoS-ICMP_Fragmentation,DDoS-ICMP_Fragmentation
DDoS-ICMP_Fragmentation,DDoS-ICMP_Fragmentation
DDoS-ICMP_Fragmentation,DDoS-ICMP_Fragmentation
DDoS-ICMP_Fragmentation,DDoS-ICMP_Fragmentation
DDoS-ICMP_Fragmentation,DDoS-ICMP_Fragmentation
DDoS-ICMP_Fragmentation,DDoS-ICMP_Fragmentation
DDoS-ICMP_Fragmentation,DDoS-ICMP_Fragmentation
DDoS-ICMP_Fragmentation,DDoS-ICMP_Fragmentation
DDoS-ICMP_Fragmentation,DDoS-ICMP_Fragmentation
DDoS-ICMP_Fragmentation,DDoS-ICMP_Fragmentation
DDoS-ICMP_Fragmentation,DDoS-ICMP_Fragmentation
DDoS-ICMP_Fragmentation,DDoS-ICMP_Fragmentation
DDoS-ICMP_Fragmentation,DDoS-ICMP_Fragmentation
DDoS-ICMP_Fragmentation,DDoS-ICMP_Fragmentation
DDoS-ICMP_Fragmentation,DDoS-ICMP_Fragmentation
DDoS-ICMP_Fragmentation,DDoS-ICMP_Fragmentation
DDoS-ICMP_Fragmentation,DDoS-ICMP_Fragmentation
DDoS-ICMP_Fragmentation,DDoS-ICMP_Fragmentation
DDoS-ICMP_Fragmentation,DDoS-ICMP_Fragmentation
DDoS-ICMP_Fragmentation,DDoS-ICMP_Fragmentation
DDoS-ICMP_Fragmentation,DDoS-ICMP_Fragmentation
DDoS-ICMP_Fragmentation,DDoS-ICMP_Fragmentation
DDoS-ICMP_Fragmentation,DDoS-ICMP_Fragmentation
DDoS-ICMP_Fragmentation,DDoS-ICMP_Fragmentation
DDoS-ICMP_Fragmentation,DDoS-ICMP_Fragmentation
DDoS-ICMP_Fragmentation,DDoS-ICMP_Fragmentation
DDoS-ICMP_Fragmentation,DDoS-ICMP_Fragmentation
DDoS-ICMP_Fragmentation,DDoS-ICMP_Fragmentation
DDoS-ICMP_Fragmentation,DDoS-ICMP_Fragmentation
DDoS-ICMP_Fragmentation,DDoS-ICMP_Fragmentation
DDoS-ICMP_Fragmentation,DDoS-ICMP_Fragmentation
DDoS-ICMP_Fragmentation,DDoS-ICMP_Fragmentation
DDoS-ICMP_Fragmentation,DDoS-ICMP_Fragmentation
DDoS-ICMP_Fragmentation,DDoS-SlowLoris
DDoS-ICMP_Fragmentation,DDoS-ICMP_Fragmentation
DDoS-ICMP_Fragmentation,DDoS-ICMP_Fragmentation
DDoS-ICMP_Fragmentation,DDoS-ICMP_Fragmentation
DDoS-ICMP_Fragmentation,DDoS-ICMP_Fragmentation
DDoS-ICMP_Fragmentation,DDoS-ICMP_Fragmentation
DDoS-ICMP_Fragmentation,DDoS-ICMP_Fragmentation
DDoS-ICMP_Fragmentation,DDoS-ICMP_Fragmentation
DDoS-ICMP_Fragmentation,DDoS-ICMP_Fragmentation
DDoS-ICMP_Fragmentation,DDoS-ICMP_Fragmentation
DDoS-ICMP_Fragmentation,DDoS-ICMP_Fragmentation
DDoS-ICMP_Fragmentation,DDoS-ICMP_Fragmentation
DDoS-ICMP_Fragmentation,DDoS-ICMP_Fragmentation
DDoS-ICMP_Fragmentation,DDoS-ICMP_Fragmentation
DDoS-ICMP_Fragmentation,DDoS-ICMP_Fragmentation
DDoS-ICMP_Fragmentation,DDoS-ICMP_Fragmentation
DDoS-ICMP_Fragmentation,DDoS-ICMP_Fragmentation
DDoS-ICMP_Fragmentation,DDoS-ICMP_Fragmentation
DDoS-ICMP_Fragmentation,DDoS-ICMP_Fragmentation
DDoS-ICMP_Fragmentation,DDoS-ICMP_Fragmentation
DDoS-ICMP_Fragmentation,DDoS-ICMP_Fragmentation
DDoS-ICMP_Fragmentation,DDoS-ICMP_Fragmentation
DDoS-ICMP_Fragmentation,DDoS-ICMP_Fragmentation
DDoS-ICMP_Fragmentation,DDoS-ICMP_Fragmentation
DDoS-ICMP_Fragmentation,DDoS-ICMP_Fragmentation
DDoS-ICMP_Fragmentation,DDoS-ICMP_Fragmentation
DDoS-ICMP_Fragmentation,DDoS-ICMP_Fragmentation
DDoS-ICMP_Fragmentation,DDoS-ICMP_Fragmentation
DDoS-ICMP_Fragmentation,DDoS-ICMP_Fragmentation
DDoS-ICMP_Fragmentation,DDoS-ICMP_Fragmentation
DDoS-ICMP_Fragmentation,DDoS-ICMP_Fragmentation
DDoS-ICMP_Fragmentation,DDoS-SlowLoris
DDoS-ICMP_Fragmentation,DDoS-ICMP_Fragmentation
DDoS-ICMP_Fragmentation,DDoS-ICMP_Fragmentation
DDoS-ICMP_Fragmentation,DDoS-ICMP_Fragmentation
DDoS-ICMP_Fragmentation,DDoS-ICMP_Fragmentation
DDoS-ICMP_Fragmentation,DDoS-ICMP_Fragmentation
DDoS-ICMP_Fragmentation,DDoS-ICMP_Fragmentation
DDoS-ICMP_Fragmentation,DDoS-ICMP_Fragmentation
DDoS-ICMP_Fragmentation,DDoS-ICMP_Fragmentation
DDoS-ICMP_Fragmentation,DDoS-ICMP_Fragmentation
DDoS-ICMP_Fragmentation,DDoS-ICMP_Fragmentation
DDoS-ICMP_Fragmentation,DDoS-ICMP_Fragmentation
DDoS-ICMP_Fragmentation,DDoS-ICMP_Fragmentation
DDoS-ICMP_Fragmentation,DDoS-ICMP_Fragmentation
DDoS-ICMP_Fragmentation,DDoS-ICMP_Fragmentation
DDoS-ICMP_Fragmentation,DDoS-ICMP_Fragmentation
DDoS-ICMP_Fragmentation,DDoS-ICMP_Fragmentation
DDoS-ICMP_Fragmentation,DDoS-ICMP_Fragmentation
DDoS-ICMP_Fragmentation,DDoS-ICMP_Fragmentation
DDoS-ICMP_Fragmentation,DDoS-ICMP_Fragmentation
DDoS-ICMP_Fragmentation,DDoS-ICMP_Fragmentation
DDoS-ICMP_Fragmentation,DDoS-ICMP_Fragmentation
DDoS-ICMP_Fragmentation,DDoS-ICMP_Fragmentation
DDoS-ICMP_Fragmentation,DDoS-ICMP_Fragmentation
DDoS-ICMP_Fragmentation,DDoS-ICMP_Fragmentation
DDoS-ICMP_Fragmentation,DDoS-ICMP_Fragmentation
DDoS-ICMP_Fragmentation,DDoS-ICMP_Fragmentation
DDoS-ICMP_Fragmentation,DDoS-ICMP_Fragmentation
DDoS-ICMP_Fragmentation,DDoS-ICMP_Fragmentation
DDoS-ICMP_Fragmentation,DDoS-ICMP_Fragmentation
DDoS-ICMP_Fragmentation,DDoS-ICMP_Fragmentation
DDoS-ICMP_Fragmentation,DDoS-ICMP_Fragmentation
DDoS-ICMP_Fragmentation,DDoS-ICMP_Fragmentation
DDoS-ICMP_Fragmentation,DDoS-ICMP_Fragmentation
DDoS-ICMP_Fragmentation,DDoS-ICMP_Fragmentation
DDoS-ICMP_Fragmentation,DDoS-ICMP_Fragmentation
DDoS-ICMP_Fragmentation,DDoS-ICMP_Fragmentation
DDoS-ICMP_Fragmentation,DDoS-ICMP_Fragmentation
DDoS-ICMP_Fragmentation,DDoS-ICMP_Fragmentation
DDoS-ICMP_Fragmentation,DDoS-ICMP_Fragmentation
DDoS-ICMP_Fragmentation,DDoS-ICMP_Fragmentation
DDoS-ICMP_Fragmentation,DDoS-ICMP_Fragmentation
DDoS-ICMP_Fragmentation,DDoS-ICMP_Fragmentation
DDoS-ICMP_Fragmentation,DDoS-ICMP_Fragmentation
DDoS-ICMP_Fragmentation,DDoS-ICMP_Fragmentation
DDoS-ICMP_Fragmentation,DDoS-ICMP_Fragmentation
DDoS-ICMP_Fragmentation,DDoS-ICMP_Fragmentation
DDoS-ICMP_Fragmentation,DDoS-ICMP_Fragmentation
DDoS-ICMP_Fragmentation,DDoS-ICMP_Fragmentation
DDoS-ICMP_Fragmentation,DDoS-ICMP_Fragmentation
DDoS-ICMP_Fragmentation,DDoS-ICMP_Fragmentation
DDoS-ICMP_Fragmentation,DDoS-ICMP_Fragmentation
DDoS-ICMP_Fragmentation,DDoS-ICMP_Fragmentation
DDoS-ICMP_Fragmentation,DDoS-ICMP_Fragmentation
DDoS-ICMP_Fragmentation,DDoS-ICMP_Fragmentation
DDoS-ICMP_Fragmentation,DDoS-ICMP_Fragmentation
DDoS-ICMP_Fragmentation,DDoS-ICMP_Fragmentation
DDoS-ICMP_Fragmentation,DDoS-ICMP_Fragmentation
DDoS-ICMP_Fragmentation,DDoS-ICMP_Fragmentation
DDoS-ICMP_Fragmentation,DDoS-ICMP_Fragmentation
DDoS-ICMP_Fragmentation,DDoS-ICMP_Fragmentation
DDoS-ICMP_Fragmentation,DDoS-ICMP_Fragmentation
DDoS-ICMP_Fragmentation,DDoS-ICMP_Fragmentation
DDoS-ICMP_Fragmentation,DDoS-ICMP_Fragmentation
DDoS-ICMP_Fragmentation,DDoS-ICMP_Fragmentation
DDoS-ICMP_Fragmentation,DDoS-ICMP_Fragmentation
DDoS-ICMP_Fragmentation,DDoS-ICMP_Fragmentation
DDoS-ICMP_Fragmentation,DDoS-ICMP_Fragmentation
DDoS-ICMP_Fragmentation,DDoS-ICMP_Fragmentation
DDoS-ICMP_Fragmentation,DDoS-ICMP_Fragmentation
DDoS-ICMP_Fragmentation,DDoS-ICMP_Fragmentation
DDoS-ICMP_Fragmentation,DDoS-ICMP_Fragmentation
DDoS-ICMP_Fragmentation,DDoS-ICMP_Fragmentation
DDoS-ICMP_Fragmentation,DDoS-ICMP_Fragmentation
DDoS-ICMP_Fragmentation,DDoS-ICMP_Fragmentation
DDoS-ICMP_Fragmentation,DDoS-ICMP_Fragmentation
DDoS-ICMP_Fragmentation,DDoS-ICMP_Fragmentation
DDoS-ICMP_Fragmentation,DDoS-ICMP_Fragmentation
DDoS-ICMP_Fragmentation,DDoS-ICMP_Fragmentation
DDoS-ICMP_Fragmentation,DDoS-ICMP_Fragmentation
DDoS-ICMP_Fragmentation,DDoS-ICMP_Fragmentation
DDoS-ICMP_Fragmentation,DDoS-ICMP_Fragmentation
DDoS-ICMP_Fragmentation,DDoS-ICMP_Fragmentation
DDoS-ICMP_Fragmentation,DDoS-ICMP_Fragmentation
DDoS-ICMP_Fragmentation,DDoS-ICMP_Fragmentation
DDoS-ICMP_Fragmentation,DDoS-ICMP_Fragmentation
DDoS-ICMP_Fragmentation,DDoS-ICMP_Fragmentation
DDoS-ICMP_Fragmentation,DDoS-ICMP_Fragmentation
DDoS-ICMP_Fragmentation,DDoS-ICMP_Fragmentation
DDoS-ICMP_Fragmentation,DDoS-ICMP_Fragmentation
DDoS-ICMP_Fragmentation,DDoS-ICMP_Fragmentation
DDoS-ICMP_Fragmentation,DDoS-ICMP_Fragmentation
DDoS-ICMP_Fragmentation,DDoS-ICMP_Fragmentation
DDoS-ICMP_Fragmentation,DDoS-ICMP_Fragmentation
DDoS-ICMP_Fragmentation,DDoS-ICMP_Fragmentation
DDoS-ICMP_Fragmentation,DDoS-ICMP_Fragmentation
DDoS-ICMP_Fragmentation,DDoS-ICMP_Fragmentation
DDoS-ICMP_Fragmentation,DDoS-ICMP_Fragmentation
DDoS-ICMP_Fragmentation,DDoS-ICMP_Fragmentation
DDoS-ICMP_Fragmentation,DDoS-ICMP_Fragmentation
DDoS-ICMP_Fragmentation,DDoS-ICMP_Fragmentation
DDoS-ICMP_Fragmentation,DDoS-ICMP_Fragmentation
DDoS-ICMP_Fragmentation,DDoS-ICMP_Fragmentation
DDoS-ICMP_Fragmentation,DDoS-ICMP_Fragmentation
DDoS-ICMP_Fragmentation,DDoS-ICMP_Fragmentation
DDoS-ICMP_Fragmentation,DDoS-ICMP_Fragmentation
DDoS-ICMP_Fragmentation,DDoS-ICMP_Fragmentation
DDoS-ICMP_Fragmentation,DDoS-ICMP_Fragmentation
DDoS-ICMP_Fragmentation,DDoS-ICMP_Fragmentation
DDoS-ICMP_Fragmentation,DDoS-ICMP_Fragmentation
DDoS-ICMP_Fragmentation,DDoS-ICMP_Fragmentation
DDoS-ICMP_Fragmentation,DDoS-ICMP_Fragmentation
DDoS-ICMP_Fragmentation,DDoS-ICMP_Fragmentation
DDoS-ICMP_Fragmentation,DDoS-ICMP_Fragmentation
DDoS-ICMP_Fragmentation,DDoS-ICMP_Fragmentation
DDoS-ICMP_Fragmentation,DDoS-ICMP_Fragmentation
DDoS-ICMP_Fragmentation,DDoS-ICMP_Fragmentation
DDoS-ICMP_Fragmentation,DDoS-ICMP_Fragmentation
DDoS-ICMP_Fragmentation,DDoS-ICMP_Fragmentation
DDoS-ICMP_Fragmentation,DDoS-ICMP_Fragmentation
DDoS-ICMP_Fragmentation,DDoS-ICMP_Fragmentation
DDoS-ICMP_Fragmentation,DDoS-ICMP_Fragmentation
DDoS-ICMP_Fragmentation,DDoS-ICMP_Fragmentation
DDoS-ICMP_Fragmentation,DDoS-ICMP_Fragmentation
DDoS-ICMP_Fragmentation,DDoS-ICMP_Fragmentation
DDoS-ICMP_Fragmentation,DDoS-ICMP_Fragmentation
DDoS-ICMP_Fragmentation,DDoS-ICMP_Fragmentation
DDoS-ICMP_Fragmentation,DDoS-ICMP_Fragmentation
DDoS-ICMP_Fragmentation,DDoS-ICMP_Fragmentation
DDoS-ICMP_Fragmentation,DDoS-ICMP_Fragmentation
DDoS-ICMP_Fragmentation,DDoS-ICMP_Fragmentation
DDoS-ICMP_Fragmentation,DDoS-ICMP_Fragmentation
DDoS-ICMP_Fragmentation,DDoS-ICMP_Fragmentation
DDoS-ICMP_Fragmentation,DDoS-ICMP_Fragmentation
DDoS-ICMP_Fragmentation,DDoS-ICMP_Fragmentation
DDoS-ICMP_Fragmentation,DDoS-ICMP_Fragmentation
DDoS-ICMP_Fragmentation,DDoS-ICMP_Fragmentation
