y_real,y_pred,score_malicious
Malicious,Malicious,0.8021737337112427
Malicious,Malicious,0.8021737337112427
Malicious,Malicious,0.8021737337112427
Malicious,Malicious,0.8021737337112427
Malicious,Malicious,0.8021737337112427
Malicious,Malicious,0.8021737337112427
Malicious,Malicious,0.8021737337112427
Malicious,Malicious,0.8021737337112427
Malicious,Malicious,0.8021737337112427
Malicious,Malicious,0.8021737337112427
Malicious,Malicious,0.8021737337112427
Malicious,Malicious,0.8021737337112427
Malicious,Malicious,0.8021737337112427
Malicious,Malicious,0.8021737337112427
Malicious,Malicious,0.8021737337112427
Malicious,Malicious,0.8021737337112427
Malicious,Malicious,0.8021737337112427
Malicious,Malicious,0.8021737337112427
Malicious,Malicious,0.8021737337112427
Malicious,Malicious,0.8021737337112427
Malicious,Malicious,0.8021737337112427
Malicious,Malicious,0.8021737337112427
Malicious,Malicious,0.8021737337112427
Malicious,Malicious,0.8021737337112427
Malicious,Malicious,0.8021737337112427
Malicious,Malicious,0.8021737337112427
Malicious,Malicious,0.8021737337112427
Malicious,Malicious,0.8021737337112427
Malicious,Malicious,0.8021737337112427
Malicious,Malicious,0.8021737337112427
Malicious,Malicious,0.8021737337112427
Malicious,Malicious,0.8021737337112427
Malicious,Malicious,0.8021737337112427
Malicious,Malicious,0.8021737337112427
Malicious,Malicious,0.8021737337112427
Malicious,Malicious,0.8021737337112427
Malicious,Malicious,0.8021737337112427
Malicious,Malicious,0.8021737337112427
Malicious,Malicious,0.8021737337112427
Malicious,Malicious,0.8021737337112427
Malicious,Malicious,0.8021737337112427
Malicious,Malicious,0.8021737337112427
Malicious,Malicious,0.8021737337112427
Malicious,Malicious,0.8021737337112427
Malicious,Malicious,0.8021737337112427
Malicious,Malicious,0.8021737337112427
Malicious,Malicious,0.8021737337112427
Malicious,Malicious,0.8021737337112427
Malicious,Malicious,0.8021737337112427
Malicious,Malicious,0.8021737337112427
Malicious,Malicious,0.8016975522041321
Malicious,Malicious,0.8021737337112427
Malicious,Malicious,0.8021737337112427
Malicious,Benign,0.2072802037000656
Malicious,Malicious,0.8021737337112427
Malicious,Malicious,0.8021737337112427
Malicious,Malicious,0.8021737337112427
Malicious,Malicious,0.8021737337112427
Malicious,Malicious,0.8021737337112427
Malicious,Malicious,0.8021737337112427
Malicious,Malicious,0.8021737337112427
Malicious,Malicious,0.8021737337112427
Malicious,Benign,0.19951403141021729
Malicious,Malicious,0.8021737337112427
Malicious,Malicious,0.8021737337112427
Malicious,Malicious,0.8021737337112427
Malicious,Malicious,0.8021737337112427
Malicious,Malicious,0.8021737337112427
Malicious,Malicious,0.8021737337112427
Malicious,Malicious,0.8021737337112427
Malicious,Malicious,0.8021737337112427
Malicious,Malicious,0.8021737337112427
Malicious,Malicious,0.8021737337112427
Malicious,Malicious,0.8021737337112427
Malicious,Malicious,0.8021737337112427
Malicious,Malicious,0.8021737337112427
Malicious,Malicious,0.8021737337112427
Malicious,Malicious,0.8021737337112427
Malicious,Malicious,0.8021737337112427
Malicious,Malicious,0.8021737337112427
Malicious,Malicious,0.8021737337112427
Malicious,Malicious,0.8021737337112427
Malicious,Malicious,0.8021737337112427
Malicious,Malicious,0.8021737337112427
Malicious,Malicious,0.8021737337112427
Malicious,Malicious,0.8021737337112427
Malicious,Malicious,0.8021737337112427
Malicious,Malicious,0.8021737337112427
Malicious,Malicious,0.8021737337112427
Malicious,Malicious,0.8021737337112427
Malicious,Malicious,0.8021737337112427
Malicious,Malicious,0.8021737337112427
Malicious,Malicious,0.8021737337112427
Malicious,Malicious,0.8021737337112427
Malicious,Malicious,0.8021737337112427
Malicious,Malicious,0.8021737337112427
Malicious,Malicious,0.8021737337112427
Malicious,Malicious,0.8021737337112427
Malicious,Malicious,0.8021737337112427
Malicious,Malicious,0.8021737337112427
Malicious,Malicious,0.8021737337112427
Malicious,Malicious,0.8021737337112427
Malicious,Malicious,0.8021737337112427
Malicious,Malicious,0.8021737337112427
Malicious,Malicious,0.8021737337112427
Malicious,Malicious,0.8021737337112427
Malicious,Malicious,0.8021737337112427
Malicious,Malicious,0.8021737337112427
Malicious,Malicious,0.8021737337112427
Malicious,Malicious,0.8021737337112427
Malicious,Malicious,0.8021737337112427
Malicious,Malicious,0.8021737337112427
Malicious,Malicious,0.8021737337112427
Malicious,Malicious,0.8021737337112427
Malicious,Malicious,0.8021737337112427
Malicious,Malicious,0.8021737337112427
Malicious,Benign,0.2064163237810135
Malicious,Malicious,0.8021737337112427
Malicious,Benign,0.22549167275428772
Malicious,Malicious,0.8021737337112427
Malicious,Malicious,0.8021737337112427
Malicious,Malicious,0.8021737337112427
Malicious,Malicious,0.8021737337112427
Malicious,Malicious,0.8021737337112427
Malicious,Benign,0.20249351859092712
Malicious,Malicious,0.8021737337112427
Malicious,Malicious,0.8021737337112427
Malicious,Malicious,0.8021737337112427
Malicious,Malicious,0.8021737337112427
Malicious,Malicious,0.8021737337112427
Malicious,Malicious,0.8021737337112427
Malicious,Malicious,0.8021737337112427
Malicious,Malicious,0.8021737337112427
Malicious,Benign,0.22611379623413086
Malicious,Malicious,0.8021737337112427
Malicious,Malicious,0.8021737337112427
Malicious,Malicious,0.8021737337112427
Malicious,Malicious,0.8021737337112427
Malicious,Malicious,0.8021737337112427
Malicious,Malicious,0.8021737337112427
Malicious,Malicious,0.8021737337112427
Malicious,Malicious,0.8021737337112427
Malicious,Malicious,0.8021737337112427
Malicious,Malicious,0.8021737337112427
Malicious,Malicious,0.8021737337112427
Malicious,Malicious,0.8021737337112427
Malicious,Malicious,0.8021737337112427
Malicious,Malicious,0.8021737337112427
Malicious,Malicious,0.8021737337112427
Malicious,Malicious,0.8021737337112427
Malicious,Malicious,0.8021737337112427
Malicious,Malicious,0.8021737337112427
Malicious,Malicious,0.8021737337112427
Malicious,Malicious,0.8021737337112427
Malicious,Malicious,0.8021737337112427
Malicious,Malicious,0.8021737337112427
Malicious,Malicious,0.8021737337112427
Malicious,Malicious,0.8021737337112427
Malicious,Malicious,0.8021737337112427
Malicious,Malicious,0.8021737337112427
Malicious,Malicious,0.8021737337112427
Malicious,Malicious,0.8021737337112427
Malicious,Malicious,0.8021737337112427
Malicious,Malicious,0.8021737337112427
Malicious,Malicious,0.8021737337112427
Malicious,Malicious,0.8021737337112427
Malicious,Malicious,0.8021737337112427
Malicious,Malicious,0.8021737337112427
Malicious,Malicious,0.8021737337112427
Malicious,Malicious,0.8021737337112427
Malicious,Malicious,0.8021737337112427
Malicious,Malicious,0.8021737337112427
Malicious,Malicious,0.8021737337112427
Malicious,Malicious,0.8021737337112427
Malicious,Malicious,0.8021737337112427
Malicious,Malicious,0.8021737337112427
Malicious,Malicious,0.8021737337112427
Malicious,Malicious,0.8021737337112427
Malicious,Malicious,0.8021737337112427
Malicious,Malicious,0.8021737337112427
Malicious,Malicious,0.8021737337112427
Malicious,Malicious,0.8021737337112427
Malicious,Malicious,0.8021737337112427
Malicious,Malicious,0.8021737337112427
Malicious,Malicious,0.8021737337112427
Malicious,Malicious,0.8021737337112427
Malicious,Malicious,0.8021737337112427
Malicious,Malicious,0.8021737337112427
Malicious,Malicious,0.8021737337112427
Malicious,Malicious,0.8021737337112427
Malicious,Malicious,0.8021737337112427
Malicious,Malicious,0.8021737337112427
Malicious,Malicious,0.8021737337112427
Malicious,Malicious,0.8021737337112427
Malicious,Malicious,0.8021737337112427
Malicious,Malicious,0.8021737337112427
Malicious,Malicious,0.8021737337112427
Malicious,Malicious,0.8021737337112427
Malicious,Malicious,0.8021737337112427
Malicious,Malicious,0.8021737337112427
Malicious,Malicious,0.8021737337112427
Malicious,Malicious,0.8021737337112427
Malicious,Malicious,0.8021737337112427
Malicious,Malicious,0.8021737337112427
Malicious,Malicious,0.8021737337112427
Malicious,Malicious,0.8021737337112427
Malicious,Malicious,0.8021737337112427
Malicious,Malicious,0.8021737337112427
Malicious,Malicious,0.8021737337112427
Malicious,Malicious,0.8021737337112427
Malicious,Malicious,0.8021737337112427
Malicious,Malicious,0.8021737337112427
Malicious,Malicious,0.8021737337112427
Malicious,Malicious,0.8021737337112427
Malicious,Malicious,0.8021737337112427
Malicious,Malicious,0.8021737337112427
Malicious,Malicious,0.8021737337112427
Malicious,Malicious,0.8021737337112427
Malicious,Malicious,0.8021737337112427
Malicious,Malicious,0.8021737337112427
Malicious,Malicious,0.8021737337112427
Malicious,Malicious,0.8021737337112427
Malicious,Malicious,0.8021737337112427
Malicious,Malicious,0.8021737337112427
Malicious,Malicious,0.8021737337112427
Malicious,Malicious,0.8021737337112427
Malicious,Malicious,0.8021737337112427
Malicious,Malicious,0.8021737337112427
Malicious,Malicious,0.7942897081375122
Malicious,Malicious,0.8021737337112427
Malicious,Malicious,0.8021737337112427
Malicious,Malicious,0.8021737337112427
Malicious,Malicious,0.8021737337112427
Malicious,Malicious,0.8021737337112427
Malicious,Malicious,0.8021737337112427
Malicious,Malicious,0.8021737337112427
Malicious,Malicious,0.8021737337112427
Malicious,Malicious,0.8021737337112427
Malicious,Malicious,0.8021737337112427
Malicious,Malicious,0.8021737337112427
Malicious,Malicious,0.8021737337112427
Malicious,Malicious,0.8021737337112427
Malicious,Malicious,0.8021737337112427
Malicious,Malicious,0.8021737337112427
Malicious,Malicious,0.8021737337112427
Malicious,Malicious,0.8021737337112427
Malicious,Malicious,0.8021737337112427
Malicious,Malicious,0.8021737337112427
Malicious,Malicious,0.8021737337112427
Malicious,Malicious,0.8021737337112427
Malicious,Malicious,0.8021737337112427
Malicious,Malicious,0.8021737337112427
Malicious,Malicious,0.8021737337112427
Malicious,Malicious,0.8021737337112427
Malicious,Malicious,0.8021737337112427
Malicious,Malicious,0.8021737337112427
Malicious,Malicious,0.8021737337112427
Malicious,Malicious,0.8021737337112427
Malicious,Malicious,0.8021737337112427
Malicious,Malicious,0.8021737337112427
Malicious,Malicious,0.8021737337112427
Malicious,Malicious,0.8021737337112427
Malicious,Malicious,0.8021737337112427
Malicious,Malicious,0.8021737337112427
Malicious,Malicious,0.8021737337112427
Malicious,Malicious,0.8021737337112427
Malicious,Malicious,0.8021737337112427
Malicious,Malicious,0.8021737337112427
Malicious,Malicious,0.8021737337112427
Malicious,Malicious,0.8021737337112427
Malicious,Malicious,0.8021737337112427
Malicious,Malicious,0.8021737337112427
Malicious,Malicious,0.8021737337112427
Malicious,Malicious,0.8021737337112427
Malicious,Malicious,0.8021737337112427
Malicious,Malicious,0.8021737337112427
Malicious,Malicious,0.8021737337112427
Malicious,Malicious,0.8021737337112427
Malicious,Malicious,0.8021737337112427
Malicious,Malicious,0.8021737337112427
Malicious,Malicious,0.8021737337112427
Malicious,Malicious,0.8021737337112427
Malicious,Malicious,0.8021737337112427
Malicious,Malicious,0.8021737337112427
Malicious,Malicious,0.8021737337112427
Malicious,Malicious,0.8021737337112427
Malicious,Malicious,0.8021737337112427
Malicious,Malicious,0.8021737337112427
Malicious,Malicious,0.8021737337112427
Malicious,Malicious,0.8021737337112427
Malicious,Malicious,0.8021737337112427
Malicious,Malicious,0.8021737337112427
Malicious,Malicious,0.8021737337112427
Malicious,Malicious,0.8021737337112427
Malicious,Malicious,0.8021737337112427
Malicious,Malicious,0.8021737337112427
Malicious,Malicious,0.8021737337112427
Malicious,Malicious,0.8021737337112427
Malicious,Malicious,0.8021737337112427
Malicious,Malicious,0.8021737337112427
Malicious,Malicious,0.8021737337112427
Malicious,Malicious,0.8021737337112427
Malicious,Malicious,0.8021737337112427
Malicious,Malicious,0.8021737337112427
Malicious,Malicious,0.8021737337112427
Malicious,Malicious,0.8021737337112427
Malicious,Malicious,0.8021737337112427
Malicious,Malicious,0.8021737337112427
Malicious,Malicious,0.8021737337112427
Malicious,Malicious,0.8021737337112427
Malicious,Malicious,0.8021737337112427
Malicious,Malicious,0.8021737337112427
Malicious,Malicious,0.8021737337112427
Malicious,Benign,0.23324261605739594
Malicious,Malicious,0.8021737337112427
Malicious,Malicious,0.8021737337112427
Malicious,Malicious,0.8021737337112427
Malicious,Malicious,0.8021737337112427
Malicious,Malicious,0.8021737337112427
Malicious,Malicious,0.8021737337112427
Malicious,Malicious,0.8021737337112427
Malicious,Malicious,0.8021737337112427
Malicious,Malicious,0.8021737337112427
Malicious,Malicious,0.8021737337112427
Malicious,Malicious,0.8021737337112427
Malicious,Malicious,0.8021737337112427
Malicious,Malicious,0.8021737337112427
Malicious,Malicious,0.8021737337112427
Malicious,Malicious,0.8021737337112427
Malicious,Malicious,0.8021737337112427
Malicious,Malicious,0.8021737337112427
Malicious,Malicious,0.8021737337112427
Malicious,Malicious,0.8021737337112427
Malicious,Malicious,0.8021737337112427
Malicious,Malicious,0.8021737337112427
Malicious,Malicious,0.8021737337112427
Malicious,Malicious,0.8021737337112427
Malicious,Malicious,0.8021737337112427
Malicious,Malicious,0.8021737337112427
Malicious,Malicious,0.8021737337112427
Malicious,Malicious,0.8021737337112427
Malicious,Malicious,0.8021737337112427
Malicious,Malicious,0.8021737337112427
Malicious,Malicious,0.8021737337112427
Malicious,Malicious,0.8021737337112427
Malicious,Malicious,0.8021737337112427
Malicious,Malicious,0.8021737337112427
Malicious,Malicious,0.8021737337112427
Malicious,Malicious,0.8021737337112427
Malicious,Malicious,0.8021737337112427
Malicious,Malicious,0.8021737337112427
Malicious,Malicious,0.8021737337112427
Malicious,Malicious,0.8021737337112427
Malicious,Malicious,0.8021737337112427
Malicious,Malicious,0.8021737337112427
Malicious,Malicious,0.8021737337112427
Malicious,Malicious,0.8021737337112427
Malicious,Malicious,0.8021737337112427
Malicious,Malicious,0.8021737337112427
Malicious,Malicious,0.8021737337112427
Malicious,Malicious,0.8021737337112427
Malicious,Malicious,0.8021737337112427
Malicious,Malicious,0.8021737337112427
Malicious,Malicious,0.8021737337112427
Malicious,Malicious,0.8021737337112427
Malicious,Malicious,0.8021737337112427
Malicious,Malicious,0.8021737337112427
Malicious,Malicious,0.8021737337112427
Malicious,Malicious,0.8021737337112427
Malicious,Malicious,0.8021737337112427
Malicious,Malicious,0.8021737337112427
Malicious,Malicious,0.8021737337112427
Malicious,Malicious,0.8021737337112427
Malicious,Malicious,0.8021737337112427
Malicious,Malicious,0.8021737337112427
Malicious,Malicious,0.8021737337112427
Malicious,Malicious,0.8021737337112427
Malicious,Malicious,0.8021737337112427
Malicious,Malicious,0.8021737337112427
Malicious,Malicious,0.8021737337112427
Malicious,Malicious,0.8021737337112427
Malicious,Malicious,0.8016975522041321
Malicious,Malicious,0.8021737337112427
Malicious,Malicious,0.8021737337112427
Malicious,Malicious,0.8021737337112427
Malicious,Malicious,0.8021737337112427
Malicious,Malicious,0.8021737337112427
Malicious,Malicious,0.8021737337112427
Malicious,Malicious,0.8021737337112427
Malicious,Malicious,0.8021737337112427
Malicious,Malicious,0.8021737337112427
Malicious,Malicious,0.8021737337112427
Malicious,Malicious,0.8021737337112427
Malicious,Malicious,0.8021737337112427
Malicious,Malicious,0.8021737337112427
Malicious,Malicious,0.7677798271179199
Malicious,Malicious,0.8021737337112427
Malicious,Malicious,0.8021737337112427
Malicious,Malicious,0.8021737337112427
Malicious,Malicious,0.8021737337112427
Malicious,Benign,0.20417113602161407
Malicious,Malicious,0.8021737337112427
Malicious,Malicious,0.8021737337112427
Malicious,Malicious,0.8021737337112427
Malicious,Malicious,0.8021737337112427
Malicious,Malicious,0.8021737337112427
Malicious,Malicious,0.8021737337112427
Malicious,Malicious,0.8021737337112427
Malicious,Malicious,0.8021737337112427
Malicious,Malicious,0.8021737337112427
Malicious,Malicious,0.8021737337112427
Malicious,Malicious,0.8021737337112427
Malicious,Malicious,0.8021737337112427
Malicious,Malicious,0.8021737337112427
Malicious,Malicious,0.8021737337112427
Malicious,Malicious,0.8021737337112427
Malicious,Malicious,0.8021737337112427
Malicious,Malicious,0.8021737337112427
Malicious,Malicious,0.8021737337112427
Malicious,Malicious,0.8021737337112427
Malicious,Malicious,0.8021737337112427
Malicious,Malicious,0.8021737337112427
Malicious,Malicious,0.8021737337112427
Malicious,Malicious,0.8021737337112427
Malicious,Malicious,0.8021737337112427
Malicious,Malicious,0.8021737337112427
Malicious,Malicious,0.8021737337112427
Malicious,Malicious,0.8021737337112427
Malicious,Malicious,0.8021737337112427
Malicious,Malicious,0.8021737337112427
Malicious,Malicious,0.8021737337112427
Malicious,Malicious,0.8021737337112427
Malicious,Malicious,0.8021737337112427
Malicious,Malicious,0.8021737337112427
Malicious,Malicious,0.8021737337112427
Malicious,Malicious,0.8021737337112427
Malicious,Malicious,0.8021737337112427
Malicious,Malicious,0.8021737337112427
Malicious,Malicious,0.8021737337112427
Malicious,Malicious,0.8021737337112427
Malicious,Malicious,0.8021737337112427
Malicious,Malicious,0.8021737337112427
Malicious,Malicious,0.8021737337112427
Malicious,Malicious,0.8021737337112427
Malicious,Benign,0.20794081687927246
Malicious,Malicious,0.8021737337112427
Malicious,Malicious,0.8021737337112427
Malicious,Malicious,0.8021737337112427
Malicious,Malicious,0.8021737337112427
Malicious,Malicious,0.8021737337112427
Malicious,Malicious,0.8021737337112427
Malicious,Malicious,0.8021737337112427
Malicious,Malicious,0.8021737337112427
Malicious,Malicious,0.8021737337112427
Malicious,Malicious,0.8021737337112427
Malicious,Malicious,0.8021737337112427
Malicious,Malicious,0.8021737337112427
Malicious,Malicious,0.8021737337112427
Malicious,Malicious,0.8021737337112427
Malicious,Malicious,0.8021737337112427
Malicious,Malicious,0.8021737337112427
Malicious,Malicious,0.8021737337112427
Malicious,Malicious,0.8021737337112427
Malicious,Malicious,0.8021737337112427
Malicious,Malicious,0.8021737337112427
Malicious,Malicious,0.8021737337112427
Malicious,Malicious,0.8021737337112427
Malicious,Benign,0.36608025431632996
Malicious,Malicious,0.8021737337112427
Malicious,Malicious,0.8021737337112427
Malicious,Malicious,0.8021737337112427
Malicious,Malicious,0.8021737337112427
Malicious,Malicious,0.8021737337112427
Malicious,Malicious,0.8021737337112427
Malicious,Malicious,0.8007451891899109
Malicious,Malicious,0.8021737337112427
Malicious,Malicious,0.8021737337112427
Malicious,Malicious,0.8021737337112427
Malicious,Malicious,0.8021737337112427
Malicious,Malicious,0.8021737337112427
Malicious,Malicious,0.8021737337112427
Malicious,Malicious,0.8021737337112427
Malicious,Malicious,0.8021737337112427
Malicious,Malicious,0.8021737337112427
Malicious,Malicious,0.8021737337112427
Malicious,Malicious,0.8021737337112427
Malicious,Benign,0.24782860279083252
Malicious,Malicious,0.8021737337112427
Malicious,Malicious,0.8021737337112427
Malicious,Malicious,0.8021737337112427
Malicious,Malicious,0.8021737337112427
Malicious,Malicious,0.8021737337112427
Malicious,Malicious,0.8021737337112427
Malicious,Malicious,0.8021737337112427
Malicious,Malicious,0.8021737337112427
Malicious,Malicious,0.8021737337112427
Malicious,Malicious,0.8021737337112427
Malicious,Malicious,0.8021737337112427
Malicious,Malicious,0.8021737337112427
Malicious,Malicious,0.8021737337112427
Malicious,Malicious,0.8021737337112427
Malicious,Malicious,0.8021737337112427
Malicious,Malicious,0.8021737337112427
Malicious,Malicious,0.8021737337112427
Malicious,Malicious,0.8021737337112427
Malicious,Malicious,0.8021737337112427
Malicious,Malicious,0.8021737337112427
Malicious,Malicious,0.8021737337112427
Malicious,Malicious,0.8021737337112427
Malicious,Malicious,0.8021737337112427
Malicious,Malicious,0.8021737337112427
Malicious,Malicious,0.8021737337112427
Malicious,Malicious,0.8021737337112427
Malicious,Malicious,0.8021737337112427
Malicious,Malicious,0.8021737337112427
Malicious,Malicious,0.8021737337112427
Malicious,Malicious,0.8021737337112427
Malicious,Malicious,0.8021737337112427
Malicious,Malicious,0.8021737337112427
Malicious,Malicious,0.8021737337112427
Malicious,Malicious,0.8021737337112427
Malicious,Malicious,0.8021737337112427
Malicious,Malicious,0.8021737337112427
Malicious,Malicious,0.8021737337112427
Malicious,Malicious,0.8021737337112427
Malicious,Malicious,0.8021737337112427
Malicious,Malicious,0.8021737337112427
Malicious,Malicious,0.8021737337112427
Malicious,Malicious,0.8021737337112427
Malicious,Malicious,0.8021737337112427
Malicious,Malicious,0.8021737337112427
Malicious,Malicious,0.8021737337112427
Malicious,Malicious,0.8021737337112427
Malicious,Malicious,0.8021737337112427
Malicious,Malicious,0.8021737337112427
Malicious,Malicious,0.8021737337112427
Malicious,Malicious,0.8021737337112427
Malicious,Malicious,0.8021737337112427
Malicious,Malicious,0.8021737337112427
Malicious,Malicious,0.8021737337112427
Malicious,Malicious,0.8021737337112427
Malicious,Malicious,0.8021737337112427
Malicious,Malicious,0.8021737337112427
Malicious,Malicious,0.8021737337112427
Malicious,Malicious,0.8021737337112427
Malicious,Malicious,0.8021737337112427
Malicious,Malicious,0.8021737337112427
Malicious,Malicious,0.8021737337112427
Malicious,Malicious,0.8021737337112427
Malicious,Malicious,0.8021737337112427
Malicious,Malicious,0.8021737337112427
Malicious,Malicious,0.8021737337112427
Malicious,Malicious,0.8021737337112427
Malicious,Malicious,0.8021737337112427
Malicious,Malicious,0.8021737337112427
Malicious,Malicious,0.8021737337112427
Malicious,Malicious,0.8021737337112427
Malicious,Malicious,0.8021737337112427
Malicious,Malicious,0.8021737337112427
Malicious,Malicious,0.8021737337112427
Malicious,Malicious,0.8021737337112427
Malicious,Malicious,0.8021737337112427
Malicious,Malicious,0.8021737337112427
Malicious,Malicious,0.8021737337112427
Malicious,Malicious,0.8021737337112427
Malicious,Malicious,0.8021737337112427
Malicious,Malicious,0.8021737337112427
Malicious,Malicious,0.8021737337112427
Malicious,Malicious,0.8021737337112427
Malicious,Malicious,0.8021737337112427
Malicious,Malicious,0.8021737337112427
Malicious,Malicious,0.8021737337112427
Malicious,Malicious,0.8021737337112427
Malicious,Malicious,0.8021737337112427
Malicious,Malicious,0.8021737337112427
Malicious,Malicious,0.8021737337112427
Malicious,Malicious,0.8021737337112427
Malicious,Malicious,0.8021737337112427
Malicious,Malicious,0.8021737337112427
Malicious,Malicious,0.8021737337112427
Malicious,Malicious,0.8021737337112427
Malicious,Malicious,0.8021737337112427
Malicious,Malicious,0.8007451891899109
Malicious,Malicious,0.8021737337112427
Malicious,Malicious,0.8021737337112427
Malicious,Malicious,0.8012213706970215
Malicious,Malicious,0.8021737337112427
Malicious,Malicious,0.8021737337112427
Malicious,Malicious,0.8021737337112427
Malicious,Malicious,0.8021737337112427
Malicious,Malicious,0.8021737337112427
Malicious,Malicious,0.8021737337112427
Malicious,Malicious,0.8021737337112427
Malicious,Malicious,0.8021737337112427
Malicious,Malicious,0.8021737337112427
Malicious,Malicious,0.8021737337112427
Malicious,Malicious,0.8021737337112427
Malicious,Malicious,0.7810221910476685
Malicious,Malicious,0.8021737337112427
Malicious,Malicious,0.8021737337112427
Malicious,Malicious,0.8021737337112427
Malicious,Malicious,0.8021737337112427
Malicious,Malicious,0.8021737337112427
Malicious,Malicious,0.8021737337112427
Malicious,Malicious,0.8021737337112427
Malicious,Malicious,0.8021737337112427
Malicious,Malicious,0.8021737337112427
Malicious,Malicious,0.8021737337112427
Malicious,Benign,0.2451820969581604
Malicious,Malicious,0.8021737337112427
Malicious,Malicious,0.8021737337112427
Malicious,Malicious,0.8021737337112427
Malicious,Malicious,0.8021737337112427
Malicious,Malicious,0.8021737337112427
Malicious,Malicious,0.8021737337112427
Malicious,Malicious,0.8021737337112427
Malicious,Malicious,0.8021737337112427
Malicious,Malicious,0.8021737337112427
Malicious,Malicious,0.8021737337112427
Malicious,Malicious,0.8021737337112427
Malicious,Malicious,0.6351636052131653
Malicious,Malicious,0.8021737337112427
Malicious,Malicious,0.8021737337112427
Malicious,Malicious,0.8021737337112427
Malicious,Malicious,0.8021737337112427
Malicious,Malicious,0.8021737337112427
Malicious,Malicious,0.8021737337112427
Malicious,Malicious,0.8021737337112427
Malicious,Malicious,0.8021737337112427
Malicious,Malicious,0.8021737337112427
Malicious,Malicious,0.8021737337112427
Malicious,Malicious,0.8021737337112427
Malicious,Malicious,0.8021737337112427
Malicious,Malicious,0.8021737337112427
Malicious,Malicious,0.8021737337112427
Malicious,Malicious,0.8021737337112427
Malicious,Malicious,0.8021737337112427
Malicious,Malicious,0.8021737337112427
Malicious,Malicious,0.8021737337112427
Malicious,Malicious,0.8021737337112427
Malicious,Malicious,0.8021737337112427
Malicious,Malicious,0.8021737337112427
Malicious,Malicious,0.8021737337112427
Malicious,Malicious,0.8021737337112427
Malicious,Malicious,0.8021737337112427
Malicious,Malicious,0.8021737337112427
Malicious,Malicious,0.8021737337112427
Malicious,Malicious,0.8021737337112427
Malicious,Malicious,0.8021737337112427
Malicious,Malicious,0.8021737337112427
Malicious,Malicious,0.8021737337112427
Malicious,Malicious,0.8021737337112427
Malicious,Malicious,0.8021737337112427
Malicious,Malicious,0.8021737337112427
Malicious,Malicious,0.8021737337112427
Malicious,Malicious,0.8021737337112427
Malicious,Malicious,0.8021737337112427
Malicious,Malicious,0.8021737337112427
Malicious,Malicious,0.8021737337112427
Malicious,Malicious,0.8021737337112427
Malicious,Malicious,0.8021737337112427
Malicious,Malicious,0.8021737337112427
Malicious,Benign,0.2877790927886963
Malicious,Malicious,0.8021737337112427
Malicious,Malicious,0.8021737337112427
Malicious,Malicious,0.8021737337112427
Malicious,Malicious,0.8021737337112427
Malicious,Malicious,0.8021737337112427
Malicious,Malicious,0.8021737337112427
Malicious,Malicious,0.8021737337112427
Malicious,Malicious,0.8021737337112427
Malicious,Malicious,0.8021737337112427
Malicious,Malicious,0.8021737337112427
Malicious,Malicious,0.8021737337112427
Malicious,Malicious,0.8021737337112427
Malicious,Malicious,0.8021737337112427
Malicious,Malicious,0.8021737337112427
Malicious,Benign,0.23414552211761475
Malicious,Malicious,0.8021737337112427
Malicious,Malicious,0.8021737337112427
Malicious,Malicious,0.8021737337112427
Malicious,Malicious,0.8021737337112427
Malicious,Malicious,0.8021737337112427
Malicious,Malicious,0.8021737337112427
Malicious,Malicious,0.802078902721405
Malicious,Malicious,0.8021737337112427
Malicious,Malicious,0.8021737337112427
Malicious,Malicious,0.8021737337112427
Malicious,Malicious,0.8021737337112427
Malicious,Malicious,0.8021737337112427
Malicious,Malicious,0.8021737337112427
Malicious,Malicious,0.8021737337112427
Malicious,Malicious,0.8021737337112427
Malicious,Malicious,0.8021737337112427
Malicious,Malicious,0.8021737337112427
Malicious,Malicious,0.8021737337112427
Malicious,Malicious,0.8021737337112427
Malicious,Malicious,0.8021737337112427
Malicious,Malicious,0.8021737337112427
Malicious,Malicious,0.8021737337112427
Malicious,Malicious,0.8021737337112427
Malicious,Malicious,0.8021737337112427
Malicious,Malicious,0.8021737337112427
Malicious,Malicious,0.8021737337112427
Malicious,Malicious,0.8021737337112427
Malicious,Malicious,0.8021737337112427
Malicious,Malicious,0.8021737337112427
Malicious,Malicious,0.8021737337112427
Malicious,Malicious,0.8012213706970215
Malicious,Malicious,0.8021737337112427
Malicious,Malicious,0.8021737337112427
Malicious,Malicious,0.8021737337112427
Malicious,Malicious,0.8021737337112427
Malicious,Malicious,0.8021737337112427
Malicious,Malicious,0.7913782596588135
Malicious,Malicious,0.8021737337112427
Malicious,Malicious,0.8021737337112427
Malicious,Malicious,0.8021737337112427
Malicious,Malicious,0.8021737337112427
Malicious,Malicious,0.8021737337112427
Malicious,Malicious,0.8021737337112427
Malicious,Malicious,0.8021737337112427
Malicious,Malicious,0.8021737337112427
Malicious,Malicious,0.8021737337112427
Malicious,Malicious,0.8021737337112427
Malicious,Malicious,0.8021737337112427
Malicious,Malicious,0.8021737337112427
Malicious,Malicious,0.8021737337112427
Malicious,Malicious,0.8021737337112427
Malicious,Malicious,0.8021737337112427
Malicious,Malicious,0.8021737337112427
Malicious,Malicious,0.8021737337112427
Malicious,Malicious,0.8021737337112427
Malicious,Malicious,0.8021737337112427
Malicious,Malicious,0.8021737337112427
Malicious,Malicious,0.8021737337112427
Malicious,Malicious,0.8021737337112427
Malicious,Malicious,0.8021737337112427
Malicious,Malicious,0.8021737337112427
Malicious,Malicious,0.8021737337112427
Malicious,Malicious,0.8021737337112427
Malicious,Malicious,0.8021737337112427
Malicious,Malicious,0.8021737337112427
Malicious,Malicious,0.8021737337112427
Malicious,Malicious,0.8021737337112427
Malicious,Malicious,0.8021737337112427
Malicious,Malicious,0.8021737337112427
Malicious,Malicious,0.8021737337112427
Malicious,Malicious,0.8021737337112427
Malicious,Malicious,0.8021737337112427
Malicious,Malicious,0.8021737337112427
Malicious,Malicious,0.8021737337112427
Malicious,Malicious,0.8021737337112427
Malicious,Malicious,0.8021737337112427
Malicious,Malicious,0.8021737337112427
Malicious,Malicious,0.8021737337112427
Malicious,Malicious,0.8021737337112427
Malicious,Malicious,0.8021737337112427
Malicious,Malicious,0.8021737337112427
Malicious,Malicious,0.8021737337112427
Malicious,Malicious,0.8021737337112427
Malicious,Malicious,0.8021737337112427
Malicious,Malicious,0.8021737337112427
Malicious,Malicious,0.8021737337112427
Malicious,Malicious,0.8021737337112427
Malicious,Malicious,0.8021737337112427
Malicious,Malicious,0.8021737337112427
Malicious,Malicious,0.8021737337112427
Malicious,Malicious,0.8021737337112427
Malicious,Malicious,0.8021737337112427
Malicious,Malicious,0.8021737337112427
Malicious,Malicious,0.8021737337112427
Malicious,Malicious,0.8021737337112427
Malicious,Malicious,0.8021737337112427
Malicious,Malicious,0.8021737337112427
Malicious,Malicious,0.8021737337112427
Malicious,Malicious,0.8021737337112427
Malicious,Malicious,0.8021737337112427
Malicious,Malicious,0.8021737337112427
Malicious,Malicious,0.8021737337112427
Malicious,Malicious,0.8021737337112427
Malicious,Malicious,0.8021737337112427
Malicious,Malicious,0.8021737337112427
Malicious,Malicious,0.8016975522041321
Malicious,Malicious,0.8021737337112427
Malicious,Malicious,0.8021737337112427
Malicious,Malicious,0.8021737337112427
Malicious,Malicious,0.8021737337112427
Malicious,Malicious,0.8021737337112427
Malicious,Malicious,0.8021737337112427
Malicious,Malicious,0.8021737337112427
Malicious,Malicious,0.8021737337112427
Malicious,Malicious,0.8021737337112427
Malicious,Malicious,0.8021737337112427
Malicious,Malicious,0.8021737337112427
Malicious,Malicious,0.8012213706970215
Malicious,Malicious,0.8021737337112427
Malicious,Malicious,0.8021737337112427
Malicious,Malicious,0.8021737337112427
Malicious,Malicious,0.8021737337112427
Malicious,Malicious,0.8021737337112427
Malicious,Malicious,0.8021737337112427
Malicious,Malicious,0.8021737337112427
Malicious,Malicious,0.8021737337112427
Malicious,Benign,0.20976711809635162
Malicious,Malicious,0.8021737337112427
Malicious,Malicious,0.8021737337112427
Malicious,Malicious,0.8021737337112427
Malicious,Malicious,0.8021737337112427
Malicious,Malicious,0.8021737337112427
Malicious,Malicious,0.8021737337112427
Malicious,Malicious,0.8021737337112427
Malicious,Malicious,0.8021737337112427
Malicious,Malicious,0.8021737337112427
Malicious,Malicious,0.8021737337112427
Malicious,Malicious,0.8021737337112427
Malicious,Malicious,0.8021737337112427
Malicious,Malicious,0.8021737337112427
Malicious,Malicious,0.8021737337112427
Malicious,Malicious,0.8021737337112427
Malicious,Malicious,0.8021737337112427
Malicious,Malicious,0.8021737337112427
Malicious,Malicious,0.8021737337112427
Malicious,Malicious,0.8021737337112427
Malicious,Malicious,0.8021737337112427
Malicious,Malicious,0.8021737337112427
Malicious,Malicious,0.8021737337112427
Malicious,Malicious,0.8021737337112427
Malicious,Malicious,0.8021737337112427
Malicious,Malicious,0.8021737337112427
Malicious,Malicious,0.8021737337112427
Malicious,Malicious,0.8021737337112427
Malicious,Malicious,0.8021737337112427
Malicious,Malicious,0.8021737337112427
Malicious,Malicious,0.8021737337112427
Malicious,Malicious,0.8021737337112427
Malicious,Malicious,0.7997927665710449
Malicious,Malicious,0.8021737337112427
Malicious,Malicious,0.8021737337112427
Malicious,Malicious,0.8021737337112427
Malicious,Malicious,0.8021737337112427
Malicious,Malicious,0.8021737337112427
Malicious,Malicious,0.8021737337112427
Malicious,Malicious,0.8021737337112427
Malicious,Malicious,0.8021737337112427
Malicious,Malicious,0.8021737337112427
Malicious,Malicious,0.8021737337112427
Malicious,Malicious,0.7489027976989746
Malicious,Malicious,0.8021737337112427
Malicious,Malicious,0.8021737337112427
Malicious,Malicious,0.8021737337112427
Malicious,Malicious,0.8021737337112427
Malicious,Malicious,0.8021737337112427
Malicious,Malicious,0.8021737337112427
Malicious,Malicious,0.8021737337112427
Malicious,Malicious,0.8021737337112427
Malicious,Malicious,0.8021737337112427
Malicious,Malicious,0.8021737337112427
Malicious,Malicious,0.8021737337112427
Malicious,Malicious,0.8021737337112427
Malicious,Malicious,0.8021737337112427
Malicious,Malicious,0.8021737337112427
Malicious,Malicious,0.8021737337112427
Malicious,Malicious,0.8021737337112427
Malicious,Malicious,0.8021737337112427
Malicious,Malicious,0.8021737337112427
Malicious,Malicious,0.8021737337112427
Malicious,Malicious,0.8021737337112427
Malicious,Malicious,0.8021737337112427
Malicious,Malicious,0.8021737337112427
Malicious,Malicious,0.8021737337112427
Malicious,Malicious,0.8021737337112427
Malicious,Malicious,0.8021737337112427
Malicious,Malicious,0.8021737337112427
Malicious,Malicious,0.8021737337112427
Malicious,Malicious,0.8021737337112427
Malicious,Malicious,0.8021737337112427
Malicious,Malicious,0.8021737337112427
Malicious,Malicious,0.8021737337112427
Malicious,Malicious,0.8021737337112427
Malicious,Malicious,0.8021737337112427
Malicious,Malicious,0.8021737337112427
Malicious,Malicious,0.8021737337112427
Malicious,Malicious,0.8021737337112427
Malicious,Malicious,0.8021737337112427
Malicious,Malicious,0.8021737337112427
Malicious,Malicious,0.8021737337112427
Malicious,Malicious,0.8021737337112427
Malicious,Malicious,0.8021737337112427
Malicious,Malicious,0.8021737337112427
Malicious,Malicious,0.8021737337112427
Malicious,Malicious,0.8021737337112427
Malicious,Malicious,0.8021737337112427
Malicious,Malicious,0.8021737337112427
Malicious,Malicious,0.8021737337112427
Malicious,Malicious,0.8021737337112427
Malicious,Malicious,0.8021737337112427
Malicious,Malicious,0.8021737337112427
Malicious,Malicious,0.8021737337112427
Malicious,Malicious,0.8021737337112427
Malicious,Malicious,0.8021737337112427
Malicious,Malicious,0.8021737337112427
Malicious,Malicious,0.8021737337112427
Malicious,Malicious,0.8021737337112427
Malicious,Malicious,0.8021737337112427
Malicious,Malicious,0.8021737337112427
Malicious,Malicious,0.8021737337112427
Malicious,Malicious,0.8021737337112427
Malicious,Malicious,0.8021737337112427
Malicious,Malicious,0.8021737337112427
Malicious,Malicious,0.8021737337112427
Malicious,Malicious,0.8021737337112427
Malicious,Malicious,0.8021737337112427
Malicious,Malicious,0.8021737337112427
Malicious,Malicious,0.8021737337112427
Malicious,Malicious,0.8021737337112427
Malicious,Malicious,0.8021737337112427
Malicious,Malicious,0.8021737337112427
Malicious,Malicious,0.8021737337112427
Malicious,Malicious,0.8021737337112427
Malicious,Malicious,0.8021737337112427
Malicious,Malicious,0.8021737337112427
Malicious,Malicious,0.8021737337112427
Malicious,Malicious,0.8021737337112427
Malicious,Malicious,0.8021737337112427
Malicious,Malicious,0.8021737337112427
Malicious,Malicious,0.8021737337112427
Malicious,Malicious,0.8021737337112427
Malicious,Malicious,0.8021737337112427
Malicious,Malicious,0.8021737337112427
Malicious,Malicious,0.8021737337112427
Malicious,Malicious,0.8021737337112427
Malicious,Malicious,0.8021737337112427
Malicious,Malicious,0.8021737337112427
Malicious,Malicious,0.8021737337112427
Malicious,Malicious,0.8021737337112427
Malicious,Malicious,0.8021737337112427
Malicious,Malicious,0.8021737337112427
Malicious,Malicious,0.8021737337112427
Malicious,Malicious,0.8021737337112427
Malicious,Malicious,0.8021737337112427
Malicious,Malicious,0.8021737337112427
Malicious,Malicious,0.8021737337112427
Malicious,Malicious,0.8021737337112427
Malicious,Malicious,0.8021737337112427
Malicious,Malicious,0.8021737337112427
Malicious,Benign,0.21418559551239014
Malicious,Malicious,0.8021737337112427
Malicious,Malicious,0.8021737337112427
Malicious,Malicious,0.8021737337112427
Malicious,Malicious,0.8021737337112427
Malicious,Malicious,0.8021737337112427
Malicious,Malicious,0.8021737337112427
Malicious,Malicious,0.8021737337112427
Malicious,Malicious,0.8021737337112427
Malicious,Malicious,0.8021737337112427
Malicious,Malicious,0.8021737337112427
Malicious,Malicious,0.8021737337112427
Malicious,Malicious,0.8021737337112427
Malicious,Malicious,0.8021737337112427
Malicious,Malicious,0.8021737337112427
Malicious,Malicious,0.8021737337112427
Malicious,Malicious,0.8021737337112427
Malicious,Malicious,0.8021737337112427
Malicious,Malicious,0.8021737337112427
Malicious,Malicious,0.8021737337112427
Malicious,Malicious,0.8021737337112427
Malicious,Malicious,0.8021737337112427
Malicious,Malicious,0.8021737337112427
Malicious,Malicious,0.8021737337112427
Malicious,Malicious,0.8021737337112427
Malicious,Malicious,0.8021737337112427
Malicious,Malicious,0.8021737337112427
Malicious,Malicious,0.8021737337112427
Malicious,Malicious,0.8021737337112427
Malicious,Malicious,0.8021737337112427
Malicious,Malicious,0.8021737337112427
Malicious,Malicious,0.8021737337112427
Malicious,Malicious,0.8021737337112427
Malicious,Malicious,0.8021737337112427
Malicious,Malicious,0.8021737337112427
Malicious,Malicious,0.8021737337112427
Malicious,Malicious,0.8021737337112427
Malicious,Malicious,0.8021737337112427
Malicious,Malicious,0.8021737337112427
Malicious,Malicious,0.8021737337112427
Malicious,Malicious,0.8021737337112427
Malicious,Malicious,0.8021737337112427
Malicious,Malicious,0.8021737337112427
Malicious,Malicious,0.8021737337112427
Malicious,Malicious,0.8021737337112427
Malicious,Malicious,0.8021737337112427
Malicious,Malicious,0.8021737337112427
Malicious,Malicious,0.8021737337112427
Malicious,Malicious,0.8021737337112427
Malicious,Malicious,0.8021737337112427
Malicious,Malicious,0.8021737337112427
Malicious,Malicious,0.8021737337112427
Malicious,Malicious,0.8021737337112427
Malicious,Malicious,0.8021737337112427
Malicious,Malicious,0.8021737337112427
Malicious,Malicious,0.8021737337112427
Malicious,Malicious,0.8021737337112427
Malicious,Malicious,0.8021737337112427
Malicious,Malicious,0.8021737337112427
Malicious,Malicious,0.8021737337112427
Malicious,Malicious,0.8021737337112427
Malicious,Malicious,0.8021737337112427
Malicious,Malicious,0.8021737337112427
Malicious,Malicious,0.8021737337112427
Malicious,Malicious,0.8021737337112427
Malicious,Malicious,0.8021737337112427
Malicious,Malicious,0.8021737337112427
Malicious,Malicious,0.8021737337112427
Malicious,Malicious,0.8021737337112427
Malicious,Malicious,0.8021737337112427
Malicious,Malicious,0.8021737337112427
Malicious,Malicious,0.8021737337112427
Malicious,Malicious,0.8021737337112427
Malicious,Malicious,0.8021737337112427
Malicious,Malicious,0.7987455725669861
Malicious,Malicious,0.8021737337112427
Malicious,Benign,0.20665685832500458
Malicious,Malicious,0.8021737337112427
Malicious,Malicious,0.8021737337112427
Malicious,Malicious,0.8021737337112427
Malicious,Malicious,0.8021737337112427
Malicious,Malicious,0.8021737337112427
Malicious,Malicious,0.8021737337112427
Malicious,Malicious,0.8021737337112427
Malicious,Malicious,0.8021737337112427
Malicious,Malicious,0.8021737337112427
Malicious,Malicious,0.8021737337112427
Malicious,Malicious,0.8021737337112427
Malicious,Malicious,0.8021737337112427
Malicious,Malicious,0.8021737337112427
Malicious,Malicious,0.8021737337112427
Malicious,Malicious,0.8021737337112427
Malicious,Malicious,0.8021737337112427
Malicious,Malicious,0.8021737337112427
Malicious,Malicious,0.8021737337112427
Malicious,Malicious,0.8021737337112427
Malicious,Malicious,0.8021737337112427
Malicious,Malicious,0.8021737337112427
Malicious,Malicious,0.8021737337112427
Malicious,Malicious,0.8021737337112427
Malicious,Malicious,0.8021737337112427
Malicious,Malicious,0.8021737337112427
Malicious,Malicious,0.8021737337112427
Malicious,Malicious,0.8021737337112427
Malicious,Malicious,0.8021737337112427
Malicious,Malicious,0.8021737337112427
Malicious,Malicious,0.8021737337112427
Malicious,Malicious,0.8021737337112427
Malicious,Benign,0.20845167338848114
Malicious,Malicious,0.8021737337112427
Malicious,Malicious,0.8021737337112427
Malicious,Malicious,0.8021737337112427
Malicious,Malicious,0.8021737337112427
Malicious,Malicious,0.8021737337112427
Malicious,Malicious,0.8021737337112427
Malicious,Malicious,0.8021737337112427
Malicious,Malicious,0.8021737337112427
Malicious,Malicious,0.8021737337112427
Malicious,Malicious,0.8021737337112427
Malicious,Malicious,0.8021737337112427
Malicious,Malicious,0.8021737337112427
Malicious,Malicious,0.8021737337112427
Malicious,Malicious,0.8021737337112427
Malicious,Malicious,0.8021737337112427
Malicious,Malicious,0.8021737337112427
Malicious,Malicious,0.8021737337112427
Malicious,Benign,0.2134828120470047
Malicious,Malicious,0.8021737337112427
Malicious,Benign,0.2088834047317505
Malicious,Malicious,0.8021737337112427
Malicious,Malicious,0.8021737337112427
Malicious,Malicious,0.8021737337112427
Malicious,Malicious,0.8021737337112427
Malicious,Malicious,0.8021737337112427
Malicious,Malicious,0.8021737337112427
Malicious,Malicious,0.8021737337112427
Malicious,Malicious,0.8021737337112427
Malicious,Malicious,0.8021737337112427
Malicious,Malicious,0.8021737337112427
Malicious,Malicious,0.8021737337112427
Malicious,Malicious,0.8021737337112427
Malicious,Malicious,0.8021737337112427
Malicious,Malicious,0.8021737337112427
Malicious,Malicious,0.8021737337112427
Malicious,Malicious,0.8021737337112427
Malicious,Malicious,0.8021737337112427
Malicious,Malicious,0.8021737337112427
Malicious,Malicious,0.8021737337112427
Malicious,Malicious,0.8021737337112427
Malicious,Malicious,0.8021737337112427
Malicious,Malicious,0.8021737337112427
Malicious,Malicious,0.8021737337112427
Malicious,Malicious,0.8021737337112427
Malicious,Malicious,0.8021737337112427
Malicious,Malicious,0.8021737337112427
Malicious,Malicious,0.8021737337112427
Malicious,Malicious,0.8021737337112427
Malicious,Malicious,0.8021737337112427
Malicious,Malicious,0.8021737337112427
Malicious,Malicious,0.8021737337112427
Malicious,Malicious,0.8021737337112427
Malicious,Malicious,0.8021737337112427
Malicious,Malicious,0.8021737337112427
Malicious,Malicious,0.8021737337112427
Malicious,Malicious,0.8021737337112427
Malicious,Malicious,0.8021737337112427
Malicious,Malicious,0.8021737337112427
Malicious,Benign,0.28576013445854187
Malicious,Malicious,0.8021737337112427
Malicious,Malicious,0.8021737337112427
Malicious,Malicious,0.8021737337112427
Malicious,Malicious,0.8021737337112427
Malicious,Malicious,0.8021737337112427
Malicious,Malicious,0.8021737337112427
Malicious,Malicious,0.8021737337112427
Malicious,Malicious,0.8021737337112427
Malicious,Malicious,0.8021737337112427
Malicious,Malicious,0.8021737337112427
Malicious,Malicious,0.8021737337112427
Malicious,Malicious,0.8021737337112427
Malicious,Malicious,0.8021737337112427
Malicious,Malicious,0.8021737337112427
Malicious,Malicious,0.8021737337112427
Malicious,Malicious,0.8021737337112427
Malicious,Malicious,0.8021737337112427
Malicious,Malicious,0.8021737337112427
Malicious,Malicious,0.8021737337112427
Malicious,Malicious,0.8021737337112427
Malicious,Malicious,0.8021737337112427
Malicious,Malicious,0.8021737337112427
Malicious,Malicious,0.8021737337112427
Malicious,Malicious,0.8021737337112427
Malicious,Malicious,0.8021737337112427
Malicious,Malicious,0.8021737337112427
Malicious,Benign,0.21419137716293335
Malicious,Malicious,0.8021737337112427
Malicious,Malicious,0.8021737337112427
Malicious,Malicious,0.8021737337112427
Malicious,Malicious,0.8021737337112427
Malicious,Malicious,0.8021737337112427
Malicious,Malicious,0.8021737337112427
Malicious,Malicious,0.8021737337112427
Malicious,Malicious,0.8021737337112427
Malicious,Malicious,0.8021737337112427
Malicious,Malicious,0.8021737337112427
Malicious,Malicious,0.8021737337112427
Malicious,Malicious,0.8021737337112427
Malicious,Malicious,0.8021737337112427
Malicious,Malicious,0.8021737337112427
Malicious,Malicious,0.8021737337112427
Malicious,Malicious,0.8021737337112427
Malicious,Malicious,0.8021737337112427
Malicious,Malicious,0.8021737337112427
Malicious,Malicious,0.8021737337112427
Malicious,Malicious,0.8021737337112427
Malicious,Malicious,0.8021737337112427
Malicious,Malicious,0.8021737337112427
Malicious,Malicious,0.8021737337112427
Malicious,Malicious,0.8021737337112427
Malicious,Malicious,0.8021737337112427
Malicious,Malicious,0.8021737337112427
Malicious,Malicious,0.8021737337112427
Malicious,Malicious,0.8021737337112427
Malicious,Malicious,0.8021737337112427
Malicious,Malicious,0.8021737337112427
Malicious,Malicious,0.8021737337112427
Malicious,Malicious,0.8021737337112427
Malicious,Malicious,0.8021737337112427
Malicious,Malicious,0.8021737337112427
Malicious,Malicious,0.8021737337112427
Malicious,Malicious,0.8021737337112427
Malicious,Malicious,0.8021737337112427
Malicious,Malicious,0.8021737337112427
Malicious,Malicious,0.8021737337112427
Malicious,Malicious,0.8021737337112427
Malicious,Malicious,0.8021737337112427
Malicious,Malicious,0.8021737337112427
Malicious,Malicious,0.8021737337112427
Malicious,Malicious,0.8021737337112427
Malicious,Malicious,0.8021737337112427
Malicious,Malicious,0.8021737337112427
Malicious,Malicious,0.8021737337112427
Malicious,Malicious,0.8021737337112427
Malicious,Malicious,0.8021737337112427
Malicious,Malicious,0.8021737337112427
Malicious,Malicious,0.8021737337112427
Malicious,Malicious,0.8021737337112427
Malicious,Malicious,0.8021737337112427
Malicious,Malicious,0.8021737337112427
Malicious,Malicious,0.8021737337112427
Malicious,Malicious,0.8021737337112427
Malicious,Malicious,0.8021737337112427
Malicious,Malicious,0.8021737337112427
Malicious,Malicious,0.8021737337112427
Malicious,Malicious,0.8021737337112427
Malicious,Malicious,0.8021737337112427
Malicious,Malicious,0.8021737337112427
Malicious,Malicious,0.8021737337112427
Malicious,Malicious,0.8021737337112427
Malicious,Malicious,0.8021737337112427
Malicious,Malicious,0.8021737337112427
Malicious,Malicious,0.8021737337112427
Malicious,Malicious,0.8021737337112427
Malicious,Malicious,0.8021737337112427
Malicious,Malicious,0.8021737337112427
Malicious,Malicious,0.8021737337112427
Malicious,Malicious,0.8021737337112427
Malicious,Malicious,0.8021737337112427
Malicious,Malicious,0.8021737337112427
Malicious,Malicious,0.8021737337112427
Malicious,Malicious,0.8021737337112427
Malicious,Malicious,0.8021737337112427
Malicious,Malicious,0.8021737337112427
Malicious,Malicious,0.8021737337112427
Malicious,Malicious,0.8021737337112427
Malicious,Malicious,0.8016975522041321
Malicious,Malicious,0.8021737337112427
Malicious,Benign,0.2293373942375183
Malicious,Malicious,0.8021737337112427
Malicious,Malicious,0.8021737337112427
Malicious,Malicious,0.8021737337112427
Malicious,Malicious,0.8021737337112427
Malicious,Malicious,0.8021737337112427
Malicious,Malicious,0.8021737337112427
Malicious,Malicious,0.8021737337112427
Malicious,Malicious,0.8021737337112427
Malicious,Malicious,0.8021737337112427
Malicious,Malicious,0.8021737337112427
Malicious,Malicious,0.8021737337112427
Malicious,Malicious,0.799697995185852
Malicious,Malicious,0.8021737337112427
Malicious,Malicious,0.8021737337112427
Malicious,Malicious,0.8021737337112427
Malicious,Malicious,0.8021737337112427
Malicious,Malicious,0.8021737337112427
Malicious,Malicious,0.8021737337112427
Malicious,Malicious,0.8021737337112427
Malicious,Malicious,0.8021737337112427
Malicious,Malicious,0.8021737337112427
Malicious,Malicious,0.8021737337112427
Malicious,Malicious,0.8021737337112427
Malicious,Malicious,0.8021737337112427
Malicious,Malicious,0.8021737337112427
Malicious,Malicious,0.8021737337112427
Malicious,Malicious,0.8021737337112427
Malicious,Malicious,0.8021737337112427
Malicious,Malicious,0.8021737337112427
Malicious,Malicious,0.8021737337112427
Malicious,Malicious,0.8021737337112427
Malicious,Malicious,0.8021737337112427
Malicious,Malicious,0.8021737337112427
Malicious,Malicious,0.8021737337112427
Malicious,Malicious,0.8021737337112427
Malicious,Malicious,0.8021737337112427
Malicious,Malicious,0.8021737337112427
Malicious,Malicious,0.8021737337112427
Malicious,Malicious,0.8021737337112427
Malicious,Malicious,0.8021737337112427
Malicious,Malicious,0.8021737337112427
Malicious,Malicious,0.8021737337112427
Malicious,Malicious,0.8021737337112427
Malicious,Malicious,0.8021737337112427
Malicious,Malicious,0.8021737337112427
Malicious,Malicious,0.8021737337112427
Malicious,Malicious,0.8021737337112427
Malicious,Malicious,0.8021737337112427
Malicious,Malicious,0.8021737337112427
Malicious,Malicious,0.8021737337112427
Malicious,Malicious,0.8021737337112427
Malicious,Malicious,0.8021737337112427
Malicious,Malicious,0.8021737337112427
Malicious,Malicious,0.8021737337112427
Malicious,Malicious,0.8021737337112427
Malicious,Malicious,0.8021737337112427
Malicious,Malicious,0.8021737337112427
Malicious,Malicious,0.8021737337112427
Malicious,Malicious,0.8021737337112427
Malicious,Malicious,0.8021737337112427
Malicious,Malicious,0.8021737337112427
Malicious,Malicious,0.8021737337112427
Malicious,Malicious,0.8021737337112427
Malicious,Malicious,0.8021737337112427
Malicious,Malicious,0.8021737337112427
Malicious,Malicious,0.8021737337112427
Malicious,Malicious,0.8021737337112427
Malicious,Malicious,0.8021737337112427
Malicious,Malicious,0.8021737337112427
Malicious,Malicious,0.8021737337112427
Malicious,Malicious,0.7616980671882629
Malicious,Malicious,0.8021737337112427
Malicious,Malicious,0.8021737337112427
Malicious,Malicious,0.8021737337112427
Malicious,Malicious,0.8021737337112427
Malicious,Malicious,0.8021737337112427
Malicious,Malicious,0.8021737337112427
Malicious,Malicious,0.8021737337112427
Malicious,Malicious,0.7999588251113892
Malicious,Malicious,0.8021737337112427
Malicious,Malicious,0.8021737337112427
Malicious,Malicious,0.8021737337112427
Malicious,Malicious,0.8021737337112427
Malicious,Malicious,0.8021737337112427
Malicious,Malicious,0.8021737337112427
Malicious,Malicious,0.8021737337112427
Malicious,Malicious,0.8021737337112427
Malicious,Malicious,0.8021737337112427
Malicious,Malicious,0.8021737337112427
Malicious,Malicious,0.8021737337112427
Malicious,Malicious,0.8021737337112427
Malicious,Malicious,0.8021737337112427
Malicious,Malicious,0.8021737337112427
Malicious,Malicious,0.8021737337112427
Malicious,Malicious,0.8021737337112427
Malicious,Malicious,0.8021737337112427
Malicious,Malicious,0.8021737337112427
Malicious,Malicious,0.8021737337112427
Malicious,Malicious,0.8021737337112427
Malicious,Malicious,0.8021737337112427
Malicious,Malicious,0.8021737337112427
Malicious,Malicious,0.8021737337112427
Malicious,Malicious,0.8021737337112427
Malicious,Malicious,0.8021737337112427
Malicious,Malicious,0.8021737337112427
Malicious,Malicious,0.8021737337112427
Malicious,Malicious,0.8021737337112427
Malicious,Malicious,0.8021737337112427
Malicious,Malicious,0.8021737337112427
Malicious,Malicious,0.8021737337112427
Malicious,Malicious,0.8021737337112427
Malicious,Malicious,0.8021737337112427
Malicious,Malicious,0.8021737337112427
Malicious,Malicious,0.8021737337112427
Malicious,Malicious,0.8021737337112427
Malicious,Malicious,0.8021737337112427
Malicious,Malicious,0.8021737337112427
Malicious,Malicious,0.8021737337112427
Malicious,Malicious,0.8021737337112427
Malicious,Malicious,0.8021737337112427
Malicious,Malicious,0.8021737337112427
Malicious,Malicious,0.8021737337112427
Malicious,Malicious,0.7997927665710449
Malicious,Malicious,0.8021737337112427
Malicious,Malicious,0.8021737337112427
Malicious,Malicious,0.8021737337112427
Malicious,Malicious,0.8021737337112427
Malicious,Malicious,0.8021737337112427
Malicious,Malicious,0.8021737337112427
Malicious,Malicious,0.8021737337112427
Malicious,Malicious,0.8021737337112427
Malicious,Malicious,0.8021737337112427
Malicious,Malicious,0.8021737337112427
Malicious,Benign,0.22467143833637238
Malicious,Malicious,0.8021737337112427
Malicious,Malicious,0.8021737337112427
Malicious,Malicious,0.8021737337112427
Malicious,Malicious,0.8021737337112427
Malicious,Malicious,0.8021737337112427
Malicious,Malicious,0.8021737337112427
Malicious,Malicious,0.8021737337112427
Malicious,Malicious,0.8021737337112427
Malicious,Malicious,0.8021737337112427
Malicious,Malicious,0.8021737337112427
Malicious,Malicious,0.8021737337112427
Malicious,Malicious,0.8021737337112427
Malicious,Malicious,0.8021737337112427
Malicious,Malicious,0.8021737337112427
Malicious,Malicious,0.8021737337112427
Malicious,Malicious,0.8021737337112427
Malicious,Malicious,0.8021737337112427
Malicious,Malicious,0.8021737337112427
Malicious,Malicious,0.8005383014678955
Malicious,Malicious,0.8021737337112427
Malicious,Malicious,0.8021737337112427
Malicious,Malicious,0.8021737337112427
Malicious,Malicious,0.8021737337112427
Malicious,Malicious,0.8021737337112427
Malicious,Malicious,0.8021737337112427
Malicious,Malicious,0.8021737337112427
Malicious,Malicious,0.8021737337112427
Malicious,Malicious,0.8021737337112427
Malicious,Malicious,0.8021737337112427
Malicious,Malicious,0.8021737337112427
Malicious,Malicious,0.8021737337112427
Malicious,Malicious,0.8021737337112427
Malicious,Malicious,0.8021737337112427
Malicious,Malicious,0.8021737337112427
Malicious,Malicious,0.8021737337112427
Malicious,Malicious,0.8021737337112427
Malicious,Malicious,0.8021737337112427
Malicious,Malicious,0.8021737337112427
Malicious,Malicious,0.8021737337112427
Malicious,Malicious,0.8021737337112427
Malicious,Malicious,0.8021737337112427
Malicious,Malicious,0.8021737337112427
Malicious,Malicious,0.8021737337112427
Malicious,Malicious,0.8021737337112427
Malicious,Malicious,0.8021737337112427
Malicious,Malicious,0.8021737337112427
Malicious,Malicious,0.8021737337112427
Malicious,Malicious,0.8021737337112427
Malicious,Malicious,0.8021737337112427
Malicious,Malicious,0.8021737337112427
Malicious,Malicious,0.8021737337112427
Malicious,Malicious,0.8016975522041321
Malicious,Malicious,0.8021737337112427
Malicious,Malicious,0.8021737337112427
Malicious,Malicious,0.8021737337112427
Malicious,Malicious,0.8021737337112427
Malicious,Malicious,0.8021737337112427
Malicious,Malicious,0.8021737337112427
Malicious,Malicious,0.8021737337112427
Malicious,Malicious,0.8021737337112427
Malicious,Malicious,0.8021737337112427
Malicious,Malicious,0.8021737337112427
Malicious,Malicious,0.8021737337112427
Malicious,Malicious,0.8021737337112427
Malicious,Malicious,0.8021737337112427
Malicious,Malicious,0.8021737337112427
Malicious,Malicious,0.8021737337112427
Malicious,Malicious,0.8021737337112427
Malicious,Malicious,0.8021737337112427
Malicious,Malicious,0.8021737337112427
Malicious,Malicious,0.8021737337112427
Malicious,Malicious,0.8021737337112427
Malicious,Malicious,0.8021737337112427
Malicious,Malicious,0.8021737337112427
Malicious,Malicious,0.8021737337112427
Malicious,Malicious,0.8021737337112427
Malicious,Malicious,0.8021737337112427
Malicious,Malicious,0.8021737337112427
Malicious,Malicious,0.8021737337112427
Malicious,Malicious,0.8021737337112427
Malicious,Malicious,0.8021737337112427
Malicious,Malicious,0.8021737337112427
Malicious,Malicious,0.8021737337112427
Malicious,Malicious,0.8021737337112427
Malicious,Malicious,0.8021737337112427
Malicious,Malicious,0.8021737337112427
Malicious,Malicious,0.8021737337112427
Malicious,Malicious,0.8021737337112427
Malicious,Malicious,0.8021737337112427
Malicious,Malicious,0.8021737337112427
Malicious,Malicious,0.8021737337112427
Malicious,Malicious,0.8021737337112427
Malicious,Malicious,0.8021737337112427
Malicious,Malicious,0.8021737337112427
Malicious,Malicious,0.8021737337112427
Malicious,Malicious,0.8021737337112427
Malicious,Malicious,0.8021737337112427
Malicious,Malicious,0.8021737337112427
Malicious,Malicious,0.8016975522041321
Malicious,Malicious,0.8021737337112427
Malicious,Malicious,0.8021737337112427
Malicious,Malicious,0.8021737337112427
Malicious,Malicious,0.8021737337112427
Malicious,Malicious,0.8021737337112427
Malicious,Malicious,0.8021737337112427
Malicious,Malicious,0.8021737337112427
Malicious,Malicious,0.8021737337112427
Malicious,Malicious,0.8021737337112427
Malicious,Malicious,0.8021737337112427
Malicious,Malicious,0.8021737337112427
Malicious,Malicious,0.8021737337112427
Malicious,Malicious,0.8021737337112427
Malicious,Malicious,0.8021737337112427
Malicious,Malicious,0.8021737337112427
Malicious,Malicious,0.8021737337112427
Malicious,Malicious,0.8021737337112427
Malicious,Malicious,0.8021737337112427
Malicious,Malicious,0.8021737337112427
Malicious,Malicious,0.8021737337112427
Malicious,Malicious,0.8021737337112427
Malicious,Malicious,0.8021737337112427
Malicious,Malicious,0.8021737337112427
Malicious,Malicious,0.8021737337112427
Malicious,Malicious,0.8021737337112427
Malicious,Malicious,0.8021737337112427
Malicious,Malicious,0.8021737337112427
Malicious,Malicious,0.8021737337112427
Malicious,Malicious,0.8021737337112427
Malicious,Malicious,0.8021737337112427
Malicious,Malicious,0.8021737337112427
Malicious,Malicious,0.8021737337112427
Malicious,Malicious,0.8021737337112427
Malicious,Malicious,0.8021737337112427
Malicious,Malicious,0.8021737337112427
Malicious,Malicious,0.8021737337112427
Malicious,Malicious,0.8016975522041321
Malicious,Malicious,0.8021737337112427
Malicious,Malicious,0.8021737337112427
Malicious,Malicious,0.8021737337112427
Malicious,Malicious,0.8021737337112427
Malicious,Malicious,0.8021737337112427
Malicious,Malicious,0.8021737337112427
Malicious,Malicious,0.8021737337112427
Malicious,Malicious,0.8021737337112427
Malicious,Benign,0.2353314310312271
Malicious,Malicious,0.8021737337112427
Malicious,Malicious,0.8021737337112427
Malicious,Malicious,0.8021737337112427
Malicious,Malicious,0.8021737337112427
Malicious,Malicious,0.8021737337112427
Malicious,Malicious,0.8021737337112427
Malicious,Malicious,0.8021737337112427
Malicious,Malicious,0.8021737337112427
Malicious,Malicious,0.8021737337112427
Malicious,Malicious,0.8021737337112427
Malicious,Malicious,0.8021737337112427
Malicious,Malicious,0.8021737337112427
Malicious,Malicious,0.8021737337112427
Malicious,Malicious,0.8021737337112427
Malicious,Malicious,0.8021737337112427
Malicious,Malicious,0.8021737337112427
Malicious,Malicious,0.8021737337112427
Malicious,Malicious,0.8021737337112427
Malicious,Malicious,0.8021737337112427
Malicious,Malicious,0.8021737337112427
Malicious,Malicious,0.8021737337112427
Malicious,Malicious,0.8021737337112427
Malicious,Malicious,0.8021737337112427
Malicious,Malicious,0.8021737337112427
Malicious,Malicious,0.8021737337112427
Malicious,Malicious,0.8021737337112427
Malicious,Malicious,0.8021737337112427
Malicious,Malicious,0.8021737337112427
Malicious,Malicious,0.8021737337112427
Malicious,Malicious,0.8021737337112427
Malicious,Malicious,0.8021737337112427
Malicious,Malicious,0.8021737337112427
Malicious,Malicious,0.8021737337112427
Malicious,Malicious,0.8021737337112427
Malicious,Malicious,0.8021737337112427
Malicious,Malicious,0.8021737337112427
Malicious,Malicious,0.8021737337112427
Malicious,Malicious,0.8021737337112427
Malicious,Malicious,0.8021737337112427
Malicious,Malicious,0.8021737337112427
Malicious,Malicious,0.8021737337112427
Malicious,Malicious,0.8021737337112427
Malicious,Malicious,0.8021737337112427
Malicious,Malicious,0.8021737337112427
Malicious,Malicious,0.8021737337112427
Malicious,Malicious,0.8021737337112427
Malicious,Malicious,0.8021737337112427
Malicious,Malicious,0.8021737337112427
Malicious,Malicious,0.8021737337112427
Malicious,Malicious,0.8021737337112427
Malicious,Malicious,0.8021737337112427
Malicious,Malicious,0.8021737337112427
Malicious,Malicious,0.8021737337112427
Malicious,Malicious,0.8021737337112427
Malicious,Malicious,0.8021737337112427
Malicious,Malicious,0.8021737337112427
Malicious,Malicious,0.8021737337112427
Malicious,Malicious,0.8021737337112427
Malicious,Malicious,0.8021737337112427
Malicious,Malicious,0.8021737337112427
Malicious,Malicious,0.8021737337112427
Malicious,Benign,0.23651085793972015
Malicious,Malicious,0.8021737337112427
Malicious,Malicious,0.8021737337112427
Malicious,Malicious,0.8021737337112427
Malicious,Malicious,0.8021737337112427
Malicious,Malicious,0.8021737337112427
Malicious,Malicious,0.8021737337112427
Malicious,Malicious,0.8021737337112427
Malicious,Malicious,0.8021737337112427
Malicious,Malicious,0.8021737337112427
Malicious,Malicious,0.8021737337112427
Malicious,Malicious,0.8021737337112427
Malicious,Malicious,0.8021737337112427
Malicious,Malicious,0.8021737337112427
Malicious,Malicious,0.8021737337112427
Malicious,Malicious,0.8021737337112427
Malicious,Malicious,0.8021737337112427
Malicious,Malicious,0.8021737337112427
Malicious,Malicious,0.8021737337112427
Malicious,Malicious,0.8021737337112427
Malicious,Malicious,0.8021737337112427
Malicious,Malicious,0.8021737337112427
Malicious,Malicious,0.8021737337112427
Malicious,Malicious,0.8021737337112427
Malicious,Malicious,0.8021737337112427
Malicious,Malicious,0.8021737337112427
Malicious,Malicious,0.8021737337112427
Malicious,Malicious,0.8021737337112427
Malicious,Malicious,0.8021737337112427
Malicious,Malicious,0.8021737337112427
Malicious,Malicious,0.8021737337112427
Malicious,Malicious,0.8021737337112427
Malicious,Malicious,0.8021737337112427
Malicious,Malicious,0.8021737337112427
Malicious,Malicious,0.8021737337112427
Malicious,Malicious,0.8021737337112427
Malicious,Malicious,0.8021737337112427
Malicious,Malicious,0.8021737337112427
Malicious,Malicious,0.8021737337112427
Malicious,Malicious,0.8021737337112427
Malicious,Malicious,0.8021737337112427
Malicious,Malicious,0.8021737337112427
Malicious,Malicious,0.8021737337112427
Malicious,Malicious,0.8021737337112427
Malicious,Malicious,0.8021737337112427
Malicious,Malicious,0.8021737337112427
Malicious,Malicious,0.8021737337112427
Malicious,Malicious,0.8021737337112427
Malicious,Malicious,0.8021737337112427
Malicious,Malicious,0.8021737337112427
Malicious,Malicious,0.8021737337112427
Malicious,Malicious,0.8021737337112427
Malicious,Malicious,0.8021737337112427
Malicious,Malicious,0.8021737337112427
Malicious,Malicious,0.8021737337112427
Malicious,Malicious,0.8021737337112427
Malicious,Malicious,0.8021737337112427
Malicious,Malicious,0.8021737337112427
Malicious,Malicious,0.8021737337112427
Malicious,Malicious,0.8021737337112427
Malicious,Malicious,0.8021737337112427
Malicious,Malicious,0.8021737337112427
Malicious,Malicious,0.8021737337112427
Malicious,Malicious,0.8021737337112427
Malicious,Malicious,0.8021737337112427
Malicious,Malicious,0.8021737337112427
Malicious,Malicious,0.8021737337112427
Malicious,Malicious,0.8021737337112427
Malicious,Malicious,0.8021737337112427
Malicious,Malicious,0.8021737337112427
Malicious,Malicious,0.8021737337112427
Malicious,Malicious,0.8021737337112427
Malicious,Malicious,0.8021737337112427
Malicious,Malicious,0.8021737337112427
Malicious,Malicious,0.8021737337112427
Malicious,Malicious,0.8021737337112427
Malicious,Malicious,0.8021737337112427
Malicious,Malicious,0.8021737337112427
Malicious,Malicious,0.8021737337112427
Malicious,Malicious,0.8021737337112427
Malicious,Malicious,0.8021737337112427
Malicious,Malicious,0.8021737337112427
Malicious,Malicious,0.8021737337112427
Malicious,Malicious,0.8021737337112427
Malicious,Malicious,0.8021737337112427
Malicious,Malicious,0.8021737337112427
Malicious,Malicious,0.8021737337112427
Malicious,Malicious,0.8021737337112427
Malicious,Malicious,0.8021737337112427
Malicious,Malicious,0.8021737337112427
Malicious,Malicious,0.8021737337112427
Malicious,Malicious,0.8021737337112427
Malicious,Malicious,0.8021737337112427
Malicious,Malicious,0.8021737337112427
Malicious,Malicious,0.8021737337112427
Malicious,Malicious,0.8021737337112427
Malicious,Malicious,0.8021737337112427
Malicious,Malicious,0.8021737337112427
Malicious,Malicious,0.8021737337112427
Malicious,Malicious,0.8021737337112427
Malicious,Malicious,0.8021737337112427
Malicious,Malicious,0.8021737337112427
Malicious,Malicious,0.8021737337112427
Malicious,Malicious,0.8021737337112427
Malicious,Malicious,0.8021737337112427
Malicious,Malicious,0.8021737337112427
Malicious,Malicious,0.8021737337112427
Malicious,Malicious,0.8021737337112427
Malicious,Malicious,0.8021737337112427
Malicious,Malicious,0.8021737337112427
Malicious,Malicious,0.8021737337112427
Malicious,Malicious,0.8021737337112427
Malicious,Malicious,0.8021737337112427
Malicious,Malicious,0.8021737337112427
Malicious,Malicious,0.8021737337112427
Malicious,Malicious,0.8021737337112427
Malicious,Malicious,0.8006503582000732
Malicious,Malicious,0.8021737337112427
Malicious,Malicious,0.8021737337112427
Malicious,Malicious,0.8021737337112427
Malicious,Malicious,0.8018901944160461
Malicious,Malicious,0.8021737337112427
Malicious,Malicious,0.8021737337112427
Malicious,Malicious,0.8021737337112427
Malicious,Malicious,0.8021737337112427
Malicious,Malicious,0.8021737337112427
Malicious,Malicious,0.8021737337112427
Malicious,Malicious,0.8021737337112427
Malicious,Malicious,0.8021737337112427
Malicious,Malicious,0.8021737337112427
Malicious,Malicious,0.8021737337112427
Malicious,Malicious,0.8021737337112427
Malicious,Malicious,0.8021737337112427
Malicious,Malicious,0.8021737337112427
Malicious,Malicious,0.8021737337112427
Malicious,Malicious,0.8021737337112427
Malicious,Malicious,0.8021737337112427
Malicious,Malicious,0.8021737337112427
Malicious,Malicious,0.8021737337112427
Malicious,Malicious,0.8021737337112427
Malicious,Malicious,0.8021737337112427
Malicious,Malicious,0.8021737337112427
Malicious,Malicious,0.8021737337112427
Malicious,Malicious,0.8021737337112427
Malicious,Malicious,0.8021737337112427
Malicious,Malicious,0.8021737337112427
Malicious,Malicious,0.8021737337112427
Malicious,Malicious,0.8021737337112427
Malicious,Malicious,0.8021737337112427
Malicious,Malicious,0.8021737337112427
Malicious,Malicious,0.8021737337112427
Malicious,Malicious,0.8021737337112427
Malicious,Malicious,0.8021737337112427
Malicious,Malicious,0.8021737337112427
Malicious,Malicious,0.8021737337112427
Malicious,Malicious,0.8021737337112427
Malicious,Malicious,0.8021737337112427
Malicious,Malicious,0.8021737337112427
Malicious,Malicious,0.8021737337112427
Malicious,Malicious,0.8021737337112427
Malicious,Malicious,0.8021737337112427
Malicious,Malicious,0.8021737337112427
Malicious,Malicious,0.8021737337112427
Malicious,Malicious,0.8021737337112427
Malicious,Malicious,0.8021737337112427
Malicious,Malicious,0.8021737337112427
Malicious,Malicious,0.8021737337112427
Malicious,Malicious,0.8021737337112427
Malicious,Malicious,0.8021737337112427
Malicious,Malicious,0.8021737337112427
Malicious,Malicious,0.8021737337112427
Malicious,Malicious,0.8021737337112427
Malicious,Malicious,0.8021737337112427
Malicious,Malicious,0.8021737337112427
Malicious,Malicious,0.8021737337112427
Malicious,Malicious,0.8021737337112427
Malicious,Malicious,0.8021737337112427
Malicious,Malicious,0.8021737337112427
Malicious,Malicious,0.8021737337112427
Malicious,Malicious,0.8021737337112427
Malicious,Malicious,0.8021737337112427
Malicious,Malicious,0.8021737337112427
Malicious,Benign,0.19999022781848907
Malicious,Malicious,0.8021737337112427
Malicious,Malicious,0.8021737337112427
Malicious,Malicious,0.8021737337112427
Malicious,Malicious,0.8021737337112427
Malicious,Malicious,0.8021737337112427
Malicious,Malicious,0.8021737337112427
Malicious,Malicious,0.8021737337112427
Malicious,Malicious,0.8021737337112427
Malicious,Malicious,0.8021737337112427
Malicious,Malicious,0.8021737337112427
Malicious,Malicious,0.8021737337112427
Malicious,Malicious,0.8021737337112427
Malicious,Malicious,0.8021737337112427
Malicious,Malicious,0.8021737337112427
Malicious,Malicious,0.8021737337112427
Malicious,Malicious,0.8021737337112427
Malicious,Malicious,0.8021737337112427
Malicious,Malicious,0.8021737337112427
Malicious,Malicious,0.8021737337112427
Malicious,Malicious,0.8021737337112427
Malicious,Malicious,0.8021737337112427
Malicious,Malicious,0.8021737337112427
Malicious,Malicious,0.8021737337112427
Malicious,Malicious,0.8021737337112427
Malicious,Malicious,0.8021737337112427
Malicious,Malicious,0.8021737337112427
Malicious,Malicious,0.8021737337112427
Malicious,Malicious,0.8021737337112427
Malicious,Malicious,0.8021737337112427
Malicious,Malicious,0.8021737337112427
Malicious,Malicious,0.8021737337112427
Malicious,Malicious,0.8021737337112427
Malicious,Malicious,0.8021737337112427
Malicious,Malicious,0.8021737337112427
Malicious,Malicious,0.8021737337112427
Malicious,Malicious,0.8021737337112427
Malicious,Malicious,0.8021737337112427
Malicious,Malicious,0.8021737337112427
Malicious,Malicious,0.8021737337112427
Malicious,Malicious,0.8021737337112427
Malicious,Malicious,0.8021737337112427
Malicious,Malicious,0.8021737337112427
Malicious,Malicious,0.8021737337112427
Malicious,Malicious,0.8021737337112427
Malicious,Malicious,0.8021737337112427
Malicious,Malicious,0.8021737337112427
Malicious,Malicious,0.8021737337112427
Malicious,Malicious,0.8021737337112427
Malicious,Malicious,0.8021737337112427
Malicious,Malicious,0.796459436416626
Malicious,Malicious,0.8021737337112427
Malicious,Malicious,0.8021737337112427
Malicious,Malicious,0.8021737337112427
Malicious,Malicious,0.8021737337112427
Malicious,Malicious,0.8021737337112427
Malicious,Malicious,0.8021737337112427
Malicious,Malicious,0.8021737337112427
Malicious,Malicious,0.8021737337112427
Malicious,Malicious,0.8021737337112427
Malicious,Malicious,0.8021737337112427
Malicious,Malicious,0.8021737337112427
Malicious,Malicious,0.8021737337112427
Malicious,Malicious,0.8021737337112427
Malicious,Malicious,0.8021737337112427
Malicious,Malicious,0.8021737337112427
Malicious,Malicious,0.8021737337112427
Malicious,Malicious,0.8021737337112427
Malicious,Malicious,0.8021737337112427
Malicious,Malicious,0.8021737337112427
Malicious,Malicious,0.8021737337112427
Malicious,Malicious,0.8021737337112427
Malicious,Malicious,0.8021737337112427
Malicious,Malicious,0.8021737337112427
Malicious,Malicious,0.8021737337112427
Malicious,Malicious,0.8021737337112427
Malicious,Malicious,0.8021737337112427
Malicious,Malicious,0.8021737337112427
Malicious,Malicious,0.8021737337112427
Malicious,Malicious,0.8021737337112427
Malicious,Malicious,0.8021737337112427
Malicious,Malicious,0.8021737337112427
Malicious,Malicious,0.8021737337112427
Malicious,Malicious,0.8021737337112427
Malicious,Malicious,0.8021737337112427
Malicious,Malicious,0.8021737337112427
Malicious,Malicious,0.8021737337112427
Malicious,Malicious,0.8021737337112427
Malicious,Benign,0.20229533314704895
Malicious,Malicious,0.8021737337112427
Malicious,Malicious,0.8021737337112427
Malicious,Malicious,0.8021737337112427
Malicious,Malicious,0.8021737337112427
Malicious,Malicious,0.8021737337112427
Malicious,Malicious,0.8021737337112427
Malicious,Malicious,0.8021737337112427
Malicious,Malicious,0.8021737337112427
Malicious,Malicious,0.8021737337112427
Malicious,Malicious,0.8021737337112427
Malicious,Malicious,0.8021737337112427
Malicious,Malicious,0.8021737337112427
Malicious,Malicious,0.8021737337112427
Malicious,Malicious,0.8021737337112427
Malicious,Malicious,0.8021737337112427
Malicious,Malicious,0.8021737337112427
Malicious,Malicious,0.8021737337112427
Malicious,Malicious,0.8021737337112427
Malicious,Malicious,0.8021737337112427
Malicious,Malicious,0.8021737337112427
Malicious,Malicious,0.8021737337112427
Malicious,Malicious,0.8021737337112427
Malicious,Malicious,0.8021737337112427
Malicious,Malicious,0.8021737337112427
Malicious,Malicious,0.8021737337112427
Malicious,Malicious,0.8021737337112427
Malicious,Malicious,0.8021737337112427
Malicious,Malicious,0.8021737337112427
Malicious,Malicious,0.8016975522041321
Malicious,Malicious,0.8021737337112427
Malicious,Malicious,0.8021737337112427
Malicious,Malicious,0.8021737337112427
Malicious,Malicious,0.8021737337112427
Malicious,Malicious,0.8021737337112427
Malicious,Malicious,0.8021737337112427
Malicious,Malicious,0.8021737337112427
Malicious,Malicious,0.8021737337112427
Malicious,Malicious,0.8021737337112427
Malicious,Malicious,0.8021737337112427
Malicious,Malicious,0.8021737337112427
Malicious,Malicious,0.8021737337112427
Malicious,Malicious,0.8021737337112427
Malicious,Malicious,0.8021737337112427
Malicious,Malicious,0.8021737337112427
Malicious,Malicious,0.8021737337112427
Malicious,Malicious,0.8021737337112427
Malicious,Malicious,0.8021737337112427
Malicious,Malicious,0.8021737337112427
Malicious,Malicious,0.8021737337112427
Malicious,Malicious,0.8021737337112427
Malicious,Malicious,0.8021737337112427
Malicious,Malicious,0.8021737337112427
Malicious,Malicious,0.8021737337112427
Malicious,Malicious,0.8021737337112427
Malicious,Malicious,0.8021737337112427
Malicious,Malicious,0.8021737337112427
Malicious,Malicious,0.8021737337112427
Malicious,Malicious,0.8021737337112427
Malicious,Malicious,0.8021737337112427
Malicious,Malicious,0.8021737337112427
Malicious,Malicious,0.8021737337112427
Malicious,Malicious,0.8021737337112427
Malicious,Malicious,0.8021737337112427
Malicious,Malicious,0.8021737337112427
Malicious,Malicious,0.8021737337112427
Malicious,Malicious,0.8021737337112427
Malicious,Malicious,0.8021737337112427
Malicious,Malicious,0.8021737337112427
Malicious,Malicious,0.8021737337112427
Malicious,Malicious,0.8021737337112427
Malicious,Malicious,0.8021737337112427
Malicious,Malicious,0.8021737337112427
Malicious,Malicious,0.8021737337112427
Malicious,Malicious,0.8021737337112427
Malicious,Malicious,0.8021737337112427
Malicious,Malicious,0.8021737337112427
Malicious,Malicious,0.8021737337112427
Malicious,Malicious,0.8021737337112427
Malicious,Malicious,0.8021737337112427
Malicious,Malicious,0.8021737337112427
Malicious,Malicious,0.8021737337112427
Malicious,Malicious,0.8021737337112427
Malicious,Malicious,0.8021737337112427
Malicious,Malicious,0.8021737337112427
Malicious,Malicious,0.8021737337112427
Malicious,Malicious,0.8021737337112427
Malicious,Malicious,0.8021737337112427
Malicious,Malicious,0.8021737337112427
Malicious,Malicious,0.8021737337112427
Malicious,Malicious,0.8021737337112427
Malicious,Malicious,0.8021737337112427
Malicious,Malicious,0.8021737337112427
Malicious,Malicious,0.8021737337112427
Malicious,Malicious,0.8021737337112427
Malicious,Malicious,0.8021737337112427
Malicious,Malicious,0.8021737337112427
Malicious,Malicious,0.8021737337112427
Malicious,Malicious,0.8021737337112427
Malicious,Malicious,0.8021737337112427
Malicious,Malicious,0.8021737337112427
Malicious,Malicious,0.8021737337112427
Malicious,Malicious,0.8021737337112427
Malicious,Malicious,0.8021737337112427
Malicious,Malicious,0.8021737337112427
Malicious,Malicious,0.8021737337112427
Malicious,Malicious,0.8021737337112427
Malicious,Malicious,0.8021737337112427
Malicious,Malicious,0.8021737337112427
Malicious,Malicious,0.8021737337112427
Malicious,Malicious,0.8021737337112427
Malicious,Malicious,0.8021737337112427
Malicious,Malicious,0.8021737337112427
Malicious,Malicious,0.8021737337112427
Malicious,Malicious,0.8021737337112427
Malicious,Malicious,0.8021737337112427
Malicious,Benign,0.2741834819316864
Malicious,Malicious,0.8021737337112427
Malicious,Malicious,0.8021737337112427
Malicious,Malicious,0.8021737337112427
Malicious,Malicious,0.8021737337112427
Malicious,Malicious,0.8021737337112427
Malicious,Malicious,0.8021737337112427
Malicious,Malicious,0.8021737337112427
Malicious,Malicious,0.8021737337112427
Malicious,Malicious,0.8021737337112427
Malicious,Malicious,0.8021737337112427
Malicious,Malicious,0.8021737337112427
Malicious,Malicious,0.8021737337112427
Malicious,Malicious,0.8021737337112427
Malicious,Malicious,0.8021737337112427
Malicious,Malicious,0.8021737337112427
Malicious,Malicious,0.8021737337112427
Malicious,Malicious,0.8021737337112427
Malicious,Malicious,0.8021737337112427
Malicious,Malicious,0.8021737337112427
Malicious,Malicious,0.8021737337112427
Malicious,Malicious,0.8021737337112427
Malicious,Malicious,0.8021737337112427
Malicious,Malicious,0.8021737337112427
Malicious,Malicious,0.8021737337112427
Malicious,Malicious,0.8021737337112427
Malicious,Malicious,0.8021737337112427
Malicious,Malicious,0.8021737337112427
Malicious,Malicious,0.8021737337112427
Malicious,Malicious,0.8021737337112427
Malicious,Malicious,0.8021737337112427
Malicious,Malicious,0.8021737337112427
Malicious,Malicious,0.8021737337112427
Malicious,Malicious,0.8021737337112427
Malicious,Malicious,0.8021737337112427
Malicious,Malicious,0.8021737337112427
Malicious,Malicious,0.8021737337112427
Malicious,Malicious,0.8021737337112427
Malicious,Malicious,0.8021737337112427
Malicious,Malicious,0.8021737337112427
Malicious,Malicious,0.8021737337112427
Malicious,Malicious,0.8021737337112427
Malicious,Malicious,0.8021737337112427
Malicious,Malicious,0.8021737337112427
Malicious,Malicious,0.8021737337112427
Malicious,Malicious,0.8021737337112427
Malicious,Malicious,0.8021737337112427
Malicious,Malicious,0.8021737337112427
Malicious,Malicious,0.8021737337112427
Malicious,Malicious,0.8021737337112427
Malicious,Malicious,0.8021737337112427
Malicious,Malicious,0.8021737337112427
Malicious,Malicious,0.8021737337112427
Malicious,Malicious,0.8021737337112427
Malicious,Malicious,0.8021737337112427
Malicious,Malicious,0.8021737337112427
Malicious,Malicious,0.8021737337112427
Malicious,Malicious,0.8021737337112427
Malicious,Malicious,0.8021737337112427
Malicious,Malicious,0.8021737337112427
Malicious,Malicious,0.8021737337112427
Malicious,Benign,0.2149766981601715
Malicious,Malicious,0.8021737337112427
Malicious,Malicious,0.8021737337112427
Malicious,Malicious,0.8021737337112427
Malicious,Malicious,0.8021737337112427
Malicious,Malicious,0.8021737337112427
Malicious,Malicious,0.8021737337112427
Malicious,Malicious,0.8021737337112427
Malicious,Malicious,0.8021737337112427
Malicious,Malicious,0.8021737337112427
Malicious,Malicious,0.8021737337112427
Malicious,Malicious,0.8021737337112427
Malicious,Malicious,0.8021737337112427
Malicious,Malicious,0.8021737337112427
Malicious,Malicious,0.8021737337112427
Malicious,Malicious,0.8021737337112427
Malicious,Malicious,0.8021737337112427
Malicious,Malicious,0.8021737337112427
Malicious,Malicious,0.8021737337112427
Malicious,Malicious,0.8021737337112427
Malicious,Malicious,0.8021737337112427
Malicious,Malicious,0.8021737337112427
Malicious,Malicious,0.8007451891899109
Malicious,Malicious,0.8021737337112427
Malicious,Malicious,0.8021737337112427
Malicious,Malicious,0.8021737337112427
Malicious,Malicious,0.8021737337112427
Malicious,Malicious,0.8021737337112427
Malicious,Malicious,0.8021737337112427
Malicious,Malicious,0.8021737337112427
Malicious,Malicious,0.8021737337112427
Malicious,Malicious,0.8021737337112427
Malicious,Malicious,0.8021737337112427
Malicious,Malicious,0.8012213706970215
Malicious,Malicious,0.8021737337112427
Malicious,Malicious,0.8021737337112427
Malicious,Malicious,0.8021737337112427
Malicious,Malicious,0.8021737337112427
Malicious,Malicious,0.8012213706970215
Malicious,Malicious,0.8021737337112427
Malicious,Malicious,0.8021737337112427
Malicious,Malicious,0.8021737337112427
Malicious,Malicious,0.8021737337112427
Malicious,Malicious,0.8021737337112427
Malicious,Malicious,0.8021737337112427
Malicious,Malicious,0.8021737337112427
Malicious,Malicious,0.8021737337112427
Malicious,Malicious,0.8021737337112427
Malicious,Malicious,0.8021737337112427
Malicious,Malicious,0.8021737337112427
Malicious,Malicious,0.8021737337112427
Malicious,Malicious,0.8021737337112427
Malicious,Malicious,0.8021737337112427
Malicious,Malicious,0.8021737337112427
Malicious,Malicious,0.8021737337112427
Malicious,Malicious,0.8021737337112427
Malicious,Malicious,0.8021737337112427
Malicious,Malicious,0.8021737337112427
Malicious,Malicious,0.8021737337112427
Malicious,Benign,0.2505180835723877
Malicious,Malicious,0.8021737337112427
Malicious,Malicious,0.8021737337112427
Malicious,Malicious,0.8021737337112427
Malicious,Malicious,0.8021737337112427
Malicious,Malicious,0.8021737337112427
Malicious,Malicious,0.8021737337112427
Malicious,Malicious,0.8021737337112427
Malicious,Malicious,0.8021737337112427
Malicious,Malicious,0.8021737337112427
Malicious,Malicious,0.8021737337112427
Malicious,Malicious,0.8021737337112427
Malicious,Malicious,0.8021737337112427
Malicious,Malicious,0.8021737337112427
Malicious,Malicious,0.8021737337112427
Malicious,Malicious,0.8021737337112427
Malicious,Malicious,0.8021737337112427
Malicious,Malicious,0.8021737337112427
Malicious,Malicious,0.8021737337112427
Malicious,Malicious,0.8021737337112427
Malicious,Malicious,0.8021737337112427
Malicious,Malicious,0.8021737337112427
Malicious,Malicious,0.8021737337112427
Malicious,Malicious,0.8021737337112427
Malicious,Malicious,0.8021737337112427
Malicious,Malicious,0.8021737337112427
Malicious,Malicious,0.8021737337112427
Malicious,Malicious,0.8021737337112427
Malicious,Malicious,0.8021737337112427
Malicious,Malicious,0.8021737337112427
Malicious,Malicious,0.8021737337112427
Malicious,Malicious,0.8021737337112427
Malicious,Malicious,0.8021737337112427
Malicious,Malicious,0.8021737337112427
Malicious,Malicious,0.8021737337112427
Malicious,Malicious,0.8021737337112427
Malicious,Benign,0.2127886861562729
Malicious,Malicious,0.8021737337112427
Malicious,Malicious,0.8021737337112427
Malicious,Malicious,0.8021737337112427
Malicious,Malicious,0.8021737337112427
Malicious,Malicious,0.8021737337112427
Malicious,Malicious,0.8021737337112427
Malicious,Malicious,0.8021737337112427
Malicious,Malicious,0.8021737337112427
Malicious,Malicious,0.8021737337112427
Malicious,Malicious,0.8021737337112427
Malicious,Malicious,0.8021737337112427
Malicious,Malicious,0.8021737337112427
Malicious,Malicious,0.8021737337112427
Malicious,Benign,0.23342406749725342
Malicious,Malicious,0.8021737337112427
Malicious,Malicious,0.8021737337112427
Malicious,Malicious,0.8021737337112427
Malicious,Malicious,0.8021737337112427
Malicious,Malicious,0.8021737337112427
Malicious,Malicious,0.8021737337112427
Malicious,Malicious,0.8021737337112427
Malicious,Malicious,0.8021737337112427
Malicious,Malicious,0.8021737337112427
Malicious,Malicious,0.8021737337112427
Malicious,Malicious,0.8021737337112427
Malicious,Malicious,0.8021737337112427
Malicious,Malicious,0.8021737337112427
Malicious,Malicious,0.8021737337112427
Malicious,Malicious,0.8021737337112427
Malicious,Malicious,0.8021737337112427
Malicious,Malicious,0.8021737337112427
Malicious,Malicious,0.8021737337112427
Malicious,Malicious,0.8021737337112427
Malicious,Malicious,0.8021737337112427
Malicious,Malicious,0.8021737337112427
Malicious,Malicious,0.8021737337112427
Malicious,Malicious,0.8021737337112427
Malicious,Malicious,0.8021737337112427
Malicious,Malicious,0.8021737337112427
Malicious,Malicious,0.8021737337112427
Malicious,Malicious,0.8021737337112427
Malicious,Malicious,0.8021737337112427
Malicious,Malicious,0.8021737337112427
Malicious,Malicious,0.8021737337112427
Malicious,Malicious,0.8021737337112427
Malicious,Malicious,0.8021737337112427
Malicious,Malicious,0.8016975522041321
Malicious,Malicious,0.8021737337112427
Malicious,Malicious,0.8021737337112427
Malicious,Malicious,0.8021737337112427
Malicious,Malicious,0.8021737337112427
Malicious,Malicious,0.8021737337112427
Malicious,Malicious,0.8021737337112427
Malicious,Malicious,0.8021737337112427
Malicious,Malicious,0.8021737337112427
Malicious,Malicious,0.8021737337112427
Malicious,Malicious,0.8021737337112427
Malicious,Malicious,0.8021737337112427
Malicious,Malicious,0.8021737337112427
Malicious,Malicious,0.8021737337112427
Malicious,Malicious,0.8021737337112427
Malicious,Malicious,0.8021737337112427
Malicious,Malicious,0.8021737337112427
Malicious,Malicious,0.8021737337112427
Malicious,Malicious,0.8021737337112427
Malicious,Malicious,0.8021737337112427
Malicious,Malicious,0.8021737337112427
Malicious,Malicious,0.8021737337112427
Malicious,Malicious,0.8021737337112427
Malicious,Malicious,0.8021737337112427
Malicious,Malicious,0.8021737337112427
Malicious,Malicious,0.8021737337112427
Malicious,Malicious,0.8021737337112427
Malicious,Malicious,0.8021737337112427
Malicious,Malicious,0.8021737337112427
Malicious,Malicious,0.8021737337112427
Malicious,Malicious,0.8021737337112427
Malicious,Malicious,0.8021737337112427
Malicious,Malicious,0.8021737337112427
Malicious,Malicious,0.8021737337112427
Malicious,Malicious,0.8021737337112427
Malicious,Malicious,0.8021737337112427
Malicious,Malicious,0.8021737337112427
Malicious,Malicious,0.8021737337112427
Malicious,Malicious,0.8021737337112427
Malicious,Malicious,0.8021737337112427
Malicious,Malicious,0.8021737337112427
Malicious,Malicious,0.8021737337112427
Malicious,Malicious,0.8021737337112427
Malicious,Malicious,0.8021737337112427
Malicious,Malicious,0.8021737337112427
Malicious,Malicious,0.8021737337112427
Malicious,Malicious,0.8021737337112427
Malicious,Malicious,0.8021737337112427
Malicious,Malicious,0.8021737337112427
Malicious,Malicious,0.8021737337112427
Malicious,Malicious,0.8021737337112427
Malicious,Malicious,0.8021737337112427
Malicious,Malicious,0.8021737337112427
Malicious,Malicious,0.8021737337112427
Malicious,Malicious,0.8021737337112427
Malicious,Malicious,0.8021737337112427
Malicious,Benign,0.20125998556613922
Malicious,Malicious,0.8021737337112427
Malicious,Malicious,0.8021737337112427
Malicious,Malicious,0.8021737337112427
Malicious,Malicious,0.8021737337112427
Malicious,Malicious,0.8021737337112427
Malicious,Malicious,0.8021737337112427
Malicious,Malicious,0.8021737337112427
Malicious,Benign,0.2049746960401535
Malicious,Malicious,0.8021737337112427
Malicious,Malicious,0.8021737337112427
Malicious,Malicious,0.8021737337112427
Malicious,Malicious,0.8021737337112427
Malicious,Malicious,0.8021737337112427
Malicious,Malicious,0.8021737337112427
Malicious,Malicious,0.8021737337112427
Malicious,Malicious,0.8021737337112427
Malicious,Malicious,0.8021737337112427
Malicious,Malicious,0.8021737337112427
Malicious,Malicious,0.8021737337112427
Malicious,Malicious,0.8021737337112427
Malicious,Malicious,0.8021737337112427
Malicious,Malicious,0.8021737337112427
Malicious,Malicious,0.8021737337112427
Malicious,Malicious,0.8021737337112427
Malicious,Malicious,0.8021737337112427
Malicious,Malicious,0.8021737337112427
Malicious,Malicious,0.8021737337112427
Malicious,Malicious,0.8021737337112427
Malicious,Malicious,0.8021737337112427
Malicious,Malicious,0.8021737337112427
Malicious,Malicious,0.8021737337112427
Malicious,Malicious,0.8021737337112427
Malicious,Malicious,0.8021737337112427
Malicious,Malicious,0.8021737337112427
Malicious,Malicious,0.8021737337112427
Malicious,Malicious,0.8021737337112427
Malicious,Malicious,0.8021737337112427
Malicious,Malicious,0.8021737337112427
Malicious,Malicious,0.8021737337112427
Malicious,Malicious,0.8021737337112427
Malicious,Malicious,0.8021737337112427
Malicious,Malicious,0.8021737337112427
Malicious,Malicious,0.8021737337112427
Malicious,Malicious,0.8007451891899109
Malicious,Malicious,0.8021737337112427
Malicious,Malicious,0.8021737337112427
Malicious,Malicious,0.8021737337112427
Malicious,Malicious,0.8021737337112427
Malicious,Malicious,0.8021737337112427
Malicious,Malicious,0.8021737337112427
Malicious,Malicious,0.8021737337112427
Malicious,Malicious,0.8021737337112427
Malicious,Malicious,0.8021737337112427
Malicious,Malicious,0.8021737337112427
Malicious,Malicious,0.8021737337112427
Malicious,Malicious,0.8021737337112427
Malicious,Malicious,0.8021737337112427
Malicious,Malicious,0.8021737337112427
Malicious,Malicious,0.8021737337112427
Malicious,Malicious,0.8021737337112427
Malicious,Malicious,0.8021737337112427
Malicious,Malicious,0.8021737337112427
Malicious,Malicious,0.8021737337112427
Malicious,Malicious,0.8021737337112427
Malicious,Malicious,0.8021737337112427
Malicious,Malicious,0.8021737337112427
Malicious,Malicious,0.8021737337112427
Malicious,Malicious,0.8021737337112427
Malicious,Malicious,0.8021737337112427
Malicious,Malicious,0.8021737337112427
Malicious,Malicious,0.8021737337112427
Malicious,Malicious,0.8021737337112427
Malicious,Malicious,0.8021737337112427
Malicious,Malicious,0.8021737337112427
Malicious,Malicious,0.8021737337112427
Malicious,Malicious,0.8021737337112427
Malicious,Malicious,0.8021737337112427
Malicious,Malicious,0.8021737337112427
Malicious,Malicious,0.8021737337112427
Malicious,Malicious,0.8021737337112427
Malicious,Malicious,0.8021737337112427
Malicious,Malicious,0.8021737337112427
Malicious,Malicious,0.8021737337112427
Malicious,Malicious,0.8021737337112427
Malicious,Malicious,0.8021737337112427
Malicious,Malicious,0.8021737337112427
Malicious,Malicious,0.8021737337112427
Malicious,Malicious,0.8021737337112427
Malicious,Malicious,0.8021737337112427
Malicious,Malicious,0.8021737337112427
Malicious,Malicious,0.8021737337112427
Malicious,Malicious,0.8021737337112427
Malicious,Malicious,0.8021737337112427
Malicious,Malicious,0.8021737337112427
Malicious,Malicious,0.8021737337112427
Malicious,Malicious,0.8021737337112427
Malicious,Malicious,0.8021737337112427
Malicious,Malicious,0.8021737337112427
Malicious,Malicious,0.8021737337112427
Malicious,Malicious,0.8021737337112427
Malicious,Malicious,0.8021737337112427
Malicious,Malicious,0.8021737337112427
Malicious,Malicious,0.8021737337112427
Malicious,Malicious,0.8021737337112427
Malicious,Malicious,0.8021737337112427
Malicious,Malicious,0.8021737337112427
Malicious,Malicious,0.8021737337112427
Malicious,Malicious,0.8021737337112427
Malicious,Malicious,0.8021737337112427
Malicious,Malicious,0.8021737337112427
Malicious,Malicious,0.8021737337112427
Malicious,Malicious,0.8021737337112427
Malicious,Malicious,0.8021737337112427
Malicious,Malicious,0.8021737337112427
Malicious,Malicious,0.8021737337112427
Malicious,Malicious,0.8021737337112427
Malicious,Malicious,0.8021737337112427
Malicious,Malicious,0.8021737337112427
Malicious,Malicious,0.8021737337112427
Malicious,Malicious,0.8021737337112427
Malicious,Malicious,0.8021737337112427
Malicious,Malicious,0.8021737337112427
Malicious,Malicious,0.8021737337112427
Malicious,Malicious,0.8021737337112427
Malicious,Malicious,0.8021737337112427
Malicious,Malicious,0.8021737337112427
Malicious,Malicious,0.8021737337112427
Malicious,Malicious,0.8021737337112427
Malicious,Malicious,0.8021737337112427
Malicious,Malicious,0.8021737337112427
Malicious,Malicious,0.8021737337112427
Malicious,Malicious,0.8021737337112427
Malicious,Malicious,0.8021737337112427
Malicious,Malicious,0.8021737337112427
Malicious,Malicious,0.8021737337112427
Malicious,Malicious,0.8021737337112427
Malicious,Malicious,0.8021737337112427
Malicious,Malicious,0.8021737337112427
Malicious,Malicious,0.8021737337112427
Malicious,Malicious,0.8021737337112427
Malicious,Malicious,0.8021737337112427
Malicious,Malicious,0.8021737337112427
Malicious,Malicious,0.8021737337112427
Malicious,Malicious,0.8021737337112427
Malicious,Malicious,0.8021737337112427
Malicious,Malicious,0.8021737337112427
Malicious,Malicious,0.8021737337112427
Malicious,Malicious,0.8021737337112427
Malicious,Malicious,0.8021737337112427
Malicious,Malicious,0.8021737337112427
Malicious,Malicious,0.8021737337112427
Malicious,Malicious,0.8021737337112427
Malicious,Malicious,0.8021737337112427
Malicious,Malicious,0.8021737337112427
Malicious,Malicious,0.8021737337112427
Malicious,Malicious,0.8021737337112427
Malicious,Malicious,0.8021737337112427
Malicious,Malicious,0.8021737337112427
Malicious,Malicious,0.8021737337112427
Malicious,Malicious,0.8021737337112427
Malicious,Malicious,0.8021737337112427
Malicious,Malicious,0.8021737337112427
Malicious,Malicious,0.8021737337112427
Malicious,Malicious,0.8021737337112427
Malicious,Malicious,0.8021737337112427
Malicious,Malicious,0.8021737337112427
Malicious,Malicious,0.8021737337112427
Malicious,Malicious,0.8021737337112427
Malicious,Malicious,0.8021737337112427
Malicious,Malicious,0.8021737337112427
Malicious,Malicious,0.8021737337112427
Malicious,Malicious,0.8021737337112427
Malicious,Malicious,0.8021737337112427
Malicious,Malicious,0.8021737337112427
Malicious,Malicious,0.8021737337112427
Malicious,Malicious,0.8021737337112427
Malicious,Malicious,0.8021737337112427
Malicious,Malicious,0.8021737337112427
Malicious,Malicious,0.8021737337112427
Malicious,Malicious,0.8021737337112427
Malicious,Malicious,0.8021737337112427
Malicious,Malicious,0.8021737337112427
Malicious,Malicious,0.8021737337112427
Malicious,Malicious,0.8021737337112427
Malicious,Malicious,0.8021737337112427
Malicious,Malicious,0.8021737337112427
Malicious,Malicious,0.8021737337112427
Malicious,Malicious,0.8021737337112427
Malicious,Malicious,0.8021737337112427
Malicious,Malicious,0.8021737337112427
Malicious,Malicious,0.8021737337112427
Malicious,Malicious,0.8021737337112427
Malicious,Malicious,0.8021737337112427
Malicious,Malicious,0.8021737337112427
Malicious,Malicious,0.8021737337112427
Malicious,Malicious,0.8021737337112427
Malicious,Malicious,0.8021737337112427
Malicious,Malicious,0.8021737337112427
Malicious,Malicious,0.8021737337112427
Malicious,Malicious,0.8021737337112427
Malicious,Malicious,0.8021737337112427
Malicious,Malicious,0.8021737337112427
Malicious,Malicious,0.8021737337112427
Malicious,Malicious,0.8021737337112427
Malicious,Malicious,0.8021737337112427
Malicious,Malicious,0.8021737337112427
Malicious,Benign,0.23093293607234955
Malicious,Malicious,0.8021737337112427
Malicious,Malicious,0.8021737337112427
Malicious,Malicious,0.8021737337112427
Malicious,Malicious,0.8021737337112427
Malicious,Malicious,0.8021737337112427
Malicious,Malicious,0.8021737337112427
Malicious,Malicious,0.8021737337112427
Malicious,Malicious,0.8021737337112427
Malicious,Malicious,0.8021737337112427
Malicious,Malicious,0.8021737337112427
Malicious,Malicious,0.8021737337112427
Malicious,Malicious,0.8021737337112427
Malicious,Malicious,0.8021737337112427
Malicious,Malicious,0.8021737337112427
Malicious,Malicious,0.8021737337112427
Malicious,Malicious,0.8021737337112427
Malicious,Malicious,0.8021737337112427
Malicious,Malicious,0.8021737337112427
Malicious,Malicious,0.8021737337112427
Malicious,Malicious,0.8021737337112427
Malicious,Malicious,0.8021737337112427
Malicious,Malicious,0.8021737337112427
Malicious,Malicious,0.8021737337112427
Malicious,Malicious,0.7948889136314392
Malicious,Malicious,0.8021737337112427
Malicious,Malicious,0.8021737337112427
Malicious,Malicious,0.8021737337112427
Malicious,Malicious,0.8021737337112427
Malicious,Malicious,0.8021737337112427
Malicious,Malicious,0.8021737337112427
Malicious,Malicious,0.8021737337112427
Malicious,Malicious,0.8021737337112427
Malicious,Malicious,0.8021737337112427
Malicious,Malicious,0.8021737337112427
Malicious,Malicious,0.8021737337112427
Malicious,Malicious,0.8021737337112427
Malicious,Malicious,0.8021737337112427
Malicious,Benign,0.217937633395195
Malicious,Malicious,0.8021737337112427
Malicious,Malicious,0.8021737337112427
Malicious,Malicious,0.8021737337112427
Malicious,Malicious,0.8021737337112427
Malicious,Malicious,0.8021737337112427
Malicious,Malicious,0.8021737337112427
Malicious,Malicious,0.8021737337112427
Malicious,Malicious,0.8021737337112427
Malicious,Malicious,0.8021737337112427
Malicious,Malicious,0.8021737337112427
Malicious,Malicious,0.8021737337112427
Malicious,Malicious,0.8021737337112427
Malicious,Malicious,0.8021737337112427
Malicious,Malicious,0.8021737337112427
Malicious,Malicious,0.8021737337112427
Malicious,Malicious,0.8021737337112427
Malicious,Malicious,0.8021737337112427
Malicious,Malicious,0.8021737337112427
Malicious,Malicious,0.8021737337112427
Malicious,Malicious,0.8021737337112427
Malicious,Malicious,0.8021737337112427
Malicious,Malicious,0.8021737337112427
Malicious,Malicious,0.8021737337112427
Malicious,Malicious,0.8021737337112427
Malicious,Malicious,0.8021737337112427
Malicious,Malicious,0.8021737337112427
Malicious,Malicious,0.8021737337112427
Malicious,Malicious,0.8021737337112427
Malicious,Malicious,0.8021737337112427
Malicious,Malicious,0.8021737337112427
Malicious,Malicious,0.8021737337112427
Malicious,Malicious,0.8021737337112427
Malicious,Malicious,0.8021737337112427
Malicious,Malicious,0.8021737337112427
Malicious,Malicious,0.8021737337112427
Malicious,Malicious,0.8021737337112427
Malicious,Malicious,0.8021737337112427
Malicious,Malicious,0.8021737337112427
Malicious,Malicious,0.8021737337112427
Malicious,Malicious,0.8021737337112427
Malicious,Malicious,0.8021737337112427
Malicious,Malicious,0.8021737337112427
Malicious,Malicious,0.8021737337112427
Malicious,Malicious,0.8021737337112427
Malicious,Malicious,0.8021737337112427
Malicious,Malicious,0.8021737337112427
Malicious,Malicious,0.8021737337112427
Malicious,Malicious,0.8021737337112427
Malicious,Malicious,0.8021737337112427
Malicious,Malicious,0.8021737337112427
Malicious,Malicious,0.8021737337112427
Malicious,Malicious,0.8021737337112427
Malicious,Malicious,0.8021737337112427
Malicious,Malicious,0.8021737337112427
Malicious,Malicious,0.8021737337112427
Malicious,Malicious,0.8021737337112427
Malicious,Malicious,0.8021737337112427
Malicious,Malicious,0.8021737337112427
Malicious,Malicious,0.8021737337112427
Malicious,Malicious,0.8021737337112427
Malicious,Malicious,0.8021737337112427
Malicious,Malicious,0.8021737337112427
Malicious,Malicious,0.8021737337112427
Malicious,Malicious,0.8021737337112427
Malicious,Malicious,0.8021737337112427
Malicious,Malicious,0.8021737337112427
Malicious,Malicious,0.8021737337112427
Malicious,Malicious,0.8021737337112427
Malicious,Malicious,0.8021737337112427
Malicious,Malicious,0.8021737337112427
Malicious,Malicious,0.8021737337112427
Malicious,Malicious,0.8021737337112427
Malicious,Malicious,0.8021737337112427
Malicious,Malicious,0.8021737337112427
Malicious,Malicious,0.8021737337112427
Malicious,Malicious,0.8021737337112427
Malicious,Malicious,0.8021737337112427
Malicious,Malicious,0.8021737337112427
Malicious,Malicious,0.8021737337112427
Malicious,Malicious,0.8021737337112427
Malicious,Malicious,0.8021737337112427
Malicious,Malicious,0.8021737337112427
Malicious,Malicious,0.8021737337112427
Malicious,Malicious,0.8021737337112427
Malicious,Malicious,0.8021737337112427
Malicious,Malicious,0.8021737337112427
Malicious,Malicious,0.8021737337112427
Malicious,Malicious,0.8021737337112427
Malicious,Malicious,0.8021737337112427
Malicious,Malicious,0.8021737337112427
Malicious,Malicious,0.8021737337112427
Malicious,Malicious,0.8021737337112427
Malicious,Malicious,0.8021737337112427
Malicious,Malicious,0.8021737337112427
Malicious,Malicious,0.8021737337112427
Malicious,Malicious,0.8021737337112427
Malicious,Malicious,0.8021737337112427
Malicious,Malicious,0.8021737337112427
Malicious,Malicious,0.8021737337112427
Malicious,Malicious,0.8021737337112427
Malicious,Malicious,0.8021737337112427
Malicious,Benign,0.20102450251579285
Malicious,Malicious,0.8021737337112427
Malicious,Malicious,0.8021737337112427
Malicious,Malicious,0.8021737337112427
Malicious,Malicious,0.8021737337112427
Malicious,Malicious,0.8021737337112427
Malicious,Malicious,0.8021737337112427
Malicious,Malicious,0.8021737337112427
Malicious,Malicious,0.8021737337112427
Malicious,Malicious,0.8021737337112427
Malicious,Malicious,0.8021737337112427
Malicious,Malicious,0.8021737337112427
Malicious,Malicious,0.8021737337112427
Malicious,Malicious,0.8021737337112427
Malicious,Malicious,0.8021737337112427
Malicious,Malicious,0.8021737337112427
Malicious,Malicious,0.8021737337112427
Malicious,Malicious,0.8021737337112427
Malicious,Malicious,0.8021737337112427
Malicious,Malicious,0.8021737337112427
Malicious,Malicious,0.8021737337112427
Malicious,Malicious,0.8021737337112427
Malicious,Malicious,0.8021737337112427
Malicious,Malicious,0.8021737337112427
Malicious,Malicious,0.8021737337112427
Malicious,Malicious,0.8021737337112427
Malicious,Malicious,0.8021737337112427
Malicious,Malicious,0.8021737337112427
Malicious,Malicious,0.8021737337112427
Malicious,Malicious,0.8021737337112427
Malicious,Malicious,0.8021737337112427
Malicious,Malicious,0.8021737337112427
Malicious,Malicious,0.8021737337112427
Malicious,Malicious,0.8021737337112427
Malicious,Malicious,0.8021737337112427
Malicious,Malicious,0.8021737337112427
Malicious,Malicious,0.8021737337112427
Malicious,Malicious,0.8021737337112427
Malicious,Malicious,0.8021737337112427
Malicious,Malicious,0.8021737337112427
Malicious,Malicious,0.8021737337112427
Malicious,Malicious,0.8021737337112427
Malicious,Malicious,0.8021737337112427
Malicious,Malicious,0.8021737337112427
Malicious,Malicious,0.8021737337112427
Malicious,Malicious,0.8021737337112427
Malicious,Malicious,0.8021737337112427
Malicious,Malicious,0.8021737337112427
Malicious,Malicious,0.8021737337112427
Malicious,Malicious,0.8021737337112427
Malicious,Malicious,0.8021737337112427
Malicious,Malicious,0.8021737337112427
Malicious,Malicious,0.8021737337112427
Malicious,Malicious,0.8021737337112427
Malicious,Malicious,0.8021737337112427
Malicious,Malicious,0.8021737337112427
Malicious,Malicious,0.8021737337112427
Malicious,Malicious,0.8021737337112427
Malicious,Malicious,0.8021737337112427
Malicious,Malicious,0.8021737337112427
Malicious,Malicious,0.8021737337112427
Malicious,Malicious,0.8021737337112427
Malicious,Malicious,0.8021737337112427
Malicious,Malicious,0.8021737337112427
Malicious,Malicious,0.8021737337112427
Malicious,Malicious,0.8021737337112427
Malicious,Malicious,0.8021737337112427
Malicious,Malicious,0.8021737337112427
Malicious,Malicious,0.8021737337112427
Malicious,Malicious,0.8021737337112427
Malicious,Malicious,0.8021737337112427
Malicious,Malicious,0.8021737337112427
Malicious,Malicious,0.8021737337112427
Malicious,Malicious,0.8021737337112427
Malicious,Malicious,0.8021737337112427
Malicious,Malicious,0.8021737337112427
Malicious,Malicious,0.8021737337112427
Malicious,Malicious,0.8021737337112427
Malicious,Malicious,0.8021737337112427
Malicious,Malicious,0.8021737337112427
Malicious,Benign,0.2969261407852173
Malicious,Malicious,0.8021737337112427
Malicious,Malicious,0.8021737337112427
Malicious,Malicious,0.8021737337112427
Malicious,Malicious,0.8021737337112427
Malicious,Malicious,0.8021737337112427
Malicious,Malicious,0.8021737337112427
Malicious,Malicious,0.8021737337112427
Malicious,Malicious,0.8021737337112427
Malicious,Malicious,0.8021737337112427
Malicious,Malicious,0.8021737337112427
Malicious,Malicious,0.8021737337112427
Malicious,Malicious,0.8021737337112427
Malicious,Malicious,0.8021737337112427
Malicious,Malicious,0.8021737337112427
Malicious,Malicious,0.8021737337112427
Malicious,Malicious,0.8021737337112427
Malicious,Malicious,0.8021737337112427
Malicious,Malicious,0.8021737337112427
Malicious,Malicious,0.8021737337112427
Malicious,Malicious,0.8021737337112427
Malicious,Malicious,0.8021737337112427
Malicious,Malicious,0.8021737337112427
Malicious,Malicious,0.8021737337112427
Malicious,Malicious,0.8021737337112427
Malicious,Malicious,0.8021737337112427
Malicious,Malicious,0.8021737337112427
Malicious,Malicious,0.8021737337112427
Malicious,Malicious,0.8021737337112427
Malicious,Malicious,0.8021737337112427
Malicious,Malicious,0.8021737337112427
Malicious,Malicious,0.8021737337112427
Malicious,Malicious,0.8021737337112427
Malicious,Malicious,0.8021737337112427
Malicious,Malicious,0.8021737337112427
Malicious,Malicious,0.8021737337112427
Malicious,Malicious,0.8021737337112427
Malicious,Malicious,0.8021737337112427
Malicious,Malicious,0.8021737337112427
Malicious,Malicious,0.8021737337112427
Malicious,Malicious,0.8021737337112427
Malicious,Malicious,0.8021737337112427
Malicious,Malicious,0.8021737337112427
Malicious,Malicious,0.8021737337112427
Malicious,Malicious,0.8021737337112427
Malicious,Malicious,0.8021737337112427
Malicious,Malicious,0.8021737337112427
Malicious,Malicious,0.8021737337112427
Malicious,Malicious,0.8021737337112427
Malicious,Malicious,0.8021737337112427
Malicious,Malicious,0.8021737337112427
Malicious,Malicious,0.8021737337112427
Malicious,Malicious,0.8021737337112427
Malicious,Malicious,0.8021737337112427
Malicious,Malicious,0.8021737337112427
Malicious,Benign,0.2023879438638687
Malicious,Malicious,0.8021737337112427
Malicious,Malicious,0.8021737337112427
Malicious,Malicious,0.8021737337112427
Malicious,Malicious,0.8021737337112427
Malicious,Malicious,0.8021737337112427
Malicious,Malicious,0.8021737337112427
Malicious,Malicious,0.8021737337112427
Malicious,Malicious,0.8021737337112427
Malicious,Malicious,0.8021737337112427
Malicious,Malicious,0.8021737337112427
Malicious,Malicious,0.8021737337112427
Malicious,Malicious,0.8021737337112427
Malicious,Malicious,0.8021737337112427
Malicious,Malicious,0.8021737337112427
Malicious,Malicious,0.8021737337112427
Malicious,Malicious,0.8021737337112427
Malicious,Malicious,0.8021737337112427
Malicious,Malicious,0.8021737337112427
Malicious,Malicious,0.8021737337112427
Malicious,Malicious,0.8021737337112427
Malicious,Malicious,0.8021737337112427
Malicious,Malicious,0.8021737337112427
Malicious,Malicious,0.8021737337112427
Malicious,Malicious,0.8021737337112427
Malicious,Malicious,0.8021737337112427
Malicious,Malicious,0.8021737337112427
Malicious,Malicious,0.8021737337112427
Malicious,Malicious,0.8021737337112427
Malicious,Malicious,0.8021737337112427
Malicious,Malicious,0.8021737337112427
Malicious,Malicious,0.8021737337112427
Malicious,Malicious,0.8021737337112427
Malicious,Malicious,0.8021737337112427
Malicious,Malicious,0.8021737337112427
Malicious,Malicious,0.8021737337112427
Malicious,Malicious,0.8021737337112427
Malicious,Malicious,0.8021737337112427
Malicious,Malicious,0.8021737337112427
Malicious,Malicious,0.8021737337112427
Malicious,Malicious,0.8021737337112427
Malicious,Malicious,0.8021737337112427
Malicious,Malicious,0.8021737337112427
Malicious,Malicious,0.8021737337112427
Malicious,Benign,0.21088668704032898
Malicious,Malicious,0.8021737337112427
Malicious,Malicious,0.8021737337112427
Malicious,Malicious,0.8021737337112427
Malicious,Malicious,0.8021737337112427
Malicious,Malicious,0.8021737337112427
Malicious,Malicious,0.8021737337112427
Malicious,Malicious,0.8021737337112427
Malicious,Malicious,0.8021737337112427
Malicious,Malicious,0.8021737337112427
Malicious,Malicious,0.8021737337112427
Malicious,Malicious,0.8021737337112427
Malicious,Malicious,0.8021737337112427
Malicious,Malicious,0.8021737337112427
Malicious,Malicious,0.8021737337112427
Malicious,Malicious,0.8021737337112427
Malicious,Malicious,0.8021737337112427
Malicious,Malicious,0.8021737337112427
Malicious,Malicious,0.8021737337112427
Malicious,Malicious,0.8021737337112427
Malicious,Malicious,0.8021737337112427
Malicious,Malicious,0.8021737337112427
Malicious,Malicious,0.8021737337112427
Malicious,Malicious,0.8021737337112427
Malicious,Malicious,0.8021737337112427
Malicious,Malicious,0.8021737337112427
Malicious,Malicious,0.8021737337112427
Malicious,Malicious,0.8021737337112427
Malicious,Malicious,0.8021737337112427
Malicious,Malicious,0.8021737337112427
Malicious,Malicious,0.8021737337112427
Malicious,Malicious,0.8021737337112427
Malicious,Malicious,0.8021737337112427
Malicious,Malicious,0.8021737337112427
Malicious,Malicious,0.8021737337112427
Malicious,Malicious,0.8021737337112427
Malicious,Malicious,0.8021737337112427
Malicious,Malicious,0.8021737337112427
Malicious,Malicious,0.8021737337112427
Malicious,Malicious,0.8021737337112427
Malicious,Malicious,0.8021737337112427
Malicious,Malicious,0.8021737337112427
Malicious,Malicious,0.8021737337112427
Malicious,Malicious,0.8016975522041321
Malicious,Malicious,0.8021737337112427
Malicious,Malicious,0.8021737337112427
Malicious,Malicious,0.8021737337112427
Malicious,Malicious,0.8021737337112427
Malicious,Malicious,0.8021737337112427
Malicious,Malicious,0.8021737337112427
Malicious,Malicious,0.8021737337112427
Malicious,Malicious,0.8021737337112427
Malicious,Malicious,0.8021737337112427
Malicious,Malicious,0.8021737337112427
Malicious,Malicious,0.8021737337112427
Malicious,Malicious,0.8021737337112427
Malicious,Malicious,0.8021737337112427
Malicious,Malicious,0.8021737337112427
Malicious,Malicious,0.8021737337112427
Malicious,Malicious,0.8021737337112427
Malicious,Malicious,0.8021737337112427
Malicious,Malicious,0.8021737337112427
Malicious,Malicious,0.8021737337112427
Malicious,Malicious,0.8021737337112427
Malicious,Malicious,0.8021737337112427
Malicious,Malicious,0.8021737337112427
Malicious,Malicious,0.8021737337112427
Malicious,Malicious,0.8021737337112427
Malicious,Malicious,0.8021737337112427
Malicious,Malicious,0.8021737337112427
Malicious,Malicious,0.8021737337112427
Malicious,Malicious,0.8021737337112427
Malicious,Malicious,0.8021737337112427
Malicious,Malicious,0.8021737337112427
Malicious,Malicious,0.8021737337112427
Malicious,Malicious,0.8021737337112427
Malicious,Malicious,0.8021737337112427
Malicious,Malicious,0.8021737337112427
Malicious,Malicious,0.8021737337112427
Malicious,Malicious,0.8014140129089355
Malicious,Malicious,0.8021737337112427
Malicious,Malicious,0.8021737337112427
Malicious,Malicious,0.8021737337112427
Malicious,Malicious,0.8021737337112427
Malicious,Malicious,0.8021737337112427
Malicious,Malicious,0.8021737337112427
Malicious,Malicious,0.8021737337112427
Malicious,Malicious,0.8021737337112427
Malicious,Malicious,0.8021737337112427
Malicious,Malicious,0.8021737337112427
Malicious,Malicious,0.8021737337112427
Malicious,Malicious,0.8021737337112427
Malicious,Malicious,0.8021737337112427
Malicious,Malicious,0.8021737337112427
Malicious,Malicious,0.8021737337112427
Malicious,Malicious,0.8021737337112427
Malicious,Malicious,0.8021737337112427
Malicious,Malicious,0.8021737337112427
Malicious,Malicious,0.8021737337112427
Malicious,Malicious,0.8021737337112427
Malicious,Benign,0.22394831478595734
Malicious,Malicious,0.8021737337112427
Malicious,Malicious,0.8021737337112427
Malicious,Malicious,0.8021737337112427
Malicious,Malicious,0.8021737337112427
Malicious,Malicious,0.8021737337112427
Malicious,Malicious,0.8021737337112427
Malicious,Malicious,0.8021737337112427
Malicious,Malicious,0.8016975522041321
Malicious,Malicious,0.8021737337112427
Malicious,Malicious,0.8021737337112427
Malicious,Malicious,0.799697995185852
Malicious,Malicious,0.8021737337112427
Malicious,Malicious,0.8021737337112427
Malicious,Malicious,0.8021737337112427
Malicious,Malicious,0.8021737337112427
Malicious,Malicious,0.8021737337112427
Malicious,Malicious,0.8021737337112427
Malicious,Malicious,0.8021737337112427
Malicious,Malicious,0.8021737337112427
Malicious,Malicious,0.8021737337112427
Malicious,Malicious,0.8021737337112427
Malicious,Malicious,0.8021737337112427
Malicious,Malicious,0.8021737337112427
Malicious,Malicious,0.8021737337112427
Malicious,Malicious,0.8021737337112427
Malicious,Malicious,0.8021737337112427
Malicious,Malicious,0.8021737337112427
Malicious,Malicious,0.8021737337112427
Malicious,Malicious,0.8021737337112427
Malicious,Malicious,0.8021737337112427
Malicious,Malicious,0.8021737337112427
Malicious,Malicious,0.8021737337112427
Malicious,Malicious,0.8021737337112427
Malicious,Malicious,0.8021737337112427
Malicious,Malicious,0.8021737337112427
Malicious,Malicious,0.8021737337112427
Malicious,Malicious,0.8021737337112427
Malicious,Malicious,0.8021737337112427
Malicious,Malicious,0.8021737337112427
Malicious,Benign,0.34349632263183594
Malicious,Malicious,0.8021737337112427
Malicious,Malicious,0.8021737337112427
Malicious,Malicious,0.8021737337112427
Malicious,Malicious,0.8021737337112427
Malicious,Malicious,0.8021737337112427
Malicious,Malicious,0.8021737337112427
Malicious,Malicious,0.8021737337112427
Malicious,Malicious,0.8021737337112427
Malicious,Malicious,0.8021737337112427
Malicious,Malicious,0.8021737337112427
Malicious,Malicious,0.8021737337112427
Malicious,Malicious,0.8021737337112427
Malicious,Malicious,0.8021737337112427
Malicious,Malicious,0.8021737337112427
Malicious,Malicious,0.8021737337112427
Malicious,Malicious,0.8021737337112427
Malicious,Malicious,0.8021737337112427
Malicious,Malicious,0.8021737337112427
Malicious,Malicious,0.8021737337112427
Malicious,Malicious,0.8021737337112427
Malicious,Malicious,0.8021737337112427
Malicious,Malicious,0.8021737337112427
Malicious,Malicious,0.8021737337112427
Malicious,Malicious,0.8021737337112427
Malicious,Malicious,0.8021737337112427
Malicious,Malicious,0.8021737337112427
Malicious,Malicious,0.8021737337112427
Malicious,Malicious,0.8021737337112427
Malicious,Malicious,0.8021737337112427
Malicious,Malicious,0.8021737337112427
Malicious,Malicious,0.8021737337112427
Malicious,Malicious,0.8021737337112427
Malicious,Malicious,0.8021737337112427
Malicious,Malicious,0.8021737337112427
Malicious,Malicious,0.8021737337112427
Malicious,Malicious,0.8021737337112427
Malicious,Malicious,0.8021737337112427
Malicious,Malicious,0.8021737337112427
Malicious,Malicious,0.8021737337112427
Malicious,Malicious,0.8021737337112427
Malicious,Malicious,0.8021737337112427
Malicious,Malicious,0.8021737337112427
Malicious,Malicious,0.8021737337112427
Malicious,Benign,0.27266716957092285
Malicious,Malicious,0.8021737337112427
Malicious,Malicious,0.8021737337112427
Malicious,Malicious,0.8021737337112427
Malicious,Malicious,0.8021737337112427
Malicious,Malicious,0.8021737337112427
Malicious,Malicious,0.8021737337112427
Malicious,Malicious,0.8021737337112427
Malicious,Malicious,0.8021737337112427
Malicious,Malicious,0.8021737337112427
Malicious,Malicious,0.8021737337112427
Malicious,Malicious,0.8021737337112427
Malicious,Malicious,0.8021737337112427
Malicious,Malicious,0.8021737337112427
Malicious,Malicious,0.8021737337112427
Malicious,Malicious,0.8021737337112427
Malicious,Malicious,0.8021737337112427
Malicious,Malicious,0.8021737337112427
Malicious,Malicious,0.8021737337112427
Malicious,Malicious,0.8021737337112427
Malicious,Malicious,0.8012213706970215
Malicious,Malicious,0.8021737337112427
Malicious,Malicious,0.8021737337112427
Malicious,Malicious,0.8021737337112427
Malicious,Malicious,0.8021737337112427
Malicious,Malicious,0.8021737337112427
Malicious,Malicious,0.8021737337112427
Malicious,Malicious,0.8021737337112427
Malicious,Malicious,0.8021737337112427
Malicious,Malicious,0.8021737337112427
Malicious,Malicious,0.8021737337112427
Malicious,Malicious,0.8021737337112427
Malicious,Malicious,0.8021737337112427
Malicious,Malicious,0.8021737337112427
Malicious,Malicious,0.8021737337112427
Malicious,Malicious,0.8021737337112427
Malicious,Malicious,0.8021737337112427
Malicious,Malicious,0.8021737337112427
Malicious,Malicious,0.8021737337112427
Malicious,Malicious,0.8021737337112427
Malicious,Malicious,0.8021737337112427
Malicious,Malicious,0.8021737337112427
Malicious,Malicious,0.8021737337112427
Malicious,Malicious,0.8021737337112427
Malicious,Malicious,0.8021737337112427
Malicious,Malicious,0.8021737337112427
Malicious,Malicious,0.8021737337112427
Malicious,Malicious,0.8021737337112427
Malicious,Malicious,0.8021737337112427
Malicious,Malicious,0.8021737337112427
Malicious,Malicious,0.8021737337112427
Malicious,Malicious,0.7873287796974182
Malicious,Malicious,0.8021737337112427
Malicious,Malicious,0.8021737337112427
Malicious,Malicious,0.8021737337112427
Malicious,Malicious,0.8021737337112427
Malicious,Malicious,0.8021737337112427
Malicious,Malicious,0.8021737337112427
Malicious,Malicious,0.8021737337112427
Malicious,Malicious,0.8021737337112427
Malicious,Malicious,0.8021737337112427
Malicious,Malicious,0.8021737337112427
Malicious,Malicious,0.8021737337112427
Malicious,Malicious,0.8021737337112427
Malicious,Malicious,0.8021737337112427
Malicious,Malicious,0.8021737337112427
Malicious,Malicious,0.7993166446685791
Malicious,Malicious,0.8021737337112427
Malicious,Malicious,0.8021737337112427
Malicious,Malicious,0.8021737337112427
Malicious,Malicious,0.8021737337112427
Malicious,Malicious,0.8021737337112427
Malicious,Malicious,0.8021737337112427
Malicious,Malicious,0.8021737337112427
Malicious,Malicious,0.8021737337112427
Malicious,Malicious,0.8021737337112427
Malicious,Malicious,0.8021737337112427
Malicious,Malicious,0.8021737337112427
Malicious,Malicious,0.8021737337112427
Malicious,Malicious,0.8021737337112427
Malicious,Malicious,0.8021737337112427
Malicious,Malicious,0.8021737337112427
Malicious,Malicious,0.8021737337112427
Malicious,Malicious,0.8021737337112427
Malicious,Malicious,0.8021737337112427
Malicious,Malicious,0.8021737337112427
Malicious,Malicious,0.8021737337112427
Malicious,Malicious,0.8021737337112427
Malicious,Malicious,0.8021737337112427
Malicious,Malicious,0.8021737337112427
Malicious,Malicious,0.8021737337112427
Malicious,Malicious,0.8021737337112427
Malicious,Malicious,0.8021737337112427
Malicious,Malicious,0.8021737337112427
Malicious,Malicious,0.8021737337112427
Malicious,Malicious,0.8021737337112427
Malicious,Malicious,0.802078902721405
Malicious,Malicious,0.8021737337112427
Malicious,Malicious,0.8021737337112427
Malicious,Malicious,0.8021737337112427
Malicious,Malicious,0.8021737337112427
Malicious,Malicious,0.8021737337112427
Malicious,Malicious,0.8021737337112427
Malicious,Malicious,0.8021737337112427
Malicious,Malicious,0.8021737337112427
Malicious,Malicious,0.8021737337112427
Malicious,Malicious,0.8021737337112427
Malicious,Malicious,0.8021737337112427
Malicious,Malicious,0.8021737337112427
Malicious,Malicious,0.8021737337112427
Malicious,Malicious,0.8021737337112427
Malicious,Malicious,0.8021737337112427
Malicious,Malicious,0.8021737337112427
Malicious,Malicious,0.8021737337112427
Malicious,Malicious,0.8021737337112427
Malicious,Malicious,0.8021737337112427
Malicious,Malicious,0.8021737337112427
Malicious,Malicious,0.8021737337112427
Malicious,Malicious,0.8021737337112427
Malicious,Malicious,0.8021737337112427
Malicious,Malicious,0.8021737337112427
Malicious,Malicious,0.8021737337112427
Malicious,Malicious,0.8021737337112427
Malicious,Malicious,0.8021737337112427
Malicious,Malicious,0.8021737337112427
Malicious,Malicious,0.8021737337112427
Malicious,Malicious,0.8021737337112427
Malicious,Malicious,0.8021737337112427
Malicious,Malicious,0.8021737337112427
Malicious,Malicious,0.8021737337112427
Malicious,Malicious,0.8021737337112427
Malicious,Malicious,0.8021737337112427
Malicious,Benign,0.46949857473373413
Malicious,Malicious,0.8021737337112427
Malicious,Malicious,0.8021737337112427
Malicious,Malicious,0.8021737337112427
Malicious,Malicious,0.8021737337112427
Malicious,Malicious,0.8021737337112427
Malicious,Malicious,0.8021737337112427
Malicious,Malicious,0.8021737337112427
Malicious,Malicious,0.8021737337112427
Malicious,Malicious,0.8021737337112427
Malicious,Malicious,0.8021737337112427
Malicious,Malicious,0.8021737337112427
Malicious,Malicious,0.8021737337112427
Malicious,Malicious,0.8021737337112427
Malicious,Malicious,0.8021737337112427
Malicious,Malicious,0.8021737337112427
Malicious,Malicious,0.8021737337112427
Malicious,Malicious,0.8021737337112427
Malicious,Malicious,0.8021737337112427
Malicious,Malicious,0.8021737337112427
Malicious,Malicious,0.8021737337112427
Malicious,Malicious,0.8021737337112427
Malicious,Malicious,0.8021737337112427
Malicious,Malicious,0.8021737337112427
Malicious,Malicious,0.8021737337112427
Malicious,Malicious,0.8021737337112427
Malicious,Malicious,0.8021737337112427
Malicious,Benign,0.2388550192117691
Malicious,Malicious,0.8021737337112427
Malicious,Malicious,0.8021737337112427
Malicious,Benign,0.22345244884490967
Malicious,Malicious,0.8021737337112427
Malicious,Malicious,0.8021737337112427
Malicious,Malicious,0.8021737337112427
Malicious,Malicious,0.8021737337112427
Malicious,Malicious,0.8021737337112427
Malicious,Malicious,0.8021737337112427
Malicious,Malicious,0.8021737337112427
Malicious,Malicious,0.8021737337112427
Malicious,Malicious,0.8021737337112427
Malicious,Malicious,0.8021737337112427
Malicious,Malicious,0.8021737337112427
Malicious,Malicious,0.8021737337112427
Malicious,Malicious,0.8021737337112427
Malicious,Malicious,0.8021737337112427
Malicious,Malicious,0.8021737337112427
Malicious,Malicious,0.8021737337112427
Malicious,Malicious,0.8021737337112427
Malicious,Malicious,0.8021737337112427
Malicious,Malicious,0.8021737337112427
Malicious,Malicious,0.8021737337112427
Malicious,Malicious,0.8021737337112427
Malicious,Malicious,0.8021737337112427
Malicious,Malicious,0.8021737337112427
Malicious,Malicious,0.8021737337112427
Malicious,Malicious,0.8021737337112427
Malicious,Malicious,0.8021737337112427
Malicious,Malicious,0.8021737337112427
Malicious,Malicious,0.8021737337112427
Malicious,Malicious,0.8021737337112427
Malicious,Malicious,0.8021737337112427
Malicious,Malicious,0.8021737337112427
Malicious,Malicious,0.8021737337112427
Malicious,Malicious,0.8021737337112427
Malicious,Malicious,0.8021737337112427
Malicious,Malicious,0.8021737337112427
Malicious,Malicious,0.8021737337112427
Malicious,Malicious,0.8021737337112427
Malicious,Malicious,0.8021737337112427
Malicious,Malicious,0.8021737337112427
Malicious,Malicious,0.8021737337112427
Malicious,Malicious,0.8021737337112427
Malicious,Malicious,0.8021737337112427
Malicious,Malicious,0.8021737337112427
Malicious,Malicious,0.8021737337112427
Malicious,Malicious,0.8021737337112427
Malicious,Malicious,0.8021737337112427
Malicious,Malicious,0.8021737337112427
Malicious,Malicious,0.8021737337112427
Malicious,Malicious,0.8021737337112427
Malicious,Malicious,0.8021737337112427
Malicious,Malicious,0.8021737337112427
Malicious,Malicious,0.8021737337112427
Malicious,Malicious,0.8021737337112427
Malicious,Malicious,0.8021737337112427
Malicious,Malicious,0.8021737337112427
Malicious,Malicious,0.8021737337112427
Malicious,Malicious,0.8021737337112427
Malicious,Malicious,0.8021737337112427
Malicious,Malicious,0.8021737337112427
Malicious,Malicious,0.8021737337112427
Malicious,Malicious,0.8021737337112427
Malicious,Malicious,0.8021737337112427
Malicious,Malicious,0.8021737337112427
Malicious,Malicious,0.8021737337112427
Malicious,Malicious,0.8021737337112427
Malicious,Malicious,0.8021737337112427
Malicious,Malicious,0.8021737337112427
Malicious,Malicious,0.8021737337112427
Malicious,Malicious,0.8021737337112427
Malicious,Malicious,0.8021737337112427
Malicious,Malicious,0.8021737337112427
Malicious,Malicious,0.8021737337112427
Malicious,Malicious,0.8021737337112427
Malicious,Malicious,0.8021737337112427
Malicious,Malicious,0.8021737337112427
Malicious,Malicious,0.8021737337112427
Malicious,Malicious,0.8021737337112427
Malicious,Malicious,0.8021737337112427
Malicious,Malicious,0.8005383014678955
Malicious,Malicious,0.8021737337112427
Malicious,Malicious,0.8021737337112427
Malicious,Malicious,0.8021737337112427
Malicious,Malicious,0.8021737337112427
Malicious,Benign,0.2622840702533722
Malicious,Malicious,0.8021737337112427
Malicious,Malicious,0.8021737337112427
Malicious,Malicious,0.8021737337112427
Malicious,Malicious,0.8021737337112427
Malicious,Malicious,0.8021737337112427
Malicious,Malicious,0.8021737337112427
Malicious,Malicious,0.8021737337112427
Malicious,Malicious,0.8021737337112427
Malicious,Malicious,0.8021737337112427
Malicious,Malicious,0.8021737337112427
Malicious,Malicious,0.8021737337112427
Malicious,Malicious,0.8021737337112427
Malicious,Malicious,0.8021737337112427
Malicious,Malicious,0.8021737337112427
Malicious,Malicious,0.8021737337112427
Malicious,Malicious,0.8021737337112427
Malicious,Malicious,0.8021737337112427
Malicious,Malicious,0.8021737337112427
Malicious,Malicious,0.8021737337112427
Malicious,Malicious,0.8021737337112427
Malicious,Malicious,0.8021737337112427
Malicious,Malicious,0.8021737337112427
Malicious,Malicious,0.8021737337112427
Malicious,Malicious,0.8021737337112427
Malicious,Malicious,0.7768651843070984
Malicious,Malicious,0.8021737337112427
Malicious,Malicious,0.8021737337112427
Malicious,Malicious,0.8021737337112427
Malicious,Malicious,0.8021737337112427
Malicious,Malicious,0.8021737337112427
Malicious,Malicious,0.8021737337112427
Malicious,Malicious,0.8021737337112427
Malicious,Malicious,0.8021737337112427
Malicious,Malicious,0.8021737337112427
Malicious,Malicious,0.8021737337112427
Malicious,Malicious,0.8021737337112427
Malicious,Malicious,0.8021737337112427
Malicious,Malicious,0.8021737337112427
Malicious,Malicious,0.8021737337112427
Malicious,Malicious,0.8021737337112427
Malicious,Malicious,0.8021737337112427
Malicious,Malicious,0.8021737337112427
Malicious,Malicious,0.8021737337112427
Malicious,Malicious,0.8021737337112427
Malicious,Malicious,0.8021737337112427
Malicious,Malicious,0.8021737337112427
Malicious,Malicious,0.8021737337112427
Malicious,Malicious,0.8021737337112427
Malicious,Malicious,0.8021737337112427
Malicious,Malicious,0.8021737337112427
Malicious,Benign,0.25346139073371887
Malicious,Malicious,0.8021737337112427
Malicious,Malicious,0.8021737337112427
Malicious,Malicious,0.8021737337112427
Malicious,Malicious,0.8021737337112427
Malicious,Malicious,0.8021737337112427
Malicious,Malicious,0.8021737337112427
Malicious,Malicious,0.7976750731468201
Malicious,Malicious,0.8021737337112427
Malicious,Malicious,0.8021737337112427
Malicious,Malicious,0.8021737337112427
Malicious,Malicious,0.8021737337112427
Malicious,Malicious,0.8021737337112427
Malicious,Malicious,0.8021737337112427
Malicious,Malicious,0.8021737337112427
Malicious,Malicious,0.8021737337112427
Malicious,Malicious,0.8021737337112427
Malicious,Malicious,0.8021737337112427
Malicious,Malicious,0.8021737337112427
Malicious,Malicious,0.8021737337112427
Malicious,Malicious,0.8021737337112427
Malicious,Malicious,0.8021737337112427
Malicious,Malicious,0.8021737337112427
Malicious,Malicious,0.8021737337112427
Malicious,Malicious,0.8021737337112427
Malicious,Malicious,0.8021737337112427
Malicious,Malicious,0.8021737337112427
Malicious,Malicious,0.8021737337112427
Malicious,Malicious,0.8021737337112427
Malicious,Malicious,0.8021737337112427
Malicious,Malicious,0.8021737337112427
Malicious,Malicious,0.8021737337112427
Malicious,Malicious,0.8021737337112427
Malicious,Malicious,0.8021737337112427
Malicious,Malicious,0.8021737337112427
Malicious,Malicious,0.8021737337112427
Malicious,Malicious,0.8021737337112427
Malicious,Malicious,0.8021737337112427
Malicious,Malicious,0.8021737337112427
Malicious,Malicious,0.8021737337112427
Malicious,Malicious,0.8021737337112427
Malicious,Malicious,0.8021737337112427
Malicious,Malicious,0.8021737337112427
Malicious,Malicious,0.8021737337112427
Malicious,Malicious,0.8021737337112427
Malicious,Malicious,0.8021737337112427
Malicious,Malicious,0.8021737337112427
Malicious,Malicious,0.8021737337112427
Malicious,Malicious,0.8021737337112427
Malicious,Malicious,0.8021737337112427
Malicious,Malicious,0.8021737337112427
Malicious,Malicious,0.8021737337112427
Malicious,Malicious,0.8021737337112427
Malicious,Malicious,0.8021737337112427
Malicious,Malicious,0.8021737337112427
Malicious,Malicious,0.8021737337112427
Malicious,Malicious,0.8021737337112427
Malicious,Malicious,0.8021737337112427
Malicious,Malicious,0.8021737337112427
Malicious,Malicious,0.8021737337112427
Malicious,Malicious,0.8021737337112427
Malicious,Malicious,0.8021737337112427
Malicious,Malicious,0.8021737337112427
Malicious,Malicious,0.8021737337112427
Malicious,Malicious,0.8021737337112427
Malicious,Malicious,0.8021737337112427
Malicious,Malicious,0.8021737337112427
Malicious,Malicious,0.8021737337112427
Malicious,Malicious,0.8021737337112427
Malicious,Malicious,0.8021737337112427
Malicious,Malicious,0.8021737337112427
Malicious,Malicious,0.8021737337112427
Malicious,Malicious,0.8021737337112427
Malicious,Malicious,0.8021737337112427
Malicious,Malicious,0.8021737337112427
Malicious,Malicious,0.8021737337112427
Malicious,Malicious,0.6641490459442139
Malicious,Malicious,0.8021737337112427
Malicious,Malicious,0.8021737337112427
Malicious,Malicious,0.8021737337112427
Malicious,Malicious,0.8021737337112427
Malicious,Malicious,0.8021737337112427
Malicious,Malicious,0.8021737337112427
Malicious,Malicious,0.8021737337112427
Malicious,Malicious,0.8021737337112427
Malicious,Malicious,0.8021737337112427
Malicious,Malicious,0.8021737337112427
Malicious,Malicious,0.8021737337112427
Malicious,Malicious,0.8021737337112427
Malicious,Malicious,0.8021737337112427
Malicious,Malicious,0.8021737337112427
Malicious,Malicious,0.8021737337112427
Malicious,Malicious,0.8021737337112427
Malicious,Malicious,0.8021737337112427
Malicious,Malicious,0.8021737337112427
Malicious,Malicious,0.8021737337112427
Malicious,Malicious,0.8021737337112427
Malicious,Malicious,0.8021737337112427
Malicious,Malicious,0.8021737337112427
Malicious,Malicious,0.8021737337112427
Malicious,Malicious,0.8021737337112427
Malicious,Malicious,0.8021737337112427
Malicious,Malicious,0.8021737337112427
Malicious,Malicious,0.8021737337112427
Malicious,Malicious,0.8021737337112427
Malicious,Malicious,0.8021737337112427
Malicious,Malicious,0.8021737337112427
Malicious,Malicious,0.8021737337112427
Malicious,Malicious,0.8021737337112427
Malicious,Malicious,0.8021737337112427
Malicious,Benign,0.20094260573387146
Malicious,Malicious,0.7983644008636475
Malicious,Benign,0.34018680453300476
Malicious,Malicious,0.8021737337112427
Malicious,Malicious,0.8021737337112427
Malicious,Malicious,0.8021737337112427
Malicious,Malicious,0.8021737337112427
Malicious,Malicious,0.8021737337112427
Malicious,Malicious,0.8021737337112427
Malicious,Malicious,0.8021737337112427
Malicious,Malicious,0.8021737337112427
Malicious,Malicious,0.8021737337112427
Malicious,Malicious,0.8021737337112427
Malicious,Malicious,0.8021737337112427
Malicious,Malicious,0.8021737337112427
Malicious,Malicious,0.8021737337112427
Malicious,Malicious,0.8021737337112427
Malicious,Malicious,0.8021737337112427
Malicious,Malicious,0.8021737337112427
Malicious,Malicious,0.8021737337112427
Malicious,Malicious,0.8021737337112427
Malicious,Malicious,0.8016975522041321
Malicious,Malicious,0.8021737337112427
Malicious,Malicious,0.8021737337112427
Malicious,Malicious,0.8021737337112427
Malicious,Malicious,0.8021737337112427
Malicious,Malicious,0.8021737337112427
Malicious,Malicious,0.8021737337112427
Malicious,Malicious,0.8021737337112427
Malicious,Malicious,0.8021737337112427
Malicious,Malicious,0.8021737337112427
Malicious,Malicious,0.8021737337112427
Malicious,Malicious,0.8021737337112427
Malicious,Malicious,0.8021737337112427
Malicious,Malicious,0.8021737337112427
Malicious,Malicious,0.8021737337112427
Malicious,Malicious,0.8021737337112427
Malicious,Malicious,0.8021737337112427
Malicious,Malicious,0.8021737337112427
Malicious,Malicious,0.8021737337112427
Malicious,Malicious,0.8021737337112427
Malicious,Malicious,0.8021737337112427
Malicious,Malicious,0.8021737337112427
Malicious,Malicious,0.8021737337112427
Malicious,Malicious,0.8021737337112427
Malicious,Malicious,0.8021737337112427
Malicious,Malicious,0.8021737337112427
Malicious,Malicious,0.8021737337112427
Malicious,Malicious,0.8021737337112427
Malicious,Malicious,0.8021737337112427
Malicious,Malicious,0.8021737337112427
Malicious,Malicious,0.8021737337112427
Malicious,Benign,0.2445230334997177
Malicious,Malicious,0.8021737337112427
Malicious,Malicious,0.8021737337112427
Malicious,Malicious,0.8021737337112427
Malicious,Malicious,0.8021737337112427
Malicious,Malicious,0.8021737337112427
Malicious,Malicious,0.8021737337112427
Malicious,Malicious,0.8021737337112427
Malicious,Malicious,0.8021737337112427
Malicious,Malicious,0.8021737337112427
Malicious,Malicious,0.8021737337112427
Malicious,Malicious,0.8021737337112427
Malicious,Malicious,0.8021737337112427
Malicious,Malicious,0.8021737337112427
Malicious,Malicious,0.8021737337112427
Malicious,Malicious,0.8021737337112427
Malicious,Malicious,0.8021737337112427
Malicious,Malicious,0.8021737337112427
Malicious,Malicious,0.8021737337112427
Malicious,Malicious,0.8021737337112427
Malicious,Malicious,0.8021737337112427
Malicious,Malicious,0.8021737337112427
Malicious,Malicious,0.8021737337112427
Malicious,Malicious,0.8021737337112427
Malicious,Malicious,0.8021737337112427
Malicious,Malicious,0.8021737337112427
Malicious,Malicious,0.8021737337112427
Malicious,Malicious,0.8021737337112427
Malicious,Malicious,0.8021737337112427
Malicious,Malicious,0.8021737337112427
Malicious,Benign,0.22827500104904175
Malicious,Malicious,0.8021737337112427
Malicious,Malicious,0.8021737337112427
Malicious,Malicious,0.8021737337112427
Malicious,Malicious,0.8021737337112427
Malicious,Malicious,0.8021737337112427
Malicious,Malicious,0.8021737337112427
Malicious,Malicious,0.8021737337112427
Malicious,Malicious,0.8021737337112427
Malicious,Malicious,0.8021737337112427
Malicious,Malicious,0.8021737337112427
Malicious,Malicious,0.8021737337112427
Malicious,Malicious,0.8021737337112427
Malicious,Malicious,0.8021737337112427
Malicious,Malicious,0.8021737337112427
Malicious,Malicious,0.8021737337112427
Malicious,Malicious,0.8021737337112427
Malicious,Malicious,0.8021737337112427
Malicious,Malicious,0.8021737337112427
Malicious,Malicious,0.8021737337112427
Malicious,Benign,0.19951403141021729
Malicious,Malicious,0.8021737337112427
Malicious,Malicious,0.8021737337112427
Malicious,Malicious,0.8021737337112427
Malicious,Malicious,0.8021737337112427
Malicious,Malicious,0.8021737337112427
Malicious,Malicious,0.8021737337112427
Malicious,Malicious,0.8021737337112427
Malicious,Malicious,0.8021737337112427
Malicious,Malicious,0.8021737337112427
Malicious,Malicious,0.8021737337112427
Malicious,Malicious,0.8021737337112427
Malicious,Malicious,0.8021737337112427
Malicious,Benign,0.23636895418167114
Malicious,Malicious,0.8021737337112427
Malicious,Malicious,0.8021737337112427
Malicious,Malicious,0.8021737337112427
Malicious,Malicious,0.8021737337112427
Malicious,Malicious,0.8021737337112427
Malicious,Malicious,0.8021737337112427
Malicious,Malicious,0.8012213706970215
Malicious,Malicious,0.8021737337112427
Malicious,Malicious,0.8021737337112427
Malicious,Malicious,0.8021737337112427
Malicious,Malicious,0.8021737337112427
Malicious,Malicious,0.8021737337112427
Malicious,Malicious,0.8021737337112427
Malicious,Malicious,0.8021737337112427
Malicious,Malicious,0.8021737337112427
Malicious,Malicious,0.8021737337112427
Malicious,Malicious,0.8021737337112427
Malicious,Malicious,0.8021737337112427
Malicious,Malicious,0.8021737337112427
Malicious,Malicious,0.8021737337112427
Malicious,Malicious,0.8021737337112427
Malicious,Malicious,0.8021737337112427
Malicious,Malicious,0.8021737337112427
Malicious,Malicious,0.8021737337112427
Malicious,Malicious,0.8021737337112427
Malicious,Malicious,0.8021737337112427
Malicious,Malicious,0.8021737337112427
Malicious,Malicious,0.8021737337112427
Malicious,Malicious,0.8021737337112427
Malicious,Malicious,0.8021737337112427
Malicious,Malicious,0.8021737337112427
Malicious,Malicious,0.8021737337112427
Malicious,Malicious,0.8021737337112427
Malicious,Malicious,0.8021737337112427
Malicious,Malicious,0.8021737337112427
Malicious,Malicious,0.8021737337112427
Malicious,Malicious,0.7693115472793579
Malicious,Malicious,0.8021737337112427
Malicious,Malicious,0.8021737337112427
Malicious,Malicious,0.8021737337112427
Malicious,Malicious,0.8021737337112427
Malicious,Malicious,0.8021737337112427
Malicious,Malicious,0.8021737337112427
Malicious,Malicious,0.8021737337112427
Malicious,Malicious,0.8021737337112427
Malicious,Malicious,0.8021737337112427
Malicious,Malicious,0.8021737337112427
Malicious,Malicious,0.8021737337112427
Malicious,Malicious,0.8021737337112427
Malicious,Malicious,0.8021737337112427
Malicious,Malicious,0.8021737337112427
Malicious,Malicious,0.8021737337112427
Malicious,Malicious,0.8021737337112427
Malicious,Malicious,0.8021737337112427
Malicious,Malicious,0.8021737337112427
Malicious,Malicious,0.8021737337112427
Malicious,Malicious,0.8021737337112427
Malicious,Malicious,0.8021737337112427
Malicious,Malicious,0.8021737337112427
Malicious,Malicious,0.8021737337112427
Malicious,Malicious,0.8021737337112427
Malicious,Malicious,0.8021737337112427
Malicious,Malicious,0.8021737337112427
Malicious,Malicious,0.8021737337112427
Malicious,Malicious,0.8021737337112427
Malicious,Malicious,0.8021737337112427
Malicious,Malicious,0.8021737337112427
Malicious,Malicious,0.8021737337112427
Malicious,Malicious,0.8021737337112427
Malicious,Malicious,0.8021737337112427
Malicious,Malicious,0.8021737337112427
Malicious,Malicious,0.8021737337112427
Malicious,Malicious,0.8021737337112427
Malicious,Malicious,0.8021737337112427
Malicious,Malicious,0.8021737337112427
Malicious,Malicious,0.8016975522041321
Malicious,Malicious,0.8021737337112427
Malicious,Malicious,0.8021737337112427
Malicious,Malicious,0.8021737337112427
Malicious,Malicious,0.8021737337112427
Malicious,Malicious,0.8021737337112427
Malicious,Malicious,0.8021737337112427
Malicious,Malicious,0.8021737337112427
Malicious,Malicious,0.802078902721405
Malicious,Malicious,0.8021737337112427
Malicious,Malicious,0.8021737337112427
Malicious,Malicious,0.8021737337112427
Malicious,Malicious,0.8021737337112427
Malicious,Malicious,0.8021737337112427
Malicious,Malicious,0.8021737337112427
Malicious,Malicious,0.8021737337112427
Malicious,Malicious,0.8021737337112427
Malicious,Malicious,0.8021737337112427
Malicious,Malicious,0.8021737337112427
Malicious,Malicious,0.8021737337112427
Malicious,Malicious,0.8021737337112427
Malicious,Malicious,0.8021737337112427
Malicious,Malicious,0.8021737337112427
Malicious,Malicious,0.8021737337112427
Malicious,Malicious,0.8021737337112427
Malicious,Malicious,0.8021737337112427
Malicious,Malicious,0.8021737337112427
Malicious,Malicious,0.8021737337112427
Malicious,Malicious,0.8021737337112427
Malicious,Malicious,0.8021737337112427
Malicious,Malicious,0.8021737337112427
Malicious,Malicious,0.8021737337112427
Malicious,Malicious,0.8021737337112427
Malicious,Malicious,0.8021737337112427
Malicious,Malicious,0.8021737337112427
Malicious,Malicious,0.8021737337112427
Malicious,Malicious,0.8021737337112427
Malicious,Malicious,0.8021737337112427
Malicious,Malicious,0.8021737337112427
Malicious,Malicious,0.8021737337112427
Malicious,Malicious,0.8021737337112427
Malicious,Malicious,0.8021737337112427
Malicious,Malicious,0.8021737337112427
Malicious,Malicious,0.8021737337112427
Malicious,Malicious,0.8021737337112427
Malicious,Malicious,0.8021737337112427
Malicious,Malicious,0.8021737337112427
Malicious,Malicious,0.8021737337112427
Malicious,Malicious,0.8021737337112427
Malicious,Malicious,0.8021737337112427
Malicious,Malicious,0.8021737337112427
Malicious,Malicious,0.8021737337112427
Malicious,Malicious,0.8021737337112427
Malicious,Malicious,0.8021737337112427
Malicious,Malicious,0.8021737337112427
Malicious,Malicious,0.8021737337112427
Malicious,Malicious,0.8021737337112427
Malicious,Malicious,0.8021737337112427
Malicious,Malicious,0.8021737337112427
Malicious,Malicious,0.8021737337112427
Malicious,Malicious,0.8021737337112427
Malicious,Malicious,0.8021737337112427
Malicious,Malicious,0.8021737337112427
Malicious,Malicious,0.8021737337112427
Malicious,Malicious,0.8021737337112427
Malicious,Malicious,0.8021737337112427
Malicious,Malicious,0.8021737337112427
Malicious,Malicious,0.8021737337112427
Malicious,Malicious,0.8021737337112427
Malicious,Malicious,0.8021737337112427
Malicious,Malicious,0.8021737337112427
Malicious,Malicious,0.8021737337112427
Malicious,Malicious,0.8012213706970215
Malicious,Benign,0.2256315052509308
Malicious,Malicious,0.8021737337112427
Malicious,Malicious,0.8021737337112427
Malicious,Malicious,0.8021737337112427
Malicious,Malicious,0.8021737337112427
Malicious,Malicious,0.8021737337112427
Malicious,Malicious,0.8021737337112427
Malicious,Malicious,0.8021737337112427
Malicious,Malicious,0.8021737337112427
Malicious,Malicious,0.8021737337112427
Malicious,Malicious,0.8021737337112427
Malicious,Malicious,0.8021737337112427
Malicious,Malicious,0.8021737337112427
Malicious,Malicious,0.8021737337112427
Malicious,Malicious,0.8021737337112427
Malicious,Malicious,0.8021737337112427
Malicious,Malicious,0.8021737337112427
Malicious,Malicious,0.8021737337112427
Malicious,Malicious,0.8021737337112427
Malicious,Malicious,0.8021737337112427
Malicious,Malicious,0.8021737337112427
Malicious,Malicious,0.8021737337112427
Malicious,Malicious,0.8021737337112427
Malicious,Malicious,0.8021737337112427
Malicious,Malicious,0.8021737337112427
Malicious,Malicious,0.8021737337112427
Malicious,Malicious,0.8021737337112427
Malicious,Malicious,0.8021737337112427
Malicious,Malicious,0.8021737337112427
Malicious,Malicious,0.8021737337112427
Malicious,Malicious,0.8021737337112427
Malicious,Malicious,0.8021737337112427
Malicious,Malicious,0.8021737337112427
Malicious,Malicious,0.8021737337112427
Malicious,Malicious,0.8021737337112427
Malicious,Malicious,0.8021737337112427
Malicious,Malicious,0.8021737337112427
Malicious,Malicious,0.8021737337112427
Malicious,Malicious,0.8021737337112427
Malicious,Benign,0.4615265727043152
Malicious,Malicious,0.8021737337112427
Malicious,Malicious,0.8021737337112427
Malicious,Malicious,0.8021737337112427
Malicious,Malicious,0.8021737337112427
Malicious,Malicious,0.8021737337112427
Malicious,Malicious,0.8021737337112427
Malicious,Malicious,0.8021737337112427
Malicious,Malicious,0.8021737337112427
Malicious,Malicious,0.8021737337112427
Malicious,Malicious,0.8021737337112427
Malicious,Malicious,0.8021737337112427
Malicious,Malicious,0.8021737337112427
Malicious,Malicious,0.8021737337112427
Malicious,Malicious,0.8021737337112427
Malicious,Malicious,0.8021737337112427
Malicious,Malicious,0.8021737337112427
Malicious,Malicious,0.802078902721405
Malicious,Malicious,0.8021737337112427
Malicious,Malicious,0.8021737337112427
Malicious,Malicious,0.8021737337112427
Malicious,Malicious,0.8021737337112427
Malicious,Malicious,0.8021737337112427
Malicious,Malicious,0.8021737337112427
Malicious,Malicious,0.8021737337112427
Malicious,Malicious,0.8021737337112427
Malicious,Malicious,0.8021737337112427
Malicious,Malicious,0.8021737337112427
Malicious,Malicious,0.8021737337112427
Malicious,Malicious,0.8021737337112427
Malicious,Malicious,0.8021737337112427
Malicious,Malicious,0.8021737337112427
Malicious,Malicious,0.8021737337112427
Malicious,Malicious,0.8021737337112427
Malicious,Malicious,0.8021737337112427
Malicious,Malicious,0.8021737337112427
Malicious,Malicious,0.8021737337112427
Malicious,Malicious,0.8021737337112427
Malicious,Malicious,0.8021737337112427
Malicious,Malicious,0.8021737337112427
Malicious,Malicious,0.8021737337112427
Malicious,Malicious,0.8021737337112427
Malicious,Malicious,0.8021737337112427
Malicious,Malicious,0.8021737337112427
Malicious,Malicious,0.8021737337112427
Malicious,Malicious,0.8021737337112427
Malicious,Malicious,0.8021737337112427
Malicious,Malicious,0.8021737337112427
Malicious,Benign,0.2141961306333542
Malicious,Malicious,0.8021737337112427
Malicious,Malicious,0.8021737337112427
Malicious,Malicious,0.8021737337112427
Malicious,Malicious,0.8021737337112427
Malicious,Malicious,0.8021737337112427
Malicious,Malicious,0.8021737337112427
Malicious,Malicious,0.8021737337112427
Malicious,Malicious,0.8021737337112427
Malicious,Malicious,0.8021737337112427
Malicious,Malicious,0.8021737337112427
Malicious,Malicious,0.8021737337112427
Malicious,Malicious,0.8021737337112427
Malicious,Malicious,0.8021737337112427
Malicious,Malicious,0.8021737337112427
Malicious,Malicious,0.8021737337112427
Malicious,Malicious,0.8021737337112427
Malicious,Malicious,0.8021737337112427
Malicious,Malicious,0.8021737337112427
Malicious,Malicious,0.8021737337112427
Malicious,Malicious,0.8021737337112427
Malicious,Malicious,0.8021737337112427
Malicious,Malicious,0.8021737337112427
Malicious,Benign,0.23281073570251465
Malicious,Malicious,0.8021737337112427
Malicious,Malicious,0.8021737337112427
Malicious,Malicious,0.8021737337112427
Malicious,Benign,0.266851007938385
Malicious,Malicious,0.8021737337112427
Malicious,Malicious,0.8021737337112427
Malicious,Malicious,0.8021737337112427
Malicious,Malicious,0.8021737337112427
Malicious,Malicious,0.8021737337112427
Malicious,Malicious,0.8021737337112427
Malicious,Malicious,0.8021737337112427
Malicious,Malicious,0.8021737337112427
Malicious,Malicious,0.8021737337112427
Malicious,Malicious,0.8021737337112427
Malicious,Malicious,0.8021737337112427
Malicious,Malicious,0.8021737337112427
Malicious,Malicious,0.8021737337112427
Malicious,Malicious,0.8021737337112427
Malicious,Malicious,0.8021737337112427
Malicious,Malicious,0.8021737337112427
Malicious,Malicious,0.8021737337112427
Malicious,Malicious,0.8021737337112427
Malicious,Malicious,0.8021737337112427
Malicious,Malicious,0.8021737337112427
Malicious,Malicious,0.8021737337112427
Malicious,Malicious,0.8021737337112427
Malicious,Malicious,0.8021737337112427
Malicious,Malicious,0.8021737337112427
Malicious,Malicious,0.8021737337112427
Malicious,Malicious,0.8021737337112427
Malicious,Malicious,0.8021737337112427
Malicious,Malicious,0.8021737337112427
Malicious,Malicious,0.8021737337112427
Malicious,Malicious,0.8021737337112427
Malicious,Malicious,0.8021737337112427
Malicious,Malicious,0.8021737337112427
Malicious,Malicious,0.8021737337112427
Malicious,Malicious,0.8021737337112427
Malicious,Malicious,0.8021737337112427
Malicious,Malicious,0.8021737337112427
Malicious,Malicious,0.8021737337112427
Malicious,Malicious,0.8021737337112427
Malicious,Malicious,0.8021737337112427
Malicious,Malicious,0.8021737337112427
Malicious,Malicious,0.8021737337112427
Malicious,Malicious,0.8021737337112427
Malicious,Malicious,0.8021737337112427
Malicious,Malicious,0.8021737337112427
Malicious,Malicious,0.8021737337112427
Malicious,Malicious,0.8021737337112427
Malicious,Malicious,0.8021737337112427
Malicious,Malicious,0.8021737337112427
Malicious,Malicious,0.8021737337112427
Malicious,Malicious,0.8021737337112427
Malicious,Malicious,0.7824840545654297
Malicious,Malicious,0.8021737337112427
Malicious,Malicious,0.8021737337112427
Malicious,Malicious,0.8021737337112427
Malicious,Malicious,0.8021737337112427
Malicious,Malicious,0.8021737337112427
Malicious,Malicious,0.8021737337112427
Malicious,Malicious,0.8021737337112427
Malicious,Malicious,0.8021737337112427
Malicious,Malicious,0.8021737337112427
Malicious,Malicious,0.8021737337112427
Malicious,Malicious,0.8021737337112427
Malicious,Malicious,0.8021737337112427
Malicious,Malicious,0.8021737337112427
Malicious,Malicious,0.8021737337112427
Malicious,Malicious,0.8021737337112427
Malicious,Malicious,0.8021737337112427
Malicious,Malicious,0.8021737337112427
Malicious,Malicious,0.8021737337112427
Malicious,Malicious,0.8021737337112427
Malicious,Malicious,0.8021737337112427
Malicious,Malicious,0.8021737337112427
Malicious,Malicious,0.8021737337112427
Malicious,Malicious,0.8021737337112427
Malicious,Malicious,0.8021737337112427
Malicious,Malicious,0.8021737337112427
Malicious,Malicious,0.8021737337112427
Malicious,Malicious,0.8021737337112427
Malicious,Malicious,0.8021737337112427
Malicious,Malicious,0.8021737337112427
Malicious,Malicious,0.8021737337112427
Malicious,Malicious,0.8021737337112427
Malicious,Malicious,0.8021737337112427
Malicious,Malicious,0.8021737337112427
Malicious,Malicious,0.8021737337112427
Malicious,Malicious,0.8021737337112427
Malicious,Malicious,0.8021737337112427
Malicious,Malicious,0.8021737337112427
Malicious,Malicious,0.8021737337112427
Malicious,Malicious,0.8021737337112427
Malicious,Malicious,0.8021737337112427
Malicious,Malicious,0.8021737337112427
Malicious,Malicious,0.8021737337112427
Malicious,Malicious,0.8021737337112427
Malicious,Malicious,0.8021737337112427
Malicious,Malicious,0.8021737337112427
Malicious,Malicious,0.8021737337112427
Malicious,Benign,0.22120673954486847
Malicious,Malicious,0.8021737337112427
Malicious,Malicious,0.8021737337112427
Malicious,Malicious,0.8021737337112427
Malicious,Malicious,0.8021737337112427
Malicious,Malicious,0.8021737337112427
Malicious,Malicious,0.8021737337112427
Malicious,Malicious,0.8021737337112427
Malicious,Malicious,0.8021737337112427
Malicious,Malicious,0.8021737337112427
Malicious,Malicious,0.8021737337112427
Malicious,Malicious,0.8021737337112427
Malicious,Malicious,0.8021737337112427
Malicious,Malicious,0.8021737337112427
Malicious,Malicious,0.8021737337112427
Malicious,Benign,0.20189498364925385
Malicious,Malicious,0.8021737337112427
Malicious,Malicious,0.8021737337112427
Malicious,Malicious,0.8021737337112427
Malicious,Malicious,0.8021737337112427
Malicious,Malicious,0.8021737337112427
Malicious,Malicious,0.8021737337112427
Malicious,Malicious,0.8021737337112427
Malicious,Malicious,0.8021737337112427
Malicious,Malicious,0.8021737337112427
Malicious,Malicious,0.8021737337112427
Malicious,Malicious,0.8021737337112427
Malicious,Malicious,0.8021737337112427
Malicious,Malicious,0.8021737337112427
Malicious,Malicious,0.8021737337112427
Malicious,Malicious,0.8021737337112427
Malicious,Malicious,0.8021737337112427
Malicious,Malicious,0.8021737337112427
Malicious,Malicious,0.8021737337112427
Malicious,Malicious,0.8021737337112427
Malicious,Malicious,0.8021737337112427
Malicious,Malicious,0.8021737337112427
Malicious,Malicious,0.8021737337112427
Malicious,Malicious,0.8021737337112427
Malicious,Malicious,0.8021737337112427
Malicious,Malicious,0.8021737337112427
Malicious,Malicious,0.8021737337112427
Malicious,Malicious,0.8021737337112427
Malicious,Malicious,0.8021737337112427
Malicious,Malicious,0.8021737337112427
Malicious,Malicious,0.8021737337112427
Malicious,Malicious,0.8021737337112427
Malicious,Malicious,0.8021737337112427
Malicious,Malicious,0.8021737337112427
Malicious,Malicious,0.8021737337112427
Malicious,Malicious,0.8021737337112427
Malicious,Malicious,0.8021737337112427
Malicious,Malicious,0.8021737337112427
Malicious,Malicious,0.8021737337112427
Malicious,Malicious,0.8021737337112427
Malicious,Malicious,0.8021737337112427
Malicious,Malicious,0.8021737337112427
Malicious,Malicious,0.8021737337112427
Malicious,Malicious,0.8021737337112427
Malicious,Benign,0.20296470820903778
Malicious,Malicious,0.8021737337112427
Malicious,Malicious,0.8021737337112427
Malicious,Malicious,0.8021737337112427
Malicious,Malicious,0.8021737337112427
Malicious,Benign,0.2825782299041748
Malicious,Malicious,0.8021737337112427
Malicious,Malicious,0.8021737337112427
Malicious,Malicious,0.8021737337112427
Malicious,Malicious,0.8021737337112427
Malicious,Malicious,0.8021737337112427
Malicious,Malicious,0.8021737337112427
Malicious,Malicious,0.8021737337112427
Malicious,Malicious,0.8021737337112427
Malicious,Malicious,0.8021737337112427
Malicious,Malicious,0.8021737337112427
Malicious,Malicious,0.8021737337112427
Malicious,Malicious,0.8021737337112427
Malicious,Malicious,0.8021737337112427
Malicious,Malicious,0.8021737337112427
Malicious,Malicious,0.8021737337112427
Malicious,Malicious,0.8021737337112427
Malicious,Malicious,0.8021737337112427
Malicious,Malicious,0.8021737337112427
Malicious,Malicious,0.8021737337112427
Malicious,Malicious,0.8021737337112427
Malicious,Malicious,0.7993166446685791
Malicious,Malicious,0.8021737337112427
Malicious,Malicious,0.8021737337112427
Malicious,Malicious,0.8021737337112427
Malicious,Malicious,0.8021737337112427
Malicious,Malicious,0.8021737337112427
Malicious,Malicious,0.8021737337112427
Malicious,Malicious,0.8021737337112427
Malicious,Malicious,0.8021737337112427
Malicious,Malicious,0.8021737337112427
Malicious,Malicious,0.8021737337112427
Malicious,Malicious,0.8021737337112427
Malicious,Malicious,0.8021737337112427
Malicious,Malicious,0.8021737337112427
Malicious,Malicious,0.8021737337112427
Malicious,Benign,0.23576967418193817
Malicious,Malicious,0.8021737337112427
Malicious,Malicious,0.8021737337112427
Malicious,Malicious,0.8021737337112427
Malicious,Malicious,0.8021737337112427
Malicious,Malicious,0.8021737337112427
Malicious,Malicious,0.8021737337112427
Malicious,Malicious,0.8021737337112427
Malicious,Malicious,0.8021737337112427
Malicious,Malicious,0.8021737337112427
Malicious,Malicious,0.8021737337112427
Malicious,Malicious,0.8021737337112427
Malicious,Malicious,0.8021737337112427
Malicious,Malicious,0.8021737337112427
Malicious,Malicious,0.8021737337112427
Malicious,Malicious,0.8021737337112427
Malicious,Malicious,0.8021737337112427
Malicious,Malicious,0.8021737337112427
Malicious,Malicious,0.8021737337112427
Malicious,Malicious,0.8021737337112427
Malicious,Malicious,0.8021737337112427
Malicious,Malicious,0.8021737337112427
Malicious,Malicious,0.8021737337112427
Malicious,Malicious,0.8021737337112427
Malicious,Malicious,0.8021737337112427
Malicious,Malicious,0.8021737337112427
Malicious,Malicious,0.8021737337112427
Malicious,Malicious,0.8021737337112427
Malicious,Malicious,0.8021737337112427
Malicious,Malicious,0.8021737337112427
Malicious,Malicious,0.8021737337112427
Malicious,Malicious,0.8021737337112427
Malicious,Malicious,0.8021737337112427
Malicious,Malicious,0.8021737337112427
Malicious,Malicious,0.8021737337112427
Malicious,Malicious,0.8021737337112427
Malicious,Malicious,0.8021737337112427
Malicious,Benign,0.2338877022266388
Malicious,Malicious,0.8021737337112427
Malicious,Malicious,0.8021737337112427
Malicious,Malicious,0.8021737337112427
Malicious,Malicious,0.8021737337112427
Malicious,Malicious,0.8021737337112427
Malicious,Malicious,0.8021737337112427
Malicious,Malicious,0.8021737337112427
Malicious,Malicious,0.8021737337112427
Malicious,Malicious,0.8021737337112427
Malicious,Malicious,0.8021737337112427
Malicious,Malicious,0.8021737337112427
Malicious,Malicious,0.8021737337112427
Malicious,Malicious,0.8021737337112427
Malicious,Malicious,0.8021737337112427
Malicious,Malicious,0.8021737337112427
Malicious,Malicious,0.8021737337112427
Malicious,Malicious,0.8021737337112427
Malicious,Malicious,0.8021737337112427
Malicious,Malicious,0.8021737337112427
Malicious,Malicious,0.8021737337112427
Malicious,Malicious,0.8021737337112427
Malicious,Malicious,0.8021737337112427
Malicious,Malicious,0.8021737337112427
Malicious,Malicious,0.8021737337112427
Malicious,Malicious,0.8021737337112427
Malicious,Malicious,0.8021737337112427
Malicious,Malicious,0.8021737337112427
Malicious,Malicious,0.8021737337112427
Malicious,Malicious,0.8021737337112427
Malicious,Malicious,0.8021737337112427
Malicious,Malicious,0.8021737337112427
Malicious,Malicious,0.8021737337112427
Malicious,Malicious,0.8021737337112427
Malicious,Malicious,0.8021737337112427
Malicious,Malicious,0.8021737337112427
Malicious,Malicious,0.8021737337112427
Malicious,Malicious,0.8021737337112427
Malicious,Malicious,0.8021737337112427
Malicious,Malicious,0.8021737337112427
Malicious,Malicious,0.8021737337112427
Malicious,Malicious,0.8021737337112427
Malicious,Malicious,0.8021737337112427
Malicious,Malicious,0.8021737337112427
Malicious,Malicious,0.8021737337112427
Malicious,Malicious,0.8021737337112427
Malicious,Malicious,0.8021737337112427
Malicious,Malicious,0.8021737337112427
Malicious,Malicious,0.8021737337112427
Malicious,Malicious,0.8021737337112427
Malicious,Malicious,0.8021737337112427
Malicious,Malicious,0.8021737337112427
Malicious,Malicious,0.8021737337112427
Malicious,Malicious,0.8021737337112427
Malicious,Malicious,0.8021737337112427
Malicious,Malicious,0.8021737337112427
Malicious,Malicious,0.8021737337112427
Malicious,Malicious,0.8021737337112427
Malicious,Malicious,0.8021737337112427
Malicious,Malicious,0.8021737337112427
Malicious,Malicious,0.8021737337112427
Malicious,Malicious,0.8021737337112427
Malicious,Malicious,0.8021737337112427
Malicious,Malicious,0.8021737337112427
Malicious,Malicious,0.8021737337112427
Malicious,Malicious,0.8021737337112427
Malicious,Malicious,0.8021737337112427
Malicious,Malicious,0.8021737337112427
Malicious,Malicious,0.8021737337112427
Malicious,Malicious,0.8021737337112427
Malicious,Malicious,0.8021737337112427
Malicious,Malicious,0.8021737337112427
Malicious,Malicious,0.8021737337112427
Malicious,Malicious,0.8021737337112427
Malicious,Malicious,0.8021737337112427
Malicious,Malicious,0.8021737337112427
Malicious,Malicious,0.8021737337112427
Malicious,Malicious,0.8021737337112427
Malicious,Malicious,0.8021737337112427
Malicious,Malicious,0.8021737337112427
Malicious,Malicious,0.8021737337112427
Malicious,Malicious,0.8021737337112427
Malicious,Malicious,0.8021737337112427
Malicious,Malicious,0.8021737337112427
Malicious,Malicious,0.8021737337112427
Malicious,Malicious,0.8021737337112427
Malicious,Malicious,0.8021737337112427
Malicious,Malicious,0.8021737337112427
Malicious,Malicious,0.8021737337112427
Malicious,Malicious,0.8021737337112427
Malicious,Malicious,0.8021737337112427
Malicious,Malicious,0.8016027212142944
Malicious,Malicious,0.8021737337112427
Malicious,Malicious,0.8021737337112427
Malicious,Malicious,0.8021737337112427
Malicious,Malicious,0.8021737337112427
Malicious,Malicious,0.8021737337112427
Malicious,Malicious,0.8021737337112427
Malicious,Malicious,0.8021737337112427
Malicious,Malicious,0.8021737337112427
Malicious,Malicious,0.8021737337112427
Malicious,Malicious,0.8021737337112427
Malicious,Malicious,0.8021737337112427
Malicious,Malicious,0.8021737337112427
Malicious,Malicious,0.8021737337112427
Malicious,Malicious,0.8021737337112427
Malicious,Malicious,0.8021737337112427
Malicious,Malicious,0.8021737337112427
Malicious,Malicious,0.8021737337112427
Malicious,Malicious,0.8021737337112427
Malicious,Malicious,0.8021737337112427
Malicious,Malicious,0.8021737337112427
Malicious,Malicious,0.8021737337112427
Malicious,Malicious,0.8021737337112427
Malicious,Malicious,0.8021737337112427
Malicious,Malicious,0.8021737337112427
Malicious,Malicious,0.8021737337112427
Malicious,Malicious,0.8021737337112427
Malicious,Malicious,0.8021737337112427
Malicious,Malicious,0.8021737337112427
Malicious,Malicious,0.8021737337112427
Malicious,Malicious,0.8021737337112427
Malicious,Malicious,0.8021737337112427
Malicious,Malicious,0.8021737337112427
Malicious,Malicious,0.8021737337112427
Malicious,Malicious,0.8021737337112427
Malicious,Malicious,0.8021737337112427
Malicious,Malicious,0.8021737337112427
Malicious,Malicious,0.8021737337112427
Malicious,Malicious,0.8021737337112427
Malicious,Malicious,0.8021737337112427
Malicious,Malicious,0.8021737337112427
Malicious,Malicious,0.8021737337112427
Malicious,Malicious,0.8021737337112427
Malicious,Malicious,0.8021737337112427
Malicious,Malicious,0.8021737337112427
Malicious,Malicious,0.8021737337112427
Malicious,Malicious,0.8021737337112427
Malicious,Malicious,0.8021737337112427
Malicious,Malicious,0.8021737337112427
Malicious,Malicious,0.8021737337112427
Malicious,Malicious,0.8021737337112427
Malicious,Malicious,0.8021737337112427
Malicious,Benign,0.19951403141021729
Malicious,Malicious,0.8021737337112427
Malicious,Malicious,0.8021737337112427
Malicious,Malicious,0.8021737337112427
Malicious,Malicious,0.8021737337112427
Malicious,Benign,0.21086110174655914
Malicious,Malicious,0.8018901944160461
Malicious,Malicious,0.8021737337112427
Malicious,Malicious,0.8021737337112427
Malicious,Malicious,0.8021737337112427
Malicious,Malicious,0.8021737337112427
Malicious,Malicious,0.8021737337112427
Malicious,Malicious,0.8021737337112427
Malicious,Malicious,0.8021737337112427
Malicious,Malicious,0.8021737337112427
Malicious,Malicious,0.8021737337112427
Malicious,Malicious,0.8021737337112427
Malicious,Malicious,0.8021737337112427
Malicious,Malicious,0.8021737337112427
Malicious,Malicious,0.8021737337112427
Malicious,Malicious,0.8021737337112427
Malicious,Malicious,0.8021737337112427
Malicious,Malicious,0.8021737337112427
Malicious,Malicious,0.8021737337112427
Malicious,Malicious,0.8021737337112427
Malicious,Malicious,0.8021737337112427
Malicious,Malicious,0.8021737337112427
Malicious,Malicious,0.8021737337112427
Malicious,Malicious,0.8021737337112427
Malicious,Malicious,0.8021737337112427
Malicious,Malicious,0.8021737337112427
Malicious,Malicious,0.8021737337112427
Malicious,Malicious,0.8021737337112427
Malicious,Malicious,0.8021737337112427
Malicious,Malicious,0.8021737337112427
Malicious,Malicious,0.8021737337112427
Malicious,Malicious,0.8021737337112427
Malicious,Malicious,0.8021737337112427
Malicious,Malicious,0.8021737337112427
Malicious,Malicious,0.8021737337112427
Malicious,Malicious,0.8021737337112427
Malicious,Malicious,0.8021737337112427
Malicious,Malicious,0.8021737337112427
Malicious,Malicious,0.8021737337112427
Malicious,Malicious,0.8021737337112427
Malicious,Malicious,0.8021737337112427
Malicious,Malicious,0.8021737337112427
Malicious,Malicious,0.8021737337112427
Malicious,Malicious,0.8021737337112427
Malicious,Malicious,0.8021737337112427
Malicious,Malicious,0.8021737337112427
Malicious,Malicious,0.8021737337112427
Malicious,Malicious,0.8021737337112427
Malicious,Benign,0.20499058067798615
Malicious,Benign,0.2241082787513733
Malicious,Malicious,0.8021737337112427
Malicious,Benign,0.21046283841133118
Malicious,Malicious,0.8021737337112427
Malicious,Benign,0.23383969068527222
Malicious,Malicious,0.8021737337112427
Malicious,Malicious,0.8021737337112427
Malicious,Malicious,0.8021737337112427
Malicious,Malicious,0.8021737337112427
Malicious,Malicious,0.7997927665710449
Malicious,Malicious,0.8021737337112427
Malicious,Malicious,0.8021737337112427
Malicious,Malicious,0.8021737337112427
Malicious,Malicious,0.8021737337112427
Malicious,Malicious,0.8021737337112427
Malicious,Malicious,0.8021737337112427
Malicious,Malicious,0.8021737337112427
Malicious,Malicious,0.8021737337112427
Malicious,Malicious,0.8021737337112427
Malicious,Malicious,0.8021737337112427
Malicious,Malicious,0.8021737337112427
Malicious,Malicious,0.8021737337112427
Malicious,Malicious,0.8021737337112427
Malicious,Malicious,0.8021737337112427
Malicious,Malicious,0.8021737337112427
Malicious,Malicious,0.8021737337112427
Malicious,Malicious,0.8021737337112427
Malicious,Malicious,0.8021737337112427
Malicious,Malicious,0.8021737337112427
Malicious,Malicious,0.8021737337112427
Malicious,Malicious,0.8021737337112427
Malicious,Malicious,0.8021737337112427
Malicious,Malicious,0.8021737337112427
Malicious,Malicious,0.8021737337112427
Malicious,Malicious,0.8021737337112427
Malicious,Malicious,0.8021737337112427
Malicious,Malicious,0.8021737337112427
Malicious,Malicious,0.8021737337112427
Malicious,Malicious,0.8021737337112427
Malicious,Malicious,0.8021737337112427
Malicious,Malicious,0.8021737337112427
Malicious,Malicious,0.8021737337112427
Malicious,Malicious,0.8021737337112427
Malicious,Malicious,0.8021737337112427
Malicious,Benign,0.27431219816207886
Malicious,Malicious,0.8021737337112427
Malicious,Malicious,0.8021737337112427
Malicious,Malicious,0.8021737337112427
Malicious,Malicious,0.8021737337112427
Malicious,Malicious,0.8021737337112427
Malicious,Malicious,0.8021737337112427
Malicious,Malicious,0.8021737337112427
Malicious,Malicious,0.8021737337112427
Malicious,Malicious,0.8021737337112427
Malicious,Malicious,0.8021737337112427
Malicious,Malicious,0.8021737337112427
Malicious,Malicious,0.8021737337112427
Malicious,Malicious,0.8021737337112427
Malicious,Malicious,0.8021737337112427
Malicious,Malicious,0.8021737337112427
Malicious,Malicious,0.8021737337112427
Malicious,Malicious,0.8021737337112427
Malicious,Malicious,0.8021737337112427
Malicious,Malicious,0.8021737337112427
Malicious,Malicious,0.8021737337112427
Malicious,Malicious,0.8021737337112427
Malicious,Malicious,0.8021737337112427
Malicious,Malicious,0.8021737337112427
Malicious,Malicious,0.8021737337112427
Malicious,Malicious,0.8021737337112427
Malicious,Malicious,0.8021737337112427
Malicious,Malicious,0.8021737337112427
Malicious,Malicious,0.8021737337112427
Malicious,Malicious,0.8021737337112427
Malicious,Malicious,0.8021737337112427
Malicious,Malicious,0.8021737337112427
Malicious,Malicious,0.8021737337112427
Malicious,Malicious,0.8021737337112427
Malicious,Malicious,0.8021737337112427
Malicious,Malicious,0.8021737337112427
Malicious,Malicious,0.8021737337112427
Malicious,Malicious,0.8021737337112427
Malicious,Malicious,0.8021737337112427
Malicious,Malicious,0.8021737337112427
Malicious,Malicious,0.8021737337112427
Malicious,Malicious,0.8021737337112427
Malicious,Malicious,0.8021737337112427
Malicious,Malicious,0.8021737337112427
Malicious,Malicious,0.8021737337112427
Malicious,Malicious,0.8021737337112427
Malicious,Malicious,0.8021737337112427
Malicious,Malicious,0.8021737337112427
Malicious,Malicious,0.8021737337112427
Malicious,Malicious,0.8021737337112427
Malicious,Malicious,0.8021737337112427
Malicious,Malicious,0.8021737337112427
Malicious,Malicious,0.8021737337112427
Malicious,Malicious,0.8021737337112427
Malicious,Malicious,0.8021737337112427
Malicious,Malicious,0.8021737337112427
Malicious,Malicious,0.8021737337112427
Malicious,Malicious,0.8021737337112427
Malicious,Malicious,0.8021737337112427
Malicious,Malicious,0.8021737337112427
Malicious,Malicious,0.8021737337112427
Malicious,Malicious,0.8021737337112427
Malicious,Malicious,0.8021737337112427
Malicious,Malicious,0.8021737337112427
Malicious,Malicious,0.8021737337112427
Malicious,Malicious,0.8021737337112427
Malicious,Malicious,0.8021737337112427
Malicious,Malicious,0.8021737337112427
Malicious,Malicious,0.8021737337112427
Malicious,Malicious,0.8021737337112427
Malicious,Malicious,0.8021737337112427
Malicious,Malicious,0.8021737337112427
Malicious,Malicious,0.8021737337112427
Malicious,Malicious,0.8021737337112427
Malicious,Malicious,0.8021737337112427
Malicious,Malicious,0.8021737337112427
Malicious,Malicious,0.8021737337112427
Malicious,Malicious,0.8021737337112427
Malicious,Malicious,0.8021737337112427
Malicious,Malicious,0.8021737337112427
Malicious,Malicious,0.8021737337112427
Malicious,Malicious,0.8021737337112427
Malicious,Malicious,0.8021737337112427
Malicious,Malicious,0.8021737337112427
Malicious,Malicious,0.8021737337112427
Malicious,Malicious,0.8021737337112427
Malicious,Malicious,0.8021737337112427
Malicious,Malicious,0.7693861722946167
Malicious,Malicious,0.8021737337112427
Malicious,Malicious,0.8021737337112427
Malicious,Malicious,0.8021737337112427
Malicious,Malicious,0.8021737337112427
Malicious,Malicious,0.8021737337112427
Malicious,Malicious,0.8021737337112427
Malicious,Malicious,0.8021737337112427
Malicious,Malicious,0.8021737337112427
Malicious,Malicious,0.8021737337112427
Malicious,Malicious,0.8021737337112427
Malicious,Malicious,0.8021737337112427
Malicious,Malicious,0.8021737337112427
Malicious,Malicious,0.8021737337112427
Malicious,Malicious,0.8021737337112427
Malicious,Malicious,0.8021737337112427
Malicious,Malicious,0.8021737337112427
Malicious,Malicious,0.8021737337112427
Malicious,Malicious,0.8021737337112427
Malicious,Malicious,0.8021737337112427
Malicious,Malicious,0.8021737337112427
Malicious,Malicious,0.8021737337112427
Malicious,Malicious,0.8021737337112427
Malicious,Malicious,0.8021737337112427
Malicious,Malicious,0.8021737337112427
Malicious,Malicious,0.8021737337112427
Malicious,Malicious,0.8021737337112427
Malicious,Malicious,0.8021737337112427
Malicious,Malicious,0.8021737337112427
Malicious,Malicious,0.8021737337112427
Malicious,Malicious,0.8021737337112427
Malicious,Malicious,0.8021737337112427
Malicious,Malicious,0.8021737337112427
Malicious,Malicious,0.8021737337112427
Malicious,Malicious,0.8021737337112427
Malicious,Malicious,0.8021737337112427
Malicious,Malicious,0.8021737337112427
Malicious,Malicious,0.8021737337112427
Malicious,Malicious,0.8021737337112427
Malicious,Malicious,0.8021737337112427
Malicious,Malicious,0.8021737337112427
Malicious,Malicious,0.8021737337112427
Malicious,Malicious,0.8021737337112427
Malicious,Malicious,0.8021737337112427
Malicious,Malicious,0.8021737337112427
Malicious,Malicious,0.8021737337112427
Malicious,Malicious,0.8021737337112427
Malicious,Malicious,0.8021737337112427
Malicious,Malicious,0.8021737337112427
Malicious,Malicious,0.8021737337112427
Malicious,Malicious,0.8021737337112427
Malicious,Malicious,0.8021737337112427
Malicious,Malicious,0.8021737337112427
Malicious,Malicious,0.8021737337112427
Malicious,Malicious,0.8021737337112427
Malicious,Malicious,0.8021737337112427
Malicious,Malicious,0.8021737337112427
Malicious,Malicious,0.8021737337112427
Malicious,Malicious,0.8021737337112427
Malicious,Malicious,0.8021737337112427
Malicious,Malicious,0.8021737337112427
Malicious,Malicious,0.8021737337112427
Malicious,Malicious,0.8021737337112427
Malicious,Malicious,0.8021737337112427
Malicious,Malicious,0.8021737337112427
Malicious,Malicious,0.8021737337112427
Malicious,Malicious,0.8021737337112427
Malicious,Malicious,0.8021737337112427
Malicious,Malicious,0.8021737337112427
Malicious,Malicious,0.8021737337112427
Malicious,Malicious,0.8021737337112427
Malicious,Malicious,0.8021737337112427
Malicious,Malicious,0.8021737337112427
Malicious,Malicious,0.8021737337112427
Malicious,Malicious,0.8021737337112427
Malicious,Malicious,0.8021737337112427
Malicious,Malicious,0.8021737337112427
Malicious,Malicious,0.8016975522041321
Malicious,Malicious,0.8021737337112427
Malicious,Malicious,0.8021737337112427
Malicious,Malicious,0.8021737337112427
Malicious,Malicious,0.8021737337112427
Malicious,Malicious,0.8021737337112427
Malicious,Malicious,0.8021737337112427
Malicious,Malicious,0.8021737337112427
Malicious,Malicious,0.8021737337112427
Malicious,Malicious,0.8021737337112427
Malicious,Malicious,0.8021737337112427
Malicious,Malicious,0.8021737337112427
Malicious,Malicious,0.7992217540740967
Malicious,Malicious,0.8021737337112427
Malicious,Malicious,0.8021737337112427
Malicious,Malicious,0.8021737337112427
Malicious,Malicious,0.8021737337112427
Malicious,Malicious,0.8021737337112427
Malicious,Malicious,0.8021737337112427
Malicious,Malicious,0.8021737337112427
Malicious,Malicious,0.8021737337112427
Malicious,Malicious,0.8021737337112427
Malicious,Malicious,0.8021737337112427
Malicious,Malicious,0.8021737337112427
Malicious,Malicious,0.8021737337112427
Malicious,Malicious,0.8021737337112427
Malicious,Malicious,0.8021737337112427
Malicious,Malicious,0.8021737337112427
Malicious,Malicious,0.8021737337112427
Malicious,Malicious,0.8021737337112427
Malicious,Malicious,0.8021737337112427
Malicious,Malicious,0.8021737337112427
Malicious,Malicious,0.8021737337112427
Malicious,Malicious,0.8021737337112427
Malicious,Malicious,0.8021737337112427
Malicious,Malicious,0.8021737337112427
Malicious,Malicious,0.8021737337112427
Malicious,Malicious,0.8021737337112427
Malicious,Malicious,0.8021737337112427
Malicious,Malicious,0.8021737337112427
Malicious,Malicious,0.8021737337112427
Malicious,Malicious,0.8021737337112427
Malicious,Malicious,0.8021737337112427
Malicious,Malicious,0.8021737337112427
Malicious,Malicious,0.8021737337112427
Malicious,Malicious,0.8021737337112427
Malicious,Malicious,0.8021737337112427
Malicious,Malicious,0.8021737337112427
Malicious,Malicious,0.8021737337112427
Malicious,Malicious,0.8021737337112427
Malicious,Malicious,0.8021737337112427
Malicious,Malicious,0.8021737337112427
Malicious,Malicious,0.8021737337112427
Malicious,Malicious,0.8021737337112427
Malicious,Malicious,0.8021737337112427
Malicious,Malicious,0.8021737337112427
Malicious,Malicious,0.8021737337112427
Malicious,Malicious,0.8021737337112427
Malicious,Malicious,0.8021737337112427
Malicious,Malicious,0.8021737337112427
Malicious,Benign,0.2517070174217224
Malicious,Malicious,0.8021737337112427
Malicious,Malicious,0.8021737337112427
Malicious,Malicious,0.8021737337112427
Malicious,Malicious,0.8021737337112427
Malicious,Malicious,0.8021737337112427
Malicious,Malicious,0.8021737337112427
Malicious,Malicious,0.8021737337112427
Malicious,Malicious,0.8021737337112427
Malicious,Malicious,0.8021737337112427
Malicious,Malicious,0.8021737337112427
Malicious,Malicious,0.8021737337112427
Malicious,Malicious,0.8021737337112427
Malicious,Malicious,0.8021737337112427
Malicious,Malicious,0.8021737337112427
Malicious,Malicious,0.8021737337112427
Malicious,Malicious,0.8021737337112427
Malicious,Malicious,0.8021737337112427
Malicious,Malicious,0.8021737337112427
Malicious,Malicious,0.8021737337112427
Malicious,Malicious,0.8021737337112427
Malicious,Malicious,0.8021737337112427
Malicious,Malicious,0.8021737337112427
Malicious,Malicious,0.8021737337112427
Malicious,Malicious,0.8021737337112427
Malicious,Malicious,0.8021737337112427
Malicious,Malicious,0.8021737337112427
Malicious,Malicious,0.8021737337112427
Malicious,Benign,0.23811565339565277
Malicious,Malicious,0.8021737337112427
Malicious,Malicious,0.8021737337112427
Malicious,Malicious,0.8021737337112427
Malicious,Malicious,0.8021737337112427
Malicious,Malicious,0.8021737337112427
Malicious,Malicious,0.8021737337112427
Malicious,Malicious,0.8021737337112427
Malicious,Malicious,0.8021737337112427
Malicious,Malicious,0.8021737337112427
Malicious,Malicious,0.8021737337112427
Malicious,Malicious,0.8021737337112427
Malicious,Malicious,0.8021737337112427
Malicious,Malicious,0.8021737337112427
Malicious,Malicious,0.8021737337112427
Malicious,Malicious,0.8021737337112427
Malicious,Malicious,0.8021737337112427
Malicious,Malicious,0.8021737337112427
Malicious,Malicious,0.8021737337112427
Malicious,Malicious,0.8021737337112427
Malicious,Malicious,0.8021737337112427
Malicious,Malicious,0.8021737337112427
Malicious,Malicious,0.8021737337112427
Malicious,Malicious,0.8021737337112427
Malicious,Malicious,0.8021737337112427
Malicious,Malicious,0.8021737337112427
Malicious,Malicious,0.8021737337112427
Malicious,Malicious,0.8021737337112427
Malicious,Malicious,0.8021737337112427
Malicious,Malicious,0.8021737337112427
Malicious,Malicious,0.8021737337112427
Malicious,Malicious,0.8021737337112427
Malicious,Malicious,0.8021737337112427
Malicious,Malicious,0.8021737337112427
Malicious,Malicious,0.8021737337112427
Malicious,Malicious,0.8021737337112427
Malicious,Malicious,0.8021737337112427
Malicious,Malicious,0.8021737337112427
Malicious,Malicious,0.8021737337112427
Malicious,Malicious,0.8021737337112427
Malicious,Malicious,0.8021737337112427
Malicious,Malicious,0.8021737337112427
Malicious,Malicious,0.8021737337112427
Malicious,Malicious,0.8021737337112427
Malicious,Malicious,0.8021737337112427
Malicious,Malicious,0.8021737337112427
Malicious,Malicious,0.8021737337112427
Malicious,Malicious,0.8021737337112427
Malicious,Malicious,0.7863174676895142
Malicious,Malicious,0.8021737337112427
Malicious,Malicious,0.8021737337112427
Malicious,Malicious,0.8021737337112427
Malicious,Malicious,0.8021737337112427
Malicious,Malicious,0.8021737337112427
Malicious,Malicious,0.8021737337112427
Malicious,Malicious,0.8021737337112427
Malicious,Malicious,0.8021737337112427
Malicious,Malicious,0.8021737337112427
Malicious,Malicious,0.8021737337112427
Malicious,Malicious,0.8021737337112427
Malicious,Malicious,0.8021737337112427
Malicious,Malicious,0.8021737337112427
Malicious,Malicious,0.8021737337112427
Malicious,Malicious,0.8021737337112427
Malicious,Malicious,0.8021737337112427
Malicious,Benign,0.2399563044309616
Malicious,Malicious,0.8021737337112427
Malicious,Malicious,0.8021737337112427
Malicious,Malicious,0.8021737337112427
Malicious,Malicious,0.8021737337112427
Malicious,Malicious,0.8021737337112427
Malicious,Malicious,0.8021737337112427
Malicious,Malicious,0.8021737337112427
Malicious,Malicious,0.8021737337112427
Malicious,Malicious,0.8021737337112427
Malicious,Malicious,0.8021737337112427
Malicious,Malicious,0.8021737337112427
Malicious,Malicious,0.8021737337112427
Malicious,Malicious,0.8021737337112427
Malicious,Malicious,0.8021737337112427
Malicious,Malicious,0.8021737337112427
Malicious,Malicious,0.8021737337112427
Malicious,Malicious,0.8021737337112427
Malicious,Malicious,0.8021737337112427
Malicious,Malicious,0.8021737337112427
Malicious,Malicious,0.8021737337112427
Malicious,Malicious,0.8021737337112427
Malicious,Malicious,0.8021737337112427
Malicious,Malicious,0.8021737337112427
Malicious,Malicious,0.8021737337112427
Malicious,Malicious,0.8021737337112427
Malicious,Malicious,0.8021737337112427
Malicious,Malicious,0.8021737337112427
Malicious,Malicious,0.8021737337112427
Malicious,Benign,0.19999022781848907
Malicious,Malicious,0.8021737337112427
Malicious,Malicious,0.8021737337112427
Malicious,Malicious,0.8021737337112427
Malicious,Malicious,0.8021737337112427
Malicious,Malicious,0.8021737337112427
Malicious,Malicious,0.8021737337112427
Malicious,Malicious,0.8021737337112427
Malicious,Malicious,0.8016975522041321
Malicious,Malicious,0.8021737337112427
Malicious,Malicious,0.8021737337112427
Malicious,Malicious,0.8021737337112427
Malicious,Malicious,0.8021737337112427
Malicious,Malicious,0.8021737337112427
Malicious,Malicious,0.8021737337112427
Malicious,Malicious,0.8021737337112427
Malicious,Malicious,0.8021737337112427
Malicious,Malicious,0.8021737337112427
Malicious,Malicious,0.8021737337112427
Malicious,Malicious,0.8021737337112427
Malicious,Malicious,0.8021737337112427
Malicious,Malicious,0.8021737337112427
Malicious,Malicious,0.8021737337112427
Malicious,Malicious,0.8021737337112427
Malicious,Malicious,0.8021737337112427
Malicious,Malicious,0.8021737337112427
Malicious,Malicious,0.8021737337112427
Malicious,Malicious,0.8021737337112427
Malicious,Malicious,0.8021737337112427
Malicious,Malicious,0.8021737337112427
Malicious,Malicious,0.8021737337112427
Malicious,Malicious,0.8021737337112427
Malicious,Malicious,0.8011265397071838
Malicious,Malicious,0.8021737337112427
Malicious,Malicious,0.8021737337112427
Malicious,Malicious,0.8021737337112427
Malicious,Malicious,0.8021737337112427
Malicious,Malicious,0.8021737337112427
Malicious,Malicious,0.8021737337112427
Malicious,Malicious,0.8021737337112427
Malicious,Malicious,0.8021737337112427
Malicious,Malicious,0.802078902721405
Malicious,Malicious,0.8021737337112427
Malicious,Malicious,0.8021737337112427
Malicious,Malicious,0.8021737337112427
Malicious,Malicious,0.8021737337112427
Malicious,Malicious,0.8021737337112427
Malicious,Malicious,0.8021737337112427
Malicious,Malicious,0.8021737337112427
Malicious,Malicious,0.8021737337112427
Malicious,Malicious,0.8021737337112427
Malicious,Malicious,0.8021737337112427
Malicious,Malicious,0.8021737337112427
Malicious,Malicious,0.8021737337112427
Malicious,Malicious,0.8021737337112427
Malicious,Malicious,0.8021737337112427
Malicious,Malicious,0.8021737337112427
Malicious,Malicious,0.8021737337112427
Malicious,Malicious,0.8021737337112427
Malicious,Malicious,0.8021737337112427
Malicious,Malicious,0.8021737337112427
Malicious,Malicious,0.8021737337112427
Malicious,Malicious,0.8021737337112427
Malicious,Malicious,0.7997927665710449
Malicious,Malicious,0.8021737337112427
Malicious,Malicious,0.8021737337112427
Malicious,Malicious,0.8021737337112427
Malicious,Malicious,0.8021737337112427
Malicious,Malicious,0.8021737337112427
Malicious,Malicious,0.8021737337112427
Malicious,Malicious,0.8021737337112427
Malicious,Malicious,0.8021737337112427
Malicious,Malicious,0.8021737337112427
Malicious,Malicious,0.8021737337112427
Malicious,Malicious,0.8021737337112427
Malicious,Malicious,0.8021737337112427
Malicious,Malicious,0.8021737337112427
Malicious,Malicious,0.8021737337112427
Malicious,Malicious,0.8021737337112427
Malicious,Malicious,0.8021737337112427
Malicious,Malicious,0.8021737337112427
Malicious,Malicious,0.8021737337112427
Malicious,Malicious,0.8021737337112427
Malicious,Malicious,0.8021737337112427
Malicious,Malicious,0.8021737337112427
Malicious,Malicious,0.8021737337112427
Malicious,Malicious,0.8021737337112427
Malicious,Malicious,0.8021737337112427
Malicious,Malicious,0.8021737337112427
Malicious,Malicious,0.8021737337112427
Malicious,Malicious,0.8021737337112427
Malicious,Malicious,0.8021737337112427
Malicious,Benign,0.20652204751968384
Malicious,Malicious,0.8021737337112427
Malicious,Malicious,0.8021737337112427
Malicious,Malicious,0.8021737337112427
Malicious,Malicious,0.8021737337112427
Malicious,Malicious,0.8021737337112427
Malicious,Malicious,0.8021737337112427
Malicious,Malicious,0.8021737337112427
Malicious,Malicious,0.8021737337112427
Malicious,Malicious,0.8021737337112427
Malicious,Malicious,0.8021737337112427
Malicious,Malicious,0.8021737337112427
Malicious,Malicious,0.8021737337112427
Malicious,Malicious,0.8021737337112427
Malicious,Malicious,0.8021737337112427
Malicious,Malicious,0.8021737337112427
Malicious,Malicious,0.8021737337112427
Malicious,Malicious,0.8021737337112427
Malicious,Malicious,0.8021737337112427
Malicious,Malicious,0.8021737337112427
Malicious,Malicious,0.8021737337112427
Malicious,Malicious,0.8021737337112427
Malicious,Malicious,0.8021737337112427
Malicious,Malicious,0.8021737337112427
Malicious,Malicious,0.8021737337112427
Malicious,Malicious,0.8021737337112427
Malicious,Malicious,0.8021737337112427
Malicious,Malicious,0.8021737337112427
Malicious,Malicious,0.8021737337112427
Malicious,Malicious,0.8021737337112427
Malicious,Malicious,0.8021737337112427
Malicious,Malicious,0.8021737337112427
Malicious,Malicious,0.8021737337112427
Malicious,Malicious,0.8021737337112427
Malicious,Malicious,0.8021737337112427
Malicious,Malicious,0.8021737337112427
Malicious,Malicious,0.8021737337112427
Malicious,Malicious,0.8021737337112427
Malicious,Malicious,0.8021737337112427
Malicious,Malicious,0.8021737337112427
Malicious,Malicious,0.8021737337112427
Malicious,Malicious,0.8021737337112427
Malicious,Malicious,0.8021737337112427
Malicious,Malicious,0.8021737337112427
Malicious,Malicious,0.8021737337112427
Malicious,Malicious,0.8021737337112427
Malicious,Malicious,0.8021737337112427
Malicious,Malicious,0.8021737337112427
Malicious,Malicious,0.8021737337112427
Malicious,Malicious,0.8021737337112427
Malicious,Malicious,0.8021737337112427
Malicious,Malicious,0.8021737337112427
Malicious,Malicious,0.8021737337112427
Malicious,Malicious,0.8021737337112427
Malicious,Malicious,0.8021737337112427
Malicious,Malicious,0.8021737337112427
Malicious,Malicious,0.8021737337112427
Malicious,Malicious,0.8021737337112427
Malicious,Malicious,0.8021737337112427
Malicious,Malicious,0.8021737337112427
Malicious,Malicious,0.8021737337112427
Malicious,Malicious,0.8021737337112427
Malicious,Malicious,0.8021737337112427
Malicious,Malicious,0.8021737337112427
Malicious,Malicious,0.8021737337112427
Malicious,Malicious,0.8021737337112427
Malicious,Malicious,0.8021737337112427
Malicious,Malicious,0.8021737337112427
Malicious,Malicious,0.8021737337112427
Malicious,Malicious,0.8021737337112427
Malicious,Malicious,0.8021737337112427
Malicious,Malicious,0.8021737337112427
Malicious,Malicious,0.8021737337112427
Malicious,Malicious,0.8021737337112427
Malicious,Malicious,0.8021737337112427
Malicious,Malicious,0.8021737337112427
Malicious,Malicious,0.8016027212142944
Malicious,Malicious,0.8021737337112427
Malicious,Malicious,0.8021737337112427
Malicious,Malicious,0.8021737337112427
Malicious,Malicious,0.8021737337112427
Malicious,Malicious,0.8021737337112427
Malicious,Malicious,0.8021737337112427
Malicious,Malicious,0.8021737337112427
Malicious,Malicious,0.8021737337112427
Malicious,Malicious,0.8021737337112427
Malicious,Malicious,0.8021737337112427
Malicious,Malicious,0.7950310707092285
Malicious,Malicious,0.8021737337112427
Malicious,Malicious,0.8021737337112427
Malicious,Malicious,0.8021737337112427
Malicious,Malicious,0.8021737337112427
Malicious,Malicious,0.8021737337112427
Malicious,Malicious,0.8021737337112427
Malicious,Malicious,0.8021737337112427
Malicious,Malicious,0.8021737337112427
Malicious,Malicious,0.8021737337112427
Malicious,Malicious,0.8021737337112427
Malicious,Malicious,0.8021737337112427
Malicious,Malicious,0.8021737337112427
Malicious,Malicious,0.8021737337112427
Malicious,Malicious,0.8021737337112427
Malicious,Malicious,0.8021737337112427
Malicious,Malicious,0.8021737337112427
Malicious,Malicious,0.8021737337112427
Malicious,Malicious,0.8021737337112427
Malicious,Malicious,0.8021737337112427
Malicious,Malicious,0.8021737337112427
Malicious,Malicious,0.8021737337112427
Malicious,Malicious,0.8021737337112427
Malicious,Malicious,0.8021737337112427
Malicious,Malicious,0.8021737337112427
Malicious,Malicious,0.8021737337112427
Malicious,Malicious,0.8021737337112427
Malicious,Malicious,0.8021737337112427
Malicious,Malicious,0.8021737337112427
Malicious,Malicious,0.8021737337112427
Malicious,Malicious,0.8021737337112427
Malicious,Malicious,0.8021737337112427
Malicious,Malicious,0.8021737337112427
Malicious,Malicious,0.8021737337112427
Malicious,Malicious,0.8021737337112427
Malicious,Malicious,0.8016975522041321
Malicious,Malicious,0.8021737337112427
Malicious,Malicious,0.8021737337112427
Malicious,Malicious,0.8021737337112427
Malicious,Malicious,0.8021737337112427
Malicious,Malicious,0.8016975522041321
Malicious,Malicious,0.8021737337112427
Malicious,Malicious,0.8021737337112427
Malicious,Malicious,0.8021737337112427
Malicious,Malicious,0.8021737337112427
Malicious,Malicious,0.8021737337112427
Malicious,Malicious,0.8021737337112427
Malicious,Malicious,0.8021737337112427
Malicious,Malicious,0.8021737337112427
Malicious,Malicious,0.8021737337112427
Malicious,Malicious,0.8021737337112427
Malicious,Malicious,0.7820078730583191
Malicious,Malicious,0.8021737337112427
Malicious,Malicious,0.8021737337112427
Malicious,Malicious,0.8021737337112427
Malicious,Malicious,0.8021737337112427
Malicious,Malicious,0.8021737337112427
Malicious,Malicious,0.8021737337112427
Malicious,Malicious,0.8021737337112427
Malicious,Malicious,0.8021737337112427
Malicious,Malicious,0.8021737337112427
Malicious,Malicious,0.8021737337112427
Malicious,Malicious,0.8021737337112427
Malicious,Malicious,0.8021737337112427
Malicious,Malicious,0.8021737337112427
Malicious,Malicious,0.8021737337112427
Malicious,Malicious,0.8021737337112427
Malicious,Malicious,0.8021737337112427
Malicious,Malicious,0.8021737337112427
Malicious,Malicious,0.8021737337112427
Malicious,Malicious,0.8021737337112427
Malicious,Malicious,0.8021737337112427
Malicious,Malicious,0.8021737337112427
Malicious,Malicious,0.8021737337112427
Malicious,Malicious,0.8021737337112427
Malicious,Malicious,0.8021737337112427
Malicious,Malicious,0.8021737337112427
Malicious,Malicious,0.8021737337112427
Malicious,Malicious,0.8021737337112427
Malicious,Malicious,0.8021737337112427
Malicious,Malicious,0.8021737337112427
Malicious,Malicious,0.8021737337112427
Malicious,Malicious,0.8021737337112427
Malicious,Malicious,0.8021737337112427
Malicious,Malicious,0.8021737337112427
Malicious,Malicious,0.8021737337112427
Malicious,Malicious,0.8021737337112427
Malicious,Malicious,0.8021737337112427
Malicious,Malicious,0.8021737337112427
Malicious,Malicious,0.8021737337112427
Malicious,Malicious,0.8021737337112427
Malicious,Malicious,0.8021737337112427
Malicious,Malicious,0.8021737337112427
Malicious,Malicious,0.8021737337112427
Malicious,Malicious,0.8021737337112427
Malicious,Malicious,0.8021737337112427
Malicious,Malicious,0.8021737337112427
Malicious,Malicious,0.8021737337112427
Malicious,Malicious,0.8021737337112427
Malicious,Malicious,0.8021737337112427
Malicious,Malicious,0.8021737337112427
Malicious,Malicious,0.8021737337112427
Malicious,Malicious,0.8021737337112427
Malicious,Malicious,0.8021737337112427
Malicious,Malicious,0.8021737337112427
Malicious,Malicious,0.8021737337112427
Malicious,Malicious,0.8021737337112427
Malicious,Malicious,0.8021737337112427
Malicious,Malicious,0.8021737337112427
Malicious,Malicious,0.8021737337112427
Malicious,Malicious,0.8021737337112427
Malicious,Malicious,0.8021737337112427
Malicious,Malicious,0.8021737337112427
Malicious,Malicious,0.8021737337112427
Malicious,Malicious,0.8021737337112427
Malicious,Malicious,0.8021737337112427
Malicious,Malicious,0.8021737337112427
Malicious,Malicious,0.8021737337112427
Malicious,Malicious,0.8021737337112427
Malicious,Malicious,0.8021737337112427
Malicious,Malicious,0.8021737337112427
Malicious,Malicious,0.8021737337112427
Malicious,Malicious,0.8021737337112427
Malicious,Malicious,0.8021737337112427
Malicious,Malicious,0.8021737337112427
Malicious,Malicious,0.8021737337112427
Malicious,Malicious,0.8021737337112427
Malicious,Malicious,0.8021737337112427
Malicious,Malicious,0.8021737337112427
Malicious,Malicious,0.8021737337112427
Malicious,Malicious,0.8021737337112427
Malicious,Malicious,0.8021737337112427
Malicious,Malicious,0.8021737337112427
Malicious,Malicious,0.8021737337112427
Malicious,Malicious,0.8021737337112427
Malicious,Malicious,0.8021737337112427
Malicious,Malicious,0.8021737337112427
Malicious,Malicious,0.8021737337112427
Malicious,Malicious,0.8021737337112427
Malicious,Malicious,0.8021737337112427
Malicious,Malicious,0.8021737337112427
Malicious,Malicious,0.8021737337112427
Malicious,Malicious,0.8021737337112427
Malicious,Malicious,0.8021737337112427
Malicious,Malicious,0.8021737337112427
Malicious,Malicious,0.8021737337112427
Malicious,Malicious,0.8021737337112427
Malicious,Malicious,0.8021737337112427
Malicious,Malicious,0.8021737337112427
Malicious,Malicious,0.8021737337112427
Malicious,Malicious,0.8021737337112427
Malicious,Malicious,0.8021737337112427
Malicious,Malicious,0.7954122424125671
Malicious,Malicious,0.8021737337112427
Malicious,Malicious,0.8021737337112427
Malicious,Malicious,0.8021737337112427
Malicious,Malicious,0.8021737337112427
Malicious,Malicious,0.8021737337112427
Malicious,Malicious,0.8021737337112427
Malicious,Malicious,0.8021737337112427
Malicious,Malicious,0.8021737337112427
Malicious,Malicious,0.8021737337112427
Malicious,Malicious,0.8021737337112427
Malicious,Malicious,0.8021737337112427
Malicious,Malicious,0.8021737337112427
Malicious,Malicious,0.8021737337112427
Malicious,Malicious,0.8021737337112427
Malicious,Malicious,0.8021737337112427
Malicious,Malicious,0.8021737337112427
Malicious,Malicious,0.8021737337112427
Malicious,Malicious,0.8021737337112427
Malicious,Malicious,0.8021737337112427
Malicious,Malicious,0.8021737337112427
Malicious,Malicious,0.8021737337112427
Malicious,Malicious,0.8021737337112427
Malicious,Malicious,0.8021737337112427
Malicious,Malicious,0.8021737337112427
Malicious,Malicious,0.8021737337112427
Malicious,Malicious,0.8021737337112427
Malicious,Malicious,0.8021737337112427
Malicious,Malicious,0.8021737337112427
Malicious,Malicious,0.8021737337112427
Malicious,Malicious,0.8021737337112427
Malicious,Malicious,0.8021737337112427
Malicious,Malicious,0.8021737337112427
Malicious,Malicious,0.8021737337112427
Malicious,Malicious,0.8021737337112427
Malicious,Malicious,0.8021737337112427
Malicious,Malicious,0.8021737337112427
Malicious,Malicious,0.8021737337112427
Malicious,Malicious,0.8021737337112427
Malicious,Malicious,0.8021737337112427
Malicious,Malicious,0.8021737337112427
Malicious,Malicious,0.8021737337112427
Malicious,Malicious,0.8021737337112427
Malicious,Malicious,0.8021737337112427
Malicious,Malicious,0.8021737337112427
Malicious,Malicious,0.8021737337112427
Malicious,Malicious,0.8021737337112427
Malicious,Malicious,0.8021737337112427
Malicious,Malicious,0.8021737337112427
Malicious,Malicious,0.8021737337112427
Malicious,Malicious,0.8021737337112427
Malicious,Malicious,0.8021737337112427
Malicious,Malicious,0.8021737337112427
Malicious,Malicious,0.8021737337112427
Malicious,Malicious,0.8021737337112427
Malicious,Malicious,0.8021737337112427
Malicious,Malicious,0.8021737337112427
Malicious,Malicious,0.8021737337112427
Malicious,Malicious,0.8021737337112427
Malicious,Malicious,0.8021737337112427
Malicious,Malicious,0.8021737337112427
Malicious,Malicious,0.8021737337112427
Malicious,Malicious,0.8021737337112427
Malicious,Malicious,0.8021737337112427
Malicious,Malicious,0.8021737337112427
Malicious,Malicious,0.8021737337112427
Malicious,Malicious,0.8021737337112427
Malicious,Malicious,0.8021737337112427
Malicious,Malicious,0.8021737337112427
Malicious,Malicious,0.8021737337112427
Malicious,Malicious,0.8021737337112427
Malicious,Malicious,0.8021737337112427
Malicious,Malicious,0.8021737337112427
Malicious,Malicious,0.8021737337112427
Malicious,Malicious,0.8021737337112427
Malicious,Malicious,0.8021737337112427
Malicious,Benign,0.2762778103351593
Malicious,Malicious,0.8021737337112427
Malicious,Malicious,0.8021737337112427
Malicious,Malicious,0.8021737337112427
Malicious,Malicious,0.8021737337112427
Malicious,Malicious,0.8021737337112427
Malicious,Malicious,0.8021737337112427
Malicious,Malicious,0.8021737337112427
Malicious,Malicious,0.8021737337112427
Malicious,Malicious,0.8021737337112427
Malicious,Malicious,0.8021737337112427
Malicious,Malicious,0.8021737337112427
Malicious,Malicious,0.8021737337112427
Malicious,Malicious,0.8021737337112427
Malicious,Malicious,0.8021737337112427
Malicious,Malicious,0.8021737337112427
Malicious,Malicious,0.8021737337112427
Malicious,Malicious,0.8021737337112427
Malicious,Malicious,0.8021737337112427
Malicious,Malicious,0.8021737337112427
Malicious,Malicious,0.8021737337112427
Malicious,Malicious,0.8021737337112427
Malicious,Benign,0.22367995977401733
Malicious,Malicious,0.8021737337112427
Malicious,Malicious,0.8021737337112427
Malicious,Malicious,0.8021737337112427
Malicious,Malicious,0.8021737337112427
Malicious,Malicious,0.8021737337112427
Malicious,Malicious,0.8021737337112427
Malicious,Malicious,0.8021737337112427
Malicious,Malicious,0.8021737337112427
Malicious,Malicious,0.8021737337112427
Malicious,Malicious,0.8021737337112427
Malicious,Malicious,0.8021737337112427
Malicious,Malicious,0.8021737337112427
Malicious,Malicious,0.8021737337112427
Malicious,Malicious,0.8021737337112427
Malicious,Malicious,0.8021737337112427
Malicious,Malicious,0.8021737337112427
Malicious,Malicious,0.8021737337112427
Malicious,Malicious,0.8021737337112427
Malicious,Malicious,0.8021737337112427
Malicious,Malicious,0.8021737337112427
Malicious,Malicious,0.8021737337112427
Malicious,Malicious,0.8021737337112427
Malicious,Malicious,0.8021737337112427
Malicious,Malicious,0.8021737337112427
Malicious,Malicious,0.8006503582000732
Malicious,Malicious,0.8021737337112427
Malicious,Malicious,0.8021737337112427
Malicious,Malicious,0.8021737337112427
Malicious,Malicious,0.8021737337112427
Malicious,Malicious,0.8021737337112427
Malicious,Malicious,0.8021737337112427
Malicious,Malicious,0.8021737337112427
Malicious,Malicious,0.8021737337112427
Malicious,Malicious,0.8021737337112427
Malicious,Malicious,0.8021737337112427
Malicious,Malicious,0.8021737337112427
Malicious,Malicious,0.8021737337112427
Malicious,Malicious,0.8021737337112427
Malicious,Malicious,0.8021737337112427
Malicious,Benign,0.20541846752166748
Malicious,Malicious,0.8021737337112427
Malicious,Malicious,0.8021737337112427
Malicious,Malicious,0.8021737337112427
Malicious,Malicious,0.8021737337112427
Malicious,Malicious,0.8021737337112427
Malicious,Malicious,0.8021737337112427
Malicious,Malicious,0.8021737337112427
Malicious,Malicious,0.8021737337112427
Malicious,Malicious,0.8021737337112427
Malicious,Malicious,0.8021737337112427
Malicious,Malicious,0.8021737337112427
Malicious,Malicious,0.8021737337112427
Malicious,Malicious,0.8021737337112427
Malicious,Malicious,0.8021737337112427
Malicious,Malicious,0.8021737337112427
Malicious,Malicious,0.8021737337112427
Malicious,Malicious,0.8021737337112427
Malicious,Malicious,0.8021737337112427
Malicious,Malicious,0.8021737337112427
Malicious,Malicious,0.8021737337112427
Malicious,Malicious,0.8021737337112427
Malicious,Malicious,0.8021737337112427
Malicious,Malicious,0.8021737337112427
Malicious,Malicious,0.8021737337112427
Malicious,Malicious,0.8021737337112427
Malicious,Malicious,0.8021737337112427
Malicious,Malicious,0.8021737337112427
Malicious,Malicious,0.7997927665710449
Malicious,Malicious,0.8021737337112427
Malicious,Malicious,0.8021737337112427
Malicious,Malicious,0.8021737337112427
Malicious,Malicious,0.8021737337112427
Malicious,Malicious,0.8021737337112427
Malicious,Malicious,0.8021737337112427
Malicious,Malicious,0.8021737337112427
Malicious,Malicious,0.8021737337112427
Malicious,Malicious,0.8021737337112427
Malicious,Malicious,0.8021737337112427
Malicious,Malicious,0.8021737337112427
Malicious,Malicious,0.8021737337112427
Malicious,Malicious,0.8021737337112427
Malicious,Malicious,0.8021737337112427
Malicious,Malicious,0.8021737337112427
Malicious,Malicious,0.8021737337112427
Malicious,Malicious,0.8021737337112427
Malicious,Malicious,0.8021737337112427
Malicious,Malicious,0.8021737337112427
Malicious,Malicious,0.8021737337112427
Malicious,Malicious,0.8021737337112427
Malicious,Malicious,0.8021737337112427
Malicious,Malicious,0.8021737337112427
Malicious,Malicious,0.8021737337112427
Malicious,Malicious,0.8021737337112427
Malicious,Malicious,0.8021737337112427
Malicious,Malicious,0.8021737337112427
Malicious,Malicious,0.8021737337112427
Malicious,Malicious,0.8021737337112427
Malicious,Malicious,0.8021737337112427
Malicious,Malicious,0.8021737337112427
Malicious,Malicious,0.7939273715019226
Malicious,Malicious,0.8021737337112427
Malicious,Malicious,0.8021737337112427
Malicious,Malicious,0.8021737337112427
Malicious,Malicious,0.8021737337112427
Malicious,Malicious,0.8021737337112427
Malicious,Malicious,0.8021737337112427
Malicious,Malicious,0.8021737337112427
Malicious,Benign,0.20632527768611908
Malicious,Malicious,0.8021737337112427
Malicious,Malicious,0.8021737337112427
Malicious,Malicious,0.8021737337112427
Malicious,Malicious,0.8021737337112427
Malicious,Malicious,0.8021737337112427
Malicious,Malicious,0.8021737337112427
Malicious,Malicious,0.8021737337112427
Malicious,Malicious,0.8021737337112427
Malicious,Malicious,0.8021737337112427
Malicious,Malicious,0.8021737337112427
Malicious,Malicious,0.8021737337112427
Malicious,Malicious,0.8021737337112427
Malicious,Malicious,0.8021737337112427
Malicious,Malicious,0.8021737337112427
Malicious,Malicious,0.8021737337112427
Malicious,Malicious,0.8021737337112427
Malicious,Malicious,0.8021737337112427
Malicious,Malicious,0.8021737337112427
Malicious,Malicious,0.8021737337112427
Malicious,Malicious,0.8021737337112427
Malicious,Malicious,0.8021737337112427
Malicious,Malicious,0.8021737337112427
Malicious,Malicious,0.8021737337112427
Malicious,Malicious,0.8021737337112427
Malicious,Malicious,0.8021737337112427
Malicious,Malicious,0.8021737337112427
Malicious,Malicious,0.8021737337112427
Malicious,Malicious,0.8021737337112427
Malicious,Malicious,0.8021737337112427
Malicious,Malicious,0.8021737337112427
Malicious,Malicious,0.8021737337112427
Malicious,Malicious,0.8021737337112427
Malicious,Malicious,0.8021737337112427
Malicious,Malicious,0.8021737337112427
Malicious,Malicious,0.8021737337112427
Malicious,Malicious,0.8021737337112427
Malicious,Malicious,0.8021737337112427
Malicious,Malicious,0.8021737337112427
Malicious,Malicious,0.8021737337112427
Malicious,Malicious,0.8021737337112427
Malicious,Malicious,0.8021737337112427
Malicious,Malicious,0.8021737337112427
Malicious,Malicious,0.8021737337112427
Malicious,Malicious,0.8021737337112427
Malicious,Malicious,0.8021737337112427
Malicious,Malicious,0.8021737337112427
Malicious,Malicious,0.8021737337112427
Malicious,Malicious,0.8021737337112427
Malicious,Malicious,0.8021737337112427
Malicious,Malicious,0.8021737337112427
Malicious,Malicious,0.8021737337112427
Malicious,Malicious,0.8021737337112427
Malicious,Malicious,0.8021737337112427
Malicious,Malicious,0.8021737337112427
Malicious,Malicious,0.8021737337112427
Malicious,Malicious,0.8021737337112427
Malicious,Malicious,0.8021737337112427
Malicious,Malicious,0.8021737337112427
Malicious,Malicious,0.8021737337112427
Malicious,Malicious,0.8021737337112427
Malicious,Malicious,0.8021737337112427
Malicious,Malicious,0.8021737337112427
Malicious,Malicious,0.8021737337112427
Malicious,Malicious,0.8021737337112427
Malicious,Malicious,0.8021737337112427
Malicious,Malicious,0.8021737337112427
Malicious,Malicious,0.8021737337112427
Malicious,Malicious,0.8021737337112427
Malicious,Malicious,0.8021737337112427
Malicious,Malicious,0.8021737337112427
Malicious,Malicious,0.8021737337112427
Malicious,Malicious,0.8021737337112427
Malicious,Malicious,0.8021737337112427
Malicious,Malicious,0.8021737337112427
Malicious,Malicious,0.8021737337112427
Malicious,Malicious,0.8021737337112427
Malicious,Malicious,0.8021737337112427
Malicious,Malicious,0.8021737337112427
Malicious,Malicious,0.8021737337112427
Malicious,Malicious,0.8021737337112427
Malicious,Malicious,0.8021737337112427
Malicious,Malicious,0.8021737337112427
Malicious,Malicious,0.8021737337112427
Malicious,Malicious,0.8021737337112427
Malicious,Malicious,0.8021737337112427
Malicious,Malicious,0.8021737337112427
Malicious,Malicious,0.8021737337112427
Malicious,Malicious,0.8021737337112427
Malicious,Benign,0.2301643341779709
Malicious,Malicious,0.8021737337112427
Malicious,Malicious,0.8021737337112427
Malicious,Malicious,0.8016975522041321
Malicious,Malicious,0.8021737337112427
Malicious,Malicious,0.8021737337112427
Malicious,Malicious,0.8021737337112427
Malicious,Malicious,0.8021737337112427
Malicious,Malicious,0.8021737337112427
Malicious,Malicious,0.8021737337112427
Malicious,Malicious,0.8021737337112427
Malicious,Malicious,0.8021737337112427
Malicious,Malicious,0.8021737337112427
Malicious,Malicious,0.8021737337112427
Malicious,Malicious,0.8021737337112427
Malicious,Malicious,0.8021737337112427
Malicious,Malicious,0.8021737337112427
Malicious,Malicious,0.8021737337112427
Malicious,Malicious,0.8021737337112427
Malicious,Malicious,0.8021737337112427
Malicious,Malicious,0.8021737337112427
Malicious,Malicious,0.8021737337112427
Malicious,Malicious,0.8021737337112427
Malicious,Malicious,0.8021737337112427
Malicious,Malicious,0.8021737337112427
Malicious,Malicious,0.8021737337112427
Malicious,Malicious,0.8021737337112427
Malicious,Malicious,0.8021737337112427
Malicious,Malicious,0.8021737337112427
Malicious,Malicious,0.8021737337112427
Malicious,Malicious,0.8021737337112427
Malicious,Malicious,0.8021737337112427
Malicious,Malicious,0.8021737337112427
Malicious,Malicious,0.8021737337112427
Malicious,Malicious,0.8021737337112427
Malicious,Malicious,0.8021737337112427
Malicious,Malicious,0.8021737337112427
Malicious,Malicious,0.8021737337112427
Malicious,Malicious,0.8021737337112427
Malicious,Malicious,0.8021737337112427
Malicious,Malicious,0.8021737337112427
Malicious,Malicious,0.8021737337112427
Malicious,Malicious,0.8021737337112427
Malicious,Malicious,0.8021737337112427
Malicious,Malicious,0.8021737337112427
Malicious,Malicious,0.8021737337112427
Malicious,Malicious,0.8021737337112427
Malicious,Malicious,0.8021737337112427
Malicious,Malicious,0.8021737337112427
Malicious,Malicious,0.8021737337112427
Malicious,Malicious,0.8021737337112427
Malicious,Malicious,0.8021737337112427
Malicious,Malicious,0.8021737337112427
Malicious,Malicious,0.8021737337112427
Malicious,Malicious,0.8021737337112427
Malicious,Malicious,0.8021737337112427
Malicious,Benign,0.20717188715934753
Malicious,Malicious,0.8021737337112427
Malicious,Malicious,0.8021737337112427
Malicious,Malicious,0.8021737337112427
Malicious,Malicious,0.8021737337112427
Malicious,Malicious,0.8021737337112427
Malicious,Malicious,0.8021737337112427
Malicious,Malicious,0.8021737337112427
Malicious,Malicious,0.8021737337112427
Malicious,Malicious,0.8021737337112427
Malicious,Malicious,0.8021737337112427
Malicious,Malicious,0.8021737337112427
Malicious,Benign,0.2281671017408371
Malicious,Malicious,0.8021737337112427
Malicious,Malicious,0.8021737337112427
Malicious,Malicious,0.8021737337112427
Malicious,Malicious,0.8021737337112427
Malicious,Malicious,0.8021737337112427
Malicious,Malicious,0.8021737337112427
Malicious,Malicious,0.8021737337112427
Malicious,Malicious,0.8021737337112427
Malicious,Malicious,0.8021737337112427
Malicious,Malicious,0.8021737337112427
Malicious,Malicious,0.8021737337112427
Malicious,Malicious,0.8021737337112427
Malicious,Malicious,0.8021737337112427
Malicious,Malicious,0.8021737337112427
Malicious,Malicious,0.8021737337112427
Malicious,Malicious,0.8021737337112427
Malicious,Malicious,0.8021737337112427
Malicious,Malicious,0.8021737337112427
Malicious,Malicious,0.8021737337112427
Malicious,Malicious,0.8021737337112427
Malicious,Malicious,0.8021737337112427
Malicious,Malicious,0.8021737337112427
Malicious,Malicious,0.8021737337112427
Malicious,Malicious,0.8021737337112427
Malicious,Malicious,0.8021737337112427
Malicious,Malicious,0.8021737337112427
Malicious,Malicious,0.8021737337112427
Malicious,Malicious,0.8021737337112427
Malicious,Malicious,0.8021737337112427
Malicious,Malicious,0.8021737337112427
Malicious,Malicious,0.8021737337112427
Malicious,Malicious,0.8021737337112427
Malicious,Malicious,0.8021737337112427
Malicious,Malicious,0.8021737337112427
Malicious,Malicious,0.8021737337112427
Malicious,Malicious,0.8021737337112427
Malicious,Malicious,0.8021737337112427
Malicious,Malicious,0.8021737337112427
Malicious,Malicious,0.8021737337112427
Malicious,Malicious,0.8021737337112427
Malicious,Malicious,0.8021737337112427
Malicious,Malicious,0.8021737337112427
Malicious,Malicious,0.8021737337112427
Malicious,Malicious,0.8021737337112427
Malicious,Malicious,0.8021737337112427
Malicious,Malicious,0.8021737337112427
Malicious,Malicious,0.8021737337112427
Malicious,Malicious,0.8021737337112427
Malicious,Malicious,0.8021737337112427
Malicious,Malicious,0.8021737337112427
Malicious,Benign,0.270911306142807
Malicious,Malicious,0.8021737337112427
Malicious,Malicious,0.8021737337112427
Malicious,Malicious,0.8021737337112427
Malicious,Malicious,0.8021737337112427
Malicious,Malicious,0.8021737337112427
Malicious,Malicious,0.8021737337112427
Malicious,Malicious,0.8021737337112427
Malicious,Malicious,0.8021737337112427
Malicious,Malicious,0.8021737337112427
Malicious,Malicious,0.8021737337112427
Malicious,Malicious,0.8021737337112427
Malicious,Malicious,0.8021737337112427
Malicious,Malicious,0.8021737337112427
Malicious,Malicious,0.8021737337112427
Malicious,Malicious,0.8021737337112427
Malicious,Malicious,0.8021737337112427
Malicious,Malicious,0.8021737337112427
Malicious,Malicious,0.8021737337112427
Malicious,Malicious,0.8021737337112427
Malicious,Malicious,0.8021737337112427
Malicious,Benign,0.3414197564125061
Malicious,Malicious,0.8021737337112427
Malicious,Malicious,0.8021737337112427
Malicious,Malicious,0.8021737337112427
Malicious,Malicious,0.8021737337112427
Malicious,Malicious,0.8021737337112427
Malicious,Malicious,0.8021737337112427
Malicious,Malicious,0.8021737337112427
Malicious,Malicious,0.8021737337112427
Malicious,Malicious,0.8021737337112427
Malicious,Malicious,0.8021737337112427
Malicious,Malicious,0.8021737337112427
Malicious,Malicious,0.8021737337112427
Malicious,Malicious,0.8021737337112427
Malicious,Malicious,0.8021737337112427
Malicious,Malicious,0.8021737337112427
Malicious,Malicious,0.8021737337112427
Malicious,Malicious,0.8021737337112427
Malicious,Malicious,0.8021737337112427
Malicious,Malicious,0.8021737337112427
Malicious,Malicious,0.8021737337112427
Malicious,Malicious,0.8021737337112427
Malicious,Malicious,0.8021737337112427
Malicious,Malicious,0.8021737337112427
Malicious,Malicious,0.8021737337112427
Malicious,Malicious,0.8021737337112427
Malicious,Malicious,0.8021737337112427
Malicious,Malicious,0.8021737337112427
Malicious,Malicious,0.8021737337112427
Malicious,Malicious,0.8021737337112427
Malicious,Malicious,0.8021737337112427
Malicious,Benign,0.24357353150844574
Malicious,Malicious,0.8021737337112427
Malicious,Malicious,0.8021737337112427
Malicious,Malicious,0.8021737337112427
Malicious,Malicious,0.8021737337112427
Malicious,Malicious,0.8021737337112427
Malicious,Malicious,0.8021737337112427
Malicious,Benign,0.28328636288642883
Malicious,Malicious,0.8021737337112427
Malicious,Malicious,0.8021737337112427
Malicious,Malicious,0.8021737337112427
Malicious,Malicious,0.8021737337112427
Malicious,Malicious,0.8021737337112427
Malicious,Malicious,0.8021737337112427
Malicious,Malicious,0.8021737337112427
Malicious,Malicious,0.8021737337112427
Malicious,Malicious,0.8021737337112427
Malicious,Malicious,0.8021737337112427
Malicious,Malicious,0.8021737337112427
Malicious,Malicious,0.8021737337112427
Malicious,Malicious,0.8021737337112427
Malicious,Malicious,0.8021737337112427
Malicious,Malicious,0.8021737337112427
Malicious,Malicious,0.8021737337112427
Malicious,Malicious,0.8021737337112427
Malicious,Malicious,0.8021737337112427
Malicious,Malicious,0.8021737337112427
Malicious,Malicious,0.8021737337112427
Malicious,Malicious,0.8021737337112427
Malicious,Malicious,0.8021737337112427
Malicious,Malicious,0.8021737337112427
Malicious,Malicious,0.8021737337112427
Malicious,Malicious,0.8021737337112427
Malicious,Malicious,0.8021737337112427
Malicious,Malicious,0.8021737337112427
Malicious,Malicious,0.8021737337112427
Malicious,Malicious,0.8021737337112427
Malicious,Malicious,0.8021737337112427
Malicious,Malicious,0.8021737337112427
Malicious,Malicious,0.8021737337112427
Malicious,Malicious,0.8021737337112427
Malicious,Malicious,0.8021737337112427
Malicious,Malicious,0.8021737337112427
Malicious,Malicious,0.8021737337112427
Malicious,Malicious,0.8021737337112427
Malicious,Malicious,0.8021737337112427
Malicious,Malicious,0.8021737337112427
Malicious,Malicious,0.8021737337112427
Malicious,Malicious,0.8021737337112427
Malicious,Malicious,0.8021737337112427
Malicious,Malicious,0.8021737337112427
Malicious,Malicious,0.8021737337112427
Malicious,Malicious,0.8021737337112427
Malicious,Malicious,0.8021737337112427
Malicious,Malicious,0.8021737337112427
Malicious,Malicious,0.8021737337112427
Malicious,Malicious,0.8021737337112427
Malicious,Malicious,0.8021737337112427
Malicious,Malicious,0.8021737337112427
Malicious,Malicious,0.8021737337112427
Malicious,Malicious,0.8021737337112427
Malicious,Malicious,0.8021737337112427
Malicious,Malicious,0.8021737337112427
Malicious,Malicious,0.8021737337112427
Malicious,Malicious,0.8021737337112427
Malicious,Malicious,0.8021737337112427
Malicious,Malicious,0.8021737337112427
Malicious,Malicious,0.8021737337112427
Malicious,Malicious,0.8021737337112427
Malicious,Malicious,0.8021737337112427
Malicious,Malicious,0.8021737337112427
Malicious,Malicious,0.8021737337112427
Malicious,Malicious,0.8021737337112427
Malicious,Malicious,0.8021737337112427
Malicious,Malicious,0.8021737337112427
Malicious,Malicious,0.8021737337112427
Malicious,Malicious,0.8021737337112427
Malicious,Malicious,0.8021737337112427
Malicious,Malicious,0.8021737337112427
Malicious,Malicious,0.8021737337112427
Malicious,Malicious,0.8021737337112427
Malicious,Malicious,0.8021737337112427
Malicious,Benign,0.3117842972278595
Malicious,Malicious,0.8021737337112427
Malicious,Malicious,0.8021737337112427
Malicious,Malicious,0.8021737337112427
Malicious,Malicious,0.8021737337112427
Malicious,Malicious,0.8021737337112427
Malicious,Malicious,0.8021737337112427
Malicious,Malicious,0.8021737337112427
Malicious,Malicious,0.8021737337112427
Malicious,Malicious,0.8021737337112427
Malicious,Malicious,0.8021737337112427
Malicious,Malicious,0.8021737337112427
Malicious,Malicious,0.8021737337112427
Malicious,Malicious,0.8021737337112427
Malicious,Malicious,0.8021737337112427
Malicious,Malicious,0.8021737337112427
Malicious,Malicious,0.8021737337112427
Malicious,Malicious,0.8021737337112427
Malicious,Malicious,0.8021737337112427
Malicious,Malicious,0.8021737337112427
Malicious,Malicious,0.802078902721405
Malicious,Malicious,0.8021737337112427
Malicious,Malicious,0.8021737337112427
Malicious,Malicious,0.8021737337112427
Malicious,Malicious,0.8021737337112427
Malicious,Malicious,0.8021737337112427
Malicious,Malicious,0.8021737337112427
Malicious,Malicious,0.8021737337112427
Malicious,Malicious,0.8021737337112427
Malicious,Malicious,0.8021737337112427
Malicious,Benign,0.24625831842422485
Malicious,Malicious,0.8021737337112427
Malicious,Malicious,0.8021737337112427
Malicious,Malicious,0.8021737337112427
Malicious,Malicious,0.8021737337112427
Malicious,Malicious,0.8021737337112427
Malicious,Malicious,0.8021737337112427
Malicious,Malicious,0.8021737337112427
Malicious,Malicious,0.8021737337112427
Malicious,Malicious,0.8021737337112427
Malicious,Malicious,0.8021737337112427
Malicious,Malicious,0.8021737337112427
Malicious,Malicious,0.8021737337112427
Malicious,Malicious,0.8021737337112427
Malicious,Malicious,0.8021737337112427
Malicious,Benign,0.27067604660987854
Malicious,Malicious,0.8021737337112427
Malicious,Malicious,0.8021737337112427
Malicious,Malicious,0.8021737337112427
Malicious,Malicious,0.8021737337112427
Malicious,Malicious,0.8021737337112427
Malicious,Malicious,0.8021737337112427
Malicious,Malicious,0.8021737337112427
Malicious,Malicious,0.8021737337112427
Malicious,Malicious,0.8021737337112427
Malicious,Malicious,0.8021737337112427
Malicious,Malicious,0.8021737337112427
Malicious,Malicious,0.8021737337112427
Malicious,Malicious,0.8021737337112427
Malicious,Malicious,0.8021737337112427
Malicious,Malicious,0.8021737337112427
Malicious,Malicious,0.8021737337112427
Malicious,Malicious,0.8021737337112427
Malicious,Malicious,0.8021737337112427
Malicious,Malicious,0.8021737337112427
Malicious,Malicious,0.8021737337112427
Malicious,Malicious,0.8021737337112427
Malicious,Malicious,0.8021737337112427
Malicious,Malicious,0.8021737337112427
Malicious,Malicious,0.8021737337112427
Malicious,Malicious,0.8021737337112427
Malicious,Malicious,0.8021737337112427
Malicious,Malicious,0.8021737337112427
Malicious,Malicious,0.8021737337112427
Malicious,Malicious,0.8021737337112427
Malicious,Malicious,0.8021737337112427
Malicious,Malicious,0.8021737337112427
Malicious,Malicious,0.8021737337112427
Malicious,Malicious,0.8021737337112427
Malicious,Malicious,0.8021737337112427
Malicious,Malicious,0.8021737337112427
Malicious,Malicious,0.8021737337112427
Malicious,Malicious,0.8021737337112427
Malicious,Malicious,0.8021737337112427
Malicious,Malicious,0.8021737337112427
Malicious,Malicious,0.8021737337112427
Malicious,Malicious,0.8021737337112427
Malicious,Malicious,0.8021737337112427
Malicious,Malicious,0.8021737337112427
Malicious,Malicious,0.8021737337112427
Malicious,Malicious,0.8021737337112427
Malicious,Malicious,0.8021737337112427
Malicious,Malicious,0.8021737337112427
Malicious,Malicious,0.8021737337112427
Malicious,Malicious,0.8021737337112427
Malicious,Malicious,0.8021737337112427
Malicious,Malicious,0.8021737337112427
Malicious,Malicious,0.8021737337112427
Malicious,Malicious,0.8021737337112427
Malicious,Malicious,0.8021737337112427
Malicious,Malicious,0.8021737337112427
Malicious,Malicious,0.8021737337112427
Malicious,Malicious,0.8021737337112427
Malicious,Malicious,0.8021737337112427
Malicious,Malicious,0.8021737337112427
Malicious,Malicious,0.8021737337112427
Malicious,Malicious,0.8021737337112427
Malicious,Malicious,0.8021737337112427
Malicious,Malicious,0.8021737337112427
Malicious,Malicious,0.8021737337112427
Malicious,Malicious,0.8021737337112427
Malicious,Malicious,0.8021737337112427
Malicious,Malicious,0.8021737337112427
Malicious,Malicious,0.8021737337112427
Malicious,Malicious,0.8021737337112427
Malicious,Malicious,0.8021737337112427
Malicious,Malicious,0.8021737337112427
Malicious,Malicious,0.8021737337112427
Malicious,Malicious,0.8021737337112427
Malicious,Malicious,0.8021737337112427
Malicious,Malicious,0.8021737337112427
Malicious,Malicious,0.8021737337112427
Malicious,Malicious,0.8021737337112427
Malicious,Malicious,0.8021737337112427
Malicious,Malicious,0.8021737337112427
Malicious,Malicious,0.8021737337112427
Malicious,Benign,0.23204709589481354
Malicious,Malicious,0.8021737337112427
Malicious,Malicious,0.8021737337112427
Malicious,Malicious,0.8021737337112427
Malicious,Malicious,0.8021737337112427
Malicious,Malicious,0.8021737337112427
Malicious,Malicious,0.8021737337112427
Malicious,Malicious,0.8021737337112427
Malicious,Malicious,0.8021737337112427
Malicious,Malicious,0.8021737337112427
Malicious,Malicious,0.8021737337112427
Malicious,Malicious,0.8021737337112427
Malicious,Malicious,0.8021737337112427
Malicious,Malicious,0.8021737337112427
Malicious,Malicious,0.8021737337112427
Malicious,Malicious,0.8021737337112427
Malicious,Malicious,0.8021737337112427
Malicious,Malicious,0.8021737337112427
Malicious,Malicious,0.8021737337112427
Malicious,Malicious,0.8021737337112427
Malicious,Malicious,0.8021737337112427
Malicious,Malicious,0.8021737337112427
Malicious,Malicious,0.8021737337112427
Malicious,Malicious,0.8021737337112427
Malicious,Malicious,0.8021737337112427
Malicious,Malicious,0.8021737337112427
Malicious,Malicious,0.8021737337112427
Malicious,Malicious,0.8021737337112427
Malicious,Malicious,0.8021737337112427
Malicious,Malicious,0.8021737337112427
Malicious,Malicious,0.8021737337112427
Malicious,Malicious,0.8021737337112427
Malicious,Malicious,0.7983799576759338
Malicious,Malicious,0.8021737337112427
Malicious,Malicious,0.8021737337112427
Malicious,Malicious,0.8021737337112427
Malicious,Malicious,0.8021737337112427
Malicious,Malicious,0.8021737337112427
Malicious,Malicious,0.7988404035568237
Malicious,Malicious,0.8021737337112427
Malicious,Malicious,0.8021737337112427
Malicious,Malicious,0.8021737337112427
Malicious,Malicious,0.8021737337112427
Malicious,Malicious,0.8021737337112427
Malicious,Malicious,0.8021737337112427
Malicious,Malicious,0.8021737337112427
Malicious,Malicious,0.8021737337112427
Malicious,Malicious,0.8021737337112427
Malicious,Malicious,0.8021737337112427
Malicious,Malicious,0.8021737337112427
Malicious,Malicious,0.8021737337112427
Malicious,Benign,0.21725541353225708
Malicious,Malicious,0.8021737337112427
Malicious,Malicious,0.8021737337112427
Malicious,Malicious,0.8021737337112427
Malicious,Malicious,0.8021737337112427
Malicious,Malicious,0.8021737337112427
Malicious,Malicious,0.8021737337112427
Malicious,Malicious,0.8021737337112427
Malicious,Malicious,0.8021737337112427
Malicious,Malicious,0.8021737337112427
Malicious,Malicious,0.8021737337112427
Malicious,Malicious,0.8021737337112427
Malicious,Malicious,0.8021737337112427
Malicious,Malicious,0.8021737337112427
Malicious,Malicious,0.8021737337112427
Malicious,Malicious,0.8021737337112427
Malicious,Malicious,0.8021737337112427
Malicious,Malicious,0.8021737337112427
Malicious,Malicious,0.8021737337112427
Malicious,Malicious,0.8021737337112427
Malicious,Malicious,0.8021737337112427
Malicious,Malicious,0.8021737337112427
Malicious,Malicious,0.8021737337112427
Malicious,Malicious,0.8021737337112427
Malicious,Malicious,0.8021737337112427
Malicious,Malicious,0.8021737337112427
Malicious,Malicious,0.8021737337112427
Malicious,Malicious,0.8021737337112427
Malicious,Malicious,0.8021737337112427
Malicious,Malicious,0.8021737337112427
Malicious,Malicious,0.8021737337112427
Malicious,Malicious,0.8021737337112427
Malicious,Malicious,0.8021737337112427
Malicious,Malicious,0.8021737337112427
Malicious,Malicious,0.8021737337112427
Malicious,Malicious,0.8021737337112427
Malicious,Malicious,0.8021737337112427
Malicious,Malicious,0.8021737337112427
Malicious,Malicious,0.8021737337112427
Malicious,Malicious,0.8021737337112427
Malicious,Malicious,0.8021737337112427
Malicious,Malicious,0.8021737337112427
Malicious,Malicious,0.8021737337112427
Malicious,Malicious,0.8021737337112427
Malicious,Malicious,0.8021737337112427
Malicious,Malicious,0.8021737337112427
Malicious,Malicious,0.8021737337112427
Malicious,Malicious,0.8021737337112427
Malicious,Malicious,0.8021737337112427
Malicious,Malicious,0.8021737337112427
Malicious,Malicious,0.8021737337112427
Malicious,Malicious,0.8021737337112427
Malicious,Malicious,0.8021737337112427
Malicious,Malicious,0.8021737337112427
Malicious,Malicious,0.8021737337112427
Malicious,Malicious,0.8021737337112427
Malicious,Malicious,0.8021737337112427
Malicious,Malicious,0.8021737337112427
Malicious,Malicious,0.8021737337112427
Malicious,Malicious,0.8021737337112427
Malicious,Malicious,0.8021737337112427
Malicious,Malicious,0.8021737337112427
Malicious,Malicious,0.8021737337112427
Malicious,Malicious,0.8021737337112427
Malicious,Malicious,0.8021737337112427
Malicious,Malicious,0.8021737337112427
Malicious,Malicious,0.8021737337112427
Malicious,Malicious,0.8021737337112427
Malicious,Malicious,0.8021737337112427
Malicious,Malicious,0.8021737337112427
Malicious,Malicious,0.8021737337112427
Malicious,Malicious,0.8021737337112427
Malicious,Malicious,0.8021737337112427
Malicious,Malicious,0.8021737337112427
Malicious,Malicious,0.8021737337112427
Malicious,Malicious,0.8021737337112427
Malicious,Malicious,0.8021737337112427
Malicious,Malicious,0.8021737337112427
Malicious,Malicious,0.8021737337112427
Malicious,Malicious,0.8021737337112427
Malicious,Malicious,0.8021737337112427
Malicious,Malicious,0.8021737337112427
Malicious,Malicious,0.8021737337112427
Malicious,Malicious,0.8021737337112427
Malicious,Malicious,0.8021737337112427
Malicious,Malicious,0.8021737337112427
Malicious,Malicious,0.8021737337112427
Malicious,Malicious,0.8021737337112427
Malicious,Malicious,0.8021737337112427
Malicious,Malicious,0.8021737337112427
Malicious,Malicious,0.8021737337112427
Malicious,Malicious,0.8021737337112427
Malicious,Malicious,0.8021737337112427
Malicious,Malicious,0.8021737337112427
Malicious,Malicious,0.8021737337112427
Malicious,Malicious,0.8021737337112427
Malicious,Malicious,0.8021737337112427
Malicious,Malicious,0.8021737337112427
Malicious,Malicious,0.8021737337112427
Malicious,Malicious,0.8021737337112427
Malicious,Malicious,0.8021737337112427
Malicious,Malicious,0.8021737337112427
Malicious,Malicious,0.8021737337112427
Malicious,Malicious,0.8021737337112427
Malicious,Malicious,0.8021737337112427
Malicious,Malicious,0.8021737337112427
Malicious,Malicious,0.8021737337112427
Malicious,Malicious,0.8021737337112427
Malicious,Malicious,0.8021737337112427
Malicious,Malicious,0.8014906644821167
Malicious,Malicious,0.8021737337112427
Malicious,Benign,0.27624183893203735
Malicious,Malicious,0.8021737337112427
Malicious,Malicious,0.8021737337112427
Malicious,Malicious,0.8021737337112427
Malicious,Malicious,0.8021737337112427
Malicious,Malicious,0.8021737337112427
Malicious,Malicious,0.8021737337112427
Malicious,Malicious,0.8021737337112427
Malicious,Malicious,0.8021737337112427
Malicious,Malicious,0.8021737337112427
Malicious,Malicious,0.8021737337112427
Malicious,Benign,0.39334994554519653
Malicious,Malicious,0.8021737337112427
Malicious,Malicious,0.8021737337112427
Malicious,Malicious,0.8021737337112427
Malicious,Malicious,0.8021737337112427
Malicious,Malicious,0.8021737337112427
Malicious,Malicious,0.8021737337112427
Malicious,Malicious,0.8021737337112427
Malicious,Malicious,0.8021737337112427
Malicious,Malicious,0.8021737337112427
Malicious,Malicious,0.8021737337112427
Malicious,Malicious,0.8021737337112427
Malicious,Malicious,0.8021737337112427
Malicious,Malicious,0.8021737337112427
Malicious,Malicious,0.8021737337112427
Malicious,Malicious,0.8021737337112427
Malicious,Malicious,0.8021737337112427
Malicious,Malicious,0.8021737337112427
Malicious,Malicious,0.8021737337112427
Malicious,Malicious,0.8021737337112427
Malicious,Malicious,0.8021737337112427
Malicious,Malicious,0.8021737337112427
Malicious,Malicious,0.8021737337112427
Malicious,Malicious,0.8021737337112427
Malicious,Malicious,0.8021737337112427
Malicious,Malicious,0.8021737337112427
Malicious,Malicious,0.8021737337112427
Malicious,Malicious,0.8021737337112427
Malicious,Malicious,0.8021737337112427
Malicious,Malicious,0.8021737337112427
Malicious,Malicious,0.8021737337112427
Malicious,Malicious,0.8021737337112427
Malicious,Malicious,0.8021737337112427
Malicious,Malicious,0.8021737337112427
Malicious,Malicious,0.8021737337112427
Malicious,Malicious,0.8021737337112427
Malicious,Malicious,0.8021737337112427
Malicious,Malicious,0.8021737337112427
Malicious,Malicious,0.8021737337112427
Malicious,Malicious,0.8021737337112427
Malicious,Malicious,0.8021737337112427
Malicious,Malicious,0.8021737337112427
Malicious,Malicious,0.8021737337112427
Malicious,Malicious,0.8021737337112427
Malicious,Malicious,0.8021737337112427
Malicious,Malicious,0.8021737337112427
Malicious,Malicious,0.8021737337112427
Malicious,Malicious,0.8021737337112427
Malicious,Malicious,0.8021737337112427
Malicious,Malicious,0.8021737337112427
Malicious,Malicious,0.8021737337112427
Malicious,Malicious,0.8021737337112427
Malicious,Malicious,0.8021737337112427
Malicious,Malicious,0.8021737337112427
Malicious,Malicious,0.8021737337112427
Malicious,Malicious,0.8021737337112427
Malicious,Malicious,0.8021737337112427
Malicious,Malicious,0.8021737337112427
Malicious,Malicious,0.8021737337112427
Malicious,Malicious,0.8021737337112427
Malicious,Malicious,0.8021737337112427
Malicious,Malicious,0.8021737337112427
Malicious,Malicious,0.8021737337112427
Malicious,Malicious,0.8021737337112427
Malicious,Malicious,0.8021737337112427
Malicious,Malicious,0.8021737337112427
Malicious,Malicious,0.8021737337112427
Malicious,Malicious,0.8021737337112427
Malicious,Malicious,0.8021737337112427
Malicious,Malicious,0.8021737337112427
Malicious,Malicious,0.8021737337112427
Malicious,Malicious,0.8021737337112427
Malicious,Malicious,0.8021737337112427
Malicious,Malicious,0.8021737337112427
Malicious,Malicious,0.8021737337112427
Malicious,Malicious,0.8021737337112427
Malicious,Malicious,0.8021737337112427
Malicious,Malicious,0.8021737337112427
Malicious,Malicious,0.8021737337112427
Malicious,Malicious,0.8021737337112427
Malicious,Malicious,0.8021737337112427
Malicious,Malicious,0.8021737337112427
Malicious,Malicious,0.8021737337112427
Malicious,Malicious,0.8021737337112427
Malicious,Malicious,0.8021737337112427
Malicious,Malicious,0.8021737337112427
Malicious,Malicious,0.8016027212142944
Malicious,Malicious,0.8021737337112427
Malicious,Malicious,0.8021737337112427
Malicious,Malicious,0.8021737337112427
Malicious,Malicious,0.8021737337112427
Malicious,Malicious,0.8021737337112427
Malicious,Malicious,0.8021737337112427
Malicious,Malicious,0.8012213706970215
Malicious,Malicious,0.8021737337112427
Malicious,Malicious,0.8021737337112427
Malicious,Malicious,0.8021737337112427
Malicious,Malicious,0.8021737337112427
Malicious,Malicious,0.8021737337112427
Malicious,Malicious,0.8021737337112427
Malicious,Malicious,0.8021737337112427
Malicious,Malicious,0.8021737337112427
Malicious,Malicious,0.8021737337112427
Malicious,Malicious,0.8021737337112427
Malicious,Malicious,0.8021737337112427
Malicious,Malicious,0.8021737337112427
Malicious,Malicious,0.8021737337112427
Malicious,Malicious,0.8021737337112427
Malicious,Malicious,0.8021737337112427
Malicious,Malicious,0.8021737337112427
Malicious,Malicious,0.8021737337112427
Malicious,Malicious,0.8021737337112427
Malicious,Malicious,0.8021737337112427
Malicious,Malicious,0.8021737337112427
Malicious,Malicious,0.8021737337112427
Malicious,Malicious,0.8021737337112427
Malicious,Malicious,0.8021737337112427
Malicious,Malicious,0.8021737337112427
Malicious,Malicious,0.8021737337112427
Malicious,Malicious,0.8021737337112427
Malicious,Malicious,0.8021737337112427
Malicious,Malicious,0.8021737337112427
Malicious,Malicious,0.8021737337112427
Malicious,Malicious,0.8021737337112427
Malicious,Malicious,0.8021737337112427
Malicious,Malicious,0.8021737337112427
Malicious,Malicious,0.8021737337112427
Malicious,Malicious,0.8021737337112427
Malicious,Malicious,0.8021737337112427
Malicious,Malicious,0.8021737337112427
Malicious,Malicious,0.8021737337112427
Malicious,Malicious,0.8021737337112427
Malicious,Malicious,0.8021737337112427
Malicious,Malicious,0.8021737337112427
Malicious,Malicious,0.8021737337112427
Malicious,Malicious,0.8021737337112427
Malicious,Malicious,0.8021737337112427
Malicious,Malicious,0.8021737337112427
Malicious,Malicious,0.8021737337112427
Malicious,Malicious,0.8021737337112427
Malicious,Malicious,0.8021737337112427
Malicious,Malicious,0.7949360609054565
Malicious,Malicious,0.8021737337112427
Malicious,Malicious,0.8021737337112427
Malicious,Malicious,0.8021737337112427
Malicious,Malicious,0.8021737337112427
Malicious,Malicious,0.8021737337112427
Malicious,Malicious,0.8021737337112427
Malicious,Malicious,0.8021737337112427
Malicious,Malicious,0.8021737337112427
Malicious,Malicious,0.8021737337112427
Malicious,Malicious,0.8021737337112427
Malicious,Malicious,0.8021737337112427
Malicious,Malicious,0.8021737337112427
Malicious,Malicious,0.8021737337112427
Malicious,Malicious,0.8021737337112427
Malicious,Malicious,0.8021737337112427
Malicious,Malicious,0.8021737337112427
Malicious,Malicious,0.8021737337112427
Malicious,Malicious,0.8021737337112427
Malicious,Malicious,0.8021737337112427
Malicious,Malicious,0.8021737337112427
Malicious,Malicious,0.8021737337112427
Malicious,Malicious,0.8021737337112427
Malicious,Malicious,0.8021737337112427
Malicious,Malicious,0.8021737337112427
Malicious,Malicious,0.8021737337112427
Malicious,Malicious,0.8021737337112427
Malicious,Malicious,0.8021737337112427
Malicious,Malicious,0.8021737337112427
Malicious,Malicious,0.8021737337112427
Malicious,Malicious,0.8021737337112427
Malicious,Malicious,0.8021737337112427
Malicious,Malicious,0.8021737337112427
Malicious,Malicious,0.8021737337112427
Malicious,Malicious,0.8021737337112427
Malicious,Malicious,0.8021737337112427
Malicious,Malicious,0.8021737337112427
Malicious,Malicious,0.8021737337112427
Malicious,Malicious,0.8021737337112427
Malicious,Malicious,0.8021737337112427
Malicious,Malicious,0.8021737337112427
Malicious,Malicious,0.8021737337112427
Malicious,Malicious,0.8021737337112427
Malicious,Malicious,0.8021737337112427
Malicious,Malicious,0.8021737337112427
Malicious,Malicious,0.8021737337112427
Malicious,Malicious,0.8021737337112427
Malicious,Malicious,0.8021737337112427
Malicious,Malicious,0.8021737337112427
Malicious,Malicious,0.8021737337112427
Malicious,Malicious,0.8021737337112427
Malicious,Malicious,0.8021737337112427
Malicious,Malicious,0.8021737337112427
Malicious,Malicious,0.8021737337112427
Malicious,Malicious,0.8021737337112427
Malicious,Malicious,0.8021737337112427
Malicious,Malicious,0.8021737337112427
Malicious,Malicious,0.8021737337112427
Malicious,Malicious,0.8021737337112427
Malicious,Malicious,0.8021737337112427
Malicious,Malicious,0.8021737337112427
Malicious,Malicious,0.8021737337112427
Malicious,Malicious,0.8021737337112427
Malicious,Benign,0.30606919527053833
Malicious,Malicious,0.8021737337112427
Malicious,Malicious,0.8021737337112427
Malicious,Malicious,0.8021737337112427
Malicious,Malicious,0.8021737337112427
Malicious,Malicious,0.8021737337112427
Malicious,Malicious,0.8021737337112427
Malicious,Malicious,0.8021737337112427
Malicious,Malicious,0.8021737337112427
Malicious,Malicious,0.8021737337112427
Malicious,Malicious,0.8021737337112427
Malicious,Malicious,0.8021737337112427
Malicious,Malicious,0.8021737337112427
Malicious,Malicious,0.8021737337112427
Malicious,Malicious,0.8021737337112427
Malicious,Malicious,0.8021737337112427
Malicious,Malicious,0.8021737337112427
Malicious,Malicious,0.8021737337112427
Malicious,Malicious,0.8021737337112427
Malicious,Malicious,0.8021737337112427
Malicious,Malicious,0.8021737337112427
Malicious,Malicious,0.8021737337112427
Malicious,Malicious,0.8021737337112427
Malicious,Malicious,0.8021737337112427
Malicious,Malicious,0.8021737337112427
Malicious,Malicious,0.8021737337112427
Malicious,Malicious,0.8021737337112427
Malicious,Malicious,0.8021737337112427
Malicious,Malicious,0.8021737337112427
Malicious,Malicious,0.8021737337112427
Malicious,Malicious,0.8021737337112427
Malicious,Malicious,0.8021737337112427
Malicious,Malicious,0.8021737337112427
Malicious,Malicious,0.8021737337112427
Malicious,Malicious,0.8021737337112427
Malicious,Malicious,0.8021737337112427
Malicious,Malicious,0.8021737337112427
Malicious,Malicious,0.8021737337112427
Malicious,Malicious,0.8021737337112427
Malicious,Malicious,0.8021737337112427
Malicious,Malicious,0.8021737337112427
Malicious,Malicious,0.8021737337112427
Malicious,Malicious,0.8021737337112427
Malicious,Malicious,0.8018901944160461
Malicious,Malicious,0.8021737337112427
Malicious,Malicious,0.8021737337112427
Malicious,Malicious,0.8021737337112427
Malicious,Malicious,0.8021737337112427
Malicious,Malicious,0.8021737337112427
Malicious,Malicious,0.8021737337112427
Malicious,Malicious,0.8007451891899109
Malicious,Malicious,0.8021737337112427
Malicious,Malicious,0.8021737337112427
Malicious,Malicious,0.8021737337112427
Malicious,Malicious,0.8021737337112427
Malicious,Malicious,0.8021737337112427
Malicious,Malicious,0.8021737337112427
Malicious,Malicious,0.8021737337112427
Malicious,Malicious,0.8021737337112427
Malicious,Malicious,0.8021737337112427
Malicious,Malicious,0.8021737337112427
Malicious,Malicious,0.8021737337112427
Malicious,Malicious,0.8021737337112427
Malicious,Malicious,0.8021737337112427
Malicious,Malicious,0.8021737337112427
Malicious,Malicious,0.8021737337112427
Malicious,Malicious,0.8021737337112427
Malicious,Malicious,0.8021737337112427
Malicious,Malicious,0.8021737337112427
Malicious,Malicious,0.8021737337112427
Malicious,Malicious,0.8021737337112427
Malicious,Malicious,0.8021737337112427
Malicious,Malicious,0.8021737337112427
Malicious,Malicious,0.8021737337112427
Malicious,Malicious,0.8021737337112427
Malicious,Malicious,0.8021737337112427
Malicious,Malicious,0.8021737337112427
Malicious,Malicious,0.8021737337112427
Malicious,Malicious,0.8021737337112427
Malicious,Malicious,0.8021737337112427
Malicious,Malicious,0.8021737337112427
Malicious,Malicious,0.8021737337112427
Malicious,Malicious,0.8021737337112427
Malicious,Malicious,0.8021737337112427
Malicious,Malicious,0.8021737337112427
Malicious,Malicious,0.8021737337112427
Malicious,Malicious,0.8021737337112427
Malicious,Malicious,0.8021737337112427
Malicious,Malicious,0.8021737337112427
Malicious,Malicious,0.8021737337112427
Malicious,Malicious,0.8021737337112427
Malicious,Malicious,0.8021737337112427
Malicious,Malicious,0.8021737337112427
Malicious,Malicious,0.8021737337112427
Malicious,Malicious,0.8021737337112427
Malicious,Malicious,0.8021737337112427
Malicious,Malicious,0.8021737337112427
Malicious,Malicious,0.8016975522041321
Malicious,Malicious,0.8021737337112427
Malicious,Malicious,0.8021737337112427
Malicious,Malicious,0.8021737337112427
Malicious,Malicious,0.8021737337112427
Malicious,Malicious,0.8021737337112427
Malicious,Malicious,0.8021737337112427
Malicious,Malicious,0.8021737337112427
Malicious,Malicious,0.8021737337112427
Malicious,Malicious,0.8021737337112427
Malicious,Malicious,0.8021737337112427
Malicious,Malicious,0.8021737337112427
Malicious,Malicious,0.8021737337112427
Malicious,Malicious,0.8021737337112427
Malicious,Malicious,0.8021737337112427
Malicious,Malicious,0.8021737337112427
Malicious,Malicious,0.8021737337112427
Malicious,Malicious,0.8021737337112427
Malicious,Malicious,0.8021737337112427
Malicious,Malicious,0.8021737337112427
Malicious,Malicious,0.8021737337112427
Malicious,Malicious,0.8021737337112427
Malicious,Malicious,0.8021737337112427
Malicious,Malicious,0.8021737337112427
Malicious,Malicious,0.8021737337112427
Malicious,Malicious,0.8021737337112427
Malicious,Malicious,0.8021737337112427
Malicious,Malicious,0.8021737337112427
Malicious,Malicious,0.8021737337112427
Malicious,Malicious,0.8021737337112427
Malicious,Malicious,0.8021737337112427
Malicious,Malicious,0.802078902721405
Malicious,Malicious,0.8021737337112427
Malicious,Malicious,0.8021737337112427
Malicious,Malicious,0.8021737337112427
Malicious,Malicious,0.8021737337112427
Malicious,Malicious,0.8021737337112427
Malicious,Malicious,0.8021737337112427
Malicious,Malicious,0.8021737337112427
Malicious,Malicious,0.8021737337112427
Malicious,Malicious,0.8021737337112427
Malicious,Malicious,0.8021737337112427
Malicious,Malicious,0.8021737337112427
Malicious,Malicious,0.8021737337112427
Malicious,Malicious,0.8021737337112427
Malicious,Malicious,0.8021737337112427
Malicious,Malicious,0.8021737337112427
Malicious,Malicious,0.8021737337112427
Malicious,Malicious,0.8021737337112427
Malicious,Malicious,0.8021737337112427
Malicious,Malicious,0.8021737337112427
Malicious,Malicious,0.8021737337112427
Malicious,Malicious,0.8021737337112427
Malicious,Malicious,0.8021737337112427
Malicious,Malicious,0.8021737337112427
Malicious,Malicious,0.8021737337112427
Malicious,Malicious,0.8021737337112427
Malicious,Malicious,0.8021737337112427
Malicious,Malicious,0.8021737337112427
Malicious,Malicious,0.8021737337112427
Malicious,Malicious,0.8021737337112427
Malicious,Malicious,0.8021737337112427
Malicious,Malicious,0.8021737337112427
Malicious,Malicious,0.8021737337112427
Malicious,Malicious,0.8021737337112427
Malicious,Malicious,0.8021737337112427
Malicious,Malicious,0.7974118590354919
Malicious,Malicious,0.8021737337112427
Malicious,Malicious,0.8021737337112427
Malicious,Malicious,0.8021737337112427
Malicious,Malicious,0.8021737337112427
Malicious,Malicious,0.8021737337112427
Malicious,Malicious,0.8021737337112427
Malicious,Malicious,0.8021737337112427
Malicious,Malicious,0.8021737337112427
Malicious,Malicious,0.7931418418884277
Malicious,Malicious,0.8021737337112427
Malicious,Malicious,0.8021737337112427
Malicious,Malicious,0.8021737337112427
Malicious,Malicious,0.8021737337112427
Malicious,Malicious,0.8021737337112427
Malicious,Malicious,0.8021737337112427
Malicious,Malicious,0.8021737337112427
Malicious,Malicious,0.8021737337112427
Malicious,Malicious,0.8021737337112427
Malicious,Malicious,0.8002690076828003
Malicious,Malicious,0.8021737337112427
Malicious,Malicious,0.8021737337112427
Malicious,Malicious,0.8021737337112427
Malicious,Malicious,0.8021737337112427
Malicious,Malicious,0.8021737337112427
Malicious,Malicious,0.8021737337112427
Malicious,Malicious,0.8021737337112427
Malicious,Malicious,0.8021737337112427
Malicious,Malicious,0.8021737337112427
Malicious,Malicious,0.8021737337112427
Malicious,Malicious,0.8021737337112427
Malicious,Malicious,0.8021737337112427
Malicious,Malicious,0.8021737337112427
Malicious,Malicious,0.8021737337112427
Malicious,Malicious,0.8021737337112427
Malicious,Malicious,0.8021737337112427
Malicious,Malicious,0.8021737337112427
Malicious,Malicious,0.8021737337112427
Malicious,Malicious,0.8021737337112427
Malicious,Malicious,0.8021737337112427
Malicious,Malicious,0.8021737337112427
Malicious,Malicious,0.8021737337112427
Malicious,Malicious,0.8021737337112427
Malicious,Malicious,0.8021737337112427
Malicious,Malicious,0.8021737337112427
Malicious,Malicious,0.8021737337112427
Malicious,Malicious,0.8021737337112427
Malicious,Malicious,0.8021737337112427
Malicious,Malicious,0.8021737337112427
Malicious,Malicious,0.8021737337112427
Malicious,Malicious,0.8021737337112427
Malicious,Malicious,0.8021737337112427
Malicious,Benign,0.2578975558280945
Malicious,Malicious,0.8021737337112427
Malicious,Malicious,0.8021737337112427
Malicious,Malicious,0.8021737337112427
Malicious,Malicious,0.8021737337112427
Malicious,Malicious,0.8021737337112427
Malicious,Malicious,0.8021737337112427
Malicious,Malicious,0.8021737337112427
Malicious,Malicious,0.8021737337112427
Malicious,Malicious,0.8021737337112427
Malicious,Malicious,0.8021737337112427
Malicious,Malicious,0.8021737337112427
Malicious,Malicious,0.8021737337112427
Malicious,Malicious,0.8021737337112427
Malicious,Malicious,0.8021737337112427
Malicious,Malicious,0.8021737337112427
Malicious,Malicious,0.8021737337112427
Malicious,Malicious,0.8021737337112427
Malicious,Malicious,0.8021737337112427
Malicious,Malicious,0.8021737337112427
Malicious,Malicious,0.8021737337112427
Malicious,Malicious,0.8021737337112427
Malicious,Malicious,0.8021737337112427
Malicious,Malicious,0.8021737337112427
Malicious,Malicious,0.8021737337112427
Malicious,Malicious,0.8021737337112427
Malicious,Malicious,0.8021737337112427
Malicious,Malicious,0.8021737337112427
Malicious,Malicious,0.8021737337112427
Malicious,Malicious,0.8021737337112427
Malicious,Malicious,0.8021737337112427
Malicious,Malicious,0.8021737337112427
Malicious,Malicious,0.8021737337112427
Malicious,Malicious,0.8021737337112427
Malicious,Malicious,0.8021737337112427
Malicious,Malicious,0.8021737337112427
Malicious,Malicious,0.8021737337112427
Malicious,Malicious,0.8021737337112427
Malicious,Malicious,0.8021737337112427
Malicious,Malicious,0.8021737337112427
Malicious,Malicious,0.8021737337112427
Malicious,Malicious,0.8021737337112427
Malicious,Malicious,0.8021737337112427
Malicious,Malicious,0.8021737337112427
Malicious,Malicious,0.8021737337112427
Malicious,Malicious,0.8021737337112427
Malicious,Malicious,0.8021737337112427
Malicious,Malicious,0.8021737337112427
Malicious,Malicious,0.8021737337112427
Malicious,Malicious,0.8021737337112427
Malicious,Malicious,0.8021737337112427
Malicious,Malicious,0.8021737337112427
Malicious,Malicious,0.8021737337112427
Malicious,Malicious,0.8021737337112427
Malicious,Malicious,0.8021737337112427
Malicious,Malicious,0.8021737337112427
Malicious,Malicious,0.8021737337112427
Malicious,Malicious,0.8021737337112427
Malicious,Malicious,0.8021737337112427
Malicious,Malicious,0.8021737337112427
Malicious,Malicious,0.8021737337112427
Malicious,Malicious,0.8021737337112427
Malicious,Malicious,0.8021737337112427
Malicious,Malicious,0.8021737337112427
Malicious,Malicious,0.8021737337112427
Malicious,Malicious,0.8021737337112427
Malicious,Malicious,0.8021737337112427
Malicious,Malicious,0.8021737337112427
Malicious,Malicious,0.8021737337112427
Malicious,Malicious,0.8021737337112427
Malicious,Malicious,0.8021737337112427
Malicious,Malicious,0.8021737337112427
Malicious,Malicious,0.8021737337112427
Malicious,Malicious,0.8021737337112427
Malicious,Malicious,0.8021737337112427
Malicious,Malicious,0.8021737337112427
Malicious,Malicious,0.8021737337112427
Malicious,Malicious,0.8021737337112427
Malicious,Malicious,0.8021737337112427
Malicious,Malicious,0.8021737337112427
Malicious,Malicious,0.8021737337112427
Malicious,Malicious,0.8021737337112427
Malicious,Malicious,0.8021737337112427
Malicious,Malicious,0.7988404035568237
Malicious,Malicious,0.8021737337112427
Malicious,Malicious,0.8021737337112427
Malicious,Malicious,0.8021737337112427
Malicious,Malicious,0.8021737337112427
Malicious,Malicious,0.8021737337112427
Malicious,Malicious,0.8021737337112427
Malicious,Malicious,0.8021737337112427
Malicious,Malicious,0.8021737337112427
Malicious,Malicious,0.8021737337112427
Malicious,Malicious,0.8021737337112427
Malicious,Malicious,0.8021737337112427
Malicious,Malicious,0.8021737337112427
Malicious,Malicious,0.8021737337112427
Malicious,Malicious,0.8021737337112427
Malicious,Malicious,0.8021737337112427
Malicious,Malicious,0.8021737337112427
Malicious,Malicious,0.8021737337112427
Malicious,Malicious,0.8021737337112427
Malicious,Malicious,0.8021737337112427
Malicious,Malicious,0.8021737337112427
Malicious,Malicious,0.8021737337112427
Malicious,Malicious,0.8021737337112427
Malicious,Malicious,0.8021737337112427
Malicious,Malicious,0.8021737337112427
Malicious,Malicious,0.8021737337112427
Malicious,Malicious,0.8021737337112427
Malicious,Malicious,0.8021737337112427
Malicious,Malicious,0.8021737337112427
Malicious,Malicious,0.8021737337112427
Malicious,Malicious,0.8021737337112427
Malicious,Malicious,0.8021737337112427
Malicious,Malicious,0.8021737337112427
Malicious,Malicious,0.8021737337112427
Malicious,Malicious,0.8021737337112427
Malicious,Malicious,0.8021737337112427
Malicious,Malicious,0.8021737337112427
Malicious,Malicious,0.8021737337112427
Malicious,Malicious,0.8021737337112427
Malicious,Malicious,0.8021737337112427
Malicious,Malicious,0.8021737337112427
Malicious,Malicious,0.8021737337112427
Malicious,Malicious,0.8021737337112427
Malicious,Malicious,0.8021737337112427
Malicious,Malicious,0.8021737337112427
Malicious,Malicious,0.8021737337112427
Malicious,Malicious,0.8021737337112427
Malicious,Malicious,0.8021737337112427
Malicious,Malicious,0.8021737337112427
Malicious,Malicious,0.8021737337112427
Malicious,Malicious,0.8021737337112427
Malicious,Malicious,0.8021737337112427
Malicious,Malicious,0.8021737337112427
Malicious,Malicious,0.8021737337112427
Malicious,Malicious,0.8021737337112427
Malicious,Malicious,0.8021737337112427
Malicious,Malicious,0.8021737337112427
Malicious,Malicious,0.8021737337112427
Malicious,Benign,0.34771886467933655
Malicious,Malicious,0.8021737337112427
Malicious,Malicious,0.8021737337112427
Malicious,Malicious,0.8021737337112427
Malicious,Malicious,0.8021737337112427
Malicious,Malicious,0.8021737337112427
Malicious,Malicious,0.8021737337112427
Malicious,Malicious,0.8021737337112427
Malicious,Malicious,0.8021737337112427
Malicious,Malicious,0.8021737337112427
Malicious,Malicious,0.8021737337112427
Malicious,Malicious,0.8021737337112427
Malicious,Malicious,0.8021737337112427
Malicious,Malicious,0.8021737337112427
Malicious,Malicious,0.8021737337112427
Malicious,Malicious,0.8021737337112427
Malicious,Malicious,0.8021737337112427
Malicious,Malicious,0.8021737337112427
Malicious,Malicious,0.8021737337112427
Malicious,Malicious,0.8021737337112427
Malicious,Malicious,0.8021737337112427
Malicious,Malicious,0.8021737337112427
Malicious,Malicious,0.8021737337112427
Malicious,Malicious,0.8021737337112427
Malicious,Malicious,0.8021737337112427
Malicious,Malicious,0.8021737337112427
Malicious,Malicious,0.8021737337112427
Malicious,Malicious,0.8021737337112427
Malicious,Benign,0.3556572198867798
Malicious,Malicious,0.8021737337112427
Malicious,Malicious,0.8021737337112427
Malicious,Malicious,0.8021737337112427
Malicious,Malicious,0.8021737337112427
Malicious,Malicious,0.8021737337112427
Malicious,Malicious,0.8021737337112427
Malicious,Malicious,0.8021737337112427
Malicious,Malicious,0.8021737337112427
Malicious,Benign,0.20141878724098206
Malicious,Malicious,0.8021737337112427
Malicious,Malicious,0.8021737337112427
Malicious,Malicious,0.8021737337112427
Malicious,Malicious,0.8021737337112427
Malicious,Malicious,0.8021737337112427
Malicious,Malicious,0.8021737337112427
Malicious,Malicious,0.8021737337112427
Malicious,Malicious,0.8021737337112427
Malicious,Malicious,0.8021737337112427
Malicious,Malicious,0.8021737337112427
Malicious,Malicious,0.8021737337112427
Malicious,Benign,0.21374592185020447
Malicious,Malicious,0.8021737337112427
Malicious,Malicious,0.8016975522041321
Malicious,Malicious,0.8021737337112427
Malicious,Malicious,0.8021737337112427
Malicious,Malicious,0.8021737337112427
Malicious,Malicious,0.8021737337112427
Malicious,Malicious,0.8021737337112427
Malicious,Malicious,0.8021737337112427
Malicious,Malicious,0.8021737337112427
Malicious,Malicious,0.8021737337112427
Malicious,Malicious,0.8021737337112427
Malicious,Malicious,0.8021737337112427
Malicious,Malicious,0.8021737337112427
Malicious,Malicious,0.8021737337112427
Malicious,Malicious,0.8021737337112427
Malicious,Malicious,0.8021737337112427
Malicious,Malicious,0.8021737337112427
Malicious,Malicious,0.8021737337112427
Malicious,Malicious,0.8021737337112427
Malicious,Malicious,0.8021737337112427
Malicious,Malicious,0.8021737337112427
Malicious,Malicious,0.8021737337112427
Malicious,Malicious,0.8021737337112427
Malicious,Malicious,0.8021737337112427
Malicious,Malicious,0.8021737337112427
Malicious,Malicious,0.8021737337112427
Malicious,Malicious,0.8021737337112427
Malicious,Malicious,0.8021737337112427
Malicious,Malicious,0.8021737337112427
Malicious,Malicious,0.8021737337112427
Malicious,Malicious,0.8021737337112427
Malicious,Malicious,0.8021737337112427
Malicious,Malicious,0.8021737337112427
Malicious,Malicious,0.8021737337112427
Malicious,Malicious,0.8021737337112427
Malicious,Malicious,0.8021737337112427
Malicious,Malicious,0.8021737337112427
Malicious,Malicious,0.8021737337112427
Malicious,Malicious,0.8021737337112427
Malicious,Malicious,0.8021737337112427
Malicious,Malicious,0.8021737337112427
Malicious,Malicious,0.8021737337112427
Malicious,Malicious,0.8021737337112427
Malicious,Malicious,0.8021737337112427
Malicious,Malicious,0.8021737337112427
Malicious,Malicious,0.8021737337112427
Malicious,Malicious,0.8021737337112427
Malicious,Malicious,0.8021737337112427
Malicious,Malicious,0.8021737337112427
Malicious,Malicious,0.8021737337112427
Malicious,Malicious,0.8021737337112427
Malicious,Malicious,0.8021737337112427
Malicious,Malicious,0.8021737337112427
Malicious,Malicious,0.8021737337112427
Malicious,Malicious,0.8016975522041321
Malicious,Malicious,0.8021737337112427
Malicious,Malicious,0.8021737337112427
Malicious,Malicious,0.8021737337112427
Malicious,Benign,0.20916259288787842
Malicious,Malicious,0.8021737337112427
Malicious,Malicious,0.8021737337112427
Malicious,Malicious,0.8021737337112427
Malicious,Malicious,0.8021737337112427
Malicious,Malicious,0.8021737337112427
Malicious,Malicious,0.8021737337112427
Malicious,Malicious,0.8021737337112427
Malicious,Malicious,0.8021737337112427
Malicious,Malicious,0.8021737337112427
Malicious,Malicious,0.8021737337112427
Malicious,Malicious,0.8016975522041321
Malicious,Malicious,0.8021737337112427
Malicious,Malicious,0.8021737337112427
Malicious,Malicious,0.8021737337112427
Malicious,Malicious,0.8021737337112427
Malicious,Malicious,0.8021737337112427
Malicious,Malicious,0.8021737337112427
Malicious,Benign,0.20393288135528564
Malicious,Malicious,0.8021737337112427
Malicious,Malicious,0.8021737337112427
Malicious,Malicious,0.8021737337112427
Malicious,Malicious,0.8021737337112427
Malicious,Malicious,0.8021737337112427
Malicious,Malicious,0.8021737337112427
Malicious,Malicious,0.8021737337112427
Malicious,Malicious,0.8021737337112427
Malicious,Malicious,0.8021737337112427
Malicious,Malicious,0.8021737337112427
Malicious,Malicious,0.8021737337112427
Malicious,Malicious,0.8021737337112427
Malicious,Malicious,0.8021737337112427
Malicious,Malicious,0.8021737337112427
Malicious,Malicious,0.8021737337112427
Malicious,Malicious,0.8021737337112427
Malicious,Malicious,0.802078902721405
Malicious,Malicious,0.8021737337112427
Malicious,Malicious,0.8021737337112427
Malicious,Malicious,0.8021737337112427
Malicious,Malicious,0.8021737337112427
Malicious,Malicious,0.8021737337112427
Malicious,Malicious,0.8021737337112427
Malicious,Malicious,0.8021737337112427
Malicious,Malicious,0.8021737337112427
Malicious,Malicious,0.8021737337112427
Malicious,Malicious,0.8021737337112427
Malicious,Malicious,0.8021737337112427
Malicious,Malicious,0.8021737337112427
Malicious,Malicious,0.8021737337112427
Malicious,Malicious,0.8021737337112427
Malicious,Malicious,0.8021737337112427
Malicious,Malicious,0.8021737337112427
Malicious,Malicious,0.8021737337112427
Malicious,Malicious,0.8021737337112427
Malicious,Malicious,0.8021737337112427
Malicious,Malicious,0.8021737337112427
Malicious,Malicious,0.8021737337112427
Malicious,Malicious,0.8021737337112427
Malicious,Malicious,0.8021737337112427
Malicious,Malicious,0.8021737337112427
Malicious,Malicious,0.8021737337112427
Malicious,Malicious,0.8021737337112427
Malicious,Malicious,0.8021737337112427
Malicious,Malicious,0.8021737337112427
Malicious,Malicious,0.8021737337112427
Malicious,Malicious,0.8021737337112427
Malicious,Malicious,0.8021737337112427
Malicious,Malicious,0.8021737337112427
Malicious,Malicious,0.8021737337112427
Malicious,Malicious,0.8021737337112427
Malicious,Malicious,0.8021737337112427
Malicious,Malicious,0.8021737337112427
Malicious,Malicious,0.8021737337112427
Malicious,Malicious,0.8021737337112427
Malicious,Malicious,0.8021737337112427
Malicious,Malicious,0.8021737337112427
Malicious,Malicious,0.8021737337112427
Malicious,Malicious,0.8021737337112427
Malicious,Malicious,0.8021737337112427
Malicious,Malicious,0.8021737337112427
Malicious,Malicious,0.8021737337112427
Malicious,Malicious,0.8021737337112427
Malicious,Malicious,0.8021737337112427
Malicious,Benign,0.3073809742927551
Malicious,Malicious,0.8021737337112427
Malicious,Malicious,0.8021737337112427
Malicious,Malicious,0.8021737337112427
Malicious,Malicious,0.8021737337112427
Malicious,Malicious,0.8021737337112427
Malicious,Malicious,0.8021737337112427
Malicious,Malicious,0.8021737337112427
Malicious,Malicious,0.8021737337112427
Malicious,Malicious,0.8021737337112427
Malicious,Malicious,0.8021737337112427
Malicious,Malicious,0.8021737337112427
Malicious,Malicious,0.8021737337112427
Malicious,Malicious,0.8021737337112427
Malicious,Malicious,0.8021737337112427
Malicious,Malicious,0.8021737337112427
Malicious,Malicious,0.8021737337112427
Malicious,Malicious,0.8021737337112427
Malicious,Malicious,0.8021737337112427
Malicious,Malicious,0.8021737337112427
Malicious,Malicious,0.8021737337112427
Malicious,Malicious,0.8021737337112427
Malicious,Malicious,0.8021737337112427
Malicious,Malicious,0.8021737337112427
Malicious,Malicious,0.8021737337112427
Malicious,Malicious,0.8021737337112427
Malicious,Malicious,0.8021737337112427
Malicious,Malicious,0.8021737337112427
Malicious,Malicious,0.8021737337112427
Malicious,Malicious,0.8021737337112427
Malicious,Malicious,0.8021737337112427
Malicious,Malicious,0.8021737337112427
Malicious,Malicious,0.8021737337112427
Malicious,Malicious,0.8021737337112427
Malicious,Malicious,0.8021737337112427
Malicious,Malicious,0.8021737337112427
Malicious,Malicious,0.8021737337112427
Malicious,Malicious,0.8021737337112427
Malicious,Malicious,0.8021737337112427
Malicious,Malicious,0.8021737337112427
Malicious,Malicious,0.8021737337112427
Malicious,Malicious,0.8021737337112427
Malicious,Malicious,0.8021737337112427
Malicious,Malicious,0.8021737337112427
Malicious,Malicious,0.8021737337112427
Malicious,Malicious,0.8021737337112427
Malicious,Malicious,0.8021737337112427
Malicious,Malicious,0.8021737337112427
Malicious,Malicious,0.8021737337112427
Malicious,Malicious,0.8021737337112427
Malicious,Malicious,0.8021737337112427
Malicious,Malicious,0.8021737337112427
Malicious,Malicious,0.8021737337112427
Malicious,Malicious,0.8021737337112427
Malicious,Malicious,0.8021737337112427
Malicious,Malicious,0.8021737337112427
Malicious,Malicious,0.8021737337112427
Malicious,Malicious,0.8021737337112427
Malicious,Malicious,0.8021737337112427
Malicious,Malicious,0.8021737337112427
Malicious,Malicious,0.8021737337112427
Malicious,Malicious,0.8021737337112427
Malicious,Malicious,0.8021737337112427
Malicious,Malicious,0.8021737337112427
Malicious,Malicious,0.8021737337112427
Malicious,Malicious,0.8021737337112427
Malicious,Malicious,0.8021737337112427
Malicious,Malicious,0.8021737337112427
Malicious,Malicious,0.8021737337112427
Malicious,Malicious,0.8021737337112427
Malicious,Malicious,0.8021737337112427
Malicious,Malicious,0.8021737337112427
Malicious,Malicious,0.8021737337112427
Malicious,Malicious,0.8021737337112427
Malicious,Malicious,0.8021737337112427
Malicious,Malicious,0.8021737337112427
Malicious,Malicious,0.8021737337112427
Malicious,Malicious,0.8021737337112427
Malicious,Malicious,0.8021737337112427
Malicious,Malicious,0.8021737337112427
Malicious,Malicious,0.8021737337112427
Malicious,Malicious,0.8021737337112427
Malicious,Malicious,0.8021737337112427
Malicious,Malicious,0.8021737337112427
Malicious,Malicious,0.8021737337112427
Malicious,Malicious,0.8021737337112427
Malicious,Malicious,0.8021737337112427
Malicious,Malicious,0.8021737337112427
Malicious,Malicious,0.8021737337112427
Malicious,Malicious,0.8021737337112427
Malicious,Malicious,0.8021737337112427
Malicious,Malicious,0.8021737337112427
Malicious,Malicious,0.8021737337112427
Malicious,Malicious,0.8021737337112427
Malicious,Malicious,0.8021737337112427
Malicious,Malicious,0.8021737337112427
Malicious,Malicious,0.8021737337112427
Malicious,Malicious,0.8021737337112427
Malicious,Malicious,0.8021737337112427
Malicious,Malicious,0.8021737337112427
Malicious,Malicious,0.8021737337112427
Malicious,Malicious,0.8021737337112427
Malicious,Malicious,0.8021737337112427
Malicious,Malicious,0.8021737337112427
Malicious,Malicious,0.8021737337112427
Malicious,Malicious,0.8021737337112427
Malicious,Malicious,0.8021737337112427
Malicious,Malicious,0.8021737337112427
Malicious,Malicious,0.8021737337112427
Malicious,Malicious,0.8021737337112427
Malicious,Malicious,0.8021737337112427
Malicious,Malicious,0.8021737337112427
Malicious,Malicious,0.8021737337112427
Malicious,Malicious,0.8021737337112427
Malicious,Benign,0.2084193229675293
Malicious,Malicious,0.8021737337112427
Malicious,Malicious,0.8021737337112427
Malicious,Malicious,0.8021737337112427
Malicious,Malicious,0.8021737337112427
Malicious,Malicious,0.8021737337112427
Malicious,Malicious,0.8021737337112427
Malicious,Malicious,0.8021737337112427
Malicious,Malicious,0.8021737337112427
Malicious,Malicious,0.8021737337112427
Malicious,Malicious,0.8021737337112427
Malicious,Malicious,0.8021737337112427
Malicious,Malicious,0.8021737337112427
Malicious,Malicious,0.8021737337112427
Malicious,Malicious,0.8021737337112427
Malicious,Malicious,0.8021737337112427
Malicious,Malicious,0.8021737337112427
Malicious,Malicious,0.8021737337112427
Malicious,Malicious,0.8021737337112427
Malicious,Malicious,0.8021737337112427
Malicious,Malicious,0.8021737337112427
Malicious,Malicious,0.8021737337112427
Malicious,Malicious,0.8021737337112427
Malicious,Malicious,0.8021737337112427
Malicious,Malicious,0.8021737337112427
Malicious,Malicious,0.8021737337112427
Malicious,Malicious,0.8021737337112427
Malicious,Malicious,0.8021737337112427
Malicious,Malicious,0.8021737337112427
Malicious,Malicious,0.8021737337112427
Malicious,Malicious,0.8021737337112427
Malicious,Malicious,0.8021737337112427
Malicious,Malicious,0.8021737337112427
Malicious,Malicious,0.8021737337112427
Malicious,Malicious,0.8021737337112427
Malicious,Benign,0.2492365539073944
Malicious,Malicious,0.8021737337112427
Malicious,Malicious,0.8021737337112427
Malicious,Malicious,0.8021737337112427
Malicious,Malicious,0.8021737337112427
Malicious,Malicious,0.8021737337112427
Malicious,Benign,0.23373056948184967
Malicious,Malicious,0.8021737337112427
Malicious,Malicious,0.8021737337112427
Malicious,Malicious,0.8021737337112427
Malicious,Malicious,0.8021737337112427
Malicious,Malicious,0.8021737337112427
Malicious,Malicious,0.8021737337112427
Malicious,Malicious,0.8021737337112427
Malicious,Malicious,0.8021737337112427
Malicious,Malicious,0.8021737337112427
Malicious,Malicious,0.8021737337112427
Malicious,Malicious,0.8021737337112427
Malicious,Malicious,0.8021737337112427
Malicious,Malicious,0.8021737337112427
Malicious,Malicious,0.8021737337112427
Malicious,Malicious,0.8021737337112427
Malicious,Malicious,0.8021737337112427
Malicious,Malicious,0.8021737337112427
Malicious,Malicious,0.8021737337112427
Malicious,Malicious,0.8021737337112427
Malicious,Malicious,0.8021737337112427
Malicious,Malicious,0.8021737337112427
Malicious,Malicious,0.8016975522041321
Malicious,Malicious,0.8021737337112427
Malicious,Malicious,0.8021737337112427
Malicious,Malicious,0.8021737337112427
Malicious,Malicious,0.8021737337112427
Malicious,Malicious,0.8021737337112427
Malicious,Malicious,0.8021737337112427
Malicious,Malicious,0.8021737337112427
Malicious,Malicious,0.8021737337112427
Malicious,Malicious,0.8021737337112427
Malicious,Malicious,0.8021737337112427
Malicious,Malicious,0.8021737337112427
Malicious,Malicious,0.8021737337112427
Malicious,Malicious,0.8021737337112427
Malicious,Malicious,0.8021737337112427
Malicious,Malicious,0.8021737337112427
Malicious,Malicious,0.8021737337112427
Malicious,Malicious,0.8021737337112427
Malicious,Malicious,0.8021737337112427
Malicious,Malicious,0.8021737337112427
Malicious,Malicious,0.8021737337112427
Malicious,Malicious,0.8021737337112427
Malicious,Benign,0.2182117998600006
Malicious,Malicious,0.8021737337112427
Malicious,Malicious,0.8021737337112427
Malicious,Malicious,0.8021737337112427
Malicious,Malicious,0.8021737337112427
Malicious,Malicious,0.8021737337112427
Malicious,Malicious,0.8021737337112427
Malicious,Malicious,0.8021737337112427
Malicious,Malicious,0.8021737337112427
Malicious,Malicious,0.8021737337112427
Malicious,Malicious,0.8021737337112427
Malicious,Malicious,0.8021737337112427
Malicious,Malicious,0.8021737337112427
Malicious,Malicious,0.8021737337112427
Malicious,Malicious,0.8021737337112427
Malicious,Malicious,0.8021737337112427
Malicious,Malicious,0.8021737337112427
Malicious,Malicious,0.8021737337112427
Malicious,Malicious,0.8021737337112427
Malicious,Malicious,0.8021737337112427
Malicious,Malicious,0.8021737337112427
Malicious,Malicious,0.8021737337112427
Malicious,Malicious,0.7972226142883301
Malicious,Malicious,0.8021737337112427
Malicious,Malicious,0.8021737337112427
Malicious,Malicious,0.8021737337112427
Malicious,Malicious,0.8021737337112427
Malicious,Malicious,0.8021737337112427
Malicious,Malicious,0.8021737337112427
Malicious,Malicious,0.8021737337112427
Malicious,Malicious,0.8021737337112427
Malicious,Malicious,0.8021737337112427
Malicious,Malicious,0.8021737337112427
Malicious,Malicious,0.8021737337112427
Malicious,Malicious,0.8021737337112427
Malicious,Malicious,0.8021737337112427
Malicious,Malicious,0.8021737337112427
Malicious,Malicious,0.8021737337112427
Malicious,Malicious,0.8021737337112427
Malicious,Malicious,0.8021737337112427
Malicious,Malicious,0.8021737337112427
Malicious,Malicious,0.8021737337112427
Malicious,Malicious,0.8021737337112427
Malicious,Malicious,0.8021737337112427
Malicious,Malicious,0.8021737337112427
Malicious,Malicious,0.8021737337112427
Malicious,Malicious,0.8021737337112427
Malicious,Malicious,0.8021737337112427
Malicious,Malicious,0.8021737337112427
Malicious,Malicious,0.8021737337112427
Malicious,Malicious,0.8021737337112427
Malicious,Malicious,0.8021737337112427
Malicious,Malicious,0.8021737337112427
Malicious,Malicious,0.8021737337112427
Malicious,Malicious,0.8021737337112427
Malicious,Malicious,0.8021737337112427
Malicious,Malicious,0.8021737337112427
Malicious,Malicious,0.8021737337112427
Malicious,Malicious,0.8021737337112427
Malicious,Malicious,0.8021737337112427
Malicious,Malicious,0.8021737337112427
Malicious,Malicious,0.8021737337112427
Malicious,Malicious,0.8021737337112427
Malicious,Malicious,0.8021737337112427
Malicious,Malicious,0.8021737337112427
Malicious,Malicious,0.8021737337112427
Malicious,Malicious,0.8021737337112427
Malicious,Malicious,0.8021737337112427
Malicious,Malicious,0.8021737337112427
Malicious,Malicious,0.8021737337112427
Malicious,Malicious,0.8021737337112427
Malicious,Malicious,0.8021737337112427
Malicious,Malicious,0.8021737337112427
Malicious,Malicious,0.8021737337112427
Malicious,Malicious,0.8021737337112427
Malicious,Malicious,0.8021737337112427
Malicious,Malicious,0.8021737337112427
Malicious,Malicious,0.8006503582000732
Malicious,Malicious,0.8021737337112427
Malicious,Malicious,0.8021737337112427
Malicious,Malicious,0.8021737337112427
Malicious,Malicious,0.8021737337112427
Malicious,Malicious,0.8021737337112427
Malicious,Malicious,0.8021737337112427
Malicious,Malicious,0.8021737337112427
Malicious,Malicious,0.8021737337112427
Malicious,Malicious,0.8021737337112427
Malicious,Malicious,0.8021737337112427
Malicious,Malicious,0.8021737337112427
Malicious,Malicious,0.8021737337112427
Malicious,Malicious,0.8021737337112427
Malicious,Malicious,0.8021737337112427
Malicious,Malicious,0.8021737337112427
Malicious,Malicious,0.8021737337112427
Malicious,Malicious,0.8021737337112427
Malicious,Malicious,0.8021737337112427
Malicious,Malicious,0.8021737337112427
Malicious,Malicious,0.8021737337112427
Malicious,Malicious,0.8021737337112427
Malicious,Malicious,0.8021737337112427
Malicious,Malicious,0.8021737337112427
Malicious,Malicious,0.8021737337112427
Malicious,Malicious,0.8021737337112427
Malicious,Malicious,0.8021737337112427
Malicious,Malicious,0.8021737337112427
Malicious,Malicious,0.8021737337112427
Malicious,Malicious,0.8021737337112427
Malicious,Malicious,0.8021737337112427
Malicious,Malicious,0.8021737337112427
Malicious,Malicious,0.8021737337112427
Malicious,Malicious,0.8021737337112427
Malicious,Malicious,0.8021737337112427
Malicious,Malicious,0.8021737337112427
Malicious,Malicious,0.8021737337112427
Malicious,Malicious,0.8021737337112427
Malicious,Malicious,0.8021737337112427
Malicious,Malicious,0.8021737337112427
Malicious,Malicious,0.8021737337112427
Malicious,Malicious,0.8021737337112427
Malicious,Malicious,0.8021737337112427
Malicious,Malicious,0.8021737337112427
Malicious,Malicious,0.8021737337112427
Malicious,Malicious,0.8021737337112427
Malicious,Malicious,0.8021737337112427
Malicious,Malicious,0.8021737337112427
Malicious,Malicious,0.8021737337112427
Malicious,Malicious,0.8021737337112427
Malicious,Malicious,0.8021737337112427
Malicious,Malicious,0.8021737337112427
Malicious,Malicious,0.8021737337112427
Malicious,Malicious,0.8021737337112427
Malicious,Malicious,0.8021737337112427
Malicious,Malicious,0.8021737337112427
Malicious,Malicious,0.8021737337112427
Malicious,Malicious,0.8021737337112427
Malicious,Malicious,0.8021737337112427
Malicious,Malicious,0.8021737337112427
Malicious,Malicious,0.8021737337112427
Malicious,Malicious,0.8021737337112427
Malicious,Malicious,0.8021737337112427
Malicious,Malicious,0.8021737337112427
Malicious,Malicious,0.8021737337112427
Malicious,Malicious,0.8021737337112427
Malicious,Malicious,0.8021737337112427
Malicious,Malicious,0.8021737337112427
Malicious,Malicious,0.8021737337112427
Malicious,Malicious,0.8021737337112427
Malicious,Malicious,0.8021737337112427
Malicious,Malicious,0.8021737337112427
Malicious,Malicious,0.8021737337112427
Malicious,Malicious,0.8021737337112427
Malicious,Malicious,0.8021737337112427
Malicious,Malicious,0.8021737337112427
Malicious,Malicious,0.8021737337112427
Malicious,Malicious,0.8021737337112427
Malicious,Malicious,0.8021737337112427
Malicious,Malicious,0.8021737337112427
Malicious,Malicious,0.8021737337112427
Malicious,Malicious,0.8021737337112427
Malicious,Malicious,0.8021737337112427
Malicious,Malicious,0.8021737337112427
Malicious,Malicious,0.8021737337112427
Malicious,Malicious,0.8021737337112427
Malicious,Malicious,0.8021737337112427
Malicious,Malicious,0.8021737337112427
Malicious,Malicious,0.8021737337112427
Malicious,Malicious,0.8021737337112427
Malicious,Malicious,0.8021737337112427
Malicious,Malicious,0.8021737337112427
Malicious,Malicious,0.8021737337112427
Malicious,Malicious,0.8021737337112427
Malicious,Malicious,0.8021737337112427
Malicious,Malicious,0.8021737337112427
Malicious,Malicious,0.8021737337112427
Malicious,Malicious,0.8021737337112427
Malicious,Malicious,0.8021737337112427
Malicious,Malicious,0.8021737337112427
Malicious,Malicious,0.8021737337112427
Malicious,Malicious,0.8021737337112427
Malicious,Malicious,0.8021737337112427
Malicious,Malicious,0.8021737337112427
Malicious,Malicious,0.8021737337112427
Malicious,Malicious,0.8021737337112427
Malicious,Malicious,0.8021737337112427
Malicious,Malicious,0.8021737337112427
Malicious,Malicious,0.8021737337112427
Malicious,Malicious,0.8021737337112427
Malicious,Malicious,0.8021737337112427
Malicious,Malicious,0.8021737337112427
Malicious,Malicious,0.8021737337112427
Malicious,Malicious,0.8021737337112427
Malicious,Malicious,0.8021737337112427
Malicious,Malicious,0.8021737337112427
Malicious,Malicious,0.8021737337112427
Malicious,Malicious,0.8021737337112427
Malicious,Malicious,0.8021737337112427
Malicious,Malicious,0.8021737337112427
Malicious,Malicious,0.8021737337112427
Malicious,Malicious,0.8021737337112427
Malicious,Malicious,0.8021737337112427
Malicious,Malicious,0.8021737337112427
Malicious,Malicious,0.8021737337112427
Malicious,Malicious,0.8021737337112427
Malicious,Malicious,0.8021737337112427
Malicious,Malicious,0.8021737337112427
Malicious,Malicious,0.8021737337112427
Malicious,Malicious,0.8021737337112427
Malicious,Malicious,0.8021737337112427
Malicious,Malicious,0.8021737337112427
Malicious,Benign,0.19951403141021729
Malicious,Malicious,0.8021737337112427
Malicious,Malicious,0.8021737337112427
Malicious,Malicious,0.8021737337112427
Malicious,Malicious,0.8021737337112427
Malicious,Malicious,0.8021737337112427
Malicious,Malicious,0.8021737337112427
Malicious,Malicious,0.8021737337112427
Malicious,Malicious,0.8021737337112427
Malicious,Malicious,0.8021737337112427
Malicious,Malicious,0.8021737337112427
Malicious,Malicious,0.8021737337112427
Malicious,Malicious,0.8021737337112427
Malicious,Malicious,0.8021737337112427
Malicious,Malicious,0.8021737337112427
Malicious,Malicious,0.8021737337112427
Malicious,Malicious,0.8021737337112427
Malicious,Malicious,0.8016975522041321
Malicious,Malicious,0.8021737337112427
Malicious,Malicious,0.8021737337112427
Malicious,Malicious,0.8021737337112427
Malicious,Malicious,0.8021737337112427
Malicious,Malicious,0.8021737337112427
Malicious,Malicious,0.8021737337112427
Malicious,Malicious,0.8021737337112427
Malicious,Malicious,0.8021737337112427
Malicious,Malicious,0.8021737337112427
Malicious,Malicious,0.8021737337112427
Malicious,Malicious,0.8021737337112427
Malicious,Malicious,0.8021737337112427
Malicious,Malicious,0.8021737337112427
Malicious,Malicious,0.8021737337112427
Malicious,Malicious,0.8021737337112427
Malicious,Malicious,0.8021737337112427
Malicious,Malicious,0.8021737337112427
Malicious,Malicious,0.8021737337112427
Malicious,Malicious,0.8021737337112427
Malicious,Malicious,0.8021737337112427
Malicious,Malicious,0.8021737337112427
Malicious,Malicious,0.8021737337112427
Malicious,Malicious,0.8021737337112427
Malicious,Malicious,0.8021737337112427
Malicious,Malicious,0.8021737337112427
Malicious,Malicious,0.8021737337112427
Malicious,Malicious,0.8021737337112427
Malicious,Malicious,0.8021737337112427
Malicious,Malicious,0.8021737337112427
Malicious,Malicious,0.8021737337112427
Malicious,Malicious,0.8021737337112427
Malicious,Malicious,0.802078902721405
Malicious,Malicious,0.8021737337112427
Malicious,Malicious,0.8021737337112427
Malicious,Malicious,0.8021737337112427
Malicious,Malicious,0.8021737337112427
Malicious,Malicious,0.8021737337112427
Malicious,Malicious,0.8021737337112427
Malicious,Malicious,0.8021737337112427
Malicious,Malicious,0.8021737337112427
Malicious,Malicious,0.8021737337112427
Malicious,Malicious,0.8021737337112427
Malicious,Malicious,0.8021737337112427
Malicious,Malicious,0.8021737337112427
Malicious,Malicious,0.8021737337112427
Malicious,Malicious,0.8021737337112427
Malicious,Malicious,0.8021737337112427
Malicious,Malicious,0.8021737337112427
Malicious,Malicious,0.8021737337112427
Malicious,Malicious,0.8021737337112427
Malicious,Malicious,0.8021737337112427
Malicious,Malicious,0.8021737337112427
Malicious,Malicious,0.8021737337112427
Malicious,Malicious,0.8021737337112427
Malicious,Malicious,0.8021737337112427
Malicious,Malicious,0.8021737337112427
Malicious,Malicious,0.8021737337112427
Malicious,Malicious,0.8021737337112427
Malicious,Malicious,0.8021737337112427
Malicious,Malicious,0.8021737337112427
Malicious,Malicious,0.8021737337112427
Malicious,Malicious,0.8021737337112427
Malicious,Benign,0.23080122470855713
Malicious,Malicious,0.8021737337112427
Malicious,Malicious,0.8021737337112427
Malicious,Malicious,0.8021737337112427
Malicious,Malicious,0.8021737337112427
Malicious,Malicious,0.8021737337112427
Malicious,Malicious,0.8021737337112427
Malicious,Malicious,0.8021737337112427
Malicious,Malicious,0.8021737337112427
Malicious,Malicious,0.8021737337112427
Malicious,Malicious,0.8021737337112427
Malicious,Malicious,0.8021737337112427
Malicious,Malicious,0.8016975522041321
Malicious,Malicious,0.8021737337112427
Malicious,Malicious,0.8021737337112427
Malicious,Malicious,0.8021737337112427
Malicious,Malicious,0.8021737337112427
Malicious,Malicious,0.8021737337112427
Malicious,Malicious,0.8021737337112427
Malicious,Malicious,0.8021737337112427
Malicious,Malicious,0.8021737337112427
Malicious,Malicious,0.8021737337112427
Malicious,Malicious,0.8021737337112427
Malicious,Malicious,0.8021737337112427
Malicious,Malicious,0.8021737337112427
Malicious,Malicious,0.8021737337112427
Malicious,Malicious,0.8021737337112427
Malicious,Malicious,0.8021737337112427
Malicious,Malicious,0.8021737337112427
Malicious,Malicious,0.8021737337112427
Malicious,Malicious,0.8021737337112427
Malicious,Malicious,0.8021737337112427
Malicious,Malicious,0.8021737337112427
Malicious,Malicious,0.8021737337112427
Malicious,Malicious,0.8021737337112427
Malicious,Malicious,0.8021737337112427
Malicious,Malicious,0.8021737337112427
Malicious,Malicious,0.8021737337112427
Malicious,Malicious,0.8021737337112427
Malicious,Malicious,0.8021737337112427
Malicious,Malicious,0.8021737337112427
Malicious,Malicious,0.8021737337112427
Malicious,Malicious,0.8021737337112427
Malicious,Malicious,0.8021737337112427
Malicious,Malicious,0.8021737337112427
Malicious,Malicious,0.8021737337112427
Malicious,Malicious,0.8021737337112427
Malicious,Malicious,0.8021737337112427
Malicious,Malicious,0.8021737337112427
Malicious,Malicious,0.8021737337112427
Malicious,Malicious,0.8021737337112427
Malicious,Malicious,0.8021737337112427
Malicious,Malicious,0.8021737337112427
Malicious,Malicious,0.8021737337112427
Malicious,Malicious,0.8021737337112427
Malicious,Malicious,0.8021737337112427
Malicious,Malicious,0.8021737337112427
Malicious,Malicious,0.8021737337112427
Malicious,Malicious,0.8021737337112427
Malicious,Malicious,0.8021737337112427
Malicious,Malicious,0.8021737337112427
Malicious,Malicious,0.8021737337112427
Malicious,Malicious,0.8021737337112427
Malicious,Malicious,0.8021737337112427
Malicious,Malicious,0.8021737337112427
Malicious,Malicious,0.8021737337112427
Malicious,Malicious,0.8021737337112427
Malicious,Malicious,0.8021737337112427
Malicious,Malicious,0.8021737337112427
Malicious,Malicious,0.8021737337112427
Malicious,Malicious,0.8021737337112427
Malicious,Malicious,0.8021737337112427
Malicious,Malicious,0.8021737337112427
Malicious,Malicious,0.8021737337112427
Malicious,Malicious,0.8021737337112427
Malicious,Malicious,0.8021737337112427
Malicious,Malicious,0.8021737337112427
Malicious,Malicious,0.8021737337112427
Malicious,Malicious,0.8021737337112427
Malicious,Malicious,0.8021737337112427
Malicious,Malicious,0.8021737337112427
Malicious,Malicious,0.8021737337112427
Malicious,Malicious,0.8021737337112427
Malicious,Malicious,0.8021737337112427
Malicious,Malicious,0.8021737337112427
Malicious,Malicious,0.8021737337112427
Malicious,Malicious,0.8021737337112427
Malicious,Malicious,0.8021737337112427
Malicious,Malicious,0.8021737337112427
Malicious,Malicious,0.8021737337112427
Malicious,Malicious,0.8021737337112427
Malicious,Malicious,0.8021737337112427
Malicious,Malicious,0.8021737337112427
Malicious,Malicious,0.8021737337112427
Malicious,Malicious,0.8021737337112427
Malicious,Malicious,0.8021737337112427
Malicious,Malicious,0.8021737337112427
Malicious,Malicious,0.8021737337112427
Malicious,Malicious,0.8021737337112427
Malicious,Malicious,0.8021737337112427
Malicious,Malicious,0.8021737337112427
Malicious,Malicious,0.8021737337112427
Malicious,Malicious,0.8021737337112427
Malicious,Malicious,0.8021737337112427
Malicious,Malicious,0.8021737337112427
Malicious,Malicious,0.8021737337112427
Malicious,Malicious,0.8021737337112427
Malicious,Malicious,0.8021737337112427
Malicious,Malicious,0.8021737337112427
Malicious,Malicious,0.8021737337112427
Malicious,Malicious,0.8021737337112427
Malicious,Malicious,0.8021737337112427
Malicious,Malicious,0.8021737337112427
Malicious,Malicious,0.8021737337112427
Malicious,Malicious,0.802078902721405
Malicious,Malicious,0.8021737337112427
Malicious,Malicious,0.8021737337112427
Malicious,Malicious,0.8021737337112427
Malicious,Malicious,0.8021737337112427
Malicious,Malicious,0.8021737337112427
Malicious,Malicious,0.8021737337112427
Malicious,Malicious,0.8021737337112427
Malicious,Malicious,0.8021737337112427
Malicious,Malicious,0.8012213706970215
Malicious,Malicious,0.8021737337112427
Malicious,Malicious,0.8021737337112427
Malicious,Malicious,0.8021737337112427
Malicious,Malicious,0.8021737337112427
Malicious,Benign,0.19951403141021729
Malicious,Malicious,0.8021737337112427
Malicious,Malicious,0.8021737337112427
Malicious,Malicious,0.8021737337112427
Malicious,Malicious,0.8021737337112427
Malicious,Malicious,0.8021737337112427
Malicious,Malicious,0.8021737337112427
Malicious,Malicious,0.8021737337112427
Malicious,Malicious,0.8021737337112427
Malicious,Malicious,0.8021737337112427
Malicious,Malicious,0.8021737337112427
Malicious,Malicious,0.8021737337112427
Malicious,Malicious,0.8021737337112427
Malicious,Malicious,0.8021737337112427
Malicious,Malicious,0.8021737337112427
Malicious,Malicious,0.8021737337112427
Malicious,Malicious,0.8021737337112427
Malicious,Malicious,0.8021737337112427
Malicious,Malicious,0.8021737337112427
Malicious,Malicious,0.8021737337112427
Malicious,Malicious,0.8021737337112427
Malicious,Malicious,0.8021737337112427
Malicious,Malicious,0.8021737337112427
Malicious,Malicious,0.8021737337112427
Malicious,Malicious,0.8021737337112427
Malicious,Malicious,0.8021737337112427
Malicious,Benign,0.19951403141021729
Malicious,Malicious,0.8021737337112427
Malicious,Malicious,0.8021737337112427
Malicious,Malicious,0.8021737337112427
Malicious,Malicious,0.8021737337112427
Malicious,Malicious,0.8021737337112427
Malicious,Malicious,0.8021737337112427
Malicious,Malicious,0.8021737337112427
Malicious,Malicious,0.8021737337112427
Malicious,Malicious,0.8021737337112427
Malicious,Malicious,0.8021737337112427
Malicious,Malicious,0.8021737337112427
Malicious,Malicious,0.8021737337112427
Malicious,Malicious,0.8021737337112427
Malicious,Malicious,0.8021737337112427
Malicious,Malicious,0.8021737337112427
Malicious,Malicious,0.8021737337112427
Malicious,Malicious,0.8021737337112427
Malicious,Malicious,0.8021737337112427
Malicious,Malicious,0.8021737337112427
Malicious,Malicious,0.8021737337112427
Malicious,Malicious,0.8021737337112427
Malicious,Malicious,0.8021737337112427
Malicious,Malicious,0.8021737337112427
Malicious,Malicious,0.8021737337112427
Malicious,Malicious,0.8021737337112427
Malicious,Malicious,0.8021737337112427
Malicious,Malicious,0.8021737337112427
Malicious,Malicious,0.8021737337112427
Malicious,Malicious,0.8021737337112427
Malicious,Malicious,0.8021737337112427
Malicious,Malicious,0.8021737337112427
Malicious,Malicious,0.8021737337112427
Malicious,Malicious,0.8021737337112427
Malicious,Malicious,0.8021737337112427
Malicious,Malicious,0.8021737337112427
Malicious,Malicious,0.8021737337112427
Malicious,Malicious,0.8021737337112427
Malicious,Malicious,0.8021737337112427
Malicious,Malicious,0.8021737337112427
Malicious,Malicious,0.8021737337112427
Malicious,Malicious,0.8021737337112427
Malicious,Malicious,0.8021737337112427
Malicious,Malicious,0.8021737337112427
Malicious,Malicious,0.8021737337112427
Malicious,Malicious,0.8021737337112427
Malicious,Malicious,0.8021737337112427
Malicious,Malicious,0.8021737337112427
Malicious,Malicious,0.8021737337112427
Malicious,Benign,0.30015045404434204
Malicious,Malicious,0.8021737337112427
Malicious,Malicious,0.8021737337112427
Malicious,Malicious,0.8021737337112427
Malicious,Malicious,0.8021737337112427
Malicious,Malicious,0.8021737337112427
Malicious,Malicious,0.8021737337112427
Malicious,Malicious,0.8021737337112427
Malicious,Malicious,0.8021737337112427
Malicious,Malicious,0.8021737337112427
Malicious,Malicious,0.8021737337112427
Malicious,Malicious,0.8021737337112427
Malicious,Malicious,0.8021737337112427
Malicious,Malicious,0.8021737337112427
Malicious,Malicious,0.8021737337112427
Malicious,Malicious,0.8021737337112427
Malicious,Malicious,0.8021737337112427
Malicious,Malicious,0.8021737337112427
Malicious,Malicious,0.8021737337112427
Malicious,Malicious,0.8021737337112427
Malicious,Malicious,0.8021737337112427
Malicious,Malicious,0.8021737337112427
Malicious,Malicious,0.8021737337112427
Malicious,Malicious,0.8021737337112427
Malicious,Malicious,0.8021737337112427
Malicious,Malicious,0.8021737337112427
Malicious,Malicious,0.8021737337112427
Malicious,Malicious,0.8021737337112427
Malicious,Malicious,0.8021737337112427
Malicious,Malicious,0.8021737337112427
Malicious,Malicious,0.8021737337112427
Malicious,Malicious,0.8021737337112427
Malicious,Malicious,0.8021737337112427
Malicious,Malicious,0.8021737337112427
Malicious,Malicious,0.8021737337112427
Malicious,Malicious,0.8021737337112427
Malicious,Malicious,0.8021737337112427
Malicious,Malicious,0.8021737337112427
Malicious,Malicious,0.8021737337112427
Malicious,Malicious,0.8021737337112427
Malicious,Malicious,0.8021737337112427
Malicious,Malicious,0.8021737337112427
Malicious,Malicious,0.8021737337112427
Malicious,Malicious,0.8021737337112427
Malicious,Malicious,0.8021737337112427
Malicious,Malicious,0.8021737337112427
Malicious,Malicious,0.8021737337112427
Malicious,Malicious,0.8021737337112427
Malicious,Malicious,0.8021737337112427
Malicious,Malicious,0.8021737337112427
Malicious,Malicious,0.8021737337112427
Malicious,Malicious,0.8021737337112427
Malicious,Malicious,0.8021737337112427
Malicious,Malicious,0.8021737337112427
Malicious,Malicious,0.8021737337112427
Malicious,Malicious,0.8021737337112427
Malicious,Malicious,0.8021737337112427
Malicious,Malicious,0.8021737337112427
Malicious,Malicious,0.8021737337112427
Malicious,Malicious,0.8021737337112427
Malicious,Malicious,0.8021737337112427
Malicious,Malicious,0.8021737337112427
Malicious,Malicious,0.8021737337112427
Malicious,Malicious,0.8021737337112427
Malicious,Malicious,0.8021737337112427
Malicious,Malicious,0.8021737337112427
Malicious,Malicious,0.8021737337112427
Malicious,Malicious,0.8021737337112427
Malicious,Malicious,0.8021737337112427
Malicious,Malicious,0.8021737337112427
Malicious,Malicious,0.8021737337112427
Malicious,Malicious,0.8021737337112427
Malicious,Malicious,0.8021737337112427
Malicious,Malicious,0.8021737337112427
Malicious,Malicious,0.8021737337112427
Malicious,Malicious,0.8021737337112427
Malicious,Malicious,0.8021737337112427
Malicious,Malicious,0.8021737337112427
Malicious,Malicious,0.8021737337112427
Malicious,Malicious,0.8021737337112427
Malicious,Malicious,0.8021737337112427
Malicious,Malicious,0.8021737337112427
Malicious,Malicious,0.8021737337112427
Malicious,Malicious,0.8021737337112427
Malicious,Malicious,0.8021737337112427
Malicious,Malicious,0.8021737337112427
Malicious,Malicious,0.8021737337112427
Malicious,Malicious,0.8021737337112427
Malicious,Malicious,0.8021737337112427
Malicious,Malicious,0.8021737337112427
Malicious,Malicious,0.8021737337112427
Malicious,Malicious,0.8021737337112427
Malicious,Malicious,0.8021737337112427
Malicious,Malicious,0.8021737337112427
Malicious,Malicious,0.8021737337112427
Malicious,Malicious,0.8021737337112427
Malicious,Malicious,0.8021737337112427
Malicious,Malicious,0.8021737337112427
Malicious,Malicious,0.8021737337112427
Malicious,Malicious,0.8021737337112427
Malicious,Malicious,0.8021737337112427
Malicious,Malicious,0.8021737337112427
Malicious,Malicious,0.8021737337112427
Malicious,Malicious,0.8021737337112427
Malicious,Malicious,0.8021737337112427
Malicious,Malicious,0.8021737337112427
Malicious,Malicious,0.8021737337112427
Malicious,Malicious,0.8021737337112427
Malicious,Malicious,0.8021737337112427
Malicious,Malicious,0.8021737337112427
Malicious,Malicious,0.8021737337112427
Malicious,Malicious,0.8021737337112427
Malicious,Malicious,0.8021737337112427
Malicious,Malicious,0.8021737337112427
Malicious,Malicious,0.8021737337112427
Malicious,Malicious,0.8021737337112427
Malicious,Malicious,0.8021737337112427
Malicious,Malicious,0.8021737337112427
Malicious,Malicious,0.8021737337112427
Malicious,Malicious,0.8021737337112427
Malicious,Malicious,0.8021737337112427
Malicious,Malicious,0.8021737337112427
Malicious,Malicious,0.8021737337112427
Malicious,Malicious,0.8021737337112427
Malicious,Malicious,0.8021737337112427
Malicious,Malicious,0.8021737337112427
Malicious,Malicious,0.8001031279563904
Malicious,Malicious,0.8021737337112427
Malicious,Malicious,0.8021737337112427
Malicious,Malicious,0.8021737337112427
Malicious,Malicious,0.8021737337112427
Malicious,Malicious,0.8021737337112427
Malicious,Malicious,0.8021737337112427
Malicious,Malicious,0.8021737337112427
Malicious,Malicious,0.8021737337112427
Malicious,Malicious,0.8021737337112427
Malicious,Benign,0.20626989006996155
Malicious,Malicious,0.8021737337112427
Malicious,Malicious,0.8021737337112427
Malicious,Malicious,0.8021737337112427
Malicious,Malicious,0.8021737337112427
Malicious,Malicious,0.8021737337112427
Malicious,Malicious,0.8021737337112427
Malicious,Malicious,0.8021737337112427
Malicious,Malicious,0.8021737337112427
Malicious,Malicious,0.8021737337112427
Malicious,Malicious,0.8021737337112427
Malicious,Malicious,0.8021737337112427
Malicious,Malicious,0.8021737337112427
Malicious,Malicious,0.8021737337112427
Malicious,Malicious,0.8021737337112427
Malicious,Malicious,0.8021737337112427
Malicious,Malicious,0.8021737337112427
Malicious,Malicious,0.8021737337112427
Malicious,Malicious,0.8021737337112427
Malicious,Malicious,0.8021737337112427
Malicious,Malicious,0.8021737337112427
Malicious,Malicious,0.8021737337112427
Malicious,Malicious,0.8021737337112427
Malicious,Malicious,0.8021737337112427
Malicious,Malicious,0.8021737337112427
Malicious,Malicious,0.8021737337112427
Malicious,Malicious,0.8021737337112427
Malicious,Malicious,0.8021737337112427
Malicious,Malicious,0.8021737337112427
Malicious,Malicious,0.8021737337112427
Malicious,Malicious,0.8021737337112427
Malicious,Malicious,0.8021737337112427
Malicious,Malicious,0.8021737337112427
Malicious,Malicious,0.8021737337112427
Malicious,Malicious,0.8021737337112427
Malicious,Malicious,0.8021737337112427
Malicious,Malicious,0.8021737337112427
Malicious,Malicious,0.8016975522041321
Malicious,Malicious,0.8021737337112427
Malicious,Malicious,0.8021737337112427
Malicious,Malicious,0.8021737337112427
Malicious,Malicious,0.8021737337112427
Malicious,Malicious,0.8021737337112427
Malicious,Malicious,0.8021737337112427
Malicious,Malicious,0.8021737337112427
Malicious,Malicious,0.8021737337112427
Malicious,Malicious,0.8021737337112427
Malicious,Malicious,0.8021737337112427
Malicious,Malicious,0.8021737337112427
Malicious,Malicious,0.8021737337112427
Malicious,Malicious,0.8021737337112427
Malicious,Malicious,0.8021737337112427
Malicious,Malicious,0.8021737337112427
Malicious,Malicious,0.8021737337112427
Malicious,Malicious,0.8021737337112427
Malicious,Malicious,0.8021737337112427
Malicious,Malicious,0.8021737337112427
Malicious,Malicious,0.8021737337112427
Malicious,Malicious,0.8021737337112427
Malicious,Malicious,0.8021737337112427
Malicious,Malicious,0.8021737337112427
Malicious,Malicious,0.8021737337112427
Malicious,Malicious,0.8021737337112427
Malicious,Malicious,0.8021737337112427
Malicious,Malicious,0.8021737337112427
Malicious,Malicious,0.8021737337112427
Malicious,Malicious,0.8021737337112427
Malicious,Malicious,0.8021737337112427
Malicious,Malicious,0.8021737337112427
Malicious,Malicious,0.8021737337112427
Malicious,Malicious,0.8021737337112427
Malicious,Malicious,0.8021737337112427
Malicious,Malicious,0.8021737337112427
Malicious,Malicious,0.8021737337112427
Malicious,Malicious,0.8021737337112427
Malicious,Malicious,0.8021737337112427
Malicious,Malicious,0.8021737337112427
Malicious,Malicious,0.8021737337112427
Malicious,Malicious,0.8021737337112427
Malicious,Malicious,0.8021737337112427
Malicious,Malicious,0.8021737337112427
Malicious,Malicious,0.8021737337112427
Malicious,Malicious,0.8021737337112427
Malicious,Benign,0.215134397149086
Malicious,Malicious,0.8021737337112427
Malicious,Malicious,0.8021737337112427
Malicious,Malicious,0.8021737337112427
Malicious,Malicious,0.8021737337112427
Malicious,Malicious,0.8021737337112427
Malicious,Malicious,0.8021737337112427
Malicious,Malicious,0.8021737337112427
Malicious,Malicious,0.8021737337112427
Malicious,Malicious,0.8021737337112427
Malicious,Malicious,0.8021737337112427
Malicious,Malicious,0.783424437046051
Malicious,Malicious,0.8021737337112427
Malicious,Malicious,0.8021737337112427
Malicious,Malicious,0.8021737337112427
Malicious,Malicious,0.8021737337112427
Malicious,Malicious,0.8021737337112427
Malicious,Benign,0.21921253204345703
Malicious,Malicious,0.8021737337112427
Malicious,Malicious,0.8021737337112427
Malicious,Malicious,0.8021737337112427
Malicious,Malicious,0.8021737337112427
Malicious,Malicious,0.8021737337112427
Malicious,Malicious,0.8021737337112427
Malicious,Malicious,0.8021737337112427
Malicious,Malicious,0.8021737337112427
Malicious,Malicious,0.8021737337112427
Malicious,Malicious,0.8021737337112427
Malicious,Malicious,0.8021737337112427
Malicious,Malicious,0.8021737337112427
Malicious,Malicious,0.8021737337112427
Malicious,Malicious,0.8021737337112427
Malicious,Malicious,0.8021737337112427
Malicious,Malicious,0.8021737337112427
Malicious,Malicious,0.8021737337112427
Malicious,Malicious,0.8021737337112427
Malicious,Malicious,0.8021737337112427
Malicious,Malicious,0.8021737337112427
Malicious,Malicious,0.8021737337112427
Malicious,Malicious,0.8021737337112427
Malicious,Malicious,0.8021737337112427
Malicious,Malicious,0.8021737337112427
Malicious,Malicious,0.8021737337112427
Malicious,Malicious,0.8021737337112427
Malicious,Malicious,0.8021737337112427
Malicious,Malicious,0.8021737337112427
Malicious,Malicious,0.8021737337112427
Malicious,Malicious,0.8021737337112427
Malicious,Malicious,0.8021737337112427
Malicious,Malicious,0.8021737337112427
Malicious,Malicious,0.8021737337112427
Malicious,Malicious,0.8018901944160461
Malicious,Malicious,0.8021737337112427
Malicious,Malicious,0.8021737337112427
Malicious,Malicious,0.8021737337112427
Malicious,Malicious,0.8021737337112427
Malicious,Malicious,0.8021737337112427
Malicious,Malicious,0.8021737337112427
Malicious,Malicious,0.8021737337112427
Malicious,Malicious,0.8021737337112427
Malicious,Malicious,0.8021737337112427
Malicious,Malicious,0.8021737337112427
Malicious,Malicious,0.8021737337112427
Malicious,Malicious,0.8021737337112427
Malicious,Malicious,0.8021737337112427
Malicious,Malicious,0.8021737337112427
Malicious,Malicious,0.8021737337112427
Malicious,Malicious,0.8021737337112427
Malicious,Malicious,0.8021737337112427
Malicious,Malicious,0.8021737337112427
Malicious,Malicious,0.8021737337112427
Malicious,Malicious,0.8021737337112427
Malicious,Malicious,0.8021737337112427
Malicious,Malicious,0.8021737337112427
Malicious,Malicious,0.8021737337112427
Malicious,Malicious,0.8021737337112427
Malicious,Malicious,0.8021737337112427
Malicious,Malicious,0.8021737337112427
Malicious,Malicious,0.8021737337112427
Malicious,Malicious,0.8021737337112427
Malicious,Malicious,0.8021737337112427
Malicious,Malicious,0.8021737337112427
Malicious,Malicious,0.8021737337112427
Malicious,Malicious,0.8021737337112427
Malicious,Malicious,0.8021737337112427
Malicious,Malicious,0.8021737337112427
Malicious,Malicious,0.8021737337112427
Malicious,Malicious,0.8021737337112427
Malicious,Malicious,0.8021737337112427
Malicious,Malicious,0.8021737337112427
Malicious,Malicious,0.8021737337112427
Malicious,Malicious,0.8021737337112427
Malicious,Malicious,0.8021737337112427
Malicious,Malicious,0.8021737337112427
Malicious,Malicious,0.8021737337112427
Malicious,Malicious,0.8021737337112427
Malicious,Malicious,0.8021737337112427
Malicious,Malicious,0.8021737337112427
Malicious,Malicious,0.8021737337112427
Malicious,Malicious,0.8021737337112427
Malicious,Malicious,0.8021737337112427
Malicious,Malicious,0.8021737337112427
Malicious,Malicious,0.8021737337112427
Malicious,Malicious,0.8021737337112427
Malicious,Malicious,0.8021737337112427
Malicious,Malicious,0.8021737337112427
Malicious,Malicious,0.8021737337112427
Malicious,Malicious,0.8021737337112427
Malicious,Malicious,0.8021737337112427
Malicious,Malicious,0.8021737337112427
Malicious,Malicious,0.8021737337112427
Malicious,Malicious,0.8021737337112427
Malicious,Malicious,0.8021737337112427
Malicious,Malicious,0.8021737337112427
Malicious,Malicious,0.8021737337112427
Malicious,Malicious,0.8021737337112427
Malicious,Malicious,0.8021737337112427
Malicious,Malicious,0.8021737337112427
Malicious,Malicious,0.8021737337112427
Malicious,Malicious,0.8021737337112427
Malicious,Malicious,0.8021737337112427
Malicious,Malicious,0.8021737337112427
Malicious,Malicious,0.8021737337112427
Malicious,Malicious,0.8021737337112427
Malicious,Malicious,0.8021737337112427
Malicious,Malicious,0.8021737337112427
Malicious,Malicious,0.8021737337112427
Malicious,Malicious,0.8021737337112427
Malicious,Malicious,0.8021737337112427
Malicious,Malicious,0.8021737337112427
Malicious,Malicious,0.8021737337112427
Malicious,Malicious,0.8021737337112427
Malicious,Malicious,0.8021737337112427
Malicious,Malicious,0.8021737337112427
Malicious,Malicious,0.8021737337112427
Malicious,Malicious,0.8021737337112427
Malicious,Malicious,0.8021737337112427
Malicious,Malicious,0.8021737337112427
Malicious,Malicious,0.8021737337112427
Malicious,Malicious,0.8021737337112427
Malicious,Malicious,0.8021737337112427
Malicious,Malicious,0.8021737337112427
Malicious,Malicious,0.8021737337112427
Malicious,Malicious,0.8021737337112427
Malicious,Malicious,0.8021737337112427
Malicious,Malicious,0.8021737337112427
Malicious,Malicious,0.8021737337112427
Malicious,Malicious,0.8021737337112427
Malicious,Malicious,0.8021737337112427
Malicious,Malicious,0.8021737337112427
Malicious,Malicious,0.8021737337112427
Malicious,Malicious,0.6307237148284912
Malicious,Malicious,0.8021737337112427
Malicious,Malicious,0.8021737337112427
Malicious,Malicious,0.8021737337112427
Malicious,Malicious,0.8021737337112427
Malicious,Malicious,0.8021737337112427
Malicious,Malicious,0.8021737337112427
Malicious,Malicious,0.8021737337112427
Malicious,Malicious,0.8021737337112427
Malicious,Malicious,0.8021737337112427
Malicious,Malicious,0.8021737337112427
Malicious,Malicious,0.8021737337112427
Malicious,Malicious,0.8021737337112427
Malicious,Malicious,0.8021737337112427
Malicious,Malicious,0.8002690076828003
Malicious,Malicious,0.8021737337112427
Malicious,Malicious,0.8021737337112427
Malicious,Benign,0.21593762934207916
Malicious,Malicious,0.8021737337112427
Malicious,Malicious,0.8021737337112427
Malicious,Malicious,0.8021737337112427
Malicious,Malicious,0.8021737337112427
Malicious,Malicious,0.8021737337112427
Malicious,Malicious,0.8021737337112427
Malicious,Malicious,0.8021737337112427
Malicious,Malicious,0.8021737337112427
Malicious,Malicious,0.8021737337112427
Malicious,Malicious,0.8021737337112427
Malicious,Malicious,0.8021737337112427
Malicious,Malicious,0.8021737337112427
Malicious,Malicious,0.8021737337112427
Malicious,Malicious,0.8021737337112427
Malicious,Malicious,0.8021737337112427
Malicious,Malicious,0.8021737337112427
Malicious,Malicious,0.8021737337112427
Malicious,Malicious,0.8021737337112427
Malicious,Malicious,0.8021737337112427
Malicious,Malicious,0.8021737337112427
Malicious,Malicious,0.8021737337112427
Malicious,Malicious,0.8021737337112427
Malicious,Malicious,0.8021737337112427
Malicious,Malicious,0.8021737337112427
Malicious,Malicious,0.8021737337112427
Malicious,Malicious,0.8021737337112427
Malicious,Malicious,0.8021737337112427
Malicious,Malicious,0.8021737337112427
Malicious,Malicious,0.8021737337112427
Malicious,Malicious,0.8021737337112427
Malicious,Malicious,0.8021737337112427
Malicious,Malicious,0.8021737337112427
Malicious,Malicious,0.8021737337112427
Malicious,Malicious,0.8021737337112427
Malicious,Malicious,0.8021737337112427
Malicious,Malicious,0.8021737337112427
Malicious,Malicious,0.8021737337112427
Malicious,Malicious,0.8021737337112427
Malicious,Malicious,0.8021737337112427
Malicious,Malicious,0.8021737337112427
Malicious,Malicious,0.8021737337112427
Malicious,Malicious,0.8021737337112427
Malicious,Malicious,0.8021737337112427
Malicious,Malicious,0.8021737337112427
Malicious,Malicious,0.8021737337112427
Malicious,Malicious,0.8021737337112427
Malicious,Malicious,0.8021737337112427
Malicious,Malicious,0.8016975522041321
Malicious,Malicious,0.8021737337112427
Malicious,Malicious,0.8021737337112427
Malicious,Malicious,0.8021737337112427
Malicious,Malicious,0.8021737337112427
Malicious,Malicious,0.8021737337112427
Malicious,Malicious,0.8021737337112427
Malicious,Malicious,0.8021737337112427
Malicious,Malicious,0.8021737337112427
Malicious,Malicious,0.8021737337112427
Malicious,Malicious,0.8021737337112427
Malicious,Malicious,0.8021737337112427
Malicious,Malicious,0.8021737337112427
Malicious,Malicious,0.8021737337112427
Malicious,Malicious,0.8021737337112427
Malicious,Malicious,0.8021737337112427
Malicious,Malicious,0.8021737337112427
Malicious,Malicious,0.8021737337112427
Malicious,Malicious,0.8021737337112427
Malicious,Malicious,0.8021737337112427
Malicious,Benign,0.20290081202983856
Malicious,Malicious,0.8021737337112427
Malicious,Malicious,0.8021737337112427
Malicious,Malicious,0.8021737337112427
Malicious,Malicious,0.8021737337112427
Malicious,Malicious,0.8021737337112427
Malicious,Malicious,0.8021737337112427
Malicious,Malicious,0.8021737337112427
Malicious,Malicious,0.8021737337112427
Malicious,Malicious,0.8021737337112427
Malicious,Malicious,0.8021737337112427
Malicious,Benign,0.3603401184082031
Malicious,Malicious,0.8021737337112427
Malicious,Malicious,0.8021737337112427
Malicious,Malicious,0.8021737337112427
Malicious,Malicious,0.8021737337112427
Malicious,Malicious,0.8021737337112427
Malicious,Malicious,0.8021737337112427
Malicious,Malicious,0.8021737337112427
Malicious,Malicious,0.8021737337112427
Malicious,Malicious,0.8021737337112427
Malicious,Malicious,0.8021737337112427
Malicious,Malicious,0.8021737337112427
Malicious,Malicious,0.8021737337112427
Malicious,Malicious,0.8021737337112427
Malicious,Malicious,0.8021737337112427
Malicious,Malicious,0.8021737337112427
Malicious,Malicious,0.8021737337112427
Malicious,Malicious,0.8021737337112427
Malicious,Malicious,0.8021737337112427
Malicious,Malicious,0.8021737337112427
Malicious,Malicious,0.8021737337112427
Malicious,Malicious,0.8021737337112427
Malicious,Malicious,0.8021737337112427
Malicious,Malicious,0.8021737337112427
Malicious,Malicious,0.8021737337112427
Malicious,Malicious,0.8021737337112427
Malicious,Malicious,0.8021737337112427
Malicious,Malicious,0.8021737337112427
Malicious,Malicious,0.8021737337112427
Malicious,Malicious,0.8021737337112427
Malicious,Malicious,0.8021737337112427
Malicious,Malicious,0.8021737337112427
Malicious,Malicious,0.8021737337112427
Malicious,Malicious,0.8021737337112427
Malicious,Malicious,0.8021737337112427
Malicious,Malicious,0.8021737337112427
Malicious,Malicious,0.8021737337112427
Malicious,Malicious,0.8021737337112427
Malicious,Malicious,0.8021737337112427
Malicious,Malicious,0.8021737337112427
Malicious,Malicious,0.8021737337112427
Malicious,Malicious,0.8021737337112427
Malicious,Malicious,0.8021737337112427
Malicious,Malicious,0.8021737337112427
Malicious,Malicious,0.8021737337112427
Malicious,Malicious,0.8021737337112427
Malicious,Malicious,0.8021737337112427
Malicious,Malicious,0.8021737337112427
Malicious,Malicious,0.8021737337112427
Malicious,Malicious,0.8021737337112427
Malicious,Malicious,0.8021737337112427
Malicious,Malicious,0.8021737337112427
Malicious,Malicious,0.8021737337112427
Malicious,Benign,0.20582184195518494
Malicious,Malicious,0.8021737337112427
Malicious,Malicious,0.8021737337112427
Malicious,Malicious,0.8021737337112427
Malicious,Malicious,0.8021737337112427
Malicious,Malicious,0.8021737337112427
Malicious,Benign,0.22184917330741882
Malicious,Malicious,0.8021737337112427
Malicious,Malicious,0.8021737337112427
Malicious,Malicious,0.8021737337112427
Malicious,Malicious,0.8021737337112427
Malicious,Malicious,0.8021737337112427
Malicious,Malicious,0.8021737337112427
Malicious,Malicious,0.8021737337112427
Malicious,Malicious,0.8021737337112427
Malicious,Malicious,0.8021737337112427
Malicious,Malicious,0.8021737337112427
Malicious,Malicious,0.8021737337112427
Malicious,Malicious,0.8021737337112427
Malicious,Malicious,0.8021737337112427
Malicious,Malicious,0.8021737337112427
Malicious,Malicious,0.8021737337112427
Malicious,Malicious,0.8021737337112427
Malicious,Malicious,0.8021737337112427
Malicious,Malicious,0.8021737337112427
Malicious,Malicious,0.8021737337112427
Malicious,Malicious,0.8021737337112427
Malicious,Malicious,0.8021737337112427
Malicious,Malicious,0.8021737337112427
Malicious,Malicious,0.8021737337112427
Malicious,Malicious,0.8021737337112427
Malicious,Malicious,0.8021737337112427
Malicious,Malicious,0.8021737337112427
Malicious,Malicious,0.8021737337112427
Malicious,Malicious,0.8021737337112427
Malicious,Malicious,0.8021737337112427
Malicious,Malicious,0.8021737337112427
Malicious,Malicious,0.8021737337112427
Malicious,Malicious,0.8021737337112427
Malicious,Malicious,0.8021737337112427
Malicious,Malicious,0.8021737337112427
Malicious,Malicious,0.8021737337112427
Malicious,Malicious,0.8021737337112427
Malicious,Malicious,0.8021737337112427
Malicious,Malicious,0.8021737337112427
Malicious,Malicious,0.8021737337112427
Malicious,Malicious,0.8021737337112427
Malicious,Malicious,0.8021737337112427
Malicious,Malicious,0.8021737337112427
Malicious,Malicious,0.8014906644821167
Malicious,Malicious,0.8021737337112427
Malicious,Malicious,0.8021737337112427
Malicious,Malicious,0.8021737337112427
Malicious,Malicious,0.8021737337112427
Malicious,Malicious,0.8021737337112427
Malicious,Malicious,0.8021737337112427
Malicious,Malicious,0.8021737337112427
Malicious,Malicious,0.8021737337112427
Malicious,Malicious,0.8021737337112427
Malicious,Malicious,0.8021737337112427
Malicious,Malicious,0.8012213706970215
Malicious,Malicious,0.8021737337112427
Malicious,Malicious,0.8021737337112427
Malicious,Malicious,0.8021737337112427
Malicious,Malicious,0.8021737337112427
Malicious,Malicious,0.8021737337112427
Malicious,Malicious,0.8021737337112427
Malicious,Malicious,0.8021737337112427
Malicious,Malicious,0.8021737337112427
Malicious,Malicious,0.8021737337112427
Malicious,Malicious,0.8021737337112427
Malicious,Malicious,0.8021737337112427
Malicious,Malicious,0.8021737337112427
Malicious,Malicious,0.8021737337112427
Malicious,Malicious,0.8021737337112427
Malicious,Malicious,0.8021737337112427
Malicious,Malicious,0.8021737337112427
Malicious,Malicious,0.8021737337112427
Malicious,Malicious,0.8016975522041321
Malicious,Malicious,0.8021737337112427
Malicious,Malicious,0.8021737337112427
Malicious,Malicious,0.8021737337112427
Malicious,Malicious,0.8021737337112427
Malicious,Malicious,0.8021737337112427
Malicious,Malicious,0.8021737337112427
Malicious,Malicious,0.8021737337112427
Malicious,Malicious,0.8021737337112427
Malicious,Malicious,0.8021737337112427
Malicious,Malicious,0.8021737337112427
Malicious,Malicious,0.8021737337112427
Malicious,Malicious,0.8021737337112427
Malicious,Malicious,0.8021737337112427
Malicious,Malicious,0.8021737337112427
Malicious,Malicious,0.8021737337112427
Malicious,Malicious,0.8021737337112427
Malicious,Malicious,0.8021737337112427
Malicious,Malicious,0.8021737337112427
Malicious,Malicious,0.8021737337112427
Malicious,Malicious,0.8021737337112427
Malicious,Malicious,0.8021737337112427
Malicious,Malicious,0.8021737337112427
Malicious,Malicious,0.8021737337112427
Malicious,Malicious,0.8021737337112427
Malicious,Malicious,0.8021737337112427
Malicious,Malicious,0.8021737337112427
Malicious,Malicious,0.8021737337112427
Malicious,Malicious,0.8021737337112427
Malicious,Malicious,0.8021737337112427
Malicious,Malicious,0.8021737337112427
Malicious,Malicious,0.8021737337112427
Malicious,Malicious,0.8021737337112427
Malicious,Malicious,0.8021737337112427
Malicious,Malicious,0.8021737337112427
Malicious,Malicious,0.8021737337112427
Malicious,Malicious,0.8021737337112427
Malicious,Malicious,0.8021737337112427
Malicious,Malicious,0.8021737337112427
Malicious,Malicious,0.8021737337112427
Malicious,Malicious,0.8021737337112427
Malicious,Malicious,0.8021737337112427
Malicious,Malicious,0.8021737337112427
Malicious,Malicious,0.8021737337112427
Malicious,Malicious,0.8021737337112427
Malicious,Malicious,0.8021737337112427
Malicious,Benign,0.20094260573387146
Malicious,Malicious,0.8021737337112427
Malicious,Malicious,0.8021737337112427
Malicious,Malicious,0.8021737337112427
Malicious,Benign,0.2064446061849594
Malicious,Malicious,0.8021737337112427
Malicious,Malicious,0.8021737337112427
Malicious,Malicious,0.8021737337112427
Malicious,Malicious,0.8021737337112427
Malicious,Malicious,0.8021737337112427
Malicious,Malicious,0.8021737337112427
Malicious,Malicious,0.8021737337112427
Malicious,Malicious,0.8021737337112427
Malicious,Malicious,0.8021737337112427
Malicious,Malicious,0.8021737337112427
Malicious,Malicious,0.8021737337112427
Malicious,Malicious,0.8021737337112427
Malicious,Malicious,0.8021737337112427
Malicious,Malicious,0.8021737337112427
Malicious,Malicious,0.8021737337112427
Malicious,Malicious,0.8021737337112427
Malicious,Malicious,0.8021737337112427
Malicious,Malicious,0.8021737337112427
Malicious,Malicious,0.8021737337112427
Malicious,Malicious,0.8021737337112427
Malicious,Malicious,0.8021737337112427
Malicious,Malicious,0.8021737337112427
Malicious,Malicious,0.8021737337112427
Malicious,Malicious,0.8021737337112427
Malicious,Malicious,0.8021737337112427
Malicious,Malicious,0.8021737337112427
Malicious,Malicious,0.8021737337112427
Malicious,Malicious,0.8021737337112427
Malicious,Malicious,0.8021737337112427
Malicious,Malicious,0.8021737337112427
Malicious,Malicious,0.8021737337112427
Malicious,Malicious,0.8021737337112427
Malicious,Malicious,0.8021737337112427
Malicious,Malicious,0.8021737337112427
Malicious,Malicious,0.8021737337112427
Malicious,Malicious,0.8021737337112427
Malicious,Malicious,0.8021737337112427
Malicious,Malicious,0.8021737337112427
Malicious,Malicious,0.8021737337112427
Malicious,Malicious,0.8021737337112427
Malicious,Malicious,0.8021737337112427
Malicious,Malicious,0.8021737337112427
Malicious,Malicious,0.8021737337112427
Malicious,Malicious,0.8021737337112427
Malicious,Malicious,0.8021737337112427
Malicious,Malicious,0.8021737337112427
Malicious,Malicious,0.8021737337112427
Malicious,Malicious,0.8021737337112427
Malicious,Malicious,0.8021737337112427
Malicious,Malicious,0.8021737337112427
Malicious,Malicious,0.8021737337112427
Malicious,Malicious,0.8021737337112427
Malicious,Malicious,0.8021737337112427
Malicious,Malicious,0.8021737337112427
Malicious,Malicious,0.8021737337112427
Malicious,Malicious,0.8021737337112427
Malicious,Malicious,0.8021737337112427
Malicious,Malicious,0.8021737337112427
Malicious,Malicious,0.8021737337112427
Malicious,Malicious,0.8021737337112427
Malicious,Malicious,0.8021737337112427
Malicious,Malicious,0.8021737337112427
Malicious,Malicious,0.8021737337112427
Malicious,Malicious,0.8021737337112427
Malicious,Malicious,0.8021737337112427
Malicious,Malicious,0.8021737337112427
Malicious,Malicious,0.8021737337112427
Malicious,Malicious,0.8021737337112427
Malicious,Malicious,0.8021737337112427
Malicious,Malicious,0.8021737337112427
Malicious,Malicious,0.8021737337112427
Malicious,Malicious,0.8021737337112427
Malicious,Malicious,0.8021737337112427
Malicious,Malicious,0.8021737337112427
Malicious,Malicious,0.8021737337112427
Malicious,Malicious,0.8021737337112427
Malicious,Malicious,0.8021737337112427
Malicious,Malicious,0.8021737337112427
Malicious,Malicious,0.8021737337112427
Malicious,Malicious,0.8021737337112427
Malicious,Malicious,0.8021737337112427
Malicious,Malicious,0.8021737337112427
Malicious,Malicious,0.8021737337112427
Malicious,Malicious,0.8021737337112427
Malicious,Malicious,0.8021737337112427
Malicious,Malicious,0.8021737337112427
Malicious,Malicious,0.8021737337112427
Malicious,Malicious,0.8021737337112427
Malicious,Malicious,0.8021737337112427
Malicious,Malicious,0.8021737337112427
Malicious,Malicious,0.8021737337112427
Malicious,Malicious,0.8021737337112427
Malicious,Malicious,0.8021737337112427
Malicious,Malicious,0.8021737337112427
Malicious,Malicious,0.8021737337112427
Malicious,Malicious,0.8021737337112427
Malicious,Benign,0.2467779666185379
Malicious,Malicious,0.8021737337112427
Malicious,Malicious,0.8021737337112427
Malicious,Malicious,0.8021737337112427
Malicious,Malicious,0.8021737337112427
Malicious,Malicious,0.8021737337112427
Malicious,Malicious,0.8021737337112427
Malicious,Malicious,0.8021737337112427
Malicious,Malicious,0.8021737337112427
Malicious,Malicious,0.8021737337112427
Malicious,Malicious,0.8021737337112427
Malicious,Malicious,0.8021737337112427
Malicious,Malicious,0.8021737337112427
Malicious,Malicious,0.8021737337112427
Malicious,Malicious,0.8021737337112427
Malicious,Malicious,0.8021737337112427
Malicious,Malicious,0.8021737337112427
Malicious,Malicious,0.8021737337112427
Malicious,Malicious,0.8021737337112427
Malicious,Malicious,0.8021737337112427
Malicious,Malicious,0.8021737337112427
Malicious,Malicious,0.8021737337112427
Malicious,Malicious,0.8021737337112427
Malicious,Malicious,0.8021737337112427
Malicious,Malicious,0.8016975522041321
Malicious,Malicious,0.8021737337112427
Malicious,Malicious,0.8021737337112427
Malicious,Malicious,0.8021737337112427
Malicious,Malicious,0.8021737337112427
Malicious,Malicious,0.8021737337112427
Malicious,Benign,0.2155383825302124
Malicious,Malicious,0.8021737337112427
Malicious,Malicious,0.8021737337112427
Malicious,Malicious,0.8021737337112427
Malicious,Malicious,0.8021737337112427
Malicious,Malicious,0.8021737337112427
Malicious,Malicious,0.8021737337112427
Malicious,Malicious,0.8021737337112427
Malicious,Malicious,0.8021737337112427
Malicious,Malicious,0.8021737337112427
Malicious,Malicious,0.8021737337112427
Malicious,Malicious,0.8021737337112427
Malicious,Malicious,0.8021737337112427
Malicious,Benign,0.2127077430486679
Malicious,Malicious,0.8021737337112427
Malicious,Malicious,0.8021737337112427
Malicious,Malicious,0.8021737337112427
Malicious,Malicious,0.8016975522041321
Malicious,Malicious,0.8021737337112427
Malicious,Malicious,0.8021737337112427
Malicious,Malicious,0.8021737337112427
Malicious,Malicious,0.8021737337112427
Malicious,Malicious,0.8021737337112427
Malicious,Malicious,0.8021737337112427
Malicious,Malicious,0.8021737337112427
Malicious,Malicious,0.8021737337112427
Malicious,Malicious,0.8021737337112427
Malicious,Malicious,0.8021737337112427
Malicious,Malicious,0.8021737337112427
Malicious,Malicious,0.8021737337112427
Malicious,Malicious,0.8021737337112427
Malicious,Malicious,0.8021737337112427
Malicious,Malicious,0.8021737337112427
Malicious,Malicious,0.8021737337112427
Malicious,Malicious,0.8021737337112427
Malicious,Malicious,0.8021737337112427
Malicious,Benign,0.24156537652015686
Malicious,Malicious,0.8021737337112427
Malicious,Malicious,0.8021737337112427
Malicious,Malicious,0.8021737337112427
Malicious,Malicious,0.8021737337112427
Malicious,Malicious,0.8021737337112427
Malicious,Malicious,0.8016975522041321
Malicious,Malicious,0.8021737337112427
Malicious,Malicious,0.8021737337112427
Malicious,Malicious,0.8021737337112427
Malicious,Malicious,0.8021737337112427
Malicious,Malicious,0.8021737337112427
Malicious,Malicious,0.8021737337112427
Malicious,Malicious,0.8021737337112427
Malicious,Malicious,0.8021737337112427
Malicious,Malicious,0.8021737337112427
Malicious,Malicious,0.8021737337112427
Malicious,Malicious,0.8021737337112427
Malicious,Malicious,0.8021737337112427
Malicious,Malicious,0.8021737337112427
Malicious,Malicious,0.8021737337112427
Malicious,Malicious,0.8021737337112427
Malicious,Malicious,0.8021737337112427
Malicious,Malicious,0.8021737337112427
Malicious,Malicious,0.8021737337112427
Malicious,Malicious,0.8021737337112427
Malicious,Malicious,0.8021737337112427
Malicious,Malicious,0.8021737337112427
Malicious,Malicious,0.8021737337112427
Malicious,Malicious,0.8021737337112427
Malicious,Malicious,0.8021737337112427
Malicious,Malicious,0.8021737337112427
Malicious,Malicious,0.8021737337112427
Malicious,Malicious,0.8021737337112427
Malicious,Malicious,0.8021737337112427
Malicious,Malicious,0.8021737337112427
Malicious,Malicious,0.8021737337112427
Malicious,Malicious,0.8021737337112427
Malicious,Malicious,0.8021737337112427
Malicious,Malicious,0.8021737337112427
Malicious,Malicious,0.8021737337112427
Malicious,Malicious,0.8021737337112427
Malicious,Malicious,0.8021737337112427
Malicious,Malicious,0.8021737337112427
Malicious,Malicious,0.8021737337112427
Malicious,Malicious,0.8021737337112427
Malicious,Malicious,0.8021737337112427
Malicious,Malicious,0.8021737337112427
Malicious,Malicious,0.8021737337112427
Malicious,Malicious,0.8021737337112427
Malicious,Malicious,0.8021737337112427
Malicious,Malicious,0.8021737337112427
Malicious,Malicious,0.8021737337112427
Malicious,Malicious,0.8021737337112427
Malicious,Malicious,0.802078902721405
Malicious,Malicious,0.8021737337112427
Malicious,Malicious,0.7983642220497131
Malicious,Malicious,0.8021737337112427
Malicious,Malicious,0.8021737337112427
Malicious,Malicious,0.8021737337112427
Malicious,Malicious,0.8021737337112427
Malicious,Malicious,0.8021737337112427
Malicious,Malicious,0.8021737337112427
Malicious,Malicious,0.8021737337112427
Malicious,Malicious,0.8021737337112427
Malicious,Malicious,0.8021737337112427
Malicious,Benign,0.22912102937698364
Malicious,Malicious,0.8021737337112427
Malicious,Benign,0.21225124597549438
Malicious,Malicious,0.8021737337112427
Malicious,Malicious,0.8021737337112427
Malicious,Malicious,0.8021737337112427
Malicious,Malicious,0.8021737337112427
Malicious,Malicious,0.8021737337112427
Malicious,Malicious,0.8021737337112427
Malicious,Malicious,0.8021737337112427
Malicious,Malicious,0.8021737337112427
Malicious,Malicious,0.8021737337112427
Malicious,Malicious,0.8021737337112427
Malicious,Malicious,0.8021737337112427
Malicious,Malicious,0.8002690076828003
Malicious,Malicious,0.8021737337112427
Malicious,Malicious,0.8021737337112427
Malicious,Malicious,0.8021737337112427
Malicious,Malicious,0.8021737337112427
Malicious,Benign,0.22803345322608948
Malicious,Malicious,0.8021737337112427
Malicious,Malicious,0.8021737337112427
Malicious,Malicious,0.8021737337112427
Malicious,Malicious,0.8021737337112427
Malicious,Malicious,0.8021737337112427
Malicious,Malicious,0.8021737337112427
Malicious,Benign,0.2669645845890045
Malicious,Malicious,0.8021737337112427
Malicious,Malicious,0.8021737337112427
Malicious,Malicious,0.8021737337112427
Malicious,Malicious,0.8021737337112427
Malicious,Malicious,0.8021737337112427
Malicious,Malicious,0.8021737337112427
Malicious,Malicious,0.8021737337112427
Malicious,Malicious,0.8021737337112427
Malicious,Malicious,0.8021737337112427
Malicious,Malicious,0.8021737337112427
Malicious,Malicious,0.8021737337112427
Malicious,Malicious,0.8021737337112427
Malicious,Malicious,0.8021737337112427
Malicious,Malicious,0.8021737337112427
Malicious,Malicious,0.8021737337112427
Malicious,Malicious,0.8021737337112427
Malicious,Malicious,0.8021737337112427
Malicious,Malicious,0.8021737337112427
Malicious,Malicious,0.8021737337112427
Malicious,Malicious,0.8021737337112427
Malicious,Malicious,0.8021737337112427
Malicious,Malicious,0.8021737337112427
Malicious,Malicious,0.8021737337112427
Malicious,Malicious,0.8021737337112427
Malicious,Malicious,0.8021737337112427
Malicious,Malicious,0.8021737337112427
Malicious,Malicious,0.8021737337112427
Malicious,Malicious,0.8021737337112427
Malicious,Malicious,0.8021737337112427
Malicious,Malicious,0.8021737337112427
Malicious,Malicious,0.8021737337112427
Malicious,Malicious,0.8021737337112427
Malicious,Malicious,0.8021737337112427
Malicious,Malicious,0.8021737337112427
Malicious,Malicious,0.8021737337112427
Malicious,Malicious,0.8021737337112427
Malicious,Malicious,0.8021737337112427
Malicious,Malicious,0.8021737337112427
Malicious,Malicious,0.8021737337112427
Malicious,Malicious,0.8021737337112427
Malicious,Malicious,0.8021737337112427
Malicious,Malicious,0.8021737337112427
Malicious,Malicious,0.8021737337112427
Malicious,Malicious,0.8021737337112427
Malicious,Malicious,0.8021737337112427
Malicious,Malicious,0.8021737337112427
Malicious,Benign,0.19951403141021729
Malicious,Malicious,0.8021737337112427
Malicious,Malicious,0.8021737337112427
Malicious,Malicious,0.8021737337112427
Malicious,Malicious,0.8021737337112427
Malicious,Malicious,0.8021737337112427
Malicious,Malicious,0.8021737337112427
Malicious,Malicious,0.8021737337112427
Malicious,Malicious,0.8021737337112427
Malicious,Malicious,0.8021737337112427
Malicious,Malicious,0.8021737337112427
Malicious,Malicious,0.8021737337112427
Malicious,Malicious,0.8021737337112427
Malicious,Malicious,0.8021737337112427
Malicious,Malicious,0.8021737337112427
Malicious,Malicious,0.8021737337112427
Malicious,Malicious,0.8021737337112427
Malicious,Malicious,0.8021737337112427
Malicious,Malicious,0.8021737337112427
Malicious,Malicious,0.8021737337112427
Malicious,Malicious,0.8021737337112427
Malicious,Malicious,0.8021737337112427
Malicious,Malicious,0.8021737337112427
Malicious,Malicious,0.8021737337112427
Malicious,Malicious,0.8021737337112427
Malicious,Malicious,0.8021737337112427
Malicious,Malicious,0.8021737337112427
Malicious,Malicious,0.8021737337112427
Malicious,Malicious,0.8021737337112427
Malicious,Malicious,0.8021737337112427
Malicious,Malicious,0.8021737337112427
Malicious,Malicious,0.8021737337112427
Malicious,Malicious,0.8021737337112427
Malicious,Malicious,0.8021737337112427
Malicious,Malicious,0.8021737337112427
Malicious,Malicious,0.8021737337112427
Malicious,Malicious,0.8021737337112427
Malicious,Malicious,0.8021737337112427
Malicious,Malicious,0.8021737337112427
Malicious,Malicious,0.7961539030075073
Malicious,Malicious,0.8021737337112427
Malicious,Malicious,0.8021737337112427
Malicious,Malicious,0.8021737337112427
Malicious,Malicious,0.8021737337112427
Malicious,Malicious,0.8021737337112427
Malicious,Malicious,0.8021737337112427
Malicious,Malicious,0.8021737337112427
Malicious,Malicious,0.8021737337112427
Malicious,Malicious,0.8021737337112427
Malicious,Malicious,0.8021737337112427
Malicious,Malicious,0.8021737337112427
Malicious,Malicious,0.8021737337112427
Malicious,Benign,0.21685351431369781
Malicious,Malicious,0.8021737337112427
Malicious,Malicious,0.8021737337112427
Malicious,Malicious,0.8021737337112427
Malicious,Malicious,0.8021737337112427
Malicious,Malicious,0.8021737337112427
Malicious,Malicious,0.8021737337112427
Malicious,Malicious,0.8021737337112427
Malicious,Malicious,0.8021737337112427
Malicious,Benign,0.2468108832836151
Malicious,Malicious,0.8021737337112427
Malicious,Malicious,0.8021737337112427
Malicious,Malicious,0.8021737337112427
Malicious,Malicious,0.8021737337112427
Malicious,Malicious,0.8021737337112427
Malicious,Malicious,0.8021737337112427
Malicious,Malicious,0.8021737337112427
Malicious,Malicious,0.8021737337112427
Malicious,Malicious,0.8011265397071838
Malicious,Malicious,0.8016027212142944
Malicious,Malicious,0.8021737337112427
Malicious,Malicious,0.8021737337112427
Malicious,Malicious,0.8021737337112427
Malicious,Malicious,0.8021737337112427
Malicious,Malicious,0.8021737337112427
Malicious,Malicious,0.8021737337112427
Malicious,Malicious,0.8021737337112427
Malicious,Malicious,0.8021737337112427
Malicious,Malicious,0.8021737337112427
Malicious,Malicious,0.8021737337112427
Malicious,Malicious,0.8021737337112427
Malicious,Malicious,0.8021737337112427
Malicious,Malicious,0.8021737337112427
Malicious,Malicious,0.8021737337112427
Malicious,Malicious,0.8021737337112427
Malicious,Malicious,0.8021737337112427
Malicious,Malicious,0.8021737337112427
Malicious,Malicious,0.8021737337112427
Malicious,Malicious,0.8021737337112427
Malicious,Malicious,0.8021737337112427
Malicious,Malicious,0.8021737337112427
Malicious,Malicious,0.8021737337112427
Malicious,Malicious,0.8021737337112427
Malicious,Malicious,0.8021737337112427
Malicious,Malicious,0.8021737337112427
Malicious,Malicious,0.8021737337112427
Malicious,Malicious,0.8021737337112427
Malicious,Malicious,0.8021737337112427
Malicious,Malicious,0.802078902721405
Malicious,Malicious,0.8021737337112427
Malicious,Malicious,0.8021737337112427
Malicious,Malicious,0.8021737337112427
Malicious,Malicious,0.8021737337112427
Malicious,Malicious,0.8021737337112427
Malicious,Malicious,0.8021737337112427
Malicious,Malicious,0.8021737337112427
Malicious,Malicious,0.8021737337112427
Malicious,Malicious,0.8021737337112427
Malicious,Malicious,0.8021737337112427
Malicious,Malicious,0.8021737337112427
Malicious,Malicious,0.8021737337112427
Malicious,Malicious,0.8021737337112427
Malicious,Malicious,0.8021737337112427
Malicious,Malicious,0.8021737337112427
Malicious,Malicious,0.8021737337112427
Malicious,Malicious,0.8021737337112427
Malicious,Malicious,0.8021737337112427
Malicious,Malicious,0.8021737337112427
Malicious,Malicious,0.8021737337112427
Malicious,Malicious,0.8021737337112427
Malicious,Malicious,0.8021737337112427
Malicious,Malicious,0.8021737337112427
Malicious,Malicious,0.8021737337112427
Malicious,Malicious,0.8021737337112427
Malicious,Malicious,0.8021737337112427
Malicious,Malicious,0.8021737337112427
Malicious,Malicious,0.8021737337112427
Malicious,Malicious,0.8021737337112427
Malicious,Malicious,0.8021737337112427
Malicious,Malicious,0.8021737337112427
Malicious,Malicious,0.8021737337112427
Malicious,Malicious,0.8021737337112427
Malicious,Malicious,0.8021737337112427
Malicious,Malicious,0.8021737337112427
Malicious,Malicious,0.8021737337112427
Malicious,Malicious,0.8021737337112427
Malicious,Malicious,0.8021737337112427
Malicious,Malicious,0.8021737337112427
Malicious,Malicious,0.8021737337112427
Malicious,Malicious,0.8021737337112427
Malicious,Malicious,0.8021737337112427
Malicious,Benign,0.2532108426094055
Malicious,Malicious,0.8021737337112427
Malicious,Malicious,0.8021737337112427
Malicious,Malicious,0.8021737337112427
Malicious,Malicious,0.8021737337112427
Malicious,Malicious,0.8021737337112427
Malicious,Malicious,0.8021737337112427
Malicious,Malicious,0.8021737337112427
Malicious,Malicious,0.8021737337112427
Malicious,Malicious,0.8021737337112427
Malicious,Malicious,0.8021737337112427
Malicious,Malicious,0.8021737337112427
Malicious,Malicious,0.8021737337112427
Malicious,Malicious,0.8007451891899109
Malicious,Malicious,0.8021737337112427
Malicious,Malicious,0.8021737337112427
Malicious,Malicious,0.8021737337112427
Malicious,Malicious,0.8021737337112427
Malicious,Malicious,0.8021737337112427
Malicious,Malicious,0.8021737337112427
Malicious,Malicious,0.8021737337112427
Malicious,Malicious,0.8021737337112427
Malicious,Malicious,0.8021737337112427
Malicious,Malicious,0.8021737337112427
Malicious,Malicious,0.7303052544593811
Malicious,Malicious,0.8021737337112427
Malicious,Malicious,0.8021737337112427
Malicious,Malicious,0.8021737337112427
Malicious,Malicious,0.8021737337112427
Malicious,Malicious,0.8021737337112427
Malicious,Malicious,0.8021737337112427
Malicious,Benign,0.2397037148475647
Malicious,Malicious,0.8021737337112427
Malicious,Malicious,0.8021737337112427
Malicious,Malicious,0.8021737337112427
Malicious,Malicious,0.8021737337112427
Malicious,Malicious,0.8021737337112427
Malicious,Malicious,0.8021737337112427
Malicious,Malicious,0.8021737337112427
Malicious,Malicious,0.8021737337112427
Malicious,Malicious,0.8021737337112427
Malicious,Malicious,0.8021737337112427
Malicious,Malicious,0.8021737337112427
Malicious,Malicious,0.8021737337112427
Malicious,Malicious,0.8021737337112427
Malicious,Malicious,0.8021737337112427
Malicious,Malicious,0.8021737337112427
Malicious,Malicious,0.8021737337112427
Malicious,Malicious,0.8021737337112427
Malicious,Malicious,0.8021737337112427
Malicious,Malicious,0.8021737337112427
Malicious,Malicious,0.8021737337112427
Malicious,Malicious,0.8021737337112427
Malicious,Malicious,0.8021737337112427
Malicious,Malicious,0.8021737337112427
Malicious,Malicious,0.8021737337112427
Malicious,Malicious,0.8021737337112427
Malicious,Malicious,0.8021737337112427
Malicious,Malicious,0.8021737337112427
Malicious,Malicious,0.8021737337112427
Malicious,Malicious,0.8021737337112427
Malicious,Malicious,0.8021737337112427
Malicious,Malicious,0.8021737337112427
Malicious,Malicious,0.8021737337112427
Malicious,Malicious,0.8021737337112427
Malicious,Malicious,0.8021737337112427
Malicious,Malicious,0.8021737337112427
Malicious,Malicious,0.8021737337112427
Malicious,Malicious,0.8021737337112427
Malicious,Malicious,0.8021737337112427
Malicious,Malicious,0.8011265397071838
Malicious,Malicious,0.8021737337112427
Malicious,Malicious,0.8021737337112427
Malicious,Malicious,0.8021737337112427
Malicious,Malicious,0.8021737337112427
Malicious,Malicious,0.8021737337112427
Malicious,Malicious,0.8021737337112427
Malicious,Malicious,0.8021737337112427
Malicious,Malicious,0.8021737337112427
Malicious,Malicious,0.8021737337112427
Malicious,Malicious,0.8021737337112427
Malicious,Malicious,0.8021737337112427
Malicious,Malicious,0.8021737337112427
Malicious,Malicious,0.8021737337112427
Malicious,Malicious,0.8021737337112427
Malicious,Malicious,0.8021737337112427
Malicious,Malicious,0.8021737337112427
Malicious,Malicious,0.8004616498947144
Malicious,Malicious,0.8021737337112427
Malicious,Malicious,0.8021737337112427
Malicious,Malicious,0.8021737337112427
Malicious,Malicious,0.8021737337112427
Malicious,Malicious,0.8021737337112427
Malicious,Malicious,0.8021737337112427
Malicious,Malicious,0.8021737337112427
Malicious,Malicious,0.8021737337112427
Malicious,Malicious,0.8021737337112427
Malicious,Malicious,0.8021737337112427
Malicious,Malicious,0.8021737337112427
Malicious,Malicious,0.8021737337112427
Malicious,Malicious,0.8021737337112427
Malicious,Malicious,0.8021737337112427
Malicious,Malicious,0.8021737337112427
Malicious,Malicious,0.8021737337112427
Malicious,Malicious,0.8021737337112427
Malicious,Malicious,0.8021737337112427
Malicious,Malicious,0.8021737337112427
Malicious,Malicious,0.8021737337112427
Malicious,Malicious,0.8021737337112427
Malicious,Malicious,0.8021737337112427
Malicious,Malicious,0.8021737337112427
Malicious,Malicious,0.8021737337112427
Malicious,Malicious,0.8021737337112427
Malicious,Malicious,0.8021737337112427
Malicious,Malicious,0.8021737337112427
Malicious,Benign,0.20158961415290833
Malicious,Malicious,0.8021737337112427
Malicious,Malicious,0.8021737337112427
Malicious,Malicious,0.8021737337112427
Malicious,Malicious,0.8021737337112427
Malicious,Malicious,0.8021737337112427
Malicious,Malicious,0.8021737337112427
Malicious,Malicious,0.8021737337112427
Malicious,Malicious,0.8021737337112427
Malicious,Malicious,0.8021737337112427
Malicious,Malicious,0.8021737337112427
Malicious,Malicious,0.8021737337112427
Malicious,Malicious,0.8021737337112427
Malicious,Malicious,0.8021737337112427
Malicious,Malicious,0.8021737337112427
Malicious,Malicious,0.8021737337112427
Malicious,Malicious,0.8021737337112427
Malicious,Malicious,0.8021737337112427
Malicious,Malicious,0.8021737337112427
Malicious,Malicious,0.8021737337112427
Malicious,Malicious,0.8021737337112427
Malicious,Malicious,0.8021737337112427
Malicious,Malicious,0.8021737337112427
Malicious,Malicious,0.8021737337112427
Malicious,Malicious,0.8021737337112427
Malicious,Malicious,0.8021737337112427
Malicious,Malicious,0.8021737337112427
Malicious,Malicious,0.8021737337112427
Malicious,Malicious,0.8021737337112427
Malicious,Malicious,0.8021737337112427
Malicious,Malicious,0.8021737337112427
Malicious,Malicious,0.8021737337112427
Malicious,Malicious,0.8021737337112427
Malicious,Malicious,0.8021737337112427
Malicious,Malicious,0.8021737337112427
Malicious,Malicious,0.8021737337112427
Malicious,Malicious,0.8021737337112427
Malicious,Malicious,0.8021737337112427
Malicious,Malicious,0.8021737337112427
Malicious,Malicious,0.8021737337112427
Malicious,Malicious,0.8021737337112427
Malicious,Malicious,0.8021737337112427
Malicious,Malicious,0.8021737337112427
Malicious,Malicious,0.8021737337112427
Malicious,Malicious,0.8021737337112427
Malicious,Malicious,0.8021737337112427
Malicious,Malicious,0.8021737337112427
Malicious,Malicious,0.8021737337112427
Malicious,Malicious,0.8021737337112427
Malicious,Malicious,0.8021737337112427
Malicious,Malicious,0.8021737337112427
Malicious,Malicious,0.8021737337112427
Malicious,Malicious,0.8021737337112427
Malicious,Malicious,0.8021737337112427
Malicious,Malicious,0.8021737337112427
Malicious,Malicious,0.8021737337112427
Malicious,Malicious,0.8021737337112427
Malicious,Malicious,0.8021737337112427
Malicious,Malicious,0.8021737337112427
Malicious,Malicious,0.8021737337112427
Malicious,Malicious,0.8021737337112427
Malicious,Malicious,0.8021737337112427
Malicious,Malicious,0.8021737337112427
Malicious,Malicious,0.8021737337112427
Malicious,Malicious,0.8021737337112427
Malicious,Malicious,0.8021737337112427
Malicious,Malicious,0.8021737337112427
Malicious,Malicious,0.8021737337112427
Malicious,Malicious,0.8021737337112427
Malicious,Malicious,0.8021737337112427
Malicious,Malicious,0.8021737337112427
Malicious,Malicious,0.8021737337112427
Malicious,Malicious,0.8021737337112427
Malicious,Malicious,0.8021737337112427
Malicious,Malicious,0.8021737337112427
Malicious,Malicious,0.8021737337112427
Malicious,Malicious,0.8021737337112427
Malicious,Malicious,0.8021737337112427
Malicious,Malicious,0.8021737337112427
Malicious,Malicious,0.8021737337112427
Malicious,Malicious,0.8021737337112427
Malicious,Malicious,0.8021737337112427
Malicious,Malicious,0.8021737337112427
Malicious,Malicious,0.8021737337112427
Malicious,Malicious,0.8021737337112427
Malicious,Malicious,0.8021737337112427
Malicious,Malicious,0.8021737337112427
Malicious,Malicious,0.8021737337112427
Malicious,Malicious,0.8021737337112427
Malicious,Malicious,0.8021737337112427
Malicious,Malicious,0.8021737337112427
Malicious,Malicious,0.8021737337112427
Malicious,Malicious,0.8021737337112427
Malicious,Malicious,0.8021737337112427
Malicious,Malicious,0.8021737337112427
Malicious,Malicious,0.8021737337112427
Malicious,Malicious,0.8021737337112427
Malicious,Malicious,0.8021737337112427
Malicious,Malicious,0.8021737337112427
Malicious,Malicious,0.8021737337112427
Malicious,Malicious,0.8021737337112427
Malicious,Malicious,0.8021737337112427
Malicious,Malicious,0.8021737337112427
Malicious,Malicious,0.8021737337112427
Malicious,Malicious,0.8021737337112427
Malicious,Malicious,0.8021737337112427
Malicious,Malicious,0.8021737337112427
Malicious,Malicious,0.8021737337112427
Malicious,Malicious,0.8021737337112427
Malicious,Malicious,0.8021737337112427
Malicious,Malicious,0.8021737337112427
Malicious,Malicious,0.8021737337112427
Malicious,Malicious,0.8021737337112427
Malicious,Malicious,0.8021737337112427
Malicious,Malicious,0.8021737337112427
Malicious,Malicious,0.8021737337112427
Malicious,Malicious,0.8021737337112427
Malicious,Malicious,0.8021737337112427
Malicious,Malicious,0.8021737337112427
Malicious,Malicious,0.8021737337112427
Malicious,Malicious,0.8021737337112427
Malicious,Malicious,0.8021737337112427
Malicious,Malicious,0.8021737337112427
Malicious,Benign,0.19999022781848907
Malicious,Malicious,0.8021737337112427
Malicious,Malicious,0.8021737337112427
Malicious,Malicious,0.8021737337112427
Malicious,Malicious,0.8021737337112427
Malicious,Malicious,0.8021737337112427
Malicious,Malicious,0.8021737337112427
Malicious,Malicious,0.8021737337112427
Malicious,Malicious,0.8021737337112427
Malicious,Malicious,0.8021737337112427
Malicious,Malicious,0.8021737337112427
Malicious,Malicious,0.8021737337112427
Malicious,Malicious,0.8021737337112427
Malicious,Malicious,0.8021737337112427
Malicious,Malicious,0.8021737337112427
Malicious,Malicious,0.8021737337112427
Malicious,Malicious,0.8021737337112427
Malicious,Malicious,0.8021737337112427
Malicious,Malicious,0.8021737337112427
Malicious,Malicious,0.8021737337112427
Malicious,Malicious,0.8021737337112427
Malicious,Malicious,0.8021737337112427
Malicious,Malicious,0.8021737337112427
Malicious,Malicious,0.8021737337112427
Malicious,Malicious,0.8021737337112427
Malicious,Malicious,0.8021737337112427
Malicious,Malicious,0.8021737337112427
Malicious,Malicious,0.8021737337112427
Malicious,Malicious,0.8021737337112427
Malicious,Malicious,0.8021737337112427
Malicious,Malicious,0.8021737337112427
Malicious,Malicious,0.8021737337112427
Malicious,Malicious,0.8021737337112427
Malicious,Malicious,0.8021737337112427
Malicious,Malicious,0.8021737337112427
Malicious,Malicious,0.8021737337112427
Malicious,Malicious,0.8021737337112427
Malicious,Malicious,0.8021737337112427
Malicious,Malicious,0.8021737337112427
Malicious,Malicious,0.8021737337112427
Malicious,Malicious,0.8021737337112427
Malicious,Malicious,0.8021737337112427
Malicious,Malicious,0.8021737337112427
Malicious,Malicious,0.8021737337112427
Malicious,Malicious,0.8021737337112427
Malicious,Malicious,0.8021737337112427
Malicious,Malicious,0.8021737337112427
Malicious,Malicious,0.8021737337112427
Malicious,Malicious,0.8021737337112427
Malicious,Malicious,0.8021737337112427
Malicious,Malicious,0.8021737337112427
Malicious,Malicious,0.8021737337112427
Malicious,Malicious,0.8021737337112427
Malicious,Malicious,0.8021737337112427
Malicious,Malicious,0.8021737337112427
Malicious,Malicious,0.8021737337112427
Malicious,Malicious,0.8021737337112427
Malicious,Malicious,0.8021737337112427
Malicious,Malicious,0.8021737337112427
Malicious,Malicious,0.8021737337112427
Malicious,Malicious,0.8021737337112427
Malicious,Malicious,0.8021737337112427
Malicious,Malicious,0.8021737337112427
Malicious,Malicious,0.8021737337112427
Malicious,Malicious,0.8021737337112427
Malicious,Malicious,0.8021737337112427
Malicious,Malicious,0.8021737337112427
Malicious,Malicious,0.8021737337112427
Malicious,Malicious,0.8021737337112427
Malicious,Malicious,0.8021737337112427
Malicious,Malicious,0.8021737337112427
Malicious,Malicious,0.8021737337112427
Malicious,Malicious,0.8021737337112427
Malicious,Malicious,0.802078902721405
Malicious,Malicious,0.8021737337112427
Malicious,Malicious,0.8021737337112427
Malicious,Malicious,0.8021737337112427
Malicious,Malicious,0.8021737337112427
Malicious,Malicious,0.8021737337112427
Malicious,Malicious,0.8021737337112427
Malicious,Malicious,0.8021737337112427
Malicious,Malicious,0.8021737337112427
Malicious,Malicious,0.8021737337112427
Malicious,Malicious,0.8021737337112427
Malicious,Malicious,0.8016975522041321
Malicious,Malicious,0.8021737337112427
Malicious,Malicious,0.8021737337112427
Malicious,Malicious,0.8021737337112427
Malicious,Malicious,0.8021737337112427
Malicious,Malicious,0.8021737337112427
Malicious,Malicious,0.8021737337112427
Malicious,Malicious,0.8021737337112427
Malicious,Malicious,0.8021737337112427
Malicious,Malicious,0.8021737337112427
Malicious,Malicious,0.8021737337112427
Malicious,Malicious,0.8021737337112427
Malicious,Malicious,0.8021737337112427
Malicious,Malicious,0.8021737337112427
Malicious,Malicious,0.8021737337112427
Malicious,Malicious,0.8021737337112427
Malicious,Malicious,0.8021737337112427
Malicious,Malicious,0.8021737337112427
Malicious,Malicious,0.8021737337112427
Malicious,Malicious,0.600821852684021
Malicious,Malicious,0.8021737337112427
Malicious,Malicious,0.8021737337112427
Malicious,Malicious,0.8021737337112427
Malicious,Malicious,0.8021737337112427
Malicious,Malicious,0.8021737337112427
Malicious,Malicious,0.8021737337112427
Malicious,Malicious,0.8021737337112427
Malicious,Malicious,0.8021737337112427
Malicious,Malicious,0.8021737337112427
Malicious,Malicious,0.8021737337112427
Malicious,Malicious,0.8021737337112427
Malicious,Malicious,0.8021737337112427
Malicious,Malicious,0.8021737337112427
Malicious,Malicious,0.8021737337112427
Malicious,Malicious,0.8021737337112427
Malicious,Malicious,0.8021737337112427
Malicious,Malicious,0.8021737337112427
Malicious,Malicious,0.8021737337112427
Malicious,Malicious,0.8021737337112427
Malicious,Malicious,0.8021737337112427
Malicious,Malicious,0.8021737337112427
Malicious,Malicious,0.8021737337112427
Malicious,Benign,0.23651085793972015
Malicious,Malicious,0.8021737337112427
Malicious,Malicious,0.8021737337112427
Malicious,Malicious,0.8021737337112427
Malicious,Malicious,0.802078902721405
Malicious,Malicious,0.8021737337112427
Malicious,Malicious,0.8021737337112427
Malicious,Malicious,0.8021737337112427
Malicious,Malicious,0.8021737337112427
Malicious,Malicious,0.8021737337112427
Malicious,Malicious,0.8021737337112427
Malicious,Malicious,0.8021737337112427
Malicious,Malicious,0.8021737337112427
Malicious,Malicious,0.8021737337112427
Malicious,Malicious,0.8021737337112427
Malicious,Malicious,0.8021737337112427
Malicious,Malicious,0.8021737337112427
Malicious,Malicious,0.8021737337112427
Malicious,Benign,0.20105542242527008
Malicious,Malicious,0.8021737337112427
Malicious,Malicious,0.8021737337112427
Malicious,Malicious,0.8021737337112427
Malicious,Malicious,0.8021737337112427
Malicious,Malicious,0.8021737337112427
Malicious,Malicious,0.8021737337112427
Malicious,Malicious,0.8021737337112427
Malicious,Malicious,0.8021737337112427
Malicious,Malicious,0.8021737337112427
Malicious,Malicious,0.8021737337112427
Malicious,Malicious,0.8021737337112427
Malicious,Malicious,0.8021737337112427
Malicious,Malicious,0.8021737337112427
Malicious,Malicious,0.8021737337112427
Malicious,Malicious,0.8021737337112427
Malicious,Malicious,0.8021737337112427
Malicious,Benign,0.21985755860805511
Malicious,Malicious,0.8021737337112427
Malicious,Malicious,0.8021737337112427
Malicious,Malicious,0.8021737337112427
Malicious,Malicious,0.8021737337112427
Malicious,Malicious,0.8021737337112427
Malicious,Malicious,0.8021737337112427
Malicious,Malicious,0.8021737337112427
Malicious,Malicious,0.8021737337112427
Malicious,Malicious,0.8021737337112427
Malicious,Malicious,0.8021737337112427
Malicious,Malicious,0.8021737337112427
Malicious,Malicious,0.8021737337112427
Malicious,Malicious,0.8021737337112427
Malicious,Malicious,0.8021737337112427
Malicious,Malicious,0.8021737337112427
Malicious,Malicious,0.8021737337112427
Malicious,Malicious,0.8021737337112427
Malicious,Malicious,0.8021737337112427
Malicious,Malicious,0.8021737337112427
Malicious,Malicious,0.8021737337112427
Malicious,Malicious,0.8021737337112427
Malicious,Malicious,0.8021737337112427
Malicious,Malicious,0.8021737337112427
Malicious,Malicious,0.8021737337112427
Malicious,Malicious,0.8021737337112427
Malicious,Malicious,0.8021737337112427
Malicious,Malicious,0.8021737337112427
Malicious,Malicious,0.8021737337112427
Malicious,Malicious,0.8021737337112427
Malicious,Malicious,0.8021737337112427
Malicious,Malicious,0.8021737337112427
Malicious,Malicious,0.8021737337112427
Malicious,Malicious,0.8021737337112427
Malicious,Malicious,0.8021737337112427
Malicious,Malicious,0.8021737337112427
Malicious,Malicious,0.8021737337112427
Malicious,Malicious,0.8021737337112427
Malicious,Malicious,0.8021737337112427
Malicious,Malicious,0.8021737337112427
Malicious,Malicious,0.8021737337112427
Malicious,Malicious,0.8021737337112427
Malicious,Malicious,0.8021737337112427
Malicious,Malicious,0.8021737337112427
Malicious,Malicious,0.8021737337112427
Malicious,Malicious,0.8021737337112427
Malicious,Malicious,0.8021737337112427
Malicious,Malicious,0.8021737337112427
Malicious,Malicious,0.8021737337112427
Malicious,Malicious,0.8021737337112427
Malicious,Malicious,0.8021737337112427
Malicious,Malicious,0.8021737337112427
Malicious,Malicious,0.8021737337112427
Malicious,Malicious,0.8021737337112427
Malicious,Malicious,0.8021737337112427
Malicious,Malicious,0.8021737337112427
Malicious,Malicious,0.8021737337112427
Malicious,Malicious,0.8021737337112427
Malicious,Malicious,0.8021737337112427
Malicious,Malicious,0.8021737337112427
Malicious,Malicious,0.8021737337112427
Malicious,Malicious,0.8021737337112427
Malicious,Malicious,0.8021737337112427
Malicious,Malicious,0.8021737337112427
Malicious,Malicious,0.8021737337112427
Malicious,Malicious,0.8021737337112427
Malicious,Malicious,0.8021737337112427
Malicious,Malicious,0.8021737337112427
Malicious,Malicious,0.8021737337112427
Malicious,Malicious,0.8021737337112427
Malicious,Malicious,0.8021737337112427
Malicious,Malicious,0.8021737337112427
Malicious,Malicious,0.8021737337112427
Malicious,Malicious,0.8021737337112427
Malicious,Malicious,0.8021737337112427
Malicious,Malicious,0.8021737337112427
Malicious,Malicious,0.8021737337112427
Malicious,Malicious,0.8021737337112427
Malicious,Malicious,0.8021737337112427
Malicious,Malicious,0.8021737337112427
Malicious,Malicious,0.8021737337112427
Malicious,Malicious,0.8021737337112427
Malicious,Malicious,0.8021737337112427
Malicious,Malicious,0.8021737337112427
Malicious,Malicious,0.8021737337112427
Malicious,Malicious,0.8021737337112427
Malicious,Malicious,0.8021737337112427
Malicious,Malicious,0.8021737337112427
Malicious,Malicious,0.8021737337112427
Malicious,Malicious,0.8021737337112427
Malicious,Malicious,0.8021737337112427
Malicious,Malicious,0.8021737337112427
Malicious,Malicious,0.8021737337112427
Malicious,Malicious,0.8021737337112427
Malicious,Malicious,0.8021737337112427
Malicious,Malicious,0.8021737337112427
Malicious,Malicious,0.8021737337112427
Malicious,Malicious,0.8021737337112427
Malicious,Malicious,0.8021737337112427
Malicious,Malicious,0.8021737337112427
Malicious,Malicious,0.8021737337112427
Malicious,Malicious,0.8021737337112427
Malicious,Malicious,0.8021737337112427
Malicious,Malicious,0.8021737337112427
Malicious,Malicious,0.8021737337112427
Malicious,Malicious,0.8021737337112427
Malicious,Malicious,0.8021737337112427
Malicious,Malicious,0.8021737337112427
Malicious,Malicious,0.8021737337112427
Malicious,Malicious,0.8021737337112427
Malicious,Malicious,0.8021737337112427
Malicious,Malicious,0.8021737337112427
Malicious,Malicious,0.8021737337112427
Malicious,Benign,0.19951403141021729
Malicious,Malicious,0.8021737337112427
Malicious,Malicious,0.8021737337112427
Malicious,Malicious,0.8021737337112427
Malicious,Malicious,0.8021737337112427
Malicious,Malicious,0.8021737337112427
Malicious,Malicious,0.8021737337112427
Malicious,Malicious,0.8021737337112427
Malicious,Malicious,0.8021737337112427
Malicious,Malicious,0.8021737337112427
Malicious,Malicious,0.8021737337112427
Malicious,Malicious,0.8021737337112427
Malicious,Malicious,0.8021737337112427
Malicious,Malicious,0.8021737337112427
Malicious,Malicious,0.8021737337112427
Malicious,Malicious,0.8021737337112427
Malicious,Malicious,0.8021737337112427
Malicious,Malicious,0.8021737337112427
Malicious,Malicious,0.8021737337112427
Malicious,Malicious,0.8021737337112427
Malicious,Malicious,0.8021737337112427
Malicious,Malicious,0.8021737337112427
Malicious,Malicious,0.8021737337112427
Malicious,Malicious,0.8021737337112427
Malicious,Malicious,0.8021737337112427
Malicious,Malicious,0.8021737337112427
Malicious,Malicious,0.8021737337112427
Malicious,Malicious,0.8021737337112427
Malicious,Malicious,0.8021737337112427
Malicious,Malicious,0.8021737337112427
Malicious,Malicious,0.8021737337112427
Malicious,Malicious,0.8021737337112427
Malicious,Malicious,0.8021737337112427
Malicious,Malicious,0.8021737337112427
Malicious,Malicious,0.8021737337112427
Malicious,Malicious,0.8021737337112427
Malicious,Malicious,0.8021737337112427
Malicious,Malicious,0.8021737337112427
Malicious,Malicious,0.8021737337112427
Malicious,Malicious,0.8021737337112427
Malicious,Malicious,0.8021737337112427
Malicious,Malicious,0.8021737337112427
Malicious,Malicious,0.8021737337112427
Malicious,Malicious,0.8021737337112427
Malicious,Malicious,0.8021737337112427
Malicious,Malicious,0.8021737337112427
Malicious,Malicious,0.8021737337112427
Malicious,Malicious,0.8021737337112427
Malicious,Malicious,0.8021737337112427
Malicious,Malicious,0.8021737337112427
Malicious,Malicious,0.8021737337112427
Malicious,Malicious,0.8021737337112427
Malicious,Malicious,0.8021737337112427
Malicious,Malicious,0.8021737337112427
Malicious,Malicious,0.8021737337112427
Malicious,Malicious,0.8021737337112427
Malicious,Malicious,0.8021737337112427
Malicious,Malicious,0.8021737337112427
Malicious,Malicious,0.8021737337112427
Malicious,Malicious,0.8021737337112427
Malicious,Malicious,0.8021737337112427
Malicious,Malicious,0.8021737337112427
Malicious,Malicious,0.8021737337112427
Malicious,Malicious,0.8021737337112427
Malicious,Malicious,0.8021737337112427
Malicious,Malicious,0.8021737337112427
Malicious,Malicious,0.8021737337112427
Malicious,Malicious,0.8021737337112427
Malicious,Malicious,0.8021737337112427
Malicious,Malicious,0.8021737337112427
Malicious,Malicious,0.8021737337112427
Malicious,Malicious,0.8021737337112427
Malicious,Malicious,0.8021737337112427
Malicious,Malicious,0.8021737337112427
Malicious,Malicious,0.8021737337112427
Malicious,Malicious,0.8021737337112427
Malicious,Malicious,0.8021737337112427
Malicious,Malicious,0.8021737337112427
Malicious,Malicious,0.8021737337112427
Malicious,Malicious,0.8021737337112427
Malicious,Malicious,0.8021737337112427
Malicious,Malicious,0.8021737337112427
Malicious,Malicious,0.8021737337112427
Malicious,Malicious,0.8021737337112427
Malicious,Malicious,0.8021737337112427
Malicious,Malicious,0.8021737337112427
Malicious,Malicious,0.8021737337112427
Malicious,Malicious,0.8021737337112427
Malicious,Malicious,0.8021737337112427
Malicious,Malicious,0.8021737337112427
Malicious,Malicious,0.8021737337112427
Malicious,Malicious,0.8021737337112427
Malicious,Malicious,0.8021737337112427
Malicious,Malicious,0.8021737337112427
Malicious,Malicious,0.8021737337112427
Malicious,Malicious,0.8021737337112427
Malicious,Malicious,0.8021737337112427
Malicious,Malicious,0.8021737337112427
Malicious,Malicious,0.8021737337112427
Malicious,Malicious,0.8021737337112427
Malicious,Malicious,0.8021737337112427
Malicious,Benign,0.39745044708251953
Malicious,Malicious,0.8021737337112427
Malicious,Malicious,0.8021737337112427
Malicious,Malicious,0.8021737337112427
Malicious,Malicious,0.8021737337112427
Malicious,Malicious,0.8021737337112427
Malicious,Malicious,0.8021737337112427
Malicious,Malicious,0.8021737337112427
Malicious,Malicious,0.8021737337112427
Malicious,Malicious,0.8021737337112427
Malicious,Malicious,0.8021737337112427
Malicious,Malicious,0.8021737337112427
Malicious,Malicious,0.8021737337112427
Malicious,Malicious,0.8021737337112427
Malicious,Malicious,0.8021737337112427
Malicious,Malicious,0.8021737337112427
Malicious,Malicious,0.8021737337112427
Malicious,Malicious,0.8021737337112427
Malicious,Malicious,0.8021737337112427
Malicious,Malicious,0.8021737337112427
Malicious,Malicious,0.8021737337112427
Malicious,Malicious,0.8021737337112427
Malicious,Malicious,0.8021737337112427
Malicious,Malicious,0.8021737337112427
Malicious,Malicious,0.8021737337112427
Malicious,Malicious,0.8021737337112427
Malicious,Malicious,0.8021737337112427
Malicious,Malicious,0.8021737337112427
Malicious,Malicious,0.8021737337112427
Malicious,Malicious,0.8021737337112427
Malicious,Malicious,0.8021737337112427
Malicious,Malicious,0.8012213706970215
Malicious,Malicious,0.8021737337112427
Malicious,Malicious,0.8021737337112427
Malicious,Malicious,0.8021737337112427
Malicious,Malicious,0.8021737337112427
Malicious,Malicious,0.8021737337112427
Malicious,Malicious,0.8021737337112427
Malicious,Malicious,0.8021737337112427
Malicious,Malicious,0.8021737337112427
Malicious,Malicious,0.8021737337112427
Malicious,Malicious,0.8021737337112427
Malicious,Malicious,0.8021737337112427
Malicious,Malicious,0.8021737337112427
Malicious,Malicious,0.8021737337112427
Malicious,Malicious,0.8021737337112427
Malicious,Malicious,0.8021737337112427
Malicious,Malicious,0.8021737337112427
Malicious,Malicious,0.8021737337112427
Malicious,Malicious,0.8021737337112427
Malicious,Malicious,0.8016975522041321
Malicious,Malicious,0.8021737337112427
Malicious,Malicious,0.8021737337112427
Malicious,Malicious,0.8021737337112427
Malicious,Malicious,0.8021737337112427
Malicious,Malicious,0.8021737337112427
Malicious,Malicious,0.8021737337112427
Malicious,Malicious,0.8021737337112427
Malicious,Malicious,0.8021737337112427
Malicious,Malicious,0.8021737337112427
Malicious,Malicious,0.8021737337112427
Malicious,Malicious,0.8021737337112427
Malicious,Malicious,0.8021737337112427
Malicious,Malicious,0.8021737337112427
Malicious,Malicious,0.8021737337112427
Malicious,Malicious,0.8021737337112427
Malicious,Malicious,0.8021737337112427
Malicious,Malicious,0.8021737337112427
Malicious,Malicious,0.8021737337112427
Malicious,Malicious,0.8021737337112427
Malicious,Malicious,0.8021737337112427
Malicious,Malicious,0.8021737337112427
Malicious,Malicious,0.8021737337112427
Malicious,Malicious,0.8021737337112427
Malicious,Malicious,0.8021737337112427
Malicious,Malicious,0.8021737337112427
Malicious,Malicious,0.8021737337112427
Malicious,Malicious,0.8021737337112427
Malicious,Malicious,0.8021737337112427
Malicious,Malicious,0.8021737337112427
Malicious,Malicious,0.8021737337112427
Malicious,Malicious,0.8021737337112427
Malicious,Malicious,0.8021737337112427
Malicious,Malicious,0.8021737337112427
Malicious,Malicious,0.8021737337112427
Malicious,Malicious,0.8021737337112427
Malicious,Malicious,0.8021737337112427
Malicious,Malicious,0.8021737337112427
Malicious,Malicious,0.8021737337112427
Malicious,Malicious,0.8021737337112427
Malicious,Benign,0.21135792136192322
Malicious,Malicious,0.8021737337112427
Malicious,Malicious,0.8021737337112427
Malicious,Malicious,0.8021737337112427
Malicious,Malicious,0.8021737337112427
Malicious,Malicious,0.8021737337112427
Malicious,Malicious,0.8021737337112427
Malicious,Malicious,0.8021737337112427
Malicious,Malicious,0.8021737337112427
Malicious,Malicious,0.8021737337112427
Malicious,Benign,0.4012323021888733
Malicious,Malicious,0.8021737337112427
Malicious,Malicious,0.8021737337112427
Malicious,Malicious,0.8021737337112427
Malicious,Malicious,0.8021737337112427
Malicious,Malicious,0.8021737337112427
Malicious,Malicious,0.8021737337112427
Malicious,Malicious,0.8021737337112427
Malicious,Malicious,0.8021737337112427
Malicious,Malicious,0.8021737337112427
Malicious,Malicious,0.8021737337112427
Malicious,Malicious,0.8021737337112427
Malicious,Malicious,0.8021737337112427
Malicious,Malicious,0.8021737337112427
Malicious,Malicious,0.8021737337112427
Malicious,Malicious,0.8021737337112427
Malicious,Malicious,0.8021737337112427
Malicious,Malicious,0.8021737337112427
Malicious,Malicious,0.8021737337112427
Malicious,Malicious,0.8021737337112427
Malicious,Malicious,0.8021737337112427
Malicious,Malicious,0.8021737337112427
Malicious,Malicious,0.8021737337112427
Malicious,Malicious,0.8021737337112427
Malicious,Malicious,0.8021737337112427
Malicious,Malicious,0.8021737337112427
Malicious,Malicious,0.8021737337112427
Malicious,Malicious,0.8021737337112427
Malicious,Malicious,0.8021737337112427
Malicious,Malicious,0.8021737337112427
Malicious,Malicious,0.8021737337112427
Malicious,Malicious,0.8021737337112427
Malicious,Malicious,0.8021737337112427
Malicious,Malicious,0.8021737337112427
Malicious,Malicious,0.8021737337112427
Malicious,Malicious,0.8021737337112427
Malicious,Malicious,0.8021737337112427
Malicious,Malicious,0.8021737337112427
Malicious,Malicious,0.8021737337112427
Malicious,Malicious,0.8021737337112427
Malicious,Malicious,0.8021737337112427
Malicious,Malicious,0.8021737337112427
Malicious,Malicious,0.8021737337112427
Malicious,Malicious,0.8021737337112427
Malicious,Benign,0.19951403141021729
Malicious,Malicious,0.8021737337112427
Malicious,Malicious,0.8021737337112427
Malicious,Malicious,0.8021737337112427
Malicious,Malicious,0.8021737337112427
Malicious,Malicious,0.8021737337112427
Malicious,Malicious,0.8021737337112427
Malicious,Malicious,0.8021737337112427
Malicious,Malicious,0.8021737337112427
Malicious,Malicious,0.8021737337112427
Malicious,Malicious,0.8021737337112427
Malicious,Malicious,0.8021737337112427
Malicious,Malicious,0.8021737337112427
Malicious,Malicious,0.8021737337112427
Malicious,Malicious,0.8021737337112427
Malicious,Malicious,0.8021737337112427
Malicious,Malicious,0.8021737337112427
Malicious,Malicious,0.8021737337112427
Malicious,Malicious,0.8021737337112427
Malicious,Malicious,0.8021737337112427
Malicious,Malicious,0.8021737337112427
Malicious,Malicious,0.8021737337112427
Malicious,Malicious,0.8021737337112427
Malicious,Malicious,0.8021737337112427
Malicious,Malicious,0.8021737337112427
Malicious,Malicious,0.8021737337112427
Malicious,Malicious,0.8021737337112427
Malicious,Malicious,0.8021737337112427
Malicious,Malicious,0.8021737337112427
Malicious,Malicious,0.8021737337112427
Malicious,Malicious,0.8021737337112427
Malicious,Malicious,0.8021737337112427
Malicious,Malicious,0.8021737337112427
Malicious,Malicious,0.8021737337112427
Malicious,Malicious,0.8021737337112427
Malicious,Malicious,0.8021737337112427
Malicious,Malicious,0.8021737337112427
Malicious,Malicious,0.8021737337112427
Malicious,Malicious,0.8021737337112427
Malicious,Malicious,0.8021737337112427
Malicious,Malicious,0.8021737337112427
Malicious,Malicious,0.8021737337112427
Malicious,Malicious,0.8021737337112427
Malicious,Malicious,0.8021737337112427
Malicious,Malicious,0.8021737337112427
Malicious,Malicious,0.8021737337112427
Malicious,Malicious,0.8021737337112427
Malicious,Malicious,0.8021737337112427
Malicious,Malicious,0.8021737337112427
Malicious,Malicious,0.8021737337112427
Malicious,Malicious,0.8021737337112427
Malicious,Malicious,0.8021737337112427
Malicious,Malicious,0.8021737337112427
Malicious,Malicious,0.8021737337112427
Malicious,Malicious,0.8021737337112427
Malicious,Malicious,0.8021737337112427
Malicious,Malicious,0.8021737337112427
Malicious,Malicious,0.8021737337112427
Malicious,Malicious,0.8021737337112427
Malicious,Malicious,0.8021737337112427
Malicious,Malicious,0.8021737337112427
Malicious,Malicious,0.8021737337112427
Malicious,Malicious,0.8021737337112427
Malicious,Malicious,0.8021737337112427
Malicious,Malicious,0.8021737337112427
Malicious,Malicious,0.8021737337112427
Malicious,Malicious,0.8021737337112427
Malicious,Malicious,0.8021737337112427
Malicious,Malicious,0.8021737337112427
Malicious,Malicious,0.8021737337112427
Malicious,Malicious,0.8021737337112427
Malicious,Malicious,0.8021737337112427
Malicious,Malicious,0.8021737337112427
Malicious,Malicious,0.8021737337112427
Malicious,Malicious,0.8021737337112427
Malicious,Malicious,0.8021737337112427
Malicious,Malicious,0.8021737337112427
Malicious,Malicious,0.8021737337112427
Malicious,Malicious,0.8021737337112427
Malicious,Malicious,0.8021737337112427
Malicious,Malicious,0.8021737337112427
Malicious,Malicious,0.8021737337112427
Malicious,Malicious,0.8021737337112427
Malicious,Malicious,0.8021737337112427
Malicious,Malicious,0.8021737337112427
Malicious,Malicious,0.8021737337112427
Malicious,Malicious,0.8021737337112427
Malicious,Malicious,0.8016975522041321
Malicious,Malicious,0.8021737337112427
Malicious,Malicious,0.8021737337112427
Malicious,Malicious,0.8021737337112427
Malicious,Malicious,0.8021737337112427
Malicious,Malicious,0.8021737337112427
Malicious,Malicious,0.8021737337112427
Malicious,Malicious,0.8021737337112427
Malicious,Malicious,0.8021737337112427
Malicious,Malicious,0.8021737337112427
Malicious,Malicious,0.8021737337112427
Malicious,Malicious,0.8021737337112427
Malicious,Malicious,0.8021737337112427
Malicious,Malicious,0.8021737337112427
Malicious,Malicious,0.8021737337112427
Malicious,Malicious,0.8021737337112427
Malicious,Malicious,0.8016975522041321
Malicious,Malicious,0.8021737337112427
Malicious,Malicious,0.8021737337112427
Malicious,Malicious,0.8021737337112427
Malicious,Malicious,0.8021737337112427
Malicious,Malicious,0.8021737337112427
Malicious,Malicious,0.8021737337112427
Malicious,Malicious,0.8021737337112427
Malicious,Malicious,0.8021737337112427
Malicious,Malicious,0.8021737337112427
Malicious,Malicious,0.8021737337112427
Malicious,Malicious,0.8021737337112427
Malicious,Malicious,0.8021737337112427
Malicious,Malicious,0.8021737337112427
Malicious,Malicious,0.8021737337112427
Malicious,Malicious,0.8021737337112427
Malicious,Malicious,0.8021737337112427
Malicious,Malicious,0.8021737337112427
Malicious,Malicious,0.8021737337112427
Malicious,Malicious,0.8021737337112427
Malicious,Malicious,0.8021737337112427
Malicious,Malicious,0.8021737337112427
Malicious,Malicious,0.8021737337112427
Malicious,Malicious,0.8021737337112427
Malicious,Malicious,0.8021737337112427
Malicious,Malicious,0.8021737337112427
Malicious,Malicious,0.8021737337112427
Malicious,Malicious,0.8021737337112427
Malicious,Malicious,0.8021737337112427
Malicious,Malicious,0.8021737337112427
Malicious,Malicious,0.8021737337112427
Malicious,Malicious,0.8021737337112427
Malicious,Malicious,0.8021737337112427
Malicious,Malicious,0.8021737337112427
Malicious,Malicious,0.8021737337112427
Malicious,Malicious,0.8021737337112427
Malicious,Malicious,0.8021737337112427
Malicious,Malicious,0.8021737337112427
Malicious,Malicious,0.8021737337112427
Malicious,Malicious,0.8021737337112427
Malicious,Malicious,0.8021737337112427
Malicious,Malicious,0.8021737337112427
Malicious,Malicious,0.8021737337112427
Malicious,Malicious,0.8021737337112427
Malicious,Malicious,0.8021737337112427
Malicious,Malicious,0.8021737337112427
Malicious,Malicious,0.8021737337112427
Malicious,Malicious,0.8021737337112427
Malicious,Malicious,0.8021737337112427
Malicious,Benign,0.2064189612865448
Malicious,Malicious,0.8021737337112427
Malicious,Malicious,0.8021737337112427
Malicious,Malicious,0.8021737337112427
Malicious,Malicious,0.8021737337112427
Malicious,Malicious,0.8021737337112427
Malicious,Malicious,0.8021737337112427
Malicious,Malicious,0.8021737337112427
Malicious,Malicious,0.8021737337112427
Malicious,Malicious,0.8021737337112427
Malicious,Malicious,0.8021737337112427
Malicious,Malicious,0.8021737337112427
Malicious,Malicious,0.8021737337112427
Malicious,Malicious,0.8021737337112427
Malicious,Malicious,0.8021737337112427
Malicious,Malicious,0.8021737337112427
Malicious,Malicious,0.8021737337112427
Malicious,Malicious,0.8021737337112427
Malicious,Malicious,0.8021737337112427
Malicious,Malicious,0.8021737337112427
Malicious,Malicious,0.8021737337112427
Malicious,Malicious,0.8021737337112427
Malicious,Malicious,0.8021737337112427
Malicious,Malicious,0.8021737337112427
Malicious,Malicious,0.8021737337112427
Malicious,Malicious,0.8021737337112427
Malicious,Malicious,0.8021737337112427
Malicious,Malicious,0.8021737337112427
Malicious,Malicious,0.8021737337112427
Malicious,Malicious,0.8021737337112427
Malicious,Malicious,0.8021737337112427
Malicious,Malicious,0.8021737337112427
Malicious,Malicious,0.8021737337112427
Malicious,Malicious,0.8021737337112427
Malicious,Malicious,0.8021737337112427
Malicious,Malicious,0.8021737337112427
Malicious,Malicious,0.8021737337112427
Malicious,Malicious,0.8021737337112427
Malicious,Malicious,0.8021737337112427
Malicious,Malicious,0.8021737337112427
Malicious,Malicious,0.8021737337112427
Malicious,Malicious,0.8021737337112427
Malicious,Malicious,0.8021737337112427
Malicious,Malicious,0.8021737337112427
Malicious,Malicious,0.8021737337112427
Malicious,Malicious,0.8021737337112427
Malicious,Malicious,0.8021737337112427
Malicious,Malicious,0.8021737337112427
Malicious,Malicious,0.8021737337112427
Malicious,Malicious,0.8021737337112427
Malicious,Malicious,0.8021737337112427
Malicious,Malicious,0.5060409903526306
Malicious,Malicious,0.8021737337112427
Malicious,Malicious,0.8021737337112427
Malicious,Malicious,0.8021737337112427
Malicious,Malicious,0.8021737337112427
Malicious,Malicious,0.8021737337112427
Malicious,Malicious,0.8021737337112427
Malicious,Malicious,0.8021737337112427
Malicious,Malicious,0.8021737337112427
Malicious,Malicious,0.8021737337112427
Malicious,Malicious,0.8021737337112427
Malicious,Malicious,0.8021737337112427
Malicious,Malicious,0.8021737337112427
Malicious,Malicious,0.8021737337112427
Malicious,Malicious,0.8021737337112427
Malicious,Malicious,0.8021737337112427
Malicious,Malicious,0.8021737337112427
Malicious,Malicious,0.8021737337112427
Malicious,Malicious,0.8021737337112427
Malicious,Malicious,0.8021737337112427
Malicious,Malicious,0.8021737337112427
Malicious,Malicious,0.8021737337112427
Malicious,Malicious,0.8021737337112427
Malicious,Malicious,0.8021737337112427
Malicious,Malicious,0.8021737337112427
Malicious,Malicious,0.8021737337112427
Malicious,Malicious,0.8021737337112427
Malicious,Malicious,0.8021737337112427
Malicious,Malicious,0.8021737337112427
Malicious,Malicious,0.8021737337112427
Malicious,Malicious,0.8021737337112427
Malicious,Malicious,0.8021737337112427
Malicious,Malicious,0.8021737337112427
Malicious,Malicious,0.8021737337112427
Malicious,Malicious,0.8021737337112427
Malicious,Malicious,0.8021737337112427
Malicious,Benign,0.23687410354614258
Malicious,Malicious,0.8021737337112427
Malicious,Malicious,0.8021737337112427
Malicious,Malicious,0.8021737337112427
Malicious,Malicious,0.8021737337112427
Malicious,Malicious,0.8021737337112427
Malicious,Malicious,0.8021737337112427
Malicious,Malicious,0.8021737337112427
Malicious,Malicious,0.8021737337112427
Malicious,Malicious,0.8021737337112427
Malicious,Malicious,0.8021737337112427
Malicious,Malicious,0.8021737337112427
Malicious,Malicious,0.8021737337112427
Malicious,Malicious,0.8021737337112427
Malicious,Malicious,0.8021737337112427
Malicious,Malicious,0.8021737337112427
Malicious,Malicious,0.8021737337112427
Malicious,Malicious,0.8021737337112427
Malicious,Malicious,0.8021737337112427
Malicious,Malicious,0.8021737337112427
Malicious,Malicious,0.8021737337112427
Malicious,Malicious,0.8021737337112427
Malicious,Malicious,0.8021737337112427
Malicious,Malicious,0.8021737337112427
Malicious,Malicious,0.8021737337112427
Malicious,Malicious,0.8016027212142944
Malicious,Malicious,0.8021737337112427
Malicious,Malicious,0.8021737337112427
Malicious,Malicious,0.8021737337112427
Malicious,Malicious,0.8021737337112427
Malicious,Malicious,0.8021737337112427
Malicious,Malicious,0.8021737337112427
Malicious,Malicious,0.8021737337112427
Malicious,Malicious,0.8021737337112427
Malicious,Malicious,0.8021737337112427
Malicious,Malicious,0.8021737337112427
Malicious,Malicious,0.8021737337112427
Malicious,Malicious,0.8021737337112427
Malicious,Malicious,0.8021737337112427
Malicious,Malicious,0.8021737337112427
Malicious,Malicious,0.8021737337112427
Malicious,Malicious,0.8021737337112427
Malicious,Malicious,0.8021737337112427
Malicious,Malicious,0.8021737337112427
Malicious,Malicious,0.7981573343276978
Malicious,Malicious,0.8021737337112427
Malicious,Malicious,0.8021737337112427
Malicious,Malicious,0.8021737337112427
Malicious,Malicious,0.8021737337112427
Malicious,Malicious,0.8021737337112427
Malicious,Malicious,0.8021737337112427
Malicious,Malicious,0.8021737337112427
Malicious,Malicious,0.8021737337112427
Malicious,Malicious,0.8021737337112427
Malicious,Malicious,0.8021737337112427
Malicious,Malicious,0.8021737337112427
Malicious,Malicious,0.8021737337112427
Malicious,Malicious,0.8021737337112427
Malicious,Malicious,0.8021737337112427
Malicious,Malicious,0.8021737337112427
Malicious,Malicious,0.8021737337112427
Malicious,Malicious,0.8021737337112427
Malicious,Malicious,0.8021737337112427
Malicious,Malicious,0.8021737337112427
Malicious,Malicious,0.8021737337112427
Malicious,Malicious,0.8021737337112427
Malicious,Malicious,0.8021737337112427
Malicious,Malicious,0.8021737337112427
Malicious,Malicious,0.8021737337112427
Malicious,Malicious,0.8021737337112427
Malicious,Malicious,0.8021737337112427
Malicious,Malicious,0.8021737337112427
Malicious,Malicious,0.8021737337112427
Malicious,Malicious,0.8021737337112427
Malicious,Malicious,0.8021737337112427
Malicious,Malicious,0.8021737337112427
Malicious,Malicious,0.8021737337112427
Malicious,Malicious,0.8021737337112427
Malicious,Malicious,0.8021737337112427
Malicious,Malicious,0.8021737337112427
Malicious,Malicious,0.8016975522041321
Malicious,Malicious,0.8021737337112427
Malicious,Malicious,0.8021737337112427
Malicious,Malicious,0.8021737337112427
Malicious,Malicious,0.8021737337112427
Malicious,Malicious,0.8021737337112427
Malicious,Malicious,0.8021737337112427
Malicious,Malicious,0.8021737337112427
Malicious,Malicious,0.8021737337112427
Malicious,Malicious,0.8021737337112427
Malicious,Malicious,0.8021737337112427
Malicious,Malicious,0.8021737337112427
Malicious,Malicious,0.8021737337112427
Malicious,Malicious,0.8021737337112427
Malicious,Malicious,0.8021737337112427
Malicious,Malicious,0.8021737337112427
Malicious,Malicious,0.8021737337112427
Malicious,Malicious,0.8021737337112427
Malicious,Malicious,0.5849592685699463
Malicious,Malicious,0.8021737337112427
Malicious,Malicious,0.8021737337112427
Malicious,Malicious,0.8021737337112427
Malicious,Malicious,0.8021737337112427
Malicious,Malicious,0.8021737337112427
Malicious,Malicious,0.8021737337112427
Malicious,Malicious,0.7632471919059753
Malicious,Malicious,0.8021737337112427
Malicious,Malicious,0.8021737337112427
Malicious,Malicious,0.8021737337112427
Malicious,Malicious,0.8021737337112427
Malicious,Malicious,0.8021737337112427
Malicious,Malicious,0.8021737337112427
Malicious,Malicious,0.8021737337112427
Malicious,Malicious,0.8021737337112427
Malicious,Malicious,0.8021737337112427
Malicious,Malicious,0.8021737337112427
Malicious,Malicious,0.8021737337112427
Malicious,Malicious,0.8021737337112427
Malicious,Malicious,0.8021737337112427
Malicious,Malicious,0.8021737337112427
Malicious,Malicious,0.8021737337112427
Malicious,Benign,0.2640593647956848
Malicious,Malicious,0.8021737337112427
Malicious,Malicious,0.5240215063095093
Malicious,Malicious,0.8021737337112427
Malicious,Malicious,0.8021737337112427
Malicious,Malicious,0.8021737337112427
Malicious,Malicious,0.8021737337112427
Malicious,Malicious,0.8021737337112427
Malicious,Malicious,0.8021737337112427
Malicious,Malicious,0.8021737337112427
Malicious,Malicious,0.8021737337112427
Malicious,Malicious,0.8021737337112427
Malicious,Malicious,0.8021737337112427
Malicious,Malicious,0.8021737337112427
Malicious,Malicious,0.802078902721405
Malicious,Malicious,0.8021737337112427
Malicious,Malicious,0.8021737337112427
Malicious,Malicious,0.8021737337112427
Malicious,Malicious,0.8021737337112427
Malicious,Malicious,0.8021737337112427
Malicious,Malicious,0.8021737337112427
Malicious,Malicious,0.8021737337112427
Malicious,Malicious,0.8021737337112427
Malicious,Malicious,0.8021737337112427
Malicious,Malicious,0.8021737337112427
Malicious,Malicious,0.8021737337112427
Malicious,Malicious,0.8021737337112427
Malicious,Malicious,0.8021737337112427
Malicious,Malicious,0.8021737337112427
Malicious,Malicious,0.8021737337112427
Malicious,Malicious,0.8021737337112427
Malicious,Malicious,0.802078902721405
Malicious,Malicious,0.8021737337112427
Malicious,Malicious,0.8021737337112427
Malicious,Malicious,0.8021737337112427
Malicious,Malicious,0.8021737337112427
Malicious,Malicious,0.8021737337112427
Malicious,Malicious,0.8021737337112427
Malicious,Malicious,0.8021737337112427
Malicious,Malicious,0.8021737337112427
Malicious,Malicious,0.8021737337112427
Malicious,Malicious,0.8021737337112427
Malicious,Malicious,0.8021737337112427
Malicious,Malicious,0.8021737337112427
Malicious,Malicious,0.8021737337112427
Malicious,Malicious,0.8021737337112427
Malicious,Malicious,0.8021737337112427
Malicious,Malicious,0.800937831401825
Malicious,Malicious,0.8021737337112427
Malicious,Malicious,0.8007451891899109
Malicious,Malicious,0.8021737337112427
Malicious,Malicious,0.8021737337112427
Malicious,Malicious,0.8021737337112427
Malicious,Malicious,0.8021737337112427
Malicious,Malicious,0.8021737337112427
Malicious,Malicious,0.8021737337112427
Malicious,Malicious,0.8021737337112427
Malicious,Malicious,0.8021737337112427
Malicious,Malicious,0.8021737337112427
Malicious,Malicious,0.8021737337112427
Malicious,Malicious,0.8021737337112427
Malicious,Malicious,0.8021737337112427
Malicious,Malicious,0.8021737337112427
Malicious,Malicious,0.8021737337112427
Malicious,Malicious,0.8021737337112427
Malicious,Malicious,0.8021737337112427
Malicious,Malicious,0.8021737337112427
Malicious,Malicious,0.8021737337112427
Malicious,Malicious,0.8021737337112427
Malicious,Malicious,0.8021737337112427
Malicious,Malicious,0.8021737337112427
Malicious,Malicious,0.8021737337112427
Malicious,Malicious,0.8021737337112427
Malicious,Malicious,0.8021737337112427
Malicious,Malicious,0.8021737337112427
Malicious,Malicious,0.8021737337112427
Malicious,Malicious,0.8021737337112427
Malicious,Malicious,0.8021737337112427
Malicious,Malicious,0.8021737337112427
Malicious,Malicious,0.8021737337112427
Malicious,Malicious,0.8021737337112427
Malicious,Malicious,0.8021737337112427
Malicious,Malicious,0.8021737337112427
Malicious,Malicious,0.8021737337112427
Malicious,Malicious,0.8021737337112427
Malicious,Malicious,0.8021737337112427
Malicious,Malicious,0.8021737337112427
Malicious,Malicious,0.8021737337112427
Malicious,Malicious,0.8021737337112427
Malicious,Malicious,0.8021737337112427
Malicious,Malicious,0.8021737337112427
Malicious,Malicious,0.8021737337112427
Malicious,Malicious,0.8021737337112427
Malicious,Malicious,0.8021737337112427
Malicious,Malicious,0.8021737337112427
Malicious,Malicious,0.8021737337112427
Malicious,Malicious,0.8021737337112427
Malicious,Malicious,0.8021737337112427
Malicious,Malicious,0.8021737337112427
Malicious,Malicious,0.8021737337112427
Malicious,Malicious,0.8021737337112427
Malicious,Malicious,0.8021737337112427
Malicious,Benign,0.19951403141021729
Malicious,Malicious,0.8021737337112427
Malicious,Malicious,0.8021737337112427
Malicious,Malicious,0.8021737337112427
Malicious,Malicious,0.8021737337112427
Malicious,Malicious,0.8021737337112427
Malicious,Malicious,0.8021737337112427
Malicious,Malicious,0.8021737337112427
Malicious,Malicious,0.8021737337112427
Malicious,Malicious,0.8021737337112427
Malicious,Malicious,0.8021737337112427
Malicious,Malicious,0.8021737337112427
Malicious,Malicious,0.8021737337112427
Malicious,Malicious,0.8021737337112427
Malicious,Malicious,0.8021737337112427
Malicious,Malicious,0.8021737337112427
Malicious,Malicious,0.8021737337112427
Malicious,Malicious,0.8021737337112427
Malicious,Malicious,0.8021737337112427
Malicious,Malicious,0.8021737337112427
Malicious,Malicious,0.8021737337112427
Malicious,Malicious,0.8021737337112427
Malicious,Malicious,0.8021737337112427
Malicious,Malicious,0.8021737337112427
Malicious,Malicious,0.8021737337112427
Malicious,Malicious,0.8021737337112427
Malicious,Malicious,0.8021737337112427
Malicious,Malicious,0.8021737337112427
Malicious,Malicious,0.8021737337112427
Malicious,Malicious,0.8021737337112427
Malicious,Malicious,0.8021737337112427
Malicious,Malicious,0.8021737337112427
Malicious,Malicious,0.8021737337112427
Malicious,Malicious,0.8021737337112427
Malicious,Malicious,0.8021737337112427
Malicious,Malicious,0.8021737337112427
Malicious,Benign,0.26446518301963806
Malicious,Malicious,0.8021737337112427
Malicious,Malicious,0.8021737337112427
Malicious,Malicious,0.8021737337112427
Malicious,Malicious,0.8021737337112427
Malicious,Malicious,0.8021737337112427
Malicious,Malicious,0.8021737337112427
Malicious,Malicious,0.8021737337112427
Malicious,Malicious,0.8021737337112427
Malicious,Malicious,0.8021737337112427
Malicious,Malicious,0.8021737337112427
Malicious,Malicious,0.8021737337112427
Malicious,Malicious,0.8021737337112427
Malicious,Malicious,0.8021737337112427
Malicious,Malicious,0.8021737337112427
Malicious,Malicious,0.8021737337112427
Malicious,Malicious,0.8021737337112427
Malicious,Malicious,0.8021737337112427
Malicious,Malicious,0.8021737337112427
Malicious,Malicious,0.8021737337112427
Malicious,Malicious,0.8021737337112427
Malicious,Malicious,0.8021737337112427
Malicious,Malicious,0.8021737337112427
Malicious,Malicious,0.8021737337112427
Malicious,Malicious,0.8021737337112427
Malicious,Malicious,0.8021737337112427
Malicious,Malicious,0.8021737337112427
Malicious,Malicious,0.8021737337112427
Malicious,Malicious,0.8021737337112427
Malicious,Malicious,0.8021737337112427
Malicious,Malicious,0.8021737337112427
Malicious,Malicious,0.8021737337112427
Malicious,Malicious,0.8021737337112427
Malicious,Malicious,0.8021737337112427
Malicious,Malicious,0.8021737337112427
Malicious,Malicious,0.8021737337112427
Malicious,Malicious,0.8021737337112427
Malicious,Malicious,0.8021737337112427
Malicious,Malicious,0.8021737337112427
Malicious,Benign,0.20181915163993835
Malicious,Malicious,0.8018901944160461
Malicious,Malicious,0.8021737337112427
Malicious,Malicious,0.8021737337112427
Malicious,Malicious,0.8021737337112427
Malicious,Malicious,0.8021737337112427
Malicious,Malicious,0.8021737337112427
Malicious,Malicious,0.8021737337112427
Malicious,Malicious,0.8021737337112427
Malicious,Malicious,0.8021737337112427
Malicious,Malicious,0.8021737337112427
Malicious,Malicious,0.8021737337112427
Malicious,Malicious,0.8021737337112427
Malicious,Malicious,0.8021737337112427
Malicious,Malicious,0.8021737337112427
Malicious,Malicious,0.8021737337112427
Malicious,Malicious,0.8021737337112427
Malicious,Malicious,0.8021737337112427
Malicious,Malicious,0.8021737337112427
Malicious,Malicious,0.8021737337112427
Malicious,Malicious,0.789559006690979
Malicious,Malicious,0.8021737337112427
Malicious,Malicious,0.8021737337112427
Malicious,Malicious,0.8021737337112427
Malicious,Malicious,0.8021737337112427
Malicious,Malicious,0.8021737337112427
Malicious,Malicious,0.8021737337112427
Malicious,Malicious,0.8021737337112427
Malicious,Malicious,0.8021737337112427
Malicious,Malicious,0.8021737337112427
Malicious,Malicious,0.8021737337112427
Malicious,Malicious,0.8021737337112427
Malicious,Malicious,0.8021737337112427
Malicious,Malicious,0.8021737337112427
Malicious,Malicious,0.8021737337112427
Malicious,Malicious,0.8021737337112427
Malicious,Malicious,0.8021737337112427
Malicious,Malicious,0.8021737337112427
Malicious,Malicious,0.8021737337112427
Malicious,Malicious,0.8021737337112427
Malicious,Malicious,0.8021737337112427
Malicious,Malicious,0.8021737337112427
Malicious,Malicious,0.8021737337112427
Malicious,Malicious,0.8021737337112427
Malicious,Benign,0.23651929199695587
Malicious,Malicious,0.8021737337112427
Malicious,Malicious,0.8021737337112427
Malicious,Malicious,0.8021737337112427
Malicious,Malicious,0.8021737337112427
Malicious,Malicious,0.8021737337112427
Malicious,Malicious,0.8021737337112427
Malicious,Malicious,0.8021737337112427
Malicious,Malicious,0.8021737337112427
Malicious,Malicious,0.8021737337112427
Malicious,Malicious,0.8021737337112427
Malicious,Malicious,0.8021737337112427
Malicious,Malicious,0.8021737337112427
Malicious,Malicious,0.8021737337112427
Malicious,Malicious,0.8021737337112427
Malicious,Malicious,0.8021737337112427
Malicious,Malicious,0.8021737337112427
Malicious,Malicious,0.8021737337112427
Malicious,Malicious,0.8021737337112427
Malicious,Malicious,0.8021737337112427
Malicious,Malicious,0.8021737337112427
Malicious,Malicious,0.8021737337112427
Malicious,Malicious,0.8021737337112427
Malicious,Malicious,0.8021737337112427
Malicious,Malicious,0.8021737337112427
Malicious,Malicious,0.8021737337112427
Malicious,Malicious,0.8021737337112427
Malicious,Malicious,0.8021737337112427
Malicious,Malicious,0.8021737337112427
Malicious,Malicious,0.8021737337112427
Malicious,Malicious,0.8021737337112427
Malicious,Malicious,0.8021737337112427
Malicious,Malicious,0.8021737337112427
Malicious,Malicious,0.8021737337112427
Malicious,Malicious,0.8021737337112427
Malicious,Malicious,0.8021737337112427
Malicious,Malicious,0.8021737337112427
Malicious,Malicious,0.8021737337112427
Malicious,Malicious,0.8021737337112427
Malicious,Malicious,0.8021737337112427
Malicious,Malicious,0.8021737337112427
Malicious,Malicious,0.8021737337112427
Malicious,Malicious,0.8021737337112427
Malicious,Malicious,0.8021737337112427
Malicious,Malicious,0.8021737337112427
Malicious,Malicious,0.8021737337112427
Malicious,Malicious,0.8021737337112427
Malicious,Malicious,0.8021737337112427
Malicious,Malicious,0.8021737337112427
Malicious,Malicious,0.8021737337112427
Malicious,Malicious,0.8021737337112427
Malicious,Malicious,0.8021737337112427
Malicious,Malicious,0.8021737337112427
Malicious,Malicious,0.8021737337112427
Malicious,Malicious,0.8021737337112427
Malicious,Malicious,0.8021737337112427
Malicious,Malicious,0.8021737337112427
Malicious,Malicious,0.8021737337112427
Malicious,Malicious,0.8021737337112427
Malicious,Malicious,0.8021737337112427
Malicious,Malicious,0.8021737337112427
Malicious,Malicious,0.8021737337112427
Malicious,Malicious,0.8021737337112427
Malicious,Malicious,0.8021737337112427
Malicious,Malicious,0.8021737337112427
Malicious,Malicious,0.8021737337112427
Malicious,Malicious,0.8021737337112427
Malicious,Malicious,0.8021737337112427
Malicious,Malicious,0.8021737337112427
Malicious,Malicious,0.8021737337112427
Malicious,Malicious,0.8021737337112427
Malicious,Benign,0.19951403141021729
Malicious,Benign,0.25247934460639954
Malicious,Malicious,0.8021737337112427
Malicious,Malicious,0.8021737337112427
Malicious,Malicious,0.8021737337112427
Malicious,Malicious,0.8021737337112427
Malicious,Malicious,0.8021737337112427
Malicious,Malicious,0.8021737337112427
Malicious,Malicious,0.8021737337112427
Malicious,Malicious,0.8021737337112427
Malicious,Malicious,0.8021737337112427
Malicious,Malicious,0.8021737337112427
Malicious,Malicious,0.8021737337112427
Malicious,Malicious,0.8021737337112427
Malicious,Malicious,0.8021737337112427
Malicious,Malicious,0.8021737337112427
Malicious,Malicious,0.8021737337112427
Malicious,Malicious,0.8021737337112427
Malicious,Malicious,0.8021737337112427
Malicious,Malicious,0.8021737337112427
Malicious,Malicious,0.8021737337112427
Malicious,Malicious,0.8021737337112427
Malicious,Malicious,0.8021737337112427
Malicious,Malicious,0.8021737337112427
Malicious,Malicious,0.8021737337112427
Malicious,Malicious,0.8021737337112427
Malicious,Malicious,0.8021737337112427
Malicious,Malicious,0.8021737337112427
Malicious,Malicious,0.8021737337112427
Malicious,Malicious,0.8021737337112427
Malicious,Malicious,0.8021737337112427
Malicious,Malicious,0.8021737337112427
Malicious,Malicious,0.8021737337112427
Malicious,Malicious,0.8021737337112427
Malicious,Malicious,0.8021737337112427
Malicious,Malicious,0.8021737337112427
Malicious,Malicious,0.8021737337112427
Malicious,Malicious,0.8021737337112427
Malicious,Malicious,0.8021737337112427
Malicious,Malicious,0.8021737337112427
Malicious,Malicious,0.8021737337112427
Malicious,Malicious,0.8021737337112427
Malicious,Malicious,0.8021737337112427
Malicious,Malicious,0.8021737337112427
Malicious,Malicious,0.8021737337112427
Malicious,Malicious,0.8021737337112427
Malicious,Malicious,0.8021737337112427
Malicious,Malicious,0.8021737337112427
Malicious,Malicious,0.8021737337112427
Malicious,Malicious,0.8021737337112427
Malicious,Malicious,0.8021737337112427
Malicious,Malicious,0.8021737337112427
Malicious,Malicious,0.8021737337112427
Malicious,Malicious,0.8021737337112427
Malicious,Malicious,0.8021737337112427
Malicious,Malicious,0.7937681078910828
Malicious,Malicious,0.8021737337112427
Malicious,Malicious,0.8021737337112427
Malicious,Malicious,0.8021737337112427
Malicious,Malicious,0.8021737337112427
Malicious,Malicious,0.8021737337112427
Malicious,Malicious,0.8021737337112427
Malicious,Malicious,0.8021737337112427
Malicious,Malicious,0.8021737337112427
Malicious,Malicious,0.8021737337112427
Malicious,Malicious,0.8021737337112427
Malicious,Malicious,0.8021737337112427
Malicious,Malicious,0.8021737337112427
Malicious,Malicious,0.802078902721405
Malicious,Malicious,0.8021737337112427
Malicious,Malicious,0.8021737337112427
Malicious,Malicious,0.8021737337112427
Malicious,Benign,0.2454269826412201
Malicious,Malicious,0.8021737337112427
Malicious,Malicious,0.8021737337112427
Malicious,Malicious,0.8021737337112427
Malicious,Malicious,0.8021737337112427
Malicious,Malicious,0.8021737337112427
Malicious,Malicious,0.8021737337112427
Malicious,Malicious,0.8021737337112427
Malicious,Malicious,0.8021737337112427
Malicious,Malicious,0.8021737337112427
Malicious,Malicious,0.8021737337112427
Malicious,Malicious,0.8021737337112427
Malicious,Malicious,0.8021737337112427
Malicious,Malicious,0.8021737337112427
Malicious,Malicious,0.8021737337112427
Malicious,Malicious,0.8021737337112427
Malicious,Malicious,0.6357360482215881
Malicious,Malicious,0.8021737337112427
Malicious,Malicious,0.8021737337112427
Malicious,Malicious,0.8021737337112427
Malicious,Malicious,0.8021737337112427
Malicious,Malicious,0.8021737337112427
Malicious,Malicious,0.8021737337112427
Malicious,Malicious,0.8021737337112427
Malicious,Malicious,0.8021737337112427
Malicious,Malicious,0.8021737337112427
Malicious,Malicious,0.8021737337112427
Malicious,Malicious,0.8021737337112427
Malicious,Malicious,0.8021737337112427
Malicious,Malicious,0.8021737337112427
Malicious,Malicious,0.8021737337112427
Malicious,Malicious,0.8021737337112427
Malicious,Malicious,0.8021737337112427
Malicious,Malicious,0.8021737337112427
Malicious,Malicious,0.8021737337112427
Malicious,Malicious,0.8021737337112427
Malicious,Malicious,0.8021737337112427
Malicious,Malicious,0.8021737337112427
Malicious,Malicious,0.8021737337112427
Malicious,Malicious,0.8021737337112427
Malicious,Malicious,0.8021737337112427
Malicious,Malicious,0.8021737337112427
Malicious,Malicious,0.8021737337112427
Malicious,Malicious,0.8021737337112427
Malicious,Malicious,0.8021737337112427
Malicious,Malicious,0.8012213706970215
Malicious,Malicious,0.8021737337112427
Malicious,Malicious,0.8021737337112427
Malicious,Malicious,0.8021737337112427
Malicious,Malicious,0.8021737337112427
Malicious,Malicious,0.8021737337112427
Malicious,Malicious,0.8021737337112427
Malicious,Malicious,0.8021737337112427
Malicious,Malicious,0.8021737337112427
Malicious,Malicious,0.8021737337112427
Malicious,Malicious,0.8021737337112427
Malicious,Malicious,0.8021737337112427
Malicious,Malicious,0.8021737337112427
Malicious,Malicious,0.8021737337112427
Malicious,Malicious,0.8021737337112427
Malicious,Malicious,0.8021737337112427
Malicious,Malicious,0.8021737337112427
Malicious,Malicious,0.8021737337112427
Malicious,Malicious,0.8021737337112427
Malicious,Malicious,0.8021737337112427
Malicious,Malicious,0.8021737337112427
Malicious,Malicious,0.8021737337112427
Malicious,Malicious,0.8021737337112427
Malicious,Malicious,0.8021737337112427
Malicious,Malicious,0.8021737337112427
Malicious,Malicious,0.8021737337112427
Malicious,Malicious,0.8021737337112427
Malicious,Malicious,0.8021737337112427
Malicious,Malicious,0.8021737337112427
Malicious,Benign,0.21780648827552795
Malicious,Malicious,0.8021737337112427
Malicious,Malicious,0.8021737337112427
Malicious,Malicious,0.8021737337112427
Malicious,Malicious,0.8021737337112427
Malicious,Malicious,0.8021737337112427
Malicious,Malicious,0.8021737337112427
Malicious,Malicious,0.8021737337112427
Malicious,Malicious,0.8021737337112427
Malicious,Malicious,0.8021737337112427
Malicious,Malicious,0.8021737337112427
Malicious,Malicious,0.8021737337112427
Malicious,Malicious,0.8021737337112427
Malicious,Malicious,0.8021737337112427
Malicious,Malicious,0.8021737337112427
Malicious,Malicious,0.8021737337112427
Malicious,Malicious,0.8021737337112427
Malicious,Malicious,0.8021737337112427
Malicious,Malicious,0.8021737337112427
Malicious,Malicious,0.8021737337112427
Malicious,Malicious,0.8021737337112427
Malicious,Malicious,0.8021737337112427
Malicious,Malicious,0.8021737337112427
Malicious,Malicious,0.8021737337112427
Malicious,Malicious,0.8021737337112427
Malicious,Malicious,0.8021737337112427
Malicious,Malicious,0.8021737337112427
Malicious,Malicious,0.8021737337112427
Malicious,Malicious,0.8021737337112427
Malicious,Malicious,0.8021737337112427
Malicious,Malicious,0.8021737337112427
Malicious,Malicious,0.8021737337112427
Malicious,Malicious,0.8021737337112427
Malicious,Malicious,0.8021737337112427
Malicious,Malicious,0.8021737337112427
Malicious,Malicious,0.8021737337112427
Malicious,Malicious,0.8021737337112427
Malicious,Malicious,0.8021737337112427
Malicious,Malicious,0.8021737337112427
Malicious,Malicious,0.8021737337112427
Malicious,Malicious,0.8021737337112427
Malicious,Malicious,0.8021737337112427
Malicious,Malicious,0.8021737337112427
Malicious,Malicious,0.8021737337112427
Malicious,Malicious,0.8021737337112427
Malicious,Malicious,0.8021737337112427
Malicious,Malicious,0.8021737337112427
Malicious,Malicious,0.8021737337112427
Malicious,Malicious,0.8021737337112427
Malicious,Malicious,0.8021737337112427
Malicious,Malicious,0.8021737337112427
Malicious,Malicious,0.8021737337112427
Malicious,Malicious,0.8021737337112427
Malicious,Malicious,0.8021737337112427
Malicious,Malicious,0.8021737337112427
Malicious,Malicious,0.8021737337112427
Malicious,Benign,0.23164528608322144
Malicious,Malicious,0.8021737337112427
Malicious,Malicious,0.8021737337112427
Malicious,Malicious,0.8012213706970215
Malicious,Benign,0.2656905949115753
Malicious,Malicious,0.8021737337112427
Malicious,Malicious,0.8021737337112427
Malicious,Malicious,0.8021737337112427
Malicious,Malicious,0.8021737337112427
Malicious,Malicious,0.8021737337112427
Malicious,Malicious,0.8021737337112427
Malicious,Benign,0.2524527311325073
Malicious,Malicious,0.8021737337112427
Malicious,Malicious,0.8021737337112427
Malicious,Malicious,0.8021737337112427
Malicious,Malicious,0.8021737337112427
Malicious,Malicious,0.8021737337112427
Malicious,Malicious,0.8021737337112427
Malicious,Malicious,0.8021737337112427
Malicious,Benign,0.22066374123096466
Malicious,Malicious,0.8021737337112427
Malicious,Malicious,0.8021737337112427
Malicious,Malicious,0.8021737337112427
Malicious,Malicious,0.8021737337112427
Malicious,Malicious,0.8021737337112427
Malicious,Malicious,0.8021737337112427
Malicious,Malicious,0.8021737337112427
Malicious,Malicious,0.8021737337112427
Malicious,Malicious,0.8021737337112427
Malicious,Malicious,0.8021737337112427
Malicious,Malicious,0.8021737337112427
Malicious,Malicious,0.8021737337112427
Malicious,Malicious,0.8021737337112427
Malicious,Malicious,0.8021737337112427
Malicious,Malicious,0.8021737337112427
Malicious,Malicious,0.8021737337112427
Malicious,Malicious,0.8021737337112427
Malicious,Benign,0.23491200804710388
Malicious,Malicious,0.8021737337112427
Malicious,Malicious,0.8021737337112427
Malicious,Malicious,0.8021737337112427
Malicious,Malicious,0.8021737337112427
Malicious,Malicious,0.8021737337112427
Malicious,Malicious,0.8021737337112427
Malicious,Malicious,0.8021737337112427
Malicious,Malicious,0.8021737337112427
Malicious,Malicious,0.8021737337112427
Malicious,Malicious,0.8021737337112427
Malicious,Malicious,0.8021737337112427
Malicious,Malicious,0.8016975522041321
Malicious,Malicious,0.8021737337112427
Malicious,Malicious,0.8021737337112427
Malicious,Malicious,0.8021737337112427
Malicious,Malicious,0.8021737337112427
Malicious,Malicious,0.8021737337112427
Malicious,Malicious,0.8021737337112427
Malicious,Malicious,0.8021737337112427
Malicious,Malicious,0.8021737337112427
Malicious,Malicious,0.8021737337112427
Malicious,Malicious,0.8021737337112427
Malicious,Malicious,0.8021737337112427
Malicious,Malicious,0.8021737337112427
Malicious,Malicious,0.8021737337112427
Malicious,Malicious,0.8021737337112427
Malicious,Malicious,0.8021737337112427
Malicious,Malicious,0.8021737337112427
Malicious,Malicious,0.8021737337112427
Malicious,Malicious,0.8021737337112427
Malicious,Malicious,0.8021737337112427
Malicious,Malicious,0.8021737337112427
Malicious,Malicious,0.8021737337112427
Malicious,Malicious,0.8021737337112427
Malicious,Malicious,0.8021737337112427
Malicious,Malicious,0.8021737337112427
Malicious,Malicious,0.8021737337112427
Malicious,Malicious,0.8021737337112427
Malicious,Malicious,0.8021737337112427
Malicious,Malicious,0.8021737337112427
Malicious,Malicious,0.8021737337112427
Malicious,Malicious,0.8021737337112427
Malicious,Malicious,0.8021737337112427
Malicious,Malicious,0.8021737337112427
Malicious,Malicious,0.8021737337112427
Malicious,Malicious,0.8021737337112427
Malicious,Malicious,0.8021737337112427
Malicious,Malicious,0.7980806827545166
Malicious,Benign,0.2203042060136795
Malicious,Malicious,0.8021737337112427
Malicious,Malicious,0.8021737337112427
Malicious,Malicious,0.8021737337112427
Malicious,Malicious,0.8021737337112427
Malicious,Malicious,0.8021737337112427
Malicious,Malicious,0.8021737337112427
Malicious,Malicious,0.8021737337112427
Malicious,Malicious,0.8021737337112427
Malicious,Malicious,0.8021737337112427
Malicious,Malicious,0.8021737337112427
Malicious,Malicious,0.8021737337112427
Malicious,Malicious,0.8021737337112427
Malicious,Malicious,0.8021737337112427
Malicious,Malicious,0.8021737337112427
Malicious,Malicious,0.8021737337112427
Malicious,Malicious,0.8021737337112427
Malicious,Malicious,0.8021737337112427
Malicious,Malicious,0.8021737337112427
Malicious,Malicious,0.8021737337112427
Malicious,Malicious,0.8021737337112427
Malicious,Malicious,0.8021737337112427
Malicious,Malicious,0.8021737337112427
Malicious,Malicious,0.8021737337112427
Malicious,Malicious,0.8021737337112427
Malicious,Malicious,0.8021737337112427
Malicious,Malicious,0.8021737337112427
Malicious,Malicious,0.8021737337112427
Malicious,Benign,0.19951403141021729
Malicious,Malicious,0.8021737337112427
Malicious,Malicious,0.8021737337112427
Malicious,Malicious,0.8021737337112427
Malicious,Malicious,0.8021737337112427
Malicious,Malicious,0.8021737337112427
Malicious,Malicious,0.8021737337112427
Malicious,Malicious,0.8021737337112427
Malicious,Malicious,0.8021737337112427
Malicious,Malicious,0.8021737337112427
Malicious,Malicious,0.8021737337112427
Malicious,Malicious,0.8021737337112427
Malicious,Malicious,0.8021737337112427
Malicious,Malicious,0.8021737337112427
Malicious,Malicious,0.8021737337112427
Malicious,Malicious,0.8021737337112427
Malicious,Malicious,0.8021737337112427
Malicious,Malicious,0.8021737337112427
Malicious,Malicious,0.8021737337112427
Malicious,Malicious,0.8021737337112427
Malicious,Malicious,0.8021737337112427
Malicious,Malicious,0.8021737337112427
Malicious,Malicious,0.8021737337112427
Malicious,Malicious,0.8021737337112427
Malicious,Malicious,0.8021737337112427
Malicious,Malicious,0.8021737337112427
Malicious,Malicious,0.8021737337112427
Malicious,Malicious,0.8021737337112427
Malicious,Malicious,0.8021737337112427
Malicious,Malicious,0.8021737337112427
Malicious,Malicious,0.8021737337112427
Malicious,Malicious,0.8021737337112427
Malicious,Benign,0.35178494453430176
Malicious,Malicious,0.8021737337112427
Malicious,Malicious,0.8021737337112427
Malicious,Malicious,0.8021737337112427
Malicious,Malicious,0.8021737337112427
Benign,Benign,0.20141878724098206
Benign,Benign,0.2094751000404358
Benign,Benign,0.20046640932559967
Benign,Benign,0.19951403141021729
Benign,Benign,0.2020696997642517
Benign,Benign,0.2003815621137619
Benign,Benign,0.20139311254024506
Benign,Benign,0.19951403141021729
Benign,Benign,0.19951403141021729
Benign,Benign,0.20245307683944702
Benign,Benign,0.20277152955532074
Benign,Benign,0.19951403141021729
Benign,Benign,0.19951403141021729
Benign,Benign,0.20128358900547028
Benign,Benign,0.2039496749639511
Benign,Benign,0.20181915163993835
Benign,Benign,0.20030760765075684
Benign,Benign,0.2301611751317978
Benign,Benign,0.19951403141021729
Benign,Benign,0.20094260573387146
Benign,Benign,0.22990792989730835
Benign,Benign,0.20175978541374207
Benign,Benign,0.23103848099708557
Benign,Benign,0.19951403141021729
Benign,Benign,0.33647632598876953
Benign,Benign,0.20046640932559967
Benign,Benign,0.20189498364925385
Benign,Benign,0.23526796698570251
Benign,Benign,0.19951403141021729
Benign,Benign,0.19951403141021729
Benign,Benign,0.20872873067855835
Benign,Benign,0.19951403141021729
Benign,Benign,0.19951403141021729
Benign,Benign,0.19951403141021729
Benign,Benign,0.22211937606334686
Benign,Benign,0.19951403141021729
Benign,Benign,0.20105542242527008
Benign,Benign,0.19999022781848907
Benign,Benign,0.19951403141021729
Benign,Benign,0.20271216332912445
Benign,Benign,0.2248043715953827
Benign,Benign,0.19951403141021729
Benign,Benign,0.21345043182373047
Benign,Benign,0.19951403141021729
Benign,Benign,0.19951403141021729
Benign,Benign,0.19951403141021729
Benign,Benign,0.19951403141021729
Benign,Benign,0.2007666826248169
Benign,Benign,0.19951403141021729
Benign,Benign,0.19951403141021729
Benign,Benign,0.19951403141021729
Benign,Benign,0.2158748060464859
Benign,Benign,0.20767417550086975
Benign,Benign,0.23467588424682617
Benign,Benign,0.20054830610752106
Benign,Benign,0.19951403141021729
Benign,Benign,0.19951403141021729
Benign,Benign,0.20223596692085266
Benign,Benign,0.19999022781848907
Benign,Benign,0.19959592819213867
Benign,Benign,0.21613013744354248
Benign,Benign,0.19999022781848907
Benign,Benign,0.19959592819213867
Benign,Benign,0.19951403141021729
Benign,Benign,0.20078380405902863
Benign,Benign,0.20284736156463623
Benign,Benign,0.20046640932559967
Benign,Benign,0.19999022781848907
Benign,Benign,0.20046640932559967
Benign,Benign,0.22165171802043915
Benign,Benign,0.2089480757713318
Benign,Benign,0.20271216332912445
Benign,Benign,0.19999022781848907
Benign,Benign,0.20128358900547028
Benign,Benign,0.19951403141021729
Benign,Benign,0.19999022781848907
Benign,Benign,0.19951403141021729
Benign,Benign,0.21273817121982574
Benign,Benign,0.227821484208107
Benign,Benign,0.19999022781848907
Benign,Benign,0.20219501852989197
Benign,Benign,0.20078380405902863
Benign,Benign,0.19999022781848907
Benign,Benign,0.20441043376922607
Benign,Benign,0.19951403141021729
Benign,Benign,0.19951403141021729
Benign,Benign,0.24384069442749023
Benign,Benign,0.19951403141021729
Benign,Benign,0.22671593725681305
Benign,Benign,0.20284736156463623
Benign,Benign,0.22343996167182922
Benign,Benign,0.20094260573387146
Benign,Benign,0.20125998556613922
Benign,Benign,0.20154114067554474
Benign,Benign,0.21792221069335938
Benign,Benign,0.19999022781848907
Benign,Benign,0.19959592819213867
Benign,Benign,0.25635096430778503
Benign,Benign,0.19951403141021729
Benign,Benign,0.1998143047094345
Benign,Benign,0.19951403141021729
Benign,Benign,0.19951403141021729
Benign,Benign,0.20094260573387146
Benign,Benign,0.19951403141021729
Benign,Benign,0.2161722481250763
Benign,Benign,0.19951403141021729
Benign,Benign,0.19951403141021729
Benign,Benign,0.20176272094249725
Benign,Benign,0.20570451021194458
Benign,Benign,0.20396456122398376
Benign,Benign,0.20141878724098206
Benign,Benign,0.19951403141021729
Benign,Benign,0.19951403141021729
Benign,Benign,0.20046640932559967
Benign,Benign,0.23001863062381744
Benign,Benign,0.19951403141021729
Benign,Benign,0.21329259872436523
Benign,Benign,0.19951403141021729
Benign,Benign,0.20046640932559967
Benign,Benign,0.20007212460041046
Benign,Benign,0.19951403141021729
Benign,Benign,0.21013768017292023
Benign,Benign,0.20485824346542358
Benign,Benign,0.19951403141021729
Benign,Benign,0.19951403141021729
Benign,Benign,0.20713752508163452
Benign,Benign,0.23359060287475586
Benign,Benign,0.2002905011177063
Benign,Benign,0.20046640932559967
Benign,Benign,0.19999022781848907
Benign,Benign,0.21851909160614014
Benign,Benign,0.19999022781848907
Benign,Benign,0.20844031870365143
Benign,Benign,0.19951403141021729
Benign,Benign,0.20054830610752106
Benign,Benign,0.19999022781848907
Benign,Benign,0.21129977703094482
Benign,Benign,0.21599367260932922
Benign,Benign,0.19999022781848907
Benign,Benign,0.19999022781848907
Benign,Benign,0.20147225260734558
Benign,Benign,0.20141878724098206
Benign,Benign,0.19951403141021729
Benign,Benign,0.19951403141021729
Benign,Benign,0.20048919320106506
Benign,Benign,0.22445695102214813
Benign,Benign,0.20379973948001862
Benign,Benign,0.20318834483623505
Benign,Benign,0.19999022781848907
Benign,Benign,0.2238023728132248
Benign,Benign,0.19951403141021729
Benign,Benign,0.20276251435279846
Benign,Benign,0.19951403141021729
Benign,Benign,0.24157622456550598
Benign,Benign,0.20237118005752563
Benign,Benign,0.20094260573387146
Benign,Benign,0.2068893164396286
Benign,Benign,0.19951403141021729
Benign,Benign,0.19951403141021729
Benign,Benign,0.19951403141021729
Benign,Benign,0.2112247347831726
Benign,Benign,0.19951403141021729
Benign,Benign,0.2020123302936554
Benign,Benign,0.19951403141021729
Benign,Benign,0.2111271321773529
Benign,Benign,0.19999022781848907
Benign,Benign,0.20350627601146698
Benign,Benign,0.19951403141021729
Benign,Benign,0.20128358900547028
Benign,Benign,0.20942749083042145
Benign,Benign,0.19951403141021729
Benign,Benign,0.20134295523166656
Benign,Benign,0.19951403141021729
Benign,Benign,0.3511143922805786
Benign,Benign,0.20223596692085266
Benign,Benign,0.24246849119663239
Benign,Benign,0.20687294006347656
Benign,Benign,0.19999022781848907
Benign,Benign,0.20534566044807434
Benign,Benign,0.20267121493816376
Benign,Benign,0.20046640932559967
Benign,Benign,0.19951403141021729
Benign,Benign,0.20887906849384308
Benign,Benign,0.21374264359474182
Benign,Benign,0.19999022781848907
Benign,Benign,0.19951403141021729
Benign,Benign,0.20141878724098206
Benign,Benign,0.19951403141021729
Benign,Benign,0.19951403141021729
Benign,Benign,0.21023768186569214
Benign,Benign,0.19951403141021729
Benign,Benign,0.21450403332710266
Benign,Benign,0.19951403141021729
Benign,Benign,0.23255310952663422
Benign,Benign,0.20141878724098206
Benign,Benign,0.20141878724098206
Benign,Benign,0.20094260573387146
Benign,Benign,0.20128358900547028
Benign,Benign,0.19951403141021729
Benign,Benign,0.21809706091880798
Benign,Benign,0.19999022781848907
Benign,Benign,0.19951403141021729
Benign,Benign,0.19999022781848907
Benign,Benign,0.21321500837802887
Benign,Benign,0.19951403141021729
Benign,Benign,0.19951403141021729
Benign,Benign,0.19999022781848907
Benign,Benign,0.19951403141021729
Benign,Benign,0.20141878724098206
Benign,Benign,0.20175978541374207
Benign,Benign,0.2329004406929016
Benign,Benign,0.19951403141021729
Benign,Benign,0.2059413492679596
Benign,Benign,0.20314763486385345
Benign,Benign,0.20203720033168793
Benign,Benign,0.19999022781848907
Benign,Benign,0.20296470820903778
Benign,Benign,0.19951403141021729
Benign,Benign,0.19951403141021729
Benign,Benign,0.20250555872917175
Benign,Benign,0.20153161883354187
Benign,Benign,0.20736218988895416
Benign,Benign,0.20105542242527008
Benign,Benign,0.21787698566913605
Benign,Benign,0.19951403141021729
Benign,Benign,0.19951403141021729
Benign,Benign,0.21928538382053375
Benign,Benign,0.20223596692085266
Benign,Benign,0.23648110032081604
Benign,Benign,0.19951403141021729
Benign,Benign,0.20667411386966705
Benign,Benign,0.22257618606090546
Benign,Benign,0.19999022781848907
Benign,Benign,0.19951403141021729
Benign,Benign,0.21958774328231812
Benign,Benign,0.20290081202983856
Benign,Benign,0.19951403141021729
Benign,Benign,0.19951403141021729
Benign,Benign,0.19999022781848907
Benign,Benign,0.20290081202983856
Benign,Benign,0.20426568388938904
Benign,Benign,0.19951403141021729
Benign,Benign,0.2343319207429886
Benign,Benign,0.19999022781848907
Benign,Benign,0.20147225260734558
Benign,Benign,0.19951403141021729
Benign,Benign,0.19951403141021729
Benign,Benign,0.19951403141021729
Benign,Benign,0.20046640932559967
Benign,Benign,0.19951403141021729
Benign,Benign,0.2524130344390869
Benign,Benign,0.19951403141021729
Benign,Benign,0.21961073577404022
Benign,Benign,0.21509891748428345
Benign,Benign,0.19999022781848907
Benign,Benign,0.19951403141021729
Benign,Benign,0.19999022781848907
Benign,Benign,0.2042759358882904
Benign,Benign,0.19951403141021729
Benign,Benign,0.19951403141021729
Benign,Benign,0.19951403141021729
Benign,Benign,0.19951403141021729
Benign,Benign,0.20194843411445618
Benign,Benign,0.19999022781848907
Benign,Benign,0.20237118005752563
Benign,Benign,0.19951403141021729
Benign,Benign,0.19951403141021729
Benign,Benign,0.20046640932559967
Benign,Benign,0.20007212460041046
Benign,Benign,0.19951403141021729
Benign,Benign,0.20046640932559967
Benign,Benign,0.19999022781848907
Benign,Benign,0.19999022781848907
Benign,Benign,0.19951403141021729
Benign,Benign,0.19951403141021729
Benign,Benign,0.19999022781848907
Benign,Benign,0.19951403141021729
Benign,Benign,0.20094260573387146
Benign,Benign,0.19999022781848907
Benign,Benign,0.20054830610752106
Benign,Benign,0.24035224318504333
Benign,Benign,0.19951403141021729
Benign,Benign,0.19999022781848907
Benign,Benign,0.19999022781848907
Benign,Benign,0.19999022781848907
Benign,Benign,0.20189498364925385
Benign,Benign,0.19951403141021729
Benign,Benign,0.20094260573387146
Benign,Benign,0.19951403141021729
Benign,Benign,0.19951403141021729
Benign,Benign,0.19999022781848907
Benign,Benign,0.20236603915691376
Benign,Benign,0.21550016105175018
Benign,Benign,0.19951403141021729
Benign,Benign,0.2220337837934494
Benign,Benign,0.20329278707504272
Benign,Benign,0.20284736156463623
Benign,Benign,0.2583277225494385
Benign,Benign,0.19951403141021729
Benign,Benign,0.19951403141021729
Benign,Benign,0.2022123634815216
Benign,Benign,0.49483415484428406
Benign,Benign,0.22141911089420319
Benign,Benign,0.19951403141021729
Benign,Benign,0.19999022781848907
Benign,Benign,0.20486970245838165
Benign,Benign,0.19951403141021729
Benign,Benign,0.19951403141021729
Benign,Benign,0.19951403141021729
Benign,Benign,0.19951403141021729
Benign,Benign,0.20046640932559967
Benign,Benign,0.19951403141021729
Benign,Benign,0.2020123302936554
Benign,Benign,0.19951403141021729
Benign,Benign,0.3316490352153778
Benign,Benign,0.20046640932559967
Benign,Benign,0.19951403141021729
Benign,Benign,0.20046640932559967
Benign,Benign,0.2530319094657898
Benign,Benign,0.2262582629919052
Benign,Benign,0.19999022781848907
Benign,Benign,0.19951403141021729
Benign,Benign,0.19951403141021729
Benign,Benign,0.20046640932559967
Benign,Benign,0.19951403141021729
Benign,Benign,0.19951403141021729
Benign,Benign,0.22353079915046692
Benign,Benign,0.21166853606700897
Benign,Benign,0.19999022781848907
Benign,Benign,0.19959592819213867
Benign,Benign,0.2085414081811905
Benign,Benign,0.2239258587360382
Benign,Benign,0.19951403141021729
Benign,Benign,0.22071592509746552
Benign,Benign,0.20175978541374207
Benign,Benign,0.19951403141021729
Benign,Benign,0.19951403141021729
Benign,Benign,0.21585017442703247
Benign,Benign,0.20223596692085266
Benign,Benign,0.20036697387695312
Benign,Benign,0.2763076722621918
Benign,Benign,0.20094260573387146
Benign,Benign,0.20282168686389923
Benign,Benign,0.22938023507595062
Benign,Benign,0.19953933358192444
Benign,Benign,0.19951403141021729
Benign,Benign,0.20461691915988922
Benign,Benign,0.19951403141021729
Benign,Benign,0.2214576005935669
Benign,Benign,0.19951403141021729
Benign,Benign,0.19951403141021729
Benign,Benign,0.19999022781848907
Benign,Benign,0.214999258518219
Benign,Benign,0.20141878724098206
Benign,Benign,0.19951403141021729
Benign,Benign,0.2847810685634613
Benign,Benign,0.20537824928760529
Benign,Benign,0.20271216332912445
Benign,Benign,0.20046640932559967
Benign,Benign,0.20010465383529663
Benign,Benign,0.19951403141021729
Benign,Benign,0.19951403141021729
Benign,Benign,0.20128358900547028
Benign,Benign,0.20046640932559967
Benign,Benign,0.20314542949199677
Benign,Benign,0.20189498364925385
Benign,Benign,0.19951403141021729
Benign,Benign,0.20237118005752563
Benign,Benign,0.19951403141021729
Benign,Benign,0.20046640932559967
Benign,Benign,0.2142907977104187
Benign,Benign,0.20147225260734558
Benign,Benign,0.19951403141021729
Benign,Benign,0.19951403141021729
Benign,Benign,0.20094260573387146
Benign,Benign,0.20194843411445618
Benign,Benign,0.19951403141021729
Benign,Benign,0.2022123634815216
Benign,Benign,0.20248399674892426
Benign,Benign,0.19951403141021729
Benign,Benign,0.19951403141021729
Benign,Benign,0.19999022781848907
Benign,Benign,0.19951403141021729
Benign,Benign,0.19951403141021729
Benign,Benign,0.19999022781848907
Benign,Benign,0.19951403141021729
Benign,Benign,0.21092668175697327
Benign,Benign,0.20128358900547028
Benign,Benign,0.19951403141021729
Benign,Benign,0.19951403141021729
Benign,Benign,0.21489129960536957
Benign,Benign,0.19951403141021729
Benign,Benign,0.20046640932559967
Benign,Benign,0.2054140418767929
Benign,Benign,0.20236603915691376
Benign,Benign,0.19951403141021729
Benign,Benign,0.20134295523166656
Benign,Benign,0.20237118005752563
Benign,Benign,0.20000745356082916
Benign,Benign,0.19951403141021729
Benign,Benign,0.20030760765075684
Benign,Benign,0.20046640932559967
Benign,Benign,0.19951403141021729
Benign,Benign,0.19951403141021729
Benign,Benign,0.19951403141021729
Benign,Benign,0.19951403141021729
Benign,Benign,0.19951403141021729
Benign,Benign,0.19951403141021729
Benign,Benign,0.21465757489204407
Benign,Benign,0.19999022781848907
Benign,Benign,0.20128358900547028
Benign,Benign,0.19999022781848907
Benign,Benign,0.19999022781848907
Benign,Benign,0.19999022781848907
Benign,Benign,0.23835043609142303
Benign,Benign,0.20124287903308868
Benign,Benign,0.19999022781848907
Benign,Benign,0.19951403141021729
Benign,Benign,0.19951403141021729
Benign,Benign,0.19999022781848907
Benign,Benign,0.19999022781848907
Benign,Benign,0.20046640932559967
Benign,Benign,0.20753343403339386
Benign,Benign,0.21322251856327057
Benign,Benign,0.20046640932559967
Benign,Benign,0.2296842485666275
Benign,Benign,0.19951403141021729
Benign,Benign,0.20105542242527008
Benign,Benign,0.19951403141021729
Benign,Benign,0.19951403141021729
Benign,Benign,0.19999022781848907
Benign,Benign,0.20488663017749786
Benign,Benign,0.20124287903308868
Benign,Benign,0.19999022781848907
Benign,Benign,0.20132870972156525
Benign,Benign,0.19951403141021729
Benign,Benign,0.20102450251579285
Benign,Benign,0.2052231729030609
Benign,Benign,0.19951403141021729
Benign,Benign,0.21689246594905853
Benign,Benign,0.19999022781848907
Benign,Benign,0.23828399181365967
Benign,Benign,0.20223596692085266
Benign,Benign,0.20288541913032532
Benign,Benign,0.19951403141021729
Benign,Benign,0.20124287903308868
Benign,Benign,0.19999022781848907
Benign,Benign,0.19951403141021729
Benign,Benign,0.20171906054019928
Benign,Benign,0.19999022781848907
Benign,Benign,0.19999022781848907
Benign,Benign,0.19951403141021729
Benign,Benign,0.19951403141021729
Benign,Benign,0.37935197353363037
Benign,Benign,0.19999022781848907
Benign,Benign,0.19951403141021729
Benign,Benign,0.22488315403461456
Benign,Benign,0.2095087170600891
Benign,Benign,0.20914031565189362
Benign,Benign,0.20384642481803894
Benign,Benign,0.19951403141021729
Benign,Benign,0.2107907384634018
Benign,Benign,0.19951403141021729
Benign,Benign,0.19951403141021729
Benign,Benign,0.20351369678974152
Benign,Benign,0.19951403141021729
Benign,Benign,0.22855181992053986
Benign,Benign,0.19999022781848907
Benign,Benign,0.20633931457996368
Benign,Benign,0.19951403141021729
Benign,Benign,0.19951403141021729
Benign,Benign,0.21236416697502136
Benign,Benign,0.2229207307100296
Benign,Benign,0.20094260573387146
Benign,Benign,0.2025538980960846
Benign,Benign,0.20772682130336761
Benign,Benign,0.19951403141021729
Benign,Benign,0.19951403141021729
Benign,Benign,0.2189468890428543
Benign,Benign,0.19951403141021729
Benign,Benign,0.20147225260734558
Benign,Benign,0.19951403141021729
Benign,Benign,0.20046640932559967
Benign,Benign,0.19999022781848907
Benign,Benign,0.23317591845989227
Benign,Benign,0.19951403141021729
Benign,Benign,0.19951403141021729
Benign,Benign,0.19951403141021729
Benign,Benign,0.205874502658844
Benign,Benign,0.2014085352420807
Benign,Benign,0.23232401907444
Benign,Benign,0.2610822021961212
Benign,Benign,0.19951403141021729
Benign,Benign,0.19951403141021729
Benign,Benign,0.19999022781848907
Benign,Benign,0.20223596692085266
Benign,Benign,0.20194843411445618
Benign,Benign,0.19999022781848907
Benign,Benign,0.19999022781848907
Benign,Benign,0.19951403141021729
Benign,Benign,0.19951403141021729
Benign,Benign,0.19951403141021729
Benign,Benign,0.20313245058059692
Benign,Benign,0.20171883702278137
Benign,Benign,0.19951403141021729
Benign,Benign,0.21092727780342102
Benign,Benign,0.19999022781848907
Benign,Benign,0.2757076919078827
Benign,Benign,0.20046640932559967
Benign,Benign,0.20499038696289062
Benign,Benign,0.19999022781848907
Benign,Benign,0.19959592819213867
Benign,Benign,0.2043982893228531
Benign,Benign,0.19951403141021729
Benign,Benign,0.20007212460041046
Benign,Benign,0.2302219569683075
Benign,Benign,0.20094260573387146
Benign,Benign,0.20036697387695312
Benign,Benign,0.20046640932559967
Benign,Benign,0.19951403141021729
Benign,Benign,0.19999022781848907
Benign,Benign,0.19951403141021729
Benign,Benign,0.19951403141021729
Benign,Benign,0.19999022781848907
Benign,Benign,0.19951403141021729
Benign,Benign,0.20194843411445618
Benign,Benign,0.2116154283285141
Benign,Benign,0.20046640932559967
Benign,Benign,0.20124264061450958
Benign,Benign,0.19951403141021729
Benign,Benign,0.19951403141021729
Benign,Benign,0.19951403141021729
Benign,Benign,0.19951403141021729
Benign,Benign,0.20046640932559967
Benign,Benign,0.19951403141021729
Benign,Benign,0.19951403141021729
Benign,Benign,0.19951403141021729
Benign,Benign,0.2123492807149887
Benign,Benign,0.19999022781848907
Benign,Benign,0.20046640932559967
Benign,Benign,0.20636166632175446
Benign,Benign,0.19951403141021729
Benign,Benign,0.19951403141021729
Benign,Benign,0.22553779184818268
Benign,Benign,0.19951403141021729
Benign,Benign,0.19951403141021729
Benign,Benign,0.19951403141021729
Benign,Benign,0.20271216332912445
Benign,Benign,0.20046640932559967
Benign,Benign,0.20046640932559967
Benign,Benign,0.23272867500782013
Benign,Benign,0.20271509885787964
Benign,Benign,0.22866684198379517
Benign,Benign,0.20219501852989197
Benign,Benign,0.19951403141021729
Benign,Benign,0.19999022781848907
Benign,Benign,0.19951403141021729
Benign,Benign,0.20189498364925385
Benign,Benign,0.19999022781848907
Benign,Benign,0.20094260573387146
Benign,Benign,0.22711053490638733
Benign,Benign,0.32319051027297974
Benign,Benign,0.19951403141021729
Benign,Benign,0.2039952427148819
Benign,Benign,0.19999022781848907
Benign,Benign,0.19951403141021729
Benign,Benign,0.21151098608970642
Benign,Benign,0.19951403141021729
Benign,Benign,0.20783664286136627
Benign,Benign,0.19951403141021729
Benign,Benign,0.20094260573387146
Benign,Benign,0.19951403141021729
Benign,Benign,0.2652948498725891
Benign,Benign,0.2035529613494873
Benign,Benign,0.20392245054244995
Benign,Benign,0.19951403141021729
Benign,Benign,0.19951403141021729
Benign,Benign,0.19951403141021729
Benign,Benign,0.19951403141021729
Benign,Benign,0.19999022781848907
Benign,Benign,0.20094260573387146
Benign,Benign,0.2020123302936554
Benign,Benign,0.20175978541374207
Benign,Benign,0.19951403141021729
Benign,Benign,0.19951403141021729
Benign,Benign,0.23072127997875214
Benign,Benign,0.22465305030345917
Benign,Benign,0.19951403141021729
Benign,Benign,0.19951403141021729
Benign,Benign,0.19951403141021729
Benign,Benign,0.2289881706237793
Benign,Benign,0.20134295523166656
Benign,Benign,0.19951403141021729
Benign,Benign,0.20223596692085266
Benign,Benign,0.215422123670578
Benign,Benign,0.20094260573387146
Benign,Benign,0.19951403141021729
Benign,Benign,0.19951403141021729
Benign,Benign,0.20181915163993835
Benign,Benign,0.23550254106521606
Benign,Benign,0.24079619348049164
Benign,Benign,0.21743687987327576
Benign,Benign,0.1998143047094345
Benign,Benign,0.19999022781848907
Benign,Benign,0.19951403141021729
Benign,Benign,0.19951403141021729
Benign,Benign,0.19999022781848907
Benign,Benign,0.19999022781848907
Benign,Benign,0.20128358900547028
Benign,Benign,0.19951403141021729
Benign,Benign,0.19951403141021729
Benign,Benign,0.21147096157073975
Benign,Benign,0.21687904000282288
Benign,Benign,0.20189498364925385
Benign,Benign,0.20361997187137604
Benign,Benign,0.19951403141021729
Benign,Benign,0.23467063903808594
Benign,Benign,0.19951403141021729
Benign,Benign,0.19999022781848907
Benign,Benign,0.19951403141021729
Benign,Benign,0.317393034696579
Benign,Benign,0.20046640932559967
Benign,Benign,0.19951403141021729
Benign,Benign,0.2030305415391922
Benign,Benign,0.21906685829162598
Benign,Benign,0.19951403141021729
Benign,Benign,0.1998143047094345
Benign,Benign,0.2009960561990738
Benign,Benign,0.19951403141021729
Benign,Benign,0.19951403141021729
Benign,Benign,0.19951403141021729
Benign,Benign,0.19951403141021729
Benign,Benign,0.21151460707187653
Benign,Benign,0.19999022781848907
Benign,Benign,0.19999022781848907
Benign,Benign,0.19951403141021729
Benign,Benign,0.20128358900547028
Benign,Benign,0.19999022781848907
Benign,Benign,0.22289493680000305
Benign,Benign,0.21636055409908295
Benign,Benign,0.19951403141021729
Benign,Benign,0.19999022781848907
Benign,Benign,0.20349064469337463
Benign,Benign,0.20134295523166656
Benign,Benign,0.19951403141021729
Benign,Benign,0.19951403141021729
Benign,Benign,0.20442144572734833
Benign,Benign,0.20128358900547028
Benign,Benign,0.19951403141021729
Benign,Benign,0.21554508805274963
Benign,Benign,0.19999022781848907
Benign,Benign,0.19951403141021729
Benign,Benign,0.20141878724098206
Benign,Benign,0.23737969994544983
Benign,Benign,0.19951403141021729
Benign,Benign,0.20223596692085266
Benign,Benign,0.20128358900547028
Benign,Benign,0.20652168989181519
Benign,Benign,0.20046640932559967
Benign,Benign,0.21212352812290192
Benign,Benign,0.20556344091892242
Benign,Benign,0.22128266096115112
Benign,Benign,0.19959592819213867
Benign,Benign,0.19999022781848907
Benign,Benign,0.22846968472003937
Benign,Benign,0.19951403141021729
Benign,Benign,0.2042451649904251
Benign,Benign,0.20046640932559967
Benign,Benign,0.19959592819213867
Benign,Benign,0.19951403141021729
Benign,Benign,0.19959592819213867
Benign,Benign,0.23272065818309784
Benign,Benign,0.20318834483623505
Benign,Benign,0.22724831104278564
Benign,Benign,0.19951403141021729
Benign,Benign,0.19999022781848907
Benign,Benign,0.20223596692085266
Benign,Benign,0.19951403141021729
Benign,Benign,0.19951403141021729
Benign,Benign,0.19951403141021729
Benign,Benign,0.19951403141021729
Benign,Benign,0.19951403141021729
Benign,Benign,0.19951403141021729
Benign,Benign,0.20357228815555573
Benign,Benign,0.19951403141021729
Benign,Benign,0.20046640932559967
Benign,Benign,0.19999022781848907
Benign,Benign,0.22145089507102966
Benign,Benign,0.19951403141021729
Benign,Benign,0.20094260573387146
Benign,Benign,0.20094260573387146
Benign,Benign,0.19951403141021729
Benign,Benign,0.19951403141021729
Benign,Benign,0.20344088971614838
Benign,Benign,0.20046640932559967
Benign,Benign,0.19951403141021729
Benign,Benign,0.23893174529075623
Benign,Benign,0.19959592819213867
Benign,Benign,0.20147225260734558
Benign,Benign,0.19951403141021729
Benign,Benign,0.24451197683811188
Benign,Benign,0.21151942014694214
Benign,Benign,0.19951403141021729
Benign,Benign,0.19951403141021729
Benign,Benign,0.23005881905555725
Benign,Benign,0.19951403141021729
Benign,Benign,0.19951403141021729
Benign,Benign,0.19951403141021729
Benign,Benign,0.19999022781848907
Benign,Benign,0.19951403141021729
Benign,Benign,0.20414073765277863
Benign,Benign,0.19951403141021729
Benign,Benign,0.234638512134552
Benign,Benign,0.21826261281967163
Benign,Benign,0.19951403141021729
Benign,Benign,0.19951403141021729
Benign,Benign,0.20229533314704895
Benign,Benign,0.19999022781848907
Benign,Benign,0.20046640932559967
Benign,Benign,0.20094260573387146
Benign,Benign,0.19951403141021729
Benign,Benign,0.20046640932559967
Benign,Benign,0.19951403141021729
Benign,Benign,0.22620098292827606
Benign,Benign,0.2015361338853836
Benign,Benign,0.2162703275680542
Benign,Benign,0.19999022781848907
Benign,Benign,0.20046640932559967
Benign,Benign,0.19951403141021729
Benign,Benign,0.19951403141021729
Benign,Benign,0.19951403141021729
Benign,Benign,0.19951403141021729
Benign,Benign,0.20046640932559967
Benign,Benign,0.19951403141021729
Benign,Benign,0.19951403141021729
Benign,Benign,0.19999022781848907
Benign,Benign,0.19951403141021729
Benign,Benign,0.19951403141021729
Benign,Benign,0.19999022781848907
Benign,Benign,0.20385484397411346
Benign,Benign,0.19951403141021729
Benign,Benign,0.20150068402290344
Benign,Benign,0.19999022781848907
Benign,Benign,0.19951403141021729
Benign,Benign,0.20949053764343262
Benign,Benign,0.20141878724098206
Benign,Benign,0.2054140418767929
Benign,Benign,0.19951403141021729
Benign,Benign,0.2248176783323288
Benign,Benign,0.19951403141021729
Benign,Benign,0.20134295523166656
Benign,Benign,0.20078380405902863
Benign,Benign,0.19951403141021729
Benign,Benign,0.19999022781848907
Benign,Benign,0.19999022781848907
Benign,Benign,0.20046640932559967
Benign,Benign,0.19999022781848907
Benign,Benign,0.19999022781848907
Benign,Benign,0.20046640932559967
Benign,Benign,0.20131398737430573
Benign,Benign,0.19951403141021729
Benign,Benign,0.19999022781848907
Benign,Benign,0.19951403141021729
Benign,Benign,0.19999022781848907
Benign,Benign,0.28029701113700867
Benign,Benign,0.23786160349845886
Benign,Benign,0.20094260573387146
Benign,Benign,0.22168058156967163
Benign,Benign,0.21463368833065033
Benign,Benign,0.20420010387897491
Benign,Benign,0.19951403141021729
Benign,Benign,0.19951403141021729
Benign,Benign,0.20007212460041046
Benign,Benign,0.20046640932559967
Benign,Benign,0.20134295523166656
Benign,Benign,0.20332355797290802
Benign,Benign,0.20171906054019928
Benign,Benign,0.19999022781848907
Benign,Benign,0.19951403141021729
Benign,Benign,0.20223596692085266
Benign,Benign,0.2183423638343811
Benign,Benign,0.19951403141021729
Benign,Benign,0.19951403141021729
Benign,Benign,0.19951403141021729
Benign,Benign,0.19951403141021729
Benign,Benign,0.19951403141021729
Benign,Benign,0.2089345008134842
Benign,Benign,0.19951403141021729
Benign,Benign,0.2085660994052887
Benign,Benign,0.19999022781848907
Benign,Benign,0.20030760765075684
Benign,Benign,0.20046640932559967
Benign,Benign,0.19951403141021729
Benign,Benign,0.19999022781848907
Benign,Benign,0.23257410526275635
Benign,Benign,0.19951403141021729
Benign,Benign,0.20175978541374207
Benign,Benign,0.20046640932559967
Benign,Benign,0.19999022781848907
Benign,Benign,0.19951403141021729
Benign,Benign,0.21133224666118622
Benign,Benign,0.20593391358852386
Benign,Benign,0.19951403141021729
Benign,Benign,0.19962845742702484
Benign,Benign,0.19951403141021729
Benign,Benign,0.19951403141021729
Benign,Benign,0.21071338653564453
Benign,Benign,0.19999022781848907
Benign,Benign,0.20406872034072876
Benign,Benign,0.19999022781848907
Benign,Benign,0.21273569762706757
Benign,Benign,0.20332355797290802
Benign,Benign,0.2206055372953415
Benign,Benign,0.19951403141021729
Benign,Benign,0.19951403141021729
Benign,Benign,0.20046640932559967
Benign,Benign,0.20054830610752106
Benign,Benign,0.20542381703853607
Benign,Benign,0.20236091315746307
Benign,Benign,0.19951403141021729
Benign,Benign,0.21253983676433563
Benign,Benign,0.19951403141021729
Benign,Benign,0.20084317028522491
Benign,Benign,0.19951403141021729
Benign,Benign,0.23268677294254303
Benign,Benign,0.3444065749645233
Benign,Benign,0.23046836256980896
Benign,Benign,0.19951403141021729
Benign,Benign,0.19951403141021729
Benign,Benign,0.2078476846218109
Benign,Benign,0.2034246176481247
Benign,Benign,0.22081872820854187
Benign,Benign,0.20223596692085266
Benign,Benign,0.19951403141021729
Benign,Benign,0.19951403141021729
Benign,Benign,0.19951403141021729
Benign,Benign,0.19951403141021729
Benign,Benign,0.19951403141021729
Benign,Benign,0.27311718463897705
Benign,Benign,0.201736181974411
Benign,Benign,0.20364093780517578
Benign,Benign,0.19951403141021729
Benign,Benign,0.19999022781848907
Benign,Benign,0.19951403141021729
Benign,Benign,0.21592140197753906
Benign,Benign,0.19999022781848907
Benign,Benign,0.20245307683944702
Benign,Benign,0.19951403141021729
Benign,Benign,0.20128358900547028
Benign,Benign,0.2028641253709793
Benign,Benign,0.20046640932559967
Benign,Benign,0.20007212460041046
Benign,Benign,0.19951403141021729
Benign,Benign,0.19999022781848907
Benign,Benign,0.19999022781848907
Benign,Benign,0.20046640932559967
Benign,Benign,0.20147225260734558
Benign,Benign,0.19951403141021729
Benign,Benign,0.19999022781848907
Benign,Benign,0.19951403141021729
Benign,Malicious,0.5911847352981567
Benign,Benign,0.22702369093894958
Benign,Benign,0.28813454508781433
Benign,Benign,0.19951403141021729
Benign,Benign,0.19999022781848907
Benign,Benign,0.19951403141021729
Benign,Benign,0.20094260573387146
Benign,Benign,0.19951403141021729
Benign,Benign,0.20147225260734558
Benign,Benign,0.21735019981861115
Benign,Benign,0.19951403141021729
Benign,Benign,0.19951403141021729
Benign,Benign,0.19951403141021729
Benign,Benign,0.19999022781848907
Benign,Benign,0.2382795661687851
Benign,Benign,0.19951403141021729
Benign,Benign,0.20094260573387146
Benign,Benign,0.20189498364925385
Benign,Benign,0.21867284178733826
Benign,Benign,0.2023879438638687
Benign,Benign,0.24586783349514008
Benign,Benign,0.19951403141021729
Benign,Benign,0.20094260573387146
Benign,Benign,0.19999022781848907
Benign,Benign,0.21499164402484894
Benign,Benign,0.19951403141021729
Benign,Benign,0.2535799741744995
Benign,Benign,0.19951403141021729
Benign,Benign,0.19951403141021729
Benign,Benign,0.19951403141021729
Benign,Benign,0.19951403141021729
Benign,Benign,0.19951403141021729
Benign,Benign,0.19999022781848907
Benign,Benign,0.20578712224960327
Benign,Benign,0.19951403141021729
Benign,Benign,0.20046640932559967
Benign,Benign,0.19951403141021729
Benign,Benign,0.20238840579986572
Benign,Benign,0.20966391265392303
Benign,Benign,0.19951403141021729
Benign,Benign,0.20175978541374207
Benign,Benign,0.20233237743377686
Benign,Benign,0.19999022781848907
Benign,Benign,0.19951403141021729
Benign,Benign,0.20175978541374207
Benign,Benign,0.19999022781848907
Benign,Benign,0.21542268991470337
Benign,Benign,0.19999022781848907
Benign,Benign,0.19951403141021729
Benign,Benign,0.20985448360443115
Benign,Benign,0.19951403141021729
Benign,Benign,0.19951403141021729
Benign,Benign,0.19999022781848907
Benign,Benign,0.202488511800766
Benign,Benign,0.19951403141021729
Benign,Benign,0.19951403141021729
Benign,Benign,0.19999022781848907
Benign,Benign,0.19951403141021729
Benign,Benign,0.20734839141368866
Benign,Benign,0.19999022781848907
Benign,Benign,0.19999022781848907
Benign,Benign,0.20141878724098206
Benign,Benign,0.19951403141021729
Benign,Benign,0.20635151863098145
Benign,Benign,0.20541846752166748
Benign,Benign,0.22769905626773834
Benign,Benign,0.19951403141021729
Benign,Benign,0.21268300712108612
Benign,Benign,0.19951403141021729
Benign,Benign,0.20223596692085266
Benign,Benign,0.2569325864315033
Benign,Benign,0.19999022781848907
Benign,Benign,0.20141878724098206
Benign,Benign,0.2462558150291443
Benign,Benign,0.20094260573387146
Benign,Benign,0.19951403141021729
Benign,Benign,0.20783719420433044
Benign,Benign,0.21287737786769867
Benign,Benign,0.19951403141021729
Benign,Benign,0.2020123302936554
Benign,Benign,0.19951403141021729
Benign,Benign,0.2200934737920761
Benign,Benign,0.19999022781848907
Benign,Benign,0.19951403141021729
Benign,Benign,0.19999022781848907
Benign,Benign,0.26762670278549194
Benign,Benign,0.19951403141021729
Benign,Benign,0.19951403141021729
Benign,Benign,0.19951403141021729
Benign,Benign,0.19951403141021729
Benign,Benign,0.19951403141021729
Benign,Benign,0.19999022781848907
Benign,Benign,0.19951403141021729
Benign,Benign,0.19999022781848907
Benign,Benign,0.19999022781848907
Benign,Benign,0.19951403141021729
Benign,Benign,0.24202698469161987
Benign,Benign,0.20046640932559967
Benign,Benign,0.19951403141021729
Benign,Benign,0.20159749686717987
Benign,Benign,0.21823690831661224
Benign,Benign,0.19951403141021729
Benign,Benign,0.19951403141021729
Benign,Benign,0.19951403141021729
Benign,Benign,0.19951403141021729
Benign,Benign,0.2053634077310562
Benign,Benign,0.2208579182624817
Benign,Benign,0.19999022781848907
Benign,Benign,0.20046640932559967
Benign,Benign,0.2020123302936554
Benign,Benign,0.19951403141021729
Benign,Benign,0.22035279870033264
Benign,Benign,0.21755871176719666
Benign,Benign,0.2421085089445114
Benign,Benign,0.20296494662761688
Benign,Benign,0.19951403141021729
Benign,Benign,0.22332051396369934
Benign,Benign,0.19951403141021729
Benign,Benign,0.2058500200510025
Benign,Benign,0.19999022781848907
Benign,Benign,0.19951403141021729
Benign,Benign,0.19951403141021729
Benign,Benign,0.19951403141021729
Benign,Benign,0.20290900766849518
Benign,Benign,0.2008577436208725
Benign,Benign,0.20366454124450684
Benign,Benign,0.19999022781848907
Benign,Benign,0.20147225260734558
Benign,Benign,0.20189498364925385
Benign,Benign,0.22114825248718262
Benign,Benign,0.19951403141021729
Benign,Benign,0.23279231786727905
Benign,Benign,0.19951403141021729
Benign,Benign,0.19999022781848907
Benign,Benign,0.19951403141021729
Benign,Benign,0.19951403141021729
Benign,Benign,0.21715767681598663
Benign,Benign,0.19951403141021729
Benign,Benign,0.2007666826248169
Benign,Benign,0.21897165477275848
Benign,Benign,0.19951403141021729
Benign,Benign,0.23104187846183777
Benign,Benign,0.20248399674892426
Benign,Benign,0.19999022781848907
Benign,Benign,0.21393775939941406
Benign,Benign,0.234495609998703
Benign,Benign,0.19951403141021729
Benign,Benign,0.210725337266922
Benign,Benign,0.20245307683944702
Benign,Benign,0.20444302260875702
Benign,Benign,0.20324771106243134
Benign,Benign,0.20526517927646637
Benign,Benign,0.20094260573387146
Benign,Benign,0.20237118005752563
Benign,Benign,0.20141878724098206
Benign,Benign,0.21275141835212708
Benign,Benign,0.19951403141021729
Benign,Benign,0.19951403141021729
Benign,Benign,0.19951403141021729
Benign,Benign,0.19951403141021729
Benign,Benign,0.19999022781848907
Benign,Benign,0.19951403141021729
Benign,Benign,0.19951403141021729
Benign,Benign,0.19951403141021729
Benign,Benign,0.19951403141021729
Benign,Benign,0.19951403141021729
Benign,Benign,0.19999022781848907
Benign,Benign,0.21174052357673645
Benign,Benign,0.19951403141021729
Benign,Benign,0.19951403141021729
Benign,Benign,0.23628444969654083
Benign,Benign,0.19951403141021729
Benign,Benign,0.19999022781848907
Benign,Benign,0.19951403141021729
Benign,Benign,0.19999022781848907
Benign,Benign,0.20007212460041046
Benign,Benign,0.19951403141021729
Benign,Benign,0.20383921265602112
Benign,Benign,0.24443715810775757
Benign,Benign,0.19999022781848907
Benign,Benign,0.20124287903308868
Benign,Benign,0.19951403141021729
Benign,Benign,0.20480558276176453
Benign,Benign,0.23000793159008026
Benign,Benign,0.21401113271713257
Benign,Benign,0.21171656250953674
Benign,Benign,0.23541495203971863
Benign,Benign,0.20175978541374207
Benign,Benign,0.19951403141021729
Benign,Benign,0.20175978541374207
Benign,Benign,0.20332355797290802
Benign,Benign,0.19951403141021729
Benign,Benign,0.2038165032863617
Benign,Benign,0.19999022781848907
Benign,Benign,0.19951403141021729
Benign,Benign,0.205874502658844
Benign,Benign,0.23467588424682617
Benign,Benign,0.19951403141021729
Benign,Benign,0.19951403141021729
Benign,Benign,0.22657358646392822
Benign,Benign,0.19951403141021729
Benign,Benign,0.20046640932559967
Benign,Benign,0.20417113602161407
Benign,Benign,0.20078380405902863
Benign,Benign,0.19951403141021729
Benign,Benign,0.19951403141021729
Benign,Benign,0.23515534400939941
Benign,Benign,0.20046640932559967
Benign,Benign,0.23350681364536285
Benign,Benign,0.2347332239151001
Benign,Benign,0.19951403141021729
Benign,Benign,0.19999022781848907
Benign,Benign,0.19951403141021729
Benign,Benign,0.20102450251579285
Benign,Benign,0.19999022781848907
Benign,Benign,0.19951403141021729
Benign,Benign,0.19951403141021729
Benign,Benign,0.19951403141021729
Benign,Benign,0.19951403141021729
Benign,Benign,0.19999022781848907
Benign,Benign,0.19951403141021729
Benign,Benign,0.19999022781848907
Benign,Benign,0.19999022781848907
Benign,Benign,0.19951403141021729
Benign,Benign,0.19951403141021729
Benign,Benign,0.19999022781848907
Benign,Benign,0.19951403141021729
Benign,Benign,0.20194843411445618
Benign,Benign,0.20128358900547028
Benign,Benign,0.19951403141021729
Benign,Benign,0.23115436732769012
Benign,Benign,0.19951403141021729
Benign,Benign,0.19951403141021729
Benign,Benign,0.20046640932559967
Benign,Benign,0.23620305955410004
Benign,Benign,0.19999022781848907
Benign,Benign,0.2187616378068924
Benign,Benign,0.20091691613197327
Benign,Benign,0.19951403141021729
Benign,Benign,0.19951403141021729
Benign,Benign,0.19999022781848907
Benign,Benign,0.19951403141021729
Benign,Benign,0.19999022781848907
Benign,Benign,0.20387418568134308
Benign,Benign,0.19951403141021729
Benign,Benign,0.19951403141021729
Benign,Benign,0.19951403141021729
Benign,Benign,0.24387159943580627
Benign,Benign,0.19951403141021729
Benign,Benign,0.19951403141021729
Benign,Benign,0.19999022781848907
Benign,Benign,0.20094260573387146
Benign,Benign,0.20046640932559967
Benign,Benign,0.19951403141021729
Benign,Benign,0.19951403141021729
Benign,Benign,0.19951403141021729
Benign,Benign,0.20078380405902863
Benign,Benign,0.20223596692085266
Benign,Benign,0.20046640932559967
Benign,Benign,0.19951403141021729
Benign,Benign,0.22012260556221008
Benign,Benign,0.19951403141021729
Benign,Benign,0.20181915163993835
Benign,Benign,0.20181915163993835
Benign,Benign,0.20046640932559967
Benign,Benign,0.19951403141021729
Benign,Benign,0.19999022781848907
Benign,Benign,0.20271216332912445
Benign,Benign,0.19999022781848907
Benign,Benign,0.2257210612297058
Benign,Benign,0.19951403141021729
Benign,Benign,0.21584387123584747
Benign,Benign,0.20348039269447327
Benign,Benign,0.19999022781848907
Benign,Benign,0.20364870131015778
Benign,Benign,0.20237118005752563
Benign,Benign,0.20318834483623505
Benign,Benign,0.19951403141021729
Benign,Benign,0.19951403141021729
Benign,Benign,0.20105542242527008
Benign,Benign,0.20200110971927643
Benign,Benign,0.22921568155288696
Benign,Benign,0.20046640932559967
Benign,Benign,0.19951403141021729
Benign,Benign,0.20128358900547028
Benign,Benign,0.19951403141021729
Benign,Benign,0.19951403141021729
Benign,Benign,0.19951403141021729
Benign,Benign,0.20094260573387146
Benign,Benign,0.20250555872917175
Benign,Benign,0.22916372120380402
Benign,Benign,0.19951403141021729
Benign,Benign,0.19951403141021729
Benign,Benign,0.20212438702583313
Benign,Benign,0.19951403141021729
Benign,Benign,0.19951403141021729
Benign,Benign,0.3146410882472992
Benign,Benign,0.19999022781848907
Benign,Benign,0.2035137265920639
Benign,Benign,0.20046640932559967
Benign,Benign,0.19999022781848907
Benign,Benign,0.23328626155853271
Benign,Benign,0.20054830610752106
Benign,Benign,0.19951403141021729
Benign,Benign,0.19951403141021729
Benign,Benign,0.20105542242527008
Benign,Benign,0.19951403141021729
Benign,Benign,0.19999022781848907
Benign,Benign,0.19999022781848907
Benign,Benign,0.2152891457080841
Benign,Benign,0.19951403141021729
Benign,Benign,0.2197159081697464
Benign,Benign,0.20134295523166656
Benign,Benign,0.19999022781848907
Benign,Benign,0.20046640932559967
Benign,Benign,0.20141878724098206
Benign,Benign,0.19951403141021729
Benign,Benign,0.19951403141021729
Benign,Benign,0.20141878724098206
Benign,Benign,0.20433104038238525
Benign,Benign,0.19999022781848907
Benign,Benign,0.20046640932559967
Benign,Benign,0.24870401620864868
Benign,Benign,0.19951403141021729
Benign,Benign,0.19951403141021729
Benign,Benign,0.19999022781848907
Benign,Benign,0.20175978541374207
Benign,Benign,0.19951403141021729
Benign,Benign,0.19951403141021729
Benign,Benign,0.20046640932559967
Benign,Benign,0.19951403141021729
Benign,Benign,0.19951403141021729
Benign,Benign,0.20036697387695312
Benign,Benign,0.19999022781848907
Benign,Benign,0.19999022781848907
Benign,Benign,0.19951403141021729
Benign,Benign,0.19999022781848907
Benign,Benign,0.20242463052272797
Benign,Benign,0.19951403141021729
Benign,Benign,0.19951403141021729
Benign,Benign,0.19951403141021729
Benign,Benign,0.19999022781848907
Benign,Benign,0.19999022781848907
Benign,Benign,0.2465001940727234
Benign,Benign,0.20010465383529663
Benign,Benign,0.20171906054019928
Benign,Benign,0.19951403141021729
Benign,Benign,0.19951403141021729
Benign,Benign,0.23387473821640015
Benign,Benign,0.19951403141021729
Benign,Benign,0.20344112813472748
Benign,Benign,0.19951403141021729
Benign,Benign,0.20247729122638702
Benign,Benign,0.19959592819213867
Benign,Benign,0.2044178694486618
Benign,Benign,0.19999022781848907
Benign,Benign,0.20956775546073914
Benign,Benign,0.19951403141021729
Benign,Benign,0.21824835240840912
Benign,Benign,0.21875041723251343
Benign,Benign,0.19999022781848907
Benign,Benign,0.19951403141021729
Benign,Benign,0.19999022781848907
Benign,Benign,0.20245307683944702
Benign,Benign,0.2783847153186798
Benign,Benign,0.2009960561990738
Benign,Benign,0.20197688043117523
Benign,Benign,0.21937432885169983
Benign,Benign,0.22883275151252747
Benign,Benign,0.19999022781848907
Benign,Benign,0.19999022781848907
Benign,Benign,0.19951403141021729
Benign,Benign,0.19951403141021729
Benign,Benign,0.19951403141021729
Benign,Benign,0.20094260573387146
Benign,Benign,0.2061806619167328
Benign,Benign,0.19951403141021729
Benign,Benign,0.20105542242527008
Benign,Benign,0.19951403141021729
Benign,Benign,0.22011171281337738
Benign,Benign,0.19951403141021729
Benign,Benign,0.2020696997642517
Benign,Benign,0.20344088971614838
Benign,Benign,0.19951403141021729
Benign,Benign,0.22833408415317535
Benign,Benign,0.20150068402290344
Benign,Benign,0.19951403141021729
Benign,Benign,0.19951403141021729
Benign,Benign,0.20353835821151733
Benign,Benign,0.20030760765075684
Benign,Benign,0.23929475247859955
Benign,Benign,0.19999022781848907
Benign,Benign,0.24102023243904114
Benign,Benign,0.2217710167169571
Benign,Benign,0.2057579606771469
Benign,Benign,0.19951403141021729
Benign,Benign,0.205823615193367
Benign,Benign,0.20046640932559967
Benign,Benign,0.19951403141021729
Benign,Benign,0.2069571614265442
Benign,Benign,0.19951403141021729
Benign,Benign,0.19951403141021729
Benign,Benign,0.20175978541374207
Benign,Benign,0.20102450251579285
Benign,Benign,0.19951403141021729
Benign,Benign,0.20171906054019928
Benign,Benign,0.19951403141021729
Benign,Benign,0.20046640932559967
Benign,Benign,0.19951403141021729
Benign,Benign,0.19951403141021729
Benign,Benign,0.19951403141021729
Benign,Benign,0.19999022781848907
Benign,Benign,0.19951403141021729
Benign,Benign,0.20046640932559967
Benign,Benign,0.23540696501731873
Benign,Benign,0.21439088881015778
Benign,Benign,0.19999022781848907
Benign,Benign,0.20054830610752106
Benign,Benign,0.20153161883354187
Benign,Benign,0.20175978541374207
Benign,Benign,0.20175978541374207
Benign,Benign,0.23228324949741364
Benign,Benign,0.19951403141021729
Benign,Benign,0.19999022781848907
Benign,Benign,0.19999022781848907
Benign,Benign,0.19951403141021729
Benign,Benign,0.30552494525909424
Benign,Benign,0.19999022781848907
Benign,Benign,0.19999022781848907
Benign,Benign,0.19951403141021729
Benign,Benign,0.19951403141021729
Benign,Benign,0.2299729734659195
Benign,Benign,0.19999022781848907
Benign,Benign,0.19999022781848907
Benign,Benign,0.20179018378257751
Benign,Benign,0.20046640932559967
Benign,Benign,0.20175978541374207
Benign,Benign,0.20271216332912445
Benign,Benign,0.21879714727401733
Benign,Benign,0.19951403141021729
Benign,Benign,0.19951403141021729
Benign,Benign,0.19951403141021729
Benign,Benign,0.19951403141021729
Benign,Benign,0.20318834483623505
Benign,Benign,0.19999022781848907
Benign,Benign,0.20906035602092743
Benign,Benign,0.24816842377185822
Benign,Benign,0.19999022781848907
Benign,Benign,0.20534566044807434
Benign,Benign,0.19951403141021729
Benign,Benign,0.19951403141021729
Benign,Benign,0.20237118005752563
Benign,Benign,0.19951403141021729
Benign,Benign,0.19951403141021729
Benign,Benign,0.20046640932559967
Benign,Benign,0.32694125175476074
Benign,Benign,0.19951403141021729
Benign,Benign,0.20175978541374207
Benign,Benign,0.19951403141021729
Benign,Benign,0.19951403141021729
Benign,Benign,0.2079923003911972
Benign,Benign,0.2164485603570938
Benign,Benign,0.20094260573387146
Benign,Benign,0.2138577550649643
Benign,Benign,0.20046640932559967
Benign,Benign,0.20134295523166656
Benign,Benign,0.2356000691652298
Benign,Benign,0.19999022781848907
Benign,Benign,0.19951403141021729
Benign,Benign,0.19951403141021729
Benign,Benign,0.19951403141021729
Benign,Benign,0.19951403141021729
Benign,Benign,0.19999022781848907
Benign,Benign,0.24098803102970123
Benign,Benign,0.2094586044549942
Benign,Benign,0.19951403141021729
Benign,Benign,0.19999022781848907
Benign,Benign,0.20267121493816376
Benign,Benign,0.19951403141021729
Benign,Benign,0.19951403141021729
Benign,Benign,0.19999022781848907
Benign,Benign,0.19951403141021729
Benign,Benign,0.19951403141021729
Benign,Benign,0.19999022781848907
Benign,Benign,0.20345793664455414
Benign,Benign,0.2135108858346939
Benign,Benign,0.19951403141021729
Benign,Benign,0.19951403141021729
Benign,Benign,0.22951725125312805
Benign,Benign,0.19951403141021729
Benign,Benign,0.2513323426246643
Benign,Benign,0.19951403141021729
Benign,Benign,0.20189498364925385
Benign,Benign,0.19951403141021729
Benign,Benign,0.21661655604839325
Benign,Benign,0.19951403141021729
Benign,Benign,0.20318834483623505
Benign,Benign,0.20046640932559967
Benign,Benign,0.19951403141021729
Benign,Benign,0.20437559485435486
Benign,Benign,0.2191765159368515
Benign,Benign,0.19951403141021729
Benign,Benign,0.19951403141021729
Benign,Benign,0.20580801367759705
Benign,Benign,0.19951403141021729
Benign,Benign,0.19999022781848907
Benign,Benign,0.19951403141021729
Benign,Benign,0.19951403141021729
Benign,Benign,0.19999022781848907
Benign,Benign,0.19951403141021729
Benign,Benign,0.1998143047094345
Benign,Benign,0.19951403141021729
Benign,Benign,0.20128358900547028
Benign,Benign,0.20046640932559967
Benign,Benign,0.2028234899044037
Benign,Benign,0.19951403141021729
Benign,Benign,0.21557196974754333
Benign,Benign,0.19951403141021729
Benign,Benign,0.19951403141021729
Benign,Benign,0.20234045386314392
Benign,Benign,0.19951403141021729
Benign,Benign,0.20046640932559967
Benign,Benign,0.20054830610752106
Benign,Benign,0.2247840315103531
Benign,Benign,0.19951403141021729
Benign,Benign,0.20078380405902863
Benign,Benign,0.20094260573387146
Benign,Benign,0.2052329182624817
Benign,Benign,0.19951403141021729
Benign,Benign,0.2091539353132248
Benign,Benign,0.20372390747070312
Benign,Benign,0.19951403141021729
Benign,Benign,0.19951403141021729
Benign,Benign,0.19951403141021729
Benign,Benign,0.2009960561990738
Benign,Benign,0.19951403141021729
Benign,Benign,0.19951403141021729
Benign,Benign,0.20391708612442017
Benign,Benign,0.21087434887886047
Benign,Benign,0.22837407886981964
Benign,Benign,0.20046640932559967
Benign,Benign,0.19951403141021729
Benign,Benign,0.19951403141021729
Benign,Benign,0.19951403141021729
Benign,Benign,0.20944933593273163
Benign,Benign,0.21967798471450806
Benign,Benign,0.22482755780220032
Benign,Benign,0.19999022781848907
Benign,Benign,0.19999022781848907
Benign,Benign,0.19951403141021729
Benign,Benign,0.19951403141021729
Benign,Benign,0.19999022781848907
Benign,Benign,0.19951403141021729
Benign,Benign,0.20223596692085266
Benign,Benign,0.20385320484638214
Benign,Benign,0.24062877893447876
Benign,Benign,0.19951403141021729
Benign,Benign,0.19951403141021729
Benign,Benign,0.2355341613292694
Benign,Benign,0.20891311764717102
Benign,Benign,0.2160680741071701
Benign,Benign,0.21989157795906067
Benign,Benign,0.24451032280921936
Benign,Benign,0.19999022781848907
Benign,Benign,0.20749831199645996
Benign,Benign,0.20094260573387146
Benign,Benign,0.19951403141021729
Benign,Benign,0.20351369678974152
Benign,Benign,0.19951403141021729
Benign,Benign,0.19951403141021729
Benign,Benign,0.19951403141021729
Benign,Benign,0.20046640932559967
Benign,Benign,0.20046640932559967
Benign,Benign,0.2429492473602295
Benign,Benign,0.20223596692085266
Benign,Benign,0.19959592819213867
Benign,Benign,0.20914031565189362
Benign,Benign,0.20242463052272797
Benign,Benign,0.20776969194412231
Benign,Benign,0.19951403141021729
Benign,Benign,0.19951403141021729
Benign,Benign,0.2324923574924469
Benign,Benign,0.20134295523166656
Benign,Benign,0.2459893375635147
Benign,Benign,0.22922033071517944
Benign,Benign,0.20180408656597137
Benign,Benign,0.22251760959625244
Benign,Benign,0.19999022781848907
Benign,Benign,0.20150068402290344
Benign,Benign,0.2091718167066574
Benign,Benign,0.19951403141021729
Benign,Benign,0.20223596692085266
Benign,Benign,0.19951403141021729
Benign,Benign,0.19951403141021729
Benign,Benign,0.19951403141021729
Benign,Benign,0.19999022781848907
Benign,Benign,0.19951403141021729
Benign,Benign,0.20487447082996368
Benign,Benign,0.19951403141021729
Benign,Benign,0.19951403141021729
Benign,Benign,0.19959592819213867
Benign,Benign,0.19999022781848907
Benign,Benign,0.19951403141021729
Benign,Benign,0.19999022781848907
Benign,Benign,0.19999022781848907
Benign,Benign,0.21155814826488495
Benign,Benign,0.19951403141021729
Benign,Benign,0.19951403141021729
Benign,Benign,0.20147225260734558
Benign,Benign,0.19999022781848907
Benign,Benign,0.19951403141021729
Benign,Benign,0.19999022781848907
Benign,Benign,0.21554183959960938
Benign,Benign,0.24325567483901978
Benign,Benign,0.22855006158351898
Benign,Benign,0.248429536819458
Benign,Benign,0.19951403141021729
Benign,Benign,0.20214956998825073
Benign,Benign,0.19951403141021729
Benign,Benign,0.2029534876346588
Benign,Benign,0.20094260573387146
Benign,Benign,0.20094260573387146
Benign,Benign,0.19951403141021729
Benign,Benign,0.2134505957365036
Benign,Benign,0.19951403141021729
Benign,Benign,0.19951403141021729
Benign,Benign,0.2016877681016922
Benign,Benign,0.19959592819213867
Benign,Benign,0.20128358900547028
Benign,Benign,0.19951403141021729
Benign,Benign,0.19951403141021729
Benign,Benign,0.19951403141021729
Benign,Benign,0.23571531474590302
Benign,Benign,0.19951403141021729
Benign,Benign,0.20094260573387146
Benign,Benign,0.21872708201408386
Benign,Benign,0.20094260573387146
Benign,Benign,0.20046640932559967
Benign,Benign,0.19951403141021729
Benign,Benign,0.19951403141021729
Benign,Benign,0.19951403141021729
Benign,Benign,0.21109656989574432
Benign,Benign,0.20094260573387146
Benign,Benign,0.19999022781848907
Benign,Benign,0.19951403141021729
Benign,Benign,0.19951403141021729
Benign,Benign,0.19951403141021729
Benign,Benign,0.20046640932559967
Benign,Benign,0.2090245634317398
Benign,Benign,0.19951403141021729
Benign,Benign,0.2226603776216507
Benign,Benign,0.2258860170841217
Benign,Benign,0.20094260573387146
Benign,Benign,0.24667756259441376
Benign,Benign,0.19951403141021729
Benign,Benign,0.2050485461950302
Benign,Benign,0.19951403141021729
Benign,Benign,0.19951403141021729
Benign,Benign,0.2046762853860855
Benign,Benign,0.21153107285499573
Benign,Benign,0.19951403141021729
Benign,Benign,0.19999022781848907
Benign,Benign,0.19951403141021729
Benign,Benign,0.19999022781848907
Benign,Benign,0.21110080182552338
Benign,Benign,0.19951403141021729
Benign,Benign,0.20128358900547028
Benign,Benign,0.19951403141021729
Benign,Benign,0.19999022781848907
Benign,Benign,0.19951403141021729
Benign,Benign,0.19951403141021729
Benign,Benign,0.19999022781848907
Benign,Benign,0.19951403141021729
Benign,Benign,0.20271216332912445
Benign,Benign,0.19951403141021729
Benign,Benign,0.20643821358680725
Benign,Benign,0.20398247241973877
Benign,Benign,0.19951403141021729
Benign,Benign,0.20141878724098206
Benign,Benign,0.2013193517923355
Benign,Benign,0.20486946403980255
Benign,Benign,0.20251338183879852
Benign,Benign,0.19951403141021729
Benign,Benign,0.22075322270393372
Benign,Benign,0.2395957112312317
Benign,Benign,0.20046640932559967
Benign,Benign,0.20419812202453613
Benign,Benign,0.19951403141021729
Benign,Benign,0.19999022781848907
Benign,Benign,0.19951403141021729
Benign,Benign,0.19951403141021729
Benign,Benign,0.19951403141021729
Benign,Benign,0.19951403141021729
Benign,Benign,0.19951403141021729
Benign,Benign,0.20811650156974792
Benign,Benign,0.20094260573387146
Benign,Benign,0.20134295523166656
Benign,Benign,0.19951403141021729
Benign,Benign,0.19999022781848907
Benign,Benign,0.19951403141021729
Benign,Benign,0.20271216332912445
Benign,Benign,0.20180490612983704
Benign,Benign,0.20284736156463623
Benign,Benign,0.19951403141021729
Benign,Benign,0.20054830610752106
Benign,Benign,0.19951403141021729
Benign,Benign,0.20046640932559967
Benign,Benign,0.21535585820674896
Benign,Benign,0.19951403141021729
Benign,Benign,0.19951403141021729
Benign,Benign,0.19951403141021729
Benign,Benign,0.2015361338853836
Benign,Benign,0.19951403141021729
Benign,Benign,0.2024746835231781
Benign,Benign,0.21373212337493896
Benign,Benign,0.20175978541374207
Benign,Benign,0.20369493961334229
Benign,Benign,0.19999022781848907
Benign,Benign,0.19951403141021729
Benign,Benign,0.19959592819213867
Benign,Benign,0.19951403141021729
Benign,Benign,0.19995945692062378
Benign,Benign,0.2032187432050705
Benign,Benign,0.19951403141021729
Benign,Benign,0.19951403141021729
Benign,Benign,0.21788252890110016
Benign,Benign,0.19951403141021729
Benign,Benign,0.20576614141464233
Benign,Benign,0.19951403141021729
Benign,Benign,0.19951403141021729
Benign,Benign,0.20094260573387146
Benign,Benign,0.2009960561990738
Benign,Benign,0.19951403141021729
Benign,Benign,0.19999022781848907
Benign,Benign,0.20314763486385345
Benign,Benign,0.19951403141021729
Benign,Benign,0.20337700843811035
Benign,Benign,0.19999022781848907
Benign,Benign,0.19999022781848907
Benign,Benign,0.19951403141021729
Benign,Benign,0.23399633169174194
Benign,Benign,0.19951403141021729
Benign,Benign,0.21236760914325714
Benign,Benign,0.20128358900547028
Benign,Benign,0.2259719967842102
Benign,Benign,0.19951403141021729
Benign,Benign,0.20189498364925385
Benign,Benign,0.22629429399967194
Benign,Benign,0.20046640932559967
Benign,Benign,0.19999022781848907
Benign,Benign,0.202488511800766
Benign,Benign,0.2413640320301056
Benign,Benign,0.20046640932559967
Benign,Benign,0.19951403141021729
Benign,Benign,0.19951403141021729
Benign,Benign,0.19951403141021729
Benign,Benign,0.19951403141021729
Benign,Benign,0.19951403141021729
Benign,Benign,0.20974864065647125
Benign,Benign,0.19951403141021729
Benign,Benign,0.19951403141021729
Benign,Benign,0.19999022781848907
Benign,Benign,0.19951403141021729
Benign,Benign,0.2325974404811859
Benign,Benign,0.20036697387695312
Benign,Benign,0.19951403141021729
Benign,Benign,0.19951403141021729
Benign,Benign,0.19951403141021729
Benign,Benign,0.20046640932559967
Benign,Benign,0.19951403141021729
Benign,Benign,0.19999022781848907
Benign,Benign,0.19999022781848907
Benign,Benign,0.20332355797290802
Benign,Benign,0.19951403141021729
Benign,Benign,0.20284736156463623
Benign,Benign,0.19999022781848907
Benign,Benign,0.20406457781791687
Benign,Benign,0.19951403141021729
Benign,Benign,0.19999022781848907
Benign,Benign,0.19951403141021729
Benign,Benign,0.19951403141021729
Benign,Benign,0.19951403141021729
Benign,Benign,0.20316475629806519
Benign,Benign,0.19951403141021729
Benign,Benign,0.19959592819213867
Benign,Benign,0.21455062925815582
Benign,Benign,0.19951403141021729
Benign,Benign,0.20547816157341003
Benign,Benign,0.19999022781848907
Benign,Benign,0.19951403141021729
Benign,Benign,0.19951403141021729
Benign,Benign,0.19951403141021729
Benign,Benign,0.19951403141021729
Benign,Benign,0.19951403141021729
Benign,Benign,0.20046640932559967
Benign,Benign,0.19999022781848907
Benign,Benign,0.19951403141021729
Benign,Benign,0.24819819629192352
Benign,Benign,0.20271216332912445
Benign,Benign,0.19951403141021729
Benign,Benign,0.20344088971614838
Benign,Benign,0.20230752229690552
Benign,Benign,0.19951403141021729
Benign,Benign,0.20094260573387146
Benign,Benign,0.20760412514209747
Benign,Benign,0.19999022781848907
Benign,Benign,0.20485563576221466
Benign,Benign,0.20247729122638702
Benign,Benign,0.3100370764732361
Benign,Benign,0.20223596692085266
Benign,Benign,0.20175978541374207
Benign,Benign,0.19951403141021729
Benign,Benign,0.23707187175750732
Benign,Benign,0.19951403141021729
Benign,Benign,0.20189498364925385
Benign,Benign,0.19999022781848907
Benign,Benign,0.20296470820903778
Benign,Benign,0.19951403141021729
Benign,Benign,0.20046640932559967
Benign,Benign,0.19999022781848907
Benign,Benign,0.19951403141021729
Benign,Benign,0.19951403141021729
Benign,Benign,0.19951403141021729
Benign,Benign,0.19951403141021729
Benign,Benign,0.20271509885787964
Benign,Benign,0.19951403141021729
Benign,Benign,0.20046640932559967
Benign,Benign,0.19951403141021729
Benign,Benign,0.23824462294578552
Benign,Benign,0.21323652565479279
Benign,Benign,0.21528588235378265
Benign,Benign,0.2115798443555832
Benign,Benign,0.20830507576465607
Benign,Benign,0.19999022781848907
Benign,Benign,0.19951403141021729
Benign,Benign,0.19951403141021729
Benign,Benign,0.20391708612442017
Benign,Benign,0.19999022781848907
Benign,Benign,0.20007212460041046
Benign,Benign,0.19951403141021729
Benign,Benign,0.19951403141021729
Benign,Benign,0.19951403141021729
Benign,Benign,0.19999022781848907
Benign,Benign,0.20561552047729492
Benign,Benign,0.19951403141021729
Benign,Benign,0.22399814426898956
Benign,Benign,0.20147225260734558
Benign,Benign,0.19999022781848907
Benign,Benign,0.24155187606811523
Benign,Benign,0.22668075561523438
Benign,Benign,0.19951403141021729
Benign,Benign,0.2034054547548294
Benign,Benign,0.254695326089859
Benign,Benign,0.20223596692085266
Benign,Benign,0.19999022781848907
Benign,Benign,0.19951403141021729
Benign,Benign,0.2036355435848236
Benign,Benign,0.19999022781848907
Benign,Benign,0.20094260573387146
Benign,Benign,0.20007212460041046
Benign,Benign,0.19951403141021729
Benign,Benign,0.22752077877521515
Benign,Benign,0.20046640932559967
Benign,Benign,0.20094260573387146
Benign,Benign,0.22070655226707458
Benign,Benign,0.19951403141021729
Benign,Benign,0.20046640932559967
Benign,Benign,0.19951403141021729
Benign,Benign,0.20214372873306274
Benign,Benign,0.20332998037338257
Benign,Benign,0.19999022781848907
Benign,Benign,0.20046640932559967
Benign,Benign,0.20538240671157837
Benign,Benign,0.19951403141021729
Benign,Benign,0.19951403141021729
Benign,Malicious,0.8002690076828003
Benign,Benign,0.20204874873161316
Benign,Benign,0.20290081202983856
Benign,Benign,0.19951403141021729
Benign,Benign,0.19951403141021729
Benign,Benign,0.19951403141021729
Benign,Benign,0.22805865108966827
Benign,Benign,0.19951403141021729
Benign,Benign,0.19951403141021729
Benign,Benign,0.19959592819213867
Benign,Benign,0.20007212460041046
Benign,Benign,0.43602102994918823
Benign,Benign,0.2015361338853836
Benign,Benign,0.20157255232334137
Benign,Benign,0.2201666533946991
Benign,Benign,0.19951403141021729
Benign,Benign,0.20237118005752563
Benign,Benign,0.21365338563919067
Benign,Benign,0.19951403141021729
Benign,Benign,0.19951403141021729
Benign,Benign,0.20102450251579285
Benign,Benign,0.19951403141021729
Benign,Benign,0.20102450251579285
Benign,Benign,0.19951403141021729
Benign,Benign,0.20141878724098206
Benign,Benign,0.19951403141021729
Benign,Benign,0.19999022781848907
Benign,Benign,0.20570895075798035
Benign,Benign,0.19951403141021729
Benign,Benign,0.19951403141021729
Benign,Benign,0.19999022781848907
Benign,Benign,0.19951403141021729
Benign,Benign,0.20094260573387146
Benign,Benign,0.19951403141021729
Benign,Benign,0.19951403141021729
Benign,Benign,0.19951403141021729
Benign,Benign,0.2047521322965622
Benign,Benign,0.19951403141021729
Benign,Benign,0.2174176275730133
Benign,Benign,0.19999022781848907
Benign,Benign,0.19951403141021729
Benign,Benign,0.19999022781848907
Benign,Benign,0.20296470820903778
Benign,Benign,0.20366454124450684
Benign,Benign,0.2255031019449234
Benign,Benign,0.2079150676727295
Benign,Benign,0.2561732530593872
Benign,Benign,0.19951403141021729
Benign,Benign,0.21017523109912872
Benign,Benign,0.20105542242527008
Benign,Benign,0.19951403141021729
Benign,Benign,0.19951403141021729
Benign,Benign,0.19951403141021729
Benign,Benign,0.20189498364925385
Benign,Benign,0.21423660218715668
Benign,Benign,0.20712842047214508
Benign,Benign,0.20284736156463623
Benign,Benign,0.19951403141021729
Benign,Benign,0.19951403141021729
Benign,Benign,0.20378948748111725
Benign,Benign,0.19951403141021729
Benign,Benign,0.19951403141021729
Benign,Benign,0.19999022781848907
Benign,Benign,0.2285916656255722
Benign,Benign,0.2029697149991989
Benign,Benign,0.19999022781848907
Benign,Benign,0.2054859846830368
Benign,Benign,0.2039496749639511
Benign,Benign,0.20481376349925995
Benign,Benign,0.342057466506958
Benign,Benign,0.19951403141021729
Benign,Benign,0.20046640932559967
Benign,Benign,0.19999022781848907
Benign,Benign,0.21407100558280945
Benign,Benign,0.19951403141021729
Benign,Benign,0.20046640932559967
Benign,Benign,0.31137335300445557
Benign,Benign,0.19951403141021729
Benign,Benign,0.19951403141021729
Benign,Benign,0.20007212460041046
Benign,Benign,0.2020760178565979
Benign,Benign,0.19951403141021729
Benign,Benign,0.19951403141021729
Benign,Benign,0.19951403141021729
Benign,Benign,0.19951403141021729
Benign,Benign,0.20125998556613922
Benign,Benign,0.20175978541374207
Benign,Benign,0.19951403141021729
Benign,Benign,0.2058011293411255
Benign,Benign,0.19959592819213867
Benign,Benign,0.2107434868812561
Benign,Benign,0.19951403141021729
Benign,Benign,0.19999022781848907
Benign,Benign,0.19999022781848907
Benign,Benign,0.20189498364925385
Benign,Benign,0.2233220934867859
Benign,Benign,0.21512722969055176
Benign,Benign,0.20046640932559967
Benign,Benign,0.19951403141021729
Benign,Benign,0.2013193517923355
Benign,Benign,0.21918931603431702
Benign,Benign,0.20046640932559967
Benign,Benign,0.19951403141021729
Benign,Benign,0.19951403141021729
Benign,Benign,0.20308563113212585
Benign,Benign,0.21182666718959808
Benign,Benign,0.19951403141021729
Benign,Benign,0.20046640932559967
Benign,Benign,0.3150162696838379
Benign,Benign,0.2076064944267273
Benign,Benign,0.23029246926307678
Benign,Benign,0.29085150361061096
Benign,Benign,0.2067103534936905
Benign,Benign,0.20175978541374207
Benign,Benign,0.20747418701648712
Benign,Benign,0.20998771488666534
Benign,Benign,0.20175978541374207
Benign,Benign,0.20262885093688965
Benign,Benign,0.20337700843811035
Benign,Benign,0.19951403141021729
Benign,Benign,0.19951403141021729
Benign,Benign,0.19951403141021729
Benign,Benign,0.20223596692085266
Benign,Benign,0.19951403141021729
Benign,Benign,0.22816914319992065
Benign,Benign,0.19951403141021729
Benign,Benign,0.21855692565441132
Benign,Benign,0.19999022781848907
Benign,Benign,0.20838850736618042
Benign,Benign,0.24069204926490784
Benign,Benign,0.20094260573387146
Benign,Benign,0.2822098135948181
Benign,Benign,0.20325292646884918
Benign,Benign,0.20054830610752106
Benign,Benign,0.20046640932559967
Benign,Benign,0.20124287903308868
Benign,Benign,0.19951403141021729
Benign,Benign,0.19999022781848907
Benign,Benign,0.20308580994606018
Benign,Benign,0.23601976037025452
Benign,Benign,0.3342747986316681
Benign,Benign,0.19951403141021729
Benign,Benign,0.20379973948001862
Benign,Benign,0.21712402999401093
Benign,Benign,0.20479951798915863
Benign,Benign,0.20284736156463623
Benign,Benign,0.20268434286117554
Benign,Benign,0.20094260573387146
Benign,Benign,0.22243189811706543
Benign,Benign,0.19951403141021729
Benign,Benign,0.19951403141021729
Benign,Benign,0.2185213565826416
Benign,Benign,0.2068047672510147
Benign,Benign,0.2349512130022049
Benign,Benign,0.20194843411445618
Benign,Benign,0.2020123302936554
Benign,Benign,0.19951403141021729
Benign,Benign,0.19951403141021729
Benign,Benign,0.22545282542705536
Benign,Benign,0.20713116228580475
Benign,Benign,0.19951403141021729
Benign,Benign,0.2020125687122345
Benign,Malicious,0.6028858423233032
Benign,Benign,0.20653854310512543
Benign,Benign,0.2631058096885681
Benign,Benign,0.20535027980804443
Benign,Benign,0.2060045450925827
Benign,Benign,0.19999022781848907
Benign,Benign,0.20046640932559967
Benign,Benign,0.22025305032730103
Benign,Benign,0.19951403141021729
Benign,Benign,0.19951403141021729
Benign,Benign,0.2066541165113449
Benign,Benign,0.20128358900547028
Benign,Benign,0.19951403141021729
Benign,Benign,0.19951403141021729
Benign,Benign,0.20128358900547028
Benign,Benign,0.19999022781848907
Benign,Benign,0.19999022781848907
Benign,Benign,0.21747051179409027
Benign,Benign,0.19951403141021729
Benign,Benign,0.19951403141021729
Benign,Benign,0.19951403141021729
Benign,Benign,0.24349890649318695
Benign,Benign,0.19999022781848907
Benign,Benign,0.20332355797290802
Benign,Benign,0.19999022781848907
Benign,Benign,0.19999022781848907
Benign,Benign,0.20318834483623505
Benign,Benign,0.21777154505252838
Benign,Benign,0.22599022090435028
Benign,Benign,0.20046640932559967
Benign,Benign,0.19951403141021729
Benign,Benign,0.19951403141021729
Benign,Benign,0.22823259234428406
Benign,Benign,0.21161513030529022
Benign,Benign,0.20094260573387146
Benign,Benign,0.19951403141021729
Benign,Benign,0.20437943935394287
Benign,Benign,0.19951403141021729
Benign,Benign,0.22771631181240082
Benign,Benign,0.19999022781848907
Benign,Benign,0.2013193517923355
Benign,Benign,0.19951403141021729
Benign,Benign,0.19951403141021729
Benign,Benign,0.23740489780902863
Benign,Benign,0.20720484852790833
Benign,Benign,0.2021334320306778
Benign,Benign,0.19951403141021729
Benign,Benign,0.19999022781848907
Benign,Benign,0.19951403141021729
Benign,Benign,0.19999022781848907
Benign,Benign,0.3669106960296631
Benign,Benign,0.20271216332912445
Benign,Benign,0.19951403141021729
Benign,Benign,0.19951403141021729
Benign,Benign,0.19951403141021729
Benign,Benign,0.19959592819213867
Benign,Benign,0.20188473165035248
Benign,Benign,0.19999022781848907
Benign,Benign,0.19999022781848907
Benign,Benign,0.2261442393064499
Benign,Benign,0.19951403141021729
Benign,Benign,0.19951403141021729
Benign,Benign,0.20046640932559967
Benign,Benign,0.19951403141021729
Benign,Benign,0.19999022781848907
Benign,Benign,0.20189498364925385
Benign,Benign,0.19951403141021729
Benign,Benign,0.25006693601608276
Benign,Benign,0.19999022781848907
Benign,Benign,0.204053595662117
Benign,Benign,0.31155824661254883
Benign,Benign,0.20046640932559967
Benign,Benign,0.2020125687122345
Benign,Benign,0.19951403141021729
Benign,Benign,0.19951403141021729
Benign,Benign,0.20124287903308868
Benign,Benign,0.19951403141021729
Benign,Benign,0.19951403141021729
Benign,Benign,0.19999022781848907
Benign,Benign,0.19951403141021729
Benign,Benign,0.22193405032157898
Benign,Benign,0.22086820006370544
Benign,Benign,0.19999022781848907
Benign,Benign,0.2304862141609192
Benign,Benign,0.19951403141021729
Benign,Benign,0.20007212460041046
Benign,Benign,0.20223596692085266
Benign,Benign,0.19951403141021729
Benign,Benign,0.2240109145641327
Benign,Benign,0.20124264061450958
Benign,Benign,0.25858476758003235
Benign,Benign,0.21622921526432037
Benign,Benign,0.20046640932559967
Benign,Benign,0.23937277495861053
Benign,Benign,0.2156812846660614
Benign,Benign,0.19951403141021729
Benign,Benign,0.19951403141021729
Benign,Benign,0.19951403141021729
Benign,Benign,0.19951403141021729
Benign,Benign,0.19951403141021729
Benign,Benign,0.20175978541374207
Benign,Benign,0.19951403141021729
Benign,Benign,0.23494413495063782
Benign,Benign,0.19951403141021729
Benign,Benign,0.2505464553833008
Benign,Benign,0.19999022781848907
Benign,Benign,0.19951403141021729
Benign,Benign,0.19951403141021729
Benign,Benign,0.19951403141021729
Benign,Benign,0.19951403141021729
Benign,Benign,0.19999022781848907
Benign,Benign,0.20128358900547028
Benign,Benign,0.21423566341400146
Benign,Benign,0.19951403141021729
Benign,Benign,0.19951403141021729
Benign,Benign,0.20976361632347107
Benign,Benign,0.23099727928638458
Benign,Benign,0.19951403141021729
Benign,Benign,0.19951403141021729
Benign,Benign,0.22389483451843262
Benign,Benign,0.19951403141021729
Benign,Benign,0.23737765848636627
Benign,Benign,0.20171883702278137
Benign,Benign,0.20094260573387146
Benign,Benign,0.19951403141021729
Benign,Benign,0.19951403141021729
Benign,Benign,0.19951403141021729
Benign,Benign,0.19951403141021729
Benign,Benign,0.19951403141021729
Benign,Benign,0.19951403141021729
Benign,Benign,0.19951403141021729
Benign,Benign,0.20677924156188965
Benign,Benign,0.19999022781848907
Benign,Benign,0.19951403141021729
Benign,Benign,0.19951403141021729
Benign,Benign,0.20147225260734558
Benign,Benign,0.19951403141021729
Benign,Benign,0.2070077508687973
Benign,Benign,0.19951403141021729
Benign,Benign,0.20166753232479095
Benign,Benign,0.19999022781848907
Benign,Benign,0.19951403141021729
Benign,Benign,0.19951403141021729
Benign,Benign,0.19951403141021729
Benign,Benign,0.22381427884101868
Benign,Benign,0.21217192709445953
Benign,Benign,0.19999022781848907
Benign,Benign,0.19951403141021729
Benign,Benign,0.19951403141021729
Benign,Benign,0.19951403141021729
Benign,Benign,0.19951403141021729
Benign,Benign,0.19951403141021729
Benign,Benign,0.19959592819213867
Benign,Benign,0.19999022781848907
Benign,Benign,0.19951403141021729
Benign,Benign,0.3381761908531189
Benign,Benign,0.20141878724098206
Benign,Benign,0.20486494898796082
Benign,Benign,0.19951403141021729
Benign,Benign,0.19951403141021729
Benign,Benign,0.19951403141021729
Benign,Benign,0.19951403141021729
Benign,Benign,0.20094260573387146
Benign,Benign,0.19951403141021729
Benign,Benign,0.19951403141021729
Benign,Benign,0.19951403141021729
Benign,Benign,0.19951403141021729
Benign,Benign,0.19951403141021729
Benign,Benign,0.20046640932559967
Benign,Benign,0.2007666826248169
Benign,Benign,0.20094260573387146
Benign,Benign,0.19951403141021729
Benign,Benign,0.2165309637784958
Benign,Benign,0.21694105863571167
Benign,Benign,0.20379973948001862
Benign,Benign,0.19999022781848907
Benign,Benign,0.20141878724098206
Benign,Benign,0.19951403141021729
Benign,Benign,0.19999022781848907
Benign,Benign,0.2287691980600357
Benign,Benign,0.25769737362861633
Benign,Benign,0.19999022781848907
Benign,Benign,0.21121616661548615
Benign,Benign,0.20461691915988922
Benign,Benign,0.21821345388889313
Benign,Benign,0.19951403141021729
Benign,Benign,0.20205360651016235
Benign,Benign,0.19951403141021729
Benign,Benign,0.20007212460041046
Benign,Benign,0.19999022781848907
Benign,Benign,0.20420010387897491
Benign,Benign,0.20094260573387146
Benign,Benign,0.19999022781848907
Benign,Benign,0.20046640932559967
Benign,Benign,0.25724509358406067
Benign,Benign,0.19951403141021729
Benign,Benign,0.19951403141021729
Benign,Benign,0.19951403141021729
Benign,Benign,0.20959819853305817
Benign,Benign,0.24517960846424103
Benign,Benign,0.19951403141021729
Benign,Benign,0.19951403141021729
Benign,Benign,0.19951403141021729
Benign,Benign,0.2221623957157135
Benign,Benign,0.19951403141021729
Benign,Benign,0.2403855174779892
Benign,Benign,0.19951403141021729
Benign,Benign,0.20271216332912445
Benign,Benign,0.19999022781848907
Benign,Benign,0.20562194287776947
Benign,Benign,0.19951403141021729
Benign,Benign,0.22534991800785065
Benign,Benign,0.20046640932559967
Benign,Benign,0.2176365703344345
Benign,Benign,0.19951403141021729
Benign,Benign,0.19951403141021729
Benign,Benign,0.20046640932559967
Benign,Benign,0.19951403141021729
Benign,Benign,0.19951403141021729
Benign,Benign,0.19951403141021729
Benign,Benign,0.2015361338853836
Benign,Benign,0.19951403141021729
Benign,Benign,0.20155318081378937
Benign,Benign,0.219132661819458
Benign,Benign,0.2046762853860855
Benign,Benign,0.20001552999019623
Benign,Benign,0.21275606751441956
Benign,Benign,0.19951403141021729
Benign,Benign,0.20094260573387146
Benign,Benign,0.19951403141021729
Benign,Benign,0.2601672410964966
Benign,Benign,0.19951403141021729
Benign,Benign,0.20268858969211578
Benign,Benign,0.2088741958141327
Benign,Benign,0.20094260573387146
Benign,Benign,0.22108983993530273
Benign,Benign,0.19951403141021729
Benign,Benign,0.20420531928539276
Benign,Benign,0.20107698440551758
Benign,Benign,0.20134295523166656
Benign,Benign,0.2051524817943573
Benign,Benign,0.23318375647068024
Benign,Benign,0.19951403141021729
Benign,Benign,0.20141878724098206
Benign,Benign,0.20284736156463623
Benign,Benign,0.20194843411445618
Benign,Benign,0.20247729122638702
Benign,Benign,0.20132867991924286
Benign,Benign,0.20094260573387146
Benign,Benign,0.20308580994606018
Benign,Benign,0.19999022781848907
Benign,Benign,0.20318233966827393
Benign,Benign,0.19999022781848907
Benign,Benign,0.19951403141021729
Benign,Benign,0.23738078773021698
Benign,Benign,0.20046640932559967
Benign,Benign,0.19951403141021729
Benign,Benign,0.19951403141021729
Benign,Benign,0.2358599603176117
Benign,Benign,0.20046640932559967
Benign,Benign,0.19999022781848907
Benign,Benign,0.19951403141021729
Benign,Benign,0.22310328483581543
Benign,Benign,0.20189593732357025
Benign,Benign,0.19951403141021729
Benign,Benign,0.20046640932559967
Benign,Benign,0.19951403141021729
Benign,Benign,0.19951403141021729
Benign,Benign,0.19951403141021729
Benign,Benign,0.19951403141021729
Benign,Benign,0.19999022781848907
Benign,Benign,0.20001552999019623
Benign,Benign,0.19951403141021729
Benign,Benign,0.23467765748500824
Benign,Benign,0.20299525558948517
Benign,Benign,0.19951403141021729
Benign,Benign,0.2157793641090393
Benign,Benign,0.202077716588974
Benign,Benign,0.19951403141021729
Benign,Benign,0.20213325321674347
Benign,Benign,0.20219501852989197
Benign,Benign,0.19951403141021729
Benign,Benign,0.19951403141021729
Benign,Benign,0.23828695714473724
Benign,Benign,0.20046640932559967
Benign,Benign,0.19951403141021729
Benign,Benign,0.20309610664844513
Benign,Benign,0.19951403141021729
Benign,Benign,0.19999022781848907
Benign,Benign,0.19951403141021729
Benign,Benign,0.2026885598897934
Benign,Benign,0.19999022781848907
Benign,Benign,0.2153371125459671
Benign,Benign,0.21750696003437042
Benign,Benign,0.20200780034065247
Benign,Benign,0.2037690281867981
Benign,Benign,0.19999022781848907
Benign,Benign,0.20128358900547028
Benign,Benign,0.2613416016101837
Benign,Benign,0.19999022781848907
Benign,Benign,0.20332355797290802
Benign,Benign,0.19951403141021729
Benign,Benign,0.20046640932559967
Benign,Benign,0.19951403141021729
Benign,Benign,0.20194843411445618
Benign,Benign,0.20046640932559967
Benign,Benign,0.19999022781848907
Benign,Benign,0.20332355797290802
Benign,Benign,0.19951403141021729
Benign,Benign,0.19951403141021729
Benign,Benign,0.19951403141021729
Benign,Benign,0.19951403141021729
Benign,Benign,0.21759048104286194
Benign,Benign,0.19951403141021729
Benign,Benign,0.22925986349582672
Benign,Benign,0.20593063533306122
Benign,Benign,0.19999022781848907
Benign,Benign,0.20141878724098206
Benign,Benign,0.20141878724098206
Benign,Benign,0.201736181974411
Benign,Benign,0.20306842029094696
Benign,Benign,0.20046640932559967
Benign,Benign,0.19951403141021729
Benign,Benign,0.20699787139892578
Benign,Benign,0.19951403141021729
Benign,Benign,0.19951403141021729
Benign,Benign,0.20094260573387146
Benign,Benign,0.19951403141021729
Benign,Benign,0.2123088538646698
Benign,Benign,0.19951403141021729
Benign,Benign,0.19959592819213867
Benign,Benign,0.19951403141021729
Benign,Benign,0.19999022781848907
Benign,Benign,0.2161761373281479
Benign,Benign,0.20046640932559967
Benign,Benign,0.19951403141021729
Benign,Benign,0.20046640932559967
Benign,Benign,0.19951403141021729
Benign,Benign,0.22660718858242035
Benign,Benign,0.19951403141021729
Benign,Benign,0.19999022781848907
Benign,Benign,0.2015361338853836
Benign,Benign,0.20809005200862885
Benign,Benign,0.19999022781848907
Benign,Benign,0.19951403141021729
Benign,Benign,0.20805418491363525
Benign,Benign,0.19951403141021729
Benign,Benign,0.21292339265346527
Benign,Benign,0.19951403141021729
Benign,Benign,0.19951403141021729
Benign,Benign,0.19999022781848907
Benign,Benign,0.21342733502388
Benign,Benign,0.19951403141021729
Benign,Benign,0.20197688043117523
Benign,Benign,0.20094260573387146
Benign,Benign,0.19951403141021729
Benign,Benign,0.20094260573387146
Benign,Benign,0.21558725833892822
Benign,Benign,0.1998143047094345
Benign,Benign,0.19951403141021729
Benign,Benign,0.2038169801235199
Benign,Benign,0.20271216332912445
Benign,Benign,0.20570909976959229
Benign,Benign,0.19999022781848907
Benign,Benign,0.20572178065776825
Benign,Benign,0.19999022781848907
Benign,Benign,0.19951403141021729
Benign,Benign,0.19951403141021729
Benign,Benign,0.21497425436973572
Benign,Benign,0.19951403141021729
Benign,Benign,0.2002905011177063
Benign,Benign,0.19951403141021729
Benign,Benign,0.25161081552505493
Benign,Benign,0.20385320484638214
Benign,Benign,0.20046640932559967
Benign,Benign,0.20324771106243134
Benign,Benign,0.19951403141021729
Benign,Benign,0.19999022781848907
Benign,Benign,0.20046640932559967
Benign,Benign,0.19951403141021729
Benign,Benign,0.19951403141021729
Benign,Benign,0.3019012212753296
Benign,Benign,0.20007212460041046
Benign,Benign,0.2392025738954544
Benign,Benign,0.19951403141021729
Benign,Benign,0.19951403141021729
Benign,Benign,0.19999022781848907
Benign,Benign,0.19999022781848907
Benign,Benign,0.19951403141021729
Benign,Benign,0.20007212460041046
Benign,Benign,0.2020123302936554
Benign,Benign,0.19951403141021729
Benign,Benign,0.24779002368450165
Benign,Benign,0.22420963644981384
Benign,Benign,0.19999022781848907
Benign,Benign,0.19959592819213867
Benign,Benign,0.19951403141021729
Benign,Benign,0.19951403141021729
Benign,Benign,0.240397647023201
Benign,Benign,0.20007212460041046
Benign,Benign,0.19999022781848907
Benign,Benign,0.20808354020118713
Benign,Benign,0.20723111927509308
Benign,Benign,0.1998143047094345
Benign,Benign,0.19951403141021729
Benign,Benign,0.19951403141021729
Benign,Benign,0.19951403141021729
Benign,Benign,0.2187749445438385
Benign,Benign,0.19951403141021729
Benign,Benign,0.20680682361125946
Benign,Benign,0.19951403141021729
Benign,Benign,0.19951403141021729
Benign,Benign,0.20237118005752563
Benign,Benign,0.19999022781848907
Benign,Benign,0.22127705812454224
Benign,Benign,0.2182270884513855
Benign,Benign,0.20561456680297852
Benign,Benign,0.19951403141021729
Benign,Benign,0.21625086665153503
Benign,Benign,0.19999022781848907
Benign,Benign,0.19999022781848907
Benign,Benign,0.2089671492576599
Benign,Benign,0.20346906781196594
Benign,Benign,0.2202206701040268
Benign,Benign,0.20218206942081451
Benign,Benign,0.20054830610752106
Benign,Benign,0.19999022781848907
Benign,Benign,0.20911180973052979
Benign,Benign,0.20094260573387146
Benign,Benign,0.19951403141021729
Benign,Benign,0.19951403141021729
Benign,Benign,0.19951403141021729
Benign,Benign,0.19951403141021729
Benign,Benign,0.19999022781848907
Benign,Benign,0.19951403141021729
Benign,Benign,0.19951403141021729
Benign,Benign,0.19951403141021729
Benign,Benign,0.19951403141021729
Benign,Benign,0.20290081202983856
Benign,Benign,0.19999022781848907
Benign,Benign,0.19951403141021729
Benign,Benign,0.19951403141021729
Benign,Benign,0.19951403141021729
Benign,Benign,0.19951403141021729
Benign,Benign,0.19951403141021729
Benign,Benign,0.24176417291164398
Benign,Benign,0.19951403141021729
Benign,Benign,0.20150068402290344
Benign,Benign,0.20175978541374207
Benign,Benign,0.20046640932559967
Benign,Benign,0.20175978541374207
Benign,Benign,0.20128358900547028
Benign,Benign,0.19951403141021729
Benign,Benign,0.20899847149848938
Benign,Benign,0.20001552999019623
Benign,Benign,0.20343244075775146
Benign,Benign,0.20141878724098206
Benign,Benign,0.19951403141021729
Benign,Benign,0.19951403141021729
Benign,Benign,0.19999022781848907
Benign,Benign,0.20236091315746307
Benign,Benign,0.19951403141021729
Benign,Benign,0.19951403141021729
Benign,Benign,0.19951403141021729
Benign,Benign,0.19951403141021729
Benign,Benign,0.21290430426597595
Benign,Benign,0.22359591722488403
Benign,Benign,0.19951403141021729
Benign,Benign,0.19951403141021729
Benign,Benign,0.19951403141021729
Benign,Benign,0.2141432762145996
Benign,Benign,0.19951403141021729
Benign,Benign,0.20223596692085266
Benign,Benign,0.19999022781848907
Benign,Benign,0.20147225260734558
Benign,Benign,0.19951403141021729
Benign,Benign,0.19951403141021729
Benign,Benign,0.20175978541374207
Benign,Benign,0.19951403141021729
Benign,Benign,0.20237118005752563
Benign,Benign,0.20223596692085266
Benign,Benign,0.19951403141021729
Benign,Benign,0.19951403141021729
Benign,Benign,0.21493442356586456
Benign,Benign,0.20007212460041046
Benign,Benign,0.21355046331882477
Benign,Benign,0.20318834483623505
Benign,Benign,0.19951403141021729
Benign,Benign,0.20362693071365356
Benign,Benign,0.20297540724277496
Benign,Benign,0.19951403141021729
Benign,Benign,0.20720480382442474
Benign,Benign,0.19951403141021729
Benign,Benign,0.19951403141021729
Benign,Benign,0.19951403141021729
Benign,Benign,0.19951403141021729
Benign,Benign,0.20128358900547028
Benign,Benign,0.19951403141021729
Benign,Benign,0.203246608376503
Benign,Benign,0.19951403141021729
Benign,Benign,0.20046640932559967
Benign,Benign,0.2115030437707901
Benign,Benign,0.20102450251579285
Benign,Benign,0.19951403141021729
Benign,Benign,0.19951403141021729
Benign,Benign,0.20345744490623474
Benign,Benign,0.24228085577487946
Benign,Benign,0.19951403141021729
Benign,Benign,0.24279730021953583
Benign,Benign,0.19951403141021729
Benign,Benign,0.19951403141021729
Benign,Benign,0.24388517439365387
Benign,Benign,0.21259881556034088
Benign,Benign,0.19951403141021729
Benign,Benign,0.19951403141021729
Benign,Benign,0.2334752380847931
Benign,Benign,0.19951403141021729
Benign,Benign,0.20046640932559967
Benign,Benign,0.19951403141021729
Benign,Benign,0.20078380405902863
Benign,Benign,0.21788032352924347
Benign,Benign,0.19951403141021729
Benign,Benign,0.19951403141021729
Benign,Benign,0.19951403141021729
Benign,Benign,0.19951403141021729
Benign,Benign,0.20094260573387146
Benign,Benign,0.20128358900547028
Benign,Benign,0.20597240328788757
Benign,Benign,0.19951403141021729
Benign,Benign,0.262112557888031
Benign,Benign,0.20318834483623505
Benign,Benign,0.20372390747070312
Benign,Benign,0.19951403141021729
Benign,Benign,0.20134295523166656
Benign,Benign,0.20007212460041046
Benign,Benign,0.24453479051589966
Benign,Benign,0.19951403141021729
Benign,Benign,0.19951403141021729
Benign,Benign,0.19951403141021729
Benign,Benign,0.205279141664505
Benign,Benign,0.19951403141021729
Benign,Benign,0.19999022781848907
Benign,Benign,0.2430649697780609
Benign,Benign,0.20030760765075684
Benign,Benign,0.20175978541374207
Benign,Benign,0.19951403141021729
Benign,Benign,0.20054830610752106
Benign,Benign,0.19951403141021729
Benign,Benign,0.19951403141021729
Benign,Benign,0.20189498364925385
Benign,Benign,0.19951403141021729
Benign,Benign,0.19999022781848907
Benign,Benign,0.2319275289773941
Benign,Benign,0.22357262670993805
Benign,Benign,0.20046640932559967
Benign,Benign,0.19951403141021729
Benign,Benign,0.19999022781848907
Benign,Benign,0.20189498364925385
Benign,Benign,0.19999022781848907
Benign,Benign,0.19951403141021729
Benign,Benign,0.20128358900547028
Benign,Benign,0.20078380405902863
Benign,Benign,0.20223596692085266
Benign,Benign,0.21616175770759583
Benign,Benign,0.19951403141021729
Benign,Benign,0.20646676421165466
Benign,Benign,0.19951403141021729
Benign,Benign,0.19951403141021729
Benign,Benign,0.19951403141021729
Benign,Benign,0.19951403141021729
Benign,Benign,0.22387826442718506
Benign,Benign,0.19951403141021729
Benign,Benign,0.20171883702278137
Benign,Benign,0.19999022781848907
Benign,Benign,0.20175978541374207
Benign,Benign,0.19951403141021729
Benign,Benign,0.20046640932559967
Benign,Benign,0.19999022781848907
Benign,Benign,0.19999022781848907
Benign,Benign,0.19951403141021729
Benign,Benign,0.20046640932559967
Benign,Benign,0.20046640932559967
Benign,Benign,0.20302607119083405
Benign,Benign,0.19999022781848907
Benign,Benign,0.19951403141021729
Benign,Benign,0.19951403141021729
Benign,Benign,0.20054830610752106
Benign,Benign,0.19951403141021729
Benign,Benign,0.20229533314704895
Benign,Benign,0.19999022781848907
Benign,Benign,0.2546757757663727
Benign,Benign,0.21418920159339905
Benign,Benign,0.19999022781848907
Benign,Benign,0.2091030478477478
Benign,Benign,0.26958245038986206
Benign,Benign,0.19951403141021729
Benign,Benign,0.19999022781848907
Benign,Benign,0.20303009450435638
Benign,Benign,0.19951403141021729
Benign,Benign,0.21210800111293793
Benign,Benign,0.19951403141021729
Benign,Benign,0.20007212460041046
Benign,Benign,0.20141878724098206
Benign,Benign,0.19951403141021729
Benign,Benign,0.20394083857536316
Benign,Benign,0.19951403141021729
Benign,Benign,0.19951403141021729
Benign,Benign,0.19951403141021729
Benign,Benign,0.2022717297077179
Benign,Benign,0.20125998556613922
Benign,Benign,0.2326456606388092
Benign,Benign,0.21251517534255981
Benign,Benign,0.30413857102394104
Benign,Benign,0.19999022781848907
Benign,Benign,0.19999022781848907
Benign,Benign,0.19999022781848907
Benign,Benign,0.20046640932559967
Benign,Benign,0.20046640932559967
Benign,Benign,0.19951403141021729
Benign,Benign,0.19999022781848907
Benign,Benign,0.19999022781848907
Benign,Benign,0.19951403141021729
Benign,Benign,0.20154114067554474
Benign,Benign,0.19951403141021729
Benign,Benign,0.19999022781848907
Benign,Benign,0.19951403141021729
Benign,Benign,0.20046640932559967
Benign,Benign,0.19951403141021729
Benign,Benign,0.19951403141021729
Benign,Benign,0.19951403141021729
Benign,Benign,0.22137419879436493
Benign,Benign,0.19999022781848907
Benign,Benign,0.23354902863502502
Benign,Benign,0.19999022781848907
Benign,Benign,0.19951403141021729
Benign,Benign,0.20134295523166656
Benign,Benign,0.19951403141021729
Benign,Benign,0.20094260573387146
Benign,Benign,0.19951403141021729
Benign,Benign,0.20414327085018158
Benign,Benign,0.19999022781848907
Benign,Benign,0.24389928579330444
Benign,Benign,0.19951403141021729
Benign,Benign,0.19951403141021729
Benign,Benign,0.21783141791820526
Benign,Benign,0.22793401777744293
Benign,Benign,0.19999022781848907
Benign,Benign,0.19951403141021729
Benign,Benign,0.239324152469635
Benign,Benign,0.21260623633861542
Benign,Benign,0.19951403141021729
Benign,Benign,0.19951403141021729
Benign,Benign,0.19951403141021729
Benign,Benign,0.2141517698764801
Benign,Benign,0.20046640932559967
Benign,Benign,0.2497844249010086
Benign,Benign,0.23046056926250458
Benign,Benign,0.19951403141021729
Benign,Benign,0.19951403141021729
Benign,Benign,0.19951403141021729
Benign,Benign,0.19999022781848907
Benign,Benign,0.19951403141021729
Benign,Benign,0.19999022781848907
Benign,Benign,0.19951403141021729
Benign,Benign,0.19999022781848907
Benign,Benign,0.19951403141021729
Benign,Benign,0.2206079065799713
Benign,Benign,0.19951403141021729
Benign,Benign,0.19951403141021729
Benign,Benign,0.20318834483623505
Benign,Benign,0.19999022781848907
Benign,Benign,0.20688922703266144
Benign,Benign,0.203275665640831
Benign,Benign,0.2053893357515335
Benign,Benign,0.20046640932559967
Benign,Benign,0.19999022781848907
Benign,Benign,0.19951403141021729
Benign,Benign,0.19999022781848907
Benign,Benign,0.19951403141021729
Benign,Benign,0.20175978541374207
Benign,Benign,0.23281961679458618
Benign,Benign,0.20046640932559967
Benign,Benign,0.24631960690021515
Benign,Benign,0.20046640932559967
Benign,Benign,0.19951403141021729
Benign,Benign,0.2273631989955902
Benign,Benign,0.21282213926315308
Benign,Benign,0.21566133201122284
Benign,Benign,0.19951403141021729
Benign,Benign,0.2505263090133667
Benign,Benign,0.19951403141021729
Benign,Benign,0.19951403141021729
Benign,Benign,0.20046640932559967
Benign,Benign,0.19951403141021729
Benign,Benign,0.20124264061450958
Benign,Benign,0.19951403141021729
Benign,Benign,0.23773355782032013
Benign,Benign,0.19951403141021729
Benign,Benign,0.19951403141021729
Benign,Benign,0.19951403141021729
Benign,Benign,0.20300112664699554
Benign,Benign,0.21454134583473206
Benign,Benign,0.20128358900547028
Benign,Benign,0.19999022781848907
Benign,Benign,0.20242463052272797
Benign,Benign,0.19951403141021729
Benign,Benign,0.19951403141021729
Benign,Benign,0.19951403141021729
Benign,Benign,0.19999022781848907
Benign,Benign,0.20175978541374207
Benign,Benign,0.2050754874944687
Benign,Benign,0.21823690831661224
Benign,Benign,0.19999022781848907
Benign,Benign,0.19999022781848907
Benign,Benign,0.20046640932559967
Benign,Benign,0.20175978541374207
Benign,Benign,0.20046640932559967
Benign,Benign,0.19951403141021729
Benign,Benign,0.20128358900547028
Benign,Benign,0.19999022781848907
Benign,Benign,0.20219501852989197
Benign,Benign,0.2038165032863617
Benign,Benign,0.20181915163993835
Benign,Benign,0.19951403141021729
Benign,Benign,0.20046640932559967
Benign,Benign,0.19999022781848907
Benign,Benign,0.19999022781848907
Benign,Benign,0.20046640932559967
Benign,Benign,0.19951403141021729
Benign,Benign,0.19951403141021729
Benign,Benign,0.24616917967796326
Benign,Benign,0.19951403141021729
Benign,Benign,0.2058297097682953
Benign,Benign,0.24225975573062897
Benign,Benign,0.19951403141021729
Benign,Benign,0.23436525464057922
Benign,Benign,0.19999022781848907
Benign,Benign,0.21018587052822113
Benign,Benign,0.19951403141021729
Benign,Benign,0.19951403141021729
Benign,Benign,0.19951403141021729
Benign,Benign,0.19951403141021729
Benign,Benign,0.20535719394683838
Benign,Benign,0.20289145410060883
Benign,Benign,0.19999022781848907
Benign,Benign,0.20150068402290344
Benign,Benign,0.20523275434970856
Benign,Benign,0.2047521322965622
Benign,Benign,0.19999022781848907
Benign,Benign,0.19951403141021729
Benign,Benign,0.21124564111232758
Benign,Benign,0.24315574765205383
Benign,Benign,0.20189498364925385
Benign,Benign,0.2242700159549713
Benign,Benign,0.20980027318000793
Benign,Benign,0.19951403141021729
Benign,Benign,0.20623213052749634
Benign,Benign,0.19951403141021729
Benign,Benign,0.20134295523166656
Benign,Benign,0.20457620918750763
Benign,Benign,0.19999022781848907
Benign,Benign,0.19951403141021729
Benign,Benign,0.19951403141021729
Benign,Benign,0.2063664197921753
Benign,Benign,0.19951403141021729
Benign,Benign,0.19951403141021729
Benign,Benign,0.19951403141021729
Benign,Benign,0.19951403141021729
Benign,Benign,0.19951403141021729
Benign,Benign,0.23184634745121002
Benign,Benign,0.20046640932559967
Benign,Benign,0.19951403141021729
Benign,Benign,0.19951403141021729
Benign,Benign,0.19951403141021729
Benign,Benign,0.20237118005752563
Benign,Benign,0.20302839577198029
Benign,Benign,0.20229533314704895
Benign,Benign,0.19951403141021729
Benign,Benign,0.19951403141021729
Benign,Benign,0.19999022781848907
Benign,Benign,0.26521867513656616
Benign,Benign,0.19951403141021729
Benign,Benign,0.23715034127235413
Benign,Benign,0.22252047061920166
Benign,Benign,0.19951403141021729
Benign,Benign,0.19999022781848907
Benign,Benign,0.20046640932559967
Benign,Benign,0.19951403141021729
Benign,Benign,0.19951403141021729
Benign,Benign,0.20175978541374207
Benign,Benign,0.19999022781848907
Benign,Benign,0.19999022781848907
Benign,Benign,0.19951403141021729
Benign,Benign,0.21095961332321167
Benign,Benign,0.19951403141021729
Benign,Benign,0.19999022781848907
Benign,Benign,0.19999022781848907
Benign,Benign,0.2071302980184555
Benign,Benign,0.19999022781848907
Benign,Benign,0.20094260573387146
Benign,Benign,0.19951403141021729
Benign,Benign,0.19951403141021729
Benign,Benign,0.22539614140987396
Benign,Benign,0.23334495723247528
Benign,Benign,0.19999022781848907
Benign,Benign,0.20046640932559967
Benign,Benign,0.19951403141021729
Benign,Benign,0.20175978541374207
Benign,Benign,0.21050484478473663
Benign,Benign,0.19999022781848907
Benign,Benign,0.19999022781848907
Benign,Benign,0.19951403141021729
Benign,Benign,0.19999022781848907
Benign,Benign,0.20128358900547028
Benign,Benign,0.20570451021194458
Benign,Benign,0.20094260573387146
Benign,Benign,0.20181915163993835
Benign,Benign,0.19951403141021729
Benign,Benign,0.23673057556152344
Benign,Benign,0.20141878724098206
Benign,Benign,0.19951403141021729
Benign,Benign,0.20094260573387146
Benign,Benign,0.19951403141021729
Benign,Benign,0.20766572654247284
Benign,Benign,0.19951403141021729
Benign,Benign,0.20296470820903778
Benign,Benign,0.19951403141021729
Benign,Benign,0.19951403141021729
Benign,Benign,0.20409978926181793
Benign,Benign,0.21613113582134247
Benign,Benign,0.20150068402290344
Benign,Benign,0.21139486134052277
Benign,Benign,0.19951403141021729
Benign,Benign,0.20046640932559967
Benign,Benign,0.19999022781848907
Benign,Benign,0.20094260573387146
Benign,Benign,0.19951403141021729
Benign,Benign,0.20249922573566437
Benign,Benign,0.19951403141021729
Benign,Benign,0.20315536856651306
Benign,Benign,0.19951403141021729
Benign,Benign,0.19951403141021729
Benign,Benign,0.19951403141021729
Benign,Benign,0.19951403141021729
Benign,Benign,0.20214372873306274
Benign,Benign,0.19951403141021729
Benign,Benign,0.19951403141021729
Benign,Benign,0.19951403141021729
Benign,Benign,0.19999022781848907
Benign,Benign,0.22049982845783234
Benign,Benign,0.20046640932559967
Benign,Benign,0.19951403141021729
Benign,Benign,0.19951403141021729
Benign,Benign,0.20682798326015472
Benign,Benign,0.20125998556613922
Benign,Benign,0.19951403141021729
Benign,Benign,0.20128358900547028
Benign,Benign,0.20128358900547028
Benign,Benign,0.19951403141021729
Benign,Benign,0.19951403141021729
Benign,Benign,0.19951403141021729
Benign,Benign,0.20046640932559967
Benign,Benign,0.20318834483623505
Benign,Benign,0.2189515233039856
Benign,Benign,0.2139590084552765
Benign,Benign,0.19951403141021729
Benign,Benign,0.19951403141021729
Benign,Benign,0.20223596692085266
Benign,Benign,0.19999022781848907
Benign,Benign,0.20768480002880096
Benign,Benign,0.19951403141021729
Benign,Benign,0.19999022781848907
Benign,Benign,0.19951403141021729
Benign,Benign,0.20141878724098206
Benign,Benign,0.20874737203121185
Benign,Benign,0.19951403141021729
Benign,Benign,0.19951403141021729
Benign,Benign,0.19951403141021729
Benign,Benign,0.19951403141021729
Benign,Benign,0.19951403141021729
Benign,Benign,0.21461692452430725
Benign,Benign,0.20324771106243134
Benign,Benign,0.20284222066402435
Benign,Benign,0.19951403141021729
Benign,Benign,0.19951403141021729
Benign,Benign,0.19951403141021729
Benign,Benign,0.19951403141021729
Benign,Benign,0.2019946426153183
Benign,Benign,0.19951403141021729
Benign,Benign,0.19951403141021729
Benign,Benign,0.19999022781848907
Benign,Benign,0.19951403141021729
Benign,Benign,0.19951403141021729
Benign,Benign,0.19951403141021729
Benign,Benign,0.2873769700527191
Benign,Benign,0.20046640932559967
Benign,Benign,0.20157255232334137
Benign,Benign,0.19999022781848907
Benign,Benign,0.19951403141021729
Benign,Benign,0.20748773217201233
Benign,Benign,0.19999022781848907
Benign,Benign,0.2279847413301468
Benign,Benign,0.19951403141021729
Benign,Benign,0.22700919210910797
Benign,Benign,0.19951403141021729
Benign,Benign,0.20175978541374207
Benign,Benign,0.20982657372951508
Benign,Benign,0.22171087563037872
Benign,Benign,0.31137335300445557
Benign,Benign,0.19999022781848907
Benign,Benign,0.19951403141021729
Benign,Benign,0.19951403141021729
Benign,Benign,0.19951403141021729
Benign,Benign,0.20181915163993835
Benign,Benign,0.19951403141021729
Benign,Benign,0.19951403141021729
Benign,Benign,0.21202419698238373
Benign,Benign,0.2101653665304184
Benign,Benign,0.19951403141021729
Benign,Benign,0.20855791866779327
Benign,Benign,0.3440798223018646
Benign,Benign,0.24273839592933655
Benign,Benign,0.19951403141021729
Benign,Benign,0.22625048458576202
Benign,Benign,0.23650705814361572
Benign,Benign,0.19951403141021729
Benign,Benign,0.19951403141021729
Benign,Benign,0.2282194346189499
Benign,Benign,0.27200040221214294
Benign,Benign,0.19951403141021729
Benign,Benign,0.19951403141021729
Benign,Benign,0.19951403141021729
Benign,Benign,0.20007212460041046
Benign,Benign,0.19951403141021729
Benign,Benign,0.19951403141021729
Benign,Benign,0.19951403141021729
Benign,Benign,0.25320112705230713
Benign,Benign,0.19999022781848907
Benign,Benign,0.19951403141021729
Benign,Benign,0.19951403141021729
Benign,Benign,0.21650375425815582
Benign,Benign,0.19951403141021729
Benign,Benign,0.21535161137580872
Benign,Benign,0.20378948748111725
Benign,Benign,0.19999022781848907
Benign,Benign,0.24405765533447266
Benign,Benign,0.20141878724098206
Benign,Benign,0.23567885160446167
Benign,Benign,0.19951403141021729
Benign,Benign,0.2058500200510025
Benign,Benign,0.21877767145633698
Benign,Benign,0.2082958072423935
Benign,Benign,0.20046640932559967
Benign,Benign,0.2720339894294739
Benign,Benign,0.2369401752948761
Benign,Benign,0.2317686378955841
Benign,Benign,0.20157255232334137
Benign,Benign,0.19999022781848907
Benign,Benign,0.20303009450435638
Benign,Benign,0.22014889121055603
Benign,Benign,0.20180490612983704
Benign,Benign,0.19959592819213867
Benign,Benign,0.20094260573387146
Benign,Benign,0.19999022781848907
Benign,Benign,0.19951403141021729
Benign,Benign,0.2055692970752716
Benign,Benign,0.19999022781848907
Benign,Benign,0.19951403141021729
Benign,Benign,0.20284736156463623
Benign,Benign,0.19951403141021729
Benign,Benign,0.19951403141021729
Benign,Benign,0.20277152955532074
Benign,Benign,0.20366454124450684
Benign,Benign,0.2488383948802948
Benign,Benign,0.23831593990325928
Benign,Benign,0.19951403141021729
Benign,Benign,0.2034296691417694
Benign,Benign,0.19999022781848907
Benign,Benign,0.20141878724098206
Benign,Benign,0.19951403141021729
Benign,Benign,0.19951403141021729
Benign,Benign,0.2396061271429062
Benign,Benign,0.19951403141021729
Benign,Benign,0.2179695963859558
Benign,Benign,0.19951403141021729
Benign,Benign,0.19951403141021729
Benign,Benign,0.23651085793972015
Benign,Benign,0.22989408671855927
Benign,Benign,0.20141878724098206
Benign,Benign,0.202077716588974
Benign,Benign,0.20175978541374207
Benign,Benign,0.23319749534130096
Benign,Benign,0.23951925337314606
Benign,Benign,0.19999022781848907
Benign,Benign,0.22878611087799072
Benign,Benign,0.19951403141021729
Benign,Benign,0.20868848264217377
Benign,Benign,0.19959592819213867
Benign,Benign,0.20046640932559967
Benign,Benign,0.19999022781848907
Benign,Benign,0.21737733483314514
Benign,Benign,0.19951403141021729
Benign,Benign,0.20094260573387146
Benign,Benign,0.20194843411445618
Benign,Benign,0.19951403141021729
Benign,Benign,0.19951403141021729
Benign,Benign,0.2531505525112152
Benign,Benign,0.23700493574142456
Benign,Benign,0.20175978541374207
Benign,Benign,0.20223596692085266
Benign,Benign,0.2793503701686859
Benign,Benign,0.19951403141021729
Benign,Benign,0.19951403141021729
Benign,Benign,0.19951403141021729
Benign,Benign,0.20128358900547028
Benign,Benign,0.20391257107257843
Benign,Benign,0.19951403141021729
Benign,Benign,0.19951403141021729
Benign,Benign,0.19951403141021729
Benign,Benign,0.19951403141021729
Benign,Benign,0.20054830610752106
Benign,Benign,0.19951403141021729
Benign,Benign,0.20094260573387146
Benign,Benign,0.19951403141021729
Benign,Benign,0.2336222529411316
Benign,Benign,0.20242463052272797
Benign,Benign,0.19951403141021729
Benign,Benign,0.26586514711380005
Benign,Benign,0.19951403141021729
Benign,Benign,0.19951403141021729
Benign,Benign,0.20379459857940674
Benign,Benign,0.20242463052272797
Benign,Benign,0.19951403141021729
Benign,Benign,0.20656712353229523
Benign,Benign,0.220669686794281
Benign,Benign,0.20094260573387146
Benign,Benign,0.19951403141021729
Benign,Benign,0.20175978541374207
Benign,Benign,0.21020613610744476
Benign,Benign,0.23073674738407135
Benign,Benign,0.19999022781848907
Benign,Benign,0.19999022781848907
Benign,Benign,0.23000872135162354
Benign,Benign,0.20332355797290802
Benign,Benign,0.2035597264766693
Benign,Benign,0.20316475629806519
Benign,Benign,0.19999022781848907
Benign,Benign,0.20284736156463623
Benign,Benign,0.19951403141021729
Benign,Benign,0.19951403141021729
Benign,Benign,0.20094260573387146
Benign,Benign,0.20289474725723267
Benign,Benign,0.20094260573387146
Benign,Benign,0.20175978541374207
Benign,Benign,0.19951403141021729
Benign,Benign,0.19951403141021729
Benign,Benign,0.20094260573387146
Benign,Benign,0.20007212460041046
Benign,Benign,0.19951403141021729
Benign,Benign,0.20046640932559967
Benign,Benign,0.19951403141021729
Benign,Benign,0.19951403141021729
Benign,Benign,0.19951403141021729
Benign,Benign,0.19951403141021729
Benign,Benign,0.19951403141021729
Benign,Benign,0.22200043499469757
Benign,Benign,0.19951403141021729
Benign,Benign,0.19999022781848907
Benign,Benign,0.19959592819213867
Benign,Benign,0.2310466468334198
Benign,Benign,0.20188473165035248
Benign,Benign,0.2063630372285843
Benign,Benign,0.20267121493816376
Benign,Benign,0.19999022781848907
Benign,Benign,0.20007212460041046
Benign,Benign,0.19951403141021729
Benign,Benign,0.19951403141021729
Benign,Benign,0.19951403141021729
Benign,Benign,0.19951403141021729
Benign,Benign,0.20141878724098206
Benign,Benign,0.20046640932559967
Benign,Benign,0.19959592819213867
Benign,Benign,0.2015361338853836
Benign,Benign,0.19951403141021729
Benign,Benign,0.19951403141021729
Benign,Benign,0.20094260573387146
Benign,Benign,0.19951403141021729
Benign,Benign,0.19951403141021729
Benign,Benign,0.21490702033042908
Benign,Benign,0.20189498364925385
Benign,Benign,0.22126241028308868
Benign,Benign,0.19951403141021729
Benign,Benign,0.19951403141021729
Benign,Benign,0.21228866279125214
Benign,Benign,0.2158983051776886
Benign,Benign,0.20046640932559967
Benign,Benign,0.19951403141021729
Benign,Benign,0.20046640932559967
Benign,Benign,0.22730179131031036
Benign,Benign,0.20175978541374207
Benign,Benign,0.39909297227859497
Benign,Benign,0.2485480010509491
Benign,Benign,0.19951403141021729
Benign,Benign,0.19999022781848907
Benign,Benign,0.19951403141021729
Benign,Benign,0.20046640932559967
Benign,Benign,0.20046640932559967
Benign,Benign,0.20983164012432098
Benign,Benign,0.19951403141021729
Benign,Benign,0.20046640932559967
Benign,Benign,0.19999022781848907
Benign,Benign,0.2022123634815216
Benign,Benign,0.2334083765745163
Benign,Benign,0.2009960561990738
Benign,Benign,0.2008577436208725
Benign,Benign,0.19959592819213867
Benign,Benign,0.209907665848732
Benign,Benign,0.19951403141021729
Benign,Benign,0.22610092163085938
Benign,Benign,0.19951403141021729
Benign,Benign,0.20046640932559967
Benign,Benign,0.19951403141021729
Benign,Benign,0.19999022781848907
Benign,Benign,0.19951403141021729
Benign,Benign,0.19951403141021729
Benign,Benign,0.20124287903308868
Benign,Benign,0.19951403141021729
Benign,Benign,0.20134295523166656
Benign,Benign,0.19951403141021729
Benign,Benign,0.20128358900547028
Benign,Benign,0.2321455031633377
Benign,Benign,0.2597659230232239
Benign,Benign,0.2133195847272873
Benign,Benign,0.20175978541374207
Benign,Benign,0.25839635729789734
Benign,Benign,0.19999022781848907
Benign,Benign,0.19951403141021729
Benign,Benign,0.23264773190021515
Benign,Benign,0.19951403141021729
Benign,Benign,0.19951403141021729
Benign,Benign,0.19951403141021729
Benign,Benign,0.19951403141021729
Benign,Benign,0.19999022781848907
Benign,Benign,0.19951403141021729
Benign,Benign,0.19959592819213867
Benign,Benign,0.20046640932559967
Benign,Benign,0.19951403141021729
Benign,Benign,0.20307554304599762
Benign,Benign,0.2280893176794052
Benign,Benign,0.19951403141021729
Benign,Benign,0.19999022781848907
Benign,Benign,0.19951403141021729
Benign,Benign,0.19951403141021729
Benign,Benign,0.20046640932559967
Benign,Benign,0.23314152657985687
Benign,Benign,0.19951403141021729
Benign,Benign,0.20141878724098206
Benign,Benign,0.20125998556613922
Benign,Benign,0.19999022781848907
Benign,Benign,0.19951403141021729
Benign,Benign,0.19951403141021729
Benign,Benign,0.19999022781848907
Benign,Benign,0.24918368458747864
Benign,Benign,0.19951403141021729
Benign,Benign,0.19951403141021729
Benign,Benign,0.19951403141021729
Benign,Benign,0.22829781472682953
Benign,Benign,0.20271216332912445
Benign,Benign,0.26020368933677673
Benign,Benign,0.19999022781848907
Benign,Benign,0.19999022781848907
Benign,Benign,0.23960767686367035
Benign,Benign,0.20655208826065063
Benign,Benign,0.2141065150499344
Benign,Benign,0.19999022781848907
Benign,Benign,0.19951403141021729
Benign,Benign,0.19951403141021729
Benign,Benign,0.19951403141021729
Benign,Benign,0.19951403141021729
Benign,Benign,0.201920285820961
Benign,Benign,0.19951403141021729
Benign,Benign,0.19951403141021729
Benign,Benign,0.20094260573387146
Benign,Benign,0.20310911536216736
Benign,Benign,0.19951403141021729
Benign,Benign,0.19951403141021729
Benign,Benign,0.19951403141021729
Benign,Benign,0.25127577781677246
Benign,Benign,0.19951403141021729
Benign,Benign,0.19999022781848907
Benign,Benign,0.19951403141021729
Benign,Benign,0.19999022781848907
Benign,Benign,0.19999022781848907
Benign,Benign,0.21336373686790466
Benign,Benign,0.20779941976070404
Benign,Benign,0.25539469718933105
Benign,Benign,0.19951403141021729
Benign,Benign,0.19951403141021729
Benign,Benign,0.21673932671546936
Benign,Benign,0.20489323139190674
Benign,Benign,0.19951403141021729
Benign,Benign,0.19951403141021729
Benign,Benign,0.20349064469337463
Benign,Benign,0.20223596692085266
Benign,Benign,0.20744025707244873
Benign,Benign,0.19951403141021729
Benign,Benign,0.20296470820903778
Benign,Benign,0.21539944410324097
Benign,Benign,0.19951403141021729
Benign,Benign,0.19999022781848907
Benign,Benign,0.19999022781848907
Benign,Benign,0.20030760765075684
Benign,Benign,0.2019946426153183
Benign,Benign,0.19951403141021729
Benign,Benign,0.20284736156463623
Benign,Benign,0.19951403141021729
Benign,Benign,0.20181915163993835
Benign,Benign,0.19999022781848907
Benign,Benign,0.20046640932559967
Benign,Benign,0.19951403141021729
Benign,Benign,0.20007212460041046
Benign,Benign,0.19951403141021729
Benign,Benign,0.2158372849225998
Benign,Benign,0.20128358900547028
Benign,Benign,0.20046640932559967
Benign,Benign,0.19951403141021729
Benign,Benign,0.20094260573387146
Benign,Benign,0.20242787897586823
Benign,Benign,0.19999022781848907
Benign,Benign,0.23990371823310852
Benign,Benign,0.20046640932559967
Benign,Benign,0.20128358900547028
Benign,Benign,0.19951403141021729
Benign,Benign,0.20300112664699554
Benign,Benign,0.19951403141021729
Benign,Benign,0.20046640932559967
Benign,Benign,0.19951403141021729
Benign,Benign,0.21184442937374115
Benign,Benign,0.2097729593515396
Benign,Benign,0.19999022781848907
Benign,Benign,0.19951403141021729
Benign,Benign,0.19999022781848907
Benign,Benign,0.19951403141021729
Benign,Benign,0.19951403141021729
Benign,Benign,0.20408675074577332
Benign,Benign,0.20175978541374207
Benign,Benign,0.19951403141021729
Benign,Benign,0.19999022781848907
Benign,Benign,0.20847047865390778
Benign,Benign,0.22921119630336761
Benign,Benign,0.19951403141021729
Benign,Benign,0.19951403141021729
Benign,Benign,0.20128358900547028
Benign,Benign,0.19951403141021729
Benign,Benign,0.20128358900547028
Benign,Benign,0.19951403141021729
Benign,Benign,0.19951403141021729
Benign,Benign,0.19999022781848907
Benign,Benign,0.20046640932559967
Benign,Benign,0.19951403141021729
Benign,Benign,0.2045053392648697
Benign,Benign,0.19951403141021729
Benign,Benign,0.2054658681154251
Benign,Benign,0.19951403141021729
Benign,Benign,0.20436961948871613
Benign,Benign,0.2034054547548294
Benign,Benign,0.2027767449617386
Benign,Benign,0.19951403141021729
Benign,Benign,0.20078380405902863
Benign,Benign,0.2034296691417694
Benign,Benign,0.19999022781848907
Benign,Benign,0.20046640932559967
Benign,Benign,0.20181915163993835
Benign,Benign,0.19951403141021729
Benign,Benign,0.19951403141021729
Benign,Benign,0.19951403141021729
Benign,Benign,0.20298174023628235
Benign,Benign,0.19951403141021729
Benign,Benign,0.20128358900547028
Benign,Benign,0.37730056047439575
Benign,Benign,0.21242210268974304
Benign,Benign,0.249261736869812
Benign,Benign,0.20189498364925385
Benign,Benign,0.19999022781848907
Benign,Benign,0.21953058242797852
Benign,Benign,0.19951403141021729
Benign,Benign,0.20194843411445618
Benign,Benign,0.19959592819213867
Benign,Benign,0.20242463052272797
Benign,Benign,0.20446166396141052
Benign,Benign,0.19951403141021729
Benign,Benign,0.19999022781848907
Benign,Benign,0.19951403141021729
Benign,Benign,0.19951403141021729
Benign,Benign,0.19951403141021729
Benign,Benign,0.2747301459312439
Benign,Benign,0.19951403141021729
Benign,Benign,0.20094260573387146
Benign,Benign,0.21281756460666656
Benign,Benign,0.19951403141021729
Benign,Benign,0.23041820526123047
Benign,Benign,0.21284544467926025
Benign,Benign,0.23746973276138306
Benign,Benign,0.2102161943912506
Benign,Benign,0.19951403141021729
Benign,Benign,0.19951403141021729
Benign,Benign,0.20267121493816376
Benign,Benign,0.19999022781848907
Benign,Benign,0.19951403141021729
Benign,Benign,0.20141878724098206
Benign,Benign,0.19999022781848907
Benign,Benign,0.20046640932559967
Benign,Benign,0.20046640932559967
Benign,Benign,0.20141878724098206
Benign,Benign,0.2228831648826599
Benign,Benign,0.19999022781848907
Benign,Benign,0.20236091315746307
Benign,Benign,0.19951403141021729
Benign,Benign,0.19951403141021729
Benign,Benign,0.3112006187438965
Benign,Benign,0.20141878724098206
Benign,Benign,0.19951403141021729
Benign,Benign,0.201736181974411
Benign,Benign,0.21452443301677704
Benign,Benign,0.19999022781848907
Benign,Benign,0.19951403141021729
Benign,Benign,0.20223596692085266
Benign,Benign,0.23172400891780853
Benign,Benign,0.19951403141021729
Benign,Benign,0.19999022781848907
Benign,Benign,0.20307554304599762
Benign,Benign,0.19999022781848907
Benign,Benign,0.19951403141021729
Benign,Benign,0.20102450251579285
Benign,Benign,0.23017354309558868
Benign,Benign,0.19951403141021729
Benign,Benign,0.2091568410396576
Benign,Benign,0.19951403141021729
Benign,Benign,0.19951403141021729
Benign,Benign,0.22320255637168884
Benign,Benign,0.20237118005752563
Benign,Benign,0.19999022781848907
Benign,Benign,0.21129101514816284
Benign,Benign,0.23510700464248657
Benign,Benign,0.19951403141021729
Benign,Benign,0.19951403141021729
Benign,Benign,0.19951403141021729
Benign,Benign,0.19951403141021729
Benign,Benign,0.19951403141021729
Benign,Benign,0.19951403141021729
Benign,Benign,0.19951403141021729
Benign,Benign,0.20094260573387146
Benign,Benign,0.20141878724098206
Benign,Benign,0.20189498364925385
Benign,Benign,0.23138748109340668
Benign,Benign,0.19951403141021729
Benign,Benign,0.20046640932559967
Benign,Benign,0.19951403141021729
Benign,Benign,0.20046640932559967
Benign,Benign,0.2488735020160675
Benign,Benign,0.23283743858337402
Benign,Benign,0.19999022781848907
Benign,Benign,0.19951403141021729
Benign,Benign,0.19951403141021729
Benign,Benign,0.2009960561990738
Benign,Benign,0.20046640932559967
Benign,Benign,0.19951403141021729
Benign,Benign,0.19951403141021729
Benign,Benign,0.19951403141021729
Benign,Benign,0.19999022781848907
Benign,Benign,0.24773061275482178
Benign,Benign,0.19951403141021729
Benign,Benign,0.24629361927509308
Benign,Benign,0.20175978541374207
Benign,Benign,0.19951403141021729
Benign,Benign,0.19951403141021729
Benign,Benign,0.42595162987709045
Benign,Benign,0.19951403141021729
Benign,Benign,0.19951403141021729
Benign,Benign,0.19951403141021729
Benign,Benign,0.19999022781848907
Benign,Benign,0.20296494662761688
Benign,Benign,0.3093804717063904
Benign,Benign,0.19951403141021729
Benign,Benign,0.19999022781848907
Benign,Benign,0.2504544258117676
Benign,Benign,0.20219525694847107
Benign,Benign,0.19999022781848907
Benign,Benign,0.20385484397411346
Benign,Benign,0.19951403141021729
Benign,Benign,0.19951403141021729
Benign,Benign,0.19951403141021729
Benign,Benign,0.19951403141021729
Benign,Benign,0.20648621022701263
Benign,Benign,0.19951403141021729
Benign,Benign,0.20046640932559967
Benign,Benign,0.24010798335075378
Benign,Benign,0.19951403141021729
Benign,Benign,0.23619182407855988
Benign,Benign,0.19951403141021729
Benign,Benign,0.20046640932559967
Benign,Benign,0.19999022781848907
Benign,Benign,0.20271216332912445
Benign,Benign,0.19951403141021729
Benign,Benign,0.19951403141021729
Benign,Benign,0.19951403141021729
Benign,Benign,0.19951403141021729
Benign,Benign,0.2019651085138321
Benign,Benign,0.20128358900547028
Benign,Benign,0.19999022781848907
Benign,Benign,0.19951403141021729
Benign,Benign,0.19999022781848907
Benign,Benign,0.19951403141021729
Benign,Benign,0.19951403141021729
Benign,Benign,0.21492399275302887
Benign,Benign,0.19951403141021729
Benign,Benign,0.19951403141021729
Benign,Benign,0.20094260573387146
Benign,Benign,0.2090795636177063
Benign,Benign,0.19999022781848907
Benign,Benign,0.19951403141021729
Benign,Benign,0.21737495064735413
Benign,Benign,0.20223596692085266
Benign,Benign,0.21588648855686188
Benign,Benign,0.19999022781848907
Benign,Benign,0.19951403141021729
Benign,Benign,0.20128358900547028
Benign,Benign,0.20046640932559967
Benign,Benign,0.21811778843402863
Benign,Benign,0.21067103743553162
Benign,Benign,0.2470237761735916
Benign,Benign,0.20366454124450684
Benign,Benign,0.2009960561990738
Benign,Benign,0.19951403141021729
Benign,Benign,0.19951403141021729
Benign,Benign,0.19951403141021729
Benign,Benign,0.19951403141021729
Benign,Benign,0.20971065759658813
Benign,Benign,0.19951403141021729
Benign,Benign,0.19951403141021729
Benign,Benign,0.20296470820903778
Benign,Benign,0.2337547242641449
Benign,Benign,0.19951403141021729
Benign,Benign,0.20303751528263092
Benign,Benign,0.19951403141021729
Benign,Benign,0.22910210490226746
Benign,Benign,0.20054830610752106
Benign,Benign,0.20046640932559967
Benign,Benign,0.20046640932559967
Benign,Benign,0.19951403141021729
Benign,Benign,0.2050485461950302
Benign,Benign,0.19951403141021729
Benign,Benign,0.19951403141021729
Benign,Benign,0.19951403141021729
Benign,Benign,0.20094260573387146
Benign,Benign,0.20128358900547028
Benign,Benign,0.19951403141021729
Benign,Benign,0.2057579606771469
Benign,Benign,0.20046640932559967
Benign,Benign,0.20368938148021698
Benign,Benign,0.20030760765075684
Benign,Benign,0.24112853407859802
Benign,Benign,0.19951403141021729
Benign,Benign,0.19999022781848907
Benign,Benign,0.19999022781848907
Benign,Benign,0.20189498364925385
Benign,Benign,0.20396076142787933
Benign,Benign,0.212563619017601
Benign,Benign,0.20094260573387146
Benign,Benign,0.19951403141021729
Benign,Benign,0.20046640932559967
Benign,Benign,0.19951403141021729
Benign,Benign,0.19951403141021729
Benign,Benign,0.19951403141021729
Benign,Benign,0.19999022781848907
Benign,Benign,0.23108981549739838
Benign,Benign,0.19951403141021729
Benign,Benign,0.2355341613292694
Benign,Benign,0.20157255232334137
Benign,Benign,0.19999022781848907
Benign,Benign,0.19951403141021729
Benign,Benign,0.2071009874343872
Benign,Benign,0.19999022781848907
Benign,Benign,0.20229533314704895
Benign,Benign,0.19951403141021729
Benign,Benign,0.19999022781848907
Benign,Benign,0.21505840122699738
Benign,Benign,0.20261991024017334
Benign,Benign,0.233380526304245
Benign,Benign,0.19951403141021729
Benign,Benign,0.19951403141021729
Benign,Benign,0.19951403141021729
Benign,Benign,0.24141892790794373
Benign,Benign,0.19951403141021729
Benign,Benign,0.20223596692085266
Benign,Benign,0.20923912525177002
Benign,Benign,0.205093115568161
Benign,Benign,0.19999022781848907
Benign,Benign,0.19951403141021729
Benign,Benign,0.20124287903308868
Benign,Benign,0.20046640932559967
Benign,Benign,0.2029534876346588
Benign,Benign,0.19951403141021729
Benign,Benign,0.20078380405902863
Benign,Benign,0.21494941413402557
Benign,Benign,0.20223596692085266
Benign,Benign,0.20125998556613922
Benign,Benign,0.19951403141021729
Benign,Benign,0.19951403141021729
Benign,Benign,0.19999022781848907
Benign,Benign,0.19951403141021729
Benign,Benign,0.19951403141021729
Benign,Benign,0.2265571504831314
Benign,Benign,0.19999022781848907
Benign,Benign,0.20094260573387146
Benign,Benign,0.20094260573387146
Benign,Benign,0.20385320484638214
Benign,Benign,0.22841066122055054
Benign,Benign,0.2331410050392151
Benign,Benign,0.19951403141021729
Benign,Benign,0.21429535746574402
Benign,Benign,0.20175978541374207
Benign,Benign,0.19951403141021729
Benign,Benign,0.19999022781848907
Benign,Benign,0.20200780034065247
Benign,Benign,0.20271216332912445
Benign,Benign,0.19951403141021729
Benign,Benign,0.19999022781848907
Benign,Benign,0.19951403141021729
Benign,Benign,0.20128358900547028
Benign,Benign,0.19951403141021729
Benign,Benign,0.20433871448040009
Benign,Benign,0.19959592819213867
Benign,Benign,0.19999022781848907
Benign,Benign,0.21406853199005127
Benign,Benign,0.19999022781848907
Benign,Benign,0.19951403141021729
Benign,Benign,0.19999022781848907
Benign,Benign,0.19951403141021729
Benign,Benign,0.22450041770935059
Benign,Benign,0.19951403141021729
Benign,Benign,0.23183809220790863
Benign,Benign,0.19951403141021729
Benign,Benign,0.20267121493816376
Benign,Benign,0.19999022781848907
Benign,Benign,0.19951403141021729
Benign,Benign,0.203172504901886
Benign,Benign,0.19951403141021729
Benign,Benign,0.19951403141021729
Benign,Benign,0.20007212460041046
Benign,Benign,0.19951403141021729
Benign,Benign,0.20365536212921143
Benign,Benign,0.23660309612751007
Benign,Benign,0.19951403141021729
Benign,Benign,0.20094260573387146
Benign,Benign,0.19951403141021729
Benign,Benign,0.19951403141021729
Benign,Benign,0.19951403141021729
Benign,Benign,0.22566713392734528
Benign,Benign,0.2743360698223114
Benign,Benign,0.20721733570098877
Benign,Benign,0.20046640932559967
Benign,Benign,0.19951403141021729
Benign,Benign,0.19999022781848907
Benign,Benign,0.19951403141021729
Benign,Benign,0.20134295523166656
Benign,Benign,0.19951403141021729
Benign,Benign,0.21421931684017181
Benign,Benign,0.20366454124450684
Benign,Benign,0.19999022781848907
Benign,Benign,0.19999022781848907
Benign,Benign,0.19999022781848907
Benign,Benign,0.19951403141021729
Benign,Benign,0.2158852517604828
Benign,Benign,0.19999022781848907
Benign,Benign,0.19951403141021729
Benign,Benign,0.19951403141021729
Benign,Benign,0.20200780034065247
Benign,Benign,0.21965333819389343
Benign,Benign,0.20175978541374207
Benign,Benign,0.2838630974292755
Benign,Benign,0.20094260573387146
Benign,Benign,0.210280179977417
Benign,Benign,0.21518564224243164
Benign,Benign,0.19951403141021729
Benign,Benign,0.24132688343524933
Benign,Benign,0.20271216332912445
Benign,Benign,0.20974794030189514
Benign,Benign,0.19951403141021729
Benign,Benign,0.19951403141021729
Benign,Benign,0.19999022781848907
Benign,Benign,0.19999022781848907
Benign,Benign,0.19951403141021729
Benign,Benign,0.19951403141021729
Benign,Benign,0.20175978541374207
Benign,Benign,0.19951403141021729
Benign,Benign,0.20986391603946686
Benign,Benign,0.19951403141021729
Benign,Benign,0.19951403141021729
Benign,Benign,0.2016015201807022
Benign,Benign,0.19951403141021729
Benign,Benign,0.20380419492721558
Benign,Benign,0.21200412511825562
Benign,Benign,0.19951403141021729
Benign,Benign,0.19999022781848907
Benign,Benign,0.19951403141021729
Benign,Benign,0.212445929646492
Benign,Benign,0.21617314219474792
Benign,Benign,0.19951403141021729
Benign,Benign,0.19951403141021729
Benign,Benign,0.2098245769739151
Benign,Benign,0.3440798223018646
Benign,Benign,0.19951403141021729
Benign,Benign,0.22745804488658905
Benign,Benign,0.19951403141021729
Benign,Benign,0.19951403141021729
Benign,Benign,0.19951403141021729
Benign,Benign,0.20043565332889557
Benign,Benign,0.19951403141021729
Benign,Benign,0.19951403141021729
Benign,Benign,0.19951403141021729
Benign,Benign,0.20046640932559967
Benign,Benign,0.23364192247390747
Benign,Benign,0.20046640932559967
Benign,Benign,0.19951403141021729
Benign,Benign,0.19951403141021729
Benign,Benign,0.19951403141021729
Benign,Benign,0.20956355333328247
Benign,Benign,0.19951403141021729
Benign,Benign,0.20271216332912445
Benign,Benign,0.20401453971862793
Benign,Benign,0.19951403141021729
Benign,Benign,0.19999022781848907
Benign,Benign,0.19951403141021729
Benign,Benign,0.20030760765075684
Benign,Benign,0.238183856010437
Benign,Benign,0.19951403141021729
Benign,Benign,0.19951403141021729
Benign,Benign,0.19951403141021729
Benign,Benign,0.30259475111961365
Benign,Benign,0.2002905011177063
Benign,Benign,0.20271216332912445
Benign,Benign,0.19999022781848907
Benign,Benign,0.19951403141021729
Benign,Benign,0.19951403141021729
Benign,Benign,0.20046640932559967
Benign,Benign,0.19951403141021729
Benign,Benign,0.20197688043117523
Benign,Benign,0.19951403141021729
Benign,Benign,0.20181915163993835
Benign,Benign,0.24805329740047455
Benign,Benign,0.30075907707214355
Benign,Benign,0.20348039269447327
Benign,Benign,0.20134295523166656
Benign,Benign,0.22810332477092743
Benign,Benign,0.20094260573387146
Benign,Benign,0.20533181726932526
Benign,Benign,0.20141878724098206
Benign,Benign,0.20461691915988922
Benign,Benign,0.19951403141021729
Benign,Benign,0.2155403345823288
Benign,Benign,0.20639781653881073
Benign,Benign,0.19951403141021729
Benign,Benign,0.20513823628425598
Benign,Benign,0.20181915163993835
Benign,Benign,0.19951403141021729
Benign,Benign,0.19951403141021729
Benign,Benign,0.2435789406299591
Benign,Benign,0.19951403141021729
Benign,Benign,0.45592212677001953
Benign,Benign,0.19951403141021729
Benign,Benign,0.19951403141021729
Benign,Benign,0.19999022781848907
Benign,Benign,0.20638200640678406
Benign,Benign,0.19951403141021729
Benign,Benign,0.19999022781848907
Benign,Benign,0.23968355357646942
Benign,Benign,0.2057349681854248
Benign,Benign,0.19951403141021729
Benign,Benign,0.20128358900547028
Benign,Benign,0.20223596692085266
Benign,Benign,0.20457620918750763
Benign,Benign,0.19951403141021729
Benign,Benign,0.19951403141021729
Benign,Benign,0.20046640932559967
Benign,Benign,0.20971065759658813
Benign,Benign,0.20147225260734558
Benign,Benign,0.19951403141021729
Benign,Benign,0.19951403141021729
Benign,Benign,0.20271216332912445
Benign,Benign,0.19951403141021729
Benign,Benign,0.19951403141021729
Benign,Benign,0.20132870972156525
Benign,Benign,0.2179083675146103
Benign,Benign,0.24964596331119537
Benign,Benign,0.19951403141021729
Benign,Benign,0.19999022781848907
Benign,Benign,0.20466727018356323
Benign,Benign,0.19959592819213867
Benign,Benign,0.2203303724527359
Benign,Benign,0.20189498364925385
Benign,Benign,0.19999022781848907
Benign,Benign,0.19959592819213867
Benign,Benign,0.20775148272514343
Benign,Benign,0.19999022781848907
Benign,Benign,0.19951403141021729
Benign,Benign,0.19951403141021729
Benign,Benign,0.19951403141021729
Benign,Benign,0.19999022781848907
Benign,Benign,0.24211053550243378
Benign,Benign,0.20046640932559967
Benign,Benign,0.19951403141021729
Benign,Benign,0.19959592819213867
Benign,Benign,0.19999022781848907
Benign,Benign,0.20237118005752563
Benign,Benign,0.19951403141021729
Benign,Benign,0.19951403141021729
Benign,Benign,0.19951403141021729
Benign,Benign,0.19999022781848907
Benign,Benign,0.21541564166545868
Benign,Benign,0.19951403141021729
Benign,Benign,0.20030760765075684
Benign,Benign,0.20504352450370789
Benign,Benign,0.21755902469158173
Benign,Benign,0.19951403141021729
Benign,Benign,0.21966548264026642
Benign,Benign,0.19999022781848907
Benign,Benign,0.19999022781848907
Benign,Benign,0.20959199965000153
Benign,Benign,0.22766093909740448
Benign,Benign,0.21041585505008698
Benign,Benign,0.20362383127212524
Benign,Benign,0.204382061958313
Benign,Benign,0.19951403141021729
Benign,Benign,0.19951403141021729
Benign,Benign,0.19951403141021729
Benign,Benign,0.20261991024017334
Benign,Benign,0.19951403141021729
Benign,Benign,0.19951403141021729
Benign,Benign,0.2079956978559494
Benign,Benign,0.19999022781848907
Benign,Benign,0.19951403141021729
Benign,Benign,0.20046640932559967
Benign,Benign,0.19951403141021729
Benign,Benign,0.23774170875549316
Benign,Benign,0.19951403141021729
Benign,Benign,0.20102450251579285
Benign,Benign,0.20425719022750854
Benign,Benign,0.19951403141021729
Benign,Benign,0.19951403141021729
Benign,Benign,0.2032371610403061
Benign,Benign,0.20141878724098206
Benign,Benign,0.20046640932559967
Benign,Benign,0.20249351859092712
Benign,Benign,0.19999022781848907
Benign,Benign,0.19999022781848907
Benign,Benign,0.20181915163993835
Benign,Benign,0.27162396907806396
Benign,Benign,0.19951403141021729
Benign,Benign,0.19999022781848907
Benign,Benign,0.19951403141021729
Benign,Benign,0.22350887954235077
Benign,Benign,0.2034580558538437
Benign,Benign,0.20078380405902863
Benign,Benign,0.20046640932559967
Benign,Benign,0.22583061456680298
Benign,Benign,0.22142809629440308
Benign,Benign,0.20296470820903778
Benign,Benign,0.22643716633319855
Benign,Benign,0.19999022781848907
Benign,Benign,0.23535104095935822
Benign,Benign,0.19951403141021729
Benign,Benign,0.19999022781848907
Benign,Benign,0.25670126080513
Benign,Benign,0.19951403141021729
Benign,Benign,0.19951403141021729
Benign,Benign,0.23599940538406372
Benign,Benign,0.19951403141021729
Benign,Benign,0.19999022781848907
Benign,Benign,0.19951403141021729
Benign,Benign,0.19999022781848907
Benign,Benign,0.20128358900547028
Benign,Benign,0.20572127401828766
Benign,Benign,0.21919651329517365
Benign,Benign,0.21606332063674927
Benign,Benign,0.19951403141021729
Benign,Benign,0.22151103615760803
Benign,Benign,0.24131298065185547
Benign,Benign,0.19951403141021729
Benign,Benign,0.20483551919460297
Benign,Benign,0.19951403141021729
Benign,Benign,0.205093115568161
Benign,Benign,0.2238364815711975
Benign,Benign,0.19951403141021729
Benign,Benign,0.19951403141021729
Benign,Benign,0.20147225260734558
Benign,Benign,0.19999022781848907
Benign,Benign,0.20318834483623505
Benign,Benign,0.19999022781848907
Benign,Benign,0.19951403141021729
Benign,Benign,0.20046640932559967
Benign,Benign,0.2187056839466095
Benign,Benign,0.19951403141021729
Benign,Benign,0.19999022781848907
Benign,Benign,0.19951403141021729
Benign,Benign,0.2009223848581314
Benign,Benign,0.20046640932559967
Benign,Benign,0.19959592819213867
Benign,Benign,0.22815640270709991
Benign,Benign,0.19951403141021729
Benign,Benign,0.19999022781848907
Benign,Benign,0.19951403141021729
Benign,Benign,0.19951403141021729
Benign,Benign,0.19951403141021729
Benign,Benign,0.19951403141021729
Benign,Benign,0.20721666514873505
Benign,Benign,0.20567816495895386
Benign,Benign,0.2155751734972
Benign,Benign,0.19951403141021729
Benign,Benign,0.20046640932559967
Benign,Benign,0.2104710042476654
Benign,Benign,0.20236091315746307
Benign,Benign,0.19951403141021729
Benign,Benign,0.19951403141021729
Benign,Benign,0.21282748878002167
Benign,Benign,0.19951403141021729
Benign,Benign,0.19999022781848907
Benign,Benign,0.19951403141021729
Benign,Benign,0.20284736156463623
Benign,Benign,0.19951403141021729
Benign,Benign,0.19951403141021729
Benign,Benign,0.19999022781848907
Benign,Benign,0.2114926278591156
Benign,Benign,0.19951403141021729
Benign,Benign,0.19951403141021729
Benign,Benign,0.25280728936195374
Benign,Benign,0.19951403141021729
Benign,Benign,0.19951403141021729
Benign,Benign,0.19951403141021729
Benign,Benign,0.20189498364925385
Benign,Benign,0.19951403141021729
Benign,Benign,0.19999022781848907
Benign,Benign,0.19951403141021729
Benign,Benign,0.20094260573387146
Benign,Benign,0.20153161883354187
Benign,Benign,0.19951403141021729
Benign,Benign,0.20175978541374207
Benign,Benign,0.19951403141021729
Benign,Benign,0.19951403141021729
Benign,Benign,0.19999022781848907
Benign,Benign,0.19999022781848907
Benign,Benign,0.20046640932559967
Benign,Benign,0.19951403141021729
Benign,Benign,0.20046640932559967
Benign,Benign,0.19951403141021729
Benign,Benign,0.22746668756008148
Benign,Benign,0.20046640932559967
Benign,Benign,0.20161861181259155
Benign,Benign,0.20271216332912445
Benign,Benign,0.20337024331092834
Benign,Benign,0.20147225260734558
Benign,Benign,0.19951403141021729
Benign,Benign,0.19999022781848907
Benign,Benign,0.20191174745559692
Benign,Benign,0.19951403141021729
Benign,Benign,0.19999022781848907
Benign,Benign,0.19951403141021729
Benign,Benign,0.19951403141021729
Benign,Benign,0.19951403141021729
Benign,Benign,0.19999022781848907
Benign,Benign,0.20237118005752563
Benign,Benign,0.19951403141021729
Benign,Benign,0.2055283486843109
Benign,Benign,0.20175978541374207
Benign,Benign,0.20409978926181793
Benign,Benign,0.20046640932559967
Benign,Benign,0.20134295523166656
Benign,Benign,0.19951403141021729
Benign,Benign,0.19999022781848907
Benign,Benign,0.19951403141021729
Benign,Benign,0.1998143047094345
Benign,Benign,0.19999022781848907
Benign,Benign,0.19951403141021729
Benign,Benign,0.19951403141021729
Benign,Benign,0.20303308963775635
Benign,Benign,0.20247729122638702
Benign,Benign,0.20046640932559967
Benign,Benign,0.19951403141021729
Benign,Benign,0.19951403141021729
Benign,Benign,0.20219525694847107
Benign,Benign,0.19951403141021729
Benign,Benign,0.19951403141021729
Benign,Benign,0.20128358900547028
Benign,Benign,0.19951403141021729
Benign,Benign,0.2649666666984558
Benign,Benign,0.19951403141021729
Benign,Benign,0.22482681274414062
Benign,Benign,0.20128358900547028
Benign,Benign,0.19999022781848907
Benign,Benign,0.21315550804138184
Benign,Benign,0.19959592819213867
Benign,Benign,0.19951403141021729
Benign,Benign,0.19999022781848907
Benign,Benign,0.19951403141021729
Benign,Benign,0.19951403141021729
Benign,Benign,0.20128358900547028
Benign,Benign,0.19999022781848907
Benign,Benign,0.20094260573387146
Benign,Benign,0.19951403141021729
Benign,Benign,0.19951403141021729
Benign,Benign,0.20882391929626465
Benign,Benign,0.20223596692085266
Benign,Benign,0.21440476179122925
Benign,Benign,0.19951403141021729
Benign,Benign,0.19951403141021729
Benign,Benign,0.215310201048851
Benign,Benign,0.19999022781848907
Benign,Benign,0.19951403141021729
Benign,Benign,0.19999022781848907
Benign,Benign,0.19951403141021729
Benign,Benign,0.2285849153995514
Benign,Benign,0.19951403141021729
Benign,Benign,0.19951403141021729
Benign,Benign,0.20147225260734558
Benign,Benign,0.23210467398166656
Benign,Benign,0.19951403141021729
Benign,Benign,0.21005888283252716
Benign,Benign,0.19999022781848907
Benign,Benign,0.19959592819213867
Benign,Benign,0.19951403141021729
Benign,Benign,0.3181067407131195
Benign,Benign,0.20046640932559967
Benign,Benign,0.2138369083404541
Benign,Benign,0.19951403141021729
Benign,Benign,0.19951403141021729
Benign,Benign,0.2041858583688736
Benign,Benign,0.20491920411586761
Benign,Benign,0.20237118005752563
Benign,Benign,0.19951403141021729
Benign,Benign,0.19951403141021729
Benign,Benign,0.2029534876346588
Benign,Benign,0.19951403141021729
Benign,Benign,0.20171883702278137
Benign,Benign,0.19999022781848907
Benign,Benign,0.20223596692085266
Benign,Benign,0.19951403141021729
Benign,Benign,0.24337100982666016
Benign,Benign,0.20046640932559967
Benign,Benign,0.19951403141021729
Benign,Benign,0.20046640932559967
Benign,Benign,0.20888856053352356
Benign,Benign,0.19951403141021729
Benign,Benign,0.19951403141021729
Benign,Benign,0.19951403141021729
Benign,Benign,0.19951403141021729
Benign,Benign,0.20181915163993835
Benign,Benign,0.20054830610752106
Benign,Benign,0.19951403141021729
Benign,Benign,0.20189498364925385
Benign,Benign,0.2707674503326416
Benign,Benign,0.19951403141021729
Benign,Benign,0.19951403141021729
Benign,Benign,0.20128358900547028
Benign,Benign,0.19951403141021729
Benign,Benign,0.19951403141021729
Benign,Benign,0.20284736156463623
Benign,Benign,0.2280348837375641
Benign,Benign,0.19951403141021729
Benign,Benign,0.19951403141021729
Benign,Benign,0.19951403141021729
Benign,Benign,0.19951403141021729
Benign,Benign,0.19951403141021729
Benign,Benign,0.19999022781848907
Benign,Benign,0.2020256668329239
Benign,Benign,0.19999022781848907
Benign,Benign,0.2100597620010376
Benign,Benign,0.20046640932559967
Benign,Benign,0.2178947925567627
Benign,Benign,0.20369695127010345
Benign,Benign,0.21745862066745758
Benign,Benign,0.20046640932559967
Benign,Benign,0.19999022781848907
Benign,Benign,0.20242463052272797
Benign,Benign,0.20200780034065247
Benign,Benign,0.19999022781848907
Benign,Benign,0.20046640932559967
Benign,Benign,0.19951403141021729
Benign,Benign,0.19951403141021729
Benign,Benign,0.35388556122779846
Benign,Benign,0.19951403141021729
Benign,Benign,0.20134295523166656
Benign,Benign,0.20128358900547028
Benign,Benign,0.2029508650302887
Benign,Benign,0.19999022781848907
Benign,Benign,0.2029534876346588
Benign,Benign,0.2034458965063095
Benign,Benign,0.19951403141021729
Benign,Benign,0.20046640932559967
Benign,Benign,0.31500017642974854
Benign,Benign,0.23109005391597748
Benign,Benign,0.2016015201807022
Benign,Benign,0.2097504436969757
Benign,Benign,0.19951403141021729
Benign,Benign,0.19999022781848907
Benign,Benign,0.19951403141021729
Benign,Benign,0.19951403141021729
Benign,Benign,0.22826515138149261
Benign,Benign,0.19951403141021729
Benign,Benign,0.19951403141021729
Benign,Benign,0.19999022781848907
Benign,Benign,0.20364870131015778
Benign,Benign,0.20245307683944702
Benign,Benign,0.19999022781848907
Benign,Benign,0.20189498364925385
Benign,Benign,0.19951403141021729
Benign,Benign,0.19951403141021729
Benign,Benign,0.19951403141021729
Benign,Benign,0.19951403141021729
Benign,Benign,0.19951403141021729
Benign,Benign,0.20128358900547028
Benign,Benign,0.19951403141021729
Benign,Benign,0.19999022781848907
Benign,Benign,0.20983180403709412
Benign,Benign,0.20094260573387146
Benign,Benign,0.19951403141021729
Benign,Benign,0.19999022781848907
Benign,Benign,0.23548313975334167
Benign,Benign,0.19951403141021729
Benign,Benign,0.19951403141021729
Benign,Benign,0.23207023739814758
Benign,Benign,0.20428037643432617
Benign,Benign,0.2280501127243042
Benign,Benign,0.19951403141021729
Benign,Benign,0.19999022781848907
Benign,Benign,0.2003815621137619
Benign,Benign,0.19951403141021729
Benign,Benign,0.19999022781848907
Benign,Benign,0.19951403141021729
Benign,Benign,0.203172504901886
Benign,Benign,0.20046640932559967
Benign,Benign,0.20181915163993835
Benign,Benign,0.19951403141021729
Benign,Benign,0.19951403141021729
Benign,Benign,0.20046640932559967
Benign,Benign,0.19951403141021729
Benign,Benign,0.20113635063171387
Benign,Benign,0.20046640932559967
Benign,Benign,0.19951403141021729
Benign,Benign,0.19999022781848907
Benign,Benign,0.19951403141021729
Benign,Benign,0.2164878100156784
Benign,Benign,0.21795739233493805
Benign,Benign,0.21875058114528656
Benign,Benign,0.20189498364925385
Benign,Benign,0.19951403141021729
Benign,Benign,0.20046640932559967
Benign,Benign,0.20414073765277863
Benign,Benign,0.20491313934326172
Benign,Benign,0.22778205573558807
Benign,Benign,0.19999022781848907
Benign,Benign,0.20344088971614838
Benign,Benign,0.20237118005752563
Benign,Benign,0.19951403141021729
Benign,Benign,0.24689984321594238
Benign,Benign,0.20046640932559967
Benign,Benign,0.19999022781848907
Benign,Benign,0.20311780273914337
Benign,Benign,0.19951403141021729
Benign,Benign,0.19951403141021729
Benign,Benign,0.20128358900547028
Benign,Benign,0.19951403141021729
Benign,Malicious,0.6057684421539307
Benign,Benign,0.19999022781848907
Benign,Benign,0.22754493355751038
Benign,Benign,0.20502018928527832
Benign,Benign,0.23008479177951813
Benign,Benign,0.20329350233078003
Benign,Benign,0.19951403141021729
Benign,Benign,0.20128358900547028
Benign,Benign,0.20128358900547028
Benign,Benign,0.20046640932559967
Benign,Benign,0.19951403141021729
Benign,Benign,0.20365852117538452
Benign,Benign,0.20046640932559967
Benign,Benign,0.19999022781848907
Benign,Benign,0.19951403141021729
Benign,Benign,0.2044350653886795
Benign,Benign,0.19951403141021729
Benign,Benign,0.19951403141021729
Benign,Benign,0.20046640932559967
Benign,Benign,0.23651085793972015
Benign,Benign,0.19951403141021729
Benign,Benign,0.20189498364925385
Benign,Benign,0.20309610664844513
Benign,Benign,0.20141878724098206
Benign,Benign,0.19951403141021729
Benign,Benign,0.19959592819213867
Benign,Benign,0.2068047672510147
Benign,Benign,0.19951403141021729
Benign,Benign,0.19951403141021729
Benign,Benign,0.19951403141021729
Benign,Benign,0.19951403141021729
Benign,Benign,0.19951403141021729
Benign,Benign,0.19951403141021729
Benign,Benign,0.19999022781848907
Benign,Benign,0.19951403141021729
Benign,Benign,0.20094260573387146
Benign,Benign,0.2237273007631302
Benign,Benign,0.20046640932559967
Benign,Benign,0.20046640932559967
Benign,Benign,0.19951403141021729
Benign,Benign,0.19999022781848907
Benign,Benign,0.19951403141021729
Benign,Benign,0.20271216332912445
Benign,Benign,0.19951403141021729
Benign,Benign,0.20147225260734558
Benign,Benign,0.24717356264591217
Benign,Benign,0.20691581070423126
Benign,Benign,0.21142511069774628
Benign,Benign,0.19951403141021729
Benign,Benign,0.19951403141021729
Benign,Benign,0.19951403141021729
Benign,Benign,0.20094260573387146
Benign,Benign,0.19999022781848907
Benign,Benign,0.24834132194519043
Benign,Benign,0.19951403141021729
Benign,Benign,0.2027425616979599
Benign,Benign,0.2037075161933899
Benign,Benign,0.19951403141021729
Benign,Benign,0.20046640932559967
Benign,Benign,0.22368350625038147
Benign,Benign,0.2558412551879883
Benign,Benign,0.19951403141021729
Benign,Benign,0.19951403141021729
Benign,Benign,0.19951403141021729
Benign,Benign,0.19951403141021729
Benign,Benign,0.19999022781848907
Benign,Benign,0.20391708612442017
Benign,Benign,0.20414073765277863
Benign,Benign,0.19951403141021729
Benign,Benign,0.19951403141021729
Benign,Benign,0.20105542242527008
Benign,Benign,0.19951403141021729
Benign,Benign,0.20094260573387146
Benign,Benign,0.19951403141021729
Benign,Benign,0.19999022781848907
Benign,Benign,0.19951403141021729
Benign,Benign,0.20134295523166656
Benign,Benign,0.21304923295974731
Benign,Benign,0.19951403141021729
Benign,Benign,0.19999022781848907
Benign,Benign,0.19951403141021729
Benign,Benign,0.19999022781848907
Benign,Benign,0.21608524024486542
Benign,Benign,0.20391732454299927
Benign,Benign,0.19951403141021729
Benign,Benign,0.20290081202983856
Benign,Benign,0.19951403141021729
Benign,Benign,0.19951403141021729
Benign,Benign,0.20046640932559967
Benign,Benign,0.19951403141021729
Benign,Benign,0.19999022781848907
Benign,Benign,0.19999022781848907
Benign,Benign,0.20102450251579285
Benign,Benign,0.19951403141021729
Benign,Benign,0.19951403141021729
Benign,Benign,0.19951403141021729
Benign,Benign,0.22890548408031464
Benign,Benign,0.19951403141021729
Benign,Benign,0.20046640932559967
Benign,Benign,0.19951403141021729
Benign,Benign,0.19999022781848907
Benign,Benign,0.19951403141021729
Benign,Benign,0.20094260573387146
Benign,Benign,0.26799649000167847
Benign,Benign,0.2207612693309784
Benign,Benign,0.19951403141021729
Benign,Benign,0.19951403141021729
Benign,Benign,0.19951403141021729
Benign,Benign,0.21246783435344696
Benign,Benign,0.20637619495391846
Benign,Benign,0.19951403141021729
Benign,Benign,0.20718954503536224
Benign,Benign,0.21502244472503662
Benign,Benign,0.19951403141021729
Benign,Benign,0.20046640932559967
Benign,Benign,0.19999022781848907
Benign,Benign,0.20638427138328552
Benign,Benign,0.19999022781848907
Benign,Benign,0.19951403141021729
Benign,Benign,0.20288541913032532
Benign,Benign,0.19999022781848907
Benign,Benign,0.19951403141021729
Benign,Benign,0.2080927938222885
Benign,Benign,0.20485563576221466
Benign,Benign,0.20054830610752106
Benign,Benign,0.20046640932559967
Benign,Benign,0.2023472934961319
Benign,Benign,0.20537053048610687
Benign,Benign,0.19951403141021729
Benign,Benign,0.20046640932559967
Benign,Benign,0.20153161883354187
Benign,Benign,0.19951403141021729
Benign,Benign,0.19951403141021729
Benign,Benign,0.20094260573387146
Benign,Benign,0.19951403141021729
Benign,Benign,0.20223596692085266
Benign,Benign,0.20046640932559967
Benign,Benign,0.2009960561990738
Benign,Benign,0.19951403141021729
Benign,Benign,0.2041919231414795
Benign,Benign,0.22198911011219025
Benign,Benign,0.21154843270778656
Benign,Benign,0.37459495663642883
Benign,Benign,0.19951403141021729
Benign,Benign,0.19999022781848907
Benign,Benign,0.19951403141021729
Benign,Benign,0.20046640932559967
Benign,Benign,0.20046640932559967
Benign,Benign,0.21703824400901794
Benign,Benign,0.19951403141021729
Benign,Benign,0.20181915163993835
Benign,Benign,0.20175978541374207
Benign,Benign,0.21600651741027832
Benign,Benign,0.20181915163993835
Benign,Benign,0.21520426869392395
Benign,Benign,0.19999022781848907
Benign,Benign,0.19951403141021729
Benign,Benign,0.19951403141021729
Benign,Benign,0.2028641253709793
Benign,Benign,0.20549875497817993
Benign,Benign,0.20189498364925385
Benign,Benign,0.23058277368545532
Benign,Benign,0.21226762235164642
Benign,Benign,0.2024708241224289
Benign,Benign,0.20007212460041046
Benign,Benign,0.19951403141021729
Benign,Benign,0.20046640932559967
Benign,Benign,0.19951403141021729
Benign,Benign,0.19951403141021729
Benign,Benign,0.19951403141021729
Benign,Benign,0.2084144949913025
Benign,Benign,0.2020123302936554
Benign,Benign,0.19951403141021729
Benign,Benign,0.2029895782470703
Benign,Benign,0.19999022781848907
Benign,Benign,0.19951403141021729
Benign,Benign,0.20094260573387146
Benign,Benign,0.19951403141021729
Benign,Benign,0.19951403141021729
Benign,Benign,0.19951403141021729
Benign,Benign,0.2293204665184021
Benign,Benign,0.19951403141021729
Benign,Benign,0.19951403141021729
Benign,Benign,0.20935039222240448
Benign,Benign,0.19999022781848907
Benign,Benign,0.20181915163993835
Benign,Benign,0.20472444593906403
Benign,Benign,0.19951403141021729
Benign,Benign,0.22816354036331177
Benign,Benign,0.19951403141021729
Benign,Benign,0.19951403141021729
Benign,Benign,0.19951403141021729
Benign,Benign,0.19951403141021729
Benign,Benign,0.19951403141021729
Benign,Benign,0.22788241505622864
Benign,Benign,0.20960643887519836
Benign,Benign,0.19951403141021729
Benign,Benign,0.19951403141021729
Benign,Benign,0.19951403141021729
Benign,Benign,0.23493987321853638
Benign,Benign,0.2015361338853836
Benign,Benign,0.19951403141021729
Benign,Benign,0.19951403141021729
Benign,Benign,0.23970219492912292
Benign,Benign,0.22063210606575012
Benign,Benign,0.19951403141021729
Benign,Benign,0.19951403141021729
Benign,Benign,0.2030305415391922
Benign,Benign,0.2723708152770996
Benign,Benign,0.19951403141021729
Benign,Benign,0.19951403141021729
Benign,Benign,0.20046640932559967
Benign,Benign,0.19951403141021729
Benign,Benign,0.20046640932559967
Benign,Benign,0.19951403141021729
Benign,Benign,0.2111082822084427
Benign,Benign,0.20366454124450684
Benign,Benign,0.19951403141021729
Benign,Benign,0.1998143047094345
Benign,Benign,0.19951403141021729
Benign,Benign,0.19959592819213867
Benign,Benign,0.19951403141021729
Benign,Benign,0.19999022781848907
Benign,Benign,0.20171906054019928
Benign,Benign,0.21383483707904816
Benign,Benign,0.2074335664510727
Benign,Benign,0.19951403141021729
Benign,Benign,0.20362359285354614
Benign,Benign,0.19959592819213867
Benign,Benign,0.19999022781848907
Benign,Benign,0.19951403141021729
Benign,Benign,0.2489667534828186
Benign,Benign,0.19951403141021729
Benign,Benign,0.19999022781848907
Benign,Benign,0.19951403141021729
Benign,Benign,0.19951403141021729
Benign,Benign,0.20046640932559967
Benign,Benign,0.19951403141021729
Benign,Benign,0.20078380405902863
Benign,Benign,0.19999022781848907
Benign,Benign,0.20094260573387146
Benign,Benign,0.20304544270038605
Benign,Benign,0.23484374582767487
Benign,Benign,0.20054830610752106
Benign,Benign,0.21583053469657898
Benign,Benign,0.20094260573387146
Benign,Benign,0.2288919985294342
Benign,Benign,0.20155318081378937
Benign,Benign,0.19951403141021729
Benign,Benign,0.19999022781848907
Benign,Benign,0.20094260573387146
Benign,Benign,0.20134295523166656
Benign,Benign,0.20318834483623505
Benign,Benign,0.19951403141021729
Benign,Benign,0.20537824928760529
Benign,Benign,0.20699074864387512
Benign,Benign,0.19951403141021729
Benign,Benign,0.20659850537776947
Benign,Benign,0.19999022781848907
Benign,Benign,0.20046640932559967
Benign,Benign,0.20128358900547028
Benign,Benign,0.20094260573387146
Benign,Benign,0.21155814826488495
Benign,Benign,0.20748212933540344
Benign,Benign,0.19951403141021729
Benign,Benign,0.19951403141021729
Benign,Benign,0.22621311247348785
Benign,Benign,0.19951403141021729
Benign,Benign,0.31614479422569275
Benign,Benign,0.19951403141021729
Benign,Benign,0.19951403141021729
Benign,Benign,0.20245307683944702
Benign,Benign,0.19951403141021729
Benign,Benign,0.19951403141021729
Benign,Benign,0.19951403141021729
Benign,Benign,0.19951403141021729
Benign,Benign,0.23009179532527924
Benign,Benign,0.20175978541374207
Benign,Benign,0.20539313554763794
Benign,Benign,0.20562194287776947
Benign,Benign,0.20516470074653625
Benign,Benign,0.20594626665115356
Benign,Benign,0.20770250260829926
Benign,Benign,0.19951403141021729
Benign,Benign,0.20046640932559967
Benign,Benign,0.19999022781848907
Benign,Benign,0.19951403141021729
Benign,Benign,0.19999022781848907
Benign,Benign,0.20332355797290802
Benign,Benign,0.19951403141021729
Benign,Benign,0.19951403141021729
Benign,Benign,0.19999022781848907
Benign,Benign,0.19951403141021729
Benign,Benign,0.20046640932559967
Benign,Benign,0.19999022781848907
Benign,Benign,0.20132867991924286
Benign,Benign,0.21870064735412598
Benign,Benign,0.19999022781848907
Benign,Benign,0.2228335738182068
Benign,Benign,0.19999022781848907
Benign,Benign,0.19951403141021729
Benign,Benign,0.20128358900547028
Benign,Benign,0.19951403141021729
Benign,Benign,0.19951403141021729
Benign,Benign,0.19951403141021729
Benign,Benign,0.21247762441635132
Benign,Benign,0.20290081202983856
Benign,Benign,0.19951403141021729
Benign,Benign,0.19999022781848907
Benign,Benign,0.19951403141021729
Benign,Benign,0.2133699506521225
Benign,Benign,0.19951403141021729
Benign,Benign,0.19951403141021729
Benign,Benign,0.19951403141021729
Benign,Benign,0.19951403141021729
Benign,Benign,0.19999022781848907
Benign,Benign,0.19951403141021729
Benign,Benign,0.20046640932559967
Benign,Benign,0.2042921781539917
Benign,Benign,0.2054770588874817
Benign,Benign,0.20175978541374207
Benign,Benign,0.20189498364925385
Benign,Benign,0.19951403141021729
Benign,Benign,0.20036697387695312
Benign,Benign,0.19999022781848907
Benign,Benign,0.22524917125701904
Benign,Benign,0.19999022781848907
Benign,Benign,0.19951403141021729
Benign,Benign,0.20461691915988922
Benign,Benign,0.19951403141021729
Benign,Benign,0.20046640932559967
Benign,Benign,0.22336214780807495
Benign,Benign,0.19951403141021729
Benign,Benign,0.19951403141021729
Benign,Benign,0.20046640932559967
Benign,Benign,0.19951403141021729
Benign,Benign,0.19999022781848907
Benign,Benign,0.19951403141021729
Benign,Benign,0.20200780034065247
Benign,Benign,0.24039895832538605
Benign,Benign,0.19951403141021729
Benign,Benign,0.19951403141021729
Benign,Benign,0.2726894021034241
Benign,Benign,0.2049228698015213
Benign,Benign,0.19951403141021729
Benign,Benign,0.20128358900547028
Benign,Benign,0.24259404838085175
Benign,Benign,0.20885275304317474
Benign,Benign,0.20347143709659576
Benign,Benign,0.20046640932559967
Benign,Benign,0.19951403141021729
Benign,Benign,0.19999022781848907
Benign,Benign,0.20570258796215057
Benign,Benign,0.19951403141021729
Benign,Benign,0.19999022781848907
Benign,Benign,0.20432735979557037
Benign,Benign,0.19951403141021729
Benign,Benign,0.19999022781848907
Benign,Benign,0.19951403141021729
Benign,Benign,0.20323346555233002
Benign,Benign,0.19951403141021729
Benign,Benign,0.2208951711654663
Benign,Benign,0.19951403141021729
Benign,Benign,0.19951403141021729
Benign,Benign,0.2145393043756485
Benign,Benign,0.24654988944530487
Benign,Benign,0.2620280086994171
Benign,Benign,0.20175978541374207
Benign,Benign,0.19951403141021729
Benign,Benign,0.19951403141021729
Benign,Benign,0.20128358900547028
Benign,Benign,0.21228861808776855
Benign,Benign,0.19951403141021729
Benign,Benign,0.19951403141021729
Benign,Benign,0.22735916078090668
Benign,Benign,0.20271216332912445
Benign,Benign,0.19951403141021729
Benign,Benign,0.19951403141021729
Benign,Benign,0.23469087481498718
Benign,Benign,0.19999022781848907
Benign,Benign,0.19999022781848907
Benign,Benign,0.19951403141021729
Benign,Benign,0.19951403141021729
Benign,Benign,0.20147225260734558
Benign,Benign,0.20125998556613922
Benign,Benign,0.20223596692085266
Benign,Benign,0.24329489469528198
Benign,Benign,0.20134295523166656
Benign,Benign,0.19999022781848907
Benign,Benign,0.19951403141021729
Benign,Benign,0.20403800904750824
Benign,Benign,0.19999022781848907
Benign,Benign,0.19999022781848907
Benign,Benign,0.22911575436592102
Benign,Benign,0.2037733942270279
Benign,Benign,0.19951403141021729
Benign,Benign,0.19951403141021729
Benign,Benign,0.20094260573387146
Benign,Benign,0.19999022781848907
Benign,Benign,0.20046640932559967
Benign,Benign,0.25427526235580444
Benign,Benign,0.19951403141021729
Benign,Benign,0.34128037095069885
Benign,Benign,0.20236091315746307
Benign,Benign,0.20046640932559967
Benign,Benign,0.20094260573387146
Benign,Benign,0.20324771106243134
Benign,Benign,0.2160041481256485
Benign,Benign,0.21750742197036743
Benign,Benign,0.19951403141021729
Benign,Benign,0.19951403141021729
Benign,Benign,0.19951403141021729
Benign,Benign,0.20324771106243134
Benign,Benign,0.19951403141021729
Benign,Benign,0.19951403141021729
Benign,Benign,0.19951403141021729
Benign,Benign,0.20848609507083893
Benign,Benign,0.20267121493816376
Benign,Benign,0.19951403141021729
Benign,Benign,0.25653278827667236
Benign,Benign,0.19951403141021729
Benign,Benign,0.20300112664699554
Benign,Benign,0.19951403141021729
Benign,Benign,0.19951403141021729
Benign,Benign,0.2033403217792511
Benign,Benign,0.19951403141021729
Benign,Benign,0.20152491331100464
Benign,Benign,0.19951403141021729
Benign,Benign,0.20141878724098206
Benign,Benign,0.20271216332912445
Benign,Benign,0.20242463052272797
Benign,Benign,0.20201733708381653
Benign,Benign,0.19999022781848907
Benign,Benign,0.21664737164974213
Benign,Benign,0.19951403141021729
Benign,Benign,0.20054830610752106
Benign,Benign,0.19999022781848907
Benign,Benign,0.22250591218471527
Benign,Benign,0.20331329107284546
Benign,Benign,0.19951403141021729
Benign,Benign,0.19951403141021729
Benign,Benign,0.2047220766544342
Benign,Benign,0.2317124903202057
Benign,Benign,0.19951403141021729
Benign,Benign,0.19951403141021729
Benign,Benign,0.20402792096138
Benign,Benign,0.20492714643478394
Benign,Benign,0.19951403141021729
Benign,Benign,0.20188984274864197
Benign,Benign,0.19951403141021729
Benign,Benign,0.19951403141021729
Benign,Benign,0.20094260573387146
Benign,Benign,0.19951403141021729
Benign,Benign,0.19951403141021729
Benign,Benign,0.19951403141021729
Benign,Benign,0.20318834483623505
Benign,Benign,0.19951403141021729
Benign,Benign,0.20223596692085266
Benign,Benign,0.19951403141021729
Benign,Benign,0.19995945692062378
Benign,Benign,0.19951403141021729
Benign,Benign,0.19951403141021729
Benign,Benign,0.20128358900547028
Benign,Benign,0.20237118005752563
Benign,Benign,0.20189498364925385
Benign,Benign,0.23440583050251007
Benign,Benign,0.19951403141021729
Benign,Benign,0.19951403141021729
Benign,Benign,0.20147225260734558
Benign,Benign,0.19951403141021729
Benign,Benign,0.19999022781848907
Benign,Benign,0.19951403141021729
Benign,Benign,0.21531963348388672
Benign,Benign,0.19951403141021729
Benign,Benign,0.19951403141021729
Benign,Benign,0.20341724157333374
Benign,Benign,0.19999022781848907
Benign,Benign,0.19951403141021729
Benign,Benign,0.20181915163993835
Benign,Benign,0.20046640932559967
Benign,Benign,0.19951403141021729
Benign,Benign,0.202488511800766
Benign,Benign,0.20355580747127533
Benign,Benign,0.2595231831073761
Benign,Benign,0.20990149676799774
Benign,Benign,0.20125998556613922
Benign,Benign,0.19999022781848907
Benign,Benign,0.19999022781848907
Benign,Benign,0.2254735380411148
Benign,Benign,0.19951403141021729
Benign,Benign,0.20094260573387146
Benign,Benign,0.20147225260734558
Benign,Benign,0.19999022781848907
Benign,Benign,0.2071538120508194
Benign,Benign,0.2053990662097931
Benign,Benign,0.24278885126113892
Benign,Benign,0.30001208186149597
Benign,Benign,0.19951403141021729
Benign,Benign,0.20318834483623505
Benign,Benign,0.23268382251262665
Benign,Benign,0.19951403141021729
Benign,Benign,0.19951403141021729
Benign,Benign,0.20094260573387146
Benign,Benign,0.19951403141021729
Benign,Benign,0.19951403141021729
Benign,Benign,0.2029818743467331
Benign,Benign,0.2029697149991989
Benign,Benign,0.19951403141021729
Benign,Benign,0.19951403141021729
Benign,Benign,0.20731580257415771
Benign,Benign,0.19951403141021729
Benign,Benign,0.19951403141021729
Benign,Benign,0.2259872555732727
Benign,Benign,0.19951403141021729
Benign,Benign,0.19951403141021729
Benign,Benign,0.19999022781848907
Benign,Benign,0.19951403141021729
Benign,Benign,0.20054830610752106
Benign,Benign,0.19951403141021729
Benign,Benign,0.21321019530296326
Benign,Benign,0.19951403141021729
Benign,Benign,0.27739056944847107
Benign,Benign,0.19999022781848907
Benign,Benign,0.20102450251579285
Benign,Benign,0.2039412260055542
Benign,Benign,0.20189498364925385
Benign,Benign,0.2107716053724289
Benign,Benign,0.19951403141021729
Benign,Benign,0.24142877757549286
Benign,Benign,0.19999022781848907
Benign,Benign,0.2057022899389267
Benign,Benign,0.20486745238304138
Benign,Benign,0.19951403141021729
Benign,Benign,0.20220044255256653
Benign,Benign,0.19999022781848907
Benign,Benign,0.19951403141021729
Benign,Benign,0.19951403141021729
Benign,Benign,0.19951403141021729
Benign,Benign,0.19951403141021729
Benign,Benign,0.19951403141021729
Benign,Benign,0.20094260573387146
Benign,Benign,0.19999022781848907
Benign,Benign,0.19951403141021729
Benign,Benign,0.19951403141021729
Benign,Benign,0.19951403141021729
Benign,Benign,0.20277152955532074
Benign,Benign,0.20128358900547028
Benign,Benign,0.23661760985851288
Benign,Benign,0.19999022781848907
Benign,Benign,0.20138803124427795
Benign,Benign,0.21919310092926025
Benign,Benign,0.19999022781848907
Benign,Benign,0.2206406444311142
Benign,Benign,0.20134295523166656
Benign,Benign,0.19951403141021729
Benign,Benign,0.19951403141021729
Benign,Benign,0.19999022781848907
Benign,Benign,0.19951403141021729
Benign,Benign,0.21733473241329193
Benign,Benign,0.19951403141021729
Benign,Benign,0.2017286717891693
Benign,Benign,0.2023005485534668
Benign,Benign,0.20553377270698547
Benign,Benign,0.20007212460041046
Benign,Benign,0.19959592819213867
Benign,Benign,0.19951403141021729
Benign,Benign,0.19951403141021729
Benign,Benign,0.19951403141021729
Benign,Benign,0.19951403141021729
Benign,Benign,0.2044181525707245
Benign,Benign,0.19951403141021729
Benign,Benign,0.20686759054660797
Benign,Benign,0.19951403141021729
Benign,Benign,0.20223596692085266
Benign,Benign,0.22329698503017426
Benign,Benign,0.2063664197921753
Benign,Benign,0.20007212460041046
Benign,Benign,0.20007212460041046
Benign,Benign,0.20389343798160553
Benign,Benign,0.20541104674339294
Benign,Benign,0.29171788692474365
Benign,Benign,0.19951403141021729
Benign,Benign,0.19999022781848907
Benign,Benign,0.19951403141021729
Benign,Benign,0.19999022781848907
Benign,Benign,0.20484581589698792
Benign,Benign,0.2318110316991806
Benign,Benign,0.19999022781848907
Benign,Benign,0.20141878724098206
Benign,Benign,0.19951403141021729
Benign,Benign,0.2118295580148697
Benign,Benign,0.21480968594551086
Benign,Benign,0.21791404485702515
Benign,Benign,0.19951403141021729
Benign,Benign,0.20117200911045074
Benign,Benign,0.19951403141021729
Benign,Benign,0.19951403141021729
Benign,Benign,0.2034458965063095
Benign,Benign,0.19999022781848907
Benign,Benign,0.20252493023872375
Benign,Benign,0.19951403141021729
Benign,Benign,0.19999022781848907
Benign,Benign,0.20431475341320038
Benign,Benign,0.21114970743656158
Benign,Benign,0.2357052117586136
Benign,Benign,0.24559342861175537
Benign,Benign,0.219663605093956
Benign,Benign,0.19951403141021729
Benign,Benign,0.20007212460041046
Benign,Benign,0.20229533314704895
Benign,Benign,0.19951403141021729
Benign,Benign,0.19951403141021729
Benign,Benign,0.19951403141021729
Benign,Benign,0.19951403141021729
Benign,Benign,0.19951403141021729
Benign,Benign,0.19951403141021729
Benign,Benign,0.20284736156463623
Benign,Benign,0.2215886265039444
Benign,Benign,0.2029534876346588
Benign,Benign,0.19951403141021729
Benign,Benign,0.19951403141021729
Benign,Benign,0.24380457401275635
Benign,Benign,0.19951403141021729
Benign,Benign,0.19951403141021729
Benign,Benign,0.23785527050495148
Benign,Benign,0.19951403141021729
Benign,Benign,0.20830968022346497
Benign,Benign,0.20249351859092712
Benign,Benign,0.2022123634815216
Benign,Benign,0.19951403141021729
Benign,Benign,0.19999022781848907
Benign,Benign,0.19951403141021729
Benign,Benign,0.19999022781848907
Benign,Benign,0.20271216332912445
Benign,Benign,0.19951403141021729
Benign,Benign,0.20445911586284637
Benign,Benign,0.20324771106243134
Benign,Benign,0.19951403141021729
Benign,Benign,0.20219501852989197
Benign,Benign,0.19951403141021729
Benign,Benign,0.20328070223331451
Benign,Benign,0.19951403141021729
Benign,Benign,0.19951403141021729
Benign,Benign,0.21012958884239197
Benign,Benign,0.20704194903373718
Benign,Benign,0.19951403141021729
Benign,Benign,0.20271216332912445
Benign,Benign,0.22642996907234192
Benign,Benign,0.19951403141021729
Benign,Benign,0.19951403141021729
Benign,Benign,0.19951403141021729
Benign,Benign,0.19999022781848907
Benign,Malicious,0.5974570512771606
Benign,Benign,0.22285571694374084
Benign,Benign,0.20271216332912445
Benign,Benign,0.20189498364925385
Benign,Benign,0.20046640932559967
Benign,Benign,0.19951403141021729
Benign,Benign,0.23497094213962555
Benign,Benign,0.20095983147621155
Benign,Benign,0.20046640932559967
Benign,Benign,0.19959592819213867
Benign,Benign,0.21135666966438293
Benign,Benign,0.20368964970111847
Benign,Benign,0.19951403141021729
Benign,Benign,0.19951403141021729
Benign,Benign,0.19951403141021729
Benign,Benign,0.19999022781848907
Benign,Benign,0.19951403141021729
Benign,Benign,0.20366454124450684
Benign,Benign,0.19951403141021729
Benign,Benign,0.2511930465698242
Benign,Benign,0.19951403141021729
Benign,Benign,0.20657433569431305
Benign,Benign,0.19951403141021729
Benign,Benign,0.3107878267765045
Benign,Benign,0.22562693059444427
Benign,Benign,0.20102450251579285
Benign,Benign,0.21599264442920685
Benign,Benign,0.19951403141021729
Benign,Benign,0.20054830610752106
Benign,Benign,0.20475657284259796
Benign,Benign,0.20223596692085266
Benign,Benign,0.19951403141021729
Benign,Benign,0.19951403141021729
Benign,Benign,0.19999022781848907
Benign,Benign,0.19951403141021729
Benign,Benign,0.20846593379974365
Benign,Benign,0.23721711337566376
Benign,Benign,0.2192337065935135
Benign,Benign,0.19951403141021729
Benign,Benign,0.20229533314704895
Benign,Benign,0.20007212460041046
Benign,Benign,0.21522733569145203
Benign,Benign,0.19951403141021729
Benign,Benign,0.2103882133960724
Benign,Benign,0.19951403141021729
Benign,Benign,0.19951403141021729
Benign,Benign,0.19951403141021729
Benign,Benign,0.20094260573387146
Benign,Benign,0.20054830610752106
Benign,Benign,0.20046640932559967
Benign,Benign,0.19999022781848907
Benign,Benign,0.19951403141021729
Benign,Benign,0.20102450251579285
Benign,Benign,0.20475657284259796
Benign,Benign,0.20094260573387146
Benign,Benign,0.20046640932559967
Benign,Benign,0.20271216332912445
Benign,Benign,0.19999022781848907
Benign,Benign,0.20094260573387146
Benign,Benign,0.19951403141021729
Benign,Benign,0.19951403141021729
Benign,Benign,0.2064424455165863
Benign,Benign,0.20141878724098206
Benign,Benign,0.19999022781848907
Benign,Benign,0.19999022781848907
Benign,Benign,0.2056286633014679
Benign,Benign,0.19951403141021729
Benign,Benign,0.20486940443515778
Benign,Benign,0.19951403141021729
Benign,Benign,0.23312681913375854
Benign,Benign,0.22542114555835724
Benign,Benign,0.21628883481025696
Benign,Benign,0.19951403141021729
Benign,Benign,0.20147225260734558
Benign,Benign,0.19951403141021729
Benign,Benign,0.19951403141021729
Benign,Benign,0.19951403141021729
Benign,Benign,0.21288533508777618
Benign,Benign,0.20007212460041046
Benign,Benign,0.19951403141021729
Benign,Benign,0.20396682620048523
Benign,Benign,0.19951403141021729
Benign,Benign,0.20094260573387146
Benign,Benign,0.19951403141021729
Benign,Benign,0.19951403141021729
Benign,Benign,0.20094260573387146
Benign,Benign,0.19951403141021729
Benign,Benign,0.19951403141021729
Benign,Benign,0.20046640932559967
Benign,Benign,0.20181915163993835
Benign,Benign,0.20147225260734558
Benign,Benign,0.19999022781848907
Benign,Benign,0.19951403141021729
Benign,Benign,0.20171906054019928
Benign,Benign,0.19951403141021729
Benign,Benign,0.24494390189647675
Benign,Benign,0.19951403141021729
Benign,Benign,0.19951403141021729
Benign,Benign,0.24603351950645447
Benign,Benign,0.22657494246959686
Benign,Benign,0.2288452535867691
Benign,Benign,0.20768225193023682
Benign,Benign,0.19951403141021729
Benign,Benign,0.19999022781848907
Benign,Benign,0.19951403141021729
Benign,Benign,0.20350627601146698
Benign,Benign,0.20318834483623505
Benign,Benign,0.19951403141021729
Benign,Benign,0.19951403141021729
Benign,Benign,0.216827392578125
Benign,Benign,0.19951403141021729
Benign,Benign,0.19951403141021729
Benign,Benign,0.19999022781848907
Benign,Benign,0.19951403141021729
Benign,Benign,0.19951403141021729
Benign,Benign,0.19951403141021729
Benign,Benign,0.2356819361448288
Benign,Benign,0.23381371796131134
Benign,Benign,0.20046640932559967
Benign,Benign,0.19999022781848907
Benign,Benign,0.20189498364925385
Benign,Benign,0.19951403141021729
Benign,Benign,0.19999022781848907
Benign,Benign,0.21169835329055786
Benign,Benign,0.22256799042224884
Benign,Benign,0.19951403141021729
Benign,Benign,0.19999022781848907
Benign,Benign,0.19951403141021729
Benign,Benign,0.19951403141021729
Benign,Benign,0.20134295523166656
Benign,Benign,0.19951403141021729
Benign,Benign,0.19951403141021729
Benign,Benign,0.22961631417274475
Benign,Benign,0.19951403141021729
Benign,Benign,0.19999022781848907
Benign,Benign,0.202488511800766
Benign,Benign,0.19951403141021729
Benign,Benign,0.20054830610752106
Benign,Benign,0.19951403141021729
Benign,Benign,0.20128358900547028
Benign,Benign,0.19951403141021729
Benign,Benign,0.19951403141021729
Benign,Benign,0.19951403141021729
Benign,Benign,0.19951403141021729
Benign,Benign,0.20181915163993835
Benign,Benign,0.2423536330461502
Benign,Benign,0.20094260573387146
Benign,Benign,0.19999022781848907
Benign,Benign,0.19951403141021729
Benign,Benign,0.20046640932559967
Benign,Benign,0.19951403141021729
Benign,Benign,0.20152491331100464
Benign,Benign,0.19951403141021729
Benign,Benign,0.19999022781848907
Benign,Benign,0.20046640932559967
Benign,Benign,0.20201733708381653
Benign,Benign,0.19951403141021729
Benign,Benign,0.19951403141021729
Benign,Benign,0.19951403141021729
Benign,Benign,0.19999022781848907
Benign,Benign,0.19951403141021729
Benign,Benign,0.19951403141021729
Benign,Benign,0.21349534392356873
Benign,Benign,0.201736181974411
Benign,Benign,0.19951403141021729
Benign,Benign,0.22794537246227264
Benign,Benign,0.2051524817943573
Benign,Benign,0.20271216332912445
Benign,Benign,0.20046640932559967
Benign,Benign,0.19951403141021729
Benign,Benign,0.20223596692085266
Benign,Benign,0.19951403141021729
Benign,Benign,0.19951403141021729
Benign,Benign,0.20685239136219025
Benign,Benign,0.19951403141021729
Benign,Benign,0.19951403141021729
Benign,Benign,0.19951403141021729
Benign,Benign,0.20200780034065247
Benign,Benign,0.19951403141021729
Benign,Benign,0.19951403141021729
Benign,Benign,0.20223596692085266
Benign,Benign,0.2202334702014923
Benign,Benign,0.21950264275074005
Benign,Benign,0.21585512161254883
Benign,Benign,0.19951403141021729
Benign,Benign,0.19951403141021729
Benign,Benign,0.19951403141021729
Benign,Benign,0.19951403141021729
Benign,Benign,0.20933404564857483
Benign,Benign,0.22497200965881348
Benign,Benign,0.20044073462486267
Benign,Benign,0.19951403141021729
Benign,Malicious,0.5234417915344238
Benign,Benign,0.19951403141021729
Benign,Benign,0.20223596692085266
Benign,Benign,0.19951403141021729
Benign,Benign,0.2009960561990738
Benign,Benign,0.20007212460041046
Benign,Benign,0.19951403141021729
Benign,Benign,0.19999022781848907
Benign,Benign,0.19951403141021729
Benign,Benign,0.20128358900547028
Benign,Benign,0.2772112488746643
Benign,Benign,0.19999022781848907
Benign,Benign,0.20903067290782928
Benign,Benign,0.20911046862602234
Benign,Benign,0.20030760765075684
Benign,Benign,0.20332355797290802
Benign,Benign,0.2291455715894699
Benign,Benign,0.19951403141021729
Benign,Benign,0.19951403141021729
Benign,Benign,0.19999022781848907
Benign,Benign,0.19951403141021729
Benign,Benign,0.2973642945289612
Benign,Benign,0.19999022781848907
Benign,Benign,0.24674221873283386
Benign,Benign,0.19951403141021729
Benign,Benign,0.20476889610290527
Benign,Benign,0.19999022781848907
Benign,Benign,0.19951403141021729
Benign,Benign,0.213242307305336
Benign,Benign,0.20134295523166656
Benign,Benign,0.19951403141021729
Benign,Benign,0.19951403141021729
Benign,Benign,0.19951403141021729
Benign,Benign,0.215701162815094
Benign,Benign,0.19999022781848907
Benign,Benign,0.22434253990650177
Benign,Benign,0.19951403141021729
Benign,Benign,0.19951403141021729
Benign,Benign,0.19999022781848907
Benign,Benign,0.2228514403104782
Benign,Benign,0.19951403141021729
Benign,Benign,0.20046640932559967
Benign,Benign,0.23629163205623627
Benign,Benign,0.19951403141021729
Benign,Benign,0.20046640932559967
Benign,Benign,0.20046640932559967
Benign,Benign,0.20237118005752563
Benign,Benign,0.19999022781848907
Benign,Benign,0.23631122708320618
Benign,Benign,0.20094260573387146
Benign,Benign,0.20965802669525146
Benign,Benign,0.19951403141021729
Benign,Benign,0.21722838282585144
Benign,Benign,0.19951403141021729
Benign,Benign,0.19951403141021729
Benign,Benign,0.19999022781848907
Benign,Benign,0.2321309894323349
Benign,Benign,0.19951403141021729
Benign,Benign,0.20189498364925385
Benign,Benign,0.2002905011177063
Benign,Benign,0.20147225260734558
Benign,Benign,0.19951403141021729
Benign,Benign,0.24234332144260406
Benign,Benign,0.19951403141021729
Benign,Benign,0.20134295523166656
Benign,Benign,0.20094260573387146
Benign,Benign,0.19951403141021729
Benign,Benign,0.22612449526786804
Benign,Benign,0.19999022781848907
Benign,Benign,0.19999022781848907
Benign,Benign,0.19951403141021729
Benign,Benign,0.20666132867336273
Benign,Benign,0.19951403141021729
Benign,Benign,0.20281660556793213
Benign,Benign,0.20309610664844513
Benign,Benign,0.19951403141021729
Benign,Benign,0.19999022781848907
Benign,Benign,0.19951403141021729
Benign,Benign,0.20379973948001862
Benign,Benign,0.19951403141021729
Benign,Benign,0.2020123302936554
Benign,Benign,0.20094260573387146
Benign,Benign,0.19951403141021729
Benign,Benign,0.19951403141021729
Benign,Benign,0.19951403141021729
Benign,Benign,0.19951403141021729
Benign,Benign,0.19951403141021729
Benign,Benign,0.19999022781848907
Benign,Benign,0.19951403141021729
Benign,Benign,0.19951403141021729
Benign,Benign,0.19999022781848907
Benign,Benign,0.19999022781848907
Benign,Benign,0.19999022781848907
Benign,Benign,0.19951403141021729
Benign,Benign,0.20812375843524933
Benign,Benign,0.20341724157333374
Benign,Benign,0.20344088971614838
Benign,Benign,0.2015998214483261
Benign,Benign,0.19999022781848907
Benign,Benign,0.20078380405902863
Benign,Benign,0.19951403141021729
Benign,Benign,0.19951403141021729
Benign,Benign,0.21361467242240906
Benign,Benign,0.20046640932559967
Benign,Benign,0.19951403141021729
Benign,Benign,0.19951403141021729
Benign,Benign,0.19951403141021729
Benign,Benign,0.19951403141021729
Benign,Benign,0.19951403141021729
Benign,Benign,0.2029508650302887
Benign,Benign,0.19951403141021729
Benign,Benign,0.22190725803375244
Benign,Benign,0.19951403141021729
Benign,Benign,0.20331329107284546
Benign,Benign,0.19951403141021729
Benign,Benign,0.20124287903308868
Benign,Benign,0.19951403141021729
Benign,Benign,0.19951403141021729
Benign,Benign,0.20765165984630585
Benign,Benign,0.19951403141021729
Benign,Benign,0.19999022781848907
Benign,Benign,0.20125998556613922
Benign,Benign,0.19951403141021729
Benign,Benign,0.19951403141021729
Benign,Benign,0.20147225260734558
Benign,Benign,0.20294106006622314
Benign,Benign,0.19951403141021729
Benign,Benign,0.19951403141021729
Benign,Benign,0.22773848474025726
Benign,Benign,0.20194843411445618
Benign,Benign,0.22205930948257446
Benign,Benign,0.2125186324119568
Benign,Benign,0.26637211441993713
Benign,Benign,0.19951403141021729
Benign,Benign,0.2093534916639328
Benign,Benign,0.20172426104545593
Benign,Benign,0.20046640932559967
Benign,Benign,0.20094260573387146
Benign,Benign,0.19951403141021729
Benign,Benign,0.19951403141021729
Benign,Benign,0.19951403141021729
Benign,Benign,0.19951403141021729
Benign,Benign,0.20105542242527008
Benign,Benign,0.20046640932559967
Benign,Benign,0.19951403141021729
Benign,Benign,0.20372280478477478
Benign,Benign,0.19999022781848907
Benign,Benign,0.20141878724098206
Benign,Benign,0.21340608596801758
Benign,Benign,0.20987468957901
Benign,Benign,0.20030760765075684
Benign,Benign,0.24494671821594238
Benign,Benign,0.2023879438638687
Benign,Benign,0.19951403141021729
Benign,Benign,0.19951403141021729
Benign,Benign,0.20094260573387146
Benign,Benign,0.2007666826248169
Benign,Benign,0.19951403141021729
Benign,Benign,0.19999022781848907
Benign,Benign,0.20252493023872375
Benign,Benign,0.19951403141021729
Benign,Benign,0.19999022781848907
Benign,Benign,0.19999022781848907
Benign,Benign,0.20128358900547028
Benign,Benign,0.20046640932559967
Benign,Benign,0.23975110054016113
Benign,Benign,0.19951403141021729
Benign,Benign,0.19951403141021729
Benign,Benign,0.19999022781848907
Benign,Benign,0.19951403141021729
Benign,Benign,0.20422722399234772
Benign,Benign,0.19999022781848907
Benign,Benign,0.19951403141021729
Benign,Benign,0.19959592819213867
Benign,Benign,0.19999022781848907
Benign,Benign,0.19951403141021729
Benign,Benign,0.23446591198444366
Benign,Benign,0.20046640932559967
Benign,Benign,0.19951403141021729
Benign,Benign,0.19951403141021729
Benign,Benign,0.20102450251579285
Benign,Benign,0.20141878724098206
Benign,Benign,0.19999022781848907
Benign,Benign,0.19999022781848907
Benign,Benign,0.19999022781848907
Benign,Benign,0.20997218787670135
Benign,Benign,0.19951403141021729
Benign,Benign,0.2145625501871109
Benign,Benign,0.2422194480895996
Benign,Benign,0.24599525332450867
Benign,Benign,0.20153161883354187
Benign,Benign,0.19951403141021729
Benign,Benign,0.19951403141021729
Benign,Benign,0.20094260573387146
Benign,Benign,0.20046640932559967
Benign,Benign,0.19951403141021729
Benign,Benign,0.19951403141021729
Benign,Benign,0.2118363082408905
Benign,Benign,0.20204874873161316
Benign,Benign,0.20268316566944122
Benign,Benign,0.21298187971115112
Benign,Benign,0.20094260573387146
Benign,Benign,0.19951403141021729
Benign,Benign,0.19951403141021729
Benign,Benign,0.19951403141021729
Benign,Benign,0.20046640932559967
Benign,Benign,0.19951403141021729
Benign,Benign,0.23977865278720856
Benign,Benign,0.19951403141021729
Benign,Benign,0.20128358900547028
Benign,Benign,0.20558667182922363
Benign,Benign,0.20453277230262756
Benign,Benign,0.20437797904014587
Benign,Benign,0.20379973948001862
Benign,Benign,0.19999022781848907
Benign,Benign,0.19999022781848907
Benign,Benign,0.19999022781848907
Benign,Benign,0.2029508650302887
Benign,Benign,0.19951403141021729
Benign,Benign,0.19951403141021729
Benign,Benign,0.20175978541374207
Benign,Benign,0.2610110938549042
Benign,Benign,0.20046640932559967
Benign,Benign,0.19999022781848907
Benign,Benign,0.19951403141021729
Benign,Benign,0.2009960561990738
Benign,Benign,0.19951403141021729
Benign,Benign,0.19999022781848907
Benign,Benign,0.20303009450435638
Benign,Benign,0.19951403141021729
Benign,Benign,0.19999022781848907
Benign,Benign,0.19951403141021729
Benign,Benign,0.19951403141021729
Benign,Benign,0.19951403141021729
Benign,Benign,0.19951403141021729
Benign,Benign,0.19951403141021729
Benign,Benign,0.19999022781848907
Benign,Benign,0.19951403141021729
Benign,Benign,0.20046640932559967
Benign,Benign,0.23056010901927948
Benign,Benign,0.27065083384513855
Benign,Benign,0.20007212460041046
Benign,Benign,0.20128358900547028
Benign,Benign,0.19999022781848907
Benign,Benign,0.19951403141021729
Benign,Benign,0.19999022781848907
Benign,Benign,0.19999022781848907
Benign,Benign,0.21738971769809723
Benign,Benign,0.19999022781848907
Benign,Benign,0.19951403141021729
Benign,Benign,0.19951403141021729
Benign,Benign,0.2051524817943573
Benign,Benign,0.19959592819213867
Benign,Benign,0.19951403141021729
Benign,Benign,0.19951403141021729
Benign,Benign,0.2123672068119049
Benign,Benign,0.20094260573387146
Benign,Benign,0.19951403141021729
Benign,Benign,0.19951403141021729
Benign,Benign,0.20229533314704895
Benign,Benign,0.202077716588974
Benign,Benign,0.20428037643432617
Benign,Benign,0.22630010545253754
Benign,Benign,0.24282141029834747
Benign,Benign,0.19951403141021729
Benign,Benign,0.20219501852989197
Benign,Benign,0.19999022781848907
Benign,Benign,0.20094260573387146
Benign,Benign,0.23213855922222137
Benign,Benign,0.19951403141021729
Benign,Benign,0.2659502327442169
Benign,Benign,0.19951403141021729
Benign,Benign,0.23478947579860687
Benign,Benign,0.19951403141021729
Benign,Benign,0.19999022781848907
Benign,Benign,0.19951403141021729
Benign,Benign,0.21719734370708466
Benign,Benign,0.19951403141021729
Benign,Benign,0.20094260573387146
Benign,Benign,0.19951403141021729
Benign,Benign,0.19951403141021729
Benign,Benign,0.19951403141021729
Benign,Benign,0.2090020328760147
Benign,Benign,0.20171883702278137
Benign,Benign,0.22967857122421265
Benign,Benign,0.20297804474830627
Benign,Benign,0.19951403141021729
Benign,Benign,0.2044714391231537
Benign,Benign,0.201736181974411
Benign,Benign,0.20046640932559967
Benign,Benign,0.19951403141021729
Benign,Benign,0.21259430050849915
Benign,Benign,0.19999022781848907
Benign,Benign,0.19951403141021729
Benign,Benign,0.20046640932559967
Benign,Benign,0.19999022781848907
Benign,Benign,0.21985773742198944
Benign,Benign,0.19951403141021729
Benign,Benign,0.19951403141021729
Benign,Benign,0.21325163543224335
Benign,Benign,0.23783276975154877
Benign,Benign,0.19951403141021729
Benign,Benign,0.2130584716796875
Benign,Benign,0.20277152955532074
Benign,Benign,0.20237118005752563
Benign,Benign,0.19951403141021729
Benign,Benign,0.24993975460529327
Benign,Benign,0.20962359011173248
Benign,Benign,0.19951403141021729
Benign,Benign,0.19951403141021729
Benign,Benign,0.19951403141021729
Benign,Benign,0.20570451021194458
Benign,Benign,0.19951403141021729
Benign,Benign,0.19999022781848907
Benign,Benign,0.2055692970752716
Benign,Benign,0.19951403141021729
Benign,Benign,0.19951403141021729
Benign,Benign,0.20350457727909088
Benign,Benign,0.2556397020816803
Benign,Benign,0.19951403141021729
Benign,Benign,0.19951403141021729
Benign,Benign,0.21204440295696259
Benign,Benign,0.19999022781848907
Benign,Benign,0.19999022781848907
Benign,Benign,0.20094260573387146
Benign,Benign,0.19951403141021729
Benign,Benign,0.20128358900547028
Benign,Benign,0.22417983412742615
Benign,Benign,0.20134295523166656
Benign,Benign,0.19951403141021729
Benign,Benign,0.20171883702278137
Benign,Benign,0.19959592819213867
Benign,Benign,0.19951403141021729
Benign,Benign,0.19951403141021729
Benign,Benign,0.20141878724098206
Benign,Benign,0.20046640932559967
Benign,Benign,0.19951403141021729
Benign,Benign,0.20318834483623505
Benign,Benign,0.20476101338863373
Benign,Benign,0.19951403141021729
Benign,Benign,0.20181915163993835
Benign,Benign,0.19999022781848907
Benign,Benign,0.2071576714515686
Benign,Benign,0.19951403141021729
Benign,Benign,0.20046640932559967
Benign,Benign,0.21126507222652435
Benign,Benign,0.19951403141021729
Benign,Benign,0.19951403141021729
Benign,Benign,0.19999022781848907
Benign,Benign,0.19951403141021729
Benign,Benign,0.20180490612983704
Benign,Benign,0.22632819414138794
Benign,Benign,0.19951403141021729
Benign,Benign,0.19951403141021729
Benign,Benign,0.19951403141021729
Benign,Benign,0.20141878724098206
Benign,Benign,0.20664361119270325
Benign,Benign,0.19951403141021729
Benign,Benign,0.4999809265136719
Benign,Benign,0.20046640932559967
Benign,Benign,0.19999022781848907
Benign,Benign,0.20409978926181793
Benign,Benign,0.19951403141021729
Benign,Benign,0.19999022781848907
Benign,Benign,0.19951403141021729
Benign,Benign,0.19999022781848907
Benign,Benign,0.19951403141021729
Benign,Benign,0.19951403141021729
Benign,Benign,0.19999022781848907
Benign,Benign,0.20389343798160553
Benign,Benign,0.19999022781848907
Benign,Benign,0.20102450251579285
Benign,Benign,0.20175978541374207
Benign,Benign,0.2889787256717682
Benign,Benign,0.19999022781848907
Benign,Benign,0.20153161883354187
Benign,Benign,0.21332690119743347
Benign,Benign,0.20128358900547028
Benign,Benign,0.20494131743907928
Benign,Benign,0.19951403141021729
Benign,Benign,0.19951403141021729
Benign,Benign,0.19951403141021729
Benign,Benign,0.19999022781848907
Benign,Benign,0.19951403141021729
Benign,Benign,0.19951403141021729
Benign,Benign,0.19951403141021729
Benign,Benign,0.19951403141021729
Benign,Benign,0.22011612355709076
Benign,Benign,0.19951403141021729
Benign,Benign,0.19951403141021729
Benign,Benign,0.19951403141021729
Benign,Benign,0.19951403141021729
Benign,Benign,0.19951403141021729
Benign,Benign,0.20128358900547028
Benign,Benign,0.20141878724098206
Benign,Benign,0.22767946124076843
Benign,Benign,0.19951403141021729
Benign,Benign,0.19951403141021729
Benign,Benign,0.25005245208740234
Benign,Benign,0.23948152363300323
Benign,Benign,0.19951403141021729
Benign,Benign,0.19999022781848907
Benign,Benign,0.20141878724098206
Benign,Benign,0.21140941977500916
Benign,Benign,0.19951403141021729
Benign,Benign,0.20436221361160278
Benign,Benign,0.22698011994361877
Benign,Benign,0.20228108763694763
Benign,Benign,0.22075140476226807
Benign,Benign,0.20204874873161316
Benign,Benign,0.19999022781848907
Benign,Benign,0.20046640932559967
Benign,Benign,0.2026963233947754
Benign,Benign,0.20134295523166656
Benign,Benign,0.19951403141021729
Benign,Benign,0.2167131006717682
Benign,Benign,0.20046640932559967
Benign,Benign,0.19999022781848907
Benign,Benign,0.19951403141021729
Benign,Benign,0.19951403141021729
Benign,Benign,0.21869955956935883
Benign,Benign,0.20397844910621643
Benign,Benign,0.19951403141021729
Benign,Benign,0.20770767331123352
Benign,Benign,0.19951403141021729
Benign,Benign,0.20175978541374207
Benign,Benign,0.19951403141021729
Benign,Benign,0.19951403141021729
Benign,Benign,0.20094260573387146
Benign,Benign,0.22911874949932098
Benign,Benign,0.20626495778560638
Benign,Benign,0.19951403141021729
Benign,Benign,0.21467778086662292
Benign,Benign,0.22263263165950775
Benign,Benign,0.19999022781848907
Benign,Benign,0.19951403141021729
Benign,Benign,0.19951403141021729
Benign,Benign,0.22922688722610474
Benign,Benign,0.19951403141021729
Benign,Benign,0.19999022781848907
Benign,Benign,0.2105911672115326
Benign,Benign,0.20046640932559967
Benign,Benign,0.19951403141021729
Benign,Benign,0.19951403141021729
Benign,Benign,0.19951403141021729
Benign,Benign,0.19999022781848907
Benign,Benign,0.19999022781848907
Benign,Benign,0.19951403141021729
Benign,Benign,0.19951403141021729
Benign,Benign,0.19951403141021729
Benign,Benign,0.19959592819213867
Benign,Benign,0.19951403141021729
Benign,Benign,0.20175978541374207
Benign,Benign,0.20763856172561646
Benign,Benign,0.19959592819213867
Benign,Benign,0.218282088637352
Benign,Benign,0.19951403141021729
Benign,Benign,0.20180490612983704
Benign,Benign,0.19999022781848907
Benign,Benign,0.19951403141021729
Benign,Benign,0.20308563113212585
Benign,Benign,0.19951403141021729
Benign,Benign,0.20046640932559967
Benign,Benign,0.19951403141021729
Benign,Benign,0.19951403141021729
Benign,Benign,0.20792844891548157
Benign,Benign,0.20046640932559967
Benign,Benign,0.19951403141021729
Benign,Benign,0.21200604736804962
Benign,Benign,0.19951403141021729
Benign,Benign,0.19951403141021729
Benign,Benign,0.19999022781848907
Benign,Benign,0.20102450251579285
Benign,Benign,0.21299540996551514
Benign,Benign,0.19951403141021729
Benign,Benign,0.20219525694847107
Benign,Benign,0.19951403141021729
Benign,Benign,0.19951403141021729
Benign,Benign,0.19951403141021729
Benign,Benign,0.19951403141021729
Benign,Benign,0.19951403141021729
Benign,Benign,0.19951403141021729
Benign,Benign,0.20223596692085266
Benign,Benign,0.19951403141021729
Benign,Benign,0.19999022781848907
Benign,Benign,0.2114749252796173
Benign,Benign,0.22307491302490234
Benign,Benign,0.19999022781848907
Benign,Benign,0.21737372875213623
Benign,Benign,0.20134295523166656
Benign,Benign,0.20237118005752563
Benign,Benign,0.19951403141021729
Benign,Benign,0.20046640932559967
Benign,Benign,0.19951403141021729
Benign,Benign,0.20215827226638794
Benign,Benign,0.20046640932559967
Benign,Benign,0.19951403141021729
Benign,Benign,0.20094260573387146
Benign,Benign,0.19951403141021729
Benign,Benign,0.20408682525157928
Benign,Benign,0.20237118005752563
Benign,Benign,0.2278572916984558
Benign,Benign,0.19951403141021729
Benign,Benign,0.20049171149730682
Benign,Benign,0.20717447996139526
Benign,Benign,0.2904345393180847
Benign,Benign,0.20527279376983643
Benign,Benign,0.19951403141021729
Benign,Benign,0.20200780034065247
Benign,Benign,0.19999022781848907
Benign,Benign,0.21463465690612793
Benign,Benign,0.19951403141021729
Benign,Benign,0.20956775546073914
Benign,Benign,0.19951403141021729
Benign,Benign,0.20197688043117523
Benign,Benign,0.19999022781848907
Benign,Benign,0.20180490612983704
Benign,Benign,0.19999022781848907
Benign,Benign,0.19999022781848907
Benign,Benign,0.20200780034065247
Benign,Benign,0.22667135298252106
Benign,Benign,0.2184721976518631
Benign,Benign,0.19951403141021729
Benign,Benign,0.20046640932559967
Benign,Benign,0.19951403141021729
Benign,Benign,0.2317047417163849
Benign,Benign,0.19951403141021729
Benign,Benign,0.20197688043117523
Benign,Benign,0.2009960561990738
Benign,Benign,0.19999022781848907
Benign,Benign,0.20484581589698792
Benign,Benign,0.19951403141021729
Benign,Benign,0.20128358900547028
Benign,Benign,0.19951403141021729
Benign,Benign,0.19999022781848907
Benign,Benign,0.19999022781848907
Benign,Benign,0.20094260573387146
Benign,Benign,0.22468876838684082
Benign,Benign,0.19951403141021729
Benign,Benign,0.19951403141021729
Benign,Benign,0.23896192014217377
Benign,Benign,0.19951403141021729
Benign,Benign,0.19999022781848907
Benign,Benign,0.19951403141021729
Benign,Benign,0.288601815700531
Benign,Benign,0.19951403141021729
Benign,Benign,0.19999022781848907
Benign,Benign,0.19951403141021729
Benign,Benign,0.19999022781848907
Benign,Benign,0.2037622034549713
Benign,Benign,0.19951403141021729
Benign,Benign,0.2111879587173462
Benign,Benign,0.19999022781848907
Benign,Benign,0.19951403141021729
Benign,Benign,0.19951403141021729
Benign,Benign,0.4185284972190857
Benign,Benign,0.22513391077518463
Benign,Benign,0.20223596692085266
Benign,Benign,0.19999022781848907
Benign,Benign,0.19951403141021729
Benign,Benign,0.20366491377353668
Benign,Benign,0.19999022781848907
Benign,Benign,0.19951403141021729
Benign,Benign,0.20094260573387146
Benign,Benign,0.20914658904075623
Benign,Benign,0.19951403141021729
Benign,Benign,0.20105542242527008
Benign,Benign,0.2129533439874649
Benign,Benign,0.20046640932559967
Benign,Benign,0.19951403141021729
Benign,Benign,0.19951403141021729
Benign,Benign,0.20760735869407654
Benign,Benign,0.20046640932559967
Benign,Benign,0.19951403141021729
Benign,Benign,0.19951403141021729
Benign,Benign,0.19951403141021729
Benign,Benign,0.19951403141021729
Benign,Benign,0.19999022781848907
Benign,Benign,0.20570895075798035
Benign,Benign,0.19962845742702484
Benign,Benign,0.19951403141021729
Benign,Benign,0.19999022781848907
Benign,Benign,0.19951403141021729
Benign,Benign,0.19951403141021729
Benign,Benign,0.19951403141021729
Benign,Benign,0.19951403141021729
Benign,Benign,0.24025487899780273
Benign,Benign,0.21082404255867004
Benign,Benign,0.21423660218715668
Benign,Benign,0.19999022781848907
Benign,Benign,0.19951403141021729
Benign,Benign,0.27100008726119995
Benign,Benign,0.20918025076389313
Benign,Benign,0.2042921781539917
Benign,Benign,0.20671048760414124
Benign,Benign,0.19951403141021729
Benign,Benign,0.25365057587623596
Benign,Benign,0.20141878724098206
Benign,Benign,0.19951403141021729
Benign,Benign,0.19951403141021729
Benign,Benign,0.2020123302936554
Benign,Benign,0.20479951798915863
Benign,Benign,0.19951403141021729
Benign,Benign,0.22216401994228363
Benign,Benign,0.19999022781848907
Benign,Benign,0.2265106588602066
Benign,Benign,0.2540205121040344
Benign,Benign,0.19951403141021729
Benign,Benign,0.19951403141021729
Benign,Benign,0.19951403141021729
Benign,Benign,0.19999022781848907
Benign,Benign,0.2286243587732315
Benign,Benign,0.19951403141021729
Benign,Benign,0.19951403141021729
Benign,Benign,0.20398077368736267
Benign,Benign,0.19951403141021729
Benign,Benign,0.20175978541374207
Benign,Benign,0.19951403141021729
Benign,Benign,0.19951403141021729
Benign,Benign,0.19951403141021729
Benign,Benign,0.20290081202983856
Benign,Benign,0.2009960561990738
Benign,Benign,0.19951403141021729
Benign,Benign,0.19951403141021729
Benign,Benign,0.2015363723039627
Benign,Benign,0.19951403141021729
Benign,Benign,0.19951403141021729
Benign,Benign,0.19999022781848907
Benign,Benign,0.20194843411445618
Benign,Benign,0.22304052114486694
Benign,Benign,0.19951403141021729
Benign,Benign,0.20128358900547028
Benign,Benign,0.2068987786769867
Benign,Benign,0.20046640932559967
Benign,Benign,0.19951403141021729
Benign,Benign,0.19951403141021729
Benign,Benign,0.19951403141021729
Benign,Benign,0.2321619987487793
Benign,Benign,0.19951403141021729
Benign,Benign,0.22588105499744415
Benign,Benign,0.19951403141021729
Benign,Benign,0.19951403141021729
Benign,Benign,0.19999022781848907
Benign,Benign,0.22469663619995117
Benign,Benign,0.19951403141021729
Benign,Benign,0.19951403141021729
Benign,Benign,0.20147225260734558
Benign,Benign,0.19999022781848907
Benign,Benign,0.19999022781848907
Benign,Benign,0.19951403141021729
Benign,Benign,0.19951403141021729
Benign,Benign,0.19951403141021729
Benign,Benign,0.19951403141021729
Benign,Benign,0.19951403141021729
Benign,Benign,0.21105889976024628
Benign,Benign,0.20141878724098206
Benign,Benign,0.20037630200386047
Benign,Benign,0.19951403141021729
Benign,Benign,0.21302640438079834
Benign,Benign,0.19959592819213867
Benign,Benign,0.20277152955532074
Benign,Benign,0.2345179170370102
Benign,Benign,0.20046640932559967
Benign,Benign,0.19951403141021729
Benign,Benign,0.22818580269813538
Benign,Benign,0.19951403141021729
Benign,Benign,0.2355341613292694
Benign,Benign,0.21704579889774323
Benign,Benign,0.19999022781848907
Benign,Benign,0.19999022781848907
Benign,Benign,0.22302980720996857
Benign,Benign,0.19951403141021729
Benign,Benign,0.20180091261863708
Benign,Benign,0.19999022781848907
Benign,Benign,0.19999022781848907
Benign,Benign,0.19951403141021729
Benign,Benign,0.19999022781848907
Benign,Benign,0.21160075068473816
Benign,Benign,0.21942847967147827
Benign,Benign,0.19951403141021729
Benign,Benign,0.20175978541374207
Benign,Benign,0.19951403141021729
Benign,Benign,0.20054830610752106
Benign,Benign,0.19951403141021729
Benign,Benign,0.20046640932559967
Benign,Benign,0.19951403141021729
Benign,Benign,0.19951403141021729
Benign,Benign,0.2034982591867447
Benign,Benign,0.19951403141021729
Benign,Benign,0.2554076611995697
Benign,Benign,0.20046640932559967
Benign,Benign,0.19951403141021729
Benign,Benign,0.20251311361789703
Benign,Benign,0.19951403141021729
Benign,Benign,0.19951403141021729
Benign,Benign,0.19951403141021729
Benign,Benign,0.19951403141021729
Benign,Benign,0.19999022781848907
Benign,Benign,0.19951403141021729
Benign,Benign,0.19951403141021729
Benign,Benign,0.19951403141021729
Benign,Benign,0.19951403141021729
Benign,Benign,0.20242463052272797
Benign,Benign,0.19951403141021729
Benign,Benign,0.19951403141021729
Benign,Benign,0.19951403141021729
Benign,Benign,0.19999022781848907
Benign,Benign,0.20046640932559967
Benign,Benign,0.20141878724098206
Benign,Benign,0.2055692970752716
Benign,Benign,0.23129691183567047
Benign,Benign,0.19951403141021729
Benign,Benign,0.22502100467681885
Benign,Benign,0.20046640932559967
Benign,Benign,0.20303009450435638
Benign,Benign,0.20094260573387146
Benign,Benign,0.20078380405902863
Benign,Benign,0.20175978541374207
Benign,Benign,0.20046640932559967
Benign,Benign,0.19951403141021729
Benign,Benign,0.2048606127500534
Benign,Benign,0.20128358900547028
Benign,Benign,0.204320028424263
Benign,Benign,0.22338862717151642
Benign,Benign,0.20094260573387146
Benign,Benign,0.19999022781848907
Benign,Benign,0.20030760765075684
Benign,Benign,0.19999022781848907
Benign,Benign,0.19951403141021729
Benign,Benign,0.21290090680122375
Benign,Benign,0.20094260573387146
Benign,Benign,0.22895242273807526
Benign,Benign,0.22869586944580078
Benign,Benign,0.2020123302936554
Benign,Benign,0.20175978541374207
Benign,Benign,0.2271474003791809
Benign,Benign,0.20124264061450958
Benign,Benign,0.19999022781848907
Benign,Benign,0.20290489494800568
Benign,Benign,0.20094260573387146
Benign,Benign,0.20302839577198029
Benign,Benign,0.19999022781848907
Benign,Benign,0.19951403141021729
Benign,Benign,0.19951403141021729
Benign,Benign,0.19951403141021729
Benign,Benign,0.2020125687122345
Benign,Benign,0.19999022781848907
Benign,Benign,0.2123059630393982
Benign,Benign,0.19951403141021729
Benign,Benign,0.2246522456407547
Benign,Benign,0.2045041173696518
Benign,Benign,0.19951403141021729
Benign,Benign,0.19999022781848907
Benign,Benign,0.19951403141021729
Benign,Benign,0.19951403141021729
Benign,Benign,0.19951403141021729
Benign,Benign,0.19999022781848907
Benign,Benign,0.19951403141021729
Benign,Benign,0.19999022781848907
Benign,Benign,0.19951403141021729
Benign,Benign,0.23497538268566132
Benign,Benign,0.2048218846321106
Benign,Benign,0.20514576137065887
Benign,Benign,0.2013339400291443
Benign,Benign,0.20194843411445618
Benign,Benign,0.19999022781848907
Benign,Benign,0.19951403141021729
Benign,Benign,0.22754979133605957
Benign,Benign,0.20094260573387146
Benign,Benign,0.21885117888450623
Benign,Benign,0.19951403141021729
Benign,Benign,0.23396041989326477
Benign,Benign,0.19951403141021729
Benign,Benign,0.20152491331100464
Benign,Benign,0.20171906054019928
Benign,Benign,0.19951403141021729
Benign,Benign,0.19951403141021729
Benign,Benign,0.2386840283870697
Benign,Benign,0.20379973948001862
Benign,Benign,0.19951403141021729
Benign,Benign,0.19951403141021729
Benign,Benign,0.20403198897838593
Benign,Benign,0.19951403141021729
Benign,Benign,0.2008577436208725
Benign,Benign,0.20284736156463623
Benign,Benign,0.19951403141021729
Benign,Benign,0.2075386494398117
Benign,Benign,0.19951403141021729
Benign,Benign,0.20770767331123352
Benign,Benign,0.2149517834186554
Benign,Benign,0.19951403141021729
Benign,Benign,0.19951403141021729
Benign,Benign,0.19999022781848907
Benign,Benign,0.2009960561990738
Benign,Benign,0.19951403141021729
Benign,Benign,0.19951403141021729
Benign,Benign,0.20223596692085266
Benign,Benign,0.20094260573387146
Benign,Benign,0.2058500200510025
Benign,Benign,0.19999022781848907
Benign,Benign,0.20290900766849518
Benign,Benign,0.2128642350435257
Benign,Benign,0.2279992252588272
Benign,Benign,0.19999022781848907
Benign,Benign,0.20917192101478577
Benign,Benign,0.2277417927980423
Benign,Benign,0.2022123634815216
Benign,Benign,0.19959592819213867
Benign,Benign,0.2047499120235443
Benign,Benign,0.2111373394727707
Benign,Benign,0.19951403141021729
Benign,Benign,0.20046640932559967
Benign,Benign,0.20046640932559967
Benign,Benign,0.2133214771747589
Benign,Benign,0.20046640932559967
Benign,Benign,0.19951403141021729
Benign,Benign,0.20388400554656982
Benign,Benign,0.2034817487001419
Benign,Benign,0.20372390747070312
Benign,Benign,0.19951403141021729
Benign,Benign,0.20324771106243134
Benign,Benign,0.19951403141021729
Benign,Benign,0.19951403141021729
Benign,Benign,0.19999022781848907
Benign,Benign,0.34250038862228394
Benign,Benign,0.219517320394516
Benign,Benign,0.2015361338853836
Benign,Benign,0.22060029208660126
Benign,Benign,0.21572943031787872
Benign,Benign,0.21595704555511475
Benign,Benign,0.19951403141021729
Benign,Benign,0.23907127976417542
Benign,Benign,0.20134295523166656
Benign,Benign,0.19951403141021729
Benign,Benign,0.23541732132434845
Benign,Benign,0.19999022781848907
Benign,Benign,0.20249351859092712
Benign,Benign,0.19951403141021729
Benign,Benign,0.19951403141021729
Benign,Benign,0.19999022781848907
Benign,Benign,0.19951403141021729
Benign,Benign,0.19951403141021729
Benign,Benign,0.19999022781848907
Benign,Benign,0.2023005485534668
Benign,Benign,0.19951403141021729
Benign,Benign,0.20267121493816376
Benign,Benign,0.20474699139595032
Benign,Benign,0.20094260573387146
Benign,Benign,0.20347657799720764
Benign,Benign,0.19951403141021729
Benign,Benign,0.20175978541374207
Benign,Benign,0.20346906781196594
Benign,Benign,0.20138807594776154
Benign,Benign,0.20141878724098206
Benign,Benign,0.19951403141021729
Benign,Benign,0.2029697149991989
Benign,Benign,0.33051592111587524
Benign,Benign,0.20290081202983856
Benign,Benign,0.20046640932559967
Benign,Benign,0.19999022781848907
Benign,Benign,0.20181915163993835
Benign,Benign,0.21555058658123016
Benign,Benign,0.20094260573387146
Benign,Benign,0.19951403141021729
Benign,Benign,0.20378118753433228
Benign,Benign,0.27120643854141235
Benign,Benign,0.20007212460041046
Benign,Benign,0.19951403141021729
Benign,Benign,0.19951403141021729
Benign,Benign,0.20046640932559967
Benign,Benign,0.2029895782470703
Benign,Benign,0.19951403141021729
Benign,Benign,0.20366454124450684
Benign,Benign,0.2519897222518921
Benign,Benign,0.19951403141021729
Benign,Benign,0.19951403141021729
Benign,Benign,0.19951403141021729
Benign,Benign,0.20134295523166656
Benign,Benign,0.19951403141021729
Benign,Benign,0.2119588702917099
Benign,Benign,0.19999022781848907
Benign,Benign,0.2084934562444687
Benign,Benign,0.20229533314704895
Benign,Benign,0.19999022781848907
Benign,Benign,0.19951403141021729
Benign,Benign,0.24372583627700806
Benign,Benign,0.19951403141021729
Benign,Benign,0.20395350456237793
Benign,Benign,0.21548697352409363
Benign,Benign,0.20054830610752106
Benign,Benign,0.19999022781848907
Benign,Benign,0.20444302260875702
Benign,Benign,0.21929484605789185
Benign,Benign,0.1999053657054901
Benign,Benign,0.21376129984855652
Benign,Benign,0.19951403141021729
Benign,Benign,0.19999022781848907
Benign,Benign,0.20046640932559967
Benign,Benign,0.19951403141021729
Benign,Benign,0.21677438914775848
Benign,Benign,0.20430150628089905
Benign,Benign,0.2068246603012085
Benign,Benign,0.19951403141021729
Benign,Benign,0.19951403141021729
Benign,Benign,0.20046640932559967
Benign,Benign,0.20929959416389465
Benign,Benign,0.19999022781848907
Benign,Benign,0.20252978801727295
Benign,Benign,0.20175978541374207
Benign,Benign,0.19951403141021729
Benign,Benign,0.19951403141021729
Benign,Benign,0.20046640932559967
Benign,Benign,0.20128358900547028
Benign,Benign,0.19951403141021729
Benign,Benign,0.20761534571647644
Benign,Benign,0.19951403141021729
Benign,Benign,0.20046640932559967
Benign,Benign,0.20141878724098206
Benign,Benign,0.20175978541374207
Benign,Benign,0.20046640932559967
Benign,Benign,0.19951403141021729
Benign,Benign,0.19951403141021729
Benign,Benign,0.20175978541374207
Benign,Benign,0.19999022781848907
Benign,Benign,0.19951403141021729
Benign,Benign,0.19951403141021729
Benign,Benign,0.314348042011261
Benign,Benign,0.20094260573387146
Benign,Benign,0.20046640932559967
Benign,Benign,0.20128358900547028
Benign,Benign,0.20046640932559967
Benign,Benign,0.20094260573387146
Benign,Benign,0.20105542242527008
Benign,Benign,0.20435412228107452
Benign,Benign,0.2007666826248169
Benign,Benign,0.2053506225347519
Benign,Benign,0.19951403141021729
Benign,Benign,0.19951403141021729
Benign,Benign,0.19999022781848907
Benign,Benign,0.20078380405902863
Benign,Benign,0.2024887502193451
Benign,Benign,0.19999022781848907
Benign,Benign,0.19951403141021729
Benign,Benign,0.19951403141021729
Benign,Benign,0.19951403141021729
Benign,Benign,0.20505216717720032
Benign,Benign,0.19951403141021729
Benign,Benign,0.19999022781848907
Benign,Benign,0.19951403141021729
Benign,Benign,0.19951403141021729
Benign,Benign,0.23469071090221405
Benign,Benign,0.19951403141021729
Benign,Benign,0.21760310232639313
Benign,Benign,0.19999022781848907
Benign,Benign,0.20141878724098206
Benign,Benign,0.20128358900547028
Benign,Benign,0.19951403141021729
Benign,Benign,0.20030760765075684
Benign,Benign,0.19951403141021729
Benign,Benign,0.19951403141021729
Benign,Benign,0.19951403141021729
Benign,Benign,0.19999022781848907
Benign,Benign,0.19951403141021729
Benign,Benign,0.1999053657054901
Benign,Benign,0.2047521322965622
Benign,Benign,0.19951403141021729
Benign,Benign,0.20134295523166656
Benign,Benign,0.34838297963142395
Benign,Benign,0.20330500602722168
Benign,Benign,0.20903387665748596
Benign,Benign,0.2171275019645691
Benign,Benign,0.19951403141021729
Benign,Benign,0.19999022781848907
Benign,Benign,0.19951403141021729
Benign,Benign,0.20046640932559967
Benign,Benign,0.20523475110530853
Benign,Benign,0.19951403141021729
Benign,Benign,0.23555046319961548
Benign,Benign,0.2009960561990738
Benign,Benign,0.20105542242527008
Benign,Benign,0.2014085352420807
Benign,Benign,0.20094260573387146
Benign,Benign,0.19951403141021729
Benign,Benign,0.204780712723732
Benign,Benign,0.19999022781848907
Benign,Benign,0.19951403141021729
Benign,Benign,0.19951403141021729
Benign,Benign,0.20636571943759918
Benign,Benign,0.19951403141021729
Benign,Benign,0.19999022781848907
Benign,Benign,0.20046640932559967
Benign,Benign,0.19951403141021729
Benign,Benign,0.20128358900547028
Benign,Benign,0.20030760765075684
Benign,Benign,0.19951403141021729
Benign,Benign,0.19951403141021729
Benign,Benign,0.20427502691745758
Benign,Benign,0.20094260573387146
Benign,Benign,0.21203842759132385
Benign,Benign,0.2229176163673401
Benign,Benign,0.2438487559556961
Benign,Benign,0.19999022781848907
Benign,Benign,0.19951403141021729
Benign,Benign,0.20124264061450958
Benign,Benign,0.20138803124427795
Benign,Benign,0.20197688043117523
Benign,Benign,0.23235255479812622
Benign,Benign,0.20153161883354187
Benign,Benign,0.20141878724098206
Benign,Benign,0.19951403141021729
Benign,Benign,0.19951403141021729
Benign,Benign,0.20407018065452576
Benign,Benign,0.19951403141021729
Benign,Benign,0.19951403141021729
Benign,Benign,0.20128358900547028
Benign,Benign,0.19951403141021729
Benign,Benign,0.19951403141021729
Benign,Benign,0.19951403141021729
Benign,Benign,0.19999022781848907
Benign,Benign,0.2805422246456146
Benign,Benign,0.19951403141021729
Benign,Benign,0.19951403141021729
Benign,Benign,0.19999022781848907
Benign,Benign,0.19951403141021729
Benign,Benign,0.19951403141021729
Benign,Benign,0.21286173164844513
Benign,Benign,0.20318834483623505
Benign,Benign,0.19999022781848907
Benign,Benign,0.19999022781848907
Benign,Benign,0.20153161883354187
Benign,Benign,0.19999022781848907
Benign,Benign,0.20141878724098206
Benign,Benign,0.19999022781848907
Benign,Benign,0.19951403141021729
Benign,Benign,0.24155202507972717
Benign,Benign,0.19951403141021729
Benign,Benign,0.19951403141021729
Benign,Benign,0.2114401012659073
Benign,Benign,0.19951403141021729
Benign,Benign,0.19951403141021729
Benign,Benign,0.2341676652431488
Benign,Benign,0.20380419492721558
Benign,Benign,0.19999022781848907
Benign,Benign,0.21289551258087158
Benign,Benign,0.20705723762512207
Benign,Benign,0.19951403141021729
Benign,Benign,0.21081534028053284
Benign,Benign,0.19951403141021729
Benign,Benign,0.19951403141021729
Benign,Benign,0.19951403141021729
Benign,Benign,0.22341689467430115
Benign,Benign,0.19951403141021729
Benign,Benign,0.20037630200386047
Benign,Benign,0.20124264061450958
Benign,Benign,0.2023879438638687
Benign,Benign,0.19951403141021729
Benign,Benign,0.19951403141021729
Benign,Benign,0.19951403141021729
Benign,Benign,0.21075424551963806
Benign,Benign,0.19951403141021729
Benign,Benign,0.19951403141021729
Benign,Benign,0.20893830060958862
Benign,Benign,0.20141878724098206
Benign,Benign,0.23651085793972015
Benign,Benign,0.19951403141021729
Benign,Benign,0.2327101081609726
Benign,Benign,0.20314763486385345
Benign,Benign,0.19951403141021729
Benign,Benign,0.20046640932559967
Benign,Benign,0.2233385592699051
Benign,Benign,0.20094260573387146
Benign,Benign,0.19951403141021729
Benign,Benign,0.19951403141021729
Benign,Benign,0.19951403141021729
Benign,Benign,0.19999022781848907
Benign,Benign,0.20150068402290344
Benign,Benign,0.19959592819213867
Benign,Benign,0.2085166871547699
Benign,Benign,0.19951403141021729
Benign,Benign,0.20356181263923645
Benign,Benign,0.2536061704158783
Benign,Benign,0.20248399674892426
Benign,Benign,0.2115096002817154
Benign,Benign,0.20661421120166779
Benign,Benign,0.21289493143558502
Benign,Benign,0.19951403141021729
Benign,Benign,0.19999022781848907
Benign,Benign,0.19951403141021729
Benign,Benign,0.20324771106243134
Benign,Benign,0.20128358900547028
Benign,Benign,0.20271216332912445
Benign,Benign,0.2998811900615692
Benign,Benign,0.19951403141021729
Benign,Benign,0.20851923525333405
Benign,Benign,0.19951403141021729
Benign,Benign,0.19951403141021729
Benign,Benign,0.20237118005752563
Benign,Benign,0.20046640932559967
Benign,Benign,0.22364813089370728
Benign,Benign,0.2121371030807495
Benign,Benign,0.2039220929145813
Benign,Benign,0.19999022781848907
Benign,Benign,0.19951403141021729
Benign,Benign,0.24897772073745728
Benign,Benign,0.19951403141021729
Benign,Benign,0.20633062720298767
Benign,Benign,0.20249351859092712
Benign,Benign,0.19951403141021729
Benign,Benign,0.19999022781848907
Benign,Benign,0.20046640932559967
Benign,Benign,0.19951403141021729
Benign,Benign,0.2082127332687378
Benign,Benign,0.19951403141021729
Benign,Benign,0.20046640932559967
Benign,Benign,0.19999022781848907
Benign,Benign,0.19951403141021729
Benign,Benign,0.19951403141021729
Benign,Benign,0.20277152955532074
Benign,Benign,0.2150927186012268
Benign,Benign,0.20378948748111725
Benign,Benign,0.2025521993637085
Benign,Benign,0.2089446783065796
Benign,Benign,0.2015361338853836
Benign,Benign,0.23882414400577545
Benign,Benign,0.21669001877307892
Benign,Benign,0.19951403141021729
Benign,Benign,0.20229533314704895
Benign,Benign,0.19951403141021729
Benign,Benign,0.19951403141021729
Benign,Benign,0.19951403141021729
Benign,Benign,0.19951403141021729
Benign,Benign,0.19951403141021729
Benign,Benign,0.20046640932559967
Benign,Benign,0.20951847732067108
Benign,Benign,0.19999022781848907
Benign,Benign,0.27074551582336426
Benign,Benign,0.22025202214717865
Benign,Benign,0.2308940291404724
Benign,Benign,0.19951403141021729
Benign,Benign,0.19999022781848907
Benign,Benign,0.19951403141021729
Benign,Benign,0.19951403141021729
Benign,Benign,0.19951403141021729
Benign,Benign,0.20078380405902863
Benign,Benign,0.19951403141021729
Benign,Benign,0.19999022781848907
Benign,Benign,0.19951403141021729
Benign,Benign,0.19999022781848907
Benign,Benign,0.23309309780597687
Benign,Benign,0.19951403141021729
Benign,Benign,0.19999022781848907
Benign,Benign,0.22168725728988647
Benign,Benign,0.19951403141021729
Benign,Benign,0.19951403141021729
Benign,Benign,0.19959592819213867
Benign,Benign,0.19999022781848907
Benign,Benign,0.19951403141021729
Benign,Benign,0.4399135112762451
Benign,Benign,0.19951403141021729
Benign,Benign,0.19999022781848907
Benign,Benign,0.19999022781848907
Benign,Benign,0.20344866812229156
Benign,Benign,0.19951403141021729
Benign,Benign,0.24775275588035583
Benign,Benign,0.2451821118593216
Benign,Benign,0.19951403141021729
Benign,Benign,0.24659164249897003
Benign,Benign,0.19999022781848907
Benign,Benign,0.19999022781848907
Benign,Benign,0.20175978541374207
Benign,Benign,0.2027425616979599
Benign,Benign,0.19951403141021729
Benign,Benign,0.19951403141021729
Benign,Benign,0.19951403141021729
Benign,Benign,0.20141878724098206
Benign,Benign,0.2256094068288803
Benign,Benign,0.20204874873161316
Benign,Benign,0.20390179753303528
Benign,Benign,0.19951403141021729
Benign,Benign,0.20355580747127533
Benign,Benign,0.19951403141021729
Benign,Benign,0.19951403141021729
Benign,Benign,0.21578477323055267
Benign,Benign,0.20323346555233002
Benign,Benign,0.19951403141021729
Benign,Benign,0.20147225260734558
Benign,Benign,0.20316475629806519
Benign,Benign,0.19999022781848907
Benign,Benign,0.19951403141021729
Benign,Benign,0.19951403141021729
Benign,Benign,0.19951403141021729
Benign,Benign,0.19999022781848907
Benign,Benign,0.19951403141021729
Benign,Benign,0.19951403141021729
Benign,Benign,0.19999022781848907
Benign,Benign,0.19951403141021729
Benign,Benign,0.19951403141021729
Benign,Benign,0.2026885598897934
Benign,Benign,0.19951403141021729
Benign,Benign,0.27427157759666443
Benign,Benign,0.19951403141021729
Benign,Benign,0.19951403141021729
Benign,Benign,0.20200780034065247
Benign,Benign,0.19951403141021729
Benign,Benign,0.19999022781848907
Benign,Benign,0.19951403141021729
Benign,Benign,0.19951403141021729
Benign,Benign,0.19999022781848907
Benign,Benign,0.19999022781848907
Benign,Benign,0.19951403141021729
Benign,Benign,0.20046640932559967
Benign,Benign,0.20197688043117523
Benign,Benign,0.24181392788887024
Benign,Benign,0.19951403141021729
Benign,Benign,0.19951403141021729
Benign,Benign,0.2749308943748474
Benign,Benign,0.20094260573387146
Benign,Benign,0.19951403141021729
Benign,Benign,0.2173084169626236
Benign,Benign,0.20046640932559967
Benign,Benign,0.19951403141021729
Benign,Benign,0.19999022781848907
Benign,Benign,0.21480968594551086
Benign,Benign,0.19999022781848907
Benign,Benign,0.2243078052997589
Benign,Benign,0.19951403141021729
Benign,Benign,0.20094260573387146
Benign,Benign,0.20237213373184204
Benign,Benign,0.19951403141021729
Benign,Benign,0.2025521993637085
Benign,Benign,0.19951403141021729
Benign,Benign,0.19951403141021729
Benign,Benign,0.19951403141021729
Benign,Benign,0.24645911157131195
Benign,Benign,0.2029697149991989
Benign,Benign,0.19999022781848907
Benign,Benign,0.19951403141021729
Benign,Benign,0.19951403141021729
Benign,Benign,0.19951403141021729
Benign,Benign,0.19951403141021729
Benign,Benign,0.23274286091327667
Benign,Benign,0.19951403141021729
Benign,Benign,0.2009960561990738
Benign,Benign,0.20046640932559967
Benign,Benign,0.19951403141021729
Benign,Benign,0.2258380651473999
Benign,Benign,0.2039898931980133
Benign,Benign,0.19951403141021729
Benign,Benign,0.20521503686904907
Benign,Benign,0.19951403141021729
Benign,Benign,0.2007666826248169
Benign,Benign,0.21607351303100586
Benign,Benign,0.22813467681407928
Benign,Benign,0.20171883702278137
Benign,Benign,0.19951403141021729
Benign,Benign,0.19951403141021729
Benign,Benign,0.21275243163108826
Benign,Benign,0.19951403141021729
Benign,Benign,0.20078380405902863
Benign,Benign,0.20078380405902863
Benign,Benign,0.19951403141021729
Benign,Benign,0.19951403141021729
Benign,Benign,0.19951403141021729
Benign,Benign,0.20271216332912445
Benign,Benign,0.19951403141021729
Benign,Benign,0.19951403141021729
Benign,Benign,0.26618343591690063
Benign,Benign,0.20229533314704895
Benign,Benign,0.19951403141021729
Benign,Benign,0.19951403141021729
Benign,Benign,0.20348218083381653
Benign,Benign,0.19951403141021729
Benign,Benign,0.19999022781848907
Benign,Benign,0.19951403141021729
Benign,Benign,0.19951403141021729
Benign,Benign,0.20229533314704895
Benign,Benign,0.22458934783935547
Benign,Benign,0.19951403141021729
Benign,Benign,0.3695067763328552
Benign,Benign,0.20271216332912445
Benign,Benign,0.19999022781848907
Benign,Benign,0.19999022781848907
Benign,Benign,0.20229533314704895
Benign,Benign,0.20373374223709106
Benign,Benign,0.20046640932559967
Benign,Benign,0.20094260573387146
Benign,Benign,0.19951403141021729
Benign,Benign,0.20237118005752563
Benign,Benign,0.19999022781848907
Benign,Benign,0.19999022781848907
Benign,Benign,0.20007212460041046
Benign,Benign,0.19951403141021729
Benign,Benign,0.20046640932559967
Benign,Benign,0.2115624099969864
Benign,Benign,0.22868181765079498
Benign,Benign,0.20872841775417328
Benign,Benign,0.3028624951839447
Benign,Benign,0.19951403141021729
Benign,Benign,0.22696956992149353
Benign,Benign,0.19951403141021729
Benign,Benign,0.20141878724098206
Benign,Benign,0.2039496749639511
Benign,Benign,0.20046640932559967
Benign,Benign,0.20406457781791687
Benign,Benign,0.19999022781848907
Benign,Benign,0.20147225260734558
Benign,Benign,0.20046640932559967
Benign,Benign,0.19999022781848907
Benign,Benign,0.19951403141021729
Benign,Benign,0.19999022781848907
Benign,Benign,0.19951403141021729
Benign,Benign,0.23618386685848236
Benign,Benign,0.20237118005752563
Benign,Benign,0.21821309626102448
Benign,Benign,0.20175978541374207
Benign,Benign,0.23536072671413422
Benign,Benign,0.21514324843883514
Benign,Benign,0.2168981432914734
Benign,Benign,0.20476889610290527
Benign,Benign,0.19951403141021729
Benign,Benign,0.19951403141021729
Benign,Benign,0.19999022781848907
Benign,Benign,0.20366454124450684
Benign,Benign,0.20332355797290802
Benign,Benign,0.19951403141021729
Benign,Benign,0.19951403141021729
Benign,Benign,0.19951403141021729
Benign,Benign,0.19951403141021729
Benign,Benign,0.19999022781848907
Benign,Benign,0.19999022781848907
Benign,Benign,0.19951403141021729
Benign,Benign,0.19951403141021729
Benign,Benign,0.19951403141021729
Benign,Benign,0.19951403141021729
Benign,Benign,0.19951403141021729
Benign,Benign,0.2229355275630951
Benign,Benign,0.20128358900547028
Benign,Benign,0.2303704172372818
Benign,Benign,0.19951403141021729
Benign,Benign,0.20046640932559967
Benign,Benign,0.20141878724098206
Benign,Benign,0.20046640932559967
Benign,Benign,0.20223596692085266
Benign,Benign,0.19999022781848907
Benign,Benign,0.19951403141021729
Benign,Benign,0.19951403141021729
Benign,Benign,0.19951403141021729
Benign,Benign,0.19951403141021729
Benign,Benign,0.19951403141021729
Benign,Benign,0.19999022781848907
Benign,Benign,0.2252161055803299
Benign,Benign,0.2290356159210205
Benign,Benign,0.20046640932559967
Benign,Benign,0.19951403141021729
Benign,Benign,0.19951403141021729
Benign,Benign,0.20046640932559967
Benign,Benign,0.20249351859092712
Benign,Benign,0.19951403141021729
Benign,Benign,0.20046640932559967
Benign,Benign,0.20186427235603333
Benign,Benign,0.20175978541374207
Benign,Benign,0.2026885598897934
Benign,Benign,0.19951403141021729
Benign,Benign,0.20672070980072021
Benign,Benign,0.19999022781848907
Benign,Benign,0.19951403141021729
Benign,Benign,0.20607784390449524
Benign,Benign,0.19999022781848907
Benign,Benign,0.22493667900562286
Benign,Benign,0.19951403141021729
Benign,Benign,0.20219525694847107
Benign,Benign,0.19999022781848907
Benign,Benign,0.19951403141021729
Benign,Benign,0.19951403141021729
Benign,Benign,0.19999022781848907
Benign,Benign,0.19999022781848907
Benign,Benign,0.19951403141021729
Benign,Benign,0.24745608866214752
Benign,Benign,0.21012958884239197
Benign,Benign,0.19999022781848907
Benign,Benign,0.19951403141021729
Benign,Benign,0.19951403141021729
Benign,Benign,0.27333611249923706
Benign,Benign,0.20030760765075684
Benign,Benign,0.20318834483623505
Benign,Benign,0.21652434766292572
Benign,Benign,0.20399883389472961
Benign,Benign,0.20250555872917175
Benign,Benign,0.2049228698015213
Benign,Benign,0.2361489236354828
Benign,Benign,0.20036697387695312
Benign,Benign,0.19951403141021729
Benign,Benign,0.19951403141021729
Benign,Benign,0.20046640932559967
Benign,Benign,0.19999022781848907
Benign,Benign,0.20679502189159393
Benign,Benign,0.20134295523166656
Benign,Benign,0.19951403141021729
Benign,Benign,0.21649913489818573
Benign,Benign,0.19951403141021729
Benign,Benign,0.2282131165266037
Benign,Benign,0.20420010387897491
Benign,Benign,0.19951403141021729
Benign,Benign,0.19951403141021729
Benign,Benign,0.20141878724098206
Benign,Benign,0.19951403141021729
Benign,Benign,0.2022123634815216
Benign,Benign,0.19999022781848907
Benign,Benign,0.19951403141021729
Benign,Benign,0.19951403141021729
Benign,Benign,0.19951403141021729
Benign,Benign,0.19951403141021729
Benign,Benign,0.19951403141021729
Benign,Benign,0.19999022781848907
Benign,Benign,0.2076222449541092
Benign,Benign,0.22134090960025787
Benign,Benign,0.19951403141021729
Benign,Benign,0.19951403141021729
Benign,Benign,0.22704367339611053
Benign,Benign,0.19999022781848907
Benign,Benign,0.25039005279541016
Benign,Benign,0.20364870131015778
Benign,Benign,0.19951403141021729
Benign,Benign,0.19999022781848907
Benign,Benign,0.2053195685148239
Benign,Benign,0.19951403141021729
Benign,Benign,0.19951403141021729
Benign,Benign,0.19951403141021729
Benign,Benign,0.19999022781848907
Benign,Benign,0.19951403141021729
Benign,Benign,0.19999022781848907
Benign,Benign,0.21652787923812866
Benign,Benign,0.2034458965063095
Benign,Benign,0.19951403141021729
Benign,Benign,0.20666833221912384
Benign,Benign,0.19999022781848907
Benign,Benign,0.2059193104505539
Benign,Benign,0.19951403141021729
Benign,Benign,0.19951403141021729
Benign,Benign,0.20125998556613922
Benign,Benign,0.20107698440551758
Benign,Benign,0.20175978541374207
Benign,Benign,0.19951403141021729
Benign,Benign,0.19951403141021729
Benign,Benign,0.19951403141021729
Benign,Benign,0.20007212460041046
Benign,Benign,0.2540810704231262
Benign,Benign,0.25526100397109985
Benign,Benign,0.20078380405902863
Benign,Benign,0.20046640932559967
Benign,Benign,0.19951403141021729
Benign,Benign,0.19951403141021729
Benign,Benign,0.20808687806129456
Benign,Benign,0.19951403141021729
Benign,Benign,0.19951403141021729
Benign,Benign,0.20046640932559967
Benign,Benign,0.2025521993637085
Benign,Benign,0.2020125687122345
Benign,Benign,0.19951403141021729
Benign,Benign,0.19951403141021729
Benign,Benign,0.20141878724098206
Benign,Benign,0.19951403141021729
Benign,Benign,0.20000745356082916
Benign,Benign,0.19951403141021729
Benign,Benign,0.19951403141021729
Benign,Benign,0.19999022781848907
Benign,Benign,0.19951403141021729
Benign,Benign,0.19951403141021729
Benign,Benign,0.20094260573387146
Benign,Benign,0.19951403141021729
Benign,Benign,0.23635560274124146
Benign,Benign,0.4312795102596283
Benign,Benign,0.19951403141021729
Benign,Benign,0.19999022781848907
Benign,Benign,0.20249351859092712
Benign,Benign,0.19999022781848907
Benign,Benign,0.19951403141021729
Benign,Benign,0.19951403141021729
Benign,Benign,0.20805470645427704
Benign,Benign,0.20223596692085266
Benign,Benign,0.20801810920238495
Benign,Benign,0.22356806695461273
Benign,Benign,0.19999022781848907
Benign,Benign,0.20128358900547028
Benign,Benign,0.20046640932559967
Benign,Benign,0.19951403141021729
Benign,Benign,0.2248120754957199
Benign,Benign,0.20330500602722168
Benign,Benign,0.20194843411445618
Benign,Benign,0.2268066704273224
Benign,Benign,0.19951403141021729
Benign,Benign,0.2233053743839264
Benign,Benign,0.19999022781848907
Benign,Benign,0.22788652777671814
Benign,Benign,0.21403595805168152
Benign,Benign,0.19951403141021729
Benign,Benign,0.19951403141021729
Benign,Benign,0.2452419549226761
Benign,Benign,0.19951403141021729
Benign,Benign,0.25769755244255066
Benign,Benign,0.19951403141021729
Benign,Benign,0.20175978541374207
Benign,Benign,0.19951403141021729
Benign,Benign,0.20347143709659576
Benign,Benign,0.19951403141021729
Benign,Benign,0.20046640932559967
Benign,Benign,0.19951403141021729
Benign,Benign,0.19951403141021729
Benign,Benign,0.19999022781848907
Benign,Benign,0.21919696033000946
Benign,Benign,0.19999022781848907
Benign,Benign,0.19951403141021729
Benign,Benign,0.19951403141021729
Benign,Benign,0.19951403141021729
Benign,Benign,0.19951403141021729
Benign,Benign,0.20094260573387146
Benign,Benign,0.19951403141021729
Benign,Benign,0.19951403141021729
Benign,Benign,0.19999022781848907
Benign,Benign,0.19951403141021729
Benign,Benign,0.19951403141021729
Benign,Benign,0.20094260573387146
Benign,Benign,0.20094260573387146
Benign,Benign,0.19951403141021729
Benign,Benign,0.20271216332912445
Benign,Benign,0.19951403141021729
Benign,Benign,0.21501077711582184
Benign,Benign,0.19951403141021729
Benign,Benign,0.20213115215301514
Benign,Benign,0.22406834363937378
Benign,Benign,0.19999022781848907
Benign,Benign,0.2187536358833313
Benign,Benign,0.19999022781848907
Benign,Benign,0.19951403141021729
Benign,Benign,0.19951403141021729
Benign,Benign,0.20545454323291779
Benign,Benign,0.20189498364925385
Benign,Benign,0.21141482889652252
Benign,Benign,0.20046640932559967
Benign,Benign,0.20237118005752563
Benign,Benign,0.19999022781848907
Benign,Benign,0.20128358900547028
Benign,Benign,0.19951403141021729
Benign,Benign,0.20175978541374207
Benign,Benign,0.20046640932559967
Benign,Benign,0.27823394536972046
Benign,Benign,0.19999022781848907
Benign,Benign,0.19951403141021729
Benign,Benign,0.23507043719291687
Benign,Benign,0.20046640932559967
Benign,Benign,0.19951403141021729
Benign,Benign,0.19951403141021729
Benign,Benign,0.19999022781848907
Benign,Benign,0.20810547471046448
Benign,Benign,0.20237118005752563
Benign,Benign,0.22073546051979065
Benign,Benign,0.19951403141021729
Benign,Benign,0.19951403141021729
Benign,Benign,0.2205832302570343
Benign,Benign,0.19951403141021729
Benign,Benign,0.20920895040035248
Benign,Benign,0.22826682031154633
Benign,Benign,0.20128358900547028
Benign,Benign,0.21870078146457672
Benign,Benign,0.20134295523166656
Benign,Benign,0.19951403141021729
Benign,Benign,0.19999022781848907
Benign,Benign,0.223948672413826
Benign,Benign,0.20678691565990448
Benign,Benign,0.19999022781848907
Benign,Benign,0.20873232185840607
Benign,Benign,0.19951403141021729
Benign,Benign,0.22405485808849335
Benign,Benign,0.19951403141021729
Benign,Benign,0.20485016703605652
Benign,Benign,0.19951403141021729
Benign,Benign,0.21194295585155487
Benign,Benign,0.19999022781848907
Benign,Benign,0.20705044269561768
Benign,Benign,0.19951403141021729
Benign,Benign,0.20401453971862793
Benign,Benign,0.19999022781848907
Benign,Benign,0.20864799618721008
Benign,Benign,0.19951403141021729
Benign,Benign,0.2130306512117386
Benign,Benign,0.19951403141021729
Benign,Benign,0.20030760765075684
Benign,Benign,0.19951403141021729
Benign,Benign,0.19999022781848907
Benign,Benign,0.20046640932559967
Benign,Benign,0.21350687742233276
Benign,Benign,0.19951403141021729
Benign,Benign,0.19951403141021729
Benign,Benign,0.22065895795822144
Benign,Benign,0.2405540645122528
Benign,Benign,0.20776580274105072
Benign,Benign,0.20046640932559967
Benign,Benign,0.20128358900547028
Benign,Benign,0.19951403141021729
Benign,Benign,0.19951403141021729
Benign,Benign,0.19999022781848907
Benign,Benign,0.20175978541374207
Benign,Benign,0.20094260573387146
Benign,Benign,0.20078380405902863
Benign,Benign,0.20237118005752563
Benign,Benign,0.19951403141021729
Benign,Benign,0.20007212460041046
Benign,Benign,0.20846085250377655
Benign,Benign,0.19951403141021729
Benign,Benign,0.20189498364925385
Benign,Benign,0.19999022781848907
Benign,Benign,0.20237118005752563
Benign,Benign,0.19999022781848907
Benign,Benign,0.20237118005752563
Benign,Benign,0.19951403141021729
Benign,Benign,0.19999022781848907
Benign,Benign,0.20125998556613922
Benign,Benign,0.19951403141021729
Benign,Benign,0.20094260573387146
Benign,Benign,0.19999022781848907
Benign,Benign,0.19951403141021729
Benign,Benign,0.2022123634815216
Benign,Benign,0.19951403141021729
Benign,Benign,0.19999022781848907
Benign,Benign,0.204158216714859
Benign,Benign,0.24662020802497864
Benign,Benign,0.19951403141021729
Benign,Benign,0.20128358900547028
Benign,Benign,0.2020125687122345
Benign,Benign,0.19951403141021729
Benign,Benign,0.19999022781848907
Benign,Benign,0.19999022781848907
Benign,Benign,0.20223596692085266
Benign,Benign,0.19999022781848907
Benign,Benign,0.20046640932559967
Benign,Benign,0.19999022781848907
Benign,Benign,0.19951403141021729
Benign,Benign,0.19999022781848907
Benign,Benign,0.20303009450435638
Benign,Benign,0.20094260573387146
Benign,Benign,0.19951403141021729
Benign,Benign,0.19951403141021729
Benign,Benign,0.19951403141021729
Benign,Benign,0.20229533314704895
Benign,Benign,0.19951403141021729
Benign,Benign,0.20124287903308868
Benign,Benign,0.20465268194675446
Benign,Benign,0.19951403141021729
Benign,Benign,0.20175978541374207
Benign,Benign,0.22810478508472443
Benign,Benign,0.2339993417263031
Benign,Benign,0.19951403141021729
Benign,Benign,0.19999022781848907
Benign,Benign,0.19999022781848907
Benign,Benign,0.20124264061450958
Benign,Benign,0.20094260573387146
Benign,Benign,0.19999022781848907
Benign,Benign,0.20141878724098206
Benign,Benign,0.20049171149730682
Benign,Benign,0.19951403141021729
Benign,Benign,0.21487437188625336
Benign,Benign,0.2422744333744049
Benign,Benign,0.21033348143100739
Benign,Benign,0.19951403141021729
Benign,Benign,0.19951403141021729
Benign,Benign,0.20194843411445618
Benign,Benign,0.19951403141021729
Benign,Benign,0.20604586601257324
Benign,Benign,0.19951403141021729
Benign,Benign,0.20046640932559967
Benign,Benign,0.2055283486843109
Benign,Benign,0.19999022781848907
Benign,Benign,0.20223596692085266
Benign,Benign,0.19951403141021729
Benign,Benign,0.19951403141021729
Benign,Benign,0.19951403141021729
Benign,Benign,0.19951403141021729
Benign,Benign,0.20128358900547028
Benign,Benign,0.19999022781848907
Benign,Benign,0.2305777668952942
Benign,Benign,0.21098172664642334
Benign,Benign,0.19999022781848907
Benign,Benign,0.19951403141021729
Benign,Benign,0.19951403141021729
Benign,Benign,0.19951403141021729
Benign,Benign,0.19951403141021729
Benign,Benign,0.20128358900547028
Benign,Benign,0.2015361338853836
Benign,Benign,0.19951403141021729
Benign,Benign,0.19951403141021729
Benign,Benign,0.19951403141021729
Benign,Benign,0.2157585322856903
Benign,Benign,0.19951403141021729
Benign,Benign,0.20007212460041046
Benign,Benign,0.19951403141021729
Benign,Benign,0.19951403141021729
Benign,Benign,0.19951403141021729
Benign,Benign,0.2089451253414154
Benign,Benign,0.19951403141021729
Benign,Benign,0.20318834483623505
Benign,Benign,0.19951403141021729
Benign,Benign,0.20128358900547028
Benign,Benign,0.19951403141021729
Benign,Benign,0.19999022781848907
Benign,Benign,0.19999022781848907
Benign,Benign,0.19951403141021729
Benign,Benign,0.19951403141021729
Benign,Benign,0.19951403141021729
Benign,Benign,0.22009500861167908
Benign,Benign,0.23461276292800903
Benign,Benign,0.19999022781848907
Benign,Benign,0.20134295523166656
Benign,Benign,0.3080475330352783
Benign,Benign,0.2120450884103775
Benign,Benign,0.19999022781848907
Benign,Benign,0.20046640932559967
Benign,Benign,0.19951403141021729
Benign,Benign,0.2085726261138916
Benign,Benign,0.2032599002122879
Benign,Benign,0.20444302260875702
Benign,Benign,0.20204049348831177
Benign,Benign,0.20046640932559967
Benign,Benign,0.23117202520370483
Benign,Benign,0.19951403141021729
Benign,Benign,0.19951403141021729
Benign,Benign,0.19999022781848907
Benign,Benign,0.2166752815246582
Benign,Benign,0.19951403141021729
Benign,Benign,0.19951403141021729
Benign,Benign,0.19951403141021729
Benign,Benign,0.19999022781848907
Benign,Benign,0.20046640932559967
Benign,Benign,0.19999022781848907
Benign,Benign,0.19999022781848907
Benign,Benign,0.19951403141021729
Benign,Benign,0.19951403141021729
Benign,Benign,0.26102709770202637
Benign,Benign,0.20046640932559967
Benign,Benign,0.19999022781848907
Benign,Benign,0.19951403141021729
Benign,Benign,0.20691338181495667
Benign,Benign,0.19951403141021729
Benign,Benign,0.19951403141021729
Benign,Benign,0.19951403141021729
Benign,Benign,0.23749980330467224
Benign,Benign,0.19951403141021729
Benign,Benign,0.19951403141021729
Benign,Benign,0.2036290168762207
Benign,Benign,0.20141878724098206
Benign,Benign,0.19951403141021729
Benign,Benign,0.19951403141021729
Benign,Benign,0.19951403141021729
Benign,Benign,0.20046640932559967
Benign,Benign,0.20141878724098206
Benign,Benign,0.19951403141021729
Benign,Benign,0.19959592819213867
Benign,Benign,0.19951403141021729
Benign,Benign,0.2231777161359787
Benign,Benign,0.19951403141021729
Benign,Benign,0.19951403141021729
Benign,Benign,0.20512351393699646
Benign,Benign,0.21414367854595184
Benign,Benign,0.19951403141021729
Benign,Benign,0.20134295523166656
Benign,Benign,0.19999022781848907
Benign,Benign,0.19999022781848907
Benign,Benign,0.19951403141021729
Benign,Benign,0.20562194287776947
Benign,Benign,0.21001115441322327
Benign,Benign,0.20348457992076874
Benign,Benign,0.19951403141021729
Benign,Benign,0.19959592819213867
Benign,Benign,0.20633721351623535
Benign,Benign,0.20204874873161316
Benign,Benign,0.19951403141021729
Benign,Benign,0.21005888283252716
Benign,Benign,0.19951403141021729
Benign,Benign,0.20046640932559967
Benign,Benign,0.19999022781848907
Benign,Benign,0.19999022781848907
Benign,Benign,0.19999022781848907
Benign,Benign,0.19951403141021729
Benign,Benign,0.20046640932559967
Benign,Benign,0.19951403141021729
Benign,Benign,0.19951403141021729
Benign,Benign,0.19999022781848907
Benign,Benign,0.19951403141021729
Benign,Benign,0.22890500724315643
Benign,Benign,0.19951403141021729
Benign,Benign,0.19951403141021729
Benign,Benign,0.19999022781848907
Benign,Benign,0.19951403141021729
Benign,Benign,0.19999022781848907
Benign,Benign,0.19951403141021729
Benign,Benign,0.20713767409324646
Benign,Benign,0.23684053122997284
Benign,Benign,0.20046640932559967
Benign,Benign,0.20747984945774078
Benign,Benign,0.19951403141021729
Benign,Benign,0.19951403141021729
Benign,Benign,0.23164485394954681
Benign,Benign,0.19999022781848907
Benign,Benign,0.20030760765075684
Benign,Benign,0.19951403141021729
Benign,Benign,0.2029697149991989
Benign,Benign,0.19999022781848907
Benign,Benign,0.19951403141021729
Benign,Benign,0.19999022781848907
Benign,Benign,0.19951403141021729
Benign,Benign,0.19951403141021729
Benign,Benign,0.20347730815410614
Benign,Benign,0.19951403141021729
Benign,Benign,0.19951403141021729
Benign,Benign,0.19999022781848907
Benign,Benign,0.19951403141021729
Benign,Benign,0.19959592819213867
Benign,Benign,0.19951403141021729
Benign,Benign,0.19999022781848907
Benign,Benign,0.20094260573387146
Benign,Benign,0.19951403141021729
Benign,Benign,0.20054830610752106
Benign,Benign,0.19951403141021729
Benign,Benign,0.19951403141021729
Benign,Benign,0.20094260573387146
Benign,Benign,0.19951403141021729
Benign,Benign,0.2013339400291443
Benign,Benign,0.19951403141021729
Benign,Benign,0.20635144412517548
Benign,Benign,0.19951403141021729
Benign,Benign,0.19951403141021729
Benign,Benign,0.20046640932559967
Benign,Benign,0.19951403141021729
Benign,Benign,0.20271216332912445
Benign,Benign,0.20189498364925385
Benign,Benign,0.19999022781848907
Benign,Benign,0.21904222667217255
Benign,Benign,0.21518898010253906
Benign,Benign,0.19951403141021729
Benign,Benign,0.20128358900547028
Benign,Benign,0.19999022781848907
Benign,Benign,0.19951403141021729
Benign,Benign,0.19999022781848907
Benign,Benign,0.19951403141021729
Benign,Benign,0.19999022781848907
Benign,Benign,0.2053954005241394
Benign,Benign,0.19951403141021729
Benign,Benign,0.19951403141021729
Benign,Benign,0.19951403141021729
Benign,Benign,0.19951403141021729
Benign,Benign,0.20046640932559967
Benign,Benign,0.19999022781848907
Benign,Benign,0.19951403141021729
Benign,Benign,0.19951403141021729
Benign,Benign,0.19951403141021729
Benign,Benign,0.20436961948871613
Benign,Benign,0.19951403141021729
Benign,Benign,0.19951403141021729
Benign,Benign,0.19999022781848907
Benign,Benign,0.19999022781848907
Benign,Benign,0.19951403141021729
Benign,Benign,0.20237118005752563
Benign,Benign,0.19951403141021729
Benign,Benign,0.19999022781848907
Benign,Benign,0.19951403141021729
Benign,Benign,0.19999022781848907
Benign,Benign,0.19951403141021729
Benign,Benign,0.19951403141021729
Benign,Benign,0.24328534305095673
Benign,Benign,0.20141878724098206
Benign,Benign,0.22903208434581757
Benign,Benign,0.21108967065811157
Benign,Benign,0.19951403141021729
Benign,Benign,0.19951403141021729
Benign,Benign,0.19959592819213867
Benign,Benign,0.20054830610752106
Benign,Benign,0.19951403141021729
Benign,Benign,0.19951403141021729
Benign,Benign,0.20046640932559967
Benign,Benign,0.19999022781848907
Benign,Benign,0.3083779513835907
Benign,Benign,0.19999022781848907
Benign,Benign,0.21567215025424957
Benign,Benign,0.20350225269794464
Benign,Benign,0.19951403141021729
Benign,Benign,0.21384871006011963
Benign,Benign,0.2221601903438568
Benign,Benign,0.19951403141021729
Benign,Benign,0.19951403141021729
Benign,Benign,0.2056286633014679
Benign,Benign,0.19999022781848907
Benign,Benign,0.19951403141021729
Benign,Benign,0.19999022781848907
Benign,Benign,0.19951403141021729
Benign,Benign,0.19951403141021729
Benign,Benign,0.19951403141021729
Benign,Benign,0.19951403141021729
Benign,Benign,0.19999022781848907
Benign,Benign,0.19999022781848907
Benign,Benign,0.20147225260734558
Benign,Benign,0.19951403141021729
Benign,Benign,0.19951403141021729
Benign,Benign,0.19999022781848907
Benign,Benign,0.2644292116165161
Benign,Benign,0.20094260573387146
Benign,Benign,0.19951403141021729
Benign,Benign,0.19951403141021729
Benign,Benign,0.3383479416370392
Benign,Benign,0.20094260573387146
Benign,Benign,0.19951403141021729
Benign,Benign,0.20271216332912445
Benign,Benign,0.2138005793094635
Benign,Benign,0.20141878724098206
Benign,Benign,0.19951403141021729
Benign,Benign,0.20493485033512115
Benign,Benign,0.19999022781848907
Benign,Benign,0.20128358900547028
Benign,Benign,0.19999022781848907
Benign,Benign,0.20897935330867767
Benign,Benign,0.37557676434516907
Benign,Benign,0.19999022781848907
Benign,Benign,0.20046640932559967
Benign,Benign,0.20134295523166656
Benign,Benign,0.20229533314704895
Benign,Benign,0.19999022781848907
Benign,Benign,0.19951403141021729
Benign,Benign,0.20046640932559967
Benign,Benign,0.20565661787986755
Benign,Benign,0.20420010387897491
Benign,Benign,0.2126685082912445
Benign,Benign,0.21685853600502014
Benign,Benign,0.2153213769197464
Benign,Benign,0.19951403141021729
Benign,Benign,0.19951403141021729
Benign,Benign,0.2019984871149063
Benign,Benign,0.2048862725496292
Benign,Benign,0.19999022781848907
Benign,Benign,0.20219525694847107
Benign,Benign,0.19951403141021729
Benign,Benign,0.20290081202983856
Benign,Benign,0.19951403141021729
Benign,Benign,0.19951403141021729
Benign,Benign,0.2223251760005951
Benign,Benign,0.19951403141021729
Benign,Benign,0.19951403141021729
Benign,Benign,0.19951403141021729
Benign,Benign,0.19951403141021729
Benign,Benign,0.19951403141021729
Benign,Benign,0.19951403141021729
Benign,Benign,0.21176277101039886
Benign,Benign,0.20461729168891907
Benign,Benign,0.19951403141021729
Benign,Benign,0.20128358900547028
Benign,Benign,0.19951403141021729
Benign,Benign,0.20194843411445618
Benign,Benign,0.19951403141021729
Benign,Benign,0.20046640932559967
Benign,Benign,0.19951403141021729
Benign,Benign,0.19999022781848907
Benign,Benign,0.20362359285354614
Benign,Benign,0.19999022781848907
Benign,Benign,0.2083544284105301
Benign,Benign,0.19959592819213867
Benign,Benign,0.2015363723039627
Benign,Benign,0.19951403141021729
Benign,Benign,0.20380419492721558
Benign,Benign,0.19951403141021729
Benign,Benign,0.19951403141021729
Benign,Benign,0.19951403141021729
Benign,Benign,0.19951403141021729
Benign,Benign,0.19951403141021729
Benign,Benign,0.20046640932559967
Benign,Benign,0.20046640932559967
Benign,Benign,0.19951403141021729
Benign,Benign,0.19951403141021729
Benign,Benign,0.21575836837291718
Benign,Benign,0.19951403141021729
Benign,Benign,0.20128358900547028
Benign,Benign,0.20128358900547028
Benign,Benign,0.20175978541374207
Benign,Benign,0.23132601380348206
Benign,Benign,0.19951403141021729
Benign,Benign,0.19951403141021729
Benign,Benign,0.20175978541374207
Benign,Benign,0.20141878724098206
Benign,Benign,0.24793560802936554
Benign,Benign,0.19951403141021729
Benign,Benign,0.20094260573387146
Benign,Benign,0.19951403141021729
Benign,Benign,0.20238740742206573
Benign,Benign,0.20102450251579285
Benign,Benign,0.2024746835231781
Benign,Benign,0.20491693913936615
Benign,Benign,0.20324771106243134
Benign,Benign,0.19999022781848907
Benign,Benign,0.19951403141021729
Benign,Benign,0.19951403141021729
Benign,Benign,0.19951403141021729
Benign,Benign,0.19999022781848907
Benign,Benign,0.19999022781848907
Benign,Benign,0.19999022781848907
Benign,Benign,0.19999022781848907
Benign,Benign,0.20046640932559967
Benign,Benign,0.19951403141021729
Benign,Benign,0.23651085793972015
Benign,Benign,0.20366454124450684
Benign,Benign,0.2123061865568161
Benign,Benign,0.20181915163993835
Benign,Benign,0.20318834483623505
Benign,Benign,0.19951403141021729
Benign,Benign,0.2012506127357483
Benign,Benign,0.20763830840587616
Benign,Benign,0.2493419647216797
Benign,Benign,0.19999022781848907
Benign,Benign,0.2047521322965622
Benign,Benign,0.2295234501361847
Benign,Benign,0.20864523947238922
Benign,Benign,0.19951403141021729
Benign,Benign,0.19999022781848907
Benign,Benign,0.20054830610752106
Benign,Benign,0.20355580747127533
Benign,Benign,0.19951403141021729
Benign,Benign,0.21786415576934814
Benign,Benign,0.19999022781848907
Benign,Benign,0.20451420545578003
Benign,Benign,0.19999022781848907
Benign,Benign,0.19951403141021729
Benign,Benign,0.19951403141021729
Benign,Benign,0.19951403141021729
Benign,Benign,0.20134295523166656
Benign,Benign,0.19999022781848907
Benign,Benign,0.19999022781848907
Benign,Benign,0.19999022781848907
Benign,Benign,0.20046640932559967
Benign,Benign,0.2047521322965622
Benign,Benign,0.19999022781848907
Benign,Benign,0.20223596692085266
Benign,Benign,0.19999022781848907
Benign,Benign,0.19951403141021729
Benign,Benign,0.2353792041540146
Benign,Benign,0.20094260573387146
Benign,Benign,0.20171906054019928
Benign,Benign,0.24291595816612244
Benign,Benign,0.19951403141021729
Benign,Benign,0.20046640932559967
Benign,Benign,0.20128358900547028
Benign,Benign,0.19951403141021729
Benign,Benign,0.21753224730491638
Benign,Benign,0.20181915163993835
Benign,Benign,0.19951403141021729
Benign,Benign,0.19999022781848907
Benign,Benign,0.19999022781848907
Benign,Benign,0.20189498364925385
Benign,Benign,0.20277152955532074
Benign,Benign,0.23177048563957214
Benign,Benign,0.19951403141021729
Benign,Benign,0.19951403141021729
Benign,Benign,0.19999022781848907
Benign,Benign,0.20814812183380127
Benign,Benign,0.20084317028522491
Benign,Benign,0.19951403141021729
Benign,Benign,0.19999022781848907
Benign,Benign,0.20650991797447205
Benign,Benign,0.19951403141021729
Benign,Benign,0.20094260573387146
Benign,Benign,0.19999022781848907
Benign,Benign,0.19951403141021729
Benign,Benign,0.19951403141021729
Benign,Benign,0.19951403141021729
Benign,Benign,0.19951403141021729
Benign,Benign,0.21185465157032013
Benign,Benign,0.19951403141021729
Benign,Benign,0.19951403141021729
Benign,Benign,0.20094260573387146
Benign,Benign,0.20350457727909088
Benign,Benign,0.19999022781848907
Benign,Benign,0.19951403141021729
Benign,Benign,0.19999022781848907
Benign,Benign,0.2174154818058014
Benign,Benign,0.19951403141021729
Benign,Benign,0.22234748303890228
Benign,Benign,0.20290081202983856
Benign,Benign,0.19951403141021729
Benign,Benign,0.19999022781848907
Benign,Benign,0.19999022781848907
Benign,Benign,0.21077080070972443
Benign,Benign,0.20493485033512115
Benign,Benign,0.2047521024942398
Benign,Benign,0.22026187181472778
Benign,Benign,0.19999022781848907
Benign,Benign,0.19999022781848907
Benign,Benign,0.20094260573387146
Benign,Benign,0.20283710956573486
Benign,Benign,0.2133195847272873
Benign,Benign,0.19951403141021729
Benign,Benign,0.20681731402873993
Benign,Benign,0.21475009620189667
Benign,Benign,0.19951403141021729
Benign,Benign,0.19951403141021729
Benign,Benign,0.19959592819213867
Benign,Benign,0.20428037643432617
Benign,Benign,0.20422494411468506
Benign,Benign,0.20046640932559967
Benign,Benign,0.24487964808940887
Benign,Benign,0.20181915163993835
Benign,Benign,0.20223596692085266
Benign,Benign,0.23188737034797668
Benign,Benign,0.19951403141021729
Benign,Benign,0.19951403141021729
Benign,Benign,0.21592022478580475
Benign,Benign,0.20681601762771606
Benign,Benign,0.20229533314704895
Benign,Benign,0.19999022781848907
Benign,Benign,0.23863673210144043
Benign,Benign,0.19999022781848907
Benign,Benign,0.19999022781848907
Benign,Benign,0.22804845869541168
Benign,Benign,0.20194843411445618
Benign,Benign,0.20094260573387146
Benign,Benign,0.19999022781848907
Benign,Benign,0.19999022781848907
Benign,Benign,0.20296648144721985
Benign,Benign,0.19999022781848907
Benign,Benign,0.21323226392269135
Benign,Benign,0.20208872854709625
Benign,Benign,0.20993949472904205
Benign,Benign,0.19999022781848907
Benign,Benign,0.20046640932559967
Benign,Benign,0.19951403141021729
Benign,Benign,0.19951403141021729
Benign,Benign,0.22540389001369476
Benign,Benign,0.19951403141021729
Benign,Benign,0.20414073765277863
Benign,Benign,0.19951403141021729
Benign,Benign,0.19951403141021729
Benign,Benign,0.20007212460041046
Benign,Benign,0.19951403141021729
Benign,Benign,0.19951403141021729
Benign,Benign,0.2039419561624527
Benign,Benign,0.20132867991924286
Benign,Benign,0.19951403141021729
Benign,Benign,0.2047521322965622
Benign,Benign,0.20128358900547028
Benign,Benign,0.20175978541374207
Benign,Benign,0.3351719379425049
Benign,Benign,0.19951403141021729
Benign,Benign,0.20007212460041046
Benign,Benign,0.19951403141021729
Benign,Benign,0.21642793715000153
Benign,Benign,0.22084566950798035
Benign,Benign,0.24337099492549896
Benign,Benign,0.19999022781848907
Benign,Benign,0.20915617048740387
Benign,Benign,0.19999022781848907
Benign,Benign,0.19951403141021729
Benign,Benign,0.19951403141021729
Benign,Benign,0.19999022781848907
Benign,Benign,0.25407227873802185
Benign,Benign,0.19951403141021729
Benign,Benign,0.20054830610752106
Benign,Benign,0.20141878724098206
Benign,Benign,0.20094260573387146
Benign,Benign,0.20350627601146698
Benign,Benign,0.19951403141021729
Benign,Benign,0.19951403141021729
Benign,Benign,0.19951403141021729
Benign,Benign,0.19951403141021729
Benign,Benign,0.20189498364925385
Benign,Benign,0.19951403141021729
Benign,Benign,0.20094260573387146
Benign,Benign,0.19951403141021729
Benign,Benign,0.21686699986457825
Benign,Benign,0.20237118005752563
Benign,Benign,0.19951403141021729
Benign,Benign,0.19999022781848907
Benign,Benign,0.19951403141021729
Benign,Benign,0.19951403141021729
Benign,Benign,0.19951403141021729
Benign,Benign,0.19951403141021729
Benign,Benign,0.19999022781848907
Benign,Benign,0.20046640932559967
Benign,Benign,0.21808235347270966
Benign,Benign,0.20030760765075684
Benign,Benign,0.20054830610752106
Benign,Benign,0.20445065200328827
Benign,Benign,0.26501914858818054
Benign,Benign,0.19951403141021729
Benign,Benign,0.19999022781848907
Benign,Benign,0.20094260573387146
Benign,Benign,0.19951403141021729
Benign,Benign,0.19951403141021729
Benign,Benign,0.20134295523166656
Benign,Benign,0.19999022781848907
Benign,Benign,0.19951403141021729
Benign,Benign,0.2015361338853836
Benign,Benign,0.20046640932559967
Benign,Benign,0.19951403141021729
Benign,Benign,0.19951403141021729
Benign,Benign,0.22595833241939545
Benign,Benign,0.22582180798053741
Benign,Benign,0.19951403141021729
Benign,Benign,0.20102450251579285
Benign,Benign,0.19951403141021729
Benign,Benign,0.20094260573387146
Benign,Benign,0.2028641253709793
Benign,Benign,0.19951403141021729
Benign,Benign,0.19951403141021729
Benign,Benign,0.19951403141021729
Benign,Benign,0.20353835821151733
Benign,Benign,0.19951403141021729
Benign,Benign,0.19999022781848907
Benign,Benign,0.19951403141021729
Benign,Benign,0.19951403141021729
Benign,Benign,0.2034580558538437
Benign,Benign,0.19951403141021729
Benign,Benign,0.24366194009780884
Benign,Benign,0.19951403141021729
Benign,Benign,0.20094260573387146
Benign,Benign,0.2034458965063095
Benign,Benign,0.20094260573387146
Benign,Benign,0.20141878724098206
Benign,Benign,0.19951403141021729
Benign,Benign,0.19951403141021729
Benign,Benign,0.19999022781848907
Benign,Benign,0.19999022781848907
Benign,Benign,0.19999022781848907
Benign,Benign,0.20290081202983856
Benign,Benign,0.20478035509586334
Benign,Benign,0.20078380405902863
Benign,Benign,0.20046640932559967
Benign,Benign,0.19951403141021729
Benign,Benign,0.19959592819213867
Benign,Benign,0.22435913980007172
Benign,Benign,0.20607589185237885
Benign,Benign,0.19951403141021729
Benign,Benign,0.19951403141021729
Benign,Benign,0.20084317028522491
Benign,Benign,0.20180486142635345
Benign,Benign,0.19951403141021729
Benign,Benign,0.20284736156463623
Benign,Benign,0.19951403141021729
Benign,Benign,0.19999022781848907
Benign,Benign,0.19951403141021729
Benign,Benign,0.23311151564121246
Benign,Benign,0.19999022781848907
Benign,Benign,0.19951403141021729
Benign,Benign,0.19951403141021729
Benign,Benign,0.20387764275074005
Benign,Benign,0.19951403141021729
Benign,Benign,0.19951403141021729
Benign,Benign,0.20307521522045135
Benign,Benign,0.20046640932559967
Benign,Benign,0.19951403141021729
Benign,Benign,0.2026582509279251
Benign,Benign,0.19951403141021729
Benign,Benign,0.19951403141021729
Benign,Benign,0.20141878724098206
Benign,Benign,0.21572008728981018
Benign,Benign,0.19951403141021729
Benign,Benign,0.20094260573387146
Benign,Benign,0.19951403141021729
Benign,Benign,0.19999022781848907
Benign,Benign,0.20147225260734558
Benign,Benign,0.19999022781848907
Benign,Benign,0.22176849842071533
Benign,Benign,0.19951403141021729
Benign,Benign,0.19951403141021729
Benign,Benign,0.19951403141021729
Benign,Benign,0.20475657284259796
Benign,Benign,0.19999022781848907
Benign,Benign,0.22375203669071198
Benign,Benign,0.19999022781848907
Benign,Benign,0.20237213373184204
Benign,Benign,0.20094260573387146
Benign,Benign,0.19951403141021729
Benign,Benign,0.19951403141021729
Benign,Benign,0.22910374402999878
Benign,Benign,0.19951403141021729
Benign,Benign,0.19951403141021729
Benign,Benign,0.21398356556892395
Benign,Benign,0.19999022781848907
Benign,Benign,0.19951403141021729
Benign,Benign,0.20175978541374207
Benign,Benign,0.19953933358192444
Benign,Benign,0.20141878724098206
Benign,Benign,0.2009960561990738
Benign,Benign,0.20475855469703674
Benign,Benign,0.20046640932559967
Benign,Benign,0.19953933358192444
Benign,Benign,0.19951403141021729
Benign,Benign,0.19999022781848907
Benign,Benign,0.19951403141021729
Benign,Benign,0.19951403141021729
Benign,Benign,0.19951403141021729
Benign,Benign,0.2228349894285202
Benign,Benign,0.19999022781848907
Benign,Benign,0.20188473165035248
Benign,Benign,0.20223596692085266
Benign,Benign,0.19951403141021729
Benign,Benign,0.19951403141021729
Benign,Benign,0.19999022781848907
Benign,Benign,0.19951403141021729
Benign,Benign,0.22223921120166779
Benign,Benign,0.20175978541374207
Benign,Benign,0.19951403141021729
Benign,Benign,0.19951403141021729
Benign,Benign,0.20640887320041656
Benign,Benign,0.20189498364925385
Benign,Benign,0.20189498364925385
Benign,Benign,0.19951403141021729
Benign,Benign,0.21710000932216644
Benign,Benign,0.22517076134681702
Benign,Benign,0.20125998556613922
Benign,Benign,0.20388163626194
Benign,Benign,0.19951403141021729
Benign,Benign,0.19951403141021729
Benign,Benign,0.20271216332912445
Benign,Benign,0.19999022781848907
Benign,Benign,0.20046640932559967
Benign,Benign,0.30390724539756775
Benign,Benign,0.2249002456665039
Benign,Benign,0.19951403141021729
Benign,Benign,0.19999022781848907
Benign,Benign,0.2453133761882782
Benign,Benign,0.20094260573387146
Benign,Benign,0.2039286196231842
Benign,Benign,0.19951403141021729
Benign,Benign,0.20188729465007782
Benign,Benign,0.19951403141021729
Benign,Benign,0.19999022781848907
Benign,Benign,0.19951403141021729
Benign,Benign,0.2153865098953247
Benign,Benign,0.19999022781848907
Benign,Benign,0.19951403141021729
Benign,Benign,0.20856624841690063
Benign,Benign,0.19959592819213867
Benign,Benign,0.19951403141021729
Benign,Benign,0.2015361338853836
Benign,Benign,0.19951403141021729
Benign,Benign,0.19999022781848907
Benign,Benign,0.20128358900547028
Benign,Benign,0.19951403141021729
Benign,Benign,0.20102450251579285
Benign,Benign,0.19951403141021729
Benign,Benign,0.19951403141021729
Benign,Benign,0.19999022781848907
Benign,Benign,0.21763524413108826
Benign,Benign,0.2124113142490387
Benign,Benign,0.19951403141021729
Benign,Benign,0.20147225260734558
Benign,Benign,0.19951403141021729
Benign,Benign,0.21061813831329346
Benign,Benign,0.19951403141021729
Benign,Benign,0.20483988523483276
Benign,Benign,0.2043982893228531
Benign,Benign,0.20277152955532074
Benign,Benign,0.20223596692085266
Benign,Benign,0.19951403141021729
Benign,Benign,0.19951403141021729
Benign,Benign,0.20030760765075684
Benign,Benign,0.20124264061450958
Benign,Benign,0.19999022781848907
Benign,Benign,0.20223596692085266
Benign,Benign,0.2542518079280853
Benign,Benign,0.21586376428604126
Benign,Benign,0.19951403141021729
Benign,Benign,0.19999022781848907
Benign,Benign,0.19999022781848907
Benign,Benign,0.19951403141021729
Benign,Benign,0.20223596692085266
Benign,Benign,0.20414073765277863
Benign,Benign,0.24352526664733887
Benign,Benign,0.20046640932559967
Benign,Benign,0.19951403141021729
Benign,Benign,0.19951403141021729
Benign,Benign,0.19951403141021729
Benign,Benign,0.19999022781848907
Benign,Benign,0.19951403141021729
Benign,Benign,0.19951403141021729
Benign,Benign,0.19951403141021729
Benign,Benign,0.20153161883354187
Benign,Benign,0.19951403141021729
Benign,Benign,0.19951403141021729
Benign,Benign,0.19951403141021729
Benign,Benign,0.19951403141021729
Benign,Benign,0.19999022781848907
Benign,Benign,0.20046640932559967
Benign,Benign,0.20007212460041046
Benign,Benign,0.20630304515361786
Benign,Benign,0.3849552869796753
Benign,Benign,0.20128358900547028
Benign,Benign,0.28753963112831116
Benign,Benign,0.2045246809720993
Benign,Benign,0.2020123302936554
Benign,Benign,0.19951403141021729
Benign,Benign,0.21581365168094635
Benign,Benign,0.20222680270671844
Benign,Benign,0.19999022781848907
Benign,Benign,0.20141878724098206
Benign,Benign,0.19999022781848907
Benign,Benign,0.20175978541374207
Benign,Benign,0.2218257486820221
Benign,Benign,0.21816489100456238
Benign,Benign,0.19999022781848907
Benign,Benign,0.19951403141021729
Benign,Benign,0.3975231945514679
Benign,Benign,0.20392486453056335
Benign,Benign,0.20102450251579285
Benign,Benign,0.2253483235836029
Benign,Benign,0.271944135427475
Benign,Benign,0.22060048580169678
Benign,Benign,0.2002905011177063
Benign,Benign,0.20366454124450684
Benign,Benign,0.19951403141021729
Benign,Benign,0.19999022781848907
Benign,Benign,0.19951403141021729
Benign,Benign,0.2548086941242218
Benign,Benign,0.20141878724098206
Benign,Benign,0.19999022781848907
Benign,Benign,0.19951403141021729
Benign,Benign,0.19951403141021729
Benign,Benign,0.2177845984697342
Benign,Benign,0.20189498364925385
Benign,Benign,0.19951403141021729
Benign,Benign,0.20737133920192719
Benign,Benign,0.20489433407783508
Benign,Benign,0.19959592819213867
Benign,Benign,0.2282208800315857
Benign,Benign,0.19951403141021729
Benign,Benign,0.24112549424171448
Benign,Benign,0.19951403141021729
Benign,Benign,0.19951403141021729
Benign,Benign,0.19951403141021729
Benign,Benign,0.2202189713716507
Benign,Benign,0.2015363723039627
Benign,Benign,0.2062654197216034
Benign,Benign,0.19999022781848907
Benign,Benign,0.20676039159297943
Benign,Benign,0.2666349709033966
Benign,Benign,0.22219215333461761
Benign,Benign,0.229003444314003
Benign,Benign,0.19951403141021729
Benign,Benign,0.19951403141021729
Benign,Benign,0.2537488639354706
Benign,Benign,0.19951403141021729
Benign,Benign,0.19951403141021729
Benign,Benign,0.2841247022151947
Benign,Benign,0.22888655960559845
Benign,Benign,0.19999022781848907
Benign,Benign,0.19951403141021729
Benign,Benign,0.19951403141021729
Benign,Benign,0.19959592819213867
Benign,Benign,0.19951403141021729
Benign,Benign,0.22704268991947174
Benign,Benign,0.19951403141021729
Benign,Benign,0.20141878724098206
Benign,Benign,0.22987252473831177
Benign,Benign,0.20246486365795135
Benign,Benign,0.19951403141021729
Benign,Benign,0.19951403141021729
Benign,Benign,0.19951403141021729
Benign,Benign,0.21157710254192352
Benign,Benign,0.19999022781848907
Benign,Benign,0.30139654874801636
Benign,Benign,0.24684832990169525
Benign,Benign,0.2326495498418808
Benign,Benign,0.20141878724098206
Benign,Benign,0.21152803301811218
Benign,Benign,0.19951403141021729
Benign,Benign,0.2457088977098465
Benign,Benign,0.20806175470352173
Benign,Benign,0.20427079498767853
Benign,Benign,0.20533443987369537
Benign,Benign,0.19999022781848907
Benign,Benign,0.19951403141021729
Benign,Benign,0.20175978541374207
Benign,Benign,0.19951403141021729
Benign,Benign,0.19999022781848907
Benign,Benign,0.19951403141021729
Benign,Benign,0.2015361338853836
Benign,Benign,0.201736181974411
Benign,Benign,0.2091141790151596
Benign,Benign,0.19951403141021729
Benign,Benign,0.24577073752880096
Benign,Benign,0.20128358900547028
Benign,Benign,0.19951403141021729
Benign,Benign,0.19951403141021729
Benign,Benign,0.20128358900547028
Benign,Benign,0.20094260573387146
Benign,Benign,0.22065964341163635
Benign,Benign,0.19999022781848907
Benign,Benign,0.19999022781848907
Benign,Benign,0.19951403141021729
Benign,Benign,0.19951403141021729
Benign,Benign,0.2013339400291443
Benign,Benign,0.19951403141021729
Benign,Benign,0.20253923535346985
Benign,Benign,0.20197688043117523
Benign,Benign,0.19951403141021729
Benign,Benign,0.19951403141021729
Benign,Benign,0.31137335300445557
Benign,Benign,0.20175978541374207
Benign,Benign,0.20237118005752563
Benign,Benign,0.19951403141021729
Benign,Benign,0.19999022781848907
Benign,Benign,0.20046640932559967
Benign,Benign,0.19951403141021729
Benign,Benign,0.2231738269329071
Benign,Benign,0.2095319926738739
Benign,Benign,0.19951403141021729
Benign,Benign,0.2092297375202179
Benign,Benign,0.20046640932559967
Benign,Benign,0.20414073765277863
Benign,Benign,0.2230009287595749
Benign,Benign,0.21130995452404022
Benign,Benign,0.19951403141021729
Benign,Benign,0.20030760765075684
Benign,Benign,0.19951403141021729
Benign,Benign,0.19951403141021729
Benign,Benign,0.19951403141021729
Benign,Benign,0.20489361882209778
Benign,Benign,0.19999022781848907
Benign,Benign,0.19951403141021729
Benign,Benign,0.19951403141021729
Benign,Benign,0.19951403141021729
Benign,Benign,0.20128358900547028
Benign,Benign,0.19951403141021729
Benign,Benign,0.19951403141021729
Benign,Benign,0.2125769704580307
Benign,Benign,0.21214449405670166
Benign,Benign,0.19999022781848907
Benign,Benign,0.20153161883354187
Benign,Benign,0.19999022781848907
Benign,Benign,0.19951403141021729
Benign,Benign,0.19951403141021729
Benign,Benign,0.20223596692085266
Benign,Benign,0.19951403141021729
Benign,Benign,0.19951403141021729
Benign,Benign,0.19951403141021729
Benign,Benign,0.19951403141021729
Benign,Benign,0.2141083925962448
Benign,Benign,0.1998143047094345
Benign,Benign,0.23717230558395386
Benign,Benign,0.19951403141021729
Benign,Benign,0.26539692282676697
Benign,Benign,0.19951403141021729
Benign,Benign,0.21326395869255066
Benign,Benign,0.19951403141021729
Benign,Benign,0.20582208037376404
Benign,Benign,0.20188473165035248
Benign,Benign,0.21529477834701538
Benign,Benign,0.2059580385684967
Benign,Benign,0.2039220929145813
Benign,Benign,0.19951403141021729
Benign,Benign,0.20514576137065887
Benign,Benign,0.19951403141021729
Benign,Benign,0.19999022781848907
Benign,Benign,0.19999022781848907
Benign,Benign,0.19999022781848907
Benign,Benign,0.20147225260734558
Benign,Benign,0.19951403141021729
Benign,Benign,0.19951403141021729
Benign,Benign,0.20046640932559967
Benign,Benign,0.19999022781848907
Benign,Benign,0.20181915163993835
Benign,Benign,0.19951403141021729
Benign,Benign,0.2087954729795456
Benign,Benign,0.19951403141021729
Benign,Benign,0.19951403141021729
Benign,Benign,0.19951403141021729
Benign,Benign,0.20385320484638214
Benign,Benign,0.19951403141021729
Benign,Benign,0.19951403141021729
Benign,Benign,0.19951403141021729
Benign,Benign,0.19999022781848907
Benign,Benign,0.19951403141021729
Benign,Benign,0.19951403141021729
Benign,Benign,0.19999022781848907
Benign,Benign,0.19951403141021729
Benign,Benign,0.20181915163993835
Benign,Benign,0.19951403141021729
Benign,Benign,0.20886468887329102
Benign,Benign,0.2043982893228531
Benign,Benign,0.19951403141021729
Benign,Benign,0.24598966538906097
Benign,Benign,0.19951403141021729
Benign,Benign,0.20046640932559967
Benign,Benign,0.20094260573387146
Benign,Benign,0.24504117667675018
Benign,Benign,0.20046640932559967
Benign,Benign,0.21351706981658936
Benign,Benign,0.20247729122638702
Benign,Benign,0.20141878724098206
Benign,Benign,0.19999022781848907
Benign,Benign,0.20159749686717987
Benign,Benign,0.19999022781848907
Benign,Benign,0.19951403141021729
Benign,Benign,0.20855973660945892
Benign,Benign,0.20323684811592102
Benign,Benign,0.19951403141021729
Benign,Benign,0.19951403141021729
Benign,Benign,0.19999022781848907
Benign,Benign,0.20372390747070312
Benign,Benign,0.20229533314704895
Benign,Benign,0.20944836735725403
Benign,Benign,0.19951403141021729
Benign,Benign,0.19951403141021729
Benign,Benign,0.19951403141021729
Benign,Benign,0.19951403141021729
Benign,Benign,0.19951403141021729
Benign,Benign,0.20390081405639648
Benign,Benign,0.19999022781848907
Benign,Benign,0.19951403141021729
Benign,Benign,0.2020123302936554
Benign,Benign,0.21376042068004608
Benign,Benign,0.20094260573387146
Benign,Benign,0.19951403141021729
Benign,Benign,0.2090538591146469
Benign,Benign,0.19951403141021729
Benign,Benign,0.19951403141021729
Benign,Benign,0.19951403141021729
Benign,Benign,0.22921298444271088
Benign,Benign,0.20229533314704895
Benign,Benign,0.20189498364925385
Benign,Benign,0.19999022781848907
Benign,Benign,0.19951403141021729
Benign,Benign,0.20311634242534637
Benign,Benign,0.20105542242527008
Benign,Benign,0.19951403141021729
Benign,Benign,0.21651750802993774
Benign,Benign,0.21566541492938995
Benign,Benign,0.19951403141021729
Benign,Benign,0.19951403141021729
Benign,Benign,0.19951403141021729
Benign,Benign,0.19951403141021729
Benign,Benign,0.19999022781848907
Benign,Benign,0.20271216332912445
Benign,Benign,0.19951403141021729
Benign,Benign,0.20094260573387146
Benign,Benign,0.19951403141021729
Benign,Benign,0.20175978541374207
Benign,Benign,0.2029697149991989
Benign,Benign,0.2286383956670761
Benign,Benign,0.20134295523166656
Benign,Benign,0.20046640932559967
Benign,Benign,0.20046640932559967
Benign,Benign,0.20237118005752563
Benign,Benign,0.19951403141021729
Benign,Benign,0.2038377970457077
Benign,Benign,0.20046640932559967
Benign,Benign,0.19951403141021729
Benign,Benign,0.19951403141021729
Benign,Benign,0.20046640932559967
Benign,Benign,0.19951403141021729
Benign,Benign,0.19951403141021729
Benign,Benign,0.3146410882472992
Benign,Benign,0.20290081202983856
Benign,Benign,0.19951403141021729
Benign,Benign,0.19951403141021729
Benign,Benign,0.19999022781848907
Benign,Benign,0.19951403141021729
Benign,Benign,0.21979406476020813
Benign,Benign,0.22204948961734772
Benign,Benign,0.20358064770698547
Benign,Benign,0.21441017091274261
Benign,Benign,0.19951403141021729
Benign,Benign,0.19951403141021729
Benign,Benign,0.19951403141021729
Benign,Benign,0.19951403141021729
Benign,Benign,0.20094260573387146
Benign,Benign,0.2057133913040161
Benign,Benign,0.19951403141021729
Benign,Benign,0.19999022781848907
Benign,Benign,0.20094260573387146
Benign,Benign,0.20385117828845978
Benign,Benign,0.23052556812763214
Benign,Benign,0.19951403141021729
Benign,Benign,0.19951403141021729
Benign,Benign,0.20141878724098206
Benign,Benign,0.19951403141021729
Benign,Benign,0.19951403141021729
Benign,Benign,0.19999022781848907
Benign,Benign,0.19951403141021729
Benign,Benign,0.19951403141021729
Benign,Benign,0.20046640932559967
Benign,Benign,0.19951403141021729
Benign,Benign,0.20046640932559967
Benign,Benign,0.26339951157569885
Benign,Benign,0.19951403141021729
Benign,Benign,0.19951403141021729
Benign,Benign,0.19951403141021729
Benign,Benign,0.19951403141021729
Benign,Benign,0.19951403141021729
Benign,Benign,0.20181915163993835
Benign,Benign,0.19951403141021729
Benign,Benign,0.20046640932559967
Benign,Benign,0.19951403141021729
Benign,Benign,0.20046640932559967
Benign,Benign,0.2188221961259842
Benign,Benign,0.20105542242527008
Benign,Benign,0.20271216332912445
Benign,Benign,0.19999022781848907
Benign,Benign,0.19999022781848907
Benign,Benign,0.2345018833875656
Benign,Benign,0.20147225260734558
Benign,Benign,0.21035775542259216
Benign,Benign,0.19999022781848907
Benign,Benign,0.20729349553585052
Benign,Benign,0.19951403141021729
Benign,Benign,0.19951403141021729
Benign,Benign,0.20223596692085266
Benign,Benign,0.20271216332912445
Benign,Benign,0.19999022781848907
Benign,Benign,0.20260943472385406
Benign,Benign,0.19999022781848907
Benign,Benign,0.20181915163993835
Benign,Benign,0.20390324294567108
Benign,Benign,0.19951403141021729
Benign,Benign,0.20046640932559967
Benign,Benign,0.20905901491641998
Benign,Benign,0.22250495851039886
Benign,Benign,0.19999022781848907
Benign,Benign,0.24938137829303741
Benign,Benign,0.20128358900547028
Benign,Benign,0.20223596692085266
Benign,Benign,0.21718724071979523
Benign,Benign,0.20054830610752106
Benign,Benign,0.24959878623485565
Benign,Benign,0.20489764213562012
Benign,Benign,0.19999022781848907
Benign,Benign,0.2049422711133957
Benign,Benign,0.19999022781848907
Benign,Benign,0.20094260573387146
Benign,Benign,0.19951403141021729
Benign,Benign,0.20128358900547028
Benign,Benign,0.19999022781848907
Benign,Benign,0.19951403141021729
Benign,Benign,0.2022123634815216
Benign,Benign,0.20247729122638702
Benign,Benign,0.19999022781848907
Benign,Benign,0.24154843389987946
Benign,Benign,0.19951403141021729
Benign,Benign,0.20128358900547028
Benign,Benign,0.2096836268901825
Benign,Benign,0.19999022781848907
Benign,Benign,0.19951403141021729
Benign,Benign,0.19951403141021729
Benign,Benign,0.2002905011177063
Benign,Benign,0.23669016361236572
Benign,Benign,0.19951403141021729
Benign,Benign,0.2505173683166504
Benign,Benign,0.20030760765075684
Benign,Benign,0.19951403141021729
Benign,Benign,0.20046640932559967
Benign,Benign,0.22544653713703156
Benign,Benign,0.2118275761604309
Benign,Benign,0.19951403141021729
Benign,Benign,0.20046640932559967
Benign,Benign,0.20046640932559967
Benign,Benign,0.19951403141021729
Benign,Benign,0.19951403141021729
Benign,Benign,0.24874809384346008
Benign,Benign,0.20736028254032135
Benign,Benign,0.19951403141021729
Benign,Benign,0.19999022781848907
Benign,Benign,0.20094260573387146
Benign,Benign,0.20229533314704895
Benign,Benign,0.23927617073059082
Benign,Benign,0.20988993346691132
Benign,Benign,0.19951403141021729
Benign,Benign,0.20147225260734558
Benign,Benign,0.19951403141021729
Benign,Benign,0.19951403141021729
Benign,Benign,0.19951403141021729
Benign,Benign,0.19999022781848907
Benign,Benign,0.20271216332912445
Benign,Benign,0.20128358900547028
Benign,Benign,0.20046640932559967
Benign,Benign,0.21426664292812347
Benign,Benign,0.20094260573387146
Benign,Benign,0.19951403141021729
Benign,Benign,0.23642593622207642
Benign,Benign,0.19951403141021729
Benign,Benign,0.19951403141021729
Benign,Benign,0.20245307683944702
Benign,Benign,0.19951403141021729
Benign,Benign,0.19951403141021729
Benign,Benign,0.19951403141021729
Benign,Benign,0.19999022781848907
Benign,Benign,0.19999022781848907
Benign,Benign,0.202488511800766
Benign,Benign,0.19951403141021729
Benign,Benign,0.19951403141021729
Benign,Benign,0.20875181257724762
Benign,Benign,0.19951403141021729
Benign,Benign,0.19951403141021729
Benign,Benign,0.20094260573387146
Benign,Benign,0.23423410952091217
Benign,Benign,0.20125998556613922
Benign,Benign,0.19959592819213867
Benign,Benign,0.20094260573387146
Benign,Benign,0.19951403141021729
Benign,Benign,0.19999022781848907
Benign,Benign,0.23268012702465057
Benign,Benign,0.20094260573387146
Benign,Benign,0.20344088971614838
Benign,Benign,0.21181294322013855
Benign,Benign,0.19999022781848907
Benign,Benign,0.21922004222869873
Benign,Benign,0.19999022781848907
Benign,Benign,0.22220289707183838
Benign,Benign,0.19951403141021729
Benign,Benign,0.19951403141021729
Benign,Benign,0.2413109987974167
Benign,Benign,0.20046640932559967
Benign,Benign,0.20046640932559967
Benign,Benign,0.19999022781848907
Benign,Benign,0.19999022781848907
Benign,Benign,0.19951403141021729
Benign,Benign,0.2566567063331604
Benign,Benign,0.19951403141021729
Benign,Benign,0.19999022781848907
Benign,Benign,0.20493485033512115
Benign,Benign,0.19951403141021729
Benign,Benign,0.19999022781848907
Benign,Benign,0.21730637550354004
Benign,Benign,0.19999022781848907
Benign,Benign,0.19999022781848907
Benign,Benign,0.20837849378585815
Benign,Benign,0.3819762170314789
Benign,Benign,0.19951403141021729
Benign,Benign,0.19951403141021729
Benign,Benign,0.20181012153625488
Benign,Benign,0.24052917957305908
Benign,Benign,0.19951403141021729
Benign,Benign,0.20046640932559967
Benign,Benign,0.20223596692085266
Benign,Benign,0.2326652556657791
Benign,Benign,0.19951403141021729
Benign,Benign,0.20780476927757263
Benign,Benign,0.23132844269275665
Benign,Benign,0.19999022781848907
Benign,Benign,0.20124287903308868
Benign,Benign,0.19951403141021729
Benign,Benign,0.20699787139892578
Benign,Benign,0.20214372873306274
Benign,Benign,0.19951403141021729
Benign,Benign,0.20318834483623505
Benign,Benign,0.19951403141021729
Benign,Benign,0.23702047765254974
Benign,Benign,0.20046640932559967
Benign,Benign,0.19951403141021729
Benign,Benign,0.2040359079837799
Benign,Benign,0.20046640932559967
Benign,Benign,0.19951403141021729
Benign,Benign,0.19951403141021729
Benign,Benign,0.19999022781848907
Benign,Benign,0.20175978541374207
Benign,Benign,0.19951403141021729
Benign,Benign,0.2116038203239441
Benign,Benign,0.20078380405902863
Benign,Benign,0.20666132867336273
Benign,Benign,0.19951403141021729
Benign,Benign,0.19999022781848907
Benign,Benign,0.23865178227424622
Benign,Benign,0.19951403141021729
Benign,Benign,0.19951403141021729
Benign,Benign,0.19999022781848907
Benign,Benign,0.19951403141021729
Benign,Benign,0.19951403141021729
Benign,Benign,0.19951403141021729
Benign,Benign,0.19951403141021729
Benign,Benign,0.19999022781848907
Benign,Benign,0.20046640932559967
Benign,Benign,0.20350457727909088
Benign,Benign,0.20141878724098206
Benign,Benign,0.20189498364925385
Benign,Benign,0.20046640932559967
Benign,Benign,0.2008577436208725
Benign,Benign,0.20147225260734558
Benign,Benign,0.20046640932559967
Benign,Benign,0.19951403141021729
Benign,Benign,0.27226677536964417
Benign,Benign,0.2007666826248169
Benign,Benign,0.23353096842765808
Benign,Benign,0.19951403141021729
Benign,Benign,0.20046640932559967
Benign,Benign,0.2377539575099945
Benign,Benign,0.19951403141021729
Benign,Benign,0.20054830610752106
Benign,Benign,0.19999022781848907
Benign,Benign,0.20094260573387146
Benign,Benign,0.19951403141021729
Benign,Benign,0.19999022781848907
Benign,Benign,0.2043982893228531
Benign,Benign,0.19999022781848907
Benign,Benign,0.21527446806430817
Benign,Benign,0.19999022781848907
Benign,Benign,0.20046640932559967
Benign,Benign,0.20094260573387146
Benign,Benign,0.19951403141021729
Benign,Benign,0.21542495489120483
Benign,Benign,0.20181915163993835
Benign,Benign,0.19999022781848907
Benign,Benign,0.19951403141021729
Benign,Benign,0.19951403141021729
Benign,Benign,0.2031344473361969
Benign,Benign,0.19951403141021729
Benign,Benign,0.19951403141021729
Benign,Benign,0.19951403141021729
Benign,Benign,0.19951403141021729
Benign,Benign,0.21113139390945435
Benign,Benign,0.20105542242527008
Benign,Benign,0.20175978541374207
Benign,Benign,0.20094260573387146
Benign,Benign,0.19951403141021729
Benign,Benign,0.19999022781848907
Benign,Benign,0.19951403141021729
Benign,Benign,0.21270780265331268
Benign,Benign,0.21814511716365814
Benign,Benign,0.20250532031059265
Benign,Benign,0.21984969079494476
Benign,Benign,0.20985502004623413
Benign,Benign,0.20046640932559967
Benign,Benign,0.19951403141021729
Benign,Benign,0.20457597076892853
Benign,Benign,0.21368376910686493
Benign,Benign,0.20223596692085266
Benign,Benign,0.19999022781848907
Benign,Benign,0.19951403141021729
Benign,Benign,0.19951403141021729
Benign,Benign,0.21505571901798248
Benign,Benign,0.22606007754802704
Benign,Benign,0.20372001826763153
Benign,Benign,0.20094260573387146
Benign,Benign,0.19951403141021729
Benign,Benign,0.19951403141021729
Benign,Benign,0.20781154930591583
Benign,Benign,0.19951403141021729
Benign,Benign,0.20175978541374207
Benign,Benign,0.2352389693260193
Benign,Benign,0.19951403141021729
Benign,Benign,0.20223596692085266
Benign,Benign,0.20290081202983856
Benign,Benign,0.19951403141021729
Benign,Benign,0.20337437093257904
Benign,Benign,0.19999022781848907
Benign,Benign,0.20094260573387146
Benign,Benign,0.201736181974411
Benign,Benign,0.20054830610752106
Benign,Benign,0.20237118005752563
Benign,Benign,0.203246608376503
Benign,Benign,0.20440398156642914
Benign,Benign,0.20713308453559875
Benign,Benign,0.19999022781848907
Benign,Benign,0.20046640932559967
Benign,Benign,0.20154114067554474
Benign,Benign,0.19999022781848907
Benign,Benign,0.20046640932559967
Benign,Benign,0.20128358900547028
Benign,Benign,0.19951403141021729
Benign,Benign,0.19951403141021729
Benign,Benign,0.19951403141021729
Benign,Benign,0.23755428194999695
Benign,Benign,0.19951403141021729
Benign,Benign,0.19951403141021729
Benign,Benign,0.19951403141021729
Benign,Benign,0.22453247010707855
Benign,Benign,0.20388163626194
Benign,Benign,0.19951403141021729
Benign,Benign,0.19951403141021729
Benign,Benign,0.19951403141021729
Benign,Benign,0.19951403141021729
Benign,Benign,0.19999022781848907
Benign,Benign,0.19951403141021729
Benign,Benign,0.19951403141021729
Benign,Benign,0.19951403141021729
Benign,Benign,0.20007212460041046
Benign,Benign,0.3049309253692627
Benign,Benign,0.19951403141021729
Benign,Benign,0.19951403141021729
Benign,Benign,0.20462679862976074
Benign,Benign,0.20175978541374207
Benign,Benign,0.2017955482006073
Benign,Benign,0.19959592819213867
Benign,Benign,0.19999022781848907
Benign,Benign,0.19999022781848907
Benign,Benign,0.20094260573387146
Benign,Benign,0.20306216180324554
Benign,Benign,0.30509093403816223
Benign,Benign,0.19951403141021729
Benign,Benign,0.19951403141021729
Benign,Benign,0.19999022781848907
Benign,Benign,0.213666632771492
Benign,Benign,0.19951403141021729
Benign,Benign,0.20585238933563232
Benign,Benign,0.21160142123699188
Benign,Benign,0.2020123302936554
Benign,Benign,0.22117523849010468
Benign,Benign,0.19999022781848907
Benign,Benign,0.19999022781848907
Benign,Benign,0.19999022781848907
Benign,Benign,0.22626915574073792
Benign,Benign,0.19951403141021729
Benign,Benign,0.24525125324726105
Benign,Benign,0.19951403141021729
Benign,Benign,0.20194843411445618
Benign,Benign,0.20030760765075684
Benign,Benign,0.19999022781848907
Benign,Benign,0.19999022781848907
Benign,Benign,0.19951403141021729
Benign,Benign,0.2344999462366104
Benign,Benign,0.20134295523166656
Benign,Benign,0.19951403141021729
Benign,Benign,0.19951403141021729
Benign,Benign,0.19999022781848907
Benign,Benign,0.21598227322101593
Benign,Benign,0.20764197409152985
Benign,Benign,0.19951403141021729
Benign,Benign,0.20189498364925385
Benign,Benign,0.2232082337141037
Benign,Benign,0.20318834483623505
Benign,Benign,0.22722923755645752
Benign,Benign,0.19951403141021729
Benign,Benign,0.19999022781848907
Benign,Benign,0.24134714901447296
Benign,Benign,0.20237118005752563
Benign,Benign,0.21363066136837006
Benign,Benign,0.20141878724098206
Benign,Benign,0.19951403141021729
Benign,Benign,0.20030760765075684
Benign,Benign,0.19951403141021729
Benign,Benign,0.19951403141021729
Benign,Benign,0.2314322590827942
Benign,Benign,0.19951403141021729
Benign,Benign,0.19951403141021729
Benign,Benign,0.20248399674892426
Benign,Benign,0.20271216332912445
Benign,Benign,0.19999022781848907
Benign,Benign,0.2043456882238388
Benign,Benign,0.20054830610752106
Benign,Benign,0.2337111085653305
Benign,Benign,0.19951403141021729
Benign,Benign,0.19951403141021729
Benign,Benign,0.19951403141021729
Benign,Benign,0.2020123302936554
Benign,Benign,0.20125998556613922
Benign,Benign,0.19999022781848907
Benign,Benign,0.20859269797801971
Benign,Benign,0.20610485970973969
Benign,Benign,0.19951403141021729
Benign,Benign,0.19951403141021729
Benign,Benign,0.20134295523166656
Benign,Benign,0.19951403141021729
Benign,Benign,0.19999022781848907
Benign,Benign,0.3146410882472992
Benign,Benign,0.20251311361789703
Benign,Benign,0.20223596692085266
Benign,Benign,0.2157607227563858
Benign,Benign,0.20345422625541687
Benign,Benign,0.20398077368736267
Benign,Benign,0.19999022781848907
Benign,Benign,0.19951403141021729
Benign,Benign,0.21824127435684204
Benign,Benign,0.19999022781848907
Benign,Benign,0.21535742282867432
Benign,Benign,0.19951403141021729
Benign,Benign,0.19951403141021729
Benign,Benign,0.20713752508163452
Benign,Benign,0.19951403141021729
Benign,Benign,0.19951403141021729
Benign,Benign,0.19999022781848907
Benign,Benign,0.19999022781848907
Benign,Benign,0.35859376192092896
Benign,Benign,0.19951403141021729
Benign,Benign,0.19951403141021729
Benign,Benign,0.20007212460041046
Benign,Benign,0.19951403141021729
Benign,Benign,0.19951403141021729
Benign,Benign,0.2203446477651596
Benign,Benign,0.20366454124450684
Benign,Benign,0.19951403141021729
Benign,Benign,0.19999022781848907
Benign,Benign,0.19951403141021729
Benign,Benign,0.19951403141021729
Benign,Benign,0.19999022781848907
Benign,Benign,0.19951403141021729
Benign,Benign,0.19999022781848907
Benign,Benign,0.20348039269447327
Benign,Benign,0.22750724852085114
Benign,Benign,0.19999022781848907
Benign,Benign,0.19951403141021729
Benign,Benign,0.19999022781848907
Benign,Benign,0.19999022781848907
Benign,Benign,0.22708584368228912
Benign,Benign,0.2351161688566208
Benign,Benign,0.2117866575717926
Benign,Benign,0.19951403141021729
Benign,Benign,0.19951403141021729
Benign,Benign,0.2108176052570343
Benign,Benign,0.22083230316638947
Benign,Benign,0.20046640932559967
Benign,Benign,0.19951403141021729
Benign,Benign,0.2007666826248169
Benign,Benign,0.20332355797290802
Benign,Benign,0.24182605743408203
Benign,Benign,0.2015361338853836
Benign,Benign,0.19951403141021729
Benign,Benign,0.2112804502248764
Benign,Benign,0.20408682525157928
Benign,Benign,0.20324771106243134
Benign,Benign,0.21163903176784515
Benign,Benign,0.19999022781848907
Benign,Benign,0.19999022781848907
Benign,Benign,0.20128358900547028
Benign,Benign,0.24993984401226044
Benign,Benign,0.20271216332912445
Benign,Benign,0.19999022781848907
Benign,Benign,0.19951403141021729
Benign,Benign,0.19951403141021729
Benign,Benign,0.20181915163993835
Benign,Benign,0.20202936232089996
Benign,Benign,0.19999022781848907
Benign,Benign,0.20223596692085266
Benign,Benign,0.20332355797290802
Benign,Benign,0.2234099954366684
Benign,Benign,0.22372329235076904
Benign,Benign,0.20105542242527008
Benign,Benign,0.19951403141021729
Benign,Benign,0.2093926966190338
Benign,Benign,0.2837222218513489
Benign,Benign,0.20046640932559967
Benign,Benign,0.20483548939228058
Benign,Benign,0.20046640932559967
Benign,Benign,0.19951403141021729
Benign,Benign,0.20128358900547028
Benign,Benign,0.20150068402290344
Benign,Benign,0.19959592819213867
Benign,Benign,0.19999022781848907
Benign,Benign,0.19951403141021729
Benign,Benign,0.19999022781848907
Benign,Benign,0.19951403141021729
Benign,Benign,0.19951403141021729
Benign,Benign,0.20175978541374207
Benign,Benign,0.20046640932559967
Benign,Benign,0.19951403141021729
Benign,Benign,0.19951403141021729
Benign,Benign,0.236152783036232
Benign,Benign,0.19951403141021729
Benign,Benign,0.19951403141021729
Benign,Benign,0.2287641167640686
Benign,Benign,0.19999022781848907
Benign,Benign,0.2337845116853714
Benign,Benign,0.19999022781848907
Benign,Benign,0.19951403141021729
Benign,Benign,0.20134295523166656
Benign,Benign,0.19951403141021729
Benign,Benign,0.28807440400123596
Benign,Benign,0.19951403141021729
Benign,Benign,0.19951403141021729
Benign,Benign,0.19999022781848907
Benign,Benign,0.20007212460041046
Benign,Benign,0.22561755776405334
Benign,Benign,0.21562820672988892
Benign,Benign,0.19999022781848907
Benign,Benign,0.19951403141021729
Benign,Benign,0.20046640932559967
Benign,Benign,0.19951403141021729
Benign,Benign,0.2320195436477661
Benign,Benign,0.21465331315994263
Benign,Benign,0.24075835943222046
Benign,Benign,0.19999022781848907
Benign,Benign,0.20485016703605652
Benign,Benign,0.21251292526721954
Benign,Benign,0.19951403141021729
Benign,Benign,0.19951403141021729
Benign,Benign,0.19999022781848907
Benign,Benign,0.20046640932559967
Benign,Benign,0.24022969603538513
Benign,Benign,0.19951403141021729
Benign,Benign,0.19951403141021729
Benign,Benign,0.19951403141021729
Benign,Benign,0.19951403141021729
Benign,Benign,0.20125998556613922
Benign,Benign,0.19951403141021729
Benign,Benign,0.19951403141021729
Benign,Benign,0.20094260573387146
Benign,Benign,0.24046172201633453
Benign,Benign,0.20583517849445343
Benign,Benign,0.20046640932559967
Benign,Benign,0.23058345913887024
Benign,Benign,0.2216559499502182
Benign,Benign,0.19951403141021729
Benign,Benign,0.19999022781848907
Benign,Benign,0.19999022781848907
Benign,Benign,0.2407420128583908
Benign,Benign,0.19959592819213867
Benign,Benign,0.19999022781848907
Benign,Benign,0.22244854271411896
Benign,Benign,0.2217615246772766
Benign,Benign,0.21123269200325012
Benign,Benign,0.2102193385362625
Benign,Benign,0.19951403141021729
Benign,Benign,0.19951403141021729
Benign,Benign,0.19951403141021729
Benign,Benign,0.2355341613292694
Benign,Benign,0.19951403141021729
Benign,Benign,0.23831355571746826
Benign,Benign,0.19951403141021729
Benign,Benign,0.19999022781848907
Benign,Benign,0.19951403141021729
Benign,Benign,0.19951403141021729
Benign,Benign,0.19999022781848907
Benign,Benign,0.22687697410583496
Benign,Benign,0.19999022781848907
Benign,Benign,0.19999022781848907
Benign,Benign,0.19999022781848907
Benign,Benign,0.19951403141021729
Benign,Benign,0.20394167304039001
Benign,Benign,0.19951403141021729
Benign,Benign,0.22438640892505646
Benign,Benign,0.19951403141021729
Benign,Benign,0.19999022781848907
Benign,Benign,0.20046640932559967
Benign,Benign,0.19951403141021729
Benign,Benign,0.20378948748111725
Benign,Benign,0.19951403141021729
Benign,Benign,0.29063907265663147
Benign,Benign,0.19999022781848907
Benign,Benign,0.19951403141021729
Benign,Benign,0.21085962653160095
Benign,Benign,0.20046640932559967
Benign,Benign,0.20094260573387146
Benign,Benign,0.20007212460041046
Benign,Benign,0.20128358900547028
Benign,Benign,0.19999022781848907
Benign,Benign,0.19951403141021729
Benign,Benign,0.19951403141021729
Benign,Benign,0.19951403141021729
Benign,Benign,0.19999022781848907
Benign,Benign,0.2058715969324112
Benign,Benign,0.20046640932559967
Benign,Benign,0.20046640932559967
Benign,Benign,0.20156872272491455
Benign,Benign,0.2361128330230713
Benign,Benign,0.19951403141021729
Benign,Benign,0.20175978541374207
Benign,Benign,0.19951403141021729
Benign,Benign,0.20150068402290344
Benign,Benign,0.19951403141021729
Benign,Benign,0.19999022781848907
Benign,Benign,0.19999022781848907
Benign,Benign,0.19999022781848907
Benign,Benign,0.2013339400291443
Benign,Benign,0.20046640932559967
Benign,Benign,0.19951403141021729
Benign,Benign,0.19999022781848907
Benign,Benign,0.20094260573387146
Benign,Benign,0.19951403141021729
Benign,Benign,0.20237118005752563
Benign,Benign,0.19951403141021729
Benign,Benign,0.20284736156463623
Benign,Benign,0.19951403141021729
Benign,Benign,0.19951403141021729
Benign,Benign,0.20094260573387146
Benign,Benign,0.21105366945266724
Benign,Benign,0.19951403141021729
Benign,Benign,0.19999022781848907
Benign,Benign,0.19951403141021729
Benign,Benign,0.19951403141021729
Benign,Benign,0.20094260573387146
Benign,Benign,0.19999022781848907
Benign,Benign,0.20078380405902863
Benign,Benign,0.19951403141021729
Benign,Benign,0.19951403141021729
Benign,Benign,0.20046640932559967
Benign,Benign,0.19951403141021729
Benign,Benign,0.20562194287776947
Benign,Benign,0.19951403141021729
Benign,Benign,0.2202446162700653
Benign,Benign,0.2433987557888031
Benign,Benign,0.20094260573387146
Benign,Benign,0.19951403141021729
Benign,Benign,0.20000745356082916
Benign,Benign,0.20143602788448334
Benign,Benign,0.20290081202983856
Benign,Benign,0.19951403141021729
Benign,Benign,0.2310320883989334
Benign,Benign,0.2020123302936554
Benign,Benign,0.20078380405902863
Benign,Benign,0.20046640932559967
Benign,Benign,0.20658105611801147
Benign,Benign,0.19951403141021729
Benign,Benign,0.19951403141021729
Benign,Benign,0.19951403141021729
Benign,Benign,0.19951403141021729
Benign,Benign,0.19999022781848907
Benign,Benign,0.2040359079837799
Benign,Benign,0.20141878724098206
Benign,Benign,0.19999022781848907
Benign,Benign,0.19999022781848907
Benign,Benign,0.19951403141021729
Benign,Benign,0.19951403141021729
Benign,Benign,0.2034054547548294
Benign,Benign,0.20134295523166656
Benign,Benign,0.21117588877677917
Benign,Benign,0.19951403141021729
Benign,Benign,0.19999022781848907
Benign,Benign,0.2116977572441101
Benign,Benign,0.20094260573387146
Benign,Benign,0.2066548615694046
Benign,Benign,0.19951403141021729
Benign,Benign,0.19951403141021729
Benign,Benign,0.20229533314704895
Benign,Benign,0.20046640932559967
Benign,Benign,0.22738832235336304
Benign,Benign,0.20079481601715088
Benign,Benign,0.19951403141021729
Benign,Benign,0.19951403141021729
Benign,Benign,0.24262335896492004
Benign,Benign,0.19951403141021729
Benign,Benign,0.19951403141021729
Benign,Benign,0.20046640932559967
Benign,Benign,0.19951403141021729
Benign,Benign,0.19951403141021729
Benign,Benign,0.19999022781848907
Benign,Benign,0.19951403141021729
Benign,Benign,0.20647744834423065
Benign,Benign,0.19951403141021729
Benign,Benign,0.20094260573387146
Benign,Benign,0.20247729122638702
Benign,Benign,0.19951403141021729
Benign,Benign,0.20223596692085266
Benign,Benign,0.20128358900547028
Benign,Benign,0.19951403141021729
Benign,Benign,0.20046640932559967
Benign,Benign,0.19951403141021729
Benign,Benign,0.20046640932559967
Benign,Benign,0.19999022781848907
Benign,Benign,0.20046640932559967
Benign,Benign,0.19951403141021729
Benign,Benign,0.272315114736557
Benign,Benign,0.20046640932559967
Benign,Benign,0.19951403141021729
Benign,Benign,0.19999022781848907
Benign,Benign,0.19999022781848907
Benign,Benign,0.23804137110710144
Benign,Benign,0.22656463086605072
Benign,Benign,0.2015361338853836
Benign,Benign,0.19951403141021729
Benign,Benign,0.20153161883354187
Benign,Benign,0.19951403141021729
Benign,Benign,0.20094260573387146
Benign,Benign,0.19951403141021729
Benign,Benign,0.19951403141021729
Benign,Benign,0.20237118005752563
Benign,Benign,0.19999022781848907
Benign,Benign,0.19951403141021729
Benign,Benign,0.20141878724098206
Benign,Benign,0.19999022781848907
Benign,Benign,0.20486946403980255
Benign,Benign,0.19951403141021729
Benign,Benign,0.2360486090183258
Benign,Benign,0.19999022781848907
Benign,Benign,0.19999022781848907
Benign,Benign,0.19951403141021729
Benign,Benign,0.19951403141021729
Benign,Benign,0.19951403141021729
Benign,Benign,0.2337169647216797
Benign,Benign,0.20229533314704895
Benign,Benign,0.19999022781848907
Benign,Benign,0.22843648493289948
Benign,Benign,0.20318834483623505
Benign,Benign,0.19951403141021729
Benign,Benign,0.20046640932559967
Benign,Benign,0.19999022781848907
Benign,Benign,0.20956484973430634
Benign,Benign,0.20764197409152985
Benign,Benign,0.19951403141021729
Benign,Benign,0.20832733809947968
Benign,Benign,0.19951403141021729
Benign,Benign,0.2020123302936554
Benign,Benign,0.20318834483623505
Benign,Benign,0.19951403141021729
Benign,Benign,0.19951403141021729
Benign,Benign,0.19951403141021729
Benign,Benign,0.20128358900547028
Benign,Benign,0.19951403141021729
Benign,Benign,0.19951403141021729
Benign,Benign,0.19951403141021729
Benign,Benign,0.20030760765075684
Benign,Benign,0.2079956978559494
Benign,Benign,0.20147225260734558
Benign,Benign,0.19951403141021729
Benign,Benign,0.19951403141021729
Benign,Benign,0.19951403141021729
Benign,Benign,0.20242463052272797
Benign,Benign,0.19999022781848907
Benign,Benign,0.22292838990688324
Benign,Benign,0.19951403141021729
Benign,Benign,0.20553381741046906
Benign,Benign,0.19999022781848907
Benign,Benign,0.2047220766544342
Benign,Benign,0.24626527726650238
Benign,Benign,0.19951403141021729
Benign,Benign,0.20046640932559967
Benign,Benign,0.19951403141021729
Benign,Benign,0.19999022781848907
Benign,Benign,0.20111343264579773
Benign,Benign,0.2064991444349289
Benign,Benign,0.20107698440551758
Benign,Benign,0.2280649095773697
Benign,Benign,0.19999022781848907
Benign,Benign,0.20986126363277435
Benign,Benign,0.19951403141021729
Benign,Benign,0.19951403141021729
Benign,Benign,0.19951403141021729
Benign,Benign,0.19951403141021729
Benign,Benign,0.19951403141021729
Benign,Benign,0.2162863165140152
Benign,Benign,0.19951403141021729
Benign,Benign,0.19999022781848907
Benign,Benign,0.20128358900547028
Benign,Benign,0.19999022781848907
Benign,Benign,0.19951403141021729
Benign,Benign,0.20850598812103271
Benign,Benign,0.19951403141021729
Benign,Benign,0.19951403141021729
Benign,Benign,0.19999022781848907
Benign,Benign,0.19951403141021729
Benign,Benign,0.20046640932559967
Benign,Benign,0.22994163632392883
Benign,Benign,0.20046640932559967
Benign,Benign,0.19951403141021729
Benign,Benign,0.19999022781848907
Benign,Benign,0.19951403141021729
Benign,Benign,0.2320428490638733
Benign,Benign,0.20347730815410614
Benign,Benign,0.2281598299741745
Benign,Benign,0.19951403141021729
Benign,Benign,0.20414073765277863
Benign,Benign,0.19951403141021729
Benign,Benign,0.19951403141021729
Benign,Benign,0.20134295523166656
Benign,Benign,0.19951403141021729
Benign,Benign,0.20197688043117523
Benign,Benign,0.20873361825942993
Benign,Benign,0.19951403141021729
Benign,Benign,0.2020123302936554
Benign,Benign,0.20325055718421936
Benign,Benign,0.19951403141021729
Benign,Benign,0.22680208086967468
Benign,Benign,0.20394083857536316
Benign,Benign,0.21471750736236572
Benign,Benign,0.19951403141021729
Benign,Benign,0.19951403141021729
Benign,Benign,0.20046640932559967
Benign,Benign,0.19999022781848907
Benign,Benign,0.19951403141021729
Benign,Benign,0.19951403141021729
Benign,Benign,0.202488511800766
Benign,Benign,0.19951403141021729
Benign,Benign,0.19951403141021729
Benign,Benign,0.19951403141021729
Benign,Benign,0.21371233463287354
Benign,Benign,0.20197688043117523
Benign,Benign,0.2519795298576355
Benign,Benign,0.19951403141021729
Benign,Benign,0.2087782770395279
Benign,Benign,0.20128358900547028
Benign,Benign,0.19999022781848907
Benign,Benign,0.19999022781848907
Benign,Benign,0.19951403141021729
Benign,Benign,0.19951403141021729
Benign,Benign,0.19951403141021729
Benign,Benign,0.19951403141021729
Benign,Benign,0.19951403141021729
Benign,Benign,0.21443413197994232
Benign,Benign,0.19999022781848907
Benign,Benign,0.22750049829483032
Benign,Benign,0.19951403141021729
Benign,Benign,0.19951403141021729
Benign,Benign,0.19951403141021729
Benign,Benign,0.19951403141021729
Benign,Benign,0.20046640932559967
Benign,Benign,0.19951403141021729
Benign,Benign,0.21531851589679718
Benign,Benign,0.19999022781848907
Benign,Benign,0.43413954973220825
Benign,Benign,0.19951403141021729
Benign,Benign,0.20150068402290344
Benign,Benign,0.19951403141021729
Benign,Benign,0.2961524426937103
Benign,Benign,0.2009960561990738
Benign,Benign,0.19951403141021729
Benign,Benign,0.20094260573387146
Benign,Benign,0.19999022781848907
Benign,Benign,0.19951403141021729
Benign,Benign,0.20094260573387146
Benign,Benign,0.20128358900547028
Benign,Benign,0.19951403141021729
Benign,Benign,0.20007212460041046
Benign,Benign,0.19951403141021729
Benign,Benign,0.20078380405902863
Benign,Benign,0.20194843411445618
Benign,Benign,0.2240903228521347
Benign,Benign,0.20147225260734558
Benign,Benign,0.19951403141021729
Benign,Benign,0.25624585151672363
Benign,Benign,0.32220908999443054
Benign,Benign,0.2020123302936554
Benign,Benign,0.21061041951179504
Benign,Benign,0.19951403141021729
Benign,Benign,0.19951403141021729
Benign,Benign,0.19951403141021729
Benign,Benign,0.20046640932559967
Benign,Benign,0.21698734164237976
Benign,Benign,0.20584796369075775
Benign,Benign,0.25891926884651184
Benign,Benign,0.20175978541374207
Benign,Benign,0.19951403141021729
Benign,Benign,0.2209838628768921
Benign,Benign,0.21246351301670074
Benign,Benign,0.21366912126541138
Benign,Benign,0.19951403141021729
Benign,Benign,0.19999022781848907
Benign,Benign,0.19999022781848907
Benign,Benign,0.19999022781848907
Benign,Benign,0.19951403141021729
Benign,Benign,0.19999022781848907
Benign,Benign,0.19951403141021729
Benign,Benign,0.19951403141021729
Benign,Benign,0.20171883702278137
Benign,Benign,0.20046640932559967
Benign,Benign,0.19951403141021729
Benign,Benign,0.20372390747070312
Benign,Benign,0.23246364295482635
Benign,Benign,0.19951403141021729
Benign,Benign,0.19951403141021729
Benign,Benign,0.19951403141021729
Benign,Benign,0.19999022781848907
Benign,Benign,0.19951403141021729
Benign,Benign,0.20658105611801147
Benign,Benign,0.19951403141021729
Benign,Benign,0.2230427861213684
Benign,Benign,0.19951403141021729
Benign,Benign,0.19951403141021729
Benign,Benign,0.19951403141021729
Benign,Benign,0.19951403141021729
Benign,Benign,0.20332355797290802
Benign,Benign,0.19951403141021729
Benign,Benign,0.19951403141021729
Benign,Benign,0.19951403141021729
Benign,Benign,0.2149384617805481
Benign,Benign,0.2298770397901535
Benign,Benign,0.2014440894126892
Benign,Benign,0.20036697387695312
Benign,Benign,0.19951403141021729
Benign,Benign,0.19999022781848907
Benign,Benign,0.19951403141021729
Benign,Benign,0.20219525694847107
Benign,Benign,0.20049171149730682
Benign,Benign,0.22669550776481628
Benign,Benign,0.20175978541374207
Benign,Benign,0.20046640932559967
Benign,Benign,0.20356181263923645
Benign,Benign,0.20487447082996368
Benign,Benign,0.19951403141021729
Benign,Benign,0.22710448503494263
Benign,Benign,0.20461691915988922
Benign,Benign,0.20141878724098206
Benign,Benign,0.20141878724098206
Benign,Benign,0.2058381736278534
Benign,Benign,0.19951403141021729
Benign,Benign,0.19951403141021729
Benign,Benign,0.19951403141021729
Benign,Benign,0.19951403141021729
Benign,Benign,0.19951403141021729
Benign,Benign,0.19951403141021729
Benign,Benign,0.19951403141021729
Benign,Benign,0.19951403141021729
Benign,Benign,0.21586284041404724
Benign,Benign,0.20046640932559967
Benign,Benign,0.19999022781848907
Benign,Benign,0.19951403141021729
Benign,Benign,0.20616307854652405
Benign,Benign,0.19951403141021729
Benign,Benign,0.19951403141021729
Benign,Benign,0.19951403141021729
Benign,Benign,0.19959592819213867
Benign,Benign,0.20046640932559967
Benign,Benign,0.34391388297080994
Benign,Benign,0.21510730683803558
Benign,Benign,0.20290081202983856
Benign,Benign,0.19951403141021729
Benign,Benign,0.20814840495586395
Benign,Benign,0.19951403141021729
Benign,Benign,0.19951403141021729
Benign,Benign,0.19999022781848907
Benign,Benign,0.19951403141021729
Benign,Benign,0.20046640932559967
Benign,Benign,0.2589689791202545
Benign,Benign,0.19951403141021729
Benign,Benign,0.22300083935260773
Benign,Benign,0.2035774141550064
Benign,Benign,0.19951403141021729
Benign,Benign,0.19951403141021729
Benign,Benign,0.19951403141021729
Benign,Benign,0.20598219335079193
Benign,Benign,0.19999022781848907
Benign,Benign,0.19951403141021729
Benign,Benign,0.20385117828845978
Benign,Benign,0.19999022781848907
Benign,Benign,0.19999022781848907
Benign,Benign,0.20245307683944702
Benign,Benign,0.1998143047094345
Benign,Benign,0.23704424500465393
Benign,Benign,0.19951403141021729
Benign,Benign,0.20046640932559967
Benign,Benign,0.20223596692085266
Benign,Benign,0.19999022781848907
Benign,Benign,0.20046640932559967
Benign,Benign,0.20175978541374207
Benign,Benign,0.20181915163993835
Benign,Benign,0.240434929728508
Benign,Benign,0.19951403141021729
Benign,Benign,0.20219501852989197
Benign,Benign,0.20302970707416534
Benign,Benign,0.20938177406787872
Benign,Benign,0.19951403141021729
Benign,Benign,0.19951403141021729
Benign,Benign,0.19999022781848907
Benign,Benign,0.19999022781848907
Benign,Benign,0.19951403141021729
Benign,Benign,0.20046640932559967
Benign,Benign,0.20303009450435638
Benign,Benign,0.19951403141021729
Benign,Benign,0.20125998556613922
Benign,Benign,0.2030055671930313
Benign,Benign,0.2009960561990738
Benign,Benign,0.19951403141021729
Benign,Benign,0.23959971964359283
Benign,Benign,0.19951403141021729
Benign,Benign,0.19951403141021729
Benign,Benign,0.19951403141021729
Benign,Benign,0.20207816362380981
Benign,Benign,0.22776302695274353
Benign,Benign,0.19999022781848907
Benign,Benign,0.20286573469638824
Benign,Benign,0.19951403141021729
Benign,Benign,0.20223596692085266
Benign,Benign,0.19951403141021729
Benign,Benign,0.19951403141021729
Benign,Benign,0.19951403141021729
Benign,Benign,0.19951403141021729
Benign,Benign,0.20181915163993835
Benign,Benign,0.20175978541374207
Benign,Benign,0.20457620918750763
Benign,Benign,0.19951403141021729
Benign,Benign,0.2086792290210724
Benign,Benign,0.19959592819213867
Benign,Benign,0.2947743833065033
Benign,Benign,0.19951403141021729
Benign,Benign,0.19951403141021729
Benign,Benign,0.20046640932559967
Benign,Benign,0.19951403141021729
Benign,Benign,0.19951403141021729
Benign,Benign,0.19951403141021729
Benign,Benign,0.2237616330385208
Benign,Benign,0.21401265263557434
Benign,Benign,0.19951403141021729
Benign,Benign,0.19951403141021729
Benign,Benign,0.19951403141021729
Benign,Benign,0.19951403141021729
Benign,Benign,0.2130037248134613
Benign,Benign,0.19951403141021729
Benign,Benign,0.19951403141021729
Benign,Benign,0.19951403141021729
Benign,Benign,0.20188473165035248
Benign,Benign,0.2086806446313858
Benign,Benign,0.23872722685337067
Benign,Benign,0.19951403141021729
Benign,Benign,0.21388556063175201
Benign,Benign,0.21013572812080383
Benign,Benign,0.19999022781848907
Benign,Benign,0.20426568388938904
Benign,Benign,0.21815970540046692
Benign,Benign,0.20141878724098206
Benign,Benign,0.19951403141021729
Benign,Benign,0.2042759358882904
Benign,Benign,0.19951403141021729
Benign,Benign,0.19951403141021729
Benign,Benign,0.22827431559562683
Benign,Benign,0.20398077368736267
Benign,Benign,0.2073892503976822
Benign,Benign,0.19951403141021729
Benign,Benign,0.19951403141021729
Benign,Benign,0.19999022781848907
Benign,Benign,0.19999022781848907
Benign,Benign,0.19951403141021729
Benign,Benign,0.2009960561990738
Benign,Benign,0.24126283824443817
Benign,Benign,0.21117444336414337
Benign,Benign,0.20446398854255676
Benign,Benign,0.2009960561990738
Benign,Benign,0.19951403141021729
Benign,Benign,0.19951403141021729
Benign,Benign,0.21422414481639862
Benign,Benign,0.19951403141021729
Benign,Benign,0.22925923764705658
Benign,Benign,0.2102118879556656
Benign,Benign,0.20128358900547028
Benign,Benign,0.19951403141021729
Benign,Benign,0.21892321109771729
Benign,Benign,0.20284736156463623
Benign,Benign,0.19951403141021729
Benign,Benign,0.19951403141021729
Benign,Benign,0.19951403141021729
Benign,Benign,0.19951403141021729
Benign,Benign,0.22442711889743805
Benign,Benign,0.19951403141021729
Benign,Benign,0.19951403141021729
Benign,Benign,0.19999022781848907
Benign,Benign,0.2009960561990738
Benign,Benign,0.19951403141021729
Benign,Benign,0.19999022781848907
Benign,Benign,0.2420853227376938
Benign,Benign,0.20237118005752563
Benign,Benign,0.19951403141021729
Benign,Benign,0.20781493186950684
Benign,Benign,0.24528485536575317
Benign,Benign,0.20271216332912445
Benign,Benign,0.19951403141021729
Benign,Benign,0.19951403141021729
Benign,Benign,0.21525929868221283
Benign,Benign,0.19951403141021729
Benign,Benign,0.20318834483623505
Benign,Benign,0.20054830610752106
Benign,Benign,0.19951403141021729
Benign,Benign,0.20124287903308868
Benign,Benign,0.19951403141021729
Benign,Benign,0.19951403141021729
Benign,Benign,0.19951403141021729
Benign,Benign,0.19951403141021729
Benign,Benign,0.2364550679922104
Benign,Benign,0.19999022781848907
Benign,Benign,0.19951403141021729
Benign,Benign,0.20046640932559967
Benign,Benign,0.20046640932559967
Benign,Benign,0.19951403141021729
Benign,Benign,0.19951403141021729
Benign,Benign,0.20229533314704895
Benign,Benign,0.19951403141021729
Benign,Benign,0.20046640932559967
Benign,Benign,0.19951403141021729
Benign,Benign,0.19951403141021729
Benign,Benign,0.20909155905246735
Benign,Benign,0.2512594163417816
Benign,Benign,0.19999022781848907
Benign,Benign,0.2785080373287201
Benign,Benign,0.19951403141021729
Benign,Benign,0.19951403141021729
Benign,Benign,0.20046640932559967
Benign,Benign,0.22994354367256165
Benign,Benign,0.19951403141021729
Benign,Benign,0.19951403141021729
Benign,Benign,0.19999022781848907
Benign,Benign,0.19951403141021729
Benign,Benign,0.19951403141021729
Benign,Benign,0.20054830610752106
Benign,Benign,0.22300094366073608
Benign,Benign,0.20219525694847107
Benign,Benign,0.19999022781848907
Benign,Benign,0.19959592819213867
Benign,Benign,0.20471064746379852
Benign,Benign,0.19999022781848907
Benign,Benign,0.19999022781848907
Benign,Benign,0.19999022781848907
Benign,Benign,0.19951403141021729
Benign,Benign,0.19999022781848907
Benign,Benign,0.19999022781848907
Benign,Benign,0.20134295523166656
Benign,Benign,0.20181915163993835
Benign,Benign,0.20864523947238922
Benign,Benign,0.19951403141021729
Benign,Benign,0.20046640932559967
Benign,Benign,0.19999022781848907
Benign,Benign,0.19999022781848907
Benign,Benign,0.22299593687057495
Benign,Benign,0.19951403141021729
Benign,Benign,0.19999022781848907
Benign,Benign,0.20484581589698792
Benign,Benign,0.19951403141021729
Benign,Benign,0.20636425912380219
Benign,Benign,0.2033403217792511
Benign,Benign,0.19951403141021729
Benign,Benign,0.21504901349544525
Benign,Benign,0.19951403141021729
Benign,Benign,0.19951403141021729
Benign,Benign,0.28258755803108215
Benign,Benign,0.23284469544887543
Benign,Benign,0.19951403141021729
Benign,Benign,0.19951403141021729
Benign,Benign,0.19951403141021729
Benign,Benign,0.20128358900547028
Benign,Benign,0.23123934864997864
Benign,Benign,0.19951403141021729
Benign,Benign,0.19951403141021729
Benign,Benign,0.21383516490459442
Benign,Benign,0.20046640932559967
Benign,Benign,0.20091183483600616
Benign,Benign,0.19951403141021729
Benign,Benign,0.20189498364925385
Benign,Benign,0.20046640932559967
Benign,Benign,0.19951403141021729
Benign,Benign,0.20653197169303894
Benign,Benign,0.19951403141021729
Benign,Benign,0.19951403141021729
Benign,Benign,0.20046640932559967
Benign,Benign,0.20591874420642853
Benign,Benign,0.20046640932559967
Benign,Benign,0.21832077205181122
Benign,Benign,0.2096995711326599
Benign,Benign,0.20046640932559967
Benign,Benign,0.19951403141021729
Benign,Benign,0.19951403141021729
Benign,Benign,0.19951403141021729
Benign,Benign,0.19951403141021729
Benign,Benign,0.19951403141021729
Benign,Benign,0.20228028297424316
Benign,Benign,0.19951403141021729
Benign,Benign,0.19999022781848907
Benign,Benign,0.2099299430847168
Benign,Benign,0.19951403141021729
Benign,Benign,0.19951403141021729
Benign,Benign,0.19951403141021729
Benign,Benign,0.2245403379201889
Benign,Benign,0.19951403141021729
Benign,Benign,0.19999022781848907
Benign,Benign,0.20264162123203278
Benign,Benign,0.20175978541374207
Benign,Benign,0.19959592819213867
Benign,Benign,0.20175978541374207
Benign,Benign,0.19951403141021729
Benign,Benign,0.19999022781848907
Benign,Benign,0.19951403141021729
Benign,Benign,0.2456846833229065
Benign,Benign,0.20007212460041046
Benign,Benign,0.19951403141021729
Benign,Benign,0.19951403141021729
Benign,Benign,0.19951403141021729
Benign,Benign,0.19951403141021729
Benign,Benign,0.19999022781848907
Benign,Benign,0.24563011527061462
Benign,Benign,0.19999022781848907
Benign,Benign,0.19999022781848907
Benign,Benign,0.19951403141021729
Benign,Benign,0.2352627068758011
Benign,Benign,0.19951403141021729
Benign,Benign,0.20150068402290344
Benign,Benign,0.19951403141021729
Benign,Benign,0.21522793173789978
Benign,Benign,0.19999022781848907
Benign,Benign,0.2076020985841751
Benign,Benign,0.19951403141021729
Benign,Benign,0.20046640932559967
Benign,Benign,0.25477835536003113
Benign,Benign,0.20189498364925385
Benign,Benign,0.2524043023586273
Benign,Benign,0.31824013590812683
Benign,Benign,0.20110122859477997
Benign,Benign,0.19951403141021729
Benign,Benign,0.19951403141021729
Benign,Benign,0.21630457043647766
Benign,Benign,0.19999022781848907
Benign,Benign,0.19951403141021729
Benign,Benign,0.19999022781848907
Benign,Benign,0.19951403141021729
Benign,Benign,0.19999022781848907
Benign,Benign,0.19951403141021729
Benign,Benign,0.19951403141021729
Benign,Benign,0.20570895075798035
Benign,Benign,0.20141878724098206
Benign,Benign,0.19951403141021729
Benign,Benign,0.19999022781848907
Benign,Benign,0.20223596692085266
Benign,Benign,0.2025521993637085
Benign,Benign,0.19951403141021729
Benign,Benign,0.20046640932559967
Benign,Benign,0.20237118005752563
Benign,Benign,0.19999022781848907
Benign,Benign,0.20128358900547028
Benign,Benign,0.19951403141021729
Benign,Benign,0.20393387973308563
Benign,Benign,0.19951403141021729
Benign,Benign,0.19999022781848907
Benign,Benign,0.19999022781848907
Benign,Benign,0.2042759358882904
Benign,Benign,0.19999022781848907
Benign,Benign,0.19951403141021729
Benign,Benign,0.21098780632019043
Benign,Benign,0.19959592819213867
Benign,Benign,0.20791751146316528
Benign,Benign,0.19951403141021729
Benign,Benign,0.19951403141021729
Benign,Benign,0.20277152955532074
Benign,Benign,0.19951403141021729
Benign,Benign,0.20357228815555573
Benign,Benign,0.19951403141021729
Benign,Benign,0.19951403141021729
Benign,Benign,0.19951403141021729
Benign,Benign,0.20189498364925385
Benign,Benign,0.20271216332912445
Benign,Benign,0.21267421543598175
Benign,Benign,0.19999022781848907
Benign,Benign,0.20147225260734558
Benign,Benign,0.23589666187763214
Benign,Benign,0.19951403141021729
Benign,Benign,0.22702325880527496
Benign,Benign,0.19951403141021729
Benign,Benign,0.19951403141021729
Benign,Benign,0.19951403141021729
Benign,Benign,0.19951403141021729
Benign,Benign,0.19951403141021729
Benign,Benign,0.20128358900547028
Benign,Benign,0.19951403141021729
Benign,Benign,0.19951403141021729
Benign,Benign,0.20366454124450684
Benign,Benign,0.23853451013565063
Benign,Benign,0.19951403141021729
Benign,Benign,0.19951403141021729
Benign,Benign,0.19951403141021729
Benign,Benign,0.19951403141021729
Benign,Benign,0.19951403141021729
Benign,Benign,0.20046640932559967
Benign,Benign,0.19951403141021729
Benign,Benign,0.19951403141021729
Benign,Benign,0.2009960561990738
Benign,Benign,0.20277152955532074
Benign,Benign,0.21083375811576843
Benign,Benign,0.20442144572734833
Benign,Benign,0.19962845742702484
Benign,Benign,0.19951403141021729
Benign,Benign,0.20046640932559967
Benign,Benign,0.19951403141021729
Benign,Benign,0.20046640932559967
Benign,Benign,0.20134295523166656
Benign,Benign,0.20274299383163452
Benign,Benign,0.23603513836860657
Benign,Benign,0.19951403141021729
Benign,Benign,0.22677616775035858
Benign,Benign,0.20157741010189056
Benign,Benign,0.19951403141021729
Benign,Benign,0.19951403141021729
Benign,Benign,0.203822523355484
Benign,Benign,0.2143537998199463
Benign,Benign,0.19951403141021729
Benign,Benign,0.22587203979492188
Benign,Benign,0.20141878724098206
Benign,Benign,0.19951403141021729
Benign,Benign,0.20570258796215057
Benign,Benign,0.19999022781848907
Benign,Benign,0.19951403141021729
Benign,Benign,0.20150068402290344
Benign,Benign,0.19951403141021729
Benign,Benign,0.20315924286842346
Benign,Benign,0.19999022781848907
Benign,Benign,0.19951403141021729
Benign,Benign,0.19951403141021729
Benign,Benign,0.20175978541374207
Benign,Benign,0.20219525694847107
Benign,Benign,0.20296470820903778
Benign,Benign,0.19999022781848907
Benign,Benign,0.23511217534542084
Benign,Benign,0.19951403141021729
Benign,Benign,0.20141878724098206
Benign,Benign,0.20750592648983002
Benign,Benign,0.20204874873161316
Benign,Benign,0.21000482141971588
Benign,Benign,0.20223596692085266
Benign,Benign,0.20582684874534607
Benign,Benign,0.19951403141021729
Benign,Benign,0.19999022781848907
Benign,Benign,0.19951403141021729
Benign,Benign,0.19999022781848907
Benign,Benign,0.20271216332912445
Benign,Benign,0.19951403141021729
Benign,Benign,0.19951403141021729
Benign,Benign,0.2375415861606598
Benign,Benign,0.20128358900547028
Benign,Benign,0.23357078433036804
Benign,Benign,0.20570451021194458
Benign,Benign,0.20437943935394287
Benign,Benign,0.19951403141021729
Benign,Benign,0.2301054447889328
Benign,Benign,0.2062201350927353
Benign,Benign,0.19951403141021729
Benign,Benign,0.19951403141021729
Benign,Benign,0.21185551583766937
Benign,Benign,0.19951403141021729
Benign,Benign,0.19951403141021729
Benign,Benign,0.19999022781848907
Benign,Benign,0.19951403141021729
Benign,Benign,0.20445866882801056
Benign,Benign,0.20777635276317596
Benign,Benign,0.19951403141021729
Benign,Benign,0.20094260573387146
Benign,Benign,0.19951403141021729
Benign,Benign,0.23347671329975128
Benign,Benign,0.19951403141021729
Benign,Benign,0.19951403141021729
Benign,Benign,0.2033403217792511
Benign,Benign,0.23168712854385376
Benign,Benign,0.20046640932559967
Benign,Benign,0.21823690831661224
Benign,Benign,0.19951403141021729
Benign,Benign,0.20290081202983856
Benign,Benign,0.21137970685958862
Benign,Benign,0.2617327570915222
Benign,Benign,0.20189498364925385
Benign,Benign,0.19999022781848907
Benign,Benign,0.2149960845708847
Benign,Benign,0.22832973301410675
Benign,Benign,0.20046640932559967
Benign,Benign,0.19951403141021729
Benign,Benign,0.19999022781848907
Benign,Benign,0.20194843411445618
Benign,Benign,0.25300633907318115
Benign,Benign,0.2168058156967163
Benign,Benign,0.19951403141021729
Benign,Benign,0.20398247241973877
Benign,Benign,0.20181012153625488
Benign,Benign,0.19951403141021729
Benign,Benign,0.19951403141021729
Benign,Benign,0.19951403141021729
Benign,Benign,0.20204874873161316
Benign,Benign,0.19951403141021729
Benign,Benign,0.19951403141021729
Benign,Benign,0.2042451798915863
Benign,Benign,0.23290178179740906
Benign,Benign,0.19951403141021729
Benign,Benign,0.2180759459733963
Benign,Benign,0.2609449326992035
Benign,Benign,0.20102450251579285
Benign,Benign,0.19951403141021729
Benign,Benign,0.21120516955852509
Benign,Benign,0.19951403141021729
Benign,Benign,0.19951403141021729
Benign,Benign,0.19951403141021729
Benign,Benign,0.20372390747070312
Benign,Benign,0.2002905011177063
Benign,Benign,0.21154995262622833
Benign,Benign,0.19951403141021729
Benign,Benign,0.2279893159866333
Benign,Benign,0.19951403141021729
Benign,Benign,0.20128358900547028
Benign,Benign,0.20141878724098206
Benign,Benign,0.20237118005752563
Benign,Benign,0.2044057995080948
Benign,Benign,0.20007212460041046
Benign,Benign,0.2583715319633484
Benign,Benign,0.20272815227508545
Benign,Benign,0.19999022781848907
Benign,Benign,0.21780051290988922
Benign,Benign,0.19951403141021729
Benign,Benign,0.19999022781848907
Benign,Benign,0.19951403141021729
Benign,Benign,0.19951403141021729
Benign,Benign,0.19999022781848907
Benign,Benign,0.20956996083259583
Benign,Malicious,0.6342499256134033
Benign,Benign,0.19951403141021729
Benign,Benign,0.19951403141021729
Benign,Benign,0.19951403141021729
Benign,Benign,0.20094260573387146
Benign,Benign,0.22306308150291443
Benign,Benign,0.31777259707450867
Benign,Benign,0.20290081202983856
Benign,Benign,0.19951403141021729
Benign,Benign,0.20318834483623505
Benign,Benign,0.19951403141021729
Benign,Benign,0.19951403141021729
Benign,Benign,0.19951403141021729
Benign,Benign,0.19951403141021729
Benign,Benign,0.20189498364925385
Benign,Benign,0.20094260573387146
Benign,Benign,0.19951403141021729
Benign,Benign,0.19951403141021729
Benign,Benign,0.21731476485729218
Benign,Benign,0.19951403141021729
Benign,Benign,0.19951403141021729
Benign,Benign,0.20294106006622314
Benign,Benign,0.19951403141021729
Benign,Benign,0.2042759358882904
Benign,Benign,0.19951403141021729
Benign,Benign,0.20250555872917175
Benign,Benign,0.19999022781848907
Benign,Benign,0.19951403141021729
Benign,Benign,0.20393387973308563
Benign,Benign,0.19951403141021729
Benign,Benign,0.20475956797599792
Benign,Benign,0.20237118005752563
Benign,Benign,0.19959592819213867
Benign,Benign,0.19999022781848907
Benign,Benign,0.19951403141021729
Benign,Benign,0.21890898048877716
Benign,Benign,0.2129703015089035
Benign,Benign,0.19999022781848907
Benign,Benign,0.23549513518810272
Benign,Benign,0.22025394439697266
Benign,Benign,0.19951403141021729
Benign,Benign,0.20046640932559967
Benign,Benign,0.2030181884765625
Benign,Benign,0.20219501852989197
Benign,Benign,0.19951403141021729
Benign,Benign,0.2029508650302887
Benign,Benign,0.20189498364925385
Benign,Benign,0.19951403141021729
Benign,Benign,0.19951403141021729
Benign,Benign,0.19951403141021729
Benign,Benign,0.20150068402290344
Benign,Benign,0.2242709994316101
Benign,Benign,0.24148505926132202
Benign,Benign,0.19951403141021729
Benign,Benign,0.19999022781848907
Benign,Benign,0.19951403141021729
Benign,Benign,0.19951403141021729
Benign,Benign,0.19999022781848907
Benign,Benign,0.20094260573387146
Benign,Benign,0.20046640932559967
Benign,Benign,0.19951403141021729
Benign,Benign,0.19999022781848907
Benign,Benign,0.19951403141021729
Benign,Benign,0.20223596692085266
Benign,Benign,0.21167729794979095
Benign,Benign,0.19951403141021729
Benign,Benign,0.20046640932559967
Benign,Benign,0.20128358900547028
Benign,Benign,0.21218480169773102
Benign,Benign,0.20155318081378937
Benign,Benign,0.19951403141021729
Benign,Benign,0.20046640932559967
Benign,Benign,0.19951403141021729
Benign,Benign,0.20219501852989197
Benign,Benign,0.20094260573387146
Benign,Benign,0.2084718942642212
Benign,Benign,0.19951403141021729
Benign,Benign,0.2101837396621704
Benign,Benign,0.2074895203113556
Benign,Benign,0.19951403141021729
Benign,Benign,0.21109670400619507
Benign,Benign,0.19951403141021729
Benign,Benign,0.19951403141021729
Benign,Benign,0.19951403141021729
Benign,Benign,0.19951403141021729
Benign,Benign,0.23971715569496155
Benign,Benign,0.19951403141021729
Benign,Benign,0.21749025583267212
Benign,Benign,0.20251905918121338
Benign,Benign,0.20175978541374207
Benign,Benign,0.19951403141021729
Benign,Benign,0.2461409866809845
Benign,Benign,0.20318834483623505
Benign,Benign,0.2357519418001175
Benign,Benign,0.20128358900547028
Benign,Benign,0.20046640932559967
Benign,Benign,0.2251284420490265
Benign,Benign,0.20324771106243134
Benign,Benign,0.20671692490577698
Benign,Benign,0.20046640932559967
Benign,Benign,0.19999022781848907
Benign,Benign,0.19999022781848907
Benign,Benign,0.20308353006839752
Benign,Benign,0.19951403141021729
Benign,Benign,0.20141878724098206
Benign,Benign,0.19951403141021729
Benign,Benign,0.2024746835231781
Benign,Benign,0.20150068402290344
Benign,Benign,0.19951403141021729
Benign,Benign,0.19999022781848907
Benign,Benign,0.20856577157974243
Benign,Benign,0.20968514680862427
Benign,Benign,0.19951403141021729
Benign,Benign,0.19951403141021729
Benign,Benign,0.20046640932559967
Benign,Benign,0.2083238810300827
Benign,Benign,0.20443600416183472
Benign,Benign,0.19951403141021729
Benign,Benign,0.19999022781848907
Benign,Benign,0.19951403141021729
Benign,Benign,0.2009960561990738
Benign,Benign,0.19951403141021729
Benign,Benign,0.19999022781848907
Benign,Benign,0.19951403141021729
Benign,Benign,0.19951403141021729
Benign,Benign,0.22061412036418915
Benign,Benign,0.2046271711587906
Benign,Benign,0.19951403141021729
Benign,Benign,0.19951403141021729
Benign,Benign,0.19951403141021729
Benign,Benign,0.19951403141021729
Benign,Benign,0.19951403141021729
Benign,Benign,0.19951403141021729
Benign,Benign,0.19999022781848907
Benign,Benign,0.19951403141021729
Benign,Benign,0.2310618758201599
Benign,Benign,0.20955011248588562
Benign,Benign,0.21583259105682373
Benign,Benign,0.20134295523166656
Benign,Benign,0.19951403141021729
Benign,Benign,0.19951403141021729
Benign,Benign,0.20171883702278137
Benign,Benign,0.19999022781848907
Benign,Benign,0.19951403141021729
Benign,Benign,0.19951403141021729
Benign,Benign,0.19951403141021729
Benign,Benign,0.19951403141021729
Benign,Benign,0.19951403141021729
Benign,Benign,0.19999022781848907
Benign,Benign,0.19951403141021729
Benign,Benign,0.2018243670463562
Benign,Benign,0.19999022781848907
Benign,Benign,0.3898160457611084
Benign,Benign,0.20046640932559967
Benign,Benign,0.19951403141021729
Benign,Benign,0.19951403141021729
Benign,Benign,0.19951403141021729
Benign,Benign,0.20637619495391846
Benign,Benign,0.2007666826248169
Benign,Benign,0.19951403141021729
Benign,Benign,0.19951403141021729
Benign,Benign,0.22120948135852814
Benign,Benign,0.2086770385503769
Benign,Benign,0.24724754691123962
Benign,Benign,0.19999022781848907
Benign,Benign,0.19951403141021729
Benign,Benign,0.19951403141021729
Benign,Benign,0.2815360128879547
Benign,Benign,0.19951403141021729
Benign,Benign,0.20189498364925385
Benign,Benign,0.19951403141021729
Benign,Benign,0.20046640932559967
Benign,Benign,0.2181215137243271
Benign,Benign,0.20717112720012665
Benign,Benign,0.19951403141021729
Benign,Benign,0.19951403141021729
Benign,Benign,0.20046640932559967
Benign,Benign,0.20441007614135742
Benign,Benign,0.20417499542236328
Benign,Benign,0.20364870131015778
Benign,Benign,0.19999022781848907
Benign,Benign,0.19951403141021729
Benign,Benign,0.19999022781848907
Benign,Benign,0.19951403141021729
Benign,Benign,0.2266753762960434
Benign,Benign,0.21519418060779572
Benign,Benign,0.19999022781848907
Benign,Benign,0.19951403141021729
Benign,Benign,0.19951403141021729
Benign,Benign,0.2385798990726471
Benign,Benign,0.19951403141021729
Benign,Benign,0.19951403141021729
Benign,Benign,0.19951403141021729
Benign,Benign,0.20345160365104675
Benign,Benign,0.20046640932559967
Benign,Benign,0.23301193118095398
Benign,Benign,0.20578137040138245
Benign,Benign,0.20046640932559967
Benign,Benign,0.20134295523166656
Benign,Benign,0.19951403141021729
Benign,Benign,0.20397403836250305
Benign,Benign,0.19951403141021729
Benign,Benign,0.19951403141021729
Benign,Benign,0.19951403141021729
Benign,Benign,0.19951403141021729
Benign,Benign,0.19951403141021729
Benign,Benign,0.19951403141021729
Benign,Benign,0.21255524456501007
Benign,Benign,0.19951403141021729
Benign,Benign,0.19951403141021729
Benign,Benign,0.19951403141021729
Benign,Benign,0.19951403141021729
Benign,Benign,0.21013350784778595
Benign,Benign,0.19951403141021729
Benign,Benign,0.19951403141021729
Benign,Benign,0.19951403141021729
Benign,Benign,0.20058083534240723
Benign,Benign,0.19951403141021729
Benign,Benign,0.19999022781848907
Benign,Benign,0.19951403141021729
Benign,Benign,0.19951403141021729
Benign,Benign,0.20094260573387146
Benign,Benign,0.19959592819213867
Benign,Benign,0.23344635963439941
Benign,Benign,0.19951403141021729
Benign,Benign,0.20380419492721558
Benign,Benign,0.19951403141021729
Benign,Benign,0.19951403141021729
Benign,Benign,0.20046640932559967
Benign,Benign,0.19951403141021729
Benign,Benign,0.20007212460041046
Benign,Benign,0.19951403141021729
Benign,Benign,0.2089068591594696
Benign,Benign,0.19999022781848907
Benign,Benign,0.23588208854198456
Benign,Benign,0.2351454496383667
Benign,Benign,0.19951403141021729
Benign,Benign,0.19951403141021729
Benign,Benign,0.19999022781848907
Benign,Benign,0.19951403141021729
Benign,Benign,0.19959592819213867
Benign,Benign,0.19951403141021729
Benign,Benign,0.19951403141021729
Benign,Benign,0.19951403141021729
Benign,Benign,0.2336159646511078
Benign,Benign,0.19951403141021729
Benign,Benign,0.19951403141021729
Benign,Benign,0.19951403141021729
Benign,Benign,0.2082340568304062
Benign,Benign,0.19951403141021729
Benign,Benign,0.19951403141021729
Benign,Benign,0.19951403141021729
Benign,Benign,0.19999022781848907
Benign,Benign,0.19999022781848907
Benign,Benign,0.19951403141021729
Benign,Benign,0.19999022781848907
Benign,Benign,0.19951403141021729
Benign,Benign,0.20540934801101685
Benign,Benign,0.2046762853860855
Benign,Benign,0.19999022781848907
Benign,Benign,0.19951403141021729
Benign,Benign,0.19951403141021729
Benign,Benign,0.19951403141021729
Benign,Benign,0.20219525694847107
Benign,Benign,0.21544556319713593
Benign,Benign,0.19951403141021729
Benign,Benign,0.2387576699256897
Benign,Benign,0.2230064868927002
Benign,Benign,0.19951403141021729
Benign,Benign,0.19951403141021729
Benign,Benign,0.19951403141021729
Benign,Benign,0.19999022781848907
Benign,Benign,0.19951403141021729
Benign,Benign,0.19999022781848907
Benign,Benign,0.20414073765277863
Benign,Benign,0.22398641705513
Benign,Benign,0.20171883702278137
Benign,Benign,0.20841017365455627
Benign,Benign,0.20102450251579285
Benign,Benign,0.20007212460041046
Benign,Benign,0.222911536693573
Benign,Benign,0.23071390390396118
Benign,Benign,0.20304110646247864
Benign,Benign,0.19999022781848907
Benign,Benign,0.20525653660297394
Benign,Benign,0.19951403141021729
Benign,Benign,0.19951403141021729
Benign,Benign,0.19999022781848907
Benign,Benign,0.19951403141021729
Benign,Benign,0.19951403141021729
Benign,Benign,0.2125740498304367
Benign,Benign,0.19951403141021729
Benign,Benign,0.19951403141021729
Benign,Benign,0.20194843411445618
Benign,Benign,0.19951403141021729
Benign,Benign,0.19951403141021729
Benign,Benign,0.20143602788448334
Benign,Benign,0.19951403141021729
Benign,Benign,0.19951403141021729
Benign,Benign,0.19951403141021729
Benign,Benign,0.3489490747451782
Benign,Benign,0.19951403141021729
Benign,Benign,0.20676039159297943
Benign,Benign,0.19951403141021729
Benign,Benign,0.19951403141021729
Benign,Benign,0.19999022781848907
Benign,Benign,0.19951403141021729
Benign,Benign,0.20046640932559967
Benign,Benign,0.3509305715560913
Benign,Benign,0.19951403141021729
Benign,Benign,0.19951403141021729
Benign,Benign,0.19951403141021729
Benign,Benign,0.19999022781848907
Benign,Benign,0.20046640932559967
Benign,Benign,0.19951403141021729
Benign,Benign,0.2292097955942154
Benign,Benign,0.19951403141021729
Benign,Benign,0.19951403141021729
Benign,Benign,0.19951403141021729
Benign,Benign,0.19951403141021729
Benign,Benign,0.19999022781848907
Benign,Benign,0.20046640932559967
Benign,Benign,0.19951403141021729
Benign,Benign,0.20284222066402435
Benign,Benign,0.20237118005752563
Benign,Benign,0.19951403141021729
Benign,Benign,0.20128358900547028
Benign,Benign,0.19999022781848907
Benign,Benign,0.20046640932559967
Benign,Benign,0.19999022781848907
Benign,Benign,0.19999022781848907
Benign,Benign,0.20392486453056335
Benign,Benign,0.20125998556613922
Benign,Benign,0.19951403141021729
Benign,Benign,0.2020125687122345
Benign,Benign,0.19951403141021729
Benign,Benign,0.20709380507469177
Benign,Benign,0.19951403141021729
Benign,Benign,0.2106095850467682
Benign,Benign,0.19951403141021729
Benign,Benign,0.20128358900547028
Benign,Benign,0.19999022781848907
Benign,Benign,0.20094260573387146
Benign,Benign,0.20698271691799164
Benign,Benign,0.20579369366168976
Benign,Benign,0.20985502004623413
Benign,Benign,0.19951403141021729
Benign,Benign,0.229010209441185
Benign,Benign,0.19951403141021729
Benign,Benign,0.19951403141021729
Benign,Benign,0.20237118005752563
Benign,Benign,0.19951403141021729
Benign,Benign,0.19951403141021729
Benign,Benign,0.20181915163993835
Benign,Benign,0.19999022781848907
Benign,Benign,0.25065934658050537
Benign,Benign,0.19951403141021729
Benign,Benign,0.20046640932559967
Benign,Benign,0.20223596692085266
Benign,Benign,0.20046640932559967
Benign,Benign,0.19951403141021729
Benign,Benign,0.20189498364925385
Benign,Benign,0.19951403141021729
Benign,Benign,0.19951403141021729
Benign,Benign,0.19951403141021729
Benign,Benign,0.20054830610752106
Benign,Benign,0.19951403141021729
Benign,Benign,0.20532634854316711
Benign,Benign,0.226127028465271
Benign,Benign,0.20094260573387146
Benign,Benign,0.20128358900547028
Benign,Benign,0.20181915163993835
Benign,Benign,0.20094260573387146
Benign,Benign,0.19951403141021729
Benign,Benign,0.19951403141021729
Benign,Benign,0.30905354022979736
Benign,Benign,0.19951403141021729
Benign,Benign,0.19951403141021729
Benign,Benign,0.19951403141021729
Benign,Benign,0.2113640010356903
Benign,Benign,0.19951403141021729
Benign,Benign,0.19951403141021729
Benign,Benign,0.19999022781848907
Benign,Benign,0.22530080378055573
Benign,Benign,0.19951403141021729
Benign,Benign,0.19999022781848907
Benign,Benign,0.19999022781848907
Benign,Benign,0.19951403141021729
Benign,Benign,0.19999022781848907
Benign,Benign,0.19951403141021729
Benign,Benign,0.20203720033168793
Benign,Benign,0.20046640932559967
Benign,Benign,0.19951403141021729
Benign,Benign,0.19951403141021729
Benign,Benign,0.19951403141021729
Benign,Benign,0.19999022781848907
Benign,Benign,0.20030760765075684
Benign,Benign,0.19951403141021729
Benign,Benign,0.20094260573387146
Benign,Benign,0.20141878724098206
Benign,Benign,0.22457006573677063
Benign,Benign,0.19951403141021729
Benign,Benign,0.19951403141021729
Benign,Benign,0.19999022781848907
Benign,Benign,0.19951403141021729
Benign,Benign,0.2172090858221054
Benign,Benign,0.19951403141021729
Benign,Benign,0.19951403141021729
Benign,Benign,0.19951403141021729
Benign,Benign,0.20094260573387146
Benign,Benign,0.19951403141021729
Benign,Benign,0.19951403141021729
Benign,Benign,0.19999022781848907
Benign,Benign,0.19995945692062378
Benign,Benign,0.20157791674137115
Benign,Benign,0.20046640932559967
Benign,Benign,0.20046640932559967
Benign,Benign,0.20237118005752563
Benign,Benign,0.19951403141021729
Benign,Benign,0.19951403141021729
Benign,Benign,0.19951403141021729
Benign,Benign,0.19999022781848907
Benign,Benign,0.19951403141021729
Benign,Benign,0.20157255232334137
Benign,Benign,0.213021919131279
Benign,Benign,0.20171883702278137
Benign,Benign,0.19951403141021729
Benign,Benign,0.19999022781848907
Benign,Benign,0.20362359285354614
Benign,Benign,0.20007212460041046
Benign,Benign,0.20128358900547028
Benign,Benign,0.2015361338853836
Benign,Benign,0.20391908288002014
Benign,Benign,0.19999022781848907
Benign,Benign,0.20134295523166656
Benign,Benign,0.2045183777809143
Benign,Benign,0.20181915163993835
Benign,Benign,0.19951403141021729
Benign,Benign,0.20046640932559967
Benign,Benign,0.19951403141021729
Benign,Benign,0.20094260573387146
Benign,Benign,0.2137405425310135
Benign,Benign,0.19951403141021729
Benign,Benign,0.19951403141021729
Benign,Benign,0.19951403141021729
Benign,Benign,0.19951403141021729
Benign,Benign,0.21963626146316528
Benign,Benign,0.19951403141021729
Benign,Benign,0.19999022781848907
Benign,Benign,0.19951403141021729
Benign,Benign,0.19999022781848907
Benign,Benign,0.19951403141021729
Benign,Benign,0.1998143047094345
Benign,Benign,0.19951403141021729
Benign,Benign,0.2165399044752121
Benign,Benign,0.19951403141021729
Benign,Benign,0.21152551472187042
Benign,Benign,0.19951403141021729
Benign,Benign,0.19999022781848907
Benign,Benign,0.19951403141021729
Benign,Benign,0.19962845742702484
Benign,Benign,0.19951403141021729
Benign,Benign,0.20550619065761566
Benign,Benign,0.19951403141021729
Benign,Benign,0.20249351859092712
Benign,Benign,0.19951403141021729
Benign,Benign,0.20048919320106506
Benign,Benign,0.19999022781848907
Benign,Benign,0.19951403141021729
Benign,Benign,0.20189498364925385
Benign,Benign,0.4855707883834839
Benign,Benign,0.20046640932559967
Benign,Benign,0.19951403141021729
Benign,Benign,0.19951403141021729
Benign,Benign,0.20505216717720032
Benign,Benign,0.19999022781848907
Benign,Benign,0.20711706578731537
Benign,Benign,0.19999022781848907
Benign,Benign,0.20271216332912445
Benign,Benign,0.19951403141021729
Benign,Benign,0.19951403141021729
Benign,Benign,0.2806033790111542
Benign,Benign,0.22993655502796173
Benign,Benign,0.19951403141021729
Benign,Benign,0.2123618870973587
Benign,Benign,0.23153166472911835
Benign,Benign,0.19959592819213867
Benign,Benign,0.19951403141021729
Benign,Benign,0.19951403141021729
Benign,Benign,0.19951403141021729
Benign,Benign,0.19951403141021729
Benign,Benign,0.19951403141021729
Benign,Benign,0.22868871688842773
Benign,Benign,0.19999022781848907
Benign,Benign,0.19951403141021729
Benign,Benign,0.19951403141021729
Benign,Benign,0.19999022781848907
Benign,Benign,0.19951403141021729
Benign,Benign,0.20134295523166656
Benign,Benign,0.19951403141021729
Benign,Benign,0.19951403141021729
Benign,Benign,0.19951403141021729
Benign,Benign,0.19951403141021729
Benign,Benign,0.2056325376033783
Benign,Benign,0.22292281687259674
Benign,Benign,0.20007212460041046
Benign,Benign,0.20046640932559967
Benign,Benign,0.19951403141021729
Benign,Benign,0.19951403141021729
Benign,Benign,0.19951403141021729
Benign,Benign,0.20141878724098206
Benign,Benign,0.19951403141021729
Benign,Benign,0.19951403141021729
Benign,Benign,0.19951403141021729
Benign,Benign,0.19951403141021729
Benign,Benign,0.19951403141021729
Benign,Benign,0.19951403141021729
Benign,Benign,0.22002963721752167
Benign,Benign,0.2202221304178238
Benign,Benign,0.21155814826488495
Benign,Benign,0.19999022781848907
Benign,Benign,0.19951403141021729
Benign,Benign,0.20277152955532074
Benign,Benign,0.21046283841133118
Benign,Benign,0.19951403141021729
Benign,Benign,0.20245307683944702
Benign,Benign,0.24883940815925598
Benign,Benign,0.19999022781848907
Benign,Benign,0.20699574053287506
Benign,Benign,0.19951403141021729
Benign,Benign,0.19999022781848907
Benign,Benign,0.21273139119148254
Benign,Benign,0.19999022781848907
Benign,Benign,0.19999022781848907
Benign,Benign,0.19951403141021729
Benign,Benign,0.20094260573387146
Benign,Benign,0.20223596692085266
Benign,Benign,0.19951403141021729
Benign,Benign,0.20046640932559967
Benign,Benign,0.19951403141021729
Benign,Benign,0.19951403141021729
Benign,Benign,0.19959592819213867
Benign,Benign,0.21750663220882416
Benign,Benign,0.19999022781848907
Benign,Benign,0.20171883702278137
Benign,Benign,0.20391732454299927
Benign,Benign,0.19999022781848907
Benign,Benign,0.22971509397029877
Benign,Benign,0.19951403141021729
Benign,Benign,0.19951403141021729
Benign,Benign,0.19999022781848907
Benign,Benign,0.22035279870033264
Benign,Benign,0.20618514716625214
Benign,Benign,0.19951403141021729
Benign,Benign,0.20175978541374207
Benign,Benign,0.20809005200862885
Benign,Benign,0.22804903984069824
Benign,Benign,0.1998143047094345
Benign,Benign,0.20046640932559967
Benign,Benign,0.19951403141021729
Benign,Benign,0.19959592819213867
Benign,Benign,0.19951403141021729
Benign,Benign,0.19951403141021729
Benign,Benign,0.21870958805084229
Benign,Benign,0.20331841707229614
Benign,Benign,0.19999022781848907
Benign,Benign,0.19951403141021729
Benign,Benign,0.2136842906475067
Benign,Benign,0.20260962843894958
Benign,Benign,0.19951403141021729
Benign,Benign,0.20046640932559967
Benign,Benign,0.21054910123348236
Benign,Benign,0.20147225260734558
Benign,Benign,0.20094260573387146
Benign,Benign,0.25949445366859436
Benign,Benign,0.2009960561990738
Benign,Benign,0.20945079624652863
Benign,Benign,0.19999022781848907
Benign,Benign,0.21436962485313416
Benign,Benign,0.20046640932559967
Benign,Benign,0.19999022781848907
Benign,Benign,0.20292925834655762
Benign,Benign,0.20054830610752106
Benign,Benign,0.2030220776796341
Benign,Benign,0.19951403141021729
Benign,Benign,0.19951403141021729
Benign,Benign,0.19999022781848907
Benign,Benign,0.20200110971927643
Benign,Benign,0.19951403141021729
Benign,Benign,0.19951403141021729
Benign,Benign,0.20124806463718414
Benign,Benign,0.19951403141021729
Benign,Benign,0.19999022781848907
Benign,Benign,0.19999022781848907
Benign,Benign,0.20237118005752563
Benign,Benign,0.20361055433750153
Benign,Benign,0.19951403141021729
Benign,Benign,0.19999022781848907
Benign,Benign,0.19951403141021729
Benign,Benign,0.19951403141021729
Benign,Benign,0.19951403141021729
Benign,Benign,0.19999022781848907
Benign,Benign,0.19951403141021729
Benign,Benign,0.2034054547548294
Benign,Benign,0.20521806180477142
Benign,Benign,0.20271216332912445
Benign,Benign,0.23841364681720734
Benign,Benign,0.19951403141021729
Benign,Benign,0.19951403141021729
Benign,Benign,0.19951403141021729
Benign,Benign,0.19951403141021729
Benign,Benign,0.19951403141021729
Benign,Benign,0.20094260573387146
Benign,Benign,0.20046640932559967
Benign,Benign,0.19999022781848907
Benign,Malicious,0.558898389339447
Benign,Benign,0.19951403141021729
Benign,Benign,0.22671395540237427
Benign,Benign,0.19951403141021729
Benign,Benign,0.20181915163993835
Benign,Benign,0.19951403141021729
Benign,Benign,0.20078380405902863
Benign,Benign,0.20046640932559967
Benign,Benign,0.19951403141021729
Benign,Benign,0.20141878724098206
Benign,Benign,0.20175978541374207
Benign,Benign,0.20046640932559967
Benign,Benign,0.19951403141021729
Benign,Benign,0.19951403141021729
Benign,Benign,0.21875599026679993
Benign,Benign,0.19999022781848907
Benign,Benign,0.19999022781848907
Benign,Benign,0.19951403141021729
Benign,Benign,0.19951403141021729
Benign,Benign,0.22154024243354797
Benign,Benign,0.19951403141021729
Benign,Benign,0.20175978541374207
Benign,Benign,0.20128358900547028
Benign,Benign,0.20271216332912445
Benign,Benign,0.19951403141021729
Benign,Benign,0.20303009450435638
Benign,Benign,0.19951403141021729
Benign,Benign,0.20189498364925385
Benign,Benign,0.20094260573387146
Benign,Benign,0.20476935803890228
Benign,Benign,0.19951403141021729
Benign,Benign,0.19951403141021729
Benign,Benign,0.19951403141021729
Benign,Benign,0.24027521908283234
Benign,Benign,0.19951403141021729
Benign,Benign,0.19951403141021729
Benign,Benign,0.22958475351333618
Benign,Benign,0.20007212460041046
Benign,Benign,0.19951403141021729
Benign,Benign,0.19999022781848907
Benign,Benign,0.19951403141021729
Benign,Benign,0.22244811058044434
Benign,Benign,0.22881744801998138
Benign,Benign,0.19999022781848907
Benign,Benign,0.20223596692085266
Benign,Benign,0.20219525694847107
Benign,Benign,0.19999022781848907
Benign,Benign,0.19999022781848907
Benign,Malicious,0.5171991586685181
Benign,Benign,0.22875460982322693
Benign,Benign,0.2290811985731125
Benign,Benign,0.19951403141021729
Benign,Benign,0.19999022781848907
Benign,Benign,0.19951403141021729
Benign,Benign,0.19951403141021729
Benign,Benign,0.20046640932559967
Benign,Benign,0.20046640932559967
Benign,Benign,0.19999022781848907
Benign,Benign,0.19951403141021729
Benign,Benign,0.19951403141021729
Benign,Benign,0.19999022781848907
Benign,Benign,0.19951403141021729
Benign,Benign,0.20440982282161713
Benign,Benign,0.20175978541374207
Benign,Benign,0.19951403141021729
Benign,Benign,0.19951403141021729
Benign,Benign,0.2024746835231781
Benign,Benign,0.19951403141021729
Benign,Benign,0.21161751449108124
Benign,Benign,0.19999022781848907
Benign,Benign,0.19999022781848907
Benign,Benign,0.19951403141021729
Benign,Benign,0.20175978541374207
Benign,Benign,0.19951403141021729
Benign,Benign,0.19951403141021729
Benign,Benign,0.20128358900547028
Benign,Benign,0.21480968594551086
Benign,Benign,0.20094260573387146
Benign,Benign,0.19951403141021729
Benign,Benign,0.19951403141021729
Benign,Benign,0.19951403141021729
Benign,Benign,0.20043565332889557
Benign,Benign,0.22044527530670166
Benign,Benign,0.19951403141021729
Benign,Benign,0.24252402782440186
Benign,Benign,0.25867652893066406
Benign,Benign,0.19959592819213867
Benign,Benign,0.20884494483470917
Benign,Benign,0.19999022781848907
Benign,Benign,0.19951403141021729
Benign,Benign,0.19951403141021729
Benign,Benign,0.19999022781848907
Benign,Benign,0.19951403141021729
Benign,Benign,0.19951403141021729
Benign,Benign,0.22149591147899628
Benign,Benign,0.20147225260734558
Benign,Benign,0.19951403141021729
Benign,Benign,0.19951403141021729
Benign,Benign,0.19951403141021729
Benign,Benign,0.2130448967218399
Benign,Benign,0.20046640932559967
Benign,Benign,0.2280687540769577
Benign,Benign,0.19951403141021729
Benign,Benign,0.19999022781848907
Benign,Benign,0.19951403141021729
Benign,Benign,0.19951403141021729
Benign,Benign,0.20094260573387146
Benign,Benign,0.19951403141021729
Benign,Benign,0.19951403141021729
Benign,Benign,0.2126755565404892
Benign,Benign,0.20694607496261597
Benign,Benign,0.2002905011177063
Benign,Benign,0.19951403141021729
Benign,Benign,0.19951403141021729
Benign,Benign,0.19999022781848907
Benign,Benign,0.27259066700935364
Benign,Benign,0.2083178013563156
Benign,Benign,0.20175978541374207
Benign,Benign,0.207353413105011
Benign,Benign,0.19951403141021729
Benign,Benign,0.20194843411445618
Benign,Benign,0.20368053019046783
Benign,Benign,0.19951403141021729
Benign,Benign,0.19951403141021729
Benign,Benign,0.2002905011177063
Benign,Benign,0.20128358900547028
Benign,Benign,0.20046640932559967
Benign,Benign,0.20379973948001862
Benign,Benign,0.19951403141021729
Benign,Benign,0.19951403141021729
Benign,Benign,0.2043982893228531
Benign,Benign,0.20223596692085266
Benign,Benign,0.19962845742702484
Benign,Benign,0.31128379702568054
Benign,Benign,0.21385005116462708
Benign,Benign,0.19951403141021729
Benign,Benign,0.19951403141021729
Benign,Benign,0.19951403141021729
Benign,Benign,0.2020123302936554
Benign,Benign,0.20141878724098206
Benign,Benign,0.19999022781848907
Benign,Benign,0.21616654098033905
Benign,Benign,0.19951403141021729
Benign,Benign,0.19999022781848907
Benign,Benign,0.20372912287712097
Benign,Benign,0.21573872864246368
Benign,Benign,0.19951403141021729
Benign,Benign,0.254955530166626
Benign,Benign,0.19951403141021729
Benign,Benign,0.23337820172309875
Benign,Benign,0.2261894792318344
Benign,Benign,0.19951403141021729
Benign,Benign,0.2417159080505371
Benign,Benign,0.3558717966079712
Benign,Benign,0.2126413732767105
Benign,Benign,0.21099042892456055
Benign,Benign,0.19951403141021729
Benign,Benign,0.19951403141021729
Benign,Benign,0.19951403141021729
Benign,Benign,0.19999022781848907
Benign,Benign,0.20223596692085266
Benign,Benign,0.19951403141021729
Benign,Benign,0.19951403141021729
Benign,Benign,0.19951403141021729
Benign,Benign,0.20252493023872375
Benign,Benign,0.22082404792308807
Benign,Benign,0.20141878724098206
Benign,Benign,0.20476101338863373
Benign,Benign,0.19951403141021729
Benign,Benign,0.19951403141021729
Benign,Benign,0.20124287903308868
Benign,Benign,0.19951403141021729
Benign,Benign,0.19951403141021729
Benign,Benign,0.19951403141021729
Benign,Benign,0.19951403141021729
Benign,Benign,0.2322579026222229
Benign,Benign,0.19951403141021729
Benign,Benign,0.228334441781044
Benign,Benign,0.20001552999019623
Benign,Benign,0.20641294121742249
Benign,Benign,0.19951403141021729
Benign,Benign,0.19951403141021729
Benign,Benign,0.19999022781848907
Benign,Benign,0.20134295523166656
Benign,Benign,0.19999022781848907
Benign,Benign,0.19951403141021729
Benign,Benign,0.20324771106243134
Benign,Benign,0.19999022781848907
Benign,Benign,0.20134295523166656
Benign,Benign,0.19951403141021729
Benign,Benign,0.20094260573387146
Benign,Benign,0.19951403141021729
Benign,Benign,0.19951403141021729
Benign,Benign,0.20252493023872375
Benign,Benign,0.19951403141021729
Benign,Benign,0.21252121031284332
Benign,Benign,0.19959592819213867
Benign,Benign,0.19959592819213867
Benign,Benign,0.20046640932559967
Benign,Benign,0.19951403141021729
Benign,Benign,0.19951403141021729
Benign,Benign,0.19951403141021729
Benign,Benign,0.20331329107284546
Benign,Benign,0.19951403141021729
Benign,Benign,0.2039058655500412
Benign,Benign,0.21842704713344574
Benign,Benign,0.19951403141021729
Benign,Benign,0.19951403141021729
Benign,Benign,0.22186967730522156
Benign,Benign,0.19951403141021729
Benign,Benign,0.20324771106243134
Benign,Benign,0.21528615057468414
Benign,Benign,0.20078380405902863
Benign,Benign,0.19951403141021729
Benign,Benign,0.20641294121742249
Benign,Benign,0.20237118005752563
Benign,Benign,0.3176068663597107
Benign,Benign,0.22044122219085693
Benign,Benign,0.19951403141021729
Benign,Benign,0.20171906054019928
Benign,Benign,0.2044043242931366
Benign,Benign,0.19951403141021729
Benign,Benign,0.19999022781848907
Benign,Benign,0.21568815410137177
Benign,Benign,0.19951403141021729
Benign,Benign,0.20046640932559967
Benign,Benign,0.22383955121040344
Benign,Benign,0.20223596692085266
Benign,Benign,0.19999022781848907
Benign,Benign,0.19951403141021729
Benign,Benign,0.19951403141021729
Benign,Benign,0.2357906997203827
Benign,Benign,0.20094260573387146
Benign,Benign,0.19951403141021729
Benign,Benign,0.19951403141021729
Benign,Benign,0.21383504569530487
Benign,Benign,0.19999022781848907
Benign,Benign,0.19951403141021729
Benign,Benign,0.20147225260734558
Benign,Benign,0.19951403141021729
Benign,Benign,0.20094260573387146
Benign,Benign,0.19999022781848907
Benign,Benign,0.19951403141021729
Benign,Benign,0.20372748374938965
Benign,Benign,0.19951403141021729
Benign,Benign,0.2015361338853836
Benign,Benign,0.19951403141021729
Benign,Benign,0.20046640932559967
Benign,Benign,0.26095452904701233
Benign,Benign,0.20580801367759705
Benign,Benign,0.19951403141021729
Benign,Benign,0.19951403141021729
Benign,Benign,0.24131052196025848
Benign,Benign,0.19999022781848907
Benign,Benign,0.19951403141021729
Benign,Benign,0.19999022781848907
Benign,Benign,0.23126739263534546
Benign,Benign,0.20001552999019623
Benign,Benign,0.19999022781848907
Benign,Benign,0.20046640932559967
Benign,Benign,0.2365880310535431
Benign,Benign,0.22471198439598083
Benign,Benign,0.22830639779567719
Benign,Benign,0.20094260573387146
Benign,Benign,0.19951403141021729
Benign,Benign,0.21972990036010742
Benign,Benign,0.19999022781848907
Benign,Benign,0.20314739644527435
Benign,Benign,0.19951403141021729
Benign,Benign,0.19999022781848907
Benign,Benign,0.19951403141021729
Benign,Benign,0.20094260573387146
Benign,Benign,0.20007212460041046
Benign,Benign,0.19951403141021729
Benign,Benign,0.19999022781848907
Benign,Benign,0.20411162078380585
Benign,Benign,0.19951403141021729
Benign,Benign,0.24082458019256592
Benign,Benign,0.20318834483623505
Benign,Benign,0.19951403141021729
Benign,Benign,0.19951403141021729
Benign,Benign,0.19999022781848907
Benign,Benign,0.19999022781848907
Benign,Benign,0.20284736156463623
Benign,Benign,0.19951403141021729
Benign,Benign,0.19951403141021729
Benign,Benign,0.19951403141021729
Benign,Benign,0.19951403141021729
Benign,Benign,0.2034580558538437
Benign,Benign,0.21564386785030365
Benign,Benign,0.20388400554656982
Benign,Benign,0.19999022781848907
Benign,Benign,0.19999022781848907
Benign,Benign,0.20094260573387146
Benign,Benign,0.19951403141021729
Benign,Benign,0.19951403141021729
Benign,Benign,0.19951403141021729
Benign,Benign,0.19951403141021729
Benign,Benign,0.19951403141021729
Benign,Benign,0.21750742197036743
Benign,Benign,0.21433798968791962
Benign,Benign,0.19951403141021729
Benign,Benign,0.20046640932559967
Benign,Benign,0.19951403141021729
Benign,Benign,0.20141878724098206
Benign,Benign,0.22450608015060425
Benign,Benign,0.20189498364925385
Benign,Benign,0.2275678664445877
Benign,Benign,0.20344088971614838
Benign,Benign,0.19999022781848907
Benign,Benign,0.2029697149991989
Benign,Benign,0.19951403141021729
Benign,Benign,0.19999022781848907
Benign,Benign,0.19951403141021729
Benign,Benign,0.19951403141021729
Benign,Benign,0.19951403141021729
Benign,Benign,0.20502285659313202
Benign,Benign,0.19951403141021729
Benign,Benign,0.19951403141021729
Benign,Benign,0.20189498364925385
Benign,Benign,0.20141878724098206
Benign,Benign,0.19951403141021729
Benign,Benign,0.19951403141021729
Benign,Benign,0.20094260573387146
Benign,Benign,0.2406538426876068
Benign,Benign,0.19999022781848907
Benign,Benign,0.19951403141021729
Benign,Benign,0.2565978169441223
Benign,Benign,0.2020123302936554
Benign,Benign,0.29069092869758606
Benign,Benign,0.21803653240203857
Benign,Benign,0.20410001277923584
Benign,Benign,0.20007212460041046
Benign,Benign,0.19951403141021729
Benign,Benign,0.20242463052272797
Benign,Benign,0.20046640932559967
Benign,Benign,0.19951403141021729
Benign,Benign,0.19999022781848907
Benign,Benign,0.2069544941186905
Benign,Benign,0.25576484203338623
Benign,Benign,0.20094260573387146
Benign,Benign,0.19951403141021729
Benign,Benign,0.20175978541374207
Benign,Benign,0.19999022781848907
Benign,Benign,0.19951403141021729
Benign,Benign,0.19951403141021729
Benign,Benign,0.23363123834133148
Benign,Benign,0.20046640932559967
Benign,Benign,0.19951403141021729
Benign,Benign,0.20294106006622314
Benign,Benign,0.19951403141021729
Benign,Benign,0.19999022781848907
Benign,Benign,0.19951403141021729
Benign,Benign,0.19951403141021729
Benign,Benign,0.19951403141021729
Benign,Benign,0.19999022781848907
Benign,Benign,0.19999022781848907
Benign,Benign,0.20154114067554474
Benign,Benign,0.19951403141021729
Benign,Benign,0.19951403141021729
Benign,Benign,0.19951403141021729
Benign,Benign,0.19951403141021729
Benign,Benign,0.19999022781848907
Benign,Benign,0.20141878724098206
Benign,Benign,0.20297624170780182
Benign,Benign,0.20181915163993835
Benign,Benign,0.21023981273174286
Benign,Benign,0.19999022781848907
Benign,Benign,0.19999022781848907
Benign,Benign,0.23181694746017456
Benign,Benign,0.19999022781848907
Benign,Benign,0.19951403141021729
Benign,Benign,0.19951403141021729
Benign,Benign,0.19951403141021729
Benign,Benign,0.20181915163993835
Benign,Benign,0.19951403141021729
Benign,Benign,0.19999022781848907
Benign,Benign,0.19951403141021729
Benign,Benign,0.20251227915287018
Benign,Benign,0.23715470731258392
Benign,Benign,0.20175978541374207
Benign,Benign,0.19999022781848907
Benign,Benign,0.3079926371574402
Benign,Benign,0.20134295523166656
Benign,Benign,0.20036697387695312
Benign,Benign,0.19951403141021729
Benign,Benign,0.23614884912967682
Benign,Benign,0.25909775495529175
Benign,Benign,0.19951403141021729
Benign,Benign,0.19951403141021729
Benign,Benign,0.19951403141021729
Benign,Benign,0.20094260573387146
Benign,Benign,0.19999022781848907
Benign,Benign,0.19951403141021729
Benign,Benign,0.20189498364925385
Benign,Benign,0.20046640932559967
Benign,Benign,0.21352384984493256
Benign,Benign,0.20094260573387146
Benign,Benign,0.21280978620052338
Benign,Benign,0.19951403141021729
Benign,Benign,0.19951403141021729
Benign,Benign,0.20303751528263092
Benign,Benign,0.20907475054264069
Benign,Benign,0.19951403141021729
Benign,Benign,0.20245307683944702
Benign,Benign,0.21523061394691467
Benign,Benign,0.23319193720817566
Benign,Benign,0.19999022781848907
Benign,Benign,0.2101684957742691
Benign,Benign,0.22157791256904602
Benign,Benign,0.20318834483623505
Benign,Benign,0.20276251435279846
Benign,Benign,0.19951403141021729
Benign,Benign,0.19951403141021729
Benign,Benign,0.20046640932559967
Benign,Benign,0.20242463052272797
Benign,Benign,0.19951403141021729
Benign,Benign,0.19951403141021729
Benign,Benign,0.20349857211112976
Benign,Benign,0.19951403141021729
Benign,Benign,0.22302518784999847
Benign,Benign,0.19951403141021729
Benign,Benign,0.20046640932559967
Benign,Benign,0.19951403141021729
Benign,Benign,0.19999022781848907
Benign,Benign,0.19951403141021729
Benign,Benign,0.19951403141021729
Benign,Benign,0.20141878724098206
Benign,Benign,0.19951403141021729
Benign,Benign,0.19959592819213867
Benign,Benign,0.19951403141021729
Benign,Benign,0.20590001344680786
Benign,Benign,0.20986689627170563
Benign,Benign,0.19951403141021729
Benign,Benign,0.19951403141021729
Benign,Benign,0.23699697852134705
Benign,Benign,0.23876026272773743
Benign,Benign,0.19951403141021729
Benign,Benign,0.19999022781848907
Benign,Benign,0.19951403141021729
Benign,Benign,0.19999022781848907
Benign,Benign,0.21733036637306213
Benign,Benign,0.2055692970752716
Benign,Benign,0.19951403141021729
Benign,Benign,0.19951403141021729
Benign,Benign,0.19951403141021729
Benign,Benign,0.19999022781848907
Benign,Benign,0.19951403141021729
Benign,Benign,0.19951403141021729
Benign,Benign,0.21221649646759033
Benign,Benign,0.19951403141021729
Benign,Benign,0.20223596692085266
Benign,Benign,0.20890264213085175
Benign,Benign,0.19951403141021729
Benign,Benign,0.20971065759658813
Benign,Benign,0.2048862725496292
Benign,Benign,0.2110874503850937
Benign,Benign,0.20150068402290344
Benign,Benign,0.2123672068119049
Benign,Benign,0.19999022781848907
Benign,Benign,0.20200110971927643
Benign,Benign,0.19951403141021729
Benign,Benign,0.19951403141021729
Benign,Benign,0.19951403141021729
Benign,Benign,0.2070004940032959
Benign,Benign,0.22747482359409332
Benign,Benign,0.25166404247283936
Benign,Benign,0.20298300683498383
Benign,Benign,0.19999022781848907
Benign,Benign,0.21293969452381134
Benign,Benign,0.19951403141021729
Benign,Benign,0.22538189589977264
Benign,Benign,0.19951403141021729
Benign,Benign,0.19959592819213867
Benign,Benign,0.20111343264579773
Benign,Benign,0.19951403141021729
Benign,Benign,0.19951403141021729
Benign,Benign,0.19951403141021729
Benign,Benign,0.19999022781848907
Benign,Benign,0.19951403141021729
Benign,Benign,0.19951403141021729
Benign,Benign,0.19951403141021729
Benign,Benign,0.20256131887435913
Benign,Benign,0.19999022781848907
Benign,Benign,0.20094260573387146
Benign,Benign,0.20046640932559967
Benign,Benign,0.19951403141021729
Benign,Benign,0.19951403141021729
Benign,Benign,0.2381756603717804
Benign,Benign,0.19951403141021729
Benign,Benign,0.20124287903308868
Benign,Benign,0.19999022781848907
Benign,Benign,0.201736181974411
Benign,Benign,0.19951403141021729
Benign,Benign,0.20007212460041046
Benign,Benign,0.19999022781848907
Benign,Benign,0.27229899168014526
Benign,Benign,0.19951403141021729
Benign,Benign,0.20472563803195953
Benign,Benign,0.19951403141021729
Benign,Benign,0.19951403141021729
Benign,Benign,0.20175978541374207
Benign,Benign,0.20125998556613922
Benign,Benign,0.19951403141021729
