y_real,y_pred
DNS_Spoofing,DictionaryBruteForce
DNS_Spoofing,DNS_Spoofing
DNS_Spoofing,DNS_Spoofing
DNS_Spoofing,Recon-OSScan
DNS_Spoofing,DNS_Spoofing
DNS_Spoofing,DNS_Spoofing
DNS_Spoofing,MITM-ArpSpoofing
DNS_Spoofing,DNS_Spoofing
DNS_Spoofing,Recon-PortScan
DNS_Spoofing,MITM-ArpSpoofing
DNS_Spoofing,SqlInjection
DNS_Spoofing,DNS_Spoofing
DNS_Spoofing,DNS_Spoofing
DNS_Spoofing,MITM-ArpSpoofing
DNS_Spoofing,DNS_Spoofing
DNS_Spoofing,CommandInjection
DNS_Spoofing,CommandInjection
DNS_Spoofing,DNS_Spoofing
DNS_Spoofing,DNS_Spoofing
DNS_Spoofing,DictionaryBruteForce
DNS_Spoofing,DNS_Spoofing
DNS_Spoofing,MITM-ArpSpoofing
DNS_Spoofing,DNS_Spoofing
DNS_Spoofing,DNS_Spoofing
DNS_Spoofing,DNS_Spoofing
DNS_Spoofing,BrowserHijacking
DNS_Spoofing,MITM-ArpSpoofing
DNS_Spoofing,DNS_Spoofing
DNS_Spoofing,BenignTraffic
DNS_Spoofing,DNS_Spoofing
DNS_Spoofing,Recon-PortScan
DNS_Spoofing,MITM-ArpSpoofing
DNS_Spoofing,DNS_Spoofing
DNS_Spoofing,DNS_Spoofing
DNS_Spoofing,Backdoor_Malware
DNS_Spoofing,VulnerabilityScan
DNS_Spoofing,DNS_Spoofing
DNS_Spoofing,BrowserHijacking
DNS_Spoofing,DNS_Spoofing
DNS_Spoofing,DNS_Spoofing
DNS_Spoofing,DNS_Spoofing
DNS_Spoofing,DNS_Spoofing
DNS_Spoofing,MITM-ArpSpoofing
DNS_Spoofing,DictionaryBruteForce
DNS_Spoofing,MITM-ArpSpoofing
DNS_Spoofing,VulnerabilityScan
DNS_Spoofing,MITM-ArpSpoofing
DNS_Spoofing,MITM-ArpSpoofing
DNS_Spoofing,DNS_Spoofing
DNS_Spoofing,DNS_Spoofing
DNS_Spoofing,DNS_Spoofing
DNS_Spoofing,BenignTraffic
DNS_Spoofing,DNS_Spoofing
DNS_Spoofing,DNS_Spoofing
DNS_Spoofing,DNS_Spoofing
DNS_Spoofing,DNS_Spoofing
DNS_Spoofing,DNS_Spoofing
DNS_Spoofing,DNS_Spoofing
DNS_Spoofing,Recon-PortScan
DNS_Spoofing,DNS_Spoofing
DNS_Spoofing,DNS_Spoofing
DNS_Spoofing,MITM-ArpSpoofing
DNS_Spoofing,DNS_Spoofing
DNS_Spoofing,BenignTraffic
DNS_Spoofing,XSS
DNS_Spoofing,DNS_Spoofing
DNS_Spoofing,DNS_Spoofing
DNS_Spoofing,DNS_Spoofing
DNS_Spoofing,Recon-PortScan
DNS_Spoofing,MITM-ArpSpoofing
DNS_Spoofing,DNS_Spoofing
DNS_Spoofing,MITM-ArpSpoofing
DNS_Spoofing,DNS_Spoofing
DNS_Spoofing,DNS_Spoofing
DNS_Spoofing,MITM-ArpSpoofing
DNS_Spoofing,BrowserHijacking
DNS_Spoofing,Uploading_Attack
DNS_Spoofing,VulnerabilityScan
DNS_Spoofing,MITM-ArpSpoofing
DNS_Spoofing,DNS_Spoofing
DNS_Spoofing,MITM-ArpSpoofing
DNS_Spoofing,MITM-ArpSpoofing
DNS_Spoofing,DNS_Spoofing
DNS_Spoofing,DNS_Spoofing
DNS_Spoofing,DNS_Spoofing
DNS_Spoofing,DNS_Spoofing
DNS_Spoofing,DNS_Spoofing
DNS_Spoofing,DNS_Spoofing
DNS_Spoofing,MITM-ArpSpoofing
DNS_Spoofing,MITM-ArpSpoofing
DNS_Spoofing,DNS_Spoofing
DNS_Spoofing,BenignTraffic
DNS_Spoofing,DNS_Spoofing
DNS_Spoofing,DNS_Spoofing
DNS_Spoofing,SqlInjection
DNS_Spoofing,DNS_Spoofing
DNS_Spoofing,DNS_Spoofing
DNS_Spoofing,BrowserHijacking
DNS_Spoofing,DNS_Spoofing
DNS_Spoofing,DNS_Spoofing
DNS_Spoofing,DNS_Spoofing
DNS_Spoofing,MITM-ArpSpoofing
DNS_Spoofing,DNS_Spoofing
DNS_Spoofing,DNS_Spoofing
DNS_Spoofing,DNS_Spoofing
DNS_Spoofing,MITM-ArpSpoofing
DNS_Spoofing,DNS_Spoofing
DNS_Spoofing,MITM-ArpSpoofing
DNS_Spoofing,DNS_Spoofing
DNS_Spoofing,DNS_Spoofing
DNS_Spoofing,DNS_Spoofing
DNS_Spoofing,Recon-PingSweep
DNS_Spoofing,DNS_Spoofing
DNS_Spoofing,DNS_Spoofing
DNS_Spoofing,XSS
DNS_Spoofing,DNS_Spoofing
DNS_Spoofing,MITM-ArpSpoofing
DNS_Spoofing,DNS_Spoofing
DNS_Spoofing,BrowserHijacking
DNS_Spoofing,XSS
DNS_Spoofing,MITM-ArpSpoofing
DNS_Spoofing,MITM-ArpSpoofing
DNS_Spoofing,VulnerabilityScan
DNS_Spoofing,Backdoor_Malware
DNS_Spoofing,DNS_Spoofing
DNS_Spoofing,XSS
DNS_Spoofing,BenignTraffic
DNS_Spoofing,Recon-OSScan
DNS_Spoofing,MITM-ArpSpoofing
DNS_Spoofing,MITM-ArpSpoofing
DNS_Spoofing,MITM-ArpSpoofing
DNS_Spoofing,DNS_Spoofing
DNS_Spoofing,DNS_Spoofing
DNS_Spoofing,DNS_Spoofing
DNS_Spoofing,DNS_Spoofing
DNS_Spoofing,DNS_Spoofing
DNS_Spoofing,DNS_Spoofing
DNS_Spoofing,XSS
DNS_Spoofing,DNS_Spoofing
DNS_Spoofing,VulnerabilityScan
DNS_Spoofing,BrowserHijacking
DNS_Spoofing,DNS_Spoofing
DNS_Spoofing,DictionaryBruteForce
DNS_Spoofing,DNS_Spoofing
DNS_Spoofing,DNS_Spoofing
DNS_Spoofing,DNS_Spoofing
DNS_Spoofing,DNS_Spoofing
DNS_Spoofing,MITM-ArpSpoofing
DNS_Spoofing,DNS_Spoofing
DNS_Spoofing,DNS_Spoofing
DNS_Spoofing,Backdoor_Malware
DNS_Spoofing,MITM-ArpSpoofing
DNS_Spoofing,DNS_Spoofing
DNS_Spoofing,DNS_Spoofing
DNS_Spoofing,DNS_Spoofing
DNS_Spoofing,DNS_Spoofing
DNS_Spoofing,DNS_Spoofing
DNS_Spoofing,DNS_Spoofing
DNS_Spoofing,MITM-ArpSpoofing
DNS_Spoofing,DNS_Spoofing
DNS_Spoofing,MITM-ArpSpoofing
DNS_Spoofing,DNS_Spoofing
DNS_Spoofing,DNS_Spoofing
DNS_Spoofing,Backdoor_Malware
DNS_Spoofing,DNS_Spoofing
DNS_Spoofing,DictionaryBruteForce
DNS_Spoofing,DNS_Spoofing
DNS_Spoofing,DNS_Spoofing
DNS_Spoofing,DNS_Spoofing
DNS_Spoofing,DNS_Spoofing
DNS_Spoofing,DNS_Spoofing
DNS_Spoofing,DNS_Spoofing
DNS_Spoofing,BrowserHijacking
DNS_Spoofing,DNS_Spoofing
DNS_Spoofing,MITM-ArpSpoofing
DNS_Spoofing,DNS_Spoofing
DNS_Spoofing,DNS_Spoofing
DNS_Spoofing,DNS_Spoofing
DNS_Spoofing,MITM-ArpSpoofing
DNS_Spoofing,DNS_Spoofing
DNS_Spoofing,MITM-ArpSpoofing
DNS_Spoofing,MITM-ArpSpoofing
DNS_Spoofing,DNS_Spoofing
DNS_Spoofing,Recon-PingSweep
DNS_Spoofing,DNS_Spoofing
DNS_Spoofing,DNS_Spoofing
DNS_Spoofing,DNS_Spoofing
DNS_Spoofing,MITM-ArpSpoofing
DNS_Spoofing,DNS_Spoofing
DNS_Spoofing,VulnerabilityScan
DNS_Spoofing,DNS_Spoofing
DNS_Spoofing,DNS_Spoofing
DNS_Spoofing,MITM-ArpSpoofing
DNS_Spoofing,Recon-PortScan
DNS_Spoofing,DNS_Spoofing
DNS_Spoofing,DNS_Spoofing
DNS_Spoofing,MITM-ArpSpoofing
DNS_Spoofing,DNS_Spoofing
DNS_Spoofing,BrowserHijacking
DNS_Spoofing,SqlInjection
DNS_Spoofing,DNS_Spoofing
DNS_Spoofing,MITM-ArpSpoofing
DNS_Spoofing,DNS_Spoofing
DNS_Spoofing,BrowserHijacking
DNS_Spoofing,DNS_Spoofing
DNS_Spoofing,DNS_Spoofing
DNS_Spoofing,DNS_Spoofing
DNS_Spoofing,DNS_Spoofing
DNS_Spoofing,DNS_Spoofing
DNS_Spoofing,MITM-ArpSpoofing
DNS_Spoofing,Recon-HostDiscovery
DNS_Spoofing,DNS_Spoofing
DNS_Spoofing,DNS_Spoofing
DNS_Spoofing,DNS_Spoofing
DNS_Spoofing,DNS_Spoofing
DNS_Spoofing,DNS_Spoofing
DNS_Spoofing,DictionaryBruteForce
DNS_Spoofing,BenignTraffic
DNS_Spoofing,DNS_Spoofing
DNS_Spoofing,DNS_Spoofing
DNS_Spoofing,MITM-ArpSpoofing
DNS_Spoofing,XSS
DNS_Spoofing,DDoS-UDP_Flood
DNS_Spoofing,Recon-PortScan
DNS_Spoofing,MITM-ArpSpoofing
DNS_Spoofing,DNS_Spoofing
DNS_Spoofing,VulnerabilityScan
DNS_Spoofing,DNS_Spoofing
DNS_Spoofing,VulnerabilityScan
DNS_Spoofing,DNS_Spoofing
DNS_Spoofing,DNS_Spoofing
DNS_Spoofing,DNS_Spoofing
DNS_Spoofing,Recon-HostDiscovery
DNS_Spoofing,DNS_Spoofing
DNS_Spoofing,DNS_Spoofing
DNS_Spoofing,Backdoor_Malware
DNS_Spoofing,DNS_Spoofing
DNS_Spoofing,VulnerabilityScan
DNS_Spoofing,MITM-ArpSpoofing
DNS_Spoofing,DNS_Spoofing
DNS_Spoofing,DNS_Spoofing
DNS_Spoofing,DNS_Spoofing
DNS_Spoofing,XSS
DNS_Spoofing,DNS_Spoofing
DNS_Spoofing,DNS_Spoofing
DNS_Spoofing,BrowserHijacking
DNS_Spoofing,DNS_Spoofing
DNS_Spoofing,DNS_Spoofing
DNS_Spoofing,DNS_Spoofing
DNS_Spoofing,DNS_Spoofing
DNS_Spoofing,DNS_Spoofing
DNS_Spoofing,DNS_Spoofing
DNS_Spoofing,MITM-ArpSpoofing
DNS_Spoofing,BenignTraffic
DNS_Spoofing,MITM-ArpSpoofing
DNS_Spoofing,DNS_Spoofing
DNS_Spoofing,DNS_Spoofing
DNS_Spoofing,DNS_Spoofing
DNS_Spoofing,MITM-ArpSpoofing
DNS_Spoofing,MITM-ArpSpoofing
DNS_Spoofing,DNS_Spoofing
DNS_Spoofing,DNS_Spoofing
DNS_Spoofing,DNS_Spoofing
DNS_Spoofing,MITM-ArpSpoofing
DNS_Spoofing,MITM-ArpSpoofing
DNS_Spoofing,BrowserHijacking
DNS_Spoofing,Recon-OSScan
DNS_Spoofing,VulnerabilityScan
DNS_Spoofing,DNS_Spoofing
DNS_Spoofing,DNS_Spoofing
DNS_Spoofing,MITM-ArpSpoofing
DNS_Spoofing,DNS_Spoofing
DNS_Spoofing,DNS_Spoofing
DNS_Spoofing,Recon-PortScan
DNS_Spoofing,DDoS-UDP_Flood
DNS_Spoofing,DNS_Spoofing
DNS_Spoofing,MITM-ArpSpoofing
DNS_Spoofing,DNS_Spoofing
DNS_Spoofing,MITM-ArpSpoofing
DNS_Spoofing,DNS_Spoofing
DNS_Spoofing,DNS_Spoofing
DNS_Spoofing,BrowserHijacking
DNS_Spoofing,MITM-ArpSpoofing
DNS_Spoofing,MITM-ArpSpoofing
DNS_Spoofing,Recon-HostDiscovery
DNS_Spoofing,DNS_Spoofing
DNS_Spoofing,MITM-ArpSpoofing
DNS_Spoofing,DNS_Spoofing
DNS_Spoofing,MITM-ArpSpoofing
DNS_Spoofing,DictionaryBruteForce
DNS_Spoofing,DNS_Spoofing
DNS_Spoofing,DNS_Spoofing
DNS_Spoofing,MITM-ArpSpoofing
DNS_Spoofing,BrowserHijacking
DNS_Spoofing,MITM-ArpSpoofing
DNS_Spoofing,DNS_Spoofing
DNS_Spoofing,VulnerabilityScan
DNS_Spoofing,VulnerabilityScan
DNS_Spoofing,MITM-ArpSpoofing
DNS_Spoofing,DNS_Spoofing
DNS_Spoofing,VulnerabilityScan
DNS_Spoofing,Backdoor_Malware
DNS_Spoofing,MITM-ArpSpoofing
DNS_Spoofing,MITM-ArpSpoofing
DoS-SYN_Flood,DoS-SYN_Flood
DoS-SYN_Flood,DoS-SYN_Flood
DoS-SYN_Flood,DDoS-SYN_Flood
DoS-SYN_Flood,DDoS-TCP_Flood
DoS-SYN_Flood,DDoS-SYN_Flood
DoS-SYN_Flood,DoS-SYN_Flood
DoS-SYN_Flood,DoS-SYN_Flood
DoS-SYN_Flood,DoS-SYN_Flood
DoS-SYN_Flood,DoS-SYN_Flood
DoS-SYN_Flood,DoS-UDP_Flood
DoS-SYN_Flood,DoS-SYN_Flood
DoS-SYN_Flood,DDoS-ICMP_Fragmentation
DoS-SYN_Flood,DoS-SYN_Flood
DoS-SYN_Flood,DDoS-UDP_Flood
DoS-SYN_Flood,DoS-SYN_Flood
DoS-SYN_Flood,DoS-SYN_Flood
DoS-SYN_Flood,DDoS-SYN_Flood
DoS-SYN_Flood,DDoS-PSHACK_Flood
DoS-SYN_Flood,DoS-SYN_Flood
DoS-SYN_Flood,DDoS-SYN_Flood
DoS-SYN_Flood,DoS-SYN_Flood
DoS-SYN_Flood,DDoS-SYN_Flood
DoS-SYN_Flood,DDoS-SYN_Flood
DoS-SYN_Flood,DoS-SYN_Flood
DoS-SYN_Flood,DDoS-SYN_Flood
DoS-SYN_Flood,DoS-SYN_Flood
DoS-SYN_Flood,DoS-SYN_Flood
DoS-SYN_Flood,DoS-TCP_Flood
DoS-SYN_Flood,DoS-SYN_Flood
DoS-SYN_Flood,DDoS-SYN_Flood
DoS-SYN_Flood,Mirai-greeth_flood
DoS-SYN_Flood,DDoS-TCP_Flood
DoS-SYN_Flood,DoS-SYN_Flood
DoS-SYN_Flood,DoS-SYN_Flood
DoS-SYN_Flood,DoS-SYN_Flood
DoS-SYN_Flood,DDoS-SYN_Flood
DoS-SYN_Flood,DDoS-SYN_Flood
DoS-SYN_Flood,DoS-SYN_Flood
DoS-SYN_Flood,DoS-SYN_Flood
DoS-SYN_Flood,DDoS-TCP_Flood
DoS-SYN_Flood,DDoS-SYN_Flood
DoS-SYN_Flood,VulnerabilityScan
DoS-SYN_Flood,DoS-TCP_Flood
DoS-SYN_Flood,DDoS-SYN_Flood
DoS-SYN_Flood,DDoS-SYN_Flood
DoS-SYN_Flood,DoS-SYN_Flood
DoS-SYN_Flood,DDoS-SYN_Flood
DoS-SYN_Flood,DoS-SYN_Flood
DoS-SYN_Flood,DoS-SYN_Flood
DoS-SYN_Flood,DDoS-SYN_Flood
DoS-SYN_Flood,DDoS-TCP_Flood
DoS-SYN_Flood,DDoS-SYN_Flood
DoS-SYN_Flood,DoS-SYN_Flood
DoS-SYN_Flood,DDoS-SynonymousIP_Flood
DoS-SYN_Flood,DDoS-SYN_Flood
DoS-SYN_Flood,DoS-TCP_Flood
DoS-SYN_Flood,DDoS-SYN_Flood
DoS-SYN_Flood,DDoS-ICMP_Fragmentation
DoS-SYN_Flood,DoS-SYN_Flood
DoS-SYN_Flood,DDoS-SynonymousIP_Flood
DoS-SYN_Flood,DDoS-ICMP_Fragmentation
DoS-SYN_Flood,DDoS-UDP_Flood
DoS-SYN_Flood,DDoS-SYN_Flood
DoS-SYN_Flood,DDoS-ICMP_Fragmentation
DoS-SYN_Flood,DDoS-SynonymousIP_Flood
DoS-SYN_Flood,DoS-SYN_Flood
DoS-SYN_Flood,DDoS-SynonymousIP_Flood
DoS-SYN_Flood,DDoS-UDP_Flood
DoS-SYN_Flood,DoS-HTTP_Flood
DoS-SYN_Flood,DoS-SYN_Flood
DoS-SYN_Flood,DoS-SYN_Flood
DoS-SYN_Flood,DDoS-SYN_Flood
DoS-SYN_Flood,DoS-SYN_Flood
DoS-SYN_Flood,DDoS-SYN_Flood
DoS-SYN_Flood,DoS-SYN_Flood
DoS-SYN_Flood,DoS-SYN_Flood
DoS-SYN_Flood,DDoS-SYN_Flood
DoS-SYN_Flood,DDoS-SYN_Flood
DoS-SYN_Flood,DoS-SYN_Flood
DoS-SYN_Flood,DDoS-SynonymousIP_Flood
DoS-SYN_Flood,DoS-SYN_Flood
DoS-SYN_Flood,DDoS-ICMP_Fragmentation
DoS-SYN_Flood,DoS-SYN_Flood
DoS-SYN_Flood,DoS-SYN_Flood
DoS-SYN_Flood,DoS-SYN_Flood
DoS-SYN_Flood,DDoS-ICMP_Fragmentation
DoS-SYN_Flood,DoS-UDP_Flood
DoS-SYN_Flood,DDoS-SYN_Flood
DoS-SYN_Flood,DDoS-SYN_Flood
DoS-SYN_Flood,DDoS-ACK_Fragmentation
DoS-SYN_Flood,DDoS-SYN_Flood
DoS-SYN_Flood,DoS-SYN_Flood
DoS-SYN_Flood,DDoS-SynonymousIP_Flood
DoS-SYN_Flood,DoS-SYN_Flood
DoS-SYN_Flood,DoS-SYN_Flood
DoS-SYN_Flood,DoS-SYN_Flood
DoS-SYN_Flood,DDoS-SYN_Flood
DoS-SYN_Flood,DoS-SYN_Flood
DoS-SYN_Flood,DoS-SYN_Flood
DoS-SYN_Flood,DoS-SYN_Flood
DoS-SYN_Flood,DoS-SYN_Flood
DoS-SYN_Flood,DDoS-SYN_Flood
DoS-SYN_Flood,DoS-SYN_Flood
DoS-SYN_Flood,DDoS-SYN_Flood
DoS-SYN_Flood,DDoS-SYN_Flood
DoS-SYN_Flood,DoS-TCP_Flood
DoS-SYN_Flood,DDoS-ICMP_Fragmentation
DoS-SYN_Flood,DDoS-UDP_Fragmentation
DoS-SYN_Flood,DDoS-ICMP_Fragmentation
DoS-SYN_Flood,DDoS-PSHACK_Flood
DoS-SYN_Flood,DoS-TCP_Flood
DoS-SYN_Flood,DDoS-UDP_Flood
DoS-SYN_Flood,DDoS-SYN_Flood
DoS-SYN_Flood,DoS-SYN_Flood
DoS-SYN_Flood,DoS-SYN_Flood
DoS-SYN_Flood,DoS-SYN_Flood
DoS-SYN_Flood,DDoS-SynonymousIP_Flood
DoS-SYN_Flood,DDoS-SYN_Flood
DoS-SYN_Flood,DoS-SYN_Flood
DoS-SYN_Flood,DDoS-SYN_Flood
DoS-SYN_Flood,DDoS-ICMP_Fragmentation
DoS-SYN_Flood,DDoS-SYN_Flood
DoS-SYN_Flood,DDoS-UDP_Flood
DoS-SYN_Flood,DDoS-SYN_Flood
DoS-SYN_Flood,DDoS-ICMP_Flood
DoS-SYN_Flood,DoS-SYN_Flood
DoS-SYN_Flood,DoS-SYN_Flood
DoS-SYN_Flood,DoS-SYN_Flood
DoS-SYN_Flood,DDoS-UDP_Flood
DoS-SYN_Flood,DoS-SYN_Flood
DoS-SYN_Flood,DDoS-SYN_Flood
DoS-SYN_Flood,DDoS-SYN_Flood
DoS-SYN_Flood,DoS-SYN_Flood
DoS-SYN_Flood,DoS-SYN_Flood
DoS-SYN_Flood,DoS-SYN_Flood
DoS-SYN_Flood,DDoS-TCP_Flood
DoS-SYN_Flood,DoS-SYN_Flood
DoS-SYN_Flood,DDoS-SYN_Flood
DoS-SYN_Flood,DDoS-SynonymousIP_Flood
DoS-SYN_Flood,DoS-SYN_Flood
DoS-SYN_Flood,DDoS-SYN_Flood
DoS-SYN_Flood,DoS-SYN_Flood
DoS-SYN_Flood,DoS-SYN_Flood
DoS-SYN_Flood,DDoS-TCP_Flood
DoS-SYN_Flood,DoS-SYN_Flood
DoS-SYN_Flood,DDoS-SynonymousIP_Flood
DoS-SYN_Flood,DDoS-SYN_Flood
DoS-SYN_Flood,DDoS-SYN_Flood
DoS-SYN_Flood,DoS-TCP_Flood
DoS-SYN_Flood,DoS-TCP_Flood
DoS-SYN_Flood,DoS-SYN_Flood
DoS-SYN_Flood,DoS-SYN_Flood
DoS-SYN_Flood,DoS-SYN_Flood
DoS-SYN_Flood,DoS-UDP_Flood
DoS-SYN_Flood,DoS-SYN_Flood
DoS-SYN_Flood,DoS-SYN_Flood
DoS-SYN_Flood,DDoS-ICMP_Fragmentation
DoS-SYN_Flood,DoS-SYN_Flood
DoS-SYN_Flood,DDoS-SYN_Flood
DoS-SYN_Flood,VulnerabilityScan
DoS-SYN_Flood,DDoS-SYN_Flood
DoS-SYN_Flood,DoS-SYN_Flood
DoS-SYN_Flood,DDoS-SynonymousIP_Flood
DoS-SYN_Flood,DoS-SYN_Flood
DoS-SYN_Flood,DDoS-SYN_Flood
DoS-SYN_Flood,DDoS-ICMP_Fragmentation
DoS-SYN_Flood,DoS-SYN_Flood
DoS-SYN_Flood,DDoS-SYN_Flood
DoS-SYN_Flood,DoS-SYN_Flood
DoS-SYN_Flood,DDoS-SynonymousIP_Flood
DoS-SYN_Flood,DDoS-SYN_Flood
DoS-SYN_Flood,DoS-SYN_Flood
DoS-SYN_Flood,DDoS-UDP_Flood
DoS-SYN_Flood,DoS-SYN_Flood
DoS-SYN_Flood,Mirai-udpplain
DoS-SYN_Flood,DDoS-SYN_Flood
DoS-SYN_Flood,DoS-TCP_Flood
DoS-SYN_Flood,DoS-SYN_Flood
DoS-SYN_Flood,DDoS-SynonymousIP_Flood
DoS-SYN_Flood,DoS-SYN_Flood
DoS-SYN_Flood,DDoS-SYN_Flood
DoS-SYN_Flood,DDoS-UDP_Flood
DoS-SYN_Flood,DDoS-ICMP_Fragmentation
DoS-SYN_Flood,DoS-SYN_Flood
DoS-SYN_Flood,DDoS-ACK_Fragmentation
DoS-SYN_Flood,DDoS-TCP_Flood
DoS-SYN_Flood,DDoS-SYN_Flood
DoS-SYN_Flood,DDoS-SYN_Flood
DoS-SYN_Flood,DoS-SYN_Flood
DoS-SYN_Flood,DDoS-ICMP_Fragmentation
DoS-SYN_Flood,DDoS-SYN_Flood
DoS-SYN_Flood,DDoS-SYN_Flood
DoS-SYN_Flood,DoS-SYN_Flood
DoS-SYN_Flood,DoS-SYN_Flood
DoS-SYN_Flood,DoS-SYN_Flood
DoS-SYN_Flood,DoS-HTTP_Flood
DoS-SYN_Flood,DDoS-SYN_Flood
DoS-SYN_Flood,DDoS-TCP_Flood
DoS-SYN_Flood,DoS-SYN_Flood
DoS-SYN_Flood,DDoS-SYN_Flood
DoS-SYN_Flood,DoS-SYN_Flood
DoS-SYN_Flood,DDoS-SYN_Flood
DoS-SYN_Flood,DDoS-ICMP_Fragmentation
DoS-SYN_Flood,DoS-SYN_Flood
DoS-SYN_Flood,DDoS-UDP_Flood
DoS-SYN_Flood,DDoS-ICMP_Fragmentation
DoS-SYN_Flood,DDoS-UDP_Flood
DoS-SYN_Flood,DoS-SYN_Flood
DoS-SYN_Flood,DDoS-SYN_Flood
DoS-SYN_Flood,DoS-SYN_Flood
DoS-SYN_Flood,DDoS-SynonymousIP_Flood
DoS-SYN_Flood,DDoS-UDP_Flood
DoS-SYN_Flood,DoS-SYN_Flood
DoS-SYN_Flood,DDoS-ACK_Fragmentation
DoS-SYN_Flood,DDoS-SYN_Flood
DoS-SYN_Flood,DDoS-SynonymousIP_Flood
DoS-SYN_Flood,DDoS-SYN_Flood
DoS-SYN_Flood,DDoS-SynonymousIP_Flood
DoS-SYN_Flood,Mirai-greeth_flood
DoS-SYN_Flood,DoS-SYN_Flood
DoS-SYN_Flood,DDoS-TCP_Flood
DoS-SYN_Flood,DoS-SYN_Flood
DoS-SYN_Flood,DDoS-SynonymousIP_Flood
DoS-SYN_Flood,DDoS-SYN_Flood
DoS-SYN_Flood,DDoS-SynonymousIP_Flood
DoS-SYN_Flood,DDoS-SYN_Flood
DoS-SYN_Flood,DoS-SYN_Flood
DoS-SYN_Flood,DoS-SYN_Flood
DoS-SYN_Flood,DDoS-SYN_Flood
DoS-SYN_Flood,DDoS-SynonymousIP_Flood
DoS-SYN_Flood,DoS-SYN_Flood
DoS-SYN_Flood,DDoS-SYN_Flood
DoS-SYN_Flood,DDoS-ICMP_Flood
DoS-SYN_Flood,DDoS-ACK_Fragmentation
DoS-SYN_Flood,DDoS-SynonymousIP_Flood
DoS-SYN_Flood,DDoS-ICMP_Fragmentation
DoS-SYN_Flood,DDoS-SYN_Flood
DoS-SYN_Flood,DDoS-SYN_Flood
DoS-SYN_Flood,DDoS-SYN_Flood
DoS-SYN_Flood,DoS-SYN_Flood
DoS-SYN_Flood,DoS-SYN_Flood
DoS-SYN_Flood,DoS-SYN_Flood
DoS-SYN_Flood,DoS-SYN_Flood
DoS-SYN_Flood,DDoS-SYN_Flood
DoS-SYN_Flood,DDoS-SYN_Flood
DoS-SYN_Flood,DDoS-SynonymousIP_Flood
DoS-SYN_Flood,DoS-SYN_Flood
DoS-SYN_Flood,DDoS-UDP_Flood
DoS-SYN_Flood,DoS-SYN_Flood
DoS-SYN_Flood,DDoS-SYN_Flood
DoS-SYN_Flood,DDoS-UDP_Flood
DoS-SYN_Flood,DoS-SYN_Flood
DoS-SYN_Flood,DDoS-UDP_Flood
DoS-SYN_Flood,DDoS-SynonymousIP_Flood
DoS-SYN_Flood,DoS-HTTP_Flood
DoS-SYN_Flood,DDoS-SYN_Flood
DoS-SYN_Flood,DDoS-PSHACK_Flood
DoS-SYN_Flood,DDoS-SYN_Flood
DoS-SYN_Flood,DDoS-SYN_Flood
DoS-SYN_Flood,DDoS-SynonymousIP_Flood
DoS-SYN_Flood,DoS-SYN_Flood
DoS-SYN_Flood,DoS-SYN_Flood
DoS-SYN_Flood,DDoS-SYN_Flood
DoS-SYN_Flood,DoS-SYN_Flood
DoS-SYN_Flood,DDoS-TCP_Flood
DoS-SYN_Flood,DDoS-ICMP_Fragmentation
DoS-SYN_Flood,DoS-SYN_Flood
DoS-SYN_Flood,DoS-SYN_Flood
DoS-SYN_Flood,DDoS-ICMP_Fragmentation
DoS-SYN_Flood,DDoS-SynonymousIP_Flood
DoS-SYN_Flood,DoS-SYN_Flood
DoS-SYN_Flood,DoS-SYN_Flood
DoS-SYN_Flood,DoS-SYN_Flood
DoS-SYN_Flood,DoS-SYN_Flood
DoS-SYN_Flood,DDoS-SYN_Flood
DoS-SYN_Flood,DoS-SYN_Flood
DoS-SYN_Flood,DoS-SYN_Flood
DoS-SYN_Flood,DDoS-UDP_Flood
DoS-SYN_Flood,DoS-TCP_Flood
DoS-SYN_Flood,DoS-SYN_Flood
DoS-SYN_Flood,DoS-SYN_Flood
DoS-SYN_Flood,DoS-SYN_Flood
DoS-SYN_Flood,DDoS-SYN_Flood
DoS-SYN_Flood,DDoS-SYN_Flood
DoS-SYN_Flood,DoS-SYN_Flood
DoS-SYN_Flood,DDoS-SynonymousIP_Flood
DoS-SYN_Flood,DoS-SYN_Flood
DoS-SYN_Flood,DDoS-SynonymousIP_Flood
DoS-SYN_Flood,DDoS-SYN_Flood
DoS-SYN_Flood,DoS-SYN_Flood
DoS-SYN_Flood,DDoS-TCP_Flood
DoS-SYN_Flood,DoS-SYN_Flood
DoS-SYN_Flood,DDoS-SYN_Flood
DoS-SYN_Flood,DDoS-SynonymousIP_Flood
DoS-SYN_Flood,DDoS-UDP_Fragmentation
DoS-SYN_Flood,DDoS-SYN_Flood
DoS-SYN_Flood,DoS-SYN_Flood
DoS-SYN_Flood,DDoS-TCP_Flood
DoS-SYN_Flood,DDoS-SYN_Flood
DoS-SYN_Flood,DDoS-SYN_Flood
DoS-SYN_Flood,DoS-SYN_Flood
DoS-SYN_Flood,DDoS-SYN_Flood
DoS-SYN_Flood,DDoS-TCP_Flood
DoS-SYN_Flood,DoS-SYN_Flood
DoS-SYN_Flood,DDoS-ICMP_Flood
DoS-SYN_Flood,DDoS-SYN_Flood
DoS-SYN_Flood,DoS-UDP_Flood
DoS-SYN_Flood,DoS-UDP_Flood
DoS-SYN_Flood,DoS-SYN_Flood
DoS-SYN_Flood,DoS-SYN_Flood
DoS-SYN_Flood,DoS-SYN_Flood
DoS-SYN_Flood,DoS-SYN_Flood
DoS-SYN_Flood,DDoS-SYN_Flood
DoS-SYN_Flood,DoS-SYN_Flood
DoS-SYN_Flood,DDoS-UDP_Flood
DoS-SYN_Flood,DoS-SYN_Flood
DoS-SYN_Flood,DDoS-SynonymousIP_Flood
DoS-SYN_Flood,DDoS-SYN_Flood
DoS-SYN_Flood,DDoS-SYN_Flood
DoS-SYN_Flood,DDoS-SYN_Flood
DoS-SYN_Flood,DoS-SYN_Flood
DoS-SYN_Flood,DDoS-SynonymousIP_Flood
DoS-SYN_Flood,DDoS-SYN_Flood
DoS-SYN_Flood,DoS-SYN_Flood
DoS-SYN_Flood,DDoS-UDP_Flood
DoS-SYN_Flood,DoS-SYN_Flood
DoS-SYN_Flood,DDoS-SynonymousIP_Flood
DoS-SYN_Flood,DoS-SYN_Flood
DoS-SYN_Flood,DDoS-SYN_Flood
DoS-SYN_Flood,DoS-SYN_Flood
DoS-SYN_Flood,DoS-SYN_Flood
DoS-SYN_Flood,DDoS-SYN_Flood
DoS-SYN_Flood,DoS-SYN_Flood
DoS-SYN_Flood,DDoS-TCP_Flood
DoS-SYN_Flood,DDoS-SYN_Flood
DoS-SYN_Flood,DoS-SYN_Flood
DoS-SYN_Flood,DDoS-SYN_Flood
DoS-SYN_Flood,DDoS-SynonymousIP_Flood
DoS-SYN_Flood,DoS-HTTP_Flood
DoS-SYN_Flood,DDoS-SYN_Flood
DoS-SYN_Flood,DoS-TCP_Flood
DoS-SYN_Flood,DoS-SYN_Flood
DoS-SYN_Flood,DDoS-SYN_Flood
DoS-SYN_Flood,DoS-SYN_Flood
DoS-SYN_Flood,DoS-SYN_Flood
DoS-SYN_Flood,DDoS-SYN_Flood
DoS-SYN_Flood,DoS-SYN_Flood
DoS-SYN_Flood,DDoS-SYN_Flood
DoS-SYN_Flood,DoS-SYN_Flood
DoS-SYN_Flood,DDoS-TCP_Flood
DoS-SYN_Flood,DDoS-SYN_Flood
DoS-SYN_Flood,DDoS-SynonymousIP_Flood
DoS-SYN_Flood,DoS-SYN_Flood
DoS-SYN_Flood,DoS-SYN_Flood
DoS-SYN_Flood,DDoS-SYN_Flood
DoS-SYN_Flood,DDoS-SynonymousIP_Flood
DoS-SYN_Flood,DDoS-TCP_Flood
DoS-SYN_Flood,DDoS-SynonymousIP_Flood
DoS-SYN_Flood,DoS-SYN_Flood
DoS-SYN_Flood,DoS-SYN_Flood
DoS-SYN_Flood,DDoS-HTTP_Flood
DoS-SYN_Flood,DDoS-SYN_Flood
DoS-SYN_Flood,DDoS-SYN_Flood
DoS-SYN_Flood,DDoS-SYN_Flood
DoS-SYN_Flood,Mirai-greeth_flood
DoS-SYN_Flood,DDoS-SYN_Flood
DoS-SYN_Flood,DoS-HTTP_Flood
DoS-SYN_Flood,DoS-SYN_Flood
DoS-SYN_Flood,DoS-SYN_Flood
DoS-SYN_Flood,DoS-SYN_Flood
DoS-SYN_Flood,Recon-PortScan
DoS-SYN_Flood,DDoS-TCP_Flood
DoS-SYN_Flood,DDoS-SYN_Flood
DoS-SYN_Flood,DoS-SYN_Flood
DoS-SYN_Flood,DDoS-UDP_Flood
DoS-SYN_Flood,DoS-UDP_Flood
DoS-SYN_Flood,DoS-SYN_Flood
DoS-SYN_Flood,DDoS-SYN_Flood
DoS-SYN_Flood,DoS-SYN_Flood
DoS-SYN_Flood,DoS-SYN_Flood
DoS-SYN_Flood,DDoS-SYN_Flood
DoS-SYN_Flood,DDoS-SYN_Flood
DoS-SYN_Flood,DoS-SYN_Flood
DoS-SYN_Flood,DoS-SYN_Flood
DoS-SYN_Flood,DoS-SYN_Flood
DoS-SYN_Flood,DoS-SYN_Flood
DoS-SYN_Flood,DDoS-ICMP_Fragmentation
DoS-SYN_Flood,DoS-SYN_Flood
DoS-SYN_Flood,DoS-SYN_Flood
DoS-SYN_Flood,DDoS-SynonymousIP_Flood
DoS-SYN_Flood,DDoS-SYN_Flood
DoS-SYN_Flood,DDoS-ICMP_Fragmentation
DoS-SYN_Flood,DDoS-ICMP_Flood
DoS-SYN_Flood,DDoS-SYN_Flood
DoS-SYN_Flood,DDoS-SynonymousIP_Flood
DoS-SYN_Flood,DoS-SYN_Flood
DoS-SYN_Flood,DDoS-SYN_Flood
DoS-SYN_Flood,DDoS-SYN_Flood
DoS-SYN_Flood,DoS-SYN_Flood
DoS-SYN_Flood,DDoS-ICMP_Fragmentation
SqlInjection,SqlInjection
SqlInjection,CommandInjection
SqlInjection,SqlInjection
SqlInjection,SqlInjection
SqlInjection,Backdoor_Malware
SqlInjection,VulnerabilityScan
SqlInjection,Backdoor_Malware
SqlInjection,BrowserHijacking
SqlInjection,CommandInjection
SqlInjection,XSS
SqlInjection,SqlInjection
SqlInjection,SqlInjection
SqlInjection,SqlInjection
SqlInjection,BrowserHijacking
SqlInjection,SqlInjection
SqlInjection,Recon-HostDiscovery
SqlInjection,Recon-PortScan
SqlInjection,VulnerabilityScan
SqlInjection,VulnerabilityScan
SqlInjection,BenignTraffic
SqlInjection,SqlInjection
SqlInjection,SqlInjection
SqlInjection,DictionaryBruteForce
SqlInjection,Recon-PingSweep
SqlInjection,SqlInjection
SqlInjection,SqlInjection
SqlInjection,Recon-PortScan
SqlInjection,Recon-HostDiscovery
SqlInjection,Recon-PortScan
SqlInjection,CommandInjection
SqlInjection,VulnerabilityScan
SqlInjection,Uploading_Attack
SqlInjection,Recon-OSScan
SqlInjection,Recon-OSScan
SqlInjection,SqlInjection
SqlInjection,DictionaryBruteForce
SqlInjection,CommandInjection
SqlInjection,DictionaryBruteForce
SqlInjection,Recon-PingSweep
SqlInjection,Uploading_Attack
SqlInjection,BenignTraffic
SqlInjection,SqlInjection
SqlInjection,Recon-PingSweep
SqlInjection,VulnerabilityScan
SqlInjection,Uploading_Attack
SqlInjection,Recon-PortScan
SqlInjection,Uploading_Attack
SqlInjection,Recon-OSScan
SqlInjection,DictionaryBruteForce
SqlInjection,BenignTraffic
SqlInjection,Recon-PingSweep
SqlInjection,VulnerabilityScan
SqlInjection,Recon-PingSweep
SqlInjection,SqlInjection
SqlInjection,Backdoor_Malware
SqlInjection,VulnerabilityScan
SqlInjection,Recon-OSScan
SqlInjection,Backdoor_Malware
SqlInjection,Recon-OSScan
SqlInjection,Recon-OSScan
SqlInjection,SqlInjection
SqlInjection,Recon-HostDiscovery
SqlInjection,Recon-PortScan
SqlInjection,DictionaryBruteForce
SqlInjection,Uploading_Attack
SqlInjection,Backdoor_Malware
SqlInjection,VulnerabilityScan
SqlInjection,Recon-OSScan
SqlInjection,Uploading_Attack
SqlInjection,Recon-OSScan
SqlInjection,BenignTraffic
SqlInjection,SqlInjection
SqlInjection,Recon-PortScan
SqlInjection,SqlInjection
SqlInjection,Backdoor_Malware
SqlInjection,VulnerabilityScan
SqlInjection,SqlInjection
SqlInjection,Backdoor_Malware
SqlInjection,Recon-PortScan
SqlInjection,Recon-PingSweep
SqlInjection,SqlInjection
SqlInjection,SqlInjection
SqlInjection,Recon-PingSweep
SqlInjection,XSS
SqlInjection,SqlInjection
SqlInjection,SqlInjection
SqlInjection,VulnerabilityScan
SqlInjection,Recon-PortScan
SqlInjection,DictionaryBruteForce
SqlInjection,BenignTraffic
SqlInjection,Recon-OSScan
SqlInjection,SqlInjection
SqlInjection,Recon-PingSweep
SqlInjection,Backdoor_Malware
SqlInjection,VulnerabilityScan
SqlInjection,Recon-PingSweep
SqlInjection,SqlInjection
SqlInjection,Backdoor_Malware
SqlInjection,DNS_Spoofing
SqlInjection,Recon-PingSweep
SqlInjection,SqlInjection
SqlInjection,BrowserHijacking
SqlInjection,SqlInjection
SqlInjection,BenignTraffic
SqlInjection,Recon-PingSweep
SqlInjection,Backdoor_Malware
SqlInjection,SqlInjection
SqlInjection,DictionaryBruteForce
SqlInjection,DictionaryBruteForce
SqlInjection,VulnerabilityScan
SqlInjection,DictionaryBruteForce
SqlInjection,VulnerabilityScan
SqlInjection,SqlInjection
SqlInjection,Recon-OSScan
SqlInjection,Recon-OSScan
SqlInjection,Recon-PortScan
SqlInjection,Uploading_Attack
SqlInjection,DictionaryBruteForce
SqlInjection,Recon-PortScan
SqlInjection,SqlInjection
SqlInjection,DictionaryBruteForce
SqlInjection,XSS
SqlInjection,Recon-PingSweep
SqlInjection,Recon-PingSweep
SqlInjection,SqlInjection
SqlInjection,Recon-PingSweep
SqlInjection,SqlInjection
SqlInjection,VulnerabilityScan
SqlInjection,Backdoor_Malware
SqlInjection,SqlInjection
SqlInjection,BrowserHijacking
SqlInjection,XSS
SqlInjection,Backdoor_Malware
SqlInjection,SqlInjection
SqlInjection,SqlInjection
SqlInjection,SqlInjection
SqlInjection,SqlInjection
SqlInjection,Recon-PingSweep
SqlInjection,SqlInjection
SqlInjection,SqlInjection
SqlInjection,VulnerabilityScan
SqlInjection,DictionaryBruteForce
SqlInjection,SqlInjection
SqlInjection,Uploading_Attack
SqlInjection,SqlInjection
SqlInjection,Recon-PortScan
SqlInjection,SqlInjection
SqlInjection,SqlInjection
SqlInjection,Recon-PortScan
SqlInjection,SqlInjection
SqlInjection,SqlInjection
SqlInjection,VulnerabilityScan
SqlInjection,Recon-PingSweep
SqlInjection,Backdoor_Malware
SqlInjection,BenignTraffic
SqlInjection,Recon-PortScan
SqlInjection,SqlInjection
SqlInjection,SqlInjection
SqlInjection,Recon-PingSweep
SqlInjection,Uploading_Attack
SqlInjection,SqlInjection
SqlInjection,CommandInjection
SqlInjection,VulnerabilityScan
SqlInjection,Recon-OSScan
SqlInjection,VulnerabilityScan
SqlInjection,Recon-PortScan
SqlInjection,VulnerabilityScan
SqlInjection,SqlInjection
SqlInjection,Backdoor_Malware
SqlInjection,Backdoor_Malware
SqlInjection,SqlInjection
SqlInjection,SqlInjection
SqlInjection,Recon-PingSweep
SqlInjection,Recon-PortScan
SqlInjection,VulnerabilityScan
SqlInjection,SqlInjection
SqlInjection,Recon-PortScan
SqlInjection,BenignTraffic
SqlInjection,Recon-PingSweep
SqlInjection,XSS
SqlInjection,SqlInjection
SqlInjection,Recon-PortScan
SqlInjection,SqlInjection
SqlInjection,BenignTraffic
SqlInjection,Recon-OSScan
SqlInjection,Uploading_Attack
SqlInjection,Recon-PingSweep
SqlInjection,BenignTraffic
SqlInjection,VulnerabilityScan
SqlInjection,SqlInjection
SqlInjection,SqlInjection
SqlInjection,VulnerabilityScan
DictionaryBruteForce,DictionaryBruteForce
DictionaryBruteForce,MITM-ArpSpoofing
DictionaryBruteForce,Uploading_Attack
DictionaryBruteForce,Backdoor_Malware
DictionaryBruteForce,Recon-OSScan
DictionaryBruteForce,VulnerabilityScan
DictionaryBruteForce,DictionaryBruteForce
DictionaryBruteForce,DictionaryBruteForce
DictionaryBruteForce,Recon-PingSweep
DictionaryBruteForce,Uploading_Attack
DictionaryBruteForce,DictionaryBruteForce
DictionaryBruteForce,DictionaryBruteForce
DictionaryBruteForce,DictionaryBruteForce
DictionaryBruteForce,DictionaryBruteForce
DictionaryBruteForce,DictionaryBruteForce
DictionaryBruteForce,Recon-PingSweep
DictionaryBruteForce,Recon-PingSweep
DictionaryBruteForce,Backdoor_Malware
DictionaryBruteForce,DictionaryBruteForce
DictionaryBruteForce,Backdoor_Malware
DictionaryBruteForce,XSS
DictionaryBruteForce,DictionaryBruteForce
DictionaryBruteForce,Backdoor_Malware
DictionaryBruteForce,DictionaryBruteForce
DictionaryBruteForce,BrowserHijacking
DictionaryBruteForce,Recon-PortScan
DictionaryBruteForce,DictionaryBruteForce
DictionaryBruteForce,DictionaryBruteForce
DictionaryBruteForce,Backdoor_Malware
DictionaryBruteForce,Uploading_Attack
DictionaryBruteForce,DictionaryBruteForce
DictionaryBruteForce,DictionaryBruteForce
DictionaryBruteForce,VulnerabilityScan
DictionaryBruteForce,DictionaryBruteForce
DictionaryBruteForce,Uploading_Attack
DictionaryBruteForce,DictionaryBruteForce
DictionaryBruteForce,DictionaryBruteForce
DictionaryBruteForce,BrowserHijacking
DictionaryBruteForce,Recon-PortScan
DictionaryBruteForce,Recon-PingSweep
DictionaryBruteForce,BrowserHijacking
DictionaryBruteForce,BenignTraffic
DictionaryBruteForce,Recon-PingSweep
DictionaryBruteForce,DictionaryBruteForce
DictionaryBruteForce,DictionaryBruteForce
DictionaryBruteForce,Backdoor_Malware
DictionaryBruteForce,Recon-HostDiscovery
DictionaryBruteForce,DictionaryBruteForce
DictionaryBruteForce,Backdoor_Malware
DictionaryBruteForce,SqlInjection
DictionaryBruteForce,Recon-HostDiscovery
DictionaryBruteForce,DictionaryBruteForce
DictionaryBruteForce,BrowserHijacking
DictionaryBruteForce,CommandInjection
DictionaryBruteForce,DictionaryBruteForce
DictionaryBruteForce,Backdoor_Malware
DictionaryBruteForce,DictionaryBruteForce
DictionaryBruteForce,Recon-PortScan
DictionaryBruteForce,DictionaryBruteForce
DictionaryBruteForce,DictionaryBruteForce
DictionaryBruteForce,DNS_Spoofing
DictionaryBruteForce,XSS
DictionaryBruteForce,DictionaryBruteForce
DictionaryBruteForce,BrowserHijacking
DictionaryBruteForce,CommandInjection
DictionaryBruteForce,CommandInjection
DictionaryBruteForce,DictionaryBruteForce
DictionaryBruteForce,VulnerabilityScan
DictionaryBruteForce,DictionaryBruteForce
DictionaryBruteForce,BrowserHijacking
DictionaryBruteForce,BrowserHijacking
DictionaryBruteForce,DictionaryBruteForce
DictionaryBruteForce,DictionaryBruteForce
DictionaryBruteForce,VulnerabilityScan
DictionaryBruteForce,SqlInjection
DictionaryBruteForce,Recon-HostDiscovery
DictionaryBruteForce,DictionaryBruteForce
DictionaryBruteForce,Recon-OSScan
DictionaryBruteForce,Recon-PingSweep
DictionaryBruteForce,DictionaryBruteForce
DictionaryBruteForce,Recon-PortScan
DictionaryBruteForce,BrowserHijacking
DictionaryBruteForce,DictionaryBruteForce
DictionaryBruteForce,Recon-PortScan
DictionaryBruteForce,DictionaryBruteForce
DictionaryBruteForce,DictionaryBruteForce
DictionaryBruteForce,DictionaryBruteForce
DictionaryBruteForce,DictionaryBruteForce
DictionaryBruteForce,DictionaryBruteForce
DictionaryBruteForce,Backdoor_Malware
DictionaryBruteForce,Uploading_Attack
DictionaryBruteForce,Recon-PingSweep
DictionaryBruteForce,XSS
DictionaryBruteForce,Recon-HostDiscovery
DictionaryBruteForce,Recon-OSScan
DictionaryBruteForce,BrowserHijacking
DictionaryBruteForce,DictionaryBruteForce
DictionaryBruteForce,CommandInjection
DictionaryBruteForce,Recon-OSScan
DictionaryBruteForce,Recon-PingSweep
DictionaryBruteForce,VulnerabilityScan
DictionaryBruteForce,BenignTraffic
DictionaryBruteForce,DictionaryBruteForce
DictionaryBruteForce,DictionaryBruteForce
DictionaryBruteForce,Recon-PingSweep
DictionaryBruteForce,Uploading_Attack
DictionaryBruteForce,DictionaryBruteForce
DictionaryBruteForce,DictionaryBruteForce
DictionaryBruteForce,Recon-PingSweep
DictionaryBruteForce,DictionaryBruteForce
DictionaryBruteForce,DictionaryBruteForce
DictionaryBruteForce,DictionaryBruteForce
DictionaryBruteForce,DictionaryBruteForce
DictionaryBruteForce,Backdoor_Malware
DictionaryBruteForce,DictionaryBruteForce
DictionaryBruteForce,DictionaryBruteForce
DictionaryBruteForce,Recon-OSScan
DictionaryBruteForce,Recon-HostDiscovery
DictionaryBruteForce,Backdoor_Malware
DictionaryBruteForce,XSS
DictionaryBruteForce,DictionaryBruteForce
DictionaryBruteForce,Backdoor_Malware
DictionaryBruteForce,XSS
DictionaryBruteForce,Recon-PingSweep
DictionaryBruteForce,DictionaryBruteForce
DictionaryBruteForce,Backdoor_Malware
DictionaryBruteForce,CommandInjection
DictionaryBruteForce,BrowserHijacking
DictionaryBruteForce,DictionaryBruteForce
DictionaryBruteForce,Recon-OSScan
DictionaryBruteForce,DictionaryBruteForce
DictionaryBruteForce,DictionaryBruteForce
DictionaryBruteForce,XSS
DictionaryBruteForce,Backdoor_Malware
DictionaryBruteForce,Recon-PingSweep
DictionaryBruteForce,Recon-PingSweep
DictionaryBruteForce,DictionaryBruteForce
DictionaryBruteForce,DictionaryBruteForce
DictionaryBruteForce,BenignTraffic
DictionaryBruteForce,Backdoor_Malware
DictionaryBruteForce,Recon-PingSweep
DictionaryBruteForce,CommandInjection
DictionaryBruteForce,DictionaryBruteForce
DictionaryBruteForce,Backdoor_Malware
DictionaryBruteForce,DictionaryBruteForce
DictionaryBruteForce,DictionaryBruteForce
DictionaryBruteForce,DictionaryBruteForce
DictionaryBruteForce,DictionaryBruteForce
DictionaryBruteForce,DictionaryBruteForce
DictionaryBruteForce,DictionaryBruteForce
DictionaryBruteForce,BrowserHijacking
DictionaryBruteForce,DictionaryBruteForce
DictionaryBruteForce,BrowserHijacking
DictionaryBruteForce,DictionaryBruteForce
DictionaryBruteForce,Recon-HostDiscovery
DictionaryBruteForce,BenignTraffic
DictionaryBruteForce,BrowserHijacking
DictionaryBruteForce,Backdoor_Malware
DictionaryBruteForce,DictionaryBruteForce
DictionaryBruteForce,CommandInjection
DictionaryBruteForce,DictionaryBruteForce
DictionaryBruteForce,DNS_Spoofing
DictionaryBruteForce,DictionaryBruteForce
DictionaryBruteForce,Recon-PingSweep
DictionaryBruteForce,DictionaryBruteForce
DictionaryBruteForce,XSS
DictionaryBruteForce,DictionaryBruteForce
DictionaryBruteForce,BrowserHijacking
DictionaryBruteForce,Recon-PingSweep
DictionaryBruteForce,Recon-PingSweep
DictionaryBruteForce,Recon-PortScan
DictionaryBruteForce,BenignTraffic
DictionaryBruteForce,BenignTraffic
DictionaryBruteForce,Recon-PingSweep
DictionaryBruteForce,Recon-PortScan
DictionaryBruteForce,Recon-HostDiscovery
DictionaryBruteForce,Recon-OSScan
DictionaryBruteForce,DictionaryBruteForce
DictionaryBruteForce,BenignTraffic
DictionaryBruteForce,DictionaryBruteForce
DictionaryBruteForce,DictionaryBruteForce
DictionaryBruteForce,CommandInjection
DictionaryBruteForce,Recon-OSScan
DictionaryBruteForce,BrowserHijacking
DictionaryBruteForce,BrowserHijacking
DictionaryBruteForce,DictionaryBruteForce
DictionaryBruteForce,Recon-PortScan
DictionaryBruteForce,SqlInjection
DictionaryBruteForce,DictionaryBruteForce
DictionaryBruteForce,BenignTraffic
DictionaryBruteForce,DictionaryBruteForce
DictionaryBruteForce,DictionaryBruteForce
DictionaryBruteForce,DictionaryBruteForce
DictionaryBruteForce,Recon-OSScan
DictionaryBruteForce,DictionaryBruteForce
DictionaryBruteForce,DictionaryBruteForce
DictionaryBruteForce,Recon-OSScan
DictionaryBruteForce,Recon-OSScan
DictionaryBruteForce,Recon-HostDiscovery
DictionaryBruteForce,BrowserHijacking
DictionaryBruteForce,DictionaryBruteForce
DictionaryBruteForce,VulnerabilityScan
DictionaryBruteForce,DictionaryBruteForce
DictionaryBruteForce,DictionaryBruteForce
DictionaryBruteForce,CommandInjection
DictionaryBruteForce,DictionaryBruteForce
DictionaryBruteForce,Backdoor_Malware
DictionaryBruteForce,Backdoor_Malware
DictionaryBruteForce,DictionaryBruteForce
DictionaryBruteForce,BrowserHijacking
DictionaryBruteForce,BenignTraffic
DictionaryBruteForce,BrowserHijacking
DictionaryBruteForce,DictionaryBruteForce
DictionaryBruteForce,Recon-HostDiscovery
DictionaryBruteForce,Uploading_Attack
DictionaryBruteForce,SqlInjection
DictionaryBruteForce,BenignTraffic
DictionaryBruteForce,DictionaryBruteForce
DictionaryBruteForce,DictionaryBruteForce
DictionaryBruteForce,XSS
DictionaryBruteForce,CommandInjection
DictionaryBruteForce,DictionaryBruteForce
DictionaryBruteForce,DictionaryBruteForce
DictionaryBruteForce,DictionaryBruteForce
DictionaryBruteForce,DictionaryBruteForce
DictionaryBruteForce,DictionaryBruteForce
DictionaryBruteForce,DictionaryBruteForce
DictionaryBruteForce,Recon-PingSweep
DictionaryBruteForce,SqlInjection
DictionaryBruteForce,DictionaryBruteForce
DictionaryBruteForce,BrowserHijacking
DictionaryBruteForce,Recon-HostDiscovery
DictionaryBruteForce,Backdoor_Malware
DictionaryBruteForce,SqlInjection
DictionaryBruteForce,Recon-PortScan
DictionaryBruteForce,DictionaryBruteForce
DictionaryBruteForce,DictionaryBruteForce
DictionaryBruteForce,BrowserHijacking
DictionaryBruteForce,DictionaryBruteForce
DictionaryBruteForce,CommandInjection
DictionaryBruteForce,XSS
DictionaryBruteForce,Recon-PingSweep
DictionaryBruteForce,Recon-PingSweep
DictionaryBruteForce,BrowserHijacking
DictionaryBruteForce,Recon-HostDiscovery
DictionaryBruteForce,XSS
DictionaryBruteForce,Recon-OSScan
DictionaryBruteForce,DictionaryBruteForce
DictionaryBruteForce,DictionaryBruteForce
DictionaryBruteForce,Recon-HostDiscovery
DictionaryBruteForce,DictionaryBruteForce
DictionaryBruteForce,XSS
DictionaryBruteForce,DictionaryBruteForce
DictionaryBruteForce,Uploading_Attack
DictionaryBruteForce,XSS
DictionaryBruteForce,DictionaryBruteForce
DictionaryBruteForce,Recon-HostDiscovery
DictionaryBruteForce,VulnerabilityScan
DictionaryBruteForce,DictionaryBruteForce
DictionaryBruteForce,DictionaryBruteForce
DictionaryBruteForce,DictionaryBruteForce
DictionaryBruteForce,SqlInjection
DictionaryBruteForce,BrowserHijacking
DictionaryBruteForce,Backdoor_Malware
DictionaryBruteForce,DictionaryBruteForce
DictionaryBruteForce,XSS
DictionaryBruteForce,DictionaryBruteForce
DictionaryBruteForce,XSS
DictionaryBruteForce,BrowserHijacking
DictionaryBruteForce,BenignTraffic
DictionaryBruteForce,DictionaryBruteForce
DictionaryBruteForce,DictionaryBruteForce
DictionaryBruteForce,Recon-PingSweep
DictionaryBruteForce,Recon-PortScan
DictionaryBruteForce,Recon-OSScan
DictionaryBruteForce,SqlInjection
DictionaryBruteForce,BrowserHijacking
DictionaryBruteForce,DictionaryBruteForce
DictionaryBruteForce,BenignTraffic
DictionaryBruteForce,Recon-PortScan
DictionaryBruteForce,Recon-PortScan
DictionaryBruteForce,BrowserHijacking
DictionaryBruteForce,DNS_Spoofing
DictionaryBruteForce,Backdoor_Malware
DictionaryBruteForce,Recon-PortScan
DictionaryBruteForce,BrowserHijacking
DictionaryBruteForce,DictionaryBruteForce
DictionaryBruteForce,Recon-HostDiscovery
DictionaryBruteForce,DictionaryBruteForce
DictionaryBruteForce,BenignTraffic
DictionaryBruteForce,VulnerabilityScan
DictionaryBruteForce,DictionaryBruteForce
DictionaryBruteForce,BenignTraffic
DictionaryBruteForce,Recon-OSScan
DictionaryBruteForce,Recon-OSScan
DictionaryBruteForce,DictionaryBruteForce
DictionaryBruteForce,DictionaryBruteForce
DictionaryBruteForce,Recon-OSScan
DictionaryBruteForce,BrowserHijacking
DictionaryBruteForce,SqlInjection
DictionaryBruteForce,Recon-OSScan
DictionaryBruteForce,DictionaryBruteForce
DictionaryBruteForce,Recon-HostDiscovery
DictionaryBruteForce,DictionaryBruteForce
DictionaryBruteForce,BenignTraffic
DictionaryBruteForce,Backdoor_Malware
DictionaryBruteForce,DictionaryBruteForce
DictionaryBruteForce,DictionaryBruteForce
DictionaryBruteForce,DictionaryBruteForce
DictionaryBruteForce,Backdoor_Malware
DictionaryBruteForce,DictionaryBruteForce
DictionaryBruteForce,CommandInjection
DictionaryBruteForce,Recon-HostDiscovery
DictionaryBruteForce,VulnerabilityScan
DictionaryBruteForce,SqlInjection
DictionaryBruteForce,DictionaryBruteForce
DictionaryBruteForce,VulnerabilityScan
DictionaryBruteForce,Recon-HostDiscovery
DictionaryBruteForce,Recon-OSScan
DictionaryBruteForce,DictionaryBruteForce
DictionaryBruteForce,CommandInjection
DictionaryBruteForce,BrowserHijacking
DictionaryBruteForce,Recon-PortScan
DictionaryBruteForce,DictionaryBruteForce
DictionaryBruteForce,Recon-HostDiscovery
DictionaryBruteForce,DictionaryBruteForce
DictionaryBruteForce,DNS_Spoofing
DictionaryBruteForce,DictionaryBruteForce
DictionaryBruteForce,SqlInjection
DictionaryBruteForce,Recon-PortScan
DictionaryBruteForce,DictionaryBruteForce
DictionaryBruteForce,Recon-HostDiscovery
DictionaryBruteForce,CommandInjection
DictionaryBruteForce,Recon-PortScan
DictionaryBruteForce,VulnerabilityScan
DictionaryBruteForce,Recon-OSScan
DictionaryBruteForce,XSS
DictionaryBruteForce,DictionaryBruteForce
DictionaryBruteForce,XSS
DictionaryBruteForce,DNS_Spoofing
DictionaryBruteForce,Recon-HostDiscovery
DictionaryBruteForce,DictionaryBruteForce
DictionaryBruteForce,VulnerabilityScan
DictionaryBruteForce,XSS
DictionaryBruteForce,XSS
DictionaryBruteForce,DictionaryBruteForce
DictionaryBruteForce,Recon-HostDiscovery
DictionaryBruteForce,DictionaryBruteForce
DictionaryBruteForce,Uploading_Attack
DictionaryBruteForce,Uploading_Attack
DictionaryBruteForce,CommandInjection
DictionaryBruteForce,SqlInjection
DictionaryBruteForce,DictionaryBruteForce
DictionaryBruteForce,DictionaryBruteForce
DictionaryBruteForce,Recon-PortScan
DictionaryBruteForce,DictionaryBruteForce
DictionaryBruteForce,Recon-OSScan
DictionaryBruteForce,VulnerabilityScan
DictionaryBruteForce,DictionaryBruteForce
DictionaryBruteForce,MITM-ArpSpoofing
DictionaryBruteForce,DictionaryBruteForce
DictionaryBruteForce,SqlInjection
DictionaryBruteForce,VulnerabilityScan
DictionaryBruteForce,DictionaryBruteForce
DictionaryBruteForce,VulnerabilityScan
DictionaryBruteForce,Recon-PortScan
DictionaryBruteForce,DNS_Spoofing
DictionaryBruteForce,DictionaryBruteForce
DictionaryBruteForce,DictionaryBruteForce
DictionaryBruteForce,DictionaryBruteForce
DictionaryBruteForce,BenignTraffic
DictionaryBruteForce,Backdoor_Malware
DictionaryBruteForce,BenignTraffic
DictionaryBruteForce,XSS
DictionaryBruteForce,DictionaryBruteForce
DictionaryBruteForce,Recon-PortScan
DictionaryBruteForce,DictionaryBruteForce
DictionaryBruteForce,VulnerabilityScan
DictionaryBruteForce,Recon-PingSweep
DictionaryBruteForce,DictionaryBruteForce
DictionaryBruteForce,DictionaryBruteForce
DictionaryBruteForce,XSS
DictionaryBruteForce,Backdoor_Malware
DictionaryBruteForce,DictionaryBruteForce
DictionaryBruteForce,DictionaryBruteForce
DictionaryBruteForce,DictionaryBruteForce
DictionaryBruteForce,DictionaryBruteForce
DictionaryBruteForce,DictionaryBruteForce
DictionaryBruteForce,DictionaryBruteForce
DictionaryBruteForce,Recon-PortScan
DictionaryBruteForce,Recon-PortScan
DictionaryBruteForce,DictionaryBruteForce
DictionaryBruteForce,DictionaryBruteForce
DictionaryBruteForce,DictionaryBruteForce
DictionaryBruteForce,DictionaryBruteForce
DictionaryBruteForce,VulnerabilityScan
DictionaryBruteForce,XSS
DictionaryBruteForce,Backdoor_Malware
DictionaryBruteForce,Recon-HostDiscovery
DictionaryBruteForce,DictionaryBruteForce
Mirai-greeth_flood,DoS-HTTP_Flood
Mirai-greeth_flood,Mirai-greeth_flood
Mirai-greeth_flood,Mirai-greeth_flood
Mirai-greeth_flood,Mirai-greeth_flood
Mirai-greeth_flood,Mirai-greeth_flood
Mirai-greeth_flood,Mirai-greeth_flood
Mirai-greeth_flood,Mirai-greeth_flood
Mirai-greeth_flood,Mirai-greeth_flood
Mirai-greeth_flood,Mirai-greeth_flood
Mirai-greeth_flood,Mirai-greeth_flood
Mirai-greeth_flood,Mirai-greeth_flood
Mirai-greeth_flood,Mirai-greeth_flood
Mirai-greeth_flood,Mirai-greeth_flood
Mirai-greeth_flood,Mirai-greeth_flood
Mirai-greeth_flood,Mirai-greeth_flood
Mirai-greeth_flood,Mirai-greeth_flood
Mirai-greeth_flood,Mirai-greeth_flood
Mirai-greeth_flood,Mirai-greeth_flood
Mirai-greeth_flood,Mirai-greeth_flood
Mirai-greeth_flood,Mirai-greeth_flood
Mirai-greeth_flood,Mirai-greeth_flood
Mirai-greeth_flood,DDoS-SlowLoris
Mirai-greeth_flood,DDoS-ACK_Fragmentation
Mirai-greeth_flood,Mirai-greeth_flood
Mirai-greeth_flood,Mirai-greeth_flood
Mirai-greeth_flood,Mirai-greeth_flood
Mirai-greeth_flood,Mirai-greeth_flood
Mirai-greeth_flood,Mirai-greip_flood
Mirai-greeth_flood,Mirai-greeth_flood
Mirai-greeth_flood,Mirai-greeth_flood
Mirai-greeth_flood,Mirai-greeth_flood
Mirai-greeth_flood,Mirai-greeth_flood
Mirai-greeth_flood,Mirai-greeth_flood
Mirai-greeth_flood,Mirai-greeth_flood
Mirai-greeth_flood,Mirai-greeth_flood
Mirai-greeth_flood,Mirai-greeth_flood
Mirai-greeth_flood,Mirai-greeth_flood
Mirai-greeth_flood,Mirai-greeth_flood
Mirai-greeth_flood,Mirai-greeth_flood
Mirai-greeth_flood,Mirai-greeth_flood
Mirai-greeth_flood,Mirai-greeth_flood
Mirai-greeth_flood,DDoS-ACK_Fragmentation
Mirai-greeth_flood,Mirai-greeth_flood
Mirai-greeth_flood,Mirai-greeth_flood
Mirai-greeth_flood,Mirai-greeth_flood
Mirai-greeth_flood,Mirai-greeth_flood
Mirai-greeth_flood,Mirai-greeth_flood
Mirai-greeth_flood,Mirai-greeth_flood
Mirai-greeth_flood,Mirai-greeth_flood
Mirai-greeth_flood,Mirai-greeth_flood
Mirai-greeth_flood,Mirai-greeth_flood
Mirai-greeth_flood,Mirai-greeth_flood
Mirai-greeth_flood,Mirai-greeth_flood
Mirai-greeth_flood,Mirai-greeth_flood
Mirai-greeth_flood,Mirai-greeth_flood
Mirai-greeth_flood,Mirai-greeth_flood
Mirai-greeth_flood,Mirai-greeth_flood
Mirai-greeth_flood,Mirai-greeth_flood
Mirai-greeth_flood,XSS
Mirai-greeth_flood,Mirai-greeth_flood
Mirai-greeth_flood,Mirai-greeth_flood
Mirai-greeth_flood,Mirai-greeth_flood
Mirai-greeth_flood,Mirai-greeth_flood
Mirai-greeth_flood,Mirai-greeth_flood
Mirai-greeth_flood,Mirai-greeth_flood
Mirai-greeth_flood,Mirai-greeth_flood
Mirai-greeth_flood,Mirai-greeth_flood
Mirai-greeth_flood,Mirai-greeth_flood
Mirai-greeth_flood,Mirai-greeth_flood
Mirai-greeth_flood,Mirai-greeth_flood
Mirai-greeth_flood,Mirai-greeth_flood
Mirai-greeth_flood,Mirai-greeth_flood
Mirai-greeth_flood,Mirai-greeth_flood
Mirai-greeth_flood,Mirai-greeth_flood
Mirai-greeth_flood,Mirai-greeth_flood
Mirai-greeth_flood,Mirai-greeth_flood
Mirai-greeth_flood,Mirai-greeth_flood
Mirai-greeth_flood,Mirai-greeth_flood
Mirai-greeth_flood,Mirai-greeth_flood
Mirai-greeth_flood,Mirai-greeth_flood
Mirai-greeth_flood,Mirai-greeth_flood
Mirai-greeth_flood,Mirai-greeth_flood
Mirai-greeth_flood,Mirai-greeth_flood
Mirai-greeth_flood,Mirai-greeth_flood
Mirai-greeth_flood,Mirai-greeth_flood
Mirai-greeth_flood,Mirai-greeth_flood
Mirai-greeth_flood,Mirai-greeth_flood
Mirai-greeth_flood,Mirai-greeth_flood
Mirai-greeth_flood,Mirai-greeth_flood
Mirai-greeth_flood,Mirai-greeth_flood
Mirai-greeth_flood,Mirai-greip_flood
Mirai-greeth_flood,Mirai-greeth_flood
Mirai-greeth_flood,Mirai-greip_flood
Mirai-greeth_flood,Mirai-greeth_flood
Mirai-greeth_flood,Mirai-greeth_flood
Mirai-greeth_flood,Mirai-greeth_flood
Mirai-greeth_flood,Mirai-greeth_flood
Mirai-greeth_flood,Mirai-greeth_flood
Mirai-greeth_flood,Mirai-greeth_flood
Mirai-greeth_flood,Mirai-greeth_flood
Mirai-greeth_flood,Mirai-greeth_flood
Mirai-greeth_flood,Mirai-greeth_flood
Mirai-greeth_flood,Mirai-greeth_flood
Mirai-greeth_flood,Mirai-greeth_flood
Mirai-greeth_flood,Mirai-greeth_flood
Mirai-greeth_flood,Mirai-greeth_flood
Mirai-greeth_flood,Mirai-greeth_flood
Mirai-greeth_flood,Mirai-greeth_flood
Mirai-greeth_flood,Mirai-greeth_flood
Mirai-greeth_flood,Mirai-greeth_flood
Mirai-greeth_flood,Mirai-greeth_flood
Mirai-greeth_flood,Mirai-greeth_flood
Mirai-greeth_flood,Mirai-greeth_flood
Mirai-greeth_flood,Mirai-greeth_flood
Mirai-greeth_flood,DDoS-SlowLoris
Mirai-greeth_flood,Mirai-greeth_flood
Mirai-greeth_flood,Mirai-greeth_flood
Mirai-greeth_flood,Mirai-greeth_flood
Mirai-greeth_flood,Mirai-greeth_flood
Mirai-greeth_flood,Mirai-greeth_flood
Mirai-greeth_flood,Mirai-greeth_flood
Mirai-greeth_flood,Mirai-greeth_flood
Mirai-greeth_flood,Uploading_Attack
Mirai-greeth_flood,Mirai-greeth_flood
Mirai-greeth_flood,Mirai-greeth_flood
Mirai-greeth_flood,DDoS-ACK_Fragmentation
Mirai-greeth_flood,Mirai-greeth_flood
Mirai-greeth_flood,Mirai-greeth_flood
Mirai-greeth_flood,Mirai-greeth_flood
Mirai-greeth_flood,Mirai-greeth_flood
Mirai-greeth_flood,Mirai-greeth_flood
Mirai-greeth_flood,Mirai-greeth_flood
Mirai-greeth_flood,Mirai-greeth_flood
Mirai-greeth_flood,Mirai-greeth_flood
Mirai-greeth_flood,Mirai-greeth_flood
Mirai-greeth_flood,Mirai-greeth_flood
Mirai-greeth_flood,Mirai-greeth_flood
Mirai-greeth_flood,Mirai-greeth_flood
Mirai-greeth_flood,Mirai-greeth_flood
Mirai-greeth_flood,Mirai-greeth_flood
Mirai-greeth_flood,Mirai-greeth_flood
Mirai-greeth_flood,Mirai-greeth_flood
Mirai-greeth_flood,Mirai-greeth_flood
Mirai-greeth_flood,Mirai-greeth_flood
Mirai-greeth_flood,Mirai-greeth_flood
Mirai-greeth_flood,Mirai-greeth_flood
Mirai-greeth_flood,Mirai-greip_flood
Mirai-greeth_flood,Mirai-greeth_flood
Mirai-greeth_flood,Mirai-greeth_flood
Mirai-greeth_flood,Mirai-greeth_flood
Mirai-greeth_flood,Mirai-greeth_flood
Mirai-greeth_flood,Mirai-greeth_flood
Mirai-greeth_flood,Mirai-greeth_flood
Mirai-greeth_flood,Mirai-greeth_flood
Mirai-greeth_flood,Mirai-greeth_flood
Mirai-greeth_flood,Mirai-greeth_flood
Mirai-greeth_flood,Mirai-greeth_flood
Mirai-greeth_flood,Mirai-greeth_flood
Mirai-greeth_flood,Mirai-greeth_flood
Mirai-greeth_flood,Mirai-greeth_flood
Mirai-greeth_flood,Mirai-greeth_flood
Mirai-greeth_flood,Mirai-greeth_flood
Mirai-greeth_flood,Mirai-greeth_flood
Mirai-greeth_flood,Mirai-greeth_flood
Mirai-greeth_flood,Mirai-greeth_flood
Mirai-greeth_flood,DDoS-ACK_Fragmentation
Mirai-greeth_flood,Mirai-greeth_flood
Mirai-greeth_flood,Mirai-greeth_flood
Mirai-greeth_flood,Mirai-greeth_flood
Mirai-greeth_flood,Mirai-greeth_flood
Mirai-greeth_flood,DDoS-ACK_Fragmentation
Mirai-greeth_flood,Mirai-greeth_flood
Mirai-greeth_flood,Mirai-greeth_flood
Mirai-greeth_flood,Mirai-greeth_flood
Mirai-greeth_flood,Mirai-greeth_flood
Mirai-greeth_flood,Mirai-greeth_flood
Mirai-greeth_flood,Mirai-greeth_flood
Mirai-greeth_flood,Mirai-greeth_flood
Mirai-greeth_flood,Mirai-greeth_flood
Mirai-greeth_flood,Mirai-greeth_flood
Mirai-greeth_flood,Mirai-greeth_flood
Mirai-greeth_flood,Mirai-greeth_flood
Mirai-greeth_flood,Mirai-greeth_flood
Mirai-greeth_flood,Mirai-greeth_flood
Mirai-greeth_flood,Mirai-greeth_flood
Mirai-greeth_flood,Mirai-greeth_flood
Mirai-greeth_flood,Mirai-greeth_flood
Mirai-greeth_flood,Mirai-greeth_flood
Mirai-greeth_flood,Mirai-greeth_flood
Mirai-greeth_flood,Mirai-greeth_flood
Mirai-greeth_flood,Mirai-greeth_flood
Mirai-greeth_flood,Mirai-greeth_flood
Mirai-greeth_flood,Mirai-greeth_flood
Mirai-greeth_flood,Mirai-greeth_flood
Mirai-greeth_flood,Mirai-greeth_flood
Mirai-greeth_flood,Mirai-greeth_flood
Mirai-greeth_flood,Mirai-greeth_flood
Mirai-greeth_flood,Mirai-greeth_flood
Mirai-greeth_flood,Mirai-greeth_flood
Mirai-greeth_flood,Mirai-greeth_flood
Mirai-greeth_flood,Mirai-greip_flood
Mirai-greeth_flood,Mirai-greeth_flood
Mirai-greeth_flood,Mirai-greeth_flood
Mirai-greeth_flood,Mirai-greeth_flood
Mirai-greeth_flood,Mirai-greeth_flood
Mirai-greeth_flood,Mirai-greeth_flood
Mirai-greeth_flood,Mirai-greeth_flood
Mirai-greeth_flood,Mirai-greeth_flood
Mirai-greeth_flood,Mirai-greeth_flood
Mirai-greeth_flood,Mirai-greeth_flood
Mirai-greeth_flood,Mirai-greeth_flood
Mirai-greeth_flood,Mirai-greeth_flood
Mirai-greeth_flood,Mirai-greeth_flood
Mirai-greeth_flood,Mirai-greip_flood
Mirai-greeth_flood,Mirai-greeth_flood
Mirai-greeth_flood,Mirai-greeth_flood
Mirai-greeth_flood,Mirai-greeth_flood
Mirai-greeth_flood,Mirai-greeth_flood
Mirai-greeth_flood,Mirai-greeth_flood
Mirai-greeth_flood,Mirai-greeth_flood
Mirai-greeth_flood,Mirai-greeth_flood
Mirai-greeth_flood,Mirai-greeth_flood
Mirai-greeth_flood,Mirai-greeth_flood
Mirai-greeth_flood,Mirai-greeth_flood
Mirai-greeth_flood,Mirai-greeth_flood
Mirai-greeth_flood,Mirai-greeth_flood
Mirai-greeth_flood,Mirai-greeth_flood
Mirai-greeth_flood,Mirai-greeth_flood
Mirai-greeth_flood,Mirai-greeth_flood
Mirai-greeth_flood,Mirai-greeth_flood
Mirai-greeth_flood,Mirai-greeth_flood
Mirai-greeth_flood,DDoS-SlowLoris
Mirai-greeth_flood,Mirai-greeth_flood
Mirai-greeth_flood,Mirai-greeth_flood
Mirai-greeth_flood,Mirai-greeth_flood
Mirai-greeth_flood,Mirai-greeth_flood
Mirai-greeth_flood,Mirai-greeth_flood
Mirai-greeth_flood,Mirai-greeth_flood
Mirai-greeth_flood,DDoS-ACK_Fragmentation
Mirai-greeth_flood,Mirai-greeth_flood
Mirai-greeth_flood,Mirai-greeth_flood
Mirai-greeth_flood,Mirai-greeth_flood
Mirai-greeth_flood,Mirai-greeth_flood
Mirai-greeth_flood,Mirai-greeth_flood
Mirai-greeth_flood,Mirai-greeth_flood
Mirai-greeth_flood,Mirai-greeth_flood
Mirai-greeth_flood,Mirai-greeth_flood
Mirai-greeth_flood,Mirai-greeth_flood
Mirai-greeth_flood,DDoS-SlowLoris
Mirai-greeth_flood,Mirai-greeth_flood
Mirai-greeth_flood,Mirai-greeth_flood
Mirai-greeth_flood,Mirai-greeth_flood
Mirai-greeth_flood,Mirai-greeth_flood
Mirai-greeth_flood,Mirai-greeth_flood
Mirai-greeth_flood,Mirai-greeth_flood
Mirai-greeth_flood,Mirai-greeth_flood
Mirai-greeth_flood,Mirai-greeth_flood
Mirai-greeth_flood,Mirai-greeth_flood
Mirai-greeth_flood,Mirai-greeth_flood
Mirai-greeth_flood,Mirai-greeth_flood
Mirai-greeth_flood,Mirai-greeth_flood
Mirai-greeth_flood,Mirai-greeth_flood
Mirai-greeth_flood,Mirai-greeth_flood
Mirai-greeth_flood,DDoS-ACK_Fragmentation
Mirai-greeth_flood,Mirai-greeth_flood
Mirai-greeth_flood,Mirai-greeth_flood
Mirai-greeth_flood,Mirai-greip_flood
Mirai-greeth_flood,DDoS-ACK_Fragmentation
Mirai-greeth_flood,Mirai-greeth_flood
Mirai-greeth_flood,Mirai-greeth_flood
Mirai-greeth_flood,Mirai-greeth_flood
Mirai-greeth_flood,Mirai-greeth_flood
Mirai-greeth_flood,Mirai-greeth_flood
Mirai-greeth_flood,Mirai-greeth_flood
Mirai-greeth_flood,Mirai-greeth_flood
Mirai-greeth_flood,Mirai-greeth_flood
Mirai-greeth_flood,Mirai-greeth_flood
Mirai-greeth_flood,Mirai-greeth_flood
Mirai-greeth_flood,Mirai-greeth_flood
Mirai-greeth_flood,Mirai-greeth_flood
Mirai-greeth_flood,Mirai-greeth_flood
Mirai-greeth_flood,XSS
Mirai-greeth_flood,Mirai-greeth_flood
Mirai-greeth_flood,Mirai-greeth_flood
Mirai-greeth_flood,Mirai-greeth_flood
Mirai-greeth_flood,Mirai-greeth_flood
Mirai-greeth_flood,Mirai-greeth_flood
Mirai-greeth_flood,Mirai-greeth_flood
Mirai-greeth_flood,Mirai-greeth_flood
Mirai-greeth_flood,Mirai-greeth_flood
Mirai-greeth_flood,Mirai-greip_flood
Mirai-greeth_flood,DDoS-ACK_Fragmentation
Mirai-greeth_flood,Mirai-greeth_flood
Mirai-greeth_flood,Mirai-greeth_flood
Mirai-greeth_flood,Mirai-greeth_flood
Mirai-greeth_flood,Mirai-greeth_flood
Mirai-greeth_flood,Mirai-greeth_flood
Mirai-greeth_flood,Mirai-greeth_flood
Mirai-greeth_flood,Mirai-greeth_flood
Mirai-greeth_flood,Mirai-greeth_flood
Mirai-greeth_flood,Mirai-greeth_flood
Mirai-greeth_flood,Mirai-greeth_flood
Mirai-greeth_flood,Mirai-greeth_flood
Mirai-greeth_flood,Mirai-greeth_flood
Mirai-greeth_flood,Mirai-greeth_flood
Mirai-greeth_flood,Mirai-greeth_flood
Mirai-greeth_flood,Mirai-greeth_flood
Mirai-greeth_flood,Mirai-greeth_flood
Mirai-greeth_flood,Mirai-greeth_flood
Mirai-greeth_flood,Mirai-greeth_flood
Mirai-greeth_flood,Mirai-greeth_flood
Mirai-greeth_flood,Mirai-greeth_flood
Mirai-greeth_flood,Mirai-greeth_flood
Mirai-greeth_flood,Mirai-greeth_flood
Mirai-greeth_flood,Mirai-greeth_flood
Mirai-greeth_flood,Mirai-greip_flood
Mirai-greeth_flood,Mirai-greeth_flood
Mirai-greeth_flood,Mirai-greeth_flood
Mirai-greeth_flood,Mirai-greeth_flood
Mirai-greeth_flood,Mirai-greip_flood
Mirai-greeth_flood,Mirai-greeth_flood
Mirai-greeth_flood,Mirai-greeth_flood
Mirai-greeth_flood,Mirai-greeth_flood
Mirai-greeth_flood,Mirai-greeth_flood
Mirai-greeth_flood,Mirai-greeth_flood
Mirai-greeth_flood,Mirai-greeth_flood
Mirai-greeth_flood,Mirai-greeth_flood
Mirai-greeth_flood,Mirai-greeth_flood
Mirai-greeth_flood,Mirai-greeth_flood
Mirai-greeth_flood,Mirai-greeth_flood
Mirai-greeth_flood,Mirai-greeth_flood
Mirai-greeth_flood,Mirai-greeth_flood
Mirai-greeth_flood,Mirai-greeth_flood
Mirai-greeth_flood,Mirai-greeth_flood
Mirai-greeth_flood,Mirai-greeth_flood
Mirai-greeth_flood,Mirai-greeth_flood
Mirai-greeth_flood,Mirai-greeth_flood
Mirai-greeth_flood,Mirai-greeth_flood
Mirai-greeth_flood,Mirai-greeth_flood
Mirai-greeth_flood,Mirai-greeth_flood
Mirai-greeth_flood,Mirai-greeth_flood
Mirai-greeth_flood,Mirai-greeth_flood
Mirai-greeth_flood,Mirai-greeth_flood
Mirai-greeth_flood,DDoS-HTTP_Flood
Mirai-greeth_flood,Mirai-greeth_flood
Mirai-greeth_flood,Mirai-greeth_flood
Mirai-greeth_flood,Mirai-greeth_flood
Mirai-greeth_flood,Mirai-greeth_flood
Mirai-greeth_flood,Mirai-greeth_flood
Mirai-greeth_flood,Mirai-greeth_flood
Mirai-greeth_flood,Mirai-greeth_flood
Mirai-greeth_flood,Mirai-greeth_flood
Mirai-greeth_flood,DDoS-ACK_Fragmentation
Mirai-greeth_flood,Mirai-greeth_flood
Mirai-greeth_flood,Mirai-greeth_flood
Mirai-greeth_flood,DDoS-ACK_Fragmentation
Mirai-greeth_flood,Mirai-greeth_flood
Mirai-greeth_flood,Mirai-greeth_flood
Mirai-greeth_flood,Mirai-greeth_flood
Mirai-greeth_flood,Mirai-greeth_flood
Mirai-greeth_flood,Mirai-greeth_flood
Mirai-greeth_flood,Mirai-greeth_flood
Mirai-greeth_flood,Mirai-greeth_flood
Mirai-greeth_flood,Mirai-greeth_flood
Mirai-greeth_flood,Mirai-udpplain
Mirai-greeth_flood,Mirai-greeth_flood
Mirai-greeth_flood,Mirai-greeth_flood
Mirai-greeth_flood,Mirai-greeth_flood
Mirai-greeth_flood,Mirai-greeth_flood
Mirai-greeth_flood,Mirai-greeth_flood
Mirai-greeth_flood,Mirai-greeth_flood
Mirai-greeth_flood,Mirai-greeth_flood
Mirai-greeth_flood,Mirai-greeth_flood
Mirai-greeth_flood,Mirai-greeth_flood
Mirai-greeth_flood,Mirai-greeth_flood
Mirai-greeth_flood,Mirai-greeth_flood
Mirai-greeth_flood,Mirai-greeth_flood
Mirai-greeth_flood,Mirai-greeth_flood
Mirai-greeth_flood,Mirai-greeth_flood
Mirai-greeth_flood,Mirai-greip_flood
Mirai-greeth_flood,Mirai-greeth_flood
Mirai-greeth_flood,Mirai-greeth_flood
Mirai-greeth_flood,Mirai-greeth_flood
Mirai-greeth_flood,Mirai-greip_flood
Mirai-greeth_flood,Mirai-greeth_flood
Mirai-greeth_flood,Mirai-greeth_flood
Mirai-greeth_flood,Mirai-greeth_flood
Mirai-greeth_flood,Mirai-greeth_flood
Mirai-greeth_flood,Mirai-greeth_flood
Mirai-greeth_flood,Mirai-greeth_flood
Mirai-greeth_flood,Mirai-greeth_flood
Mirai-greeth_flood,Mirai-greip_flood
Mirai-greeth_flood,Mirai-greeth_flood
Mirai-greeth_flood,Mirai-greeth_flood
Mirai-greeth_flood,Mirai-greeth_flood
Mirai-greeth_flood,Mirai-greeth_flood
Mirai-greeth_flood,Mirai-greip_flood
Mirai-greeth_flood,Mirai-greeth_flood
Mirai-greeth_flood,Mirai-greeth_flood
Mirai-greeth_flood,Mirai-greeth_flood
Recon-HostDiscovery,Recon-HostDiscovery
Recon-HostDiscovery,XSS
Recon-HostDiscovery,Recon-OSScan
Recon-HostDiscovery,VulnerabilityScan
Recon-HostDiscovery,Recon-OSScan
Recon-HostDiscovery,Recon-HostDiscovery
Recon-HostDiscovery,Recon-OSScan
Recon-HostDiscovery,Recon-HostDiscovery
Recon-HostDiscovery,Recon-HostDiscovery
Recon-HostDiscovery,Recon-PortScan
Recon-HostDiscovery,Recon-HostDiscovery
Recon-HostDiscovery,Recon-HostDiscovery
Recon-HostDiscovery,Recon-HostDiscovery
Recon-HostDiscovery,Recon-HostDiscovery
Recon-HostDiscovery,Backdoor_Malware
Recon-HostDiscovery,Recon-HostDiscovery
Recon-HostDiscovery,Recon-PingSweep
Recon-HostDiscovery,CommandInjection
Recon-HostDiscovery,Recon-HostDiscovery
Recon-HostDiscovery,SqlInjection
Recon-HostDiscovery,Recon-HostDiscovery
Recon-HostDiscovery,Recon-HostDiscovery
Recon-HostDiscovery,CommandInjection
Recon-HostDiscovery,Recon-HostDiscovery
Recon-HostDiscovery,Recon-HostDiscovery
Recon-HostDiscovery,Recon-PortScan
Recon-HostDiscovery,BrowserHijacking
Recon-HostDiscovery,Recon-HostDiscovery
Recon-HostDiscovery,Recon-HostDiscovery
Recon-HostDiscovery,Recon-HostDiscovery
Recon-HostDiscovery,Recon-OSScan
Recon-HostDiscovery,Recon-PingSweep
Recon-HostDiscovery,Recon-HostDiscovery
Recon-HostDiscovery,Recon-HostDiscovery
Recon-HostDiscovery,Recon-HostDiscovery
Recon-HostDiscovery,Recon-HostDiscovery
Recon-HostDiscovery,Recon-PortScan
Recon-HostDiscovery,CommandInjection
Recon-HostDiscovery,Recon-HostDiscovery
Recon-HostDiscovery,BrowserHijacking
Recon-HostDiscovery,Recon-OSScan
Recon-HostDiscovery,XSS
Recon-HostDiscovery,Recon-HostDiscovery
Recon-HostDiscovery,VulnerabilityScan
Recon-HostDiscovery,BrowserHijacking
Recon-HostDiscovery,Recon-PingSweep
Recon-HostDiscovery,VulnerabilityScan
Recon-HostDiscovery,Recon-HostDiscovery
Recon-HostDiscovery,Recon-HostDiscovery
Recon-HostDiscovery,Recon-PortScan
Recon-HostDiscovery,Recon-HostDiscovery
Recon-HostDiscovery,Recon-HostDiscovery
Recon-HostDiscovery,Recon-HostDiscovery
Recon-HostDiscovery,Recon-HostDiscovery
Recon-HostDiscovery,Recon-OSScan
Recon-HostDiscovery,Recon-HostDiscovery
Recon-HostDiscovery,Recon-HostDiscovery
Recon-HostDiscovery,Recon-HostDiscovery
Recon-HostDiscovery,SqlInjection
Recon-HostDiscovery,XSS
Recon-HostDiscovery,Recon-HostDiscovery
Recon-HostDiscovery,Recon-PortScan
Recon-HostDiscovery,CommandInjection
Recon-HostDiscovery,DictionaryBruteForce
Recon-HostDiscovery,Recon-HostDiscovery
Recon-HostDiscovery,XSS
Recon-HostDiscovery,CommandInjection
Recon-HostDiscovery,Recon-HostDiscovery
Recon-HostDiscovery,Recon-HostDiscovery
Recon-HostDiscovery,Recon-HostDiscovery
Recon-HostDiscovery,Recon-HostDiscovery
Recon-HostDiscovery,CommandInjection
Recon-HostDiscovery,Recon-HostDiscovery
Recon-HostDiscovery,Recon-HostDiscovery
Recon-HostDiscovery,BenignTraffic
Recon-HostDiscovery,XSS
Recon-HostDiscovery,BenignTraffic
Recon-HostDiscovery,Uploading_Attack
Recon-HostDiscovery,SqlInjection
Recon-HostDiscovery,Recon-HostDiscovery
Recon-HostDiscovery,CommandInjection
Recon-HostDiscovery,Recon-HostDiscovery
Recon-HostDiscovery,Recon-OSScan
Recon-HostDiscovery,DictionaryBruteForce
Recon-HostDiscovery,XSS
Recon-HostDiscovery,Recon-HostDiscovery
Recon-HostDiscovery,DNS_Spoofing
Recon-HostDiscovery,Recon-HostDiscovery
Recon-HostDiscovery,Recon-OSScan
Recon-HostDiscovery,Recon-PortScan
Recon-HostDiscovery,Recon-OSScan
Recon-HostDiscovery,BenignTraffic
Recon-HostDiscovery,BrowserHijacking
Recon-HostDiscovery,Recon-HostDiscovery
Recon-HostDiscovery,Recon-HostDiscovery
Recon-HostDiscovery,DictionaryBruteForce
Recon-PingSweep,Recon-PortScan
Recon-PingSweep,Recon-PingSweep
Recon-PingSweep,Recon-PingSweep
Recon-PingSweep,Recon-PingSweep
Recon-PingSweep,BenignTraffic
Recon-PingSweep,XSS
Recon-PingSweep,Recon-PortScan
Recon-PingSweep,BenignTraffic
Recon-PingSweep,Uploading_Attack
Recon-PingSweep,BenignTraffic
Recon-PingSweep,Recon-PingSweep
Recon-PingSweep,BenignTraffic
Recon-PingSweep,Recon-PingSweep
Recon-PingSweep,BenignTraffic
Recon-PingSweep,SqlInjection
Recon-PingSweep,Recon-PingSweep
Recon-PingSweep,DictionaryBruteForce
Recon-PingSweep,DNS_Spoofing
Recon-PingSweep,SqlInjection
Recon-PingSweep,XSS
Recon-PingSweep,Recon-PingSweep
Recon-PingSweep,BrowserHijacking
Recon-PingSweep,SqlInjection
Recon-PingSweep,Recon-PingSweep
Recon-PingSweep,BrowserHijacking
Recon-PingSweep,DictionaryBruteForce
Recon-PingSweep,VulnerabilityScan
Recon-PingSweep,SqlInjection
Recon-PingSweep,Backdoor_Malware
Recon-PingSweep,Recon-OSScan
Recon-PingSweep,SqlInjection
Recon-PingSweep,DictionaryBruteForce
Recon-PingSweep,Recon-PortScan
Recon-PingSweep,CommandInjection
Recon-PingSweep,Uploading_Attack
Recon-PingSweep,Recon-PingSweep
Recon-PingSweep,Uploading_Attack
Recon-PingSweep,Recon-OSScan
Recon-PingSweep,Recon-PingSweep
Recon-PingSweep,BrowserHijacking
Recon-PingSweep,Recon-PingSweep
Recon-PingSweep,Recon-PingSweep
Recon-PingSweep,Recon-PingSweep
Recon-PingSweep,Recon-OSScan
Recon-PingSweep,Recon-PingSweep
Recon-PingSweep,BenignTraffic
Recon-PingSweep,CommandInjection
Recon-PingSweep,DictionaryBruteForce
Recon-PingSweep,Recon-PingSweep
Recon-PingSweep,DictionaryBruteForce
Recon-PingSweep,SqlInjection
Recon-PingSweep,Recon-PingSweep
Recon-PingSweep,DNS_Spoofing
Recon-PingSweep,Recon-OSScan
Recon-PingSweep,Recon-PingSweep
Recon-PingSweep,Recon-PortScan
Recon-PingSweep,VulnerabilityScan
Recon-PingSweep,Recon-PingSweep
Recon-PingSweep,BenignTraffic
Recon-PingSweep,BenignTraffic
Recon-PingSweep,Uploading_Attack
Recon-PingSweep,Recon-HostDiscovery
Recon-PingSweep,Backdoor_Malware
Recon-PingSweep,Backdoor_Malware
Recon-PingSweep,Recon-PortScan
Recon-PingSweep,DictionaryBruteForce
Recon-PingSweep,VulnerabilityScan
Recon-PingSweep,DictionaryBruteForce
Recon-PingSweep,DictionaryBruteForce
Recon-PingSweep,SqlInjection
Recon-PingSweep,BenignTraffic
Recon-PingSweep,Recon-PingSweep
Recon-PingSweep,VulnerabilityScan
Recon-PingSweep,BenignTraffic
Recon-PingSweep,Recon-OSScan
Recon-PingSweep,DictionaryBruteForce
Recon-PingSweep,Uploading_Attack
Recon-PingSweep,Recon-PingSweep
Recon-PingSweep,Recon-PortScan
Recon-PingSweep,Recon-OSScan
Recon-PingSweep,Recon-HostDiscovery
Recon-PingSweep,BenignTraffic
Recon-PingSweep,DNS_Spoofing
Recon-PingSweep,CommandInjection
Recon-PingSweep,Uploading_Attack
Recon-PingSweep,CommandInjection
Recon-PingSweep,Recon-PortScan
Recon-PingSweep,Recon-OSScan
Recon-PingSweep,Recon-PortScan
Recon-PingSweep,Recon-HostDiscovery
Recon-PingSweep,BenignTraffic
Recon-PingSweep,DictionaryBruteForce
Recon-PingSweep,Recon-OSScan
Recon-PingSweep,VulnerabilityScan
Recon-PingSweep,BrowserHijacking
Recon-PingSweep,Recon-PingSweep
Recon-PingSweep,CommandInjection
Recon-PingSweep,Recon-PingSweep
Recon-PingSweep,Uploading_Attack
Recon-PingSweep,Recon-PingSweep
Recon-PingSweep,XSS
Recon-PingSweep,Backdoor_Malware
Recon-PingSweep,Recon-OSScan
Recon-PingSweep,Recon-PingSweep
Recon-PingSweep,Recon-HostDiscovery
Recon-PingSweep,CommandInjection
Recon-PingSweep,BenignTraffic
Recon-PingSweep,Recon-PingSweep
Recon-PingSweep,Recon-PingSweep
Recon-PingSweep,Recon-PingSweep
Recon-PingSweep,CommandInjection
Recon-PingSweep,BrowserHijacking
Recon-PingSweep,CommandInjection
Recon-PingSweep,XSS
Recon-PingSweep,Recon-PingSweep
Recon-PingSweep,Recon-PingSweep
Recon-PingSweep,SqlInjection
Recon-PingSweep,Recon-PingSweep
Recon-PingSweep,DictionaryBruteForce
Recon-PingSweep,BenignTraffic
Recon-PingSweep,Recon-PingSweep
Recon-PingSweep,Recon-OSScan
Recon-PingSweep,Recon-PortScan
Recon-PingSweep,Recon-OSScan
Recon-PingSweep,Recon-PingSweep
Recon-PingSweep,SqlInjection
Recon-PingSweep,Recon-OSScan
Recon-PingSweep,VulnerabilityScan
Recon-PingSweep,Recon-PingSweep
Recon-PingSweep,XSS
Recon-PingSweep,BenignTraffic
Recon-PingSweep,Recon-PingSweep
Recon-PingSweep,SqlInjection
Recon-PingSweep,Backdoor_Malware
Recon-PingSweep,SqlInjection
Recon-PingSweep,Recon-PingSweep
Recon-PingSweep,VulnerabilityScan
Recon-PingSweep,VulnerabilityScan
Recon-PingSweep,Backdoor_Malware
Recon-PingSweep,Recon-PingSweep
Recon-PingSweep,Recon-PortScan
Recon-PingSweep,Recon-PingSweep
Recon-PingSweep,SqlInjection
Recon-PingSweep,SqlInjection
Recon-PingSweep,DictionaryBruteForce
Recon-PingSweep,Recon-PingSweep
Recon-PingSweep,VulnerabilityScan
Recon-PingSweep,VulnerabilityScan
Recon-PingSweep,Recon-PingSweep
Recon-PingSweep,BrowserHijacking
Recon-PingSweep,Backdoor_Malware
Recon-PingSweep,Backdoor_Malware
Recon-PingSweep,SqlInjection
Recon-PingSweep,Uploading_Attack
Recon-PingSweep,BrowserHijacking
Recon-PingSweep,VulnerabilityScan
Recon-PingSweep,DictionaryBruteForce
Recon-PingSweep,CommandInjection
Recon-PingSweep,Recon-OSScan
Recon-PingSweep,Recon-PingSweep
Recon-PingSweep,DictionaryBruteForce
Recon-PingSweep,Recon-PingSweep
Recon-PingSweep,DDoS-UDP_Fragmentation
Recon-PingSweep,Recon-OSScan
Recon-PingSweep,Recon-PingSweep
Recon-PingSweep,Backdoor_Malware
Recon-PingSweep,Recon-OSScan
Recon-PingSweep,Recon-PingSweep
Recon-PingSweep,Recon-PingSweep
Recon-PingSweep,Recon-OSScan
Recon-PingSweep,Recon-PingSweep
Recon-PingSweep,Recon-PortScan
Recon-PingSweep,Recon-PingSweep
Recon-PingSweep,Recon-PingSweep
Recon-PingSweep,Recon-PingSweep
Recon-PingSweep,DNS_Spoofing
Recon-PingSweep,XSS
Recon-PingSweep,Recon-PingSweep
Recon-PingSweep,Recon-PortScan
Recon-PingSweep,Backdoor_Malware
Recon-PingSweep,SqlInjection
Recon-PingSweep,SqlInjection
Recon-PingSweep,Recon-OSScan
Recon-PingSweep,Recon-OSScan
Recon-PingSweep,Uploading_Attack
Recon-PingSweep,DictionaryBruteForce
Recon-PingSweep,BrowserHijacking
Recon-PingSweep,CommandInjection
Recon-PingSweep,Recon-PingSweep
Recon-PingSweep,SqlInjection
Recon-PingSweep,Recon-PortScan
Recon-PingSweep,SqlInjection
Recon-PingSweep,Recon-PingSweep
Recon-PingSweep,SqlInjection
Recon-PingSweep,Recon-PingSweep
Recon-PingSweep,Backdoor_Malware
Recon-PingSweep,VulnerabilityScan
Recon-PingSweep,Recon-HostDiscovery
Recon-PingSweep,DictionaryBruteForce
Recon-PingSweep,Backdoor_Malware
Recon-PingSweep,Recon-PingSweep
Recon-PingSweep,DictionaryBruteForce
Recon-PingSweep,Recon-PingSweep
Recon-PingSweep,BenignTraffic
Recon-PingSweep,SqlInjection
Recon-PingSweep,Recon-PingSweep
Recon-PingSweep,VulnerabilityScan
Recon-PingSweep,BenignTraffic
Recon-PingSweep,Recon-PortScan
Recon-PingSweep,SqlInjection
Recon-PingSweep,Recon-OSScan
Recon-PingSweep,SqlInjection
Recon-PingSweep,Recon-OSScan
Recon-PingSweep,SqlInjection
Recon-PingSweep,BenignTraffic
Recon-PingSweep,XSS
Recon-PingSweep,Recon-HostDiscovery
Recon-PingSweep,Recon-OSScan
Recon-PingSweep,Recon-OSScan
Recon-PingSweep,Recon-PingSweep
Recon-PingSweep,Recon-PingSweep
Recon-PingSweep,BrowserHijacking
Recon-PingSweep,Recon-PingSweep
Recon-PingSweep,DNS_Spoofing
Recon-PingSweep,Recon-PingSweep
Recon-PingSweep,DictionaryBruteForce
Recon-PingSweep,Recon-PingSweep
Recon-PingSweep,Recon-OSScan
Recon-PingSweep,Recon-PingSweep
Recon-PingSweep,Recon-OSScan
Recon-PingSweep,XSS
Recon-PingSweep,Recon-PingSweep
Recon-PingSweep,Recon-PortScan
Recon-PingSweep,Recon-PingSweep
Recon-PingSweep,Recon-OSScan
Recon-PingSweep,VulnerabilityScan
Recon-PingSweep,DictionaryBruteForce
Recon-PingSweep,Recon-PingSweep
Recon-PingSweep,DictionaryBruteForce
Recon-PingSweep,Recon-PingSweep
Recon-PingSweep,Recon-PingSweep
Recon-PingSweep,CommandInjection
Recon-PingSweep,VulnerabilityScan
Recon-PingSweep,Recon-HostDiscovery
Recon-PingSweep,XSS
Recon-PingSweep,VulnerabilityScan
Recon-PingSweep,Recon-PingSweep
Recon-PingSweep,BrowserHijacking
Recon-PingSweep,SqlInjection
Recon-PingSweep,Recon-OSScan
Recon-PingSweep,Uploading_Attack
Recon-PingSweep,Recon-PingSweep
Recon-PingSweep,SqlInjection
Recon-PingSweep,DictionaryBruteForce
Recon-PingSweep,Recon-PingSweep
Recon-PingSweep,Recon-OSScan
Recon-PingSweep,Recon-PingSweep
Recon-PingSweep,VulnerabilityScan
Recon-PingSweep,SqlInjection
Recon-PingSweep,Recon-PortScan
Recon-PingSweep,Recon-OSScan
Recon-PingSweep,CommandInjection
Recon-PingSweep,Uploading_Attack
Recon-PingSweep,VulnerabilityScan
Recon-PingSweep,Recon-PingSweep
Recon-PingSweep,Recon-OSScan
Recon-PingSweep,SqlInjection
Recon-PingSweep,VulnerabilityScan
Recon-PingSweep,Recon-PingSweep
Recon-PingSweep,VulnerabilityScan
Recon-PingSweep,SqlInjection
Recon-PingSweep,Recon-PortScan
Recon-PingSweep,SqlInjection
Recon-PingSweep,Recon-PortScan
Recon-PingSweep,BrowserHijacking
Recon-PingSweep,Recon-OSScan
Recon-PingSweep,Recon-PortScan
Recon-PingSweep,Recon-PingSweep
Recon-PingSweep,BenignTraffic
Recon-PingSweep,SqlInjection
Recon-PingSweep,DictionaryBruteForce
Recon-PingSweep,DictionaryBruteForce
Recon-PingSweep,Backdoor_Malware
Recon-PingSweep,VulnerabilityScan
Recon-PingSweep,MITM-ArpSpoofing
Recon-PingSweep,Recon-OSScan
Recon-PingSweep,VulnerabilityScan
Recon-PingSweep,VulnerabilityScan
Recon-PingSweep,Recon-PingSweep
Recon-PingSweep,Backdoor_Malware
Recon-PingSweep,Recon-PingSweep
Recon-PingSweep,Recon-PingSweep
Recon-PingSweep,SqlInjection
Recon-PingSweep,SqlInjection
Recon-PingSweep,Recon-OSScan
Recon-PingSweep,SqlInjection
Recon-PingSweep,Recon-PingSweep
Recon-PingSweep,CommandInjection
Recon-PingSweep,Recon-PingSweep
Recon-PingSweep,VulnerabilityScan
Recon-PingSweep,BrowserHijacking
Recon-PingSweep,SqlInjection
Recon-PingSweep,VulnerabilityScan
Recon-PingSweep,Recon-PortScan
DDoS-RSTFINFlood,DDoS-RSTFINFlood
DDoS-RSTFINFlood,DDoS-RSTFINFlood
DDoS-RSTFINFlood,DDoS-RSTFINFlood
DDoS-RSTFINFlood,DDoS-RSTFINFlood
DDoS-RSTFINFlood,DDoS-RSTFINFlood
DDoS-RSTFINFlood,DDoS-RSTFINFlood
DDoS-RSTFINFlood,DDoS-RSTFINFlood
DDoS-RSTFINFlood,DDoS-RSTFINFlood
DDoS-RSTFINFlood,DDoS-RSTFINFlood
DDoS-RSTFINFlood,DDoS-RSTFINFlood
DDoS-RSTFINFlood,DDoS-RSTFINFlood
DDoS-RSTFINFlood,DDoS-RSTFINFlood
DDoS-RSTFINFlood,DDoS-RSTFINFlood
DDoS-RSTFINFlood,DDoS-RSTFINFlood
DDoS-RSTFINFlood,DDoS-RSTFINFlood
DDoS-RSTFINFlood,DDoS-RSTFINFlood
DDoS-RSTFINFlood,XSS
DDoS-RSTFINFlood,DDoS-RSTFINFlood
DDoS-RSTFINFlood,DDoS-RSTFINFlood
DDoS-RSTFINFlood,DDoS-RSTFINFlood
DDoS-RSTFINFlood,DDoS-RSTFINFlood
DDoS-RSTFINFlood,DDoS-RSTFINFlood
DDoS-RSTFINFlood,DDoS-RSTFINFlood
DDoS-RSTFINFlood,DDoS-RSTFINFlood
DDoS-RSTFINFlood,DDoS-RSTFINFlood
DDoS-RSTFINFlood,DDoS-RSTFINFlood
DDoS-RSTFINFlood,DDoS-RSTFINFlood
DDoS-RSTFINFlood,DDoS-RSTFINFlood
DDoS-RSTFINFlood,DDoS-RSTFINFlood
DDoS-RSTFINFlood,DDoS-RSTFINFlood
DDoS-RSTFINFlood,DDoS-RSTFINFlood
DDoS-RSTFINFlood,DDoS-RSTFINFlood
DDoS-RSTFINFlood,DDoS-ACK_Fragmentation
DDoS-RSTFINFlood,DDoS-RSTFINFlood
DDoS-RSTFINFlood,DDoS-RSTFINFlood
DDoS-RSTFINFlood,DDoS-RSTFINFlood
DDoS-RSTFINFlood,DDoS-RSTFINFlood
DDoS-RSTFINFlood,DDoS-RSTFINFlood
DDoS-RSTFINFlood,DDoS-RSTFINFlood
DDoS-RSTFINFlood,DDoS-RSTFINFlood
DDoS-RSTFINFlood,DDoS-RSTFINFlood
DDoS-RSTFINFlood,DDoS-RSTFINFlood
DDoS-RSTFINFlood,DDoS-RSTFINFlood
DDoS-RSTFINFlood,DDoS-RSTFINFlood
DDoS-RSTFINFlood,DDoS-RSTFINFlood
DDoS-RSTFINFlood,DDoS-RSTFINFlood
DDoS-RSTFINFlood,DDoS-RSTFINFlood
DDoS-RSTFINFlood,DDoS-RSTFINFlood
DDoS-RSTFINFlood,DDoS-RSTFINFlood
DDoS-RSTFINFlood,DDoS-RSTFINFlood
DDoS-RSTFINFlood,DDoS-RSTFINFlood
DDoS-RSTFINFlood,DDoS-RSTFINFlood
DDoS-RSTFINFlood,DDoS-TCP_Flood
DDoS-RSTFINFlood,DDoS-RSTFINFlood
DDoS-RSTFINFlood,DDoS-RSTFINFlood
DDoS-RSTFINFlood,DDoS-RSTFINFlood
DDoS-RSTFINFlood,DDoS-RSTFINFlood
DDoS-RSTFINFlood,DDoS-RSTFINFlood
DDoS-RSTFINFlood,DDoS-RSTFINFlood
DDoS-RSTFINFlood,DDoS-RSTFINFlood
DDoS-RSTFINFlood,DDoS-RSTFINFlood
DDoS-RSTFINFlood,DDoS-RSTFINFlood
DDoS-RSTFINFlood,DDoS-RSTFINFlood
DDoS-RSTFINFlood,DDoS-RSTFINFlood
DDoS-RSTFINFlood,DDoS-RSTFINFlood
DDoS-RSTFINFlood,DDoS-RSTFINFlood
DDoS-RSTFINFlood,DDoS-RSTFINFlood
DDoS-RSTFINFlood,DDoS-RSTFINFlood
DDoS-RSTFINFlood,DDoS-RSTFINFlood
DDoS-RSTFINFlood,DDoS-RSTFINFlood
DDoS-RSTFINFlood,DDoS-RSTFINFlood
DDoS-RSTFINFlood,DDoS-RSTFINFlood
DDoS-RSTFINFlood,DDoS-RSTFINFlood
DDoS-RSTFINFlood,DDoS-RSTFINFlood
DDoS-RSTFINFlood,DDoS-RSTFINFlood
DDoS-RSTFINFlood,DDoS-RSTFINFlood
DDoS-RSTFINFlood,DDoS-RSTFINFlood
DDoS-RSTFINFlood,DDoS-RSTFINFlood
DDoS-RSTFINFlood,DDoS-RSTFINFlood
DDoS-RSTFINFlood,DDoS-RSTFINFlood
DDoS-RSTFINFlood,DDoS-RSTFINFlood
DDoS-RSTFINFlood,DDoS-RSTFINFlood
DDoS-RSTFINFlood,DDoS-RSTFINFlood
DDoS-RSTFINFlood,DDoS-RSTFINFlood
DDoS-RSTFINFlood,DDoS-RSTFINFlood
DDoS-RSTFINFlood,DDoS-RSTFINFlood
DDoS-RSTFINFlood,DDoS-RSTFINFlood
DDoS-RSTFINFlood,DDoS-RSTFINFlood
DDoS-RSTFINFlood,DDoS-RSTFINFlood
DDoS-RSTFINFlood,DDoS-RSTFINFlood
DDoS-RSTFINFlood,DDoS-RSTFINFlood
DDoS-RSTFINFlood,DDoS-RSTFINFlood
DDoS-RSTFINFlood,DDoS-RSTFINFlood
DDoS-RSTFINFlood,DDoS-RSTFINFlood
DDoS-RSTFINFlood,DDoS-RSTFINFlood
DDoS-RSTFINFlood,DDoS-RSTFINFlood
DDoS-RSTFINFlood,DDoS-RSTFINFlood
DDoS-RSTFINFlood,DDoS-RSTFINFlood
DDoS-RSTFINFlood,DDoS-RSTFINFlood
DDoS-RSTFINFlood,DDoS-RSTFINFlood
DDoS-RSTFINFlood,DDoS-RSTFINFlood
DDoS-RSTFINFlood,DDoS-RSTFINFlood
DDoS-RSTFINFlood,DoS-SYN_Flood
DDoS-RSTFINFlood,DDoS-RSTFINFlood
DDoS-RSTFINFlood,DDoS-RSTFINFlood
DDoS-RSTFINFlood,DDoS-RSTFINFlood
DDoS-RSTFINFlood,DDoS-RSTFINFlood
DDoS-RSTFINFlood,DDoS-RSTFINFlood
DDoS-RSTFINFlood,DDoS-RSTFINFlood
DDoS-RSTFINFlood,DDoS-RSTFINFlood
DDoS-RSTFINFlood,DDoS-RSTFINFlood
DDoS-RSTFINFlood,DDoS-RSTFINFlood
DDoS-RSTFINFlood,DDoS-RSTFINFlood
DDoS-RSTFINFlood,DDoS-RSTFINFlood
DDoS-RSTFINFlood,DDoS-RSTFINFlood
DDoS-RSTFINFlood,DDoS-RSTFINFlood
DDoS-RSTFINFlood,DDoS-RSTFINFlood
DDoS-RSTFINFlood,DDoS-RSTFINFlood
DDoS-RSTFINFlood,DDoS-RSTFINFlood
DDoS-RSTFINFlood,DDoS-RSTFINFlood
DDoS-RSTFINFlood,DDoS-RSTFINFlood
DDoS-RSTFINFlood,DDoS-RSTFINFlood
DDoS-RSTFINFlood,DDoS-RSTFINFlood
DDoS-RSTFINFlood,DDoS-RSTFINFlood
DDoS-RSTFINFlood,DDoS-RSTFINFlood
DDoS-RSTFINFlood,DDoS-RSTFINFlood
DDoS-RSTFINFlood,DDoS-RSTFINFlood
DDoS-RSTFINFlood,DDoS-RSTFINFlood
DDoS-RSTFINFlood,DDoS-RSTFINFlood
DDoS-RSTFINFlood,DDoS-RSTFINFlood
DDoS-RSTFINFlood,DDoS-RSTFINFlood
DDoS-RSTFINFlood,DDoS-RSTFINFlood
DDoS-RSTFINFlood,DDoS-RSTFINFlood
DDoS-RSTFINFlood,DDoS-RSTFINFlood
DDoS-RSTFINFlood,DDoS-RSTFINFlood
DDoS-RSTFINFlood,DDoS-RSTFINFlood
DDoS-RSTFINFlood,DDoS-RSTFINFlood
DDoS-RSTFINFlood,DDoS-RSTFINFlood
DDoS-RSTFINFlood,DDoS-RSTFINFlood
DDoS-RSTFINFlood,DDoS-RSTFINFlood
DDoS-RSTFINFlood,DDoS-RSTFINFlood
DDoS-RSTFINFlood,DDoS-RSTFINFlood
DDoS-RSTFINFlood,DDoS-UDP_Flood
DDoS-RSTFINFlood,DDoS-RSTFINFlood
DDoS-RSTFINFlood,DDoS-RSTFINFlood
DDoS-RSTFINFlood,DDoS-RSTFINFlood
DDoS-RSTFINFlood,DDoS-RSTFINFlood
DDoS-RSTFINFlood,DDoS-RSTFINFlood
DDoS-RSTFINFlood,DDoS-RSTFINFlood
DDoS-RSTFINFlood,DDoS-RSTFINFlood
DDoS-RSTFINFlood,DDoS-RSTFINFlood
DDoS-RSTFINFlood,DDoS-RSTFINFlood
DDoS-RSTFINFlood,DDoS-RSTFINFlood
DDoS-RSTFINFlood,DDoS-RSTFINFlood
DDoS-RSTFINFlood,DDoS-RSTFINFlood
DDoS-RSTFINFlood,DDoS-RSTFINFlood
DDoS-RSTFINFlood,DDoS-RSTFINFlood
DDoS-RSTFINFlood,DDoS-RSTFINFlood
DDoS-RSTFINFlood,DDoS-RSTFINFlood
DDoS-RSTFINFlood,DDoS-RSTFINFlood
DDoS-RSTFINFlood,DDoS-RSTFINFlood
DDoS-RSTFINFlood,DDoS-RSTFINFlood
DDoS-RSTFINFlood,DDoS-RSTFINFlood
DDoS-RSTFINFlood,DDoS-RSTFINFlood
DDoS-RSTFINFlood,DDoS-RSTFINFlood
DDoS-RSTFINFlood,DDoS-RSTFINFlood
DDoS-RSTFINFlood,DDoS-RSTFINFlood
DDoS-RSTFINFlood,DDoS-RSTFINFlood
DDoS-RSTFINFlood,DDoS-TCP_Flood
DDoS-RSTFINFlood,DDoS-RSTFINFlood
DDoS-RSTFINFlood,DDoS-RSTFINFlood
DDoS-RSTFINFlood,DDoS-RSTFINFlood
DDoS-RSTFINFlood,DDoS-RSTFINFlood
DDoS-RSTFINFlood,DDoS-RSTFINFlood
DDoS-RSTFINFlood,DDoS-RSTFINFlood
DDoS-RSTFINFlood,DDoS-RSTFINFlood
DDoS-RSTFINFlood,DDoS-RSTFINFlood
DDoS-RSTFINFlood,DDoS-RSTFINFlood
DDoS-RSTFINFlood,DoS-SYN_Flood
DDoS-RSTFINFlood,DDoS-RSTFINFlood
DDoS-RSTFINFlood,DDoS-RSTFINFlood
DDoS-RSTFINFlood,DDoS-RSTFINFlood
DDoS-RSTFINFlood,DDoS-RSTFINFlood
DDoS-RSTFINFlood,DDoS-RSTFINFlood
DDoS-RSTFINFlood,DDoS-RSTFINFlood
DDoS-RSTFINFlood,DDoS-RSTFINFlood
DDoS-RSTFINFlood,DDoS-RSTFINFlood
DDoS-RSTFINFlood,DDoS-RSTFINFlood
DDoS-RSTFINFlood,DDoS-RSTFINFlood
DDoS-RSTFINFlood,DDoS-RSTFINFlood
DDoS-RSTFINFlood,DDoS-RSTFINFlood
DDoS-RSTFINFlood,DDoS-RSTFINFlood
DDoS-RSTFINFlood,DDoS-RSTFINFlood
DDoS-RSTFINFlood,DDoS-RSTFINFlood
DDoS-RSTFINFlood,DDoS-RSTFINFlood
DDoS-RSTFINFlood,DDoS-RSTFINFlood
DDoS-RSTFINFlood,DDoS-RSTFINFlood
DDoS-RSTFINFlood,DDoS-RSTFINFlood
DDoS-RSTFINFlood,DDoS-RSTFINFlood
DDoS-RSTFINFlood,DDoS-RSTFINFlood
DDoS-RSTFINFlood,DDoS-RSTFINFlood
DDoS-RSTFINFlood,DDoS-RSTFINFlood
DDoS-RSTFINFlood,DDoS-RSTFINFlood
DDoS-RSTFINFlood,DDoS-RSTFINFlood
DDoS-RSTFINFlood,DDoS-RSTFINFlood
DDoS-RSTFINFlood,DDoS-RSTFINFlood
DDoS-RSTFINFlood,DDoS-RSTFINFlood
DDoS-RSTFINFlood,DDoS-RSTFINFlood
DDoS-RSTFINFlood,DDoS-RSTFINFlood
DDoS-RSTFINFlood,DDoS-RSTFINFlood
DDoS-RSTFINFlood,DDoS-RSTFINFlood
DDoS-RSTFINFlood,DDoS-RSTFINFlood
DDoS-RSTFINFlood,DDoS-RSTFINFlood
DDoS-RSTFINFlood,DDoS-RSTFINFlood
DDoS-RSTFINFlood,DDoS-RSTFINFlood
DDoS-RSTFINFlood,DDoS-RSTFINFlood
DDoS-RSTFINFlood,DDoS-RSTFINFlood
DDoS-RSTFINFlood,DDoS-RSTFINFlood
DDoS-RSTFINFlood,DDoS-RSTFINFlood
DDoS-RSTFINFlood,DDoS-RSTFINFlood
DDoS-RSTFINFlood,DDoS-RSTFINFlood
DDoS-RSTFINFlood,DDoS-RSTFINFlood
DDoS-RSTFINFlood,DDoS-RSTFINFlood
DDoS-RSTFINFlood,DDoS-RSTFINFlood
DDoS-RSTFINFlood,DDoS-RSTFINFlood
DDoS-RSTFINFlood,DDoS-RSTFINFlood
DDoS-RSTFINFlood,DDoS-RSTFINFlood
DDoS-RSTFINFlood,DDoS-RSTFINFlood
DDoS-RSTFINFlood,DDoS-RSTFINFlood
DDoS-RSTFINFlood,DDoS-RSTFINFlood
DDoS-RSTFINFlood,DDoS-RSTFINFlood
DDoS-RSTFINFlood,DDoS-RSTFINFlood
DDoS-RSTFINFlood,DDoS-RSTFINFlood
DDoS-RSTFINFlood,DDoS-HTTP_Flood
DDoS-RSTFINFlood,DDoS-RSTFINFlood
DDoS-RSTFINFlood,DDoS-RSTFINFlood
DDoS-RSTFINFlood,DDoS-RSTFINFlood
DDoS-RSTFINFlood,DDoS-RSTFINFlood
DDoS-RSTFINFlood,DDoS-RSTFINFlood
DDoS-RSTFINFlood,DDoS-RSTFINFlood
DDoS-RSTFINFlood,DDoS-RSTFINFlood
DDoS-RSTFINFlood,DDoS-RSTFINFlood
DDoS-RSTFINFlood,DDoS-RSTFINFlood
DDoS-RSTFINFlood,DDoS-TCP_Flood
DDoS-RSTFINFlood,DDoS-RSTFINFlood
DDoS-RSTFINFlood,DDoS-RSTFINFlood
DDoS-RSTFINFlood,DDoS-RSTFINFlood
DDoS-RSTFINFlood,DDoS-RSTFINFlood
DDoS-RSTFINFlood,DDoS-RSTFINFlood
DDoS-RSTFINFlood,DDoS-RSTFINFlood
DDoS-RSTFINFlood,DDoS-RSTFINFlood
DDoS-RSTFINFlood,DDoS-RSTFINFlood
DDoS-RSTFINFlood,DDoS-RSTFINFlood
DDoS-RSTFINFlood,DDoS-RSTFINFlood
DDoS-RSTFINFlood,DDoS-RSTFINFlood
DDoS-RSTFINFlood,DDoS-RSTFINFlood
DDoS-RSTFINFlood,DDoS-RSTFINFlood
DDoS-RSTFINFlood,DDoS-RSTFINFlood
DDoS-RSTFINFlood,DDoS-RSTFINFlood
DDoS-RSTFINFlood,DDoS-RSTFINFlood
DDoS-RSTFINFlood,DDoS-RSTFINFlood
DDoS-RSTFINFlood,DDoS-RSTFINFlood
DDoS-RSTFINFlood,DDoS-RSTFINFlood
DDoS-RSTFINFlood,DDoS-RSTFINFlood
DDoS-RSTFINFlood,DDoS-RSTFINFlood
DDoS-RSTFINFlood,DDoS-RSTFINFlood
DDoS-RSTFINFlood,DDoS-RSTFINFlood
DDoS-RSTFINFlood,DDoS-RSTFINFlood
DDoS-RSTFINFlood,DDoS-RSTFINFlood
DDoS-RSTFINFlood,DDoS-RSTFINFlood
DDoS-RSTFINFlood,DDoS-RSTFINFlood
DDoS-RSTFINFlood,DDoS-RSTFINFlood
DDoS-RSTFINFlood,DDoS-RSTFINFlood
DDoS-RSTFINFlood,DDoS-RSTFINFlood
DDoS-RSTFINFlood,DDoS-RSTFINFlood
DDoS-RSTFINFlood,DDoS-RSTFINFlood
DDoS-RSTFINFlood,DDoS-RSTFINFlood
DDoS-RSTFINFlood,DDoS-RSTFINFlood
DDoS-RSTFINFlood,DDoS-RSTFINFlood
DDoS-RSTFINFlood,DDoS-RSTFINFlood
DDoS-RSTFINFlood,DDoS-RSTFINFlood
DDoS-RSTFINFlood,DDoS-RSTFINFlood
DDoS-RSTFINFlood,DDoS-RSTFINFlood
DDoS-RSTFINFlood,DDoS-RSTFINFlood
DDoS-RSTFINFlood,DDoS-RSTFINFlood
DDoS-RSTFINFlood,DDoS-RSTFINFlood
DDoS-RSTFINFlood,DDoS-RSTFINFlood
DDoS-RSTFINFlood,DDoS-RSTFINFlood
DDoS-RSTFINFlood,DDoS-RSTFINFlood
DDoS-RSTFINFlood,DDoS-RSTFINFlood
DDoS-RSTFINFlood,DDoS-RSTFINFlood
DDoS-RSTFINFlood,DDoS-RSTFINFlood
DDoS-RSTFINFlood,DDoS-RSTFINFlood
DDoS-RSTFINFlood,DDoS-RSTFINFlood
DDoS-RSTFINFlood,DDoS-RSTFINFlood
DDoS-RSTFINFlood,DDoS-RSTFINFlood
DDoS-RSTFINFlood,DDoS-RSTFINFlood
DDoS-RSTFINFlood,DDoS-RSTFINFlood
DDoS-RSTFINFlood,DDoS-RSTFINFlood
DDoS-RSTFINFlood,DDoS-RSTFINFlood
DDoS-RSTFINFlood,DDoS-RSTFINFlood
DDoS-RSTFINFlood,DDoS-RSTFINFlood
DDoS-RSTFINFlood,DDoS-RSTFINFlood
DDoS-RSTFINFlood,DDoS-RSTFINFlood
DDoS-RSTFINFlood,DDoS-RSTFINFlood
DDoS-RSTFINFlood,DDoS-RSTFINFlood
DDoS-RSTFINFlood,DDoS-RSTFINFlood
DDoS-RSTFINFlood,DDoS-RSTFINFlood
DDoS-RSTFINFlood,DDoS-RSTFINFlood
DDoS-RSTFINFlood,DDoS-RSTFINFlood
DDoS-RSTFINFlood,DDoS-RSTFINFlood
DDoS-RSTFINFlood,DDoS-RSTFINFlood
DDoS-RSTFINFlood,DDoS-RSTFINFlood
DDoS-RSTFINFlood,DDoS-RSTFINFlood
DDoS-RSTFINFlood,DDoS-RSTFINFlood
DDoS-RSTFINFlood,DDoS-RSTFINFlood
DDoS-RSTFINFlood,DDoS-RSTFINFlood
DDoS-RSTFINFlood,DDoS-RSTFINFlood
DDoS-RSTFINFlood,DDoS-RSTFINFlood
DDoS-RSTFINFlood,DDoS-RSTFINFlood
DDoS-RSTFINFlood,DDoS-RSTFINFlood
DDoS-RSTFINFlood,DDoS-RSTFINFlood
DDoS-RSTFINFlood,DDoS-RSTFINFlood
DDoS-RSTFINFlood,DDoS-RSTFINFlood
DDoS-RSTFINFlood,DDoS-RSTFINFlood
DDoS-RSTFINFlood,DDoS-RSTFINFlood
DDoS-RSTFINFlood,DDoS-RSTFINFlood
DDoS-RSTFINFlood,DDoS-RSTFINFlood
DDoS-RSTFINFlood,DDoS-RSTFINFlood
DDoS-RSTFINFlood,DDoS-RSTFINFlood
DDoS-RSTFINFlood,DDoS-RSTFINFlood
DDoS-RSTFINFlood,DDoS-RSTFINFlood
DDoS-RSTFINFlood,DDoS-RSTFINFlood
DDoS-RSTFINFlood,DDoS-RSTFINFlood
DDoS-RSTFINFlood,DDoS-RSTFINFlood
DDoS-RSTFINFlood,DDoS-RSTFINFlood
DDoS-RSTFINFlood,DDoS-RSTFINFlood
DDoS-RSTFINFlood,DDoS-RSTFINFlood
DDoS-RSTFINFlood,DDoS-RSTFINFlood
DDoS-RSTFINFlood,DDoS-RSTFINFlood
DDoS-RSTFINFlood,DDoS-RSTFINFlood
DDoS-RSTFINFlood,DDoS-RSTFINFlood
DDoS-RSTFINFlood,DDoS-RSTFINFlood
DDoS-RSTFINFlood,DDoS-RSTFINFlood
DDoS-RSTFINFlood,DDoS-RSTFINFlood
DDoS-RSTFINFlood,DDoS-RSTFINFlood
DDoS-RSTFINFlood,DDoS-RSTFINFlood
DDoS-RSTFINFlood,DDoS-RSTFINFlood
DDoS-RSTFINFlood,DDoS-RSTFINFlood
DDoS-RSTFINFlood,DDoS-RSTFINFlood
DDoS-RSTFINFlood,DDoS-RSTFINFlood
DDoS-RSTFINFlood,DDoS-RSTFINFlood
DDoS-RSTFINFlood,DDoS-RSTFINFlood
DDoS-RSTFINFlood,DDoS-RSTFINFlood
DDoS-RSTFINFlood,DDoS-RSTFINFlood
DDoS-RSTFINFlood,DDoS-RSTFINFlood
DDoS-RSTFINFlood,DDoS-RSTFINFlood
DDoS-RSTFINFlood,DDoS-RSTFINFlood
DDoS-RSTFINFlood,DDoS-RSTFINFlood
DDoS-RSTFINFlood,DDoS-RSTFINFlood
DDoS-RSTFINFlood,DDoS-RSTFINFlood
DDoS-RSTFINFlood,DDoS-RSTFINFlood
DDoS-RSTFINFlood,DDoS-RSTFINFlood
DDoS-RSTFINFlood,DDoS-RSTFINFlood
DDoS-RSTFINFlood,DDoS-RSTFINFlood
DDoS-RSTFINFlood,DDoS-RSTFINFlood
DDoS-RSTFINFlood,DDoS-RSTFINFlood
DDoS-RSTFINFlood,DDoS-UDP_Flood
DDoS-RSTFINFlood,DDoS-RSTFINFlood
DDoS-RSTFINFlood,DDoS-RSTFINFlood
DDoS-RSTFINFlood,DDoS-RSTFINFlood
DDoS-RSTFINFlood,DDoS-RSTFINFlood
DDoS-RSTFINFlood,DDoS-RSTFINFlood
DDoS-RSTFINFlood,BenignTraffic
DDoS-RSTFINFlood,DDoS-RSTFINFlood
DDoS-RSTFINFlood,DDoS-RSTFINFlood
DDoS-RSTFINFlood,DDoS-RSTFINFlood
DDoS-RSTFINFlood,DDoS-RSTFINFlood
DDoS-RSTFINFlood,DDoS-RSTFINFlood
DDoS-RSTFINFlood,DDoS-RSTFINFlood
DDoS-RSTFINFlood,DDoS-RSTFINFlood
DDoS-RSTFINFlood,DDoS-RSTFINFlood
DDoS-RSTFINFlood,DDoS-RSTFINFlood
DDoS-RSTFINFlood,DDoS-RSTFINFlood
DDoS-RSTFINFlood,DDoS-RSTFINFlood
DDoS-RSTFINFlood,DDoS-RSTFINFlood
DDoS-RSTFINFlood,DDoS-RSTFINFlood
DDoS-RSTFINFlood,DDoS-RSTFINFlood
DDoS-RSTFINFlood,DDoS-RSTFINFlood
DDoS-RSTFINFlood,DDoS-RSTFINFlood
DDoS-RSTFINFlood,DDoS-RSTFINFlood
DDoS-RSTFINFlood,DDoS-RSTFINFlood
DDoS-RSTFINFlood,DDoS-RSTFINFlood
DDoS-RSTFINFlood,DDoS-RSTFINFlood
DDoS-RSTFINFlood,DDoS-RSTFINFlood
DDoS-RSTFINFlood,DDoS-RSTFINFlood
DDoS-RSTFINFlood,DDoS-RSTFINFlood
DDoS-RSTFINFlood,DDoS-RSTFINFlood
DDoS-RSTFINFlood,DDoS-RSTFINFlood
DDoS-RSTFINFlood,DDoS-RSTFINFlood
Mirai-udpplain,Mirai-udpplain
Mirai-udpplain,Mirai-udpplain
Mirai-udpplain,Mirai-udpplain
Mirai-udpplain,Mirai-udpplain
Mirai-udpplain,Mirai-udpplain
Mirai-udpplain,Mirai-udpplain
Mirai-udpplain,Mirai-udpplain
Mirai-udpplain,Mirai-udpplain
Mirai-udpplain,Mirai-udpplain
Mirai-udpplain,Mirai-udpplain
Mirai-udpplain,Mirai-udpplain
Mirai-udpplain,Mirai-udpplain
Mirai-udpplain,Mirai-udpplain
Mirai-udpplain,Mirai-udpplain
Mirai-udpplain,Mirai-udpplain
Mirai-udpplain,Mirai-udpplain
Mirai-udpplain,Mirai-udpplain
Mirai-udpplain,Mirai-udpplain
Mirai-udpplain,Mirai-udpplain
Mirai-udpplain,Mirai-udpplain
Mirai-udpplain,Mirai-udpplain
Mirai-udpplain,Mirai-udpplain
Mirai-udpplain,Mirai-udpplain
Mirai-udpplain,Mirai-udpplain
Mirai-udpplain,Mirai-udpplain
Mirai-udpplain,Mirai-udpplain
Mirai-udpplain,Mirai-udpplain
Mirai-udpplain,Mirai-udpplain
Mirai-udpplain,DDoS-SlowLoris
Mirai-udpplain,Mirai-udpplain
Mirai-udpplain,Mirai-udpplain
Mirai-udpplain,Mirai-udpplain
Mirai-udpplain,Mirai-udpplain
Mirai-udpplain,Mirai-udpplain
Mirai-udpplain,Mirai-udpplain
Mirai-udpplain,Mirai-udpplain
Mirai-udpplain,Mirai-udpplain
Mirai-udpplain,Mirai-udpplain
Mirai-udpplain,Mirai-udpplain
Mirai-udpplain,Mirai-udpplain
Mirai-udpplain,Mirai-udpplain
Mirai-udpplain,Mirai-udpplain
Mirai-udpplain,Mirai-udpplain
Mirai-udpplain,DDoS-UDP_Fragmentation
Mirai-udpplain,Mirai-udpplain
Mirai-udpplain,Mirai-udpplain
Mirai-udpplain,Mirai-udpplain
Mirai-udpplain,Mirai-udpplain
Mirai-udpplain,Mirai-udpplain
Mirai-udpplain,Mirai-udpplain
Mirai-udpplain,Mirai-udpplain
Mirai-udpplain,Mirai-udpplain
Mirai-udpplain,Mirai-udpplain
Mirai-udpplain,Mirai-udpplain
Mirai-udpplain,Mirai-udpplain
Mirai-udpplain,Mirai-udpplain
Mirai-udpplain,Mirai-udpplain
Mirai-udpplain,Mirai-udpplain
Mirai-udpplain,Mirai-udpplain
Mirai-udpplain,Mirai-udpplain
Mirai-udpplain,Mirai-udpplain
Mirai-udpplain,Mirai-udpplain
Mirai-udpplain,Mirai-udpplain
Mirai-udpplain,Mirai-udpplain
Mirai-udpplain,Mirai-udpplain
Mirai-udpplain,Mirai-udpplain
Mirai-udpplain,Mirai-udpplain
Mirai-udpplain,Mirai-udpplain
Mirai-udpplain,Mirai-udpplain
Mirai-udpplain,Mirai-udpplain
Mirai-udpplain,Mirai-udpplain
Mirai-udpplain,Mirai-udpplain
Mirai-udpplain,Mirai-udpplain
Mirai-udpplain,Mirai-udpplain
Mirai-udpplain,Mirai-udpplain
Mirai-udpplain,Mirai-udpplain
Mirai-udpplain,Mirai-udpplain
Mirai-udpplain,Mirai-udpplain
Mirai-udpplain,Mirai-udpplain
Mirai-udpplain,Mirai-udpplain
Mirai-udpplain,Mirai-udpplain
Mirai-udpplain,Mirai-udpplain
Mirai-udpplain,Mirai-udpplain
Mirai-udpplain,Mirai-udpplain
Mirai-udpplain,Mirai-udpplain
Mirai-udpplain,Mirai-udpplain
Mirai-udpplain,Mirai-udpplain
Mirai-udpplain,Mirai-udpplain
Mirai-udpplain,Mirai-udpplain
Mirai-udpplain,Mirai-udpplain
Mirai-udpplain,DDoS-UDP_Fragmentation
Mirai-udpplain,Mirai-udpplain
Mirai-udpplain,Mirai-udpplain
Mirai-udpplain,Mirai-udpplain
Mirai-udpplain,Mirai-udpplain
Mirai-udpplain,Mirai-udpplain
Mirai-udpplain,Mirai-udpplain
Mirai-udpplain,Mirai-udpplain
Mirai-udpplain,Mirai-udpplain
Mirai-udpplain,Mirai-udpplain
Mirai-udpplain,Mirai-udpplain
Mirai-udpplain,Mirai-udpplain
Mirai-udpplain,Mirai-udpplain
Mirai-udpplain,Mirai-udpplain
Mirai-udpplain,Mirai-udpplain
Mirai-udpplain,DDoS-ICMP_Fragmentation
Mirai-udpplain,DDoS-ACK_Fragmentation
Mirai-udpplain,Mirai-udpplain
Mirai-udpplain,Mirai-udpplain
Mirai-udpplain,Mirai-udpplain
Mirai-udpplain,Mirai-udpplain
Mirai-udpplain,Mirai-udpplain
Mirai-udpplain,Mirai-udpplain
Mirai-udpplain,Mirai-udpplain
Mirai-udpplain,Mirai-udpplain
Mirai-udpplain,Mirai-udpplain
Mirai-udpplain,Mirai-udpplain
Mirai-udpplain,Mirai-udpplain
Mirai-udpplain,Mirai-udpplain
Mirai-udpplain,Mirai-udpplain
Mirai-udpplain,Mirai-udpplain
Mirai-udpplain,Mirai-udpplain
Mirai-udpplain,Mirai-udpplain
Mirai-udpplain,Mirai-udpplain
Mirai-udpplain,Mirai-udpplain
Mirai-udpplain,Mirai-udpplain
Mirai-udpplain,Mirai-udpplain
Mirai-udpplain,Mirai-udpplain
Mirai-udpplain,Mirai-udpplain
Mirai-udpplain,Mirai-udpplain
Mirai-udpplain,Mirai-udpplain
Mirai-udpplain,Mirai-udpplain
Mirai-udpplain,Mirai-udpplain
Mirai-udpplain,Mirai-udpplain
Mirai-udpplain,Mirai-udpplain
Mirai-udpplain,Mirai-udpplain
Mirai-udpplain,Mirai-udpplain
Mirai-udpplain,DDoS-ICMP_Fragmentation
Mirai-udpplain,Mirai-udpplain
Mirai-udpplain,Mirai-udpplain
Mirai-udpplain,Mirai-udpplain
Mirai-udpplain,Mirai-udpplain
Mirai-udpplain,Mirai-udpplain
Mirai-udpplain,Mirai-udpplain
Mirai-udpplain,Mirai-udpplain
Mirai-udpplain,Mirai-udpplain
Mirai-udpplain,Mirai-udpplain
Mirai-udpplain,Mirai-udpplain
Mirai-udpplain,Mirai-udpplain
Mirai-udpplain,Mirai-udpplain
Mirai-udpplain,Mirai-udpplain
Mirai-udpplain,DDoS-SlowLoris
Mirai-udpplain,Mirai-udpplain
Mirai-udpplain,Mirai-udpplain
Mirai-udpplain,Mirai-udpplain
Mirai-udpplain,Mirai-udpplain
Mirai-udpplain,Mirai-udpplain
Mirai-udpplain,Mirai-udpplain
Mirai-udpplain,Mirai-udpplain
Mirai-udpplain,DDoS-ICMP_Fragmentation
Mirai-udpplain,Mirai-udpplain
Mirai-udpplain,Mirai-udpplain
Mirai-udpplain,Mirai-udpplain
Mirai-udpplain,Mirai-udpplain
Mirai-udpplain,Mirai-udpplain
Mirai-udpplain,Mirai-udpplain
Mirai-udpplain,Mirai-udpplain
Mirai-udpplain,Mirai-udpplain
Mirai-udpplain,Mirai-udpplain
Mirai-udpplain,Mirai-udpplain
Mirai-udpplain,Mirai-udpplain
Mirai-udpplain,Mirai-udpplain
Mirai-udpplain,Mirai-udpplain
Mirai-udpplain,Mirai-udpplain
Mirai-udpplain,Mirai-udpplain
Mirai-udpplain,Mirai-udpplain
Mirai-udpplain,Mirai-udpplain
Mirai-udpplain,Mirai-udpplain
Mirai-udpplain,Mirai-udpplain
Mirai-udpplain,Mirai-udpplain
Mirai-udpplain,Mirai-udpplain
Mirai-udpplain,Mirai-udpplain
Mirai-udpplain,Mirai-udpplain
Mirai-udpplain,Mirai-udpplain
Mirai-udpplain,Mirai-udpplain
Mirai-udpplain,Mirai-udpplain
Mirai-udpplain,Mirai-udpplain
Mirai-udpplain,Mirai-udpplain
Mirai-udpplain,Mirai-udpplain
Mirai-udpplain,Mirai-udpplain
Mirai-udpplain,Mirai-udpplain
Mirai-udpplain,Mirai-udpplain
Mirai-udpplain,Mirai-udpplain
Mirai-udpplain,Mirai-udpplain
Mirai-udpplain,Mirai-udpplain
Mirai-udpplain,DDoS-ICMP_Fragmentation
Mirai-udpplain,Mirai-udpplain
Mirai-udpplain,Mirai-udpplain
Mirai-udpplain,Mirai-udpplain
Mirai-udpplain,Mirai-udpplain
Mirai-udpplain,Mirai-udpplain
Mirai-udpplain,Mirai-udpplain
Mirai-udpplain,Mirai-udpplain
Mirai-udpplain,Mirai-udpplain
Mirai-udpplain,Mirai-udpplain
Mirai-udpplain,Mirai-udpplain
Mirai-udpplain,Mirai-udpplain
Mirai-udpplain,Mirai-udpplain
Mirai-udpplain,Mirai-udpplain
Mirai-udpplain,Mirai-udpplain
Mirai-udpplain,Mirai-udpplain
Mirai-udpplain,Mirai-udpplain
Mirai-udpplain,Mirai-udpplain
Mirai-udpplain,Mirai-udpplain
Mirai-udpplain,Mirai-udpplain
Mirai-udpplain,Mirai-udpplain
Mirai-udpplain,Mirai-udpplain
Mirai-udpplain,Mirai-udpplain
Mirai-udpplain,Mirai-udpplain
Mirai-udpplain,Mirai-udpplain
Mirai-udpplain,Mirai-udpplain
Mirai-udpplain,Mirai-udpplain
Mirai-udpplain,Mirai-udpplain
Mirai-udpplain,Mirai-udpplain
Mirai-udpplain,Mirai-udpplain
Mirai-udpplain,Mirai-udpplain
Mirai-udpplain,Mirai-udpplain
Mirai-udpplain,Mirai-udpplain
Mirai-udpplain,Mirai-udpplain
Mirai-udpplain,Mirai-udpplain
Mirai-udpplain,Mirai-udpplain
Mirai-udpplain,Mirai-udpplain
Mirai-udpplain,Mirai-udpplain
Mirai-udpplain,Mirai-udpplain
Mirai-udpplain,Mirai-udpplain
Mirai-udpplain,Mirai-udpplain
Mirai-udpplain,Mirai-udpplain
Mirai-udpplain,Mirai-udpplain
Mirai-udpplain,Mirai-udpplain
Mirai-udpplain,Mirai-udpplain
Mirai-udpplain,Mirai-udpplain
Mirai-udpplain,Mirai-udpplain
Mirai-udpplain,Mirai-udpplain
Mirai-udpplain,Mirai-udpplain
Mirai-udpplain,Mirai-udpplain
Mirai-udpplain,Mirai-udpplain
Mirai-udpplain,Mirai-udpplain
Mirai-udpplain,Mirai-udpplain
Mirai-udpplain,Mirai-udpplain
Mirai-udpplain,Mirai-udpplain
Mirai-udpplain,Mirai-udpplain
Mirai-udpplain,Mirai-udpplain
Mirai-udpplain,Mirai-udpplain
Mirai-udpplain,Mirai-udpplain
Mirai-udpplain,Mirai-udpplain
Mirai-udpplain,Mirai-udpplain
Mirai-udpplain,Mirai-udpplain
Mirai-udpplain,Mirai-udpplain
Mirai-udpplain,Mirai-udpplain
Mirai-udpplain,Mirai-udpplain
Mirai-udpplain,Mirai-udpplain
Mirai-udpplain,Mirai-udpplain
Mirai-udpplain,Mirai-udpplain
Mirai-udpplain,Mirai-udpplain
Mirai-udpplain,Mirai-udpplain
Mirai-udpplain,Mirai-udpplain
Mirai-udpplain,Mirai-udpplain
Mirai-udpplain,Mirai-udpplain
Mirai-udpplain,Mirai-udpplain
Mirai-udpplain,Mirai-udpplain
Mirai-udpplain,Mirai-udpplain
Mirai-udpplain,Mirai-udpplain
Mirai-udpplain,Mirai-udpplain
Mirai-udpplain,Mirai-udpplain
Mirai-udpplain,Mirai-udpplain
Mirai-udpplain,Mirai-udpplain
Mirai-udpplain,Mirai-udpplain
Mirai-udpplain,Mirai-udpplain
Mirai-udpplain,Mirai-greip_flood
Mirai-udpplain,Mirai-udpplain
Mirai-udpplain,Mirai-udpplain
Mirai-udpplain,Mirai-udpplain
Mirai-udpplain,Mirai-udpplain
Mirai-udpplain,Mirai-udpplain
Mirai-udpplain,Mirai-udpplain
Mirai-udpplain,Mirai-udpplain
Mirai-udpplain,Mirai-udpplain
Mirai-udpplain,Mirai-udpplain
Mirai-udpplain,Mirai-udpplain
Mirai-udpplain,Mirai-udpplain
Mirai-udpplain,Mirai-udpplain
Mirai-udpplain,Mirai-udpplain
Mirai-udpplain,Mirai-udpplain
Mirai-udpplain,Mirai-udpplain
Mirai-udpplain,Mirai-udpplain
Mirai-udpplain,Mirai-udpplain
Mirai-udpplain,Mirai-udpplain
Mirai-udpplain,Mirai-udpplain
Mirai-udpplain,Mirai-udpplain
Mirai-udpplain,DDoS-ACK_Fragmentation
Mirai-udpplain,Mirai-udpplain
Mirai-udpplain,Mirai-udpplain
Mirai-udpplain,Mirai-udpplain
Mirai-udpplain,Mirai-udpplain
Mirai-udpplain,Mirai-udpplain
Mirai-udpplain,Mirai-udpplain
Mirai-udpplain,Mirai-udpplain
Mirai-udpplain,Mirai-udpplain
Mirai-udpplain,Mirai-udpplain
Mirai-udpplain,Mirai-udpplain
Mirai-udpplain,Mirai-udpplain
Mirai-udpplain,Mirai-udpplain
Mirai-udpplain,Mirai-udpplain
Mirai-udpplain,XSS
Mirai-udpplain,Mirai-udpplain
Mirai-udpplain,Mirai-udpplain
Mirai-udpplain,Mirai-udpplain
Mirai-udpplain,Mirai-udpplain
Mirai-udpplain,Mirai-udpplain
Mirai-udpplain,DDoS-UDP_Fragmentation
Mirai-udpplain,Mirai-udpplain
Mirai-udpplain,Mirai-udpplain
Mirai-udpplain,Mirai-udpplain
Mirai-udpplain,Mirai-udpplain
Mirai-udpplain,Mirai-udpplain
Mirai-udpplain,Mirai-udpplain
Mirai-udpplain,Mirai-udpplain
Mirai-udpplain,Mirai-udpplain
Mirai-udpplain,Mirai-udpplain
Mirai-udpplain,Mirai-udpplain
Mirai-udpplain,Mirai-udpplain
Mirai-udpplain,Mirai-udpplain
Mirai-udpplain,Mirai-udpplain
Mirai-udpplain,Mirai-udpplain
Mirai-udpplain,Mirai-udpplain
Mirai-udpplain,Mirai-udpplain
Mirai-udpplain,Mirai-udpplain
Mirai-udpplain,Mirai-udpplain
Mirai-udpplain,Mirai-udpplain
Mirai-udpplain,Mirai-udpplain
Mirai-udpplain,Mirai-udpplain
Mirai-udpplain,Mirai-udpplain
Mirai-udpplain,DDoS-ACK_Fragmentation
Mirai-udpplain,Mirai-udpplain
Mirai-udpplain,Mirai-udpplain
Mirai-udpplain,Mirai-udpplain
Mirai-udpplain,Mirai-udpplain
Mirai-udpplain,DDoS-UDP_Flood
Mirai-udpplain,Mirai-udpplain
Mirai-udpplain,Mirai-udpplain
Mirai-udpplain,Mirai-udpplain
Mirai-udpplain,Mirai-udpplain
Mirai-udpplain,Mirai-udpplain
Mirai-udpplain,Mirai-udpplain
Mirai-udpplain,Mirai-udpplain
Mirai-udpplain,Mirai-udpplain
Mirai-udpplain,Mirai-udpplain
Mirai-udpplain,Mirai-udpplain
Mirai-udpplain,Mirai-udpplain
Mirai-udpplain,Mirai-udpplain
Mirai-udpplain,Mirai-udpplain
Mirai-udpplain,Mirai-udpplain
Mirai-udpplain,Mirai-udpplain
Mirai-udpplain,Mirai-udpplain
Mirai-udpplain,Mirai-udpplain
Mirai-udpplain,Mirai-udpplain
Mirai-udpplain,Mirai-udpplain
Mirai-udpplain,Mirai-udpplain
Mirai-udpplain,Mirai-udpplain
Mirai-udpplain,Mirai-udpplain
Mirai-udpplain,Mirai-udpplain
Mirai-udpplain,Mirai-udpplain
Mirai-udpplain,Mirai-udpplain
Mirai-udpplain,Mirai-udpplain
Mirai-udpplain,Mirai-udpplain
Mirai-udpplain,Mirai-udpplain
Mirai-udpplain,Mirai-udpplain
Mirai-udpplain,Mirai-udpplain
Mirai-udpplain,Mirai-udpplain
Mirai-udpplain,Mirai-udpplain
Mirai-udpplain,Mirai-udpplain
Mirai-udpplain,Mirai-udpplain
Mirai-udpplain,Mirai-udpplain
Mirai-udpplain,Mirai-udpplain
Mirai-udpplain,Mirai-udpplain
Mirai-udpplain,DDoS-UDP_Fragmentation
Mirai-udpplain,Mirai-udpplain
Mirai-udpplain,Mirai-udpplain
Mirai-udpplain,Mirai-udpplain
Mirai-udpplain,Mirai-udpplain
Mirai-udpplain,Mirai-udpplain
Mirai-udpplain,Mirai-udpplain
Mirai-udpplain,Mirai-udpplain
Mirai-udpplain,Mirai-udpplain
Mirai-udpplain,Mirai-udpplain
Mirai-udpplain,Mirai-udpplain
Mirai-udpplain,Mirai-udpplain
Mirai-udpplain,Mirai-udpplain
Mirai-udpplain,Mirai-udpplain
Mirai-udpplain,Mirai-udpplain
DoS-TCP_Flood,DoS-TCP_Flood
DoS-TCP_Flood,DDoS-TCP_Flood
DoS-TCP_Flood,DoS-TCP_Flood
DoS-TCP_Flood,DoS-TCP_Flood
DoS-TCP_Flood,DDoS-UDP_Flood
DoS-TCP_Flood,DoS-TCP_Flood
DoS-TCP_Flood,DDoS-TCP_Flood
DoS-TCP_Flood,DoS-TCP_Flood
DoS-TCP_Flood,DDoS-TCP_Flood
DoS-TCP_Flood,DoS-TCP_Flood
DoS-TCP_Flood,DoS-TCP_Flood
DoS-TCP_Flood,DDoS-TCP_Flood
DoS-TCP_Flood,DoS-TCP_Flood
DoS-TCP_Flood,DoS-TCP_Flood
DoS-TCP_Flood,DoS-TCP_Flood
DoS-TCP_Flood,DoS-TCP_Flood
DoS-TCP_Flood,DoS-TCP_Flood
DoS-TCP_Flood,DoS-TCP_Flood
DoS-TCP_Flood,DoS-TCP_Flood
DoS-TCP_Flood,DoS-TCP_Flood
DoS-TCP_Flood,DoS-UDP_Flood
DoS-TCP_Flood,DDoS-TCP_Flood
DoS-TCP_Flood,DoS-TCP_Flood
DoS-TCP_Flood,DoS-TCP_Flood
DoS-TCP_Flood,DDoS-UDP_Fragmentation
DoS-TCP_Flood,DoS-TCP_Flood
DoS-TCP_Flood,DDoS-ICMP_Flood
DoS-TCP_Flood,DoS-TCP_Flood
DoS-TCP_Flood,DoS-TCP_Flood
DoS-TCP_Flood,DoS-TCP_Flood
DoS-TCP_Flood,DDoS-TCP_Flood
DoS-TCP_Flood,DDoS-TCP_Flood
DoS-TCP_Flood,DDoS-TCP_Flood
DoS-TCP_Flood,DoS-UDP_Flood
DoS-TCP_Flood,DoS-TCP_Flood
DoS-TCP_Flood,DoS-TCP_Flood
DoS-TCP_Flood,DoS-TCP_Flood
DoS-TCP_Flood,DoS-TCP_Flood
DoS-TCP_Flood,DoS-TCP_Flood
DoS-TCP_Flood,DDoS-ICMP_Flood
DoS-TCP_Flood,DoS-TCP_Flood
DoS-TCP_Flood,DoS-TCP_Flood
DoS-TCP_Flood,DDoS-TCP_Flood
DoS-TCP_Flood,DoS-TCP_Flood
DoS-TCP_Flood,DoS-TCP_Flood
DoS-TCP_Flood,DoS-TCP_Flood
DoS-TCP_Flood,DoS-TCP_Flood
DoS-TCP_Flood,DDoS-TCP_Flood
DoS-TCP_Flood,DDoS-UDP_Flood
DoS-TCP_Flood,DoS-TCP_Flood
DoS-TCP_Flood,DDoS-TCP_Flood
DoS-TCP_Flood,DDoS-TCP_Flood
DoS-TCP_Flood,DDoS-TCP_Flood
DoS-TCP_Flood,DoS-TCP_Flood
DoS-TCP_Flood,DoS-TCP_Flood
DoS-TCP_Flood,DoS-TCP_Flood
DoS-TCP_Flood,DDoS-TCP_Flood
DoS-TCP_Flood,DoS-TCP_Flood
DoS-TCP_Flood,DoS-TCP_Flood
DoS-TCP_Flood,DoS-TCP_Flood
DoS-TCP_Flood,DoS-TCP_Flood
DoS-TCP_Flood,DoS-TCP_Flood
DoS-TCP_Flood,DoS-TCP_Flood
DoS-TCP_Flood,Recon-PingSweep
DoS-TCP_Flood,DDoS-TCP_Flood
DoS-TCP_Flood,Mirai-greeth_flood
DoS-TCP_Flood,DDoS-TCP_Flood
DoS-TCP_Flood,DoS-SYN_Flood
DoS-TCP_Flood,DDoS-TCP_Flood
DoS-TCP_Flood,DoS-TCP_Flood
DoS-TCP_Flood,DoS-TCP_Flood
DoS-TCP_Flood,DoS-TCP_Flood
DoS-TCP_Flood,DictionaryBruteForce
DoS-TCP_Flood,DoS-TCP_Flood
DoS-TCP_Flood,DoS-TCP_Flood
DoS-TCP_Flood,DoS-TCP_Flood
DoS-TCP_Flood,DoS-TCP_Flood
DoS-TCP_Flood,DoS-TCP_Flood
DoS-TCP_Flood,DoS-TCP_Flood
DoS-TCP_Flood,DoS-TCP_Flood
DoS-TCP_Flood,DoS-TCP_Flood
DoS-TCP_Flood,DDoS-TCP_Flood
DoS-TCP_Flood,DoS-TCP_Flood
DoS-TCP_Flood,DDoS-TCP_Flood
DoS-TCP_Flood,DDoS-TCP_Flood
DoS-TCP_Flood,DoS-TCP_Flood
DoS-TCP_Flood,DoS-UDP_Flood
DoS-TCP_Flood,DoS-TCP_Flood
DoS-TCP_Flood,DoS-TCP_Flood
DoS-TCP_Flood,DoS-TCP_Flood
DoS-TCP_Flood,DoS-TCP_Flood
DoS-TCP_Flood,DoS-TCP_Flood
DoS-TCP_Flood,DoS-TCP_Flood
DoS-TCP_Flood,DDoS-ICMP_Flood
DoS-TCP_Flood,DDoS-TCP_Flood
DoS-TCP_Flood,DDoS-TCP_Flood
DoS-TCP_Flood,DDoS-TCP_Flood
DoS-TCP_Flood,DDoS-TCP_Flood
DoS-TCP_Flood,DoS-TCP_Flood
DoS-TCP_Flood,DoS-TCP_Flood
DoS-TCP_Flood,DoS-TCP_Flood
DoS-TCP_Flood,DoS-TCP_Flood
DoS-TCP_Flood,DoS-TCP_Flood
DoS-TCP_Flood,DDoS-TCP_Flood
DoS-TCP_Flood,DoS-TCP_Flood
DoS-TCP_Flood,DoS-TCP_Flood
DoS-TCP_Flood,DoS-TCP_Flood
DoS-TCP_Flood,DDoS-TCP_Flood
DoS-TCP_Flood,DoS-TCP_Flood
DoS-TCP_Flood,DoS-TCP_Flood
DoS-TCP_Flood,DDoS-TCP_Flood
DoS-TCP_Flood,DoS-TCP_Flood
DoS-TCP_Flood,DoS-TCP_Flood
DoS-TCP_Flood,DDoS-TCP_Flood
DoS-TCP_Flood,DDoS-UDP_Flood
DoS-TCP_Flood,DDoS-TCP_Flood
DoS-TCP_Flood,DoS-TCP_Flood
DoS-TCP_Flood,DoS-TCP_Flood
DoS-TCP_Flood,DoS-TCP_Flood
DoS-TCP_Flood,DDoS-TCP_Flood
DoS-TCP_Flood,DoS-TCP_Flood
DoS-TCP_Flood,DDoS-UDP_Flood
DoS-TCP_Flood,DoS-TCP_Flood
DoS-TCP_Flood,DoS-TCP_Flood
DoS-TCP_Flood,DoS-TCP_Flood
DoS-TCP_Flood,DoS-TCP_Flood
DoS-TCP_Flood,DoS-TCP_Flood
DoS-TCP_Flood,DDoS-TCP_Flood
DoS-TCP_Flood,DoS-TCP_Flood
DoS-TCP_Flood,DoS-TCP_Flood
DoS-TCP_Flood,DoS-TCP_Flood
DoS-TCP_Flood,DDoS-RSTFINFlood
DoS-TCP_Flood,DDoS-UDP_Flood
DoS-TCP_Flood,DoS-TCP_Flood
DoS-TCP_Flood,DoS-TCP_Flood
DoS-TCP_Flood,DoS-TCP_Flood
DoS-TCP_Flood,DDoS-TCP_Flood
DoS-TCP_Flood,DoS-TCP_Flood
DoS-TCP_Flood,DoS-TCP_Flood
DoS-TCP_Flood,DDoS-TCP_Flood
DoS-TCP_Flood,DoS-TCP_Flood
DoS-TCP_Flood,DoS-TCP_Flood
DoS-TCP_Flood,DoS-TCP_Flood
DoS-TCP_Flood,DDoS-TCP_Flood
DoS-TCP_Flood,DDoS-TCP_Flood
DoS-TCP_Flood,DoS-TCP_Flood
DoS-TCP_Flood,DoS-TCP_Flood
DoS-TCP_Flood,DDoS-TCP_Flood
DoS-TCP_Flood,DoS-TCP_Flood
DoS-TCP_Flood,DoS-TCP_Flood
DoS-TCP_Flood,DDoS-TCP_Flood
DoS-TCP_Flood,Mirai-greip_flood
DoS-TCP_Flood,DDoS-TCP_Flood
DoS-TCP_Flood,DDoS-TCP_Flood
DoS-TCP_Flood,DoS-TCP_Flood
DoS-TCP_Flood,DDoS-TCP_Flood
DoS-TCP_Flood,DoS-TCP_Flood
DoS-TCP_Flood,DDoS-ICMP_Flood
DoS-TCP_Flood,DoS-TCP_Flood
DoS-TCP_Flood,DDoS-TCP_Flood
DoS-TCP_Flood,DDoS-ACK_Fragmentation
DoS-TCP_Flood,DoS-TCP_Flood
DoS-TCP_Flood,DDoS-TCP_Flood
DoS-TCP_Flood,DoS-TCP_Flood
DoS-TCP_Flood,DoS-TCP_Flood
DoS-TCP_Flood,DoS-TCP_Flood
DoS-TCP_Flood,DDoS-TCP_Flood
DoS-TCP_Flood,DoS-TCP_Flood
DoS-TCP_Flood,DoS-TCP_Flood
DoS-TCP_Flood,DDoS-TCP_Flood
DoS-TCP_Flood,DoS-TCP_Flood
DoS-TCP_Flood,DoS-TCP_Flood
DoS-TCP_Flood,DoS-TCP_Flood
DoS-TCP_Flood,Mirai-greip_flood
DoS-TCP_Flood,DDoS-TCP_Flood
DoS-TCP_Flood,DoS-TCP_Flood
DoS-TCP_Flood,DoS-TCP_Flood
DoS-TCP_Flood,DoS-TCP_Flood
DoS-TCP_Flood,DDoS-UDP_Fragmentation
DoS-TCP_Flood,DDoS-TCP_Flood
DoS-TCP_Flood,DoS-TCP_Flood
DoS-TCP_Flood,DDoS-UDP_Fragmentation
DoS-TCP_Flood,Mirai-greip_flood
DoS-TCP_Flood,DoS-TCP_Flood
DoS-TCP_Flood,DoS-TCP_Flood
DoS-TCP_Flood,DoS-TCP_Flood
DoS-TCP_Flood,DDoS-ICMP_Flood
DoS-TCP_Flood,DoS-TCP_Flood
DoS-TCP_Flood,DoS-TCP_Flood
DoS-TCP_Flood,DDoS-TCP_Flood
DoS-TCP_Flood,DDoS-TCP_Flood
DoS-TCP_Flood,DoS-TCP_Flood
DoS-TCP_Flood,DoS-TCP_Flood
DoS-TCP_Flood,DDoS-TCP_Flood
DoS-TCP_Flood,DoS-TCP_Flood
DoS-TCP_Flood,DoS-TCP_Flood
DoS-TCP_Flood,DDoS-UDP_Fragmentation
DoS-TCP_Flood,DDoS-TCP_Flood
DoS-TCP_Flood,DDoS-TCP_Flood
DoS-TCP_Flood,DoS-TCP_Flood
DoS-TCP_Flood,DoS-TCP_Flood
DoS-TCP_Flood,DoS-TCP_Flood
DoS-TCP_Flood,DoS-TCP_Flood
DoS-TCP_Flood,DoS-TCP_Flood
DoS-TCP_Flood,DDoS-TCP_Flood
DoS-TCP_Flood,DoS-TCP_Flood
DoS-TCP_Flood,DoS-TCP_Flood
DoS-TCP_Flood,DoS-TCP_Flood
DoS-TCP_Flood,DDoS-TCP_Flood
DoS-TCP_Flood,DDoS-TCP_Flood
DoS-TCP_Flood,DDoS-RSTFINFlood
DoS-TCP_Flood,DoS-TCP_Flood
DoS-TCP_Flood,DoS-TCP_Flood
DoS-TCP_Flood,Mirai-greip_flood
DoS-TCP_Flood,DDoS-TCP_Flood
DoS-TCP_Flood,DDoS-TCP_Flood
DoS-TCP_Flood,DDoS-TCP_Flood
DoS-TCP_Flood,DoS-TCP_Flood
DoS-TCP_Flood,DDoS-TCP_Flood
DoS-TCP_Flood,DDoS-TCP_Flood
DoS-TCP_Flood,DoS-TCP_Flood
DoS-TCP_Flood,DoS-TCP_Flood
DoS-TCP_Flood,DoS-TCP_Flood
DoS-TCP_Flood,DoS-TCP_Flood
DoS-TCP_Flood,DoS-TCP_Flood
DoS-TCP_Flood,DoS-TCP_Flood
DoS-TCP_Flood,DDoS-TCP_Flood
DoS-TCP_Flood,DoS-TCP_Flood
DoS-TCP_Flood,DDoS-TCP_Flood
DoS-TCP_Flood,DoS-TCP_Flood
DoS-TCP_Flood,DDoS-TCP_Flood
DoS-TCP_Flood,DoS-TCP_Flood
DoS-TCP_Flood,DoS-TCP_Flood
DoS-TCP_Flood,DoS-TCP_Flood
DoS-TCP_Flood,DDoS-TCP_Flood
DoS-TCP_Flood,DoS-TCP_Flood
DoS-TCP_Flood,DoS-TCP_Flood
DoS-TCP_Flood,DoS-TCP_Flood
DoS-TCP_Flood,DoS-TCP_Flood
DoS-TCP_Flood,DoS-TCP_Flood
DoS-TCP_Flood,DoS-TCP_Flood
DoS-TCP_Flood,DoS-TCP_Flood
DoS-TCP_Flood,DDoS-TCP_Flood
DoS-TCP_Flood,DDoS-TCP_Flood
DoS-TCP_Flood,DDoS-TCP_Flood
DoS-TCP_Flood,DoS-TCP_Flood
DoS-TCP_Flood,DDoS-ACK_Fragmentation
DoS-TCP_Flood,DoS-TCP_Flood
DoS-TCP_Flood,DoS-TCP_Flood
DoS-TCP_Flood,DoS-TCP_Flood
DoS-TCP_Flood,DoS-TCP_Flood
DoS-TCP_Flood,DoS-TCP_Flood
DoS-TCP_Flood,DDoS-TCP_Flood
DoS-TCP_Flood,DDoS-TCP_Flood
DoS-TCP_Flood,DDoS-TCP_Flood
DoS-TCP_Flood,DoS-TCP_Flood
DoS-TCP_Flood,DoS-TCP_Flood
DoS-TCP_Flood,DoS-TCP_Flood
DoS-TCP_Flood,DDoS-TCP_Flood
DoS-TCP_Flood,DoS-TCP_Flood
DoS-TCP_Flood,DoS-TCP_Flood
DoS-TCP_Flood,DDoS-TCP_Flood
DoS-TCP_Flood,DDoS-TCP_Flood
DoS-TCP_Flood,DoS-TCP_Flood
DoS-TCP_Flood,DDoS-TCP_Flood
DoS-TCP_Flood,DDoS-TCP_Flood
DoS-TCP_Flood,DoS-TCP_Flood
DoS-TCP_Flood,DDoS-ACK_Fragmentation
DoS-TCP_Flood,DDoS-UDP_Fragmentation
DoS-TCP_Flood,DoS-TCP_Flood
DoS-TCP_Flood,DDoS-UDP_Flood
DoS-TCP_Flood,DoS-TCP_Flood
DoS-TCP_Flood,DDoS-TCP_Flood
DoS-TCP_Flood,DoS-TCP_Flood
DoS-TCP_Flood,DDoS-TCP_Flood
DoS-TCP_Flood,DoS-TCP_Flood
DoS-TCP_Flood,DDoS-TCP_Flood
DoS-TCP_Flood,DoS-TCP_Flood
DoS-TCP_Flood,DDoS-UDP_Fragmentation
DoS-TCP_Flood,DDoS-TCP_Flood
DoS-TCP_Flood,DoS-TCP_Flood
DoS-TCP_Flood,DoS-TCP_Flood
DoS-TCP_Flood,DoS-TCP_Flood
DoS-TCP_Flood,DDoS-TCP_Flood
DoS-TCP_Flood,DoS-TCP_Flood
DoS-TCP_Flood,DoS-TCP_Flood
DoS-TCP_Flood,DoS-TCP_Flood
DoS-TCP_Flood,DDoS-ACK_Fragmentation
DoS-TCP_Flood,DoS-TCP_Flood
DoS-TCP_Flood,DoS-TCP_Flood
DoS-TCP_Flood,DDoS-UDP_Fragmentation
DoS-TCP_Flood,DoS-TCP_Flood
DoS-TCP_Flood,DoS-TCP_Flood
DoS-TCP_Flood,DoS-TCP_Flood
DoS-TCP_Flood,DDoS-TCP_Flood
DoS-TCP_Flood,DoS-TCP_Flood
DoS-TCP_Flood,DoS-TCP_Flood
DoS-TCP_Flood,DoS-TCP_Flood
DoS-TCP_Flood,DoS-TCP_Flood
DoS-TCP_Flood,DDoS-TCP_Flood
DoS-TCP_Flood,DoS-TCP_Flood
DoS-TCP_Flood,Mirai-udpplain
DoS-TCP_Flood,DoS-TCP_Flood
DoS-TCP_Flood,DoS-TCP_Flood
DoS-TCP_Flood,DoS-TCP_Flood
DoS-TCP_Flood,Mirai-greip_flood
DoS-TCP_Flood,DoS-TCP_Flood
DoS-TCP_Flood,DoS-TCP_Flood
DoS-TCP_Flood,DoS-TCP_Flood
DoS-TCP_Flood,DoS-TCP_Flood
DoS-TCP_Flood,DDoS-TCP_Flood
DoS-TCP_Flood,DDoS-TCP_Flood
DoS-TCP_Flood,DDoS-TCP_Flood
DoS-TCP_Flood,DDoS-HTTP_Flood
DoS-TCP_Flood,DDoS-UDP_Flood
DoS-TCP_Flood,DDoS-TCP_Flood
DoS-TCP_Flood,DDoS-ICMP_Flood
DoS-TCP_Flood,DDoS-UDP_Fragmentation
DoS-TCP_Flood,DoS-TCP_Flood
DoS-TCP_Flood,DDoS-TCP_Flood
DoS-TCP_Flood,DDoS-TCP_Flood
DoS-TCP_Flood,DDoS-TCP_Flood
DoS-TCP_Flood,DoS-TCP_Flood
DoS-TCP_Flood,DoS-TCP_Flood
DoS-TCP_Flood,DoS-TCP_Flood
DoS-TCP_Flood,DoS-TCP_Flood
DoS-TCP_Flood,DoS-TCP_Flood
DoS-TCP_Flood,DoS-TCP_Flood
DoS-TCP_Flood,DoS-TCP_Flood
DoS-TCP_Flood,DoS-TCP_Flood
DoS-TCP_Flood,DoS-TCP_Flood
DoS-TCP_Flood,DoS-TCP_Flood
DoS-TCP_Flood,DDoS-TCP_Flood
DoS-TCP_Flood,DoS-TCP_Flood
DoS-TCP_Flood,DoS-TCP_Flood
DoS-TCP_Flood,DDoS-TCP_Flood
DoS-TCP_Flood,DoS-UDP_Flood
DoS-TCP_Flood,DDoS-TCP_Flood
DoS-TCP_Flood,DoS-TCP_Flood
DoS-TCP_Flood,DoS-TCP_Flood
DoS-TCP_Flood,DDoS-TCP_Flood
DoS-TCP_Flood,DoS-TCP_Flood
DoS-TCP_Flood,DoS-TCP_Flood
DoS-TCP_Flood,DDoS-TCP_Flood
DoS-TCP_Flood,DDoS-TCP_Flood
DoS-TCP_Flood,DDoS-TCP_Flood
DoS-TCP_Flood,DDoS-TCP_Flood
DoS-TCP_Flood,DoS-TCP_Flood
DoS-TCP_Flood,DoS-TCP_Flood
DoS-TCP_Flood,DoS-TCP_Flood
DoS-TCP_Flood,DoS-TCP_Flood
DoS-TCP_Flood,DoS-TCP_Flood
DoS-TCP_Flood,DoS-TCP_Flood
DoS-TCP_Flood,DoS-TCP_Flood
DoS-TCP_Flood,DoS-TCP_Flood
DoS-TCP_Flood,DoS-TCP_Flood
DoS-TCP_Flood,DoS-TCP_Flood
DoS-TCP_Flood,DoS-TCP_Flood
DoS-TCP_Flood,DDoS-TCP_Flood
DoS-TCP_Flood,DDoS-TCP_Flood
DoS-TCP_Flood,DDoS-TCP_Flood
DoS-TCP_Flood,DDoS-TCP_Flood
DoS-TCP_Flood,DoS-TCP_Flood
DoS-TCP_Flood,DDoS-TCP_Flood
DoS-TCP_Flood,DDoS-TCP_Flood
DoS-TCP_Flood,DoS-TCP_Flood
DoS-TCP_Flood,DoS-TCP_Flood
DoS-TCP_Flood,DoS-TCP_Flood
DoS-TCP_Flood,DDoS-TCP_Flood
DoS-TCP_Flood,DoS-TCP_Flood
DoS-TCP_Flood,DoS-TCP_Flood
DoS-TCP_Flood,DoS-TCP_Flood
DoS-TCP_Flood,DDoS-TCP_Flood
DoS-TCP_Flood,DDoS-TCP_Flood
DoS-TCP_Flood,DDoS-TCP_Flood
DoS-TCP_Flood,DoS-TCP_Flood
DoS-TCP_Flood,DoS-TCP_Flood
DoS-TCP_Flood,DoS-TCP_Flood
DoS-TCP_Flood,DDoS-TCP_Flood
DoS-TCP_Flood,DoS-TCP_Flood
DoS-TCP_Flood,DoS-TCP_Flood
DoS-TCP_Flood,DoS-TCP_Flood
DoS-TCP_Flood,DoS-TCP_Flood
DoS-TCP_Flood,DoS-TCP_Flood
DoS-TCP_Flood,DDoS-TCP_Flood
DoS-TCP_Flood,DDoS-TCP_Flood
DoS-TCP_Flood,DDoS-ICMP_Flood
DoS-TCP_Flood,DoS-TCP_Flood
DoS-TCP_Flood,DoS-TCP_Flood
DoS-TCP_Flood,DoS-TCP_Flood
DoS-TCP_Flood,DoS-TCP_Flood
DoS-TCP_Flood,DDoS-TCP_Flood
DoS-TCP_Flood,DDoS-TCP_Flood
DoS-TCP_Flood,DDoS-TCP_Flood
DoS-TCP_Flood,DDoS-TCP_Flood
DoS-TCP_Flood,DoS-TCP_Flood
DoS-TCP_Flood,DoS-TCP_Flood
DoS-TCP_Flood,DoS-TCP_Flood
DoS-TCP_Flood,DoS-TCP_Flood
DoS-TCP_Flood,DoS-TCP_Flood
BenignTraffic,VulnerabilityScan
BenignTraffic,VulnerabilityScan
BenignTraffic,BenignTraffic
BenignTraffic,BenignTraffic
BenignTraffic,VulnerabilityScan
BenignTraffic,CommandInjection
BenignTraffic,CommandInjection
BenignTraffic,BenignTraffic
BenignTraffic,SqlInjection
BenignTraffic,BenignTraffic
BenignTraffic,Recon-PingSweep
BenignTraffic,BenignTraffic
BenignTraffic,Recon-OSScan
BenignTraffic,Recon-OSScan
BenignTraffic,DNS_Spoofing
BenignTraffic,SqlInjection
BenignTraffic,BenignTraffic
BenignTraffic,SqlInjection
BenignTraffic,BenignTraffic
BenignTraffic,Recon-OSScan
BenignTraffic,BenignTraffic
BenignTraffic,BenignTraffic
BenignTraffic,BenignTraffic
BenignTraffic,VulnerabilityScan
BenignTraffic,Recon-PingSweep
BenignTraffic,XSS
BenignTraffic,BenignTraffic
BenignTraffic,Recon-PingSweep
BenignTraffic,XSS
BenignTraffic,BenignTraffic
BenignTraffic,BenignTraffic
BenignTraffic,Recon-PingSweep
BenignTraffic,BenignTraffic
BenignTraffic,XSS
BenignTraffic,BenignTraffic
BenignTraffic,Backdoor_Malware
BenignTraffic,SqlInjection
BenignTraffic,BrowserHijacking
BenignTraffic,BenignTraffic
BenignTraffic,Recon-HostDiscovery
BenignTraffic,Backdoor_Malware
BenignTraffic,BenignTraffic
BenignTraffic,VulnerabilityScan
BenignTraffic,Recon-PortScan
BenignTraffic,SqlInjection
BenignTraffic,BrowserHijacking
BenignTraffic,Recon-PingSweep
BenignTraffic,Recon-OSScan
BenignTraffic,Recon-PortScan
BenignTraffic,BenignTraffic
BenignTraffic,DictionaryBruteForce
BenignTraffic,BenignTraffic
BenignTraffic,Mirai-greeth_flood
BenignTraffic,BenignTraffic
BenignTraffic,Recon-OSScan
BenignTraffic,BrowserHijacking
BenignTraffic,BenignTraffic
BenignTraffic,CommandInjection
BenignTraffic,Recon-PortScan
BenignTraffic,BenignTraffic
BenignTraffic,Uploading_Attack
BenignTraffic,CommandInjection
BenignTraffic,BenignTraffic
BenignTraffic,DictionaryBruteForce
BenignTraffic,Recon-OSScan
BenignTraffic,DictionaryBruteForce
BenignTraffic,Recon-PingSweep
BenignTraffic,XSS
BenignTraffic,Recon-OSScan
BenignTraffic,BrowserHijacking
BenignTraffic,VulnerabilityScan
BenignTraffic,Recon-PingSweep
BenignTraffic,Recon-OSScan
BenignTraffic,Recon-PingSweep
BenignTraffic,BenignTraffic
BenignTraffic,Recon-OSScan
BenignTraffic,BenignTraffic
BenignTraffic,Recon-PingSweep
BenignTraffic,BenignTraffic
BenignTraffic,Recon-PingSweep
BenignTraffic,Backdoor_Malware
BenignTraffic,BenignTraffic
BenignTraffic,BenignTraffic
BenignTraffic,BenignTraffic
BenignTraffic,VulnerabilityScan
BenignTraffic,Recon-OSScan
BenignTraffic,Recon-HostDiscovery
BenignTraffic,Backdoor_Malware
BenignTraffic,BenignTraffic
BenignTraffic,VulnerabilityScan
BenignTraffic,BrowserHijacking
BenignTraffic,Uploading_Attack
BenignTraffic,XSS
BenignTraffic,Recon-PingSweep
BenignTraffic,Recon-OSScan
BenignTraffic,BenignTraffic
BenignTraffic,Recon-OSScan
BenignTraffic,BenignTraffic
BenignTraffic,BenignTraffic
BenignTraffic,BenignTraffic
BenignTraffic,VulnerabilityScan
BenignTraffic,MITM-ArpSpoofing
BenignTraffic,XSS
BenignTraffic,CommandInjection
BenignTraffic,SqlInjection
BenignTraffic,DictionaryBruteForce
BenignTraffic,VulnerabilityScan
BenignTraffic,BenignTraffic
BenignTraffic,BrowserHijacking
BenignTraffic,MITM-ArpSpoofing
BenignTraffic,BenignTraffic
BenignTraffic,BenignTraffic
BenignTraffic,BenignTraffic
BenignTraffic,SqlInjection
BenignTraffic,BrowserHijacking
BenignTraffic,SqlInjection
BenignTraffic,BrowserHijacking
BenignTraffic,Recon-OSScan
BenignTraffic,BrowserHijacking
BenignTraffic,BenignTraffic
BenignTraffic,Uploading_Attack
BenignTraffic,Recon-OSScan
BenignTraffic,DictionaryBruteForce
BenignTraffic,Recon-OSScan
BenignTraffic,BenignTraffic
BenignTraffic,DictionaryBruteForce
BenignTraffic,Uploading_Attack
BenignTraffic,BenignTraffic
BenignTraffic,VulnerabilityScan
BenignTraffic,Recon-OSScan
BenignTraffic,Recon-PingSweep
BenignTraffic,BenignTraffic
BenignTraffic,BenignTraffic
BenignTraffic,Uploading_Attack
BenignTraffic,BrowserHijacking
BenignTraffic,Backdoor_Malware
BenignTraffic,CommandInjection
BenignTraffic,Recon-PingSweep
BenignTraffic,BenignTraffic
BenignTraffic,XSS
BenignTraffic,BrowserHijacking
BenignTraffic,BenignTraffic
BenignTraffic,BenignTraffic
BenignTraffic,BenignTraffic
BenignTraffic,CommandInjection
BenignTraffic,Recon-OSScan
BenignTraffic,Recon-PingSweep
BenignTraffic,Recon-OSScan
BenignTraffic,BenignTraffic
BenignTraffic,Recon-HostDiscovery
BenignTraffic,DictionaryBruteForce
BenignTraffic,Backdoor_Malware
BenignTraffic,Recon-HostDiscovery
BenignTraffic,Recon-PortScan
BenignTraffic,DictionaryBruteForce
BenignTraffic,BenignTraffic
BenignTraffic,Recon-PingSweep
BenignTraffic,Uploading_Attack
BenignTraffic,Recon-PortScan
BenignTraffic,CommandInjection
BenignTraffic,SqlInjection
BenignTraffic,Recon-PortScan
BenignTraffic,VulnerabilityScan
BenignTraffic,VulnerabilityScan
BenignTraffic,Recon-OSScan
BenignTraffic,Backdoor_Malware
BenignTraffic,Recon-PingSweep
BenignTraffic,BenignTraffic
BenignTraffic,Recon-PingSweep
BenignTraffic,Recon-OSScan
BenignTraffic,Uploading_Attack
BenignTraffic,BrowserHijacking
BenignTraffic,BenignTraffic
BenignTraffic,BenignTraffic
BenignTraffic,XSS
BenignTraffic,BenignTraffic
BenignTraffic,XSS
BenignTraffic,Backdoor_Malware
BenignTraffic,SqlInjection
BenignTraffic,BenignTraffic
BenignTraffic,MITM-ArpSpoofing
BenignTraffic,Backdoor_Malware
BenignTraffic,Recon-PortScan
BenignTraffic,Recon-PortScan
BenignTraffic,VulnerabilityScan
BenignTraffic,DNS_Spoofing
BenignTraffic,BenignTraffic
BenignTraffic,BenignTraffic
BenignTraffic,Recon-OSScan
BenignTraffic,BenignTraffic
BenignTraffic,Recon-OSScan
BenignTraffic,BenignTraffic
BenignTraffic,BrowserHijacking
BenignTraffic,BenignTraffic
BenignTraffic,Recon-HostDiscovery
BenignTraffic,Recon-OSScan
BenignTraffic,XSS
BenignTraffic,BenignTraffic
BenignTraffic,BenignTraffic
BenignTraffic,Recon-PortScan
BenignTraffic,BenignTraffic
BenignTraffic,Uploading_Attack
BenignTraffic,BenignTraffic
BenignTraffic,VulnerabilityScan
BenignTraffic,Recon-PingSweep
BenignTraffic,Recon-HostDiscovery
BenignTraffic,Recon-PortScan
BenignTraffic,BenignTraffic
BenignTraffic,DNS_Spoofing
BenignTraffic,BenignTraffic
BenignTraffic,BenignTraffic
BenignTraffic,BenignTraffic
BenignTraffic,Recon-OSScan
BenignTraffic,BenignTraffic
BenignTraffic,Recon-HostDiscovery
BenignTraffic,VulnerabilityScan
BenignTraffic,BenignTraffic
BenignTraffic,VulnerabilityScan
BenignTraffic,SqlInjection
BenignTraffic,SqlInjection
BenignTraffic,DictionaryBruteForce
BenignTraffic,VulnerabilityScan
BenignTraffic,BenignTraffic
BenignTraffic,Recon-PortScan
BenignTraffic,BenignTraffic
BenignTraffic,BenignTraffic
BenignTraffic,BenignTraffic
BenignTraffic,DictionaryBruteForce
BenignTraffic,MITM-ArpSpoofing
BenignTraffic,Uploading_Attack
BenignTraffic,BenignTraffic
BenignTraffic,Recon-OSScan
BenignTraffic,Recon-OSScan
BenignTraffic,Recon-OSScan
BenignTraffic,Recon-OSScan
BenignTraffic,BenignTraffic
BenignTraffic,Recon-PortScan
BenignTraffic,BenignTraffic
BenignTraffic,BenignTraffic
BenignTraffic,DNS_Spoofing
BenignTraffic,DictionaryBruteForce
BenignTraffic,VulnerabilityScan
BenignTraffic,Recon-OSScan
BenignTraffic,XSS
BenignTraffic,BenignTraffic
BenignTraffic,BenignTraffic
BenignTraffic,Recon-PortScan
BenignTraffic,Recon-PingSweep
BenignTraffic,Recon-OSScan
BenignTraffic,BenignTraffic
BenignTraffic,Recon-PingSweep
BenignTraffic,BrowserHijacking
BenignTraffic,SqlInjection
BenignTraffic,Recon-PortScan
BenignTraffic,Recon-OSScan
BenignTraffic,XSS
BenignTraffic,Recon-PortScan
BenignTraffic,Recon-PortScan
BenignTraffic,Recon-PortScan
BenignTraffic,BenignTraffic
BenignTraffic,Recon-OSScan
BenignTraffic,Recon-OSScan
BenignTraffic,BenignTraffic
BenignTraffic,BrowserHijacking
BenignTraffic,BrowserHijacking
BenignTraffic,Recon-HostDiscovery
BenignTraffic,Recon-OSScan
BenignTraffic,Recon-OSScan
BenignTraffic,VulnerabilityScan
BenignTraffic,Recon-OSScan
BenignTraffic,Recon-PortScan
BenignTraffic,BrowserHijacking
BenignTraffic,Recon-OSScan
BenignTraffic,DNS_Spoofing
BenignTraffic,BrowserHijacking
BenignTraffic,Recon-OSScan
BenignTraffic,Backdoor_Malware
BenignTraffic,Recon-OSScan
BenignTraffic,Recon-PortScan
BenignTraffic,BenignTraffic
BenignTraffic,Recon-PingSweep
BenignTraffic,BenignTraffic
BenignTraffic,Recon-PingSweep
BenignTraffic,BenignTraffic
BenignTraffic,SqlInjection
BenignTraffic,Backdoor_Malware
BenignTraffic,Recon-OSScan
BenignTraffic,VulnerabilityScan
BenignTraffic,Recon-OSScan
BenignTraffic,BrowserHijacking
BenignTraffic,VulnerabilityScan
BenignTraffic,Uploading_Attack
BenignTraffic,DNS_Spoofing
BenignTraffic,BenignTraffic
BenignTraffic,BenignTraffic
BenignTraffic,Recon-OSScan
BenignTraffic,Recon-OSScan
BenignTraffic,CommandInjection
BenignTraffic,BrowserHijacking
BenignTraffic,VulnerabilityScan
BenignTraffic,VulnerabilityScan
BenignTraffic,Recon-OSScan
BenignTraffic,Recon-OSScan
BenignTraffic,BenignTraffic
BenignTraffic,Recon-PortScan
BenignTraffic,DNS_Spoofing
BenignTraffic,BrowserHijacking
BenignTraffic,Recon-PortScan
BenignTraffic,Recon-OSScan
BenignTraffic,BenignTraffic
BenignTraffic,VulnerabilityScan
BenignTraffic,Recon-PortScan
BenignTraffic,Uploading_Attack
BenignTraffic,BenignTraffic
BenignTraffic,MITM-ArpSpoofing
BenignTraffic,Uploading_Attack
BenignTraffic,Backdoor_Malware
BenignTraffic,Recon-PortScan
BenignTraffic,Recon-OSScan
BenignTraffic,Recon-OSScan
BenignTraffic,BenignTraffic
BenignTraffic,DictionaryBruteForce
BenignTraffic,VulnerabilityScan
BenignTraffic,BenignTraffic
BenignTraffic,Recon-PingSweep
BenignTraffic,SqlInjection
BenignTraffic,Uploading_Attack
BenignTraffic,VulnerabilityScan
BenignTraffic,Recon-OSScan
BenignTraffic,BenignTraffic
BenignTraffic,Recon-OSScan
BenignTraffic,BrowserHijacking
BenignTraffic,Recon-OSScan
BenignTraffic,BenignTraffic
BenignTraffic,Recon-OSScan
BenignTraffic,Recon-OSScan
BenignTraffic,CommandInjection
BenignTraffic,BenignTraffic
BenignTraffic,BenignTraffic
BenignTraffic,MITM-ArpSpoofing
BenignTraffic,DictionaryBruteForce
BenignTraffic,Recon-OSScan
BenignTraffic,BenignTraffic
BenignTraffic,Recon-OSScan
BenignTraffic,Recon-PingSweep
BenignTraffic,BenignTraffic
BenignTraffic,BenignTraffic
BenignTraffic,BenignTraffic
BenignTraffic,DictionaryBruteForce
BenignTraffic,Backdoor_Malware
BenignTraffic,BenignTraffic
BenignTraffic,Recon-OSScan
BenignTraffic,BenignTraffic
BenignTraffic,CommandInjection
BenignTraffic,Recon-PortScan
BenignTraffic,DictionaryBruteForce
BenignTraffic,BenignTraffic
BenignTraffic,CommandInjection
BenignTraffic,SqlInjection
BenignTraffic,BenignTraffic
BenignTraffic,Recon-OSScan
BenignTraffic,BrowserHijacking
BenignTraffic,BenignTraffic
BenignTraffic,Uploading_Attack
BenignTraffic,Recon-PortScan
BenignTraffic,Backdoor_Malware
BenignTraffic,BrowserHijacking
BenignTraffic,BenignTraffic
BenignTraffic,Backdoor_Malware
BenignTraffic,VulnerabilityScan
BenignTraffic,BenignTraffic
BenignTraffic,BenignTraffic
BenignTraffic,BenignTraffic
BenignTraffic,BrowserHijacking
BenignTraffic,BenignTraffic
BenignTraffic,VulnerabilityScan
BenignTraffic,BenignTraffic
BenignTraffic,Recon-PortScan
BenignTraffic,BenignTraffic
BenignTraffic,Recon-OSScan
BenignTraffic,Recon-PingSweep
BenignTraffic,Recon-PingSweep
BenignTraffic,BenignTraffic
BenignTraffic,VulnerabilityScan
BenignTraffic,SqlInjection
BenignTraffic,VulnerabilityScan
BenignTraffic,Recon-OSScan
BenignTraffic,BenignTraffic
BenignTraffic,BenignTraffic
BenignTraffic,BenignTraffic
BenignTraffic,Recon-PingSweep
BenignTraffic,DictionaryBruteForce
BenignTraffic,BenignTraffic
BenignTraffic,Recon-PingSweep
BenignTraffic,Backdoor_Malware
BenignTraffic,SqlInjection
BenignTraffic,BrowserHijacking
BenignTraffic,Recon-OSScan
BenignTraffic,Uploading_Attack
BenignTraffic,VulnerabilityScan
DDoS-ACK_Fragmentation,DDoS-ACK_Fragmentation
DDoS-ACK_Fragmentation,DDoS-ACK_Fragmentation
DDoS-ACK_Fragmentation,DDoS-ACK_Fragmentation
DDoS-ACK_Fragmentation,DDoS-ACK_Fragmentation
DDoS-ACK_Fragmentation,DDoS-ACK_Fragmentation
DDoS-ACK_Fragmentation,DDoS-ACK_Fragmentation
DDoS-ACK_Fragmentation,DDoS-ACK_Fragmentation
DDoS-ACK_Fragmentation,DDoS-ACK_Fragmentation
DDoS-ACK_Fragmentation,DDoS-ACK_Fragmentation
DDoS-ACK_Fragmentation,DDoS-ACK_Fragmentation
DDoS-ACK_Fragmentation,DDoS-ACK_Fragmentation
DDoS-ACK_Fragmentation,DDoS-ACK_Fragmentation
DDoS-ACK_Fragmentation,DDoS-ACK_Fragmentation
DDoS-ACK_Fragmentation,DDoS-ACK_Fragmentation
DDoS-ACK_Fragmentation,DDoS-SlowLoris
DDoS-ACK_Fragmentation,DDoS-ACK_Fragmentation
DDoS-ACK_Fragmentation,DDoS-ACK_Fragmentation
DDoS-ACK_Fragmentation,DDoS-ACK_Fragmentation
DDoS-ACK_Fragmentation,DDoS-ACK_Fragmentation
DDoS-ACK_Fragmentation,DDoS-ACK_Fragmentation
DDoS-ACK_Fragmentation,DDoS-ACK_Fragmentation
DDoS-ACK_Fragmentation,DDoS-ACK_Fragmentation
DDoS-ACK_Fragmentation,DDoS-ACK_Fragmentation
DDoS-ACK_Fragmentation,DDoS-ACK_Fragmentation
DDoS-ACK_Fragmentation,DDoS-ACK_Fragmentation
DDoS-ACK_Fragmentation,DDoS-ACK_Fragmentation
DDoS-ACK_Fragmentation,DDoS-ACK_Fragmentation
DDoS-ACK_Fragmentation,DDoS-ACK_Fragmentation
DDoS-ACK_Fragmentation,DDoS-ACK_Fragmentation
DDoS-ACK_Fragmentation,DDoS-ACK_Fragmentation
DDoS-ACK_Fragmentation,DDoS-ACK_Fragmentation
DDoS-ACK_Fragmentation,DDoS-ACK_Fragmentation
DDoS-ACK_Fragmentation,DDoS-ACK_Fragmentation
DDoS-ACK_Fragmentation,DDoS-ACK_Fragmentation
DDoS-ACK_Fragmentation,DDoS-ACK_Fragmentation
DDoS-ACK_Fragmentation,DDoS-ACK_Fragmentation
DDoS-ACK_Fragmentation,DDoS-ACK_Fragmentation
DDoS-ACK_Fragmentation,DDoS-ACK_Fragmentation
DDoS-ACK_Fragmentation,DDoS-ACK_Fragmentation
DDoS-ACK_Fragmentation,DDoS-ACK_Fragmentation
DDoS-ACK_Fragmentation,DDoS-ACK_Fragmentation
DDoS-ACK_Fragmentation,DDoS-ACK_Fragmentation
DDoS-ACK_Fragmentation,DDoS-ACK_Fragmentation
DDoS-ACK_Fragmentation,DDoS-ACK_Fragmentation
DDoS-ACK_Fragmentation,DDoS-ACK_Fragmentation
DDoS-ACK_Fragmentation,DDoS-ACK_Fragmentation
DDoS-ACK_Fragmentation,DDoS-ACK_Fragmentation
DDoS-ACK_Fragmentation,DDoS-ACK_Fragmentation
DDoS-ACK_Fragmentation,DDoS-ACK_Fragmentation
DDoS-ACK_Fragmentation,DDoS-ACK_Fragmentation
DDoS-ACK_Fragmentation,DDoS-ACK_Fragmentation
DDoS-ACK_Fragmentation,DDoS-ACK_Fragmentation
DDoS-ACK_Fragmentation,DDoS-ACK_Fragmentation
DDoS-ACK_Fragmentation,DDoS-ACK_Fragmentation
DDoS-ACK_Fragmentation,DDoS-ACK_Fragmentation
DDoS-ACK_Fragmentation,DDoS-ACK_Fragmentation
DDoS-ACK_Fragmentation,DDoS-ACK_Fragmentation
DDoS-ACK_Fragmentation,DDoS-ACK_Fragmentation
DDoS-ACK_Fragmentation,DDoS-ACK_Fragmentation
DDoS-ACK_Fragmentation,DDoS-ACK_Fragmentation
DDoS-ACK_Fragmentation,DDoS-ACK_Fragmentation
DDoS-ACK_Fragmentation,DDoS-ACK_Fragmentation
DDoS-ACK_Fragmentation,DDoS-ACK_Fragmentation
DDoS-ACK_Fragmentation,DDoS-ACK_Fragmentation
DDoS-ACK_Fragmentation,DDoS-ACK_Fragmentation
DDoS-ACK_Fragmentation,DDoS-ACK_Fragmentation
DDoS-ACK_Fragmentation,DDoS-ACK_Fragmentation
DDoS-ACK_Fragmentation,DDoS-ACK_Fragmentation
DDoS-ACK_Fragmentation,DDoS-ACK_Fragmentation
DDoS-ACK_Fragmentation,DDoS-ACK_Fragmentation
DDoS-ACK_Fragmentation,DDoS-ACK_Fragmentation
DDoS-ACK_Fragmentation,DDoS-ACK_Fragmentation
DDoS-ACK_Fragmentation,DDoS-ACK_Fragmentation
DDoS-ACK_Fragmentation,DDoS-ACK_Fragmentation
DDoS-ACK_Fragmentation,DDoS-ACK_Fragmentation
DDoS-ACK_Fragmentation,DDoS-ACK_Fragmentation
DDoS-ACK_Fragmentation,DDoS-ACK_Fragmentation
DDoS-ACK_Fragmentation,DDoS-ACK_Fragmentation
DDoS-ACK_Fragmentation,DDoS-ACK_Fragmentation
DDoS-ACK_Fragmentation,DDoS-ACK_Fragmentation
DDoS-ACK_Fragmentation,DDoS-ACK_Fragmentation
DDoS-ACK_Fragmentation,DDoS-ACK_Fragmentation
DDoS-ACK_Fragmentation,DDoS-ACK_Fragmentation
DDoS-ACK_Fragmentation,DDoS-ACK_Fragmentation
DDoS-ACK_Fragmentation,DDoS-ACK_Fragmentation
DDoS-ACK_Fragmentation,DDoS-ACK_Fragmentation
DDoS-ACK_Fragmentation,DDoS-ACK_Fragmentation
DDoS-ACK_Fragmentation,DDoS-ACK_Fragmentation
DDoS-ACK_Fragmentation,DDoS-ACK_Fragmentation
DDoS-ACK_Fragmentation,DDoS-ACK_Fragmentation
DDoS-ACK_Fragmentation,DDoS-ACK_Fragmentation
DDoS-ACK_Fragmentation,DDoS-ACK_Fragmentation
DDoS-ACK_Fragmentation,DDoS-ACK_Fragmentation
DDoS-ACK_Fragmentation,DDoS-ACK_Fragmentation
DDoS-ACK_Fragmentation,DDoS-ACK_Fragmentation
DDoS-ACK_Fragmentation,DDoS-ACK_Fragmentation
DDoS-ACK_Fragmentation,DDoS-ACK_Fragmentation
DDoS-ACK_Fragmentation,DDoS-ACK_Fragmentation
DDoS-ACK_Fragmentation,DDoS-ACK_Fragmentation
DDoS-ACK_Fragmentation,DDoS-ACK_Fragmentation
DDoS-ACK_Fragmentation,DDoS-ACK_Fragmentation
DDoS-ACK_Fragmentation,DDoS-ACK_Fragmentation
DDoS-ACK_Fragmentation,DDoS-ACK_Fragmentation
DDoS-ACK_Fragmentation,DDoS-ACK_Fragmentation
DDoS-ACK_Fragmentation,DDoS-ACK_Fragmentation
DDoS-ACK_Fragmentation,DDoS-ACK_Fragmentation
DDoS-ACK_Fragmentation,DDoS-ACK_Fragmentation
DDoS-ACK_Fragmentation,DDoS-ACK_Fragmentation
DDoS-ACK_Fragmentation,DDoS-ACK_Fragmentation
DDoS-ACK_Fragmentation,DDoS-ACK_Fragmentation
DDoS-ACK_Fragmentation,DDoS-ACK_Fragmentation
DDoS-ACK_Fragmentation,DDoS-ACK_Fragmentation
DDoS-ACK_Fragmentation,DDoS-ACK_Fragmentation
DDoS-ACK_Fragmentation,DDoS-ACK_Fragmentation
DDoS-ACK_Fragmentation,DDoS-ACK_Fragmentation
DDoS-ACK_Fragmentation,DDoS-ACK_Fragmentation
DDoS-ACK_Fragmentation,DDoS-ACK_Fragmentation
DDoS-ACK_Fragmentation,DDoS-ACK_Fragmentation
DDoS-ACK_Fragmentation,DDoS-ACK_Fragmentation
DDoS-ACK_Fragmentation,DDoS-ACK_Fragmentation
DDoS-ACK_Fragmentation,DDoS-ACK_Fragmentation
DDoS-ACK_Fragmentation,DDoS-ACK_Fragmentation
DDoS-ACK_Fragmentation,DDoS-ACK_Fragmentation
DDoS-ACK_Fragmentation,DDoS-ACK_Fragmentation
DDoS-ACK_Fragmentation,DDoS-ACK_Fragmentation
DDoS-ACK_Fragmentation,DDoS-ACK_Fragmentation
DDoS-ACK_Fragmentation,DDoS-ACK_Fragmentation
DDoS-ACK_Fragmentation,DDoS-ACK_Fragmentation
DDoS-ACK_Fragmentation,DDoS-ACK_Fragmentation
DDoS-ACK_Fragmentation,DDoS-ACK_Fragmentation
DDoS-ACK_Fragmentation,DDoS-ACK_Fragmentation
DDoS-ACK_Fragmentation,DDoS-ACK_Fragmentation
DDoS-ACK_Fragmentation,DDoS-TCP_Flood
DDoS-ACK_Fragmentation,DDoS-ACK_Fragmentation
DDoS-ACK_Fragmentation,DDoS-ACK_Fragmentation
DDoS-ACK_Fragmentation,DDoS-ACK_Fragmentation
DDoS-ACK_Fragmentation,DDoS-SlowLoris
DDoS-ACK_Fragmentation,DDoS-ACK_Fragmentation
DDoS-ACK_Fragmentation,DDoS-ACK_Fragmentation
DDoS-ACK_Fragmentation,DDoS-ACK_Fragmentation
DDoS-ACK_Fragmentation,DDoS-SlowLoris
DDoS-ACK_Fragmentation,DDoS-ACK_Fragmentation
DDoS-ACK_Fragmentation,DDoS-ACK_Fragmentation
DDoS-ACK_Fragmentation,DDoS-ACK_Fragmentation
DDoS-ACK_Fragmentation,DDoS-ACK_Fragmentation
DDoS-ACK_Fragmentation,DDoS-ACK_Fragmentation
DDoS-ACK_Fragmentation,DDoS-ACK_Fragmentation
DDoS-ACK_Fragmentation,DDoS-ACK_Fragmentation
DDoS-ACK_Fragmentation,DDoS-ACK_Fragmentation
DDoS-ACK_Fragmentation,DDoS-ACK_Fragmentation
DDoS-ACK_Fragmentation,DDoS-ACK_Fragmentation
DDoS-ACK_Fragmentation,DDoS-ACK_Fragmentation
DDoS-ACK_Fragmentation,DDoS-ACK_Fragmentation
DDoS-ACK_Fragmentation,DDoS-ACK_Fragmentation
DDoS-ACK_Fragmentation,DDoS-ACK_Fragmentation
DDoS-ACK_Fragmentation,DDoS-ACK_Fragmentation
DDoS-ACK_Fragmentation,DDoS-SlowLoris
DDoS-ACK_Fragmentation,DDoS-ACK_Fragmentation
DDoS-ACK_Fragmentation,DDoS-ACK_Fragmentation
DDoS-ACK_Fragmentation,DDoS-ACK_Fragmentation
DDoS-ACK_Fragmentation,DDoS-SlowLoris
DDoS-ACK_Fragmentation,DDoS-ACK_Fragmentation
DDoS-ACK_Fragmentation,DDoS-ACK_Fragmentation
DDoS-ACK_Fragmentation,DDoS-ACK_Fragmentation
DDoS-ACK_Fragmentation,DDoS-ACK_Fragmentation
DDoS-ACK_Fragmentation,DDoS-ACK_Fragmentation
DDoS-ACK_Fragmentation,DDoS-ACK_Fragmentation
DDoS-ACK_Fragmentation,DDoS-ACK_Fragmentation
DDoS-ACK_Fragmentation,DDoS-ACK_Fragmentation
DDoS-ACK_Fragmentation,DDoS-ACK_Fragmentation
DDoS-ACK_Fragmentation,DDoS-ACK_Fragmentation
DDoS-ACK_Fragmentation,DDoS-ACK_Fragmentation
DDoS-ACK_Fragmentation,DDoS-ACK_Fragmentation
DDoS-ACK_Fragmentation,DDoS-ACK_Fragmentation
DDoS-ACK_Fragmentation,DDoS-ACK_Fragmentation
DDoS-ACK_Fragmentation,DDoS-ACK_Fragmentation
DDoS-ACK_Fragmentation,DDoS-ACK_Fragmentation
DDoS-ACK_Fragmentation,DDoS-ACK_Fragmentation
DDoS-ACK_Fragmentation,DDoS-ACK_Fragmentation
DDoS-ACK_Fragmentation,DDoS-ACK_Fragmentation
DDoS-ACK_Fragmentation,DDoS-ACK_Fragmentation
DDoS-ACK_Fragmentation,DDoS-ACK_Fragmentation
DDoS-ACK_Fragmentation,DDoS-ACK_Fragmentation
DDoS-ACK_Fragmentation,DDoS-ACK_Fragmentation
DDoS-ACK_Fragmentation,DDoS-ACK_Fragmentation
DDoS-ACK_Fragmentation,DDoS-ACK_Fragmentation
DDoS-ACK_Fragmentation,DDoS-ACK_Fragmentation
DDoS-ACK_Fragmentation,DDoS-ACK_Fragmentation
DDoS-ACK_Fragmentation,DDoS-ACK_Fragmentation
DDoS-ACK_Fragmentation,DDoS-ACK_Fragmentation
DDoS-ACK_Fragmentation,DDoS-ACK_Fragmentation
DDoS-ACK_Fragmentation,DDoS-ACK_Fragmentation
DDoS-ACK_Fragmentation,DDoS-ACK_Fragmentation
DDoS-ACK_Fragmentation,DDoS-ACK_Fragmentation
DDoS-ACK_Fragmentation,DDoS-ACK_Fragmentation
DDoS-ACK_Fragmentation,DDoS-ACK_Fragmentation
DDoS-ACK_Fragmentation,DDoS-ACK_Fragmentation
DDoS-ACK_Fragmentation,DDoS-ACK_Fragmentation
DDoS-ACK_Fragmentation,DDoS-ACK_Fragmentation
DDoS-ACK_Fragmentation,DDoS-ACK_Fragmentation
DDoS-ACK_Fragmentation,DDoS-ACK_Fragmentation
DDoS-ACK_Fragmentation,DDoS-ACK_Fragmentation
DDoS-ACK_Fragmentation,DDoS-ACK_Fragmentation
DDoS-ACK_Fragmentation,DDoS-ACK_Fragmentation
DDoS-ACK_Fragmentation,DDoS-ACK_Fragmentation
DDoS-ACK_Fragmentation,DDoS-ACK_Fragmentation
DDoS-ACK_Fragmentation,DDoS-ACK_Fragmentation
DDoS-ACK_Fragmentation,DDoS-ACK_Fragmentation
DDoS-ACK_Fragmentation,DDoS-ACK_Fragmentation
DDoS-ACK_Fragmentation,DDoS-ACK_Fragmentation
DDoS-ACK_Fragmentation,DDoS-ACK_Fragmentation
DDoS-ACK_Fragmentation,DDoS-ACK_Fragmentation
DDoS-ACK_Fragmentation,DDoS-ACK_Fragmentation
DDoS-ACK_Fragmentation,DDoS-ACK_Fragmentation
DDoS-ACK_Fragmentation,DDoS-ACK_Fragmentation
DDoS-ACK_Fragmentation,DDoS-ACK_Fragmentation
DDoS-ACK_Fragmentation,DDoS-ACK_Fragmentation
DDoS-ACK_Fragmentation,DDoS-SlowLoris
DDoS-ACK_Fragmentation,DDoS-ACK_Fragmentation
DDoS-ACK_Fragmentation,DDoS-SlowLoris
DDoS-ACK_Fragmentation,DDoS-ACK_Fragmentation
DDoS-ACK_Fragmentation,DDoS-ACK_Fragmentation
DDoS-ACK_Fragmentation,DDoS-ACK_Fragmentation
DDoS-ACK_Fragmentation,DDoS-ACK_Fragmentation
DDoS-ACK_Fragmentation,DDoS-ACK_Fragmentation
DDoS-ACK_Fragmentation,DDoS-ACK_Fragmentation
DDoS-ACK_Fragmentation,DDoS-ACK_Fragmentation
DDoS-ACK_Fragmentation,DDoS-ACK_Fragmentation
DDoS-ACK_Fragmentation,DDoS-ACK_Fragmentation
DDoS-ACK_Fragmentation,DDoS-ACK_Fragmentation
DDoS-ACK_Fragmentation,DDoS-ACK_Fragmentation
DDoS-ACK_Fragmentation,DDoS-ACK_Fragmentation
DDoS-ACK_Fragmentation,DDoS-ACK_Fragmentation
DDoS-ACK_Fragmentation,DDoS-ACK_Fragmentation
DDoS-ACK_Fragmentation,DDoS-ACK_Fragmentation
DDoS-ACK_Fragmentation,DDoS-ACK_Fragmentation
DDoS-ACK_Fragmentation,DDoS-ACK_Fragmentation
DDoS-ACK_Fragmentation,DDoS-ACK_Fragmentation
DDoS-ACK_Fragmentation,DDoS-ACK_Fragmentation
DDoS-ACK_Fragmentation,DDoS-ACK_Fragmentation
DDoS-ACK_Fragmentation,DDoS-ACK_Fragmentation
DDoS-ACK_Fragmentation,DDoS-ACK_Fragmentation
DDoS-ACK_Fragmentation,DDoS-ACK_Fragmentation
DDoS-ACK_Fragmentation,DDoS-ACK_Fragmentation
DDoS-ACK_Fragmentation,DDoS-ACK_Fragmentation
DDoS-ACK_Fragmentation,DDoS-ACK_Fragmentation
DDoS-ACK_Fragmentation,DDoS-ACK_Fragmentation
DDoS-ACK_Fragmentation,DDoS-ACK_Fragmentation
DDoS-ACK_Fragmentation,DDoS-ACK_Fragmentation
DDoS-ACK_Fragmentation,DDoS-ACK_Fragmentation
DDoS-ACK_Fragmentation,DDoS-ACK_Fragmentation
DDoS-ACK_Fragmentation,DDoS-ACK_Fragmentation
DDoS-ACK_Fragmentation,DDoS-ACK_Fragmentation
DDoS-ACK_Fragmentation,DDoS-ACK_Fragmentation
DDoS-ACK_Fragmentation,DDoS-ACK_Fragmentation
DDoS-ACK_Fragmentation,DDoS-ACK_Fragmentation
DDoS-ACK_Fragmentation,DDoS-ACK_Fragmentation
DDoS-ACK_Fragmentation,DDoS-ACK_Fragmentation
DDoS-ACK_Fragmentation,DDoS-ACK_Fragmentation
DDoS-ACK_Fragmentation,DDoS-ACK_Fragmentation
DDoS-ACK_Fragmentation,DDoS-ICMP_Fragmentation
DDoS-ACK_Fragmentation,DDoS-ACK_Fragmentation
DDoS-ACK_Fragmentation,DDoS-ACK_Fragmentation
DDoS-ACK_Fragmentation,DDoS-ACK_Fragmentation
DDoS-ACK_Fragmentation,DDoS-ACK_Fragmentation
DDoS-ACK_Fragmentation,DDoS-ACK_Fragmentation
DDoS-ACK_Fragmentation,DDoS-ACK_Fragmentation
DDoS-ACK_Fragmentation,DDoS-ACK_Fragmentation
DDoS-ACK_Fragmentation,DDoS-ACK_Fragmentation
DDoS-ACK_Fragmentation,DDoS-ACK_Fragmentation
DDoS-ACK_Fragmentation,DDoS-ACK_Fragmentation
DDoS-ACK_Fragmentation,DDoS-ACK_Fragmentation
DDoS-ACK_Fragmentation,DDoS-ACK_Fragmentation
DDoS-ACK_Fragmentation,DDoS-ACK_Fragmentation
DDoS-ACK_Fragmentation,DDoS-ACK_Fragmentation
DDoS-ACK_Fragmentation,DDoS-ACK_Fragmentation
DDoS-ACK_Fragmentation,DDoS-ACK_Fragmentation
DDoS-ACK_Fragmentation,DDoS-ACK_Fragmentation
DDoS-ACK_Fragmentation,DDoS-ACK_Fragmentation
DDoS-ACK_Fragmentation,DDoS-ACK_Fragmentation
DDoS-ACK_Fragmentation,DDoS-ACK_Fragmentation
DDoS-ACK_Fragmentation,DDoS-ACK_Fragmentation
DDoS-ACK_Fragmentation,DDoS-ACK_Fragmentation
DDoS-ACK_Fragmentation,DDoS-ACK_Fragmentation
DDoS-ACK_Fragmentation,DDoS-ACK_Fragmentation
DDoS-ACK_Fragmentation,DDoS-ACK_Fragmentation
DDoS-ACK_Fragmentation,DDoS-ACK_Fragmentation
DDoS-ACK_Fragmentation,DDoS-ACK_Fragmentation
DDoS-ACK_Fragmentation,DDoS-ACK_Fragmentation
DDoS-ACK_Fragmentation,DDoS-ACK_Fragmentation
DDoS-ACK_Fragmentation,DDoS-ACK_Fragmentation
DDoS-ACK_Fragmentation,DDoS-ACK_Fragmentation
DDoS-ACK_Fragmentation,DDoS-ACK_Fragmentation
DDoS-ACK_Fragmentation,DDoS-ACK_Fragmentation
DDoS-ACK_Fragmentation,DDoS-ACK_Fragmentation
DDoS-ACK_Fragmentation,DDoS-ACK_Fragmentation
DDoS-ACK_Fragmentation,DDoS-ACK_Fragmentation
DDoS-ACK_Fragmentation,DDoS-ACK_Fragmentation
DDoS-ACK_Fragmentation,DDoS-ACK_Fragmentation
DDoS-ACK_Fragmentation,DDoS-ACK_Fragmentation
DDoS-ACK_Fragmentation,DDoS-ACK_Fragmentation
DDoS-ACK_Fragmentation,DDoS-ACK_Fragmentation
DDoS-ACK_Fragmentation,DDoS-ACK_Fragmentation
DDoS-ACK_Fragmentation,DDoS-ACK_Fragmentation
DDoS-ACK_Fragmentation,DDoS-ACK_Fragmentation
DDoS-ACK_Fragmentation,DDoS-ACK_Fragmentation
DDoS-ACK_Fragmentation,DDoS-ACK_Fragmentation
DDoS-ACK_Fragmentation,DDoS-ACK_Fragmentation
DDoS-ACK_Fragmentation,DDoS-ACK_Fragmentation
DDoS-ACK_Fragmentation,DDoS-ACK_Fragmentation
DDoS-ACK_Fragmentation,DDoS-ACK_Fragmentation
DDoS-ACK_Fragmentation,DDoS-ACK_Fragmentation
DDoS-ACK_Fragmentation,DDoS-ACK_Fragmentation
DDoS-ACK_Fragmentation,DDoS-ACK_Fragmentation
DDoS-ACK_Fragmentation,DDoS-ACK_Fragmentation
DDoS-ACK_Fragmentation,DDoS-ACK_Fragmentation
DDoS-ACK_Fragmentation,DDoS-ACK_Fragmentation
DDoS-ACK_Fragmentation,DDoS-ACK_Fragmentation
DDoS-ACK_Fragmentation,DDoS-ACK_Fragmentation
DDoS-ACK_Fragmentation,DDoS-ACK_Fragmentation
DDoS-ACK_Fragmentation,DDoS-ACK_Fragmentation
DDoS-ACK_Fragmentation,DDoS-ACK_Fragmentation
DDoS-ACK_Fragmentation,DDoS-ACK_Fragmentation
DDoS-ACK_Fragmentation,DDoS-ACK_Fragmentation
DDoS-ACK_Fragmentation,DDoS-ACK_Fragmentation
DDoS-ACK_Fragmentation,DDoS-ACK_Fragmentation
DDoS-ACK_Fragmentation,DDoS-ACK_Fragmentation
DDoS-ACK_Fragmentation,DDoS-ACK_Fragmentation
DDoS-ACK_Fragmentation,DDoS-ACK_Fragmentation
DDoS-ACK_Fragmentation,DDoS-ACK_Fragmentation
DDoS-ACK_Fragmentation,DDoS-ACK_Fragmentation
DDoS-ACK_Fragmentation,DDoS-ACK_Fragmentation
DDoS-ACK_Fragmentation,DDoS-ACK_Fragmentation
DDoS-ACK_Fragmentation,DDoS-ACK_Fragmentation
DDoS-ACK_Fragmentation,DDoS-ACK_Fragmentation
DDoS-ACK_Fragmentation,DDoS-ACK_Fragmentation
DDoS-ACK_Fragmentation,DDoS-ACK_Fragmentation
DDoS-ACK_Fragmentation,DDoS-ACK_Fragmentation
DDoS-ACK_Fragmentation,DDoS-ACK_Fragmentation
DDoS-ACK_Fragmentation,DDoS-ACK_Fragmentation
DDoS-ACK_Fragmentation,DDoS-ACK_Fragmentation
DDoS-ACK_Fragmentation,DDoS-ACK_Fragmentation
DDoS-ACK_Fragmentation,DDoS-ACK_Fragmentation
DDoS-ACK_Fragmentation,DDoS-ACK_Fragmentation
DDoS-ACK_Fragmentation,DDoS-ACK_Fragmentation
DDoS-ACK_Fragmentation,DDoS-ACK_Fragmentation
DDoS-ACK_Fragmentation,DDoS-ACK_Fragmentation
DDoS-ACK_Fragmentation,DDoS-ACK_Fragmentation
DDoS-ACK_Fragmentation,DDoS-ACK_Fragmentation
DDoS-ACK_Fragmentation,DDoS-ACK_Fragmentation
DDoS-ACK_Fragmentation,Mirai-greip_flood
DDoS-ACK_Fragmentation,DDoS-ACK_Fragmentation
DDoS-ACK_Fragmentation,DDoS-ACK_Fragmentation
DDoS-ACK_Fragmentation,DDoS-ACK_Fragmentation
DDoS-ACK_Fragmentation,DDoS-ACK_Fragmentation
DDoS-ACK_Fragmentation,DDoS-ACK_Fragmentation
DDoS-ACK_Fragmentation,DDoS-ACK_Fragmentation
DDoS-ACK_Fragmentation,DDoS-ACK_Fragmentation
DDoS-ACK_Fragmentation,DDoS-ACK_Fragmentation
DDoS-ACK_Fragmentation,DDoS-ACK_Fragmentation
DDoS-ACK_Fragmentation,DDoS-ACK_Fragmentation
DDoS-ACK_Fragmentation,DDoS-ACK_Fragmentation
DDoS-ACK_Fragmentation,DDoS-ACK_Fragmentation
DDoS-ACK_Fragmentation,DDoS-ACK_Fragmentation
DDoS-ACK_Fragmentation,DDoS-ACK_Fragmentation
DDoS-ACK_Fragmentation,DDoS-ACK_Fragmentation
DDoS-ACK_Fragmentation,DDoS-ACK_Fragmentation
DDoS-ACK_Fragmentation,DDoS-ACK_Fragmentation
DDoS-ACK_Fragmentation,DDoS-ACK_Fragmentation
DDoS-ACK_Fragmentation,DDoS-ACK_Fragmentation
DDoS-ACK_Fragmentation,DDoS-ACK_Fragmentation
DDoS-ACK_Fragmentation,DDoS-ACK_Fragmentation
DDoS-ACK_Fragmentation,DDoS-ACK_Fragmentation
DDoS-ACK_Fragmentation,DDoS-ACK_Fragmentation
DDoS-ACK_Fragmentation,DDoS-ACK_Fragmentation
DDoS-ACK_Fragmentation,DDoS-ACK_Fragmentation
DDoS-ACK_Fragmentation,DDoS-ACK_Fragmentation
DDoS-ACK_Fragmentation,DDoS-ACK_Fragmentation
DDoS-ACK_Fragmentation,DDoS-ACK_Fragmentation
DDoS-ACK_Fragmentation,DDoS-ACK_Fragmentation
DDoS-ACK_Fragmentation,DDoS-ACK_Fragmentation
DDoS-ACK_Fragmentation,DDoS-ACK_Fragmentation
DDoS-ACK_Fragmentation,DDoS-ACK_Fragmentation
DDoS-ACK_Fragmentation,DDoS-ACK_Fragmentation
DDoS-ACK_Fragmentation,DDoS-ACK_Fragmentation
DDoS-ACK_Fragmentation,DDoS-ACK_Fragmentation
DDoS-ACK_Fragmentation,DDoS-ACK_Fragmentation
DDoS-ACK_Fragmentation,DDoS-ACK_Fragmentation
DDoS-ACK_Fragmentation,DDoS-ACK_Fragmentation
DDoS-ACK_Fragmentation,DDoS-ACK_Fragmentation
DDoS-ACK_Fragmentation,DDoS-ACK_Fragmentation
DDoS-ACK_Fragmentation,DDoS-ACK_Fragmentation
DDoS-ACK_Fragmentation,DDoS-ACK_Fragmentation
DDoS-ACK_Fragmentation,DDoS-SlowLoris
DDoS-ACK_Fragmentation,DDoS-ACK_Fragmentation
DDoS-ACK_Fragmentation,DDoS-ACK_Fragmentation
DDoS-ACK_Fragmentation,DDoS-ACK_Fragmentation
DDoS-ACK_Fragmentation,DDoS-ACK_Fragmentation
DDoS-ACK_Fragmentation,DDoS-ACK_Fragmentation
DDoS-ACK_Fragmentation,DDoS-ACK_Fragmentation
DNS_Spoofing,DNS_Spoofing
DNS_Spoofing,DNS_Spoofing
DNS_Spoofing,DNS_Spoofing
DNS_Spoofing,DNS_Spoofing
DNS_Spoofing,DNS_Spoofing
DNS_Spoofing,MITM-ArpSpoofing
DNS_Spoofing,MITM-ArpSpoofing
DNS_Spoofing,DNS_Spoofing
DNS_Spoofing,DNS_Spoofing
DNS_Spoofing,Uploading_Attack
DNS_Spoofing,DNS_Spoofing
DNS_Spoofing,DNS_Spoofing
DNS_Spoofing,MITM-ArpSpoofing
DNS_Spoofing,DNS_Spoofing
DNS_Spoofing,BrowserHijacking
DNS_Spoofing,DNS_Spoofing
DNS_Spoofing,DNS_Spoofing
DNS_Spoofing,DNS_Spoofing
DNS_Spoofing,DNS_Spoofing
DNS_Spoofing,DNS_Spoofing
DNS_Spoofing,DNS_Spoofing
DNS_Spoofing,DNS_Spoofing
DNS_Spoofing,DNS_Spoofing
DNS_Spoofing,DNS_Spoofing
DNS_Spoofing,MITM-ArpSpoofing
DNS_Spoofing,MITM-ArpSpoofing
DNS_Spoofing,MITM-ArpSpoofing
DNS_Spoofing,DNS_Spoofing
DNS_Spoofing,DNS_Spoofing
DNS_Spoofing,Backdoor_Malware
DNS_Spoofing,DNS_Spoofing
DNS_Spoofing,DNS_Spoofing
DNS_Spoofing,DNS_Spoofing
DNS_Spoofing,DNS_Spoofing
DNS_Spoofing,DNS_Spoofing
DNS_Spoofing,DNS_Spoofing
DNS_Spoofing,MITM-ArpSpoofing
DNS_Spoofing,MITM-ArpSpoofing
DNS_Spoofing,MITM-ArpSpoofing
DNS_Spoofing,MITM-ArpSpoofing
DNS_Spoofing,DNS_Spoofing
DNS_Spoofing,DNS_Spoofing
DNS_Spoofing,DNS_Spoofing
DNS_Spoofing,DNS_Spoofing
DNS_Spoofing,DNS_Spoofing
DNS_Spoofing,DNS_Spoofing
DNS_Spoofing,MITM-ArpSpoofing
DNS_Spoofing,XSS
DNS_Spoofing,MITM-ArpSpoofing
DNS_Spoofing,MITM-ArpSpoofing
DNS_Spoofing,MITM-ArpSpoofing
DNS_Spoofing,SqlInjection
DNS_Spoofing,DNS_Spoofing
DNS_Spoofing,MITM-ArpSpoofing
DNS_Spoofing,DNS_Spoofing
DNS_Spoofing,DNS_Spoofing
DNS_Spoofing,MITM-ArpSpoofing
DNS_Spoofing,DNS_Spoofing
DNS_Spoofing,DNS_Spoofing
DNS_Spoofing,BrowserHijacking
DNS_Spoofing,DNS_Spoofing
DNS_Spoofing,Recon-PortScan
DNS_Spoofing,DNS_Spoofing
DNS_Spoofing,MITM-ArpSpoofing
DNS_Spoofing,DNS_Spoofing
DNS_Spoofing,DNS_Spoofing
DNS_Spoofing,DNS_Spoofing
DNS_Spoofing,MITM-ArpSpoofing
DNS_Spoofing,Recon-PortScan
DNS_Spoofing,DNS_Spoofing
DNS_Spoofing,DNS_Spoofing
DNS_Spoofing,MITM-ArpSpoofing
DNS_Spoofing,DNS_Spoofing
DNS_Spoofing,BrowserHijacking
DNS_Spoofing,Recon-OSScan
DNS_Spoofing,DNS_Spoofing
DNS_Spoofing,DNS_Spoofing
DNS_Spoofing,DNS_Spoofing
DNS_Spoofing,VulnerabilityScan
DNS_Spoofing,Recon-PingSweep
DNS_Spoofing,SqlInjection
DNS_Spoofing,DNS_Spoofing
DNS_Spoofing,DNS_Spoofing
DNS_Spoofing,MITM-ArpSpoofing
DNS_Spoofing,DNS_Spoofing
DNS_Spoofing,DNS_Spoofing
DNS_Spoofing,DNS_Spoofing
DNS_Spoofing,DNS_Spoofing
DNS_Spoofing,DNS_Spoofing
DNS_Spoofing,MITM-ArpSpoofing
DNS_Spoofing,MITM-ArpSpoofing
DNS_Spoofing,MITM-ArpSpoofing
DNS_Spoofing,DNS_Spoofing
DNS_Spoofing,DNS_Spoofing
DNS_Spoofing,MITM-ArpSpoofing
DNS_Spoofing,DNS_Spoofing
DDoS-SlowLoris,DDoS-SlowLoris
DDoS-SlowLoris,DDoS-SlowLoris
DDoS-SlowLoris,DDoS-SlowLoris
DDoS-SlowLoris,DDoS-SlowLoris
DDoS-SlowLoris,DDoS-SlowLoris
DDoS-SlowLoris,DDoS-SlowLoris
DDoS-SlowLoris,DDoS-SlowLoris
DDoS-SlowLoris,DDoS-SlowLoris
DDoS-SlowLoris,DDoS-SlowLoris
DDoS-SlowLoris,DoS-HTTP_Flood
DDoS-SlowLoris,DDoS-SlowLoris
DDoS-SlowLoris,DDoS-SlowLoris
DDoS-SlowLoris,DDoS-SlowLoris
DDoS-SlowLoris,DDoS-SlowLoris
DDoS-SlowLoris,DDoS-SlowLoris
DDoS-SlowLoris,DDoS-SlowLoris
DDoS-SlowLoris,DDoS-SlowLoris
DDoS-SlowLoris,DDoS-SlowLoris
DDoS-SlowLoris,DDoS-SlowLoris
DDoS-SlowLoris,DDoS-SlowLoris
DDoS-SlowLoris,DDoS-SlowLoris
DDoS-SlowLoris,DDoS-SlowLoris
DDoS-SlowLoris,DDoS-HTTP_Flood
DDoS-SlowLoris,DDoS-SlowLoris
DDoS-SlowLoris,DDoS-SlowLoris
DDoS-SlowLoris,DDoS-SlowLoris
DDoS-SlowLoris,DDoS-SlowLoris
DDoS-SlowLoris,DDoS-SlowLoris
DDoS-SlowLoris,DDoS-SlowLoris
DDoS-SlowLoris,DDoS-SlowLoris
DDoS-SlowLoris,DDoS-SlowLoris
DDoS-SlowLoris,DDoS-SlowLoris
DDoS-SlowLoris,DDoS-SlowLoris
DDoS-SlowLoris,DoS-TCP_Flood
DDoS-SlowLoris,DDoS-HTTP_Flood
DDoS-SlowLoris,DDoS-SlowLoris
DDoS-SlowLoris,DDoS-SlowLoris
DDoS-SlowLoris,DDoS-SlowLoris
DDoS-SlowLoris,DDoS-SlowLoris
DDoS-SlowLoris,DDoS-SlowLoris
DDoS-SlowLoris,DDoS-SlowLoris
DDoS-SlowLoris,DDoS-SlowLoris
DDoS-SlowLoris,DDoS-SlowLoris
DDoS-SlowLoris,DDoS-SlowLoris
DDoS-SlowLoris,DDoS-SlowLoris
DDoS-SlowLoris,DoS-TCP_Flood
DDoS-SlowLoris,DDoS-SlowLoris
DDoS-SlowLoris,DDoS-SlowLoris
DDoS-SlowLoris,DDoS-SlowLoris
DDoS-SlowLoris,BrowserHijacking
DDoS-SlowLoris,DDoS-SlowLoris
DDoS-SlowLoris,DDoS-SlowLoris
DDoS-SlowLoris,DDoS-SlowLoris
DDoS-SlowLoris,DDoS-SlowLoris
DDoS-SlowLoris,DDoS-SlowLoris
DDoS-SlowLoris,DDoS-SlowLoris
DDoS-SlowLoris,DDoS-SlowLoris
DDoS-SlowLoris,DDoS-SlowLoris
DDoS-SlowLoris,DDoS-SlowLoris
DDoS-SlowLoris,DDoS-SlowLoris
DDoS-SlowLoris,DDoS-SlowLoris
DDoS-SlowLoris,Backdoor_Malware
DDoS-SlowLoris,DDoS-SlowLoris
DDoS-SlowLoris,DDoS-SlowLoris
DDoS-SlowLoris,DDoS-SlowLoris
DDoS-SlowLoris,DDoS-SlowLoris
DDoS-SlowLoris,DDoS-SlowLoris
DDoS-SlowLoris,DDoS-SlowLoris
DDoS-SlowLoris,DDoS-SlowLoris
DDoS-SlowLoris,DDoS-SlowLoris
DDoS-SlowLoris,DDoS-SlowLoris
DDoS-SlowLoris,DDoS-SlowLoris
DDoS-SlowLoris,DDoS-SlowLoris
DDoS-SlowLoris,DDoS-SlowLoris
DDoS-SlowLoris,DDoS-SlowLoris
DDoS-SlowLoris,DDoS-SlowLoris
DDoS-SlowLoris,DDoS-SlowLoris
DDoS-SlowLoris,DDoS-SlowLoris
DDoS-SlowLoris,DDoS-SlowLoris
DDoS-SlowLoris,DDoS-SlowLoris
DDoS-SlowLoris,DDoS-SlowLoris
DDoS-SlowLoris,DDoS-SlowLoris
DDoS-SlowLoris,DDoS-SlowLoris
DDoS-SlowLoris,DDoS-SlowLoris
DDoS-SlowLoris,DDoS-SlowLoris
DDoS-SlowLoris,DDoS-SlowLoris
DDoS-SlowLoris,DDoS-SlowLoris
DDoS-SlowLoris,DDoS-SlowLoris
DDoS-SlowLoris,DDoS-SlowLoris
DDoS-SlowLoris,DDoS-SlowLoris
DDoS-SlowLoris,DDoS-SlowLoris
DDoS-SlowLoris,DoS-HTTP_Flood
DDoS-SlowLoris,DDoS-SlowLoris
DDoS-SlowLoris,DDoS-SlowLoris
DDoS-SlowLoris,DDoS-SlowLoris
DDoS-SlowLoris,DDoS-ACK_Fragmentation
DDoS-SlowLoris,DDoS-SlowLoris
DDoS-SlowLoris,DDoS-SlowLoris
DDoS-SlowLoris,DDoS-SlowLoris
DDoS-SlowLoris,DDoS-SlowLoris
DDoS-SlowLoris,DDoS-SlowLoris
DDoS-SlowLoris,DDoS-SlowLoris
DDoS-SlowLoris,DDoS-SlowLoris
DDoS-SlowLoris,DDoS-SlowLoris
DDoS-SlowLoris,DNS_Spoofing
DDoS-SlowLoris,DDoS-SlowLoris
DDoS-SlowLoris,DDoS-SlowLoris
DDoS-SlowLoris,DDoS-SlowLoris
DDoS-SlowLoris,Mirai-greeth_flood
DDoS-SlowLoris,DDoS-SlowLoris
DDoS-SlowLoris,DDoS-SlowLoris
DDoS-SlowLoris,DDoS-SlowLoris
DDoS-SlowLoris,DDoS-SlowLoris
DDoS-SlowLoris,DDoS-SlowLoris
DDoS-SlowLoris,DoS-HTTP_Flood
DDoS-SlowLoris,DDoS-SlowLoris
DDoS-SlowLoris,DDoS-SlowLoris
DDoS-SlowLoris,DDoS-SlowLoris
DDoS-SlowLoris,DDoS-SlowLoris
DDoS-SlowLoris,Recon-PingSweep
DDoS-SlowLoris,DDoS-SlowLoris
DDoS-SlowLoris,DDoS-SlowLoris
DDoS-SlowLoris,BenignTraffic
DDoS-SlowLoris,DDoS-SlowLoris
DDoS-SlowLoris,DDoS-SlowLoris
DDoS-SlowLoris,DDoS-HTTP_Flood
DDoS-SlowLoris,Recon-PingSweep
DDoS-SlowLoris,DDoS-SlowLoris
DDoS-SlowLoris,DDoS-SlowLoris
DDoS-SlowLoris,DDoS-SlowLoris
DDoS-SlowLoris,DDoS-SlowLoris
DDoS-SlowLoris,DDoS-SlowLoris
DDoS-SlowLoris,DDoS-HTTP_Flood
DDoS-SlowLoris,DDoS-SlowLoris
DDoS-SlowLoris,DDoS-SlowLoris
DDoS-SlowLoris,DDoS-SlowLoris
DDoS-SlowLoris,DDoS-SlowLoris
DDoS-SlowLoris,DDoS-SlowLoris
DDoS-SlowLoris,DoS-HTTP_Flood
DDoS-SlowLoris,DDoS-SlowLoris
DDoS-SlowLoris,DDoS-SlowLoris
DDoS-SlowLoris,DDoS-SlowLoris
DDoS-SlowLoris,DDoS-SlowLoris
DDoS-SlowLoris,DDoS-SlowLoris
DDoS-SlowLoris,DDoS-SlowLoris
DDoS-SlowLoris,DDoS-SlowLoris
DDoS-SlowLoris,DDoS-SlowLoris
DDoS-SlowLoris,DDoS-SlowLoris
DDoS-SlowLoris,DDoS-SlowLoris
DDoS-SlowLoris,DDoS-SlowLoris
DDoS-SlowLoris,DDoS-SlowLoris
DDoS-SlowLoris,DDoS-SlowLoris
DDoS-SlowLoris,DDoS-SlowLoris
DDoS-SlowLoris,Backdoor_Malware
DDoS-SlowLoris,DDoS-SlowLoris
DDoS-SlowLoris,DDoS-SlowLoris
DDoS-SlowLoris,DDoS-SlowLoris
DDoS-SlowLoris,DDoS-SlowLoris
DDoS-SlowLoris,DDoS-SlowLoris
DDoS-SlowLoris,DDoS-SlowLoris
DDoS-SlowLoris,DDoS-SlowLoris
DDoS-SlowLoris,DDoS-SlowLoris
DDoS-SlowLoris,DDoS-SlowLoris
DDoS-SlowLoris,DDoS-SlowLoris
DDoS-SlowLoris,XSS
DDoS-SlowLoris,DDoS-SlowLoris
DDoS-SlowLoris,DDoS-SlowLoris
DDoS-SlowLoris,DoS-TCP_Flood
DDoS-SlowLoris,DDoS-SlowLoris
DDoS-SlowLoris,DDoS-SlowLoris
DDoS-SlowLoris,DDoS-SlowLoris
DDoS-SlowLoris,DNS_Spoofing
DDoS-SlowLoris,DDoS-SlowLoris
DDoS-SlowLoris,DDoS-SlowLoris
DDoS-SlowLoris,DDoS-SlowLoris
DDoS-SlowLoris,DDoS-SlowLoris
DDoS-SlowLoris,DDoS-SlowLoris
DDoS-SlowLoris,DDoS-SlowLoris
DDoS-SlowLoris,DDoS-SlowLoris
DDoS-SlowLoris,DDoS-SlowLoris
DDoS-SlowLoris,DDoS-SlowLoris
DDoS-SlowLoris,DDoS-SlowLoris
DDoS-SlowLoris,DoS-HTTP_Flood
DDoS-SlowLoris,DDoS-SlowLoris
DDoS-SlowLoris,DDoS-SlowLoris
DDoS-SlowLoris,DDoS-SlowLoris
DDoS-SlowLoris,DDoS-SlowLoris
DDoS-SlowLoris,DDoS-SlowLoris
DDoS-SlowLoris,DDoS-SlowLoris
DDoS-SlowLoris,DDoS-SlowLoris
DDoS-SlowLoris,DDoS-SlowLoris
DDoS-SlowLoris,DDoS-SlowLoris
DDoS-SlowLoris,DoS-HTTP_Flood
DDoS-SlowLoris,DDoS-HTTP_Flood
DDoS-SlowLoris,Backdoor_Malware
DDoS-SlowLoris,DDoS-SlowLoris
DDoS-SlowLoris,DDoS-SlowLoris
DDoS-SlowLoris,DDoS-SlowLoris
DDoS-SlowLoris,DDoS-SlowLoris
DDoS-SlowLoris,DDoS-SlowLoris
DDoS-SlowLoris,DDoS-SlowLoris
DDoS-SlowLoris,DDoS-SlowLoris
DDoS-SlowLoris,DDoS-SlowLoris
DDoS-SlowLoris,DDoS-SlowLoris
DDoS-SlowLoris,DDoS-SlowLoris
DDoS-SlowLoris,DDoS-SlowLoris
DDoS-SlowLoris,DDoS-SlowLoris
DDoS-SlowLoris,DDoS-SlowLoris
DDoS-SlowLoris,DDoS-SlowLoris
DDoS-SlowLoris,DDoS-SlowLoris
DDoS-SlowLoris,DDoS-SlowLoris
DDoS-SlowLoris,DDoS-HTTP_Flood
DDoS-SlowLoris,DDoS-SlowLoris
DDoS-SlowLoris,DDoS-SlowLoris
DDoS-SlowLoris,DDoS-SlowLoris
DDoS-SlowLoris,DDoS-SlowLoris
DDoS-SlowLoris,DDoS-SlowLoris
DDoS-SlowLoris,DDoS-SlowLoris
DDoS-SlowLoris,DDoS-SlowLoris
DDoS-SlowLoris,DDoS-SlowLoris
DDoS-SlowLoris,DDoS-SlowLoris
DDoS-SlowLoris,DDoS-SlowLoris
DDoS-SlowLoris,DDoS-SlowLoris
DDoS-SlowLoris,DDoS-SlowLoris
DDoS-SlowLoris,DDoS-SlowLoris
DDoS-SlowLoris,DDoS-SlowLoris
DDoS-SlowLoris,DDoS-SlowLoris
DDoS-SlowLoris,DDoS-SlowLoris
DDoS-SlowLoris,DDoS-SlowLoris
DDoS-SlowLoris,DDoS-SlowLoris
DDoS-SlowLoris,DDoS-SlowLoris
DDoS-SlowLoris,DDoS-SlowLoris
DDoS-SlowLoris,DDoS-SlowLoris
DDoS-SlowLoris,DDoS-SlowLoris
DDoS-SlowLoris,DDoS-SlowLoris
DDoS-SlowLoris,DDoS-SlowLoris
DDoS-SlowLoris,DDoS-SlowLoris
DDoS-SlowLoris,DDoS-SlowLoris
DDoS-SlowLoris,DDoS-SlowLoris
DDoS-SlowLoris,DoS-TCP_Flood
DDoS-SlowLoris,DDoS-SlowLoris
DDoS-SlowLoris,DoS-UDP_Flood
DDoS-SlowLoris,DDoS-SlowLoris
DDoS-SlowLoris,DDoS-SlowLoris
DDoS-SlowLoris,DDoS-SlowLoris
DDoS-SlowLoris,DDoS-SlowLoris
DDoS-SlowLoris,DDoS-SlowLoris
DDoS-SlowLoris,DDoS-SlowLoris
DDoS-SlowLoris,DDoS-SlowLoris
DDoS-SlowLoris,DDoS-SlowLoris
DDoS-SlowLoris,DDoS-SlowLoris
DDoS-SlowLoris,DDoS-SlowLoris
DDoS-SlowLoris,DNS_Spoofing
DDoS-SlowLoris,DDoS-SlowLoris
DDoS-SlowLoris,DDoS-SlowLoris
DDoS-SlowLoris,DDoS-SlowLoris
DDoS-SlowLoris,DDoS-UDP_Fragmentation
DDoS-SlowLoris,DDoS-SlowLoris
DDoS-SlowLoris,DDoS-SlowLoris
DDoS-SlowLoris,DDoS-SlowLoris
DDoS-SlowLoris,DDoS-SlowLoris
DDoS-SlowLoris,DDoS-SlowLoris
DDoS-SlowLoris,DDoS-SlowLoris
DDoS-SlowLoris,DDoS-SlowLoris
DDoS-SlowLoris,DDoS-SlowLoris
DDoS-SlowLoris,DDoS-SlowLoris
DDoS-SlowLoris,DDoS-SlowLoris
DDoS-SlowLoris,DDoS-SlowLoris
DDoS-SlowLoris,DDoS-SlowLoris
DDoS-SlowLoris,DDoS-SlowLoris
DDoS-SlowLoris,DDoS-SlowLoris
DDoS-SlowLoris,DDoS-SlowLoris
DDoS-SlowLoris,DDoS-SlowLoris
DDoS-SlowLoris,DDoS-SlowLoris
DDoS-SlowLoris,DDoS-SlowLoris
DDoS-SlowLoris,DDoS-SlowLoris
DDoS-SlowLoris,DDoS-SlowLoris
DDoS-SlowLoris,DDoS-SlowLoris
DDoS-SlowLoris,DDoS-SlowLoris
DDoS-SlowLoris,DDoS-SlowLoris
DDoS-SlowLoris,DDoS-SlowLoris
DDoS-SlowLoris,DDoS-SlowLoris
DDoS-SlowLoris,DDoS-SlowLoris
DDoS-SlowLoris,DDoS-SlowLoris
DDoS-SlowLoris,DDoS-SlowLoris
DDoS-SlowLoris,DDoS-SlowLoris
DDoS-SlowLoris,DDoS-SlowLoris
DDoS-SlowLoris,DDoS-SlowLoris
DDoS-SlowLoris,DDoS-SlowLoris
DDoS-SlowLoris,DDoS-SlowLoris
DDoS-SlowLoris,DDoS-SlowLoris
DDoS-SlowLoris,DDoS-SlowLoris
DDoS-SlowLoris,DDoS-SlowLoris
DDoS-SlowLoris,DDoS-SlowLoris
DDoS-SlowLoris,DoS-HTTP_Flood
DDoS-SlowLoris,DDoS-SlowLoris
DDoS-SlowLoris,DDoS-SlowLoris
DDoS-SlowLoris,DDoS-SlowLoris
DDoS-SlowLoris,DDoS-SlowLoris
DDoS-SlowLoris,DDoS-SlowLoris
DDoS-SlowLoris,DDoS-SlowLoris
DDoS-SlowLoris,DDoS-SlowLoris
DDoS-SlowLoris,DDoS-SlowLoris
DDoS-SlowLoris,DDoS-SlowLoris
DDoS-SlowLoris,DDoS-SlowLoris
DDoS-SlowLoris,DDoS-SlowLoris
DDoS-SlowLoris,DDoS-SlowLoris
DDoS-SlowLoris,DDoS-SlowLoris
DDoS-SlowLoris,DDoS-SlowLoris
DDoS-SlowLoris,DDoS-SlowLoris
DDoS-SlowLoris,DDoS-SlowLoris
DDoS-SlowLoris,DDoS-SlowLoris
DDoS-SlowLoris,DDoS-SlowLoris
DDoS-SlowLoris,DDoS-SlowLoris
DDoS-SlowLoris,DDoS-SlowLoris
DDoS-SlowLoris,DDoS-SlowLoris
DDoS-SlowLoris,DDoS-SlowLoris
DDoS-SlowLoris,DDoS-ACK_Fragmentation
DDoS-SlowLoris,DDoS-SlowLoris
DDoS-SlowLoris,DDoS-SlowLoris
DDoS-SlowLoris,DDoS-SlowLoris
DDoS-SlowLoris,DDoS-SlowLoris
DDoS-SlowLoris,DDoS-SlowLoris
DDoS-SlowLoris,DDoS-SlowLoris
DDoS-SlowLoris,DDoS-SlowLoris
DDoS-SlowLoris,DDoS-HTTP_Flood
DDoS-SlowLoris,DDoS-SlowLoris
DDoS-SlowLoris,DDoS-SlowLoris
DDoS-SlowLoris,DDoS-SlowLoris
DDoS-SlowLoris,DDoS-ACK_Fragmentation
DDoS-SlowLoris,DoS-HTTP_Flood
DDoS-SlowLoris,DDoS-SlowLoris
DDoS-SlowLoris,DDoS-SlowLoris
DDoS-SlowLoris,DDoS-SlowLoris
DDoS-SlowLoris,DDoS-SlowLoris
DDoS-SlowLoris,DDoS-SlowLoris
DDoS-SlowLoris,DDoS-SlowLoris
DDoS-SlowLoris,DDoS-SlowLoris
DDoS-SlowLoris,DDoS-SlowLoris
DDoS-SlowLoris,DDoS-SlowLoris
DDoS-SlowLoris,DDoS-SlowLoris
DDoS-SlowLoris,DDoS-SlowLoris
DDoS-SlowLoris,DDoS-SlowLoris
DDoS-SlowLoris,DDoS-SlowLoris
DDoS-SlowLoris,DDoS-SlowLoris
DDoS-SlowLoris,DDoS-SlowLoris
DDoS-SlowLoris,DDoS-SlowLoris
DDoS-SlowLoris,DDoS-SlowLoris
DDoS-SlowLoris,DDoS-SlowLoris
DDoS-SlowLoris,DDoS-SlowLoris
DDoS-SlowLoris,DDoS-SlowLoris
DDoS-SlowLoris,DDoS-SlowLoris
DDoS-SlowLoris,DDoS-SlowLoris
DDoS-SlowLoris,DDoS-SlowLoris
DDoS-SlowLoris,DDoS-SlowLoris
DDoS-SlowLoris,DDoS-SlowLoris
DDoS-SlowLoris,DDoS-SlowLoris
DDoS-SlowLoris,DDoS-SlowLoris
DDoS-SlowLoris,DDoS-SlowLoris
DDoS-SlowLoris,DDoS-SlowLoris
DDoS-SlowLoris,DDoS-SlowLoris
DDoS-SlowLoris,DNS_Spoofing
DDoS-SlowLoris,DDoS-SlowLoris
DDoS-SlowLoris,DDoS-SlowLoris
DDoS-SlowLoris,DDoS-SlowLoris
DDoS-SlowLoris,DDoS-SlowLoris
DDoS-SlowLoris,DDoS-SlowLoris
DDoS-SlowLoris,DDoS-SlowLoris
DDoS-SlowLoris,DDoS-ACK_Fragmentation
DDoS-SlowLoris,DDoS-SlowLoris
DDoS-SlowLoris,DDoS-SlowLoris
DDoS-SlowLoris,DDoS-SlowLoris
DDoS-SlowLoris,DDoS-SlowLoris
DDoS-SlowLoris,DDoS-SlowLoris
DDoS-SlowLoris,DDoS-SlowLoris
DDoS-SlowLoris,DDoS-SlowLoris
DDoS-SlowLoris,DDoS-SlowLoris
DDoS-SlowLoris,DDoS-SlowLoris
DDoS-SlowLoris,DDoS-SlowLoris
DDoS-SlowLoris,DDoS-SlowLoris
DDoS-SlowLoris,DDoS-SlowLoris
DDoS-SlowLoris,DDoS-SlowLoris
DDoS-SlowLoris,DDoS-SlowLoris
DDoS-SlowLoris,DDoS-SlowLoris
DDoS-SlowLoris,DDoS-SlowLoris
DDoS-SlowLoris,DDoS-HTTP_Flood
DDoS-SlowLoris,DDoS-SlowLoris
DDoS-SlowLoris,DDoS-SlowLoris
DDoS-SlowLoris,DDoS-SlowLoris
DDoS-SlowLoris,DDoS-SlowLoris
DDoS-SlowLoris,DDoS-SlowLoris
DDoS-SlowLoris,DDoS-SlowLoris
DDoS-SlowLoris,DDoS-SlowLoris
DDoS-SlowLoris,DDoS-SlowLoris
DDoS-SlowLoris,DDoS-SlowLoris
DDoS-SlowLoris,DDoS-SlowLoris
DDoS-SlowLoris,DDoS-SlowLoris
DDoS-SlowLoris,DDoS-SlowLoris
DDoS-SlowLoris,DDoS-SlowLoris
DDoS-SlowLoris,DDoS-SlowLoris
DDoS-SynonymousIP_Flood,DDoS-SynonymousIP_Flood
DDoS-SynonymousIP_Flood,DDoS-SynonymousIP_Flood
DDoS-SynonymousIP_Flood,DDoS-SYN_Flood
DDoS-SynonymousIP_Flood,DDoS-SYN_Flood
DDoS-SynonymousIP_Flood,DoS-SYN_Flood
DDoS-SynonymousIP_Flood,DDoS-SynonymousIP_Flood
DDoS-SynonymousIP_Flood,DDoS-SynonymousIP_Flood
DDoS-SynonymousIP_Flood,DDoS-SYN_Flood
DDoS-SynonymousIP_Flood,DoS-SYN_Flood
DDoS-SynonymousIP_Flood,DDoS-SYN_Flood
DDoS-SynonymousIP_Flood,DDoS-SYN_Flood
DDoS-SynonymousIP_Flood,DDoS-SYN_Flood
DDoS-SynonymousIP_Flood,DDoS-SYN_Flood
DDoS-SynonymousIP_Flood,DDoS-UDP_Flood
DDoS-SynonymousIP_Flood,DDoS-SynonymousIP_Flood
DDoS-SynonymousIP_Flood,DDoS-SYN_Flood
DDoS-SynonymousIP_Flood,DDoS-UDP_Flood
DDoS-SynonymousIP_Flood,DDoS-SYN_Flood
DDoS-SynonymousIP_Flood,DDoS-SynonymousIP_Flood
DDoS-SynonymousIP_Flood,DDoS-SYN_Flood
DDoS-SynonymousIP_Flood,DDoS-SynonymousIP_Flood
DDoS-SynonymousIP_Flood,DDoS-SYN_Flood
DDoS-SynonymousIP_Flood,DDoS-SynonymousIP_Flood
DDoS-SynonymousIP_Flood,DDoS-SynonymousIP_Flood
DDoS-SynonymousIP_Flood,DDoS-SYN_Flood
DDoS-SynonymousIP_Flood,DDoS-SYN_Flood
DDoS-SynonymousIP_Flood,DDoS-SynonymousIP_Flood
DDoS-SynonymousIP_Flood,DDoS-ICMP_Flood
DDoS-SynonymousIP_Flood,DDoS-SYN_Flood
DDoS-SynonymousIP_Flood,DDoS-SYN_Flood
DDoS-SynonymousIP_Flood,DDoS-SynonymousIP_Flood
DDoS-SynonymousIP_Flood,DDoS-SYN_Flood
DDoS-SynonymousIP_Flood,DDoS-SYN_Flood
DDoS-SynonymousIP_Flood,DDoS-SynonymousIP_Flood
DDoS-SynonymousIP_Flood,DDoS-SYN_Flood
DDoS-SynonymousIP_Flood,DoS-SYN_Flood
DDoS-SynonymousIP_Flood,DDoS-SynonymousIP_Flood
DDoS-SynonymousIP_Flood,DDoS-SYN_Flood
DDoS-SynonymousIP_Flood,DDoS-SYN_Flood
DDoS-SynonymousIP_Flood,DDoS-SynonymousIP_Flood
DDoS-SynonymousIP_Flood,DDoS-ICMP_Flood
DDoS-SynonymousIP_Flood,DDoS-SYN_Flood
DDoS-SynonymousIP_Flood,DDoS-UDP_Flood
DDoS-SynonymousIP_Flood,DDoS-UDP_Flood
DDoS-SynonymousIP_Flood,DDoS-SynonymousIP_Flood
DDoS-SynonymousIP_Flood,DDoS-SYN_Flood
DDoS-SynonymousIP_Flood,DDoS-SYN_Flood
DDoS-SynonymousIP_Flood,DDoS-ICMP_Flood
DDoS-SynonymousIP_Flood,DoS-SYN_Flood
DDoS-SynonymousIP_Flood,DDoS-SYN_Flood
DDoS-SynonymousIP_Flood,DoS-SYN_Flood
DDoS-SynonymousIP_Flood,DDoS-UDP_Flood
DDoS-SynonymousIP_Flood,DDoS-SynonymousIP_Flood
DDoS-SynonymousIP_Flood,DDoS-SynonymousIP_Flood
DDoS-SynonymousIP_Flood,DDoS-SYN_Flood
DDoS-SynonymousIP_Flood,DDoS-SYN_Flood
DDoS-SynonymousIP_Flood,DDoS-SYN_Flood
DDoS-SynonymousIP_Flood,DDoS-SYN_Flood
DDoS-SynonymousIP_Flood,DoS-SYN_Flood
DDoS-SynonymousIP_Flood,DDoS-SYN_Flood
DDoS-SynonymousIP_Flood,DDoS-SYN_Flood
DDoS-SynonymousIP_Flood,DoS-SYN_Flood
DDoS-SynonymousIP_Flood,DDoS-SYN_Flood
DDoS-SynonymousIP_Flood,DDoS-SYN_Flood
DDoS-SynonymousIP_Flood,DDoS-SynonymousIP_Flood
DDoS-SynonymousIP_Flood,DDoS-SynonymousIP_Flood
DDoS-SynonymousIP_Flood,DDoS-SYN_Flood
DDoS-SynonymousIP_Flood,DDoS-SYN_Flood
DDoS-SynonymousIP_Flood,DDoS-SYN_Flood
DDoS-SynonymousIP_Flood,DDoS-SYN_Flood
DDoS-SynonymousIP_Flood,DDoS-SynonymousIP_Flood
DDoS-SynonymousIP_Flood,DDoS-SYN_Flood
DDoS-SynonymousIP_Flood,DDoS-SYN_Flood
DDoS-SynonymousIP_Flood,DDoS-SYN_Flood
DDoS-SynonymousIP_Flood,DDoS-SYN_Flood
DDoS-SynonymousIP_Flood,DDoS-SynonymousIP_Flood
DDoS-SynonymousIP_Flood,DDoS-SynonymousIP_Flood
DDoS-SynonymousIP_Flood,DDoS-ICMP_Flood
DDoS-SynonymousIP_Flood,DDoS-SYN_Flood
DDoS-SynonymousIP_Flood,DDoS-SYN_Flood
DDoS-SynonymousIP_Flood,DDoS-SynonymousIP_Flood
DDoS-SynonymousIP_Flood,DDoS-SYN_Flood
DDoS-SynonymousIP_Flood,DoS-SYN_Flood
DDoS-SynonymousIP_Flood,DDoS-SYN_Flood
DDoS-SynonymousIP_Flood,DDoS-SYN_Flood
DDoS-SynonymousIP_Flood,Recon-PortScan
DDoS-SynonymousIP_Flood,DDoS-SYN_Flood
DDoS-SynonymousIP_Flood,DoS-SYN_Flood
DDoS-SynonymousIP_Flood,DDoS-SynonymousIP_Flood
DDoS-SynonymousIP_Flood,DDoS-SYN_Flood
DDoS-SynonymousIP_Flood,DDoS-SYN_Flood
DDoS-SynonymousIP_Flood,DDoS-ICMP_Flood
DDoS-SynonymousIP_Flood,DDoS-SYN_Flood
DDoS-SynonymousIP_Flood,DDoS-SynonymousIP_Flood
DDoS-SynonymousIP_Flood,DDoS-SYN_Flood
DDoS-SynonymousIP_Flood,DDoS-SYN_Flood
DDoS-SynonymousIP_Flood,DDoS-SynonymousIP_Flood
DDoS-SynonymousIP_Flood,DoS-SYN_Flood
DDoS-SynonymousIP_Flood,DoS-SYN_Flood
DDoS-SynonymousIP_Flood,DDoS-SYN_Flood
DDoS-SynonymousIP_Flood,DDoS-SynonymousIP_Flood
DDoS-SynonymousIP_Flood,DDoS-SYN_Flood
DDoS-SynonymousIP_Flood,DDoS-UDP_Flood
DDoS-SynonymousIP_Flood,DDoS-ICMP_Flood
DDoS-SynonymousIP_Flood,DDoS-SYN_Flood
DDoS-SynonymousIP_Flood,DoS-SYN_Flood
DDoS-SynonymousIP_Flood,DoS-SYN_Flood
DDoS-SynonymousIP_Flood,DDoS-SYN_Flood
DDoS-SynonymousIP_Flood,DDoS-SYN_Flood
DDoS-SynonymousIP_Flood,DDoS-SynonymousIP_Flood
DDoS-SynonymousIP_Flood,DDoS-ICMP_Flood
DDoS-SynonymousIP_Flood,DoS-SYN_Flood
DDoS-SynonymousIP_Flood,DoS-SYN_Flood
DDoS-SynonymousIP_Flood,DDoS-SYN_Flood
DDoS-SynonymousIP_Flood,DDoS-SYN_Flood
DDoS-SynonymousIP_Flood,DDoS-SYN_Flood
DDoS-SynonymousIP_Flood,DDoS-SYN_Flood
DDoS-SynonymousIP_Flood,DDoS-SYN_Flood
DDoS-SynonymousIP_Flood,DDoS-UDP_Flood
DDoS-SynonymousIP_Flood,DDoS-SynonymousIP_Flood
DDoS-SynonymousIP_Flood,DDoS-SYN_Flood
DDoS-SynonymousIP_Flood,DDoS-SYN_Flood
DDoS-SynonymousIP_Flood,DDoS-SynonymousIP_Flood
DDoS-SynonymousIP_Flood,DDoS-SYN_Flood
DDoS-SynonymousIP_Flood,DDoS-SynonymousIP_Flood
DDoS-SynonymousIP_Flood,DDoS-SYN_Flood
DDoS-SynonymousIP_Flood,DDoS-SYN_Flood
DDoS-SynonymousIP_Flood,DDoS-SynonymousIP_Flood
DDoS-SynonymousIP_Flood,DDoS-UDP_Flood
DDoS-SynonymousIP_Flood,DDoS-SYN_Flood
DDoS-SynonymousIP_Flood,DDoS-SYN_Flood
DDoS-SynonymousIP_Flood,DDoS-SynonymousIP_Flood
DDoS-SynonymousIP_Flood,DDoS-SynonymousIP_Flood
DDoS-SynonymousIP_Flood,DDoS-ICMP_Flood
DDoS-SynonymousIP_Flood,DDoS-SYN_Flood
DDoS-SynonymousIP_Flood,DDoS-SYN_Flood
DDoS-SynonymousIP_Flood,DDoS-ICMP_Flood
DDoS-SynonymousIP_Flood,DDoS-UDP_Flood
DDoS-SynonymousIP_Flood,DDoS-SYN_Flood
DDoS-SynonymousIP_Flood,DDoS-SYN_Flood
DDoS-SynonymousIP_Flood,DDoS-SynonymousIP_Flood
DDoS-SynonymousIP_Flood,DDoS-ICMP_Flood
DDoS-SynonymousIP_Flood,DDoS-SYN_Flood
DDoS-SynonymousIP_Flood,DoS-SYN_Flood
DDoS-SynonymousIP_Flood,DDoS-SYN_Flood
DDoS-SynonymousIP_Flood,DDoS-SynonymousIP_Flood
DDoS-SynonymousIP_Flood,DDoS-SynonymousIP_Flood
DDoS-SynonymousIP_Flood,DDoS-SynonymousIP_Flood
DDoS-SynonymousIP_Flood,DDoS-SYN_Flood
DDoS-SynonymousIP_Flood,Mirai-greeth_flood
DDoS-SynonymousIP_Flood,DDoS-SYN_Flood
DDoS-SynonymousIP_Flood,Mirai-greeth_flood
DDoS-SynonymousIP_Flood,DDoS-ICMP_Flood
DDoS-SynonymousIP_Flood,DDoS-UDP_Flood
DDoS-SynonymousIP_Flood,DDoS-SYN_Flood
DDoS-SynonymousIP_Flood,DDoS-SynonymousIP_Flood
DDoS-SynonymousIP_Flood,DDoS-SynonymousIP_Flood
DDoS-SynonymousIP_Flood,DDoS-SynonymousIP_Flood
DDoS-SynonymousIP_Flood,DDoS-SYN_Flood
DDoS-SynonymousIP_Flood,DDoS-SYN_Flood
DDoS-SynonymousIP_Flood,DDoS-SYN_Flood
DDoS-SynonymousIP_Flood,DDoS-SynonymousIP_Flood
DDoS-SynonymousIP_Flood,DoS-SYN_Flood
DDoS-SynonymousIP_Flood,DoS-SYN_Flood
DDoS-SynonymousIP_Flood,DDoS-SynonymousIP_Flood
DDoS-SynonymousIP_Flood,DoS-SYN_Flood
DDoS-SynonymousIP_Flood,DDoS-SYN_Flood
DDoS-SynonymousIP_Flood,DDoS-SynonymousIP_Flood
DDoS-SynonymousIP_Flood,DDoS-SynonymousIP_Flood
DDoS-SynonymousIP_Flood,DDoS-SYN_Flood
DDoS-SynonymousIP_Flood,DDoS-SYN_Flood
DDoS-SynonymousIP_Flood,DDoS-SynonymousIP_Flood
DDoS-SynonymousIP_Flood,DDoS-SYN_Flood
DDoS-SynonymousIP_Flood,DDoS-UDP_Flood
DDoS-SynonymousIP_Flood,DDoS-SYN_Flood
DDoS-SynonymousIP_Flood,DDoS-SynonymousIP_Flood
DDoS-SynonymousIP_Flood,DDoS-SYN_Flood
DDoS-SynonymousIP_Flood,DDoS-SynonymousIP_Flood
DDoS-SynonymousIP_Flood,DDoS-SYN_Flood
DDoS-SynonymousIP_Flood,DDoS-ICMP_Flood
DDoS-SynonymousIP_Flood,DDoS-UDP_Flood
DDoS-SynonymousIP_Flood,DDoS-SynonymousIP_Flood
DDoS-SynonymousIP_Flood,DDoS-SynonymousIP_Flood
DDoS-SynonymousIP_Flood,DDoS-SYN_Flood
DDoS-SynonymousIP_Flood,DoS-SYN_Flood
DDoS-SynonymousIP_Flood,DDoS-SYN_Flood
DDoS-SynonymousIP_Flood,DDoS-SYN_Flood
DDoS-SynonymousIP_Flood,DDoS-SYN_Flood
DDoS-SynonymousIP_Flood,DDoS-SYN_Flood
DDoS-SynonymousIP_Flood,DDoS-SynonymousIP_Flood
DDoS-SynonymousIP_Flood,DDoS-SYN_Flood
DDoS-SynonymousIP_Flood,DDoS-SYN_Flood
DDoS-SynonymousIP_Flood,DDoS-SYN_Flood
DDoS-SynonymousIP_Flood,DDoS-SYN_Flood
DDoS-SynonymousIP_Flood,DDoS-SYN_Flood
DDoS-SynonymousIP_Flood,DDoS-SynonymousIP_Flood
DDoS-SynonymousIP_Flood,DoS-SYN_Flood
DDoS-SynonymousIP_Flood,DoS-SYN_Flood
DDoS-SynonymousIP_Flood,DDoS-ICMP_Flood
DDoS-SynonymousIP_Flood,DoS-SYN_Flood
DDoS-SynonymousIP_Flood,DDoS-SYN_Flood
DDoS-SynonymousIP_Flood,DDoS-SYN_Flood
DDoS-SynonymousIP_Flood,DDoS-SYN_Flood
DDoS-SynonymousIP_Flood,DDoS-SYN_Flood
DDoS-SynonymousIP_Flood,DDoS-SYN_Flood
DDoS-SynonymousIP_Flood,DDoS-SYN_Flood
DDoS-SynonymousIP_Flood,DDoS-UDP_Flood
DDoS-SynonymousIP_Flood,DDoS-SYN_Flood
DDoS-SynonymousIP_Flood,DDoS-SYN_Flood
DDoS-SynonymousIP_Flood,DDoS-SynonymousIP_Flood
DDoS-SynonymousIP_Flood,DDoS-SYN_Flood
DDoS-SynonymousIP_Flood,DDoS-SYN_Flood
DDoS-SynonymousIP_Flood,DDoS-SynonymousIP_Flood
DDoS-SynonymousIP_Flood,DDoS-SynonymousIP_Flood
DDoS-SynonymousIP_Flood,DDoS-ICMP_Flood
DDoS-SynonymousIP_Flood,DDoS-SynonymousIP_Flood
DDoS-SynonymousIP_Flood,DDoS-SYN_Flood
DDoS-SynonymousIP_Flood,DDoS-SYN_Flood
DDoS-SynonymousIP_Flood,DDoS-SYN_Flood
DDoS-SynonymousIP_Flood,DDoS-SYN_Flood
DDoS-SynonymousIP_Flood,DDoS-SYN_Flood
DDoS-SynonymousIP_Flood,DDoS-SYN_Flood
DDoS-SynonymousIP_Flood,DDoS-UDP_Flood
DDoS-SynonymousIP_Flood,DDoS-ICMP_Flood
DDoS-SynonymousIP_Flood,DDoS-SynonymousIP_Flood
DDoS-SynonymousIP_Flood,DDoS-SynonymousIP_Flood
DDoS-SynonymousIP_Flood,DDoS-SYN_Flood
DDoS-SynonymousIP_Flood,DDoS-ICMP_Flood
DDoS-SynonymousIP_Flood,DDoS-SynonymousIP_Flood
DDoS-SynonymousIP_Flood,DDoS-SynonymousIP_Flood
DDoS-SynonymousIP_Flood,DDoS-SynonymousIP_Flood
DDoS-SynonymousIP_Flood,DDoS-SynonymousIP_Flood
DDoS-SynonymousIP_Flood,DDoS-SYN_Flood
DDoS-SynonymousIP_Flood,DoS-SYN_Flood
DDoS-SynonymousIP_Flood,DDoS-SYN_Flood
DDoS-SynonymousIP_Flood,DDoS-SYN_Flood
DDoS-SynonymousIP_Flood,DDoS-ICMP_Flood
DDoS-SynonymousIP_Flood,DDoS-UDP_Flood
DDoS-SynonymousIP_Flood,DDoS-SynonymousIP_Flood
DDoS-SynonymousIP_Flood,DDoS-SYN_Flood
DDoS-SynonymousIP_Flood,DDoS-SYN_Flood
DDoS-SynonymousIP_Flood,DDoS-SynonymousIP_Flood
DDoS-SynonymousIP_Flood,DDoS-SYN_Flood
DDoS-SynonymousIP_Flood,DDoS-ICMP_Flood
DDoS-SynonymousIP_Flood,DDoS-ICMP_Flood
DDoS-SynonymousIP_Flood,DDoS-SYN_Flood
DDoS-SynonymousIP_Flood,DDoS-SYN_Flood
DDoS-SynonymousIP_Flood,VulnerabilityScan
DDoS-SynonymousIP_Flood,DDoS-SYN_Flood
DDoS-SynonymousIP_Flood,DDoS-SYN_Flood
DDoS-SynonymousIP_Flood,DDoS-SYN_Flood
DDoS-SynonymousIP_Flood,DDoS-SYN_Flood
DDoS-SynonymousIP_Flood,DDoS-SynonymousIP_Flood
DDoS-SynonymousIP_Flood,DDoS-SynonymousIP_Flood
DDoS-SynonymousIP_Flood,DDoS-SYN_Flood
DDoS-SynonymousIP_Flood,DDoS-SYN_Flood
DDoS-SynonymousIP_Flood,DDoS-SYN_Flood
DDoS-SynonymousIP_Flood,DDoS-SYN_Flood
DDoS-SynonymousIP_Flood,DDoS-UDP_Flood
DDoS-SynonymousIP_Flood,DDoS-SYN_Flood
DDoS-SynonymousIP_Flood,DDoS-SYN_Flood
DDoS-SynonymousIP_Flood,DDoS-ICMP_Fragmentation
DDoS-SynonymousIP_Flood,DoS-SYN_Flood
DDoS-SynonymousIP_Flood,DDoS-SYN_Flood
DDoS-SynonymousIP_Flood,DoS-SYN_Flood
DDoS-SynonymousIP_Flood,DDoS-SYN_Flood
DDoS-SynonymousIP_Flood,DDoS-UDP_Flood
DDoS-SynonymousIP_Flood,DoS-SYN_Flood
DDoS-SynonymousIP_Flood,DDoS-SYN_Flood
DDoS-SynonymousIP_Flood,DDoS-SynonymousIP_Flood
DDoS-SynonymousIP_Flood,DDoS-SYN_Flood
DDoS-SynonymousIP_Flood,DDoS-UDP_Flood
DDoS-SynonymousIP_Flood,DDoS-SYN_Flood
DDoS-SynonymousIP_Flood,DDoS-ICMP_Flood
DDoS-SynonymousIP_Flood,DDoS-SYN_Flood
DDoS-SynonymousIP_Flood,DDoS-SYN_Flood
DDoS-SynonymousIP_Flood,DDoS-SYN_Flood
DDoS-SynonymousIP_Flood,DDoS-SYN_Flood
DDoS-SynonymousIP_Flood,DDoS-SYN_Flood
DDoS-SynonymousIP_Flood,DDoS-SynonymousIP_Flood
DDoS-SynonymousIP_Flood,DDoS-SynonymousIP_Flood
DDoS-SynonymousIP_Flood,DDoS-SynonymousIP_Flood
DDoS-SynonymousIP_Flood,DDoS-ICMP_Flood
DDoS-SynonymousIP_Flood,DDoS-SYN_Flood
DDoS-SynonymousIP_Flood,DDoS-SynonymousIP_Flood
DDoS-SynonymousIP_Flood,DDoS-SynonymousIP_Flood
DDoS-SynonymousIP_Flood,DDoS-SynonymousIP_Flood
DDoS-SynonymousIP_Flood,DDoS-SynonymousIP_Flood
DDoS-SynonymousIP_Flood,DDoS-SYN_Flood
DDoS-SynonymousIP_Flood,DDoS-SYN_Flood
DDoS-SynonymousIP_Flood,DDoS-SYN_Flood
DDoS-SynonymousIP_Flood,DoS-SYN_Flood
DDoS-SynonymousIP_Flood,DDoS-SYN_Flood
DDoS-SynonymousIP_Flood,DDoS-SYN_Flood
DDoS-SynonymousIP_Flood,DDoS-SynonymousIP_Flood
DDoS-SynonymousIP_Flood,DDoS-SYN_Flood
DDoS-SynonymousIP_Flood,DDoS-SYN_Flood
DDoS-SynonymousIP_Flood,DDoS-SYN_Flood
DDoS-SynonymousIP_Flood,DDoS-ICMP_Flood
DDoS-SynonymousIP_Flood,DDoS-SYN_Flood
DDoS-SynonymousIP_Flood,DDoS-SynonymousIP_Flood
DDoS-SynonymousIP_Flood,DDoS-ICMP_Flood
DDoS-SynonymousIP_Flood,DDoS-SynonymousIP_Flood
DDoS-SynonymousIP_Flood,DDoS-SynonymousIP_Flood
DDoS-SynonymousIP_Flood,DDoS-SYN_Flood
DDoS-SynonymousIP_Flood,DDoS-SYN_Flood
DDoS-SynonymousIP_Flood,DDoS-SYN_Flood
DDoS-SynonymousIP_Flood,DDoS-SYN_Flood
DDoS-SynonymousIP_Flood,DDoS-UDP_Flood
DDoS-SynonymousIP_Flood,DDoS-SYN_Flood
DDoS-SynonymousIP_Flood,DDoS-SYN_Flood
DDoS-SynonymousIP_Flood,DDoS-SYN_Flood
DDoS-SynonymousIP_Flood,DoS-SYN_Flood
DDoS-SynonymousIP_Flood,DoS-SYN_Flood
DDoS-SynonymousIP_Flood,DDoS-SYN_Flood
DDoS-SynonymousIP_Flood,DDoS-SYN_Flood
DDoS-SynonymousIP_Flood,DDoS-SYN_Flood
DDoS-SynonymousIP_Flood,DDoS-SYN_Flood
DDoS-SynonymousIP_Flood,Mirai-greip_flood
DDoS-SynonymousIP_Flood,DDoS-SYN_Flood
DDoS-SynonymousIP_Flood,DDoS-SYN_Flood
DDoS-SynonymousIP_Flood,DDoS-SYN_Flood
DDoS-SynonymousIP_Flood,DDoS-SYN_Flood
DDoS-SynonymousIP_Flood,DDoS-SYN_Flood
DDoS-SynonymousIP_Flood,DDoS-SYN_Flood
DDoS-SynonymousIP_Flood,DDoS-SYN_Flood
DDoS-SynonymousIP_Flood,DDoS-SYN_Flood
DDoS-SynonymousIP_Flood,DoS-SYN_Flood
DDoS-SynonymousIP_Flood,DDoS-SynonymousIP_Flood
DDoS-SynonymousIP_Flood,DDoS-UDP_Flood
DDoS-SynonymousIP_Flood,DDoS-SynonymousIP_Flood
DDoS-SynonymousIP_Flood,DDoS-SYN_Flood
DDoS-SynonymousIP_Flood,DoS-SYN_Flood
DDoS-SynonymousIP_Flood,DDoS-SYN_Flood
DDoS-SynonymousIP_Flood,DDoS-SYN_Flood
DDoS-SynonymousIP_Flood,DDoS-SYN_Flood
DDoS-SynonymousIP_Flood,DDoS-SYN_Flood
DDoS-SynonymousIP_Flood,DDoS-SYN_Flood
DDoS-SynonymousIP_Flood,DDoS-SYN_Flood
DDoS-SynonymousIP_Flood,DDoS-SYN_Flood
DDoS-SynonymousIP_Flood,DDoS-SynonymousIP_Flood
DDoS-SynonymousIP_Flood,DDoS-SynonymousIP_Flood
DDoS-SynonymousIP_Flood,DoS-SYN_Flood
DDoS-SynonymousIP_Flood,DDoS-SynonymousIP_Flood
DDoS-SynonymousIP_Flood,DDoS-SynonymousIP_Flood
DDoS-SynonymousIP_Flood,DDoS-SynonymousIP_Flood
DDoS-SynonymousIP_Flood,DDoS-SynonymousIP_Flood
DDoS-SynonymousIP_Flood,DDoS-SynonymousIP_Flood
DDoS-SynonymousIP_Flood,DDoS-SYN_Flood
DDoS-SynonymousIP_Flood,DDoS-SYN_Flood
DDoS-SynonymousIP_Flood,DDoS-SynonymousIP_Flood
DDoS-SynonymousIP_Flood,DDoS-SynonymousIP_Flood
DDoS-SynonymousIP_Flood,DDoS-SYN_Flood
DDoS-SynonymousIP_Flood,DDoS-SynonymousIP_Flood
DDoS-SynonymousIP_Flood,DDoS-SynonymousIP_Flood
DDoS-SynonymousIP_Flood,DDoS-SynonymousIP_Flood
DDoS-SynonymousIP_Flood,DDoS-SYN_Flood
DDoS-SynonymousIP_Flood,DDoS-SYN_Flood
DDoS-SynonymousIP_Flood,DDoS-SynonymousIP_Flood
DDoS-SynonymousIP_Flood,DDoS-SYN_Flood
DDoS-SynonymousIP_Flood,DDoS-SynonymousIP_Flood
DDoS-SynonymousIP_Flood,DDoS-SynonymousIP_Flood
DDoS-SynonymousIP_Flood,VulnerabilityScan
DDoS-SynonymousIP_Flood,DDoS-SYN_Flood
DDoS-SynonymousIP_Flood,DDoS-SynonymousIP_Flood
DDoS-SynonymousIP_Flood,DDoS-SynonymousIP_Flood
DDoS-SynonymousIP_Flood,DDoS-SynonymousIP_Flood
DDoS-SynonymousIP_Flood,DDoS-SynonymousIP_Flood
DDoS-SynonymousIP_Flood,DDoS-SynonymousIP_Flood
DDoS-SynonymousIP_Flood,DoS-SYN_Flood
DDoS-SynonymousIP_Flood,DDoS-SYN_Flood
DDoS-SynonymousIP_Flood,DDoS-SYN_Flood
DDoS-SynonymousIP_Flood,DDoS-SynonymousIP_Flood
DDoS-SynonymousIP_Flood,DDoS-SYN_Flood
DDoS-SynonymousIP_Flood,DDoS-SynonymousIP_Flood
DDoS-SynonymousIP_Flood,DDoS-SYN_Flood
DDoS-SynonymousIP_Flood,DDoS-SYN_Flood
DDoS-SynonymousIP_Flood,DDoS-UDP_Flood
DDoS-SynonymousIP_Flood,DDoS-SYN_Flood
DDoS-SynonymousIP_Flood,DDoS-SYN_Flood
DDoS-SynonymousIP_Flood,DoS-SYN_Flood
DDoS-SynonymousIP_Flood,DDoS-SYN_Flood
DDoS-SynonymousIP_Flood,DDoS-SYN_Flood
DDoS-SynonymousIP_Flood,DDoS-SYN_Flood
DDoS-SynonymousIP_Flood,DDoS-SYN_Flood
DDoS-SynonymousIP_Flood,DDoS-SYN_Flood
DDoS-SynonymousIP_Flood,DDoS-SYN_Flood
DDoS-SynonymousIP_Flood,DDoS-SYN_Flood
DDoS-SynonymousIP_Flood,DDoS-SYN_Flood
DDoS-SynonymousIP_Flood,DoS-SYN_Flood
DDoS-SynonymousIP_Flood,DDoS-UDP_Fragmentation
DDoS-SynonymousIP_Flood,DDoS-ICMP_Flood
DDoS-SynonymousIP_Flood,DoS-SYN_Flood
DDoS-SynonymousIP_Flood,DDoS-SYN_Flood
DDoS-SynonymousIP_Flood,DDoS-SYN_Flood
DDoS-SynonymousIP_Flood,DDoS-SYN_Flood
DDoS-SynonymousIP_Flood,DDoS-SynonymousIP_Flood
DDoS-SynonymousIP_Flood,DDoS-SynonymousIP_Flood
DDoS-SynonymousIP_Flood,DDoS-SYN_Flood
DDoS-SynonymousIP_Flood,DDoS-SYN_Flood
Uploading_Attack,Recon-PingSweep
Uploading_Attack,SqlInjection
Uploading_Attack,MITM-ArpSpoofing
Uploading_Attack,Uploading_Attack
Uploading_Attack,BrowserHijacking
Uploading_Attack,XSS
Uploading_Attack,BrowserHijacking
Uploading_Attack,Backdoor_Malware
Uploading_Attack,Backdoor_Malware
Uploading_Attack,Recon-PortScan
Uploading_Attack,Recon-OSScan
Uploading_Attack,XSS
Uploading_Attack,Uploading_Attack
Uploading_Attack,BenignTraffic
Uploading_Attack,XSS
Uploading_Attack,DictionaryBruteForce
Uploading_Attack,VulnerabilityScan
Uploading_Attack,XSS
Uploading_Attack,CommandInjection
Uploading_Attack,Backdoor_Malware
Uploading_Attack,DictionaryBruteForce
Uploading_Attack,XSS
Uploading_Attack,Recon-PortScan
Uploading_Attack,Uploading_Attack
Uploading_Attack,VulnerabilityScan
Uploading_Attack,BrowserHijacking
Uploading_Attack,Uploading_Attack
Uploading_Attack,Recon-PortScan
Uploading_Attack,Backdoor_Malware
Uploading_Attack,BrowserHijacking
Uploading_Attack,Uploading_Attack
Uploading_Attack,BrowserHijacking
Uploading_Attack,Backdoor_Malware
Uploading_Attack,Backdoor_Malware
Uploading_Attack,XSS
Uploading_Attack,Recon-PortScan
Uploading_Attack,CommandInjection
Uploading_Attack,BrowserHijacking
Uploading_Attack,SqlInjection
Uploading_Attack,XSS
Uploading_Attack,CommandInjection
Uploading_Attack,DNS_Spoofing
Uploading_Attack,Uploading_Attack
Uploading_Attack,CommandInjection
Uploading_Attack,BenignTraffic
Uploading_Attack,BenignTraffic
Uploading_Attack,Recon-PortScan
Uploading_Attack,MITM-ArpSpoofing
Uploading_Attack,SqlInjection
Uploading_Attack,Backdoor_Malware
Uploading_Attack,Uploading_Attack
Uploading_Attack,DNS_Spoofing
Uploading_Attack,Recon-PingSweep
Uploading_Attack,Uploading_Attack
Uploading_Attack,XSS
Uploading_Attack,CommandInjection
Uploading_Attack,Recon-PingSweep
Uploading_Attack,Backdoor_Malware
Uploading_Attack,Recon-PingSweep
Uploading_Attack,Backdoor_Malware
Uploading_Attack,Uploading_Attack
Uploading_Attack,XSS
Uploading_Attack,Backdoor_Malware
Uploading_Attack,Backdoor_Malware
Uploading_Attack,SqlInjection
Uploading_Attack,XSS
Uploading_Attack,Backdoor_Malware
Uploading_Attack,BenignTraffic
Uploading_Attack,CommandInjection
Uploading_Attack,SqlInjection
Uploading_Attack,Backdoor_Malware
Uploading_Attack,Backdoor_Malware
Uploading_Attack,Uploading_Attack
Uploading_Attack,BenignTraffic
Uploading_Attack,CommandInjection
Uploading_Attack,XSS
Uploading_Attack,CommandInjection
Uploading_Attack,DNS_Spoofing
Uploading_Attack,Recon-PingSweep
Uploading_Attack,Uploading_Attack
Uploading_Attack,Uploading_Attack
Uploading_Attack,DNS_Spoofing
Uploading_Attack,BenignTraffic
Uploading_Attack,Uploading_Attack
Uploading_Attack,XSS
Uploading_Attack,XSS
Uploading_Attack,Uploading_Attack
Uploading_Attack,Backdoor_Malware
Uploading_Attack,Backdoor_Malware
Uploading_Attack,XSS
Uploading_Attack,Uploading_Attack
Uploading_Attack,XSS
Uploading_Attack,Uploading_Attack
Uploading_Attack,DNS_Spoofing
Uploading_Attack,Backdoor_Malware
Uploading_Attack,Recon-OSScan
Recon-PortScan,VulnerabilityScan
Recon-PortScan,Recon-HostDiscovery
Recon-PortScan,Recon-PortScan
Recon-PortScan,Recon-OSScan
Recon-PortScan,BenignTraffic
Recon-PortScan,Recon-PingSweep
Recon-PortScan,Recon-OSScan
Recon-PortScan,Recon-HostDiscovery
Recon-PortScan,DictionaryBruteForce
Recon-PortScan,Recon-OSScan
Recon-PortScan,Recon-PortScan
Recon-PortScan,XSS
Recon-PortScan,VulnerabilityScan
Recon-PortScan,Recon-PortScan
Recon-PortScan,Recon-PortScan
Recon-PortScan,Recon-PingSweep
Recon-PortScan,Recon-PingSweep
Recon-PortScan,SqlInjection
Recon-PortScan,Recon-PortScan
Recon-PortScan,Recon-OSScan
Recon-PortScan,VulnerabilityScan
Recon-PortScan,VulnerabilityScan
Recon-PortScan,Recon-PortScan
Recon-PortScan,Recon-OSScan
Recon-PortScan,Recon-OSScan
Recon-PortScan,Recon-PingSweep
Recon-PortScan,SqlInjection
Recon-PortScan,BrowserHijacking
Recon-PortScan,Recon-HostDiscovery
Recon-PortScan,Uploading_Attack
Recon-PortScan,VulnerabilityScan
Recon-PortScan,Recon-PingSweep
Recon-PortScan,Backdoor_Malware
Recon-PortScan,Recon-PortScan
Recon-PortScan,Recon-PortScan
Recon-PortScan,Recon-PortScan
Recon-PortScan,Recon-OSScan
Recon-PortScan,VulnerabilityScan
Recon-PortScan,Recon-OSScan
Recon-PortScan,Recon-OSScan
Recon-PortScan,Recon-PingSweep
Recon-PortScan,Recon-OSScan
Recon-PortScan,Recon-OSScan
Recon-PortScan,Recon-PortScan
Recon-PortScan,SqlInjection
Recon-PortScan,Recon-PortScan
Recon-PortScan,Recon-HostDiscovery
Recon-PortScan,Recon-OSScan
Recon-PortScan,Recon-OSScan
Recon-PortScan,Recon-OSScan
Recon-PortScan,Recon-OSScan
Recon-PortScan,Recon-OSScan
Recon-PortScan,CommandInjection
Recon-PortScan,Recon-OSScan
Recon-PortScan,Recon-OSScan
Recon-PortScan,SqlInjection
Recon-PortScan,Recon-HostDiscovery
Recon-PortScan,Recon-OSScan
Recon-PortScan,BrowserHijacking
Recon-PortScan,SqlInjection
Recon-PortScan,Recon-PortScan
Recon-PortScan,VulnerabilityScan
Recon-PortScan,Recon-PortScan
Recon-PortScan,Recon-HostDiscovery
Recon-PortScan,SqlInjection
Recon-PortScan,VulnerabilityScan
Recon-PortScan,DictionaryBruteForce
Recon-PortScan,Recon-OSScan
Recon-PortScan,Recon-PingSweep
Recon-PortScan,Recon-PingSweep
Recon-PortScan,Uploading_Attack
Recon-PortScan,Recon-PingSweep
Recon-PortScan,Recon-OSScan
Recon-PortScan,BenignTraffic
Recon-PortScan,Recon-PortScan
Recon-PortScan,Recon-OSScan
Recon-PortScan,Recon-PortScan
Recon-PortScan,VulnerabilityScan
Recon-PortScan,VulnerabilityScan
Recon-PortScan,BenignTraffic
Recon-PortScan,BenignTraffic
Recon-PortScan,Recon-OSScan
Recon-PortScan,Recon-OSScan
Recon-PortScan,Recon-PortScan
Recon-PortScan,Recon-PortScan
Recon-PortScan,VulnerabilityScan
Recon-PortScan,CommandInjection
Recon-PortScan,Recon-PortScan
Recon-PortScan,VulnerabilityScan
Recon-PortScan,Recon-OSScan
Recon-PortScan,DictionaryBruteForce
Recon-PortScan,SqlInjection
Recon-PortScan,DictionaryBruteForce
Recon-PortScan,Recon-OSScan
Recon-PortScan,Recon-PingSweep
Recon-PortScan,BenignTraffic
Recon-PortScan,SqlInjection
Recon-PortScan,Recon-HostDiscovery
Recon-PortScan,Recon-PortScan
Recon-PortScan,SqlInjection
Recon-PortScan,Recon-OSScan
Recon-PortScan,Recon-PortScan
Recon-PortScan,Backdoor_Malware
Recon-PortScan,Recon-PortScan
Recon-PortScan,Recon-PortScan
Recon-PortScan,Recon-OSScan
Recon-PortScan,BenignTraffic
Recon-PortScan,Recon-OSScan
Recon-PortScan,Recon-OSScan
Recon-PortScan,Backdoor_Malware
Recon-PortScan,Recon-PortScan
Recon-PortScan,Recon-OSScan
Recon-PortScan,DictionaryBruteForce
Recon-PortScan,XSS
Recon-PortScan,Recon-PingSweep
Recon-PortScan,Recon-OSScan
Recon-PortScan,Recon-PortScan
Recon-PortScan,Recon-OSScan
Recon-PortScan,Recon-OSScan
Recon-PortScan,Recon-PortScan
Recon-PortScan,CommandInjection
Recon-PortScan,Recon-PortScan
Recon-PortScan,Recon-OSScan
Recon-PortScan,Recon-OSScan
Recon-PortScan,Recon-OSScan
Recon-PortScan,DNS_Spoofing
Recon-PortScan,Recon-PortScan
Recon-PortScan,Recon-HostDiscovery
Recon-PortScan,SqlInjection
Recon-PortScan,DictionaryBruteForce
Recon-PortScan,Recon-HostDiscovery
Recon-PortScan,Backdoor_Malware
Recon-PortScan,SqlInjection
Recon-PortScan,BenignTraffic
Recon-PortScan,Recon-PortScan
Recon-PortScan,Recon-HostDiscovery
Recon-PortScan,CommandInjection
Recon-PortScan,BenignTraffic
Recon-PortScan,Recon-OSScan
Recon-PortScan,Recon-PortScan
Recon-PortScan,Recon-PortScan
Recon-PortScan,Recon-OSScan
Recon-PortScan,Recon-PingSweep
Recon-PortScan,Uploading_Attack
Recon-PortScan,Recon-PortScan
Recon-PortScan,Backdoor_Malware
Recon-PortScan,Recon-PortScan
Recon-PortScan,Recon-OSScan
Recon-PortScan,SqlInjection
Recon-PortScan,BrowserHijacking
Recon-PortScan,Recon-OSScan
Recon-PortScan,Recon-PingSweep
Recon-PortScan,Recon-PortScan
Recon-PortScan,Recon-PortScan
Recon-PortScan,Recon-PingSweep
Recon-PortScan,Recon-HostDiscovery
Recon-PortScan,BrowserHijacking
Recon-PortScan,Uploading_Attack
Recon-PortScan,BrowserHijacking
Recon-PortScan,SqlInjection
Recon-PortScan,Recon-PortScan
Recon-PortScan,BenignTraffic
Recon-PortScan,Recon-PortScan
Recon-PortScan,Recon-PortScan
Recon-PortScan,BrowserHijacking
Recon-PortScan,VulnerabilityScan
Recon-PortScan,Recon-PingSweep
Recon-PortScan,Recon-PortScan
Recon-PortScan,Recon-OSScan
Recon-PortScan,Recon-PortScan
Recon-PortScan,MITM-ArpSpoofing
Recon-PortScan,Recon-PortScan
Recon-PortScan,BenignTraffic
Recon-PortScan,Recon-OSScan
Recon-PortScan,DNS_Spoofing
Recon-PortScan,Recon-OSScan
Recon-PortScan,XSS
Recon-PortScan,Recon-PortScan
Recon-PortScan,VulnerabilityScan
Recon-PortScan,Recon-PortScan
Recon-PortScan,Recon-OSScan
Recon-PortScan,Recon-PortScan
Recon-PortScan,VulnerabilityScan
Recon-PortScan,DictionaryBruteForce
Recon-PortScan,SqlInjection
Recon-PortScan,XSS
Recon-PortScan,Recon-OSScan
Recon-PortScan,BenignTraffic
Recon-PortScan,Recon-OSScan
Recon-PortScan,Recon-OSScan
Recon-PortScan,Backdoor_Malware
Recon-PortScan,Recon-OSScan
Recon-PortScan,Recon-OSScan
Recon-PortScan,Recon-PortScan
Recon-PortScan,VulnerabilityScan
Recon-PortScan,SqlInjection
Recon-PortScan,Recon-OSScan
Recon-PortScan,Recon-OSScan
Recon-PortScan,DictionaryBruteForce
Recon-PortScan,DNS_Spoofing
Recon-PortScan,Recon-OSScan
Recon-PortScan,SqlInjection
Recon-PortScan,Recon-PortScan
Recon-PortScan,Recon-PortScan
Recon-PortScan,Recon-OSScan
Recon-PortScan,CommandInjection
Recon-PortScan,SqlInjection
Recon-PortScan,MITM-ArpSpoofing
Recon-PortScan,Recon-HostDiscovery
Recon-PortScan,VulnerabilityScan
Recon-PortScan,Recon-PortScan
Recon-PortScan,Recon-PingSweep
Recon-PortScan,DictionaryBruteForce
Recon-PortScan,CommandInjection
Recon-PortScan,DictionaryBruteForce
Recon-PortScan,VulnerabilityScan
Recon-PortScan,DNS_Spoofing
Recon-PortScan,Recon-PingSweep
Recon-PortScan,Recon-OSScan
Recon-PortScan,Recon-OSScan
Recon-PortScan,Recon-HostDiscovery
Recon-PortScan,Uploading_Attack
Recon-PortScan,Recon-PortScan
Recon-PortScan,Recon-OSScan
Recon-PortScan,DictionaryBruteForce
Recon-PortScan,Recon-OSScan
Recon-PortScan,Recon-PortScan
Recon-PortScan,Recon-OSScan
Recon-PortScan,SqlInjection
Recon-PortScan,Recon-OSScan
Recon-PortScan,Recon-OSScan
Recon-PortScan,Uploading_Attack
Recon-PortScan,Recon-OSScan
Recon-PortScan,Recon-OSScan
Recon-PortScan,SqlInjection
Recon-PortScan,SqlInjection
Recon-PortScan,Recon-OSScan
Recon-PortScan,Recon-PortScan
Recon-PortScan,XSS
Recon-PortScan,Backdoor_Malware
Recon-PortScan,Recon-OSScan
Recon-PortScan,Recon-PortScan
Recon-PortScan,Recon-PortScan
Recon-PortScan,Recon-OSScan
Recon-PortScan,Recon-OSScan
Recon-PortScan,Recon-OSScan
Recon-PortScan,BenignTraffic
Recon-PortScan,Recon-PortScan
Recon-PortScan,SqlInjection
Recon-PortScan,Backdoor_Malware
Recon-PortScan,Recon-OSScan
Recon-PortScan,Recon-PortScan
Recon-PortScan,Recon-PingSweep
Recon-PortScan,Backdoor_Malware
Recon-PortScan,Recon-PortScan
Recon-PortScan,DictionaryBruteForce
Recon-PortScan,Recon-OSScan
Recon-PortScan,Recon-OSScan
Recon-PortScan,Recon-HostDiscovery
Recon-PortScan,VulnerabilityScan
Recon-PortScan,Recon-PingSweep
Recon-PortScan,Recon-PingSweep
Recon-PortScan,Recon-OSScan
Recon-PortScan,Recon-PortScan
Recon-PortScan,VulnerabilityScan
Recon-PortScan,Recon-OSScan
Recon-PortScan,DictionaryBruteForce
Recon-PortScan,Recon-PortScan
Recon-PortScan,Recon-OSScan
Recon-PortScan,Recon-OSScan
Recon-PortScan,SqlInjection
Recon-PortScan,Recon-PortScan
Recon-PortScan,Recon-OSScan
Recon-PortScan,Recon-OSScan
Recon-PortScan,Recon-PortScan
Recon-PortScan,DictionaryBruteForce
Recon-PortScan,Recon-PortScan
Recon-PortScan,Recon-OSScan
Recon-PortScan,Recon-OSScan
Recon-PortScan,Recon-PingSweep
Recon-PortScan,VulnerabilityScan
Recon-PortScan,Recon-OSScan
Recon-PortScan,Recon-OSScan
Recon-PortScan,BenignTraffic
Recon-PortScan,VulnerabilityScan
Recon-PortScan,BrowserHijacking
Recon-PortScan,Recon-HostDiscovery
Recon-PortScan,Recon-PortScan
Recon-PortScan,Recon-OSScan
Recon-PortScan,Recon-OSScan
Recon-PortScan,Recon-PortScan
Recon-PortScan,Recon-PortScan
Recon-PortScan,DictionaryBruteForce
Recon-PortScan,Recon-OSScan
Recon-PortScan,Recon-PortScan
Recon-PortScan,XSS
Recon-PortScan,SqlInjection
Recon-PortScan,Recon-OSScan
Recon-PortScan,CommandInjection
Recon-PortScan,Backdoor_Malware
Recon-PortScan,Recon-PortScan
Recon-PortScan,DictionaryBruteForce
Recon-PortScan,Recon-OSScan
Recon-PortScan,SqlInjection
Recon-PortScan,Recon-PortScan
Recon-PortScan,Recon-PingSweep
Recon-PortScan,Recon-OSScan
Recon-PortScan,VulnerabilityScan
Recon-PortScan,BrowserHijacking
Recon-PortScan,DictionaryBruteForce
Recon-PortScan,Recon-PingSweep
Recon-PortScan,Recon-OSScan
Recon-PortScan,Recon-PortScan
Recon-PortScan,Backdoor_Malware
Recon-PortScan,SqlInjection
Recon-PortScan,CommandInjection
Recon-PortScan,Uploading_Attack
Recon-PortScan,Uploading_Attack
Recon-PortScan,Recon-PingSweep
Recon-PortScan,Recon-PortScan
Recon-PortScan,VulnerabilityScan
Recon-PortScan,VulnerabilityScan
Recon-PortScan,Recon-PortScan
Recon-PortScan,Recon-PortScan
Recon-PortScan,VulnerabilityScan
Recon-PortScan,CommandInjection
Recon-PortScan,Recon-PortScan
Recon-PortScan,BrowserHijacking
Recon-PortScan,DictionaryBruteForce
Recon-PortScan,Recon-OSScan
Recon-PortScan,Recon-OSScan
Recon-PortScan,DictionaryBruteForce
Recon-PortScan,Recon-OSScan
Recon-PortScan,Recon-HostDiscovery
Recon-PortScan,XSS
Recon-PortScan,Recon-PingSweep
Recon-PortScan,Uploading_Attack
Recon-PortScan,Recon-PortScan
Recon-PortScan,DictionaryBruteForce
Recon-PortScan,Recon-HostDiscovery
Recon-PortScan,Recon-OSScan
Recon-PortScan,Recon-PingSweep
Recon-PortScan,Recon-PortScan
Recon-PortScan,Recon-OSScan
Recon-PortScan,Recon-PortScan
Recon-PortScan,Recon-PortScan
Recon-PortScan,DictionaryBruteForce
Recon-PortScan,Recon-OSScan
Recon-PortScan,SqlInjection
Recon-PortScan,DNS_Spoofing
Recon-PortScan,BrowserHijacking
Recon-PortScan,Recon-PingSweep
Recon-PortScan,Recon-OSScan
Recon-PortScan,Backdoor_Malware
Recon-PortScan,Recon-PortScan
Recon-PortScan,SqlInjection
Recon-PortScan,DictionaryBruteForce
Recon-PortScan,Recon-OSScan
Recon-PortScan,Recon-OSScan
Recon-PortScan,Recon-PortScan
Recon-PortScan,VulnerabilityScan
Recon-PortScan,Recon-HostDiscovery
Recon-PortScan,BrowserHijacking
Recon-PortScan,Recon-OSScan
Recon-PortScan,VulnerabilityScan
Recon-PortScan,Recon-OSScan
Recon-PortScan,Recon-PortScan
Recon-PortScan,VulnerabilityScan
Recon-PortScan,SqlInjection
Recon-PortScan,Recon-PortScan
Recon-PortScan,DictionaryBruteForce
Recon-PortScan,VulnerabilityScan
Recon-PortScan,BenignTraffic
Recon-PortScan,VulnerabilityScan
Recon-PortScan,Recon-OSScan
Recon-PortScan,BenignTraffic
Recon-PortScan,Recon-OSScan
Recon-PortScan,SqlInjection
Recon-PortScan,DictionaryBruteForce
Recon-PortScan,Recon-OSScan
Recon-PortScan,SqlInjection
Recon-PortScan,Recon-HostDiscovery
Recon-PortScan,Recon-OSScan
Recon-PortScan,Recon-PortScan
Recon-PortScan,XSS
Recon-PortScan,Recon-PortScan
Recon-PortScan,Recon-HostDiscovery
Recon-PortScan,Recon-OSScan
Recon-PortScan,Recon-PortScan
Recon-PortScan,Recon-OSScan
Recon-PortScan,Recon-OSScan
Recon-PortScan,DictionaryBruteForce
Recon-PortScan,Recon-OSScan
Recon-PortScan,SqlInjection
Recon-PortScan,DictionaryBruteForce
Recon-PortScan,Recon-PortScan
Recon-PortScan,Recon-HostDiscovery
Recon-PortScan,Recon-OSScan
Recon-PortScan,Recon-OSScan
Recon-PortScan,Recon-PortScan
VulnerabilityScan,VulnerabilityScan
VulnerabilityScan,DNS_Spoofing
VulnerabilityScan,SqlInjection
VulnerabilityScan,BenignTraffic
VulnerabilityScan,BenignTraffic
VulnerabilityScan,Recon-OSScan
VulnerabilityScan,BenignTraffic
VulnerabilityScan,Recon-OSScan
VulnerabilityScan,Recon-PortScan
VulnerabilityScan,VulnerabilityScan
VulnerabilityScan,VulnerabilityScan
VulnerabilityScan,Recon-PingSweep
VulnerabilityScan,SqlInjection
VulnerabilityScan,Recon-PingSweep
VulnerabilityScan,BrowserHijacking
VulnerabilityScan,BenignTraffic
VulnerabilityScan,VulnerabilityScan
VulnerabilityScan,VulnerabilityScan
VulnerabilityScan,VulnerabilityScan
VulnerabilityScan,CommandInjection
VulnerabilityScan,DNS_Spoofing
VulnerabilityScan,Recon-OSScan
VulnerabilityScan,BenignTraffic
VulnerabilityScan,Backdoor_Malware
VulnerabilityScan,VulnerabilityScan
VulnerabilityScan,SqlInjection
VulnerabilityScan,CommandInjection
VulnerabilityScan,VulnerabilityScan
VulnerabilityScan,SqlInjection
VulnerabilityScan,Backdoor_Malware
VulnerabilityScan,DNS_Spoofing
VulnerabilityScan,Recon-OSScan
VulnerabilityScan,VulnerabilityScan
VulnerabilityScan,BrowserHijacking
VulnerabilityScan,SqlInjection
VulnerabilityScan,XSS
VulnerabilityScan,BenignTraffic
VulnerabilityScan,VulnerabilityScan
VulnerabilityScan,VulnerabilityScan
VulnerabilityScan,BenignTraffic
VulnerabilityScan,SqlInjection
VulnerabilityScan,DictionaryBruteForce
VulnerabilityScan,SqlInjection
VulnerabilityScan,Backdoor_Malware
VulnerabilityScan,DictionaryBruteForce
VulnerabilityScan,SqlInjection
VulnerabilityScan,BrowserHijacking
VulnerabilityScan,DNS_Spoofing
VulnerabilityScan,BenignTraffic
VulnerabilityScan,DNS_Spoofing
VulnerabilityScan,SqlInjection
VulnerabilityScan,SqlInjection
VulnerabilityScan,VulnerabilityScan
VulnerabilityScan,VulnerabilityScan
VulnerabilityScan,SqlInjection
VulnerabilityScan,BenignTraffic
VulnerabilityScan,MITM-ArpSpoofing
VulnerabilityScan,VulnerabilityScan
VulnerabilityScan,BrowserHijacking
VulnerabilityScan,SqlInjection
VulnerabilityScan,CommandInjection
VulnerabilityScan,Recon-OSScan
VulnerabilityScan,SqlInjection
VulnerabilityScan,Recon-PortScan
VulnerabilityScan,Uploading_Attack
VulnerabilityScan,Backdoor_Malware
VulnerabilityScan,BrowserHijacking
VulnerabilityScan,Uploading_Attack
VulnerabilityScan,Backdoor_Malware
VulnerabilityScan,Recon-PortScan
VulnerabilityScan,VulnerabilityScan
VulnerabilityScan,Backdoor_Malware
VulnerabilityScan,SqlInjection
VulnerabilityScan,Recon-HostDiscovery
VulnerabilityScan,BrowserHijacking
VulnerabilityScan,Recon-HostDiscovery
VulnerabilityScan,DictionaryBruteForce
VulnerabilityScan,BenignTraffic
VulnerabilityScan,VulnerabilityScan
VulnerabilityScan,Recon-PingSweep
VulnerabilityScan,BenignTraffic
VulnerabilityScan,SqlInjection
VulnerabilityScan,BenignTraffic
VulnerabilityScan,Backdoor_Malware
VulnerabilityScan,SqlInjection
VulnerabilityScan,BenignTraffic
VulnerabilityScan,Recon-HostDiscovery
VulnerabilityScan,VulnerabilityScan
VulnerabilityScan,MITM-ArpSpoofing
VulnerabilityScan,BenignTraffic
VulnerabilityScan,BenignTraffic
VulnerabilityScan,VulnerabilityScan
VulnerabilityScan,DNS_Spoofing
VulnerabilityScan,Backdoor_Malware
VulnerabilityScan,VulnerabilityScan
VulnerabilityScan,VulnerabilityScan
VulnerabilityScan,SqlInjection
VulnerabilityScan,Recon-PortScan
VulnerabilityScan,Backdoor_Malware
VulnerabilityScan,CommandInjection
VulnerabilityScan,Recon-PingSweep
VulnerabilityScan,VulnerabilityScan
VulnerabilityScan,SqlInjection
VulnerabilityScan,VulnerabilityScan
VulnerabilityScan,MITM-ArpSpoofing
VulnerabilityScan,Recon-PortScan
VulnerabilityScan,VulnerabilityScan
VulnerabilityScan,SqlInjection
VulnerabilityScan,Backdoor_Malware
VulnerabilityScan,Recon-OSScan
VulnerabilityScan,SqlInjection
VulnerabilityScan,BenignTraffic
VulnerabilityScan,Recon-OSScan
VulnerabilityScan,VulnerabilityScan
VulnerabilityScan,CommandInjection
VulnerabilityScan,Recon-PortScan
VulnerabilityScan,Backdoor_Malware
VulnerabilityScan,DictionaryBruteForce
VulnerabilityScan,Recon-PortScan
VulnerabilityScan,VulnerabilityScan
VulnerabilityScan,VulnerabilityScan
VulnerabilityScan,SqlInjection
VulnerabilityScan,SqlInjection
VulnerabilityScan,VulnerabilityScan
VulnerabilityScan,Recon-OSScan
VulnerabilityScan,BrowserHijacking
VulnerabilityScan,Uploading_Attack
VulnerabilityScan,VulnerabilityScan
VulnerabilityScan,XSS
VulnerabilityScan,Recon-HostDiscovery
VulnerabilityScan,BenignTraffic
VulnerabilityScan,Recon-PingSweep
VulnerabilityScan,SqlInjection
VulnerabilityScan,SqlInjection
VulnerabilityScan,Recon-OSScan
VulnerabilityScan,BenignTraffic
VulnerabilityScan,SqlInjection
VulnerabilityScan,BrowserHijacking
VulnerabilityScan,CommandInjection
VulnerabilityScan,VulnerabilityScan
VulnerabilityScan,Recon-PingSweep
VulnerabilityScan,BenignTraffic
VulnerabilityScan,SqlInjection
VulnerabilityScan,CommandInjection
VulnerabilityScan,DictionaryBruteForce
VulnerabilityScan,Recon-HostDiscovery
VulnerabilityScan,Recon-HostDiscovery
VulnerabilityScan,Recon-PingSweep
VulnerabilityScan,SqlInjection
VulnerabilityScan,VulnerabilityScan
VulnerabilityScan,Recon-PortScan
VulnerabilityScan,SqlInjection
VulnerabilityScan,SqlInjection
VulnerabilityScan,VulnerabilityScan
VulnerabilityScan,SqlInjection
VulnerabilityScan,BenignTraffic
VulnerabilityScan,Recon-OSScan
VulnerabilityScan,SqlInjection
VulnerabilityScan,XSS
VulnerabilityScan,Backdoor_Malware
VulnerabilityScan,Recon-HostDiscovery
VulnerabilityScan,SqlInjection
VulnerabilityScan,SqlInjection
VulnerabilityScan,BrowserHijacking
VulnerabilityScan,Recon-PortScan
VulnerabilityScan,BrowserHijacking
VulnerabilityScan,XSS
VulnerabilityScan,XSS
VulnerabilityScan,SqlInjection
VulnerabilityScan,BenignTraffic
VulnerabilityScan,BenignTraffic
VulnerabilityScan,Uploading_Attack
VulnerabilityScan,BrowserHijacking
VulnerabilityScan,SqlInjection
VulnerabilityScan,SqlInjection
VulnerabilityScan,CommandInjection
VulnerabilityScan,SqlInjection
VulnerabilityScan,XSS
VulnerabilityScan,Recon-PortScan
VulnerabilityScan,Recon-PingSweep
VulnerabilityScan,SqlInjection
VulnerabilityScan,CommandInjection
VulnerabilityScan,Recon-PingSweep
VulnerabilityScan,BenignTraffic
VulnerabilityScan,BenignTraffic
VulnerabilityScan,VulnerabilityScan
VulnerabilityScan,XSS
VulnerabilityScan,VulnerabilityScan
VulnerabilityScan,VulnerabilityScan
VulnerabilityScan,Uploading_Attack
VulnerabilityScan,Recon-PingSweep
VulnerabilityScan,Backdoor_Malware
VulnerabilityScan,CommandInjection
VulnerabilityScan,XSS
VulnerabilityScan,Recon-PortScan
VulnerabilityScan,XSS
VulnerabilityScan,VulnerabilityScan
VulnerabilityScan,BenignTraffic
VulnerabilityScan,BenignTraffic
VulnerabilityScan,Recon-OSScan
VulnerabilityScan,Recon-PortScan
VulnerabilityScan,Recon-PortScan
VulnerabilityScan,Recon-OSScan
VulnerabilityScan,BrowserHijacking
VulnerabilityScan,DictionaryBruteForce
VulnerabilityScan,BrowserHijacking
VulnerabilityScan,SqlInjection
VulnerabilityScan,Recon-PingSweep
VulnerabilityScan,VulnerabilityScan
VulnerabilityScan,BrowserHijacking
VulnerabilityScan,VulnerabilityScan
VulnerabilityScan,Recon-PortScan
VulnerabilityScan,VulnerabilityScan
VulnerabilityScan,SqlInjection
VulnerabilityScan,CommandInjection
VulnerabilityScan,Recon-OSScan
VulnerabilityScan,DictionaryBruteForce
VulnerabilityScan,XSS
VulnerabilityScan,VulnerabilityScan
VulnerabilityScan,SqlInjection
VulnerabilityScan,Recon-PingSweep
VulnerabilityScan,VulnerabilityScan
VulnerabilityScan,Uploading_Attack
VulnerabilityScan,Recon-OSScan
VulnerabilityScan,VulnerabilityScan
VulnerabilityScan,DictionaryBruteForce
VulnerabilityScan,VulnerabilityScan
VulnerabilityScan,Recon-HostDiscovery
VulnerabilityScan,Backdoor_Malware
VulnerabilityScan,DictionaryBruteForce
VulnerabilityScan,SqlInjection
VulnerabilityScan,Backdoor_Malware
VulnerabilityScan,DoS-TCP_Flood
VulnerabilityScan,Recon-OSScan
VulnerabilityScan,DNS_Spoofing
VulnerabilityScan,DictionaryBruteForce
VulnerabilityScan,Recon-OSScan
VulnerabilityScan,VulnerabilityScan
VulnerabilityScan,Recon-OSScan
VulnerabilityScan,DNS_Spoofing
VulnerabilityScan,Recon-PingSweep
VulnerabilityScan,Recon-HostDiscovery
VulnerabilityScan,VulnerabilityScan
VulnerabilityScan,SqlInjection
VulnerabilityScan,Uploading_Attack
VulnerabilityScan,SqlInjection
VulnerabilityScan,Recon-PingSweep
VulnerabilityScan,Recon-PingSweep
VulnerabilityScan,Backdoor_Malware
VulnerabilityScan,BenignTraffic
VulnerabilityScan,VulnerabilityScan
VulnerabilityScan,VulnerabilityScan
VulnerabilityScan,BenignTraffic
VulnerabilityScan,Recon-OSScan
VulnerabilityScan,DoS-TCP_Flood
VulnerabilityScan,Recon-PingSweep
VulnerabilityScan,SqlInjection
VulnerabilityScan,SqlInjection
VulnerabilityScan,Recon-PingSweep
VulnerabilityScan,XSS
VulnerabilityScan,Recon-PingSweep
VulnerabilityScan,Recon-PortScan
VulnerabilityScan,DictionaryBruteForce
VulnerabilityScan,VulnerabilityScan
VulnerabilityScan,Recon-PortScan
VulnerabilityScan,VulnerabilityScan
VulnerabilityScan,DictionaryBruteForce
VulnerabilityScan,Recon-HostDiscovery
VulnerabilityScan,Backdoor_Malware
VulnerabilityScan,BenignTraffic
VulnerabilityScan,Uploading_Attack
VulnerabilityScan,DictionaryBruteForce
VulnerabilityScan,SqlInjection
VulnerabilityScan,Recon-PingSweep
VulnerabilityScan,SqlInjection
VulnerabilityScan,CommandInjection
VulnerabilityScan,Recon-OSScan
VulnerabilityScan,Recon-PingSweep
VulnerabilityScan,CommandInjection
VulnerabilityScan,SqlInjection
VulnerabilityScan,VulnerabilityScan
VulnerabilityScan,VulnerabilityScan
VulnerabilityScan,BenignTraffic
VulnerabilityScan,DictionaryBruteForce
VulnerabilityScan,VulnerabilityScan
VulnerabilityScan,DictionaryBruteForce
VulnerabilityScan,MITM-ArpSpoofing
VulnerabilityScan,SqlInjection
VulnerabilityScan,VulnerabilityScan
VulnerabilityScan,BrowserHijacking
VulnerabilityScan,BrowserHijacking
VulnerabilityScan,VulnerabilityScan
VulnerabilityScan,Recon-PortScan
VulnerabilityScan,BenignTraffic
VulnerabilityScan,Recon-OSScan
VulnerabilityScan,SqlInjection
VulnerabilityScan,SqlInjection
VulnerabilityScan,Recon-PingSweep
VulnerabilityScan,Recon-OSScan
VulnerabilityScan,Recon-OSScan
VulnerabilityScan,Recon-PortScan
VulnerabilityScan,Recon-PortScan
VulnerabilityScan,VulnerabilityScan
VulnerabilityScan,Recon-OSScan
VulnerabilityScan,SqlInjection
VulnerabilityScan,SqlInjection
VulnerabilityScan,Uploading_Attack
VulnerabilityScan,VulnerabilityScan
VulnerabilityScan,VulnerabilityScan
VulnerabilityScan,Recon-PortScan
VulnerabilityScan,CommandInjection
VulnerabilityScan,SqlInjection
VulnerabilityScan,DoS-TCP_Flood
VulnerabilityScan,BrowserHijacking
VulnerabilityScan,SqlInjection
VulnerabilityScan,VulnerabilityScan
VulnerabilityScan,SqlInjection
VulnerabilityScan,DictionaryBruteForce
VulnerabilityScan,XSS
VulnerabilityScan,VulnerabilityScan
VulnerabilityScan,DNS_Spoofing
VulnerabilityScan,DictionaryBruteForce
VulnerabilityScan,SqlInjection
VulnerabilityScan,Recon-PortScan
VulnerabilityScan,VulnerabilityScan
VulnerabilityScan,VulnerabilityScan
VulnerabilityScan,VulnerabilityScan
VulnerabilityScan,SqlInjection
VulnerabilityScan,BenignTraffic
VulnerabilityScan,Recon-PortScan
VulnerabilityScan,Recon-OSScan
VulnerabilityScan,VulnerabilityScan
VulnerabilityScan,BenignTraffic
VulnerabilityScan,BrowserHijacking
VulnerabilityScan,SqlInjection
VulnerabilityScan,DNS_Spoofing
VulnerabilityScan,Recon-OSScan
VulnerabilityScan,BenignTraffic
VulnerabilityScan,Recon-PingSweep
VulnerabilityScan,SqlInjection
VulnerabilityScan,BrowserHijacking
VulnerabilityScan,BenignTraffic
VulnerabilityScan,Recon-PingSweep
VulnerabilityScan,BenignTraffic
VulnerabilityScan,Backdoor_Malware
VulnerabilityScan,Uploading_Attack
VulnerabilityScan,Recon-PingSweep
VulnerabilityScan,VulnerabilityScan
VulnerabilityScan,SqlInjection
VulnerabilityScan,Recon-HostDiscovery
VulnerabilityScan,Recon-OSScan
VulnerabilityScan,VulnerabilityScan
VulnerabilityScan,BrowserHijacking
VulnerabilityScan,Backdoor_Malware
VulnerabilityScan,VulnerabilityScan
VulnerabilityScan,DictionaryBruteForce
VulnerabilityScan,SqlInjection
VulnerabilityScan,VulnerabilityScan
VulnerabilityScan,Recon-HostDiscovery
VulnerabilityScan,SqlInjection
VulnerabilityScan,MITM-ArpSpoofing
VulnerabilityScan,XSS
VulnerabilityScan,SqlInjection
VulnerabilityScan,BrowserHijacking
VulnerabilityScan,VulnerabilityScan
VulnerabilityScan,VulnerabilityScan
VulnerabilityScan,Recon-HostDiscovery
VulnerabilityScan,SqlInjection
VulnerabilityScan,DictionaryBruteForce
VulnerabilityScan,SqlInjection
VulnerabilityScan,VulnerabilityScan
VulnerabilityScan,XSS
VulnerabilityScan,Recon-HostDiscovery
VulnerabilityScan,DNS_Spoofing
VulnerabilityScan,Recon-OSScan
VulnerabilityScan,Recon-PingSweep
VulnerabilityScan,BrowserHijacking
VulnerabilityScan,SqlInjection
VulnerabilityScan,BrowserHijacking
VulnerabilityScan,VulnerabilityScan
VulnerabilityScan,BrowserHijacking
VulnerabilityScan,BrowserHijacking
VulnerabilityScan,SqlInjection
VulnerabilityScan,Backdoor_Malware
VulnerabilityScan,XSS
VulnerabilityScan,XSS
VulnerabilityScan,XSS
VulnerabilityScan,Recon-HostDiscovery
VulnerabilityScan,VulnerabilityScan
VulnerabilityScan,Recon-OSScan
VulnerabilityScan,VulnerabilityScan
VulnerabilityScan,VulnerabilityScan
VulnerabilityScan,Recon-PortScan
VulnerabilityScan,VulnerabilityScan
VulnerabilityScan,CommandInjection
VulnerabilityScan,DictionaryBruteForce
VulnerabilityScan,Uploading_Attack
VulnerabilityScan,VulnerabilityScan
VulnerabilityScan,Recon-HostDiscovery
VulnerabilityScan,VulnerabilityScan
Backdoor_Malware,Backdoor_Malware
Backdoor_Malware,CommandInjection
Backdoor_Malware,Backdoor_Malware
Backdoor_Malware,XSS
Backdoor_Malware,BrowserHijacking
Backdoor_Malware,Recon-PingSweep
Backdoor_Malware,XSS
Backdoor_Malware,VulnerabilityScan
Backdoor_Malware,CommandInjection
Backdoor_Malware,Uploading_Attack
Backdoor_Malware,DNS_Spoofing
Backdoor_Malware,Uploading_Attack
Backdoor_Malware,XSS
Backdoor_Malware,Backdoor_Malware
Backdoor_Malware,Backdoor_Malware
Backdoor_Malware,SqlInjection
Backdoor_Malware,Backdoor_Malware
Backdoor_Malware,SqlInjection
Backdoor_Malware,VulnerabilityScan
Backdoor_Malware,XSS
Backdoor_Malware,XSS
Backdoor_Malware,XSS
Backdoor_Malware,DNS_Spoofing
Backdoor_Malware,Recon-OSScan
Backdoor_Malware,Recon-PortScan
Backdoor_Malware,Backdoor_Malware
Backdoor_Malware,Uploading_Attack
Backdoor_Malware,CommandInjection
Backdoor_Malware,Recon-HostDiscovery
Backdoor_Malware,Backdoor_Malware
Backdoor_Malware,XSS
Backdoor_Malware,Backdoor_Malware
Backdoor_Malware,XSS
Backdoor_Malware,Recon-HostDiscovery
Backdoor_Malware,Backdoor_Malware
Backdoor_Malware,CommandInjection
Backdoor_Malware,XSS
Backdoor_Malware,CommandInjection
Backdoor_Malware,Recon-PortScan
Backdoor_Malware,XSS
Backdoor_Malware,Backdoor_Malware
Backdoor_Malware,Backdoor_Malware
Backdoor_Malware,XSS
Backdoor_Malware,Recon-HostDiscovery
Backdoor_Malware,Recon-OSScan
Backdoor_Malware,Uploading_Attack
Backdoor_Malware,CommandInjection
Backdoor_Malware,Recon-PortScan
Backdoor_Malware,XSS
Backdoor_Malware,Backdoor_Malware
Backdoor_Malware,Backdoor_Malware
Backdoor_Malware,Recon-PingSweep
Backdoor_Malware,BrowserHijacking
Backdoor_Malware,BrowserHijacking
Backdoor_Malware,XSS
Backdoor_Malware,Uploading_Attack
Backdoor_Malware,BrowserHijacking
Backdoor_Malware,XSS
Backdoor_Malware,DictionaryBruteForce
Backdoor_Malware,BenignTraffic
Backdoor_Malware,Uploading_Attack
Backdoor_Malware,Backdoor_Malware
Backdoor_Malware,VulnerabilityScan
Backdoor_Malware,VulnerabilityScan
Backdoor_Malware,Recon-PingSweep
Backdoor_Malware,DictionaryBruteForce
Backdoor_Malware,Backdoor_Malware
Backdoor_Malware,BrowserHijacking
Backdoor_Malware,Backdoor_Malware
Backdoor_Malware,BrowserHijacking
Backdoor_Malware,Backdoor_Malware
Backdoor_Malware,Recon-PortScan
Backdoor_Malware,DNS_Spoofing
Backdoor_Malware,SqlInjection
Backdoor_Malware,SqlInjection
Backdoor_Malware,Recon-PingSweep
Backdoor_Malware,BenignTraffic
Backdoor_Malware,Uploading_Attack
Backdoor_Malware,SqlInjection
Backdoor_Malware,CommandInjection
Backdoor_Malware,MITM-ArpSpoofing
Backdoor_Malware,DNS_Spoofing
Backdoor_Malware,Backdoor_Malware
Backdoor_Malware,Recon-PortScan
Backdoor_Malware,Uploading_Attack
Backdoor_Malware,SqlInjection
Backdoor_Malware,DNS_Spoofing
Backdoor_Malware,XSS
Backdoor_Malware,BrowserHijacking
Backdoor_Malware,Backdoor_Malware
Backdoor_Malware,SqlInjection
Backdoor_Malware,DictionaryBruteForce
Backdoor_Malware,XSS
Backdoor_Malware,XSS
Backdoor_Malware,DictionaryBruteForce
Backdoor_Malware,Backdoor_Malware
Backdoor_Malware,BenignTraffic
Backdoor_Malware,Uploading_Attack
Backdoor_Malware,XSS
Backdoor_Malware,BenignTraffic
Backdoor_Malware,Uploading_Attack
Backdoor_Malware,SqlInjection
Backdoor_Malware,SqlInjection
Backdoor_Malware,DictionaryBruteForce
Backdoor_Malware,Recon-PingSweep
Backdoor_Malware,BrowserHijacking
Backdoor_Malware,Backdoor_Malware
Backdoor_Malware,Backdoor_Malware
Backdoor_Malware,DictionaryBruteForce
Backdoor_Malware,Backdoor_Malware
Backdoor_Malware,SqlInjection
Backdoor_Malware,VulnerabilityScan
Backdoor_Malware,DNS_Spoofing
Backdoor_Malware,Uploading_Attack
Backdoor_Malware,DNS_Spoofing
Backdoor_Malware,Recon-HostDiscovery
Backdoor_Malware,BrowserHijacking
Backdoor_Malware,Uploading_Attack
Backdoor_Malware,Recon-OSScan
Backdoor_Malware,Backdoor_Malware
Backdoor_Malware,Uploading_Attack
Backdoor_Malware,XSS
Backdoor_Malware,Recon-PingSweep
Backdoor_Malware,Backdoor_Malware
Backdoor_Malware,Recon-OSScan
Backdoor_Malware,Recon-HostDiscovery
Backdoor_Malware,Backdoor_Malware
Backdoor_Malware,Backdoor_Malware
Backdoor_Malware,XSS
Backdoor_Malware,XSS
Backdoor_Malware,Uploading_Attack
Backdoor_Malware,DictionaryBruteForce
Backdoor_Malware,Backdoor_Malware
Backdoor_Malware,Recon-HostDiscovery
Backdoor_Malware,CommandInjection
Backdoor_Malware,DictionaryBruteForce
Backdoor_Malware,SqlInjection
Backdoor_Malware,XSS
Backdoor_Malware,Uploading_Attack
Backdoor_Malware,Backdoor_Malware
Backdoor_Malware,BenignTraffic
Backdoor_Malware,Recon-OSScan
Backdoor_Malware,Backdoor_Malware
Backdoor_Malware,VulnerabilityScan
Backdoor_Malware,Backdoor_Malware
Backdoor_Malware,Backdoor_Malware
Backdoor_Malware,Recon-PortScan
Backdoor_Malware,Recon-HostDiscovery
Backdoor_Malware,SqlInjection
Backdoor_Malware,XSS
Backdoor_Malware,CommandInjection
Backdoor_Malware,VulnerabilityScan
Backdoor_Malware,SqlInjection
Backdoor_Malware,Uploading_Attack
Backdoor_Malware,XSS
Backdoor_Malware,Recon-HostDiscovery
Backdoor_Malware,Recon-PingSweep
Backdoor_Malware,Uploading_Attack
Backdoor_Malware,CommandInjection
Backdoor_Malware,Recon-PingSweep
Backdoor_Malware,Backdoor_Malware
Backdoor_Malware,SqlInjection
Backdoor_Malware,Recon-PortScan
Backdoor_Malware,Recon-HostDiscovery
Backdoor_Malware,Backdoor_Malware
Backdoor_Malware,XSS
Backdoor_Malware,Uploading_Attack
Backdoor_Malware,Backdoor_Malware
Backdoor_Malware,BrowserHijacking
Backdoor_Malware,SqlInjection
Backdoor_Malware,CommandInjection
Backdoor_Malware,XSS
Backdoor_Malware,Backdoor_Malware
Backdoor_Malware,Backdoor_Malware
Backdoor_Malware,SqlInjection
Backdoor_Malware,XSS
Backdoor_Malware,DictionaryBruteForce
Backdoor_Malware,Recon-HostDiscovery
Backdoor_Malware,MITM-ArpSpoofing
Backdoor_Malware,XSS
Backdoor_Malware,SqlInjection
Backdoor_Malware,Recon-PingSweep
Backdoor_Malware,BenignTraffic
Backdoor_Malware,BrowserHijacking
Backdoor_Malware,Backdoor_Malware
Backdoor_Malware,DictionaryBruteForce
Backdoor_Malware,Uploading_Attack
Backdoor_Malware,XSS
Backdoor_Malware,CommandInjection
Backdoor_Malware,Recon-PortScan
Backdoor_Malware,DictionaryBruteForce
Backdoor_Malware,VulnerabilityScan
Backdoor_Malware,Recon-OSScan
Backdoor_Malware,CommandInjection
Backdoor_Malware,Backdoor_Malware
Backdoor_Malware,Uploading_Attack
Backdoor_Malware,Recon-HostDiscovery
Backdoor_Malware,SqlInjection
Backdoor_Malware,Backdoor_Malware
Backdoor_Malware,Backdoor_Malware
Backdoor_Malware,Uploading_Attack
Backdoor_Malware,XSS
Backdoor_Malware,Recon-OSScan
Backdoor_Malware,Recon-PingSweep
Backdoor_Malware,Backdoor_Malware
Backdoor_Malware,XSS
Backdoor_Malware,BrowserHijacking
Backdoor_Malware,VulnerabilityScan
Backdoor_Malware,CommandInjection
Backdoor_Malware,VulnerabilityScan
Backdoor_Malware,Backdoor_Malware
Backdoor_Malware,Uploading_Attack
Backdoor_Malware,DictionaryBruteForce
Backdoor_Malware,BenignTraffic
Backdoor_Malware,Backdoor_Malware
Backdoor_Malware,SqlInjection
Backdoor_Malware,CommandInjection
Backdoor_Malware,SqlInjection
Backdoor_Malware,DictionaryBruteForce
Backdoor_Malware,CommandInjection
Backdoor_Malware,Recon-HostDiscovery
Backdoor_Malware,XSS
Backdoor_Malware,SqlInjection
Backdoor_Malware,CommandInjection
Backdoor_Malware,CommandInjection
Backdoor_Malware,CommandInjection
Backdoor_Malware,Backdoor_Malware
Backdoor_Malware,Uploading_Attack
Backdoor_Malware,BrowserHijacking
Backdoor_Malware,Recon-OSScan
Backdoor_Malware,Recon-OSScan
Backdoor_Malware,SqlInjection
Backdoor_Malware,DictionaryBruteForce
Backdoor_Malware,DNS_Spoofing
Backdoor_Malware,Backdoor_Malware
Backdoor_Malware,BrowserHijacking
Backdoor_Malware,CommandInjection
Backdoor_Malware,Recon-PortScan
Backdoor_Malware,XSS
Backdoor_Malware,Backdoor_Malware
Backdoor_Malware,Recon-PingSweep
Backdoor_Malware,BrowserHijacking
Backdoor_Malware,DictionaryBruteForce
Backdoor_Malware,Recon-HostDiscovery
Backdoor_Malware,Backdoor_Malware
Backdoor_Malware,Backdoor_Malware
Backdoor_Malware,Recon-OSScan
Backdoor_Malware,Recon-PingSweep
Backdoor_Malware,DNS_Spoofing
Backdoor_Malware,CommandInjection
Backdoor_Malware,Recon-HostDiscovery
Backdoor_Malware,DictionaryBruteForce
Backdoor_Malware,MITM-ArpSpoofing
Backdoor_Malware,Recon-HostDiscovery
Backdoor_Malware,XSS
Backdoor_Malware,VulnerabilityScan
Backdoor_Malware,Recon-PingSweep
Backdoor_Malware,XSS
Backdoor_Malware,Backdoor_Malware
Backdoor_Malware,Backdoor_Malware
Backdoor_Malware,SqlInjection
Backdoor_Malware,SqlInjection
Backdoor_Malware,XSS
Backdoor_Malware,Backdoor_Malware
Backdoor_Malware,Recon-OSScan
Backdoor_Malware,CommandInjection
Backdoor_Malware,SqlInjection
Backdoor_Malware,Backdoor_Malware
Backdoor_Malware,MITM-ArpSpoofing
Backdoor_Malware,Recon-OSScan
Backdoor_Malware,BrowserHijacking
Backdoor_Malware,DictionaryBruteForce
Backdoor_Malware,BrowserHijacking
Backdoor_Malware,Backdoor_Malware
Backdoor_Malware,Backdoor_Malware
Backdoor_Malware,CommandInjection
Backdoor_Malware,BrowserHijacking
Backdoor_Malware,Recon-PortScan
Backdoor_Malware,Uploading_Attack
Backdoor_Malware,XSS
Backdoor_Malware,Backdoor_Malware
Backdoor_Malware,Recon-OSScan
Backdoor_Malware,BenignTraffic
Backdoor_Malware,Backdoor_Malware
Backdoor_Malware,Backdoor_Malware
Backdoor_Malware,VulnerabilityScan
Backdoor_Malware,Backdoor_Malware
Backdoor_Malware,XSS
Backdoor_Malware,Backdoor_Malware
Backdoor_Malware,CommandInjection
Backdoor_Malware,Backdoor_Malware
Backdoor_Malware,CommandInjection
Backdoor_Malware,BenignTraffic
Backdoor_Malware,Backdoor_Malware
Backdoor_Malware,Backdoor_Malware
Backdoor_Malware,CommandInjection
Backdoor_Malware,Backdoor_Malware
Backdoor_Malware,SqlInjection
Backdoor_Malware,Backdoor_Malware
Backdoor_Malware,DictionaryBruteForce
Backdoor_Malware,VulnerabilityScan
Backdoor_Malware,XSS
Backdoor_Malware,Backdoor_Malware
Backdoor_Malware,CommandInjection
Backdoor_Malware,Recon-OSScan
Backdoor_Malware,XSS
Backdoor_Malware,BrowserHijacking
Backdoor_Malware,Recon-HostDiscovery
Backdoor_Malware,VulnerabilityScan
Backdoor_Malware,Uploading_Attack
Backdoor_Malware,Recon-PingSweep
Backdoor_Malware,BenignTraffic
Backdoor_Malware,XSS
Backdoor_Malware,Backdoor_Malware
Backdoor_Malware,DNS_Spoofing
Backdoor_Malware,CommandInjection
Backdoor_Malware,BrowserHijacking
Backdoor_Malware,Recon-PingSweep
Backdoor_Malware,Uploading_Attack
Backdoor_Malware,BenignTraffic
Backdoor_Malware,DictionaryBruteForce
Backdoor_Malware,SqlInjection
Backdoor_Malware,Recon-PortScan
Backdoor_Malware,CommandInjection
Backdoor_Malware,XSS
Backdoor_Malware,VulnerabilityScan
Backdoor_Malware,Backdoor_Malware
Backdoor_Malware,Backdoor_Malware
Backdoor_Malware,Recon-HostDiscovery
Backdoor_Malware,CommandInjection
Backdoor_Malware,CommandInjection
Backdoor_Malware,Backdoor_Malware
Backdoor_Malware,SqlInjection
Backdoor_Malware,CommandInjection
Backdoor_Malware,XSS
Backdoor_Malware,Recon-PortScan
Backdoor_Malware,BenignTraffic
Backdoor_Malware,DictionaryBruteForce
Backdoor_Malware,Backdoor_Malware
Backdoor_Malware,Uploading_Attack
Backdoor_Malware,CommandInjection
Backdoor_Malware,DNS_Spoofing
Backdoor_Malware,XSS
Backdoor_Malware,Recon-HostDiscovery
Backdoor_Malware,Backdoor_Malware
Backdoor_Malware,XSS
Backdoor_Malware,SqlInjection
Backdoor_Malware,Recon-HostDiscovery
Backdoor_Malware,DNS_Spoofing
Backdoor_Malware,BrowserHijacking
Backdoor_Malware,Backdoor_Malware
Backdoor_Malware,XSS
Backdoor_Malware,Backdoor_Malware
Backdoor_Malware,Backdoor_Malware
Backdoor_Malware,VulnerabilityScan
Backdoor_Malware,CommandInjection
Backdoor_Malware,XSS
Backdoor_Malware,Backdoor_Malware
Backdoor_Malware,Backdoor_Malware
Backdoor_Malware,VulnerabilityScan
Backdoor_Malware,VulnerabilityScan
Backdoor_Malware,Backdoor_Malware
Backdoor_Malware,Backdoor_Malware
Backdoor_Malware,Backdoor_Malware
Backdoor_Malware,BrowserHijacking
Backdoor_Malware,Recon-HostDiscovery
Backdoor_Malware,CommandInjection
Backdoor_Malware,Backdoor_Malware
Backdoor_Malware,BenignTraffic
Backdoor_Malware,CommandInjection
Backdoor_Malware,BrowserHijacking
Backdoor_Malware,XSS
Backdoor_Malware,VulnerabilityScan
Backdoor_Malware,Backdoor_Malware
Backdoor_Malware,Backdoor_Malware
Backdoor_Malware,Backdoor_Malware
Backdoor_Malware,Backdoor_Malware
Backdoor_Malware,Recon-HostDiscovery
Backdoor_Malware,Recon-OSScan
Backdoor_Malware,XSS
Backdoor_Malware,Recon-PingSweep
Backdoor_Malware,Recon-HostDiscovery
Backdoor_Malware,SqlInjection
Backdoor_Malware,Backdoor_Malware
Backdoor_Malware,CommandInjection
Backdoor_Malware,XSS
Backdoor_Malware,Recon-HostDiscovery
Backdoor_Malware,Recon-PortScan
Backdoor_Malware,CommandInjection
Backdoor_Malware,Backdoor_Malware
Backdoor_Malware,CommandInjection
Backdoor_Malware,Backdoor_Malware
Backdoor_Malware,Backdoor_Malware
Backdoor_Malware,BrowserHijacking
Backdoor_Malware,Uploading_Attack
Backdoor_Malware,BrowserHijacking
Backdoor_Malware,CommandInjection
Backdoor_Malware,DictionaryBruteForce
Backdoor_Malware,Uploading_Attack
Backdoor_Malware,DNS_Spoofing
DDoS-PSHACK_Flood,DDoS-UDP_Flood
DDoS-PSHACK_Flood,DDoS-PSHACK_Flood
DDoS-PSHACK_Flood,DDoS-UDP_Flood
DDoS-PSHACK_Flood,DDoS-PSHACK_Flood
DDoS-PSHACK_Flood,DDoS-PSHACK_Flood
DDoS-PSHACK_Flood,DDoS-PSHACK_Flood
DDoS-PSHACK_Flood,DDoS-UDP_Flood
DDoS-PSHACK_Flood,DDoS-PSHACK_Flood
DDoS-PSHACK_Flood,DDoS-PSHACK_Flood
DDoS-PSHACK_Flood,DDoS-PSHACK_Flood
DDoS-PSHACK_Flood,DDoS-PSHACK_Flood
DDoS-PSHACK_Flood,DDoS-PSHACK_Flood
DDoS-PSHACK_Flood,DDoS-PSHACK_Flood
DDoS-PSHACK_Flood,DDoS-PSHACK_Flood
DDoS-PSHACK_Flood,DDoS-PSHACK_Flood
DDoS-PSHACK_Flood,DDoS-PSHACK_Flood
DDoS-PSHACK_Flood,DDoS-PSHACK_Flood
DDoS-PSHACK_Flood,DDoS-PSHACK_Flood
DDoS-PSHACK_Flood,DDoS-PSHACK_Flood
DDoS-PSHACK_Flood,DDoS-PSHACK_Flood
DDoS-PSHACK_Flood,DDoS-PSHACK_Flood
DDoS-PSHACK_Flood,DDoS-PSHACK_Flood
DDoS-PSHACK_Flood,DDoS-PSHACK_Flood
DDoS-PSHACK_Flood,DDoS-PSHACK_Flood
DDoS-PSHACK_Flood,DDoS-PSHACK_Flood
DDoS-PSHACK_Flood,DDoS-PSHACK_Flood
DDoS-PSHACK_Flood,DDoS-PSHACK_Flood
DDoS-PSHACK_Flood,DDoS-PSHACK_Flood
DDoS-PSHACK_Flood,DDoS-PSHACK_Flood
DDoS-PSHACK_Flood,DDoS-PSHACK_Flood
DDoS-PSHACK_Flood,DDoS-UDP_Flood
DDoS-PSHACK_Flood,DDoS-PSHACK_Flood
DDoS-PSHACK_Flood,DDoS-PSHACK_Flood
DDoS-PSHACK_Flood,DDoS-PSHACK_Flood
DDoS-PSHACK_Flood,DDoS-PSHACK_Flood
DDoS-PSHACK_Flood,DDoS-PSHACK_Flood
DDoS-PSHACK_Flood,DDoS-PSHACK_Flood
DDoS-PSHACK_Flood,DDoS-PSHACK_Flood
DDoS-PSHACK_Flood,DDoS-UDP_Flood
DDoS-PSHACK_Flood,DDoS-PSHACK_Flood
DDoS-PSHACK_Flood,DDoS-PSHACK_Flood
DDoS-PSHACK_Flood,DDoS-PSHACK_Flood
DDoS-PSHACK_Flood,DDoS-PSHACK_Flood
DDoS-PSHACK_Flood,DDoS-PSHACK_Flood
DDoS-PSHACK_Flood,DDoS-ACK_Fragmentation
DDoS-PSHACK_Flood,DDoS-PSHACK_Flood
DDoS-PSHACK_Flood,DDoS-PSHACK_Flood
DDoS-PSHACK_Flood,DDoS-PSHACK_Flood
DDoS-PSHACK_Flood,DDoS-PSHACK_Flood
DDoS-PSHACK_Flood,DDoS-PSHACK_Flood
DDoS-PSHACK_Flood,DDoS-PSHACK_Flood
DDoS-PSHACK_Flood,DDoS-PSHACK_Flood
DDoS-PSHACK_Flood,DDoS-PSHACK_Flood
DDoS-PSHACK_Flood,DDoS-PSHACK_Flood
DDoS-PSHACK_Flood,DDoS-PSHACK_Flood
DDoS-PSHACK_Flood,DDoS-PSHACK_Flood
DDoS-PSHACK_Flood,DDoS-PSHACK_Flood
DDoS-PSHACK_Flood,DDoS-PSHACK_Flood
DDoS-PSHACK_Flood,DDoS-PSHACK_Flood
DDoS-PSHACK_Flood,DDoS-PSHACK_Flood
DDoS-PSHACK_Flood,DDoS-PSHACK_Flood
DDoS-PSHACK_Flood,DDoS-PSHACK_Flood
DDoS-PSHACK_Flood,DDoS-PSHACK_Flood
DDoS-PSHACK_Flood,DDoS-PSHACK_Flood
DDoS-PSHACK_Flood,DDoS-PSHACK_Flood
DDoS-PSHACK_Flood,DDoS-PSHACK_Flood
DDoS-PSHACK_Flood,DDoS-PSHACK_Flood
DDoS-PSHACK_Flood,DDoS-PSHACK_Flood
DDoS-PSHACK_Flood,DDoS-PSHACK_Flood
DDoS-PSHACK_Flood,DDoS-PSHACK_Flood
DDoS-PSHACK_Flood,DDoS-PSHACK_Flood
DDoS-PSHACK_Flood,DDoS-PSHACK_Flood
DDoS-PSHACK_Flood,DDoS-PSHACK_Flood
DDoS-PSHACK_Flood,DDoS-PSHACK_Flood
DDoS-PSHACK_Flood,DDoS-PSHACK_Flood
DDoS-PSHACK_Flood,DDoS-PSHACK_Flood
DDoS-PSHACK_Flood,DDoS-PSHACK_Flood
DDoS-PSHACK_Flood,DDoS-UDP_Flood
DDoS-PSHACK_Flood,DDoS-PSHACK_Flood
DDoS-PSHACK_Flood,DDoS-PSHACK_Flood
DDoS-PSHACK_Flood,DDoS-PSHACK_Flood
DDoS-PSHACK_Flood,DDoS-PSHACK_Flood
DDoS-PSHACK_Flood,DDoS-PSHACK_Flood
DDoS-PSHACK_Flood,DDoS-PSHACK_Flood
DDoS-PSHACK_Flood,DDoS-PSHACK_Flood
DDoS-PSHACK_Flood,DDoS-PSHACK_Flood
DDoS-PSHACK_Flood,DDoS-PSHACK_Flood
DDoS-PSHACK_Flood,DDoS-PSHACK_Flood
DDoS-PSHACK_Flood,DDoS-PSHACK_Flood
DDoS-PSHACK_Flood,DDoS-PSHACK_Flood
DDoS-PSHACK_Flood,DDoS-PSHACK_Flood
DDoS-PSHACK_Flood,DDoS-PSHACK_Flood
DDoS-PSHACK_Flood,DDoS-PSHACK_Flood
DDoS-PSHACK_Flood,DDoS-PSHACK_Flood
DDoS-PSHACK_Flood,DDoS-PSHACK_Flood
DDoS-PSHACK_Flood,DDoS-PSHACK_Flood
DDoS-PSHACK_Flood,DDoS-PSHACK_Flood
DDoS-PSHACK_Flood,DDoS-PSHACK_Flood
DDoS-PSHACK_Flood,DDoS-PSHACK_Flood
DDoS-PSHACK_Flood,DDoS-PSHACK_Flood
DDoS-PSHACK_Flood,DDoS-PSHACK_Flood
DDoS-PSHACK_Flood,DDoS-PSHACK_Flood
DDoS-PSHACK_Flood,DDoS-PSHACK_Flood
DDoS-PSHACK_Flood,DDoS-PSHACK_Flood
DDoS-PSHACK_Flood,DDoS-PSHACK_Flood
DDoS-PSHACK_Flood,DDoS-PSHACK_Flood
DDoS-PSHACK_Flood,DDoS-PSHACK_Flood
DDoS-PSHACK_Flood,DDoS-PSHACK_Flood
DDoS-PSHACK_Flood,DDoS-PSHACK_Flood
DDoS-PSHACK_Flood,DDoS-PSHACK_Flood
DDoS-PSHACK_Flood,DDoS-PSHACK_Flood
DDoS-PSHACK_Flood,DDoS-PSHACK_Flood
DDoS-PSHACK_Flood,DDoS-PSHACK_Flood
DDoS-PSHACK_Flood,DDoS-PSHACK_Flood
DDoS-PSHACK_Flood,DDoS-PSHACK_Flood
DDoS-PSHACK_Flood,DDoS-PSHACK_Flood
DDoS-PSHACK_Flood,DDoS-PSHACK_Flood
DDoS-PSHACK_Flood,DDoS-PSHACK_Flood
DDoS-PSHACK_Flood,DDoS-PSHACK_Flood
DDoS-PSHACK_Flood,DDoS-PSHACK_Flood
DDoS-PSHACK_Flood,DDoS-PSHACK_Flood
DDoS-PSHACK_Flood,DDoS-PSHACK_Flood
DDoS-PSHACK_Flood,DDoS-PSHACK_Flood
DDoS-PSHACK_Flood,DDoS-PSHACK_Flood
DDoS-PSHACK_Flood,DDoS-PSHACK_Flood
DDoS-PSHACK_Flood,DDoS-PSHACK_Flood
DDoS-PSHACK_Flood,DDoS-PSHACK_Flood
DDoS-PSHACK_Flood,DDoS-PSHACK_Flood
DDoS-PSHACK_Flood,DDoS-PSHACK_Flood
DDoS-PSHACK_Flood,DDoS-PSHACK_Flood
DDoS-PSHACK_Flood,DDoS-PSHACK_Flood
DDoS-PSHACK_Flood,DDoS-PSHACK_Flood
DDoS-PSHACK_Flood,DDoS-PSHACK_Flood
DDoS-PSHACK_Flood,DDoS-PSHACK_Flood
DDoS-PSHACK_Flood,DDoS-PSHACK_Flood
DDoS-PSHACK_Flood,DDoS-PSHACK_Flood
DDoS-PSHACK_Flood,DDoS-PSHACK_Flood
DDoS-PSHACK_Flood,DDoS-PSHACK_Flood
DDoS-PSHACK_Flood,DDoS-PSHACK_Flood
DDoS-PSHACK_Flood,DDoS-PSHACK_Flood
DDoS-PSHACK_Flood,DDoS-PSHACK_Flood
DDoS-PSHACK_Flood,DDoS-PSHACK_Flood
DDoS-PSHACK_Flood,DDoS-PSHACK_Flood
DDoS-PSHACK_Flood,DDoS-PSHACK_Flood
DDoS-PSHACK_Flood,DDoS-UDP_Flood
DDoS-PSHACK_Flood,DDoS-PSHACK_Flood
DDoS-PSHACK_Flood,DDoS-PSHACK_Flood
DDoS-PSHACK_Flood,DDoS-PSHACK_Flood
DDoS-PSHACK_Flood,DDoS-PSHACK_Flood
DDoS-PSHACK_Flood,DDoS-PSHACK_Flood
DDoS-PSHACK_Flood,DDoS-PSHACK_Flood
DDoS-PSHACK_Flood,DDoS-PSHACK_Flood
DDoS-PSHACK_Flood,DDoS-PSHACK_Flood
DDoS-PSHACK_Flood,DDoS-UDP_Flood
DDoS-PSHACK_Flood,DDoS-PSHACK_Flood
DDoS-PSHACK_Flood,DDoS-PSHACK_Flood
DDoS-PSHACK_Flood,DDoS-PSHACK_Flood
DDoS-PSHACK_Flood,DDoS-PSHACK_Flood
DDoS-PSHACK_Flood,DDoS-PSHACK_Flood
DDoS-PSHACK_Flood,DDoS-PSHACK_Flood
DDoS-PSHACK_Flood,DDoS-PSHACK_Flood
DDoS-PSHACK_Flood,DDoS-PSHACK_Flood
DDoS-PSHACK_Flood,DDoS-PSHACK_Flood
DDoS-PSHACK_Flood,DDoS-PSHACK_Flood
DDoS-PSHACK_Flood,DDoS-PSHACK_Flood
DDoS-PSHACK_Flood,DDoS-PSHACK_Flood
DDoS-PSHACK_Flood,DDoS-PSHACK_Flood
DDoS-PSHACK_Flood,DDoS-PSHACK_Flood
DDoS-PSHACK_Flood,DDoS-PSHACK_Flood
DDoS-PSHACK_Flood,DDoS-PSHACK_Flood
DDoS-PSHACK_Flood,DDoS-PSHACK_Flood
DDoS-PSHACK_Flood,DDoS-PSHACK_Flood
DDoS-PSHACK_Flood,DDoS-PSHACK_Flood
DDoS-PSHACK_Flood,DDoS-PSHACK_Flood
DDoS-PSHACK_Flood,DDoS-PSHACK_Flood
DDoS-PSHACK_Flood,DDoS-PSHACK_Flood
DDoS-PSHACK_Flood,DDoS-PSHACK_Flood
DDoS-PSHACK_Flood,DDoS-PSHACK_Flood
DDoS-PSHACK_Flood,DDoS-PSHACK_Flood
DDoS-PSHACK_Flood,DDoS-PSHACK_Flood
DDoS-PSHACK_Flood,DDoS-PSHACK_Flood
DDoS-PSHACK_Flood,DDoS-PSHACK_Flood
DDoS-PSHACK_Flood,DDoS-PSHACK_Flood
DDoS-PSHACK_Flood,DDoS-PSHACK_Flood
DDoS-PSHACK_Flood,DDoS-PSHACK_Flood
DDoS-PSHACK_Flood,DDoS-PSHACK_Flood
DDoS-PSHACK_Flood,DDoS-PSHACK_Flood
DDoS-PSHACK_Flood,DDoS-ACK_Fragmentation
DDoS-PSHACK_Flood,DDoS-PSHACK_Flood
DDoS-PSHACK_Flood,DDoS-PSHACK_Flood
DDoS-PSHACK_Flood,DDoS-PSHACK_Flood
DDoS-PSHACK_Flood,DDoS-PSHACK_Flood
DDoS-PSHACK_Flood,DDoS-PSHACK_Flood
DDoS-PSHACK_Flood,DDoS-PSHACK_Flood
DDoS-PSHACK_Flood,DDoS-PSHACK_Flood
DDoS-PSHACK_Flood,DDoS-PSHACK_Flood
DDoS-PSHACK_Flood,DDoS-PSHACK_Flood
DDoS-PSHACK_Flood,DDoS-PSHACK_Flood
DDoS-PSHACK_Flood,DDoS-PSHACK_Flood
DDoS-PSHACK_Flood,DDoS-PSHACK_Flood
DDoS-PSHACK_Flood,DDoS-PSHACK_Flood
DDoS-PSHACK_Flood,DDoS-PSHACK_Flood
DDoS-PSHACK_Flood,DDoS-PSHACK_Flood
DDoS-PSHACK_Flood,DDoS-PSHACK_Flood
DDoS-PSHACK_Flood,DDoS-PSHACK_Flood
DDoS-PSHACK_Flood,DDoS-PSHACK_Flood
DDoS-PSHACK_Flood,DDoS-PSHACK_Flood
DDoS-PSHACK_Flood,DDoS-PSHACK_Flood
DDoS-PSHACK_Flood,DDoS-PSHACK_Flood
DDoS-PSHACK_Flood,DDoS-PSHACK_Flood
DDoS-PSHACK_Flood,DDoS-PSHACK_Flood
DDoS-PSHACK_Flood,DDoS-PSHACK_Flood
DDoS-PSHACK_Flood,DDoS-SlowLoris
DDoS-PSHACK_Flood,DDoS-PSHACK_Flood
DDoS-PSHACK_Flood,DDoS-PSHACK_Flood
DDoS-PSHACK_Flood,DDoS-UDP_Flood
DDoS-PSHACK_Flood,DDoS-PSHACK_Flood
DDoS-PSHACK_Flood,DDoS-PSHACK_Flood
DDoS-PSHACK_Flood,DDoS-PSHACK_Flood
DDoS-PSHACK_Flood,DDoS-PSHACK_Flood
DDoS-PSHACK_Flood,DDoS-PSHACK_Flood
DDoS-PSHACK_Flood,DDoS-PSHACK_Flood
DDoS-PSHACK_Flood,DDoS-PSHACK_Flood
DDoS-PSHACK_Flood,DDoS-PSHACK_Flood
DDoS-PSHACK_Flood,DDoS-PSHACK_Flood
DDoS-PSHACK_Flood,DDoS-PSHACK_Flood
DDoS-PSHACK_Flood,DDoS-PSHACK_Flood
DDoS-PSHACK_Flood,DDoS-PSHACK_Flood
DDoS-PSHACK_Flood,DDoS-PSHACK_Flood
DDoS-PSHACK_Flood,DDoS-PSHACK_Flood
DDoS-PSHACK_Flood,DDoS-PSHACK_Flood
DDoS-PSHACK_Flood,DDoS-ACK_Fragmentation
DDoS-PSHACK_Flood,DDoS-PSHACK_Flood
DDoS-PSHACK_Flood,DDoS-PSHACK_Flood
DDoS-PSHACK_Flood,DDoS-PSHACK_Flood
DDoS-PSHACK_Flood,DDoS-PSHACK_Flood
DDoS-PSHACK_Flood,DDoS-PSHACK_Flood
DDoS-PSHACK_Flood,DDoS-PSHACK_Flood
DDoS-PSHACK_Flood,DDoS-PSHACK_Flood
DDoS-PSHACK_Flood,DDoS-PSHACK_Flood
DDoS-PSHACK_Flood,DDoS-PSHACK_Flood
DDoS-PSHACK_Flood,DDoS-PSHACK_Flood
DDoS-PSHACK_Flood,DDoS-PSHACK_Flood
DDoS-PSHACK_Flood,DDoS-PSHACK_Flood
DDoS-PSHACK_Flood,DDoS-PSHACK_Flood
DDoS-PSHACK_Flood,DDoS-PSHACK_Flood
DDoS-PSHACK_Flood,DDoS-PSHACK_Flood
DDoS-PSHACK_Flood,DDoS-PSHACK_Flood
DDoS-PSHACK_Flood,DDoS-PSHACK_Flood
DDoS-PSHACK_Flood,DDoS-PSHACK_Flood
DDoS-PSHACK_Flood,DDoS-PSHACK_Flood
DDoS-PSHACK_Flood,DDoS-PSHACK_Flood
DDoS-PSHACK_Flood,DDoS-PSHACK_Flood
DDoS-PSHACK_Flood,DDoS-PSHACK_Flood
DDoS-PSHACK_Flood,DDoS-PSHACK_Flood
DDoS-PSHACK_Flood,DDoS-PSHACK_Flood
DDoS-PSHACK_Flood,DDoS-PSHACK_Flood
DDoS-PSHACK_Flood,DDoS-PSHACK_Flood
DDoS-PSHACK_Flood,DDoS-PSHACK_Flood
DDoS-PSHACK_Flood,DDoS-PSHACK_Flood
DDoS-PSHACK_Flood,DDoS-PSHACK_Flood
DDoS-PSHACK_Flood,DDoS-PSHACK_Flood
DDoS-PSHACK_Flood,DDoS-PSHACK_Flood
DDoS-PSHACK_Flood,DDoS-PSHACK_Flood
DDoS-PSHACK_Flood,DDoS-PSHACK_Flood
DDoS-PSHACK_Flood,DDoS-PSHACK_Flood
DDoS-PSHACK_Flood,DDoS-PSHACK_Flood
DDoS-PSHACK_Flood,DDoS-SynonymousIP_Flood
DDoS-PSHACK_Flood,DDoS-UDP_Flood
DDoS-PSHACK_Flood,DDoS-PSHACK_Flood
DDoS-PSHACK_Flood,DDoS-PSHACK_Flood
DDoS-PSHACK_Flood,DDoS-PSHACK_Flood
DDoS-PSHACK_Flood,DDoS-ACK_Fragmentation
DDoS-PSHACK_Flood,DDoS-PSHACK_Flood
DDoS-PSHACK_Flood,DDoS-PSHACK_Flood
DDoS-PSHACK_Flood,DDoS-PSHACK_Flood
DDoS-PSHACK_Flood,DDoS-PSHACK_Flood
DDoS-PSHACK_Flood,DDoS-PSHACK_Flood
DDoS-PSHACK_Flood,DDoS-PSHACK_Flood
DDoS-PSHACK_Flood,DDoS-PSHACK_Flood
DDoS-PSHACK_Flood,DDoS-PSHACK_Flood
DDoS-PSHACK_Flood,DDoS-PSHACK_Flood
DDoS-PSHACK_Flood,DDoS-UDP_Flood
DDoS-PSHACK_Flood,DDoS-PSHACK_Flood
DDoS-PSHACK_Flood,DDoS-PSHACK_Flood
DDoS-PSHACK_Flood,DDoS-PSHACK_Flood
DDoS-PSHACK_Flood,DDoS-PSHACK_Flood
DDoS-PSHACK_Flood,DDoS-PSHACK_Flood
DDoS-PSHACK_Flood,DDoS-PSHACK_Flood
DDoS-PSHACK_Flood,DDoS-PSHACK_Flood
DDoS-PSHACK_Flood,DDoS-PSHACK_Flood
DDoS-PSHACK_Flood,DDoS-PSHACK_Flood
DDoS-PSHACK_Flood,DDoS-PSHACK_Flood
DDoS-PSHACK_Flood,DDoS-PSHACK_Flood
DDoS-PSHACK_Flood,DDoS-PSHACK_Flood
DDoS-PSHACK_Flood,DDoS-PSHACK_Flood
DDoS-PSHACK_Flood,DDoS-PSHACK_Flood
DDoS-PSHACK_Flood,DDoS-PSHACK_Flood
DDoS-PSHACK_Flood,DDoS-PSHACK_Flood
DDoS-PSHACK_Flood,DDoS-PSHACK_Flood
DDoS-PSHACK_Flood,DDoS-PSHACK_Flood
DDoS-PSHACK_Flood,DDoS-PSHACK_Flood
DDoS-PSHACK_Flood,DDoS-PSHACK_Flood
DDoS-PSHACK_Flood,DDoS-PSHACK_Flood
DDoS-PSHACK_Flood,DDoS-PSHACK_Flood
DDoS-PSHACK_Flood,DDoS-PSHACK_Flood
DDoS-PSHACK_Flood,DDoS-PSHACK_Flood
DDoS-PSHACK_Flood,DDoS-PSHACK_Flood
DDoS-PSHACK_Flood,DDoS-PSHACK_Flood
DDoS-PSHACK_Flood,DDoS-PSHACK_Flood
DDoS-PSHACK_Flood,DDoS-PSHACK_Flood
DDoS-PSHACK_Flood,DDoS-PSHACK_Flood
DDoS-PSHACK_Flood,DDoS-PSHACK_Flood
DDoS-PSHACK_Flood,DDoS-PSHACK_Flood
DDoS-PSHACK_Flood,DDoS-PSHACK_Flood
DDoS-PSHACK_Flood,DDoS-PSHACK_Flood
DDoS-PSHACK_Flood,DDoS-PSHACK_Flood
DDoS-PSHACK_Flood,DDoS-PSHACK_Flood
DDoS-PSHACK_Flood,DDoS-PSHACK_Flood
DDoS-PSHACK_Flood,DDoS-PSHACK_Flood
DDoS-PSHACK_Flood,DDoS-PSHACK_Flood
DDoS-PSHACK_Flood,DDoS-PSHACK_Flood
DDoS-PSHACK_Flood,DDoS-PSHACK_Flood
DDoS-PSHACK_Flood,DDoS-PSHACK_Flood
DDoS-PSHACK_Flood,DDoS-PSHACK_Flood
DDoS-PSHACK_Flood,DDoS-PSHACK_Flood
DDoS-PSHACK_Flood,DDoS-PSHACK_Flood
DDoS-PSHACK_Flood,DDoS-PSHACK_Flood
DDoS-PSHACK_Flood,DDoS-PSHACK_Flood
DDoS-PSHACK_Flood,DDoS-PSHACK_Flood
DDoS-PSHACK_Flood,DDoS-PSHACK_Flood
DDoS-PSHACK_Flood,DDoS-UDP_Flood
DDoS-PSHACK_Flood,DDoS-PSHACK_Flood
DDoS-PSHACK_Flood,DDoS-PSHACK_Flood
DDoS-PSHACK_Flood,DDoS-PSHACK_Flood
DDoS-PSHACK_Flood,DDoS-PSHACK_Flood
DDoS-PSHACK_Flood,DDoS-PSHACK_Flood
DDoS-PSHACK_Flood,DDoS-PSHACK_Flood
DDoS-PSHACK_Flood,DDoS-PSHACK_Flood
DDoS-PSHACK_Flood,DDoS-PSHACK_Flood
DDoS-PSHACK_Flood,DDoS-PSHACK_Flood
DDoS-PSHACK_Flood,DDoS-PSHACK_Flood
DDoS-PSHACK_Flood,DDoS-PSHACK_Flood
DDoS-PSHACK_Flood,DDoS-UDP_Flood
DDoS-PSHACK_Flood,DDoS-PSHACK_Flood
DDoS-PSHACK_Flood,DDoS-PSHACK_Flood
DDoS-PSHACK_Flood,DDoS-PSHACK_Flood
DDoS-PSHACK_Flood,DDoS-PSHACK_Flood
DDoS-PSHACK_Flood,DDoS-PSHACK_Flood
DDoS-PSHACK_Flood,DDoS-PSHACK_Flood
DDoS-PSHACK_Flood,DDoS-PSHACK_Flood
DDoS-PSHACK_Flood,DDoS-PSHACK_Flood
DDoS-PSHACK_Flood,DDoS-PSHACK_Flood
DDoS-PSHACK_Flood,DDoS-PSHACK_Flood
DDoS-PSHACK_Flood,DDoS-PSHACK_Flood
DDoS-PSHACK_Flood,DDoS-PSHACK_Flood
DDoS-PSHACK_Flood,DDoS-PSHACK_Flood
DDoS-PSHACK_Flood,DDoS-PSHACK_Flood
DDoS-PSHACK_Flood,DDoS-PSHACK_Flood
DDoS-PSHACK_Flood,DDoS-PSHACK_Flood
DDoS-PSHACK_Flood,DDoS-PSHACK_Flood
DDoS-PSHACK_Flood,DDoS-PSHACK_Flood
DDoS-PSHACK_Flood,DDoS-PSHACK_Flood
DDoS-PSHACK_Flood,DDoS-PSHACK_Flood
DDoS-PSHACK_Flood,DDoS-PSHACK_Flood
DDoS-PSHACK_Flood,DDoS-PSHACK_Flood
DDoS-PSHACK_Flood,DDoS-PSHACK_Flood
DDoS-PSHACK_Flood,DDoS-PSHACK_Flood
DDoS-PSHACK_Flood,DDoS-PSHACK_Flood
DDoS-PSHACK_Flood,DDoS-PSHACK_Flood
DDoS-PSHACK_Flood,DDoS-PSHACK_Flood
DDoS-PSHACK_Flood,DDoS-PSHACK_Flood
DDoS-PSHACK_Flood,DDoS-PSHACK_Flood
DDoS-PSHACK_Flood,DDoS-PSHACK_Flood
DDoS-PSHACK_Flood,DDoS-PSHACK_Flood
DDoS-PSHACK_Flood,DDoS-PSHACK_Flood
DDoS-PSHACK_Flood,DDoS-PSHACK_Flood
DDoS-PSHACK_Flood,DDoS-PSHACK_Flood
DDoS-PSHACK_Flood,DDoS-PSHACK_Flood
DDoS-PSHACK_Flood,DDoS-PSHACK_Flood
DDoS-PSHACK_Flood,DDoS-PSHACK_Flood
DDoS-PSHACK_Flood,DDoS-PSHACK_Flood
DDoS-PSHACK_Flood,DDoS-PSHACK_Flood
DDoS-PSHACK_Flood,DDoS-PSHACK_Flood
DDoS-PSHACK_Flood,DDoS-PSHACK_Flood
DDoS-PSHACK_Flood,DDoS-PSHACK_Flood
DDoS-PSHACK_Flood,DDoS-PSHACK_Flood
DDoS-PSHACK_Flood,DDoS-PSHACK_Flood
DDoS-PSHACK_Flood,DDoS-PSHACK_Flood
DDoS-PSHACK_Flood,DDoS-PSHACK_Flood
DDoS-PSHACK_Flood,DDoS-PSHACK_Flood
DDoS-PSHACK_Flood,DDoS-UDP_Flood
DDoS-PSHACK_Flood,DDoS-PSHACK_Flood
DDoS-PSHACK_Flood,DDoS-PSHACK_Flood
DDoS-PSHACK_Flood,DDoS-PSHACK_Flood
DDoS-PSHACK_Flood,DDoS-PSHACK_Flood
DDoS-PSHACK_Flood,DDoS-PSHACK_Flood
DDoS-PSHACK_Flood,DDoS-PSHACK_Flood
DDoS-PSHACK_Flood,DDoS-PSHACK_Flood
DDoS-PSHACK_Flood,DDoS-PSHACK_Flood
DoS-HTTP_Flood,DoS-HTTP_Flood
DoS-HTTP_Flood,DDoS-HTTP_Flood
DoS-HTTP_Flood,DoS-HTTP_Flood
DoS-HTTP_Flood,DoS-HTTP_Flood
DoS-HTTP_Flood,DoS-HTTP_Flood
DoS-HTTP_Flood,BenignTraffic
DoS-HTTP_Flood,DoS-HTTP_Flood
DoS-HTTP_Flood,DoS-HTTP_Flood
DoS-HTTP_Flood,DDoS-HTTP_Flood
DoS-HTTP_Flood,DoS-HTTP_Flood
DoS-HTTP_Flood,DDoS-HTTP_Flood
DoS-HTTP_Flood,DoS-HTTP_Flood
DoS-HTTP_Flood,DoS-HTTP_Flood
DoS-HTTP_Flood,DDoS-HTTP_Flood
DoS-HTTP_Flood,DoS-HTTP_Flood
DoS-HTTP_Flood,DDoS-HTTP_Flood
DoS-HTTP_Flood,DoS-HTTP_Flood
DoS-HTTP_Flood,Backdoor_Malware
DoS-HTTP_Flood,DoS-HTTP_Flood
DoS-HTTP_Flood,DoS-HTTP_Flood
DoS-HTTP_Flood,DoS-HTTP_Flood
DoS-HTTP_Flood,DoS-HTTP_Flood
DoS-HTTP_Flood,DDoS-HTTP_Flood
DoS-HTTP_Flood,DoS-HTTP_Flood
DoS-HTTP_Flood,DoS-HTTP_Flood
DoS-HTTP_Flood,DoS-HTTP_Flood
DoS-HTTP_Flood,DDoS-HTTP_Flood
DoS-HTTP_Flood,DoS-HTTP_Flood
DoS-HTTP_Flood,DoS-HTTP_Flood
DoS-HTTP_Flood,DDoS-HTTP_Flood
DoS-HTTP_Flood,DoS-HTTP_Flood
DoS-HTTP_Flood,DoS-HTTP_Flood
DoS-HTTP_Flood,DoS-HTTP_Flood
DoS-HTTP_Flood,DDoS-SlowLoris
DoS-HTTP_Flood,DoS-HTTP_Flood
DoS-HTTP_Flood,DoS-HTTP_Flood
DoS-HTTP_Flood,DDoS-HTTP_Flood
DoS-HTTP_Flood,DoS-HTTP_Flood
DoS-HTTP_Flood,DoS-HTTP_Flood
DoS-HTTP_Flood,DoS-HTTP_Flood
DoS-HTTP_Flood,DoS-HTTP_Flood
DoS-HTTP_Flood,DoS-HTTP_Flood
DoS-HTTP_Flood,DoS-HTTP_Flood
DoS-HTTP_Flood,DoS-HTTP_Flood
DoS-HTTP_Flood,DoS-HTTP_Flood
DoS-HTTP_Flood,DDoS-HTTP_Flood
DoS-HTTP_Flood,DoS-HTTP_Flood
DoS-HTTP_Flood,DoS-HTTP_Flood
DoS-HTTP_Flood,DDoS-HTTP_Flood
DoS-HTTP_Flood,DoS-HTTP_Flood
DoS-HTTP_Flood,DoS-HTTP_Flood
DoS-HTTP_Flood,DoS-HTTP_Flood
DoS-HTTP_Flood,DoS-HTTP_Flood
DoS-HTTP_Flood,DoS-HTTP_Flood
DoS-HTTP_Flood,DoS-HTTP_Flood
DoS-HTTP_Flood,DoS-HTTP_Flood
DoS-HTTP_Flood,DDoS-SlowLoris
DoS-HTTP_Flood,DoS-HTTP_Flood
DoS-HTTP_Flood,DoS-HTTP_Flood
DoS-HTTP_Flood,DoS-HTTP_Flood
DoS-HTTP_Flood,DDoS-HTTP_Flood
DoS-HTTP_Flood,DoS-HTTP_Flood
DoS-HTTP_Flood,DoS-HTTP_Flood
DoS-HTTP_Flood,DoS-HTTP_Flood
DoS-HTTP_Flood,DoS-HTTP_Flood
DoS-HTTP_Flood,DoS-HTTP_Flood
DoS-HTTP_Flood,DoS-HTTP_Flood
DoS-HTTP_Flood,DDoS-HTTP_Flood
DoS-HTTP_Flood,DoS-HTTP_Flood
DoS-HTTP_Flood,DoS-HTTP_Flood
DoS-HTTP_Flood,DDoS-UDP_Flood
DoS-HTTP_Flood,DoS-HTTP_Flood
DoS-HTTP_Flood,DoS-HTTP_Flood
DoS-HTTP_Flood,DoS-HTTP_Flood
DoS-HTTP_Flood,DoS-HTTP_Flood
DoS-HTTP_Flood,DDoS-HTTP_Flood
DoS-HTTP_Flood,DoS-HTTP_Flood
DoS-HTTP_Flood,DDoS-HTTP_Flood
DoS-HTTP_Flood,DDoS-HTTP_Flood
DoS-HTTP_Flood,DoS-HTTP_Flood
DoS-HTTP_Flood,DDoS-HTTP_Flood
DoS-HTTP_Flood,DoS-HTTP_Flood
DoS-HTTP_Flood,DoS-HTTP_Flood
DoS-HTTP_Flood,DoS-HTTP_Flood
DoS-HTTP_Flood,DoS-HTTP_Flood
DoS-HTTP_Flood,DoS-HTTP_Flood
DoS-HTTP_Flood,DoS-HTTP_Flood
DoS-HTTP_Flood,DoS-HTTP_Flood
DoS-HTTP_Flood,DoS-HTTP_Flood
DoS-HTTP_Flood,DDoS-SlowLoris
DoS-HTTP_Flood,DoS-HTTP_Flood
DoS-HTTP_Flood,DDoS-SlowLoris
DoS-HTTP_Flood,DoS-HTTP_Flood
DoS-HTTP_Flood,DDoS-SlowLoris
DoS-HTTP_Flood,DoS-HTTP_Flood
DoS-HTTP_Flood,DDoS-HTTP_Flood
DoS-HTTP_Flood,DoS-HTTP_Flood
DoS-HTTP_Flood,DoS-HTTP_Flood
DoS-HTTP_Flood,DDoS-HTTP_Flood
DoS-HTTP_Flood,DoS-HTTP_Flood
DoS-HTTP_Flood,Backdoor_Malware
DoS-HTTP_Flood,DoS-HTTP_Flood
DoS-HTTP_Flood,DoS-HTTP_Flood
DoS-HTTP_Flood,DoS-HTTP_Flood
DoS-HTTP_Flood,DoS-HTTP_Flood
DoS-HTTP_Flood,DoS-HTTP_Flood
DoS-HTTP_Flood,DoS-HTTP_Flood
DoS-HTTP_Flood,DoS-HTTP_Flood
DoS-HTTP_Flood,DoS-HTTP_Flood
DoS-HTTP_Flood,DoS-HTTP_Flood
DoS-HTTP_Flood,DoS-HTTP_Flood
DoS-HTTP_Flood,DoS-HTTP_Flood
DoS-HTTP_Flood,DoS-HTTP_Flood
DoS-HTTP_Flood,DDoS-HTTP_Flood
DoS-HTTP_Flood,DoS-HTTP_Flood
DoS-HTTP_Flood,DoS-HTTP_Flood
DoS-HTTP_Flood,DoS-HTTP_Flood
DoS-HTTP_Flood,DoS-HTTP_Flood
DoS-HTTP_Flood,DDoS-HTTP_Flood
DoS-HTTP_Flood,DoS-HTTP_Flood
DoS-HTTP_Flood,DoS-HTTP_Flood
DoS-HTTP_Flood,DoS-HTTP_Flood
DoS-HTTP_Flood,DDoS-HTTP_Flood
DoS-HTTP_Flood,DoS-HTTP_Flood
DoS-HTTP_Flood,DoS-HTTP_Flood
DoS-HTTP_Flood,DDoS-HTTP_Flood
DoS-HTTP_Flood,DoS-HTTP_Flood
DoS-HTTP_Flood,DoS-HTTP_Flood
DoS-HTTP_Flood,DoS-HTTP_Flood
DoS-HTTP_Flood,DDoS-HTTP_Flood
DoS-HTTP_Flood,DDoS-HTTP_Flood
DoS-HTTP_Flood,DoS-HTTP_Flood
DoS-HTTP_Flood,DoS-HTTP_Flood
DoS-HTTP_Flood,DoS-HTTP_Flood
DoS-HTTP_Flood,DoS-HTTP_Flood
DoS-HTTP_Flood,DoS-HTTP_Flood
DoS-HTTP_Flood,DoS-HTTP_Flood
DoS-HTTP_Flood,DoS-HTTP_Flood
DoS-HTTP_Flood,DoS-HTTP_Flood
DoS-HTTP_Flood,DoS-HTTP_Flood
DoS-HTTP_Flood,DoS-HTTP_Flood
DoS-HTTP_Flood,DoS-HTTP_Flood
DoS-HTTP_Flood,DDoS-HTTP_Flood
DoS-HTTP_Flood,DDoS-HTTP_Flood
DoS-HTTP_Flood,DoS-HTTP_Flood
DoS-HTTP_Flood,DoS-HTTP_Flood
DoS-HTTP_Flood,DoS-HTTP_Flood
DoS-HTTP_Flood,DoS-HTTP_Flood
DoS-HTTP_Flood,DoS-HTTP_Flood
DoS-HTTP_Flood,DoS-HTTP_Flood
DoS-HTTP_Flood,DoS-HTTP_Flood
DoS-HTTP_Flood,DDoS-HTTP_Flood
DoS-HTTP_Flood,DoS-HTTP_Flood
DoS-HTTP_Flood,DoS-HTTP_Flood
DoS-HTTP_Flood,DoS-HTTP_Flood
DoS-HTTP_Flood,DoS-HTTP_Flood
DoS-HTTP_Flood,DoS-HTTP_Flood
DoS-HTTP_Flood,DoS-HTTP_Flood
DoS-HTTP_Flood,DoS-HTTP_Flood
DoS-HTTP_Flood,DoS-HTTP_Flood
DoS-HTTP_Flood,DDoS-HTTP_Flood
DoS-HTTP_Flood,DoS-HTTP_Flood
DoS-HTTP_Flood,DoS-HTTP_Flood
DoS-HTTP_Flood,DoS-HTTP_Flood
DoS-HTTP_Flood,DoS-HTTP_Flood
DoS-HTTP_Flood,DoS-HTTP_Flood
DoS-HTTP_Flood,DoS-HTTP_Flood
DoS-HTTP_Flood,DDoS-HTTP_Flood
DoS-HTTP_Flood,DoS-HTTP_Flood
DoS-HTTP_Flood,DoS-HTTP_Flood
DoS-HTTP_Flood,DoS-HTTP_Flood
DoS-HTTP_Flood,DoS-HTTP_Flood
DoS-HTTP_Flood,DoS-HTTP_Flood
DoS-HTTP_Flood,DoS-HTTP_Flood
DoS-HTTP_Flood,DDoS-HTTP_Flood
DoS-HTTP_Flood,DoS-HTTP_Flood
DoS-HTTP_Flood,DoS-HTTP_Flood
DoS-HTTP_Flood,DDoS-HTTP_Flood
DoS-HTTP_Flood,DoS-HTTP_Flood
DoS-HTTP_Flood,DoS-HTTP_Flood
DoS-HTTP_Flood,DDoS-HTTP_Flood
DoS-HTTP_Flood,DDoS-HTTP_Flood
DoS-HTTP_Flood,DoS-HTTP_Flood
DoS-HTTP_Flood,DoS-HTTP_Flood
DoS-HTTP_Flood,DoS-HTTP_Flood
DoS-HTTP_Flood,DoS-HTTP_Flood
DoS-HTTP_Flood,DoS-HTTP_Flood
DoS-HTTP_Flood,DoS-HTTP_Flood
DoS-HTTP_Flood,DoS-HTTP_Flood
DoS-HTTP_Flood,DoS-HTTP_Flood
DoS-HTTP_Flood,DoS-HTTP_Flood
DoS-HTTP_Flood,DoS-HTTP_Flood
DoS-HTTP_Flood,DoS-HTTP_Flood
DoS-HTTP_Flood,DDoS-HTTP_Flood
DoS-HTTP_Flood,DoS-HTTP_Flood
DoS-HTTP_Flood,DoS-HTTP_Flood
DoS-HTTP_Flood,DDoS-HTTP_Flood
DoS-HTTP_Flood,DoS-HTTP_Flood
DoS-HTTP_Flood,DoS-HTTP_Flood
DoS-HTTP_Flood,DoS-HTTP_Flood
DoS-HTTP_Flood,DoS-HTTP_Flood
DoS-HTTP_Flood,DoS-HTTP_Flood
DoS-HTTP_Flood,DoS-HTTP_Flood
DoS-HTTP_Flood,DoS-HTTP_Flood
DoS-HTTP_Flood,DoS-HTTP_Flood
DoS-HTTP_Flood,DoS-HTTP_Flood
DoS-HTTP_Flood,DoS-HTTP_Flood
DoS-HTTP_Flood,DoS-HTTP_Flood
DoS-HTTP_Flood,DoS-HTTP_Flood
DoS-HTTP_Flood,DoS-HTTP_Flood
DoS-HTTP_Flood,DoS-HTTP_Flood
DoS-HTTP_Flood,DoS-HTTP_Flood
DoS-HTTP_Flood,DoS-HTTP_Flood
DoS-HTTP_Flood,DoS-HTTP_Flood
DoS-HTTP_Flood,DoS-HTTP_Flood
DoS-HTTP_Flood,DoS-HTTP_Flood
DoS-HTTP_Flood,DDoS-HTTP_Flood
DoS-HTTP_Flood,DoS-HTTP_Flood
DoS-HTTP_Flood,DoS-HTTP_Flood
DoS-HTTP_Flood,DoS-HTTP_Flood
DoS-HTTP_Flood,DoS-HTTP_Flood
DoS-HTTP_Flood,DoS-HTTP_Flood
DoS-HTTP_Flood,DoS-HTTP_Flood
DoS-HTTP_Flood,DDoS-HTTP_Flood
DoS-HTTP_Flood,DoS-HTTP_Flood
DoS-HTTP_Flood,DoS-HTTP_Flood
DoS-HTTP_Flood,DoS-HTTP_Flood
DoS-HTTP_Flood,DoS-HTTP_Flood
DoS-HTTP_Flood,DoS-HTTP_Flood
DoS-HTTP_Flood,DoS-HTTP_Flood
DoS-HTTP_Flood,DDoS-SlowLoris
DoS-HTTP_Flood,DoS-HTTP_Flood
DoS-HTTP_Flood,DoS-HTTP_Flood
DoS-HTTP_Flood,DoS-HTTP_Flood
DoS-HTTP_Flood,DoS-HTTP_Flood
DoS-HTTP_Flood,DDoS-HTTP_Flood
DoS-HTTP_Flood,DoS-HTTP_Flood
DoS-HTTP_Flood,DDoS-HTTP_Flood
DoS-HTTP_Flood,DDoS-HTTP_Flood
DoS-HTTP_Flood,DoS-HTTP_Flood
DoS-HTTP_Flood,DoS-HTTP_Flood
DoS-HTTP_Flood,DoS-HTTP_Flood
DoS-HTTP_Flood,DDoS-HTTP_Flood
DoS-HTTP_Flood,DDoS-HTTP_Flood
DoS-HTTP_Flood,DDoS-HTTP_Flood
DoS-HTTP_Flood,DoS-HTTP_Flood
DoS-HTTP_Flood,DDoS-HTTP_Flood
DoS-HTTP_Flood,DoS-HTTP_Flood
DoS-HTTP_Flood,DoS-HTTP_Flood
DoS-HTTP_Flood,DDoS-HTTP_Flood
DoS-HTTP_Flood,DoS-HTTP_Flood
DoS-HTTP_Flood,DDoS-HTTP_Flood
DoS-HTTP_Flood,DoS-HTTP_Flood
DoS-HTTP_Flood,DoS-HTTP_Flood
DoS-HTTP_Flood,DoS-HTTP_Flood
DoS-HTTP_Flood,DoS-HTTP_Flood
DoS-HTTP_Flood,DoS-HTTP_Flood
DoS-HTTP_Flood,DoS-HTTP_Flood
DoS-HTTP_Flood,DoS-HTTP_Flood
DoS-HTTP_Flood,DoS-HTTP_Flood
DoS-HTTP_Flood,DoS-HTTP_Flood
DoS-HTTP_Flood,DoS-HTTP_Flood
DoS-HTTP_Flood,DoS-HTTP_Flood
DoS-HTTP_Flood,DoS-HTTP_Flood
DoS-HTTP_Flood,DoS-HTTP_Flood
DoS-HTTP_Flood,DoS-HTTP_Flood
DoS-HTTP_Flood,DoS-HTTP_Flood
DoS-HTTP_Flood,DDoS-HTTP_Flood
DoS-HTTP_Flood,DoS-HTTP_Flood
DoS-HTTP_Flood,DoS-HTTP_Flood
DoS-HTTP_Flood,DoS-HTTP_Flood
DoS-HTTP_Flood,DoS-HTTP_Flood
DoS-HTTP_Flood,DoS-HTTP_Flood
DoS-HTTP_Flood,DoS-HTTP_Flood
DoS-HTTP_Flood,DoS-HTTP_Flood
DoS-HTTP_Flood,DoS-HTTP_Flood
DoS-HTTP_Flood,DoS-HTTP_Flood
DoS-HTTP_Flood,DoS-HTTP_Flood
DoS-HTTP_Flood,DoS-HTTP_Flood
DoS-HTTP_Flood,DDoS-HTTP_Flood
DoS-HTTP_Flood,DDoS-HTTP_Flood
DoS-HTTP_Flood,DoS-HTTP_Flood
DoS-HTTP_Flood,DoS-HTTP_Flood
DoS-HTTP_Flood,DoS-HTTP_Flood
DoS-HTTP_Flood,DoS-HTTP_Flood
DoS-HTTP_Flood,DoS-HTTP_Flood
DoS-HTTP_Flood,DDoS-HTTP_Flood
DoS-HTTP_Flood,DDoS-HTTP_Flood
DoS-HTTP_Flood,DoS-HTTP_Flood
DoS-HTTP_Flood,DDoS-UDP_Flood
DoS-HTTP_Flood,DDoS-HTTP_Flood
DoS-HTTP_Flood,DoS-HTTP_Flood
DoS-HTTP_Flood,DDoS-HTTP_Flood
DoS-HTTP_Flood,DoS-HTTP_Flood
DoS-HTTP_Flood,DoS-HTTP_Flood
DoS-HTTP_Flood,DoS-HTTP_Flood
DoS-HTTP_Flood,DoS-HTTP_Flood
DoS-HTTP_Flood,DDoS-HTTP_Flood
DoS-HTTP_Flood,DoS-HTTP_Flood
DoS-HTTP_Flood,DDoS-HTTP_Flood
DoS-HTTP_Flood,DoS-HTTP_Flood
DoS-HTTP_Flood,DoS-HTTP_Flood
DoS-HTTP_Flood,DDoS-HTTP_Flood
DoS-HTTP_Flood,DoS-HTTP_Flood
DoS-HTTP_Flood,DoS-HTTP_Flood
DoS-HTTP_Flood,DDoS-HTTP_Flood
DoS-HTTP_Flood,DoS-HTTP_Flood
DoS-HTTP_Flood,DoS-HTTP_Flood
DoS-HTTP_Flood,DDoS-HTTP_Flood
DoS-HTTP_Flood,DoS-HTTP_Flood
DoS-HTTP_Flood,DoS-HTTP_Flood
DoS-HTTP_Flood,DoS-HTTP_Flood
DoS-HTTP_Flood,DoS-HTTP_Flood
DoS-HTTP_Flood,DoS-HTTP_Flood
DoS-HTTP_Flood,DoS-HTTP_Flood
DoS-HTTP_Flood,DDoS-HTTP_Flood
DoS-HTTP_Flood,DDoS-HTTP_Flood
DoS-HTTP_Flood,DoS-HTTP_Flood
DoS-HTTP_Flood,DoS-HTTP_Flood
DoS-HTTP_Flood,DoS-HTTP_Flood
DoS-HTTP_Flood,DDoS-HTTP_Flood
DoS-HTTP_Flood,DoS-HTTP_Flood
DoS-HTTP_Flood,DoS-HTTP_Flood
DoS-HTTP_Flood,DoS-HTTP_Flood
DoS-HTTP_Flood,DoS-HTTP_Flood
DoS-HTTP_Flood,DoS-HTTP_Flood
DoS-HTTP_Flood,DoS-HTTP_Flood
DoS-HTTP_Flood,DDoS-HTTP_Flood
DoS-HTTP_Flood,DoS-HTTP_Flood
DoS-HTTP_Flood,DDoS-HTTP_Flood
DoS-HTTP_Flood,DoS-HTTP_Flood
DoS-HTTP_Flood,DoS-HTTP_Flood
DoS-HTTP_Flood,DoS-HTTP_Flood
DoS-HTTP_Flood,DoS-HTTP_Flood
DoS-HTTP_Flood,DoS-HTTP_Flood
DoS-HTTP_Flood,DoS-HTTP_Flood
DoS-HTTP_Flood,DDoS-HTTP_Flood
DoS-HTTP_Flood,DoS-HTTP_Flood
DoS-HTTP_Flood,DDoS-HTTP_Flood
DoS-HTTP_Flood,DoS-HTTP_Flood
DoS-HTTP_Flood,DoS-HTTP_Flood
DoS-HTTP_Flood,DoS-HTTP_Flood
DoS-HTTP_Flood,DDoS-HTTP_Flood
DoS-HTTP_Flood,DDoS-HTTP_Flood
DoS-HTTP_Flood,DoS-HTTP_Flood
DoS-HTTP_Flood,DoS-HTTP_Flood
DoS-HTTP_Flood,DoS-HTTP_Flood
DoS-HTTP_Flood,DoS-HTTP_Flood
DoS-HTTP_Flood,DDoS-HTTP_Flood
DoS-HTTP_Flood,DoS-HTTP_Flood
DoS-HTTP_Flood,DoS-HTTP_Flood
DoS-HTTP_Flood,DoS-HTTP_Flood
DoS-HTTP_Flood,DoS-HTTP_Flood
DoS-HTTP_Flood,DoS-HTTP_Flood
DoS-HTTP_Flood,DDoS-HTTP_Flood
DoS-HTTP_Flood,DoS-HTTP_Flood
DoS-HTTP_Flood,DoS-HTTP_Flood
DoS-HTTP_Flood,DDoS-HTTP_Flood
DoS-HTTP_Flood,DDoS-HTTP_Flood
DoS-HTTP_Flood,DoS-HTTP_Flood
DoS-HTTP_Flood,DDoS-HTTP_Flood
DoS-HTTP_Flood,DoS-HTTP_Flood
DoS-HTTP_Flood,DoS-HTTP_Flood
DoS-HTTP_Flood,DoS-HTTP_Flood
DoS-HTTP_Flood,DoS-HTTP_Flood
DoS-HTTP_Flood,DoS-HTTP_Flood
DoS-HTTP_Flood,DoS-HTTP_Flood
DoS-HTTP_Flood,DoS-HTTP_Flood
DoS-HTTP_Flood,DoS-HTTP_Flood
DoS-HTTP_Flood,DDoS-HTTP_Flood
DoS-HTTP_Flood,DoS-HTTP_Flood
DoS-HTTP_Flood,DoS-HTTP_Flood
DoS-HTTP_Flood,DDoS-HTTP_Flood
DoS-HTTP_Flood,DoS-HTTP_Flood
DoS-HTTP_Flood,DDoS-HTTP_Flood
DoS-HTTP_Flood,DDoS-HTTP_Flood
DoS-HTTP_Flood,DDoS-HTTP_Flood
DoS-HTTP_Flood,DoS-HTTP_Flood
DoS-HTTP_Flood,DDoS-HTTP_Flood
DoS-HTTP_Flood,DoS-HTTP_Flood
DoS-HTTP_Flood,DoS-HTTP_Flood
DoS-HTTP_Flood,DoS-HTTP_Flood
DoS-HTTP_Flood,DoS-HTTP_Flood
DoS-HTTP_Flood,DoS-HTTP_Flood
DoS-HTTP_Flood,DDoS-SlowLoris
DoS-HTTP_Flood,DDoS-ACK_Fragmentation
DoS-HTTP_Flood,DoS-HTTP_Flood
DoS-HTTP_Flood,DDoS-SlowLoris
DoS-HTTP_Flood,DoS-HTTP_Flood
DoS-HTTP_Flood,DoS-HTTP_Flood
DoS-HTTP_Flood,DoS-HTTP_Flood
DoS-HTTP_Flood,DoS-HTTP_Flood
DoS-HTTP_Flood,DoS-HTTP_Flood
DoS-HTTP_Flood,DDoS-HTTP_Flood
DoS-HTTP_Flood,DoS-HTTP_Flood
DoS-HTTP_Flood,DoS-HTTP_Flood
DoS-HTTP_Flood,DDoS-HTTP_Flood
DoS-HTTP_Flood,DoS-HTTP_Flood
DoS-HTTP_Flood,DoS-HTTP_Flood
DoS-HTTP_Flood,DoS-HTTP_Flood
XSS,Recon-HostDiscovery
XSS,XSS
XSS,XSS
XSS,CommandInjection
XSS,DictionaryBruteForce
XSS,CommandInjection
XSS,XSS
XSS,XSS
XSS,SqlInjection
XSS,Uploading_Attack
XSS,Uploading_Attack
XSS,BrowserHijacking
XSS,Backdoor_Malware
XSS,Recon-OSScan
XSS,Backdoor_Malware
XSS,Backdoor_Malware
XSS,BrowserHijacking
XSS,XSS
XSS,Uploading_Attack
XSS,XSS
XSS,Uploading_Attack
XSS,DNS_Spoofing
XSS,Recon-PortScan
XSS,CommandInjection
XSS,XSS
XSS,Backdoor_Malware
XSS,Backdoor_Malware
XSS,BenignTraffic
XSS,Recon-HostDiscovery
XSS,Backdoor_Malware
XSS,Backdoor_Malware
XSS,BenignTraffic
XSS,DNS_Spoofing
XSS,XSS
XSS,BrowserHijacking
XSS,Uploading_Attack
XSS,SqlInjection
XSS,DictionaryBruteForce
XSS,Recon-OSScan
XSS,Recon-HostDiscovery
XSS,CommandInjection
XSS,Recon-OSScan
XSS,SqlInjection
XSS,Recon-PingSweep
XSS,Uploading_Attack
XSS,Backdoor_Malware
XSS,BenignTraffic
XSS,Backdoor_Malware
XSS,XSS
XSS,VulnerabilityScan
XSS,Backdoor_Malware
XSS,Backdoor_Malware
XSS,Recon-PingSweep
XSS,SqlInjection
XSS,CommandInjection
XSS,Recon-PingSweep
XSS,CommandInjection
XSS,Recon-HostDiscovery
XSS,BenignTraffic
XSS,DictionaryBruteForce
XSS,Recon-HostDiscovery
XSS,MITM-ArpSpoofing
XSS,SqlInjection
XSS,CommandInjection
XSS,Recon-HostDiscovery
XSS,DictionaryBruteForce
XSS,CommandInjection
XSS,XSS
XSS,Uploading_Attack
XSS,DictionaryBruteForce
XSS,CommandInjection
XSS,BenignTraffic
XSS,Recon-PingSweep
XSS,Recon-PingSweep
XSS,Backdoor_Malware
XSS,CommandInjection
XSS,XSS
XSS,XSS
XSS,Recon-OSScan
XSS,Uploading_Attack
XSS,Recon-PingSweep
XSS,CommandInjection
XSS,DictionaryBruteForce
XSS,DictionaryBruteForce
XSS,DictionaryBruteForce
XSS,Uploading_Attack
XSS,Uploading_Attack
XSS,Recon-PingSweep
XSS,Recon-PortScan
XSS,Recon-PortScan
XSS,BenignTraffic
XSS,Uploading_Attack
XSS,VulnerabilityScan
XSS,Recon-PingSweep
XSS,XSS
XSS,VulnerabilityScan
XSS,Backdoor_Malware
XSS,Recon-HostDiscovery
XSS,Backdoor_Malware
XSS,SqlInjection
XSS,Recon-PingSweep
XSS,Recon-PingSweep
XSS,XSS
XSS,DictionaryBruteForce
XSS,Recon-HostDiscovery
XSS,BrowserHijacking
XSS,Recon-HostDiscovery
XSS,SqlInjection
XSS,DictionaryBruteForce
XSS,XSS
XSS,CommandInjection
XSS,CommandInjection
XSS,SqlInjection
XSS,BenignTraffic
XSS,Uploading_Attack
XSS,CommandInjection
XSS,CommandInjection
XSS,Recon-HostDiscovery
XSS,SqlInjection
XSS,VulnerabilityScan
XSS,XSS
XSS,BrowserHijacking
XSS,Recon-HostDiscovery
XSS,Uploading_Attack
XSS,XSS
XSS,DictionaryBruteForce
XSS,CommandInjection
XSS,Recon-OSScan
XSS,Backdoor_Malware
XSS,Backdoor_Malware
XSS,BrowserHijacking
XSS,Recon-PortScan
XSS,CommandInjection
XSS,Uploading_Attack
XSS,Backdoor_Malware
XSS,Uploading_Attack
XSS,Backdoor_Malware
XSS,XSS
XSS,XSS
XSS,CommandInjection
XSS,Recon-OSScan
XSS,CommandInjection
XSS,CommandInjection
XSS,Uploading_Attack
XSS,CommandInjection
XSS,DictionaryBruteForce
XSS,XSS
XSS,CommandInjection
XSS,CommandInjection
XSS,XSS
XSS,Backdoor_Malware
XSS,Backdoor_Malware
XSS,DictionaryBruteForce
XSS,BenignTraffic
XSS,XSS
XSS,Recon-HostDiscovery
XSS,DictionaryBruteForce
XSS,Uploading_Attack
XSS,DictionaryBruteForce
XSS,VulnerabilityScan
XSS,Uploading_Attack
XSS,Recon-PortScan
XSS,Uploading_Attack
XSS,CommandInjection
XSS,Recon-PortScan
XSS,CommandInjection
XSS,Recon-OSScan
XSS,Recon-PortScan
XSS,Recon-PingSweep
XSS,Backdoor_Malware
XSS,SqlInjection
XSS,Backdoor_Malware
XSS,BrowserHijacking
XSS,CommandInjection
XSS,CommandInjection
XSS,Uploading_Attack
XSS,Backdoor_Malware
XSS,CommandInjection
XSS,XSS
XSS,XSS
XSS,BrowserHijacking
XSS,XSS
XSS,XSS
XSS,Recon-HostDiscovery
XSS,DictionaryBruteForce
XSS,BenignTraffic
XSS,Recon-PingSweep
XSS,VulnerabilityScan
XSS,XSS
XSS,CommandInjection
XSS,Recon-PingSweep
XSS,CommandInjection
XSS,Backdoor_Malware
XSS,Recon-OSScan
XSS,Recon-PortScan
XSS,Backdoor_Malware
XSS,XSS
XSS,Backdoor_Malware
XSS,XSS
XSS,VulnerabilityScan
XSS,BrowserHijacking
XSS,DictionaryBruteForce
XSS,Recon-HostDiscovery
XSS,Recon-OSScan
XSS,Recon-HostDiscovery
XSS,CommandInjection
XSS,XSS
XSS,Uploading_Attack
XSS,XSS
XSS,Uploading_Attack
XSS,Uploading_Attack
XSS,XSS
XSS,Backdoor_Malware
XSS,Recon-PortScan
XSS,XSS
XSS,BrowserHijacking
XSS,XSS
XSS,XSS
XSS,CommandInjection
XSS,CommandInjection
XSS,BrowserHijacking
XSS,SqlInjection
XSS,CommandInjection
XSS,XSS
XSS,BrowserHijacking
XSS,BrowserHijacking
XSS,Recon-PortScan
XSS,XSS
XSS,XSS
XSS,XSS
XSS,XSS
XSS,XSS
XSS,XSS
XSS,DNS_Spoofing
XSS,Recon-PortScan
XSS,Recon-PortScan
XSS,BrowserHijacking
XSS,BenignTraffic
XSS,CommandInjection
XSS,CommandInjection
XSS,Backdoor_Malware
XSS,Backdoor_Malware
XSS,XSS
XSS,CommandInjection
XSS,XSS
XSS,CommandInjection
XSS,BrowserHijacking
XSS,CommandInjection
XSS,Backdoor_Malware
XSS,DictionaryBruteForce
XSS,XSS
XSS,VulnerabilityScan
XSS,XSS
XSS,Backdoor_Malware
XSS,BenignTraffic
XSS,Recon-PortScan
XSS,Uploading_Attack
XSS,SqlInjection
XSS,Recon-OSScan
XSS,Uploading_Attack
XSS,DNS_Spoofing
XSS,SqlInjection
XSS,XSS
XSS,XSS
XSS,Recon-OSScan
XSS,Recon-HostDiscovery
XSS,Uploading_Attack
XSS,Uploading_Attack
XSS,SqlInjection
XSS,Backdoor_Malware
XSS,Uploading_Attack
XSS,XSS
XSS,Recon-OSScan
XSS,Recon-OSScan
XSS,Backdoor_Malware
XSS,BenignTraffic
XSS,BenignTraffic
XSS,Backdoor_Malware
XSS,CommandInjection
XSS,DNS_Spoofing
XSS,XSS
XSS,Backdoor_Malware
XSS,DictionaryBruteForce
XSS,CommandInjection
XSS,BrowserHijacking
XSS,Backdoor_Malware
XSS,Backdoor_Malware
XSS,Recon-PingSweep
XSS,CommandInjection
XSS,DictionaryBruteForce
XSS,DictionaryBruteForce
XSS,Recon-PingSweep
XSS,XSS
XSS,XSS
XSS,XSS
XSS,Backdoor_Malware
XSS,XSS
XSS,Backdoor_Malware
XSS,SqlInjection
XSS,Uploading_Attack
XSS,Backdoor_Malware
XSS,Recon-HostDiscovery
XSS,Recon-OSScan
XSS,XSS
XSS,Recon-PingSweep
XSS,Recon-PortScan
XSS,Backdoor_Malware
XSS,Backdoor_Malware
XSS,Backdoor_Malware
XSS,Recon-PingSweep
XSS,Backdoor_Malware
XSS,DNS_Spoofing
XSS,Recon-PingSweep
XSS,Recon-HostDiscovery
XSS,Uploading_Attack
XSS,VulnerabilityScan
XSS,CommandInjection
XSS,Backdoor_Malware
XSS,CommandInjection
XSS,BenignTraffic
XSS,XSS
XSS,Uploading_Attack
XSS,Backdoor_Malware
XSS,Backdoor_Malware
XSS,BenignTraffic
XSS,Backdoor_Malware
XSS,BenignTraffic
XSS,BenignTraffic
XSS,CommandInjection
XSS,XSS
XSS,XSS
XSS,XSS
XSS,XSS
XSS,Uploading_Attack
XSS,SqlInjection
XSS,Backdoor_Malware
XSS,Recon-PortScan
XSS,Uploading_Attack
XSS,CommandInjection
XSS,Recon-OSScan
XSS,BenignTraffic
XSS,CommandInjection
XSS,Uploading_Attack
XSS,BenignTraffic
XSS,Uploading_Attack
XSS,VulnerabilityScan
XSS,DictionaryBruteForce
XSS,Uploading_Attack
XSS,Uploading_Attack
XSS,SqlInjection
XSS,SqlInjection
XSS,Backdoor_Malware
XSS,CommandInjection
XSS,Recon-OSScan
XSS,DictionaryBruteForce
XSS,DictionaryBruteForce
XSS,Backdoor_Malware
XSS,SqlInjection
XSS,Uploading_Attack
XSS,BenignTraffic
XSS,CommandInjection
XSS,CommandInjection
XSS,SqlInjection
XSS,CommandInjection
XSS,VulnerabilityScan
XSS,Uploading_Attack
XSS,BrowserHijacking
XSS,CommandInjection
XSS,Recon-HostDiscovery
XSS,Recon-OSScan
XSS,Uploading_Attack
XSS,CommandInjection
XSS,XSS
XSS,XSS
XSS,Backdoor_Malware
XSS,Uploading_Attack
XSS,Uploading_Attack
XSS,DictionaryBruteForce
XSS,Uploading_Attack
XSS,DictionaryBruteForce
XSS,Backdoor_Malware
XSS,Recon-PingSweep
XSS,Recon-PingSweep
XSS,VulnerabilityScan
XSS,CommandInjection
XSS,Backdoor_Malware
XSS,XSS
XSS,SqlInjection
XSS,CommandInjection
XSS,Recon-HostDiscovery
XSS,Recon-HostDiscovery
XSS,DictionaryBruteForce
XSS,BrowserHijacking
XSS,Recon-PortScan
XSS,Recon-PortScan
XSS,XSS
XSS,CommandInjection
XSS,Uploading_Attack
XSS,XSS
XSS,VulnerabilityScan
Recon-HostDiscovery,Recon-HostDiscovery
Recon-HostDiscovery,Recon-PortScan
Recon-HostDiscovery,XSS
Recon-HostDiscovery,Recon-HostDiscovery
Recon-HostDiscovery,Recon-HostDiscovery
Recon-HostDiscovery,SqlInjection
Recon-HostDiscovery,Recon-HostDiscovery
Recon-HostDiscovery,DictionaryBruteForce
Recon-HostDiscovery,Recon-PortScan
Recon-HostDiscovery,DictionaryBruteForce
Recon-HostDiscovery,Recon-HostDiscovery
Recon-HostDiscovery,Recon-HostDiscovery
Recon-HostDiscovery,Recon-HostDiscovery
Recon-HostDiscovery,CommandInjection
Recon-HostDiscovery,Recon-HostDiscovery
Recon-HostDiscovery,Recon-OSScan
Recon-HostDiscovery,Recon-HostDiscovery
Recon-HostDiscovery,Recon-HostDiscovery
Recon-HostDiscovery,Recon-HostDiscovery
Recon-HostDiscovery,Recon-HostDiscovery
Recon-HostDiscovery,XSS
Recon-HostDiscovery,Recon-PortScan
Recon-HostDiscovery,DictionaryBruteForce
Recon-HostDiscovery,Recon-OSScan
Recon-HostDiscovery,DictionaryBruteForce
Recon-HostDiscovery,Recon-OSScan
Recon-HostDiscovery,Recon-HostDiscovery
Recon-HostDiscovery,Recon-HostDiscovery
Recon-HostDiscovery,Recon-HostDiscovery
Recon-HostDiscovery,Recon-HostDiscovery
Recon-HostDiscovery,Recon-HostDiscovery
Recon-HostDiscovery,XSS
Recon-HostDiscovery,Uploading_Attack
Recon-HostDiscovery,Backdoor_Malware
Recon-HostDiscovery,Recon-HostDiscovery
Recon-HostDiscovery,Recon-HostDiscovery
Recon-HostDiscovery,BenignTraffic
Recon-HostDiscovery,VulnerabilityScan
Recon-HostDiscovery,XSS
Recon-HostDiscovery,BrowserHijacking
Recon-HostDiscovery,Recon-HostDiscovery
Recon-HostDiscovery,Recon-HostDiscovery
Recon-HostDiscovery,DictionaryBruteForce
Recon-HostDiscovery,Recon-HostDiscovery
Recon-HostDiscovery,Recon-HostDiscovery
Recon-HostDiscovery,Recon-HostDiscovery
Recon-HostDiscovery,Recon-HostDiscovery
Recon-HostDiscovery,Recon-HostDiscovery
Recon-HostDiscovery,Recon-HostDiscovery
Recon-HostDiscovery,Uploading_Attack
Recon-HostDiscovery,Recon-OSScan
Recon-HostDiscovery,Recon-HostDiscovery
Recon-HostDiscovery,XSS
Recon-HostDiscovery,SqlInjection
Recon-HostDiscovery,Recon-PingSweep
Recon-HostDiscovery,Recon-PortScan
Recon-HostDiscovery,XSS
Recon-HostDiscovery,Recon-HostDiscovery
Recon-HostDiscovery,Uploading_Attack
Recon-HostDiscovery,XSS
Recon-HostDiscovery,Recon-HostDiscovery
Recon-HostDiscovery,Recon-HostDiscovery
Recon-HostDiscovery,Recon-HostDiscovery
Recon-HostDiscovery,VulnerabilityScan
Recon-HostDiscovery,Recon-HostDiscovery
Recon-HostDiscovery,BrowserHijacking
Recon-HostDiscovery,Backdoor_Malware
Recon-HostDiscovery,Recon-HostDiscovery
Recon-HostDiscovery,Recon-HostDiscovery
Recon-HostDiscovery,MITM-ArpSpoofing
Recon-HostDiscovery,Recon-HostDiscovery
Recon-HostDiscovery,Recon-HostDiscovery
Recon-HostDiscovery,VulnerabilityScan
Recon-HostDiscovery,BrowserHijacking
Recon-HostDiscovery,Recon-PortScan
Recon-HostDiscovery,SqlInjection
Recon-HostDiscovery,Backdoor_Malware
Recon-HostDiscovery,Recon-OSScan
Recon-HostDiscovery,XSS
Recon-HostDiscovery,Recon-HostDiscovery
Recon-HostDiscovery,Backdoor_Malware
Recon-HostDiscovery,XSS
Recon-HostDiscovery,DictionaryBruteForce
Recon-HostDiscovery,XSS
Recon-HostDiscovery,Recon-HostDiscovery
Recon-HostDiscovery,Recon-PortScan
Recon-HostDiscovery,BrowserHijacking
Recon-HostDiscovery,DictionaryBruteForce
Recon-HostDiscovery,Recon-HostDiscovery
Recon-HostDiscovery,Recon-HostDiscovery
Recon-HostDiscovery,Recon-PingSweep
Recon-HostDiscovery,Recon-HostDiscovery
Recon-HostDiscovery,Recon-HostDiscovery
Recon-HostDiscovery,Recon-PortScan
Recon-HostDiscovery,BrowserHijacking
Recon-HostDiscovery,MITM-ArpSpoofing
Recon-HostDiscovery,VulnerabilityScan
Recon-HostDiscovery,DNS_Spoofing
Recon-HostDiscovery,XSS
Recon-HostDiscovery,BenignTraffic
Recon-HostDiscovery,Recon-PortScan
Recon-HostDiscovery,Recon-HostDiscovery
Recon-HostDiscovery,Recon-HostDiscovery
Recon-HostDiscovery,BenignTraffic
Recon-HostDiscovery,DictionaryBruteForce
Recon-HostDiscovery,Recon-PortScan
Recon-HostDiscovery,VulnerabilityScan
Recon-HostDiscovery,Recon-HostDiscovery
Recon-HostDiscovery,SqlInjection
Recon-HostDiscovery,Recon-HostDiscovery
Recon-HostDiscovery,Recon-HostDiscovery
Recon-HostDiscovery,Uploading_Attack
Recon-HostDiscovery,Recon-HostDiscovery
Recon-HostDiscovery,Recon-OSScan
Recon-HostDiscovery,SqlInjection
Recon-HostDiscovery,DNS_Spoofing
Recon-HostDiscovery,Recon-HostDiscovery
Recon-HostDiscovery,Recon-HostDiscovery
Recon-HostDiscovery,Recon-HostDiscovery
Recon-HostDiscovery,Recon-PingSweep
Recon-HostDiscovery,Recon-HostDiscovery
Recon-HostDiscovery,CommandInjection
Recon-HostDiscovery,Recon-HostDiscovery
Recon-HostDiscovery,Recon-HostDiscovery
Recon-HostDiscovery,BrowserHijacking
Recon-HostDiscovery,Backdoor_Malware
Recon-HostDiscovery,Recon-HostDiscovery
Recon-HostDiscovery,VulnerabilityScan
Recon-HostDiscovery,Recon-PingSweep
Recon-HostDiscovery,BrowserHijacking
Recon-HostDiscovery,XSS
Recon-HostDiscovery,Recon-HostDiscovery
Recon-HostDiscovery,BrowserHijacking
Recon-HostDiscovery,Recon-HostDiscovery
Recon-HostDiscovery,Recon-HostDiscovery
Recon-HostDiscovery,Recon-PortScan
Recon-HostDiscovery,BrowserHijacking
Recon-HostDiscovery,Recon-HostDiscovery
Recon-HostDiscovery,Recon-HostDiscovery
Recon-HostDiscovery,Recon-HostDiscovery
Recon-HostDiscovery,Recon-HostDiscovery
Recon-HostDiscovery,Uploading_Attack
Recon-HostDiscovery,XSS
Recon-HostDiscovery,BrowserHijacking
Recon-HostDiscovery,Recon-OSScan
Recon-HostDiscovery,DictionaryBruteForce
Recon-HostDiscovery,Uploading_Attack
Recon-HostDiscovery,Recon-HostDiscovery
Recon-HostDiscovery,Recon-HostDiscovery
Recon-HostDiscovery,Recon-HostDiscovery
Recon-HostDiscovery,Uploading_Attack
Recon-HostDiscovery,Recon-HostDiscovery
Recon-HostDiscovery,CommandInjection
Recon-HostDiscovery,Recon-HostDiscovery
Recon-HostDiscovery,Recon-HostDiscovery
Recon-HostDiscovery,XSS
Recon-HostDiscovery,Recon-HostDiscovery
Recon-HostDiscovery,DictionaryBruteForce
Recon-HostDiscovery,BrowserHijacking
Recon-HostDiscovery,Recon-HostDiscovery
Recon-HostDiscovery,Recon-HostDiscovery
Recon-HostDiscovery,Recon-HostDiscovery
Recon-HostDiscovery,VulnerabilityScan
Recon-HostDiscovery,XSS
Recon-HostDiscovery,Recon-HostDiscovery
Recon-HostDiscovery,BrowserHijacking
Recon-HostDiscovery,Recon-OSScan
Recon-HostDiscovery,Recon-PortScan
Recon-HostDiscovery,Recon-HostDiscovery
Recon-HostDiscovery,XSS
Recon-HostDiscovery,SqlInjection
Recon-HostDiscovery,Recon-PortScan
Recon-HostDiscovery,Recon-HostDiscovery
Recon-HostDiscovery,Uploading_Attack
Recon-HostDiscovery,Recon-HostDiscovery
Recon-HostDiscovery,DictionaryBruteForce
Recon-HostDiscovery,BrowserHijacking
Recon-HostDiscovery,Recon-HostDiscovery
Recon-HostDiscovery,BrowserHijacking
Recon-HostDiscovery,Recon-HostDiscovery
Recon-HostDiscovery,Recon-HostDiscovery
Recon-HostDiscovery,Recon-HostDiscovery
Recon-HostDiscovery,BrowserHijacking
Recon-HostDiscovery,BrowserHijacking
Recon-HostDiscovery,BrowserHijacking
Recon-HostDiscovery,Recon-PortScan
Recon-HostDiscovery,Recon-HostDiscovery
Recon-HostDiscovery,Recon-HostDiscovery
Recon-HostDiscovery,Recon-HostDiscovery
Recon-HostDiscovery,Recon-HostDiscovery
Recon-HostDiscovery,Uploading_Attack
Recon-HostDiscovery,Recon-HostDiscovery
Recon-HostDiscovery,Recon-HostDiscovery
Recon-HostDiscovery,VulnerabilityScan
Recon-HostDiscovery,Recon-HostDiscovery
Recon-HostDiscovery,Recon-PortScan
Recon-HostDiscovery,Backdoor_Malware
Recon-HostDiscovery,XSS
Recon-HostDiscovery,Recon-HostDiscovery
Recon-HostDiscovery,Backdoor_Malware
Recon-HostDiscovery,Recon-HostDiscovery
Recon-HostDiscovery,XSS
Recon-HostDiscovery,Recon-HostDiscovery
Recon-HostDiscovery,Backdoor_Malware
Recon-HostDiscovery,Recon-PortScan
Recon-HostDiscovery,Recon-OSScan
Recon-HostDiscovery,BrowserHijacking
Recon-HostDiscovery,Recon-PortScan
Recon-HostDiscovery,Recon-HostDiscovery
Recon-HostDiscovery,Backdoor_Malware
Recon-HostDiscovery,Recon-HostDiscovery
Recon-HostDiscovery,VulnerabilityScan
Recon-HostDiscovery,Recon-HostDiscovery
Recon-HostDiscovery,VulnerabilityScan
Recon-HostDiscovery,Backdoor_Malware
Recon-HostDiscovery,VulnerabilityScan
Recon-HostDiscovery,Recon-HostDiscovery
Recon-HostDiscovery,Recon-HostDiscovery
Recon-HostDiscovery,Recon-OSScan
Recon-HostDiscovery,CommandInjection
Recon-HostDiscovery,Recon-HostDiscovery
Recon-HostDiscovery,Recon-HostDiscovery
Recon-HostDiscovery,BrowserHijacking
Recon-HostDiscovery,Recon-HostDiscovery
Recon-HostDiscovery,Recon-HostDiscovery
Recon-HostDiscovery,Recon-HostDiscovery
Recon-HostDiscovery,XSS
Recon-HostDiscovery,Recon-HostDiscovery
Recon-HostDiscovery,Backdoor_Malware
Recon-HostDiscovery,Recon-HostDiscovery
Recon-HostDiscovery,Recon-HostDiscovery
Recon-HostDiscovery,Recon-HostDiscovery
Recon-HostDiscovery,Recon-HostDiscovery
Recon-HostDiscovery,Recon-HostDiscovery
Recon-HostDiscovery,Recon-PingSweep
Recon-HostDiscovery,Recon-HostDiscovery
Recon-HostDiscovery,DNS_Spoofing
Recon-HostDiscovery,DictionaryBruteForce
Recon-HostDiscovery,XSS
Recon-HostDiscovery,Recon-HostDiscovery
Recon-HostDiscovery,XSS
Recon-HostDiscovery,Recon-PortScan
Recon-HostDiscovery,Recon-HostDiscovery
Recon-HostDiscovery,Recon-HostDiscovery
Recon-HostDiscovery,Recon-HostDiscovery
Recon-HostDiscovery,Uploading_Attack
Recon-HostDiscovery,CommandInjection
Recon-HostDiscovery,BenignTraffic
Recon-HostDiscovery,Recon-HostDiscovery
Recon-HostDiscovery,VulnerabilityScan
Recon-HostDiscovery,Recon-HostDiscovery
Recon-HostDiscovery,Recon-HostDiscovery
Recon-HostDiscovery,Recon-HostDiscovery
Recon-HostDiscovery,Backdoor_Malware
Recon-HostDiscovery,Recon-HostDiscovery
Recon-HostDiscovery,Recon-HostDiscovery
Recon-HostDiscovery,Recon-PortScan
Recon-HostDiscovery,Recon-OSScan
Recon-HostDiscovery,BrowserHijacking
Recon-HostDiscovery,Recon-HostDiscovery
Recon-HostDiscovery,Recon-HostDiscovery
Recon-HostDiscovery,XSS
Recon-HostDiscovery,Recon-HostDiscovery
Recon-HostDiscovery,Recon-OSScan
Recon-HostDiscovery,Recon-PortScan
Recon-HostDiscovery,SqlInjection
Recon-HostDiscovery,Backdoor_Malware
Recon-HostDiscovery,MITM-ArpSpoofing
Recon-HostDiscovery,XSS
Recon-HostDiscovery,Recon-PortScan
Recon-HostDiscovery,Recon-HostDiscovery
Recon-HostDiscovery,Recon-PortScan
Recon-HostDiscovery,Recon-HostDiscovery
Recon-HostDiscovery,Recon-HostDiscovery
Recon-HostDiscovery,Recon-PingSweep
Recon-HostDiscovery,Recon-HostDiscovery
Recon-HostDiscovery,Recon-HostDiscovery
Recon-HostDiscovery,Recon-PingSweep
Recon-HostDiscovery,Recon-HostDiscovery
Recon-HostDiscovery,Recon-HostDiscovery
Recon-HostDiscovery,Recon-PortScan
Recon-HostDiscovery,Recon-HostDiscovery
Recon-HostDiscovery,Recon-HostDiscovery
Recon-HostDiscovery,CommandInjection
Recon-HostDiscovery,Recon-HostDiscovery
Recon-HostDiscovery,Recon-HostDiscovery
Recon-HostDiscovery,Recon-HostDiscovery
Recon-HostDiscovery,Recon-HostDiscovery
Recon-HostDiscovery,Recon-HostDiscovery
Recon-HostDiscovery,Recon-HostDiscovery
Recon-HostDiscovery,Recon-PingSweep
Recon-HostDiscovery,Recon-PortScan
Recon-HostDiscovery,CommandInjection
Recon-HostDiscovery,Uploading_Attack
Recon-HostDiscovery,DictionaryBruteForce
Recon-HostDiscovery,Recon-HostDiscovery
Recon-HostDiscovery,DictionaryBruteForce
Recon-HostDiscovery,Recon-OSScan
Recon-HostDiscovery,Recon-HostDiscovery
Recon-HostDiscovery,SqlInjection
Recon-HostDiscovery,DNS_Spoofing
Recon-HostDiscovery,Recon-OSScan
Recon-HostDiscovery,Recon-HostDiscovery
Recon-HostDiscovery,Recon-OSScan
DDoS-HTTP_Flood,DoS-HTTP_Flood
DDoS-HTTP_Flood,DDoS-ACK_Fragmentation
DDoS-HTTP_Flood,DDoS-HTTP_Flood
DDoS-HTTP_Flood,DDoS-HTTP_Flood
DDoS-HTTP_Flood,DDoS-HTTP_Flood
DDoS-HTTP_Flood,DDoS-HTTP_Flood
DDoS-HTTP_Flood,DoS-HTTP_Flood
DDoS-HTTP_Flood,DDoS-HTTP_Flood
DDoS-HTTP_Flood,DoS-HTTP_Flood
DDoS-HTTP_Flood,DDoS-HTTP_Flood
DDoS-HTTP_Flood,DDoS-HTTP_Flood
DDoS-HTTP_Flood,DoS-HTTP_Flood
DDoS-HTTP_Flood,DoS-HTTP_Flood
DDoS-HTTP_Flood,DDoS-HTTP_Flood
DDoS-HTTP_Flood,DDoS-HTTP_Flood
DDoS-HTTP_Flood,DDoS-HTTP_Flood
DDoS-HTTP_Flood,DDoS-HTTP_Flood
DDoS-HTTP_Flood,DDoS-HTTP_Flood
DDoS-HTTP_Flood,DDoS-HTTP_Flood
DDoS-HTTP_Flood,DNS_Spoofing
DDoS-HTTP_Flood,DoS-HTTP_Flood
DDoS-HTTP_Flood,DDoS-HTTP_Flood
DDoS-HTTP_Flood,DDoS-HTTP_Flood
DDoS-HTTP_Flood,DDoS-HTTP_Flood
DDoS-HTTP_Flood,DoS-HTTP_Flood
DDoS-HTTP_Flood,DDoS-HTTP_Flood
DDoS-HTTP_Flood,DDoS-HTTP_Flood
DDoS-HTTP_Flood,DDoS-HTTP_Flood
DDoS-HTTP_Flood,DDoS-HTTP_Flood
DDoS-HTTP_Flood,DDoS-HTTP_Flood
DDoS-HTTP_Flood,DDoS-HTTP_Flood
DDoS-HTTP_Flood,DDoS-HTTP_Flood
DDoS-HTTP_Flood,DDoS-HTTP_Flood
DDoS-HTTP_Flood,DDoS-HTTP_Flood
DDoS-HTTP_Flood,DDoS-HTTP_Flood
DDoS-HTTP_Flood,DDoS-HTTP_Flood
DDoS-HTTP_Flood,DDoS-ACK_Fragmentation
DDoS-HTTP_Flood,DDoS-HTTP_Flood
DDoS-HTTP_Flood,DDoS-HTTP_Flood
DDoS-HTTP_Flood,DDoS-HTTP_Flood
DDoS-HTTP_Flood,DDoS-HTTP_Flood
DDoS-HTTP_Flood,DDoS-HTTP_Flood
DDoS-HTTP_Flood,DDoS-HTTP_Flood
DDoS-HTTP_Flood,DDoS-HTTP_Flood
DDoS-HTTP_Flood,DDoS-SlowLoris
DDoS-HTTP_Flood,DoS-HTTP_Flood
DDoS-HTTP_Flood,DDoS-HTTP_Flood
DDoS-HTTP_Flood,DDoS-HTTP_Flood
DDoS-HTTP_Flood,DoS-HTTP_Flood
DDoS-HTTP_Flood,DDoS-HTTP_Flood
DDoS-HTTP_Flood,DoS-HTTP_Flood
DDoS-HTTP_Flood,DDoS-HTTP_Flood
DDoS-HTTP_Flood,DDoS-HTTP_Flood
DDoS-HTTP_Flood,DDoS-HTTP_Flood
DDoS-HTTP_Flood,DDoS-HTTP_Flood
DDoS-HTTP_Flood,DDoS-HTTP_Flood
DDoS-HTTP_Flood,DDoS-HTTP_Flood
DDoS-HTTP_Flood,DDoS-HTTP_Flood
DDoS-HTTP_Flood,DoS-HTTP_Flood
DDoS-HTTP_Flood,DDoS-HTTP_Flood
DDoS-HTTP_Flood,DoS-HTTP_Flood
DDoS-HTTP_Flood,DDoS-HTTP_Flood
DDoS-HTTP_Flood,DoS-HTTP_Flood
DDoS-HTTP_Flood,DoS-HTTP_Flood
DDoS-HTTP_Flood,DDoS-HTTP_Flood
DDoS-HTTP_Flood,DoS-HTTP_Flood
DDoS-HTTP_Flood,BenignTraffic
DDoS-HTTP_Flood,DDoS-HTTP_Flood
DDoS-HTTP_Flood,DDoS-HTTP_Flood
DDoS-HTTP_Flood,DDoS-HTTP_Flood
DDoS-HTTP_Flood,DDoS-HTTP_Flood
DDoS-HTTP_Flood,DDoS-HTTP_Flood
DDoS-HTTP_Flood,DDoS-HTTP_Flood
DDoS-HTTP_Flood,DDoS-HTTP_Flood
DDoS-HTTP_Flood,DDoS-HTTP_Flood
DDoS-HTTP_Flood,DDoS-HTTP_Flood
DDoS-HTTP_Flood,DoS-HTTP_Flood
DDoS-HTTP_Flood,DDoS-HTTP_Flood
DDoS-HTTP_Flood,DDoS-HTTP_Flood
DDoS-HTTP_Flood,DDoS-HTTP_Flood
DDoS-HTTP_Flood,DDoS-HTTP_Flood
DDoS-HTTP_Flood,DDoS-HTTP_Flood
DDoS-HTTP_Flood,DDoS-HTTP_Flood
DDoS-HTTP_Flood,DDoS-HTTP_Flood
DDoS-HTTP_Flood,DDoS-HTTP_Flood
DDoS-HTTP_Flood,DDoS-HTTP_Flood
DDoS-HTTP_Flood,DDoS-HTTP_Flood
DDoS-HTTP_Flood,DDoS-HTTP_Flood
DDoS-HTTP_Flood,DDoS-HTTP_Flood
DDoS-HTTP_Flood,DoS-HTTP_Flood
DDoS-HTTP_Flood,DDoS-HTTP_Flood
DDoS-HTTP_Flood,DDoS-HTTP_Flood
DDoS-HTTP_Flood,DDoS-HTTP_Flood
DDoS-HTTP_Flood,DDoS-HTTP_Flood
DDoS-HTTP_Flood,DDoS-HTTP_Flood
DDoS-HTTP_Flood,DDoS-HTTP_Flood
DDoS-HTTP_Flood,DDoS-HTTP_Flood
DDoS-HTTP_Flood,DDoS-HTTP_Flood
DDoS-HTTP_Flood,DDoS-HTTP_Flood
DDoS-HTTP_Flood,DDoS-HTTP_Flood
DDoS-HTTP_Flood,DoS-HTTP_Flood
DDoS-HTTP_Flood,DDoS-HTTP_Flood
DDoS-HTTP_Flood,DoS-HTTP_Flood
DDoS-HTTP_Flood,DDoS-HTTP_Flood
DDoS-HTTP_Flood,DDoS-HTTP_Flood
DDoS-HTTP_Flood,DDoS-HTTP_Flood
DDoS-HTTP_Flood,DDoS-HTTP_Flood
DDoS-HTTP_Flood,DDoS-HTTP_Flood
DDoS-HTTP_Flood,DDoS-HTTP_Flood
DDoS-HTTP_Flood,DDoS-HTTP_Flood
DDoS-HTTP_Flood,DDoS-HTTP_Flood
DDoS-HTTP_Flood,DDoS-HTTP_Flood
DDoS-HTTP_Flood,DDoS-HTTP_Flood
DDoS-HTTP_Flood,DDoS-HTTP_Flood
DDoS-HTTP_Flood,DDoS-HTTP_Flood
DDoS-HTTP_Flood,DDoS-HTTP_Flood
DDoS-HTTP_Flood,DDoS-HTTP_Flood
DDoS-HTTP_Flood,DDoS-HTTP_Flood
DDoS-HTTP_Flood,DDoS-HTTP_Flood
DDoS-HTTP_Flood,DDoS-HTTP_Flood
DDoS-HTTP_Flood,DDoS-HTTP_Flood
DDoS-HTTP_Flood,DDoS-HTTP_Flood
DDoS-HTTP_Flood,DDoS-HTTP_Flood
DDoS-HTTP_Flood,DDoS-HTTP_Flood
DDoS-HTTP_Flood,DDoS-HTTP_Flood
DDoS-HTTP_Flood,DDoS-HTTP_Flood
DDoS-HTTP_Flood,DDoS-HTTP_Flood
DDoS-HTTP_Flood,DDoS-HTTP_Flood
DDoS-HTTP_Flood,DDoS-HTTP_Flood
DDoS-HTTP_Flood,DDoS-HTTP_Flood
DDoS-HTTP_Flood,DDoS-HTTP_Flood
DDoS-HTTP_Flood,DDoS-HTTP_Flood
DDoS-HTTP_Flood,DDoS-HTTP_Flood
DDoS-HTTP_Flood,DDoS-HTTP_Flood
DDoS-HTTP_Flood,DDoS-HTTP_Flood
DDoS-HTTP_Flood,DDoS-HTTP_Flood
DDoS-HTTP_Flood,DDoS-HTTP_Flood
DDoS-HTTP_Flood,DoS-HTTP_Flood
DDoS-HTTP_Flood,DDoS-HTTP_Flood
DDoS-HTTP_Flood,DDoS-HTTP_Flood
DDoS-HTTP_Flood,DDoS-HTTP_Flood
DDoS-HTTP_Flood,DoS-HTTP_Flood
DDoS-HTTP_Flood,DDoS-HTTP_Flood
DDoS-HTTP_Flood,DDoS-HTTP_Flood
DDoS-HTTP_Flood,DDoS-HTTP_Flood
DDoS-HTTP_Flood,DDoS-HTTP_Flood
DDoS-HTTP_Flood,DoS-HTTP_Flood
DDoS-HTTP_Flood,DDoS-HTTP_Flood
DDoS-HTTP_Flood,DoS-HTTP_Flood
DDoS-HTTP_Flood,DDoS-HTTP_Flood
DDoS-HTTP_Flood,DDoS-HTTP_Flood
DDoS-HTTP_Flood,DDoS-HTTP_Flood
DDoS-HTTP_Flood,DDoS-HTTP_Flood
DDoS-HTTP_Flood,DoS-HTTP_Flood
DDoS-HTTP_Flood,DDoS-HTTP_Flood
DDoS-HTTP_Flood,DDoS-HTTP_Flood
DDoS-HTTP_Flood,DDoS-HTTP_Flood
DDoS-HTTP_Flood,DDoS-HTTP_Flood
DDoS-HTTP_Flood,DDoS-HTTP_Flood
DDoS-HTTP_Flood,DDoS-HTTP_Flood
DDoS-HTTP_Flood,DDoS-HTTP_Flood
DDoS-HTTP_Flood,DDoS-HTTP_Flood
DDoS-HTTP_Flood,DDoS-HTTP_Flood
DDoS-HTTP_Flood,DDoS-HTTP_Flood
DDoS-HTTP_Flood,DDoS-HTTP_Flood
DDoS-HTTP_Flood,DDoS-HTTP_Flood
DDoS-HTTP_Flood,DDoS-HTTP_Flood
DDoS-HTTP_Flood,DDoS-ACK_Fragmentation
DDoS-HTTP_Flood,DoS-HTTP_Flood
DDoS-HTTP_Flood,DoS-HTTP_Flood
DDoS-HTTP_Flood,DDoS-HTTP_Flood
DDoS-HTTP_Flood,DDoS-HTTP_Flood
DDoS-HTTP_Flood,DDoS-HTTP_Flood
DDoS-HTTP_Flood,DDoS-HTTP_Flood
DDoS-HTTP_Flood,DDoS-HTTP_Flood
DDoS-HTTP_Flood,DDoS-HTTP_Flood
DDoS-HTTP_Flood,DoS-HTTP_Flood
DDoS-HTTP_Flood,DDoS-HTTP_Flood
DDoS-HTTP_Flood,DDoS-HTTP_Flood
DDoS-HTTP_Flood,DDoS-HTTP_Flood
DDoS-HTTP_Flood,DDoS-HTTP_Flood
DDoS-HTTP_Flood,DoS-HTTP_Flood
DDoS-HTTP_Flood,DDoS-HTTP_Flood
DDoS-HTTP_Flood,DDoS-HTTP_Flood
DDoS-HTTP_Flood,DDoS-HTTP_Flood
DDoS-HTTP_Flood,DDoS-HTTP_Flood
DDoS-HTTP_Flood,DDoS-HTTP_Flood
DDoS-HTTP_Flood,DoS-HTTP_Flood
DDoS-HTTP_Flood,DDoS-HTTP_Flood
DDoS-HTTP_Flood,DoS-HTTP_Flood
DDoS-HTTP_Flood,DoS-HTTP_Flood
DDoS-HTTP_Flood,DDoS-HTTP_Flood
DDoS-HTTP_Flood,DDoS-HTTP_Flood
DDoS-HTTP_Flood,DDoS-HTTP_Flood
DDoS-HTTP_Flood,DDoS-HTTP_Flood
DDoS-HTTP_Flood,DoS-HTTP_Flood
DDoS-HTTP_Flood,DDoS-HTTP_Flood
DDoS-HTTP_Flood,DDoS-HTTP_Flood
DDoS-HTTP_Flood,DDoS-HTTP_Flood
DDoS-HTTP_Flood,DDoS-HTTP_Flood
DDoS-HTTP_Flood,DDoS-HTTP_Flood
DDoS-HTTP_Flood,DDoS-HTTP_Flood
DDoS-HTTP_Flood,DoS-HTTP_Flood
DDoS-HTTP_Flood,DDoS-HTTP_Flood
DDoS-HTTP_Flood,DDoS-SlowLoris
DDoS-HTTP_Flood,DDoS-HTTP_Flood
DDoS-HTTP_Flood,DDoS-HTTP_Flood
DDoS-HTTP_Flood,DDoS-HTTP_Flood
DDoS-HTTP_Flood,DDoS-HTTP_Flood
DDoS-HTTP_Flood,Backdoor_Malware
DDoS-HTTP_Flood,DoS-HTTP_Flood
DDoS-HTTP_Flood,DDoS-HTTP_Flood
DDoS-HTTP_Flood,DDoS-HTTP_Flood
DDoS-HTTP_Flood,DDoS-HTTP_Flood
DDoS-HTTP_Flood,DoS-HTTP_Flood
DDoS-HTTP_Flood,DDoS-HTTP_Flood
DDoS-HTTP_Flood,DDoS-HTTP_Flood
DDoS-HTTP_Flood,DDoS-HTTP_Flood
DDoS-HTTP_Flood,DDoS-HTTP_Flood
DDoS-HTTP_Flood,DoS-HTTP_Flood
DDoS-HTTP_Flood,DDoS-HTTP_Flood
DDoS-HTTP_Flood,DDoS-HTTP_Flood
DDoS-HTTP_Flood,DoS-HTTP_Flood
DDoS-HTTP_Flood,DDoS-HTTP_Flood
DDoS-HTTP_Flood,DDoS-HTTP_Flood
DDoS-HTTP_Flood,DDoS-HTTP_Flood
DDoS-HTTP_Flood,DoS-HTTP_Flood
DDoS-HTTP_Flood,DoS-HTTP_Flood
DDoS-HTTP_Flood,DDoS-SlowLoris
DDoS-HTTP_Flood,DoS-HTTP_Flood
DDoS-HTTP_Flood,DDoS-HTTP_Flood
DDoS-HTTP_Flood,DDoS-HTTP_Flood
DDoS-HTTP_Flood,DDoS-HTTP_Flood
DDoS-HTTP_Flood,DDoS-HTTP_Flood
DDoS-HTTP_Flood,DDoS-HTTP_Flood
DDoS-HTTP_Flood,DoS-HTTP_Flood
DDoS-HTTP_Flood,DDoS-HTTP_Flood
DDoS-HTTP_Flood,DDoS-HTTP_Flood
DDoS-HTTP_Flood,DDoS-HTTP_Flood
DDoS-HTTP_Flood,DDoS-HTTP_Flood
DDoS-HTTP_Flood,DDoS-HTTP_Flood
DDoS-HTTP_Flood,DDoS-HTTP_Flood
DDoS-HTTP_Flood,DDoS-HTTP_Flood
DDoS-HTTP_Flood,DDoS-HTTP_Flood
DDoS-HTTP_Flood,DDoS-HTTP_Flood
DDoS-HTTP_Flood,DoS-HTTP_Flood
DDoS-HTTP_Flood,DDoS-HTTP_Flood
DDoS-HTTP_Flood,DoS-HTTP_Flood
DDoS-HTTP_Flood,DDoS-HTTP_Flood
DDoS-HTTP_Flood,DoS-HTTP_Flood
DDoS-HTTP_Flood,DDoS-HTTP_Flood
DDoS-HTTP_Flood,DDoS-HTTP_Flood
DDoS-HTTP_Flood,DoS-HTTP_Flood
DDoS-HTTP_Flood,DDoS-HTTP_Flood
DDoS-HTTP_Flood,DDoS-HTTP_Flood
DDoS-HTTP_Flood,DoS-HTTP_Flood
DDoS-HTTP_Flood,DDoS-HTTP_Flood
DDoS-HTTP_Flood,DDoS-HTTP_Flood
DDoS-HTTP_Flood,DDoS-HTTP_Flood
DDoS-HTTP_Flood,DDoS-HTTP_Flood
DDoS-HTTP_Flood,DoS-HTTP_Flood
DDoS-HTTP_Flood,DDoS-HTTP_Flood
DDoS-HTTP_Flood,DDoS-HTTP_Flood
DDoS-HTTP_Flood,DDoS-HTTP_Flood
DDoS-HTTP_Flood,DDoS-HTTP_Flood
DDoS-HTTP_Flood,DDoS-HTTP_Flood
DDoS-HTTP_Flood,DDoS-HTTP_Flood
DDoS-HTTP_Flood,DDoS-HTTP_Flood
DDoS-HTTP_Flood,DDoS-HTTP_Flood
DDoS-HTTP_Flood,DDoS-HTTP_Flood
DDoS-HTTP_Flood,DDoS-HTTP_Flood
DDoS-HTTP_Flood,DoS-HTTP_Flood
DDoS-HTTP_Flood,DDoS-HTTP_Flood
DDoS-HTTP_Flood,DDoS-HTTP_Flood
DDoS-HTTP_Flood,DDoS-HTTP_Flood
DDoS-HTTP_Flood,DDoS-HTTP_Flood
DDoS-HTTP_Flood,DDoS-HTTP_Flood
DDoS-HTTP_Flood,DDoS-HTTP_Flood
DDoS-HTTP_Flood,DDoS-HTTP_Flood
DDoS-HTTP_Flood,DDoS-HTTP_Flood
DDoS-HTTP_Flood,DDoS-HTTP_Flood
DDoS-HTTP_Flood,DDoS-HTTP_Flood
DDoS-HTTP_Flood,DDoS-HTTP_Flood
DDoS-HTTP_Flood,DoS-HTTP_Flood
DDoS-HTTP_Flood,DoS-HTTP_Flood
DDoS-HTTP_Flood,DDoS-HTTP_Flood
DDoS-HTTP_Flood,DDoS-HTTP_Flood
DDoS-HTTP_Flood,DDoS-HTTP_Flood
DDoS-HTTP_Flood,DDoS-HTTP_Flood
DDoS-HTTP_Flood,DDoS-HTTP_Flood
DDoS-HTTP_Flood,DoS-HTTP_Flood
DDoS-HTTP_Flood,DoS-HTTP_Flood
DDoS-HTTP_Flood,DDoS-HTTP_Flood
DDoS-HTTP_Flood,DDoS-HTTP_Flood
DDoS-HTTP_Flood,DDoS-HTTP_Flood
DDoS-HTTP_Flood,DoS-HTTP_Flood
DDoS-HTTP_Flood,DDoS-HTTP_Flood
DDoS-HTTP_Flood,DDoS-HTTP_Flood
DDoS-HTTP_Flood,DoS-HTTP_Flood
DDoS-HTTP_Flood,DoS-HTTP_Flood
DDoS-HTTP_Flood,DDoS-HTTP_Flood
DDoS-HTTP_Flood,DDoS-HTTP_Flood
DDoS-HTTP_Flood,DDoS-HTTP_Flood
DDoS-HTTP_Flood,DDoS-HTTP_Flood
DDoS-HTTP_Flood,DDoS-HTTP_Flood
DDoS-HTTP_Flood,DoS-HTTP_Flood
DDoS-HTTP_Flood,DoS-HTTP_Flood
DDoS-HTTP_Flood,DDoS-HTTP_Flood
DDoS-HTTP_Flood,DDoS-HTTP_Flood
DDoS-HTTP_Flood,DDoS-HTTP_Flood
DDoS-HTTP_Flood,DDoS-HTTP_Flood
DDoS-HTTP_Flood,DoS-HTTP_Flood
DDoS-HTTP_Flood,DoS-HTTP_Flood
DDoS-HTTP_Flood,DDoS-HTTP_Flood
DDoS-HTTP_Flood,DDoS-HTTP_Flood
DDoS-HTTP_Flood,DDoS-HTTP_Flood
DDoS-HTTP_Flood,DDoS-ACK_Fragmentation
DDoS-HTTP_Flood,DoS-HTTP_Flood
DDoS-HTTP_Flood,DDoS-HTTP_Flood
DDoS-HTTP_Flood,DDoS-HTTP_Flood
DDoS-HTTP_Flood,DDoS-HTTP_Flood
DDoS-HTTP_Flood,DDoS-HTTP_Flood
DDoS-HTTP_Flood,DoS-HTTP_Flood
DDoS-HTTP_Flood,DDoS-HTTP_Flood
DDoS-HTTP_Flood,DDoS-HTTP_Flood
DDoS-HTTP_Flood,DDoS-HTTP_Flood
DDoS-HTTP_Flood,DDoS-HTTP_Flood
DDoS-HTTP_Flood,DDoS-HTTP_Flood
DDoS-HTTP_Flood,DDoS-HTTP_Flood
DDoS-HTTP_Flood,DDoS-HTTP_Flood
DDoS-HTTP_Flood,DDoS-SlowLoris
DDoS-HTTP_Flood,DDoS-HTTP_Flood
DDoS-HTTP_Flood,DDoS-HTTP_Flood
DDoS-HTTP_Flood,DDoS-HTTP_Flood
DDoS-HTTP_Flood,DoS-HTTP_Flood
DDoS-HTTP_Flood,DDoS-HTTP_Flood
DDoS-HTTP_Flood,DDoS-HTTP_Flood
DDoS-HTTP_Flood,DDoS-HTTP_Flood
DDoS-HTTP_Flood,DDoS-HTTP_Flood
DDoS-HTTP_Flood,DDoS-HTTP_Flood
DDoS-HTTP_Flood,DDoS-HTTP_Flood
DDoS-HTTP_Flood,DDoS-HTTP_Flood
DDoS-HTTP_Flood,DoS-HTTP_Flood
DDoS-HTTP_Flood,DoS-SYN_Flood
DDoS-HTTP_Flood,DDoS-HTTP_Flood
DDoS-HTTP_Flood,DDoS-HTTP_Flood
DDoS-HTTP_Flood,DDoS-HTTP_Flood
DDoS-HTTP_Flood,DDoS-HTTP_Flood
DDoS-HTTP_Flood,DDoS-HTTP_Flood
DDoS-HTTP_Flood,DDoS-HTTP_Flood
DDoS-HTTP_Flood,DoS-HTTP_Flood
DDoS-HTTP_Flood,DDoS-HTTP_Flood
DDoS-HTTP_Flood,DDoS-HTTP_Flood
DDoS-HTTP_Flood,DDoS-HTTP_Flood
DDoS-HTTP_Flood,DDoS-HTTP_Flood
DDoS-HTTP_Flood,DDoS-HTTP_Flood
DDoS-HTTP_Flood,DDoS-HTTP_Flood
DDoS-HTTP_Flood,DoS-HTTP_Flood
DDoS-HTTP_Flood,DoS-HTTP_Flood
DDoS-HTTP_Flood,DDoS-HTTP_Flood
DDoS-HTTP_Flood,DDoS-HTTP_Flood
DDoS-HTTP_Flood,DDoS-HTTP_Flood
DDoS-HTTP_Flood,DDoS-HTTP_Flood
DDoS-HTTP_Flood,DDoS-HTTP_Flood
DDoS-HTTP_Flood,DoS-HTTP_Flood
DDoS-HTTP_Flood,DDoS-HTTP_Flood
DDoS-HTTP_Flood,DDoS-HTTP_Flood
DDoS-HTTP_Flood,DDoS-HTTP_Flood
DDoS-HTTP_Flood,DDoS-HTTP_Flood
DDoS-HTTP_Flood,DDoS-HTTP_Flood
DDoS-HTTP_Flood,DoS-HTTP_Flood
DDoS-HTTP_Flood,DDoS-HTTP_Flood
DDoS-HTTP_Flood,DoS-HTTP_Flood
DDoS-HTTP_Flood,DDoS-HTTP_Flood
DDoS-HTTP_Flood,DDoS-ACK_Fragmentation
DDoS-HTTP_Flood,DoS-HTTP_Flood
DDoS-HTTP_Flood,DDoS-HTTP_Flood
DDoS-HTTP_Flood,DDoS-HTTP_Flood
DDoS-HTTP_Flood,DDoS-SlowLoris
DDoS-HTTP_Flood,DDoS-HTTP_Flood
DDoS-HTTP_Flood,DoS-HTTP_Flood
DDoS-HTTP_Flood,DoS-HTTP_Flood
DDoS-HTTP_Flood,DDoS-HTTP_Flood
DDoS-HTTP_Flood,DDoS-HTTP_Flood
DDoS-HTTP_Flood,DoS-HTTP_Flood
DDoS-HTTP_Flood,DDoS-HTTP_Flood
DDoS-HTTP_Flood,DDoS-HTTP_Flood
DDoS-HTTP_Flood,DDoS-HTTP_Flood
DDoS-HTTP_Flood,DDoS-HTTP_Flood
DDoS-HTTP_Flood,DDoS-HTTP_Flood
DDoS-HTTP_Flood,DDoS-HTTP_Flood
DDoS-HTTP_Flood,DDoS-HTTP_Flood
DDoS-HTTP_Flood,DoS-HTTP_Flood
DDoS-HTTP_Flood,DDoS-HTTP_Flood
DDoS-HTTP_Flood,DDoS-HTTP_Flood
DDoS-HTTP_Flood,DDoS-SlowLoris
DDoS-HTTP_Flood,DDoS-HTTP_Flood
DDoS-HTTP_Flood,DoS-HTTP_Flood
DDoS-HTTP_Flood,DDoS-HTTP_Flood
DDoS-HTTP_Flood,DDoS-HTTP_Flood
Mirai-greip_flood,Mirai-greip_flood
Mirai-greip_flood,Mirai-greip_flood
Mirai-greip_flood,Mirai-greip_flood
Mirai-greip_flood,Mirai-greip_flood
Mirai-greip_flood,Mirai-greip_flood
Mirai-greip_flood,Mirai-greip_flood
Mirai-greip_flood,Mirai-greip_flood
Mirai-greip_flood,Mirai-greip_flood
Mirai-greip_flood,Mirai-greip_flood
Mirai-greip_flood,Mirai-greip_flood
Mirai-greip_flood,Mirai-greip_flood
Mirai-greip_flood,Mirai-greip_flood
Mirai-greip_flood,Mirai-greip_flood
Mirai-greip_flood,DNS_Spoofing
Mirai-greip_flood,Mirai-greip_flood
Mirai-greip_flood,Mirai-greip_flood
Mirai-greip_flood,DDoS-SYN_Flood
Mirai-greip_flood,Mirai-greip_flood
Mirai-greip_flood,Mirai-greip_flood
Mirai-greip_flood,Mirai-greip_flood
Mirai-greip_flood,Mirai-greip_flood
Mirai-greip_flood,Mirai-greip_flood
Mirai-greip_flood,Mirai-greip_flood
Mirai-greip_flood,Mirai-greip_flood
Mirai-greip_flood,Mirai-greip_flood
Mirai-greip_flood,Mirai-greip_flood
Mirai-greip_flood,Mirai-greip_flood
Mirai-greip_flood,Mirai-greip_flood
Mirai-greip_flood,Mirai-greip_flood
Mirai-greip_flood,Mirai-greip_flood
Mirai-greip_flood,Mirai-greip_flood
Mirai-greip_flood,Mirai-greip_flood
Mirai-greip_flood,Mirai-greip_flood
Mirai-greip_flood,Mirai-greip_flood
Mirai-greip_flood,Mirai-greip_flood
Mirai-greip_flood,Mirai-greip_flood
Mirai-greip_flood,Mirai-greip_flood
Mirai-greip_flood,Mirai-greip_flood
Mirai-greip_flood,Mirai-greip_flood
Mirai-greip_flood,Mirai-greeth_flood
Mirai-greip_flood,Mirai-greip_flood
Mirai-greip_flood,Mirai-greip_flood
Mirai-greip_flood,Mirai-greip_flood
Mirai-greip_flood,Mirai-greip_flood
Mirai-greip_flood,Mirai-greip_flood
Mirai-greip_flood,Mirai-greip_flood
Mirai-greip_flood,Mirai-greip_flood
Mirai-greip_flood,Mirai-greip_flood
Mirai-greip_flood,Mirai-greip_flood
Mirai-greip_flood,Mirai-greip_flood
Mirai-greip_flood,Mirai-greip_flood
Mirai-greip_flood,Mirai-greip_flood
Mirai-greip_flood,Mirai-greip_flood
Mirai-greip_flood,Mirai-greip_flood
Mirai-greip_flood,Mirai-greip_flood
Mirai-greip_flood,Mirai-greip_flood
Mirai-greip_flood,Mirai-greip_flood
Mirai-greip_flood,Mirai-greip_flood
Mirai-greip_flood,Mirai-greip_flood
Mirai-greip_flood,Mirai-greeth_flood
Mirai-greip_flood,Mirai-greip_flood
Mirai-greip_flood,Mirai-greip_flood
Mirai-greip_flood,Mirai-greip_flood
Mirai-greip_flood,Mirai-greip_flood
Mirai-greip_flood,Mirai-greip_flood
Mirai-greip_flood,Mirai-greip_flood
Mirai-greip_flood,Mirai-greip_flood
Mirai-greip_flood,Mirai-greip_flood
Mirai-greip_flood,Mirai-greip_flood
Mirai-greip_flood,Mirai-greip_flood
Mirai-greip_flood,Mirai-greip_flood
Mirai-greip_flood,Mirai-greip_flood
Mirai-greip_flood,Mirai-greip_flood
Mirai-greip_flood,Mirai-greip_flood
Mirai-greip_flood,Mirai-greip_flood
Mirai-greip_flood,Mirai-greip_flood
Mirai-greip_flood,Mirai-greip_flood
Mirai-greip_flood,Mirai-greip_flood
Mirai-greip_flood,Mirai-greip_flood
Mirai-greip_flood,DDoS-UDP_Flood
Mirai-greip_flood,Mirai-greip_flood
Mirai-greip_flood,Mirai-greip_flood
Mirai-greip_flood,Mirai-greip_flood
Mirai-greip_flood,Mirai-greip_flood
Mirai-greip_flood,Mirai-greip_flood
Mirai-greip_flood,Mirai-greip_flood
Mirai-greip_flood,Mirai-greip_flood
Mirai-greip_flood,Mirai-greip_flood
Mirai-greip_flood,Mirai-greip_flood
Mirai-greip_flood,Mirai-greip_flood
Mirai-greip_flood,Mirai-greip_flood
Mirai-greip_flood,Mirai-greip_flood
Mirai-greip_flood,Mirai-greip_flood
Mirai-greip_flood,Mirai-greip_flood
Mirai-greip_flood,Mirai-greip_flood
Mirai-greip_flood,Mirai-greip_flood
Mirai-greip_flood,Mirai-greip_flood
Mirai-greip_flood,DDoS-ACK_Fragmentation
Mirai-greip_flood,Mirai-greip_flood
Mirai-greip_flood,Mirai-greip_flood
Mirai-greip_flood,Mirai-greip_flood
Mirai-greip_flood,Mirai-greip_flood
Mirai-greip_flood,Mirai-greip_flood
Mirai-greip_flood,Mirai-greip_flood
Mirai-greip_flood,Mirai-greip_flood
Mirai-greip_flood,Mirai-greip_flood
Mirai-greip_flood,Mirai-greip_flood
Mirai-greip_flood,Mirai-greip_flood
Mirai-greip_flood,Mirai-greip_flood
Mirai-greip_flood,Mirai-greip_flood
Mirai-greip_flood,Mirai-greip_flood
Mirai-greip_flood,Mirai-greip_flood
Mirai-greip_flood,Mirai-greip_flood
Mirai-greip_flood,Mirai-greip_flood
Mirai-greip_flood,Mirai-greip_flood
Mirai-greip_flood,DDoS-ACK_Fragmentation
Mirai-greip_flood,Mirai-greip_flood
Mirai-greip_flood,Mirai-greip_flood
Mirai-greip_flood,Mirai-greip_flood
Mirai-greip_flood,Mirai-greip_flood
Mirai-greip_flood,Mirai-greip_flood
Mirai-greip_flood,Mirai-greip_flood
Mirai-greip_flood,Mirai-greip_flood
Mirai-greip_flood,Mirai-greip_flood
Mirai-greip_flood,Mirai-greip_flood
Mirai-greip_flood,Mirai-greip_flood
Mirai-greip_flood,Mirai-greip_flood
Mirai-greip_flood,Mirai-greip_flood
Mirai-greip_flood,Mirai-greip_flood
Mirai-greip_flood,Mirai-greip_flood
Mirai-greip_flood,Mirai-greip_flood
Mirai-greip_flood,Mirai-greip_flood
Mirai-greip_flood,Mirai-greip_flood
Mirai-greip_flood,Mirai-greip_flood
Mirai-greip_flood,Mirai-greip_flood
Mirai-greip_flood,Mirai-greip_flood
Mirai-greip_flood,Mirai-greip_flood
Mirai-greip_flood,Mirai-greip_flood
Mirai-greip_flood,Mirai-greip_flood
Mirai-greip_flood,Mirai-greip_flood
Mirai-greip_flood,Mirai-greip_flood
Mirai-greip_flood,Mirai-greip_flood
Mirai-greip_flood,Mirai-greip_flood
Mirai-greip_flood,Mirai-greip_flood
Mirai-greip_flood,Mirai-greip_flood
Mirai-greip_flood,Mirai-greip_flood
Mirai-greip_flood,Mirai-greip_flood
Mirai-greip_flood,Mirai-greip_flood
Mirai-greip_flood,Mirai-greip_flood
Mirai-greip_flood,Mirai-greip_flood
Mirai-greip_flood,Mirai-greip_flood
Mirai-greip_flood,Mirai-greip_flood
Mirai-greip_flood,Mirai-greip_flood
Mirai-greip_flood,Mirai-greip_flood
Mirai-greip_flood,Mirai-greip_flood
Mirai-greip_flood,Mirai-greip_flood
Mirai-greip_flood,Mirai-greip_flood
Mirai-greip_flood,Mirai-greip_flood
Mirai-greip_flood,Mirai-greip_flood
Mirai-greip_flood,Mirai-greip_flood
Mirai-greip_flood,DDoS-ICMP_Flood
Mirai-greip_flood,Mirai-greip_flood
Mirai-greip_flood,Mirai-greip_flood
Mirai-greip_flood,Mirai-greip_flood
Mirai-greip_flood,Mirai-greeth_flood
Mirai-greip_flood,Mirai-greip_flood
Mirai-greip_flood,Mirai-greip_flood
Mirai-greip_flood,Mirai-greip_flood
Mirai-greip_flood,Mirai-greip_flood
Mirai-greip_flood,Mirai-greip_flood
Mirai-greip_flood,Mirai-greip_flood
Mirai-greip_flood,Mirai-greip_flood
Mirai-greip_flood,Mirai-greip_flood
Mirai-greip_flood,DDoS-SlowLoris
Mirai-greip_flood,Mirai-greip_flood
Mirai-greip_flood,Mirai-greip_flood
Mirai-greip_flood,Mirai-greip_flood
Mirai-greip_flood,Mirai-greip_flood
Mirai-greip_flood,Mirai-greip_flood
Mirai-greip_flood,Mirai-greip_flood
Mirai-greip_flood,Mirai-greip_flood
Mirai-greip_flood,Mirai-greip_flood
Mirai-greip_flood,Mirai-greip_flood
Mirai-greip_flood,Mirai-greip_flood
Mirai-greip_flood,Mirai-greip_flood
Mirai-greip_flood,Mirai-greip_flood
Mirai-greip_flood,Mirai-greip_flood
Mirai-greip_flood,Mirai-greip_flood
Mirai-greip_flood,Mirai-greip_flood
Mirai-greip_flood,Mirai-greip_flood
Mirai-greip_flood,Mirai-greip_flood
Mirai-greip_flood,Mirai-greip_flood
Mirai-greip_flood,Mirai-greip_flood
Mirai-greip_flood,Mirai-greip_flood
Mirai-greip_flood,Mirai-greip_flood
Mirai-greip_flood,Mirai-greip_flood
Mirai-greip_flood,Mirai-greip_flood
Mirai-greip_flood,Mirai-greip_flood
Mirai-greip_flood,Mirai-greip_flood
Mirai-greip_flood,Mirai-greip_flood
Mirai-greip_flood,Mirai-greip_flood
Mirai-greip_flood,Mirai-greip_flood
Mirai-greip_flood,Mirai-greip_flood
Mirai-greip_flood,Mirai-greip_flood
Mirai-greip_flood,Mirai-greip_flood
Mirai-greip_flood,Mirai-greip_flood
Mirai-greip_flood,Mirai-greip_flood
Mirai-greip_flood,Mirai-greip_flood
Mirai-greip_flood,Mirai-greip_flood
Mirai-greip_flood,Mirai-greip_flood
Mirai-greip_flood,Mirai-greip_flood
Mirai-greip_flood,Mirai-greip_flood
Mirai-greip_flood,Mirai-greip_flood
Mirai-greip_flood,Mirai-greip_flood
Mirai-greip_flood,Mirai-greip_flood
Mirai-greip_flood,Mirai-greip_flood
Mirai-greip_flood,Mirai-greeth_flood
Mirai-greip_flood,Mirai-greip_flood
Mirai-greip_flood,Mirai-greip_flood
Mirai-greip_flood,Mirai-greip_flood
Mirai-greip_flood,Mirai-greip_flood
Mirai-greip_flood,Mirai-greip_flood
Mirai-greip_flood,Mirai-greip_flood
Mirai-greip_flood,Mirai-greip_flood
Mirai-greip_flood,Mirai-greip_flood
Mirai-greip_flood,Mirai-greip_flood
Mirai-greip_flood,Mirai-greip_flood
Mirai-greip_flood,Mirai-greip_flood
Mirai-greip_flood,Mirai-greip_flood
Mirai-greip_flood,Mirai-greip_flood
Mirai-greip_flood,Mirai-greip_flood
Mirai-greip_flood,Mirai-greip_flood
Mirai-greip_flood,Mirai-greip_flood
Mirai-greip_flood,Mirai-greip_flood
Mirai-greip_flood,Mirai-greip_flood
Mirai-greip_flood,Mirai-greip_flood
Mirai-greip_flood,Mirai-greip_flood
Mirai-greip_flood,Mirai-greip_flood
Mirai-greip_flood,Mirai-greip_flood
Mirai-greip_flood,Mirai-greip_flood
Mirai-greip_flood,Mirai-greip_flood
Mirai-greip_flood,Mirai-greeth_flood
Mirai-greip_flood,Mirai-greip_flood
Mirai-greip_flood,Mirai-greip_flood
Mirai-greip_flood,Mirai-greip_flood
Mirai-greip_flood,Mirai-greip_flood
Mirai-greip_flood,Mirai-greip_flood
Mirai-greip_flood,Mirai-greip_flood
Mirai-greip_flood,Mirai-greip_flood
Mirai-greip_flood,Mirai-greip_flood
Mirai-greip_flood,Mirai-greip_flood
Mirai-greip_flood,Mirai-greip_flood
Mirai-greip_flood,Mirai-greip_flood
Mirai-greip_flood,Mirai-greip_flood
Mirai-greip_flood,Mirai-greip_flood
Mirai-greip_flood,Mirai-greip_flood
Mirai-greip_flood,Mirai-greip_flood
Mirai-greip_flood,Mirai-greip_flood
Mirai-greip_flood,Mirai-greip_flood
Mirai-greip_flood,Mirai-greip_flood
Mirai-greip_flood,Mirai-greip_flood
Mirai-greip_flood,Mirai-greip_flood
Mirai-greip_flood,DDoS-ACK_Fragmentation
Mirai-greip_flood,Mirai-greip_flood
Mirai-greip_flood,Mirai-greip_flood
Mirai-greip_flood,Mirai-greip_flood
Mirai-greip_flood,Mirai-greip_flood
Mirai-greip_flood,Mirai-greip_flood
Mirai-greip_flood,Mirai-greip_flood
Mirai-greip_flood,Mirai-greip_flood
Mirai-greip_flood,Mirai-greip_flood
Mirai-greip_flood,Mirai-greip_flood
Mirai-greip_flood,Mirai-greip_flood
Mirai-greip_flood,Mirai-udpplain
Mirai-greip_flood,Mirai-greip_flood
Mirai-greip_flood,Mirai-greip_flood
Mirai-greip_flood,Mirai-greip_flood
Mirai-greip_flood,Mirai-greip_flood
Mirai-greip_flood,Mirai-greip_flood
Mirai-greip_flood,Mirai-greip_flood
Mirai-greip_flood,Mirai-greip_flood
Mirai-greip_flood,Mirai-greip_flood
Mirai-greip_flood,Mirai-greip_flood
Mirai-greip_flood,Mirai-greip_flood
Mirai-greip_flood,Mirai-greip_flood
Mirai-greip_flood,Mirai-greip_flood
Mirai-greip_flood,Mirai-greip_flood
Mirai-greip_flood,Mirai-greip_flood
Mirai-greip_flood,Mirai-greip_flood
Mirai-greip_flood,Mirai-greip_flood
Mirai-greip_flood,Mirai-greip_flood
Mirai-greip_flood,Mirai-greip_flood
Mirai-greip_flood,DDoS-ACK_Fragmentation
Mirai-greip_flood,Mirai-greip_flood
Mirai-greip_flood,Mirai-greip_flood
Mirai-greip_flood,Mirai-greip_flood
Mirai-greip_flood,Mirai-greip_flood
Mirai-greip_flood,Mirai-greip_flood
Mirai-greip_flood,Mirai-greip_flood
Mirai-greip_flood,Mirai-greip_flood
Mirai-greip_flood,Mirai-greip_flood
Mirai-greip_flood,Mirai-greip_flood
Mirai-greip_flood,Mirai-greeth_flood
Mirai-greip_flood,Mirai-greip_flood
Mirai-greip_flood,Mirai-greip_flood
Mirai-greip_flood,Mirai-greip_flood
Mirai-greip_flood,Mirai-greip_flood
Mirai-greip_flood,Mirai-greip_flood
Mirai-greip_flood,Mirai-greip_flood
Mirai-greip_flood,Mirai-greip_flood
Mirai-greip_flood,Mirai-greip_flood
Mirai-greip_flood,Mirai-greip_flood
Mirai-greip_flood,Mirai-greip_flood
Mirai-greip_flood,Mirai-greip_flood
Mirai-greip_flood,Mirai-greip_flood
Mirai-greip_flood,Mirai-greip_flood
Mirai-greip_flood,Mirai-greip_flood
Mirai-greip_flood,Mirai-greip_flood
Mirai-greip_flood,Mirai-greip_flood
Mirai-greip_flood,Mirai-greip_flood
Mirai-greip_flood,Mirai-greip_flood
Mirai-greip_flood,Mirai-greip_flood
Mirai-greip_flood,Mirai-greip_flood
Mirai-greip_flood,Mirai-greip_flood
Mirai-greip_flood,Mirai-greip_flood
Mirai-greip_flood,Mirai-greip_flood
Mirai-greip_flood,DDoS-ACK_Fragmentation
Mirai-greip_flood,Mirai-greip_flood
Mirai-greip_flood,Mirai-greip_flood
Mirai-greip_flood,Mirai-greip_flood
Mirai-greip_flood,Mirai-greip_flood
Mirai-greip_flood,Mirai-greip_flood
Mirai-greip_flood,Mirai-greip_flood
Mirai-greip_flood,Mirai-greip_flood
Mirai-greip_flood,DDoS-ICMP_Flood
Mirai-greip_flood,Mirai-greeth_flood
Mirai-greip_flood,Mirai-greip_flood
Mirai-greip_flood,Mirai-greip_flood
Mirai-greip_flood,Mirai-greip_flood
Mirai-greip_flood,Mirai-greip_flood
Mirai-greip_flood,Mirai-greip_flood
Mirai-greip_flood,Mirai-greip_flood
Mirai-greip_flood,Mirai-greip_flood
Mirai-greip_flood,Mirai-greip_flood
Mirai-greip_flood,Mirai-greip_flood
Mirai-greip_flood,Mirai-greip_flood
Mirai-greip_flood,Mirai-greip_flood
Mirai-greip_flood,Mirai-greip_flood
Mirai-greip_flood,Mirai-greip_flood
Mirai-greip_flood,Mirai-greip_flood
Mirai-greip_flood,Mirai-greip_flood
Mirai-greip_flood,Mirai-greip_flood
Mirai-greip_flood,Mirai-greip_flood
Mirai-greip_flood,Mirai-greip_flood
Mirai-greip_flood,Mirai-greip_flood
Mirai-greip_flood,Mirai-greip_flood
Mirai-greip_flood,Mirai-greeth_flood
Mirai-greip_flood,Mirai-greip_flood
Mirai-greip_flood,Mirai-greip_flood
Mirai-greip_flood,Mirai-greip_flood
Mirai-greip_flood,Mirai-greip_flood
Mirai-greip_flood,Mirai-greip_flood
Mirai-greip_flood,Mirai-greip_flood
Mirai-greip_flood,Mirai-greip_flood
Mirai-greip_flood,Mirai-greip_flood
Mirai-greip_flood,Mirai-greip_flood
Mirai-greip_flood,Mirai-greip_flood
Mirai-greip_flood,Mirai-greip_flood
Mirai-greip_flood,Mirai-greip_flood
Mirai-greip_flood,Mirai-greip_flood
Mirai-greip_flood,Mirai-greip_flood
Mirai-greip_flood,Mirai-greip_flood
Mirai-greip_flood,Mirai-greip_flood
Mirai-greip_flood,Mirai-greeth_flood
Mirai-greip_flood,Mirai-greip_flood
Mirai-greip_flood,Mirai-greip_flood
Mirai-greip_flood,Mirai-greip_flood
Mirai-greip_flood,Mirai-greip_flood
Mirai-greip_flood,Mirai-greip_flood
Mirai-greip_flood,Mirai-greip_flood
Mirai-greip_flood,Mirai-greip_flood
Mirai-greip_flood,Mirai-greip_flood
Mirai-greip_flood,Mirai-greip_flood
Mirai-greip_flood,Mirai-greip_flood
Mirai-greip_flood,Mirai-greip_flood
Mirai-greip_flood,Mirai-greip_flood
Mirai-greip_flood,Mirai-greip_flood
Mirai-greip_flood,Mirai-greip_flood
Mirai-greip_flood,Mirai-greip_flood
Mirai-greip_flood,Mirai-greip_flood
Mirai-greip_flood,Mirai-greip_flood
Mirai-greip_flood,Mirai-greip_flood
Mirai-greip_flood,Mirai-greip_flood
Mirai-greip_flood,Mirai-greip_flood
Mirai-greip_flood,Mirai-greip_flood
Mirai-greip_flood,Mirai-greip_flood
Mirai-greip_flood,Mirai-greip_flood
Mirai-greip_flood,Mirai-greip_flood
Mirai-greip_flood,Mirai-greip_flood
Mirai-greip_flood,Mirai-greip_flood
DDoS-TCP_Flood,DDoS-TCP_Flood
DDoS-TCP_Flood,DDoS-TCP_Flood
DDoS-TCP_Flood,DDoS-TCP_Flood
DDoS-TCP_Flood,DoS-TCP_Flood
DDoS-TCP_Flood,DoS-TCP_Flood
DDoS-TCP_Flood,DDoS-TCP_Flood
DDoS-TCP_Flood,DDoS-TCP_Flood
DDoS-TCP_Flood,DDoS-TCP_Flood
DDoS-TCP_Flood,DoS-TCP_Flood
DDoS-TCP_Flood,DoS-TCP_Flood
DDoS-TCP_Flood,DoS-TCP_Flood
DDoS-TCP_Flood,DoS-TCP_Flood
DDoS-TCP_Flood,DoS-TCP_Flood
DDoS-TCP_Flood,DDoS-ICMP_Flood
DDoS-TCP_Flood,DoS-TCP_Flood
DDoS-TCP_Flood,DoS-TCP_Flood
DDoS-TCP_Flood,DoS-TCP_Flood
DDoS-TCP_Flood,DoS-TCP_Flood
DDoS-TCP_Flood,DoS-TCP_Flood
DDoS-TCP_Flood,DDoS-UDP_Flood
DDoS-TCP_Flood,DDoS-TCP_Flood
DDoS-TCP_Flood,DoS-TCP_Flood
DDoS-TCP_Flood,DoS-TCP_Flood
DDoS-TCP_Flood,DDoS-TCP_Flood
DDoS-TCP_Flood,DoS-TCP_Flood
DDoS-TCP_Flood,DoS-TCP_Flood
DDoS-TCP_Flood,DoS-TCP_Flood
DDoS-TCP_Flood,DDoS-TCP_Flood
DDoS-TCP_Flood,DoS-TCP_Flood
DDoS-TCP_Flood,DoS-TCP_Flood
DDoS-TCP_Flood,DDoS-TCP_Flood
DDoS-TCP_Flood,DoS-TCP_Flood
DDoS-TCP_Flood,DDoS-TCP_Flood
DDoS-TCP_Flood,DoS-TCP_Flood
DDoS-TCP_Flood,DDoS-ICMP_Flood
DDoS-TCP_Flood,DDoS-TCP_Flood
DDoS-TCP_Flood,DoS-TCP_Flood
DDoS-TCP_Flood,DoS-TCP_Flood
DDoS-TCP_Flood,DoS-TCP_Flood
DDoS-TCP_Flood,DDoS-TCP_Flood
DDoS-TCP_Flood,DDoS-TCP_Flood
DDoS-TCP_Flood,DDoS-TCP_Flood
DDoS-TCP_Flood,DDoS-TCP_Flood
DDoS-TCP_Flood,DDoS-TCP_Flood
DDoS-TCP_Flood,DDoS-TCP_Flood
DDoS-TCP_Flood,DDoS-ICMP_Flood
DDoS-TCP_Flood,DDoS-TCP_Flood
DDoS-TCP_Flood,DoS-TCP_Flood
DDoS-TCP_Flood,DDoS-TCP_Flood
DDoS-TCP_Flood,DDoS-TCP_Flood
DDoS-TCP_Flood,DoS-TCP_Flood
DDoS-TCP_Flood,DoS-TCP_Flood
DDoS-TCP_Flood,DDoS-TCP_Flood
DDoS-TCP_Flood,DDoS-TCP_Flood
DDoS-TCP_Flood,DDoS-TCP_Flood
DDoS-TCP_Flood,DoS-TCP_Flood
DDoS-TCP_Flood,DoS-TCP_Flood
DDoS-TCP_Flood,DDoS-TCP_Flood
DDoS-TCP_Flood,DoS-TCP_Flood
DDoS-TCP_Flood,DoS-TCP_Flood
DDoS-TCP_Flood,DoS-TCP_Flood
DDoS-TCP_Flood,DDoS-TCP_Flood
DDoS-TCP_Flood,DoS-UDP_Flood
DDoS-TCP_Flood,DoS-TCP_Flood
DDoS-TCP_Flood,DoS-TCP_Flood
DDoS-TCP_Flood,DDoS-TCP_Flood
DDoS-TCP_Flood,DoS-TCP_Flood
DDoS-TCP_Flood,DDoS-TCP_Flood
DDoS-TCP_Flood,DoS-TCP_Flood
DDoS-TCP_Flood,DoS-TCP_Flood
DDoS-TCP_Flood,DDoS-TCP_Flood
DDoS-TCP_Flood,DoS-TCP_Flood
DDoS-TCP_Flood,DoS-TCP_Flood
DDoS-TCP_Flood,DDoS-TCP_Flood
DDoS-TCP_Flood,DoS-TCP_Flood
DDoS-TCP_Flood,DoS-TCP_Flood
DDoS-TCP_Flood,DoS-TCP_Flood
DDoS-TCP_Flood,DDoS-UDP_Flood
DDoS-TCP_Flood,DDoS-UDP_Flood
DDoS-TCP_Flood,DoS-TCP_Flood
DDoS-TCP_Flood,DoS-TCP_Flood
DDoS-TCP_Flood,DDoS-TCP_Flood
DDoS-TCP_Flood,DDoS-TCP_Flood
DDoS-TCP_Flood,DoS-TCP_Flood
DDoS-TCP_Flood,DoS-TCP_Flood
DDoS-TCP_Flood,DDoS-TCP_Flood
DDoS-TCP_Flood,DDoS-TCP_Flood
DDoS-TCP_Flood,DDoS-TCP_Flood
DDoS-TCP_Flood,DoS-TCP_Flood
DDoS-TCP_Flood,DoS-TCP_Flood
DDoS-TCP_Flood,DDoS-TCP_Flood
DDoS-TCP_Flood,DDoS-UDP_Flood
DDoS-TCP_Flood,DDoS-TCP_Flood
DDoS-TCP_Flood,DoS-TCP_Flood
DDoS-TCP_Flood,DDoS-TCP_Flood
DDoS-TCP_Flood,DoS-TCP_Flood
DDoS-TCP_Flood,DDoS-TCP_Flood
DDoS-TCP_Flood,DDoS-TCP_Flood
DDoS-TCP_Flood,DDoS-ICMP_Flood
DDoS-TCP_Flood,DoS-TCP_Flood
DDoS-TCP_Flood,DDoS-UDP_Flood
DDoS-TCP_Flood,DoS-TCP_Flood
DDoS-TCP_Flood,DoS-TCP_Flood
DDoS-TCP_Flood,DoS-TCP_Flood
DDoS-TCP_Flood,DDoS-ICMP_Flood
DDoS-TCP_Flood,DDoS-TCP_Flood
DDoS-TCP_Flood,DoS-TCP_Flood
DDoS-TCP_Flood,DoS-TCP_Flood
DDoS-TCP_Flood,DoS-TCP_Flood
DDoS-TCP_Flood,DoS-TCP_Flood
DDoS-TCP_Flood,DoS-TCP_Flood
DDoS-TCP_Flood,DoS-TCP_Flood
DDoS-TCP_Flood,DDoS-TCP_Flood
DDoS-TCP_Flood,DDoS-ICMP_Flood
DDoS-TCP_Flood,DoS-TCP_Flood
DDoS-TCP_Flood,DDoS-TCP_Flood
DDoS-TCP_Flood,DDoS-TCP_Flood
DDoS-TCP_Flood,DoS-TCP_Flood
DDoS-TCP_Flood,DoS-TCP_Flood
DDoS-TCP_Flood,DoS-TCP_Flood
DDoS-TCP_Flood,DoS-TCP_Flood
DDoS-TCP_Flood,DDoS-ICMP_Flood
DDoS-TCP_Flood,DDoS-TCP_Flood
DDoS-TCP_Flood,DoS-TCP_Flood
DDoS-TCP_Flood,DDoS-TCP_Flood
DDoS-TCP_Flood,DoS-TCP_Flood
DDoS-TCP_Flood,DoS-TCP_Flood
DDoS-TCP_Flood,DDoS-UDP_Flood
DDoS-TCP_Flood,DoS-TCP_Flood
DDoS-TCP_Flood,DoS-TCP_Flood
DDoS-TCP_Flood,BenignTraffic
DDoS-TCP_Flood,DoS-TCP_Flood
DDoS-TCP_Flood,DDoS-TCP_Flood
DDoS-TCP_Flood,DoS-TCP_Flood
DDoS-TCP_Flood,DoS-TCP_Flood
DDoS-TCP_Flood,DoS-TCP_Flood
DDoS-TCP_Flood,DoS-TCP_Flood
DDoS-TCP_Flood,DDoS-TCP_Flood
DDoS-TCP_Flood,DoS-TCP_Flood
DDoS-TCP_Flood,DDoS-ICMP_Flood
DDoS-TCP_Flood,DoS-TCP_Flood
DDoS-TCP_Flood,DoS-TCP_Flood
DDoS-TCP_Flood,DoS-TCP_Flood
DDoS-TCP_Flood,DoS-TCP_Flood
DDoS-TCP_Flood,DoS-TCP_Flood
DDoS-TCP_Flood,DDoS-TCP_Flood
DDoS-TCP_Flood,DoS-TCP_Flood
DDoS-TCP_Flood,DDoS-TCP_Flood
DDoS-TCP_Flood,DDoS-UDP_Flood
DDoS-TCP_Flood,DoS-TCP_Flood
DDoS-TCP_Flood,DDoS-TCP_Flood
DDoS-TCP_Flood,DDoS-TCP_Flood
DDoS-TCP_Flood,DDoS-TCP_Flood
DDoS-TCP_Flood,DoS-TCP_Flood
DDoS-TCP_Flood,DoS-TCP_Flood
DDoS-TCP_Flood,DDoS-TCP_Flood
DDoS-TCP_Flood,DoS-TCP_Flood
DDoS-TCP_Flood,DDoS-TCP_Flood
DDoS-TCP_Flood,DoS-TCP_Flood
DDoS-TCP_Flood,DDoS-TCP_Flood
DDoS-TCP_Flood,DoS-TCP_Flood
DDoS-TCP_Flood,DoS-TCP_Flood
DDoS-TCP_Flood,DDoS-ICMP_Flood
DDoS-TCP_Flood,DDoS-TCP_Flood
DDoS-TCP_Flood,DDoS-TCP_Flood
DDoS-TCP_Flood,DDoS-UDP_Flood
DDoS-TCP_Flood,DDoS-TCP_Flood
DDoS-TCP_Flood,DDoS-TCP_Flood
DDoS-TCP_Flood,DDoS-TCP_Flood
DDoS-TCP_Flood,DDoS-ICMP_Flood
DDoS-TCP_Flood,DoS-TCP_Flood
DDoS-TCP_Flood,DoS-TCP_Flood
DDoS-TCP_Flood,DDoS-TCP_Flood
DDoS-TCP_Flood,Mirai-udpplain
DDoS-TCP_Flood,DDoS-TCP_Flood
DDoS-TCP_Flood,DoS-TCP_Flood
DDoS-TCP_Flood,DDoS-TCP_Flood
DDoS-TCP_Flood,DDoS-TCP_Flood
DDoS-TCP_Flood,DoS-TCP_Flood
DDoS-TCP_Flood,DoS-TCP_Flood
DDoS-TCP_Flood,DDoS-UDP_Flood
DDoS-TCP_Flood,DDoS-ICMP_Flood
DDoS-TCP_Flood,DDoS-TCP_Flood
DDoS-TCP_Flood,DDoS-ICMP_Flood
DDoS-TCP_Flood,DoS-TCP_Flood
DDoS-TCP_Flood,DoS-TCP_Flood
DDoS-TCP_Flood,DDoS-TCP_Flood
DDoS-TCP_Flood,DoS-TCP_Flood
DDoS-TCP_Flood,DoS-TCP_Flood
DDoS-TCP_Flood,DoS-TCP_Flood
DDoS-TCP_Flood,DoS-TCP_Flood
DDoS-TCP_Flood,DoS-TCP_Flood
DDoS-TCP_Flood,DDoS-TCP_Flood
DDoS-TCP_Flood,DDoS-ICMP_Flood
DDoS-TCP_Flood,DoS-TCP_Flood
DDoS-TCP_Flood,DoS-TCP_Flood
DDoS-TCP_Flood,DoS-TCP_Flood
DDoS-TCP_Flood,DDoS-TCP_Flood
DDoS-TCP_Flood,DoS-TCP_Flood
DDoS-TCP_Flood,DoS-TCP_Flood
DDoS-TCP_Flood,DoS-TCP_Flood
DDoS-TCP_Flood,DoS-TCP_Flood
DDoS-TCP_Flood,DDoS-ICMP_Flood
DDoS-TCP_Flood,DDoS-TCP_Flood
DDoS-TCP_Flood,DDoS-TCP_Flood
DDoS-TCP_Flood,DoS-TCP_Flood
DDoS-TCP_Flood,DDoS-TCP_Flood
DDoS-TCP_Flood,DDoS-TCP_Flood
DDoS-TCP_Flood,DDoS-TCP_Flood
DDoS-TCP_Flood,DoS-TCP_Flood
DDoS-TCP_Flood,DDoS-UDP_Flood
DDoS-TCP_Flood,DDoS-TCP_Flood
DDoS-TCP_Flood,DoS-TCP_Flood
DDoS-TCP_Flood,DDoS-TCP_Flood
DDoS-TCP_Flood,DoS-TCP_Flood
DDoS-TCP_Flood,DoS-TCP_Flood
DDoS-TCP_Flood,DDoS-TCP_Flood
DDoS-TCP_Flood,DDoS-SlowLoris
DDoS-TCP_Flood,DoS-TCP_Flood
DDoS-TCP_Flood,DDoS-TCP_Flood
DDoS-TCP_Flood,DDoS-ICMP_Flood
DDoS-TCP_Flood,DDoS-TCP_Flood
DDoS-TCP_Flood,DDoS-TCP_Flood
DDoS-TCP_Flood,DDoS-UDP_Flood
DDoS-TCP_Flood,DoS-UDP_Flood
DDoS-TCP_Flood,Mirai-greip_flood
DDoS-TCP_Flood,DoS-TCP_Flood
DDoS-TCP_Flood,DoS-TCP_Flood
DDoS-TCP_Flood,DoS-TCP_Flood
DDoS-TCP_Flood,DoS-TCP_Flood
DDoS-TCP_Flood,DDoS-TCP_Flood
DDoS-TCP_Flood,DoS-TCP_Flood
DDoS-TCP_Flood,DoS-TCP_Flood
DDoS-TCP_Flood,DDoS-UDP_Flood
DDoS-TCP_Flood,DoS-TCP_Flood
DDoS-TCP_Flood,DoS-TCP_Flood
DDoS-TCP_Flood,DDoS-TCP_Flood
DDoS-TCP_Flood,DoS-TCP_Flood
DDoS-TCP_Flood,DoS-TCP_Flood
DDoS-TCP_Flood,DDoS-TCP_Flood
DDoS-TCP_Flood,DoS-TCP_Flood
DDoS-TCP_Flood,DDoS-TCP_Flood
DDoS-TCP_Flood,DDoS-UDP_Flood
DDoS-TCP_Flood,DDoS-TCP_Flood
DDoS-TCP_Flood,DDoS-TCP_Flood
DDoS-TCP_Flood,DoS-TCP_Flood
DDoS-TCP_Flood,DDoS-TCP_Flood
DDoS-TCP_Flood,DoS-TCP_Flood
DDoS-TCP_Flood,DDoS-ICMP_Flood
DDoS-TCP_Flood,DoS-TCP_Flood
DDoS-TCP_Flood,DDoS-TCP_Flood
DDoS-TCP_Flood,DoS-TCP_Flood
DDoS-TCP_Flood,DoS-TCP_Flood
DDoS-TCP_Flood,DoS-TCP_Flood
DDoS-TCP_Flood,DDoS-UDP_Flood
DDoS-TCP_Flood,DDoS-TCP_Flood
DDoS-TCP_Flood,DDoS-UDP_Fragmentation
DDoS-TCP_Flood,DoS-TCP_Flood
DDoS-TCP_Flood,DDoS-TCP_Flood
DDoS-TCP_Flood,DoS-TCP_Flood
DDoS-TCP_Flood,DoS-TCP_Flood
DDoS-TCP_Flood,DDoS-TCP_Flood
DDoS-TCP_Flood,DoS-TCP_Flood
DDoS-TCP_Flood,DDoS-UDP_Fragmentation
DDoS-TCP_Flood,DDoS-TCP_Flood
DDoS-TCP_Flood,DoS-TCP_Flood
DDoS-TCP_Flood,DoS-TCP_Flood
DDoS-TCP_Flood,DDoS-TCP_Flood
DDoS-TCP_Flood,Mirai-udpplain
DDoS-TCP_Flood,DDoS-UDP_Flood
DDoS-TCP_Flood,DoS-TCP_Flood
DDoS-TCP_Flood,DoS-TCP_Flood
DDoS-TCP_Flood,DDoS-TCP_Flood
DDoS-TCP_Flood,DDoS-UDP_Flood
DDoS-TCP_Flood,DDoS-TCP_Flood
DDoS-TCP_Flood,DoS-TCP_Flood
DDoS-TCP_Flood,DoS-TCP_Flood
DDoS-TCP_Flood,DoS-TCP_Flood
DDoS-TCP_Flood,DDoS-TCP_Flood
DDoS-TCP_Flood,DoS-TCP_Flood
DDoS-TCP_Flood,DoS-TCP_Flood
DDoS-TCP_Flood,DoS-TCP_Flood
DDoS-TCP_Flood,DDoS-TCP_Flood
DDoS-TCP_Flood,DoS-TCP_Flood
DDoS-TCP_Flood,DDoS-TCP_Flood
DDoS-TCP_Flood,DDoS-TCP_Flood
DDoS-TCP_Flood,DDoS-TCP_Flood
DDoS-TCP_Flood,DoS-TCP_Flood
DDoS-TCP_Flood,DoS-TCP_Flood
DDoS-TCP_Flood,DoS-TCP_Flood
DDoS-TCP_Flood,DoS-TCP_Flood
DDoS-TCP_Flood,DoS-TCP_Flood
DDoS-TCP_Flood,DoS-TCP_Flood
DDoS-TCP_Flood,DDoS-TCP_Flood
DDoS-TCP_Flood,DoS-TCP_Flood
DDoS-TCP_Flood,DDoS-TCP_Flood
DDoS-TCP_Flood,DoS-TCP_Flood
DDoS-TCP_Flood,DoS-TCP_Flood
DDoS-TCP_Flood,DoS-TCP_Flood
DDoS-TCP_Flood,DoS-TCP_Flood
DDoS-TCP_Flood,DoS-TCP_Flood
DDoS-TCP_Flood,DoS-TCP_Flood
DDoS-TCP_Flood,DoS-TCP_Flood
DDoS-TCP_Flood,DoS-TCP_Flood
DDoS-TCP_Flood,DoS-TCP_Flood
DDoS-TCP_Flood,DDoS-TCP_Flood
DDoS-TCP_Flood,DDoS-TCP_Flood
DDoS-TCP_Flood,DoS-TCP_Flood
DDoS-TCP_Flood,DDoS-ICMP_Flood
DDoS-TCP_Flood,DoS-TCP_Flood
DDoS-TCP_Flood,DoS-TCP_Flood
DDoS-TCP_Flood,DoS-TCP_Flood
DDoS-TCP_Flood,DoS-TCP_Flood
DDoS-TCP_Flood,DoS-TCP_Flood
DDoS-TCP_Flood,DDoS-TCP_Flood
DDoS-TCP_Flood,DDoS-TCP_Flood
DDoS-TCP_Flood,DDoS-TCP_Flood
DDoS-TCP_Flood,DDoS-TCP_Flood
DDoS-TCP_Flood,DDoS-TCP_Flood
DDoS-TCP_Flood,DDoS-TCP_Flood
DDoS-TCP_Flood,DoS-TCP_Flood
DDoS-TCP_Flood,DDoS-UDP_Flood
DDoS-TCP_Flood,DoS-TCP_Flood
DDoS-TCP_Flood,DDoS-TCP_Flood
DDoS-TCP_Flood,DoS-TCP_Flood
DDoS-TCP_Flood,DDoS-TCP_Flood
DDoS-TCP_Flood,DDoS-TCP_Flood
DDoS-TCP_Flood,DDoS-ICMP_Flood
DDoS-TCP_Flood,DoS-TCP_Flood
DDoS-TCP_Flood,DoS-TCP_Flood
DDoS-TCP_Flood,DoS-TCP_Flood
DDoS-TCP_Flood,DoS-TCP_Flood
DDoS-TCP_Flood,DoS-TCP_Flood
DDoS-TCP_Flood,DoS-TCP_Flood
DDoS-TCP_Flood,DDoS-TCP_Flood
DDoS-TCP_Flood,DoS-TCP_Flood
DDoS-TCP_Flood,DoS-TCP_Flood
DDoS-TCP_Flood,DDoS-TCP_Flood
DDoS-TCP_Flood,DDoS-ICMP_Flood
DDoS-TCP_Flood,DDoS-TCP_Flood
DDoS-TCP_Flood,DDoS-TCP_Flood
DDoS-TCP_Flood,DDoS-TCP_Flood
DDoS-TCP_Flood,DoS-TCP_Flood
DDoS-TCP_Flood,DDoS-TCP_Flood
DDoS-TCP_Flood,DDoS-TCP_Flood
DDoS-TCP_Flood,DoS-TCP_Flood
DDoS-TCP_Flood,DoS-TCP_Flood
DDoS-TCP_Flood,DoS-TCP_Flood
DDoS-TCP_Flood,DDoS-TCP_Flood
DDoS-TCP_Flood,DoS-TCP_Flood
DDoS-TCP_Flood,DoS-TCP_Flood
DDoS-TCP_Flood,DDoS-ICMP_Flood
DDoS-TCP_Flood,DDoS-TCP_Flood
DDoS-TCP_Flood,Mirai-greip_flood
DDoS-TCP_Flood,DoS-TCP_Flood
DDoS-TCP_Flood,DoS-TCP_Flood
DDoS-TCP_Flood,DDoS-UDP_Flood
DDoS-TCP_Flood,DoS-TCP_Flood
DDoS-TCP_Flood,DoS-TCP_Flood
DDoS-TCP_Flood,DoS-TCP_Flood
DDoS-TCP_Flood,DDoS-ICMP_Flood
DDoS-TCP_Flood,DoS-TCP_Flood
DDoS-TCP_Flood,DDoS-TCP_Flood
DDoS-TCP_Flood,DDoS-TCP_Flood
DDoS-TCP_Flood,DoS-TCP_Flood
DDoS-TCP_Flood,DDoS-TCP_Flood
DDoS-TCP_Flood,DoS-TCP_Flood
DDoS-TCP_Flood,DoS-TCP_Flood
DDoS-TCP_Flood,DDoS-TCP_Flood
DDoS-TCP_Flood,DDoS-TCP_Flood
DDoS-TCP_Flood,DDoS-TCP_Flood
DDoS-TCP_Flood,DDoS-TCP_Flood
DDoS-TCP_Flood,DDoS-TCP_Flood
DDoS-TCP_Flood,DDoS-ICMP_Flood
DDoS-TCP_Flood,DDoS-TCP_Flood
DDoS-TCP_Flood,DDoS-ICMP_Flood
DDoS-TCP_Flood,DDoS-TCP_Flood
DDoS-TCP_Flood,DoS-TCP_Flood
DDoS-TCP_Flood,DDoS-ICMP_Flood
DDoS-TCP_Flood,DoS-TCP_Flood
DDoS-TCP_Flood,DDoS-TCP_Flood
DDoS-TCP_Flood,DoS-TCP_Flood
DDoS-TCP_Flood,DDoS-TCP_Flood
DDoS-TCP_Flood,DDoS-TCP_Flood
DDoS-TCP_Flood,DoS-TCP_Flood
DDoS-TCP_Flood,DoS-TCP_Flood
DDoS-TCP_Flood,DDoS-TCP_Flood
DDoS-TCP_Flood,DoS-TCP_Flood
DDoS-TCP_Flood,DoS-TCP_Flood
DDoS-TCP_Flood,DDoS-UDP_Flood
DDoS-TCP_Flood,DDoS-TCP_Flood
DDoS-TCP_Flood,DDoS-TCP_Flood
DDoS-TCP_Flood,DDoS-ICMP_Flood
DDoS-TCP_Flood,DoS-TCP_Flood
DDoS-TCP_Flood,DoS-TCP_Flood
DDoS-TCP_Flood,DoS-TCP_Flood
DDoS-TCP_Flood,DoS-TCP_Flood
DDoS-TCP_Flood,DDoS-TCP_Flood
DDoS-TCP_Flood,DoS-TCP_Flood
DDoS-TCP_Flood,DoS-TCP_Flood
DoS-UDP_Flood,DoS-UDP_Flood
DoS-UDP_Flood,DoS-UDP_Flood
DoS-UDP_Flood,DoS-UDP_Flood
DoS-UDP_Flood,DoS-UDP_Flood
DoS-UDP_Flood,DDoS-UDP_Flood
DoS-UDP_Flood,DDoS-UDP_Fragmentation
DoS-UDP_Flood,DDoS-UDP_Flood
DoS-UDP_Flood,Mirai-udpplain
DoS-UDP_Flood,DoS-UDP_Flood
DoS-UDP_Flood,DoS-UDP_Flood
DoS-UDP_Flood,DDoS-UDP_Flood
DoS-UDP_Flood,DoS-UDP_Flood
DoS-UDP_Flood,DoS-UDP_Flood
DoS-UDP_Flood,DoS-UDP_Flood
DoS-UDP_Flood,DoS-TCP_Flood
DoS-UDP_Flood,Mirai-udpplain
DoS-UDP_Flood,DoS-UDP_Flood
DoS-UDP_Flood,DDoS-UDP_Flood
DoS-UDP_Flood,DDoS-ICMP_Fragmentation
DoS-UDP_Flood,DoS-UDP_Flood
DoS-UDP_Flood,DoS-UDP_Flood
DoS-UDP_Flood,DoS-UDP_Flood
DoS-UDP_Flood,DDoS-PSHACK_Flood
DoS-UDP_Flood,DoS-TCP_Flood
DoS-UDP_Flood,DDoS-UDP_Flood
DoS-UDP_Flood,Recon-PingSweep
DoS-UDP_Flood,DoS-UDP_Flood
DoS-UDP_Flood,DDoS-UDP_Flood
DoS-UDP_Flood,DoS-UDP_Flood
DoS-UDP_Flood,DDoS-UDP_Flood
DoS-UDP_Flood,Mirai-udpplain
DoS-UDP_Flood,Mirai-udpplain
DoS-UDP_Flood,DoS-UDP_Flood
DoS-UDP_Flood,DDoS-UDP_Flood
DoS-UDP_Flood,DoS-UDP_Flood
DoS-UDP_Flood,Mirai-udpplain
DoS-UDP_Flood,XSS
DoS-UDP_Flood,DDoS-UDP_Flood
DoS-UDP_Flood,DDoS-UDP_Flood
DoS-UDP_Flood,DDoS-UDP_Flood
DoS-UDP_Flood,DDoS-UDP_Flood
DoS-UDP_Flood,DDoS-UDP_Flood
DoS-UDP_Flood,DDoS-UDP_Flood
DoS-UDP_Flood,DDoS-UDP_Flood
DoS-UDP_Flood,DDoS-UDP_Flood
DoS-UDP_Flood,DDoS-UDP_Flood
DoS-UDP_Flood,DoS-UDP_Flood
DoS-UDP_Flood,DDoS-PSHACK_Flood
DoS-UDP_Flood,DDoS-UDP_Flood
DoS-UDP_Flood,DDoS-UDP_Flood
DoS-UDP_Flood,DDoS-UDP_Flood
DoS-UDP_Flood,DoS-UDP_Flood
DoS-UDP_Flood,DoS-UDP_Flood
DoS-UDP_Flood,DDoS-PSHACK_Flood
DoS-UDP_Flood,DDoS-UDP_Flood
DoS-UDP_Flood,DDoS-UDP_Flood
DoS-UDP_Flood,DoS-UDP_Flood
DoS-UDP_Flood,DDoS-UDP_Flood
DoS-UDP_Flood,DoS-UDP_Flood
DoS-UDP_Flood,DDoS-UDP_Flood
DoS-UDP_Flood,DoS-UDP_Flood
DoS-UDP_Flood,Mirai-udpplain
DoS-UDP_Flood,DDoS-UDP_Flood
DoS-UDP_Flood,DDoS-UDP_Fragmentation
DoS-UDP_Flood,DDoS-UDP_Flood
DoS-UDP_Flood,DoS-UDP_Flood
DoS-UDP_Flood,DoS-UDP_Flood
DoS-UDP_Flood,DDoS-UDP_Flood
DoS-UDP_Flood,DDoS-UDP_Flood
DoS-UDP_Flood,DoS-UDP_Flood
DoS-UDP_Flood,DoS-UDP_Flood
DoS-UDP_Flood,DoS-UDP_Flood
DoS-UDP_Flood,DDoS-UDP_Flood
DoS-UDP_Flood,DDoS-PSHACK_Flood
DoS-UDP_Flood,DDoS-UDP_Flood
DoS-UDP_Flood,DDoS-UDP_Flood
DoS-UDP_Flood,DDoS-UDP_Flood
DoS-UDP_Flood,DoS-UDP_Flood
DoS-UDP_Flood,DDoS-UDP_Flood
DoS-UDP_Flood,DoS-UDP_Flood
DoS-UDP_Flood,DoS-UDP_Flood
DoS-UDP_Flood,DDoS-UDP_Fragmentation
DoS-UDP_Flood,DDoS-UDP_Flood
DoS-UDP_Flood,DoS-UDP_Flood
DoS-UDP_Flood,DoS-UDP_Flood
DoS-UDP_Flood,DoS-UDP_Flood
DoS-UDP_Flood,DoS-UDP_Flood
DoS-UDP_Flood,DDoS-UDP_Flood
DoS-UDP_Flood,DDoS-UDP_Flood
DoS-UDP_Flood,DoS-UDP_Flood
DoS-UDP_Flood,DoS-UDP_Flood
DoS-UDP_Flood,DDoS-UDP_Flood
DoS-UDP_Flood,DDoS-UDP_Flood
DoS-UDP_Flood,DDoS-UDP_Flood
DoS-UDP_Flood,DoS-UDP_Flood
DoS-UDP_Flood,DDoS-UDP_Flood
DoS-UDP_Flood,DoS-UDP_Flood
DoS-UDP_Flood,DDoS-UDP_Flood
DoS-UDP_Flood,DDoS-UDP_Flood
DoS-UDP_Flood,DDoS-UDP_Fragmentation
DoS-UDP_Flood,DoS-UDP_Flood
DoS-UDP_Flood,DoS-TCP_Flood
DoS-UDP_Flood,DDoS-UDP_Flood
DoS-UDP_Flood,DDoS-UDP_Flood
DoS-UDP_Flood,DoS-UDP_Flood
DoS-UDP_Flood,DoS-UDP_Flood
DoS-UDP_Flood,DoS-UDP_Flood
DoS-UDP_Flood,DDoS-UDP_Flood
DoS-UDP_Flood,DoS-UDP_Flood
DoS-UDP_Flood,DDoS-ICMP_Fragmentation
DoS-UDP_Flood,DoS-UDP_Flood
DoS-UDP_Flood,DoS-UDP_Flood
DoS-UDP_Flood,DoS-UDP_Flood
DoS-UDP_Flood,DDoS-UDP_Flood
DoS-UDP_Flood,DDoS-ICMP_Fragmentation
DoS-UDP_Flood,DoS-UDP_Flood
DoS-UDP_Flood,DDoS-UDP_Flood
DoS-UDP_Flood,DDoS-UDP_Flood
DoS-UDP_Flood,DoS-UDP_Flood
DoS-UDP_Flood,DDoS-UDP_Flood
DoS-UDP_Flood,DDoS-UDP_Flood
DoS-UDP_Flood,DoS-UDP_Flood
DoS-UDP_Flood,DoS-UDP_Flood
DoS-UDP_Flood,DoS-UDP_Flood
DoS-UDP_Flood,DDoS-UDP_Flood
DoS-UDP_Flood,DDoS-UDP_Flood
DoS-UDP_Flood,DoS-UDP_Flood
DoS-UDP_Flood,DDoS-UDP_Flood
DoS-UDP_Flood,DDoS-UDP_Flood
DoS-UDP_Flood,DoS-UDP_Flood
DoS-UDP_Flood,DoS-UDP_Flood
DoS-UDP_Flood,DoS-TCP_Flood
DoS-UDP_Flood,DDoS-UDP_Flood
DoS-UDP_Flood,DDoS-UDP_Flood
DoS-UDP_Flood,DDoS-UDP_Flood
DoS-UDP_Flood,DoS-UDP_Flood
DoS-UDP_Flood,DDoS-UDP_Flood
DoS-UDP_Flood,DDoS-UDP_Flood
DoS-UDP_Flood,DDoS-UDP_Flood
DoS-UDP_Flood,DDoS-UDP_Flood
DoS-UDP_Flood,DDoS-PSHACK_Flood
DoS-UDP_Flood,DoS-UDP_Flood
DoS-UDP_Flood,DoS-UDP_Flood
DoS-UDP_Flood,DoS-UDP_Flood
DoS-UDP_Flood,DDoS-UDP_Flood
DoS-UDP_Flood,DDoS-UDP_Flood
DoS-UDP_Flood,DDoS-UDP_Flood
DoS-UDP_Flood,DDoS-UDP_Flood
DoS-UDP_Flood,DoS-UDP_Flood
DoS-UDP_Flood,DDoS-PSHACK_Flood
DoS-UDP_Flood,DDoS-UDP_Flood
DoS-UDP_Flood,DDoS-UDP_Flood
DoS-UDP_Flood,DDoS-UDP_Flood
DoS-UDP_Flood,DDoS-PSHACK_Flood
DoS-UDP_Flood,DDoS-UDP_Flood
DoS-UDP_Flood,Mirai-udpplain
DoS-UDP_Flood,DDoS-UDP_Flood
DoS-UDP_Flood,DoS-UDP_Flood
DoS-UDP_Flood,Mirai-udpplain
DoS-UDP_Flood,DDoS-UDP_Fragmentation
DoS-UDP_Flood,DDoS-UDP_Fragmentation
DoS-UDP_Flood,DDoS-ICMP_Fragmentation
DoS-UDP_Flood,DDoS-PSHACK_Flood
DoS-UDP_Flood,DoS-UDP_Flood
DoS-UDP_Flood,DDoS-UDP_Flood
DoS-UDP_Flood,DoS-UDP_Flood
DoS-UDP_Flood,DoS-UDP_Flood
DoS-UDP_Flood,DDoS-UDP_Flood
DoS-UDP_Flood,DDoS-UDP_Fragmentation
DoS-UDP_Flood,DDoS-UDP_Fragmentation
DoS-UDP_Flood,DDoS-UDP_Flood
DoS-UDP_Flood,DoS-UDP_Flood
DoS-UDP_Flood,DoS-UDP_Flood
DoS-UDP_Flood,DDoS-PSHACK_Flood
DoS-UDP_Flood,DoS-UDP_Flood
DoS-UDP_Flood,DoS-UDP_Flood
DoS-UDP_Flood,DoS-UDP_Flood
DoS-UDP_Flood,DDoS-ICMP_Fragmentation
DoS-UDP_Flood,DoS-UDP_Flood
DoS-UDP_Flood,DoS-UDP_Flood
DoS-UDP_Flood,DDoS-UDP_Flood
DoS-UDP_Flood,DDoS-UDP_Flood
DoS-UDP_Flood,DDoS-UDP_Flood
DoS-UDP_Flood,Mirai-udpplain
DoS-UDP_Flood,DoS-UDP_Flood
DoS-UDP_Flood,Mirai-udpplain
DoS-UDP_Flood,DDoS-UDP_Flood
DoS-UDP_Flood,DDoS-UDP_Flood
DoS-UDP_Flood,DDoS-PSHACK_Flood
DoS-UDP_Flood,DoS-UDP_Flood
DoS-UDP_Flood,Mirai-udpplain
DoS-UDP_Flood,DoS-UDP_Flood
DoS-UDP_Flood,DoS-UDP_Flood
DoS-UDP_Flood,DDoS-UDP_Flood
DoS-UDP_Flood,DoS-UDP_Flood
DoS-UDP_Flood,DDoS-UDP_Fragmentation
DoS-UDP_Flood,DDoS-UDP_Flood
DoS-UDP_Flood,DDoS-UDP_Flood
DoS-UDP_Flood,DoS-UDP_Flood
DoS-UDP_Flood,DDoS-UDP_Flood
DoS-UDP_Flood,DDoS-UDP_Flood
DoS-UDP_Flood,Mirai-udpplain
DoS-UDP_Flood,DoS-UDP_Flood
DoS-UDP_Flood,DDoS-UDP_Flood
DoS-UDP_Flood,DoS-UDP_Flood
DoS-UDP_Flood,DDoS-UDP_Flood
DoS-UDP_Flood,DDoS-UDP_Flood
DoS-UDP_Flood,DoS-UDP_Flood
DoS-UDP_Flood,DDoS-UDP_Flood
DoS-UDP_Flood,DDoS-UDP_Flood
DoS-UDP_Flood,DoS-UDP_Flood
DoS-UDP_Flood,DoS-UDP_Flood
DoS-UDP_Flood,DoS-UDP_Flood
DoS-UDP_Flood,DDoS-UDP_Flood
DoS-UDP_Flood,DDoS-UDP_Flood
DoS-UDP_Flood,DoS-UDP_Flood
DoS-UDP_Flood,DDoS-PSHACK_Flood
DoS-UDP_Flood,DoS-UDP_Flood
DoS-UDP_Flood,DDoS-PSHACK_Flood
DoS-UDP_Flood,DDoS-UDP_Flood
DoS-UDP_Flood,DDoS-UDP_Flood
DoS-UDP_Flood,DDoS-UDP_Flood
DoS-UDP_Flood,DDoS-UDP_Flood
DoS-UDP_Flood,DDoS-UDP_Flood
DoS-UDP_Flood,DoS-UDP_Flood
DoS-UDP_Flood,Mirai-udpplain
DoS-UDP_Flood,DoS-UDP_Flood
DoS-UDP_Flood,Mirai-udpplain
DoS-UDP_Flood,DDoS-PSHACK_Flood
DoS-UDP_Flood,DDoS-ICMP_Fragmentation
DoS-UDP_Flood,DoS-UDP_Flood
DoS-UDP_Flood,DoS-UDP_Flood
DoS-UDP_Flood,DDoS-UDP_Flood
DoS-UDP_Flood,DDoS-UDP_Flood
DoS-UDP_Flood,DDoS-UDP_Flood
DoS-UDP_Flood,DoS-UDP_Flood
DoS-UDP_Flood,Mirai-udpplain
DoS-UDP_Flood,DDoS-UDP_Flood
DoS-UDP_Flood,DDoS-UDP_Flood
DoS-UDP_Flood,DoS-UDP_Flood
DoS-UDP_Flood,DoS-UDP_Flood
DoS-UDP_Flood,Mirai-udpplain
DoS-UDP_Flood,DDoS-UDP_Flood
DoS-UDP_Flood,DoS-UDP_Flood
DoS-UDP_Flood,DDoS-UDP_Flood
DoS-UDP_Flood,DoS-UDP_Flood
DoS-UDP_Flood,DoS-UDP_Flood
DoS-UDP_Flood,DDoS-UDP_Flood
DoS-UDP_Flood,DoS-UDP_Flood
DoS-UDP_Flood,DoS-UDP_Flood
DoS-UDP_Flood,DDoS-UDP_Flood
DoS-UDP_Flood,DDoS-UDP_Flood
DoS-UDP_Flood,DDoS-UDP_Flood
DoS-UDP_Flood,DoS-UDP_Flood
DoS-UDP_Flood,DDoS-PSHACK_Flood
DoS-UDP_Flood,DDoS-UDP_Flood
DoS-UDP_Flood,DoS-UDP_Flood
DoS-UDP_Flood,DoS-UDP_Flood
DoS-UDP_Flood,DDoS-UDP_Flood
DoS-UDP_Flood,DDoS-PSHACK_Flood
DoS-UDP_Flood,DDoS-UDP_Fragmentation
DoS-UDP_Flood,DDoS-UDP_Flood
DoS-UDP_Flood,Uploading_Attack
DoS-UDP_Flood,DDoS-UDP_Flood
DoS-UDP_Flood,DoS-UDP_Flood
DoS-UDP_Flood,DoS-UDP_Flood
DoS-UDP_Flood,DDoS-UDP_Flood
DoS-UDP_Flood,DDoS-UDP_Flood
DoS-UDP_Flood,DDoS-UDP_Flood
DoS-UDP_Flood,DoS-UDP_Flood
DoS-UDP_Flood,DDoS-UDP_Flood
DoS-UDP_Flood,DoS-UDP_Flood
DoS-UDP_Flood,DoS-UDP_Flood
DoS-UDP_Flood,DDoS-UDP_Flood
DoS-UDP_Flood,DDoS-ICMP_Fragmentation
DoS-UDP_Flood,DDoS-PSHACK_Flood
DoS-UDP_Flood,DDoS-PSHACK_Flood
DoS-UDP_Flood,DoS-UDP_Flood
DoS-UDP_Flood,DDoS-UDP_Flood
DoS-UDP_Flood,SqlInjection
DoS-UDP_Flood,DDoS-UDP_Flood
DoS-UDP_Flood,DDoS-UDP_Flood
DoS-UDP_Flood,DDoS-UDP_Flood
DoS-UDP_Flood,DDoS-UDP_Flood
DoS-UDP_Flood,DDoS-UDP_Flood
DoS-UDP_Flood,DoS-UDP_Flood
DoS-UDP_Flood,DDoS-UDP_Flood
DoS-UDP_Flood,DDoS-UDP_Flood
DoS-UDP_Flood,DoS-UDP_Flood
DoS-UDP_Flood,DDoS-UDP_Fragmentation
DoS-UDP_Flood,DDoS-UDP_Flood
DoS-UDP_Flood,DoS-UDP_Flood
DoS-UDP_Flood,DDoS-UDP_Flood
DoS-UDP_Flood,DoS-UDP_Flood
DoS-UDP_Flood,DoS-UDP_Flood
DoS-UDP_Flood,DDoS-PSHACK_Flood
DoS-UDP_Flood,DoS-UDP_Flood
DoS-UDP_Flood,DDoS-UDP_Flood
DoS-UDP_Flood,DoS-UDP_Flood
DoS-UDP_Flood,DDoS-UDP_Flood
DoS-UDP_Flood,DDoS-UDP_Flood
DoS-UDP_Flood,DoS-UDP_Flood
DoS-UDP_Flood,DDoS-UDP_Fragmentation
DoS-UDP_Flood,DoS-UDP_Flood
DoS-UDP_Flood,DDoS-ICMP_Fragmentation
DoS-UDP_Flood,DDoS-UDP_Flood
DoS-UDP_Flood,DDoS-UDP_Flood
DoS-UDP_Flood,DDoS-UDP_Flood
DoS-UDP_Flood,DoS-UDP_Flood
DoS-UDP_Flood,DDoS-UDP_Flood
DoS-UDP_Flood,DDoS-UDP_Fragmentation
DoS-UDP_Flood,DoS-UDP_Flood
DoS-UDP_Flood,DDoS-UDP_Flood
DoS-UDP_Flood,DoS-UDP_Flood
DoS-UDP_Flood,DoS-UDP_Flood
DoS-UDP_Flood,DoS-UDP_Flood
DoS-UDP_Flood,DoS-UDP_Flood
DoS-UDP_Flood,DoS-UDP_Flood
DoS-UDP_Flood,DDoS-UDP_Flood
DoS-UDP_Flood,DoS-UDP_Flood
DoS-UDP_Flood,DDoS-UDP_Flood
DoS-UDP_Flood,DDoS-UDP_Flood
DoS-UDP_Flood,DDoS-UDP_Flood
DoS-UDP_Flood,DDoS-UDP_Flood
DoS-UDP_Flood,DDoS-UDP_Flood
DoS-UDP_Flood,DDoS-UDP_Flood
DoS-UDP_Flood,DDoS-UDP_Flood
DoS-UDP_Flood,DoS-UDP_Flood
DoS-UDP_Flood,DoS-UDP_Flood
DoS-UDP_Flood,Mirai-udpplain
DoS-UDP_Flood,DDoS-SlowLoris
DoS-UDP_Flood,Mirai-udpplain
DoS-UDP_Flood,DDoS-UDP_Flood
DoS-UDP_Flood,DDoS-UDP_Flood
DoS-UDP_Flood,DoS-UDP_Flood
DoS-UDP_Flood,DDoS-UDP_Flood
DoS-UDP_Flood,DoS-UDP_Flood
DoS-UDP_Flood,DDoS-UDP_Flood
DoS-UDP_Flood,DDoS-UDP_Flood
DoS-UDP_Flood,DDoS-UDP_Flood
DoS-UDP_Flood,DoS-UDP_Flood
DoS-UDP_Flood,DoS-UDP_Flood
DoS-UDP_Flood,Mirai-udpplain
DoS-UDP_Flood,DoS-UDP_Flood
DoS-UDP_Flood,DDoS-UDP_Fragmentation
DoS-UDP_Flood,DDoS-UDP_Fragmentation
DoS-UDP_Flood,DDoS-UDP_Flood
DoS-UDP_Flood,DoS-UDP_Flood
DoS-UDP_Flood,DDoS-PSHACK_Flood
DoS-UDP_Flood,DDoS-UDP_Flood
DoS-UDP_Flood,DDoS-UDP_Flood
DoS-UDP_Flood,DDoS-UDP_Flood
DoS-UDP_Flood,DoS-UDP_Flood
DoS-UDP_Flood,DDoS-ICMP_Fragmentation
DoS-UDP_Flood,Mirai-udpplain
DoS-UDP_Flood,DoS-UDP_Flood
DoS-UDP_Flood,DDoS-UDP_Fragmentation
DoS-UDP_Flood,DoS-UDP_Flood
DoS-UDP_Flood,DoS-UDP_Flood
DoS-UDP_Flood,DDoS-UDP_Flood
DoS-UDP_Flood,DoS-UDP_Flood
DoS-UDP_Flood,DDoS-UDP_Flood
DoS-UDP_Flood,DoS-UDP_Flood
DoS-UDP_Flood,DDoS-ICMP_Fragmentation
DoS-UDP_Flood,DoS-UDP_Flood
DoS-UDP_Flood,DoS-UDP_Flood
DoS-UDP_Flood,DoS-UDP_Flood
DoS-UDP_Flood,DDoS-UDP_Flood
DoS-UDP_Flood,DDoS-UDP_Flood
DoS-UDP_Flood,DoS-UDP_Flood
DoS-UDP_Flood,DDoS-UDP_Flood
DoS-UDP_Flood,DDoS-UDP_Flood
DoS-UDP_Flood,DoS-UDP_Flood
DoS-UDP_Flood,DDoS-UDP_Flood
DoS-UDP_Flood,DDoS-UDP_Flood
DoS-UDP_Flood,DoS-UDP_Flood
DoS-UDP_Flood,DoS-UDP_Flood
DoS-UDP_Flood,DoS-UDP_Flood
DoS-UDP_Flood,DDoS-UDP_Flood
DoS-UDP_Flood,DoS-UDP_Flood
DoS-UDP_Flood,DDoS-UDP_Flood
DoS-UDP_Flood,DoS-UDP_Flood
DoS-UDP_Flood,DDoS-UDP_Flood
DoS-UDP_Flood,DDoS-UDP_Flood
DoS-UDP_Flood,DDoS-UDP_Flood
DoS-UDP_Flood,DoS-UDP_Flood
DoS-UDP_Flood,DDoS-UDP_Flood
DoS-UDP_Flood,DDoS-ICMP_Fragmentation
DoS-UDP_Flood,DoS-UDP_Flood
DoS-UDP_Flood,DoS-UDP_Flood
DoS-UDP_Flood,DoS-UDP_Flood
DoS-UDP_Flood,DoS-UDP_Flood
DoS-UDP_Flood,DDoS-UDP_Flood
DoS-UDP_Flood,Mirai-udpplain
DoS-UDP_Flood,DDoS-UDP_Flood
DoS-UDP_Flood,DoS-UDP_Flood
DoS-UDP_Flood,DDoS-UDP_Flood
DoS-UDP_Flood,DoS-UDP_Flood
DoS-UDP_Flood,DDoS-UDP_Flood
DoS-UDP_Flood,DoS-UDP_Flood
DDoS-ICMP_Flood,DDoS-ICMP_Flood
DDoS-ICMP_Flood,DDoS-ICMP_Flood
DDoS-ICMP_Flood,DDoS-ICMP_Flood
DDoS-ICMP_Flood,DDoS-ICMP_Flood
DDoS-ICMP_Flood,DDoS-ICMP_Flood
DDoS-ICMP_Flood,DDoS-ICMP_Flood
DDoS-ICMP_Flood,DDoS-ICMP_Flood
DDoS-ICMP_Flood,DDoS-ICMP_Flood
DDoS-ICMP_Flood,DDoS-ICMP_Flood
DDoS-ICMP_Flood,DDoS-ICMP_Flood
DDoS-ICMP_Flood,DDoS-ICMP_Flood
DDoS-ICMP_Flood,DDoS-ICMP_Flood
DDoS-ICMP_Flood,DDoS-ICMP_Flood
DDoS-ICMP_Flood,DDoS-ICMP_Flood
DDoS-ICMP_Flood,DDoS-ICMP_Flood
DDoS-ICMP_Flood,DDoS-ICMP_Flood
DDoS-ICMP_Flood,DDoS-ICMP_Flood
DDoS-ICMP_Flood,DDoS-ICMP_Flood
DDoS-ICMP_Flood,DDoS-ICMP_Flood
DDoS-ICMP_Flood,DDoS-ICMP_Flood
DDoS-ICMP_Flood,DDoS-ICMP_Flood
DDoS-ICMP_Flood,DDoS-ICMP_Flood
DDoS-ICMP_Flood,DDoS-ICMP_Flood
DDoS-ICMP_Flood,DDoS-ICMP_Flood
DDoS-ICMP_Flood,DDoS-ICMP_Flood
DDoS-ICMP_Flood,DDoS-ICMP_Flood
DDoS-ICMP_Flood,DDoS-ICMP_Flood
DDoS-ICMP_Flood,DDoS-ICMP_Flood
DDoS-ICMP_Flood,DDoS-ICMP_Flood
DDoS-ICMP_Flood,DDoS-ICMP_Flood
DDoS-ICMP_Flood,DDoS-ICMP_Flood
DDoS-ICMP_Flood,DDoS-ICMP_Flood
DDoS-ICMP_Flood,DDoS-ICMP_Flood
DDoS-ICMP_Flood,DDoS-ICMP_Flood
DDoS-ICMP_Flood,DDoS-ICMP_Flood
DDoS-ICMP_Flood,DDoS-ICMP_Flood
DDoS-ICMP_Flood,DDoS-ICMP_Flood
DDoS-ICMP_Flood,DDoS-ICMP_Flood
DDoS-ICMP_Flood,DDoS-ICMP_Flood
DDoS-ICMP_Flood,DDoS-ICMP_Flood
DDoS-ICMP_Flood,DDoS-ICMP_Flood
DDoS-ICMP_Flood,DDoS-ICMP_Flood
DDoS-ICMP_Flood,DDoS-ICMP_Flood
DDoS-ICMP_Flood,DDoS-ICMP_Flood
DDoS-ICMP_Flood,DDoS-ICMP_Flood
DDoS-ICMP_Flood,DDoS-ICMP_Flood
DDoS-ICMP_Flood,DDoS-ICMP_Flood
DDoS-ICMP_Flood,DDoS-ICMP_Flood
DDoS-ICMP_Flood,DDoS-ICMP_Flood
DDoS-ICMP_Flood,DDoS-ICMP_Flood
DDoS-ICMP_Flood,DDoS-ICMP_Flood
DDoS-ICMP_Flood,DDoS-ICMP_Flood
DDoS-ICMP_Flood,DDoS-ICMP_Flood
DDoS-ICMP_Flood,DDoS-ICMP_Flood
DDoS-ICMP_Flood,DDoS-ICMP_Flood
DDoS-ICMP_Flood,DDoS-ICMP_Flood
DDoS-ICMP_Flood,DDoS-ICMP_Flood
DDoS-ICMP_Flood,DDoS-ICMP_Flood
DDoS-ICMP_Flood,DDoS-ICMP_Flood
DDoS-ICMP_Flood,DDoS-ICMP_Flood
DDoS-ICMP_Flood,DDoS-ICMP_Flood
DDoS-ICMP_Flood,DoS-TCP_Flood
DDoS-ICMP_Flood,DDoS-ICMP_Flood
DDoS-ICMP_Flood,DDoS-ICMP_Flood
DDoS-ICMP_Flood,DDoS-ICMP_Flood
DDoS-ICMP_Flood,DDoS-ICMP_Flood
DDoS-ICMP_Flood,DDoS-ICMP_Flood
DDoS-ICMP_Flood,DDoS-ICMP_Flood
DDoS-ICMP_Flood,DDoS-ICMP_Flood
DDoS-ICMP_Flood,DDoS-ICMP_Flood
DDoS-ICMP_Flood,DDoS-ICMP_Flood
DDoS-ICMP_Flood,DDoS-ICMP_Flood
DDoS-ICMP_Flood,DDoS-ICMP_Flood
DDoS-ICMP_Flood,DDoS-ICMP_Flood
DDoS-ICMP_Flood,DDoS-ICMP_Flood
DDoS-ICMP_Flood,DDoS-ICMP_Flood
DDoS-ICMP_Flood,DDoS-ICMP_Flood
DDoS-ICMP_Flood,DDoS-ICMP_Flood
DDoS-ICMP_Flood,DDoS-ICMP_Flood
DDoS-ICMP_Flood,DDoS-ICMP_Flood
DDoS-ICMP_Flood,DDoS-ICMP_Flood
DDoS-ICMP_Flood,DDoS-ICMP_Flood
DDoS-ICMP_Flood,DDoS-ICMP_Flood
DDoS-ICMP_Flood,DDoS-ICMP_Flood
DDoS-ICMP_Flood,DDoS-ICMP_Flood
DDoS-ICMP_Flood,DDoS-ICMP_Flood
DDoS-ICMP_Flood,DDoS-ICMP_Flood
DDoS-ICMP_Flood,DDoS-ICMP_Flood
DDoS-ICMP_Flood,DDoS-ICMP_Flood
DDoS-ICMP_Flood,DDoS-ICMP_Flood
DDoS-ICMP_Flood,DDoS-ICMP_Flood
DDoS-ICMP_Flood,DDoS-ICMP_Flood
DDoS-ICMP_Flood,DDoS-ICMP_Flood
DDoS-ICMP_Flood,DDoS-ICMP_Flood
DDoS-ICMP_Flood,DDoS-ICMP_Flood
DDoS-ICMP_Flood,DDoS-ICMP_Flood
DDoS-ICMP_Flood,DDoS-ICMP_Flood
DDoS-ICMP_Flood,DDoS-UDP_Flood
DDoS-ICMP_Flood,DDoS-ICMP_Flood
DDoS-ICMP_Flood,DDoS-ICMP_Flood
DDoS-ICMP_Flood,DDoS-ICMP_Flood
DDoS-ICMP_Flood,DDoS-ICMP_Flood
DDoS-ICMP_Flood,DDoS-ICMP_Flood
DDoS-ICMP_Flood,DDoS-ICMP_Flood
DDoS-ICMP_Flood,DDoS-ICMP_Flood
DDoS-ICMP_Flood,DDoS-ICMP_Flood
DDoS-ICMP_Flood,DDoS-ICMP_Flood
DDoS-ICMP_Flood,DDoS-ICMP_Flood
DDoS-ICMP_Flood,DDoS-ICMP_Flood
DDoS-ICMP_Flood,DDoS-ICMP_Flood
DDoS-ICMP_Flood,DDoS-ICMP_Flood
DDoS-ICMP_Flood,DDoS-ICMP_Flood
DDoS-ICMP_Flood,DDoS-ICMP_Flood
DDoS-ICMP_Flood,DDoS-ICMP_Flood
DDoS-ICMP_Flood,DDoS-ICMP_Flood
DDoS-ICMP_Flood,DDoS-ICMP_Flood
DDoS-ICMP_Flood,DDoS-ICMP_Flood
DDoS-ICMP_Flood,DDoS-ICMP_Flood
DDoS-ICMP_Flood,DDoS-ICMP_Flood
DDoS-ICMP_Flood,DDoS-ICMP_Flood
DDoS-ICMP_Flood,DDoS-ICMP_Flood
DDoS-ICMP_Flood,DDoS-ICMP_Flood
DDoS-ICMP_Flood,DDoS-ICMP_Flood
DDoS-ICMP_Flood,DDoS-ICMP_Flood
DDoS-ICMP_Flood,DDoS-ICMP_Flood
DDoS-ICMP_Flood,DDoS-ICMP_Flood
DDoS-ICMP_Flood,DDoS-ICMP_Flood
DDoS-ICMP_Flood,DDoS-ICMP_Flood
DDoS-ICMP_Flood,DDoS-ICMP_Flood
DDoS-ICMP_Flood,DDoS-ICMP_Flood
DDoS-ICMP_Flood,DDoS-ICMP_Flood
DDoS-ICMP_Flood,DDoS-ICMP_Flood
DDoS-ICMP_Flood,DDoS-ICMP_Flood
DDoS-ICMP_Flood,DDoS-ICMP_Flood
DDoS-ICMP_Flood,DDoS-ICMP_Flood
DDoS-ICMP_Flood,DDoS-ICMP_Flood
DDoS-ICMP_Flood,DDoS-ICMP_Flood
DDoS-ICMP_Flood,DDoS-ICMP_Flood
DDoS-ICMP_Flood,DDoS-ICMP_Flood
DDoS-ICMP_Flood,DDoS-ICMP_Flood
DDoS-ICMP_Flood,DDoS-ICMP_Flood
DDoS-ICMP_Flood,DDoS-ICMP_Flood
DDoS-ICMP_Flood,DDoS-ICMP_Flood
DDoS-ICMP_Flood,DDoS-ICMP_Flood
DDoS-ICMP_Flood,DDoS-ICMP_Flood
DDoS-ICMP_Flood,DDoS-ICMP_Flood
DDoS-ICMP_Flood,DDoS-ICMP_Flood
DDoS-ICMP_Flood,DDoS-ICMP_Flood
DDoS-ICMP_Flood,DDoS-ICMP_Flood
DDoS-ICMP_Flood,DDoS-ICMP_Flood
DDoS-ICMP_Flood,DDoS-ICMP_Flood
DDoS-ICMP_Flood,DDoS-ICMP_Flood
DDoS-ICMP_Flood,DDoS-ICMP_Flood
DDoS-ICMP_Flood,DDoS-ICMP_Flood
DDoS-ICMP_Flood,DDoS-ICMP_Flood
DDoS-ICMP_Flood,DDoS-ICMP_Flood
DDoS-ICMP_Flood,DDoS-ICMP_Flood
DDoS-ICMP_Flood,DDoS-ICMP_Flood
DDoS-ICMP_Flood,DDoS-ICMP_Flood
DDoS-ICMP_Flood,DDoS-ICMP_Flood
DDoS-ICMP_Flood,DDoS-ICMP_Flood
DDoS-ICMP_Flood,DDoS-ICMP_Flood
DDoS-ICMP_Flood,DDoS-ICMP_Flood
DDoS-ICMP_Flood,DDoS-ICMP_Flood
DDoS-ICMP_Flood,DDoS-ICMP_Flood
DDoS-ICMP_Flood,DDoS-ICMP_Flood
DDoS-ICMP_Flood,DDoS-ICMP_Flood
DDoS-ICMP_Flood,DDoS-ICMP_Flood
DDoS-ICMP_Flood,DDoS-ICMP_Flood
DDoS-ICMP_Flood,DDoS-ICMP_Flood
DDoS-ICMP_Flood,DDoS-ICMP_Flood
DDoS-ICMP_Flood,DDoS-ICMP_Flood
DDoS-ICMP_Flood,DDoS-ICMP_Flood
DDoS-ICMP_Flood,DDoS-ICMP_Flood
DDoS-ICMP_Flood,DDoS-ICMP_Flood
DDoS-ICMP_Flood,DDoS-ICMP_Flood
DDoS-ICMP_Flood,DDoS-ICMP_Flood
DDoS-ICMP_Flood,DDoS-ICMP_Flood
DDoS-ICMP_Flood,DDoS-ICMP_Flood
DDoS-ICMP_Flood,DDoS-ICMP_Flood
DDoS-ICMP_Flood,DDoS-ICMP_Flood
DDoS-ICMP_Flood,DDoS-ICMP_Flood
DDoS-ICMP_Flood,DDoS-ICMP_Flood
DDoS-ICMP_Flood,DDoS-ICMP_Flood
DDoS-ICMP_Flood,DDoS-ICMP_Flood
DDoS-ICMP_Flood,DDoS-ICMP_Flood
DDoS-ICMP_Flood,DDoS-ICMP_Flood
DDoS-ICMP_Flood,DDoS-ICMP_Flood
DDoS-ICMP_Flood,DDoS-ICMP_Flood
DDoS-ICMP_Flood,DDoS-ICMP_Flood
DDoS-ICMP_Flood,DDoS-ICMP_Flood
DDoS-ICMP_Flood,DDoS-ICMP_Flood
DDoS-ICMP_Flood,DDoS-ICMP_Flood
DDoS-ICMP_Flood,DDoS-ICMP_Flood
DDoS-ICMP_Flood,DDoS-ICMP_Flood
DDoS-ICMP_Flood,DDoS-ICMP_Flood
DDoS-ICMP_Flood,DDoS-ICMP_Flood
DDoS-ICMP_Flood,DDoS-ICMP_Flood
DDoS-ICMP_Flood,DDoS-ICMP_Flood
DDoS-ICMP_Flood,DDoS-ICMP_Flood
DDoS-ICMP_Flood,DDoS-ICMP_Flood
DDoS-ICMP_Flood,DDoS-ICMP_Flood
DDoS-ICMP_Flood,DDoS-ICMP_Flood
DDoS-ICMP_Flood,DDoS-ICMP_Flood
DDoS-ICMP_Flood,DDoS-ICMP_Flood
DDoS-ICMP_Flood,DDoS-ICMP_Flood
DDoS-ICMP_Flood,DDoS-UDP_Flood
DDoS-ICMP_Flood,DDoS-ICMP_Flood
DDoS-ICMP_Flood,DDoS-ICMP_Flood
DDoS-ICMP_Flood,DDoS-ICMP_Flood
DDoS-ICMP_Flood,DDoS-ICMP_Flood
DDoS-ICMP_Flood,DDoS-ICMP_Flood
DDoS-ICMP_Flood,DDoS-ICMP_Flood
DDoS-ICMP_Flood,DDoS-ICMP_Flood
DDoS-ICMP_Flood,DDoS-ICMP_Flood
DDoS-ICMP_Flood,DDoS-ICMP_Flood
DDoS-ICMP_Flood,DDoS-ICMP_Flood
DDoS-ICMP_Flood,DDoS-ICMP_Flood
DDoS-ICMP_Flood,DDoS-ICMP_Flood
DDoS-ICMP_Flood,DDoS-ICMP_Flood
DDoS-ICMP_Flood,DDoS-ICMP_Flood
DDoS-ICMP_Flood,DDoS-ICMP_Flood
DDoS-ICMP_Flood,DDoS-ICMP_Flood
DDoS-ICMP_Flood,DDoS-ICMP_Flood
DDoS-ICMP_Flood,DDoS-ICMP_Flood
DDoS-ICMP_Flood,DDoS-ICMP_Flood
DDoS-ICMP_Flood,DDoS-ICMP_Flood
DDoS-ICMP_Flood,DDoS-ICMP_Flood
DDoS-ICMP_Flood,DoS-TCP_Flood
DDoS-ICMP_Flood,DDoS-ICMP_Flood
DDoS-ICMP_Flood,DDoS-ICMP_Flood
DDoS-ICMP_Flood,DDoS-ICMP_Flood
DDoS-ICMP_Flood,DDoS-ICMP_Flood
DDoS-ICMP_Flood,DDoS-ICMP_Flood
DDoS-ICMP_Flood,DDoS-ICMP_Flood
DDoS-ICMP_Flood,DDoS-ICMP_Flood
DDoS-ICMP_Flood,DDoS-ICMP_Flood
DDoS-ICMP_Flood,DoS-TCP_Flood
DDoS-ICMP_Flood,DDoS-ICMP_Flood
DDoS-ICMP_Flood,DDoS-ICMP_Flood
DDoS-ICMP_Flood,DDoS-ICMP_Flood
DDoS-ICMP_Flood,DDoS-ICMP_Flood
DDoS-ICMP_Flood,DDoS-ICMP_Flood
DDoS-ICMP_Flood,DDoS-ICMP_Flood
DDoS-ICMP_Flood,DDoS-ICMP_Flood
DDoS-ICMP_Flood,DDoS-ICMP_Flood
DDoS-ICMP_Flood,DDoS-ICMP_Flood
DDoS-ICMP_Flood,DDoS-ICMP_Flood
DDoS-ICMP_Flood,DDoS-ICMP_Flood
DDoS-ICMP_Flood,DDoS-ICMP_Flood
DDoS-ICMP_Flood,DDoS-ICMP_Flood
DDoS-ICMP_Flood,DDoS-ICMP_Flood
DDoS-ICMP_Flood,DDoS-ICMP_Flood
DDoS-ICMP_Flood,DDoS-ICMP_Flood
DDoS-ICMP_Flood,DDoS-ICMP_Flood
DDoS-ICMP_Flood,DDoS-ICMP_Flood
DDoS-ICMP_Flood,DDoS-ICMP_Flood
DDoS-ICMP_Flood,DDoS-ICMP_Flood
DDoS-ICMP_Flood,DDoS-ICMP_Flood
DDoS-ICMP_Flood,DDoS-ICMP_Flood
DDoS-ICMP_Flood,DDoS-ICMP_Flood
DDoS-ICMP_Flood,DDoS-ICMP_Flood
DDoS-ICMP_Flood,DDoS-ICMP_Flood
DDoS-ICMP_Flood,DDoS-ICMP_Flood
DDoS-ICMP_Flood,DDoS-ICMP_Flood
DDoS-ICMP_Flood,DDoS-ICMP_Flood
DDoS-ICMP_Flood,DDoS-ICMP_Flood
DDoS-ICMP_Flood,DDoS-ICMP_Flood
DDoS-ICMP_Flood,DDoS-ICMP_Flood
DDoS-ICMP_Flood,DDoS-ICMP_Flood
DDoS-ICMP_Flood,DDoS-ICMP_Flood
DDoS-ICMP_Flood,DDoS-ICMP_Flood
DDoS-ICMP_Flood,DDoS-ICMP_Flood
DDoS-ICMP_Flood,DoS-TCP_Flood
DDoS-ICMP_Flood,DDoS-ICMP_Flood
DDoS-ICMP_Flood,DDoS-ICMP_Flood
DDoS-ICMP_Flood,DDoS-ICMP_Flood
DDoS-ICMP_Flood,DDoS-ICMP_Flood
DDoS-ICMP_Flood,DDoS-ICMP_Flood
DDoS-ICMP_Flood,DDoS-ICMP_Flood
DDoS-ICMP_Flood,DDoS-ICMP_Flood
DDoS-ICMP_Flood,DDoS-ICMP_Flood
DDoS-ICMP_Flood,DDoS-ICMP_Flood
DDoS-ICMP_Flood,DDoS-ICMP_Flood
DDoS-ICMP_Flood,DDoS-ICMP_Flood
DDoS-ICMP_Flood,DDoS-ICMP_Flood
DDoS-ICMP_Flood,DDoS-ICMP_Flood
DDoS-ICMP_Flood,DDoS-ICMP_Flood
DDoS-ICMP_Flood,DDoS-ICMP_Flood
DDoS-ICMP_Flood,DDoS-ICMP_Flood
DDoS-ICMP_Flood,DDoS-ICMP_Flood
DDoS-ICMP_Flood,DDoS-ICMP_Flood
DDoS-ICMP_Flood,DDoS-ICMP_Flood
DDoS-ICMP_Flood,DDoS-ICMP_Flood
DDoS-ICMP_Flood,DDoS-ICMP_Flood
DDoS-ICMP_Flood,DDoS-ICMP_Flood
DDoS-ICMP_Flood,DDoS-ICMP_Flood
DDoS-ICMP_Flood,DDoS-ICMP_Flood
DDoS-ICMP_Flood,DDoS-ICMP_Flood
DDoS-ICMP_Flood,DDoS-ICMP_Flood
DDoS-ICMP_Flood,DDoS-ICMP_Flood
DDoS-ICMP_Flood,DDoS-ICMP_Flood
DDoS-ICMP_Flood,DDoS-ICMP_Flood
DDoS-ICMP_Flood,DoS-TCP_Flood
DDoS-ICMP_Flood,DDoS-ICMP_Flood
DDoS-ICMP_Flood,DDoS-ICMP_Flood
DDoS-ICMP_Flood,DDoS-ICMP_Flood
DDoS-ICMP_Flood,DDoS-ICMP_Flood
DDoS-ICMP_Flood,DDoS-ICMP_Flood
DDoS-ICMP_Flood,DDoS-ICMP_Flood
DDoS-ICMP_Flood,DDoS-ICMP_Flood
DDoS-ICMP_Flood,DDoS-UDP_Flood
DDoS-ICMP_Flood,DDoS-ICMP_Flood
DDoS-ICMP_Flood,DDoS-ICMP_Flood
DDoS-ICMP_Flood,DDoS-ICMP_Flood
DDoS-ICMP_Flood,DDoS-ICMP_Flood
DDoS-ICMP_Flood,DoS-TCP_Flood
DDoS-ICMP_Flood,DDoS-ICMP_Flood
DDoS-ICMP_Flood,DDoS-ICMP_Flood
DDoS-ICMP_Flood,DDoS-ICMP_Flood
DDoS-ICMP_Flood,DDoS-ICMP_Flood
DDoS-ICMP_Flood,DDoS-ICMP_Flood
DDoS-ICMP_Flood,DDoS-ICMP_Flood
DDoS-ICMP_Flood,DDoS-ICMP_Flood
DDoS-ICMP_Flood,DDoS-ICMP_Flood
DDoS-ICMP_Flood,DDoS-ICMP_Flood
DDoS-ICMP_Flood,DDoS-ICMP_Flood
DDoS-ICMP_Flood,DDoS-ICMP_Flood
DDoS-ICMP_Flood,DDoS-ICMP_Flood
DDoS-ICMP_Flood,DDoS-ICMP_Flood
DDoS-ICMP_Flood,DDoS-ICMP_Flood
DDoS-ICMP_Flood,DDoS-ICMP_Flood
DDoS-ICMP_Flood,DDoS-ICMP_Flood
DDoS-ICMP_Flood,DDoS-ICMP_Flood
DDoS-ICMP_Flood,DDoS-ICMP_Flood
DDoS-ICMP_Flood,DDoS-ICMP_Flood
DDoS-ICMP_Flood,DDoS-ICMP_Flood
DDoS-ICMP_Flood,DDoS-ICMP_Flood
DDoS-ICMP_Flood,DDoS-ICMP_Flood
DDoS-ICMP_Flood,DDoS-ICMP_Flood
DDoS-ICMP_Flood,DDoS-ICMP_Flood
DDoS-ICMP_Flood,DDoS-ICMP_Flood
DDoS-ICMP_Flood,DDoS-ICMP_Flood
DDoS-ICMP_Flood,DDoS-ICMP_Flood
DDoS-ICMP_Flood,DDoS-ICMP_Flood
DDoS-ICMP_Flood,DDoS-ICMP_Flood
DDoS-ICMP_Flood,DDoS-ICMP_Flood
DDoS-ICMP_Flood,DDoS-ICMP_Flood
DDoS-ICMP_Flood,DDoS-ICMP_Flood
DDoS-ICMP_Flood,DDoS-ICMP_Flood
DDoS-ICMP_Flood,DDoS-ICMP_Flood
DDoS-ICMP_Flood,DDoS-ICMP_Flood
DDoS-ICMP_Flood,DDoS-ICMP_Flood
DDoS-ICMP_Flood,DDoS-ICMP_Flood
DDoS-ICMP_Flood,DDoS-ICMP_Flood
DDoS-ICMP_Flood,DDoS-ICMP_Flood
DDoS-ICMP_Flood,DDoS-ICMP_Flood
DDoS-ICMP_Flood,DDoS-UDP_Flood
DDoS-ICMP_Flood,DDoS-ICMP_Flood
DDoS-ICMP_Flood,DDoS-ICMP_Flood
DDoS-ICMP_Flood,DDoS-ICMP_Flood
DDoS-ICMP_Flood,DDoS-ICMP_Flood
DDoS-ICMP_Flood,DDoS-ICMP_Flood
DDoS-ICMP_Flood,DDoS-ICMP_Flood
DDoS-ICMP_Flood,DDoS-ICMP_Flood
DDoS-ICMP_Flood,DDoS-ICMP_Flood
DDoS-ICMP_Flood,DDoS-ICMP_Flood
DDoS-ICMP_Flood,DDoS-ICMP_Flood
DDoS-ICMP_Flood,DDoS-ICMP_Flood
DDoS-ICMP_Flood,DDoS-ICMP_Flood
DDoS-ICMP_Flood,DDoS-ICMP_Flood
DDoS-ICMP_Flood,DDoS-ICMP_Flood
DDoS-ICMP_Flood,DDoS-ICMP_Flood
DDoS-ICMP_Flood,DDoS-ICMP_Flood
DDoS-ICMP_Flood,DoS-TCP_Flood
DDoS-ICMP_Flood,DDoS-ICMP_Flood
DDoS-ICMP_Flood,DDoS-ICMP_Flood
DDoS-ICMP_Flood,DDoS-ICMP_Flood
DDoS-ICMP_Flood,DDoS-ICMP_Flood
DDoS-ICMP_Flood,DDoS-ICMP_Flood
DDoS-ICMP_Flood,DDoS-ICMP_Flood
DDoS-ICMP_Flood,DDoS-ICMP_Flood
DDoS-ICMP_Flood,DDoS-ICMP_Flood
DDoS-ICMP_Flood,DDoS-ICMP_Flood
DDoS-ICMP_Flood,DDoS-ICMP_Flood
DDoS-ICMP_Flood,DDoS-ICMP_Flood
DDoS-ICMP_Flood,DDoS-ICMP_Flood
DDoS-ICMP_Flood,DDoS-ICMP_Flood
DDoS-ICMP_Flood,DDoS-ICMP_Flood
DDoS-ICMP_Flood,DDoS-ICMP_Flood
DDoS-ICMP_Flood,DDoS-ICMP_Flood
DDoS-ICMP_Flood,DDoS-ICMP_Flood
DDoS-ICMP_Flood,DDoS-ICMP_Flood
DDoS-ICMP_Flood,DDoS-ICMP_Flood
DDoS-ICMP_Flood,DDoS-ICMP_Flood
DDoS-ICMP_Flood,DDoS-ICMP_Flood
DDoS-ICMP_Flood,DDoS-ICMP_Flood
DDoS-ICMP_Flood,DDoS-ICMP_Flood
DDoS-ICMP_Flood,DDoS-ICMP_Flood
DDoS-ICMP_Flood,DDoS-ICMP_Flood
DDoS-UDP_Flood,DDoS-UDP_Flood
DDoS-UDP_Flood,DDoS-PSHACK_Flood
DDoS-UDP_Flood,DDoS-UDP_Flood
DDoS-UDP_Flood,DDoS-UDP_Flood
DDoS-UDP_Flood,DDoS-UDP_Flood
DDoS-UDP_Flood,DDoS-PSHACK_Flood
DDoS-UDP_Flood,DoS-UDP_Flood
DDoS-UDP_Flood,DDoS-UDP_Flood
DDoS-UDP_Flood,DDoS-PSHACK_Flood
DDoS-UDP_Flood,DDoS-UDP_Flood
DDoS-UDP_Flood,DDoS-PSHACK_Flood
DDoS-UDP_Flood,DDoS-PSHACK_Flood
DDoS-UDP_Flood,DDoS-UDP_Flood
DDoS-UDP_Flood,DDoS-PSHACK_Flood
DDoS-UDP_Flood,DDoS-UDP_Flood
DDoS-UDP_Flood,DDoS-UDP_Flood
DDoS-UDP_Flood,DDoS-UDP_Flood
DDoS-UDP_Flood,DDoS-UDP_Flood
DDoS-UDP_Flood,DDoS-UDP_Flood
DDoS-UDP_Flood,DDoS-UDP_Flood
DDoS-UDP_Flood,DDoS-PSHACK_Flood
DDoS-UDP_Flood,DDoS-UDP_Flood
DDoS-UDP_Flood,DDoS-UDP_Flood
DDoS-UDP_Flood,DoS-UDP_Flood
DDoS-UDP_Flood,DDoS-UDP_Flood
DDoS-UDP_Flood,DDoS-UDP_Flood
DDoS-UDP_Flood,DDoS-UDP_Flood
DDoS-UDP_Flood,DoS-UDP_Flood
DDoS-UDP_Flood,DDoS-PSHACK_Flood
DDoS-UDP_Flood,DDoS-PSHACK_Flood
DDoS-UDP_Flood,DDoS-UDP_Flood
DDoS-UDP_Flood,DDoS-PSHACK_Flood
DDoS-UDP_Flood,DoS-UDP_Flood
DDoS-UDP_Flood,DDoS-ICMP_Fragmentation
DDoS-UDP_Flood,DDoS-PSHACK_Flood
DDoS-UDP_Flood,DoS-UDP_Flood
DDoS-UDP_Flood,DDoS-UDP_Flood
DDoS-UDP_Flood,DDoS-UDP_Flood
DDoS-UDP_Flood,DDoS-PSHACK_Flood
DDoS-UDP_Flood,DDoS-UDP_Flood
DDoS-UDP_Flood,DDoS-PSHACK_Flood
DDoS-UDP_Flood,DDoS-ICMP_Flood
DDoS-UDP_Flood,DDoS-UDP_Flood
DDoS-UDP_Flood,DDoS-UDP_Flood
DDoS-UDP_Flood,DDoS-UDP_Flood
DDoS-UDP_Flood,DDoS-UDP_Flood
DDoS-UDP_Flood,DDoS-UDP_Flood
DDoS-UDP_Flood,DDoS-UDP_Flood
DDoS-UDP_Flood,DDoS-UDP_Flood
DDoS-UDP_Flood,DDoS-UDP_Flood
DDoS-UDP_Flood,DDoS-PSHACK_Flood
DDoS-UDP_Flood,DoS-UDP_Flood
DDoS-UDP_Flood,DDoS-PSHACK_Flood
DDoS-UDP_Flood,DDoS-PSHACK_Flood
DDoS-UDP_Flood,DDoS-UDP_Flood
DDoS-UDP_Flood,DDoS-UDP_Flood
DDoS-UDP_Flood,DDoS-UDP_Flood
DDoS-UDP_Flood,DDoS-UDP_Flood
DDoS-UDP_Flood,DDoS-UDP_Flood
DDoS-UDP_Flood,DDoS-UDP_Flood
DDoS-UDP_Flood,DDoS-UDP_Flood
DDoS-UDP_Flood,DDoS-UDP_Flood
DDoS-UDP_Flood,DoS-UDP_Flood
DDoS-UDP_Flood,DDoS-UDP_Flood
DDoS-UDP_Flood,DoS-UDP_Flood
DDoS-UDP_Flood,DDoS-UDP_Flood
DDoS-UDP_Flood,DDoS-UDP_Flood
DDoS-UDP_Flood,DDoS-UDP_Flood
DDoS-UDP_Flood,DDoS-UDP_Flood
DDoS-UDP_Flood,DDoS-UDP_Flood
DDoS-UDP_Flood,DDoS-UDP_Flood
DDoS-UDP_Flood,DDoS-UDP_Flood
DDoS-UDP_Flood,DDoS-UDP_Flood
DDoS-UDP_Flood,DoS-UDP_Flood
DDoS-UDP_Flood,DDoS-UDP_Flood
DDoS-UDP_Flood,DDoS-PSHACK_Flood
DDoS-UDP_Flood,DDoS-PSHACK_Flood
DDoS-UDP_Flood,DDoS-UDP_Flood
DDoS-UDP_Flood,DDoS-PSHACK_Flood
DDoS-UDP_Flood,DDoS-UDP_Flood
DDoS-UDP_Flood,DDoS-UDP_Flood
DDoS-UDP_Flood,DDoS-UDP_Flood
DDoS-UDP_Flood,DDoS-PSHACK_Flood
DDoS-UDP_Flood,DDoS-UDP_Flood
DDoS-UDP_Flood,DDoS-UDP_Flood
DDoS-UDP_Flood,DDoS-PSHACK_Flood
DDoS-UDP_Flood,DDoS-UDP_Flood
DDoS-UDP_Flood,DDoS-UDP_Flood
DDoS-UDP_Flood,DDoS-UDP_Flood
DDoS-UDP_Flood,DDoS-PSHACK_Flood
DDoS-UDP_Flood,DDoS-UDP_Flood
DDoS-UDP_Flood,DoS-UDP_Flood
DDoS-UDP_Flood,DDoS-UDP_Flood
DDoS-UDP_Flood,DDoS-UDP_Flood
DDoS-UDP_Flood,DDoS-UDP_Flood
DDoS-UDP_Flood,DDoS-PSHACK_Flood
DDoS-UDP_Flood,DDoS-UDP_Flood
DDoS-UDP_Flood,DoS-UDP_Flood
DDoS-UDP_Flood,DDoS-UDP_Flood
DDoS-UDP_Flood,DDoS-UDP_Flood
DDoS-UDP_Flood,DDoS-UDP_Flood
DDoS-UDP_Flood,DoS-UDP_Flood
DDoS-UDP_Flood,DoS-UDP_Flood
DDoS-UDP_Flood,DoS-UDP_Flood
DDoS-UDP_Flood,DDoS-PSHACK_Flood
DDoS-UDP_Flood,DDoS-PSHACK_Flood
DDoS-UDP_Flood,DoS-UDP_Flood
DDoS-UDP_Flood,DDoS-UDP_Flood
DDoS-UDP_Flood,DDoS-UDP_Flood
DDoS-UDP_Flood,DDoS-UDP_Flood
DDoS-UDP_Flood,DDoS-UDP_Flood
DDoS-UDP_Flood,DDoS-UDP_Flood
DDoS-UDP_Flood,DDoS-UDP_Flood
DDoS-UDP_Flood,DDoS-PSHACK_Flood
DDoS-UDP_Flood,DoS-UDP_Flood
DDoS-UDP_Flood,DDoS-UDP_Flood
DDoS-UDP_Flood,DDoS-UDP_Flood
DDoS-UDP_Flood,DDoS-UDP_Flood
DDoS-UDP_Flood,DDoS-PSHACK_Flood
DDoS-UDP_Flood,DoS-UDP_Flood
DDoS-UDP_Flood,DDoS-UDP_Flood
DDoS-UDP_Flood,DDoS-UDP_Flood
DDoS-UDP_Flood,DDoS-ICMP_Fragmentation
DDoS-UDP_Flood,DDoS-UDP_Flood
DDoS-UDP_Flood,DDoS-UDP_Flood
DDoS-UDP_Flood,DDoS-PSHACK_Flood
DDoS-UDP_Flood,DDoS-UDP_Flood
DDoS-UDP_Flood,DDoS-PSHACK_Flood
DDoS-UDP_Flood,DDoS-UDP_Flood
DDoS-UDP_Flood,DDoS-UDP_Flood
DDoS-UDP_Flood,DDoS-UDP_Flood
DDoS-UDP_Flood,Mirai-udpplain
DDoS-UDP_Flood,DDoS-UDP_Flood
DDoS-UDP_Flood,DDoS-UDP_Flood
DDoS-UDP_Flood,DDoS-UDP_Flood
DDoS-UDP_Flood,DDoS-UDP_Flood
DDoS-UDP_Flood,DDoS-UDP_Flood
DDoS-UDP_Flood,DDoS-UDP_Flood
DDoS-UDP_Flood,DoS-UDP_Flood
DDoS-UDP_Flood,DDoS-ICMP_Fragmentation
DDoS-UDP_Flood,DoS-UDP_Flood
DDoS-UDP_Flood,DDoS-PSHACK_Flood
DDoS-UDP_Flood,DDoS-UDP_Flood
DDoS-UDP_Flood,DoS-UDP_Flood
DDoS-UDP_Flood,DDoS-UDP_Flood
DDoS-UDP_Flood,DDoS-PSHACK_Flood
DDoS-UDP_Flood,DoS-TCP_Flood
DDoS-UDP_Flood,DDoS-UDP_Flood
DDoS-UDP_Flood,DDoS-UDP_Flood
DDoS-UDP_Flood,DDoS-UDP_Flood
DDoS-UDP_Flood,DoS-UDP_Flood
DDoS-UDP_Flood,DDoS-UDP_Flood
DDoS-UDP_Flood,DDoS-UDP_Flood
DDoS-UDP_Flood,DDoS-UDP_Flood
DDoS-UDP_Flood,DDoS-UDP_Flood
DDoS-UDP_Flood,DDoS-UDP_Flood
DDoS-UDP_Flood,DoS-UDP_Flood
DDoS-UDP_Flood,DDoS-UDP_Flood
DDoS-UDP_Flood,DDoS-UDP_Flood
DDoS-UDP_Flood,DDoS-UDP_Flood
DDoS-UDP_Flood,DoS-UDP_Flood
DDoS-UDP_Flood,DDoS-UDP_Flood
DDoS-UDP_Flood,DoS-UDP_Flood
DDoS-UDP_Flood,DDoS-UDP_Flood
DDoS-UDP_Flood,DDoS-UDP_Flood
DDoS-UDP_Flood,DDoS-UDP_Flood
DDoS-UDP_Flood,DDoS-UDP_Flood
DDoS-UDP_Flood,DDoS-ICMP_Fragmentation
DDoS-UDP_Flood,DoS-UDP_Flood
DDoS-UDP_Flood,DDoS-UDP_Flood
DDoS-UDP_Flood,DDoS-UDP_Flood
DDoS-UDP_Flood,DDoS-UDP_Flood
DDoS-UDP_Flood,DDoS-UDP_Flood
DDoS-UDP_Flood,DDoS-UDP_Flood
DDoS-UDP_Flood,DDoS-UDP_Flood
DDoS-UDP_Flood,DDoS-UDP_Flood
DDoS-UDP_Flood,DDoS-UDP_Flood
DDoS-UDP_Flood,DDoS-UDP_Flood
DDoS-UDP_Flood,DDoS-PSHACK_Flood
DDoS-UDP_Flood,DDoS-UDP_Flood
DDoS-UDP_Flood,DDoS-UDP_Flood
DDoS-UDP_Flood,DDoS-ICMP_Fragmentation
DDoS-UDP_Flood,DDoS-UDP_Flood
DDoS-UDP_Flood,DDoS-UDP_Flood
DDoS-UDP_Flood,DDoS-UDP_Flood
DDoS-UDP_Flood,DDoS-UDP_Flood
DDoS-UDP_Flood,DDoS-PSHACK_Flood
DDoS-UDP_Flood,Mirai-udpplain
DDoS-UDP_Flood,DDoS-UDP_Flood
DDoS-UDP_Flood,DDoS-UDP_Flood
DDoS-UDP_Flood,DDoS-UDP_Flood
DDoS-UDP_Flood,DDoS-UDP_Flood
DDoS-UDP_Flood,DoS-UDP_Flood
DDoS-UDP_Flood,DDoS-UDP_Flood
DDoS-UDP_Flood,DDoS-UDP_Flood
DDoS-UDP_Flood,DDoS-UDP_Flood
DDoS-UDP_Flood,DoS-UDP_Flood
DDoS-UDP_Flood,DDoS-UDP_Flood
DDoS-UDP_Flood,DDoS-UDP_Flood
DDoS-UDP_Flood,DDoS-UDP_Flood
DDoS-UDP_Flood,DDoS-UDP_Flood
DDoS-UDP_Flood,DDoS-ICMP_Fragmentation
DDoS-UDP_Flood,DDoS-UDP_Flood
DDoS-UDP_Flood,DDoS-UDP_Flood
DDoS-UDP_Flood,DDoS-UDP_Flood
DDoS-UDP_Flood,DDoS-UDP_Flood
DDoS-UDP_Flood,DDoS-UDP_Flood
DDoS-UDP_Flood,DDoS-UDP_Flood
DDoS-UDP_Flood,DDoS-UDP_Flood
DDoS-UDP_Flood,DDoS-UDP_Flood
DDoS-UDP_Flood,DoS-UDP_Flood
DDoS-UDP_Flood,DoS-UDP_Flood
DDoS-UDP_Flood,DDoS-UDP_Flood
DDoS-UDP_Flood,DDoS-UDP_Flood
DDoS-UDP_Flood,DDoS-UDP_Flood
DDoS-UDP_Flood,DDoS-UDP_Flood
DDoS-UDP_Flood,DDoS-UDP_Flood
DDoS-UDP_Flood,DDoS-ICMP_Fragmentation
DDoS-UDP_Flood,DDoS-UDP_Flood
DDoS-UDP_Flood,DDoS-UDP_Flood
DDoS-UDP_Flood,DDoS-PSHACK_Flood
DDoS-UDP_Flood,DDoS-UDP_Flood
DDoS-UDP_Flood,DDoS-UDP_Flood
DDoS-UDP_Flood,DDoS-UDP_Flood
DDoS-UDP_Flood,DDoS-UDP_Flood
DDoS-UDP_Flood,DDoS-UDP_Flood
DDoS-UDP_Flood,DDoS-UDP_Flood
DDoS-UDP_Flood,DDoS-UDP_Flood
DDoS-UDP_Flood,DoS-UDP_Flood
DDoS-UDP_Flood,DDoS-UDP_Flood
DDoS-UDP_Flood,DDoS-UDP_Flood
DDoS-UDP_Flood,DDoS-UDP_Flood
DDoS-UDP_Flood,DDoS-UDP_Flood
DDoS-UDP_Flood,DDoS-UDP_Flood
DDoS-UDP_Flood,DDoS-UDP_Flood
DDoS-UDP_Flood,DDoS-UDP_Flood
DDoS-UDP_Flood,DDoS-UDP_Flood
DDoS-UDP_Flood,DDoS-UDP_Flood
DDoS-UDP_Flood,DDoS-UDP_Flood
DDoS-UDP_Flood,DoS-UDP_Flood
DDoS-UDP_Flood,DDoS-UDP_Flood
DDoS-UDP_Flood,DDoS-UDP_Flood
DDoS-UDP_Flood,DoS-UDP_Flood
DDoS-UDP_Flood,DDoS-UDP_Flood
DDoS-UDP_Flood,DoS-UDP_Flood
DDoS-UDP_Flood,DDoS-UDP_Flood
DDoS-UDP_Flood,DDoS-UDP_Flood
DDoS-UDP_Flood,DDoS-UDP_Flood
DDoS-UDP_Flood,DDoS-UDP_Flood
DDoS-UDP_Flood,DDoS-UDP_Flood
DDoS-UDP_Flood,DDoS-PSHACK_Flood
DDoS-UDP_Flood,DoS-UDP_Flood
DDoS-UDP_Flood,DDoS-UDP_Flood
DDoS-UDP_Flood,DDoS-UDP_Flood
DDoS-UDP_Flood,DDoS-ICMP_Fragmentation
DDoS-UDP_Flood,DDoS-UDP_Flood
DDoS-UDP_Flood,DDoS-PSHACK_Flood
DDoS-UDP_Flood,DoS-UDP_Flood
DDoS-UDP_Flood,DDoS-UDP_Flood
DDoS-UDP_Flood,DDoS-UDP_Flood
DDoS-UDP_Flood,DDoS-UDP_Flood
DDoS-UDP_Flood,DDoS-UDP_Flood
DDoS-UDP_Flood,DDoS-UDP_Flood
DDoS-UDP_Flood,DDoS-UDP_Flood
DDoS-UDP_Flood,DDoS-UDP_Flood
DDoS-UDP_Flood,DoS-UDP_Flood
DDoS-UDP_Flood,DDoS-UDP_Flood
DDoS-UDP_Flood,DDoS-UDP_Flood
DDoS-UDP_Flood,DDoS-UDP_Flood
DDoS-UDP_Flood,DDoS-ICMP_Fragmentation
DDoS-UDP_Flood,DDoS-UDP_Flood
DDoS-UDP_Flood,DDoS-UDP_Flood
DDoS-UDP_Flood,DDoS-PSHACK_Flood
DDoS-UDP_Flood,DDoS-PSHACK_Flood
DDoS-UDP_Flood,DDoS-UDP_Flood
DDoS-UDP_Flood,DDoS-UDP_Flood
DDoS-UDP_Flood,DDoS-UDP_Flood
DDoS-UDP_Flood,DDoS-UDP_Flood
DDoS-UDP_Flood,DDoS-UDP_Flood
DDoS-UDP_Flood,DoS-UDP_Flood
DDoS-UDP_Flood,Mirai-udpplain
DDoS-UDP_Flood,DDoS-UDP_Flood
DDoS-UDP_Flood,DoS-UDP_Flood
DDoS-UDP_Flood,DDoS-UDP_Flood
DDoS-UDP_Flood,DDoS-UDP_Flood
DDoS-UDP_Flood,DDoS-UDP_Flood
DDoS-UDP_Flood,DDoS-UDP_Flood
DDoS-UDP_Flood,DDoS-UDP_Flood
DDoS-UDP_Flood,DDoS-UDP_Flood
DDoS-UDP_Flood,DDoS-UDP_Flood
DDoS-UDP_Flood,DDoS-UDP_Flood
DDoS-UDP_Flood,DoS-UDP_Flood
DDoS-UDP_Flood,DDoS-UDP_Flood
DDoS-UDP_Flood,DDoS-UDP_Flood
DDoS-UDP_Flood,DDoS-PSHACK_Flood
DDoS-UDP_Flood,DDoS-UDP_Flood
DDoS-UDP_Flood,DoS-TCP_Flood
DDoS-UDP_Flood,DDoS-UDP_Flood
DDoS-UDP_Flood,DDoS-UDP_Flood
DDoS-UDP_Flood,DDoS-UDP_Flood
DDoS-UDP_Flood,DDoS-UDP_Flood
DDoS-UDP_Flood,DDoS-UDP_Flood
DDoS-UDP_Flood,Mirai-udpplain
DDoS-UDP_Flood,DDoS-UDP_Flood
DDoS-UDP_Flood,DDoS-UDP_Flood
DDoS-UDP_Flood,DDoS-UDP_Flood
DDoS-UDP_Flood,DDoS-UDP_Flood
DDoS-UDP_Flood,DDoS-UDP_Flood
DDoS-UDP_Flood,DDoS-UDP_Flood
DDoS-UDP_Flood,DDoS-UDP_Flood
DDoS-UDP_Flood,DDoS-UDP_Flood
DDoS-UDP_Flood,DDoS-UDP_Flood
DDoS-UDP_Flood,DDoS-UDP_Flood
DDoS-UDP_Flood,DDoS-PSHACK_Flood
DDoS-UDP_Flood,DDoS-PSHACK_Flood
DDoS-UDP_Flood,DDoS-UDP_Flood
DDoS-UDP_Flood,DDoS-UDP_Flood
DDoS-UDP_Flood,DDoS-UDP_Flood
DDoS-UDP_Flood,DDoS-UDP_Flood
DDoS-UDP_Flood,DDoS-UDP_Flood
DDoS-UDP_Flood,DDoS-UDP_Flood
DDoS-UDP_Flood,DDoS-UDP_Flood
DDoS-UDP_Flood,DDoS-UDP_Flood
DDoS-UDP_Flood,DoS-UDP_Flood
DDoS-UDP_Flood,DDoS-UDP_Flood
DDoS-UDP_Flood,DDoS-UDP_Flood
DDoS-UDP_Flood,DDoS-UDP_Flood
DDoS-UDP_Flood,DDoS-UDP_Flood
DDoS-UDP_Flood,DDoS-PSHACK_Flood
DDoS-UDP_Flood,DDoS-UDP_Flood
DDoS-UDP_Flood,DDoS-UDP_Flood
DDoS-UDP_Flood,DDoS-UDP_Fragmentation
DDoS-UDP_Flood,DDoS-UDP_Flood
DDoS-UDP_Flood,DDoS-UDP_Flood
DDoS-UDP_Flood,DDoS-UDP_Flood
DDoS-UDP_Flood,DDoS-UDP_Flood
DDoS-UDP_Flood,DDoS-PSHACK_Flood
DDoS-UDP_Flood,DDoS-UDP_Flood
DDoS-UDP_Flood,DDoS-UDP_Flood
DDoS-UDP_Flood,DDoS-UDP_Flood
DDoS-UDP_Flood,DDoS-UDP_Flood
DDoS-UDP_Flood,DDoS-PSHACK_Flood
DDoS-UDP_Flood,DDoS-UDP_Flood
DDoS-UDP_Flood,DDoS-UDP_Flood
DDoS-UDP_Flood,DDoS-UDP_Flood
DDoS-UDP_Flood,DDoS-UDP_Flood
DDoS-UDP_Flood,DoS-UDP_Flood
DDoS-UDP_Flood,DDoS-PSHACK_Flood
DDoS-UDP_Flood,DDoS-UDP_Flood
DDoS-UDP_Flood,DDoS-UDP_Flood
DDoS-UDP_Flood,DDoS-ICMP_Fragmentation
DDoS-UDP_Flood,DDoS-UDP_Flood
DDoS-UDP_Flood,DDoS-PSHACK_Flood
DDoS-UDP_Flood,DDoS-UDP_Flood
DDoS-UDP_Flood,DDoS-UDP_Flood
DDoS-UDP_Flood,DDoS-ICMP_Fragmentation
DDoS-UDP_Flood,DoS-UDP_Flood
DDoS-UDP_Flood,DDoS-UDP_Flood
DDoS-UDP_Flood,DDoS-UDP_Flood
DDoS-UDP_Flood,DDoS-UDP_Flood
DDoS-UDP_Flood,DDoS-UDP_Flood
DDoS-UDP_Flood,DDoS-UDP_Flood
DDoS-UDP_Flood,DDoS-UDP_Flood
DDoS-UDP_Flood,DDoS-ICMP_Fragmentation
DDoS-UDP_Flood,DDoS-UDP_Flood
DDoS-UDP_Flood,DDoS-UDP_Flood
DDoS-UDP_Flood,DDoS-UDP_Flood
DDoS-UDP_Flood,DDoS-UDP_Flood
DDoS-UDP_Flood,DDoS-UDP_Flood
DDoS-UDP_Flood,DDoS-UDP_Flood
DDoS-UDP_Flood,DDoS-UDP_Flood
DDoS-UDP_Flood,DDoS-PSHACK_Flood
DDoS-UDP_Flood,DDoS-ICMP_Fragmentation
DDoS-UDP_Flood,DoS-UDP_Flood
DDoS-UDP_Flood,DDoS-UDP_Flood
DDoS-UDP_Flood,DoS-UDP_Flood
DDoS-UDP_Flood,DDoS-UDP_Flood
DDoS-UDP_Flood,DoS-UDP_Flood
DDoS-UDP_Flood,DDoS-UDP_Flood
DDoS-UDP_Flood,DDoS-UDP_Flood
DDoS-UDP_Flood,DDoS-UDP_Flood
DDoS-UDP_Flood,DDoS-UDP_Flood
DDoS-UDP_Flood,DDoS-UDP_Flood
DDoS-UDP_Flood,DDoS-PSHACK_Flood
DDoS-UDP_Flood,DDoS-UDP_Flood
DDoS-UDP_Flood,DoS-UDP_Flood
DDoS-UDP_Flood,DoS-TCP_Flood
DDoS-UDP_Flood,DDoS-UDP_Flood
DDoS-UDP_Flood,DoS-UDP_Flood
DDoS-UDP_Flood,DDoS-UDP_Flood
DDoS-UDP_Flood,DDoS-UDP_Flood
DDoS-UDP_Flood,DDoS-UDP_Flood
DDoS-UDP_Flood,DDoS-UDP_Flood
DDoS-UDP_Flood,DDoS-UDP_Flood
DDoS-UDP_Flood,DDoS-PSHACK_Flood
DDoS-UDP_Flood,DDoS-PSHACK_Flood
DDoS-UDP_Flood,DDoS-PSHACK_Flood
DDoS-UDP_Flood,DDoS-UDP_Flood
DDoS-UDP_Flood,DDoS-UDP_Flood
DDoS-UDP_Flood,DoS-UDP_Flood
DDoS-UDP_Fragmentation,DDoS-UDP_Fragmentation
DDoS-UDP_Fragmentation,DDoS-UDP_Fragmentation
DDoS-UDP_Fragmentation,DDoS-UDP_Fragmentation
DDoS-UDP_Fragmentation,DDoS-UDP_Fragmentation
DDoS-UDP_Fragmentation,DDoS-UDP_Fragmentation
DDoS-UDP_Fragmentation,DoS-UDP_Flood
DDoS-UDP_Fragmentation,DDoS-UDP_Fragmentation
DDoS-UDP_Fragmentation,DDoS-UDP_Fragmentation
DDoS-UDP_Fragmentation,DDoS-UDP_Fragmentation
DDoS-UDP_Fragmentation,DDoS-UDP_Fragmentation
DDoS-UDP_Fragmentation,DDoS-UDP_Fragmentation
DDoS-UDP_Fragmentation,DDoS-UDP_Fragmentation
DDoS-UDP_Fragmentation,DDoS-UDP_Fragmentation
DDoS-UDP_Fragmentation,DDoS-UDP_Fragmentation
DDoS-UDP_Fragmentation,DDoS-UDP_Fragmentation
DDoS-UDP_Fragmentation,DDoS-UDP_Fragmentation
DDoS-UDP_Fragmentation,DNS_Spoofing
DDoS-UDP_Fragmentation,DDoS-UDP_Fragmentation
DDoS-UDP_Fragmentation,DDoS-UDP_Fragmentation
DDoS-UDP_Fragmentation,DDoS-UDP_Fragmentation
DDoS-UDP_Fragmentation,DDoS-UDP_Fragmentation
DDoS-UDP_Fragmentation,DDoS-UDP_Fragmentation
DDoS-UDP_Fragmentation,DDoS-UDP_Fragmentation
DDoS-UDP_Fragmentation,DDoS-UDP_Fragmentation
DDoS-UDP_Fragmentation,DDoS-UDP_Fragmentation
DDoS-UDP_Fragmentation,DDoS-UDP_Fragmentation
DDoS-UDP_Fragmentation,DDoS-UDP_Fragmentation
DDoS-UDP_Fragmentation,DDoS-UDP_Fragmentation
DDoS-UDP_Fragmentation,DDoS-UDP_Fragmentation
DDoS-UDP_Fragmentation,DDoS-UDP_Fragmentation
DDoS-UDP_Fragmentation,DDoS-UDP_Fragmentation
DDoS-UDP_Fragmentation,DDoS-UDP_Fragmentation
DDoS-UDP_Fragmentation,DDoS-ACK_Fragmentation
DDoS-UDP_Fragmentation,DDoS-UDP_Fragmentation
DDoS-UDP_Fragmentation,DDoS-UDP_Fragmentation
DDoS-UDP_Fragmentation,DDoS-UDP_Fragmentation
DDoS-UDP_Fragmentation,DDoS-UDP_Fragmentation
DDoS-UDP_Fragmentation,DDoS-UDP_Fragmentation
DDoS-UDP_Fragmentation,DDoS-UDP_Fragmentation
DDoS-UDP_Fragmentation,DDoS-UDP_Fragmentation
DDoS-UDP_Fragmentation,DDoS-UDP_Fragmentation
DDoS-UDP_Fragmentation,DDoS-UDP_Fragmentation
DDoS-UDP_Fragmentation,DDoS-UDP_Fragmentation
DDoS-UDP_Fragmentation,DDoS-UDP_Fragmentation
DDoS-UDP_Fragmentation,DDoS-UDP_Fragmentation
DDoS-UDP_Fragmentation,DDoS-UDP_Fragmentation
DDoS-UDP_Fragmentation,DDoS-UDP_Fragmentation
DDoS-UDP_Fragmentation,DDoS-UDP_Fragmentation
DDoS-UDP_Fragmentation,DDoS-UDP_Fragmentation
DDoS-UDP_Fragmentation,DDoS-UDP_Fragmentation
DDoS-UDP_Fragmentation,DoS-UDP_Flood
DDoS-UDP_Fragmentation,DDoS-UDP_Fragmentation
DDoS-UDP_Fragmentation,DDoS-UDP_Fragmentation
DDoS-UDP_Fragmentation,DDoS-UDP_Fragmentation
DDoS-UDP_Fragmentation,DDoS-UDP_Fragmentation
DDoS-UDP_Fragmentation,DDoS-UDP_Fragmentation
DDoS-UDP_Fragmentation,DDoS-ACK_Fragmentation
DDoS-UDP_Fragmentation,DDoS-UDP_Fragmentation
DDoS-UDP_Fragmentation,DDoS-UDP_Fragmentation
DDoS-UDP_Fragmentation,DDoS-UDP_Fragmentation
DDoS-UDP_Fragmentation,DDoS-UDP_Fragmentation
DDoS-UDP_Fragmentation,DDoS-UDP_Fragmentation
DDoS-UDP_Fragmentation,DDoS-UDP_Fragmentation
DDoS-UDP_Fragmentation,DDoS-UDP_Fragmentation
DDoS-UDP_Fragmentation,DDoS-UDP_Fragmentation
DDoS-UDP_Fragmentation,DDoS-UDP_Fragmentation
DDoS-UDP_Fragmentation,DDoS-UDP_Fragmentation
DDoS-UDP_Fragmentation,DDoS-UDP_Fragmentation
DDoS-UDP_Fragmentation,DDoS-UDP_Fragmentation
DDoS-UDP_Fragmentation,DDoS-ACK_Fragmentation
DDoS-UDP_Fragmentation,DoS-UDP_Flood
DDoS-UDP_Fragmentation,DDoS-UDP_Fragmentation
DDoS-UDP_Fragmentation,DDoS-UDP_Fragmentation
DDoS-UDP_Fragmentation,DDoS-UDP_Fragmentation
DDoS-UDP_Fragmentation,DDoS-UDP_Fragmentation
DDoS-UDP_Fragmentation,DDoS-UDP_Fragmentation
DDoS-UDP_Fragmentation,DDoS-UDP_Fragmentation
DDoS-UDP_Fragmentation,DDoS-UDP_Fragmentation
DDoS-UDP_Fragmentation,DDoS-UDP_Fragmentation
DDoS-UDP_Fragmentation,DDoS-UDP_Fragmentation
DDoS-UDP_Fragmentation,DDoS-UDP_Fragmentation
DDoS-UDP_Fragmentation,DDoS-UDP_Fragmentation
DDoS-UDP_Fragmentation,DDoS-UDP_Fragmentation
DDoS-UDP_Fragmentation,DDoS-UDP_Fragmentation
DDoS-UDP_Fragmentation,DDoS-UDP_Fragmentation
DDoS-UDP_Fragmentation,DNS_Spoofing
DDoS-UDP_Fragmentation,DDoS-UDP_Fragmentation
DDoS-UDP_Fragmentation,DDoS-UDP_Fragmentation
DDoS-UDP_Fragmentation,DDoS-UDP_Fragmentation
DDoS-UDP_Fragmentation,DDoS-UDP_Fragmentation
DDoS-UDP_Fragmentation,DoS-UDP_Flood
DDoS-UDP_Fragmentation,DDoS-UDP_Fragmentation
DDoS-UDP_Fragmentation,DDoS-UDP_Fragmentation
DDoS-UDP_Fragmentation,DDoS-UDP_Fragmentation
DDoS-UDP_Fragmentation,DDoS-UDP_Fragmentation
DDoS-UDP_Fragmentation,DDoS-UDP_Fragmentation
SqlInjection,DNS_Spoofing
SqlInjection,SqlInjection
SqlInjection,DictionaryBruteForce
SqlInjection,SqlInjection
SqlInjection,VulnerabilityScan
SqlInjection,BenignTraffic
SqlInjection,SqlInjection
SqlInjection,Backdoor_Malware
SqlInjection,XSS
SqlInjection,SqlInjection
SqlInjection,Backdoor_Malware
SqlInjection,DictionaryBruteForce
SqlInjection,BenignTraffic
SqlInjection,CommandInjection
SqlInjection,SqlInjection
SqlInjection,XSS
SqlInjection,SqlInjection
SqlInjection,DictionaryBruteForce
SqlInjection,CommandInjection
SqlInjection,BenignTraffic
SqlInjection,SqlInjection
SqlInjection,Backdoor_Malware
SqlInjection,Uploading_Attack
SqlInjection,Recon-PortScan
SqlInjection,SqlInjection
SqlInjection,CommandInjection
SqlInjection,XSS
SqlInjection,SqlInjection
SqlInjection,Recon-OSScan
SqlInjection,VulnerabilityScan
SqlInjection,Recon-PingSweep
SqlInjection,SqlInjection
SqlInjection,Recon-PingSweep
SqlInjection,SqlInjection
SqlInjection,Recon-PingSweep
SqlInjection,Recon-PortScan
SqlInjection,SqlInjection
SqlInjection,DNS_Spoofing
SqlInjection,Backdoor_Malware
SqlInjection,Recon-PingSweep
SqlInjection,XSS
SqlInjection,SqlInjection
SqlInjection,Recon-OSScan
SqlInjection,BenignTraffic
SqlInjection,SqlInjection
SqlInjection,VulnerabilityScan
SqlInjection,BrowserHijacking
SqlInjection,Backdoor_Malware
SqlInjection,SqlInjection
SqlInjection,XSS
SqlInjection,XSS
SqlInjection,SqlInjection
SqlInjection,DictionaryBruteForce
SqlInjection,Recon-PingSweep
SqlInjection,DNS_Spoofing
SqlInjection,VulnerabilityScan
SqlInjection,Recon-PingSweep
SqlInjection,SqlInjection
SqlInjection,DictionaryBruteForce
SqlInjection,Recon-PortScan
SqlInjection,CommandInjection
SqlInjection,XSS
SqlInjection,Backdoor_Malware
SqlInjection,VulnerabilityScan
SqlInjection,CommandInjection
SqlInjection,Backdoor_Malware
SqlInjection,DictionaryBruteForce
SqlInjection,Uploading_Attack
SqlInjection,CommandInjection
SqlInjection,VulnerabilityScan
SqlInjection,SqlInjection
SqlInjection,SqlInjection
SqlInjection,VulnerabilityScan
SqlInjection,CommandInjection
SqlInjection,SqlInjection
SqlInjection,DictionaryBruteForce
SqlInjection,Recon-PortScan
SqlInjection,Recon-PingSweep
SqlInjection,Recon-PingSweep
SqlInjection,Recon-OSScan
SqlInjection,BrowserHijacking
SqlInjection,VulnerabilityScan
SqlInjection,Backdoor_Malware
SqlInjection,VulnerabilityScan
SqlInjection,Recon-OSScan
SqlInjection,SqlInjection
SqlInjection,Recon-PortScan
SqlInjection,DNS_Spoofing
SqlInjection,Backdoor_Malware
SqlInjection,DNS_Spoofing
SqlInjection,SqlInjection
SqlInjection,XSS
SqlInjection,BrowserHijacking
SqlInjection,SqlInjection
SqlInjection,Recon-HostDiscovery
SqlInjection,Recon-PingSweep
SqlInjection,VulnerabilityScan
SqlInjection,BrowserHijacking
SqlInjection,SqlInjection
SqlInjection,DictionaryBruteForce
SqlInjection,DictionaryBruteForce
SqlInjection,Backdoor_Malware
SqlInjection,VulnerabilityScan
SqlInjection,Backdoor_Malware
SqlInjection,BenignTraffic
SqlInjection,SqlInjection
SqlInjection,SqlInjection
SqlInjection,VulnerabilityScan
SqlInjection,BenignTraffic
SqlInjection,VulnerabilityScan
SqlInjection,SqlInjection
SqlInjection,SqlInjection
SqlInjection,VulnerabilityScan
SqlInjection,Recon-PingSweep
SqlInjection,SqlInjection
SqlInjection,SqlInjection
SqlInjection,Backdoor_Malware
SqlInjection,Recon-PingSweep
SqlInjection,XSS
SqlInjection,SqlInjection
SqlInjection,XSS
SqlInjection,Recon-PortScan
SqlInjection,CommandInjection
SqlInjection,SqlInjection
SqlInjection,VulnerabilityScan
SqlInjection,SqlInjection
SqlInjection,CommandInjection
SqlInjection,SqlInjection
SqlInjection,BrowserHijacking
SqlInjection,CommandInjection
SqlInjection,CommandInjection
SqlInjection,VulnerabilityScan
SqlInjection,SqlInjection
SqlInjection,Recon-PortScan
SqlInjection,SqlInjection
SqlInjection,BenignTraffic
SqlInjection,BrowserHijacking
SqlInjection,BrowserHijacking
SqlInjection,SqlInjection
SqlInjection,BenignTraffic
SqlInjection,SqlInjection
SqlInjection,SqlInjection
SqlInjection,VulnerabilityScan
SqlInjection,SqlInjection
SqlInjection,VulnerabilityScan
SqlInjection,SqlInjection
SqlInjection,CommandInjection
SqlInjection,Recon-PingSweep
SqlInjection,Recon-PortScan
SqlInjection,SqlInjection
SqlInjection,SqlInjection
SqlInjection,Recon-OSScan
SqlInjection,Uploading_Attack
SqlInjection,Backdoor_Malware
SqlInjection,VulnerabilityScan
SqlInjection,Recon-PortScan
SqlInjection,VulnerabilityScan
SqlInjection,BenignTraffic
SqlInjection,SqlInjection
SqlInjection,CommandInjection
SqlInjection,VulnerabilityScan
SqlInjection,Recon-HostDiscovery
SqlInjection,Recon-PortScan
SqlInjection,Recon-PortScan
SqlInjection,Backdoor_Malware
SqlInjection,XSS
SqlInjection,Recon-PingSweep
SqlInjection,Recon-PortScan
SqlInjection,SqlInjection
SqlInjection,BenignTraffic
SqlInjection,Backdoor_Malware
SqlInjection,SqlInjection
SqlInjection,SqlInjection
SqlInjection,VulnerabilityScan
SqlInjection,XSS
SqlInjection,VulnerabilityScan
SqlInjection,Recon-OSScan
SqlInjection,SqlInjection
SqlInjection,BenignTraffic
SqlInjection,Recon-OSScan
SqlInjection,VulnerabilityScan
SqlInjection,SqlInjection
SqlInjection,Recon-PingSweep
SqlInjection,DictionaryBruteForce
SqlInjection,Recon-PortScan
SqlInjection,VulnerabilityScan
SqlInjection,Recon-OSScan
SqlInjection,VulnerabilityScan
SqlInjection,SqlInjection
SqlInjection,CommandInjection
SqlInjection,CommandInjection
SqlInjection,VulnerabilityScan
SqlInjection,VulnerabilityScan
SqlInjection,Uploading_Attack
SqlInjection,Recon-OSScan
SqlInjection,DNS_Spoofing
SqlInjection,Recon-PortScan
SqlInjection,Recon-OSScan
SqlInjection,Recon-PingSweep
SqlInjection,SqlInjection
SqlInjection,SqlInjection
SqlInjection,Recon-PortScan
SqlInjection,XSS
SqlInjection,SqlInjection
SqlInjection,BenignTraffic
SqlInjection,VulnerabilityScan
SqlInjection,XSS
SqlInjection,VulnerabilityScan
DDoS-UDP_Fragmentation,DDoS-UDP_Fragmentation
DDoS-UDP_Fragmentation,DDoS-UDP_Fragmentation
DDoS-UDP_Fragmentation,DDoS-UDP_Fragmentation
DDoS-UDP_Fragmentation,DDoS-UDP_Fragmentation
DDoS-UDP_Fragmentation,DDoS-UDP_Fragmentation
DDoS-UDP_Fragmentation,DDoS-UDP_Fragmentation
DDoS-UDP_Fragmentation,DDoS-UDP_Fragmentation
DDoS-UDP_Fragmentation,DDoS-UDP_Fragmentation
DDoS-UDP_Fragmentation,DDoS-UDP_Fragmentation
DDoS-UDP_Fragmentation,DDoS-UDP_Fragmentation
DDoS-UDP_Fragmentation,DDoS-UDP_Fragmentation
DDoS-UDP_Fragmentation,DDoS-UDP_Fragmentation
DDoS-UDP_Fragmentation,DDoS-UDP_Fragmentation
DDoS-UDP_Fragmentation,DDoS-UDP_Fragmentation
DDoS-UDP_Fragmentation,DDoS-UDP_Fragmentation
DDoS-UDP_Fragmentation,DDoS-UDP_Fragmentation
DDoS-UDP_Fragmentation,DDoS-UDP_Fragmentation
DDoS-UDP_Fragmentation,DDoS-UDP_Fragmentation
DDoS-UDP_Fragmentation,DDoS-UDP_Fragmentation
DDoS-UDP_Fragmentation,DDoS-UDP_Fragmentation
DDoS-UDP_Fragmentation,DDoS-UDP_Fragmentation
DDoS-UDP_Fragmentation,DDoS-UDP_Fragmentation
DDoS-UDP_Fragmentation,DDoS-UDP_Fragmentation
DDoS-UDP_Fragmentation,DDoS-UDP_Fragmentation
DDoS-UDP_Fragmentation,DoS-UDP_Flood
DDoS-UDP_Fragmentation,DDoS-UDP_Fragmentation
DDoS-UDP_Fragmentation,DDoS-UDP_Fragmentation
DDoS-UDP_Fragmentation,DDoS-UDP_Fragmentation
DDoS-UDP_Fragmentation,DDoS-UDP_Fragmentation
DDoS-UDP_Fragmentation,DDoS-UDP_Fragmentation
DDoS-UDP_Fragmentation,DDoS-UDP_Fragmentation
DDoS-UDP_Fragmentation,DDoS-UDP_Fragmentation
DDoS-UDP_Fragmentation,DDoS-UDP_Fragmentation
DDoS-UDP_Fragmentation,DDoS-UDP_Fragmentation
DDoS-UDP_Fragmentation,DDoS-UDP_Fragmentation
DDoS-UDP_Fragmentation,DDoS-UDP_Fragmentation
DDoS-UDP_Fragmentation,DDoS-UDP_Fragmentation
DDoS-UDP_Fragmentation,DDoS-UDP_Fragmentation
DDoS-UDP_Fragmentation,DDoS-SlowLoris
DDoS-UDP_Fragmentation,DDoS-UDP_Fragmentation
DDoS-UDP_Fragmentation,DDoS-UDP_Fragmentation
DDoS-UDP_Fragmentation,DDoS-UDP_Fragmentation
DDoS-UDP_Fragmentation,DDoS-UDP_Fragmentation
DDoS-UDP_Fragmentation,DDoS-UDP_Fragmentation
DDoS-UDP_Fragmentation,Mirai-greip_flood
DDoS-UDP_Fragmentation,DDoS-UDP_Fragmentation
DDoS-UDP_Fragmentation,DDoS-UDP_Fragmentation
DDoS-UDP_Fragmentation,DDoS-UDP_Fragmentation
DDoS-UDP_Fragmentation,DDoS-UDP_Fragmentation
DDoS-UDP_Fragmentation,DDoS-UDP_Fragmentation
DDoS-UDP_Fragmentation,DDoS-UDP_Fragmentation
DDoS-UDP_Fragmentation,DDoS-UDP_Fragmentation
DDoS-UDP_Fragmentation,DDoS-UDP_Fragmentation
DDoS-UDP_Fragmentation,DDoS-UDP_Fragmentation
DDoS-UDP_Fragmentation,Mirai-greeth_flood
DDoS-UDP_Fragmentation,DDoS-UDP_Fragmentation
DDoS-UDP_Fragmentation,DDoS-UDP_Fragmentation
DDoS-UDP_Fragmentation,DDoS-UDP_Fragmentation
DDoS-UDP_Fragmentation,DDoS-UDP_Fragmentation
DDoS-UDP_Fragmentation,DDoS-UDP_Fragmentation
DDoS-UDP_Fragmentation,DDoS-UDP_Fragmentation
DDoS-UDP_Fragmentation,DDoS-UDP_Fragmentation
DDoS-UDP_Fragmentation,DDoS-UDP_Fragmentation
DDoS-UDP_Fragmentation,DDoS-UDP_Fragmentation
DDoS-UDP_Fragmentation,DDoS-UDP_Fragmentation
DDoS-UDP_Fragmentation,DDoS-UDP_Fragmentation
DDoS-UDP_Fragmentation,DDoS-UDP_Fragmentation
DDoS-UDP_Fragmentation,DoS-UDP_Flood
DDoS-UDP_Fragmentation,DDoS-UDP_Fragmentation
DDoS-UDP_Fragmentation,DDoS-UDP_Fragmentation
DDoS-UDP_Fragmentation,DDoS-UDP_Fragmentation
DDoS-UDP_Fragmentation,DoS-UDP_Flood
DDoS-UDP_Fragmentation,DDoS-UDP_Fragmentation
DDoS-UDP_Fragmentation,DDoS-UDP_Fragmentation
DDoS-UDP_Fragmentation,DDoS-UDP_Fragmentation
DDoS-UDP_Fragmentation,DDoS-UDP_Fragmentation
DDoS-UDP_Fragmentation,DDoS-UDP_Fragmentation
DDoS-UDP_Fragmentation,DoS-UDP_Flood
DDoS-UDP_Fragmentation,DDoS-UDP_Fragmentation
DDoS-UDP_Fragmentation,DDoS-UDP_Fragmentation
DDoS-UDP_Fragmentation,DoS-UDP_Flood
DDoS-UDP_Fragmentation,DDoS-UDP_Fragmentation
DDoS-UDP_Fragmentation,DDoS-UDP_Fragmentation
DDoS-UDP_Fragmentation,DDoS-UDP_Fragmentation
DDoS-UDP_Fragmentation,DDoS-UDP_Fragmentation
DDoS-UDP_Fragmentation,DDoS-UDP_Fragmentation
DDoS-UDP_Fragmentation,DDoS-UDP_Fragmentation
DDoS-UDP_Fragmentation,DDoS-UDP_Fragmentation
DDoS-UDP_Fragmentation,DDoS-UDP_Fragmentation
DDoS-UDP_Fragmentation,DDoS-UDP_Fragmentation
DDoS-UDP_Fragmentation,DDoS-UDP_Fragmentation
DDoS-UDP_Fragmentation,DDoS-UDP_Fragmentation
DDoS-UDP_Fragmentation,DDoS-UDP_Fragmentation
DDoS-UDP_Fragmentation,DDoS-UDP_Fragmentation
DDoS-UDP_Fragmentation,DDoS-UDP_Fragmentation
DDoS-UDP_Fragmentation,DDoS-UDP_Fragmentation
DDoS-UDP_Fragmentation,DDoS-UDP_Fragmentation
DDoS-UDP_Fragmentation,DDoS-UDP_Fragmentation
DDoS-UDP_Fragmentation,DDoS-UDP_Fragmentation
DDoS-UDP_Fragmentation,DDoS-UDP_Fragmentation
DDoS-UDP_Fragmentation,DDoS-UDP_Fragmentation
DDoS-UDP_Fragmentation,DDoS-UDP_Fragmentation
DDoS-UDP_Fragmentation,DDoS-UDP_Fragmentation
DDoS-UDP_Fragmentation,DDoS-UDP_Fragmentation
DDoS-UDP_Fragmentation,DDoS-UDP_Fragmentation
DDoS-UDP_Fragmentation,DDoS-UDP_Fragmentation
DDoS-UDP_Fragmentation,DDoS-UDP_Fragmentation
DDoS-UDP_Fragmentation,DDoS-UDP_Fragmentation
DDoS-UDP_Fragmentation,DDoS-UDP_Fragmentation
DDoS-UDP_Fragmentation,DDoS-UDP_Fragmentation
DDoS-UDP_Fragmentation,DDoS-UDP_Fragmentation
DDoS-UDP_Fragmentation,Mirai-greeth_flood
DDoS-UDP_Fragmentation,DDoS-UDP_Fragmentation
DDoS-UDP_Fragmentation,DDoS-UDP_Fragmentation
DDoS-UDP_Fragmentation,DDoS-UDP_Fragmentation
DDoS-UDP_Fragmentation,DDoS-UDP_Fragmentation
DDoS-UDP_Fragmentation,DDoS-UDP_Fragmentation
DDoS-UDP_Fragmentation,DDoS-UDP_Fragmentation
DDoS-UDP_Fragmentation,DDoS-UDP_Fragmentation
DDoS-UDP_Fragmentation,DDoS-UDP_Fragmentation
DDoS-UDP_Fragmentation,DDoS-UDP_Fragmentation
DDoS-UDP_Fragmentation,DDoS-UDP_Fragmentation
DDoS-UDP_Fragmentation,DDoS-UDP_Fragmentation
DDoS-UDP_Fragmentation,DDoS-UDP_Fragmentation
DDoS-UDP_Fragmentation,DDoS-UDP_Fragmentation
DDoS-UDP_Fragmentation,DDoS-UDP_Fragmentation
DDoS-UDP_Fragmentation,DDoS-UDP_Fragmentation
DDoS-UDP_Fragmentation,DDoS-UDP_Fragmentation
DDoS-UDP_Fragmentation,DDoS-UDP_Fragmentation
DDoS-UDP_Fragmentation,DDoS-UDP_Fragmentation
DDoS-UDP_Fragmentation,DDoS-UDP_Fragmentation
DDoS-UDP_Fragmentation,DDoS-UDP_Fragmentation
DDoS-UDP_Fragmentation,DDoS-UDP_Fragmentation
DDoS-UDP_Fragmentation,DDoS-UDP_Fragmentation
DDoS-UDP_Fragmentation,DDoS-UDP_Fragmentation
DDoS-UDP_Fragmentation,DDoS-UDP_Fragmentation
DDoS-UDP_Fragmentation,DDoS-UDP_Fragmentation
DDoS-UDP_Fragmentation,DDoS-UDP_Fragmentation
DDoS-UDP_Fragmentation,DDoS-UDP_Fragmentation
DDoS-UDP_Fragmentation,DDoS-UDP_Fragmentation
DDoS-UDP_Fragmentation,DDoS-UDP_Fragmentation
DDoS-UDP_Fragmentation,DDoS-UDP_Fragmentation
DDoS-UDP_Fragmentation,XSS
DDoS-UDP_Fragmentation,DDoS-UDP_Fragmentation
DDoS-UDP_Fragmentation,DDoS-UDP_Fragmentation
DDoS-UDP_Fragmentation,DDoS-UDP_Fragmentation
DDoS-UDP_Fragmentation,DDoS-UDP_Fragmentation
DDoS-UDP_Fragmentation,DDoS-UDP_Fragmentation
DDoS-UDP_Fragmentation,DDoS-UDP_Fragmentation
DDoS-UDP_Fragmentation,DDoS-UDP_Fragmentation
DDoS-UDP_Fragmentation,DoS-UDP_Flood
DDoS-UDP_Fragmentation,DDoS-UDP_Fragmentation
DDoS-UDP_Fragmentation,DDoS-UDP_Fragmentation
DDoS-UDP_Fragmentation,DDoS-UDP_Fragmentation
DDoS-UDP_Fragmentation,DDoS-UDP_Fragmentation
DDoS-UDP_Fragmentation,DDoS-UDP_Fragmentation
DDoS-UDP_Fragmentation,DDoS-UDP_Fragmentation
DDoS-UDP_Fragmentation,DDoS-UDP_Fragmentation
DDoS-UDP_Fragmentation,DDoS-UDP_Fragmentation
DDoS-UDP_Fragmentation,DDoS-UDP_Fragmentation
DDoS-UDP_Fragmentation,DDoS-UDP_Fragmentation
DDoS-UDP_Fragmentation,DDoS-UDP_Fragmentation
DDoS-UDP_Fragmentation,DDoS-UDP_Fragmentation
DDoS-UDP_Fragmentation,DDoS-UDP_Fragmentation
DDoS-UDP_Fragmentation,DDoS-UDP_Fragmentation
DDoS-UDP_Fragmentation,DDoS-UDP_Fragmentation
DDoS-UDP_Fragmentation,DDoS-UDP_Fragmentation
DDoS-UDP_Fragmentation,DDoS-UDP_Fragmentation
DDoS-UDP_Fragmentation,DDoS-UDP_Fragmentation
DDoS-UDP_Fragmentation,DDoS-ACK_Fragmentation
DDoS-UDP_Fragmentation,DDoS-UDP_Fragmentation
DDoS-UDP_Fragmentation,DDoS-UDP_Fragmentation
DDoS-UDP_Fragmentation,DDoS-UDP_Fragmentation
DDoS-UDP_Fragmentation,DDoS-UDP_Fragmentation
DDoS-UDP_Fragmentation,DDoS-UDP_Fragmentation
DDoS-UDP_Fragmentation,DoS-UDP_Flood
DDoS-UDP_Fragmentation,DDoS-UDP_Fragmentation
DDoS-UDP_Fragmentation,DDoS-UDP_Fragmentation
DDoS-UDP_Fragmentation,DDoS-UDP_Fragmentation
DDoS-UDP_Fragmentation,DDoS-UDP_Fragmentation
DDoS-UDP_Fragmentation,DDoS-UDP_Fragmentation
DDoS-UDP_Fragmentation,DDoS-UDP_Fragmentation
DDoS-UDP_Fragmentation,Mirai-greeth_flood
DDoS-UDP_Fragmentation,DDoS-UDP_Fragmentation
DDoS-UDP_Fragmentation,DDoS-UDP_Fragmentation
DDoS-UDP_Fragmentation,DDoS-UDP_Fragmentation
DDoS-UDP_Fragmentation,DDoS-ACK_Fragmentation
DDoS-UDP_Fragmentation,DDoS-UDP_Fragmentation
DDoS-UDP_Fragmentation,DDoS-UDP_Fragmentation
DDoS-UDP_Fragmentation,DDoS-UDP_Fragmentation
DDoS-UDP_Fragmentation,DDoS-UDP_Fragmentation
DDoS-UDP_Fragmentation,DDoS-UDP_Fragmentation
DDoS-UDP_Fragmentation,DDoS-UDP_Fragmentation
DDoS-UDP_Fragmentation,DDoS-UDP_Fragmentation
DDoS-UDP_Fragmentation,DDoS-UDP_Fragmentation
DDoS-UDP_Fragmentation,DDoS-UDP_Fragmentation
DDoS-UDP_Fragmentation,DDoS-UDP_Fragmentation
DDoS-UDP_Fragmentation,DDoS-UDP_Fragmentation
DDoS-UDP_Fragmentation,DDoS-UDP_Fragmentation
DDoS-UDP_Fragmentation,DDoS-UDP_Fragmentation
DDoS-UDP_Fragmentation,DDoS-UDP_Fragmentation
DDoS-UDP_Fragmentation,DDoS-UDP_Fragmentation
DDoS-UDP_Fragmentation,DDoS-UDP_Fragmentation
DDoS-UDP_Fragmentation,DDoS-UDP_Fragmentation
DDoS-UDP_Fragmentation,DDoS-UDP_Fragmentation
DDoS-UDP_Fragmentation,DDoS-UDP_Fragmentation
DDoS-UDP_Fragmentation,DDoS-UDP_Fragmentation
DDoS-UDP_Fragmentation,DDoS-UDP_Fragmentation
DDoS-UDP_Fragmentation,DDoS-UDP_Fragmentation
DDoS-UDP_Fragmentation,DDoS-UDP_Fragmentation
DDoS-UDP_Fragmentation,DDoS-UDP_Fragmentation
DDoS-UDP_Fragmentation,DDoS-UDP_Fragmentation
DDoS-UDP_Fragmentation,DDoS-UDP_Fragmentation
DDoS-UDP_Fragmentation,DDoS-UDP_Fragmentation
DDoS-UDP_Fragmentation,DDoS-UDP_Fragmentation
DDoS-UDP_Fragmentation,DDoS-UDP_Fragmentation
DDoS-UDP_Fragmentation,DDoS-UDP_Fragmentation
DDoS-UDP_Fragmentation,DDoS-UDP_Fragmentation
DDoS-UDP_Fragmentation,DDoS-UDP_Fragmentation
DDoS-UDP_Fragmentation,DDoS-UDP_Fragmentation
DDoS-UDP_Fragmentation,DDoS-UDP_Fragmentation
DDoS-UDP_Fragmentation,DDoS-UDP_Fragmentation
DDoS-UDP_Fragmentation,DDoS-UDP_Fragmentation
DDoS-UDP_Fragmentation,DDoS-UDP_Fragmentation
DDoS-UDP_Fragmentation,DDoS-UDP_Flood
DDoS-UDP_Fragmentation,DDoS-UDP_Fragmentation
DDoS-UDP_Fragmentation,DDoS-UDP_Fragmentation
DDoS-UDP_Fragmentation,DDoS-UDP_Fragmentation
DDoS-UDP_Fragmentation,DDoS-UDP_Fragmentation
DDoS-UDP_Fragmentation,DDoS-UDP_Fragmentation
DDoS-UDP_Fragmentation,DDoS-UDP_Fragmentation
DDoS-UDP_Fragmentation,DDoS-UDP_Fragmentation
DDoS-UDP_Fragmentation,DDoS-UDP_Fragmentation
DDoS-UDP_Fragmentation,DoS-UDP_Flood
DDoS-UDP_Fragmentation,DDoS-UDP_Fragmentation
DDoS-UDP_Fragmentation,DDoS-UDP_Fragmentation
DDoS-UDP_Fragmentation,DDoS-UDP_Fragmentation
DDoS-UDP_Fragmentation,DDoS-UDP_Fragmentation
DDoS-UDP_Fragmentation,DDoS-UDP_Fragmentation
DDoS-UDP_Fragmentation,DDoS-UDP_Fragmentation
DDoS-UDP_Fragmentation,DDoS-UDP_Fragmentation
DDoS-UDP_Fragmentation,DDoS-UDP_Fragmentation
DDoS-UDP_Fragmentation,DDoS-UDP_Fragmentation
DDoS-UDP_Fragmentation,DDoS-UDP_Fragmentation
DDoS-UDP_Fragmentation,DDoS-UDP_Fragmentation
DDoS-UDP_Fragmentation,DoS-UDP_Flood
DDoS-UDP_Fragmentation,DDoS-UDP_Fragmentation
DDoS-UDP_Fragmentation,DDoS-UDP_Fragmentation
DDoS-UDP_Fragmentation,DDoS-UDP_Fragmentation
DDoS-UDP_Fragmentation,DDoS-UDP_Fragmentation
DDoS-UDP_Fragmentation,DDoS-UDP_Fragmentation
DDoS-UDP_Fragmentation,DDoS-UDP_Fragmentation
DDoS-UDP_Fragmentation,DDoS-UDP_Fragmentation
DDoS-UDP_Fragmentation,DDoS-UDP_Fragmentation
DDoS-UDP_Fragmentation,DDoS-UDP_Fragmentation
DDoS-UDP_Fragmentation,DDoS-UDP_Fragmentation
DDoS-UDP_Fragmentation,DDoS-UDP_Fragmentation
DDoS-UDP_Fragmentation,DoS-UDP_Flood
DDoS-UDP_Fragmentation,DDoS-UDP_Fragmentation
DDoS-UDP_Fragmentation,DDoS-ICMP_Fragmentation
DDoS-UDP_Fragmentation,DDoS-UDP_Fragmentation
DDoS-UDP_Fragmentation,DDoS-UDP_Fragmentation
DDoS-UDP_Fragmentation,DDoS-UDP_Fragmentation
DDoS-UDP_Fragmentation,DDoS-UDP_Fragmentation
DDoS-UDP_Fragmentation,DDoS-UDP_Fragmentation
DDoS-UDP_Fragmentation,DDoS-UDP_Fragmentation
DDoS-UDP_Fragmentation,DDoS-UDP_Fragmentation
DDoS-UDP_Fragmentation,DDoS-UDP_Fragmentation
DDoS-UDP_Fragmentation,DDoS-UDP_Fragmentation
DDoS-UDP_Fragmentation,DDoS-UDP_Fragmentation
DDoS-UDP_Fragmentation,DDoS-UDP_Fragmentation
DDoS-UDP_Fragmentation,DDoS-UDP_Fragmentation
DDoS-UDP_Fragmentation,Mirai-greeth_flood
DDoS-UDP_Fragmentation,DDoS-UDP_Fragmentation
DDoS-UDP_Fragmentation,DDoS-UDP_Fragmentation
DDoS-UDP_Fragmentation,DDoS-UDP_Fragmentation
DDoS-UDP_Fragmentation,DDoS-UDP_Fragmentation
DDoS-UDP_Fragmentation,DDoS-UDP_Fragmentation
DDoS-UDP_Fragmentation,DDoS-UDP_Fragmentation
DDoS-UDP_Fragmentation,DDoS-UDP_Fragmentation
DDoS-UDP_Fragmentation,DDoS-UDP_Fragmentation
DDoS-UDP_Fragmentation,DDoS-UDP_Fragmentation
DDoS-UDP_Fragmentation,DDoS-UDP_Fragmentation
DDoS-UDP_Fragmentation,DDoS-UDP_Fragmentation
DDoS-UDP_Fragmentation,DDoS-UDP_Fragmentation
DDoS-UDP_Fragmentation,DDoS-UDP_Fragmentation
DDoS-UDP_Fragmentation,DDoS-UDP_Fragmentation
DDoS-UDP_Fragmentation,DDoS-UDP_Fragmentation
DDoS-UDP_Fragmentation,DDoS-UDP_Fragmentation
DDoS-UDP_Fragmentation,DoS-UDP_Flood
DDoS-UDP_Fragmentation,DDoS-UDP_Fragmentation
DDoS-UDP_Fragmentation,DDoS-UDP_Fragmentation
DDoS-UDP_Fragmentation,DDoS-UDP_Fragmentation
DDoS-UDP_Fragmentation,DDoS-UDP_Fragmentation
DDoS-UDP_Fragmentation,DDoS-UDP_Fragmentation
DDoS-UDP_Fragmentation,DDoS-UDP_Fragmentation
DDoS-UDP_Fragmentation,DDoS-UDP_Fragmentation
DDoS-UDP_Fragmentation,DDoS-UDP_Fragmentation
DDoS-UDP_Fragmentation,DDoS-UDP_Fragmentation
DDoS-UDP_Fragmentation,DDoS-UDP_Fragmentation
DDoS-UDP_Fragmentation,DDoS-UDP_Fragmentation
DDoS-UDP_Fragmentation,DDoS-UDP_Fragmentation
DDoS-UDP_Fragmentation,DDoS-UDP_Fragmentation
DDoS-UDP_Fragmentation,DDoS-UDP_Fragmentation
Uploading_Attack,SqlInjection
Uploading_Attack,Recon-PingSweep
Uploading_Attack,Uploading_Attack
Uploading_Attack,Uploading_Attack
Uploading_Attack,SqlInjection
Uploading_Attack,Backdoor_Malware
Uploading_Attack,XSS
Uploading_Attack,MITM-ArpSpoofing
Uploading_Attack,VulnerabilityScan
Uploading_Attack,CommandInjection
Uploading_Attack,Recon-HostDiscovery
Uploading_Attack,BrowserHijacking
Uploading_Attack,Recon-PingSweep
Uploading_Attack,Uploading_Attack
Uploading_Attack,XSS
Uploading_Attack,Uploading_Attack
Uploading_Attack,Recon-HostDiscovery
Uploading_Attack,Backdoor_Malware
Uploading_Attack,DictionaryBruteForce
Uploading_Attack,CommandInjection
Uploading_Attack,DNS_Spoofing
Uploading_Attack,XSS
Uploading_Attack,Recon-OSScan
Uploading_Attack,XSS
Uploading_Attack,CommandInjection
Uploading_Attack,Uploading_Attack
Uploading_Attack,SqlInjection
Uploading_Attack,XSS
Uploading_Attack,VulnerabilityScan
Uploading_Attack,XSS
Uploading_Attack,Recon-PortScan
Uploading_Attack,XSS
Uploading_Attack,Recon-PortScan
Uploading_Attack,CommandInjection
Uploading_Attack,Uploading_Attack
Uploading_Attack,Uploading_Attack
Uploading_Attack,XSS
Uploading_Attack,Backdoor_Malware
Uploading_Attack,Backdoor_Malware
Uploading_Attack,Uploading_Attack
Uploading_Attack,VulnerabilityScan
Uploading_Attack,Uploading_Attack
Uploading_Attack,Recon-PortScan
Uploading_Attack,Recon-PingSweep
Uploading_Attack,BenignTraffic
Uploading_Attack,CommandInjection
Uploading_Attack,DictionaryBruteForce
Uploading_Attack,SqlInjection
Uploading_Attack,XSS
Uploading_Attack,Uploading_Attack
Uploading_Attack,Backdoor_Malware
Uploading_Attack,BrowserHijacking
Uploading_Attack,CommandInjection
Uploading_Attack,Backdoor_Malware
Uploading_Attack,Uploading_Attack
Uploading_Attack,DNS_Spoofing
Uploading_Attack,Recon-HostDiscovery
Uploading_Attack,VulnerabilityScan
Uploading_Attack,Recon-PortScan
Uploading_Attack,VulnerabilityScan
Uploading_Attack,VulnerabilityScan
Uploading_Attack,Recon-OSScan
Uploading_Attack,VulnerabilityScan
Uploading_Attack,Backdoor_Malware
Uploading_Attack,Uploading_Attack
Uploading_Attack,Uploading_Attack
Uploading_Attack,Uploading_Attack
Uploading_Attack,Uploading_Attack
Uploading_Attack,XSS
Uploading_Attack,BenignTraffic
Uploading_Attack,Recon-PortScan
Uploading_Attack,Backdoor_Malware
Uploading_Attack,XSS
Uploading_Attack,Backdoor_Malware
Uploading_Attack,Recon-OSScan
Uploading_Attack,Recon-PortScan
Uploading_Attack,Uploading_Attack
Uploading_Attack,CommandInjection
Uploading_Attack,Recon-HostDiscovery
Uploading_Attack,SqlInjection
Uploading_Attack,Backdoor_Malware
Uploading_Attack,XSS
Uploading_Attack,MITM-ArpSpoofing
Uploading_Attack,XSS
Uploading_Attack,BrowserHijacking
Uploading_Attack,Backdoor_Malware
Uploading_Attack,DictionaryBruteForce
Uploading_Attack,BrowserHijacking
Uploading_Attack,XSS
Uploading_Attack,Backdoor_Malware
Uploading_Attack,BenignTraffic
Uploading_Attack,XSS
Uploading_Attack,DictionaryBruteForce
Uploading_Attack,CommandInjection
Uploading_Attack,Backdoor_Malware
Uploading_Attack,CommandInjection
Uploading_Attack,BrowserHijacking
Uploading_Attack,DictionaryBruteForce
Uploading_Attack,Recon-HostDiscovery
Uploading_Attack,Uploading_Attack
Uploading_Attack,Backdoor_Malware
Uploading_Attack,XSS
Uploading_Attack,Backdoor_Malware
Uploading_Attack,Uploading_Attack
Uploading_Attack,Uploading_Attack
Uploading_Attack,VulnerabilityScan
Uploading_Attack,Uploading_Attack
Uploading_Attack,BrowserHijacking
Uploading_Attack,CommandInjection
Uploading_Attack,CommandInjection
Uploading_Attack,XSS
Uploading_Attack,Recon-HostDiscovery
Uploading_Attack,XSS
Uploading_Attack,XSS
Uploading_Attack,BrowserHijacking
Uploading_Attack,Uploading_Attack
Uploading_Attack,SqlInjection
Uploading_Attack,Uploading_Attack
Uploading_Attack,Backdoor_Malware
Uploading_Attack,Uploading_Attack
Uploading_Attack,Uploading_Attack
Uploading_Attack,Backdoor_Malware
Uploading_Attack,Backdoor_Malware
Uploading_Attack,CommandInjection
Uploading_Attack,Recon-PingSweep
Uploading_Attack,Recon-HostDiscovery
Uploading_Attack,Recon-PortScan
Uploading_Attack,XSS
Uploading_Attack,XSS
Uploading_Attack,XSS
Uploading_Attack,XSS
Uploading_Attack,Recon-HostDiscovery
Uploading_Attack,SqlInjection
Uploading_Attack,Backdoor_Malware
Uploading_Attack,DNS_Spoofing
Uploading_Attack,Uploading_Attack
Uploading_Attack,CommandInjection
Uploading_Attack,Backdoor_Malware
Uploading_Attack,BrowserHijacking
Uploading_Attack,Backdoor_Malware
Uploading_Attack,Backdoor_Malware
Uploading_Attack,VulnerabilityScan
Uploading_Attack,XSS
Uploading_Attack,Backdoor_Malware
Uploading_Attack,DNS_Spoofing
Uploading_Attack,Backdoor_Malware
Uploading_Attack,XSS
Uploading_Attack,Uploading_Attack
Uploading_Attack,CommandInjection
Uploading_Attack,BrowserHijacking
Uploading_Attack,XSS
Uploading_Attack,BrowserHijacking
Uploading_Attack,BrowserHijacking
Uploading_Attack,Uploading_Attack
BrowserHijacking,Recon-OSScan
BrowserHijacking,BenignTraffic
BrowserHijacking,Recon-OSScan
BrowserHijacking,BrowserHijacking
BrowserHijacking,BrowserHijacking
BrowserHijacking,Backdoor_Malware
BrowserHijacking,BenignTraffic
BrowserHijacking,BrowserHijacking
BrowserHijacking,Recon-PingSweep
BrowserHijacking,BrowserHijacking
BrowserHijacking,VulnerabilityScan
BrowserHijacking,BrowserHijacking
BrowserHijacking,DictionaryBruteForce
BrowserHijacking,BrowserHijacking
BrowserHijacking,DictionaryBruteForce
BrowserHijacking,Recon-OSScan
BrowserHijacking,BrowserHijacking
BrowserHijacking,CommandInjection
BrowserHijacking,XSS
BrowserHijacking,MITM-ArpSpoofing
BrowserHijacking,BrowserHijacking
BrowserHijacking,BrowserHijacking
BrowserHijacking,BenignTraffic
BrowserHijacking,BrowserHijacking
BrowserHijacking,BrowserHijacking
BrowserHijacking,XSS
BrowserHijacking,Backdoor_Malware
BrowserHijacking,VulnerabilityScan
BrowserHijacking,VulnerabilityScan
BrowserHijacking,BrowserHijacking
BrowserHijacking,BrowserHijacking
BrowserHijacking,Uploading_Attack
BrowserHijacking,BrowserHijacking
BrowserHijacking,XSS
BrowserHijacking,CommandInjection
BrowserHijacking,XSS
BrowserHijacking,BrowserHijacking
BrowserHijacking,Uploading_Attack
BrowserHijacking,BenignTraffic
BrowserHijacking,SqlInjection
BrowserHijacking,Backdoor_Malware
BrowserHijacking,DictionaryBruteForce
BrowserHijacking,BrowserHijacking
BrowserHijacking,Recon-PortScan
BrowserHijacking,Uploading_Attack
BrowserHijacking,BrowserHijacking
BrowserHijacking,MITM-ArpSpoofing
BrowserHijacking,MITM-ArpSpoofing
BrowserHijacking,SqlInjection
BrowserHijacking,BrowserHijacking
BrowserHijacking,BrowserHijacking
BrowserHijacking,VulnerabilityScan
BrowserHijacking,DictionaryBruteForce
BrowserHijacking,CommandInjection
BrowserHijacking,DNS_Spoofing
BrowserHijacking,XSS
BrowserHijacking,BrowserHijacking
BrowserHijacking,Recon-HostDiscovery
BrowserHijacking,BrowserHijacking
BrowserHijacking,Recon-HostDiscovery
BrowserHijacking,BrowserHijacking
BrowserHijacking,Recon-OSScan
BrowserHijacking,BenignTraffic
BrowserHijacking,DictionaryBruteForce
BrowserHijacking,Uploading_Attack
BrowserHijacking,BrowserHijacking
BrowserHijacking,BrowserHijacking
BrowserHijacking,Uploading_Attack
BrowserHijacking,Recon-PingSweep
BrowserHijacking,Backdoor_Malware
BrowserHijacking,Backdoor_Malware
BrowserHijacking,BrowserHijacking
BrowserHijacking,DDoS-SynonymousIP_Flood
BrowserHijacking,Backdoor_Malware
BrowserHijacking,Recon-PingSweep
BrowserHijacking,BrowserHijacking
BrowserHijacking,BrowserHijacking
BrowserHijacking,BrowserHijacking
BrowserHijacking,Recon-OSScan
BrowserHijacking,DictionaryBruteForce
BrowserHijacking,Recon-PortScan
BrowserHijacking,BrowserHijacking
BrowserHijacking,DictionaryBruteForce
BrowserHijacking,XSS
BrowserHijacking,BrowserHijacking
BrowserHijacking,BrowserHijacking
BrowserHijacking,Recon-HostDiscovery
BrowserHijacking,BrowserHijacking
BrowserHijacking,BrowserHijacking
BrowserHijacking,Recon-HostDiscovery
BrowserHijacking,BrowserHijacking
BrowserHijacking,VulnerabilityScan
BrowserHijacking,Uploading_Attack
BrowserHijacking,VulnerabilityScan
BrowserHijacking,BrowserHijacking
BrowserHijacking,MITM-ArpSpoofing
BrowserHijacking,BrowserHijacking
BrowserHijacking,SqlInjection
BrowserHijacking,BrowserHijacking
BrowserHijacking,BenignTraffic
BrowserHijacking,BrowserHijacking
BrowserHijacking,VulnerabilityScan
BrowserHijacking,Recon-HostDiscovery
BrowserHijacking,BrowserHijacking
BrowserHijacking,BrowserHijacking
BrowserHijacking,SqlInjection
BrowserHijacking,Recon-PingSweep
BrowserHijacking,Recon-HostDiscovery
BrowserHijacking,BrowserHijacking
BrowserHijacking,Recon-HostDiscovery
BrowserHijacking,XSS
BrowserHijacking,Recon-OSScan
BrowserHijacking,Recon-PingSweep
BrowserHijacking,BrowserHijacking
BrowserHijacking,Recon-PortScan
BrowserHijacking,Recon-PingSweep
BrowserHijacking,Uploading_Attack
BrowserHijacking,SqlInjection
BrowserHijacking,BrowserHijacking
BrowserHijacking,XSS
BrowserHijacking,Recon-OSScan
BrowserHijacking,XSS
BrowserHijacking,Recon-PingSweep
BrowserHijacking,XSS
BrowserHijacking,BrowserHijacking
BrowserHijacking,CommandInjection
BrowserHijacking,XSS
BrowserHijacking,BrowserHijacking
BrowserHijacking,VulnerabilityScan
BrowserHijacking,BrowserHijacking
BrowserHijacking,SqlInjection
BrowserHijacking,VulnerabilityScan
BrowserHijacking,BrowserHijacking
BrowserHijacking,Uploading_Attack
BrowserHijacking,XSS
BrowserHijacking,BrowserHijacking
BrowserHijacking,Recon-HostDiscovery
BrowserHijacking,MITM-ArpSpoofing
BrowserHijacking,Recon-PingSweep
BrowserHijacking,Recon-OSScan
BrowserHijacking,SqlInjection
BrowserHijacking,BrowserHijacking
BrowserHijacking,DictionaryBruteForce
BrowserHijacking,DNS_Spoofing
BrowserHijacking,BrowserHijacking
BrowserHijacking,SqlInjection
BrowserHijacking,DictionaryBruteForce
BrowserHijacking,BrowserHijacking
BrowserHijacking,VulnerabilityScan
BrowserHijacking,Recon-OSScan
BrowserHijacking,BrowserHijacking
BrowserHijacking,DNS_Spoofing
BrowserHijacking,Recon-PingSweep
BrowserHijacking,BrowserHijacking
BrowserHijacking,DictionaryBruteForce
BrowserHijacking,Backdoor_Malware
BrowserHijacking,XSS
BrowserHijacking,Uploading_Attack
BrowserHijacking,BrowserHijacking
BrowserHijacking,MITM-ArpSpoofing
BrowserHijacking,Recon-HostDiscovery
BrowserHijacking,BrowserHijacking
BrowserHijacking,BrowserHijacking
BrowserHijacking,BrowserHijacking
BrowserHijacking,BrowserHijacking
BrowserHijacking,VulnerabilityScan
BrowserHijacking,BrowserHijacking
BrowserHijacking,CommandInjection
BrowserHijacking,BrowserHijacking
BrowserHijacking,BrowserHijacking
BrowserHijacking,BrowserHijacking
BrowserHijacking,DictionaryBruteForce
BrowserHijacking,BenignTraffic
BrowserHijacking,MITM-ArpSpoofing
BrowserHijacking,BrowserHijacking
BrowserHijacking,VulnerabilityScan
BrowserHijacking,CommandInjection
BrowserHijacking,CommandInjection
BrowserHijacking,XSS
BrowserHijacking,BrowserHijacking
BrowserHijacking,Uploading_Attack
BrowserHijacking,BrowserHijacking
BrowserHijacking,BrowserHijacking
BrowserHijacking,BenignTraffic
BrowserHijacking,Recon-PingSweep
BrowserHijacking,BrowserHijacking
BrowserHijacking,Recon-PortScan
BrowserHijacking,Recon-PingSweep
BrowserHijacking,BenignTraffic
BrowserHijacking,Recon-PingSweep
BrowserHijacking,Recon-PortScan
BrowserHijacking,BrowserHijacking
BrowserHijacking,XSS
BrowserHijacking,BrowserHijacking
BrowserHijacking,BrowserHijacking
BrowserHijacking,Recon-OSScan
BrowserHijacking,XSS
BrowserHijacking,BrowserHijacking
BrowserHijacking,CommandInjection
BrowserHijacking,SqlInjection
BrowserHijacking,MITM-ArpSpoofing
BrowserHijacking,BrowserHijacking
BrowserHijacking,BrowserHijacking
BrowserHijacking,SqlInjection
BrowserHijacking,SqlInjection
BrowserHijacking,BrowserHijacking
BrowserHijacking,DictionaryBruteForce
BrowserHijacking,Recon-HostDiscovery
BrowserHijacking,Recon-OSScan
BrowserHijacking,BrowserHijacking
BrowserHijacking,VulnerabilityScan
BrowserHijacking,Recon-HostDiscovery
BrowserHijacking,DictionaryBruteForce
BrowserHijacking,CommandInjection
BrowserHijacking,XSS
BrowserHijacking,CommandInjection
BrowserHijacking,BrowserHijacking
BrowserHijacking,BrowserHijacking
BrowserHijacking,BrowserHijacking
BrowserHijacking,BenignTraffic
BrowserHijacking,BrowserHijacking
BrowserHijacking,BrowserHijacking
BrowserHijacking,CommandInjection
BrowserHijacking,XSS
BrowserHijacking,SqlInjection
BrowserHijacking,VulnerabilityScan
BrowserHijacking,Recon-PingSweep
BrowserHijacking,Backdoor_Malware
BrowserHijacking,BrowserHijacking
BrowserHijacking,VulnerabilityScan
BrowserHijacking,MITM-ArpSpoofing
BrowserHijacking,Backdoor_Malware
BrowserHijacking,BrowserHijacking
BrowserHijacking,Backdoor_Malware
BrowserHijacking,BrowserHijacking
BrowserHijacking,Recon-PortScan
BrowserHijacking,VulnerabilityScan
BrowserHijacking,BrowserHijacking
BrowserHijacking,CommandInjection
BrowserHijacking,BrowserHijacking
BrowserHijacking,BrowserHijacking
BrowserHijacking,BrowserHijacking
BrowserHijacking,MITM-ArpSpoofing
BrowserHijacking,BrowserHijacking
BrowserHijacking,BrowserHijacking
BrowserHijacking,SqlInjection
BrowserHijacking,XSS
BrowserHijacking,BrowserHijacking
BrowserHijacking,BrowserHijacking
BrowserHijacking,BrowserHijacking
BrowserHijacking,Recon-HostDiscovery
BrowserHijacking,BrowserHijacking
BrowserHijacking,CommandInjection
BrowserHijacking,DictionaryBruteForce
BrowserHijacking,SqlInjection
BrowserHijacking,BenignTraffic
BrowserHijacking,BrowserHijacking
BrowserHijacking,BrowserHijacking
BrowserHijacking,VulnerabilityScan
BrowserHijacking,DNS_Spoofing
BrowserHijacking,Backdoor_Malware
BrowserHijacking,BrowserHijacking
BrowserHijacking,Recon-OSScan
BrowserHijacking,SqlInjection
BrowserHijacking,BrowserHijacking
BrowserHijacking,BrowserHijacking
BrowserHijacking,MITM-ArpSpoofing
BrowserHijacking,Recon-PortScan
BrowserHijacking,BrowserHijacking
BrowserHijacking,VulnerabilityScan
BrowserHijacking,BrowserHijacking
BrowserHijacking,VulnerabilityScan
BrowserHijacking,VulnerabilityScan
BrowserHijacking,SqlInjection
BrowserHijacking,BrowserHijacking
BrowserHijacking,CommandInjection
BrowserHijacking,Recon-OSScan
BrowserHijacking,SqlInjection
BrowserHijacking,DNS_Spoofing
BrowserHijacking,Recon-OSScan
BrowserHijacking,BrowserHijacking
BrowserHijacking,SqlInjection
BrowserHijacking,BrowserHijacking
BrowserHijacking,Recon-PortScan
BrowserHijacking,Backdoor_Malware
BrowserHijacking,BrowserHijacking
BrowserHijacking,CommandInjection
BrowserHijacking,BrowserHijacking
BrowserHijacking,BrowserHijacking
BrowserHijacking,DNS_Spoofing
BrowserHijacking,VulnerabilityScan
BrowserHijacking,BrowserHijacking
BrowserHijacking,XSS
BrowserHijacking,Recon-PortScan
BrowserHijacking,Backdoor_Malware
BrowserHijacking,BrowserHijacking
BrowserHijacking,BrowserHijacking
BrowserHijacking,BrowserHijacking
BrowserHijacking,BrowserHijacking
BrowserHijacking,BrowserHijacking
BrowserHijacking,DictionaryBruteForce
BrowserHijacking,VulnerabilityScan
BrowserHijacking,SqlInjection
BrowserHijacking,BrowserHijacking
BrowserHijacking,VulnerabilityScan
BrowserHijacking,BrowserHijacking
BrowserHijacking,DictionaryBruteForce
BrowserHijacking,BrowserHijacking
BrowserHijacking,DictionaryBruteForce
BrowserHijacking,Recon-HostDiscovery
BrowserHijacking,Recon-HostDiscovery
BrowserHijacking,BrowserHijacking
BrowserHijacking,BrowserHijacking
BrowserHijacking,BrowserHijacking
BrowserHijacking,Recon-PingSweep
BrowserHijacking,Recon-PortScan
BrowserHijacking,BrowserHijacking
BrowserHijacking,Uploading_Attack
BrowserHijacking,Uploading_Attack
BrowserHijacking,VulnerabilityScan
BrowserHijacking,Backdoor_Malware
BrowserHijacking,VulnerabilityScan
BrowserHijacking,Recon-PingSweep
BrowserHijacking,XSS
BrowserHijacking,BrowserHijacking
BrowserHijacking,BrowserHijacking
BrowserHijacking,BrowserHijacking
BrowserHijacking,BrowserHijacking
BrowserHijacking,Recon-PingSweep
BrowserHijacking,BrowserHijacking
BrowserHijacking,BrowserHijacking
BrowserHijacking,SqlInjection
BrowserHijacking,Recon-PingSweep
BrowserHijacking,DictionaryBruteForce
BrowserHijacking,BrowserHijacking
BrowserHijacking,CommandInjection
BrowserHijacking,BrowserHijacking
BrowserHijacking,Recon-OSScan
BrowserHijacking,Recon-HostDiscovery
BrowserHijacking,BrowserHijacking
BrowserHijacking,BrowserHijacking
BrowserHijacking,BrowserHijacking
BrowserHijacking,VulnerabilityScan
BrowserHijacking,MITM-ArpSpoofing
BrowserHijacking,Backdoor_Malware
BrowserHijacking,BrowserHijacking
BrowserHijacking,Recon-PortScan
BrowserHijacking,BrowserHijacking
BrowserHijacking,BrowserHijacking
BrowserHijacking,CommandInjection
BrowserHijacking,DictionaryBruteForce
BrowserHijacking,BenignTraffic
BrowserHijacking,BrowserHijacking
BrowserHijacking,CommandInjection
BrowserHijacking,BrowserHijacking
BrowserHijacking,XSS
BrowserHijacking,Recon-PortScan
BrowserHijacking,Recon-PortScan
BrowserHijacking,Backdoor_Malware
BrowserHijacking,XSS
BrowserHijacking,BrowserHijacking
BrowserHijacking,BrowserHijacking
BrowserHijacking,VulnerabilityScan
BrowserHijacking,BrowserHijacking
BrowserHijacking,Uploading_Attack
BrowserHijacking,CommandInjection
BrowserHijacking,Uploading_Attack
BrowserHijacking,BrowserHijacking
BrowserHijacking,BenignTraffic
BrowserHijacking,CommandInjection
BrowserHijacking,VulnerabilityScan
BrowserHijacking,BrowserHijacking
BrowserHijacking,CommandInjection
BrowserHijacking,Recon-PortScan
BrowserHijacking,BrowserHijacking
BrowserHijacking,Recon-OSScan
BrowserHijacking,BrowserHijacking
BrowserHijacking,SqlInjection
BrowserHijacking,BrowserHijacking
BrowserHijacking,BrowserHijacking
BrowserHijacking,Backdoor_Malware
BrowserHijacking,VulnerabilityScan
BrowserHijacking,Recon-OSScan
BrowserHijacking,CommandInjection
BrowserHijacking,Recon-PingSweep
BrowserHijacking,BrowserHijacking
BrowserHijacking,Recon-HostDiscovery
BrowserHijacking,Recon-OSScan
BrowserHijacking,XSS
BrowserHijacking,BenignTraffic
BrowserHijacking,Recon-PortScan
BrowserHijacking,VulnerabilityScan
BrowserHijacking,XSS
BrowserHijacking,BrowserHijacking
BrowserHijacking,Uploading_Attack
BrowserHijacking,BrowserHijacking
BrowserHijacking,BrowserHijacking
BrowserHijacking,VulnerabilityScan
BrowserHijacking,SqlInjection
BrowserHijacking,Backdoor_Malware
CommandInjection,CommandInjection
CommandInjection,XSS
CommandInjection,Uploading_Attack
CommandInjection,CommandInjection
CommandInjection,Recon-PortScan
CommandInjection,DictionaryBruteForce
CommandInjection,Recon-OSScan
CommandInjection,Recon-PortScan
CommandInjection,Backdoor_Malware
CommandInjection,CommandInjection
CommandInjection,DNS_Spoofing
CommandInjection,CommandInjection
CommandInjection,Uploading_Attack
CommandInjection,CommandInjection
CommandInjection,CommandInjection
CommandInjection,CommandInjection
CommandInjection,XSS
CommandInjection,Recon-OSScan
CommandInjection,Uploading_Attack
CommandInjection,BrowserHijacking
CommandInjection,CommandInjection
CommandInjection,BenignTraffic
CommandInjection,XSS
CommandInjection,CommandInjection
CommandInjection,Recon-HostDiscovery
CommandInjection,Recon-PortScan
CommandInjection,BrowserHijacking
CommandInjection,Recon-PortScan
CommandInjection,CommandInjection
CommandInjection,CommandInjection
CommandInjection,CommandInjection
CommandInjection,XSS
CommandInjection,Uploading_Attack
CommandInjection,Backdoor_Malware
CommandInjection,CommandInjection
CommandInjection,BrowserHijacking
CommandInjection,Backdoor_Malware
CommandInjection,Backdoor_Malware
CommandInjection,Backdoor_Malware
CommandInjection,SqlInjection
CommandInjection,Backdoor_Malware
CommandInjection,Recon-OSScan
CommandInjection,CommandInjection
CommandInjection,VulnerabilityScan
CommandInjection,Uploading_Attack
CommandInjection,Uploading_Attack
CommandInjection,XSS
CommandInjection,CommandInjection
CommandInjection,CommandInjection
CommandInjection,Backdoor_Malware
CommandInjection,Uploading_Attack
CommandInjection,BrowserHijacking
CommandInjection,DNS_Spoofing
CommandInjection,Backdoor_Malware
CommandInjection,BrowserHijacking
CommandInjection,Backdoor_Malware
CommandInjection,CommandInjection
CommandInjection,Uploading_Attack
CommandInjection,BrowserHijacking
CommandInjection,XSS
CommandInjection,VulnerabilityScan
CommandInjection,Backdoor_Malware
CommandInjection,CommandInjection
CommandInjection,Uploading_Attack
CommandInjection,Recon-PingSweep
CommandInjection,Recon-PortScan
CommandInjection,SqlInjection
CommandInjection,BrowserHijacking
CommandInjection,Uploading_Attack
CommandInjection,XSS
CommandInjection,XSS
CommandInjection,XSS
CommandInjection,Recon-PingSweep
CommandInjection,BrowserHijacking
CommandInjection,SqlInjection
CommandInjection,SqlInjection
CommandInjection,Recon-OSScan
CommandInjection,Uploading_Attack
CommandInjection,CommandInjection
CommandInjection,SqlInjection
CommandInjection,CommandInjection
CommandInjection,CommandInjection
CommandInjection,VulnerabilityScan
CommandInjection,Recon-OSScan
CommandInjection,XSS
CommandInjection,CommandInjection
CommandInjection,DictionaryBruteForce
CommandInjection,XSS
CommandInjection,Backdoor_Malware
CommandInjection,CommandInjection
CommandInjection,Uploading_Attack
CommandInjection,XSS
CommandInjection,Recon-PingSweep
CommandInjection,Uploading_Attack
CommandInjection,SqlInjection
CommandInjection,Backdoor_Malware
CommandInjection,BrowserHijacking
CommandInjection,Backdoor_Malware
CommandInjection,XSS
CommandInjection,Recon-OSScan
CommandInjection,SqlInjection
CommandInjection,CommandInjection
CommandInjection,CommandInjection
CommandInjection,SqlInjection
CommandInjection,Uploading_Attack
CommandInjection,CommandInjection
CommandInjection,Uploading_Attack
CommandInjection,Uploading_Attack
CommandInjection,BrowserHijacking
CommandInjection,CommandInjection
CommandInjection,BrowserHijacking
CommandInjection,CommandInjection
CommandInjection,CommandInjection
CommandInjection,CommandInjection
CommandInjection,CommandInjection
CommandInjection,VulnerabilityScan
CommandInjection,CommandInjection
CommandInjection,CommandInjection
CommandInjection,CommandInjection
CommandInjection,CommandInjection
CommandInjection,CommandInjection
CommandInjection,BrowserHijacking
CommandInjection,CommandInjection
CommandInjection,BrowserHijacking
CommandInjection,Recon-PortScan
CommandInjection,BrowserHijacking
CommandInjection,Backdoor_Malware
CommandInjection,Backdoor_Malware
CommandInjection,BrowserHijacking
CommandInjection,Uploading_Attack
CommandInjection,CommandInjection
CommandInjection,Backdoor_Malware
CommandInjection,BrowserHijacking
CommandInjection,DictionaryBruteForce
CommandInjection,Uploading_Attack
CommandInjection,CommandInjection
CommandInjection,CommandInjection
CommandInjection,BenignTraffic
CommandInjection,CommandInjection
CommandInjection,DictionaryBruteForce
CommandInjection,BrowserHijacking
CommandInjection,Recon-PortScan
CommandInjection,CommandInjection
CommandInjection,Uploading_Attack
CommandInjection,XSS
CommandInjection,Recon-PingSweep
CommandInjection,Uploading_Attack
CommandInjection,XSS
CommandInjection,CommandInjection
CommandInjection,CommandInjection
CommandInjection,CommandInjection
CommandInjection,BenignTraffic
CommandInjection,Uploading_Attack
CommandInjection,Backdoor_Malware
CommandInjection,CommandInjection
CommandInjection,Recon-PingSweep
CommandInjection,CommandInjection
CommandInjection,XSS
CommandInjection,CommandInjection
CommandInjection,XSS
CommandInjection,Recon-OSScan
CommandInjection,Uploading_Attack
CommandInjection,Recon-OSScan
CommandInjection,DictionaryBruteForce
CommandInjection,CommandInjection
CommandInjection,CommandInjection
CommandInjection,BrowserHijacking
CommandInjection,Recon-PortScan
CommandInjection,XSS
CommandInjection,CommandInjection
CommandInjection,MITM-ArpSpoofing
CommandInjection,CommandInjection
CommandInjection,BrowserHijacking
CommandInjection,CommandInjection
CommandInjection,CommandInjection
CommandInjection,CommandInjection
CommandInjection,CommandInjection
CommandInjection,Recon-HostDiscovery
CommandInjection,XSS
CommandInjection,CommandInjection
CommandInjection,Recon-PingSweep
CommandInjection,CommandInjection
CommandInjection,BenignTraffic
CommandInjection,CommandInjection
CommandInjection,Uploading_Attack
CommandInjection,XSS
CommandInjection,Recon-PingSweep
CommandInjection,BrowserHijacking
CommandInjection,BrowserHijacking
CommandInjection,XSS
CommandInjection,CommandInjection
CommandInjection,CommandInjection
CommandInjection,Recon-PingSweep
CommandInjection,DNS_Spoofing
CommandInjection,Recon-PortScan
CommandInjection,XSS
CommandInjection,BrowserHijacking
CommandInjection,CommandInjection
CommandInjection,CommandInjection
CommandInjection,Backdoor_Malware
CommandInjection,Recon-PortScan
CommandInjection,BrowserHijacking
CommandInjection,XSS
CommandInjection,CommandInjection
CommandInjection,Uploading_Attack
CommandInjection,SqlInjection
CommandInjection,Backdoor_Malware
CommandInjection,Backdoor_Malware
CommandInjection,Backdoor_Malware
CommandInjection,Backdoor_Malware
CommandInjection,DNS_Spoofing
CommandInjection,CommandInjection
CommandInjection,CommandInjection
CommandInjection,VulnerabilityScan
CommandInjection,CommandInjection
CommandInjection,Recon-HostDiscovery
CommandInjection,BrowserHijacking
CommandInjection,CommandInjection
CommandInjection,BrowserHijacking
CommandInjection,XSS
CommandInjection,Backdoor_Malware
CommandInjection,Recon-OSScan
CommandInjection,CommandInjection
CommandInjection,Recon-PingSweep
CommandInjection,Backdoor_Malware
CommandInjection,CommandInjection
CommandInjection,XSS
CommandInjection,VulnerabilityScan
CommandInjection,XSS
CommandInjection,Recon-HostDiscovery
CommandInjection,DNS_Spoofing
CommandInjection,CommandInjection
CommandInjection,Recon-PingSweep
CommandInjection,SqlInjection
CommandInjection,BrowserHijacking
CommandInjection,XSS
CommandInjection,BrowserHijacking
CommandInjection,CommandInjection
CommandInjection,Backdoor_Malware
CommandInjection,Recon-OSScan
CommandInjection,Uploading_Attack
CommandInjection,Backdoor_Malware
CommandInjection,CommandInjection
CommandInjection,MITM-ArpSpoofing
CommandInjection,CommandInjection
CommandInjection,Recon-OSScan
CommandInjection,CommandInjection
CommandInjection,CommandInjection
CommandInjection,CommandInjection
CommandInjection,CommandInjection
CommandInjection,XSS
CommandInjection,BenignTraffic
CommandInjection,Recon-OSScan
CommandInjection,DictionaryBruteForce
CommandInjection,CommandInjection
CommandInjection,CommandInjection
CommandInjection,CommandInjection
CommandInjection,XSS
CommandInjection,Uploading_Attack
CommandInjection,Uploading_Attack
CommandInjection,XSS
CommandInjection,BrowserHijacking
CommandInjection,Recon-PingSweep
CommandInjection,DictionaryBruteForce
CommandInjection,BrowserHijacking
CommandInjection,VulnerabilityScan
CommandInjection,Backdoor_Malware
CommandInjection,Recon-HostDiscovery
CommandInjection,CommandInjection
CommandInjection,Recon-PingSweep
CommandInjection,VulnerabilityScan
CommandInjection,CommandInjection
CommandInjection,Backdoor_Malware
CommandInjection,Recon-HostDiscovery
CommandInjection,VulnerabilityScan
CommandInjection,Recon-PingSweep
CommandInjection,Uploading_Attack
CommandInjection,CommandInjection
CommandInjection,VulnerabilityScan
CommandInjection,Backdoor_Malware
CommandInjection,Uploading_Attack
CommandInjection,Backdoor_Malware
CommandInjection,CommandInjection
CommandInjection,Backdoor_Malware
CommandInjection,DictionaryBruteForce
CommandInjection,CommandInjection
CommandInjection,XSS
CommandInjection,XSS
CommandInjection,CommandInjection
CommandInjection,CommandInjection
CommandInjection,XSS
CommandInjection,BrowserHijacking
CommandInjection,CommandInjection
CommandInjection,Recon-OSScan
CommandInjection,CommandInjection
CommandInjection,Uploading_Attack
CommandInjection,CommandInjection
CommandInjection,CommandInjection
CommandInjection,CommandInjection
CommandInjection,XSS
CommandInjection,CommandInjection
CommandInjection,XSS
CommandInjection,BenignTraffic
CommandInjection,Backdoor_Malware
CommandInjection,Recon-PortScan
CommandInjection,Recon-OSScan
CommandInjection,Recon-OSScan
CommandInjection,Backdoor_Malware
CommandInjection,DNS_Spoofing
CommandInjection,XSS
CommandInjection,SqlInjection
CommandInjection,CommandInjection
CommandInjection,CommandInjection
CommandInjection,XSS
CommandInjection,Backdoor_Malware
CommandInjection,BrowserHijacking
CommandInjection,Recon-PingSweep
CommandInjection,Backdoor_Malware
CommandInjection,CommandInjection
CommandInjection,CommandInjection
CommandInjection,CommandInjection
CommandInjection,XSS
CommandInjection,CommandInjection
CommandInjection,VulnerabilityScan
CommandInjection,DictionaryBruteForce
CommandInjection,XSS
CommandInjection,XSS
CommandInjection,Backdoor_Malware
CommandInjection,Recon-PingSweep
CommandInjection,Backdoor_Malware
CommandInjection,Backdoor_Malware
CommandInjection,Recon-HostDiscovery
CommandInjection,DNS_Spoofing
CommandInjection,XSS
CommandInjection,Uploading_Attack
CommandInjection,CommandInjection
CommandInjection,CommandInjection
CommandInjection,MITM-ArpSpoofing
CommandInjection,CommandInjection
CommandInjection,XSS
CommandInjection,Recon-PortScan
CommandInjection,CommandInjection
CommandInjection,Backdoor_Malware
CommandInjection,DictionaryBruteForce
CommandInjection,Uploading_Attack
CommandInjection,DNS_Spoofing
CommandInjection,SqlInjection
CommandInjection,XSS
CommandInjection,CommandInjection
CommandInjection,CommandInjection
CommandInjection,CommandInjection
CommandInjection,Recon-PingSweep
CommandInjection,XSS
CommandInjection,BenignTraffic
CommandInjection,Backdoor_Malware
CommandInjection,CommandInjection
CommandInjection,XSS
CommandInjection,Recon-PingSweep
CommandInjection,Recon-PingSweep
CommandInjection,BenignTraffic
CommandInjection,Backdoor_Malware
CommandInjection,CommandInjection
CommandInjection,XSS
CommandInjection,DNS_Spoofing
CommandInjection,Recon-HostDiscovery
CommandInjection,CommandInjection
CommandInjection,CommandInjection
CommandInjection,Recon-PingSweep
CommandInjection,DictionaryBruteForce
CommandInjection,DictionaryBruteForce
CommandInjection,XSS
CommandInjection,BrowserHijacking
CommandInjection,Recon-OSScan
CommandInjection,BrowserHijacking
CommandInjection,CommandInjection
CommandInjection,XSS
CommandInjection,SqlInjection
CommandInjection,CommandInjection
CommandInjection,XSS
CommandInjection,Recon-OSScan
CommandInjection,XSS
CommandInjection,Backdoor_Malware
CommandInjection,SqlInjection
CommandInjection,SqlInjection
CommandInjection,BrowserHijacking
CommandInjection,DictionaryBruteForce
CommandInjection,CommandInjection
CommandInjection,XSS
CommandInjection,CommandInjection
CommandInjection,CommandInjection
CommandInjection,MITM-ArpSpoofing
CommandInjection,BenignTraffic
CommandInjection,VulnerabilityScan
CommandInjection,CommandInjection
CommandInjection,Recon-OSScan
CommandInjection,CommandInjection
CommandInjection,CommandInjection
CommandInjection,CommandInjection
CommandInjection,CommandInjection
CommandInjection,XSS
Recon-PingSweep,Recon-HostDiscovery
Recon-PingSweep,BenignTraffic
Recon-PingSweep,VulnerabilityScan
Recon-PingSweep,Recon-PortScan
Recon-PingSweep,Recon-OSScan
Recon-PingSweep,Recon-PortScan
Recon-PingSweep,DictionaryBruteForce
Recon-PingSweep,BrowserHijacking
Recon-PingSweep,Recon-PingSweep
Recon-PingSweep,Recon-PingSweep
Recon-PingSweep,SqlInjection
Recon-PingSweep,Recon-PingSweep
Recon-PingSweep,Recon-OSScan
Recon-PingSweep,BenignTraffic
Recon-PingSweep,SqlInjection
Recon-PingSweep,Recon-PortScan
Recon-PingSweep,Recon-PingSweep
Recon-PingSweep,VulnerabilityScan
Recon-PingSweep,XSS
Recon-PingSweep,Recon-PingSweep
Recon-PingSweep,Recon-PortScan
Recon-PingSweep,SqlInjection
Recon-PingSweep,XSS
Recon-PingSweep,Recon-PortScan
Recon-PingSweep,DictionaryBruteForce
Recon-PingSweep,SqlInjection
Recon-PingSweep,Recon-PingSweep
Recon-PingSweep,BenignTraffic
Recon-PingSweep,Recon-PingSweep
Recon-PingSweep,Recon-PingSweep
Recon-PingSweep,CommandInjection
Recon-PingSweep,Recon-HostDiscovery
Recon-PingSweep,Recon-PingSweep
Recon-PingSweep,Backdoor_Malware
Recon-PingSweep,BenignTraffic
Recon-PingSweep,Backdoor_Malware
Recon-PingSweep,Recon-OSScan
Recon-PingSweep,Recon-PortScan
Recon-PingSweep,VulnerabilityScan
Recon-PingSweep,Recon-OSScan
Recon-PingSweep,Recon-PortScan
Recon-PingSweep,Recon-PingSweep
Recon-PingSweep,Recon-PingSweep
Recon-PingSweep,VulnerabilityScan
Recon-PingSweep,Recon-PingSweep
Recon-PingSweep,Recon-PortScan
Recon-PingSweep,Recon-PingSweep
Recon-PingSweep,Backdoor_Malware
Recon-PingSweep,Recon-PortScan
Recon-PingSweep,Recon-PortScan
Recon-PingSweep,XSS
Recon-PingSweep,Recon-PingSweep
Recon-PingSweep,Recon-OSScan
Recon-PingSweep,Recon-PortScan
Recon-PingSweep,Recon-PingSweep
Recon-PingSweep,Recon-OSScan
Recon-PingSweep,VulnerabilityScan
Recon-PingSweep,Uploading_Attack
Recon-PingSweep,SqlInjection
Recon-PingSweep,BrowserHijacking
Recon-PingSweep,SqlInjection
Recon-PingSweep,CommandInjection
Recon-PingSweep,Recon-PingSweep
Recon-PingSweep,BenignTraffic
Recon-PingSweep,Recon-PingSweep
Recon-PingSweep,DictionaryBruteForce
Recon-PingSweep,Recon-PingSweep
Recon-PingSweep,Recon-OSScan
Recon-PingSweep,BenignTraffic
Recon-PingSweep,BrowserHijacking
Recon-PingSweep,VulnerabilityScan
Recon-PingSweep,SqlInjection
Recon-PingSweep,Recon-PortScan
Recon-PingSweep,Recon-OSScan
Recon-PingSweep,DictionaryBruteForce
Recon-PingSweep,Uploading_Attack
Recon-PingSweep,SqlInjection
Recon-PingSweep,Recon-PingSweep
Recon-PingSweep,Recon-OSScan
Recon-PingSweep,MITM-ArpSpoofing
Recon-PingSweep,Recon-OSScan
Recon-PingSweep,Recon-PingSweep
Recon-PingSweep,Recon-PingSweep
Recon-PingSweep,Uploading_Attack
Recon-PingSweep,Recon-OSScan
Recon-PingSweep,BenignTraffic
Recon-PingSweep,SqlInjection
Recon-PingSweep,Recon-PortScan
Recon-PingSweep,SqlInjection
Recon-PingSweep,Recon-PingSweep
Recon-PingSweep,BenignTraffic
Recon-PingSweep,Recon-PingSweep
Recon-PingSweep,Recon-PingSweep
Recon-PingSweep,BenignTraffic
Recon-PingSweep,Recon-PortScan
Recon-PingSweep,Recon-PingSweep
DDoS-SYN_Flood,DDoS-SynonymousIP_Flood
DDoS-SYN_Flood,Mirai-greeth_flood
DDoS-SYN_Flood,DoS-SYN_Flood
DDoS-SYN_Flood,DDoS-SYN_Flood
DDoS-SYN_Flood,Mirai-greeth_flood
DDoS-SYN_Flood,DDoS-SYN_Flood
DDoS-SYN_Flood,DDoS-SYN_Flood
DDoS-SYN_Flood,DoS-UDP_Flood
DDoS-SYN_Flood,DDoS-SynonymousIP_Flood
DDoS-SYN_Flood,DDoS-SynonymousIP_Flood
DDoS-SYN_Flood,DDoS-SYN_Flood
DDoS-SYN_Flood,DDoS-SynonymousIP_Flood
DDoS-SYN_Flood,DDoS-SYN_Flood
DDoS-SYN_Flood,DDoS-UDP_Flood
DDoS-SYN_Flood,DDoS-SYN_Flood
DDoS-SYN_Flood,DDoS-SynonymousIP_Flood
DDoS-SYN_Flood,DDoS-SYN_Flood
DDoS-SYN_Flood,VulnerabilityScan
DDoS-SYN_Flood,DDoS-SYN_Flood
DDoS-SYN_Flood,DDoS-SYN_Flood
DDoS-SYN_Flood,DDoS-SYN_Flood
DDoS-SYN_Flood,DDoS-SYN_Flood
DDoS-SYN_Flood,DDoS-SynonymousIP_Flood
DDoS-SYN_Flood,Mirai-udpplain
DDoS-SYN_Flood,DDoS-ICMP_Flood
DDoS-SYN_Flood,DDoS-SynonymousIP_Flood
DDoS-SYN_Flood,DDoS-SYN_Flood
DDoS-SYN_Flood,DDoS-SynonymousIP_Flood
DDoS-SYN_Flood,DoS-SYN_Flood
DDoS-SYN_Flood,DDoS-UDP_Flood
DDoS-SYN_Flood,DDoS-SynonymousIP_Flood
DDoS-SYN_Flood,DDoS-SYN_Flood
DDoS-SYN_Flood,DDoS-SYN_Flood
DDoS-SYN_Flood,DDoS-UDP_Flood
DDoS-SYN_Flood,DDoS-SynonymousIP_Flood
DDoS-SYN_Flood,VulnerabilityScan
DDoS-SYN_Flood,DDoS-ICMP_Flood
DDoS-SYN_Flood,Mirai-greeth_flood
DDoS-SYN_Flood,DDoS-SYN_Flood
DDoS-SYN_Flood,DDoS-SYN_Flood
DDoS-SYN_Flood,DDoS-SYN_Flood
DDoS-SYN_Flood,DDoS-SYN_Flood
DDoS-SYN_Flood,DDoS-SYN_Flood
DDoS-SYN_Flood,DDoS-UDP_Fragmentation
DDoS-SYN_Flood,DDoS-SYN_Flood
DDoS-SYN_Flood,DDoS-SYN_Flood
DDoS-SYN_Flood,DoS-SYN_Flood
DDoS-SYN_Flood,DDoS-SYN_Flood
DDoS-SYN_Flood,DDoS-SYN_Flood
DDoS-SYN_Flood,DDoS-SYN_Flood
DDoS-SYN_Flood,DDoS-SYN_Flood
DDoS-SYN_Flood,DDoS-SYN_Flood
DDoS-SYN_Flood,DDoS-UDP_Flood
DDoS-SYN_Flood,DDoS-ICMP_Fragmentation
DDoS-SYN_Flood,DDoS-SYN_Flood
DDoS-SYN_Flood,DDoS-SYN_Flood
DDoS-SYN_Flood,DDoS-SYN_Flood
DDoS-SYN_Flood,DDoS-SYN_Flood
DDoS-SYN_Flood,DDoS-SYN_Flood
DDoS-SYN_Flood,DDoS-SYN_Flood
DDoS-SYN_Flood,DDoS-UDP_Flood
DDoS-SYN_Flood,DDoS-SynonymousIP_Flood
DDoS-SYN_Flood,DDoS-SynonymousIP_Flood
DDoS-SYN_Flood,DDoS-SYN_Flood
DDoS-SYN_Flood,DDoS-UDP_Flood
DDoS-SYN_Flood,DDoS-SYN_Flood
DDoS-SYN_Flood,DDoS-UDP_Flood
DDoS-SYN_Flood,DDoS-ICMP_Flood
DDoS-SYN_Flood,DDoS-SYN_Flood
DDoS-SYN_Flood,DDoS-UDP_Flood
DDoS-SYN_Flood,DDoS-UDP_Flood
DDoS-SYN_Flood,DDoS-SYN_Flood
DDoS-SYN_Flood,DoS-SYN_Flood
DDoS-SYN_Flood,DDoS-SYN_Flood
DDoS-SYN_Flood,DoS-SYN_Flood
DDoS-SYN_Flood,DDoS-UDP_Flood
DDoS-SYN_Flood,DDoS-SYN_Flood
DDoS-SYN_Flood,DoS-SYN_Flood
DDoS-SYN_Flood,DDoS-SYN_Flood
DDoS-SYN_Flood,DDoS-UDP_Flood
DDoS-SYN_Flood,DDoS-SYN_Flood
DDoS-SYN_Flood,DDoS-UDP_Fragmentation
DDoS-SYN_Flood,DDoS-SYN_Flood
DDoS-SYN_Flood,DDoS-SYN_Flood
DDoS-SYN_Flood,DoS-SYN_Flood
DDoS-SYN_Flood,DDoS-SYN_Flood
DDoS-SYN_Flood,DDoS-SYN_Flood
DDoS-SYN_Flood,DDoS-ICMP_Fragmentation
DDoS-SYN_Flood,DDoS-SYN_Flood
DDoS-SYN_Flood,DDoS-ICMP_Flood
DDoS-SYN_Flood,DDoS-UDP_Flood
DDoS-SYN_Flood,DoS-SYN_Flood
DDoS-SYN_Flood,DDoS-SYN_Flood
DDoS-SYN_Flood,DDoS-SYN_Flood
DDoS-SYN_Flood,DDoS-SYN_Flood
DDoS-SYN_Flood,DDoS-SYN_Flood
DDoS-SYN_Flood,DDoS-SynonymousIP_Flood
DDoS-SYN_Flood,DDoS-SYN_Flood
DDoS-SYN_Flood,DDoS-SynonymousIP_Flood
DDoS-SYN_Flood,DDoS-SynonymousIP_Flood
DDoS-SYN_Flood,DDoS-SYN_Flood
DDoS-SYN_Flood,DDoS-UDP_Flood
DDoS-SYN_Flood,DDoS-SynonymousIP_Flood
DDoS-SYN_Flood,DDoS-SYN_Flood
DDoS-SYN_Flood,DDoS-SYN_Flood
DDoS-SYN_Flood,DDoS-SYN_Flood
DDoS-SYN_Flood,DDoS-SYN_Flood
DDoS-SYN_Flood,DDoS-SYN_Flood
DDoS-SYN_Flood,DDoS-SynonymousIP_Flood
DDoS-SYN_Flood,DDoS-SYN_Flood
DDoS-SYN_Flood,DDoS-SynonymousIP_Flood
DDoS-SYN_Flood,DDoS-SYN_Flood
DDoS-SYN_Flood,DDoS-TCP_Flood
DDoS-SYN_Flood,DoS-SYN_Flood
DDoS-SYN_Flood,DDoS-ICMP_Flood
DDoS-SYN_Flood,DDoS-SYN_Flood
DDoS-SYN_Flood,DDoS-SynonymousIP_Flood
DDoS-SYN_Flood,DDoS-SYN_Flood
DDoS-SYN_Flood,DDoS-SYN_Flood
DDoS-SYN_Flood,DDoS-UDP_Flood
DDoS-SYN_Flood,VulnerabilityScan
DDoS-SYN_Flood,DDoS-SYN_Flood
DDoS-SYN_Flood,DDoS-SYN_Flood
DDoS-SYN_Flood,DDoS-UDP_Flood
DDoS-SYN_Flood,DDoS-SYN_Flood
DDoS-SYN_Flood,DDoS-SYN_Flood
DDoS-SYN_Flood,DDoS-UDP_Flood
DDoS-SYN_Flood,DDoS-SYN_Flood
DDoS-SYN_Flood,DDoS-SYN_Flood
DDoS-SYN_Flood,DoS-SYN_Flood
DDoS-SYN_Flood,DDoS-SYN_Flood
DDoS-SYN_Flood,DDoS-SYN_Flood
DDoS-SYN_Flood,DDoS-SYN_Flood
DDoS-SYN_Flood,DDoS-SYN_Flood
DDoS-SYN_Flood,DDoS-UDP_Flood
DDoS-SYN_Flood,DDoS-SYN_Flood
DDoS-SYN_Flood,DDoS-ICMP_Flood
DDoS-SYN_Flood,DDoS-SYN_Flood
DDoS-SYN_Flood,DDoS-SYN_Flood
DDoS-SYN_Flood,VulnerabilityScan
DDoS-SYN_Flood,DDoS-UDP_Flood
DDoS-SYN_Flood,DDoS-SynonymousIP_Flood
DDoS-SYN_Flood,DDoS-SYN_Flood
DDoS-SYN_Flood,DDoS-SYN_Flood
DDoS-SYN_Flood,DDoS-SYN_Flood
DDoS-SYN_Flood,DDoS-SYN_Flood
DDoS-SYN_Flood,DoS-SYN_Flood
DDoS-SYN_Flood,DDoS-UDP_Fragmentation
DDoS-SYN_Flood,DoS-SYN_Flood
DDoS-SYN_Flood,DDoS-SYN_Flood
DDoS-SYN_Flood,DoS-SYN_Flood
DDoS-SYN_Flood,DDoS-SYN_Flood
DDoS-SYN_Flood,DDoS-UDP_Flood
DDoS-SYN_Flood,DDoS-SYN_Flood
DDoS-SYN_Flood,DDoS-SYN_Flood
DDoS-SYN_Flood,DDoS-SYN_Flood
DDoS-SYN_Flood,DDoS-SYN_Flood
DDoS-SYN_Flood,DDoS-UDP_Flood
DDoS-SYN_Flood,DoS-SYN_Flood
DDoS-SYN_Flood,DDoS-SYN_Flood
DDoS-SYN_Flood,DDoS-SYN_Flood
DDoS-SYN_Flood,DDoS-SYN_Flood
DDoS-SYN_Flood,DDoS-SynonymousIP_Flood
DDoS-SYN_Flood,DDoS-SYN_Flood
DDoS-SYN_Flood,DDoS-SYN_Flood
DDoS-SYN_Flood,DoS-SYN_Flood
DDoS-SYN_Flood,DoS-SYN_Flood
DDoS-SYN_Flood,DoS-SYN_Flood
DDoS-SYN_Flood,DDoS-SYN_Flood
DDoS-SYN_Flood,DDoS-UDP_Flood
DDoS-SYN_Flood,DDoS-SynonymousIP_Flood
DDoS-SYN_Flood,DDoS-SYN_Flood
DDoS-SYN_Flood,DDoS-SynonymousIP_Flood
DDoS-SYN_Flood,DDoS-SYN_Flood
DDoS-SYN_Flood,DoS-SYN_Flood
DDoS-SYN_Flood,DDoS-SynonymousIP_Flood
DDoS-SYN_Flood,DDoS-SYN_Flood
DDoS-SYN_Flood,DDoS-SynonymousIP_Flood
DDoS-SYN_Flood,DDoS-SYN_Flood
DDoS-SYN_Flood,DDoS-SYN_Flood
DDoS-SYN_Flood,DDoS-SYN_Flood
DDoS-SYN_Flood,DDoS-SynonymousIP_Flood
DDoS-SYN_Flood,DDoS-SYN_Flood
DDoS-SYN_Flood,DDoS-SYN_Flood
DDoS-SYN_Flood,VulnerabilityScan
DDoS-SYN_Flood,DDoS-SYN_Flood
DDoS-SYN_Flood,DDoS-SYN_Flood
DDoS-SYN_Flood,DDoS-UDP_Flood
DDoS-SYN_Flood,DDoS-SYN_Flood
DDoS-SYN_Flood,DDoS-SYN_Flood
DDoS-SYN_Flood,DDoS-SYN_Flood
DDoS-SYN_Flood,DDoS-SYN_Flood
DDoS-SYN_Flood,DoS-SYN_Flood
DDoS-SYN_Flood,DDoS-SYN_Flood
DDoS-SYN_Flood,DDoS-SYN_Flood
DDoS-SYN_Flood,DDoS-UDP_Flood
DDoS-SYN_Flood,DDoS-ICMP_Flood
DDoS-SYN_Flood,DDoS-UDP_Flood
DDoS-SYN_Flood,DDoS-SYN_Flood
DDoS-SYN_Flood,DDoS-SynonymousIP_Flood
DDoS-SYN_Flood,DDoS-SYN_Flood
DDoS-SYN_Flood,DDoS-SynonymousIP_Flood
DDoS-SYN_Flood,DDoS-SYN_Flood
DDoS-SYN_Flood,DDoS-SYN_Flood
DDoS-SYN_Flood,DoS-SYN_Flood
DDoS-SYN_Flood,DDoS-SYN_Flood
DDoS-SYN_Flood,DoS-SYN_Flood
DDoS-SYN_Flood,DDoS-SYN_Flood
DDoS-SYN_Flood,DDoS-UDP_Flood
DDoS-SYN_Flood,DDoS-SynonymousIP_Flood
DDoS-SYN_Flood,DDoS-SYN_Flood
DDoS-SYN_Flood,DDoS-SYN_Flood
DDoS-SYN_Flood,DDoS-SynonymousIP_Flood
DDoS-SYN_Flood,DDoS-SynonymousIP_Flood
DDoS-SYN_Flood,DDoS-SYN_Flood
DDoS-SYN_Flood,DoS-SYN_Flood
DDoS-SYN_Flood,VulnerabilityScan
DDoS-SYN_Flood,DDoS-SYN_Flood
DDoS-SYN_Flood,DDoS-SYN_Flood
DDoS-SYN_Flood,DDoS-SYN_Flood
DDoS-SYN_Flood,DDoS-SYN_Flood
DDoS-SYN_Flood,DDoS-SYN_Flood
DDoS-SYN_Flood,DDoS-SYN_Flood
DDoS-SYN_Flood,DDoS-SYN_Flood
DDoS-SYN_Flood,DDoS-SYN_Flood
DDoS-SYN_Flood,Mirai-greeth_flood
DDoS-SYN_Flood,DDoS-SynonymousIP_Flood
DDoS-SYN_Flood,DDoS-SYN_Flood
DDoS-SYN_Flood,DDoS-SYN_Flood
DDoS-SYN_Flood,DoS-SYN_Flood
DDoS-SYN_Flood,DDoS-SYN_Flood
DDoS-SYN_Flood,DDoS-SynonymousIP_Flood
DDoS-SYN_Flood,DDoS-SYN_Flood
DDoS-SYN_Flood,DDoS-SynonymousIP_Flood
DDoS-SYN_Flood,DoS-SYN_Flood
DDoS-SYN_Flood,VulnerabilityScan
DDoS-SYN_Flood,VulnerabilityScan
DDoS-SYN_Flood,DDoS-SynonymousIP_Flood
DDoS-SYN_Flood,DDoS-SYN_Flood
DDoS-SYN_Flood,DDoS-SYN_Flood
DDoS-SYN_Flood,DoS-SYN_Flood
DDoS-SYN_Flood,DDoS-SYN_Flood
DDoS-SYN_Flood,DDoS-UDP_Flood
DDoS-SYN_Flood,DDoS-SYN_Flood
DDoS-SYN_Flood,DDoS-SYN_Flood
DDoS-SYN_Flood,DDoS-UDP_Flood
DDoS-SYN_Flood,DDoS-SynonymousIP_Flood
DDoS-SYN_Flood,DDoS-SYN_Flood
DDoS-SYN_Flood,DDoS-SynonymousIP_Flood
DDoS-SYN_Flood,DoS-SYN_Flood
DDoS-SYN_Flood,DDoS-SYN_Flood
DDoS-SYN_Flood,DDoS-SYN_Flood
DDoS-SYN_Flood,DDoS-SYN_Flood
DDoS-SYN_Flood,DDoS-SYN_Flood
DDoS-SYN_Flood,DDoS-SYN_Flood
DDoS-SYN_Flood,DDoS-SYN_Flood
DDoS-SYN_Flood,DDoS-SynonymousIP_Flood
DDoS-SYN_Flood,DDoS-SYN_Flood
DDoS-SYN_Flood,DDoS-SYN_Flood
DDoS-SYN_Flood,DDoS-SYN_Flood
DDoS-SYN_Flood,DDoS-SYN_Flood
DDoS-SYN_Flood,DDoS-SYN_Flood
DDoS-SYN_Flood,DoS-SYN_Flood
DDoS-SYN_Flood,DoS-SYN_Flood
DDoS-SYN_Flood,DoS-SYN_Flood
DDoS-SYN_Flood,DDoS-UDP_Flood
DDoS-SYN_Flood,DDoS-SYN_Flood
DDoS-SYN_Flood,DoS-SYN_Flood
DDoS-SYN_Flood,VulnerabilityScan
DDoS-SYN_Flood,DDoS-SynonymousIP_Flood
DDoS-SYN_Flood,DDoS-SYN_Flood
DDoS-SYN_Flood,DDoS-ICMP_Fragmentation
DDoS-SYN_Flood,DDoS-SynonymousIP_Flood
DDoS-SYN_Flood,DDoS-UDP_Flood
DDoS-SYN_Flood,DoS-SYN_Flood
DDoS-SYN_Flood,DDoS-UDP_Flood
DDoS-SYN_Flood,DoS-SYN_Flood
DDoS-SYN_Flood,DoS-SYN_Flood
DDoS-SYN_Flood,DDoS-SYN_Flood
DDoS-SYN_Flood,DDoS-SYN_Flood
DDoS-SYN_Flood,DoS-SYN_Flood
DDoS-SYN_Flood,DDoS-SynonymousIP_Flood
DDoS-SYN_Flood,DDoS-SYN_Flood
DDoS-SYN_Flood,VulnerabilityScan
DDoS-SYN_Flood,DDoS-SYN_Flood
DDoS-SYN_Flood,DDoS-SynonymousIP_Flood
DDoS-SYN_Flood,DDoS-SYN_Flood
DDoS-SYN_Flood,DDoS-SYN_Flood
DDoS-SYN_Flood,DDoS-SYN_Flood
DDoS-SYN_Flood,DDoS-SYN_Flood
DDoS-SYN_Flood,DDoS-SynonymousIP_Flood
DDoS-SYN_Flood,DDoS-SynonymousIP_Flood
DDoS-SYN_Flood,DDoS-SYN_Flood
DDoS-SYN_Flood,DDoS-SYN_Flood
DDoS-SYN_Flood,DDoS-SYN_Flood
DDoS-SYN_Flood,DDoS-UDP_Flood
DDoS-SYN_Flood,DDoS-UDP_Flood
DDoS-SYN_Flood,DDoS-ACK_Fragmentation
DDoS-SYN_Flood,Mirai-greeth_flood
DDoS-SYN_Flood,DDoS-UDP_Flood
DDoS-SYN_Flood,DDoS-SynonymousIP_Flood
DDoS-SYN_Flood,DDoS-SynonymousIP_Flood
DDoS-SYN_Flood,DDoS-SYN_Flood
DDoS-SYN_Flood,DoS-SYN_Flood
DDoS-SYN_Flood,DoS-SYN_Flood
DDoS-SYN_Flood,DDoS-SYN_Flood
DDoS-SYN_Flood,DDoS-SynonymousIP_Flood
DDoS-SYN_Flood,DoS-SYN_Flood
DDoS-SYN_Flood,Recon-OSScan
DDoS-SYN_Flood,DDoS-SYN_Flood
DDoS-SYN_Flood,DDoS-SYN_Flood
DDoS-SYN_Flood,DDoS-SynonymousIP_Flood
DDoS-SYN_Flood,DoS-SYN_Flood
DDoS-SYN_Flood,DoS-SYN_Flood
DDoS-SYN_Flood,DDoS-SYN_Flood
DDoS-SYN_Flood,DDoS-SYN_Flood
DDoS-SYN_Flood,DDoS-SYN_Flood
DDoS-SYN_Flood,DDoS-SYN_Flood
DDoS-SYN_Flood,DDoS-SynonymousIP_Flood
DDoS-SYN_Flood,DDoS-SYN_Flood
DDoS-SYN_Flood,DoS-SYN_Flood
DDoS-SYN_Flood,DDoS-SYN_Flood
DDoS-SYN_Flood,DoS-SYN_Flood
DDoS-SYN_Flood,DDoS-SynonymousIP_Flood
DDoS-SYN_Flood,DDoS-SYN_Flood
DDoS-SYN_Flood,DDoS-SynonymousIP_Flood
DDoS-SYN_Flood,DoS-SYN_Flood
DDoS-SYN_Flood,DDoS-SYN_Flood
DDoS-SYN_Flood,DDoS-SYN_Flood
DDoS-SYN_Flood,DDoS-SynonymousIP_Flood
DDoS-SYN_Flood,DDoS-UDP_Flood
DDoS-SYN_Flood,DDoS-SYN_Flood
DDoS-SYN_Flood,DDoS-SYN_Flood
DDoS-SYN_Flood,DDoS-SYN_Flood
DDoS-SYN_Flood,DDoS-SYN_Flood
DDoS-SYN_Flood,DDoS-SYN_Flood
DDoS-SYN_Flood,DDoS-SYN_Flood
DDoS-SYN_Flood,DDoS-SYN_Flood
DDoS-SYN_Flood,DDoS-SynonymousIP_Flood
DDoS-SYN_Flood,DDoS-UDP_Flood
DDoS-SYN_Flood,DDoS-SYN_Flood
DDoS-SYN_Flood,DDoS-SynonymousIP_Flood
DDoS-SYN_Flood,DDoS-SynonymousIP_Flood
DDoS-SYN_Flood,DDoS-SYN_Flood
DDoS-SYN_Flood,DDoS-SYN_Flood
DDoS-SYN_Flood,DDoS-SYN_Flood
DDoS-SYN_Flood,DDoS-SYN_Flood
DDoS-SYN_Flood,DDoS-SYN_Flood
DDoS-SYN_Flood,DDoS-SYN_Flood
DDoS-SYN_Flood,DDoS-ICMP_Fragmentation
DDoS-SYN_Flood,DDoS-SynonymousIP_Flood
DDoS-SYN_Flood,DDoS-SynonymousIP_Flood
DDoS-SYN_Flood,DDoS-SYN_Flood
DDoS-SYN_Flood,DDoS-SYN_Flood
DDoS-SYN_Flood,DoS-UDP_Flood
DDoS-SYN_Flood,DoS-SYN_Flood
DDoS-SYN_Flood,DDoS-SYN_Flood
DDoS-SYN_Flood,DDoS-ICMP_Flood
DDoS-SYN_Flood,DoS-SYN_Flood
DDoS-SYN_Flood,DDoS-SYN_Flood
DDoS-SYN_Flood,DDoS-SynonymousIP_Flood
DDoS-SYN_Flood,DDoS-SYN_Flood
DDoS-SYN_Flood,DDoS-SYN_Flood
DDoS-SYN_Flood,DDoS-SYN_Flood
DDoS-SYN_Flood,DDoS-SYN_Flood
DDoS-SYN_Flood,DDoS-SYN_Flood
DDoS-SYN_Flood,DDoS-SYN_Flood
DDoS-SYN_Flood,DDoS-SynonymousIP_Flood
DDoS-SYN_Flood,DDoS-SYN_Flood
DDoS-SYN_Flood,DDoS-SYN_Flood
DDoS-SYN_Flood,DoS-SYN_Flood
DDoS-SYN_Flood,DDoS-UDP_Flood
DDoS-SYN_Flood,DDoS-SYN_Flood
DDoS-SYN_Flood,DDoS-SYN_Flood
DDoS-SYN_Flood,DDoS-UDP_Flood
DDoS-SYN_Flood,DDoS-SYN_Flood
DDoS-SYN_Flood,DDoS-SYN_Flood
DDoS-SYN_Flood,DDoS-SynonymousIP_Flood
DDoS-SYN_Flood,DoS-SYN_Flood
DDoS-SYN_Flood,DDoS-SYN_Flood
DDoS-SYN_Flood,DDoS-SYN_Flood
DDoS-SYN_Flood,DDoS-ICMP_Fragmentation
DDoS-SYN_Flood,DDoS-UDP_Flood
DDoS-SYN_Flood,DDoS-TCP_Flood
DDoS-SYN_Flood,DDoS-SYN_Flood
DDoS-SYN_Flood,DDoS-SYN_Flood
DDoS-SYN_Flood,DDoS-SYN_Flood
DDoS-SYN_Flood,DDoS-SYN_Flood
DDoS-SYN_Flood,DDoS-SYN_Flood
DDoS-SYN_Flood,DoS-SYN_Flood
DDoS-SYN_Flood,DDoS-SynonymousIP_Flood
DDoS-SYN_Flood,DDoS-SYN_Flood
DDoS-SYN_Flood,DDoS-SYN_Flood
DDoS-SYN_Flood,DDoS-UDP_Flood
DDoS-SYN_Flood,DDoS-UDP_Flood
DDoS-SYN_Flood,DDoS-SYN_Flood
DDoS-SYN_Flood,DDoS-SYN_Flood
DDoS-SYN_Flood,DDoS-ICMP_Flood
DDoS-SYN_Flood,DoS-SYN_Flood
DDoS-SYN_Flood,DDoS-SynonymousIP_Flood
MITM-ArpSpoofing,MITM-ArpSpoofing
MITM-ArpSpoofing,XSS
MITM-ArpSpoofing,MITM-ArpSpoofing
MITM-ArpSpoofing,MITM-ArpSpoofing
MITM-ArpSpoofing,DNS_Spoofing
MITM-ArpSpoofing,Recon-PortScan
MITM-ArpSpoofing,DNS_Spoofing
MITM-ArpSpoofing,MITM-ArpSpoofing
MITM-ArpSpoofing,MITM-ArpSpoofing
MITM-ArpSpoofing,MITM-ArpSpoofing
MITM-ArpSpoofing,MITM-ArpSpoofing
MITM-ArpSpoofing,MITM-ArpSpoofing
MITM-ArpSpoofing,MITM-ArpSpoofing
MITM-ArpSpoofing,MITM-ArpSpoofing
MITM-ArpSpoofing,MITM-ArpSpoofing
MITM-ArpSpoofing,Recon-HostDiscovery
MITM-ArpSpoofing,MITM-ArpSpoofing
MITM-ArpSpoofing,MITM-ArpSpoofing
MITM-ArpSpoofing,CommandInjection
MITM-ArpSpoofing,MITM-ArpSpoofing
MITM-ArpSpoofing,MITM-ArpSpoofing
MITM-ArpSpoofing,MITM-ArpSpoofing
MITM-ArpSpoofing,MITM-ArpSpoofing
MITM-ArpSpoofing,DNS_Spoofing
MITM-ArpSpoofing,MITM-ArpSpoofing
MITM-ArpSpoofing,MITM-ArpSpoofing
MITM-ArpSpoofing,Recon-OSScan
MITM-ArpSpoofing,MITM-ArpSpoofing
MITM-ArpSpoofing,MITM-ArpSpoofing
MITM-ArpSpoofing,MITM-ArpSpoofing
MITM-ArpSpoofing,CommandInjection
MITM-ArpSpoofing,DNS_Spoofing
MITM-ArpSpoofing,MITM-ArpSpoofing
MITM-ArpSpoofing,VulnerabilityScan
MITM-ArpSpoofing,MITM-ArpSpoofing
MITM-ArpSpoofing,CommandInjection
MITM-ArpSpoofing,Recon-OSScan
MITM-ArpSpoofing,MITM-ArpSpoofing
MITM-ArpSpoofing,BrowserHijacking
MITM-ArpSpoofing,BrowserHijacking
MITM-ArpSpoofing,MITM-ArpSpoofing
MITM-ArpSpoofing,DNS_Spoofing
MITM-ArpSpoofing,MITM-ArpSpoofing
MITM-ArpSpoofing,MITM-ArpSpoofing
MITM-ArpSpoofing,BrowserHijacking
MITM-ArpSpoofing,DNS_Spoofing
MITM-ArpSpoofing,MITM-ArpSpoofing
MITM-ArpSpoofing,DNS_Spoofing
MITM-ArpSpoofing,MITM-ArpSpoofing
MITM-ArpSpoofing,MITM-ArpSpoofing
MITM-ArpSpoofing,DNS_Spoofing
MITM-ArpSpoofing,DNS_Spoofing
MITM-ArpSpoofing,DNS_Spoofing
MITM-ArpSpoofing,MITM-ArpSpoofing
MITM-ArpSpoofing,BrowserHijacking
MITM-ArpSpoofing,SqlInjection
MITM-ArpSpoofing,MITM-ArpSpoofing
MITM-ArpSpoofing,MITM-ArpSpoofing
MITM-ArpSpoofing,DictionaryBruteForce
MITM-ArpSpoofing,BenignTraffic
MITM-ArpSpoofing,DNS_Spoofing
MITM-ArpSpoofing,MITM-ArpSpoofing
MITM-ArpSpoofing,BrowserHijacking
MITM-ArpSpoofing,MITM-ArpSpoofing
MITM-ArpSpoofing,MITM-ArpSpoofing
MITM-ArpSpoofing,MITM-ArpSpoofing
MITM-ArpSpoofing,MITM-ArpSpoofing
MITM-ArpSpoofing,MITM-ArpSpoofing
MITM-ArpSpoofing,MITM-ArpSpoofing
MITM-ArpSpoofing,CommandInjection
MITM-ArpSpoofing,MITM-ArpSpoofing
MITM-ArpSpoofing,MITM-ArpSpoofing
MITM-ArpSpoofing,DNS_Spoofing
MITM-ArpSpoofing,MITM-ArpSpoofing
MITM-ArpSpoofing,MITM-ArpSpoofing
MITM-ArpSpoofing,MITM-ArpSpoofing
MITM-ArpSpoofing,MITM-ArpSpoofing
MITM-ArpSpoofing,DNS_Spoofing
MITM-ArpSpoofing,Backdoor_Malware
MITM-ArpSpoofing,Recon-PingSweep
MITM-ArpSpoofing,MITM-ArpSpoofing
MITM-ArpSpoofing,DNS_Spoofing
MITM-ArpSpoofing,MITM-ArpSpoofing
MITM-ArpSpoofing,MITM-ArpSpoofing
MITM-ArpSpoofing,MITM-ArpSpoofing
MITM-ArpSpoofing,MITM-ArpSpoofing
MITM-ArpSpoofing,MITM-ArpSpoofing
MITM-ArpSpoofing,MITM-ArpSpoofing
MITM-ArpSpoofing,MITM-ArpSpoofing
MITM-ArpSpoofing,MITM-ArpSpoofing
MITM-ArpSpoofing,MITM-ArpSpoofing
MITM-ArpSpoofing,Uploading_Attack
MITM-ArpSpoofing,MITM-ArpSpoofing
MITM-ArpSpoofing,MITM-ArpSpoofing
MITM-ArpSpoofing,Recon-HostDiscovery
MITM-ArpSpoofing,BrowserHijacking
MITM-ArpSpoofing,BrowserHijacking
MITM-ArpSpoofing,MITM-ArpSpoofing
MITM-ArpSpoofing,SqlInjection
MITM-ArpSpoofing,MITM-ArpSpoofing
MITM-ArpSpoofing,MITM-ArpSpoofing
MITM-ArpSpoofing,Recon-PingSweep
MITM-ArpSpoofing,MITM-ArpSpoofing
MITM-ArpSpoofing,MITM-ArpSpoofing
MITM-ArpSpoofing,DNS_Spoofing
MITM-ArpSpoofing,BrowserHijacking
MITM-ArpSpoofing,MITM-ArpSpoofing
MITM-ArpSpoofing,DNS_Spoofing
MITM-ArpSpoofing,MITM-ArpSpoofing
MITM-ArpSpoofing,MITM-ArpSpoofing
MITM-ArpSpoofing,XSS
MITM-ArpSpoofing,XSS
MITM-ArpSpoofing,Recon-OSScan
MITM-ArpSpoofing,MITM-ArpSpoofing
MITM-ArpSpoofing,MITM-ArpSpoofing
MITM-ArpSpoofing,BrowserHijacking
MITM-ArpSpoofing,Recon-PingSweep
MITM-ArpSpoofing,MITM-ArpSpoofing
MITM-ArpSpoofing,DNS_Spoofing
MITM-ArpSpoofing,BrowserHijacking
MITM-ArpSpoofing,Uploading_Attack
MITM-ArpSpoofing,MITM-ArpSpoofing
MITM-ArpSpoofing,Uploading_Attack
MITM-ArpSpoofing,MITM-ArpSpoofing
MITM-ArpSpoofing,CommandInjection
MITM-ArpSpoofing,MITM-ArpSpoofing
MITM-ArpSpoofing,BrowserHijacking
MITM-ArpSpoofing,MITM-ArpSpoofing
MITM-ArpSpoofing,MITM-ArpSpoofing
MITM-ArpSpoofing,Recon-HostDiscovery
MITM-ArpSpoofing,MITM-ArpSpoofing
MITM-ArpSpoofing,MITM-ArpSpoofing
MITM-ArpSpoofing,MITM-ArpSpoofing
MITM-ArpSpoofing,BenignTraffic
MITM-ArpSpoofing,MITM-ArpSpoofing
MITM-ArpSpoofing,MITM-ArpSpoofing
MITM-ArpSpoofing,BrowserHijacking
MITM-ArpSpoofing,MITM-ArpSpoofing
MITM-ArpSpoofing,MITM-ArpSpoofing
MITM-ArpSpoofing,DNS_Spoofing
MITM-ArpSpoofing,MITM-ArpSpoofing
MITM-ArpSpoofing,Backdoor_Malware
MITM-ArpSpoofing,BenignTraffic
MITM-ArpSpoofing,MITM-ArpSpoofing
MITM-ArpSpoofing,Recon-PingSweep
MITM-ArpSpoofing,BrowserHijacking
MITM-ArpSpoofing,DNS_Spoofing
MITM-ArpSpoofing,DNS_Spoofing
MITM-ArpSpoofing,MITM-ArpSpoofing
MITM-ArpSpoofing,DNS_Spoofing
MITM-ArpSpoofing,MITM-ArpSpoofing
MITM-ArpSpoofing,XSS
MITM-ArpSpoofing,Backdoor_Malware
MITM-ArpSpoofing,MITM-ArpSpoofing
MITM-ArpSpoofing,DNS_Spoofing
MITM-ArpSpoofing,DNS_Spoofing
MITM-ArpSpoofing,XSS
MITM-ArpSpoofing,DNS_Spoofing
MITM-ArpSpoofing,CommandInjection
MITM-ArpSpoofing,BrowserHijacking
MITM-ArpSpoofing,BrowserHijacking
MITM-ArpSpoofing,DNS_Spoofing
MITM-ArpSpoofing,MITM-ArpSpoofing
MITM-ArpSpoofing,CommandInjection
MITM-ArpSpoofing,Recon-PortScan
MITM-ArpSpoofing,BrowserHijacking
MITM-ArpSpoofing,MITM-ArpSpoofing
MITM-ArpSpoofing,MITM-ArpSpoofing
MITM-ArpSpoofing,MITM-ArpSpoofing
MITM-ArpSpoofing,DNS_Spoofing
MITM-ArpSpoofing,MITM-ArpSpoofing
MITM-ArpSpoofing,DNS_Spoofing
MITM-ArpSpoofing,Recon-PingSweep
MITM-ArpSpoofing,BrowserHijacking
MITM-ArpSpoofing,MITM-ArpSpoofing
MITM-ArpSpoofing,MITM-ArpSpoofing
MITM-ArpSpoofing,MITM-ArpSpoofing
MITM-ArpSpoofing,BrowserHijacking
MITM-ArpSpoofing,MITM-ArpSpoofing
MITM-ArpSpoofing,MITM-ArpSpoofing
MITM-ArpSpoofing,MITM-ArpSpoofing
MITM-ArpSpoofing,DNS_Spoofing
MITM-ArpSpoofing,MITM-ArpSpoofing
MITM-ArpSpoofing,CommandInjection
MITM-ArpSpoofing,Recon-PingSweep
MITM-ArpSpoofing,DNS_Spoofing
MITM-ArpSpoofing,DNS_Spoofing
MITM-ArpSpoofing,Recon-OSScan
MITM-ArpSpoofing,DNS_Spoofing
MITM-ArpSpoofing,Backdoor_Malware
MITM-ArpSpoofing,DNS_Spoofing
MITM-ArpSpoofing,MITM-ArpSpoofing
MITM-ArpSpoofing,MITM-ArpSpoofing
MITM-ArpSpoofing,MITM-ArpSpoofing
MITM-ArpSpoofing,XSS
MITM-ArpSpoofing,BenignTraffic
MITM-ArpSpoofing,MITM-ArpSpoofing
MITM-ArpSpoofing,DNS_Spoofing
MITM-ArpSpoofing,MITM-ArpSpoofing
MITM-ArpSpoofing,MITM-ArpSpoofing
MITM-ArpSpoofing,Recon-PingSweep
MITM-ArpSpoofing,DNS_Spoofing
MITM-ArpSpoofing,MITM-ArpSpoofing
MITM-ArpSpoofing,DNS_Spoofing
MITM-ArpSpoofing,DNS_Spoofing
MITM-ArpSpoofing,MITM-ArpSpoofing
MITM-ArpSpoofing,MITM-ArpSpoofing
MITM-ArpSpoofing,DNS_Spoofing
MITM-ArpSpoofing,MITM-ArpSpoofing
MITM-ArpSpoofing,BrowserHijacking
MITM-ArpSpoofing,MITM-ArpSpoofing
MITM-ArpSpoofing,DNS_Spoofing
MITM-ArpSpoofing,DictionaryBruteForce
MITM-ArpSpoofing,MITM-ArpSpoofing
MITM-ArpSpoofing,MITM-ArpSpoofing
MITM-ArpSpoofing,MITM-ArpSpoofing
MITM-ArpSpoofing,BrowserHijacking
MITM-ArpSpoofing,MITM-ArpSpoofing
MITM-ArpSpoofing,SqlInjection
MITM-ArpSpoofing,MITM-ArpSpoofing
MITM-ArpSpoofing,Recon-OSScan
MITM-ArpSpoofing,MITM-ArpSpoofing
MITM-ArpSpoofing,SqlInjection
MITM-ArpSpoofing,MITM-ArpSpoofing
MITM-ArpSpoofing,BrowserHijacking
MITM-ArpSpoofing,MITM-ArpSpoofing
MITM-ArpSpoofing,MITM-ArpSpoofing
MITM-ArpSpoofing,BenignTraffic
MITM-ArpSpoofing,MITM-ArpSpoofing
MITM-ArpSpoofing,DictionaryBruteForce
MITM-ArpSpoofing,MITM-ArpSpoofing
MITM-ArpSpoofing,MITM-ArpSpoofing
MITM-ArpSpoofing,DNS_Spoofing
MITM-ArpSpoofing,MITM-ArpSpoofing
MITM-ArpSpoofing,XSS
MITM-ArpSpoofing,MITM-ArpSpoofing
MITM-ArpSpoofing,MITM-ArpSpoofing
MITM-ArpSpoofing,DNS_Spoofing
MITM-ArpSpoofing,MITM-ArpSpoofing
MITM-ArpSpoofing,DNS_Spoofing
MITM-ArpSpoofing,MITM-ArpSpoofing
MITM-ArpSpoofing,DNS_Spoofing
MITM-ArpSpoofing,Recon-PingSweep
MITM-ArpSpoofing,DNS_Spoofing
MITM-ArpSpoofing,DNS_Spoofing
MITM-ArpSpoofing,MITM-ArpSpoofing
MITM-ArpSpoofing,CommandInjection
MITM-ArpSpoofing,DNS_Spoofing
MITM-ArpSpoofing,MITM-ArpSpoofing
MITM-ArpSpoofing,MITM-ArpSpoofing
MITM-ArpSpoofing,BrowserHijacking
MITM-ArpSpoofing,DNS_Spoofing
MITM-ArpSpoofing,MITM-ArpSpoofing
MITM-ArpSpoofing,MITM-ArpSpoofing
MITM-ArpSpoofing,MITM-ArpSpoofing
MITM-ArpSpoofing,MITM-ArpSpoofing
MITM-ArpSpoofing,MITM-ArpSpoofing
MITM-ArpSpoofing,MITM-ArpSpoofing
MITM-ArpSpoofing,DNS_Spoofing
MITM-ArpSpoofing,DNS_Spoofing
MITM-ArpSpoofing,BrowserHijacking
MITM-ArpSpoofing,MITM-ArpSpoofing
MITM-ArpSpoofing,DNS_Spoofing
MITM-ArpSpoofing,XSS
MITM-ArpSpoofing,MITM-ArpSpoofing
MITM-ArpSpoofing,MITM-ArpSpoofing
MITM-ArpSpoofing,MITM-ArpSpoofing
MITM-ArpSpoofing,MITM-ArpSpoofing
MITM-ArpSpoofing,BrowserHijacking
MITM-ArpSpoofing,DNS_Spoofing
MITM-ArpSpoofing,MITM-ArpSpoofing
MITM-ArpSpoofing,MITM-ArpSpoofing
MITM-ArpSpoofing,MITM-ArpSpoofing
MITM-ArpSpoofing,BrowserHijacking
MITM-ArpSpoofing,MITM-ArpSpoofing
MITM-ArpSpoofing,Recon-PortScan
MITM-ArpSpoofing,MITM-ArpSpoofing
MITM-ArpSpoofing,DNS_Spoofing
MITM-ArpSpoofing,MITM-ArpSpoofing
MITM-ArpSpoofing,CommandInjection
MITM-ArpSpoofing,MITM-ArpSpoofing
MITM-ArpSpoofing,MITM-ArpSpoofing
MITM-ArpSpoofing,DNS_Spoofing
MITM-ArpSpoofing,DNS_Spoofing
MITM-ArpSpoofing,MITM-ArpSpoofing
MITM-ArpSpoofing,MITM-ArpSpoofing
MITM-ArpSpoofing,MITM-ArpSpoofing
MITM-ArpSpoofing,Recon-OSScan
MITM-ArpSpoofing,MITM-ArpSpoofing
MITM-ArpSpoofing,MITM-ArpSpoofing
MITM-ArpSpoofing,Recon-HostDiscovery
MITM-ArpSpoofing,MITM-ArpSpoofing
MITM-ArpSpoofing,Recon-PortScan
MITM-ArpSpoofing,MITM-ArpSpoofing
MITM-ArpSpoofing,MITM-ArpSpoofing
MITM-ArpSpoofing,MITM-ArpSpoofing
MITM-ArpSpoofing,MITM-ArpSpoofing
MITM-ArpSpoofing,BrowserHijacking
MITM-ArpSpoofing,DNS_Spoofing
MITM-ArpSpoofing,MITM-ArpSpoofing
MITM-ArpSpoofing,BenignTraffic
MITM-ArpSpoofing,MITM-ArpSpoofing
MITM-ArpSpoofing,MITM-ArpSpoofing
MITM-ArpSpoofing,MITM-ArpSpoofing
MITM-ArpSpoofing,MITM-ArpSpoofing
MITM-ArpSpoofing,MITM-ArpSpoofing
MITM-ArpSpoofing,BrowserHijacking
MITM-ArpSpoofing,Recon-OSScan
MITM-ArpSpoofing,MITM-ArpSpoofing
MITM-ArpSpoofing,DNS_Spoofing
MITM-ArpSpoofing,MITM-ArpSpoofing
MITM-ArpSpoofing,MITM-ArpSpoofing
MITM-ArpSpoofing,MITM-ArpSpoofing
MITM-ArpSpoofing,MITM-ArpSpoofing
MITM-ArpSpoofing,MITM-ArpSpoofing
MITM-ArpSpoofing,MITM-ArpSpoofing
MITM-ArpSpoofing,MITM-ArpSpoofing
MITM-ArpSpoofing,DNS_Spoofing
MITM-ArpSpoofing,MITM-ArpSpoofing
MITM-ArpSpoofing,MITM-ArpSpoofing
MITM-ArpSpoofing,DNS_Spoofing
MITM-ArpSpoofing,BrowserHijacking
MITM-ArpSpoofing,MITM-ArpSpoofing
MITM-ArpSpoofing,MITM-ArpSpoofing
MITM-ArpSpoofing,BrowserHijacking
MITM-ArpSpoofing,Recon-PingSweep
MITM-ArpSpoofing,BenignTraffic
MITM-ArpSpoofing,MITM-ArpSpoofing
MITM-ArpSpoofing,MITM-ArpSpoofing
MITM-ArpSpoofing,MITM-ArpSpoofing
MITM-ArpSpoofing,MITM-ArpSpoofing
MITM-ArpSpoofing,Recon-PortScan
MITM-ArpSpoofing,BrowserHijacking
MITM-ArpSpoofing,MITM-ArpSpoofing
MITM-ArpSpoofing,XSS
MITM-ArpSpoofing,DNS_Spoofing
MITM-ArpSpoofing,MITM-ArpSpoofing
MITM-ArpSpoofing,MITM-ArpSpoofing
MITM-ArpSpoofing,DNS_Spoofing
MITM-ArpSpoofing,DNS_Spoofing
MITM-ArpSpoofing,MITM-ArpSpoofing
MITM-ArpSpoofing,DNS_Spoofing
MITM-ArpSpoofing,DNS_Spoofing
MITM-ArpSpoofing,BrowserHijacking
MITM-ArpSpoofing,MITM-ArpSpoofing
MITM-ArpSpoofing,MITM-ArpSpoofing
MITM-ArpSpoofing,MITM-ArpSpoofing
MITM-ArpSpoofing,Uploading_Attack
MITM-ArpSpoofing,MITM-ArpSpoofing
MITM-ArpSpoofing,DNS_Spoofing
MITM-ArpSpoofing,MITM-ArpSpoofing
MITM-ArpSpoofing,BrowserHijacking
MITM-ArpSpoofing,BrowserHijacking
MITM-ArpSpoofing,DNS_Spoofing
MITM-ArpSpoofing,BrowserHijacking
MITM-ArpSpoofing,MITM-ArpSpoofing
MITM-ArpSpoofing,SqlInjection
MITM-ArpSpoofing,Uploading_Attack
MITM-ArpSpoofing,DNS_Spoofing
MITM-ArpSpoofing,MITM-ArpSpoofing
MITM-ArpSpoofing,MITM-ArpSpoofing
MITM-ArpSpoofing,DNS_Spoofing
MITM-ArpSpoofing,Uploading_Attack
MITM-ArpSpoofing,MITM-ArpSpoofing
MITM-ArpSpoofing,VulnerabilityScan
MITM-ArpSpoofing,MITM-ArpSpoofing
MITM-ArpSpoofing,XSS
MITM-ArpSpoofing,DNS_Spoofing
MITM-ArpSpoofing,MITM-ArpSpoofing
MITM-ArpSpoofing,DNS_Spoofing
MITM-ArpSpoofing,MITM-ArpSpoofing
MITM-ArpSpoofing,SqlInjection
MITM-ArpSpoofing,DNS_Spoofing
MITM-ArpSpoofing,MITM-ArpSpoofing
MITM-ArpSpoofing,Recon-PingSweep
MITM-ArpSpoofing,MITM-ArpSpoofing
MITM-ArpSpoofing,Backdoor_Malware
MITM-ArpSpoofing,MITM-ArpSpoofing
MITM-ArpSpoofing,MITM-ArpSpoofing
MITM-ArpSpoofing,MITM-ArpSpoofing
MITM-ArpSpoofing,MITM-ArpSpoofing
MITM-ArpSpoofing,BrowserHijacking
MITM-ArpSpoofing,MITM-ArpSpoofing
MITM-ArpSpoofing,DNS_Spoofing
MITM-ArpSpoofing,MITM-ArpSpoofing
MITM-ArpSpoofing,MITM-ArpSpoofing
MITM-ArpSpoofing,MITM-ArpSpoofing
MITM-ArpSpoofing,CommandInjection
MITM-ArpSpoofing,MITM-ArpSpoofing
MITM-ArpSpoofing,XSS
MITM-ArpSpoofing,BrowserHijacking
MITM-ArpSpoofing,MITM-ArpSpoofing
MITM-ArpSpoofing,MITM-ArpSpoofing
MITM-ArpSpoofing,MITM-ArpSpoofing
MITM-ArpSpoofing,MITM-ArpSpoofing
MITM-ArpSpoofing,MITM-ArpSpoofing
MITM-ArpSpoofing,MITM-ArpSpoofing
MITM-ArpSpoofing,MITM-ArpSpoofing
MITM-ArpSpoofing,DNS_Spoofing
MITM-ArpSpoofing,DNS_Spoofing
Recon-OSScan,SqlInjection
Recon-OSScan,Recon-PingSweep
Recon-OSScan,XSS
Recon-OSScan,Recon-PingSweep
Recon-OSScan,VulnerabilityScan
Recon-OSScan,CommandInjection
Recon-OSScan,Recon-OSScan
Recon-OSScan,DictionaryBruteForce
Recon-OSScan,SqlInjection
Recon-OSScan,BenignTraffic
Recon-OSScan,Recon-OSScan
Recon-OSScan,Recon-PortScan
Recon-OSScan,Recon-OSScan
Recon-OSScan,BenignTraffic
Recon-OSScan,BrowserHijacking
Recon-OSScan,Recon-PortScan
Recon-OSScan,VulnerabilityScan
Recon-OSScan,Recon-PingSweep
Recon-OSScan,BenignTraffic
Recon-OSScan,BenignTraffic
Recon-OSScan,Recon-OSScan
Recon-OSScan,Recon-PortScan
Recon-OSScan,Recon-OSScan
Recon-OSScan,BenignTraffic
Recon-OSScan,Recon-PortScan
Recon-OSScan,Recon-OSScan
Recon-OSScan,SqlInjection
Recon-OSScan,VulnerabilityScan
Recon-OSScan,Recon-PingSweep
Recon-OSScan,BenignTraffic
Recon-OSScan,Recon-PingSweep
Recon-OSScan,Recon-OSScan
Recon-OSScan,DictionaryBruteForce
Recon-OSScan,BenignTraffic
Recon-OSScan,Recon-PortScan
Recon-OSScan,SqlInjection
Recon-OSScan,VulnerabilityScan
Recon-OSScan,Recon-PingSweep
Recon-OSScan,Recon-HostDiscovery
Recon-OSScan,Recon-OSScan
Recon-OSScan,Recon-OSScan
Recon-OSScan,BenignTraffic
Recon-OSScan,Recon-OSScan
Recon-OSScan,BrowserHijacking
Recon-OSScan,Recon-PortScan
Recon-OSScan,VulnerabilityScan
Recon-OSScan,Recon-PortScan
Recon-OSScan,Uploading_Attack
Recon-OSScan,BenignTraffic
Recon-OSScan,Recon-PortScan
Recon-OSScan,Recon-PortScan
Recon-OSScan,SqlInjection
Recon-OSScan,Recon-OSScan
Recon-OSScan,BenignTraffic
Recon-OSScan,Recon-OSScan
Recon-OSScan,Recon-OSScan
Recon-OSScan,Recon-PingSweep
Recon-OSScan,Recon-PortScan
Recon-OSScan,BenignTraffic
Recon-OSScan,Recon-OSScan
Recon-OSScan,Recon-PingSweep
Recon-OSScan,Recon-HostDiscovery
Recon-OSScan,Recon-OSScan
Recon-OSScan,DictionaryBruteForce
Recon-OSScan,Recon-OSScan
Recon-OSScan,Recon-OSScan
Recon-OSScan,Recon-PingSweep
Recon-OSScan,Recon-OSScan
Recon-OSScan,Recon-OSScan
Recon-OSScan,VulnerabilityScan
Recon-OSScan,BrowserHijacking
Recon-OSScan,MITM-ArpSpoofing
Recon-OSScan,Recon-PortScan
Recon-OSScan,Recon-OSScan
Recon-OSScan,Recon-OSScan
Recon-OSScan,Uploading_Attack
Recon-OSScan,SqlInjection
Recon-OSScan,CommandInjection
Recon-OSScan,Recon-OSScan
Recon-OSScan,Backdoor_Malware
Recon-OSScan,Recon-PortScan
Recon-OSScan,BrowserHijacking
Recon-OSScan,Recon-OSScan
Recon-OSScan,Recon-PingSweep
Recon-OSScan,Recon-OSScan
Recon-OSScan,BenignTraffic
Recon-OSScan,Recon-PortScan
Recon-OSScan,BrowserHijacking
Recon-OSScan,Recon-OSScan
Recon-OSScan,Recon-PortScan
Recon-OSScan,CommandInjection
Recon-OSScan,Recon-PingSweep
Recon-OSScan,DNS_Spoofing
Recon-OSScan,DictionaryBruteForce
Recon-OSScan,VulnerabilityScan
Recon-OSScan,Recon-OSScan
Recon-OSScan,BenignTraffic
Recon-OSScan,Recon-OSScan
Recon-OSScan,Recon-PortScan
Recon-OSScan,BenignTraffic
Recon-OSScan,BrowserHijacking
Recon-OSScan,DNS_Spoofing
Recon-OSScan,Recon-HostDiscovery
Recon-OSScan,Recon-PortScan
Recon-OSScan,SqlInjection
Recon-OSScan,Recon-OSScan
Recon-OSScan,CommandInjection
Recon-OSScan,Recon-OSScan
Recon-OSScan,Recon-PortScan
Recon-OSScan,Recon-HostDiscovery
Recon-OSScan,Recon-OSScan
Recon-OSScan,BenignTraffic
Recon-OSScan,Recon-PingSweep
Recon-OSScan,Recon-PortScan
Recon-OSScan,Backdoor_Malware
Recon-OSScan,Recon-HostDiscovery
Recon-OSScan,MITM-ArpSpoofing
Recon-OSScan,Recon-OSScan
Recon-OSScan,SqlInjection
Recon-OSScan,Recon-OSScan
Recon-OSScan,Recon-PortScan
Recon-OSScan,Recon-OSScan
Recon-OSScan,Recon-PingSweep
Recon-OSScan,DictionaryBruteForce
Recon-OSScan,Recon-OSScan
Recon-OSScan,BenignTraffic
Recon-OSScan,MITM-ArpSpoofing
Recon-OSScan,VulnerabilityScan
Recon-OSScan,Recon-OSScan
Recon-OSScan,Recon-OSScan
Recon-OSScan,Recon-OSScan
Recon-OSScan,DictionaryBruteForce
Recon-OSScan,Recon-OSScan
Recon-OSScan,Recon-OSScan
Recon-OSScan,Recon-PingSweep
Recon-OSScan,Recon-PingSweep
Recon-OSScan,DictionaryBruteForce
Recon-OSScan,Recon-OSScan
Recon-OSScan,VulnerabilityScan
Recon-OSScan,Recon-PortScan
Recon-OSScan,BenignTraffic
Recon-OSScan,BenignTraffic
Recon-OSScan,BenignTraffic
Recon-OSScan,Recon-PortScan
Recon-OSScan,Recon-PingSweep
Recon-OSScan,BrowserHijacking
Recon-OSScan,Recon-OSScan
Recon-OSScan,Recon-OSScan
Recon-OSScan,Recon-OSScan
Recon-OSScan,VulnerabilityScan
Recon-OSScan,VulnerabilityScan
Recon-OSScan,Backdoor_Malware
Recon-OSScan,Recon-OSScan
Recon-OSScan,VulnerabilityScan
Recon-OSScan,Recon-PingSweep
Recon-OSScan,XSS
Recon-OSScan,CommandInjection
Recon-OSScan,Recon-PortScan
Recon-OSScan,Recon-PingSweep
Recon-OSScan,BenignTraffic
Recon-OSScan,Recon-OSScan
Recon-OSScan,Recon-OSScan
Recon-OSScan,Recon-HostDiscovery
Recon-OSScan,Recon-OSScan
Recon-OSScan,Recon-PingSweep
Recon-OSScan,Backdoor_Malware
Recon-OSScan,Recon-OSScan
Recon-OSScan,Recon-PortScan
Recon-OSScan,Recon-PortScan
Recon-OSScan,VulnerabilityScan
Recon-OSScan,BenignTraffic
Recon-OSScan,SqlInjection
Recon-OSScan,CommandInjection
Recon-OSScan,SqlInjection
Recon-OSScan,CommandInjection
Recon-OSScan,Recon-PortScan
Recon-OSScan,BenignTraffic
Recon-OSScan,XSS
Recon-OSScan,Recon-PingSweep
Recon-OSScan,CommandInjection
Recon-OSScan,Recon-HostDiscovery
Recon-OSScan,DictionaryBruteForce
Recon-OSScan,Recon-OSScan
Recon-OSScan,MITM-ArpSpoofing
Recon-OSScan,Backdoor_Malware
Recon-OSScan,DictionaryBruteForce
Recon-OSScan,XSS
Recon-OSScan,Recon-OSScan
Recon-OSScan,SqlInjection
Recon-OSScan,Recon-PortScan
Recon-OSScan,VulnerabilityScan
Recon-OSScan,Recon-PingSweep
Recon-OSScan,Uploading_Attack
Recon-OSScan,VulnerabilityScan
Recon-OSScan,DNS_Spoofing
Recon-OSScan,Recon-PingSweep
Recon-OSScan,SqlInjection
Recon-OSScan,SqlInjection
Recon-OSScan,BrowserHijacking
Recon-OSScan,Recon-PingSweep
Recon-OSScan,Recon-OSScan
Recon-OSScan,Recon-PortScan
Recon-OSScan,BrowserHijacking
Recon-OSScan,VulnerabilityScan
Recon-OSScan,Recon-PortScan
Recon-OSScan,BenignTraffic
Recon-OSScan,VulnerabilityScan
Recon-OSScan,Recon-OSScan
Recon-OSScan,Recon-PingSweep
Recon-OSScan,Recon-PortScan
Recon-OSScan,Recon-PortScan
Recon-OSScan,CommandInjection
Recon-OSScan,Recon-PingSweep
Recon-OSScan,SqlInjection
Recon-OSScan,Recon-PortScan
Recon-OSScan,Recon-OSScan
Recon-OSScan,Recon-OSScan
Recon-OSScan,Recon-PortScan
Recon-OSScan,Recon-PortScan
Recon-OSScan,CommandInjection
Recon-OSScan,BenignTraffic
Recon-OSScan,Recon-OSScan
Recon-OSScan,Recon-OSScan
Recon-OSScan,Recon-HostDiscovery
Recon-OSScan,Recon-HostDiscovery
Recon-OSScan,BenignTraffic
Recon-OSScan,Recon-PingSweep
Recon-OSScan,Recon-OSScan
Recon-OSScan,Recon-OSScan
Recon-OSScan,Recon-PortScan
Recon-OSScan,Recon-PortScan
Recon-OSScan,VulnerabilityScan
Recon-OSScan,Uploading_Attack
Recon-OSScan,Recon-OSScan
Recon-OSScan,Recon-PortScan
Recon-OSScan,Recon-PortScan
Recon-OSScan,BenignTraffic
Recon-OSScan,Recon-HostDiscovery
Recon-OSScan,Recon-PingSweep
Recon-OSScan,Recon-HostDiscovery
Recon-OSScan,BrowserHijacking
Recon-OSScan,DictionaryBruteForce
Recon-OSScan,Recon-OSScan
Recon-OSScan,Recon-PingSweep
Recon-OSScan,Recon-PortScan
Recon-OSScan,Recon-OSScan
Recon-OSScan,Recon-HostDiscovery
Recon-OSScan,Recon-OSScan
Recon-OSScan,Recon-PortScan
Recon-OSScan,Recon-PingSweep
Recon-OSScan,Backdoor_Malware
Recon-OSScan,Recon-OSScan
Recon-OSScan,Recon-PingSweep
Recon-OSScan,BenignTraffic
Recon-OSScan,DictionaryBruteForce
Recon-OSScan,VulnerabilityScan
Recon-OSScan,DictionaryBruteForce
Recon-OSScan,Recon-OSScan
Recon-OSScan,Recon-PortScan
Recon-OSScan,Recon-OSScan
Recon-OSScan,BrowserHijacking
Recon-OSScan,Recon-OSScan
Recon-OSScan,CommandInjection
Recon-OSScan,Recon-HostDiscovery
Recon-OSScan,Recon-OSScan
Recon-OSScan,Recon-OSScan
Recon-OSScan,BenignTraffic
Recon-OSScan,VulnerabilityScan
Recon-OSScan,Recon-OSScan
Recon-OSScan,Recon-PingSweep
Recon-OSScan,Recon-PortScan
Recon-OSScan,BrowserHijacking
Recon-OSScan,BenignTraffic
Recon-OSScan,Recon-OSScan
Recon-OSScan,Recon-PortScan
Recon-OSScan,BrowserHijacking
Recon-OSScan,Recon-OSScan
Recon-OSScan,Backdoor_Malware
Recon-OSScan,Recon-OSScan
Recon-OSScan,XSS
Recon-OSScan,Recon-PingSweep
Recon-OSScan,Recon-PingSweep
Recon-OSScan,SqlInjection
Recon-OSScan,BenignTraffic
Recon-OSScan,BenignTraffic
Recon-OSScan,BenignTraffic
Recon-OSScan,SqlInjection
Recon-OSScan,Recon-OSScan
Recon-OSScan,BenignTraffic
Recon-OSScan,Recon-OSScan
Recon-OSScan,DictionaryBruteForce
Recon-OSScan,SqlInjection
Recon-OSScan,BenignTraffic
Recon-OSScan,Recon-OSScan
Recon-OSScan,BenignTraffic
Recon-OSScan,BrowserHijacking
Recon-OSScan,Recon-HostDiscovery
Recon-OSScan,DNS_Spoofing
Recon-OSScan,BenignTraffic
Recon-OSScan,Recon-PortScan
Recon-OSScan,BenignTraffic
Recon-OSScan,VulnerabilityScan
Recon-OSScan,BenignTraffic
Recon-OSScan,MITM-ArpSpoofing
Recon-OSScan,Recon-PingSweep
Recon-OSScan,BenignTraffic
Recon-OSScan,Recon-PortScan
Recon-OSScan,Uploading_Attack
Recon-OSScan,Recon-OSScan
Recon-OSScan,BenignTraffic
Recon-OSScan,Recon-OSScan
Recon-OSScan,Recon-PortScan
Recon-OSScan,Recon-PingSweep
Recon-OSScan,BenignTraffic
Recon-OSScan,Recon-PortScan
Recon-OSScan,CommandInjection
Recon-OSScan,Recon-OSScan
Recon-OSScan,Recon-OSScan
Recon-OSScan,Recon-HostDiscovery
Recon-OSScan,Uploading_Attack
Recon-OSScan,BenignTraffic
Recon-OSScan,Recon-OSScan
Recon-OSScan,Recon-PortScan
Recon-OSScan,BenignTraffic
Recon-OSScan,BrowserHijacking
Recon-OSScan,Recon-PingSweep
Recon-OSScan,Recon-OSScan
Recon-OSScan,Recon-PortScan
Recon-OSScan,Recon-OSScan
Recon-OSScan,Recon-HostDiscovery
Recon-OSScan,Recon-PortScan
Recon-OSScan,Recon-OSScan
Recon-OSScan,Recon-PortScan
Recon-OSScan,Recon-OSScan
Recon-OSScan,Recon-OSScan
Recon-OSScan,Recon-PingSweep
Recon-OSScan,Recon-OSScan
Recon-OSScan,VulnerabilityScan
Recon-OSScan,Recon-PingSweep
Recon-OSScan,Recon-PortScan
Recon-OSScan,Recon-OSScan
Recon-OSScan,Recon-PortScan
Recon-OSScan,Recon-HostDiscovery
Recon-OSScan,SqlInjection
Recon-OSScan,BenignTraffic
Recon-OSScan,BenignTraffic
Recon-OSScan,Recon-PortScan
Recon-OSScan,SqlInjection
Recon-OSScan,Recon-HostDiscovery
Recon-OSScan,Recon-OSScan
Recon-OSScan,Recon-PortScan
Recon-OSScan,Recon-OSScan
Recon-OSScan,Recon-PingSweep
Recon-OSScan,BrowserHijacking
Recon-OSScan,MITM-ArpSpoofing
Recon-OSScan,Recon-PortScan
Recon-OSScan,BenignTraffic
Recon-OSScan,BrowserHijacking
Recon-OSScan,DictionaryBruteForce
Recon-OSScan,BenignTraffic
Recon-OSScan,Recon-HostDiscovery
Recon-OSScan,Recon-OSScan
Recon-OSScan,Recon-PingSweep
Recon-OSScan,VulnerabilityScan
Recon-OSScan,Recon-HostDiscovery
Recon-OSScan,XSS
Recon-OSScan,Recon-PingSweep
Recon-OSScan,CommandInjection
Recon-OSScan,Recon-PortScan
Recon-OSScan,CommandInjection
Recon-OSScan,Recon-OSScan
Recon-OSScan,BenignTraffic
Recon-OSScan,BenignTraffic
Recon-OSScan,Recon-PortScan
Recon-OSScan,XSS
Recon-OSScan,Recon-PortScan
Recon-OSScan,BrowserHijacking
Recon-OSScan,Recon-OSScan
Recon-OSScan,VulnerabilityScan
Recon-OSScan,SqlInjection
Recon-OSScan,Recon-PortScan
Recon-OSScan,Recon-OSScan
Recon-OSScan,CommandInjection
Recon-OSScan,DNS_Spoofing
Recon-OSScan,Recon-PingSweep
Recon-OSScan,BrowserHijacking
Recon-OSScan,Uploading_Attack
Recon-OSScan,BenignTraffic
Recon-OSScan,Recon-PingSweep
Recon-OSScan,VulnerabilityScan
Recon-OSScan,Recon-PingSweep
Recon-OSScan,Recon-PingSweep
Recon-OSScan,SqlInjection
Recon-OSScan,Recon-HostDiscovery
Recon-OSScan,VulnerabilityScan
Recon-OSScan,BrowserHijacking
Recon-OSScan,DNS_Spoofing
Recon-OSScan,Recon-OSScan
Recon-OSScan,VulnerabilityScan
Recon-OSScan,BenignTraffic
DDoS-ICMP_Fragmentation,DDoS-ICMP_Fragmentation
DDoS-ICMP_Fragmentation,DDoS-ICMP_Fragmentation
DDoS-ICMP_Fragmentation,DDoS-ICMP_Fragmentation
DDoS-ICMP_Fragmentation,DDoS-ICMP_Fragmentation
DDoS-ICMP_Fragmentation,DDoS-ICMP_Fragmentation
DDoS-ICMP_Fragmentation,DDoS-ICMP_Fragmentation
DDoS-ICMP_Fragmentation,DDoS-ICMP_Fragmentation
DDoS-ICMP_Fragmentation,DDoS-ICMP_Fragmentation
DDoS-ICMP_Fragmentation,DDoS-ICMP_Fragmentation
DDoS-ICMP_Fragmentation,DDoS-ICMP_Fragmentation
DDoS-ICMP_Fragmentation,DDoS-ICMP_Fragmentation
DDoS-ICMP_Fragmentation,DDoS-ICMP_Fragmentation
DDoS-ICMP_Fragmentation,DDoS-ICMP_Fragmentation
DDoS-ICMP_Fragmentation,DDoS-ICMP_Fragmentation
DDoS-ICMP_Fragmentation,DDoS-ICMP_Fragmentation
DDoS-ICMP_Fragmentation,DDoS-ICMP_Fragmentation
DDoS-ICMP_Fragmentation,DDoS-ICMP_Fragmentation
DDoS-ICMP_Fragmentation,DDoS-ICMP_Fragmentation
DDoS-ICMP_Fragmentation,DDoS-ICMP_Fragmentation
DDoS-ICMP_Fragmentation,DDoS-ICMP_Fragmentation
DDoS-ICMP_Fragmentation,DDoS-ICMP_Fragmentation
DDoS-ICMP_Fragmentation,DDoS-ICMP_Fragmentation
DDoS-ICMP_Fragmentation,DDoS-ICMP_Fragmentation
DDoS-ICMP_Fragmentation,DDoS-ICMP_Fragmentation
DDoS-ICMP_Fragmentation,DDoS-ICMP_Fragmentation
DDoS-ICMP_Fragmentation,DDoS-ICMP_Fragmentation
DDoS-ICMP_Fragmentation,DDoS-ICMP_Fragmentation
DDoS-ICMP_Fragmentation,DDoS-ICMP_Fragmentation
DDoS-ICMP_Fragmentation,DDoS-ICMP_Fragmentation
DDoS-ICMP_Fragmentation,DDoS-UDP_Fragmentation
DDoS-ICMP_Fragmentation,DDoS-ICMP_Fragmentation
DDoS-ICMP_Fragmentation,DDoS-ICMP_Fragmentation
DDoS-ICMP_Fragmentation,DDoS-ICMP_Fragmentation
DDoS-ICMP_Fragmentation,DDoS-ICMP_Fragmentation
DDoS-ICMP_Fragmentation,DDoS-ICMP_Fragmentation
DDoS-ICMP_Fragmentation,DDoS-ICMP_Fragmentation
DDoS-ICMP_Fragmentation,DDoS-ICMP_Fragmentation
DDoS-ICMP_Fragmentation,DDoS-ICMP_Fragmentation
DDoS-ICMP_Fragmentation,DDoS-ICMP_Fragmentation
DDoS-ICMP_Fragmentation,DDoS-ICMP_Fragmentation
DDoS-ICMP_Fragmentation,DDoS-UDP_Fragmentation
DDoS-ICMP_Fragmentation,DDoS-ICMP_Fragmentation
DDoS-ICMP_Fragmentation,DDoS-ICMP_Fragmentation
DDoS-ICMP_Fragmentation,DDoS-ICMP_Fragmentation
DDoS-ICMP_Fragmentation,DDoS-ICMP_Fragmentation
DDoS-ICMP_Fragmentation,DDoS-ICMP_Fragmentation
DDoS-ICMP_Fragmentation,DDoS-ICMP_Fragmentation
DDoS-ICMP_Fragmentation,DDoS-ICMP_Fragmentation
DDoS-ICMP_Fragmentation,DDoS-ICMP_Fragmentation
DDoS-ICMP_Fragmentation,DDoS-ICMP_Fragmentation
DDoS-ICMP_Fragmentation,DDoS-ICMP_Fragmentation
DDoS-ICMP_Fragmentation,DDoS-ICMP_Fragmentation
DDoS-ICMP_Fragmentation,DDoS-ICMP_Fragmentation
DDoS-ICMP_Fragmentation,DDoS-ICMP_Fragmentation
DDoS-ICMP_Fragmentation,DDoS-ICMP_Fragmentation
DDoS-ICMP_Fragmentation,DDoS-ICMP_Fragmentation
DDoS-ICMP_Fragmentation,DDoS-ICMP_Fragmentation
DDoS-ICMP_Fragmentation,DDoS-ICMP_Fragmentation
DDoS-ICMP_Fragmentation,DDoS-ICMP_Fragmentation
DDoS-ICMP_Fragmentation,DDoS-ICMP_Fragmentation
DDoS-ICMP_Fragmentation,DDoS-ICMP_Fragmentation
DDoS-ICMP_Fragmentation,DDoS-ICMP_Fragmentation
DDoS-ICMP_Fragmentation,DDoS-ICMP_Fragmentation
DDoS-ICMP_Fragmentation,DDoS-ICMP_Fragmentation
DDoS-ICMP_Fragmentation,DDoS-ICMP_Fragmentation
DDoS-ICMP_Fragmentation,DDoS-ICMP_Fragmentation
DDoS-ICMP_Fragmentation,MITM-ArpSpoofing
DDoS-ICMP_Fragmentation,DDoS-ICMP_Fragmentation
DDoS-ICMP_Fragmentation,DDoS-ICMP_Fragmentation
DDoS-ICMP_Fragmentation,DDoS-UDP_Fragmentation
DDoS-ICMP_Fragmentation,DDoS-ICMP_Fragmentation
DDoS-ICMP_Fragmentation,DDoS-ICMP_Fragmentation
DDoS-ICMP_Fragmentation,DDoS-ICMP_Fragmentation
DDoS-ICMP_Fragmentation,DDoS-ICMP_Fragmentation
DDoS-ICMP_Fragmentation,DDoS-ICMP_Fragmentation
DDoS-ICMP_Fragmentation,DDoS-ICMP_Fragmentation
DDoS-ICMP_Fragmentation,DDoS-ICMP_Fragmentation
DDoS-ICMP_Fragmentation,DDoS-ICMP_Fragmentation
DDoS-ICMP_Fragmentation,DDoS-ICMP_Fragmentation
DDoS-ICMP_Fragmentation,DDoS-ICMP_Fragmentation
DDoS-ICMP_Fragmentation,DDoS-ICMP_Fragmentation
DDoS-ICMP_Fragmentation,DDoS-ICMP_Fragmentation
DDoS-ICMP_Fragmentation,Mirai-greeth_flood
DDoS-ICMP_Fragmentation,DDoS-ICMP_Fragmentation
DDoS-ICMP_Fragmentation,DDoS-ICMP_Fragmentation
DDoS-ICMP_Fragmentation,DDoS-ICMP_Fragmentation
DDoS-ICMP_Fragmentation,DDoS-ICMP_Fragmentation
DDoS-ICMP_Fragmentation,DDoS-ICMP_Fragmentation
DDoS-ICMP_Fragmentation,DDoS-ICMP_Fragmentation
DDoS-ICMP_Fragmentation,DDoS-ICMP_Fragmentation
DDoS-ICMP_Fragmentation,DDoS-UDP_Fragmentation
DDoS-ICMP_Fragmentation,DDoS-ICMP_Fragmentation
DDoS-ICMP_Fragmentation,DDoS-ICMP_Fragmentation
DDoS-ICMP_Fragmentation,DDoS-ICMP_Fragmentation
DDoS-ICMP_Fragmentation,DDoS-ICMP_Fragmentation
DDoS-ICMP_Fragmentation,DDoS-ICMP_Fragmentation
DDoS-ICMP_Fragmentation,DDoS-ICMP_Fragmentation
DDoS-ICMP_Fragmentation,DDoS-ICMP_Fragmentation
DDoS-ICMP_Fragmentation,DDoS-ICMP_Fragmentation
DDoS-ICMP_Fragmentation,DDoS-ICMP_Fragmentation
DDoS-ICMP_Fragmentation,DDoS-UDP_Fragmentation
DDoS-ICMP_Fragmentation,DDoS-ICMP_Fragmentation
DDoS-ICMP_Fragmentation,DDoS-ICMP_Fragmentation
DDoS-ICMP_Fragmentation,DDoS-ICMP_Fragmentation
DDoS-ICMP_Fragmentation,DDoS-ICMP_Fragmentation
DDoS-ICMP_Fragmentation,DDoS-ICMP_Fragmentation
DDoS-ICMP_Fragmentation,DDoS-ICMP_Fragmentation
DDoS-ICMP_Fragmentation,DDoS-ICMP_Fragmentation
DDoS-ICMP_Fragmentation,DDoS-ICMP_Fragmentation
DDoS-ICMP_Fragmentation,DDoS-ICMP_Fragmentation
DDoS-ICMP_Fragmentation,DDoS-ICMP_Fragmentation
DDoS-ICMP_Fragmentation,DDoS-ICMP_Fragmentation
DDoS-ICMP_Fragmentation,DDoS-ICMP_Fragmentation
DDoS-ICMP_Fragmentation,DDoS-ICMP_Fragmentation
DDoS-ICMP_Fragmentation,DDoS-ICMP_Fragmentation
DDoS-ICMP_Fragmentation,DDoS-ICMP_Fragmentation
DDoS-ICMP_Fragmentation,DDoS-ICMP_Fragmentation
DDoS-ICMP_Fragmentation,DDoS-ICMP_Fragmentation
DDoS-ICMP_Fragmentation,DDoS-ICMP_Fragmentation
DDoS-ICMP_Fragmentation,DDoS-ICMP_Fragmentation
DDoS-ICMP_Fragmentation,DDoS-ICMP_Fragmentation
DDoS-ICMP_Fragmentation,DDoS-ICMP_Fragmentation
DDoS-ICMP_Fragmentation,DDoS-ICMP_Fragmentation
DDoS-ICMP_Fragmentation,DDoS-ICMP_Fragmentation
DDoS-ICMP_Fragmentation,DDoS-ICMP_Fragmentation
DDoS-ICMP_Fragmentation,DDoS-ICMP_Fragmentation
DDoS-ICMP_Fragmentation,DDoS-ICMP_Fragmentation
DDoS-ICMP_Fragmentation,DDoS-ICMP_Fragmentation
DDoS-ICMP_Fragmentation,DDoS-ICMP_Fragmentation
DDoS-ICMP_Fragmentation,DDoS-ICMP_Fragmentation
DDoS-ICMP_Fragmentation,DDoS-ICMP_Fragmentation
DDoS-ICMP_Fragmentation,DDoS-ICMP_Fragmentation
DDoS-ICMP_Fragmentation,DDoS-ICMP_Fragmentation
DDoS-ICMP_Fragmentation,DDoS-ICMP_Fragmentation
DDoS-ICMP_Fragmentation,DDoS-ICMP_Fragmentation
DDoS-ICMP_Fragmentation,DDoS-ICMP_Fragmentation
DDoS-ICMP_Fragmentation,DDoS-ICMP_Fragmentation
DDoS-ICMP_Fragmentation,DDoS-ICMP_Fragmentation
DDoS-ICMP_Fragmentation,DDoS-ICMP_Fragmentation
DDoS-ICMP_Fragmentation,DDoS-ICMP_Fragmentation
DDoS-ICMP_Fragmentation,DDoS-ICMP_Fragmentation
DDoS-ICMP_Fragmentation,DDoS-ICMP_Fragmentation
DDoS-ICMP_Fragmentation,DDoS-ICMP_Fragmentation
DDoS-ICMP_Fragmentation,DDoS-ICMP_Fragmentation
DDoS-ICMP_Fragmentation,DDoS-ICMP_Fragmentation
DDoS-ICMP_Fragmentation,DDoS-ICMP_Fragmentation
DDoS-ICMP_Fragmentation,DDoS-SlowLoris
DDoS-ICMP_Fragmentation,DDoS-ICMP_Fragmentation
DDoS-ICMP_Fragmentation,DDoS-ICMP_Fragmentation
DDoS-ICMP_Fragmentation,DDoS-ICMP_Fragmentation
DDoS-ICMP_Fragmentation,DDoS-ICMP_Fragmentation
DDoS-ICMP_Fragmentation,DDoS-ICMP_Fragmentation
DDoS-ICMP_Fragmentation,DDoS-ICMP_Fragmentation
DDoS-ICMP_Fragmentation,DDoS-ICMP_Fragmentation
DDoS-ICMP_Fragmentation,DDoS-ICMP_Fragmentation
DDoS-ICMP_Fragmentation,DDoS-ICMP_Fragmentation
DDoS-ICMP_Fragmentation,DDoS-ICMP_Fragmentation
DDoS-ICMP_Fragmentation,DDoS-ICMP_Fragmentation
DDoS-ICMP_Fragmentation,DDoS-ICMP_Fragmentation
DDoS-ICMP_Fragmentation,DDoS-ICMP_Fragmentation
DDoS-ICMP_Fragmentation,DDoS-ICMP_Fragmentation
DDoS-ICMP_Fragmentation,DDoS-ICMP_Fragmentation
DDoS-ICMP_Fragmentation,DDoS-ICMP_Fragmentation
DDoS-ICMP_Fragmentation,DDoS-ICMP_Fragmentation
DDoS-ICMP_Fragmentation,DDoS-ICMP_Fragmentation
DDoS-ICMP_Fragmentation,DDoS-ICMP_Fragmentation
DDoS-ICMP_Fragmentation,DDoS-ICMP_Fragmentation
DDoS-ICMP_Fragmentation,DDoS-ICMP_Fragmentation
DDoS-ICMP_Fragmentation,DDoS-ICMP_Fragmentation
DDoS-ICMP_Fragmentation,DDoS-ICMP_Fragmentation
DDoS-ICMP_Fragmentation,DDoS-ICMP_Fragmentation
DDoS-ICMP_Fragmentation,DDoS-ICMP_Fragmentation
DDoS-ICMP_Fragmentation,DDoS-ICMP_Fragmentation
DDoS-ICMP_Fragmentation,DDoS-ICMP_Fragmentation
DDoS-ICMP_Fragmentation,DDoS-ICMP_Fragmentation
DDoS-ICMP_Fragmentation,DDoS-ICMP_Fragmentation
DDoS-ICMP_Fragmentation,DDoS-ICMP_Fragmentation
DDoS-ICMP_Fragmentation,DDoS-ICMP_Fragmentation
DDoS-ICMP_Fragmentation,DDoS-ICMP_Fragmentation
DDoS-ICMP_Fragmentation,DDoS-ICMP_Fragmentation
DDoS-ICMP_Fragmentation,DDoS-ICMP_Fragmentation
DDoS-ICMP_Fragmentation,DDoS-ICMP_Fragmentation
DDoS-ICMP_Fragmentation,DDoS-ICMP_Fragmentation
DDoS-ICMP_Fragmentation,DDoS-ICMP_Fragmentation
DDoS-ICMP_Fragmentation,DDoS-ICMP_Fragmentation
DDoS-ICMP_Fragmentation,DDoS-ICMP_Fragmentation
DDoS-ICMP_Fragmentation,DDoS-ICMP_Fragmentation
DDoS-ICMP_Fragmentation,DDoS-ICMP_Fragmentation
DDoS-ICMP_Fragmentation,DDoS-ICMP_Fragmentation
DDoS-ICMP_Fragmentation,DDoS-ICMP_Fragmentation
DDoS-ICMP_Fragmentation,DDoS-ICMP_Fragmentation
DDoS-ICMP_Fragmentation,DDoS-ICMP_Fragmentation
DDoS-ICMP_Fragmentation,DDoS-ICMP_Fragmentation
DDoS-ICMP_Fragmentation,DDoS-ICMP_Fragmentation
DDoS-ICMP_Fragmentation,DDoS-ICMP_Fragmentation
DDoS-ICMP_Fragmentation,DDoS-ICMP_Fragmentation
DDoS-ICMP_Fragmentation,DDoS-ICMP_Fragmentation
DDoS-ICMP_Fragmentation,DDoS-ICMP_Fragmentation
DDoS-ICMP_Fragmentation,DDoS-UDP_Fragmentation
DDoS-ICMP_Fragmentation,DDoS-ICMP_Fragmentation
DDoS-ICMP_Fragmentation,DDoS-ICMP_Fragmentation
DDoS-ICMP_Fragmentation,DDoS-ICMP_Fragmentation
DDoS-ICMP_Fragmentation,DDoS-ICMP_Fragmentation
DDoS-ICMP_Fragmentation,DDoS-ICMP_Fragmentation
DDoS-ICMP_Fragmentation,DDoS-ICMP_Fragmentation
DDoS-ICMP_Fragmentation,DDoS-ICMP_Fragmentation
DDoS-ICMP_Fragmentation,DDoS-ICMP_Fragmentation
DDoS-ICMP_Fragmentation,DDoS-ICMP_Fragmentation
DDoS-ICMP_Fragmentation,DDoS-ICMP_Fragmentation
DDoS-ICMP_Fragmentation,DDoS-ICMP_Fragmentation
DDoS-ICMP_Fragmentation,DDoS-ICMP_Fragmentation
DDoS-ICMP_Fragmentation,DDoS-ICMP_Fragmentation
DDoS-ICMP_Fragmentation,DDoS-ICMP_Fragmentation
DDoS-ICMP_Fragmentation,DDoS-ICMP_Fragmentation
DDoS-ICMP_Fragmentation,DDoS-ICMP_Fragmentation
DDoS-ICMP_Fragmentation,DDoS-ICMP_Fragmentation
DDoS-ICMP_Fragmentation,DDoS-ICMP_Fragmentation
DDoS-ICMP_Fragmentation,DDoS-ICMP_Fragmentation
DDoS-ICMP_Fragmentation,DDoS-ICMP_Fragmentation
DDoS-ICMP_Fragmentation,DDoS-ICMP_Fragmentation
DDoS-ICMP_Fragmentation,DDoS-ICMP_Fragmentation
DDoS-ICMP_Fragmentation,DDoS-ICMP_Fragmentation
DDoS-ICMP_Fragmentation,DDoS-ICMP_Fragmentation
DDoS-ICMP_Fragmentation,DDoS-ICMP_Fragmentation
DDoS-ICMP_Fragmentation,DDoS-ICMP_Fragmentation
DDoS-ICMP_Fragmentation,DDoS-ICMP_Fragmentation
DDoS-ICMP_Fragmentation,DDoS-ICMP_Fragmentation
DDoS-ICMP_Fragmentation,DDoS-ICMP_Fragmentation
DDoS-ICMP_Fragmentation,DDoS-ICMP_Fragmentation
DDoS-ICMP_Fragmentation,DDoS-ICMP_Fragmentation
DDoS-ICMP_Fragmentation,DDoS-ICMP_Fragmentation
DDoS-ICMP_Fragmentation,DDoS-ICMP_Fragmentation
DDoS-ICMP_Fragmentation,DDoS-ACK_Fragmentation
DDoS-ICMP_Fragmentation,DDoS-ICMP_Fragmentation
DDoS-ICMP_Fragmentation,DDoS-ICMP_Fragmentation
DDoS-ICMP_Fragmentation,DDoS-ICMP_Fragmentation
DDoS-ICMP_Fragmentation,DDoS-ICMP_Fragmentation
DDoS-ICMP_Fragmentation,DDoS-ICMP_Fragmentation
DDoS-ICMP_Fragmentation,DDoS-ICMP_Fragmentation
DDoS-ICMP_Fragmentation,DDoS-ICMP_Fragmentation
DDoS-ICMP_Fragmentation,DDoS-ICMP_Fragmentation
DDoS-ICMP_Fragmentation,DDoS-ICMP_Fragmentation
DDoS-ICMP_Fragmentation,DDoS-ICMP_Fragmentation
DDoS-ICMP_Fragmentation,DDoS-ICMP_Fragmentation
DDoS-ICMP_Fragmentation,DDoS-ICMP_Fragmentation
DDoS-ICMP_Fragmentation,DDoS-ICMP_Fragmentation
DDoS-ICMP_Fragmentation,DDoS-ICMP_Fragmentation
DDoS-ICMP_Fragmentation,DDoS-ICMP_Fragmentation
DDoS-ICMP_Fragmentation,DDoS-ICMP_Fragmentation
DDoS-ICMP_Fragmentation,DDoS-ICMP_Fragmentation
DDoS-ICMP_Fragmentation,DDoS-ICMP_Fragmentation
DDoS-ICMP_Fragmentation,DDoS-ICMP_Fragmentation
DDoS-ICMP_Fragmentation,DDoS-ICMP_Fragmentation
DDoS-ICMP_Fragmentation,DDoS-ICMP_Fragmentation
DDoS-ICMP_Fragmentation,DDoS-ICMP_Fragmentation
DDoS-ICMP_Fragmentation,DDoS-ICMP_Fragmentation
DDoS-ICMP_Fragmentation,DDoS-ICMP_Fragmentation
DDoS-ICMP_Fragmentation,DDoS-ICMP_Fragmentation
DDoS-ICMP_Fragmentation,DDoS-ICMP_Fragmentation
DDoS-ICMP_Fragmentation,DDoS-ICMP_Fragmentation
DDoS-ICMP_Fragmentation,DDoS-ICMP_Fragmentation
DDoS-ICMP_Fragmentation,DDoS-ICMP_Fragmentation
DDoS-ICMP_Fragmentation,DDoS-ICMP_Fragmentation
DDoS-ICMP_Fragmentation,DDoS-SlowLoris
DDoS-ICMP_Fragmentation,DDoS-ICMP_Fragmentation
DDoS-ICMP_Fragmentation,DDoS-ICMP_Fragmentation
DDoS-ICMP_Fragmentation,DDoS-ICMP_Fragmentation
DDoS-ICMP_Fragmentation,DDoS-ICMP_Fragmentation
DDoS-ICMP_Fragmentation,DDoS-ICMP_Fragmentation
DDoS-ICMP_Fragmentation,DDoS-ICMP_Fragmentation
DDoS-ICMP_Fragmentation,DDoS-ICMP_Fragmentation
DDoS-ICMP_Fragmentation,DDoS-ICMP_Fragmentation
DDoS-ICMP_Fragmentation,DDoS-ICMP_Fragmentation
DDoS-ICMP_Fragmentation,DDoS-ICMP_Fragmentation
DDoS-ICMP_Fragmentation,DDoS-ICMP_Fragmentation
DDoS-ICMP_Fragmentation,DDoS-ICMP_Fragmentation
DDoS-ICMP_Fragmentation,DDoS-ICMP_Fragmentation
DDoS-ICMP_Fragmentation,DDoS-ICMP_Fragmentation
DDoS-ICMP_Fragmentation,DDoS-ICMP_Fragmentation
DDoS-ICMP_Fragmentation,DDoS-ICMP_Fragmentation
DDoS-ICMP_Fragmentation,DDoS-ICMP_Fragmentation
DDoS-ICMP_Fragmentation,DDoS-ICMP_Fragmentation
DDoS-ICMP_Fragmentation,DDoS-ICMP_Fragmentation
DDoS-ICMP_Fragmentation,DDoS-ICMP_Fragmentation
DDoS-ICMP_Fragmentation,DDoS-ICMP_Fragmentation
DDoS-ICMP_Fragmentation,DDoS-ICMP_Fragmentation
DDoS-ICMP_Fragmentation,DDoS-ICMP_Fragmentation
DDoS-ICMP_Fragmentation,DDoS-ICMP_Fragmentation
DDoS-ICMP_Fragmentation,DDoS-ICMP_Fragmentation
DDoS-ICMP_Fragmentation,DDoS-ICMP_Fragmentation
DDoS-ICMP_Fragmentation,DDoS-ICMP_Fragmentation
DDoS-ICMP_Fragmentation,DDoS-ICMP_Fragmentation
DDoS-ICMP_Fragmentation,DDoS-ICMP_Fragmentation
DDoS-ICMP_Fragmentation,DDoS-ICMP_Fragmentation
DDoS-ICMP_Fragmentation,DDoS-ICMP_Fragmentation
DDoS-ICMP_Fragmentation,DDoS-ICMP_Fragmentation
DDoS-ICMP_Fragmentation,DDoS-ICMP_Fragmentation
DDoS-ICMP_Fragmentation,DDoS-ICMP_Fragmentation
DDoS-ICMP_Fragmentation,DDoS-ICMP_Fragmentation
DDoS-ICMP_Fragmentation,DDoS-ICMP_Fragmentation
DDoS-ICMP_Fragmentation,DDoS-ICMP_Fragmentation
DDoS-ICMP_Fragmentation,DDoS-ICMP_Fragmentation
DDoS-ICMP_Fragmentation,DDoS-ICMP_Fragmentation
DDoS-ICMP_Fragmentation,DDoS-ICMP_Fragmentation
DDoS-ICMP_Fragmentation,DDoS-ICMP_Fragmentation
DDoS-ICMP_Fragmentation,DDoS-ICMP_Fragmentation
DDoS-ICMP_Fragmentation,DDoS-ICMP_Fragmentation
DDoS-ICMP_Fragmentation,DDoS-ICMP_Fragmentation
DDoS-ICMP_Fragmentation,DDoS-ICMP_Fragmentation
DDoS-ICMP_Fragmentation,DDoS-ICMP_Fragmentation
DDoS-ICMP_Fragmentation,DDoS-ICMP_Fragmentation
DDoS-ICMP_Fragmentation,DDoS-ICMP_Fragmentation
DDoS-ICMP_Fragmentation,DDoS-ICMP_Fragmentation
DDoS-ICMP_Fragmentation,DDoS-ICMP_Fragmentation
DDoS-ICMP_Fragmentation,DDoS-ICMP_Fragmentation
DDoS-ICMP_Fragmentation,DDoS-ICMP_Fragmentation
DDoS-ICMP_Fragmentation,DDoS-ICMP_Fragmentation
DDoS-ICMP_Fragmentation,DDoS-ICMP_Fragmentation
DDoS-ICMP_Fragmentation,DDoS-ICMP_Fragmentation
DDoS-ICMP_Fragmentation,DDoS-ICMP_Fragmentation
DDoS-ICMP_Fragmentation,DDoS-ICMP_Fragmentation
DDoS-ICMP_Fragmentation,DDoS-ICMP_Fragmentation
DDoS-ICMP_Fragmentation,DDoS-ICMP_Fragmentation
DDoS-ICMP_Fragmentation,DDoS-ICMP_Fragmentation
DDoS-ICMP_Fragmentation,DDoS-ICMP_Fragmentation
DDoS-ICMP_Fragmentation,DDoS-ICMP_Fragmentation
DDoS-ICMP_Fragmentation,DDoS-ICMP_Fragmentation
DDoS-ICMP_Fragmentation,DDoS-ICMP_Fragmentation
DDoS-ICMP_Fragmentation,DDoS-ICMP_Fragmentation
DDoS-ICMP_Fragmentation,DDoS-ICMP_Fragmentation
DDoS-ICMP_Fragmentation,DDoS-UDP_Fragmentation
DDoS-ICMP_Fragmentation,DDoS-ICMP_Fragmentation
DDoS-ICMP_Fragmentation,DDoS-ICMP_Fragmentation
DDoS-ICMP_Fragmentation,DDoS-ICMP_Fragmentation
DDoS-ICMP_Fragmentation,DDoS-ICMP_Fragmentation
DDoS-ICMP_Fragmentation,DDoS-ICMP_Fragmentation
DDoS-ICMP_Fragmentation,DDoS-ICMP_Fragmentation
DDoS-ICMP_Fragmentation,DDoS-ICMP_Fragmentation
DDoS-ICMP_Fragmentation,DDoS-ICMP_Fragmentation
DDoS-ICMP_Fragmentation,DDoS-ICMP_Fragmentation
DDoS-ICMP_Fragmentation,DDoS-ICMP_Fragmentation
DDoS-ICMP_Fragmentation,DDoS-ICMP_Fragmentation
DDoS-ICMP_Fragmentation,DDoS-ICMP_Fragmentation
DDoS-ICMP_Fragmentation,DDoS-ICMP_Fragmentation
DDoS-ICMP_Fragmentation,DDoS-ICMP_Fragmentation
DDoS-ICMP_Fragmentation,DDoS-ICMP_Fragmentation
DDoS-ICMP_Fragmentation,DDoS-ICMP_Fragmentation
DDoS-ICMP_Fragmentation,DDoS-ICMP_Fragmentation
DDoS-ICMP_Fragmentation,DDoS-ICMP_Fragmentation
DDoS-ICMP_Fragmentation,DDoS-ICMP_Fragmentation
DDoS-ICMP_Fragmentation,DDoS-ICMP_Fragmentation
DDoS-ICMP_Fragmentation,DDoS-ICMP_Fragmentation
DDoS-ICMP_Fragmentation,Mirai-greeth_flood
DDoS-ICMP_Fragmentation,DDoS-ICMP_Fragmentation
DDoS-ICMP_Fragmentation,DDoS-ICMP_Fragmentation
DDoS-ICMP_Fragmentation,DDoS-ICMP_Fragmentation
DDoS-ICMP_Fragmentation,DDoS-ICMP_Fragmentation
DDoS-ICMP_Fragmentation,DDoS-ICMP_Fragmentation
DDoS-ICMP_Fragmentation,DDoS-ICMP_Fragmentation
DDoS-ICMP_Fragmentation,DDoS-ICMP_Fragmentation
DDoS-ICMP_Fragmentation,DDoS-ICMP_Fragmentation
DDoS-ICMP_Fragmentation,DDoS-ICMP_Fragmentation
DDoS-ICMP_Fragmentation,DDoS-ICMP_Fragmentation
DDoS-ICMP_Fragmentation,DDoS-ICMP_Fragmentation
DDoS-ICMP_Fragmentation,DDoS-ICMP_Fragmentation
DDoS-ICMP_Fragmentation,DDoS-ICMP_Fragmentation
DDoS-ICMP_Fragmentation,DDoS-ICMP_Fragmentation
DDoS-ICMP_Fragmentation,DDoS-ICMP_Fragmentation
DDoS-ICMP_Fragmentation,DDoS-ICMP_Fragmentation
DDoS-ICMP_Fragmentation,DDoS-ICMP_Fragmentation
DDoS-ICMP_Fragmentation,DDoS-ICMP_Fragmentation
DDoS-ICMP_Fragmentation,DDoS-ICMP_Fragmentation
DDoS-ICMP_Fragmentation,DDoS-ICMP_Fragmentation
DDoS-ICMP_Fragmentation,DDoS-ICMP_Fragmentation
DDoS-ICMP_Fragmentation,DDoS-ICMP_Fragmentation
DDoS-ICMP_Fragmentation,DDoS-ICMP_Fragmentation
DDoS-ICMP_Fragmentation,DDoS-ICMP_Fragmentation
DDoS-ICMP_Fragmentation,DDoS-ICMP_Fragmentation
DDoS-ICMP_Fragmentation,DDoS-ICMP_Fragmentation
DDoS-ICMP_Fragmentation,DDoS-ICMP_Fragmentation
DDoS-ICMP_Fragmentation,DDoS-ICMP_Fragmentation
DDoS-ICMP_Fragmentation,DDoS-ICMP_Fragmentation
DDoS-ICMP_Fragmentation,DDoS-ICMP_Fragmentation
DDoS-ICMP_Fragmentation,DDoS-ICMP_Fragmentation
DDoS-ICMP_Fragmentation,DDoS-ICMP_Fragmentation
DDoS-ICMP_Fragmentation,DDoS-UDP_Fragmentation
DDoS-ICMP_Fragmentation,DDoS-ICMP_Fragmentation
DDoS-ICMP_Fragmentation,DDoS-ICMP_Fragmentation
DDoS-ICMP_Fragmentation,DDoS-ICMP_Fragmentation
DDoS-ICMP_Fragmentation,DDoS-ICMP_Fragmentation
DDoS-ICMP_Fragmentation,DDoS-ICMP_Fragmentation
DDoS-ICMP_Fragmentation,DDoS-ICMP_Fragmentation
DDoS-ICMP_Fragmentation,DDoS-ICMP_Fragmentation
DDoS-ICMP_Fragmentation,DDoS-ICMP_Fragmentation
DDoS-ICMP_Fragmentation,DDoS-ICMP_Fragmentation
DDoS-ICMP_Fragmentation,DDoS-ICMP_Fragmentation
DDoS-ICMP_Fragmentation,DDoS-ICMP_Fragmentation
DDoS-ICMP_Fragmentation,DDoS-ICMP_Fragmentation
DDoS-ICMP_Fragmentation,DDoS-ICMP_Fragmentation
DDoS-ICMP_Fragmentation,DDoS-ICMP_Fragmentation
